passenger_sk,passenger_id,passenger_name,email,phone,city,registration_date,loyalty_tier,effective_start_date,effective_end_date,is_current
1,P00001,Galuh Mardhiyah,prasetyonabila@example.net,0869879730,Singkawang,2024-08-03,Basic,2024-08-03,,True
2,P00002,Balapati Suwarno,hartatiajimin@example.net,(0536) 455-6815,Bekasi,2024-08-19,Gold,2024-08-19,,True
3,P00003,Dr. Erik Suwarno,pmegantara@example.net,+62 (0055) 761-6987,Binjai,2023-09-29,Gold,2023-09-29,,True
4,P00004,Ophelia Rahimah,hwidodo@example.com,(097) 880-9320,Tarakan,2023-07-19,Gold,2023-07-19,,True
5,P00005,Ir. Baktiono Oktaviani,jhalimah@example.com,+62-0177-848-6488,Tanjungpinang,2023-03-15,Basic,2023-03-15,,True
6,P00006,Yani Wacana,spangestu@example.com,+62-02-978-7534,Tanjungbalai,2024-11-21,Gold,2024-11-21,,True
7,P00007,Nadia Melani,jfujiati@example.net,+62-045-717-8472,Pagaralam,2024-05-01,Basic,2024-05-01,,True
8,P00008,"Dr. Bella Yulianti, S.T.",guwais@example.org,(027) 010-7981,Singkawang,2023-12-03,Gold,2023-12-03,,True
9,P00009,"Sutan Dirja Lazuardi, M.Ak",palastrikawaca@example.net,+62 (205) 997-2837,Semarang,2024-09-15,Basic,2024-09-15,2025-07-17,False
10,P00009,"Sutan Dirja Lazuardi, M.Ak",palastrikawaca@example.net,+62 (205) 997-2837,Semarang,2024-09-15,Gold,2025-07-17,,True
11,P00010,Yusuf Rahimah,cawisadi62@example.org,+62 (0866) 283-6016,Batu,2023-08-22,Basic,2023-08-22,,True
12,P00011,Rafi Situmorang,aslijan08@example.com,+62 (475) 177 9922,Semarang,2024-01-21,Basic,2024-01-21,,True
13,P00012,Sutan Ibrahim Oktaviani,vero93@example.net,+62 (086) 032 0807,Tomohon,2023-09-27,Basic,2023-09-27,,True
14,P00013,"Dacin Laksmiwati, S.Ked",safinanuraini@example.org,082 226 4686,Bau-Bau,2024-08-05,Basic,2024-08-05,,True
15,P00014,Ina Nashiruddin,gantar47@example.com,(047) 258-7718,Pontianak,2023-07-19,Basic,2023-07-19,,True
16,P00015,"T. Rahman Kuswoyo, S.Kom",adikaraiswahyudi@example.com,+62 (682) 052 5898,Jambi,2023-05-05,Gold,2023-05-05,,True
17,P00016,Lukman Setiawan,kamariasihombing@example.net,+62 (0821) 416 2105,Tebingtinggi,2024-11-07,Basic,2024-11-07,,True
18,P00017,"R.M. Mariadi Usamah, S.IP",kadir91@example.com,+62 (244) 106 4600,Bengkulu,2023-06-16,Gold,2023-06-16,2025-08-08,False
19,P00017,"R.M. Mariadi Usamah, S.IP",kadir91@example.com,+62 (244) 106 4600,Bengkulu,2023-06-16,Platinum,2025-08-08,,True
20,P00018,Ajimin Saragih,kuswoyoyulia@example.net,+62 (579) 906-5939,Pangkalpinang,2024-07-10,Basic,2024-07-10,2025-10-14,False
21,P00018,Ajimin Saragih,kuswoyoyulia@example.net,+62 (579) 906-5939,Pangkalpinang,2024-07-10,Gold,2025-10-14,,True
22,P00019,Shania Lazuardi,citra46@example.com,+62 (060) 454-1465,Sawahlunto,2023-08-23,Basic,2023-08-23,,True
23,P00020,Kemba Siregar,irianahakim@example.net,+62 (029) 110-2859,Sukabumi,2023-05-24,Basic,2023-05-24,,True
24,P00021,"Gada Dabukke, S.Farm",narjiagustina@example.com,(036) 322 8088,Mojokerto,2023-05-21,Gold,2023-05-21,,True
25,P00022,Winda Maulana,arsipatrabudiyanto@example.com,0876452912,Purwokerto,2023-10-18,Basic,2023-10-18,,True
26,P00023,Martaka Mulyani,maman85@example.org,+62-37-038-2653,Sabang,2024-10-30,Basic,2024-10-30,,True
27,P00024,"Tgk. Jasmin Pangestu, S.I.Kom",vega78@example.com,+62 (0326) 270-5860,Subulussalam,2023-06-16,Gold,2023-06-16,,True
28,P00025,Bakiadi Salahudin,hamima42@example.net,+62 (008) 394-9066,Prabumulih,2023-07-24,Basic,2023-07-24,,True
29,P00026,KH. Margana Wijayanti,ciaobellajailani@example.org,+62 (65) 844 0932,Kupang,2023-09-15,Basic,2023-09-15,,True
30,P00027,Puput Suwarno,embuh63@example.net,+62-97-658-2802,Lubuklinggau,2024-01-13,Basic,2024-01-13,,True
31,P00028,R.M. Carub Dabukke,mulyaniulya@example.net,+62-51-543-8299,Kota Administrasi Jakarta Barat,2023-06-24,Basic,2023-06-24,,True
32,P00029,Balamantri Simbolon,ukurniawan@example.org,(049) 415 7718,Pematangsiantar,2023-09-24,Gold,2023-09-24,,True
33,P00030,Radit Tamba,wpadmasari@example.org,+62 (017) 443 2568,Sabang,2024-03-05,Gold,2024-03-05,,True
34,P00031,Janet Wahyuni,uwaskita@example.org,+62-735-569-6327,Tidore Kepulauan,2023-10-08,Basic,2023-10-08,,True
35,P00032,Hj. Unjani Mahendra,vsantoso@example.org,+62 (474) 284 3528,Yogyakarta,2023-08-28,Basic,2023-08-28,,True
36,P00033,Embuh Sihombing,zusada@example.com,+62-85-651-7883,Pagaralam,2024-05-13,Basic,2024-05-13,,True
37,P00034,Septi Sitompul,wacanaganjaran@example.org,+62 (0842) 599 6775,Balikpapan,2024-03-03,Basic,2024-03-03,,True
38,P00035,Praba Prasetya,wijayantikawaya@example.com,+62-37-849-5183,Prabumulih,2024-01-17,Basic,2024-01-17,,True
39,P00036,"Dt. Bakiono Mangunsong, S.Psi",wiraputra@example.net,+62 (41) 968-9821,Bandar Lampung,2023-07-18,Basic,2023-07-18,,True
40,P00037,Lili Gunawan,humairamulyani@example.org,(0555) 597-4754,Bandung,2023-08-06,Basic,2023-08-06,,True
41,P00038,"Jindra Mansur, S.Ked",qutama@example.com,+62-548-643-9061,Tebingtinggi,2023-07-05,Basic,2023-07-05,,True
42,P00039,"Septi Wijayanti, M.TI.",ade91@example.net,089 575 5521,Sabang,2024-07-17,Gold,2024-07-17,,True
43,P00040,"R. Vanya Rajasa, M.TI.",gusamah@example.net,+62-073-368-8283,Kota Administrasi Jakarta Timur,2023-10-08,Basic,2023-10-08,2025-09-24,False
44,P00040,"R. Vanya Rajasa, M.TI.",gusamah@example.net,+62-073-368-8283,Kota Administrasi Jakarta Timur,2023-10-08,Gold,2025-09-24,,True
45,P00041,"H. Jindra Mansur, M.Pd",ozy68@example.net,0832982229,Banjarmasin,2024-11-18,Platinum,2024-11-18,,True
46,P00042,"Ir. Sakti Firmansyah, S.T.",gatot24@example.net,+62 (272) 202-2697,Probolinggo,2023-12-13,Basic,2023-12-13,,True
47,P00043,Eja Prasetya,halima17@example.net,(025) 280-7001,Manado,2024-11-06,Basic,2024-11-06,,True
48,P00044,Tgk. Julia Dabukke,chelseanainggolan@example.org,(063) 233-7352,Prabumulih,2024-01-04,Gold,2024-01-04,,True
49,P00045,"drg. Tantri Anggraini, M.M.",hari47@example.net,(0133) 115-9212,Gorontalo,2023-03-10,Gold,2023-03-10,2025-07-13,False
50,P00045,"drg. Tantri Anggraini, M.M.",hari47@example.net,(0133) 115-9212,Gorontalo,2023-03-10,Platinum,2025-07-13,,True
51,P00046,"Ian Nainggolan, S.Farm",pudjiastutielvin@example.net,+62 (0456) 078 7457,Bogor,2023-03-05,Basic,2023-03-05,,True
52,P00047,Putu Megantara,nasimhasanah@example.com,+62-085-417-7588,Pontianak,2024-09-22,Basic,2024-09-22,2025-08-14,False
53,P00047,Putu Megantara,nasimhasanah@example.com,+62-085-417-7588,Pontianak,2024-09-22,Gold,2025-08-14,,True
54,P00048,Rahmat Saefullah,bahuraksa19@example.org,+62 (087) 916 9797,Probolinggo,2024-10-17,Basic,2024-10-17,,True
55,P00049,Candra Simanjuntak,asmadijailani@example.com,+62 (028) 400 1981,Tegal,2023-02-15,Basic,2023-02-15,,True
56,P00050,"dr. Tina Mangunsong, S.Pd",upermadi@example.net,(0363) 856 0739,Denpasar,2024-07-23,Basic,2024-07-23,2025-10-13,False
57,P00050,"dr. Tina Mangunsong, S.Pd",upermadi@example.net,(0363) 856 0739,Denpasar,2024-07-23,Gold,2025-10-13,,True
58,P00051,Fitriani Latupono,yrahayu@example.com,080 736 0872,Kupang,2024-07-14,Basic,2024-07-14,,True
59,P00052,Satya Nurdiyanti,kasusra69@example.org,+62 (982) 819-5391,Purwokerto,2023-09-24,Basic,2023-09-24,,True
60,P00053,Jagapati Waskita,kurniawanradika@example.com,+62-33-042-8451,Kota Administrasi Jakarta Pusat,2024-05-25,Basic,2024-05-25,,True
61,P00054,Waluyo Firgantoro,rinapurwanti@example.org,(0805) 780 3704,Bekasi,2023-10-04,Basic,2023-10-04,2025-07-12,False
62,P00054,Waluyo Firgantoro,rinapurwanti@example.org,(0805) 780 3704,Bekasi,2023-10-04,Gold,2025-07-12,,True
63,P00055,Martana Haryanto,hasan04@example.net,+62-074-182-8898,Kendari,2024-08-02,Basic,2024-08-02,,True
64,P00056,Yuliana Habibi,jaga86@example.com,+62 (030) 066 8179,Cirebon,2024-08-28,Gold,2024-08-28,2025-03-25,False
65,P00056,Yuliana Habibi,jaga86@example.com,+62 (030) 066 8179,Cirebon,2024-08-28,Platinum,2025-03-25,,True
66,P00057,Dasa Marbun,clarasirait@example.com,+62 (0271) 051 2983,Parepare,2023-02-10,Basic,2023-02-10,,True
67,P00058,"R. Silvia Sinaga, S.E.",hpudjiastuti@example.org,+62-61-769-5851,Tidore Kepulauan,2023-01-16,Basic,2023-01-16,2025-10-04,False
68,P00058,"R. Silvia Sinaga, S.E.",hpudjiastuti@example.org,+62-61-769-5851,Tidore Kepulauan,2023-01-16,Gold,2025-10-04,,True
69,P00059,"Lantar Damanik, S.T.",daruwaluyo@example.org,+62 (0999) 248-0052,Tasikmalaya,2023-05-07,Basic,2023-05-07,,True
70,P00060,Rika Kuswoyo,titihalimah@example.org,087 112 0984,Bontang,2023-03-08,Basic,2023-03-08,,True
71,P00061,Hafshah Damanik,ssudiati@example.org,(007) 911 3571,Meulaboh,2024-04-27,Basic,2024-04-27,,True
72,P00062,Maida Handayani,jais79@example.com,(0452) 198-0334,Tasikmalaya,2024-07-20,Basic,2024-07-20,,True
73,P00063,"dr. Darmanto Widiastuti, S.Psi",damarpradana@example.com,+62 (95) 863 9848,Prabumulih,2024-06-10,Basic,2024-06-10,2025-06-01,False
74,P00063,"dr. Darmanto Widiastuti, S.Psi",damarpradana@example.com,+62 (95) 863 9848,Prabumulih,2024-06-10,Gold,2025-06-01,,True
75,P00064,Talia Saptono,utama32@example.net,+62 (0093) 426-9276,Subulussalam,2024-05-27,Basic,2024-05-27,2025-05-21,False
76,P00064,Talia Saptono,utama32@example.net,+62 (0093) 426-9276,Subulussalam,2024-05-27,Gold,2025-05-21,,True
77,P00065,Sabrina Halim,bagya98@example.com,0846388498,Malang,2024-09-28,Basic,2024-09-28,,True
78,P00066,"dr. Umi Wibisono, M.TI.",akarsanaandriani@example.net,(069) 538-9650,Bima,2024-09-29,Basic,2024-09-29,,True
79,P00067,Darijan Natsir,zsafitri@example.com,+62 (68) 350-8111,Jambi,2024-03-14,Basic,2024-03-14,2025-03-26,False
80,P00067,Darijan Natsir,zsafitri@example.com,+62 (68) 350-8111,Jambi,2024-03-14,Gold,2025-03-26,,True
81,P00068,Dewi Haryanti,raisa81@example.com,+62-0540-115-2761,Sukabumi,2024-01-20,Basic,2024-01-20,,True
82,P00069,Raden Nainggolan,msiregar@example.org,+62 (015) 327-7186,Tomohon,2023-12-10,Basic,2023-12-10,,True
83,P00070,Bakijan Damanik,eanggraini@example.com,(0077) 510-6261,Kota Administrasi Jakarta Pusat,2023-03-14,Basic,2023-03-14,,True
84,P00071,"Puji Novitasari, S.H.",wkurniawan@example.org,+62-29-944-6135,Tomohon,2023-04-04,Basic,2023-04-04,,True
85,P00072,Hendra Usada,permatapuput@example.com,+62 (699) 439 8286,Kota Administrasi Jakarta Pusat,2023-11-15,Gold,2023-11-15,,True
86,P00073,Kala Suryatmi,elma74@example.com,+62 (0397) 258 4441,Sibolga,2023-10-31,Basic,2023-10-31,,True
87,P00074,Abyasa Napitupulu,zamira51@example.net,+62 (669) 796 1567,Sawahlunto,2023-09-12,Gold,2023-09-12,,True
88,P00075,Qori Waluyo,alambana56@example.net,+62 (470) 567-0904,Probolinggo,2024-07-30,Basic,2024-07-30,,True
89,P00076,KH. Asmadi Latupono,saka46@example.com,+62 (0033) 013 2059,Probolinggo,2024-11-12,Basic,2024-11-12,,True
90,P00077,Ciaobella Wastuti,siregardono@example.org,(031) 111-9602,Palembang,2024-08-09,Basic,2024-08-09,2025-03-11,False
91,P00077,Ciaobella Wastuti,siregardono@example.org,(031) 111-9602,Palembang,2024-08-09,Gold,2025-03-11,,True
92,P00078,"Drs. Unjani Dongoran, S.Pd",juwais@example.net,(0306) 424 8296,Tasikmalaya,2023-12-06,Basic,2023-12-06,,True
93,P00079,Bagiya Hasanah,ckuswandari@example.net,+62 (04) 126 3478,Solok,2023-09-25,Basic,2023-09-25,,True
94,P00080,Danang Sinaga,yancesihombing@example.org,+62 (037) 615-6105,Samarinda,2024-04-01,Gold,2024-04-01,,True
95,P00081,"Bakiman Saefullah, M.Pd",harsayasiregar@example.com,+62 (048) 818 1378,Malang,2024-05-29,Basic,2024-05-29,,True
96,P00082,"KH. Tedi Mandala, S.E.",harsantopuspasari@example.com,+62 (064) 975-3325,Parepare,2023-01-02,Basic,2023-01-02,,True
97,P00083,Upik Uyainah,padmisuwarno@example.net,+62-085-347-0424,Palu,2024-04-13,Basic,2024-04-13,,True
98,P00084,Widya Jailani,luwesmaheswara@example.com,(017) 544-2014,Tomohon,2024-03-07,Platinum,2024-03-07,,True
99,P00085,Cornelia Pangestu,ginaanggriawan@example.org,+62 (305) 147 8658,Tidore Kepulauan,2024-09-02,Gold,2024-09-02,,True
100,P00086,R.A. Azalea Tamba,slestari@example.com,+62-055-384-8856,Prabumulih,2023-06-25,Gold,2023-06-25,,True
101,P00087,"Puti Siska Yuliarti, S.Ked",rhastuti@example.org,+62-072-761-5141,Kota Administrasi Jakarta Barat,2024-01-12,Basic,2024-01-12,,True
102,P00088,Genta Yuliarti,kalaprabowo@example.com,+62-10-875-2623,Tanjungpinang,2024-03-29,Basic,2024-03-29,,True
103,P00089,Tgk. Elma Samosir,bsuwarno@example.com,0863166539,Probolinggo,2024-07-01,Gold,2024-07-01,,True
104,P00090,"Rina Pertiwi, M.Kom.",mahesa35@example.net,+62 (034) 217 2334,Solok,2023-11-30,Platinum,2023-11-30,,True
105,P00091,Nadia Hasanah,saefullahlaksana@example.net,+62 (004) 751 6886,Tidore Kepulauan,2023-12-17,Gold,2023-12-17,,True
106,P00092,Lili Iswahyudi,setiawandigdaya@example.net,+62-082-359-5349,Tangerang,2023-08-22,Basic,2023-08-22,,True
107,P00093,Amalia Wastuti,ganep94@example.com,+62 (0781) 824 4602,Mojokerto,2023-04-18,Basic,2023-04-18,2025-06-15,False
108,P00093,Amalia Wastuti,ganep94@example.com,+62 (0781) 824 4602,Mojokerto,2023-04-18,Gold,2025-06-15,,True
109,P00094,Lasmanto Uwais,spurwanti@example.org,0801000520,Banda Aceh,2024-11-27,Platinum,2024-11-27,,True
110,P00095,Anastasia Budiyanto,handayanibaktiono@example.org,+62 (73) 305 7030,Lhokseumawe,2023-10-11,Gold,2023-10-11,,True
111,P00096,Dr. Jati Hassanah,andrianiraharja@example.org,+62 (046) 351-1020,Kota Administrasi Jakarta Barat,2023-11-17,Basic,2023-11-17,,True
112,P00097,Sutan Warta Firgantoro,samosiradikara@example.net,+62-004-263-7167,Bengkulu,2024-08-21,Platinum,2024-08-21,,True
113,P00098,Kamaria Nugroho,bakidinhutapea@example.org,(070) 812-9770,Makassar,2023-04-16,Basic,2023-04-16,2025-06-10,False
114,P00098,Kamaria Nugroho,bakidinhutapea@example.org,(070) 812-9770,Makassar,2023-04-16,Gold,2025-06-10,,True
115,P00099,"drg. Lukita Natsir, M.Farm",hasimriyanti@example.net,+62 (033) 702 7186,Bitung,2023-06-23,Gold,2023-06-23,,True
116,P00100,Puti Lazuardi,latikariyanti@example.net,+62 (047) 067-5548,Lubuklinggau,2024-08-17,Basic,2024-08-17,,True
117,P00101,Indra Widodo,maryantokuswoyo@example.com,(0682) 597-3481,Bogor,2024-03-10,Basic,2024-03-10,,True
118,P00102,Devi Hasanah,parmansaptono@example.org,(062) 829-0920,Pontianak,2024-05-22,Basic,2024-05-22,,True
119,P00103,"Tina Mansur, S.Pd",rinamangunsong@example.org,+62 (0262) 837-0950,Metro,2023-12-03,Basic,2023-12-03,,True
120,P00104,Tomi Yuliarti,namagaeva@example.net,0870415178,Banjarbaru,2023-02-27,Basic,2023-02-27,,True
121,P00105,"Puti Gina Pradipta, S.E.I",garda69@example.com,(037) 827-6082,Bengkulu,2023-09-27,Basic,2023-09-27,,True
122,P00106,"Zulaikha Rahmawati, S.Sos",natsirdacin@example.org,085 607 0022,Jambi,2023-06-01,Basic,2023-06-01,,True
123,P00107,dr. Prabowo Prastuti,vrahimah@example.org,+62 (0327) 465 5013,Tidore Kepulauan,2023-05-30,Basic,2023-05-30,2025-03-31,False
124,P00107,dr. Prabowo Prastuti,vrahimah@example.org,+62 (0327) 465 5013,Tidore Kepulauan,2023-05-30,Gold,2025-03-31,,True
125,P00108,Devi Habibi,fujiatiharsanto@example.net,(0171) 124-3351,Padangpanjang,2023-02-13,Gold,2023-02-13,,True
126,P00109,Puspa Utama,riyantiida@example.net,(080) 154-3161,Banjar,2024-01-28,Basic,2024-01-28,2025-08-05,False
127,P00109,Puspa Utama,riyantiida@example.net,(080) 154-3161,Banjar,2024-01-28,Gold,2025-08-05,,True
128,P00110,Vega Utami,maulanagarang@example.com,+62-21-520-5114,Prabumulih,2024-08-16,Platinum,2024-08-16,,True
129,P00111,Limar Yulianti,daruna83@example.com,+62 (090) 823-8613,Medan,2024-09-19,Basic,2024-09-19,,True
130,P00112,"R.M. Opan Latupono, S.E.I",garapratama@example.net,086 378 7760,Kupang,2023-12-12,Basic,2023-12-12,,True
131,P00113,"Amalia Tarihoran, S.Pd",kemalwibisono@example.net,+62 (424) 276 4129,Sorong,2024-03-25,Gold,2024-03-25,,True
132,P00114,Ira Rajasa,zwaskita@example.org,+62 (0713) 936 0550,Kotamobagu,2023-04-13,Basic,2023-04-13,2025-03-24,False
133,P00114,Ira Rajasa,zwaskita@example.org,+62 (0713) 936 0550,Kotamobagu,2023-04-13,Gold,2025-03-24,,True
134,P00115,drg. Karimah Hasanah,pertiwirudi@example.org,+62 (643) 338 7926,Probolinggo,2024-01-18,Basic,2024-01-18,,True
135,P00116,"Dr. Malika Kurniawan, S.Ked",qsuryono@example.com,(094) 037 2056,Probolinggo,2023-09-17,Basic,2023-09-17,,True
136,P00117,Reza Mahendra,rwibisono@example.org,(0568) 965-1648,Banjarmasin,2023-01-30,Gold,2023-01-30,,True
137,P00118,Putri Novitasari,bakidinwijayanti@example.org,(022) 098-7695,Kota Administrasi Jakarta Barat,2023-08-16,Basic,2023-08-16,,True
138,P00119,"Tina Susanti, M.Kom.",kusumoadinata@example.org,089 760 0282,Cimahi,2023-12-10,Basic,2023-12-10,,True
139,P00120,"Cut Zulaikha Lailasari, S.Ked",utamisamsul@example.net,+62 (98) 442 7820,Tanjungpinang,2024-06-27,Basic,2024-06-27,,True
140,P00121,Uchita Mangunsong,kasiran31@example.com,(0466) 432 3167,Palembang,2023-09-18,Basic,2023-09-18,,True
141,P00122,Rina Manullang,suwarnocemplunk@example.net,+62 (344) 796-7252,Batam,2023-09-04,Basic,2023-09-04,,True
142,P00123,Drs. Kamal Firgantoro,iannarpati@example.org,+62 (66) 869 2271,Jayapura,2023-12-29,Platinum,2023-12-29,,True
143,P00124,Sutan Yono Lazuardi,juliasaputra@example.net,(0150) 295-2920,Pasuruan,2024-02-06,Basic,2024-02-06,,True
144,P00125,Ella Sirait,fsinaga@example.net,083 717 6345,Bukittinggi,2023-05-20,Basic,2023-05-20,,True
145,P00126,Zelda Firmansyah,urajata@example.org,+62 (014) 594 6096,Mataram,2023-01-07,Gold,2023-01-07,,True
146,P00127,"Hj. Patricia Suryono, S.Psi",dabukkevero@example.net,+62 (0851) 481 0133,Batam,2023-02-23,Platinum,2023-02-23,,True
147,P00128,"KH. Hardana Aryani, S.Gz",wirda08@example.net,+62-781-959-6101,Banjarmasin,2024-05-02,Basic,2024-05-02,,True
148,P00129,Kamal Sirait,karsa46@example.org,+62 (157) 539-2102,Malang,2023-10-20,Basic,2023-10-20,2025-07-23,False
149,P00129,Kamal Sirait,karsa46@example.org,+62 (157) 539-2102,Malang,2023-10-20,Gold,2025-07-23,,True
150,P00130,Queen Firgantoro,shaniaharyanto@example.net,089 049 9531,Langsa,2024-07-22,Basic,2024-07-22,,True
151,P00131,Darman Laksita,,+62-0369-795-1685,Kotamobagu,2023-08-03,Gold,2023-08-03,,True
152,P00132,Embuh Hariyah,karta80@example.com,+62 (0980) 655 8562,Tomohon,2024-04-21,Basic,2024-04-21,,True
153,P00133,Elvina Nasyidah,mariadi61@example.net,(034) 056-1357,Mataram,2024-01-03,Basic,2024-01-03,2025-06-27,False
154,P00133,Elvina Nasyidah,mariadi61@example.net,(034) 056-1357,Mataram,2024-01-03,Gold,2025-06-27,,True
155,P00134,Hendra Padmasari,galih66@example.net,0814331791,Kota Administrasi Jakarta Timur,2023-03-06,Basic,2023-03-06,2025-08-26,False
156,P00134,Hendra Padmasari,galih66@example.net,0814331791,Kota Administrasi Jakarta Timur,2023-03-06,Gold,2025-08-26,,True
157,P00135,Mustofa Dabukke,dsaefullah@example.com,(0638) 869 1804,Ternate,2024-11-21,Platinum,2024-11-21,,True
158,P00136,"H. Empluk Hutagalung, M.TI.",ohidayat@example.net,+62 (0069) 563 1439,Tangerang Selatan,2023-08-16,Basic,2023-08-16,,True
159,P00137,"dr. Ika Waskita, S.IP",hassanahnaradi@example.com,(0817) 246 6412,Bontang,2024-09-07,Basic,2024-09-07,,True
160,P00138,Cengkal Mardhiyah,hani52@example.net,+62 (802) 579 7817,Metro,2023-05-10,Basic,2023-05-10,2025-10-28,False
161,P00138,Cengkal Mardhiyah,hani52@example.net,+62 (802) 579 7817,Metro,2023-05-10,Gold,2025-10-28,,True
162,P00139,Dr. Jumadi Melani,kani99@example.com,+62 (079) 785-5756,Pagaralam,2024-05-27,Basic,2024-05-27,,True
163,P00140,Pangestu Wahyudin,lamar83@example.net,(070) 887-8531,Mojokerto,2023-08-08,Basic,2023-08-08,,True
164,P00141,Elon Sihombing,fhidayat@example.com,+62 (0836) 403 2019,Bekasi,2023-03-22,Basic,2023-03-22,,True
165,P00142,Ella Mandala,putramartani@example.com,+62 (058) 077 7854,Manado,2024-03-21,Basic,2024-03-21,,True
166,P00143,Rini Irawan,kusumoprasetya@example.net,+62 (93) 832-7174,Lubuklinggau,2023-11-24,Basic,2023-11-24,,True
167,P00144,"R. Opan Saefullah, S.Kom",digdaya15@example.net,+62-787-366-7471,Lhokseumawe,2024-02-26,Basic,2024-02-26,,True
168,P00145,Faizah Mandala,cemplunkmarbun@example.com,+62 (287) 713-2744,Balikpapan,2023-04-17,Basic,2023-04-17,,True
169,P00146,Genta Gunarto,lsetiawan@example.net,+62 (43) 143-3591,Pekanbaru,2023-02-11,Basic,2023-02-11,,True
170,P00147,"Sutan Vega Melani, S.IP",zulaikha95@example.com,+62 (0415) 866-2712,Mataram,2024-02-01,Platinum,2024-02-01,,True
171,P00148,"Eka Dongoran, S.Pd",paimanuwais@example.org,+62 (062) 695 8359,Banjarmasin,2023-06-17,Basic,2023-06-17,,True
172,P00149,Jarwi Hutagalung,tarihoranerik@example.net,(059) 460 5518,Jayapura,2023-11-30,Basic,2023-11-30,,True
173,P00150,Ajiman Utami,hartaticahya@example.com,(055) 572 2348,Prabumulih,2024-06-07,Gold,2024-06-07,,True
174,P00151,Sutan Asirwada Narpati,raharjasiregar@example.com,+62-089-823-3843,Ambon,2023-06-11,Basic,2023-06-11,,True
175,P00152,"Tgk. Surya Rahayu, S.Ked",nlatupono@example.org,+62 (75) 535 4834,Kotamobagu,2023-03-20,Platinum,2023-03-20,,True
176,P00153,Hasna Samosir,capa99@example.com,+62 (939) 298-1703,Tasikmalaya,2023-09-20,Basic,2023-09-20,,True
177,P00154,Cornelia Usamah,zahrapuspita@example.com,+62-037-526-8057,Pematangsiantar,2024-02-29,Gold,2024-02-29,,True
178,P00155,"dr. Aslijan Simbolon, S.IP",tinakusmawati@example.com,+62 (025) 398-2575,Tanjungbalai,2023-01-08,Gold,2023-01-08,,True
179,P00156,Jaeman Firgantoro,bnababan@example.net,+62-90-862-7732,Padangpanjang,2023-10-28,Basic,2023-10-28,,True
180,P00157,Yuliana Setiawan,galiono74@example.org,(080) 431-0417,Cilegon,2023-03-22,Basic,2023-03-22,,True
181,P00158,Clara Saefullah,gandisitorus@example.org,+62 (216) 576 7526,Banda Aceh,2024-07-21,Gold,2024-07-21,,True
182,P00159,Putri Wastuti,novitasariciaobella@example.net,+62 (893) 832-9907,Parepare,2023-01-20,Gold,2023-01-20,,True
183,P00160,Luhung Kuswoyo,cawukhassanah@example.com,(0060) 169-6764,Kota Administrasi Jakarta Timur,2024-06-02,Basic,2024-06-02,,True
184,P00161,Rina Hartati,betaniaastuti@example.net,+62 (077) 603-4236,Lubuklinggau,2024-07-24,Basic,2024-07-24,2025-03-15,False
185,P00161,Rina Hartati,betaniaastuti@example.net,+62 (077) 603-4236,Lubuklinggau,2024-07-24,Gold,2025-03-15,,True
186,P00162,"Ratih Andriani, S.Sos",najmudinteddy@example.net,0837547415,Kotamobagu,2023-01-06,Basic,2023-01-06,,True
187,P00163,Nabila Widiastuti,ibraniusada@example.org,(0436) 630 4461,Sabang,2023-05-23,Platinum,2023-05-23,,True
188,P00164,Banawa Mayasari,indrajanuar@example.com,0820540491,Medan,2023-05-27,Basic,2023-05-27,,True
189,P00165,Cemeti Jailani,gwidiastuti@example.com,+62-78-443-1736,Tomohon,2024-01-05,Basic,2024-01-05,,True
190,P00166,Kamaria Irawan,ameliamanullang@example.com,+62 (565) 174-7260,Banjarbaru,2024-10-04,Basic,2024-10-04,,True
191,P00167,Cahyono Halim,prayogowibisono@example.org,(0973) 676 6697,Batu,2024-03-14,Basic,2024-03-14,2025-07-08,False
192,P00167,Cahyono Halim,prayogowibisono@example.org,(0973) 676 6697,Batu,2024-03-14,Gold,2025-07-08,,True
193,P00168,Rika Wahyuni,enapitupulu@example.com,+62 (0891) 984 0993,Tidore Kepulauan,2024-09-01,Basic,2024-09-01,,True
194,P00169,"drg. Karya Hastuti, S.Pd",imarpaung@example.com,+62 (900) 471-8480,Payakumbuh,2024-06-11,Basic,2024-06-11,,True
195,P00170,"Dr. Caraka Zulkarnain, M.Ak",nasim04@example.org,(0440) 252-1960,Pariaman,2023-11-17,Basic,2023-11-17,,True
196,P00171,Hesti Nasyidah,nsihotang@example.com,+62 (090) 470-8761,Tebingtinggi,2023-09-26,Basic,2023-09-26,,True
197,P00172,Jaya Sirait,ramadanmalika@example.net,(0916) 226-2492,Binjai,2024-01-21,Basic,2024-01-21,,True
198,P00173,"Ivan Yuliarti, S.Ked",gpuspasari@example.net,(0454) 928-4522,Cimahi,2023-03-22,Basic,2023-03-22,,True
199,P00174,"Gangsa Dongoran, S.T.",marwatahutasoit@example.net,(0604) 343 8172,Bau-Bau,2024-05-16,Basic,2024-05-16,2025-08-31,False
200,P00174,"Gangsa Dongoran, S.T.",marwatahutasoit@example.net,(0604) 343 8172,Bau-Bau,2024-05-16,Gold,2025-08-31,,True
201,P00175,Puji Nababan,prasetya81@example.net,(021) 048-1035,Denpasar,2024-06-24,Basic,2024-06-24,2025-06-20,False
202,P00175,Puji Nababan,prasetya81@example.net,(021) 048-1035,Denpasar,2024-06-24,Gold,2025-06-20,,True
203,P00176,Natalia Mulyani,mutama@example.org,+62-050-297-7574,Pekalongan,2023-09-21,Basic,2023-09-21,,True
204,P00177,drg. Kemba Hutasoit,hidayantoakarsana@example.net,+62 (002) 320-9306,Medan,2023-02-22,Gold,2023-02-22,,True
205,P00178,"T. Wisnu Mandasari, M.Kom.",mahendrajarwi@example.com,(028) 720-4533,Batam,2024-11-23,Basic,2024-11-23,,True
206,P00179,Calista Nuraini,saptonoleo@example.org,+62-760-012-1206,Meulaboh,2023-12-06,Basic,2023-12-06,2025-09-21,False
207,P00179,Calista Nuraini,saptonoleo@example.org,+62-760-012-1206,Meulaboh,2023-12-06,Gold,2025-09-21,,True
208,P00180,Calista Maulana,yuliartimartana@example.com,+62-0282-507-0146,Mataram,2024-04-19,Platinum,2024-04-19,,True
209,P00181,Lidya Haryanto,solehthamrin@example.net,+62 (49) 138 1146,Surabaya,2023-04-05,Basic,2023-04-05,,True
210,P00182,"R. Aurora Pranowo, S.E.",septi88@example.org,+62 (71) 633 9285,Bima,2024-03-17,Platinum,2024-03-17,,True
211,P00183,Asirwada Narpati,oni24@example.com,+62 (14) 313-5772,Bima,2023-05-23,Gold,2023-05-23,,True
212,P00184,Wardaya Pudjiastuti,mulyahartati@example.net,(019) 530 9552,Bitung,2024-08-24,Gold,2024-08-24,,True
213,P00185,"Baktiono Hutasoit, S.IP",fmelani@example.net,+62 (85) 401 5672,Bima,2024-10-21,Basic,2024-10-21,,True
214,P00186,"drg. Zamira Kusumo, S.Pt",violetjanuar@example.net,+62 (068) 445-5841,Solok,2023-11-03,Gold,2023-11-03,,True
215,P00187,Nurul Habibi,kuncaradabukke@example.net,0839439491,Sorong,2023-03-15,Basic,2023-03-15,2025-10-17,False
216,P00187,Nurul Habibi,kuncaradabukke@example.net,0839439491,Sorong,2023-03-15,Gold,2025-10-17,,True
217,P00188,Lantar Adriansyah,edongoran@example.com,(0849) 920-4049,Batam,2024-11-05,Basic,2024-11-05,2025-07-16,False
218,P00188,Lantar Adriansyah,edongoran@example.com,(0849) 920-4049,Batam,2024-11-05,Gold,2025-07-16,,True
219,P00189,Dt. Gangsar Wulandari,murtifirmansyah@example.org,+62 (096) 520-0346,Pontianak,2024-11-14,Platinum,2024-11-14,,True
220,P00190,Eva Adriansyah,luthfifirmansyah@example.com,(041) 524 9770,Magelang,2023-03-27,Basic,2023-03-27,,True
221,P00191,Daru Winarno,praba20@example.org,+62 (010) 875-3070,Tomohon,2023-12-26,Basic,2023-12-26,,True
222,P00192,"Winda Budiman, S.IP",yance37@example.net,+62 (001) 727-1722,Langsa,2024-01-08,Basic,2024-01-08,,True
223,P00193,"Jamalia Padmasari, M.Farm",jane04@example.com,+62 (93) 131 3900,Tanjungbalai,2024-04-02,Basic,2024-04-02,,True
224,P00194,"Najib Mangunsong, S.Farm",kawaca08@example.org,086 953 6066,Yogyakarta,2023-07-21,Basic,2023-07-21,2025-04-19,False
225,P00194,"Najib Mangunsong, S.Farm",kawaca08@example.org,086 953 6066,Yogyakarta,2023-07-21,Gold,2025-04-19,,True
226,P00195,Dariati Nugroho,novi65@example.net,(079) 951-7946,Kupang,2023-04-10,Basic,2023-04-10,,True
227,P00196,Virman Mahendra,gunartobella@example.com,+62 (57) 550 9008,Kota Administrasi Jakarta Barat,2023-07-11,Gold,2023-07-11,,True
228,P00197,Wardi Prabowo,okto49@example.org,+62 (297) 507 7739,Kota Administrasi Jakarta Timur,2023-08-14,Gold,2023-08-14,,True
229,P00198,Wirda Budiyanto,dipa43@example.net,+62 (059) 641-0340,Parepare,2024-01-16,Basic,2024-01-16,,True
230,P00199,Cinthia Marbun,irmayuliarti@example.org,085 690 3634,Medan,2024-11-06,Basic,2024-11-06,,True
231,P00200,Mala Maryadi,vmardhiyah@example.net,(0213) 051 6167,Metro,2023-06-08,Basic,2023-06-08,,True
232,P00201,"dr. Agnes Sirait, S.E.I",fsitompul@example.net,(0033) 699 6538,Mojokerto,2024-09-16,Basic,2024-09-16,,True
233,P00202,Puspa Mansur,wasisanggraini@example.net,+62 (834) 275 5603,Yogyakarta,2024-08-16,Gold,2024-08-16,,True
234,P00203,"Tgk. Rini Agustina, S.Gz",indralestari@example.org,(013) 178 5710,Kota Administrasi Jakarta Selatan,2024-03-27,Basic,2024-03-27,,True
235,P00204,Edi Oktaviani,palastridewi@example.com,(0855) 228-5395,Sawahlunto,2023-06-14,Basic,2023-06-14,,True
236,P00205,Drs. Daliman Najmudin,perkasaoktaviani@example.org,+62 (009) 511-7902,Palu,2024-10-26,Basic,2024-10-26,,True
237,P00206,Zamira Tampubolon,caturanggazulkarnain@example.org,+62 (044) 613 4399,Samarinda,2023-05-07,Basic,2023-05-07,,True
238,P00207,"Surya Oktaviani, S.Psi",qsirait@example.net,(020) 554-8958,Padangpanjang,2023-12-04,Platinum,2023-12-04,,True
239,P00208,Suci Megantara,ismailusada@example.net,0861625896,Tebingtinggi,2023-06-24,Basic,2023-06-24,2025-10-26,False
240,P00208,Suci Megantara,ismailusada@example.net,0861625896,Tebingtinggi,2023-06-24,Gold,2025-10-26,,True
241,P00209,Ifa Rahayu,ajimin71@example.org,+62 (349) 368-6367,Tarakan,2024-05-22,Basic,2024-05-22,,True
242,P00210,Dt. Asirwanda Anggraini,,+62 (0173) 596-4852,Meulaboh,2024-08-31,Basic,2024-08-31,2025-04-23,False
243,P00210,Dt. Asirwanda Anggraini,,+62 (0173) 596-4852,Meulaboh,2024-08-31,Gold,2025-04-23,,True
244,P00211,"Drs. Dewi Wastuti, M.TI.",mandalaaswani@example.com,+62 (0197) 110 0524,Salatiga,2023-03-11,Basic,2023-03-11,,True
245,P00212,Artawan Hastuti,dipa42@example.net,+62-0092-410-8040,Madiun,2023-05-23,Basic,2023-05-23,,True
246,P00213,Usyi Suryono,kairav86@example.org,(0196) 467-8318,Kota Administrasi Jakarta Utara,2024-04-03,Basic,2024-04-03,2025-05-31,False
247,P00213,Usyi Suryono,kairav86@example.org,(0196) 467-8318,Kota Administrasi Jakarta Utara,2024-04-03,Gold,2025-05-31,,True
248,P00214,Hilda Kuswoyo,margana30@example.org,+62 (441) 211 7405,Lubuklinggau,2023-10-27,Basic,2023-10-27,2025-03-05,False
249,P00214,Hilda Kuswoyo,margana30@example.org,+62 (441) 211 7405,Lubuklinggau,2023-10-27,Gold,2025-03-05,,True
250,P00215,Juli Nasyidah,agussuryono@example.org,+62-046-879-0112,Lubuklinggau,2023-05-13,Basic,2023-05-13,,True
251,P00216,Mahfud Sirait,nnasyidah@example.com,+62 (0864) 026 7186,Purwokerto,2024-04-04,Basic,2024-04-04,2025-09-11,False
252,P00216,Mahfud Sirait,nnasyidah@example.com,+62 (0864) 026 7186,Purwokerto,2024-04-04,Gold,2025-09-11,,True
253,P00217,Clara Uyainah,xmaryati@example.net,(090) 307-4899,Bau-Bau,2024-02-21,Platinum,2024-02-21,,True
254,P00218,Dr. Restu Siregar,gunartoartawan@example.net,+62 (465) 986-5846,Bau-Bau,2024-11-13,Basic,2024-11-13,,True
255,P00219,dr. Najwa Napitupulu,elisa13@example.org,(0853) 812 9634,Palu,2023-05-02,Gold,2023-05-02,,True
256,P00220,Sadina Oktaviani,rdamanik@example.org,+62 (048) 612-4157,Kota Administrasi Jakarta Timur,2023-08-05,Gold,2023-08-05,2025-09-22,False
257,P00220,Sadina Oktaviani,rdamanik@example.org,+62 (048) 612-4157,Kota Administrasi Jakarta Timur,2023-08-05,Platinum,2025-09-22,,True
258,P00221,Rusman Nurdiyanti,prabowogatra@example.com,+62-069-834-1903,Ternate,2023-07-15,Basic,2023-07-15,2025-09-26,False
259,P00221,Rusman Nurdiyanti,prabowogatra@example.com,+62-069-834-1903,Ternate,2023-07-15,Gold,2025-09-26,,True
260,P00222,"R. Najwa Hutasoit, M.Farm",wasismarpaung@example.com,+62-0298-968-6703,Sungai Penuh,2023-07-12,Basic,2023-07-12,,True
261,P00223,"dr. Eman Mustofa, M.Kom.",utamaana@example.com,+62 (408) 195 0739,Tual,2023-12-04,Basic,2023-12-04,,True
262,P00224,Kairav Megantara,keziamaheswara@example.org,+62-170-905-7471,Samarinda,2024-03-19,Basic,2024-03-19,,True
263,P00225,Salimah Agustina,dasasantoso@example.net,0850934230,Kotamobagu,2024-01-26,Basic,2024-01-26,,True
264,P00226,Tomi Sinaga,cahyadi87@example.net,+62-0592-846-3121,Bontang,2024-06-02,Basic,2024-06-02,,True
265,P00227,Samiah Laksmiwati,solehnatsir@example.com,+62-011-774-4651,Cimahi,2023-12-18,Gold,2023-12-18,2025-06-27,False
266,P00227,Samiah Laksmiwati,solehnatsir@example.com,+62-011-774-4651,Cimahi,2023-12-18,Platinum,2025-06-27,,True
267,P00228,"Fitria Suryatmi, S.E.",ana90@example.net,+62 (073) 621 8415,Madiun,2024-03-29,Basic,2024-03-29,,True
268,P00229,Oliva Aryani,nasyiahasmuni@example.net,+62 (22) 324 5650,Lubuklinggau,2023-07-07,Gold,2023-07-07,,True
269,P00230,Gawati Saptono,emin53@example.org,+62 (01) 412-9432,Tanjungbalai,2024-11-28,Basic,2024-11-28,,True
270,P00231,Pranawa Sihombing,makara65@example.org,+62-823-283-7748,Medan,2024-03-19,Basic,2024-03-19,,True
271,P00232,Rafid Hutasoit,gatotmardhiyah@example.org,+62 (28) 498 0730,Kota Administrasi Jakarta Pusat,2023-11-08,Basic,2023-11-08,2025-07-30,False
272,P00232,Rafid Hutasoit,gatotmardhiyah@example.org,+62 (28) 498 0730,Kota Administrasi Jakarta Pusat,2023-11-08,Gold,2025-07-30,,True
273,P00233,Vanesa Yulianti,galur39@example.org,+62-590-855-4790,Probolinggo,2024-04-14,Gold,2024-04-14,,True
274,P00234,Kani Ramadan,irsadnasyiah@example.net,+62-0990-841-6441,Tasikmalaya,2023-11-04,Platinum,2023-11-04,,True
275,P00235,Waluyo Nugroho,handayanisabri@example.com,+62-0646-048-8961,Pariaman,2024-02-02,Basic,2024-02-02,,True
276,P00236,"Drs. Hani Firgantoro, S.T.",susantikasim@example.com,+62-065-426-8173,Malang,2024-02-03,Gold,2024-02-03,,True
277,P00237,Balamantri Winarno,faridamarsudi@example.net,+62 (015) 060-2133,Bengkulu,2023-05-21,Basic,2023-05-21,2025-08-27,False
278,P00237,Balamantri Winarno,faridamarsudi@example.net,+62 (015) 060-2133,Bengkulu,2023-05-21,Gold,2025-08-27,,True
279,P00238,Balangga Rajata,kariman94@example.com,(0181) 647-3308,Mojokerto,2023-10-16,Basic,2023-10-16,,True
280,P00239,Tgk. Farhunnisa Marbun,kariman46@example.com,+62-0705-006-2013,Salatiga,2024-08-21,Basic,2024-08-21,2025-05-26,False
281,P00239,Tgk. Farhunnisa Marbun,kariman46@example.com,+62-0705-006-2013,Salatiga,2024-08-21,Gold,2025-05-26,,True
282,P00240,"Zahra Kurniawan, S.Pd",mustofajaya@example.org,+62 (017) 832-6336,Sabang,2023-10-25,Basic,2023-10-25,,True
283,P00241,"Dr. Siska Wijaya, S.Pd",halimahraharja@example.net,+62 (034) 207 7941,Surakarta,2023-05-31,Platinum,2023-05-31,,True
284,P00242,Kamaria Sinaga,gmustofa@example.com,+62 (0766) 776 3448,Sabang,2023-08-27,Basic,2023-08-27,,True
285,P00243,Akarsana Narpati,kamariaprasetya@example.com,+62 (086) 354 4644,Dumai,2023-03-07,Gold,2023-03-07,,True
286,P00244,Cayadi Prastuti,ibun03@example.org,+62 (0941) 735 7207,Bitung,2023-01-16,Basic,2023-01-16,,True
287,P00245,Atma Yulianti,prayoganarpati@example.com,+62-30-461-8669,Lhokseumawe,2023-07-13,Basic,2023-07-13,,True
288,P00246,Galar Tampubolon,septizulkarnain@example.net,+62-549-264-0886,Cimahi,2023-04-02,Basic,2023-04-02,,True
289,P00247,"Puti Salimah Sihotang, S.Pd",ukusmawati@example.org,+62 (74) 622 1022,Yogyakarta,2024-04-15,Platinum,2024-04-15,,True
290,P00248,Drs. Zamira Siregar,cayadi08@example.net,+62 (83) 259 4893,Tangerang,2023-06-28,Basic,2023-06-28,,True
291,P00249,"dr. Ida Permata, S.IP",rudi52@example.com,083 243 6318,Tanjungpinang,2023-07-03,Basic,2023-07-03,,True
292,P00250,"T. Pardi Kusmawati, S.Sos",gambira49@example.org,+62 (881) 819 0637,Surakarta,2023-06-13,Basic,2023-06-13,,True
293,P00251,Calista Iswahyudi,nmansur@example.net,+62 (0256) 493-3545,Medan,2023-03-06,Gold,2023-03-06,,True
294,P00252,"Saka Agustina, S.E.",hariyahhasan@example.org,(0459) 260 2932,Makassar,2024-03-28,Basic,2024-03-28,,True
295,P00253,Sutan Kenes Sitorus,sinagaian@example.com,0828646428,Salatiga,2024-11-03,Basic,2024-11-03,2025-07-05,False
296,P00253,Sutan Kenes Sitorus,sinagaian@example.com,0828646428,Salatiga,2024-11-03,Gold,2025-07-05,,True
297,P00254,Elvina Prastuti,ppradana@example.net,+62-662-022-9200,Tangerang Selatan,2023-08-06,Platinum,2023-08-06,,True
298,P00255,Lulut Susanti,fpuspita@example.com,+62 (0785) 042-1037,Pangkalpinang,2023-11-16,Basic,2023-11-16,2025-03-27,False
299,P00255,Lulut Susanti,fpuspita@example.com,+62 (0785) 042-1037,Pangkalpinang,2023-11-16,Gold,2025-03-27,,True
300,P00256,Tgk. Langgeng Kusmawati,malamegantara@example.net,(0100) 171 5846,Pematangsiantar,2023-10-22,Basic,2023-10-22,,True
301,P00257,"Febi Tamba, S.Gz",ajiono61@example.net,(0252) 406 8630,Kediri,2023-03-02,Basic,2023-03-02,2025-05-20,False
302,P00257,"Febi Tamba, S.Gz",ajiono61@example.net,(0252) 406 8630,Kediri,2023-03-02,Gold,2025-05-20,,True
303,P00258,Ida Palastri,mulyanto38@example.org,+62-59-813-4170,Kota Administrasi Jakarta Barat,2024-08-25,Gold,2024-08-25,,True
304,P00259,"Puti Gasti Andriani, S.E.I",najwa32@example.com,(003) 085 7633,Pangkalpinang,2023-08-19,Basic,2023-08-19,2025-03-29,False
305,P00259,"Puti Gasti Andriani, S.E.I",najwa32@example.com,(003) 085 7633,Pangkalpinang,2023-08-19,Gold,2025-03-29,,True
306,P00260,Karen Mandasari,jadriansyah@example.net,+62 (241) 324 8340,Sorong,2024-05-21,Gold,2024-05-21,,True
307,P00261,Putri Nainggolan,eluh41@example.com,+62 (0682) 782 5540,Medan,2023-04-04,Basic,2023-04-04,2025-05-01,False
308,P00261,Putri Nainggolan,eluh41@example.com,+62 (0682) 782 5540,Medan,2023-04-04,Gold,2025-05-01,,True
309,P00262,Ilyas Putra,bsaptono@example.net,+62-24-094-4074,Bengkulu,2023-08-13,Platinum,2023-08-13,,True
310,P00263,Daliman Prastuti,esuwarno@example.com,+62-50-171-4176,Magelang,2023-05-19,Gold,2023-05-19,,True
311,P00264,"Salsabila Purnawati, S.Gz",rajatakarja@example.net,+62 (0255) 269-4168,Jambi,2024-08-31,Basic,2024-08-31,,True
312,P00265,"Malika Hakim, M.Pd",lailafujiati@example.com,0882857299,Malang,2024-09-29,Basic,2024-09-29,2025-07-01,False
313,P00265,"Malika Hakim, M.Pd",lailafujiati@example.com,0882857299,Malang,2024-09-29,Gold,2025-07-01,,True
314,P00266,T. Raihan Lailasari,manullangtedi@example.com,+62 (0324) 515-5760,Kota Administrasi Jakarta Utara,2024-08-24,Platinum,2024-08-24,,True
315,P00267,"Rahmi Wibowo, S.T.",wulanlestari@example.com,+62 (151) 974-7277,Pontianak,2024-09-23,Basic,2024-09-23,,True
316,P00268,Sabrina Purnawati,emilmaryadi@example.net,(095) 183-5084,Parepare,2024-08-13,Basic,2024-08-13,2025-10-07,False
317,P00268,Sabrina Purnawati,emilmaryadi@example.net,(095) 183-5084,Parepare,2024-08-13,Gold,2025-10-07,,True
318,P00269,"KH. Cawisadi Prasetya, M.TI.",qpermadi@example.net,+62-553-431-2559,Banjar,2023-03-23,Gold,2023-03-23,,True
319,P00270,Prabowo Mustofa,kanimandasari@example.com,(0976) 565 5472,Cilegon,2024-08-20,Basic,2024-08-20,,True
320,P00271,"Purwadi Thamrin, S.Farm",fmansur@example.net,(0870) 125 0299,Depok,2023-10-09,Gold,2023-10-09,2025-09-14,False
321,P00271,"Purwadi Thamrin, S.Farm",fmansur@example.net,(0870) 125 0299,Depok,2023-10-09,Platinum,2025-09-14,,True
322,P00272,"H. Najam Napitupulu, S.Psi",handayaniyoga@example.com,0874565001,Pontianak,2024-01-11,Basic,2024-01-11,,True
323,P00273,Febi Prastuti,mwaluyo@example.net,0811911279,Semarang,2024-04-07,Basic,2024-04-07,,True
324,P00274,Bakijan Utami,jarwi11@example.org,+62-057-178-6561,Banjarbaru,2023-09-30,Basic,2023-09-30,,True
325,P00275,Harsana Aryani,hastaprayoga@example.com,+62 (512) 720 3023,Bogor,2023-08-19,Basic,2023-08-19,,True
326,P00276,Vicky Kusmawati,maryatiumay@example.com,+62-74-078-7282,Sabang,2024-05-04,Basic,2024-05-04,,True
327,P00277,"Tgk. Slamet Hartati, S.E.I",lidyalestari@example.org,+62-0121-960-1340,Kotamobagu,2024-06-19,Basic,2024-06-19,,True
328,P00278,Nurul Waskita,,+62 (688) 547-0677,Pekanbaru,2024-01-19,Basic,2024-01-19,,True
329,P00279,Gara Haryanti,hramadan@example.net,+62-003-499-7625,Padangpanjang,2024-05-14,Basic,2024-05-14,,True
330,P00280,"Lembah Latupono, S.I.Kom",halimahmakuta@example.org,(0572) 162 4366,Pangkalpinang,2023-02-18,Basic,2023-02-18,,True
331,P00281,Julia Putra,qfirmansyah@example.net,(072) 820-4728,Batam,2023-03-17,Basic,2023-03-17,,True
332,P00282,Nilam Zulkarnain,prabowokezia@example.net,(0246) 376-7378,Subulussalam,2023-11-17,Gold,2023-11-17,,True
333,P00283,"Tgk. Darijan Damanik, S.T.",xananakusmawati@example.org,+62-092-264-1035,Bekasi,2023-08-27,Basic,2023-08-27,,True
334,P00284,Salsabila Habibi,hadi55@example.com,083 820 8011,Tanjungbalai,2023-12-04,Basic,2023-12-04,,True
335,P00285,"Cakrabirawa Uwais, S.Gz",fujiatinasab@example.org,+62-82-808-8642,Bitung,2023-07-30,Basic,2023-07-30,,True
336,P00286,Ghani Maulana,zprakasa@example.net,+62 (231) 806 9840,Parepare,2024-11-09,Gold,2024-11-09,,True
337,P00287,Jamal Saefullah,bagyawidodo@example.org,(0667) 525 9061,Payakumbuh,2024-10-08,Basic,2024-10-08,,True
338,P00288,"Heru Saputra, S.Pt",simbolonwasis@example.com,(031) 155 1262,Tebingtinggi,2024-01-30,Gold,2024-01-30,,True
339,P00289,Tgk. Laila Sitompul,ihsannamaga@example.net,(0952) 290-7777,Blitar,2024-05-05,Basic,2024-05-05,2025-04-16,False
340,P00289,Tgk. Laila Sitompul,ihsannamaga@example.net,(0952) 290-7777,Blitar,2024-05-05,Gold,2025-04-16,,True
341,P00290,Dr. Edi Mangunsong,widodogandi@example.org,+62 (345) 471 1112,Manado,2023-11-23,Gold,2023-11-23,,True
342,P00291,"Maimunah Permadi, S.Sos",handayanizahra@example.org,+62 (421) 208-0833,Tomohon,2024-08-19,Basic,2024-08-19,,True
343,P00292,Yono Mustofa,budioktaviani@example.com,(0074) 401-8785,Semarang,2024-10-08,Basic,2024-10-08,2025-06-17,False
344,P00292,Yono Mustofa,budioktaviani@example.com,(0074) 401-8785,Semarang,2024-10-08,Gold,2025-06-17,,True
345,P00293,Ayu Marbun,baktiadi09@example.com,+62 (38) 998-7676,Kediri,2024-09-25,Gold,2024-09-25,,True
346,P00294,Almira Astuti,hidayatpurwa@example.com,0872879005,Sibolga,2023-04-09,Gold,2023-04-09,,True
347,P00295,Gaman Astuti,umay08@example.com,+62 (95) 415 3741,Purwokerto,2023-09-08,Platinum,2023-09-08,,True
348,P00296,"Tedi Prasasta, M.Kom.",firmansyahgilang@example.org,+62-0207-116-6447,Cirebon,2024-02-13,Basic,2024-02-13,,True
349,P00297,Mala Dabukke,nadinesuryono@example.net,+62-60-804-1932,Lubuklinggau,2023-09-08,Basic,2023-09-08,2025-05-20,False
350,P00297,Mala Dabukke,nadinesuryono@example.net,+62-60-804-1932,Lubuklinggau,2023-09-08,Gold,2025-05-20,,True
351,P00298,"Vanesa Nurdiyanti, S.E.I",wsinaga@example.net,+62 (047) 839 4256,Palu,2023-02-17,Gold,2023-02-17,,True
352,P00299,"Dr. Kezia Pertiwi, S.I.Kom",vanyasiregar@example.org,+62-516-108-9587,Pontianak,2024-10-14,Basic,2024-10-14,,True
353,P00300,"R. Baktiono Sitompul, M.TI.",rendy05@example.org,+62 (52) 704 0264,Kota Administrasi Jakarta Pusat,2023-08-01,Basic,2023-08-01,,True
354,P00301,dr. Ilsa Kusumo,kiandra50@example.com,+62 (0930) 330 3283,Cirebon,2024-02-12,Gold,2024-02-12,2025-04-03,False
355,P00301,dr. Ilsa Kusumo,kiandra50@example.com,+62 (0930) 330 3283,Cirebon,2024-02-12,Platinum,2025-04-03,,True
356,P00302,Tantri Wulandari,csusanti@example.com,(0973) 791 1235,Bukittinggi,2024-03-01,Platinum,2024-03-01,,True
357,P00303,Jinawi Firgantoro,ythamrin@example.net,+62 (0494) 915 8691,Lubuklinggau,2024-05-06,Basic,2024-05-06,,True
358,P00304,Drs. Prayoga Pratama,bsirait@example.com,0822474071,Pekanbaru,2024-11-01,Gold,2024-11-01,2025-06-08,False
359,P00304,Drs. Prayoga Pratama,bsirait@example.com,0822474071,Pekanbaru,2024-11-01,Platinum,2025-06-08,,True
360,P00305,Umar Irawan,,+62 (020) 831-1404,Surakarta,2023-10-29,Platinum,2023-10-29,,True
361,P00306,"R.M. Dipa Wastuti, S.Farm",yuliartipurwanto@example.net,+62 (0471) 532-3279,Kotamobagu,2023-04-22,Basic,2023-04-22,,True
362,P00307,Hasna Sihombing,aisyah86@example.net,+62-094-629-7218,Surakarta,2023-12-20,Basic,2023-12-20,,True
363,P00308,Gasti Utami,xhidayanto@example.org,086 172 1496,Tidore Kepulauan,2023-05-26,Basic,2023-05-26,2025-07-22,False
364,P00308,Gasti Utami,xhidayanto@example.org,086 172 1496,Tidore Kepulauan,2023-05-26,Gold,2025-07-22,,True
365,P00309,Irma Habibi,tyuliarti@example.net,+62 (11) 259-1389,Banjarbaru,2024-07-15,Basic,2024-07-15,2025-05-05,False
366,P00309,Irma Habibi,tyuliarti@example.net,+62 (11) 259-1389,Banjarbaru,2024-07-15,Gold,2025-05-05,,True
367,P00310,"Ami Irawan, S.E.",hafshah34@example.net,085 108 5629,Solok,2023-10-30,Basic,2023-10-30,,True
368,P00311,Sakura Lailasari,nashiruddindaruna@example.org,(0496) 355-5658,Kotamobagu,2024-05-24,Gold,2024-05-24,,True
369,P00312,"dr. Galak Yolanda, S.Gz",maryadisimanjuntak@example.com,086 925 2457,Kediri,2023-02-16,Basic,2023-02-16,,True
370,P00313,Balapati Rajasa,usiregar@example.com,+62-0130-899-9861,Bukittinggi,2023-06-04,Basic,2023-06-04,,True
371,P00314,Bahuwirya Putra,aryanidimaz@example.com,(099) 813-8694,Tomohon,2024-04-15,Basic,2024-04-15,,True
372,P00315,Dadi Suwarno,iswahyudiradit@example.net,+62 (0050) 116-5983,Magelang,2024-01-25,Basic,2024-01-25,,True
373,P00316,Ade Safitri,adiarja25@example.net,+62 (56) 540 5547,Tanjungbalai,2024-08-19,Basic,2024-08-19,2025-08-22,False
374,P00316,Ade Safitri,adiarja25@example.net,+62 (56) 540 5547,Tanjungbalai,2024-08-19,Gold,2025-08-22,,True
375,P00317,Vera Pratama,nasabthamrin@example.net,0835105557,Kota Administrasi Jakarta Pusat,2024-09-20,Basic,2024-09-20,,True
376,P00318,Paiman Prasetyo,elonsitumorang@example.com,(0104) 219-0527,Binjai,2024-10-15,Gold,2024-10-15,,True
377,P00319,Sakura Saptono,,+62-848-714-5776,Banjar,2024-05-10,Basic,2024-05-10,,True
378,P00320,Dr. Gina Winarsih,mahendraratna@example.org,(052) 686-0528,Banjarbaru,2024-01-15,Basic,2024-01-15,,True
379,P00321,Cakrabirawa Sihombing,yusufmaheswara@example.com,+62 (0134) 540-7432,Salatiga,2024-03-18,Basic,2024-03-18,,True
380,P00322,Vino Setiawan,alikapalastri@example.net,+62 (122) 210 4979,Sawahlunto,2023-12-26,Basic,2023-12-26,,True
381,P00323,"Paramita Dabukke, S.I.Kom",yprayoga@example.com,(0003) 471 0725,Balikpapan,2023-01-10,Basic,2023-01-10,,True
382,P00324,Warji Wulandari,hutagalungrahmi@example.org,(031) 973-2139,Langsa,2023-09-20,Basic,2023-09-20,,True
383,P00325,Eli Uyainah,wardayasiregar@example.com,+62-61-718-6170,Tanjungbalai,2024-05-10,Basic,2024-05-10,,True
384,P00326,Elvin Riyanti,wsiregar@example.net,+62 (061) 081 8187,Bogor,2023-12-16,Gold,2023-12-16,,True
385,P00327,"R.M. Cakrabirawa Wacana, S.I.Kom",hartana41@example.net,+62-0936-556-9436,Mataram,2023-02-20,Basic,2023-02-20,,True
386,P00328,Drs. Lulut Maheswara,ismail46@example.org,+62-096-362-7700,Tarakan,2023-08-14,Gold,2023-08-14,2025-08-02,False
387,P00328,Drs. Lulut Maheswara,ismail46@example.org,+62-096-362-7700,Tarakan,2023-08-14,Platinum,2025-08-02,,True
388,P00329,Puti Melinda Najmudin,fiswahyudi@example.net,+62 (075) 958-6070,Kota Administrasi Jakarta Timur,2024-07-06,Gold,2024-07-06,,True
389,P00330,Paulin Jailani,nadia98@example.org,0835225265,Jambi,2023-02-11,Gold,2023-02-11,,True
390,P00331,Sarah Tampubolon,baktianto17@example.org,+62-95-295-9142,Tomohon,2024-03-29,Basic,2024-03-29,,True
391,P00332,Vicky Hidayat,tambajelita@example.com,0804339774,Tarakan,2024-04-28,Basic,2024-04-28,,True
392,P00333,Cemplunk Suryatmi,lulutkuswandari@example.org,+62 (03) 627-4073,Pekalongan,2023-06-11,Basic,2023-06-11,2025-10-18,False
393,P00333,Cemplunk Suryatmi,lulutkuswandari@example.org,+62 (03) 627-4073,Pekalongan,2023-06-11,Gold,2025-10-18,,True
394,P00334,"Maria Zulaika, S.Sos",kenarianggraini@example.org,+62 (0018) 867-1900,Bima,2023-02-13,Basic,2023-02-13,2025-08-03,False
395,P00334,"Maria Zulaika, S.Sos",kenarianggraini@example.org,+62 (0018) 867-1900,Bima,2023-02-13,Gold,2025-08-03,,True
396,P00335,Mutia Yuniar,cayadinasyiah@example.com,+62 (21) 367-6511,Prabumulih,2024-01-22,Gold,2024-01-22,,True
397,P00336,Oni Firmansyah,kenes04@example.net,+62 (091) 444-4802,Banda Aceh,2023-05-13,Basic,2023-05-13,2025-06-06,False
398,P00336,Oni Firmansyah,kenes04@example.net,+62 (091) 444-4802,Banda Aceh,2023-05-13,Gold,2025-06-06,,True
399,P00337,"Ayu Novitasari, S.Farm",bakionomandala@example.org,+62 (0242) 693-0102,Makassar,2024-04-26,Basic,2024-04-26,,True
400,P00338,Jasmin Padmasari,gading87@example.com,+62 (077) 211 0539,Ambon,2023-07-20,Basic,2023-07-20,,True
401,P00339,R.A. Zulfa Damanik,rahayusabrina@example.org,+62-040-733-6013,Tangerang Selatan,2023-12-30,Basic,2023-12-30,,True
402,P00340,R. Kasiyah Prasetya,nilam77@example.org,+62-0866-178-7675,Surakarta,2024-05-25,Basic,2024-05-25,2025-09-02,False
403,P00340,R. Kasiyah Prasetya,nilam77@example.org,+62-0866-178-7675,Surakarta,2024-05-25,Gold,2025-09-02,,True
404,P00341,Dodo Palastri,isinaga@example.org,+62 (65) 006 2854,Depok,2024-01-21,Basic,2024-01-21,,True
405,P00342,Kamaria Hidayanto,kamaria58@example.org,+62 (029) 692-8635,Batu,2024-02-26,Gold,2024-02-26,,True
406,P00343,Drs. Maryanto Widodo,maulanajoko@example.net,+62-0322-503-2708,Pangkalpinang,2024-08-31,Basic,2024-08-31,,True
407,P00344,Rangga Astuti,prakasamulyanto@example.net,+62 (89) 173-4625,Cirebon,2023-08-15,Basic,2023-08-15,,True
408,P00345,Umaya Utami,wulandarihamzah@example.com,+62-014-903-1083,Bontang,2023-06-14,Basic,2023-06-14,,True
409,P00346,Rahmi Siregar,xsihotang@example.com,(059) 874-0760,Lhokseumawe,2024-08-02,Basic,2024-08-02,,True
410,P00347,Rahmat Hardiansyah,osudiati@example.org,(073) 106 4874,Tomohon,2023-06-17,Gold,2023-06-17,2025-05-24,False
411,P00347,Rahmat Hardiansyah,osudiati@example.org,(073) 106 4874,Tomohon,2023-06-17,Platinum,2025-05-24,,True
412,P00348,"Cut Ella Budiyanto, M.TI.",jumari85@example.org,+62 (51) 938 2610,Jambi,2024-01-12,Gold,2024-01-12,,True
413,P00349,Novi Hidayat,edipuspasari@example.org,(0074) 620 9683,Probolinggo,2024-11-19,Basic,2024-11-19,,True
414,P00350,Ika Budiyanto,simon35@example.net,+62-602-167-3094,Samarinda,2024-02-26,Gold,2024-02-26,,True
415,P00351,Tgk. Jatmiko Tampubolon,nsiregar@example.org,(081) 795-5320,Lubuklinggau,2024-09-17,Gold,2024-09-17,2025-09-23,False
416,P00351,Tgk. Jatmiko Tampubolon,nsiregar@example.org,(081) 795-5320,Lubuklinggau,2024-09-17,Platinum,2025-09-23,,True
417,P00352,"R.A. Queen Kusumo, S.Pt",setiawanlasmono@example.com,+62 (560) 795 4182,Banjarbaru,2024-11-24,Basic,2024-11-24,,True
418,P00353,Cakrabuana Handayani,jaiman54@example.com,+62 (066) 380-9912,Lubuklinggau,2023-10-16,Gold,2023-10-16,,True
419,P00354,Bagya Laksmiwati,jumadiuwais@example.org,(077) 996 9336,Makassar,2024-12-02,Basic,2024-12-02,,True
420,P00355,"Ami Waskita, S.IP",galihhakim@example.com,(041) 738-3154,Padang Sidempuan,2024-10-20,Basic,2024-10-20,,True
421,P00356,Panca Pratama,zsihombing@example.com,(051) 942 3730,Manado,2023-07-20,Basic,2023-07-20,2025-03-29,False
422,P00356,Panca Pratama,zsihombing@example.com,(051) 942 3730,Manado,2023-07-20,Gold,2025-03-29,,True
423,P00357,Dr. Satya Najmudin,ypratiwi@example.com,(036) 469 0704,Prabumulih,2024-10-11,Basic,2024-10-11,,True
424,P00358,Icha Latupono,omandongoran@example.net,+62 (097) 026-2727,Langsa,2024-05-11,Platinum,2024-05-11,,True
425,P00359,"Karen Firmansyah, S.Pd",nasab50@example.net,(045) 990-3852,Makassar,2024-05-12,Basic,2024-05-12,,True
426,P00360,T. Panji Rahayu,lulut23@example.org,+62 (226) 832 0519,Pangkalpinang,2023-08-31,Basic,2023-08-31,,True
427,P00361,Kasiyah Najmudin,gandidamanik@example.com,+62 (362) 083-0412,Pasuruan,2023-09-29,Platinum,2023-09-29,,True
428,P00362,Gawati Budiman,ynainggolan@example.com,(0715) 662 4863,Kediri,2024-08-17,Basic,2024-08-17,2025-03-23,False
429,P00362,Gawati Budiman,ynainggolan@example.com,(0715) 662 4863,Kediri,2024-08-17,Gold,2025-03-23,,True
430,P00363,"Ir. Mustika Budiman, S.E.",abyasamardhiyah@example.com,+62 (0701) 979 3199,Metro,2024-05-26,Basic,2024-05-26,,True
431,P00364,Joko Suryatmi,,+62 (0175) 625 0651,Sorong,2024-10-13,Gold,2024-10-13,2025-04-23,False
432,P00364,Joko Suryatmi,,+62 (0175) 625 0651,Sorong,2024-10-13,Platinum,2025-04-23,,True
433,P00365,"Puti Gasti Situmorang, S.E.I",prayitnakurniawan@example.net,0890643735,Padangpanjang,2024-11-25,Basic,2024-11-25,,True
434,P00366,"Budi Nasyiah, S.H.",imam25@example.org,+62 (076) 572 3157,Bukittinggi,2024-09-05,Gold,2024-09-05,,True
435,P00367,Kamila Mansur,dadi89@example.com,+62 (587) 492 3119,Surakarta,2023-12-09,Basic,2023-12-09,,True
436,P00368,Yuni Santoso,kasiranmangunsong@example.com,+62 (853) 794-0718,Tarakan,2024-09-10,Gold,2024-09-10,2025-06-22,False
437,P00368,Yuni Santoso,kasiranmangunsong@example.com,+62 (853) 794-0718,Tarakan,2024-09-10,Platinum,2025-06-22,,True
438,P00369,Mujur Halim,cnatsir@example.com,+62 (348) 538 4634,Serang,2024-08-29,Gold,2024-08-29,,True
439,P00370,Johan Namaga,ymarbun@example.com,+62-35-108-6456,Dumai,2023-08-30,Basic,2023-08-30,,True
440,P00371,"R.A. Oliva Fujiati, S.T.",hardiansyahsiska@example.com,+62-0915-510-7476,Solok,2023-03-25,Basic,2023-03-25,,True
441,P00372,"R.M. Kasim Handayani, S.Ked",mumpuni55@example.net,(046) 053-3174,Batu,2024-05-08,Basic,2024-05-08,,True
442,P00373,Yusuf Namaga,hidayatheru@example.org,(0289) 499 3817,Sukabumi,2024-05-22,Basic,2024-05-22,2025-04-03,False
443,P00373,Yusuf Namaga,hidayatheru@example.org,(0289) 499 3817,Sukabumi,2024-05-22,Gold,2025-04-03,,True
444,P00374,Wadi Kurniawan,olatupono@example.com,082 786 6385,Bengkulu,2023-01-02,Gold,2023-01-02,,True
445,P00375,Sabri Putra,olga37@example.com,(0407) 822 2139,Kediri,2023-05-11,Gold,2023-05-11,2025-07-29,False
446,P00375,Sabri Putra,olga37@example.com,(0407) 822 2139,Kediri,2023-05-11,Platinum,2025-07-29,,True
447,P00376,Setya Suryatmi,ganepwijayanti@example.org,+62-028-061-7392,Cirebon,2023-04-04,Basic,2023-04-04,,True
448,P00377,Gilda Mulyani,csuryatmi@example.org,+62 (51) 933 2243,Pematangsiantar,2024-11-09,Basic,2024-11-09,,True
449,P00378,Daru Kusumo,kania17@example.org,+62 (0049) 333-7906,Meulaboh,2024-03-11,Basic,2024-03-11,,True
450,P00379,Victoria Damanik,ajiman56@example.net,(078) 430-6281,Tangerang,2024-04-11,Gold,2024-04-11,2025-07-07,False
451,P00379,Victoria Damanik,ajiman56@example.net,(078) 430-6281,Tangerang,2024-04-11,Platinum,2025-07-07,,True
452,P00380,"Ir. Cindy Rahimah, M.TI.",npertiwi@example.org,+62 (109) 986-4789,Kotamobagu,2023-06-21,Basic,2023-06-21,,True
453,P00381,Salman Iswahyudi,abyasa73@example.com,+62 (79) 955 0610,Kota Administrasi Jakarta Selatan,2023-08-16,Basic,2023-08-16,,True
454,P00382,H. Perkasa Situmorang,rajatatiara@example.com,+62-265-899-5588,Sukabumi,2024-03-05,Basic,2024-03-05,,True
455,P00383,"Ida Tampubolon, S.Pd",warta27@example.net,+62-0579-342-7495,Bima,2023-01-05,Basic,2023-01-05,,True
456,P00384,"Bajragin Mardhiyah, M.Kom.",sirawan@example.org,+62-46-271-2443,Yogyakarta,2023-10-13,Basic,2023-10-13,2025-09-25,False
457,P00384,"Bajragin Mardhiyah, M.Kom.",sirawan@example.org,+62-46-271-2443,Yogyakarta,2023-10-13,Gold,2025-09-25,,True
458,P00385,dr. Endah Iswahyudi,wardiriyanti@example.com,+62 (036) 502-6491,Makassar,2024-11-07,Platinum,2024-11-07,,True
459,P00386,Adinata Siregar,slamet77@example.net,(085) 038-8905,Lhokseumawe,2024-06-07,Basic,2024-06-07,,True
460,P00387,R. Satya Yuliarti,pradiptaikhsan@example.com,(043) 267 7631,Tangerang,2024-07-18,Basic,2024-07-18,,True
461,P00388,"Dinda Haryanto, S.IP",hidayatjasmin@example.net,+62 (90) 607-9119,Kediri,2024-11-05,Basic,2024-11-05,2025-04-12,False
462,P00388,"Dinda Haryanto, S.IP",hidayatjasmin@example.net,+62 (90) 607-9119,Kediri,2024-11-05,Gold,2025-04-12,,True
463,P00389,Hani Fujiati,pradiptakasusra@example.org,(038) 784-8299,Batam,2023-08-12,Basic,2023-08-12,2025-10-13,False
464,P00389,Hani Fujiati,pradiptakasusra@example.org,(038) 784-8299,Batam,2023-08-12,Gold,2025-10-13,,True
465,P00390,Padmi Halimah,ihidayat@example.org,+62 (0723) 014-3246,Cilegon,2023-04-04,Basic,2023-04-04,,True
466,P00391,Ganjaran Natsir,rudi28@example.com,+62-671-736-5354,Padang Sidempuan,2023-02-09,Basic,2023-02-09,,True
467,P00392,Banara Winarsih,betania11@example.org,(083) 127-2887,Tasikmalaya,2023-05-14,Basic,2023-05-14,,True
468,P00393,Emas Uyainah,siraitelma@example.org,+62 (049) 623-5969,Surabaya,2023-08-17,Gold,2023-08-17,2025-03-28,False
469,P00393,Emas Uyainah,siraitelma@example.org,+62 (049) 623-5969,Surabaya,2023-08-17,Platinum,2025-03-28,,True
470,P00394,"Dt. Gandi Situmorang, S.IP",daliminrahimah@example.org,(0936) 176 1012,Salatiga,2023-03-03,Basic,2023-03-03,,True
471,P00395,T. Marsito Mardhiyah,aswani34@example.com,+62 (034) 763-6683,Bekasi,2023-11-25,Gold,2023-11-25,,True
472,P00396,"R. Agnes Permadi, S.Pt",sarah46@example.com,+62 (010) 453-1259,Pangkalpinang,2023-02-11,Basic,2023-02-11,,True
473,P00397,drg. Lukita Yuniar,jpurwanti@example.org,+62-16-601-8061,Kediri,2023-08-11,Basic,2023-08-11,2025-07-10,False
474,P00397,drg. Lukita Yuniar,jpurwanti@example.org,+62-16-601-8061,Kediri,2023-08-11,Gold,2025-07-10,,True
475,P00398,Drs. Elvina Wijaya,clara66@example.org,(005) 113 2499,Dumai,2023-04-10,Basic,2023-04-10,2025-03-26,False
476,P00398,Drs. Elvina Wijaya,clara66@example.org,(005) 113 2499,Dumai,2023-04-10,Gold,2025-03-26,,True
477,P00399,Nyoman Zulaika,vsihombing@example.com,+62 (011) 578 9627,Jayapura,2023-12-15,Basic,2023-12-15,,True
478,P00400,Balijan Zulaika,galiono25@example.org,(039) 732 7514,Ambon,2024-07-24,Basic,2024-07-24,,True
479,P00401,"R.A. Sari Padmasari, S.Farm",najmudinismail@example.org,(053) 398-4553,Ambon,2023-04-19,Basic,2023-04-19,,True
480,P00402,Tgk. Dariati Permata,umaya28@example.org,(020) 332 8868,Bau-Bau,2024-04-20,Basic,2024-04-20,,True
481,P00403,Ani Dabukke,bakiono82@example.org,+62 (951) 747 7367,Malang,2024-01-11,Gold,2024-01-11,2025-04-22,False
482,P00403,Ani Dabukke,bakiono82@example.org,+62 (951) 747 7367,Malang,2024-01-11,Platinum,2025-04-22,,True
483,P00404,"dr. Eja Saptono, S.Pt",idabukke@example.net,+62 (0028) 532-4943,Bandung,2023-11-28,Basic,2023-11-28,,True
484,P00405,Cut Genta Marbun,ksaputra@example.org,+62 (084) 589 7610,Lubuklinggau,2024-10-09,Basic,2024-10-09,,True
485,P00406,"Dwi Waluyo, S.I.Kom",lailasarirafi@example.com,(0781) 584-5459,Malang,2024-09-21,Basic,2024-09-21,,True
486,P00407,Wakiman Wibisono,karjahandayani@example.com,+62 (06) 428-0314,Banda Aceh,2024-09-19,Platinum,2024-09-19,,True
487,P00408,Jayeng Jailani,utamaedison@example.com,+62 (046) 804-2521,Sukabumi,2024-03-01,Basic,2024-03-01,,True
488,P00409,"Tgk. Harsana Megantara, S.Ked",usuryono@example.org,+62 (986) 265 5240,Batam,2023-12-22,Basic,2023-12-22,2025-10-09,False
489,P00409,"Tgk. Harsana Megantara, S.Ked",usuryono@example.org,+62 (986) 265 5240,Batam,2023-12-22,Gold,2025-10-09,,True
490,P00410,"Ir. Cindy Wulandari, S.Kom",wibisonodimas@example.com,+62 (62) 124 5529,Palopo,2023-10-13,Platinum,2023-10-13,,True
491,P00411,"H. Legawa Utama, S.Psi",myuliarti@example.org,+62 (063) 544 3340,Lubuklinggau,2024-03-18,Basic,2024-03-18,,True
492,P00412,Ana Nasyiah,,(0266) 023 1872,Bekasi,2023-03-01,Gold,2023-03-01,2025-05-30,False
493,P00412,Ana Nasyiah,,(0266) 023 1872,Bekasi,2023-03-01,Platinum,2025-05-30,,True
494,P00413,"Lala Manullang, M.Pd",jarwa92@example.com,+62 (73) 520 6128,Solok,2024-08-13,Basic,2024-08-13,2025-06-04,False
495,P00413,"Lala Manullang, M.Pd",jarwa92@example.com,+62 (73) 520 6128,Solok,2024-08-13,Gold,2025-06-04,,True
496,P00414,Rina Wahyuni,lhasanah@example.net,0821686913,Mataram,2024-08-04,Basic,2024-08-04,,True
497,P00415,Dr. Karen Riyanti,hutagalungtri@example.org,+62 (720) 238-2071,Parepare,2023-02-04,Basic,2023-02-04,2025-07-10,False
498,P00415,Dr. Karen Riyanti,hutagalungtri@example.org,+62 (720) 238-2071,Parepare,2023-02-04,Gold,2025-07-10,,True
499,P00416,"T. Saiful Pertiwi, S.Gz",maulanamalika@example.org,+62-060-265-2923,Bima,2024-02-11,Basic,2024-02-11,2025-07-15,False
500,P00416,"T. Saiful Pertiwi, S.Gz",maulanamalika@example.org,+62-060-265-2923,Bima,2024-02-11,Gold,2025-07-15,,True
501,P00417,Lalita Novitasari,febi31@example.org,+62-294-685-0756,Semarang,2024-04-27,Platinum,2024-04-27,,True
502,P00418,"T. Cahyo Maryadi, S.I.Kom",kmaryati@example.org,+62-072-084-9515,Malang,2024-04-14,Basic,2024-04-14,2025-03-31,False
503,P00418,"T. Cahyo Maryadi, S.I.Kom",kmaryati@example.org,+62-072-084-9515,Malang,2024-04-14,Gold,2025-03-31,,True
504,P00419,"Gina Maulana, S.Sos",siregarindah@example.net,+62 (0055) 491-9536,Mataram,2024-07-22,Basic,2024-07-22,,True
505,P00420,"drg. Ismail Nugroho, M.Ak",kurniaharyanto@example.com,+62 (249) 867 6413,Kupang,2023-06-17,Gold,2023-06-17,,True
506,P00421,"Uchita Padmasari, M.M.",simonlailasari@example.org,+62 (786) 390-5788,Kota Administrasi Jakarta Utara,2023-06-06,Basic,2023-06-06,,True
507,P00422,Prasetya Jailani,apadmasari@example.org,+62 (0723) 262 7849,Kota Administrasi Jakarta Timur,2024-11-20,Basic,2024-11-20,,True
508,P00423,drg. Garang Hutagalung,ihidayat@example.net,+62-46-306-8445,Tidore Kepulauan,2023-11-02,Basic,2023-11-02,,True
509,P00424,Daryani Namaga,lukmannamaga@example.com,+62 (457) 720-2927,Cimahi,2024-03-15,Basic,2024-03-15,,True
510,P00425,"dr. Malika Laksita, S.Psi",purnawatikemal@example.org,0840249031,Singkawang,2024-09-21,Basic,2024-09-21,2025-09-25,False
511,P00425,"dr. Malika Laksita, S.Psi",purnawatikemal@example.org,0840249031,Singkawang,2024-09-21,Gold,2025-09-25,,True
512,P00426,R.A. Tami Wibisono,umay90@example.org,+62-512-366-6833,Lubuklinggau,2023-02-28,Gold,2023-02-28,,True
513,P00427,Cornelia Suryatmi,wisnusafitri@example.com,(098) 713-4932,Parepare,2023-09-04,Basic,2023-09-04,2025-09-30,False
514,P00427,Cornelia Suryatmi,wisnusafitri@example.com,(098) 713-4932,Parepare,2023-09-04,Gold,2025-09-30,,True
515,P00428,Kardi Halim,jagapati03@example.org,+62 (14) 173 0154,Meulaboh,2023-08-12,Basic,2023-08-12,,True
516,P00429,"Galuh Gunarto, S.Psi",nugraha00@example.org,+62 (0978) 268-6256,Semarang,2024-10-11,Basic,2024-10-11,,True
517,P00430,"Saiful Tarihoran, S.E.I",ipermata@example.org,+62-0090-014-0514,Kotamobagu,2023-10-26,Basic,2023-10-26,,True
518,P00431,Salsabila Padmasari,iswahyuditaufan@example.net,+62-909-486-0509,Jambi,2024-10-14,Basic,2024-10-14,,True
519,P00432,"dr. Dono Uyainah, S.Pt",latuponoprabowo@example.net,+62 (0497) 753-0548,Dumai,2024-05-08,Basic,2024-05-08,,True
520,P00433,Agus Mansur,drajatsuwarno@example.net,+62-32-455-7209,Surabaya,2023-03-27,Basic,2023-03-27,,True
521,P00434,Kiandra Thamrin,dsantoso@example.com,+62-014-103-3352,Batu,2024-08-13,Basic,2024-08-13,,True
522,P00435,Ika Lailasari,maryadicakrawangsa@example.com,(0206) 306 0264,Medan,2024-02-18,Basic,2024-02-18,,True
523,P00436,Edi Budiyanto,aandriani@example.com,(083) 312 7406,Kotamobagu,2024-10-18,Gold,2024-10-18,,True
524,P00437,"Sutan Kayun Maryati, S.Sos",yyuliarti@example.net,0894472201,Gorontalo,2023-10-02,Basic,2023-10-02,,True
525,P00438,"Ibrahim Rahimah, M.Pd",,+62-73-254-7012,Kota Administrasi Jakarta Timur,2023-09-29,Basic,2023-09-29,,True
526,P00439,Manah Uyainah,pmaryati@example.org,(055) 784 7445,Sibolga,2023-12-21,Basic,2023-12-21,,True
527,P00440,Kamal Suryono,raharja71@example.net,+62-035-846-9206,Kota Administrasi Jakarta Utara,2024-09-12,Basic,2024-09-12,,True
528,P00441,"Novi Mandala, S.H.",calista11@example.com,+62 (034) 461 1982,Cilegon,2023-05-07,Basic,2023-05-07,2025-10-15,False
529,P00441,"Novi Mandala, S.H.",calista11@example.com,+62 (034) 461 1982,Cilegon,2023-05-07,Gold,2025-10-15,,True
530,P00442,"Catur Hassanah, S.Farm",gnarpati@example.org,0854580716,Semarang,2023-09-18,Basic,2023-09-18,2025-07-28,False
531,P00442,"Catur Hassanah, S.Farm",gnarpati@example.org,0854580716,Semarang,2023-09-18,Gold,2025-07-28,,True
532,P00443,R. Padmi Thamrin,salimahagustina@example.org,+62-768-881-0443,Pekalongan,2023-09-07,Basic,2023-09-07,,True
533,P00444,Sakura Utami,snamaga@example.org,086 993 6753,Pagaralam,2023-03-12,Basic,2023-03-12,2025-03-08,False
534,P00444,Sakura Utami,snamaga@example.org,086 993 6753,Pagaralam,2023-03-12,Gold,2025-03-08,,True
535,P00445,"Radit Hartati, S.Pt",hasnaprasasta@example.com,+62-091-259-7580,Sabang,2023-06-21,Basic,2023-06-21,,True
536,P00446,"Hj. Puti Hakim, S.Pt",ayulianti@example.org,086 888 2149,Pekalongan,2024-11-02,Basic,2024-11-02,,True
537,P00447,Samsul Suryono,dongoranwardaya@example.com,+62-96-709-6054,Purwokerto,2024-11-20,Gold,2024-11-20,2025-03-24,False
538,P00447,Samsul Suryono,dongoranwardaya@example.com,+62-96-709-6054,Purwokerto,2024-11-20,Platinum,2025-03-24,,True
539,P00448,"Diah Ardianto, S.IP",ademangunsong@example.org,+62 (90) 172-0567,Pekalongan,2023-09-25,Platinum,2023-09-25,,True
540,P00449,Muni Narpati,adhiarja57@example.com,+62 (77) 605 7669,Kota Administrasi Jakarta Pusat,2024-03-10,Basic,2024-03-10,,True
541,P00450,"dr. Maryanto Zulaika, M.M.",jaiman31@example.com,(0033) 592-7702,Probolinggo,2024-10-11,Basic,2024-10-11,,True
542,P00451,"Calista Saefullah, S.Ked",vmelani@example.org,+62-987-204-1019,Jayapura,2024-02-23,Gold,2024-02-23,2025-10-04,False
543,P00451,"Calista Saefullah, S.Ked",vmelani@example.org,+62-987-204-1019,Jayapura,2024-02-23,Platinum,2025-10-04,,True
544,P00452,Hartaka Wahyudin,titin31@example.net,+62 (991) 658-6118,Bau-Bau,2023-09-10,Basic,2023-09-10,,True
545,P00453,Tiara Hidayat,cpratiwi@example.net,+62 (0706) 205-7963,Jayapura,2024-05-01,Basic,2024-05-01,2025-06-20,False
546,P00453,Tiara Hidayat,cpratiwi@example.net,+62 (0706) 205-7963,Jayapura,2024-05-01,Gold,2025-06-20,,True
547,P00454,Rika Latupono,siska26@example.net,+62-65-643-7143,Payakumbuh,2023-09-09,Basic,2023-09-09,2025-05-14,False
548,P00454,Rika Latupono,siska26@example.net,+62-65-643-7143,Payakumbuh,2023-09-09,Gold,2025-05-14,,True
549,P00455,Cut Ayu Budiman,kenzie17@example.org,(0027) 766 3160,Jambi,2023-11-17,Gold,2023-11-17,2025-09-12,False
550,P00455,Cut Ayu Budiman,kenzie17@example.org,(0027) 766 3160,Jambi,2023-11-17,Platinum,2025-09-12,,True
551,P00456,"Kalim Mulyani, M.M.",prabowomumpuni@example.com,+62-98-918-1589,Batam,2024-01-31,Basic,2024-01-31,,True
552,P00457,R. Jagaraga Waskita,mitrasitompul@example.com,+62 (041) 924 4642,Meulaboh,2023-10-26,Basic,2023-10-26,,True
553,P00458,Anom Sihombing,dewi37@example.com,+62-0133-384-4194,Probolinggo,2024-09-29,Basic,2024-09-29,,True
554,P00459,Yulia Irawan,qori88@example.net,+62 (67) 680 1123,Cirebon,2024-05-01,Basic,2024-05-01,2025-09-04,False
555,P00459,Yulia Irawan,qori88@example.net,+62 (67) 680 1123,Cirebon,2024-05-01,Gold,2025-09-04,,True
556,P00460,"Dr. Suci Pertiwi, S.T.",reza86@example.com,083 612 5738,Surabaya,2023-10-24,Basic,2023-10-24,,True
557,P00461,Fathonah Wacana,wibowoputri@example.net,+62 (0757) 147 4417,Surakarta,2024-06-15,Basic,2024-06-15,2025-07-14,False
558,P00461,Fathonah Wacana,wibowoputri@example.net,+62 (0757) 147 4417,Surakarta,2024-06-15,Gold,2025-07-14,,True
559,P00462,Cagak Laksmiwati,zamira57@example.net,+62-059-173-2601,Bengkulu,2024-08-03,Basic,2024-08-03,,True
560,P00463,Simon Siregar,cawisonosafitri@example.org,+62-890-958-4006,Singkawang,2023-07-21,Basic,2023-07-21,,True
561,P00464,"Kasim Salahudin, S.Sos",frajasa@example.com,+62 (0627) 385-9275,Batu,2023-01-16,Basic,2023-01-16,,True
562,P00465,"Wawan Winarno, S.H.",usaputra@example.net,(011) 109 9243,Kota Administrasi Jakarta Utara,2024-07-02,Basic,2024-07-02,2025-05-16,False
563,P00465,"Wawan Winarno, S.H.",usaputra@example.net,(011) 109 9243,Kota Administrasi Jakarta Utara,2024-07-02,Gold,2025-05-16,,True
564,P00466,"R.M. Naradi Anggraini, S.E.",pardi63@example.net,+62-207-735-4051,Surakarta,2023-11-04,Platinum,2023-11-04,,True
565,P00467,dr. Asmuni Mandala,uwaiscawuk@example.com,+62-050-524-3430,Cirebon,2023-08-10,Basic,2023-08-10,,True
566,P00468,dr. Erik Nuraini,sinagaqueen@example.com,+62 (093) 251-9914,Banjar,2024-01-03,Basic,2024-01-03,,True
567,P00469,Genta Damanik,,(018) 398-7997,Pangkalpinang,2023-09-22,Gold,2023-09-22,,True
568,P00470,dr. Ibrani Firmansyah,ranggazulkarnain@example.net,+62 (38) 751 2311,Tangerang,2024-09-21,Basic,2024-09-21,,True
569,P00471,Humaira Natsir,rhakim@example.org,(0753) 372-0764,Ambon,2024-02-13,Basic,2024-02-13,,True
570,P00472,"R. Vera Thamrin, S.Sos",darsirah43@example.com,+62 (69) 747 4391,Padangpanjang,2023-11-29,Gold,2023-11-29,,True
571,P00473,"Karen Wastuti, M.Farm",lailahakim@example.org,+62 (0627) 786-9661,Palembang,2024-10-16,Basic,2024-10-16,,True
572,P00474,Putri Waskita,kurnia56@example.net,+62 (027) 961 1838,Denpasar,2024-01-06,Basic,2024-01-06,,True
573,P00475,"Nadia Laksmiwati, S.E.",utamikurnia@example.net,+62-057-138-6051,Kota Administrasi Jakarta Selatan,2024-12-02,Basic,2024-12-02,,True
574,P00476,Hilda Hidayat,purwadiwidodo@example.com,087 820 5076,Banjar,2023-11-17,Basic,2023-11-17,,True
575,P00477,Rahmi Aryani,cmegantara@example.com,+62 (77) 657 7064,Tegal,2023-05-15,Basic,2023-05-15,2025-06-28,False
576,P00477,Rahmi Aryani,cmegantara@example.com,+62 (77) 657 7064,Tegal,2023-05-15,Gold,2025-06-28,,True
577,P00478,Mila Lestari,csalahudin@example.org,+62 (87) 672 0219,Mataram,2024-09-20,Basic,2024-09-20,,True
578,P00479,"Drs. Padmi Simanjuntak, S.Farm",nova22@example.com,+62 (767) 943-8331,Jayapura,2023-03-07,Basic,2023-03-07,,True
579,P00480,Galang Suryono,bakiono82@example.com,+62-40-982-1139,Bekasi,2024-09-30,Basic,2024-09-30,,True
580,P00481,"Bagya Najmudin, M.Pd",vastuti@example.net,(0353) 662 3227,Kota Administrasi Jakarta Timur,2023-12-23,Basic,2023-12-23,,True
581,P00482,Cakrajiya Habibi,ypermadi@example.org,+62 (89) 564-5106,Langsa,2024-01-21,Basic,2024-01-21,,True
582,P00483,Syahrini Winarno,hutapeagading@example.org,+62-293-117-3967,Bekasi,2023-07-22,Basic,2023-07-22,,True
583,P00484,"Dadap Pratiwi, S.I.Kom",snovitasari@example.net,0853334204,Cirebon,2023-02-21,Basic,2023-02-21,2025-08-20,False
584,P00484,"Dadap Pratiwi, S.I.Kom",snovitasari@example.net,0853334204,Cirebon,2023-02-21,Gold,2025-08-20,,True
585,P00485,Puti Nadine Damanik,paimansuwarno@example.com,+62 (83) 633-3706,Sorong,2024-02-09,Basic,2024-02-09,,True
586,P00486,"Tgk. Harimurti Irawan, M.TI.",mlazuardi@example.net,0802666484,Padang,2023-03-19,Gold,2023-03-19,2025-08-15,False
587,P00486,"Tgk. Harimurti Irawan, M.TI.",mlazuardi@example.net,0802666484,Padang,2023-03-19,Platinum,2025-08-15,,True
588,P00487,Gatot Setiawan,tamimangunsong@example.org,+62 (074) 499-1295,Medan,2023-05-19,Basic,2023-05-19,,True
589,P00488,Bella Wacana,permadiyoga@example.net,+62 (0345) 091-9764,Padang,2024-10-03,Basic,2024-10-03,,True
590,P00489,"dr. Hamima Sihotang, S.Kom",nababanbahuwirya@example.com,+62 (0668) 045 3853,Pekalongan,2024-09-16,Gold,2024-09-16,2025-07-04,False
591,P00489,"dr. Hamima Sihotang, S.Kom",nababanbahuwirya@example.com,+62 (0668) 045 3853,Pekalongan,2024-09-16,Platinum,2025-07-04,,True
592,P00490,"Ir. Joko Hariyah, S.Kom",shakila57@example.org,(004) 453 9247,Madiun,2024-04-26,Basic,2024-04-26,,True
593,P00491,"Zelaya Hassanah, S.H.",hassanahwani@example.org,(021) 887-3919,Madiun,2023-05-03,Basic,2023-05-03,,True
594,P00492,"Karna Uwais, S.Kom",darukusmawati@example.com,+62-0537-451-5510,Blitar,2024-01-03,Gold,2024-01-03,,True
595,P00493,"Rafid Usada, S.E.I",,(019) 509 9655,Bandar Lampung,2024-01-27,Basic,2024-01-27,,True
596,P00494,"R. Devi Sudiati, M.M.",natsirbudi@example.com,+62 (0235) 633 0678,Tegal,2023-04-16,Basic,2023-04-16,,True
597,P00495,T. Ibrahim Fujiati,najam47@example.com,+62 (48) 578-5371,Sorong,2023-11-11,Basic,2023-11-11,,True
598,P00496,Ina Gunarto,gabriella26@example.net,+62-061-906-7809,Solok,2023-09-12,Basic,2023-09-12,,True
599,P00497,R.A. Sadina Prasetya,vanesarajata@example.com,(0086) 652 9601,Tidore Kepulauan,2024-05-31,Basic,2024-05-31,,True
600,P00498,Muni Hidayanto,dartono93@example.org,+62 (0287) 005-3759,Ternate,2024-09-16,Platinum,2024-09-16,,True
601,P00499,Edi Hartati,zfirgantoro@example.org,+62 (052) 237-0731,Padangpanjang,2024-04-27,Basic,2024-04-27,,True
602,P00500,Cornelia Wijaya,ratna86@example.com,+62 (0371) 554 7712,Cilegon,2024-04-25,Basic,2024-04-25,,True
603,P00501,"Vicky Mandasari, S.Gz",zharyanto@example.org,+62 (653) 185 2573,Padangpanjang,2023-04-13,Basic,2023-04-13,2025-08-15,False
604,P00501,"Vicky Mandasari, S.Gz",zharyanto@example.org,+62 (653) 185 2573,Padangpanjang,2023-04-13,Gold,2025-08-15,,True
605,P00502,Ir. Suci Lestari,jailanikarya@example.org,0827109034,Pontianak,2023-03-07,Basic,2023-03-07,2025-05-19,False
606,P00502,Ir. Suci Lestari,jailanikarya@example.org,0827109034,Pontianak,2023-03-07,Gold,2025-05-19,,True
607,P00503,Mahfud Namaga,tarihoranraina@example.net,(0185) 356 7742,Payakumbuh,2024-03-25,Basic,2024-03-25,,True
608,P00504,Cakrawangsa Najmudin,legawasamosir@example.org,(0968) 341 3429,Palembang,2024-02-27,Basic,2024-02-27,2025-05-11,False
609,P00504,Cakrawangsa Najmudin,legawasamosir@example.org,(0968) 341 3429,Palembang,2024-02-27,Gold,2025-05-11,,True
610,P00505,"drg. Maman Riyanti, S.Kom",budiyantokenes@example.com,+62 (84) 107-7944,Pasuruan,2023-09-05,Basic,2023-09-05,,True
611,P00506,"H. Harimurti Manullang, S.E.",qwaskita@example.com,+62 (17) 680-8585,Kota Administrasi Jakarta Selatan,2023-06-20,Basic,2023-06-20,,True
612,P00507,Hj. Intan Jailani,gsudiati@example.org,0837290469,Pematangsiantar,2024-11-21,Basic,2024-11-21,,True
613,P00508,"Ir. Padma Anggraini, S.H.",nwasita@example.net,+62-024-994-4404,Solok,2024-09-17,Basic,2024-09-17,,True
614,P00509,Bakiadi Prasasta,dodo76@example.com,+62 (043) 286 6184,Probolinggo,2024-04-10,Basic,2024-04-10,,True
615,P00510,"Oni Nasyidah, M.TI.",digdaya38@example.org,+62 (008) 692 3599,Sukabumi,2023-09-23,Basic,2023-09-23,,True
616,P00511,Rahmat Yolanda,drajatjailani@example.net,+62-775-528-9251,Langsa,2024-08-17,Platinum,2024-08-17,,True
617,P00512,Hesti Manullang,jprasetya@example.org,(055) 037-8156,Denpasar,2023-11-29,Platinum,2023-11-29,,True
618,P00513,Putri Uyainah,wahyuninajam@example.net,(0738) 720 7619,Solok,2024-08-11,Basic,2024-08-11,,True
619,P00514,Kayla Hassanah,irnanto69@example.org,+62-048-422-3205,Singkawang,2023-12-10,Basic,2023-12-10,,True
620,P00515,"R.M. Bakiadi Lestari, S.Psi",labuhprakasa@example.org,+62 (034) 775-3002,Solok,2024-07-07,Platinum,2024-07-07,,True
621,P00516,Kiandra Mardhiyah,syulianti@example.com,+62-070-270-1973,Depok,2024-02-03,Basic,2024-02-03,,True
622,P00517,Vicky Aryani,uchitayuniar@example.net,+62 (400) 772 1191,Tasikmalaya,2024-11-19,Basic,2024-11-19,,True
623,P00518,"Ir. Karta Prastuti, M.Farm",sarah33@example.com,+62 (0213) 978-4359,Kota Administrasi Jakarta Timur,2024-07-24,Basic,2024-07-24,,True
624,P00519,Yance Suwarno,galih77@example.net,+62-70-940-8393,Yogyakarta,2024-06-25,Basic,2024-06-25,,True
625,P00520,Narji Nasyidah,onasyiah@example.com,+62-0940-551-2243,Pekalongan,2023-03-14,Gold,2023-03-14,,True
626,P00521,"KH. Setya Sudiati, S.T.",amelia91@example.com,0872864048,Meulaboh,2023-07-24,Basic,2023-07-24,,True
627,P00522,"Jessica Salahudin, M.M.",ajiminnasyiah@example.net,(0668) 650-6826,Surakarta,2023-04-27,Basic,2023-04-27,,True
628,P00523,Argono Astuti,cpranowo@example.org,+62-435-445-6726,Tasikmalaya,2024-08-02,Basic,2024-08-02,,True
629,P00524,"Dr. Mahesa Pudjiastuti, S.Pt",phakim@example.com,(012) 383-9106,Kota Administrasi Jakarta Pusat,2023-02-08,Basic,2023-02-08,,True
630,P00525,Bakijan Prasetyo,malikanainggolan@example.net,(0048) 399-7093,Parepare,2024-11-21,Basic,2024-11-21,,True
631,P00526,Rina Aryani,darmanto99@example.com,+62-0106-442-5062,Palembang,2023-02-15,Basic,2023-02-15,,True
632,P00527,Patricia Manullang,rahimahjail@example.org,+62-04-678-7109,Kediri,2023-01-22,Basic,2023-01-22,,True
633,P00528,Melinda Wibisono,budiyantodirja@example.com,+62-01-333-1563,Depok,2023-02-16,Basic,2023-02-16,2025-07-19,False
634,P00528,Melinda Wibisono,budiyantodirja@example.com,+62-01-333-1563,Depok,2023-02-16,Gold,2025-07-19,,True
635,P00529,R.M. Hardi Anggriawan,haryantoajimin@example.org,082 183 4804,Makassar,2023-07-07,Basic,2023-07-07,2025-10-16,False
636,P00529,R.M. Hardi Anggriawan,haryantoajimin@example.org,082 183 4804,Makassar,2023-07-07,Gold,2025-10-16,,True
637,P00530,Estiawan Utami,pudjiastutijamal@example.org,+62 (0016) 429 9386,Kota Administrasi Jakarta Utara,2024-01-26,Gold,2024-01-26,,True
638,P00531,Dipa Hartati,xwidodo@example.com,086 412 7998,Banda Aceh,2024-03-11,Basic,2024-03-11,,True
639,P00532,Kasim Fujiati,wartawijaya@example.org,+62 (004) 358 9070,Tanjungpinang,2024-02-21,Basic,2024-02-21,2025-03-05,False
640,P00532,Kasim Fujiati,wartawijaya@example.org,+62 (004) 358 9070,Tanjungpinang,2024-02-21,Gold,2025-03-05,,True
641,P00533,Latika Nainggolan,dariatirahmawati@example.org,+62 (0542) 418 3164,Binjai,2024-09-05,Basic,2024-09-05,,True
642,P00534,Ade Maheswara,siregarwaluyo@example.com,0849807646,Pekanbaru,2024-05-07,Gold,2024-05-07,,True
643,P00535,Wirda Kusumo,uli24@example.org,0874649391,Sungai Penuh,2023-06-08,Basic,2023-06-08,,True
644,P00536,Raisa Budiyanto,tami79@example.com,(073) 423 9782,Magelang,2023-12-23,Basic,2023-12-23,,True
645,P00537,Naradi Laksmiwati,megantaravirman@example.org,+62-080-669-2789,Banjarbaru,2024-11-02,Basic,2024-11-02,,True
646,P00538,Balijan Widiastuti,rachel44@example.net,081 281 3607,Tanjungpinang,2023-04-23,Basic,2023-04-23,,True
647,P00539,"Luis Rajasa, M.Kom.",siraityosef@example.org,082 074 4222,Kota Administrasi Jakarta Selatan,2023-06-08,Basic,2023-06-08,,True
648,P00540,Cut Ellis Haryanto,milanurdiyanti@example.com,(017) 945-1697,Magelang,2024-02-19,Basic,2024-02-19,2025-09-05,False
649,P00540,Cut Ellis Haryanto,milanurdiyanti@example.com,(017) 945-1697,Magelang,2024-02-19,Gold,2025-09-05,,True
650,P00541,"Drs. Vera Pratiwi, S.H.",eyuliarti@example.org,(018) 422 3239,Magelang,2024-01-10,Gold,2024-01-10,2025-07-27,False
651,P00541,"Drs. Vera Pratiwi, S.H.",eyuliarti@example.org,(018) 422 3239,Magelang,2024-01-10,Platinum,2025-07-27,,True
652,P00542,Betania Hidayanto,gprasasta@example.net,+62-731-683-2690,Tasikmalaya,2023-02-21,Basic,2023-02-21,2025-06-13,False
653,P00542,Betania Hidayanto,gprasasta@example.net,+62-731-683-2690,Tasikmalaya,2023-02-21,Gold,2025-06-13,,True
654,P00543,"Dewi Laksita, S.E.I",mariaditampubolon@example.org,+62 (0386) 683 2633,Tangerang,2024-01-24,Basic,2024-01-24,,True
655,P00544,Hafshah Haryanti,pudjiastutigangsar@example.com,+62 (207) 776-3893,Mojokerto,2024-07-14,Basic,2024-07-14,2025-09-11,False
656,P00544,Hafshah Haryanti,pudjiastutigangsar@example.com,+62 (207) 776-3893,Mojokerto,2024-07-14,Gold,2025-09-11,,True
657,P00545,Garan Hariyah,yolandalasmono@example.net,(0384) 133-8540,Blitar,2024-07-16,Platinum,2024-07-16,,True
658,P00546,"Harjasa Puspasari, S.Psi",situmoranggarang@example.net,(0625) 617-3458,Purwokerto,2023-07-22,Basic,2023-07-22,2025-09-04,False
659,P00546,"Harjasa Puspasari, S.Psi",situmoranggarang@example.net,(0625) 617-3458,Purwokerto,2023-07-22,Gold,2025-09-04,,True
660,P00547,Najam Sirait,uwaislasmanto@example.com,+62 (0020) 126-8118,Magelang,2024-03-20,Gold,2024-03-20,,True
661,P00548,Gandi Yuliarti,muhammadoktaviani@example.net,+62 (29) 750 8023,Padang Sidempuan,2024-10-23,Basic,2024-10-23,,True
662,P00549,Bakda Prayoga,eja31@example.net,(0053) 623 3742,Lubuklinggau,2024-06-22,Basic,2024-06-22,,True
663,P00550,Reza Mardhiyah,manullangputri@example.org,+62-0680-740-2394,Bandar Lampung,2024-07-30,Platinum,2024-07-30,,True
664,P00551,Warsita Haryanti,zhardiansyah@example.com,+62-095-125-2562,Palangkaraya,2023-04-22,Basic,2023-04-22,,True
665,P00552,"R.M. Muni Namaga, S.Kom",ihsan30@example.net,(0973) 625-0914,Cilegon,2024-05-05,Gold,2024-05-05,2025-05-15,False
666,P00552,"R.M. Muni Namaga, S.Kom",ihsan30@example.net,(0973) 625-0914,Cilegon,2024-05-05,Platinum,2025-05-15,,True
667,P00553,Ulya Situmorang,vagustina@example.net,+62-869-738-8314,Jambi,2023-12-27,Gold,2023-12-27,,True
668,P00554,R.M. Daliono Ardianto,bellawulandari@example.com,+62 (246) 221 4501,Tidore Kepulauan,2024-02-07,Basic,2024-02-07,,True
669,P00555,"dr. Tania Yulianti, S.Kom",natsirperkasa@example.org,(061) 206-8366,Purwokerto,2023-11-07,Basic,2023-11-07,,True
670,P00556,"Ajiono Hakim, S.I.Kom",mumpuni03@example.net,+62 (03) 514 2196,Medan,2024-07-16,Basic,2024-07-16,,True
671,P00557,Anita Suryono,yusuf39@example.com,+62 (043) 879 8651,Medan,2024-02-01,Basic,2024-02-01,,True
672,P00558,Tari Kurniawan,ardiantodarijan@example.com,+62 (0291) 743-5140,Tegal,2024-09-13,Gold,2024-09-13,,True
673,P00559,"Lalita Pratiwi, S.Psi",ivan70@example.com,+62 (0317) 024-6002,Semarang,2023-11-01,Basic,2023-11-01,,True
674,P00560,"dr. Aris Hidayanto, S.Pd",kuswoyokania@example.net,+62-030-205-1598,Mataram,2023-12-21,Basic,2023-12-21,,True
675,P00561,"Shania Nainggolan, S.Pd",irsadhutapea@example.com,+62 (096) 934-1496,Batam,2023-03-17,Gold,2023-03-17,2025-09-25,False
676,P00561,"Shania Nainggolan, S.Pd",irsadhutapea@example.com,+62 (096) 934-1496,Batam,2023-03-17,Platinum,2025-09-25,,True
677,P00562,Raditya Prasasta,nurdiyantilulut@example.net,+62 (91) 442 3600,Gorontalo,2023-11-29,Basic,2023-11-29,,True
678,P00563,"R. Capa Jailani, S.IP",soleh43@example.org,+62 (03) 423-8589,Yogyakarta,2023-04-18,Basic,2023-04-18,2025-05-29,False
679,P00563,"R. Capa Jailani, S.IP",soleh43@example.org,+62 (03) 423-8589,Yogyakarta,2023-04-18,Gold,2025-05-29,,True
680,P00564,Novi Sinaga,dpermata@example.org,+62 (0701) 664 8819,Kota Administrasi Jakarta Barat,2023-02-26,Basic,2023-02-26,2025-10-04,False
681,P00564,Novi Sinaga,dpermata@example.org,+62 (0701) 664 8819,Kota Administrasi Jakarta Barat,2023-02-26,Gold,2025-10-04,,True
682,P00565,"Usman Safitri, M.Kom.",rafid75@example.com,+62 (061) 203 9707,Pagaralam,2023-08-27,Basic,2023-08-27,,True
683,P00566,Tgk. Febi Anggriawan,daliman54@example.org,+62 (032) 691 1754,Purwokerto,2023-11-25,Platinum,2023-11-25,,True
684,P00567,"Puti Dinda Iswahyudi, S.H.",iutama@example.net,+62-244-748-5542,Mojokerto,2024-06-12,Basic,2024-06-12,,True
685,P00568,Sabar Novitasari,kkurniawan@example.com,+62 (053) 827 6204,Pangkalpinang,2024-04-10,Basic,2024-04-10,,True
686,P00569,Yulia Prasetyo,baktionositorus@example.net,+62 (38) 716 0046,Yogyakarta,2023-12-17,Basic,2023-12-17,,True
687,P00570,Kawaya Wastuti,purnawatidewi@example.org,+62-31-779-8623,Bitung,2023-06-17,Basic,2023-06-17,2025-09-23,False
688,P00570,Kawaya Wastuti,purnawatidewi@example.org,+62-31-779-8623,Bitung,2023-06-17,Gold,2025-09-23,,True
689,P00571,Gambira Kurniawan,anggabayakusmawati@example.com,+62-044-686-4870,Bandung,2024-12-02,Gold,2024-12-02,,True
690,P00572,"T. Kambali Wibisono, S.E.",adinata20@example.com,+62 (154) 903 3355,Palopo,2024-11-29,Basic,2024-11-29,2025-08-06,False
691,P00572,"T. Kambali Wibisono, S.E.",adinata20@example.com,+62 (154) 903 3355,Palopo,2024-11-29,Gold,2025-08-06,,True
692,P00573,Kemba Wacana,iyolanda@example.net,081 531 3594,Pematangsiantar,2023-09-08,Basic,2023-09-08,2025-05-25,False
693,P00573,Kemba Wacana,iyolanda@example.net,081 531 3594,Pematangsiantar,2023-09-08,Gold,2025-05-25,,True
694,P00574,Ghaliyati Maryati,xhartati@example.org,(065) 266 6312,Pontianak,2024-04-02,Gold,2024-04-02,,True
695,P00575,"Dt. Cemani Mandala, S.Gz",oktavianiestiawan@example.net,(054) 879 1751,Prabumulih,2023-01-25,Basic,2023-01-25,,True
696,P00576,Latika Purnawati,clara79@example.org,080 228 4539,Bukittinggi,2024-01-10,Gold,2024-01-10,,True
697,P00577,Salsabila Novitasari,juli09@example.org,0820862512,Tomohon,2023-03-08,Basic,2023-03-08,,True
698,P00578,Lili Lailasari,fitriani51@example.com,+62 (151) 258-8330,Subulussalam,2023-04-02,Gold,2023-04-02,,True
699,P00579,KH. Dwi Utami,zulaikha15@example.org,(0077) 814 0203,Binjai,2024-10-17,Gold,2024-10-17,2025-06-14,False
700,P00579,KH. Dwi Utami,zulaikha15@example.org,(0077) 814 0203,Binjai,2024-10-17,Platinum,2025-06-14,,True
701,P00580,Teguh Sitorus,,+62-590-916-3432,Banjarbaru,2024-05-21,Basic,2024-05-21,,True
702,P00581,Gilda Wijaya,malamardhiyah@example.net,+62 (790) 786 7998,Pekalongan,2024-03-25,Basic,2024-03-25,2025-10-21,False
703,P00581,Gilda Wijaya,malamardhiyah@example.net,+62 (790) 786 7998,Pekalongan,2024-03-25,Gold,2025-10-21,,True
704,P00582,"R.A. Lintang Hariyah, S.Sos",ypranowo@example.net,+62-481-894-3284,Bontang,2024-11-25,Basic,2024-11-25,,True
705,P00583,Carub Farida,sakura65@example.net,+62 (59) 209 4481,Bandar Lampung,2024-01-02,Basic,2024-01-02,2025-08-23,False
706,P00583,Carub Farida,sakura65@example.net,+62 (59) 209 4481,Bandar Lampung,2024-01-02,Gold,2025-08-23,,True
707,P00584,Daliman Mardhiyah,ade85@example.net,+62 (0480) 397 1634,Pekanbaru,2023-05-15,Basic,2023-05-15,,True
708,P00585,"Cut Julia Pertiwi, S.Gz",lardianto@example.net,+62 (15) 968 8316,Sukabumi,2023-10-14,Basic,2023-10-14,,True
709,P00586,Hj. Unjani Lazuardi,ypuspasari@example.com,(024) 644 9373,Kupang,2023-05-12,Gold,2023-05-12,,True
710,P00587,Raihan Siregar,sbudiyanto@example.org,+62 (83) 718 7194,Banda Aceh,2023-08-06,Basic,2023-08-06,2025-03-11,False
711,P00587,Raihan Siregar,sbudiyanto@example.org,+62 (83) 718 7194,Banda Aceh,2023-08-06,Gold,2025-03-11,,True
712,P00588,Sabar Wasita,fanggraini@example.com,(0424) 912 3809,Bitung,2023-08-08,Basic,2023-08-08,,True
713,P00589,Mahdi Pratiwi,prabowojohan@example.com,+62-0074-649-1143,Bontang,2023-06-01,Basic,2023-06-01,2025-06-29,False
714,P00589,Mahdi Pratiwi,prabowojohan@example.com,+62-0074-649-1143,Bontang,2023-06-01,Gold,2025-06-29,,True
715,P00590,Farhunnisa Firgantoro,hamzahhalim@example.org,0872079238,Binjai,2023-09-28,Basic,2023-09-28,,True
716,P00591,Ellis Laksmiwati,lananghassanah@example.com,+62 (083) 908-5934,Palangkaraya,2024-02-05,Platinum,2024-02-05,,True
717,P00592,"KH. Jais Pangestu, S.Kom",saputragaduh@example.net,0866683513,Jayapura,2024-11-21,Basic,2024-11-21,2025-05-15,False
718,P00592,"KH. Jais Pangestu, S.Kom",saputragaduh@example.net,0866683513,Jayapura,2024-11-21,Gold,2025-05-15,,True
719,P00593,Eli Kusumo,gmansur@example.com,(037) 759-7854,Madiun,2024-08-20,Basic,2024-08-20,,True
720,P00594,"H. Kacung Halim, M.Pd",pangestu60@example.net,+62 (0328) 516 3816,Kota Administrasi Jakarta Selatan,2023-01-06,Basic,2023-01-06,,True
721,P00595,Makara Saptono,nyana57@example.net,+62-035-647-7748,Batu,2024-01-09,Basic,2024-01-09,2025-08-14,False
722,P00595,Makara Saptono,nyana57@example.net,+62-035-647-7748,Batu,2024-01-09,Gold,2025-08-14,,True
723,P00596,Dagel Safitri,ymangunsong@example.org,+62 (19) 346 1524,Bukittinggi,2023-10-21,Basic,2023-10-21,,True
724,P00597,"Kasiran Prasetyo, S.Kom",cakrabirawa09@example.org,+62-042-013-7304,Tasikmalaya,2024-06-28,Platinum,2024-06-28,,True
725,P00598,Zulaikha Hartati,bahuwiryatarihoran@example.net,086 006 2127,Samarinda,2024-09-04,Basic,2024-09-04,,True
726,P00599,Drs. Prabu Purwanti,nardiwaluyo@example.net,+62 (0598) 430-2912,Tual,2023-04-22,Gold,2023-04-22,,True
727,P00600,drg. Warji Firmansyah,aslijan75@example.com,+62-393-349-8918,Tual,2023-04-11,Basic,2023-04-11,2025-06-24,False
728,P00600,drg. Warji Firmansyah,aslijan75@example.com,+62-393-349-8918,Tual,2023-04-11,Gold,2025-06-24,,True
729,P00601,Ajimat Adriansyah,vnamaga@example.com,+62 (915) 856 7831,Medan,2023-03-26,Basic,2023-03-26,,True
730,P00602,Hasta Habibi,cemani76@example.com,+62-064-356-8344,Yogyakarta,2023-07-11,Basic,2023-07-11,,True
731,P00603,dr. Lembah Wahyuni,adiarjahalim@example.com,+62 (63) 172-8739,Cilegon,2024-08-02,Basic,2024-08-02,,True
732,P00604,Kairav Kusmawati,cutama@example.net,(066) 912-4143,Madiun,2023-11-04,Basic,2023-11-04,,True
733,P00605,"Tgk. Eli Nugroho, S.Pt",enajmudin@example.com,+62-007-062-9866,Tasikmalaya,2023-08-27,Gold,2023-08-27,2025-06-20,False
734,P00605,"Tgk. Eli Nugroho, S.Pt",enajmudin@example.com,+62-007-062-9866,Tasikmalaya,2023-08-27,Platinum,2025-06-20,,True
735,P00606,"Dr. Rahmi Situmorang, S.Ked",evaharyanti@example.com,+62-040-170-8219,Depok,2023-01-21,Gold,2023-01-21,2025-09-06,False
736,P00606,"Dr. Rahmi Situmorang, S.Ked",evaharyanti@example.com,+62-040-170-8219,Depok,2023-01-21,Platinum,2025-09-06,,True
737,P00607,"Humaira Yuniar, S.Kom",najwasihotang@example.org,+62 (0343) 797-9818,Ternate,2023-09-17,Basic,2023-09-17,2025-05-15,False
738,P00607,"Humaira Yuniar, S.Kom",najwasihotang@example.org,+62 (0343) 797-9818,Ternate,2023-09-17,Gold,2025-05-15,,True
739,P00608,Pranata Dongoran,pgunarto@example.com,+62 (0634) 954-0089,Banda Aceh,2024-05-21,Basic,2024-05-21,,True
740,P00609,Dalima Narpati,rahayuwardaya@example.org,+62 (380) 033 2274,Bontang,2023-11-11,Basic,2023-11-11,,True
741,P00610,Drs. Hesti Siregar,msimbolon@example.org,(0183) 016 0996,Banda Aceh,2023-09-10,Basic,2023-09-10,,True
742,P00611,Taufik Maulana,haryantisaadat@example.org,+62 (12) 702-0003,Tidore Kepulauan,2023-12-31,Platinum,2023-12-31,,True
743,P00612,Victoria Situmorang,agustinaputi@example.com,+62 (062) 427-5707,Denpasar,2024-04-23,Basic,2024-04-23,,True
744,P00613,Bakda Sirait,blatupono@example.net,+62 (86) 684-1252,Kediri,2024-04-08,Basic,2024-04-08,,True
745,P00614,Aslijan Iswahyudi,prasastaprayoga@example.org,(0335) 270-0257,Pontianak,2024-05-23,Basic,2024-05-23,,True
746,P00615,"dr. Ciaobella Hutasoit, S.I.Kom",qlazuardi@example.org,+62-019-372-3435,Sungai Penuh,2023-10-26,Basic,2023-10-26,,True
747,P00616,Caket Prabowo,jamaliamarpaung@example.org,(0732) 306 7855,Makassar,2023-07-03,Gold,2023-07-03,2025-03-27,False
748,P00616,Caket Prabowo,jamaliamarpaung@example.org,(0732) 306 7855,Makassar,2023-07-03,Platinum,2025-03-27,,True
749,P00617,Viktor Yuliarti,,+62-735-948-7546,Pontianak,2024-05-28,Gold,2024-05-28,,True
750,P00618,"Puti Waskita, S.H.",whandayani@example.com,(0218) 022 0904,Payakumbuh,2023-02-16,Basic,2023-02-16,2025-04-26,False
751,P00618,"Puti Waskita, S.H.",whandayani@example.com,(0218) 022 0904,Payakumbuh,2023-02-16,Gold,2025-04-26,,True
752,P00619,R.A. Qori Nababan,pnapitupulu@example.com,(0985) 608 6891,Singkawang,2023-10-04,Basic,2023-10-04,,True
753,P00620,"Vanesa Hakim, M.Farm",gmulyani@example.net,+62 (310) 695 1113,Banjarbaru,2024-02-12,Basic,2024-02-12,,True
754,P00621,Sakura Zulaika,sihotanggilda@example.org,+62 (479) 786 8338,Pontianak,2023-02-10,Basic,2023-02-10,,True
755,P00622,"R. Makara Zulkarnain, S.IP",nabilanamaga@example.net,+62 (296) 334-5322,Payakumbuh,2023-07-30,Basic,2023-07-30,,True
756,P00623,Sutan Taufan Suwarno,warsitatamba@example.net,0835944952,Pagaralam,2023-07-13,Basic,2023-07-13,,True
757,P00624,Uchita Sihombing,hafshah17@example.com,+62 (882) 254 8984,Binjai,2023-01-07,Basic,2023-01-07,2025-05-20,False
758,P00624,Uchita Sihombing,hafshah17@example.com,+62 (882) 254 8984,Binjai,2023-01-07,Gold,2025-05-20,,True
759,P00625,Atmaja Samosir,luhungwijaya@example.net,(0365) 033-8926,Tarakan,2024-07-24,Basic,2024-07-24,,True
760,P00626,Maras Waskita,dadriansyah@example.org,(031) 125-7233,Samarinda,2024-09-06,Basic,2024-09-06,,True
761,P00627,dr. Raden Saputra,prasetyopaulin@example.org,+62-100-469-9311,Serang,2023-10-31,Gold,2023-10-31,,True
762,P00628,"KH. Leo Wulandari, S.E.",ediwacana@example.net,(017) 345 7093,Medan,2023-10-01,Basic,2023-10-01,,True
763,P00629,"Sutan Murti Suryatmi, S.Sos",qyuliarti@example.net,+62-0034-252-2923,Purwokerto,2023-03-18,Basic,2023-03-18,,True
764,P00630,KH. Bancar Susanti,rahmilestari@example.net,+62 (013) 738-8861,Pekanbaru,2023-07-26,Gold,2023-07-26,2025-05-10,False
765,P00630,KH. Bancar Susanti,rahmilestari@example.net,+62 (013) 738-8861,Pekanbaru,2023-07-26,Platinum,2025-05-10,,True
766,P00631,"H. Jumadi Simanjuntak, S.I.Kom",padmasaricaraka@example.net,+62-92-613-2991,Sukabumi,2024-08-23,Basic,2024-08-23,,True
767,P00632,Muni Sihotang,jaeman72@example.net,+62 (001) 805-6264,Gorontalo,2024-11-01,Basic,2024-11-01,,True
768,P00633,Patricia Tampubolon,bnainggolan@example.net,(098) 889 5866,Langsa,2023-08-08,Basic,2023-08-08,,True
769,P00634,"Ir. Padmi Wahyuni, M.Pd",queenuwais@example.com,(055) 601 4450,Tomohon,2024-02-10,Basic,2024-02-10,,True
770,P00635,"drg. Jail Dabukke, S.E.I",hasan96@example.net,+62 (177) 670 8908,Payakumbuh,2023-12-02,Basic,2023-12-02,,True
771,P00636,Prabawa Adriansyah,rlestari@example.org,+62-680-819-2022,Madiun,2023-09-03,Basic,2023-09-03,,True
772,P00637,Sutan Mulyono Mulyani,oktavianigarang@example.org,+62-75-463-0468,Payakumbuh,2023-05-21,Basic,2023-05-21,,True
773,P00638,"Azalea Prasetyo, S.Farm",karen84@example.net,+62 (96) 677-9432,Tarakan,2023-03-24,Basic,2023-03-24,,True
774,P00639,"drg. Darmaji Rahayu, S.Farm",uastuti@example.net,+62 (044) 969 7089,Blitar,2024-04-25,Basic,2024-04-25,,True
775,P00640,"Kamaria Riyanti, S.T.",uprasasta@example.com,+62-065-139-7520,Bekasi,2024-03-19,Basic,2024-03-19,,True
776,P00641,Ibrani Mustofa,iwahyuni@example.com,(000) 574-1642,Serang,2024-08-22,Basic,2024-08-22,2025-06-21,False
777,P00641,Ibrani Mustofa,iwahyuni@example.com,(000) 574-1642,Serang,2024-08-22,Gold,2025-06-21,,True
778,P00642,Winda Mandasari,karsananugroho@example.com,+62 (53) 710 0536,Tomohon,2023-06-04,Gold,2023-06-04,,True
779,P00643,Dina Puspita,taufik97@example.net,+62-0316-934-1425,Tidore Kepulauan,2023-04-04,Gold,2023-04-04,,True
780,P00644,"Hesti Rahmawati, S.Pt",jais04@example.org,+62 (78) 324-9855,Sawahlunto,2023-08-30,Platinum,2023-08-30,,True
781,P00645,Vicky Kurniawan,wisnusaputra@example.com,(032) 172-6367,Tasikmalaya,2023-07-29,Basic,2023-07-29,,True
782,P00646,Dr. Gaman Mahendra,ridwan86@example.com,+62 (334) 679-0146,Gorontalo,2023-01-18,Basic,2023-01-18,,True
783,P00647,Rachel Halimah,firmansyahpadmi@example.org,+62 (817) 594-2655,Kendari,2023-10-23,Basic,2023-10-23,,True
784,P00648,Dr. Tania Mandala,widiastutitantri@example.org,+62 (073) 767-3968,Kota Administrasi Jakarta Selatan,2024-06-01,Basic,2024-06-01,2025-08-18,False
785,P00648,Dr. Tania Mandala,widiastutitantri@example.org,+62 (073) 767-3968,Kota Administrasi Jakarta Selatan,2024-06-01,Gold,2025-08-18,,True
786,P00649,Clara Anggriawan,gawati29@example.net,088 132 1636,Sungai Penuh,2023-02-11,Basic,2023-02-11,,True
787,P00650,Cut Aisyah Widiastuti,wacanahani@example.org,084 455 5108,Tual,2023-07-15,Basic,2023-07-15,,True
788,P00651,Ridwan Pratama,luluhpangestu@example.net,+62 (0890) 719-3140,Pekanbaru,2024-07-21,Basic,2024-07-21,,True
789,P00652,"R. Jono Prayoga, S.Sos",laksmiwatikuncara@example.org,+62-475-341-3789,Parepare,2024-03-09,Basic,2024-03-09,2025-04-13,False
790,P00652,"R. Jono Prayoga, S.Sos",laksmiwatikuncara@example.org,+62-475-341-3789,Parepare,2024-03-09,Gold,2025-04-13,,True
791,P00653,"Rahmat Kusmawati, S.Pd",kartamarbun@example.com,+62 (48) 476-3203,Bukittinggi,2023-12-18,Gold,2023-12-18,,True
792,P00654,Emin Situmorang,gilda58@example.com,(0524) 622 1855,Sukabumi,2024-01-02,Basic,2024-01-02,,True
793,P00655,Ajeng Wibowo,paulin53@example.org,+62 (0290) 139 4796,Pagaralam,2024-10-19,Basic,2024-10-19,,True
794,P00656,Slamet Gunarto,wpangestu@example.net,+62-452-794-6888,Yogyakarta,2023-09-06,Basic,2023-09-06,2025-10-17,False
795,P00656,Slamet Gunarto,wpangestu@example.net,+62-452-794-6888,Yogyakarta,2023-09-06,Gold,2025-10-17,,True
796,P00657,Hari Gunarto,safina17@example.net,+62 (003) 638-5171,Bau-Bau,2023-03-30,Basic,2023-03-30,,True
797,P00658,Ibun Budiyanto,milasusanti@example.com,+62 (75) 461 4802,Ternate,2024-08-22,Gold,2024-08-22,,True
798,P00659,Bakiadi Haryanto,wirda53@example.org,0842215939,Jambi,2024-09-14,Gold,2024-09-14,,True
799,P00660,Violet Hidayat,purwadi12@example.org,+62 (0012) 441 7420,Probolinggo,2024-04-05,Gold,2024-04-05,,True
800,P00661,Shania Haryanto,qpradipta@example.com,+62 (0854) 068-8820,Bontang,2023-06-26,Basic,2023-06-26,2025-03-10,False
801,P00661,Shania Haryanto,qpradipta@example.com,+62 (0854) 068-8820,Bontang,2023-06-26,Gold,2025-03-10,,True
802,P00662,Mursinin Lazuardi,cager83@example.org,+62 (0887) 102 5129,Sorong,2024-05-30,Gold,2024-05-30,,True
803,P00663,Rahayu Halimah,puspasarisiska@example.org,+62-17-629-8250,Bukittinggi,2023-08-26,Gold,2023-08-26,,True
804,P00664,"Dr. Kamaria Mangunsong, M.M.",pradiptakania@example.com,+62 (0212) 942 7363,Jayapura,2023-06-06,Basic,2023-06-06,2025-08-26,False
805,P00664,"Dr. Kamaria Mangunsong, M.M.",pradiptakania@example.com,+62 (0212) 942 7363,Jayapura,2023-06-06,Gold,2025-08-26,,True
806,P00665,Ir. Iriana Adriansyah,pwahyudin@example.org,+62 (093) 752-7152,Padangpanjang,2023-07-05,Basic,2023-07-05,2025-04-22,False
807,P00665,Ir. Iriana Adriansyah,pwahyudin@example.org,+62 (093) 752-7152,Padangpanjang,2023-07-05,Gold,2025-04-22,,True
808,P00666,Oskar Pertiwi,endra79@example.net,0893470944,Surabaya,2023-03-17,Gold,2023-03-17,2025-06-20,False
809,P00666,Oskar Pertiwi,endra79@example.net,0893470944,Surabaya,2023-03-17,Platinum,2025-06-20,,True
810,P00667,Clara Haryanti,epalastri@example.net,+62 (0544) 867-3379,Padangpanjang,2024-03-03,Platinum,2024-03-03,,True
811,P00668,Cinta Maryati,hairyanto24@example.com,+62 (665) 155 2563,Makassar,2024-09-10,Basic,2024-09-10,2025-09-17,False
812,P00668,Cinta Maryati,hairyanto24@example.com,+62 (665) 155 2563,Makassar,2024-09-10,Gold,2025-09-17,,True
813,P00669,Koko Padmasari,utamihasta@example.com,+62 (0788) 635 6577,Pagaralam,2023-06-05,Basic,2023-06-05,,True
814,P00670,Julia Gunawan,hildanashiruddin@example.org,(060) 826 9637,Tebingtinggi,2024-06-09,Basic,2024-06-09,,True
815,P00671,Belinda Siregar,ivan56@example.com,+62 (55) 694-6957,Semarang,2024-03-23,Basic,2024-03-23,,True
816,P00672,"Dr. Yuni Hidayat, M.TI.",nadiausada@example.org,+62 (86) 115-9350,Kota Administrasi Jakarta Pusat,2023-06-10,Basic,2023-06-10,,True
817,P00673,Kasiyah Iswahyudi,taswirmaheswara@example.com,+62 (0430) 136-1324,Binjai,2024-05-13,Basic,2024-05-13,,True
818,P00674,"Bala Aryani, S.Pd",wahyuniteddy@example.org,+62 (379) 594 7875,Makassar,2024-10-31,Platinum,2024-10-31,,True
819,P00675,Ir. Gamblang Damanik,eko94@example.org,(0056) 953 9186,Tomohon,2023-03-02,Basic,2023-03-02,,True
820,P00676,Raditya Yuliarti,irnantousamah@example.net,+62-40-864-3038,Pariaman,2024-08-07,Basic,2024-08-07,2025-05-24,False
821,P00676,Raditya Yuliarti,irnantousamah@example.net,+62-40-864-3038,Pariaman,2024-08-07,Gold,2025-05-24,,True
822,P00677,Cut Siska Napitupulu,lembahmulyani@example.net,+62 (023) 050 3628,Bengkulu,2023-05-04,Basic,2023-05-04,,True
823,P00678,Muni Kurniawan,ftampubolon@example.com,+62 (36) 546 0396,Bandung,2023-05-22,Basic,2023-05-22,,True
824,P00679,Hafshah Pranowo,tantrimandasari@example.com,(047) 553-2263,Prabumulih,2023-01-14,Basic,2023-01-14,2025-05-05,False
825,P00679,Hafshah Pranowo,tantrimandasari@example.com,(047) 553-2263,Prabumulih,2023-01-14,Gold,2025-05-05,,True
826,P00680,"Pangeran Situmorang, M.M.",jwulandari@example.org,+62 (113) 868 3132,Kota Administrasi Jakarta Utara,2023-09-03,Basic,2023-09-03,2025-10-16,False
827,P00680,"Pangeran Situmorang, M.M.",jwulandari@example.org,+62 (113) 868 3132,Kota Administrasi Jakarta Utara,2023-09-03,Gold,2025-10-16,,True
828,P00681,Rahmi Padmasari,ani50@example.org,+62 (047) 043-3545,Kota Administrasi Jakarta Pusat,2024-07-18,Basic,2024-07-18,2025-08-19,False
829,P00681,Rahmi Padmasari,ani50@example.org,+62 (047) 043-3545,Kota Administrasi Jakarta Pusat,2024-07-18,Gold,2025-08-19,,True
830,P00682,Widya Mandasari,tedi97@example.com,0844340960,Yogyakarta,2024-08-22,Basic,2024-08-22,,True
831,P00683,"drg. Natalia Saefullah, S.IP",rlailasari@example.net,(061) 350 9893,Palopo,2023-01-28,Gold,2023-01-28,,True
832,P00684,"Cagak Megantara, S.Ked",qmanullang@example.com,+62-243-660-2203,Parepare,2024-06-13,Gold,2024-06-13,,True
833,P00685,Vero Jailani,shalim@example.com,+62 (655) 526-4155,Parepare,2023-07-03,Gold,2023-07-03,2025-04-05,False
834,P00685,Vero Jailani,shalim@example.com,+62 (655) 526-4155,Parepare,2023-07-03,Platinum,2025-04-05,,True
835,P00686,"Gaiman Sitorus, S.Pd",xlaksita@example.org,083 842 3308,Kota Administrasi Jakarta Timur,2023-11-14,Platinum,2023-11-14,,True
836,P00687,"R.A. Zelaya Namaga, S.IP",whutapea@example.org,+62 (498) 815 8943,Cirebon,2023-04-20,Basic,2023-04-20,,True
837,P00688,"Zalindra Yuniar, S.Farm",suryonoulva@example.com,+62 (032) 963-9924,Serang,2024-10-15,Basic,2024-10-15,,True
838,P00689,dr. Dimas Uyainah,qorihutapea@example.com,+62-994-333-3357,Pariaman,2024-02-15,Basic,2024-02-15,,True
839,P00690,Capa Samosir,fathonah21@example.net,+62 (048) 779-3136,Pekalongan,2024-03-25,Basic,2024-03-25,2025-10-28,False
840,P00690,Capa Samosir,fathonah21@example.net,+62 (048) 779-3136,Pekalongan,2024-03-25,Gold,2025-10-28,,True
841,P00691,Hj. Kartika Wijayanti,digdaya10@example.com,+62-73-147-8410,Tanjungbalai,2023-08-07,Basic,2023-08-07,2025-09-20,False
842,P00691,Hj. Kartika Wijayanti,digdaya10@example.com,+62-73-147-8410,Tanjungbalai,2023-08-07,Gold,2025-09-20,,True
843,P00692,Drs. Darmaji Haryanto,siregarlantar@example.org,(0345) 327 9440,Pagaralam,2024-03-28,Gold,2024-03-28,,True
844,P00693,Mariadi Wijayanti,candrarahayu@example.com,+62 (855) 573 6592,Padang Sidempuan,2023-05-06,Gold,2023-05-06,,True
845,P00694,"Rudi Saragih, M.TI.",soleh41@example.net,+62-076-577-9676,Kota Administrasi Jakarta Barat,2024-07-31,Platinum,2024-07-31,,True
846,P00695,Bakiman Jailani,marwata26@example.net,+62 (09) 224-8185,Semarang,2024-10-09,Basic,2024-10-09,,True
847,P00696,"R. Cawuk Pangestu, S.IP",padmasarirusman@example.net,+62 (027) 057-4059,Subulussalam,2024-08-04,Gold,2024-08-04,2025-03-23,False
848,P00696,"R. Cawuk Pangestu, S.IP",padmasarirusman@example.net,+62 (027) 057-4059,Subulussalam,2024-08-04,Platinum,2025-03-23,,True
849,P00697,Citra Sihombing,lamarhassanah@example.net,(027) 947 2215,Salatiga,2023-10-09,Basic,2023-10-09,,True
850,P00698,Gina Kurniawan,samsul24@example.org,+62-001-786-0638,Cimahi,2024-01-03,Basic,2024-01-03,2025-05-23,False
851,P00698,Gina Kurniawan,samsul24@example.org,+62-001-786-0638,Cimahi,2024-01-03,Gold,2025-05-23,,True
852,P00699,Nadia Ardianto,uwijaya@example.org,(0602) 613-9975,Balikpapan,2023-08-18,Basic,2023-08-18,,True
853,P00700,Jati Oktaviani,drajatwibowo@example.com,+62 (0297) 948 4291,Metro,2024-08-11,Basic,2024-08-11,2025-03-27,False
854,P00700,Jati Oktaviani,drajatwibowo@example.com,+62 (0297) 948 4291,Metro,2024-08-11,Gold,2025-03-27,,True
855,P00701,Ade Permadi,marsito20@example.net,(0251) 483-9397,Jambi,2024-08-06,Gold,2024-08-06,,True
856,P00702,Tgk. Jamalia Prastuti,aisyah17@example.net,+62-097-780-3945,Batu,2024-02-16,Basic,2024-02-16,,True
857,P00703,Novi Damanik,kadirnatsir@example.com,+62-0777-487-1552,Bandar Lampung,2024-03-16,Basic,2024-03-16,,True
858,P00704,Rachel Tarihoran,mandalamumpuni@example.net,+62 (079) 184-0436,Palembang,2023-06-18,Gold,2023-06-18,,True
859,P00705,Jais Simanjuntak,jamalia85@example.org,+62 (291) 113 1835,Tanjungbalai,2023-06-03,Basic,2023-06-03,,True
860,P00706,drg. Citra Hasanah,lailasamosir@example.com,(0851) 787-0587,Balikpapan,2024-01-28,Basic,2024-01-28,,True
861,P00707,Cahyo Usada,widodopandu@example.org,+62-032-735-5245,Sukabumi,2023-03-05,Basic,2023-03-05,,True
862,P00708,Cagak Permata,banawihartati@example.com,+62 (094) 365-0652,Kota Administrasi Jakarta Selatan,2024-11-29,Basic,2024-11-29,2025-05-08,False
863,P00708,Cagak Permata,banawihartati@example.com,+62 (094) 365-0652,Kota Administrasi Jakarta Selatan,2024-11-29,Gold,2025-05-08,,True
864,P00709,Balapati Salahudin,tasdiksuwarno@example.org,+62-067-049-5767,Kupang,2024-03-09,Basic,2024-03-09,,True
865,P00710,Banara Jailani,salahudinnasrullah@example.net,+62-99-659-6989,Prabumulih,2024-02-07,Gold,2024-02-07,,True
866,P00711,Mahesa Uyainah,galihuwais@example.net,+62 (15) 249-8952,Banjar,2023-04-08,Basic,2023-04-08,,True
867,P00712,Faizah Pradipta,faridadirja@example.net,0843940035,Kediri,2024-04-08,Basic,2024-04-08,,True
868,P00713,Gamanto Rajata,janemandala@example.com,+62 (0029) 349-8523,Parepare,2024-08-18,Gold,2024-08-18,,True
869,P00714,Uchita Budiyanto,qhandayani@example.com,+62 (067) 479-3494,Cirebon,2024-10-03,Basic,2024-10-03,,True
870,P00715,Praba Iswahyudi,sitompulaswani@example.org,(012) 726 3881,Yogyakarta,2024-02-26,Basic,2024-02-26,,True
871,P00716,Nova Winarsih,hariyahjinawi@example.net,+62 (046) 081 2143,Makassar,2023-08-19,Basic,2023-08-19,2025-04-03,False
872,P00716,Nova Winarsih,hariyahjinawi@example.net,+62 (046) 081 2143,Makassar,2023-08-19,Gold,2025-04-03,,True
873,P00717,Danang Nainggolan,mprastuti@example.net,+62 (0447) 555-3568,Semarang,2023-08-05,Gold,2023-08-05,2025-04-30,False
874,P00717,Danang Nainggolan,mprastuti@example.net,+62 (0447) 555-3568,Semarang,2023-08-05,Platinum,2025-04-30,,True
875,P00718,Shakila Wahyudin,siti30@example.net,+62 (87) 591 0872,Palangkaraya,2023-12-31,Basic,2023-12-31,,True
876,P00719,Nalar Waskita,melinda60@example.net,(0995) 051-6264,Cimahi,2024-10-01,Basic,2024-10-01,,True
877,P00720,"R. Fathonah Gunarto, S.Farm",dhutasoit@example.com,(029) 159-1181,Padang,2023-09-07,Basic,2023-09-07,2025-07-07,False
878,P00720,"R. Fathonah Gunarto, S.Farm",dhutasoit@example.com,(029) 159-1181,Padang,2023-09-07,Gold,2025-07-07,,True
879,P00721,KH. Caket Prabowo,wibisonocalista@example.net,+62-323-877-1665,Ternate,2024-11-20,Basic,2024-11-20,,True
880,P00722,Dt. Wakiman Hidayat,irma36@example.org,+62 (779) 496 9156,Kota Administrasi Jakarta Timur,2024-04-26,Basic,2024-04-26,,True
881,P00723,"Julia Putra, S.I.Kom",piahandayani@example.net,+62 (0391) 664-6917,Gorontalo,2024-11-19,Basic,2024-11-19,2025-07-02,False
882,P00723,"Julia Putra, S.I.Kom",piahandayani@example.net,+62 (0391) 664-6917,Gorontalo,2024-11-19,Gold,2025-07-02,,True
883,P00724,Sutan Harja Padmasari,prayogacinta@example.org,+62 (53) 152-1644,Depok,2023-08-11,Basic,2023-08-11,,True
884,P00725,Cut Ellis Putra,mwijaya@example.org,(0688) 323-9777,Palu,2023-04-16,Gold,2023-04-16,,True
885,P00726,R.A. Jasmin Putra,permadijaga@example.net,+62 (901) 604-2250,Pematangsiantar,2024-10-06,Basic,2024-10-06,2025-08-31,False
886,P00726,R.A. Jasmin Putra,permadijaga@example.net,+62 (901) 604-2250,Pematangsiantar,2024-10-06,Gold,2025-08-31,,True
887,P00727,Drs. Jumadi Farida,wiranurdiyanti@example.org,+62 (0090) 964-5807,Kota Administrasi Jakarta Utara,2024-09-03,Gold,2024-09-03,2025-07-27,False
888,P00727,Drs. Jumadi Farida,wiranurdiyanti@example.org,+62 (0090) 964-5807,Kota Administrasi Jakarta Utara,2024-09-03,Platinum,2025-07-27,,True
889,P00728,drg. Dalima Hutapea,myuniar@example.org,0835847053,Dumai,2024-11-27,Basic,2024-11-27,,True
890,P00729,"Vivi Jailani, S.Psi",sabar17@example.com,(043) 222 6329,Palu,2024-03-03,Basic,2024-03-03,,True
891,P00730,"Puti Septi Widodo, S.Psi",heryanto47@example.com,+62 (0233) 686-7078,Mojokerto,2023-03-27,Basic,2023-03-27,2025-03-11,False
892,P00730,"Puti Septi Widodo, S.Psi",heryanto47@example.com,+62 (0233) 686-7078,Mojokerto,2023-03-27,Gold,2025-03-11,,True
893,P00731,Farah Laksmiwati,maimunahnovitasari@example.com,(008) 454-3782,Prabumulih,2023-10-27,Gold,2023-10-27,2025-04-16,False
894,P00731,Farah Laksmiwati,maimunahnovitasari@example.com,(008) 454-3782,Prabumulih,2023-10-27,Platinum,2025-04-16,,True
895,P00732,Mutia Rahimah,karta21@example.com,+62 (014) 613 8945,Malang,2023-03-26,Basic,2023-03-26,,True
896,P00733,Kunthara Nainggolan,parman82@example.net,(0904) 746 2709,Bukittinggi,2023-10-03,Basic,2023-10-03,,True
897,P00734,Danuja Najmudin,alikauwais@example.org,(062) 866 2222,Salatiga,2023-11-30,Basic,2023-11-30,,True
898,P00735,Prayogo Simanjuntak,wasitaajiman@example.net,(042) 852-5299,Banjarmasin,2024-02-05,Basic,2024-02-05,2025-09-03,False
899,P00735,Prayogo Simanjuntak,wasitaajiman@example.net,(042) 852-5299,Banjarmasin,2024-02-05,Gold,2025-09-03,,True
900,P00736,"Tiara Novitasari, M.Farm",sprastuti@example.org,0872624816,Batam,2023-08-11,Platinum,2023-08-11,,True
901,P00737,"Karimah Wahyuni, S.IP",pranatadongoran@example.net,0881813580,Kota Administrasi Jakarta Timur,2023-07-25,Basic,2023-07-25,,True
902,P00738,Gina Budiyanto,bahuwarna14@example.net,(067) 067 6613,Tidore Kepulauan,2023-03-30,Basic,2023-03-30,,True
903,P00739,Eva Agustina,januardiah@example.net,+62-0026-678-0609,Ambon,2024-10-25,Gold,2024-10-25,,True
904,P00740,Muni Lazuardi,bsitorus@example.com,+62 (0481) 656 5520,Lubuklinggau,2024-04-22,Basic,2024-04-22,,True
905,P00741,Empluk Nasyiah,ghanisalahudin@example.com,+62-791-718-8105,Yogyakarta,2023-12-17,Basic,2023-12-17,,True
906,P00742,"Dr. Virman Namaga, S.H.",usman56@example.net,+62-0265-132-4064,Pematangsiantar,2023-04-06,Basic,2023-04-06,,True
907,P00743,Pia Usada,yolandamartani@example.net,(0123) 157 2769,Bukittinggi,2024-02-02,Basic,2024-02-02,,True
908,P00744,Hana Kusumo,narpatijaeman@example.com,+62 (0178) 166 3219,Kota Administrasi Jakarta Barat,2023-10-16,Basic,2023-10-16,,True
909,P00745,"Galur Namaga, M.Pd",wawanhassanah@example.org,+62-81-603-5613,Kota Administrasi Jakarta Timur,2024-05-24,Basic,2024-05-24,,True
910,P00746,Puti Gasti Napitupulu,psantoso@example.org,+62-119-816-8112,Padang Sidempuan,2023-12-25,Basic,2023-12-25,2025-10-13,False
911,P00746,Puti Gasti Napitupulu,psantoso@example.org,+62-119-816-8112,Padang Sidempuan,2023-12-25,Gold,2025-10-13,,True
912,P00747,Eva Purnawati,raihan75@example.org,0831808451,Purwokerto,2024-11-05,Basic,2024-11-05,,True
913,P00748,Rina Hasanah,cramadan@example.com,+62 (0259) 063 6397,Tangerang,2023-02-28,Basic,2023-02-28,,True
914,P00749,Ir. Bakianto Novitasari,qtamba@example.net,+62 (258) 056-0118,Balikpapan,2023-11-11,Gold,2023-11-11,,True
915,P00750,Saadat Hariyah,ega91@example.net,(053) 339 3739,Kota Administrasi Jakarta Timur,2023-09-18,Gold,2023-09-18,,True
916,P00751,Sidiq Latupono,halimahcahyanto@example.com,+62 (01) 564 3917,Malang,2023-12-24,Basic,2023-12-24,,True
917,P00752,Latika Pradipta,zpratiwi@example.net,+62 (693) 629 5976,Kendari,2024-08-12,Basic,2024-08-12,,True
918,P00753,Ellis Susanti,kawacamaulana@example.org,(074) 030 0476,Pematangsiantar,2023-02-09,Gold,2023-02-09,,True
919,P00754,"Luwes Mangunsong, S.IP",wahyudineka@example.net,+62 (18) 380 2108,Kupang,2023-12-21,Basic,2023-12-21,,True
920,P00755,Wirda Melani,janerahimah@example.com,(0265) 684 7422,Tanjungpinang,2024-09-02,Basic,2024-09-02,2025-05-02,False
921,P00755,Wirda Melani,janerahimah@example.com,(0265) 684 7422,Tanjungpinang,2024-09-02,Gold,2025-05-02,,True
922,P00756,Padmi Purnawati,marsudi71@example.com,(026) 744-6462,Lhokseumawe,2023-09-23,Basic,2023-09-23,,True
923,P00757,Kenari Halimah,saptonokacung@example.com,(0391) 599-9856,Singkawang,2024-05-18,Basic,2024-05-18,,True
924,P00758,Padma Hasanah,imandala@example.org,+62 (897) 818 8273,Bukittinggi,2023-08-04,Gold,2023-08-04,,True
925,P00759,Aslijan Kuswoyo,safinasantoso@example.com,(0924) 450-2703,Palopo,2024-04-26,Basic,2024-04-26,2025-07-07,False
926,P00759,Aslijan Kuswoyo,safinasantoso@example.com,(0924) 450-2703,Palopo,2024-04-26,Gold,2025-07-07,,True
927,P00760,Dipa Andriani,cinthia77@example.com,0823855915,Langsa,2023-11-27,Basic,2023-11-27,,True
928,P00761,Salsabila Uwais,pradanadaryani@example.org,+62-095-870-1062,Kendari,2024-03-18,Basic,2024-03-18,,True
929,P00762,Ganda Prayoga,ysaragih@example.org,+62 (0220) 833-7153,Tebingtinggi,2024-06-22,Basic,2024-06-22,,True
930,P00763,Laksana Pradana,kiandrasuartini@example.com,+62 (047) 723 4849,Bau-Bau,2023-03-21,Basic,2023-03-21,,True
931,P00764,"Ir. Balamantri Prabowo, S.Farm",wyolanda@example.net,+62-90-525-1951,Solok,2023-07-27,Basic,2023-07-27,,True
932,P00765,Elisa Mardhiyah,jasmani61@example.org,+62-240-257-7679,Tangerang,2024-10-16,Gold,2024-10-16,2025-08-08,False
933,P00765,Elisa Mardhiyah,jasmani61@example.org,+62-240-257-7679,Tangerang,2024-10-16,Platinum,2025-08-08,,True
934,P00766,Kamila Haryanto,sitompuljaeman@example.org,+62-50-221-0891,Sukabumi,2023-06-26,Basic,2023-06-26,,True
935,P00767,Kasim Nababan,bajragin99@example.org,(0213) 401-9391,Mojokerto,2024-06-11,Gold,2024-06-11,,True
936,P00768,Tirta Situmorang,tandriani@example.net,+62 (03) 993-0739,Kupang,2024-07-15,Gold,2024-07-15,,True
937,P00769,"H. Bagya Suryono, S.I.Kom",caturanggazulaika@example.com,(088) 088-2752,Denpasar,2023-12-28,Basic,2023-12-28,,True
938,P00770,"R.M. Martana Rajata, S.Farm",jailanibakda@example.net,+62 (0454) 317-0567,Tanjungpinang,2024-06-01,Basic,2024-06-01,,True
939,P00771,Fathonah Permata,naradi09@example.com,+62 (47) 100-2693,Tangerang,2024-08-18,Basic,2024-08-18,,True
940,P00772,Lanang Kusumo,wulan17@example.com,+62 (685) 264-7161,Cilegon,2023-09-05,Basic,2023-09-05,,True
941,P00773,Rahmat Firgantoro,wsuartini@example.net,+62 (43) 222 5524,Cilegon,2023-08-25,Basic,2023-08-25,,True
942,P00774,"Ade Astuti, S.Sos",oanggriawan@example.com,+62 (0476) 088-4973,Bandung,2024-09-08,Gold,2024-09-08,,True
943,P00775,Elvin Rajasa,gnashiruddin@example.net,+62-0407-791-3316,Batu,2024-03-09,Basic,2024-03-09,2025-05-12,False
944,P00775,Elvin Rajasa,gnashiruddin@example.net,+62-0407-791-3316,Batu,2024-03-09,Gold,2025-05-12,,True
945,P00776,Argono Wulandari,nugrohodaliono@example.org,+62 (053) 527-8407,Surakarta,2024-04-23,Basic,2024-04-23,,True
946,P00777,"Anita Haryanti, S.Pt",pudjiastutidanang@example.com,+62 (15) 790-0376,Sibolga,2023-03-14,Basic,2023-03-14,,True
947,P00778,Gantar Fujiati,prahmawati@example.com,+62 (004) 440 3297,Kota Administrasi Jakarta Selatan,2024-01-12,Basic,2024-01-12,,True
948,P00779,"Olivia Saefullah, S.E.I",windamustofa@example.org,(057) 270-2197,Lubuklinggau,2023-02-15,Basic,2023-02-15,,True
949,P00780,R. Banawi Uwais,dirjausamah@example.org,+62 (045) 048 7670,Samarinda,2024-01-05,Gold,2024-01-05,,True
950,P00781,"Vino Mustofa, S.Psi",halim97@example.net,+62-24-769-9522,Solok,2023-07-07,Basic,2023-07-07,,True
951,P00782,Sakti Namaga,caturangga51@example.net,+62 (028) 904 8540,Banjarmasin,2023-02-22,Basic,2023-02-22,,True
952,P00783,Marwata Firgantoro,bwahyuni@example.com,0805310198,Lubuklinggau,2024-05-29,Basic,2024-05-29,,True
953,P00784,Reksa Agustina,nugrohomaryanto@example.org,+62 (46) 278 1361,Mataram,2024-01-30,Basic,2024-01-30,,True
954,P00785,Eva Nashiruddin,lurhurhalimah@example.org,+62 (23) 732-0429,Tasikmalaya,2023-08-23,Gold,2023-08-23,,True
955,P00786,Yani Adriansyah,agus99@example.org,+62-0829-748-7824,Salatiga,2024-03-31,Basic,2024-03-31,,True
956,P00787,"H. Ajiono Maryadi, S.H.",rama40@example.com,(049) 572 6879,Lhokseumawe,2023-11-01,Gold,2023-11-01,,True
957,P00788,"Puti Qori Najmudin, S.Kom",candra72@example.net,(0951) 668-9561,Banjar,2023-08-24,Basic,2023-08-24,,True
958,P00789,Ghaliyati Wulandari,uchita66@example.org,+62-03-643-5449,Padang,2023-09-25,Basic,2023-09-25,,True
959,P00790,"Dr. Tirtayasa Narpati, S.Kom",nrima56@example.net,+62-0824-504-6220,Subulussalam,2023-12-08,Basic,2023-12-08,,True
960,P00791,Bahuwirya Rajasa,rendy78@example.com,+62 (093) 941 6188,Bengkulu,2023-10-30,Gold,2023-10-30,,True
961,P00792,Vera Saptono,faizahpertiwi@example.com,089 715 2050,Ternate,2023-05-18,Basic,2023-05-18,2025-10-27,False
962,P00792,Vera Saptono,faizahpertiwi@example.com,089 715 2050,Ternate,2023-05-18,Gold,2025-10-27,,True
963,P00793,"Jamal Maheswara, M.Ak",snamaga@example.com,+62-0649-607-2061,Prabumulih,2024-03-03,Basic,2024-03-03,,True
964,P00794,"Ikin Mandasari, S.Kom",alambana27@example.org,+62 (585) 146-7346,Semarang,2024-08-17,Basic,2024-08-17,,True
965,P00795,Wira Hariyah,nabila52@example.com,+62-055-163-1005,Palu,2024-02-29,Basic,2024-02-29,2025-05-24,False
966,P00795,Wira Hariyah,nabila52@example.com,+62-055-163-1005,Palu,2024-02-29,Gold,2025-05-24,,True
967,P00796,Tami Iswahyudi,galiono00@example.net,+62-82-025-6596,Sawahlunto,2024-03-10,Basic,2024-03-10,2025-05-03,False
968,P00796,Tami Iswahyudi,galiono00@example.net,+62-82-025-6596,Sawahlunto,2024-03-10,Gold,2025-05-03,,True
969,P00797,Mahdi Rajata,,(0625) 317 9617,Tegal,2023-05-03,Basic,2023-05-03,,True
970,P00798,"Ir. Citra Waluyo, S.Sos",usamahtaufik@example.org,0874469881,Tebingtinggi,2024-11-20,Basic,2024-11-20,,True
971,P00799,Nasab Wahyudin,jamilhastuti@example.com,+62 (0895) 307 3258,Kupang,2024-02-04,Basic,2024-02-04,,True
972,P00800,Puti Hasna Wijaya,fprastuti@example.org,(0020) 219-5117,Metro,2024-11-13,Basic,2024-11-13,,True
973,P00801,Laila Wijayanti,wahyudinharimurti@example.net,083 067 7555,Kota Administrasi Jakarta Utara,2023-11-03,Basic,2023-11-03,,True
974,P00802,Darsirah Rahmawati,balapatiwijayanti@example.com,+62 (08) 425-1149,Pariaman,2024-04-15,Basic,2024-04-15,,True
975,P00803,Ajiman Farida,bagya04@example.com,088 648 4666,Tanjungpinang,2024-08-26,Basic,2024-08-26,2025-03-03,False
976,P00803,Ajiman Farida,bagya04@example.com,088 648 4666,Tanjungpinang,2024-08-26,Gold,2025-03-03,,True
977,P00804,Genta Suartini,balanggatampubolon@example.org,+62 (91) 680 8133,Medan,2024-01-27,Basic,2024-01-27,,True
978,P00805,"Dt. Radit Yolanda, S.H.",,087 129 1609,Lhokseumawe,2024-08-25,Basic,2024-08-25,,True
979,P00806,Dadap Utama,gangsar43@example.net,+62 (0685) 219-8127,Pasuruan,2024-01-11,Basic,2024-01-11,,True
980,P00807,"Yahya Safitri, M.Pd",salsabilaprastuti@example.org,+62 (039) 035-8243,Kota Administrasi Jakarta Timur,2024-11-24,Basic,2024-11-24,,True
981,P00808,Edison Kusmawati,,+62-037-673-5262,Tarakan,2023-06-05,Basic,2023-06-05,,True
982,P00809,Drs. Embuh Mangunsong,simbolonhairyanto@example.net,+62-0637-192-4842,Magelang,2024-07-31,Basic,2024-07-31,2025-10-01,False
983,P00809,Drs. Embuh Mangunsong,simbolonhairyanto@example.net,+62-0637-192-4842,Magelang,2024-07-31,Gold,2025-10-01,,True
984,P00810,Cindy Andriani,melanigaman@example.net,085 555 5715,Pekalongan,2023-06-05,Basic,2023-06-05,,True
985,P00811,Kartika Rajasa,umisihotang@example.org,(0539) 581 1185,Cirebon,2023-01-09,Basic,2023-01-09,,True
986,P00812,Darijan Halimah,megantaraalambana@example.com,0857508474,Metro,2024-06-05,Gold,2024-06-05,,True
987,P00813,dr. Edi Januar,qoriadriansyah@example.org,+62 (0176) 166-1476,Malang,2023-10-03,Platinum,2023-10-03,,True
988,P00814,Jaga Sirait,laswi32@example.net,+62 (020) 979-4565,Surakarta,2023-09-24,Gold,2023-09-24,,True
989,P00815,Margana Saragih,jaryani@example.org,+62 (030) 576-1957,Palangkaraya,2023-09-20,Basic,2023-09-20,,True
990,P00816,"Emil Sitompul, M.M.",harjosetiawan@example.net,+62 (237) 217-6582,Sorong,2023-08-13,Basic,2023-08-13,,True
991,P00817,"Indah Manullang, S.T.",manah14@example.com,+62 (077) 996-7339,Denpasar,2023-07-21,Basic,2023-07-21,2025-03-07,False
992,P00817,"Indah Manullang, S.T.",manah14@example.com,+62 (077) 996-7339,Denpasar,2023-07-21,Gold,2025-03-07,,True
993,P00818,Jamal Narpati,yulianticahyo@example.net,+62 (005) 949 6758,Dumai,2024-02-19,Basic,2024-02-19,,True
994,P00819,T. Tugiman Maheswara,qkuswoyo@example.org,(033) 884-4244,Kota Administrasi Jakarta Selatan,2023-10-16,Gold,2023-10-16,,True
995,P00820,"R.A. Dalima Utami, S.Pt",artanto30@example.org,0846267511,Semarang,2023-01-13,Basic,2023-01-13,2025-05-29,False
996,P00820,"R.A. Dalima Utami, S.Pt",artanto30@example.org,0846267511,Semarang,2023-01-13,Gold,2025-05-29,,True
997,P00821,R. Genta Kuswoyo,dmanullang@example.net,(0976) 803 0968,Madiun,2024-03-21,Basic,2024-03-21,2025-06-28,False
998,P00821,R. Genta Kuswoyo,dmanullang@example.net,(0976) 803 0968,Madiun,2024-03-21,Gold,2025-06-28,,True
999,P00822,"Hj. Lalita Gunawan, S.T.",pardisamosir@example.org,0808867612,Metro,2024-01-03,Basic,2024-01-03,2025-04-13,False
1000,P00822,"Hj. Lalita Gunawan, S.T.",pardisamosir@example.org,0808867612,Metro,2024-01-03,Gold,2025-04-13,,True
1001,P00823,Amalia Kusumo,whidayanto@example.net,+62-864-817-8209,Manado,2024-03-31,Basic,2024-03-31,,True
1002,P00824,Mariadi Mandala,jatmikomandala@example.net,(0874) 687 2216,Banjarbaru,2023-11-04,Basic,2023-11-04,2025-08-16,False
1003,P00824,Mariadi Mandala,jatmikomandala@example.net,(0874) 687 2216,Banjarbaru,2023-11-04,Gold,2025-08-16,,True
1004,P00825,Adhiarja Suwarno,januarbelinda@example.org,+62 (012) 310 6878,Salatiga,2024-08-06,Gold,2024-08-06,,True
1005,P00826,"Niyaga Putra, S.Sos",waluyopertiwi@example.org,+62-911-775-2328,Depok,2023-06-27,Basic,2023-06-27,2025-08-24,False
1006,P00826,"Niyaga Putra, S.Sos",waluyopertiwi@example.org,+62-911-775-2328,Depok,2023-06-27,Gold,2025-08-24,,True
1007,P00827,"Harjaya Uwais, S.IP",wirautama@example.com,+62 (030) 146 3121,Pangkalpinang,2024-09-28,Basic,2024-09-28,,True
1008,P00828,Irwan Hardiansyah,intanrajata@example.com,+62 (11) 724-5128,Ternate,2023-06-17,Platinum,2023-06-17,,True
1009,P00829,"Najam Narpati, S.Sos",haryantoedward@example.org,0871074395,Kotamobagu,2024-04-29,Basic,2024-04-29,,True
1010,P00830,Diah Budiyanto,nababanismail@example.net,+62-034-776-8245,Tarakan,2023-03-10,Basic,2023-03-10,,True
1011,P00831,Dewi Winarsih,unjani53@example.org,+62-0639-037-9180,Sungai Penuh,2024-10-27,Basic,2024-10-27,,True
1012,P00832,Keisha Prasasta,wahyudinraden@example.com,+62 (025) 262 5839,Metro,2024-09-08,Basic,2024-09-08,,True
1013,P00833,T. Gaman Prasetyo,fpurwanti@example.com,+62 (28) 917-6230,Magelang,2024-03-10,Gold,2024-03-10,,True
1014,P00834,"Jabal Samosir, S.Psi",tmelani@example.com,(065) 426-4458,Cirebon,2023-03-15,Gold,2023-03-15,,True
1015,P00835,Artawan Mangunsong,marbunjaya@example.org,+62 (462) 508-4541,Sorong,2023-02-17,Basic,2023-02-17,,True
1016,P00836,Gilda Namaga,usamahikhsan@example.org,+62-0731-997-3317,Surabaya,2023-02-01,Gold,2023-02-01,,True
1017,P00837,"Harjasa Hidayanto, S.Ked",cengkir11@example.com,(041) 392 0757,Surakarta,2024-10-26,Basic,2024-10-26,,True
1018,P00838,Karya Rahimah,gamaniprasetyo@example.com,(0100) 604-0910,Tangerang Selatan,2024-11-12,Basic,2024-11-12,,True
1019,P00839,"Heryanto Hassanah, S.I.Kom",napitupulunajam@example.com,(048) 491-6601,Blitar,2023-12-22,Gold,2023-12-22,,True
1020,P00840,Vanya Sihombing,bprasetya@example.net,(0743) 849-6154,Solok,2024-06-07,Basic,2024-06-07,,True
1021,P00841,Zizi Sudiati,maryanto65@example.net,+62-89-333-2308,Pariaman,2024-07-29,Basic,2024-07-29,,True
1022,P00842,Bakiadi Oktaviani,fmanullang@example.com,(018) 177 0839,Pagaralam,2024-10-23,Gold,2024-10-23,,True
1023,P00843,Violet Puspasari,digdayawinarno@example.com,+62 (846) 164 5954,Manado,2023-12-04,Basic,2023-12-04,,True
1024,P00844,Cakrajiya Prastuti,wage65@example.net,+62 (082) 296-4018,Sungai Penuh,2023-07-25,Gold,2023-07-25,,True
1025,P00845,Titin Utami,kamal85@example.org,+62 (73) 374 1788,Jambi,2023-05-20,Basic,2023-05-20,,True
1026,P00846,"Dr. Alika Prakasa, M.M.",fsiregar@example.net,+62-0528-436-4217,Cimahi,2023-05-19,Basic,2023-05-19,,True
1027,P00847,"Karya Siregar, M.Pd",jharyanti@example.org,+62 (316) 540-6722,Kota Administrasi Jakarta Barat,2024-03-17,Basic,2024-03-17,,True
1028,P00848,Teguh Sitorus,azaleasaptono@example.com,+62 (0221) 976 6909,Bitung,2024-11-13,Gold,2024-11-13,,True
1029,P00849,Shakila Mahendra,kuntharazulaika@example.com,+62-030-969-8905,Salatiga,2023-01-13,Basic,2023-01-13,,True
1030,P00850,"Cindy Namaga, S.IP",dirja01@example.org,(0732) 821-1822,Kota Administrasi Jakarta Barat,2024-02-05,Basic,2024-02-05,2025-03-20,False
1031,P00850,"Cindy Namaga, S.IP",dirja01@example.org,(0732) 821-1822,Kota Administrasi Jakarta Barat,2024-02-05,Gold,2025-03-20,,True
1032,P00851,Tgk. Halima Uwais,prayogacakrabirawa@example.net,+62-849-052-3050,Singkawang,2023-08-29,Basic,2023-08-29,,True
1033,P00852,Kawaya Prasetyo,latif80@example.net,+62 (79) 456-6548,Serang,2024-06-06,Basic,2024-06-06,2025-07-05,False
1034,P00852,Kawaya Prasetyo,latif80@example.net,+62 (79) 456-6548,Serang,2024-06-06,Gold,2025-07-05,,True
1035,P00853,Ikin Latupono,karenyuniar@example.com,+62 (001) 313 4272,Kediri,2023-01-16,Gold,2023-01-16,,True
1036,P00854,"T. Hendri Handayani, S.I.Kom",pangestujefri@example.com,+62-078-359-9798,Batu,2023-11-20,Basic,2023-11-20,,True
1037,P00855,Shakila Hutasoit,darunayuliarti@example.com,+62-0375-556-6104,Tangerang,2023-11-15,Basic,2023-11-15,,True
1038,P00856,"R. Imam Dongoran, S.Sos",caturanggautama@example.com,+62 (09) 253-8885,Lhokseumawe,2023-08-17,Basic,2023-08-17,,True
1039,P00857,Mala Halimah,fpradipta@example.com,+62 (007) 157 9550,Bontang,2024-03-13,Gold,2024-03-13,,True
1040,P00858,R. Tina Simbolon,estionomarbun@example.net,+62-030-666-7160,Bukittinggi,2023-12-19,Gold,2023-12-19,,True
1041,P00859,Rusman Irawan,kaylasafitri@example.org,+62 (17) 870 8830,Sukabumi,2023-09-20,Basic,2023-09-20,,True
1042,P00860,Karsa Tarihoran,kunthara07@example.com,+62-0756-432-3607,Kendari,2023-01-19,Gold,2023-01-19,,True
1043,P00861,Cut Salimah Yuliarti,mahdiiswahyudi@example.org,+62 (0124) 138 9741,Pangkalpinang,2023-02-10,Basic,2023-02-10,2025-08-26,False
1044,P00861,Cut Salimah Yuliarti,mahdiiswahyudi@example.org,+62 (0124) 138 9741,Pangkalpinang,2023-02-10,Gold,2025-08-26,,True
1045,P00862,"Rachel Salahudin, S.T.",kuswoyokenzie@example.net,+62 (079) 065-2031,Semarang,2023-09-29,Basic,2023-09-29,2025-05-07,False
1046,P00862,"Rachel Salahudin, S.T.",kuswoyokenzie@example.net,+62 (079) 065-2031,Semarang,2023-09-29,Gold,2025-05-07,,True
1047,P00863,Nurul Pradipta,tugiman03@example.net,+62 (086) 702-0056,Tanjungbalai,2024-03-09,Basic,2024-03-09,,True
1048,P00864,Septi Hasanah,niyagausamah@example.org,+62-581-261-4582,Depok,2024-06-09,Basic,2024-06-09,,True
1049,P00865,Lidya Saputra,yuniarwirda@example.com,+62 (56) 485 0620,Lhokseumawe,2023-02-10,Platinum,2023-02-10,,True
1050,P00866,Hasna Kurniawan,nova91@example.net,(054) 745 3445,Blitar,2024-06-21,Basic,2024-06-21,,True
1051,P00867,Cawisono Pertiwi,xprastuti@example.net,+62 (98) 661 6634,Lubuklinggau,2023-10-24,Basic,2023-10-24,,True
1052,P00868,Violet Handayani,cmustofa@example.net,+62 (017) 633 6826,Malang,2023-06-08,Gold,2023-06-08,2025-09-07,False
1053,P00868,Violet Handayani,cmustofa@example.net,+62 (017) 633 6826,Malang,2023-06-08,Platinum,2025-09-07,,True
1054,P00869,Arta Nasyidah,wagedamanik@example.net,+62 (043) 895 9739,Surabaya,2023-06-24,Gold,2023-06-24,,True
1055,P00870,"T. Harjaya Budiyanto, S.Psi",jumari33@example.net,(0671) 772-9661,Pekanbaru,2024-01-30,Gold,2024-01-30,,True
1056,P00871,"Hj. Zaenab Marbun, M.Farm",maryadi96@example.net,080 162 5665,Jayapura,2024-09-09,Basic,2024-09-09,,True
1057,P00872,Puti Laras Hidayat,hprasetyo@example.net,+62 (68) 010-5141,Kotamobagu,2023-07-04,Basic,2023-07-04,,True
1058,P00873,"Calista Wijaya, M.TI.",genta15@example.org,+62 (002) 873-0970,Tual,2023-01-29,Basic,2023-01-29,,True
1059,P00874,Gabriella Prasasta,emas24@example.net,+62 (807) 741 4346,Bekasi,2023-02-06,Basic,2023-02-06,2025-03-12,False
1060,P00874,Gabriella Prasasta,emas24@example.net,+62 (807) 741 4346,Bekasi,2023-02-06,Gold,2025-03-12,,True
1061,P00875,Dt. Emong Nababan,karnasamosir@example.com,+62 (781) 576-3407,Kota Administrasi Jakarta Barat,2023-12-18,Basic,2023-12-18,,True
1062,P00876,"Hj. Gina Hassanah, M.Kom.",wulandariwadi@example.net,+62 (147) 321-6619,Bima,2023-01-05,Basic,2023-01-05,,True
1063,P00877,Drs. Rahayu Namaga,caketuwais@example.net,(038) 089 3895,Palopo,2024-01-24,Basic,2024-01-24,2025-07-17,False
1064,P00877,Drs. Rahayu Namaga,caketuwais@example.net,(038) 089 3895,Palopo,2024-01-24,Gold,2025-07-17,,True
1065,P00878,Ir. Mahfud Haryanto,bakiono53@example.net,+62 (505) 341-4166,Kediri,2023-03-28,Basic,2023-03-28,2025-09-24,False
1066,P00878,Ir. Mahfud Haryanto,bakiono53@example.net,+62 (505) 341-4166,Kediri,2023-03-28,Gold,2025-09-24,,True
1067,P00879,Oni Mayasari,sadina53@example.net,+62-913-959-6955,Blitar,2023-09-15,Basic,2023-09-15,,True
1068,P00880,Cut Jasmin Nashiruddin,,+62 (0598) 537 9821,Banjarbaru,2024-09-21,Basic,2024-09-21,,True
1069,P00881,"Daliono Pranowo, S.Pt",sihotangkayla@example.net,+62 (0569) 597 6435,Banjarmasin,2023-09-21,Basic,2023-09-21,2025-05-06,False
1070,P00881,"Daliono Pranowo, S.Pt",sihotangkayla@example.net,+62 (0569) 597 6435,Banjarmasin,2023-09-21,Gold,2025-05-06,,True
1071,P00882,Elisa Santoso,wibowoabyasa@example.org,0802118542,Kota Administrasi Jakarta Utara,2024-02-04,Basic,2024-02-04,,True
1072,P00883,"KH. Eko Maryadi, M.Farm",mangunsongrika@example.net,+62 (35) 862-0088,Pematangsiantar,2024-09-01,Basic,2024-09-01,,True
1073,P00884,Ajiman Budiyanto,vhalimah@example.org,+62-71-772-6978,Kota Administrasi Jakarta Utara,2024-03-05,Gold,2024-03-05,,True
1074,P00885,"R.A. Widya Namaga, M.TI.",dianahastuti@example.org,+62-0322-206-1126,Tegal,2024-10-10,Gold,2024-10-10,,True
1075,P00886,Ozy Saputra,maheswarabagas@example.com,+62 (083) 019-1959,Solok,2023-07-08,Basic,2023-07-08,,True
1076,P00887,Anggabaya Nuraini,hamzahtamba@example.com,+62 (73) 201 5566,Palopo,2024-08-15,Gold,2024-08-15,,True
1077,P00888,Aisyah Wijaya,irafirmansyah@example.net,+62 (74) 441-1413,Magelang,2024-01-06,Basic,2024-01-06,2025-09-11,False
1078,P00888,Aisyah Wijaya,irafirmansyah@example.net,+62 (74) 441-1413,Magelang,2024-01-06,Gold,2025-09-11,,True
1079,P00889,Alambana Rahmawati,asirwada59@example.com,+62-63-399-8347,Batam,2024-10-10,Basic,2024-10-10,,True
1080,P00890,Ajeng Gunarto,nurul96@example.org,(012) 010 4380,Tual,2024-04-22,Basic,2024-04-22,2025-05-07,False
1081,P00890,Ajeng Gunarto,nurul96@example.org,(012) 010 4380,Tual,2024-04-22,Gold,2025-05-07,,True
1082,P00891,Karimah Suryono,haryantotiti@example.net,+62 (031) 371 3164,Banda Aceh,2023-03-06,Gold,2023-03-06,,True
1083,P00892,Malika Puspasari,dodo22@example.com,(095) 562 7130,Kotamobagu,2023-03-28,Basic,2023-03-28,2025-03-19,False
1084,P00892,Malika Puspasari,dodo22@example.com,(095) 562 7130,Kotamobagu,2023-03-28,Gold,2025-03-19,,True
1085,P00893,Erik Pratama,asmunioktaviani@example.net,+62 (0982) 074 0817,Tangerang Selatan,2023-09-03,Platinum,2023-09-03,,True
1086,P00894,Nabila Haryanti,gunartoakarsana@example.com,080 656 1128,Solok,2023-10-23,Basic,2023-10-23,,True
1087,P00895,Cagak Permadi,nardikuswoyo@example.net,+62-0090-987-0205,Padang,2023-06-29,Basic,2023-06-29,,True
1088,P00896,Dimaz Anggriawan,,(007) 317-2010,Kota Administrasi Jakarta Pusat,2024-04-04,Basic,2024-04-04,,True
1089,P00897,Nova Tampubolon,hpratiwi@example.com,+62 (785) 346 0123,Langsa,2023-11-07,Basic,2023-11-07,,True
1090,P00898,Ajimat Hasanah,prayogapia@example.org,(0345) 882 5459,Pekalongan,2024-05-06,Basic,2024-05-06,,True
1091,P00899,Raina Mandasari,qhastuti@example.com,+62 (186) 085 0322,Manado,2024-07-21,Gold,2024-07-21,2025-05-29,False
1092,P00899,Raina Mandasari,qhastuti@example.com,+62 (186) 085 0322,Manado,2024-07-21,Platinum,2025-05-29,,True
1093,P00900,Ir. Jefri Sinaga,radika85@example.net,(069) 623 9970,Kota Administrasi Jakarta Selatan,2024-09-21,Basic,2024-09-21,,True
1094,P00901,Dalima Pradana,harjo92@example.org,+62 (0832) 143-2588,Pematangsiantar,2023-06-20,Basic,2023-06-20,2025-06-08,False
1095,P00901,Dalima Pradana,harjo92@example.org,+62 (0832) 143-2588,Pematangsiantar,2023-06-20,Gold,2025-06-08,,True
1096,P00902,"R.M. Gaiman Pangestu, S.E.I",caket92@example.org,+62 (0886) 088 8730,Kota Administrasi Jakarta Selatan,2024-03-22,Platinum,2024-03-22,,True
1097,P00903,"Jefri Aryani, M.Farm",pertiwijane@example.org,+62 (0960) 882-3264,Denpasar,2023-10-15,Basic,2023-10-15,,True
1098,P00904,Jayeng Pratama,diah01@example.org,+62-444-094-9782,Pariaman,2024-01-19,Gold,2024-01-19,,True
1099,P00905,Warsa Simanjuntak,nadiamegantara@example.com,0826041264,Tidore Kepulauan,2023-08-08,Gold,2023-08-08,,True
1100,P00906,"Drs. Salimah Salahudin, M.TI.",simon90@example.org,+62 (013) 095 7399,Singkawang,2024-03-25,Gold,2024-03-25,2025-07-07,False
1101,P00906,"Drs. Salimah Salahudin, M.TI.",simon90@example.org,+62 (013) 095 7399,Singkawang,2024-03-25,Platinum,2025-07-07,,True
1102,P00907,Kadir Budiman,hpurnawati@example.com,+62-23-641-5039,Tasikmalaya,2023-01-30,Platinum,2023-01-30,,True
1103,P00908,"Drs. Sari Wacana, S.Gz",karjakusmawati@example.com,+62-34-050-1089,Binjai,2023-01-21,Basic,2023-01-21,,True
1104,P00909,"H. Warsita Pertiwi, S.Kom",pudjiastutititi@example.com,+62-0067-209-6878,Banjarbaru,2023-12-12,Platinum,2023-12-12,,True
1105,P00910,Dr. Fitria Ardianto,narpatiarsipatra@example.net,+62 (024) 097-1307,Kotamobagu,2023-09-12,Basic,2023-09-12,,True
1106,P00911,"Drs. Hesti Mulyani, M.Pd",zramadan@example.org,086 214 3443,Sawahlunto,2024-02-21,Gold,2024-02-21,,True
1107,P00912,Langgeng Napitupulu,pranowoelon@example.net,+62 (161) 002 0695,Prabumulih,2024-11-05,Basic,2024-11-05,2025-09-19,False
1108,P00912,Langgeng Napitupulu,pranowoelon@example.net,+62 (161) 002 0695,Prabumulih,2024-11-05,Gold,2025-09-19,,True
1109,P00913,"dr. Garang Astuti, S.T.",harja56@example.com,0823221485,Banjar,2023-01-15,Basic,2023-01-15,,True
1110,P00914,Vanesa Dabukke,entenghalimah@example.org,+62 (0508) 686-2099,Makassar,2023-09-28,Basic,2023-09-28,,True
1111,P00915,Olivia Mangunsong,puspitaelon@example.com,+62 (024) 430 2208,Salatiga,2023-09-26,Basic,2023-09-26,,True
1112,P00916,Asmianto Purwanti,qbudiyanto@example.org,081 762 2383,Serang,2024-06-07,Basic,2024-06-07,,True
1113,P00917,Janet Kusumo,prasastatimbul@example.net,+62-843-345-7476,Palu,2024-03-26,Basic,2024-03-26,,True
1114,P00918,Ellis Namaga,puspanatsir@example.org,+62 (088) 131 2506,Kota Administrasi Jakarta Selatan,2024-08-01,Gold,2024-08-01,,True
1115,P00919,"Johan Puspita, S.Pd",rwibowo@example.com,+62-625-069-8736,Pekanbaru,2023-12-06,Gold,2023-12-06,,True
1116,P00920,Chelsea Dabukke,xanana12@example.com,+62 (88) 405-2579,Madiun,2024-11-18,Gold,2024-11-18,2025-03-18,False
1117,P00920,Chelsea Dabukke,xanana12@example.com,+62 (88) 405-2579,Madiun,2024-11-18,Platinum,2025-03-18,,True
1118,P00921,Cakrabirawa Melani,kasusrakurniawan@example.com,+62 (44) 044-0897,Kediri,2024-04-25,Basic,2024-04-25,,True
1119,P00922,"Dt. Empluk Nugroho, S.I.Kom",purwantijumadi@example.net,+62 (399) 995-5353,Samarinda,2024-05-11,Gold,2024-05-11,,True
1120,P00923,"Dr. Zelaya Nurdiyanti, S.IP",sitorusasmadi@example.net,086 627 0412,Tanjungbalai,2024-09-19,Basic,2024-09-19,,True
1121,P00924,Parman Prastuti,yuliartidian@example.com,+62 (0284) 481 4505,Cilegon,2023-10-03,Basic,2023-10-03,2025-05-30,False
1122,P00924,Parman Prastuti,yuliartidian@example.com,+62 (0284) 481 4505,Cilegon,2023-10-03,Gold,2025-05-30,,True
1123,P00925,Amelia Pudjiastuti,puput74@example.net,+62-0994-273-0453,Tegal,2024-05-14,Basic,2024-05-14,,True
1124,P00926,Rafi Rajata,damanikargono@example.net,(0929) 160-5797,Padang,2024-05-12,Basic,2024-05-12,,True
1125,P00927,Daruna Hariyah,puspasaririna@example.net,+62-484-115-9569,Bau-Bau,2024-10-27,Basic,2024-10-27,,True
1126,P00928,Dimaz Rahimah,inatarihoran@example.net,+62 (0580) 238-5122,Tasikmalaya,2024-08-16,Basic,2024-08-16,,True
1127,P00929,Galur Hastuti,ukuswandari@example.net,+62 (548) 230-8708,Pagaralam,2023-08-04,Basic,2023-08-04,,True
1128,P00930,Capa Mahendra,tputra@example.net,+62 (79) 378 5264,Ambon,2023-07-14,Basic,2023-07-14,,True
1129,P00931,Candra Gunarto,bagassitorus@example.org,(013) 027-7863,Tegal,2024-06-30,Basic,2024-06-30,2025-04-11,False
1130,P00931,Candra Gunarto,bagassitorus@example.org,(013) 027-7863,Tegal,2024-06-30,Gold,2025-04-11,,True
1131,P00932,Pardi Saefullah,warjiprasasta@example.com,+62 (0495) 404-2896,Pagaralam,2023-03-20,Gold,2023-03-20,,True
1132,P00933,Cornelia Saptono,irawanfitria@example.com,+62-0538-822-0878,Serang,2023-06-01,Platinum,2023-06-01,,True
1133,P00934,Maida Sitorus,fdongoran@example.org,+62 (315) 101-3253,Ternate,2024-09-04,Basic,2024-09-04,,True
1134,P00935,Puti Puji Pratama,najmudinwani@example.org,+62 (50) 524-7775,Mataram,2024-07-02,Gold,2024-07-02,,True
1135,P00936,Praba Nuraini,rpalastri@example.org,+62 (0195) 813-1534,Bima,2023-01-08,Basic,2023-01-08,2025-10-27,False
1136,P00936,Praba Nuraini,rpalastri@example.org,+62 (0195) 813-1534,Bima,2023-01-08,Gold,2025-10-27,,True
1137,P00937,"Tira Damanik, S.T.",namagakezia@example.com,085 853 0933,Banjar,2024-01-16,Basic,2024-01-16,2025-06-15,False
1138,P00937,"Tira Damanik, S.T.",namagakezia@example.com,085 853 0933,Banjar,2024-01-16,Gold,2025-06-15,,True
1139,P00938,"Dr. Kamaria Riyanti, S.H.",halimahhari@example.net,085 665 4359,Langsa,2024-07-04,Basic,2024-07-04,,True
1140,P00939,Dadi Santoso,yhardiansyah@example.com,+62 (78) 074-3548,Jambi,2024-04-06,Gold,2024-04-06,2025-07-22,False
1141,P00939,Dadi Santoso,yhardiansyah@example.com,+62 (78) 074-3548,Jambi,2024-04-06,Platinum,2025-07-22,,True
1142,P00940,Ella Irawan,jelitayolanda@example.net,+62 (029) 894 6810,Lhokseumawe,2024-01-24,Gold,2024-01-24,,True
1143,P00941,"Irfan Nugroho, S.Psi",karjamandasari@example.org,(0535) 825-1896,Ternate,2023-01-13,Basic,2023-01-13,,True
1144,P00942,Siti Sitorus,ghaliyati71@example.org,+62-020-651-5899,Cilegon,2024-09-26,Basic,2024-09-26,,True
1145,P00943,Rusman Habibi,aryanidiah@example.net,+62-035-081-9242,Kendari,2024-09-11,Basic,2024-09-11,2025-08-07,False
1146,P00943,Rusman Habibi,aryanidiah@example.net,+62-035-081-9242,Kendari,2024-09-11,Gold,2025-08-07,,True
1147,P00944,Ade Tamba,fujiatiartawan@example.net,(082) 292 2995,Blitar,2023-10-23,Basic,2023-10-23,,True
1148,P00945,Bakda Wulandari,wastutiyance@example.net,+62 (384) 515-3076,Bau-Bau,2024-08-05,Basic,2024-08-05,2025-08-30,False
1149,P00945,Bakda Wulandari,wastutiyance@example.net,+62 (384) 515-3076,Bau-Bau,2024-08-05,Gold,2025-08-30,,True
1150,P00946,"Imam Latupono, M.Farm",erik38@example.org,+62 (928) 216-9802,Bogor,2024-01-26,Basic,2024-01-26,,True
1151,P00947,"Lega Namaga, S.E.I",tarihoranreksa@example.net,+62-048-293-7474,Kediri,2023-04-04,Basic,2023-04-04,,True
1152,P00948,Sari Mardhiyah,,0876289868,Kendari,2023-11-19,Basic,2023-11-19,,True
1153,P00949,"Laksana Jailani, M.TI.",rahayuardianto@example.net,(0422) 182 5971,Lhokseumawe,2023-08-17,Gold,2023-08-17,,True
1154,P00950,Tari Prastuti,raina39@example.com,(004) 228-8941,Mataram,2023-09-07,Basic,2023-09-07,,True
1155,P00951,"Mulyanto Susanti, S.H.",rikapermata@example.net,+62 (0149) 843-9913,Sukabumi,2023-09-24,Basic,2023-09-24,,True
1156,P00952,"Ir. Kuncara Siregar, S.Sos",laila88@example.net,(0392) 329 3908,Purwokerto,2024-06-25,Platinum,2024-06-25,,True
1157,P00953,Lili Maryati,jamil03@example.org,+62-520-761-1118,Solok,2023-12-28,Basic,2023-12-28,,True
1158,P00954,"drg. Uli Namaga, S.E.",kusmawatilulut@example.net,+62 (666) 098 8867,Tanjungbalai,2023-06-05,Basic,2023-06-05,,True
1159,P00955,Rama Puspasari,lamarsantoso@example.com,+62-003-347-4402,Tegal,2023-11-10,Basic,2023-11-10,,True
1160,P00956,"Puti Diah Wijayanti, M.Farm",puspitasabrina@example.net,+62 (069) 811-1085,Mataram,2023-05-17,Basic,2023-05-17,,True
1161,P00957,Gilda Nashiruddin,plazuardi@example.com,(064) 441 1075,Solok,2023-06-03,Gold,2023-06-03,,True
1162,P00958,"Restu Puspita, M.Ak",nilam48@example.org,(0744) 272 8986,Kendari,2024-03-24,Basic,2024-03-24,,True
1163,P00959,Tgk. Tantri Nurdiyanti,hasta29@example.com,(007) 002 2362,Kediri,2023-02-03,Platinum,2023-02-03,,True
1164,P00960,Ciaobella Pratama,lasmono46@example.org,+62 (604) 661 5175,Pontianak,2023-03-17,Basic,2023-03-17,,True
1165,P00961,"Gasti Hastuti, S.Farm",azalea61@example.com,+62 (936) 367-5173,Pontianak,2024-06-28,Basic,2024-06-28,,True
1166,P00962,Kiandra Riyanti,zulkarnainkalim@example.org,+62-035-656-1730,Tegal,2024-01-09,Basic,2024-01-09,,True
1167,P00963,Kasusra Waskita,pangeran20@example.net,+62 (0775) 126 0000,Serang,2024-02-06,Basic,2024-02-06,,True
1168,P00964,"dr. Mahfud Aryani, M.Farm",nurdiyantiwinda@example.org,(0220) 641-3533,Pontianak,2024-05-22,Basic,2024-05-22,,True
1169,P00965,Putri Napitupulu,sudiatidalima@example.org,+62-0722-426-9065,Banjar,2023-08-06,Basic,2023-08-06,,True
1170,P00966,"Kacung Suwarno, M.TI.",epertiwi@example.org,0868004634,Pariaman,2023-08-15,Basic,2023-08-15,2025-10-25,False
1171,P00966,"Kacung Suwarno, M.TI.",epertiwi@example.org,0868004634,Pariaman,2023-08-15,Gold,2025-10-25,,True
1172,P00967,Anita Mahendra,jailanigangsa@example.org,+62-79-667-0952,Palu,2024-10-20,Basic,2024-10-20,,True
1173,P00968,Surya Yolanda,cawisadi88@example.com,+62-210-321-1544,Gorontalo,2023-12-26,Gold,2023-12-26,,True
1174,P00969,"drg. Putri Hastuti, S.Kom",wijayantigarda@example.net,+62 (0972) 384 9961,Cimahi,2023-10-11,Basic,2023-10-11,2025-06-01,False
1175,P00969,"drg. Putri Hastuti, S.Kom",wijayantigarda@example.net,+62 (0972) 384 9961,Cimahi,2023-10-11,Gold,2025-06-01,,True
1176,P00970,Lukman Wulandari,adesusanti@example.com,(096) 338 5813,Pematangsiantar,2024-10-17,Basic,2024-10-17,,True
1177,P00971,Ganjaran Permadi,zulaikamahesa@example.net,+62 (901) 875-7173,Kotamobagu,2023-06-08,Basic,2023-06-08,,True
1178,P00972,"Ella Pradana, M.TI.",zmarbun@example.com,+62-012-556-6425,Cimahi,2023-10-01,Basic,2023-10-01,,True
1179,P00973,Puti Siti Damanik,wsudiati@example.com,(0860) 102 5063,Bukittinggi,2024-04-10,Basic,2024-04-10,,True
1180,P00974,Violet Nurdiyanti,ikinlailasari@example.com,+62-055-654-3505,Padangpanjang,2024-04-27,Basic,2024-04-27,2025-07-27,False
1181,P00974,Violet Nurdiyanti,ikinlailasari@example.com,+62-055-654-3505,Padangpanjang,2024-04-27,Gold,2025-07-27,,True
1182,P00975,Ina Rajata,rahayujais@example.net,(0812) 780-7881,Pagaralam,2024-09-11,Basic,2024-09-11,2025-03-13,False
1183,P00975,Ina Rajata,rahayujais@example.net,(0812) 780-7881,Pagaralam,2024-09-11,Gold,2025-03-13,,True
1184,P00976,"T. Jayeng Mahendra, S.T.",csihombing@example.com,+62 (712) 432 8289,Banjarbaru,2024-09-27,Basic,2024-09-27,,True
1185,P00977,Gatra Saputra,auroramustofa@example.net,+62-041-853-4025,Sabang,2023-03-22,Gold,2023-03-22,2025-07-04,False
1186,P00977,Gatra Saputra,auroramustofa@example.net,+62-041-853-4025,Sabang,2023-03-22,Platinum,2025-07-04,,True
1187,P00978,Faizah Prakasa,rahimahhumaira@example.com,+62-46-512-8620,Kota Administrasi Jakarta Utara,2024-11-05,Basic,2024-11-05,,True
1188,P00979,R. Yani Uyainah,adiarja25@example.com,+62-023-227-4581,Binjai,2023-12-07,Basic,2023-12-07,,True
1189,P00980,Dt. Kenari Lazuardi,chasanah@example.com,+62 (867) 475 6535,Palangkaraya,2024-04-20,Basic,2024-04-20,,True
1190,P00981,Tantri Kuswoyo,,+62 (051) 934-4240,Denpasar,2023-07-11,Basic,2023-07-11,,True
1191,P00982,Panca Lailasari,sitinovitasari@example.org,+62 (09) 040-3665,Pangkalpinang,2023-05-26,Basic,2023-05-26,,True
1192,P00983,drg. Daniswara Rahimah,dimasoktaviani@example.com,(0811) 511-6472,Pangkalpinang,2024-09-05,Basic,2024-09-05,,True
1193,P00984,Pangestu Lailasari,hartosihombing@example.org,+62 (0583) 858-6736,Manado,2024-04-26,Gold,2024-04-26,,True
1194,P00985,Luwar Handayani,prastutilasmanto@example.com,083 578 0263,Sorong,2024-10-10,Basic,2024-10-10,,True
1195,P00986,Ani Tampubolon,bakti70@example.org,+62 (0302) 308-9880,Madiun,2024-07-21,Basic,2024-07-21,,True
1196,P00987,Dian Budiyanto,dprastuti@example.net,0851875365,Cilegon,2023-06-26,Gold,2023-06-26,,True
1197,P00988,Karja Mayasari,adriansyahyuni@example.com,0845676829,Kendari,2023-11-22,Basic,2023-11-22,2025-04-30,False
1198,P00988,Karja Mayasari,adriansyahyuni@example.com,0845676829,Kendari,2023-11-22,Gold,2025-04-30,,True
1199,P00989,Rafid Irawan,luwes14@example.com,(0060) 735 3680,Bandar Lampung,2023-07-27,Gold,2023-07-27,,True
1200,P00990,Sabar Utama,aisyah07@example.net,+62 (042) 530-6332,Kota Administrasi Jakarta Selatan,2023-01-15,Basic,2023-01-15,,True
1201,P00991,"Tiara Lazuardi, S.Ked",rina79@example.com,+62 (850) 016-7173,Sukabumi,2024-02-07,Basic,2024-02-07,,True
1202,P00992,Gaman Sudiati,ariyanti@example.com,0876004413,Dumai,2023-02-19,Basic,2023-02-19,2025-04-21,False
1203,P00992,Gaman Sudiati,ariyanti@example.com,0876004413,Dumai,2023-02-19,Gold,2025-04-21,,True
1204,P00993,Darimin Padmasari,epudjiastuti@example.org,+62-49-641-0091,Palangkaraya,2024-02-14,Basic,2024-02-14,,True
1205,P00994,Kamaria Prasetyo,mustofawidiastuti@example.org,+62-20-364-1465,Kota Administrasi Jakarta Selatan,2024-01-14,Gold,2024-01-14,2025-08-09,False
1206,P00994,Kamaria Prasetyo,mustofawidiastuti@example.org,+62-20-364-1465,Kota Administrasi Jakarta Selatan,2024-01-14,Platinum,2025-08-09,,True
1207,P00995,Drs. Fitriani Laksita,puspitavanesa@example.org,+62 (003) 325-5525,Sibolga,2024-08-21,Basic,2024-08-21,,True
1208,P00996,"drg. Gawati Fujiati, S.Ked",awaskita@example.org,+62-072-942-6467,Bima,2023-01-17,Basic,2023-01-17,,True
1209,P00997,Asirwanda Situmorang,eka06@example.org,+62 (037) 627-6768,Pontianak,2024-03-10,Basic,2024-03-10,,True
1210,P00998,Gina Tampubolon,mulyanto10@example.org,(051) 362 1208,Pekanbaru,2024-07-07,Basic,2024-07-07,,True
1211,P00999,Cut Vanesa Habibi,warsa36@example.com,+62 (84) 409-2480,Samarinda,2024-03-12,Basic,2024-03-12,,True
1212,P01000,Hilda Nasyidah,cakrabuana35@example.org,088 970 3299,Jambi,2023-08-17,Basic,2023-08-17,,True
1213,P01001,Dipa Nainggolan,ywulandari@example.net,0835420941,Batu,2023-09-15,Basic,2023-09-15,,True
1214,P01002,R. Ganda Sihombing,manullanglasmanto@example.com,+62 (094) 474-4125,Kupang,2024-07-09,Basic,2024-07-09,,True
1215,P01003,"Sutan Samsul Siregar, M.Pd",palastrirahman@example.com,+62-018-759-1993,Surakarta,2023-09-09,Platinum,2023-09-09,,True
1216,P01004,Ir. Gabriella Thamrin,salsabilatarihoran@example.com,+62 (0501) 051-4015,Magelang,2023-06-08,Basic,2023-06-08,,True
1217,P01005,Ir. Raina Hariyah,ridwan67@example.com,+62-0753-114-1097,Singkawang,2024-10-06,Gold,2024-10-06,,True
1218,P01006,Julia Simanjuntak,prayitna45@example.com,+62 (0856) 386-6842,Padang,2024-01-26,Basic,2024-01-26,2025-05-26,False
1219,P01006,Julia Simanjuntak,prayitna45@example.com,+62 (0856) 386-6842,Padang,2024-01-26,Gold,2025-05-26,,True
1220,P01007,Jagapati Mayasari,nardiastuti@example.net,+62 (64) 884-0479,Semarang,2023-11-19,Basic,2023-11-19,,True
1221,P01008,"Emin Gunawan, M.Farm",luwais@example.org,+62-46-493-4846,Pagaralam,2023-03-27,Basic,2023-03-27,,True
1222,P01009,Carub Nababan,cinthianurdiyanti@example.org,+62 (196) 894 8086,Palangkaraya,2023-01-05,Gold,2023-01-05,,True
1223,P01010,"Sutan Mustofa Hutapea, S.I.Kom",shakila85@example.com,+62 (127) 245-9065,Palangkaraya,2023-12-13,Basic,2023-12-13,2025-08-09,False
1224,P01010,"Sutan Mustofa Hutapea, S.I.Kom",shakila85@example.com,+62 (127) 245-9065,Palangkaraya,2023-12-13,Gold,2025-08-09,,True
1225,P01011,"Karja Damanik, S.Kom",husada@example.com,+62-0831-873-2145,Kota Administrasi Jakarta Pusat,2024-03-01,Basic,2024-03-01,2025-06-27,False
1226,P01011,"Karja Damanik, S.Kom",husada@example.com,+62-0831-873-2145,Kota Administrasi Jakarta Pusat,2024-03-01,Gold,2025-06-27,,True
1227,P01012,Tgk. Dina Halim,harsaya10@example.net,+62 (0472) 856-0935,Cilegon,2023-01-04,Gold,2023-01-04,,True
1228,P01013,Ozy Adriansyah,kasiyah95@example.com,+62-0915-371-6672,Metro,2024-07-05,Basic,2024-07-05,,True
1229,P01014,Digdaya Adriansyah,farahpalastri@example.net,+62 (385) 308 8913,Payakumbuh,2023-12-11,Basic,2023-12-11,,True
1230,P01015,Tedi Kuswoyo,kputra@example.org,(0198) 768-4822,Sungai Penuh,2023-12-11,Basic,2023-12-11,,True
1231,P01016,"Maimunah Maulana, M.Farm",nainggolanutama@example.net,+62-495-395-2499,Bima,2024-06-12,Gold,2024-06-12,,True
1232,P01017,"drg. Juli Saptono, S.I.Kom",nyana94@example.net,(031) 191 9105,Bekasi,2024-05-23,Gold,2024-05-23,,True
1233,P01018,"Drajat Melani, S.E.I",yance23@example.net,080 664 0759,Palangkaraya,2024-04-14,Basic,2024-04-14,2025-08-30,False
1234,P01018,"Drajat Melani, S.E.I",yance23@example.net,080 664 0759,Palangkaraya,2024-04-14,Gold,2025-08-30,,True
1235,P01019,"Candra Saputra, M.Pd",rahayu28@example.org,+62 (0154) 425 2276,Metro,2023-12-29,Basic,2023-12-29,,True
1236,P01020,Zalindra Pudjiastuti,mahesa26@example.net,+62-010-273-0054,Payakumbuh,2024-07-21,Basic,2024-07-21,,True
1237,P01021,Banara Wacana,satyanamaga@example.net,(093) 339-7676,Ternate,2023-09-04,Basic,2023-09-04,,True
1238,P01022,Prima Winarsih,faizah47@example.net,+62 (62) 161 2612,Kota Administrasi Jakarta Pusat,2023-11-20,Basic,2023-11-20,,True
1239,P01023,Cinta Lestari,sabarhidayat@example.com,(0102) 725-7300,Manado,2024-06-19,Basic,2024-06-19,,True
1240,P01024,drg. Cahya Uwais,dian91@example.com,+62 (004) 613 0514,Madiun,2024-07-19,Basic,2024-07-19,,True
1241,P01025,Cahyono Pudjiastuti,galih82@example.org,(0685) 701 4637,Bandar Lampung,2023-07-11,Gold,2023-07-11,2025-04-04,False
1242,P01025,Cahyono Pudjiastuti,galih82@example.org,(0685) 701 4637,Bandar Lampung,2023-07-11,Platinum,2025-04-04,,True
1243,P01026,Raisa Zulaika,natsirhilda@example.net,+62 (094) 107 1305,Pasuruan,2024-10-03,Gold,2024-10-03,,True
1244,P01027,"Drs. Kadir Wahyudin, S.T.",pratamamuhammad@example.net,(039) 485-5495,Tanjungbalai,2024-05-13,Platinum,2024-05-13,,True
1245,P01028,"Tgk. Makuta Wacana, S.Psi",zeldamaheswara@example.net,+62-045-717-2729,Serang,2023-11-10,Basic,2023-11-10,,True
1246,P01029,Ilsa Andriani,prayogomarbun@example.org,0853944721,Metro,2023-11-05,Basic,2023-11-05,,True
1247,P01030,Gina Melani,bagiya65@example.net,+62 (000) 503-8449,Tual,2024-09-08,Basic,2024-09-08,2025-07-02,False
1248,P01030,Gina Melani,bagiya65@example.net,+62 (000) 503-8449,Tual,2024-09-08,Gold,2025-07-02,,True
1249,P01031,Zelaya Budiyanto,dacin00@example.net,+62-0461-626-5756,Dumai,2023-03-22,Basic,2023-03-22,,True
1250,P01032,Iriana Thamrin,sihombinggaliono@example.com,+62 (47) 196 1899,Bogor,2024-09-07,Basic,2024-09-07,2025-04-16,False
1251,P01032,Iriana Thamrin,sihombinggaliono@example.com,+62 (47) 196 1899,Bogor,2024-09-07,Gold,2025-04-16,,True
1252,P01033,Lili Marpaung,fujiaticawisono@example.net,+62 (12) 877-7735,Madiun,2023-04-09,Basic,2023-04-09,,True
1253,P01034,Bakidin Mulyani,zulkarnainemong@example.org,+62 (024) 663 5378,Padang,2024-07-29,Basic,2024-07-29,,True
1254,P01035,Harto Januar,gatot42@example.net,+62 (041) 334 2472,Makassar,2023-08-07,Basic,2023-08-07,,True
1255,P01036,Tgk. Pia Suryono,hutasoitharjaya@example.net,+62 (009) 035-6352,Manado,2023-10-22,Basic,2023-10-22,2025-06-08,False
1256,P01036,Tgk. Pia Suryono,hutasoitharjaya@example.net,+62 (009) 035-6352,Manado,2023-10-22,Gold,2025-06-08,,True
1257,P01037,dr. Zaenab Anggraini,jpalastri@example.com,(075) 073 2222,Tebingtinggi,2024-05-13,Basic,2024-05-13,,True
1258,P01038,Samiah Tampubolon,novidongoran@example.net,+62 (287) 549-4000,Mojokerto,2024-05-26,Basic,2024-05-26,,True
1259,P01039,"Almira Budiyanto, S.Kom",mahesaprastuti@example.net,+62 (98) 398 1294,Binjai,2024-11-05,Gold,2024-11-05,2025-05-25,False
1260,P01039,"Almira Budiyanto, S.Kom",mahesaprastuti@example.net,+62 (98) 398 1294,Binjai,2024-11-05,Platinum,2025-05-25,,True
1261,P01040,R. Leo Putra,jarwidabukke@example.com,083 976 3006,Palangkaraya,2024-10-15,Basic,2024-10-15,,True
1262,P01041,Panca Sihombing,taufan43@example.org,+62 (0344) 909 0982,Balikpapan,2024-02-14,Basic,2024-02-14,,True
1263,P01042,Slamet Firmansyah,kasiyah54@example.net,081 784 1451,Sorong,2023-08-04,Basic,2023-08-04,2025-07-23,False
1264,P01042,Slamet Firmansyah,kasiyah54@example.net,081 784 1451,Sorong,2023-08-04,Gold,2025-07-23,,True
1265,P01043,"Fitria Napitupulu, S.Pt",zalindramulyani@example.org,(085) 612 2351,Pasuruan,2023-08-27,Basic,2023-08-27,,True
1266,P01044,"Hj. Rahmi Nababan, S.Gz",padmi07@example.net,+62 (079) 648-5865,Meulaboh,2024-09-09,Basic,2024-09-09,,True
1267,P01045,Bancar Napitupulu,saputralukman@example.com,+62 (0934) 756 9203,Kota Administrasi Jakarta Utara,2024-09-15,Basic,2024-09-15,2025-10-17,False
1268,P01045,Bancar Napitupulu,saputralukman@example.com,+62 (0934) 756 9203,Kota Administrasi Jakarta Utara,2024-09-15,Gold,2025-10-17,,True
1269,P01046,Prabowo Usada,bakijan88@example.org,+62 (024) 098 9328,Pontianak,2023-07-20,Basic,2023-07-20,,True
1270,P01047,Halima Purwanti,widodoviolet@example.com,(095) 268 6977,Kota Administrasi Jakarta Selatan,2023-11-25,Basic,2023-11-25,,True
1271,P01048,"dr. Ophelia Sirait, S.Gz",siska70@example.net,+62-0196-050-8999,Kota Administrasi Jakarta Timur,2023-07-26,Basic,2023-07-26,2025-06-27,False
1272,P01048,"dr. Ophelia Sirait, S.Gz",siska70@example.net,+62-0196-050-8999,Kota Administrasi Jakarta Timur,2023-07-26,Gold,2025-06-27,,True
1273,P01049,Dt. Mahmud Hidayanto,martana86@example.org,(0245) 272 2832,Banjarbaru,2024-03-20,Basic,2024-03-20,2025-03-14,False
1274,P01049,Dt. Mahmud Hidayanto,martana86@example.org,(0245) 272 2832,Banjarbaru,2024-03-20,Gold,2025-03-14,,True
1275,P01050,"R. Shania Lailasari, S.Sos",bagiyanurdiyanti@example.org,+62-0219-583-6299,Batam,2023-03-30,Gold,2023-03-30,,True
1276,P01051,"dr. Yono Pertiwi, S.Psi",esihotang@example.com,+62 (670) 092-0852,Purwokerto,2023-01-13,Basic,2023-01-13,,True
1277,P01052,"Puti Uchita Rahayu, M.Kom.",opan98@example.com,+62 (078) 077 3041,Banjarbaru,2024-08-05,Gold,2024-08-05,2025-10-26,False
1278,P01052,"Puti Uchita Rahayu, M.Kom.",opan98@example.com,+62 (078) 077 3041,Banjarbaru,2024-08-05,Platinum,2025-10-26,,True
1279,P01053,dr. Cemplunk Sitorus,lailasarigangsar@example.net,+62 (0543) 116-2583,Bontang,2023-08-11,Platinum,2023-08-11,,True
1280,P01054,"R.A. Kani Sihombing, S.IP",palastrieman@example.org,(020) 508 3264,Bitung,2024-07-02,Gold,2024-07-02,2025-06-15,False
1281,P01054,"R.A. Kani Sihombing, S.IP",palastrieman@example.org,(020) 508 3264,Bitung,2024-07-02,Platinum,2025-06-15,,True
1282,P01055,"Zelda Situmorang, M.Farm",narpatimaimunah@example.org,+62 (83) 861 7500,Metro,2023-10-18,Basic,2023-10-18,,True
1283,P01056,Calista Maulana,najmudinbelinda@example.net,+62-218-776-1786,Makassar,2023-01-21,Basic,2023-01-21,,True
1284,P01057,Daliono Nashiruddin,flestari@example.org,084 163 6991,Meulaboh,2024-10-23,Basic,2024-10-23,2025-03-18,False
1285,P01057,Daliono Nashiruddin,flestari@example.org,084 163 6991,Meulaboh,2024-10-23,Gold,2025-03-18,,True
1286,P01058,"Ifa Hassanah, S.Gz",hidayatumar@example.com,+62 (091) 852 9756,Bogor,2023-10-07,Basic,2023-10-07,2025-10-11,False
1287,P01058,"Ifa Hassanah, S.Gz",hidayatumar@example.com,+62 (091) 852 9756,Bogor,2023-10-07,Gold,2025-10-11,,True
1288,P01059,Cut Kartika Jailani,nurainigada@example.net,0820499665,Palangkaraya,2023-01-27,Platinum,2023-01-27,,True
1289,P01060,"Drs. Hafshah Aryani, S.H.",tpalastri@example.org,+62 (027) 282-4465,Prabumulih,2023-11-08,Basic,2023-11-08,,True
1290,P01061,Zulfa Ardianto,suryonoasman@example.com,(060) 592 5291,Surakarta,2024-04-04,Basic,2024-04-04,,True
1291,P01062,Puput Purnawati,vsuryatmi@example.org,+62 (079) 616-9446,Magelang,2024-01-17,Basic,2024-01-17,,True
1292,P01063,Tgk. Melinda Mangunsong,vrahayu@example.com,(087) 429-9769,Padangpanjang,2023-08-04,Basic,2023-08-04,,True
1293,P01064,Panji Fujiati,firmansyahjessica@example.net,084 235 3784,Tomohon,2024-05-30,Basic,2024-05-30,,True
1294,P01065,Olivia Suryatmi,nurdiyantizahra@example.org,(038) 389-3154,Cirebon,2024-11-24,Basic,2024-11-24,,True
1295,P01066,Jindra Setiawan,uhakim@example.com,+62 (0711) 303-5461,Tangerang,2024-10-10,Basic,2024-10-10,,True
1296,P01067,Kenari Prakasa,rafid05@example.net,+62 (919) 324-1131,Kota Administrasi Jakarta Barat,2024-04-05,Basic,2024-04-05,,True
1297,P01068,Lanjar Aryani,wirawan@example.com,+62 (046) 457-6698,Tegal,2024-11-19,Basic,2024-11-19,,True
1298,P01069,drg. Almira Astuti,agustinafarah@example.com,+62 (019) 039 5530,Palopo,2023-01-26,Basic,2023-01-26,,True
1299,P01070,Raisa Astuti,uwinarsih@example.net,+62 (211) 034-3623,Tasikmalaya,2024-11-25,Basic,2024-11-25,,True
1300,P01071,"Cecep Melani, S.H.",ikhsan73@example.net,+62 (129) 709-6955,Cilegon,2023-05-08,Basic,2023-05-08,2025-07-08,False
1301,P01071,"Cecep Melani, S.H.",ikhsan73@example.net,+62 (129) 709-6955,Cilegon,2023-05-08,Gold,2025-07-08,,True
1302,P01072,T. Hasan Hidayanto,elvinpudjiastuti@example.com,(0317) 178 2536,Cirebon,2024-07-17,Basic,2024-07-17,,True
1303,P01073,Ella Hutapea,murtiwulandari@example.com,+62 (0851) 101 6422,Ambon,2023-10-21,Gold,2023-10-21,,True
1304,P01074,"H. Vinsen Mansur, S.I.Kom",garda72@example.org,(057) 523 2995,Pekanbaru,2024-01-17,Gold,2024-01-17,,True
1305,P01075,"KH. Argono Hardiansyah, M.Farm",kwastuti@example.org,+62 (242) 750-4822,Purwokerto,2023-05-16,Basic,2023-05-16,,True
1306,P01076,Cagak Widodo,tuwais@example.net,0876231168,Magelang,2024-10-04,Basic,2024-10-04,,True
1307,P01077,"H. Anggabaya Suryono, M.Pd",safitripuspa@example.org,+62-383-812-5213,Tangerang,2023-10-23,Basic,2023-10-23,,True
1308,P01078,Nurul Suryono,ardiantomartaka@example.net,080 987 4141,Medan,2023-11-17,Basic,2023-11-17,,True
1309,P01079,Ira Namaga,adhiarja82@example.com,+62-31-426-7232,Kota Administrasi Jakarta Utara,2024-10-26,Basic,2024-10-26,,True
1310,P01080,dr. Ida Padmasari,kezia37@example.net,(082) 230-5938,Sungai Penuh,2024-09-20,Basic,2024-09-20,,True
1311,P01081,Michelle Utama,indah11@example.net,+62 (078) 339 5861,Gorontalo,2023-11-13,Gold,2023-11-13,,True
1312,P01082,"KH. Gara Riyanti, M.Kom.",prayogavega@example.com,+62 (0845) 215 6180,Tebingtinggi,2024-08-09,Gold,2024-08-09,,True
1313,P01083,Sari Setiawan,ssitompul@example.org,+62 (02) 820-3287,Jambi,2023-11-12,Basic,2023-11-12,,True
1314,P01084,Kariman Pangestu,wijayantihafshah@example.com,087 854 7123,Padang,2024-01-01,Gold,2024-01-01,2025-08-12,False
1315,P01084,Kariman Pangestu,wijayantihafshah@example.com,087 854 7123,Padang,2024-01-01,Platinum,2025-08-12,,True
1316,P01085,Timbul Hasanah,bsiregar@example.org,(083) 908-6236,Padangpanjang,2023-03-24,Gold,2023-03-24,2025-07-26,False
1317,P01085,Timbul Hasanah,bsiregar@example.org,(083) 908-6236,Padangpanjang,2023-03-24,Platinum,2025-07-26,,True
1318,P01086,"Puti Siska Wahyuni, M.Farm",hasanahheru@example.net,+62 (0019) 852 6093,Probolinggo,2023-08-07,Basic,2023-08-07,,True
1319,P01087,Aisyah Maryadi,oskar96@example.com,+62-0270-542-5218,Jambi,2023-05-13,Basic,2023-05-13,2025-06-11,False
1320,P01087,Aisyah Maryadi,oskar96@example.com,+62-0270-542-5218,Jambi,2023-05-13,Gold,2025-06-11,,True
1321,P01088,Kusuma Firmansyah,xpertiwi@example.net,+62 (0454) 676 3495,Kota Administrasi Jakarta Barat,2023-12-24,Basic,2023-12-24,,True
1322,P01089,Eka Usada,tambadian@example.org,+62 (15) 583-9633,Pariaman,2024-08-15,Basic,2024-08-15,2025-03-20,False
1323,P01089,Eka Usada,tambadian@example.org,+62 (15) 583-9633,Pariaman,2024-08-15,Gold,2025-03-20,,True
1324,P01090,H. Budi Maheswara,galakhandayani@example.net,+62 (186) 348-3208,Kota Administrasi Jakarta Utara,2023-09-05,Basic,2023-09-05,,True
1325,P01091,Zaenab Iswahyudi,napitupululidya@example.com,(091) 964 8084,Padangpanjang,2024-05-11,Gold,2024-05-11,,True
1326,P01092,T. Lurhur Winarsih,marganalazuardi@example.org,+62-36-244-9076,Lubuklinggau,2024-05-25,Basic,2024-05-25,2025-03-13,False
1327,P01092,T. Lurhur Winarsih,marganalazuardi@example.org,+62-36-244-9076,Lubuklinggau,2024-05-25,Gold,2025-03-13,,True
1328,P01093,Gandi Iswahyudi,hasimmaryadi@example.net,+62-0261-645-9444,Batu,2023-05-18,Basic,2023-05-18,,True
1329,P01094,R.M. Asmianto Pratiwi,latuponogarang@example.org,+62-33-641-9156,Kota Administrasi Jakarta Pusat,2024-04-08,Basic,2024-04-08,,True
1330,P01095,Mursinin Wasita,bakdaprayoga@example.com,+62 (0124) 262-8405,Binjai,2024-10-26,Basic,2024-10-26,,True
1331,P01096,Paiman Maulana,iswahyudidacin@example.com,0889425744,Lhokseumawe,2024-10-20,Platinum,2024-10-20,,True
1332,P01097,Drs. Qori Prastuti,putratiara@example.org,(0388) 661-4285,Bogor,2024-01-12,Basic,2024-01-12,2025-04-13,False
1333,P01097,Drs. Qori Prastuti,putratiara@example.org,(0388) 661-4285,Bogor,2024-01-12,Gold,2025-04-13,,True
1334,P01098,"Tgk. Lega Napitupulu, S.Pd",halimajiono@example.org,+62-0929-616-0192,Madiun,2023-03-28,Basic,2023-03-28,,True
1335,P01099,Pangestu Mardhiyah,vwahyudin@example.org,+62 (062) 011-8970,Pontianak,2023-03-07,Basic,2023-03-07,,True
1336,P01100,"Chelsea Melani, S.Ked",aguspuspita@example.org,+62 (938) 463-0190,Sibolga,2024-04-14,Basic,2024-04-14,,True
1337,P01101,"Ir. Najam Latupono, M.Ak",puspasarigasti@example.net,+62-32-779-7094,Bengkulu,2023-06-30,Basic,2023-06-30,,True
1338,P01102,Asirwada Tarihoran,juli79@example.com,+62-47-315-8930,Sungai Penuh,2023-09-19,Basic,2023-09-19,2025-03-09,False
1339,P01102,Asirwada Tarihoran,juli79@example.com,+62-47-315-8930,Sungai Penuh,2023-09-19,Gold,2025-03-09,,True
1340,P01103,Pia Haryanto,enurdiyanti@example.org,+62-47-696-4307,Kota Administrasi Jakarta Barat,2024-09-23,Basic,2024-09-23,,True
1341,P01104,"Ir. Putri Pranowo, M.Ak",uwaisratna@example.com,+62-0671-597-4949,Bandar Lampung,2024-07-27,Basic,2024-07-27,,True
1342,P01105,Dagel Yuliarti,wasitaellis@example.net,+62 (30) 868 8302,Pekalongan,2023-12-02,Basic,2023-12-02,,True
1343,P01106,"R.A. Hamima Haryanto, S.Farm",ismailmandala@example.net,+62 (73) 208-8781,Batu,2023-08-29,Basic,2023-08-29,,True
1344,P01107,Zulaikha Gunarto,koko33@example.com,+62-0793-513-9098,Yogyakarta,2024-01-27,Gold,2024-01-27,2025-10-14,False
1345,P01107,Zulaikha Gunarto,koko33@example.com,+62-0793-513-9098,Yogyakarta,2024-01-27,Platinum,2025-10-14,,True
1346,P01108,Wirda Nainggolan,kdamanik@example.net,+62 (189) 824-6572,Tegal,2023-12-28,Basic,2023-12-28,,True
1347,P01109,Estiono Dabukke,dongoranrika@example.org,0870292103,Tanjungbalai,2023-05-21,Gold,2023-05-21,,True
1348,P01110,Puspa Prasasta,gangsa81@example.org,(0357) 128-3855,Mataram,2024-10-28,Basic,2024-10-28,,True
1349,P01111,Cinthia Tamba,panggriawan@example.net,0817772071,Bima,2024-11-07,Gold,2024-11-07,2025-03-28,False
1350,P01111,Cinthia Tamba,panggriawan@example.net,0817772071,Bima,2024-11-07,Platinum,2025-03-28,,True
1351,P01112,"Respati Pratiwi, M.Ak",pyuliarti@example.org,+62-50-427-9229,Lhokseumawe,2023-09-17,Basic,2023-09-17,,True
1352,P01113,"R.M. Elvin Suryono, M.Farm",psaragih@example.net,+62-096-046-4389,Probolinggo,2023-09-20,Basic,2023-09-20,,True
1353,P01114,"Titin Saragih, S.Psi",,0888258269,Bau-Bau,2024-11-04,Basic,2024-11-04,,True
1354,P01115,"Ir. Cakrabuana Mulyani, M.Farm",kusumobagas@example.org,+62 (040) 880 0366,Sorong,2023-02-16,Basic,2023-02-16,,True
1355,P01116,Kamidin Farida,kacung06@example.com,(0677) 780 3652,Jambi,2024-04-13,Basic,2024-04-13,,True
1356,P01117,Tgk. Rusman Haryanto,qriyanti@example.org,+62-073-569-9757,Salatiga,2023-07-13,Gold,2023-07-13,,True
1357,P01118,Tomi Anggraini,wulandaripurwadi@example.net,+62 (039) 719 9910,Payakumbuh,2024-03-19,Basic,2024-03-19,,True
1358,P01119,Siti Pangestu,fandriani@example.net,(024) 951 1216,Malang,2023-03-07,Basic,2023-03-07,,True
1359,P01120,"Vera Prastuti, S.Ked",ekapradana@example.org,082 786 8831,Probolinggo,2023-11-09,Basic,2023-11-09,,True
1360,P01121,R.M. Irfan Sudiati,manullangdwi@example.net,+62 (53) 897 8854,Surabaya,2023-03-14,Basic,2023-03-14,,True
1361,P01122,Cut Betania Simbolon,lukitadamanik@example.com,+62-008-226-3690,Medan,2024-10-16,Basic,2024-10-16,2025-08-30,False
1362,P01122,Cut Betania Simbolon,lukitadamanik@example.com,+62-008-226-3690,Medan,2024-10-16,Gold,2025-08-30,,True
1363,P01123,Darsirah Permadi,xwahyudin@example.com,+62 (75) 771 4793,Bukittinggi,2023-10-17,Basic,2023-10-17,,True
1364,P01124,Kasiyah Lestari,gardasudiati@example.org,+62 (677) 418-1931,Medan,2024-11-07,Basic,2024-11-07,,True
1365,P01125,Umar Gunawan,gawatilailasari@example.org,+62 (0881) 153 2551,Probolinggo,2023-04-15,Basic,2023-04-15,,True
1366,P01126,Tari Hutasoit,apratiwi@example.net,081 455 3801,Yogyakarta,2024-08-06,Basic,2024-08-06,,True
1367,P01127,"Dr. Farah Hariyah, S.IP",glailasari@example.net,+62 (0100) 749-0159,Pariaman,2024-10-20,Basic,2024-10-20,,True
1368,P01128,"Mursita Purnawati, S.Ked",lasmantowijayanti@example.net,+62-0187-859-4576,Banjar,2023-08-13,Basic,2023-08-13,,True
1369,P01129,Gasti Haryanto,faizahnababan@example.org,+62-72-323-9715,Tomohon,2024-10-28,Basic,2024-10-28,,True
1370,P01130,Alika Wulandari,owahyudin@example.org,(051) 553-5920,Tangerang Selatan,2024-03-11,Basic,2024-03-11,,True
1371,P01131,R. Salimah Saputra,,+62-323-658-7882,Bengkulu,2024-08-11,Basic,2024-08-11,,True
1372,P01132,Adiarja Wibisono,prasastagantar@example.org,+62 (958) 523-8451,Bontang,2023-12-24,Basic,2023-12-24,,True
1373,P01133,"KH. Radit Permadi, M.Pd",kandasiregar@example.net,(025) 824-2978,Pontianak,2024-03-24,Basic,2024-03-24,,True
1374,P01134,Heru Maulana,xpurnawati@example.org,(0203) 971 9684,Binjai,2023-01-25,Gold,2023-01-25,,True
1375,P01135,"R. Gawati Palastri, M.Farm",shidayat@example.net,(096) 703 9384,Manado,2024-05-04,Basic,2024-05-04,,True
1376,P01136,Reksa Nurdiyanti,warsita13@example.org,+62-090-167-8341,Yogyakarta,2023-03-13,Basic,2023-03-13,,True
1377,P01137,Putri Anggraini,ardiantovera@example.com,+62 (019) 874-4218,Ternate,2023-03-01,Basic,2023-03-01,,True
1378,P01138,R.A. Siti Thamrin,caraka53@example.com,082 051 6672,Samarinda,2024-07-16,Basic,2024-07-16,,True
1379,P01139,"Adinata Hardiansyah, S.IP",uutami@example.net,+62 (28) 219-1618,Jayapura,2024-10-24,Gold,2024-10-24,,True
1380,P01140,Rangga Adriansyah,gunawanalika@example.com,+62 (0872) 865 5504,Meulaboh,2023-11-05,Basic,2023-11-05,,True
1381,P01141,"drg. Alika Napitupulu, M.Pd",jhandayani@example.com,+62 (67) 629-7946,Parepare,2023-05-01,Basic,2023-05-01,,True
1382,P01142,"Raisa Padmasari, S.Kom",prastutiarta@example.org,+62 (988) 827 6681,Tanjungbalai,2023-10-28,Basic,2023-10-28,,True
1383,P01143,Xanana Adriansyah,okto52@example.org,+62-026-233-3693,Prabumulih,2024-04-26,Basic,2024-04-26,,True
1384,P01144,"Asmianto Budiman, M.Ak",laksitacecep@example.net,(036) 874-2803,Subulussalam,2024-06-07,Basic,2024-06-07,2025-05-09,False
1385,P01144,"Asmianto Budiman, M.Ak",laksitacecep@example.net,(036) 874-2803,Subulussalam,2024-06-07,Gold,2025-05-09,,True
1386,P01145,Mujur Pangestu,baryani@example.org,+62 (874) 530 5087,Singkawang,2024-02-20,Basic,2024-02-20,2025-03-12,False
1387,P01145,Mujur Pangestu,baryani@example.org,+62 (874) 530 5087,Singkawang,2024-02-20,Gold,2025-03-12,,True
1388,P01146,"Dt. Sabri Widodo, S.Kom",lestaritedi@example.com,+62 (0085) 083-1658,Bogor,2024-08-07,Basic,2024-08-07,,True
1389,P01147,Sutan Manah Hassanah,melanirahmi@example.net,+62-350-700-0930,Balikpapan,2024-07-29,Basic,2024-07-29,,True
1390,P01148,Daru Hutapea,murti78@example.net,(021) 902-1563,Pekalongan,2023-01-18,Gold,2023-01-18,2025-08-28,False
1391,P01148,Daru Hutapea,murti78@example.net,(021) 902-1563,Pekalongan,2023-01-18,Platinum,2025-08-28,,True
1392,P01149,Prakosa Uwais,fmardhiyah@example.com,+62-707-192-9773,Manado,2024-07-28,Basic,2024-07-28,,True
1393,P01150,Ega Novitasari,fkurniawan@example.com,(027) 794 0705,Tual,2024-01-27,Gold,2024-01-27,,True
1394,P01151,"Zulfa Wacana, S.E.I",nasyiahharimurti@example.org,+62 (59) 215-9551,Tidore Kepulauan,2024-09-10,Basic,2024-09-10,2025-08-14,False
1395,P01151,"Zulfa Wacana, S.E.I",nasyiahharimurti@example.org,+62 (59) 215-9551,Tidore Kepulauan,2024-09-10,Gold,2025-08-14,,True
1396,P01152,Rafi Hardiansyah,yhidayanto@example.com,+62 (063) 351-8280,Solok,2023-04-24,Basic,2023-04-24,,True
1397,P01153,Langgeng Purwanti,wahyuninajam@example.org,+62-53-029-8286,Meulaboh,2023-07-07,Gold,2023-07-07,,True
1398,P01154,Paiman Nainggolan,yulianatampubolon@example.com,(031) 896 6752,Kota Administrasi Jakarta Pusat,2024-03-17,Basic,2024-03-17,,True
1399,P01155,"R. Wasis Nuraini, S.Sos",yuni56@example.com,(065) 764 3396,Tidore Kepulauan,2023-08-14,Basic,2023-08-14,,True
1400,P01156,Belinda Sitompul,paris44@example.net,083 976 1025,Langsa,2024-04-23,Platinum,2024-04-23,,True
1401,P01157,Laswi Setiawan,cinta40@example.org,(0778) 926 4832,Jayapura,2024-09-21,Basic,2024-09-21,,True
1402,P01158,Karsana Nurdiyanti,wsitorus@example.org,+62 (0409) 506-5626,Banjarmasin,2023-09-07,Basic,2023-09-07,,True
1403,P01159,"Puti Dian Padmasari, M.TI.",susantiulya@example.com,+62 (082) 366-5975,Padangpanjang,2023-11-26,Basic,2023-11-26,,True
1404,P01160,"Ridwan Wastuti, S.Farm",lmarbun@example.org,+62-55-220-9077,Padang Sidempuan,2023-04-13,Basic,2023-04-13,,True
1405,P01161,Bagiya Budiman,ayuputra@example.com,+62 (02) 926-4679,Kota Administrasi Jakarta Selatan,2024-06-01,Basic,2024-06-01,,True
1406,P01162,Gandi Hakim,candrakanta07@example.net,(097) 110-9090,Kendari,2023-05-19,Basic,2023-05-19,,True
1407,P01163,Wira Hartati,silvia04@example.net,+62 (026) 390 7481,Pasuruan,2024-09-03,Platinum,2024-09-03,,True
1408,P01164,Janet Tarihoran,sramadan@example.com,+62 (053) 647-1543,Jayapura,2024-03-26,Basic,2024-03-26,,True
1409,P01165,"Alambana Ramadan, M.M.",mdabukke@example.com,+62 (33) 377-7972,Bogor,2023-01-19,Basic,2023-01-19,,True
1410,P01166,"Arta Puspasari, S.Gz",gangsa91@example.org,+62 (073) 160-7973,Pekanbaru,2024-06-20,Basic,2024-06-20,,True
1411,P01167,Jessica Suryono,marsitolailasari@example.net,+62 (0089) 638 6687,Probolinggo,2024-11-01,Gold,2024-11-01,2025-03-31,False
1412,P01167,Jessica Suryono,marsitolailasari@example.net,+62 (0089) 638 6687,Probolinggo,2024-11-01,Platinum,2025-03-31,,True
1413,P01168,Bagiya Hutapea,sihotangyosef@example.com,087 278 0554,Kota Administrasi Jakarta Barat,2023-07-13,Basic,2023-07-13,,True
1414,P01169,Ir. Gaman Hariyah,wkurniawan@example.net,+62 (012) 583-3445,Blitar,2023-09-25,Gold,2023-09-25,,True
1415,P01170,"H. Karta Situmorang, S.T.",mhandayani@example.net,0812597697,Magelang,2024-01-13,Basic,2024-01-13,,True
1416,P01171,Devi Permata,ghalimah@example.com,+62 (18) 613-6308,Bima,2023-11-05,Basic,2023-11-05,2025-04-18,False
1417,P01171,Devi Permata,ghalimah@example.com,+62 (18) 613-6308,Bima,2023-11-05,Gold,2025-04-18,,True
1418,P01172,Mahdi Mandasari,napitupulucandra@example.com,+62-0931-676-2783,Pekanbaru,2024-01-01,Basic,2024-01-01,,True
1419,P01173,"dr. Dariati Andriani, S.Psi",rajasapurwadi@example.org,+62 (95) 294 0398,Sibolga,2023-04-27,Basic,2023-04-27,,True
1420,P01174,Elma Puspita,simanjuntakbanawi@example.net,+62 (07) 247-9113,Sibolga,2023-07-17,Basic,2023-07-17,2025-10-07,False
1421,P01174,Elma Puspita,simanjuntakbanawi@example.net,+62 (07) 247-9113,Sibolga,2023-07-17,Gold,2025-10-07,,True
1422,P01175,Drs. Farah Padmasari,artanto64@example.com,+62-29-887-1301,Kediri,2023-12-19,Basic,2023-12-19,,True
1423,P01176,Natalia Tarihoran,mandasariviolet@example.net,+62-043-330-0183,Pontianak,2024-10-24,Basic,2024-10-24,,True
1424,P01177,Drs. Endra Melani,nmaryadi@example.com,(0801) 434 1330,Palu,2023-04-19,Basic,2023-04-19,2025-03-24,False
1425,P01177,Drs. Endra Melani,nmaryadi@example.com,(0801) 434 1330,Palu,2023-04-19,Gold,2025-03-24,,True
1426,P01178,"Atmaja Dabukke, M.Farm",nabilawacana@example.org,(097) 593-1830,Magelang,2024-05-06,Basic,2024-05-06,2025-10-20,False
1427,P01178,"Atmaja Dabukke, M.Farm",nabilawacana@example.org,(097) 593-1830,Magelang,2024-05-06,Gold,2025-10-20,,True
1428,P01179,Galar Winarsih,ymaheswara@example.org,0869732620,Banjar,2023-11-26,Basic,2023-11-26,,True
1429,P01180,"Puti Tantri Sinaga, S.Psi",reksa31@example.net,(061) 847 2525,Surakarta,2024-08-20,Basic,2024-08-20,,True
1430,P01181,Oliva Yuliarti,wahyunioni@example.com,+62 (0724) 344-0241,Gorontalo,2024-03-01,Gold,2024-03-01,2025-05-14,False
1431,P01181,Oliva Yuliarti,wahyunioni@example.com,+62 (0724) 344-0241,Gorontalo,2024-03-01,Platinum,2025-05-14,,True
1432,P01182,"Dt. Cakrajiya Sihombing, S.E.",,+62 (090) 721-8482,Bandar Lampung,2024-08-30,Basic,2024-08-30,,True
1433,P01183,Melinda Dabukke,darijanyulianti@example.net,+62 (090) 955 5376,Lhokseumawe,2024-10-07,Basic,2024-10-07,,True
1434,P01184,Salwa Suryono,suartinihardi@example.org,0866056243,Palembang,2023-12-14,Basic,2023-12-14,,True
1435,P01185,Bala Habibi,,(0811) 107-0324,Subulussalam,2024-12-02,Gold,2024-12-02,,True
1436,P01186,Tirta Kusmawati,malik68@example.com,(0465) 494 8565,Tangerang,2024-01-07,Basic,2024-01-07,2025-06-10,False
1437,P01186,Tirta Kusmawati,malik68@example.com,(0465) 494 8565,Tangerang,2024-01-07,Gold,2025-06-10,,True
1438,P01187,"Niyaga Dabukke, S.I.Kom",yani71@example.net,+62 (0236) 591 6614,Binjai,2023-02-01,Gold,2023-02-01,,True
1439,P01188,Mariadi Damanik,paiman32@example.net,(0740) 391-5830,Bandung,2024-01-08,Basic,2024-01-08,,True
1440,P01189,Rika Manullang,gdabukke@example.com,+62-0510-418-5589,Binjai,2024-04-25,Basic,2024-04-25,,True
1441,P01190,"Imam Simbolon, M.Kom.",caturangga34@example.net,(0389) 251 7229,Balikpapan,2024-04-25,Basic,2024-04-25,2025-09-24,False
1442,P01190,"Imam Simbolon, M.Kom.",caturangga34@example.net,(0389) 251 7229,Balikpapan,2024-04-25,Gold,2025-09-24,,True
1443,P01191,R.M. Hadi Wacana,yrahayu@example.org,0891449782,Pekanbaru,2024-01-10,Basic,2024-01-10,,True
1444,P01192,Tira Hakim,mila49@example.com,+62 (067) 483 7867,Jambi,2024-04-16,Basic,2024-04-16,2025-06-10,False
1445,P01192,Tira Hakim,mila49@example.com,+62 (067) 483 7867,Jambi,2024-04-16,Gold,2025-06-10,,True
1446,P01193,"Yulia Prasetyo, S.Ked",zwasita@example.org,+62-69-681-6587,Jayapura,2024-10-05,Basic,2024-10-05,2025-08-02,False
1447,P01193,"Yulia Prasetyo, S.Ked",zwasita@example.org,+62-69-681-6587,Jayapura,2024-10-05,Gold,2025-08-02,,True
1448,P01194,Maimunah Sirait,puspasariraden@example.org,(0520) 972-4254,Kota Administrasi Jakarta Selatan,2024-06-01,Basic,2024-06-01,,True
1449,P01195,"R.M. Nyana Sudiati, S.Gz",ellisusamah@example.org,+62 (014) 178-3051,Binjai,2024-05-05,Basic,2024-05-05,,True
1450,P01196,"Amelia Maryadi, S.Kom",candrakanta86@example.org,(0765) 959-0363,Batu,2023-01-31,Basic,2023-01-31,,True
1451,P01197,Gantar Rahmawati,iprasetyo@example.org,+62 (072) 031-4498,Subulussalam,2024-10-23,Basic,2024-10-23,2025-08-31,False
1452,P01197,Gantar Rahmawati,iprasetyo@example.org,+62 (072) 031-4498,Subulussalam,2024-10-23,Gold,2025-08-31,,True
1453,P01198,"Tgk. Amelia Januar, M.Ak",halimasihotang@example.org,(056) 074 1935,Purwokerto,2024-07-26,Basic,2024-07-26,2025-05-30,False
1454,P01198,"Tgk. Amelia Januar, M.Ak",halimasihotang@example.org,(056) 074 1935,Purwokerto,2024-07-26,Gold,2025-05-30,,True
1455,P01199,Jaga Prasetyo,hardiansyahmariadi@example.com,0884962539,Singkawang,2023-06-18,Basic,2023-06-18,,True
1456,P01200,Vega Habibi,purnawatiusyi@example.com,+62-0532-721-0082,Tanjungpinang,2024-10-02,Basic,2024-10-02,,True
1457,P01201,Anita Waluyo,kadriansyah@example.net,(025) 827 7056,Banda Aceh,2024-02-01,Gold,2024-02-01,,True
1458,P01202,Tgk. Tirtayasa Aryani,kandatampubolon@example.net,+62 (405) 767 5912,Tomohon,2024-03-10,Basic,2024-03-10,,True
1459,P01203,Dr. Nasim Mansur,susantirangga@example.com,+62 (206) 234 0729,Kota Administrasi Jakarta Timur,2024-03-18,Basic,2024-03-18,2025-07-24,False
1460,P01203,Dr. Nasim Mansur,susantirangga@example.com,+62 (206) 234 0729,Kota Administrasi Jakarta Timur,2024-03-18,Gold,2025-07-24,,True
1461,P01204,"Drs. Maria Hidayat, S.Pt",thamrinkeisha@example.com,+62 (72) 156-4806,Manado,2024-02-20,Basic,2024-02-20,,True
1462,P01205,Tri Damanik,adinatalailasari@example.com,+62 (70) 753 5374,Kota Administrasi Jakarta Timur,2024-07-10,Basic,2024-07-10,,True
1463,P01206,"Aurora Iswahyudi, M.Kom.",kalamandasari@example.net,+62 (024) 800-2858,Cilegon,2024-09-22,Basic,2024-09-22,2025-08-22,False
1464,P01206,"Aurora Iswahyudi, M.Kom.",kalamandasari@example.net,+62 (024) 800-2858,Cilegon,2024-09-22,Gold,2025-08-22,,True
1465,P01207,"drg. Aurora Yuniar, S.H.",jsiregar@example.org,+62 (0882) 858-1640,Mojokerto,2024-03-10,Gold,2024-03-10,,True
1466,P01208,"Ir. Sarah Habibi, S.Gz",ihsan92@example.net,+62-010-316-3818,Magelang,2023-04-29,Platinum,2023-04-29,,True
1467,P01209,"Hj. Mala Puspita, S.Kom",kusumogangsa@example.net,+62 (409) 611-4042,Tomohon,2023-03-10,Basic,2023-03-10,,True
1468,P01210,Ratna Mandasari,ulva90@example.org,084 917 5867,Tual,2024-03-24,Basic,2024-03-24,,True
1469,P01211,Puti Siska Narpati,malika30@example.net,088 589 9633,Tanjungbalai,2024-12-02,Basic,2024-12-02,,True
1470,P01212,Wirda Mangunsong,napitupuluharja@example.org,+62 (064) 476 9095,Salatiga,2023-07-28,Gold,2023-07-28,2025-08-14,False
1471,P01212,Wirda Mangunsong,napitupuluharja@example.org,+62 (064) 476 9095,Salatiga,2023-07-28,Platinum,2025-08-14,,True
1472,P01213,Wakiman Mandala,eyulianti@example.net,+62 (220) 350 0340,Jambi,2024-07-21,Basic,2024-07-21,2025-10-27,False
1473,P01213,Wakiman Mandala,eyulianti@example.net,+62 (220) 350 0340,Jambi,2024-07-21,Gold,2025-10-27,,True
1474,P01214,"R.M. Mulyono Narpati, M.TI.",pranowojindra@example.net,(022) 928 1973,Kendari,2024-08-29,Gold,2024-08-29,,True
1475,P01215,"Intan Hutasoit, S.Pt",umi63@example.net,+62 (344) 276-4738,Binjai,2024-04-04,Basic,2024-04-04,,True
1476,P01216,Qori Hardiansyah,respatinainggolan@example.net,(0306) 984-1340,Pangkalpinang,2024-05-08,Gold,2024-05-08,,True
1477,P01217,Galih Gunawan,hasim97@example.net,0800662535,Denpasar,2024-06-14,Basic,2024-06-14,,True
1478,P01218,drg. Ulya Waluyo,adenashiruddin@example.com,+62-090-373-0761,Bontang,2024-11-08,Basic,2024-11-08,2025-03-20,False
1479,P01218,drg. Ulya Waluyo,adenashiruddin@example.com,+62-090-373-0761,Bontang,2024-11-08,Gold,2025-03-20,,True
1480,P01219,Niyaga Hidayat,bramadan@example.org,+62 (084) 237-7187,Yogyakarta,2023-02-08,Gold,2023-02-08,,True
1481,P01220,R. Hamima Gunarto,niswahyudi@example.org,(023) 660-8598,Sorong,2024-11-10,Gold,2024-11-10,2025-08-01,False
1482,P01220,R. Hamima Gunarto,niswahyudi@example.org,(023) 660-8598,Sorong,2024-11-10,Platinum,2025-08-01,,True
1483,P01221,"Kenzie Hariyah, M.Kom.",gsusanti@example.com,+62 (0117) 365-3528,Subulussalam,2023-09-05,Basic,2023-09-05,,True
1484,P01222,Ir. Tantri Usada,hairyanto75@example.com,+62 (0864) 120-7733,Tarakan,2024-01-10,Basic,2024-01-10,,True
1485,P01223,Intan Wastuti,manullangoskar@example.com,+62 (211) 859 2233,Langsa,2024-09-11,Basic,2024-09-11,,True
1486,P01224,Muni Sirait,ayurahmawati@example.net,+62 (019) 052 3749,Kendari,2023-02-10,Basic,2023-02-10,,True
1487,P01225,"KH. Taufan Putra, S.H.",hsuwarno@example.net,(0982) 373 6494,Palu,2023-12-06,Basic,2023-12-06,,True
1488,P01226,dr. Salimah Najmudin,xputra@example.com,(051) 843-1180,Kotamobagu,2024-09-28,Basic,2024-09-28,,True
1489,P01227,"Nadia Rahayu, S.Sos",anggrainikamidin@example.com,0867346726,Ambon,2024-04-28,Gold,2024-04-28,,True
1490,P01228,"Tgk. Panji Pratama, S.T.",iswahyudienteng@example.net,+62-0523-889-3409,Bukittinggi,2024-01-30,Gold,2024-01-30,,True
1491,P01229,Lulut Oktaviani,anggriawancakrawangsa@example.org,+62-094-861-3694,Depok,2023-03-20,Basic,2023-03-20,,True
1492,P01230,Fitriani Rahmawati,carla68@example.com,(0497) 291 4613,Kota Administrasi Jakarta Pusat,2024-08-16,Basic,2024-08-16,,True
1493,P01231,"Johan Mulyani, M.Ak",ewaskita@example.com,+62 (092) 289-8920,Bitung,2023-11-05,Platinum,2023-11-05,,True
1494,P01232,Wadi Hakim,wjailani@example.net,+62 (438) 688 1502,Langsa,2023-07-28,Basic,2023-07-28,,True
1495,P01233,Jaga Suwarno,daliman27@example.org,+62-0290-795-8194,Ternate,2024-06-01,Basic,2024-06-01,2025-07-22,False
1496,P01233,Jaga Suwarno,daliman27@example.org,+62-0290-795-8194,Ternate,2024-06-01,Gold,2025-07-22,,True
1497,P01234,Cecep Hartati,diahwinarno@example.org,+62 (021) 204-7306,Palu,2023-11-30,Gold,2023-11-30,,True
1498,P01235,Paramita Haryanto,rhalim@example.net,+62-662-541-5465,Solok,2023-06-11,Platinum,2023-06-11,,True
1499,P01236,Rahmi Mandala,murtirajata@example.com,+62-086-886-7484,Surakarta,2024-03-01,Basic,2024-03-01,2025-09-07,False
1500,P01236,Rahmi Mandala,murtirajata@example.com,+62-086-886-7484,Surakarta,2024-03-01,Gold,2025-09-07,,True
1501,P01237,Capa Hakim,dadapwidiastuti@example.org,+62-932-445-5996,Kediri,2023-01-13,Basic,2023-01-13,,True
1502,P01238,Cakrawangsa Sirait,zutami@example.net,+62 (004) 875 0305,Cimahi,2024-03-25,Basic,2024-03-25,2025-09-14,False
1503,P01238,Cakrawangsa Sirait,zutami@example.net,+62 (004) 875 0305,Cimahi,2024-03-25,Gold,2025-09-14,,True
1504,P01239,Elisa Pradipta,ohastuti@example.com,+62 (095) 584-6261,Tanjungpinang,2023-01-09,Platinum,2023-01-09,,True
1505,P01240,Dr. Kajen Padmasari,kania75@example.org,+62 (0372) 683 1461,Pariaman,2023-09-24,Basic,2023-09-24,,True
1506,P01241,Belinda Siregar,reksaprasasta@example.org,+62-51-047-3070,Ambon,2023-08-28,Basic,2023-08-28,,True
1507,P01242,"Dwi Jailani, M.Farm",simanjuntakcemeti@example.net,086 871 7319,Purwokerto,2024-06-13,Basic,2024-06-13,,True
1508,P01243,Lintang Agustina,rusman44@example.org,0853631450,Jayapura,2024-03-06,Basic,2024-03-06,,True
1509,P01244,Gaiman Andriani,shutagalung@example.com,+62 (83) 879-4210,Cirebon,2023-02-08,Basic,2023-02-08,,True
1510,P01245,Kezia Mangunsong,utamaolivia@example.com,(0233) 433 1014,Surakarta,2023-04-30,Basic,2023-04-30,,True
1511,P01246,"Tgk. Ridwan Megantara, S.Gz",hastutimartani@example.com,+62 (0358) 068-7542,Cilegon,2024-03-01,Basic,2024-03-01,,True
1512,P01247,Asman Pradana,bagusmaryati@example.net,+62 (509) 487 9814,Probolinggo,2024-04-04,Basic,2024-04-04,,True
1513,P01248,Latika Hartati,elvinrahayu@example.com,+62 (534) 963 3481,Palembang,2024-04-04,Basic,2024-04-04,,True
1514,P01249,dr. Yuliana Wastuti,margana01@example.org,+62-15-850-7182,Lubuklinggau,2024-11-28,Basic,2024-11-28,,True
1515,P01250,"Siti Hariyah, M.Farm",cakrabirawaramadan@example.com,+62 (025) 122-8816,Samarinda,2024-03-05,Basic,2024-03-05,,True
1516,P01251,Kamal Pangestu,dacinnasyidah@example.org,+62-25-972-2081,Payakumbuh,2023-09-11,Gold,2023-09-11,,True
1517,P01252,KH. Alambana Astuti,gamanpradipta@example.net,(0313) 013-6494,Pagaralam,2023-01-03,Basic,2023-01-03,,True
1518,P01253,Ophelia Widiastuti,jjanuar@example.net,(0843) 262-5061,Ambon,2023-09-24,Basic,2023-09-24,2025-07-12,False
1519,P01253,Ophelia Widiastuti,jjanuar@example.net,(0843) 262-5061,Ambon,2023-09-24,Gold,2025-07-12,,True
1520,P01254,Rina Uwais,balijan12@example.com,080 162 4618,Tasikmalaya,2023-10-14,Basic,2023-10-14,2025-03-05,False
1521,P01254,Rina Uwais,balijan12@example.com,080 162 4618,Tasikmalaya,2023-10-14,Gold,2025-03-05,,True
1522,P01255,Azalea Rajasa,firmansyahgandi@example.com,+62 (0821) 592-4684,Padang,2024-08-13,Basic,2024-08-13,,True
1523,P01256,"dr. Raden Yuniar, M.Ak",nyanayuliarti@example.net,+62-370-240-6068,Sukabumi,2024-07-11,Basic,2024-07-11,,True
1524,P01257,Jelita Suryono,ohidayanto@example.org,+62 (0378) 985 7560,Banjarbaru,2024-06-17,Basic,2024-06-17,2025-06-08,False
1525,P01257,Jelita Suryono,ohidayanto@example.org,+62 (0378) 985 7560,Banjarbaru,2024-06-17,Gold,2025-06-08,,True
1526,P01258,Paramita Saputra,xlailasari@example.net,082 010 0249,Kediri,2023-10-04,Basic,2023-10-04,2025-05-21,False
1527,P01258,Paramita Saputra,xlailasari@example.net,082 010 0249,Kediri,2023-10-04,Gold,2025-05-21,,True
1528,P01259,"drg. Alika Simanjuntak, S.Kom",kadir10@example.org,+62 (40) 533-1165,Kota Administrasi Jakarta Pusat,2024-10-28,Platinum,2024-10-28,,True
1529,P01260,R. Ratna Lailasari,vusada@example.net,+62 (15) 674-2530,Singkawang,2023-12-28,Basic,2023-12-28,2025-07-19,False
1530,P01260,R. Ratna Lailasari,vusada@example.net,+62 (15) 674-2530,Singkawang,2023-12-28,Gold,2025-07-19,,True
1531,P01261,Intan Lazuardi,juwais@example.org,+62-074-324-6691,Payakumbuh,2023-11-24,Basic,2023-11-24,2025-05-10,False
1532,P01261,Intan Lazuardi,juwais@example.org,+62-074-324-6691,Payakumbuh,2023-11-24,Gold,2025-05-10,,True
1533,P01262,Puti Samiah Palastri,ejamayasari@example.net,+62 (93) 272 0911,Kota Administrasi Jakarta Selatan,2023-01-20,Basic,2023-01-20,2025-04-12,False
1534,P01262,Puti Samiah Palastri,ejamayasari@example.net,+62 (93) 272 0911,Kota Administrasi Jakarta Selatan,2023-01-20,Gold,2025-04-12,,True
1535,P01263,Wani Budiman,mumpuni27@example.org,+62-514-357-0017,Probolinggo,2024-11-09,Gold,2024-11-09,,True
1536,P01264,"Bella Haryanti, S.Pd",okta71@example.net,+62 (0554) 768-9262,Dumai,2024-10-15,Basic,2024-10-15,,True
1537,P01265,R. Indah Sirait,kusada@example.org,+62-055-228-0416,Cilegon,2024-06-27,Gold,2024-06-27,2025-06-16,False
1538,P01265,R. Indah Sirait,kusada@example.org,+62-055-228-0416,Cilegon,2024-06-27,Platinum,2025-06-16,,True
1539,P01266,Cawuk Maryadi,jarwadiwulandari@example.org,(051) 209-9108,Lhokseumawe,2024-04-21,Basic,2024-04-21,,True
1540,P01267,"Hj. Zahra Nashiruddin, S.E.",umay91@example.com,(056) 151-0146,Payakumbuh,2023-12-23,Basic,2023-12-23,,True
1541,P01268,R.A. Najwa Lestari,ira70@example.com,(009) 070-4552,Bontang,2023-03-02,Basic,2023-03-02,,True
1542,P01269,Yani Rajasa,humairalaksmiwati@example.com,+62 (283) 610 6870,Salatiga,2024-05-28,Basic,2024-05-28,,True
1543,P01270,"drg. Darmaji Prayoga, S.E.I",thamrinbakidin@example.net,0809686480,Balikpapan,2024-09-05,Basic,2024-09-05,,True
1544,P01271,Jamal Nasyiah,firgantorogilda@example.net,(0593) 218-5587,Pangkalpinang,2024-09-06,Basic,2024-09-06,,True
1545,P01272,"Zelda Laksita, S.Pt",tambajabal@example.org,+62-085-091-5668,Bontang,2023-04-10,Basic,2023-04-10,,True
1546,P01273,Sakura Hariyah,napitupuluuli@example.net,084 005 6011,Pariaman,2024-11-09,Basic,2024-11-09,,True
1547,P01274,"drg. Ridwan Saputra, S.IP",rpradana@example.org,(038) 597 2257,Cirebon,2024-10-21,Basic,2024-10-21,,True
1548,P01275,"Tgk. Jaka Samosir, M.TI.",cakrajiyalaksita@example.org,+62-0589-521-5793,Pagaralam,2023-09-16,Gold,2023-09-16,2025-03-25,False
1549,P01275,"Tgk. Jaka Samosir, M.TI.",cakrajiyalaksita@example.org,+62-0589-521-5793,Pagaralam,2023-09-16,Platinum,2025-03-25,,True
1550,P01276,"Bakianto Kusumo, S.Pt",damaniktaswir@example.com,+62-0426-591-5018,Pasuruan,2024-04-26,Basic,2024-04-26,,True
1551,P01277,"Intan Pratama, S.Psi",rajatasidiq@example.com,+62 (0809) 003-2846,Tanjungbalai,2024-04-19,Basic,2024-04-19,,True
1552,P01278,"Ilsa Pradana, S.I.Kom",lsaputra@example.net,+62 (048) 841-8770,Jayapura,2023-03-23,Gold,2023-03-23,,True
1553,P01279,Ozy Latupono,warjinugroho@example.org,+62-327-161-7793,Pariaman,2023-05-14,Basic,2023-05-14,2025-07-10,False
1554,P01279,Ozy Latupono,warjinugroho@example.org,+62-327-161-7793,Pariaman,2023-05-14,Gold,2025-07-10,,True
1555,P01280,Siti Marpaung,xoktaviani@example.net,+62 (406) 254 4867,Subulussalam,2023-09-29,Basic,2023-09-29,,True
1556,P01281,"KH. Cager Budiman, M.Ak",puputpranowo@example.net,+62-037-834-8067,Solok,2024-11-10,Basic,2024-11-10,,True
1557,P01282,Oman Mardhiyah,aslijanwulandari@example.com,+62-463-160-8768,Kotamobagu,2024-07-25,Gold,2024-07-25,,True
1558,P01283,Tgk. Martani Riyanti,vera94@example.net,+62-205-610-3544,Tebingtinggi,2024-11-27,Basic,2024-11-27,,True
1559,P01284,Sutan Kambali Mustofa,cjailani@example.net,(099) 152-4361,Kota Administrasi Jakarta Utara,2024-01-12,Basic,2024-01-12,2025-05-30,False
1560,P01284,Sutan Kambali Mustofa,cjailani@example.net,(099) 152-4361,Kota Administrasi Jakarta Utara,2024-01-12,Gold,2025-05-30,,True
1561,P01285,Ir. Vera Siregar,lprasetyo@example.com,+62 (97) 473 6998,Singkawang,2024-02-25,Basic,2024-02-25,,True
1562,P01286,Eja Usada,sihotangirfan@example.net,+62 (060) 015-0794,Padang,2024-07-13,Basic,2024-07-13,,True
1563,P01287,Zulfa Saputra,jnamaga@example.org,+62 (0245) 163 0138,Bengkulu,2024-07-19,Basic,2024-07-19,,True
1564,P01288,"Dr. Eka Rahmawati, M.Pd",pia26@example.com,(096) 819-6931,Tual,2024-05-22,Basic,2024-05-22,,True
1565,P01289,"R. Gandi Lazuardi, S.Psi",muniyuliarti@example.net,(0599) 006-4098,Surakarta,2024-11-13,Basic,2024-11-13,,True
1566,P01290,Oni Sitompul,rahmawatiintan@example.org,+62-0243-859-7716,Denpasar,2024-04-09,Gold,2024-04-09,2025-05-26,False
1567,P01290,Oni Sitompul,rahmawatiintan@example.org,+62-0243-859-7716,Denpasar,2024-04-09,Platinum,2025-05-26,,True
1568,P01291,Wahyu Manullang,putraadinata@example.com,+62 (0817) 458 0103,Kendari,2024-07-16,Basic,2024-07-16,,True
1569,P01292,"Tgk. Paiman Agustina, S.E.I",nalarutami@example.org,0809936537,Ternate,2024-05-12,Gold,2024-05-12,2025-05-01,False
1570,P01292,"Tgk. Paiman Agustina, S.E.I",nalarutami@example.org,0809936537,Ternate,2024-05-12,Platinum,2025-05-01,,True
1571,P01293,Aslijan Mangunsong,saefullahciaobella@example.com,+62-390-818-6687,Pasuruan,2023-04-16,Basic,2023-04-16,,True
1572,P01294,Sutan Lurhur Sihotang,kacungwaskita@example.net,+62-771-139-4442,Bukittinggi,2023-04-15,Gold,2023-04-15,,True
1573,P01295,Rika Susanti,smangunsong@example.com,0833508053,Padangpanjang,2023-09-23,Basic,2023-09-23,2025-10-20,False
1574,P01295,Rika Susanti,smangunsong@example.com,0833508053,Padangpanjang,2023-09-23,Gold,2025-10-20,,True
1575,P01296,Dian Wibowo,viktornugroho@example.com,+62 (754) 630 0116,Banjar,2024-10-10,Basic,2024-10-10,,True
1576,P01297,Nabila Simanjuntak,darmana36@example.org,(0281) 204-1498,Cirebon,2024-09-28,Basic,2024-09-28,,True
1577,P01298,"Drs. Aris Wasita, S.I.Kom",kfirmansyah@example.com,+62 (061) 623 2759,Mojokerto,2024-08-16,Gold,2024-08-16,,True
1578,P01299,Puti Zamira Hasanah,radensihotang@example.net,0872187795,Blitar,2023-03-27,Basic,2023-03-27,,True
1579,P01300,Nilam Suryono,hartatipangestu@example.net,(0436) 138-2970,Bontang,2023-11-26,Basic,2023-11-26,,True
1580,P01301,Lembah Adriansyah,luiswahyuni@example.com,+62-028-864-3824,Pariaman,2024-11-30,Basic,2024-11-30,2025-05-20,False
1581,P01301,Lembah Adriansyah,luiswahyuni@example.com,+62-028-864-3824,Pariaman,2024-11-30,Gold,2025-05-20,,True
1582,P01302,Bagiya Samosir,hadigunawan@example.com,+62-088-043-6382,Medan,2024-10-12,Basic,2024-10-12,,True
1583,P01303,Nardi Handayani,asirwandahardiansyah@example.org,+62 (011) 554-8989,Metro,2023-09-08,Basic,2023-09-08,2025-09-25,False
1584,P01303,Nardi Handayani,asirwandahardiansyah@example.org,+62 (011) 554-8989,Metro,2023-09-08,Gold,2025-09-25,,True
1585,P01304,Rini Aryani,ichaanggraini@example.net,+62 (191) 700-7401,Padang Sidempuan,2023-05-23,Basic,2023-05-23,,True
1586,P01305,Jarwi Waskita,irwansetiawan@example.com,+62-05-791-0312,Pontianak,2024-10-07,Basic,2024-10-07,2025-10-22,False
1587,P01305,Jarwi Waskita,irwansetiawan@example.com,+62-05-791-0312,Pontianak,2024-10-07,Gold,2025-10-22,,True
1588,P01306,Mitra Pratiwi,nugrohosyahrini@example.net,(0504) 642 7220,Palembang,2024-03-24,Basic,2024-03-24,2025-10-08,False
1589,P01306,Mitra Pratiwi,nugrohosyahrini@example.net,(0504) 642 7220,Palembang,2024-03-24,Gold,2025-10-08,,True
1590,P01307,"Zizi Prastuti, M.Ak",narpatitina@example.com,+62 (046) 335-0577,Pekalongan,2024-01-05,Gold,2024-01-05,,True
1591,P01308,Sutan Harja Handayani,aditya58@example.net,(081) 002 7819,Sabang,2023-06-17,Basic,2023-06-17,,True
1592,P01309,"Drs. Balamantri Santoso, M.Farm",elisasudiati@example.org,(033) 626 8632,Kediri,2024-02-04,Basic,2024-02-04,2025-07-21,False
1593,P01309,"Drs. Balamantri Santoso, M.Farm",elisasudiati@example.org,(033) 626 8632,Kediri,2024-02-04,Gold,2025-07-21,,True
1594,P01310,Sidiq Uwais,silviahalim@example.com,+62-35-637-8079,Balikpapan,2023-08-17,Basic,2023-08-17,,True
1595,P01311,"R. Warta Kusumo, M.TI.",agustinawarji@example.net,+62 (92) 672-0638,Tarakan,2024-07-16,Basic,2024-07-16,,True
1596,P01312,"Dt. Bakiono Napitupulu, S.Gz",agustinakeisha@example.net,+62-0943-631-6737,Sukabumi,2023-05-24,Basic,2023-05-24,,True
1597,P01313,Kezia Sitompul,murti41@example.com,(0908) 361 4844,Yogyakarta,2023-09-23,Basic,2023-09-23,,True
1598,P01314,"Kala Siregar, M.M.",fdabukke@example.net,0840943196,Parepare,2024-05-16,Basic,2024-05-16,,True
1599,P01315,"R. Puti Permata, S.Farm",wahyunioman@example.net,+62 (0381) 987-3305,Banjarbaru,2024-11-18,Basic,2024-11-18,,True
1600,P01316,Harja Waluyo,dagelsitumorang@example.com,+62-0012-653-6242,Tanjungpinang,2024-11-07,Gold,2024-11-07,,True
1601,P01317,Koko Riyanti,mulyono52@example.org,+62 (0049) 096 0430,Sabang,2024-01-07,Basic,2024-01-07,,True
1602,P01318,"H. Anom Hutagalung, S.Pd",esitompul@example.org,+62 (078) 728-9347,Balikpapan,2024-10-29,Gold,2024-10-29,,True
1603,P01319,"R.M. Rahman Lestari, S.Kom",firmansyahgina@example.net,+62 (055) 697-0882,Tangerang,2023-07-24,Basic,2023-07-24,,True
1604,P01320,Damu Firmansyah,pradiptalili@example.org,(050) 523-1603,Ternate,2024-03-25,Basic,2024-03-25,,True
1605,P01321,drg. Mala Pangestu,tami03@example.net,0830544783,Palembang,2024-08-11,Basic,2024-08-11,2025-05-21,False
1606,P01321,drg. Mala Pangestu,tami03@example.net,0830544783,Palembang,2024-08-11,Gold,2025-05-21,,True
1607,P01322,Farhunnisa Thamrin,warji89@example.com,+62 (0377) 907-4556,Cimahi,2023-12-13,Basic,2023-12-13,,True
1608,P01323,Abyasa Nurdiyanti,nabila50@example.org,+62 (568) 815 6924,Pasuruan,2024-02-26,Basic,2024-02-26,2025-10-28,False
1609,P01323,Abyasa Nurdiyanti,nabila50@example.org,+62 (568) 815 6924,Pasuruan,2024-02-26,Gold,2025-10-28,,True
1610,P01324,"Radit Hassanah, S.Gz",bakidin87@example.com,+62-033-583-0580,Pagaralam,2023-09-06,Gold,2023-09-06,2025-09-29,False
1611,P01324,"Radit Hassanah, S.Gz",bakidin87@example.com,+62-033-583-0580,Pagaralam,2023-09-06,Platinum,2025-09-29,,True
1612,P01325,Devi Tampubolon,haryantooskar@example.org,+62-058-012-5834,Tangerang,2024-02-12,Basic,2024-02-12,,True
1613,P01326,Dr. Mila Handayani,nababankani@example.org,+62 (18) 317-7661,Kota Administrasi Jakarta Barat,2023-01-14,Basic,2023-01-14,,True
1614,P01327,Makara Namaga,limantampubolon@example.net,(012) 008 2870,Malang,2023-03-07,Basic,2023-03-07,,True
1615,P01328,"Paiman Nababan, S.Ked",bakiantonababan@example.net,+62 (0169) 687 0182,Kotamobagu,2023-07-29,Platinum,2023-07-29,,True
1616,P01329,Malika Haryanti,mhutasoit@example.org,(067) 713-8808,Surakarta,2023-11-20,Basic,2023-11-20,,True
1617,P01330,H. Putu Wijaya,kanihakim@example.com,+62-93-952-1286,Sorong,2023-04-11,Basic,2023-04-11,,True
1618,P01331,Luwes Widodo,kardi97@example.org,(032) 073-1411,Bontang,2024-05-17,Basic,2024-05-17,,True
1619,P01332,Puti Novi Nasyidah,shanianababan@example.com,+62-063-778-4809,Jayapura,2023-10-16,Basic,2023-10-16,,True
1620,P01333,Clara Maulana,rwahyudin@example.net,0850331243,Gorontalo,2024-10-06,Basic,2024-10-06,,True
1621,P01334,Rahmi Manullang,utampubolon@example.net,(003) 212 3883,Medan,2024-05-22,Basic,2024-05-22,2025-10-27,False
1622,P01334,Rahmi Manullang,utampubolon@example.net,(003) 212 3883,Medan,2024-05-22,Gold,2025-10-27,,True
1623,P01335,Jaswadi Utami,iwahyudin@example.net,+62 (423) 823-8849,Batu,2024-03-09,Gold,2024-03-09,,True
1624,P01336,Dasa Wahyuni,santosocayadi@example.org,080 283 4291,Subulussalam,2023-08-19,Basic,2023-08-19,,True
1625,P01337,Baktiadi Nainggolan,zsitompul@example.net,+62-0695-440-7600,Madiun,2023-11-19,Basic,2023-11-19,,True
1626,P01338,KH. Cemani Pradana,ksalahudin@example.org,+62 (097) 085-2503,Banda Aceh,2024-05-04,Basic,2024-05-04,,True
1627,P01339,"Dimas Utami, S.T.",prasetyoyusuf@example.com,+62 (0572) 349 8800,Kediri,2024-10-27,Basic,2024-10-27,,True
1628,P01340,Nasrullah Maulana,amalia53@example.com,+62 (907) 457 6461,Kota Administrasi Jakarta Utara,2023-04-28,Gold,2023-04-28,,True
1629,P01341,Hilda Pranowo,namagadanu@example.com,0894846674,Palangkaraya,2023-05-06,Basic,2023-05-06,,True
1630,P01342,Alika Dongoran,wwijaya@example.com,+62 (51) 402-1579,Cilegon,2023-02-28,Gold,2023-02-28,,True
1631,P01343,Emong Sirait,kadirlaksita@example.org,+62 (0700) 109 3298,Tasikmalaya,2023-04-13,Gold,2023-04-13,,True
1632,P01344,Zizi Narpati,budisiregar@example.com,+62-807-470-5789,Bandung,2024-10-30,Basic,2024-10-30,,True
1633,P01345,"Warsita Suwarno, S.T.",sihombingnajib@example.com,+62 (0235) 078 3102,Kota Administrasi Jakarta Timur,2024-08-05,Gold,2024-08-05,2025-03-08,False
1634,P01345,"Warsita Suwarno, S.T.",sihombingnajib@example.com,+62 (0235) 078 3102,Kota Administrasi Jakarta Timur,2024-08-05,Platinum,2025-03-08,,True
1635,P01346,"Belinda Wahyudin, M.Ak",virmanyulianti@example.com,082 061 3662,Padang,2023-01-19,Basic,2023-01-19,,True
1636,P01347,Drs. Dian Latupono,gada41@example.com,+62-79-634-5168,Tasikmalaya,2023-02-25,Basic,2023-02-25,2025-04-09,False
1637,P01347,Drs. Dian Latupono,gada41@example.com,+62-79-634-5168,Tasikmalaya,2023-02-25,Gold,2025-04-09,,True
1638,P01348,"Humaira Hastuti, S.Gz",jonousamah@example.net,+62-0635-542-6922,Tebingtinggi,2023-08-15,Basic,2023-08-15,,True
1639,P01349,Intan Wahyuni,situmorangparman@example.net,+62 (0598) 803-2714,Bitung,2023-09-04,Gold,2023-09-04,,True
1640,P01350,Yahya Nababan,lailamaulana@example.org,(078) 904-3982,Depok,2024-10-29,Gold,2024-10-29,,True
1641,P01351,Kala Namaga,candrakanta45@example.com,(0650) 935-8836,Bekasi,2023-02-23,Basic,2023-02-23,,True
1642,P01352,"Dartono Sitorus, S.Psi",vmandala@example.com,+62 (0665) 227-5224,Kota Administrasi Jakarta Pusat,2023-03-24,Platinum,2023-03-24,,True
1643,P01353,Xanana Sihotang,krahayu@example.net,083 695 6294,Pariaman,2023-03-12,Basic,2023-03-12,2025-07-14,False
1644,P01353,Xanana Sihotang,krahayu@example.net,083 695 6294,Pariaman,2023-03-12,Gold,2025-07-14,,True
1645,P01354,Reksa Agustina,nardisihotang@example.org,+62 (0615) 771 3854,Parepare,2024-07-07,Gold,2024-07-07,,True
1646,P01355,Mulya Anggraini,suryatmiwage@example.org,+62-68-472-9048,Tebingtinggi,2023-12-30,Basic,2023-12-30,2025-04-01,False
1647,P01355,Mulya Anggraini,suryatmiwage@example.org,+62-68-472-9048,Tebingtinggi,2023-12-30,Gold,2025-04-01,,True
1648,P01356,"Usyi Siregar, M.Pd",nhidayanto@example.net,(0153) 930 3608,Kota Administrasi Jakarta Timur,2024-07-03,Basic,2024-07-03,,True
1649,P01357,R.M. Tomi Hariyah,arahmawati@example.com,(016) 860 9428,Mojokerto,2024-07-05,Gold,2024-07-05,,True
1650,P01358,Eman Laksita,caketnasyidah@example.org,(0968) 571-7839,Gorontalo,2023-08-18,Basic,2023-08-18,2025-04-17,False
1651,P01358,Eman Laksita,caketnasyidah@example.org,(0968) 571-7839,Gorontalo,2023-08-18,Gold,2025-04-17,,True
1652,P01359,"Drs. Wardaya Setiawan, S.Gz",jhariyah@example.org,(078) 490 3269,Purwokerto,2024-06-12,Basic,2024-06-12,,True
1653,P01360,"R.A. Genta Pangestu, S.Sos",,+62 (0830) 540 7142,Bandar Lampung,2024-04-29,Basic,2024-04-29,,True
1654,P01361,Omar Megantara,hartosuwarno@example.net,+62 (0365) 242 9041,Bontang,2024-05-14,Basic,2024-05-14,,True
1655,P01362,Dr. Hardi Zulkarnain,dalimangunarto@example.org,+62 (049) 417 6218,Probolinggo,2023-07-25,Basic,2023-07-25,2025-06-25,False
1656,P01362,Dr. Hardi Zulkarnain,dalimangunarto@example.org,+62 (049) 417 6218,Probolinggo,2023-07-25,Gold,2025-06-25,,True
1657,P01363,"Prakosa Adriansyah, S.Ked",sitompulendra@example.com,0819123203,Pagaralam,2024-01-02,Basic,2024-01-02,,True
1658,P01364,Elisa Samosir,thastuti@example.org,+62 (226) 362 1570,Mataram,2023-12-20,Basic,2023-12-20,,True
1659,P01365,Dr. Bakiman Wulandari,gantar75@example.org,+62-0852-885-4279,Sabang,2023-01-24,Basic,2023-01-24,,True
1660,P01366,Juli Aryani,banawawahyudin@example.net,+62 (049) 242 7456,Jayapura,2024-04-10,Gold,2024-04-10,,True
1661,P01367,R.M. Dadap Hariyah,nurainikamidin@example.com,+62-29-162-4202,Pematangsiantar,2024-06-19,Basic,2024-06-19,,True
1662,P01368,dr. Maras Wulandari,capamahendra@example.net,+62 (015) 707 3212,Tidore Kepulauan,2023-08-25,Gold,2023-08-25,2025-09-13,False
1663,P01368,dr. Maras Wulandari,capamahendra@example.net,+62 (015) 707 3212,Tidore Kepulauan,2023-08-25,Platinum,2025-09-13,,True
1664,P01369,"Mahfud Pranowo, S.Farm",jefriprasetya@example.net,+62 (018) 525 3216,Lhokseumawe,2023-08-22,Basic,2023-08-22,2025-07-28,False
1665,P01369,"Mahfud Pranowo, S.Farm",jefriprasetya@example.net,+62 (018) 525 3216,Lhokseumawe,2023-08-22,Gold,2025-07-28,,True
1666,P01370,Jane Waluyo,zamira59@example.com,+62-12-665-4641,Pekalongan,2024-11-01,Basic,2024-11-01,,True
1667,P01371,"Dr. Purwanto Simanjuntak, M.Ak",,+62-013-688-6407,Salatiga,2024-01-11,Basic,2024-01-11,,True
1668,P01372,"Rafid Situmorang, S.I.Kom",wahyunifarhunnisa@example.org,(0120) 711-5055,Magelang,2023-12-15,Basic,2023-12-15,,True
1669,P01373,Tiara Purnawati,ciaobella58@example.net,(005) 314 0145,Pontianak,2023-12-14,Gold,2023-12-14,,True
1670,P01374,Kamidin Permata,rahimahjanet@example.org,(013) 580 6170,Malang,2023-11-02,Gold,2023-11-02,,True
1671,P01375,Zulaikha Wibowo,ihutagalung@example.org,+62 (645) 933 9456,Sungai Penuh,2023-03-15,Basic,2023-03-15,,True
1672,P01376,Paris Maryati,qirawan@example.net,(074) 950 7663,Parepare,2023-07-12,Basic,2023-07-12,,True
1673,P01377,"Ajimin Sudiati, S.IP",gadarahimah@example.net,0866072511,Mojokerto,2023-02-24,Basic,2023-02-24,,True
1674,P01378,Samiah Pradana,cemplunk37@example.net,+62 (625) 828-3224,Bontang,2024-05-01,Basic,2024-05-01,2025-03-11,False
1675,P01378,Samiah Pradana,cemplunk37@example.net,+62 (625) 828-3224,Bontang,2024-05-01,Gold,2025-03-11,,True
1676,P01379,"Ir. Safina Nasyiah, M.M.",ozy41@example.org,+62-0894-223-3823,Malang,2023-07-18,Basic,2023-07-18,,True
1677,P01380,Agus Saputra,najib01@example.net,(0785) 130 9456,Kota Administrasi Jakarta Timur,2023-02-22,Gold,2023-02-22,2025-06-02,False
1678,P01380,Agus Saputra,najib01@example.net,(0785) 130 9456,Kota Administrasi Jakarta Timur,2023-02-22,Platinum,2025-06-02,,True
1679,P01381,Himawan Siregar,cemplunk85@example.com,+62 (003) 546-6587,Bau-Bau,2023-12-12,Basic,2023-12-12,,True
1680,P01382,Novi Prabowo,kurniawankasim@example.net,+62-043-154-5252,Banjarmasin,2023-05-22,Gold,2023-05-22,,True
1681,P01383,Ellis Saefullah,zulaikaraihan@example.com,+62 (0999) 585 1361,Bengkulu,2023-12-26,Basic,2023-12-26,,True
1682,P01384,Hana Santoso,itarihoran@example.org,+62-61-500-8048,Bitung,2024-09-21,Gold,2024-09-21,2025-10-08,False
1683,P01384,Hana Santoso,itarihoran@example.org,+62-61-500-8048,Bitung,2024-09-21,Platinum,2025-10-08,,True
1684,P01385,"Cut Usyi Pradana, S.E.",pudjiastutiviolet@example.org,+62 (376) 450 8610,Kota Administrasi Jakarta Barat,2023-09-09,Gold,2023-09-09,,True
1685,P01386,Kezia Firgantoro,unjaninajmudin@example.net,(0077) 383 1607,Jambi,2024-01-03,Basic,2024-01-03,,True
1686,P01387,Yahya Purwanti,mramadan@example.org,+62 (039) 779-0182,Pematangsiantar,2024-04-17,Basic,2024-04-17,,True
1687,P01388,Respati Situmorang,nalar54@example.org,+62-87-343-2288,Tasikmalaya,2024-01-23,Platinum,2024-01-23,,True
1688,P01389,Kiandra Usada,kacung95@example.org,+62-0771-241-8852,Palangkaraya,2024-11-03,Basic,2024-11-03,,True
1689,P01390,Almira Mustofa,dimazhassanah@example.org,(037) 163 8640,Kota Administrasi Jakarta Barat,2024-01-07,Basic,2024-01-07,,True
1690,P01391,Tania Prayoga,aurorahutagalung@example.org,+62-015-806-8150,Banjar,2023-05-08,Gold,2023-05-08,,True
1691,P01392,Belinda Usamah,jessicadongoran@example.com,(0680) 996 6784,Kota Administrasi Jakarta Timur,2023-10-01,Gold,2023-10-01,,True
1692,P01393,Gaiman Rajasa,tarihoranjumadi@example.com,+62 (007) 424-7004,Tangerang Selatan,2023-04-02,Basic,2023-04-02,,True
1693,P01394,Cut Ghaliyati Tamba,galionohidayat@example.net,+62 (03) 971-9226,Banjar,2023-11-07,Basic,2023-11-07,,True
1694,P01395,Mutia Hutagalung,gamantonainggolan@example.org,(007) 747 3472,Batu,2024-08-23,Gold,2024-08-23,,True
1695,P01396,Karya Marpaung,dwulandari@example.net,+62-202-576-6644,Mataram,2024-03-01,Basic,2024-03-01,,True
1696,P01397,Rizki Yolanda,ohalimah@example.org,+62-0390-912-7241,Kota Administrasi Jakarta Utara,2024-04-21,Basic,2024-04-21,,True
1697,P01398,"Uli Damanik, M.Pd",nasrullahardianto@example.net,+62 (317) 676-5461,Prabumulih,2024-10-13,Basic,2024-10-13,,True
1698,P01399,Ika Riyanti,mahesa77@example.net,+62-081-231-1366,Banjarbaru,2023-03-29,Basic,2023-03-29,,True
1699,P01400,Vera Hardiansyah,harto42@example.com,+62 (151) 119-3084,Probolinggo,2024-08-05,Basic,2024-08-05,,True
1700,P01401,"Ir. Anastasia Najmudin, S.Psi",jsafitri@example.net,+62 (0009) 579-5290,Ambon,2023-08-01,Basic,2023-08-01,,True
1701,P01402,R. Irwan Hariyah,diana85@example.org,+62 (045) 190 5571,Tangerang Selatan,2023-09-06,Gold,2023-09-06,,True
1702,P01403,Icha Gunawan,prabowomansur@example.com,+62 (408) 535-1214,Dumai,2023-12-16,Basic,2023-12-16,,True
1703,P01404,"Agnes Yuliarti, S.H.",gadang12@example.org,(009) 883-5803,Banda Aceh,2023-09-28,Basic,2023-09-28,2025-05-26,False
1704,P01404,"Agnes Yuliarti, S.H.",gadang12@example.org,(009) 883-5803,Banda Aceh,2023-09-28,Gold,2025-05-26,,True
1705,P01405,Gabriella Sirait,gsaptono@example.net,+62 (68) 892 5617,Pasuruan,2023-02-12,Basic,2023-02-12,,True
1706,P01406,drg. Nabila Marpaung,fyuliarti@example.org,+62 (035) 727-4671,Banda Aceh,2024-09-26,Platinum,2024-09-26,,True
1707,P01407,Nugraha Nasyiah,amelia95@example.com,+62-29-470-3201,Denpasar,2024-05-12,Basic,2024-05-12,2025-07-10,False
1708,P01407,Nugraha Nasyiah,amelia95@example.com,+62-29-470-3201,Denpasar,2024-05-12,Gold,2025-07-10,,True
1709,P01408,Ira Mandala,enababan@example.com,+62 (011) 157-1949,Makassar,2024-02-03,Basic,2024-02-03,2025-09-02,False
1710,P01408,Ira Mandala,enababan@example.com,+62 (011) 157-1949,Makassar,2024-02-03,Gold,2025-09-02,,True
1711,P01409,Pia Widodo,jamil40@example.com,+62 (0811) 137 4017,Palu,2023-02-09,Basic,2023-02-09,2025-07-08,False
1712,P01409,Pia Widodo,jamil40@example.com,+62 (0811) 137 4017,Palu,2023-02-09,Gold,2025-07-08,,True
1713,P01410,Galang Widiastuti,qutama@example.org,+62 (39) 088 6975,Manado,2023-02-20,Basic,2023-02-20,,True
1714,P01411,Ozy Mardhiyah,respati22@example.org,(031) 225-9396,Padang,2023-05-20,Basic,2023-05-20,,True
1715,P01412,Rachel Iswahyudi,asirwadasuartini@example.org,(050) 767-6837,Kota Administrasi Jakarta Selatan,2024-08-21,Basic,2024-08-21,2025-10-27,False
1716,P01412,Rachel Iswahyudi,asirwadasuartini@example.org,(050) 767-6837,Kota Administrasi Jakarta Selatan,2024-08-21,Gold,2025-10-27,,True
1717,P01413,Karja Hidayat,dadapsaragih@example.org,(0278) 737 0062,Padang,2024-04-15,Basic,2024-04-15,,True
1718,P01414,"Daniswara Suryatmi, M.Pd",susanticakrabirawa@example.com,+62-0944-136-8716,Tanjungpinang,2024-11-11,Basic,2024-11-11,2025-10-17,False
1719,P01414,"Daniswara Suryatmi, M.Pd",susanticakrabirawa@example.com,+62-0944-136-8716,Tanjungpinang,2024-11-11,Gold,2025-10-17,,True
1720,P01415,drg. Prayitna Pratama,warjilaksita@example.org,(0950) 436 8915,Banda Aceh,2024-09-13,Basic,2024-09-13,,True
1721,P01416,R.A. Genta Mandasari,eminramadan@example.org,+62 (037) 229 7063,Kediri,2023-04-26,Basic,2023-04-26,,True
1722,P01417,R. Arta Hassanah,hutapealatika@example.org,(091) 284 0353,Kota Administrasi Jakarta Utara,2024-06-11,Basic,2024-06-11,,True
1723,P01418,Najwa Anggriawan,irnanto60@example.com,+62 (71) 634-7145,Pekanbaru,2023-05-10,Basic,2023-05-10,,True
1724,P01419,Cut Ellis Nainggolan,hakimharimurti@example.com,+62-0573-561-7616,Bau-Bau,2024-05-20,Basic,2024-05-20,,True
1725,P01420,Zulaikha Pratama,bakidin16@example.com,+62 (079) 656 9833,Tual,2024-06-26,Basic,2024-06-26,2025-06-29,False
1726,P01420,Zulaikha Pratama,bakidin16@example.com,+62 (079) 656 9833,Tual,2024-06-26,Gold,2025-06-29,,True
1727,P01421,Qori Wastuti,jono27@example.net,+62 (0131) 147-4510,Bogor,2024-07-11,Basic,2024-07-11,,True
1728,P01422,"Drs. Baktiadi Firmansyah, M.Ak",mhabibi@example.net,+62 (866) 897-8848,Jambi,2024-04-27,Gold,2024-04-27,2025-10-10,False
1729,P01422,"Drs. Baktiadi Firmansyah, M.Ak",mhabibi@example.net,+62 (866) 897-8848,Jambi,2024-04-27,Platinum,2025-10-10,,True
1730,P01423,"Ratih Nurdiyanti, M.Ak",bagustina@example.net,+62 (092) 001-3064,Palu,2024-05-19,Basic,2024-05-19,2025-06-01,False
1731,P01423,"Ratih Nurdiyanti, M.Ak",bagustina@example.net,+62 (092) 001-3064,Palu,2024-05-19,Gold,2025-06-01,,True
1732,P01424,Shakila Mandala,dindanugroho@example.org,(005) 036-3867,Langsa,2023-07-26,Gold,2023-07-26,,True
1733,P01425,Vivi Siregar,lmulyani@example.net,(087) 497-4415,Kota Administrasi Jakarta Selatan,2024-02-02,Basic,2024-02-02,,True
1734,P01426,Digdaya Hidayanto,pangestu02@example.net,084 909 2925,Kediri,2023-08-24,Gold,2023-08-24,2025-10-19,False
1735,P01426,Digdaya Hidayanto,pangestu02@example.net,084 909 2925,Kediri,2023-08-24,Platinum,2025-10-19,,True
1736,P01427,Yuliana Sihombing,kenari53@example.com,(0390) 841 2228,Pagaralam,2024-11-09,Basic,2024-11-09,,True
1737,P01428,Muni Padmasari,fprabowo@example.net,(047) 230 1733,Banda Aceh,2023-07-16,Basic,2023-07-16,,True
1738,P01429,"Almira Sihotang, S.T.",brahayu@example.net,(0980) 314 9446,Samarinda,2023-01-17,Gold,2023-01-17,2025-06-15,False
1739,P01429,"Almira Sihotang, S.T.",brahayu@example.net,(0980) 314 9446,Samarinda,2023-01-17,Platinum,2025-06-15,,True
1740,P01430,T. Ganep Salahudin,dthamrin@example.net,+62 (73) 204-6976,Sawahlunto,2023-05-20,Basic,2023-05-20,,True
1741,P01431,Jasmin Thamrin,harsanto65@example.org,(078) 674-9337,Manado,2024-09-10,Basic,2024-09-10,,True
1742,P01432,Mahdi Winarno,gsimbolon@example.com,(060) 778-1219,Dumai,2023-03-16,Basic,2023-03-16,,True
1743,P01433,Cawisono Nasyidah,tantri75@example.org,+62 (084) 241 2811,Tangerang Selatan,2023-03-28,Basic,2023-03-28,,True
1744,P01434,Cahya Sitorus,ctarihoran@example.com,081 549 1729,Kota Administrasi Jakarta Barat,2023-03-27,Basic,2023-03-27,,True
1745,P01435,Ani Farida,verasirait@example.com,+62 (71) 304 9731,Pasuruan,2024-02-29,Basic,2024-02-29,,True
1746,P01436,"Lintang Saefullah, S.Gz",budiyantopatricia@example.net,+62 (21) 148-0747,Mataram,2024-06-28,Basic,2024-06-28,,True
1747,P01437,"R. Pandu Oktaviani, M.Kom.",riyantieman@example.net,+62-0350-063-1212,Surabaya,2024-01-15,Basic,2024-01-15,2025-10-07,False
1748,P01437,"R. Pandu Oktaviani, M.Kom.",riyantieman@example.net,+62-0350-063-1212,Surabaya,2024-01-15,Gold,2025-10-07,,True
1749,P01438,Vanesa Wahyuni,kenes42@example.org,+62 (62) 576-0277,Banda Aceh,2024-03-06,Basic,2024-03-06,,True
1750,P01439,Rachel Permadi,ardiantocakrabuana@example.org,(0824) 661-6554,Kota Administrasi Jakarta Selatan,2024-03-10,Basic,2024-03-10,2025-06-18,False
1751,P01439,Rachel Permadi,ardiantocakrabuana@example.org,(0824) 661-6554,Kota Administrasi Jakarta Selatan,2024-03-10,Gold,2025-06-18,,True
1752,P01440,"drg. Maimunah Widodo, S.E.I",emong07@example.org,+62 (0351) 292 5123,Kota Administrasi Jakarta Selatan,2023-05-21,Basic,2023-05-21,,True
1753,P01441,Yunita Wasita,endahsihombing@example.net,+62-68-237-1916,Kendari,2023-07-03,Basic,2023-07-03,,True
1754,P01442,Samiah Tarihoran,fitriani40@example.com,+62 (067) 739 4148,Bima,2024-01-29,Basic,2024-01-29,,True
1755,P01443,Prima Purnawati,eva91@example.net,+62-067-826-5844,Payakumbuh,2024-03-27,Gold,2024-03-27,,True
1756,P01444,"Titi Simanjuntak, M.TI.",sinagalamar@example.com,+62 (098) 345 6615,Surakarta,2023-09-04,Basic,2023-09-04,,True
1757,P01445,Vicky Siregar,halimnyana@example.org,0845105797,Sungai Penuh,2023-07-26,Basic,2023-07-26,,True
1758,P01446,"Ir. Anom Rahmawati, S.Farm",okurniawan@example.net,0823740738,Salatiga,2024-01-08,Basic,2024-01-08,2025-09-22,False
1759,P01446,"Ir. Anom Rahmawati, S.Farm",okurniawan@example.net,0823740738,Salatiga,2024-01-08,Gold,2025-09-22,,True
1760,P01447,R. Diana Namaga,suwarnobala@example.org,(0415) 284-6264,Probolinggo,2023-05-02,Platinum,2023-05-02,,True
1761,P01448,"KH. Margana Astuti, M.Ak",awulandari@example.com,+62-00-143-8656,Kota Administrasi Jakarta Timur,2024-11-12,Gold,2024-11-12,,True
1762,P01449,Puji Laksmiwati,bhutasoit@example.org,+62 (563) 057-6160,Sawahlunto,2023-01-11,Basic,2023-01-11,,True
1763,P01450,Dr. Darmanto Habibi,megantaraharjaya@example.net,(096) 628-1453,Salatiga,2024-03-31,Gold,2024-03-31,,True
1764,P01451,"Hj. Putri Mandasari, M.Ak",permatakayun@example.org,+62 (0980) 469 2247,Bima,2024-08-29,Gold,2024-08-29,,True
1765,P01452,Nadine Wacana,gunawanaris@example.net,+62 (516) 706-9370,Pekalongan,2023-12-05,Basic,2023-12-05,,True
1766,P01453,Nyoman Prastuti,ira67@example.org,+62 (037) 016-2526,Banjarmasin,2023-11-22,Basic,2023-11-22,,True
1767,P01454,Gilda Iswahyudi,adityasaptono@example.com,(0539) 047-4862,Purwokerto,2024-05-25,Basic,2024-05-25,,True
1768,P01455,Kamila Firgantoro,fujiaticemani@example.org,+62 (379) 842-4167,Pariaman,2023-12-17,Basic,2023-12-17,,True
1769,P01456,Setya Damanik,emilhartati@example.org,+62-0050-795-7352,Ternate,2023-07-23,Basic,2023-07-23,,True
1770,P01457,"Dt. Bagiya Hutapea, S.T.",arta76@example.net,+62-50-821-3426,Manado,2024-11-13,Basic,2024-11-13,,True
1771,P01458,Keisha Namaga,latika15@example.org,+62 (0753) 206 3565,Padangpanjang,2024-10-27,Basic,2024-10-27,,True
1772,P01459,drg. Oni Habibi,padmilestari@example.org,0858666808,Tangerang Selatan,2023-02-10,Basic,2023-02-10,2025-06-12,False
1773,P01459,drg. Oni Habibi,padmilestari@example.org,0858666808,Tangerang Selatan,2023-02-10,Gold,2025-06-12,,True
1774,P01460,"R. Gantar Wulandari, M.Farm",zulaikaanom@example.org,+62 (0908) 330 7949,Probolinggo,2024-06-15,Basic,2024-06-15,,True
1775,P01461,"KH. Mulyanto Pudjiastuti, S.Gz",damar22@example.org,(0726) 829-9792,Solok,2023-01-30,Gold,2023-01-30,2025-09-22,False
1776,P01461,"KH. Mulyanto Pudjiastuti, S.Gz",damar22@example.org,(0726) 829-9792,Solok,2023-01-30,Platinum,2025-09-22,,True
1777,P01462,"Dr. Zamira Sitompul, S.Pt",kemal04@example.org,+62 (0278) 200 6356,Kota Administrasi Jakarta Pusat,2024-07-10,Basic,2024-07-10,2025-07-25,False
1778,P01462,"Dr. Zamira Sitompul, S.Pt",kemal04@example.org,+62 (0278) 200 6356,Kota Administrasi Jakarta Pusat,2024-07-10,Gold,2025-07-25,,True
1779,P01463,Galiono Permadi,prakasadaryani@example.net,+62 (062) 173 3079,Tegal,2024-06-09,Basic,2024-06-09,,True
1780,P01464,"H. Martana Setiawan, M.TI.",ibranihastuti@example.com,(0986) 009-1254,Surakarta,2023-07-12,Basic,2023-07-12,2025-04-29,False
1781,P01464,"H. Martana Setiawan, M.TI.",ibranihastuti@example.com,(0986) 009-1254,Surakarta,2023-07-12,Gold,2025-04-29,,True
1782,P01465,KH. Ridwan Astuti,violet61@example.com,(0204) 844-4735,Bitung,2023-09-12,Basic,2023-09-12,,True
1783,P01466,Ilsa Rahmawati,yono97@example.org,086 698 1216,Batu,2024-03-04,Basic,2024-03-04,,True
1784,P01467,"Gamanto Pradana, S.T.",patricia16@example.net,+62-17-069-2734,Tebingtinggi,2023-09-06,Gold,2023-09-06,,True
1785,P01468,Galuh Laksita,sarahprasasta@example.com,+62 (81) 602 3005,Padang Sidempuan,2023-05-16,Gold,2023-05-16,2025-09-21,False
1786,P01468,Galuh Laksita,sarahprasasta@example.com,+62 (81) 602 3005,Padang Sidempuan,2023-05-16,Platinum,2025-09-21,,True
1787,P01469,Gina Hutasoit,cinta00@example.org,+62-55-760-1727,Subulussalam,2024-02-27,Basic,2024-02-27,,True
1788,P01470,Martaka Putra,simanjuntakcandrakanta@example.org,+62 (992) 446 6907,Pasuruan,2024-08-07,Basic,2024-08-07,,True
1789,P01471,"Ir. Eli Widodo, S.Gz",maryadiputra@example.com,+62 (0121) 658-9716,Batu,2024-10-10,Basic,2024-10-10,2025-08-22,False
1790,P01471,"Ir. Eli Widodo, S.Gz",maryadiputra@example.com,+62 (0121) 658-9716,Batu,2024-10-10,Gold,2025-08-22,,True
1791,P01472,Winda Megantara,perkasa43@example.net,(087) 546-4241,Palembang,2023-10-05,Basic,2023-10-05,,True
1792,P01473,Usyi Widodo,omaheswara@example.org,+62 (73) 930 9578,Lubuklinggau,2024-06-24,Basic,2024-06-24,2025-06-12,False
1793,P01473,Usyi Widodo,omaheswara@example.org,+62 (73) 930 9578,Lubuklinggau,2024-06-24,Gold,2025-06-12,,True
1794,P01474,Halima Aryani,hidayantosamiah@example.org,(0891) 588-3978,Jayapura,2024-08-27,Gold,2024-08-27,,True
1795,P01475,"R. Hasna Suartini, S.Sos",tedi66@example.com,+62 (519) 936-3014,Kota Administrasi Jakarta Utara,2023-12-01,Gold,2023-12-01,2025-05-06,False
1796,P01475,"R. Hasna Suartini, S.Sos",tedi66@example.com,+62 (519) 936-3014,Kota Administrasi Jakarta Utara,2023-12-01,Platinum,2025-05-06,,True
1797,P01476,Drs. Iriana Mustofa,rusamah@example.net,+62-14-302-5287,Tangerang Selatan,2024-08-13,Basic,2024-08-13,,True
1798,P01477,Hamima Rajata,utamanuraini@example.com,+62-243-233-4872,Parepare,2024-08-13,Basic,2024-08-13,,True
1799,P01478,Dr. Samiah Marpaung,kamal23@example.net,+62 (0358) 199-6778,Palu,2023-06-09,Basic,2023-06-09,,True
1800,P01479,Tira Maulana,vmandasari@example.com,+62-0619-714-4983,Singkawang,2024-06-17,Gold,2024-06-17,2025-07-13,False
1801,P01479,Tira Maulana,vmandasari@example.com,+62-0619-714-4983,Singkawang,2024-06-17,Platinum,2025-07-13,,True
1802,P01480,Cakrajiya Iswahyudi,hasna79@example.org,0809626593,Medan,2024-09-26,Basic,2024-09-26,2025-07-14,False
1803,P01480,Cakrajiya Iswahyudi,hasna79@example.org,0809626593,Medan,2024-09-26,Gold,2025-07-14,,True
1804,P01481,Ulya Utama,harsanto47@example.net,+62-731-965-5678,Tangerang Selatan,2023-02-21,Basic,2023-02-21,,True
1805,P01482,Tami Haryanto,xsuwarno@example.net,+62 (79) 279 9363,Tanjungbalai,2023-03-06,Basic,2023-03-06,,True
1806,P01483,"Dr. Wage Tampubolon, S.H.",kadirsetiawan@example.com,+62 (44) 985 8776,Pontianak,2024-09-30,Basic,2024-09-30,,True
1807,P01484,Tgk. Cawuk Mahendra,msimbolon@example.net,+62-96-153-0828,Tegal,2024-08-23,Basic,2024-08-23,,True
1808,P01485,Uda Prasetya,darmanto01@example.com,(0738) 693 7292,Ambon,2023-03-28,Basic,2023-03-28,2025-07-04,False
1809,P01485,Uda Prasetya,darmanto01@example.com,(0738) 693 7292,Ambon,2023-03-28,Gold,2025-07-04,,True
1810,P01486,Wani Waskita,dian80@example.com,+62 (0648) 635 3074,Palu,2024-09-08,Basic,2024-09-08,,True
1811,P01487,Maimunah Yulianti,ade46@example.net,+62 (786) 567 8367,Blitar,2023-05-28,Gold,2023-05-28,,True
1812,P01488,Anita Yuliarti,harjo19@example.net,+62-0325-619-0927,Batam,2024-11-01,Platinum,2024-11-01,,True
1813,P01489,Dinda Najmudin,hutasoitgamanto@example.net,(099) 802-4460,Probolinggo,2023-02-17,Basic,2023-02-17,,True
1814,P01490,Karimah Sinaga,pangestuokta@example.org,+62 (981) 643-7364,Bandung,2024-01-27,Basic,2024-01-27,2025-09-10,False
1815,P01490,Karimah Sinaga,pangestuokta@example.org,+62 (981) 643-7364,Bandung,2024-01-27,Gold,2025-09-10,,True
1816,P01491,Surya Lestari,aurora54@example.org,(0779) 928-9555,Serang,2023-11-03,Basic,2023-11-03,2025-04-18,False
1817,P01491,Surya Lestari,aurora54@example.org,(0779) 928-9555,Serang,2023-11-03,Gold,2025-04-18,,True
1818,P01492,Ir. Aisyah Uyainah,balapati35@example.org,(0456) 468-6090,Bandar Lampung,2024-04-01,Basic,2024-04-01,,True
1819,P01493,Cawuk Yulianti,paiman48@example.org,(0252) 194 9137,Sukabumi,2023-11-11,Basic,2023-11-11,2025-09-04,False
1820,P01493,Cawuk Yulianti,paiman48@example.org,(0252) 194 9137,Sukabumi,2023-11-11,Gold,2025-09-04,,True
1821,P01494,Asman Kurniawan,janet46@example.com,+62 (280) 753-3087,Tangerang Selatan,2023-12-09,Basic,2023-12-09,,True
1822,P01495,Tami Budiyanto,agus03@example.org,(008) 908-5628,Semarang,2023-11-26,Basic,2023-11-26,,True
1823,P01496,"Ir. Estiawan Kusumo, M.Pd",suryonogaran@example.com,+62 (040) 267-3552,Tebingtinggi,2023-02-12,Gold,2023-02-12,,True
1824,P01497,Mulya Rahimah,ugunarto@example.net,(062) 006 5902,Denpasar,2024-08-08,Basic,2024-08-08,2025-06-17,False
1825,P01497,Mulya Rahimah,ugunarto@example.net,(062) 006 5902,Denpasar,2024-08-08,Gold,2025-06-17,,True
1826,P01498,Puti Yessi Wacana,dpangestu@example.com,+62-0774-737-3351,Sabang,2024-12-02,Basic,2024-12-02,,True
1827,P01499,Amelia Gunawan,fitrianiwaskita@example.org,(012) 710 6873,Magelang,2023-02-17,Basic,2023-02-17,,True
1828,P01500,Cut Ika Prasetya,edison79@example.net,081 016 6770,Palu,2024-06-01,Gold,2024-06-01,,True
1829,P01501,"Irnanto Uyainah, S.Sos",kayuntampubolon@example.com,(012) 241-2716,Dumai,2023-09-26,Basic,2023-09-26,2025-05-30,False
1830,P01501,"Irnanto Uyainah, S.Sos",kayuntampubolon@example.com,(012) 241-2716,Dumai,2023-09-26,Gold,2025-05-30,,True
1831,P01502,Galiono Marpaung,hendrisusanti@example.org,+62 (071) 851-0647,Ambon,2024-04-29,Basic,2024-04-29,,True
1832,P01503,Widya Nashiruddin,faridajaya@example.org,+62-064-845-5321,Banda Aceh,2023-04-17,Basic,2023-04-17,,True
1833,P01504,"Hj. Vanesa Manullang, S.Pt",bwidodo@example.com,+62-803-513-1448,Salatiga,2024-02-06,Basic,2024-02-06,,True
1834,P01505,"Tri Putra, M.Pd",nadriansyah@example.com,0825441395,Manado,2023-02-09,Basic,2023-02-09,,True
1835,P01506,Arsipatra Susanti,tambajais@example.com,(022) 932-3125,Solok,2023-04-20,Basic,2023-04-20,2025-10-20,False
1836,P01506,Arsipatra Susanti,tambajais@example.com,(022) 932-3125,Solok,2023-04-20,Gold,2025-10-20,,True
1837,P01507,Lantar Purnawati,oskaryuliarti@example.org,+62 (74) 997-1595,Payakumbuh,2024-08-08,Basic,2024-08-08,,True
1838,P01508,Purwanto Rajata,asiregar@example.org,(055) 677 7264,Surabaya,2024-06-23,Platinum,2024-06-23,,True
1839,P01509,drg. Fitriani Hastuti,xnarpati@example.net,+62 (026) 187 0834,Cimahi,2023-11-13,Basic,2023-11-13,,True
1840,P01510,"Widya Wibowo, S.Pd",qpradana@example.com,+62-64-722-8299,Tegal,2024-03-28,Basic,2024-03-28,,True
1841,P01511,Malik Suwarno,raditya21@example.org,+62 (25) 678 5029,Pontianak,2024-11-28,Gold,2024-11-28,,True
1842,P01512,Puti Calista Agustina,kalimsinaga@example.com,+62 (0147) 627 3571,Bogor,2024-09-06,Basic,2024-09-06,,True
1843,P01513,Dacin Hardiansyah,lailasarirendy@example.net,+62 (884) 593 7771,Subulussalam,2023-12-20,Gold,2023-12-20,2025-07-29,False
1844,P01513,Dacin Hardiansyah,lailasarirendy@example.net,+62 (884) 593 7771,Subulussalam,2023-12-20,Platinum,2025-07-29,,True
1845,P01514,Baktianto Uyainah,nnarpati@example.org,084 442 2804,Blitar,2024-02-03,Gold,2024-02-03,,True
1846,P01515,Dr. Puti Astuti,artawanpermadi@example.com,+62 (081) 431 7173,Balikpapan,2024-12-02,Basic,2024-12-02,2025-05-23,False
1847,P01515,Dr. Puti Astuti,artawanpermadi@example.com,+62 (081) 431 7173,Balikpapan,2024-12-02,Gold,2025-05-23,,True
1848,P01516,Cut Eva Oktaviani,prasetyogalur@example.com,(0855) 532 3548,Batu,2024-07-01,Basic,2024-07-01,,True
1849,P01517,"Genta Lazuardi, M.Farm",garda06@example.net,+62-048-008-7556,Magelang,2024-04-13,Basic,2024-04-13,,True
1850,P01518,Karja Mangunsong,yuniargaduh@example.org,0809286050,Bandung,2023-06-11,Basic,2023-06-11,,True
1851,P01519,"Ade Iswahyudi, S.IP",rangga52@example.net,+62 (048) 431-4395,Bau-Bau,2024-11-02,Basic,2024-11-02,,True
1852,P01520,"Cut Ratna Permata, S.Pd",rama86@example.net,+62 (0632) 868 8564,Tegal,2023-04-15,Basic,2023-04-15,,True
1853,P01521,Gara Santoso,riyantitasdik@example.org,+62-0523-480-0570,Serang,2023-07-18,Basic,2023-07-18,2025-06-19,False
1854,P01521,Gara Santoso,riyantitasdik@example.org,+62-0523-480-0570,Serang,2023-07-18,Gold,2025-06-19,,True
1855,P01522,Mutia Nugroho,hutama@example.org,(080) 997 3397,Dumai,2023-10-08,Basic,2023-10-08,,True
1856,P01523,Ghaliyati Waluyo,ekapuspita@example.org,+62 (02) 238-2794,Kupang,2023-08-29,Basic,2023-08-29,2025-08-02,False
1857,P01523,Ghaliyati Waluyo,ekapuspita@example.org,+62 (02) 238-2794,Kupang,2023-08-29,Gold,2025-08-02,,True
1858,P01524,"Dt. Bahuraksa Kurniawan, S.Pt",ani47@example.com,+62 (0357) 097-7653,Mataram,2024-06-04,Basic,2024-06-04,2025-04-17,False
1859,P01524,"Dt. Bahuraksa Kurniawan, S.Pt",ani47@example.com,+62 (0357) 097-7653,Mataram,2024-06-04,Gold,2025-04-17,,True
1860,P01525,Danuja Mahendra,harjomegantara@example.org,+62 (790) 971 9396,Jayapura,2024-02-22,Basic,2024-02-22,2025-08-07,False
1861,P01525,Danuja Mahendra,harjomegantara@example.org,+62 (790) 971 9396,Jayapura,2024-02-22,Gold,2025-08-07,,True
1862,P01526,Zelda Haryanti,eprasetyo@example.com,+62 (92) 036-3278,Palopo,2024-06-14,Platinum,2024-06-14,,True
1863,P01527,Prasetyo Susanti,darmanto73@example.com,+62 (90) 857-0354,Langsa,2024-06-11,Basic,2024-06-11,,True
1864,P01528,Harsaya Sirait,mariadi45@example.org,+62 (13) 205-1153,Bogor,2023-12-04,Gold,2023-12-04,,True
1865,P01529,Adikara Uwais,vsiregar@example.org,+62-113-059-5139,Bengkulu,2024-09-24,Gold,2024-09-24,,True
1866,P01530,"Ina Pratiwi, M.Ak",saka26@example.net,+62 (10) 722-3042,Cimahi,2023-11-16,Gold,2023-11-16,,True
1867,P01531,Kawaca Nurdiyanti,tiraandriani@example.com,+62-205-010-6117,Padang Sidempuan,2023-07-31,Basic,2023-07-31,,True
1868,P01532,Reksa Haryanti,tasdik38@example.net,+62 (687) 598 8315,Bau-Bau,2024-03-14,Gold,2024-03-14,,True
1869,P01533,Ellis Suryatmi,bsantoso@example.com,+62 (0006) 792 5371,Tomohon,2023-04-21,Basic,2023-04-21,,True
1870,P01534,Eka Najmudin,lurhur28@example.org,0817023281,Kota Administrasi Jakarta Pusat,2023-09-06,Basic,2023-09-06,,True
1871,P01535,Pandu Rahimah,susantilulut@example.org,+62-0542-513-8850,Semarang,2024-11-24,Basic,2024-11-24,,True
1872,P01536,Puji Dabukke,jwahyudin@example.net,+62 (003) 853-7351,Dumai,2023-05-24,Basic,2023-05-24,,True
1873,P01537,"Hj. Lalita Rajata, S.Pt",hutasoittaufik@example.net,+62 (065) 600 5145,Cilegon,2023-02-20,Basic,2023-02-20,,True
1874,P01538,"Drs. Ajimat Siregar, S.T.",mutiasiregar@example.org,+62 (002) 613 6820,Pariaman,2023-07-25,Basic,2023-07-25,,True
1875,P01539,"Hj. Ira Riyanti, M.Pd",ganep07@example.net,(068) 703 9989,Pekanbaru,2024-01-29,Basic,2024-01-29,,True
1876,P01540,"Saiful Nasyiah, S.Ked",devimangunsong@example.com,+62 (016) 375-6353,Tanjungpinang,2024-01-23,Basic,2024-01-23,2025-08-13,False
1877,P01540,"Saiful Nasyiah, S.Ked",devimangunsong@example.com,+62 (016) 375-6353,Tanjungpinang,2024-01-23,Gold,2025-08-13,,True
1878,P01541,Nardi Mayasari,hutagalungwardi@example.org,+62 (056) 179-1187,Bekasi,2023-11-03,Basic,2023-11-03,2025-03-08,False
1879,P01541,Nardi Mayasari,hutagalungwardi@example.org,+62 (056) 179-1187,Bekasi,2023-11-03,Gold,2025-03-08,,True
1880,P01542,Daliman Natsir,warsa71@example.com,+62 (0912) 122 6310,Bitung,2023-07-18,Basic,2023-07-18,,True
1881,P01543,"Dt. Ian Maryati, M.Farm",haryantinyoman@example.org,+62 (0551) 674 5235,Malang,2023-07-08,Gold,2023-07-08,,True
1882,P01544,"Sutan Asmuni Narpati, S.H.",jarwadi87@example.com,+62-757-874-5377,Pariaman,2024-06-07,Gold,2024-06-07,,True
1883,P01545,"KH. Kambali Thamrin, S.Sos",paulin41@example.org,+62-374-079-8214,Binjai,2024-07-14,Basic,2024-07-14,2025-07-25,False
1884,P01545,"KH. Kambali Thamrin, S.Sos",paulin41@example.org,+62-374-079-8214,Binjai,2024-07-14,Gold,2025-07-25,,True
1885,P01546,Praba Rahimah,cmandala@example.com,+62 (842) 999-7356,Subulussalam,2024-09-12,Gold,2024-09-12,,True
1886,P01547,Estiawan Suryono,rina98@example.com,+62 (008) 059 9468,Kota Administrasi Jakarta Pusat,2024-08-01,Basic,2024-08-01,2025-04-07,False
1887,P01547,Estiawan Suryono,rina98@example.com,+62 (008) 059 9468,Kota Administrasi Jakarta Pusat,2024-08-01,Gold,2025-04-07,,True
1888,P01548,Marwata Permata,warta11@example.net,+62-014-800-0617,Padangpanjang,2024-07-08,Basic,2024-07-08,,True
1889,P01549,Garang Riyanti,maryatibakiono@example.org,082 491 4353,Pekalongan,2024-06-17,Basic,2024-06-17,,True
1890,P01550,Amelia Wibowo,knarpati@example.org,(0467) 615-9412,Malang,2023-04-03,Basic,2023-04-03,,True
1891,P01551,Mujur Simbolon,eiswahyudi@example.com,+62-40-103-0629,Bukittinggi,2024-07-21,Basic,2024-07-21,2025-05-06,False
1892,P01551,Mujur Simbolon,eiswahyudi@example.com,+62-40-103-0629,Bukittinggi,2024-07-21,Gold,2025-05-06,,True
1893,P01552,Elvina Maryati,vfarida@example.com,(059) 637-2779,Pangkalpinang,2024-04-20,Basic,2024-04-20,,True
1894,P01553,"Yoga Hutagalung, S.Pt",hasanahyuni@example.net,+62 (017) 261-2689,Lhokseumawe,2023-12-29,Basic,2023-12-29,,True
1895,P01554,Sari Pangestu,riniusamah@example.org,+62 (0813) 194-7210,Pematangsiantar,2023-10-04,Basic,2023-10-04,,True
1896,P01555,Hartaka Prabowo,djailani@example.com,+62 (0782) 003-3674,Pariaman,2023-01-05,Basic,2023-01-05,,True
1897,P01556,Carub Yolanda,jabal21@example.net,+62 (093) 074-3472,Bontang,2024-08-29,Basic,2024-08-29,,True
1898,P01557,Hj. Nadia Suryatmi,riniusada@example.net,(0290) 890 8375,Subulussalam,2023-06-01,Basic,2023-06-01,2025-08-16,False
1899,P01557,Hj. Nadia Suryatmi,riniusada@example.net,(0290) 890 8375,Subulussalam,2023-06-01,Gold,2025-08-16,,True
1900,P01558,Zizi Maheswara,olatupono@example.org,0817730944,Sorong,2023-12-03,Basic,2023-12-03,,True
1901,P01559,Ophelia Sudiati,hidayatnarji@example.com,+62-847-582-5126,Banjarmasin,2023-02-17,Basic,2023-02-17,,True
1902,P01560,"Ellis Salahudin, M.Pd",perkasayulianti@example.org,+62-55-532-7130,Denpasar,2023-05-19,Basic,2023-05-19,,True
1903,P01561,Warta Mandala,juliauwais@example.org,(051) 598 9541,Dumai,2023-01-30,Basic,2023-01-30,,True
1904,P01562,"Hj. Vanya Prakasa, S.T.",bahuraksa63@example.net,+62 (81) 537 2951,Pekanbaru,2023-06-07,Basic,2023-06-07,,True
1905,P01563,"Najwa Prabowo, M.Farm",galaklestari@example.net,+62-209-520-0864,Singkawang,2023-06-03,Basic,2023-06-03,2025-04-24,False
1906,P01563,"Najwa Prabowo, M.Farm",galaklestari@example.net,+62-209-520-0864,Singkawang,2023-06-03,Gold,2025-04-24,,True
1907,P01564,Amalia Permata,juli73@example.org,+62-469-102-4952,Palangkaraya,2023-03-23,Basic,2023-03-23,,True
1908,P01565,dr. Jelita Damanik,gabrielladongoran@example.org,(025) 908 6185,Lhokseumawe,2023-02-09,Basic,2023-02-09,,True
1909,P01566,Reksa Hartati,jefrimaheswara@example.com,+62-41-319-8979,Tomohon,2023-11-24,Basic,2023-11-24,,True
1910,P01567,Padmi Zulkarnain,inahartati@example.org,+62 (028) 158 5662,Batam,2023-05-31,Basic,2023-05-31,,True
1911,P01568,Kartika Purnawati,enteng78@example.com,+62 (096) 117-0434,Kota Administrasi Jakarta Utara,2024-03-19,Gold,2024-03-19,2025-10-19,False
1912,P01568,Kartika Purnawati,enteng78@example.com,+62 (096) 117-0434,Kota Administrasi Jakarta Utara,2024-03-19,Platinum,2025-10-19,,True
1913,P01569,Waluyo Yuliarti,naradifirmansyah@example.com,081 094 3203,Cilegon,2024-07-07,Basic,2024-07-07,,True
1914,P01570,"Pranawa Januar, S.Pd",tsirait@example.com,088 735 0381,Manado,2023-02-06,Basic,2023-02-06,,True
1915,P01571,"dr. Taufan Mansur, S.Pd",diah22@example.com,(029) 491-3260,Metro,2023-10-15,Basic,2023-10-15,,True
1916,P01572,"Panji Hasanah, S.Pd",fnasyidah@example.net,(031) 603-4390,Surakarta,2023-01-11,Basic,2023-01-11,,True
1917,P01573,Ega Hartati,winarsihayu@example.net,+62 (649) 964 3575,Batu,2024-03-24,Basic,2024-03-24,,True
1918,P01574,"Hari Puspita, S.E.",cmaheswara@example.com,+62-879-325-8722,Bitung,2023-06-08,Basic,2023-06-08,,True
1919,P01575,Tantri Utama,yfirmansyah@example.com,(044) 617 0902,Bandar Lampung,2024-08-14,Gold,2024-08-14,2025-09-03,False
1920,P01575,Tantri Utama,yfirmansyah@example.com,(044) 617 0902,Bandar Lampung,2024-08-14,Platinum,2025-09-03,,True
1921,P01576,"R.A. Zelda Firgantoro, S.Psi",jumari40@example.net,+62 (0194) 124 7008,Blitar,2024-07-21,Platinum,2024-07-21,,True
1922,P01577,"R. Oliva Usamah, S.E.I",putrabaktiadi@example.org,+62-40-720-3814,Banda Aceh,2023-07-05,Basic,2023-07-05,,True
1923,P01578,Jumari Prastuti,kthamrin@example.org,+62 (21) 504-9185,Metro,2023-04-10,Gold,2023-04-10,2025-05-29,False
1924,P01578,Jumari Prastuti,kthamrin@example.org,+62 (21) 504-9185,Metro,2023-04-10,Platinum,2025-05-29,,True
1925,P01579,"R. Ridwan Najmudin, S.Psi",,082 730 7021,Pasuruan,2024-06-15,Basic,2024-06-15,,True
1926,P01580,Nadia Handayani,argono35@example.org,(0392) 833-4386,Sabang,2024-03-16,Basic,2024-03-16,2025-05-28,False
1927,P01580,Nadia Handayani,argono35@example.org,(0392) 833-4386,Sabang,2024-03-16,Gold,2025-05-28,,True
1928,P01581,Salsabila Yulianti,rdongoran@example.org,+62-065-340-1981,Depok,2024-04-07,Basic,2024-04-07,,True
1929,P01582,Dadi Suwarno,sihombinghari@example.net,+62-077-873-1540,Singkawang,2023-05-30,Basic,2023-05-30,,True
1930,P01583,KH. Jono Kuswoyo,intan95@example.com,(072) 482-1429,Samarinda,2024-03-01,Gold,2024-03-01,,True
1931,P01584,Puti Yance Prasetyo,shaniatampubolon@example.com,+62 (088) 332-0063,Yogyakarta,2023-12-19,Basic,2023-12-19,,True
1932,P01585,Dr. Bakiono Lestari,glaksmiwati@example.net,0821577612,Bima,2023-08-02,Basic,2023-08-02,,True
1933,P01586,"T. Prima Pangestu, S.E.",galih06@example.com,(063) 563 8656,Bau-Bau,2024-09-28,Basic,2024-09-28,,True
1934,P01587,Mahmud Setiawan,wibisonoozy@example.net,(0179) 263 6538,Batam,2023-01-25,Basic,2023-01-25,,True
1935,P01588,Maryanto Mandasari,suryonoyono@example.net,+62 (776) 956-0467,Bekasi,2024-01-19,Basic,2024-01-19,,True
1936,P01589,R.A. Talia Prastuti,emongrahmawati@example.org,+62 (35) 728 5124,Tanjungbalai,2023-08-25,Basic,2023-08-25,,True
1937,P01590,Farhunnisa Halim,panduhutasoit@example.net,+62 (0595) 597 6644,Tanjungpinang,2023-09-03,Basic,2023-09-03,,True
1938,P01591,Yuliana Pratiwi,iriana39@example.org,+62 (0759) 774-1068,Singkawang,2023-12-11,Basic,2023-12-11,,True
1939,P01592,"Prabowo Pudjiastuti, S.T.",hutagalungmila@example.net,(0806) 572-6275,Manado,2023-05-30,Basic,2023-05-30,,True
1940,P01593,Gilda Lailasari,salwa28@example.net,+62 (507) 970-8269,Sibolga,2023-04-15,Basic,2023-04-15,,True
1941,P01594,Samsul Hutasoit,nadiasaputra@example.org,(0156) 185-3207,Bekasi,2024-06-16,Basic,2024-06-16,,True
1942,P01595,Jayeng Nasyidah,harsantorahimah@example.net,+62-0958-817-8730,Subulussalam,2024-07-18,Basic,2024-07-18,,True
1943,P01596,dr. Azalea Napitupulu,agustinaimam@example.com,+62 (030) 827 0121,Kediri,2023-06-30,Basic,2023-06-30,,True
1944,P01597,"Ir. Praba Agustina, S.Pd",zsiregar@example.net,+62-051-372-7288,Bandar Lampung,2024-03-04,Basic,2024-03-04,,True
1945,P01598,Hilda Wahyudin,,+62-0363-313-3204,Bontang,2024-09-24,Basic,2024-09-24,,True
1946,P01599,"Ir. Eka Safitri, M.Farm",mayasaricahyanto@example.com,+62-797-339-9466,Sibolga,2023-02-26,Basic,2023-02-26,,True
1947,P01600,Viktor Jailani,jnasyiah@example.com,(098) 858-1049,Solok,2023-10-07,Gold,2023-10-07,,True
1948,P01601,"dr. Zelaya Yulianti, S.T.",argono86@example.net,+62-59-327-1427,Tebingtinggi,2023-12-19,Basic,2023-12-19,2025-04-17,False
1949,P01601,"dr. Zelaya Yulianti, S.T.",argono86@example.net,+62-59-327-1427,Tebingtinggi,2023-12-19,Gold,2025-04-17,,True
1950,P01602,"Dr. Lantar Permata, S.Farm",vwaskita@example.net,+62 (091) 849 7682,Cirebon,2023-12-15,Gold,2023-12-15,,True
1951,P01603,"Suci Habibi, S.E.",hastutiibrani@example.net,+62 (447) 427 3964,Kota Administrasi Jakarta Utara,2023-12-12,Basic,2023-12-12,,True
1952,P01604,Nardi Siregar,drajatpertiwi@example.com,+62 (041) 197-8191,Jambi,2024-06-03,Basic,2024-06-03,2025-04-09,False
1953,P01604,Nardi Siregar,drajatpertiwi@example.com,+62 (041) 197-8191,Jambi,2024-06-03,Gold,2025-04-09,,True
1954,P01605,Atmaja Anggraini,makutasaputra@example.com,0852116511,Metro,2023-07-31,Basic,2023-07-31,,True
1955,P01606,Caturangga Hassanah,prayogatomi@example.net,(095) 884 2054,Sibolga,2023-04-09,Basic,2023-04-09,,True
1956,P01607,"Kasusra Suryatmi, S.Ked",saptononasrullah@example.org,(080) 113-6175,Binjai,2024-03-17,Basic,2024-03-17,,True
1957,P01608,Gilda Farida,irawanharjasa@example.com,+62-371-508-9583,Bandung,2024-11-29,Basic,2024-11-29,,True
1958,P01609,"R.A. Victoria Nurdiyanti, S.Farm",zulfapurwanti@example.org,+62 (0591) 831 4779,Sungai Penuh,2023-04-13,Gold,2023-04-13,2025-08-27,False
1959,P01609,"R.A. Victoria Nurdiyanti, S.Farm",zulfapurwanti@example.org,+62 (0591) 831 4779,Sungai Penuh,2023-04-13,Platinum,2025-08-27,,True
1960,P01610,Tgk. Aisyah Pranowo,asmuni39@example.net,+62 (080) 868 3654,Samarinda,2024-02-06,Gold,2024-02-06,,True
1961,P01611,Ratih Gunarto,pardimustofa@example.com,+62-004-093-4474,Kendari,2024-10-23,Basic,2024-10-23,,True
1962,P01612,"Reksa Handayani, S.Sos",pnapitupulu@example.net,+62 (517) 343 8766,Kotamobagu,2024-05-15,Basic,2024-05-15,,True
1963,P01613,"Gatot Namaga, S.IP",latika90@example.net,+62 (0154) 676 4294,Tangerang Selatan,2024-04-24,Basic,2024-04-24,,True
1964,P01614,"Najwa Yolanda, S.E.I",karman71@example.org,(006) 654 9833,Pariaman,2023-08-15,Basic,2023-08-15,,True
1965,P01615,Endah Hastuti,jakafujiati@example.net,+62 (99) 101-7856,Cilegon,2023-05-02,Basic,2023-05-02,,True
1966,P01616,R. Ulva Widiastuti,hutasoitmakara@example.com,+62 (0284) 691 0243,Bandung,2023-02-17,Basic,2023-02-17,,True
1967,P01617,Margana Maryadi,purnawatiedison@example.com,+62-036-607-9283,Metro,2023-08-07,Basic,2023-08-07,2025-08-27,False
1968,P01617,Margana Maryadi,purnawatiedison@example.com,+62-036-607-9283,Metro,2023-08-07,Gold,2025-08-27,,True
1969,P01618,Drs. Mariadi Saptono,whardiansyah@example.net,+62 (070) 897-7452,Kota Administrasi Jakarta Pusat,2024-04-12,Basic,2024-04-12,,True
1970,P01619,Heryanto Utama,winarsihvirman@example.net,+62-0694-931-2204,Depok,2024-01-24,Basic,2024-01-24,,True
1971,P01620,"drg. Malik Haryanto, S.Kom",kanda67@example.net,+62 (54) 573 5470,Denpasar,2024-04-23,Gold,2024-04-23,2025-05-13,False
1972,P01620,"drg. Malik Haryanto, S.Kom",kanda67@example.net,+62 (54) 573 5470,Denpasar,2024-04-23,Platinum,2025-05-13,,True
1973,P01621,"Puti Ciaobella Wijaya, M.Ak",drajat01@example.net,+62-066-748-2768,Tangerang,2024-01-11,Basic,2024-01-11,,True
1974,P01622,Ana Astuti,nasyiahembuh@example.net,(0306) 451 0935,Denpasar,2024-10-22,Platinum,2024-10-22,,True
1975,P01623,Kezia Marbun,hendrazulkarnain@example.net,(0009) 427 6381,Cirebon,2023-04-24,Basic,2023-04-24,,True
1976,P01624,Hj. Kasiyah Lazuardi,luhunghidayanto@example.net,+62 (013) 588 9411,Bekasi,2023-09-23,Basic,2023-09-23,,True
1977,P01625,Alika Prastuti,vino96@example.org,+62-33-789-0638,Parepare,2023-11-09,Basic,2023-11-09,,True
1978,P01626,Rahmi Haryanto,,+62 (60) 775-5031,Yogyakarta,2023-02-09,Gold,2023-02-09,,True
1979,P01627,Makara Kuswandari,perkasa13@example.net,+62 (49) 848 1477,Ambon,2024-03-25,Basic,2024-03-25,,True
1980,P01628,"H. Putu Widiastuti, S.Ked",adriansyahsalman@example.org,(0999) 069 3789,Balikpapan,2024-03-06,Basic,2024-03-06,2025-05-17,False
1981,P01628,"H. Putu Widiastuti, S.Ked",adriansyahsalman@example.org,(0999) 069 3789,Balikpapan,2024-03-06,Gold,2025-05-17,,True
1982,P01629,KH. Jaka Farida,widiastutipangestu@example.com,+62-020-546-6646,Pematangsiantar,2023-01-15,Basic,2023-01-15,2025-06-21,False
1983,P01629,KH. Jaka Farida,widiastutipangestu@example.com,+62-020-546-6646,Pematangsiantar,2023-01-15,Gold,2025-06-21,,True
1984,P01630,Dewi Oktaviani,najwa32@example.net,0813447109,Ternate,2023-04-05,Gold,2023-04-05,,True
1985,P01631,Jayeng Lazuardi,gina52@example.org,(0200) 232 8575,Bitung,2023-04-30,Basic,2023-04-30,,True
1986,P01632,Dr. Clara Halimah,cayadi41@example.net,+62-62-838-1449,Bukittinggi,2024-10-07,Basic,2024-10-07,,True
1987,P01633,Tgk. Eka Aryani,gantarrahayu@example.org,0870801990,Bima,2024-09-13,Basic,2024-09-13,2025-07-30,False
1988,P01633,Tgk. Eka Aryani,gantarrahayu@example.org,0870801990,Bima,2024-09-13,Gold,2025-07-30,,True
1989,P01634,"Irfan Waskita, S.Farm",wahyudinpranata@example.org,0802561425,Palangkaraya,2023-03-17,Basic,2023-03-17,,True
1990,P01635,"Aswani Hassanah, S.Farm",danuja24@example.net,(0304) 899 8626,Tasikmalaya,2024-04-25,Gold,2024-04-25,,True
1991,P01636,"R.A. Diana Napitupulu, S.Gz",izulkarnain@example.net,(0267) 228-7738,Padangpanjang,2024-05-12,Basic,2024-05-12,2025-04-25,False
1992,P01636,"R.A. Diana Napitupulu, S.Gz",izulkarnain@example.net,(0267) 228-7738,Padangpanjang,2024-05-12,Gold,2025-04-25,,True
1993,P01637,Jabal Lestari,januarcinthia@example.com,+62 (197) 827 4734,Yogyakarta,2024-07-28,Basic,2024-07-28,2025-10-14,False
1994,P01637,Jabal Lestari,januarcinthia@example.com,+62 (197) 827 4734,Yogyakarta,2024-07-28,Gold,2025-10-14,,True
1995,P01638,"Hj. Sadina Kuswandari, S.Sos",cakrabirawahasanah@example.com,+62 (54) 856 4799,Denpasar,2024-02-05,Basic,2024-02-05,,True
1996,P01639,Lintang Prasasta,saefullahvanya@example.org,(045) 483-5570,Batam,2023-09-03,Basic,2023-09-03,,True
1997,P01640,"R.A. Ani Permadi, S.Pt",firmansyahnasab@example.net,+62-0801-442-5058,Payakumbuh,2023-12-06,Basic,2023-12-06,,True
1998,P01641,Ajimin Puspita,gkusmawati@example.net,+62 (032) 907 3254,Banjar,2024-09-28,Basic,2024-09-28,2025-09-02,False
1999,P01641,Ajimin Puspita,gkusmawati@example.net,+62 (032) 907 3254,Banjar,2024-09-28,Gold,2025-09-02,,True
2000,P01642,Paramita Tarihoran,nasyidahdamu@example.net,+62-0151-231-3893,Kotamobagu,2024-05-21,Gold,2024-05-21,,True
2001,P01643,KH. Ibrani Nababan,olaksmiwati@example.com,+62 (056) 090 2836,Salatiga,2024-09-21,Gold,2024-09-21,,True
2002,P01644,Maryadi Manullang,agustinawisnu@example.net,0873515865,Tangerang Selatan,2024-06-30,Gold,2024-06-30,2025-08-17,False
2003,P01644,Maryadi Manullang,agustinawisnu@example.net,0873515865,Tangerang Selatan,2024-06-30,Platinum,2025-08-17,,True
2004,P01645,"Radit Zulkarnain, M.Pd",gantaruyainah@example.net,(073) 171-9271,Mojokerto,2024-11-09,Basic,2024-11-09,2025-06-20,False
2005,P01645,"Radit Zulkarnain, M.Pd",gantaruyainah@example.net,(073) 171-9271,Mojokerto,2024-11-09,Gold,2025-06-20,,True
2006,P01646,"Catur Samosir, S.Psi",karma63@example.org,084 925 4006,Pematangsiantar,2023-10-19,Gold,2023-10-19,,True
2007,P01647,Artawan Salahudin,darimin37@example.com,+62 (050) 775 6191,Surakarta,2023-11-09,Platinum,2023-11-09,,True
2008,P01648,Hani Hidayat,leganapitupulu@example.net,+62 (045) 608 5464,Ternate,2023-05-11,Basic,2023-05-11,2025-08-27,False
2009,P01648,Hani Hidayat,leganapitupulu@example.net,+62 (045) 608 5464,Ternate,2023-05-11,Gold,2025-08-27,,True
2010,P01649,"Jane Prasasta, S.Pt",yprasetya@example.net,(0402) 374 2287,Ternate,2024-02-27,Basic,2024-02-27,,True
2011,P01650,Ulva Mayasari,tarihoransabri@example.net,080 598 8160,Prabumulih,2023-05-29,Basic,2023-05-29,,True
2012,P01651,Rini Wacana,qjanuar@example.com,+62 (002) 105-8380,Depok,2023-02-09,Basic,2023-02-09,,True
2013,P01652,Mila Sitompul,limarpuspasari@example.org,+62 (0347) 497-9756,Padangpanjang,2023-04-02,Basic,2023-04-02,,True
2014,P01653,"drg. Bakijan Sudiati, S.H.",paimanrajasa@example.com,+62-040-154-0159,Medan,2024-11-12,Platinum,2024-11-12,,True
2015,P01654,"Dr. Tina Wibowo, S.E.I",mahesairawan@example.com,(0208) 587-4031,Tegal,2023-03-31,Basic,2023-03-31,,True
2016,P01655,Hamima Budiman,mmelani@example.com,+62 (0248) 027-8076,Pontianak,2024-04-06,Basic,2024-04-06,,True
2017,P01656,"Violet Simbolon, M.TI.",prasetyapertiwi@example.net,+62 (0998) 242-6735,Mojokerto,2024-06-15,Basic,2024-06-15,,True
2018,P01657,"Shakila Irawan, S.E.",oktavianimaryanto@example.net,(053) 529-8203,Kota Administrasi Jakarta Pusat,2023-01-02,Basic,2023-01-02,2025-06-04,False
2019,P01657,"Shakila Irawan, S.E.",oktavianimaryanto@example.net,(053) 529-8203,Kota Administrasi Jakarta Pusat,2023-01-02,Gold,2025-06-04,,True
2020,P01658,Ciaobella Setiawan,indah81@example.com,+62-0242-293-4456,Semarang,2023-12-10,Basic,2023-12-10,,True
2021,P01659,drg. Hartaka Simanjuntak,luis39@example.net,(037) 573-6108,Meulaboh,2023-07-19,Basic,2023-07-19,,True
2022,P01660,Cut Najwa Maulana,halimasuryatmi@example.net,+62 (0199) 853-9301,Kupang,2023-04-23,Basic,2023-04-23,,True
2023,P01661,Hardi Kusmawati,irfan68@example.com,+62 (748) 350-9093,Pekalongan,2024-09-22,Basic,2024-09-22,,True
2024,P01662,Hasna Hassanah,halimedi@example.com,+62 (582) 531 7558,Sawahlunto,2023-07-02,Gold,2023-07-02,,True
2025,P01663,"Rahayu Suwarno, M.Ak",lmahendra@example.org,(088) 693 8392,Tomohon,2023-03-19,Basic,2023-03-19,,True
2026,P01664,Tedi Nainggolan,elaksita@example.com,+62-28-398-8410,Pekalongan,2024-10-27,Basic,2024-10-27,,True
2027,P01665,Balapati Megantara,rprasetya@example.net,+62 (0710) 473 7651,Langsa,2024-07-15,Basic,2024-07-15,,True
2028,P01666,"Clara Namaga, S.IP",cnugroho@example.net,+62 (586) 098 8200,Binjai,2024-08-15,Basic,2024-08-15,,True
2029,P01667,"Aswani Suwarno, M.M.",dwimustofa@example.com,+62 (86) 592 1018,Tegal,2024-05-12,Basic,2024-05-12,,True
2030,P01668,"Natalia Permata, S.Pd",hartowacana@example.org,+62 (063) 780 6577,Cirebon,2023-04-25,Basic,2023-04-25,2025-04-13,False
2031,P01668,"Natalia Permata, S.Pd",hartowacana@example.org,+62 (063) 780 6577,Cirebon,2023-04-25,Gold,2025-04-13,,True
2032,P01669,"Rahmi Padmasari, M.Pd",ysaptono@example.net,+62 (0104) 475-9568,Tangerang Selatan,2023-09-24,Basic,2023-09-24,2025-03-28,False
2033,P01669,"Rahmi Padmasari, M.Pd",ysaptono@example.net,+62 (0104) 475-9568,Tangerang Selatan,2023-09-24,Gold,2025-03-28,,True
2034,P01670,Embuh Siregar,elaksmiwati@example.org,+62 (61) 971-9415,Padang,2023-11-30,Basic,2023-11-30,,True
2035,P01671,"drg. Jarwa Saefullah, S.Kom",jasmin27@example.com,(0275) 026 1756,Tarakan,2024-08-20,Basic,2024-08-20,,True
2036,P01672,"Purwadi Sinaga, S.IP",windasaragih@example.org,+62 (32) 132 5367,Pangkalpinang,2024-07-15,Basic,2024-07-15,2025-08-14,False
2037,P01672,"Purwadi Sinaga, S.IP",windasaragih@example.org,+62 (32) 132 5367,Pangkalpinang,2024-07-15,Gold,2025-08-14,,True
2038,P01673,Cut Cornelia Wasita,pia82@example.com,(036) 183 1155,Yogyakarta,2024-05-15,Basic,2024-05-15,,True
2039,P01674,Rina Hutagalung,uchitasaefullah@example.com,+62 (0333) 934 3655,Pangkalpinang,2023-05-25,Basic,2023-05-25,2025-10-12,False
2040,P01674,Rina Hutagalung,uchitasaefullah@example.com,+62 (0333) 934 3655,Pangkalpinang,2023-05-25,Gold,2025-10-12,,True
2041,P01675,Kacung Usada,permadiomar@example.net,+62-688-606-0052,Probolinggo,2024-02-22,Basic,2024-02-22,,True
2042,P01676,Jarwa Purnawati,gsihombing@example.com,(014) 299 7299,Banjar,2023-08-01,Basic,2023-08-01,2025-07-14,False
2043,P01676,Jarwa Purnawati,gsihombing@example.com,(014) 299 7299,Banjar,2023-08-01,Gold,2025-07-14,,True
2044,P01677,Irnanto Hutapea,nyanasantoso@example.org,(000) 706-9771,Medan,2023-03-30,Basic,2023-03-30,,True
2045,P01678,Marwata Riyanti,kairav76@example.net,+62-96-050-1694,Dumai,2024-01-17,Basic,2024-01-17,,True
2046,P01679,Ajimat Siregar,nugrohoirwan@example.org,+62 (83) 081-9655,Langsa,2023-01-14,Gold,2023-01-14,2025-07-20,False
2047,P01679,Ajimat Siregar,nugrohoirwan@example.org,+62 (83) 081-9655,Langsa,2023-01-14,Platinum,2025-07-20,,True
2048,P01680,Kania Santoso,esihotang@example.net,(0094) 162 0992,Meulaboh,2024-10-15,Basic,2024-10-15,2025-05-29,False
2049,P01680,Kania Santoso,esihotang@example.net,(0094) 162 0992,Meulaboh,2024-10-15,Gold,2025-05-29,,True
2050,P01681,Dartono Pertiwi,mansurmakara@example.com,+62-012-318-9393,Singkawang,2023-08-05,Gold,2023-08-05,,True
2051,P01682,Wulan Hariyah,wijayantidarsirah@example.com,(0320) 914 0947,Sungai Penuh,2023-01-26,Basic,2023-01-26,2025-10-13,False
2052,P01682,Wulan Hariyah,wijayantidarsirah@example.com,(0320) 914 0947,Sungai Penuh,2023-01-26,Gold,2025-10-13,,True
2053,P01683,"H. Martaka Ardianto, S.T.",prima66@example.net,+62-004-770-6752,Banda Aceh,2023-02-04,Basic,2023-02-04,,True
2054,P01684,"Eko Kusmawati, S.I.Kom",dabukkegalih@example.org,(058) 244-1103,Madiun,2023-10-16,Basic,2023-10-16,,True
2055,P01685,"Zulaikha Laksita, M.TI.",mulya92@example.com,+62 (90) 263 3715,Cirebon,2024-03-17,Platinum,2024-03-17,,True
2056,P01686,"H. Irnanto Wibowo, S.Sos",natsirmuni@example.net,(0801) 773 4278,Tanjungbalai,2024-02-16,Basic,2024-02-16,,True
2057,P01687,Hj. Rahmi Winarno,handayaniwulan@example.org,0848133828,Palopo,2024-02-23,Basic,2024-02-23,2025-07-26,False
2058,P01687,Hj. Rahmi Winarno,handayaniwulan@example.org,0848133828,Palopo,2024-02-23,Gold,2025-07-26,,True
2059,P01688,"drg. Rafid Wacana, S.Sos",winarnoluhung@example.net,+62 (069) 326 9603,Banda Aceh,2023-08-04,Basic,2023-08-04,,True
2060,P01689,"Yahya Uwais, S.Gz",ganepiswahyudi@example.com,+62 (0857) 448 8258,Cilegon,2023-10-23,Basic,2023-10-23,,True
2061,P01690,Radit Suartini,ibun77@example.net,(0334) 927 7031,Salatiga,2024-07-23,Basic,2024-07-23,,True
2062,P01691,Bakiman Pudjiastuti,asirwada82@example.org,(007) 930-0769,Ambon,2024-12-01,Basic,2024-12-01,2025-03-03,False
2063,P01691,Bakiman Pudjiastuti,asirwada82@example.org,(007) 930-0769,Ambon,2024-12-01,Gold,2025-03-03,,True
2064,P01692,"R. Jabal Farida, S.Farm",wsuryono@example.org,+62 (75) 689 4532,Bekasi,2024-05-26,Basic,2024-05-26,,True
2065,P01693,Ibun Utami,pkuswandari@example.com,+62 (63) 284 2998,Tual,2023-07-07,Basic,2023-07-07,,True
2066,P01694,Empluk Laksmiwati,wsamosir@example.net,+62 (022) 748-4177,Balikpapan,2023-12-06,Gold,2023-12-06,,True
2067,P01695,Cut Wirda Rahmawati,nashiruddincager@example.com,(012) 318-6134,Surabaya,2023-12-30,Basic,2023-12-30,,True
2068,P01696,"Teguh Mardhiyah, S.I.Kom",jaemanhidayat@example.com,+62 (0049) 500-8039,Bitung,2023-09-17,Basic,2023-09-17,,True
2069,P01697,Alambana Uwais,eprasasta@example.com,(078) 743-2041,Kota Administrasi Jakarta Barat,2023-10-05,Basic,2023-10-05,,True
2070,P01698,drg. Oman Puspasari,agustinalaras@example.net,+62 (053) 780 4800,Banjarbaru,2023-01-06,Basic,2023-01-06,,True
2071,P01699,Edison Safitri,dalimanzulaika@example.org,+62 (78) 796-3003,Pariaman,2024-01-12,Basic,2024-01-12,2025-04-25,False
2072,P01699,Edison Safitri,dalimanzulaika@example.org,+62 (78) 796-3003,Pariaman,2024-01-12,Gold,2025-04-25,,True
2073,P01700,"Prabawa Budiyanto, S.Pd",praboworaditya@example.com,+62 (794) 859-8236,Payakumbuh,2023-04-12,Gold,2023-04-12,2025-10-04,False
2074,P01700,"Prabawa Budiyanto, S.Pd",praboworaditya@example.com,+62 (794) 859-8236,Payakumbuh,2023-04-12,Platinum,2025-10-04,,True
2075,P01701,Latika Napitupulu,kadirhardiansyah@example.net,+62 (0667) 020-7627,Tarakan,2023-07-15,Basic,2023-07-15,,True
2076,P01702,Martaka Ardianto,darmanamegantara@example.org,+62 (006) 144 9913,Padang,2024-08-07,Basic,2024-08-07,,True
2077,P01703,Warji Hutasoit,firmansyahkala@example.com,+62-0509-961-4669,Singkawang,2023-11-05,Basic,2023-11-05,2025-08-21,False
2078,P01703,Warji Hutasoit,firmansyahkala@example.com,+62-0509-961-4669,Singkawang,2023-11-05,Gold,2025-08-21,,True
2079,P01704,Diana Waluyo,sihotangperkasa@example.net,+62-076-882-8799,Tanjungpinang,2023-04-19,Basic,2023-04-19,2025-03-06,False
2080,P01704,Diana Waluyo,sihotangperkasa@example.net,+62-076-882-8799,Tanjungpinang,2023-04-19,Gold,2025-03-06,,True
2081,P01705,"Nasab Zulaika, S.Farm",ppurnawati@example.net,+62 (0072) 560-5927,Palembang,2024-09-19,Gold,2024-09-19,,True
2082,P01706,Tgk. Teguh Anggriawan,thamrinheryanto@example.com,+62-76-791-8642,Solok,2023-04-05,Basic,2023-04-05,,True
2083,P01707,"Calista Marbun, M.M.",cahyadiputra@example.org,(0141) 996 9514,Kota Administrasi Jakarta Utara,2023-01-27,Basic,2023-01-27,,True
2084,P01708,Kuncara Yolanda,wlaksita@example.org,+62 (84) 311 1504,Semarang,2023-05-20,Gold,2023-05-20,,True
2085,P01709,R.A. Zizi Permadi,yuniarmarsudi@example.com,+62 (102) 683-1246,Lhokseumawe,2023-11-13,Basic,2023-11-13,,True
2086,P01710,Digdaya Mangunsong,rsihombing@example.com,+62-41-977-7774,Padang Sidempuan,2024-07-31,Basic,2024-07-31,,True
2087,P01711,Aslijan Rajasa,zalindrapratiwi@example.net,+62-508-293-9227,Sabang,2024-09-22,Basic,2024-09-22,,True
2088,P01712,Pangeran Mahendra,gsuryono@example.net,+62 (54) 592 4850,Cirebon,2023-03-12,Gold,2023-03-12,,True
2089,P01713,"Drs. Daliono Nugroho, S.Gz",samiahuyainah@example.net,+62-046-045-8103,Gorontalo,2023-11-03,Gold,2023-11-03,2025-06-01,False
2090,P01713,"Drs. Daliono Nugroho, S.Gz",samiahuyainah@example.net,+62-046-045-8103,Gorontalo,2023-11-03,Platinum,2025-06-01,,True
2091,P01714,"dr. Lala Rahimah, S.Gz",garda21@example.org,+62 (080) 682 1995,Prabumulih,2023-02-26,Basic,2023-02-26,2025-06-04,False
2092,P01714,"dr. Lala Rahimah, S.Gz",garda21@example.org,+62 (080) 682 1995,Prabumulih,2023-02-26,Gold,2025-06-04,,True
2093,P01715,H. Wawan Natsir,taswir24@example.org,+62-049-459-3267,Tomohon,2024-08-07,Gold,2024-08-07,,True
2094,P01716,"Juli Natsir, S.H.",oskarprasetyo@example.net,+62 (0031) 002-1569,Dumai,2023-10-18,Gold,2023-10-18,2025-08-31,False
2095,P01716,"Juli Natsir, S.H.",oskarprasetyo@example.net,+62 (0031) 002-1569,Dumai,2023-10-18,Platinum,2025-08-31,,True
2096,P01717,Calista Lestari,pratiwipangestu@example.org,+62 (574) 489 0469,Sukabumi,2023-09-13,Basic,2023-09-13,,True
2097,P01718,"Nardi Hassanah, S.H.",bmelani@example.org,+62 (60) 408-3685,Gorontalo,2024-04-08,Platinum,2024-04-08,,True
2098,P01719,"dr. Sidiq Nasyidah, S.I.Kom",wartawidodo@example.org,+62-52-400-0214,Kota Administrasi Jakarta Pusat,2024-11-12,Basic,2024-11-12,,True
2099,P01720,"Puti Ciaobella Mandasari, S.Gz",oktavianimala@example.org,0843229650,Sawahlunto,2023-08-08,Basic,2023-08-08,2025-08-25,False
2100,P01720,"Puti Ciaobella Mandasari, S.Gz",oktavianimala@example.org,0843229650,Sawahlunto,2023-08-08,Gold,2025-08-25,,True
2101,P01721,Sutan Parman Usamah,gambirawulandari@example.org,+62-034-707-9579,Sukabumi,2023-08-21,Basic,2023-08-21,,True
2102,P01722,"Labuh Budiyanto, S.IP",llatupono@example.net,+62-016-415-8057,Banda Aceh,2024-08-23,Basic,2024-08-23,2025-10-02,False
2103,P01722,"Labuh Budiyanto, S.IP",llatupono@example.net,+62-016-415-8057,Banda Aceh,2024-08-23,Gold,2025-10-02,,True
2104,P01723,Rahmi Halim,dewibudiyanto@example.com,+62-0338-069-3934,Binjai,2023-01-28,Basic,2023-01-28,,True
2105,P01724,Nardi Maheswara,laksitasatya@example.net,+62-0491-316-4602,Banjarmasin,2023-12-25,Basic,2023-12-25,2025-07-26,False
2106,P01724,Nardi Maheswara,laksitasatya@example.net,+62-0491-316-4602,Banjarmasin,2023-12-25,Gold,2025-07-26,,True
2107,P01725,Gilda Handayani,opungwidiastuti@example.net,0869455686,Tangerang,2024-09-16,Platinum,2024-09-16,,True
2108,P01726,Farhunnisa Mangunsong,janesimanjuntak@example.com,+62 (72) 114-3499,Bima,2023-01-15,Basic,2023-01-15,2025-03-19,False
2109,P01726,Farhunnisa Mangunsong,janesimanjuntak@example.com,+62 (72) 114-3499,Bima,2023-01-15,Gold,2025-03-19,,True
2110,P01727,Jane Wibowo,maheswarabahuwirya@example.com,+62-69-949-1891,Sukabumi,2024-05-22,Basic,2024-05-22,,True
2111,P01728,"Lalita Winarno, S.H.",ksimbolon@example.com,+62-0302-058-1994,Tanjungpinang,2024-09-14,Basic,2024-09-14,,True
2112,P01729,Kunthara Lailasari,pradanakala@example.net,+62 (0291) 046 8606,Pasuruan,2024-02-13,Gold,2024-02-13,,True
2113,P01730,Ir. Dagel Sirait,gaiman51@example.com,+62 (0384) 256 0207,Blitar,2024-01-29,Gold,2024-01-29,,True
2114,P01731,Drs. Gabriella Prayoga,akarsana01@example.net,+62 (91) 223 0460,Banda Aceh,2023-08-29,Basic,2023-08-29,,True
2115,P01732,Titi Hutagalung,dmustofa@example.com,+62 (41) 950 4256,Malang,2023-02-01,Platinum,2023-02-01,,True
2116,P01733,Rachel Mulyani,titin07@example.net,+62-457-500-3095,Malang,2024-02-23,Basic,2024-02-23,,True
2117,P01734,Salimah Tampubolon,vega50@example.com,+62 (0010) 255 1823,Tangerang,2024-03-18,Gold,2024-03-18,,True
2118,P01735,Maras Pangestu,usamahcakrawala@example.net,+62 (020) 876 4638,Sungai Penuh,2023-05-14,Basic,2023-05-14,2025-06-27,False
2119,P01735,Maras Pangestu,usamahcakrawala@example.net,+62 (020) 876 4638,Sungai Penuh,2023-05-14,Gold,2025-06-27,,True
2120,P01736,Karimah Siregar,mangunsongbalangga@example.com,0814765280,Denpasar,2024-11-09,Basic,2024-11-09,2025-04-16,False
2121,P01736,Karimah Siregar,mangunsongbalangga@example.com,0814765280,Denpasar,2024-11-09,Gold,2025-04-16,,True
2122,P01737,"Empluk Halimah, S.Pd",ckusumo@example.org,+62 (0062) 874 1624,Payakumbuh,2023-02-19,Basic,2023-02-19,,True
2123,P01738,Laswi Saptono,rthamrin@example.org,(0737) 507 3625,Pematangsiantar,2023-10-06,Gold,2023-10-06,,True
2124,P01739,Dr. Patricia Winarsih,zanggraini@example.com,(0674) 675-7632,Kota Administrasi Jakarta Utara,2023-01-17,Basic,2023-01-17,2025-09-18,False
2125,P01739,Dr. Patricia Winarsih,zanggraini@example.com,(0674) 675-7632,Kota Administrasi Jakarta Utara,2023-01-17,Gold,2025-09-18,,True
2126,P01740,Yoga Maheswara,cintasinaga@example.net,0813868968,Lubuklinggau,2023-12-11,Basic,2023-12-11,,True
2127,P01741,Dr. Wani Lestari,kenziesafitri@example.org,+62-60-538-6043,Subulussalam,2023-01-27,Gold,2023-01-27,2025-09-09,False
2128,P01741,Dr. Wani Lestari,kenziesafitri@example.org,+62-60-538-6043,Subulussalam,2023-01-27,Platinum,2025-09-09,,True
2129,P01742,Farhunnisa Wastuti,bwacana@example.org,+62 (037) 045-2941,Bima,2023-11-07,Basic,2023-11-07,,True
2130,P01743,Yance Winarsih,amisaefullah@example.org,+62 (070) 457 0556,Sungai Penuh,2023-07-24,Basic,2023-07-24,,True
2131,P01744,Tania Suwarno,mariasimanjuntak@example.com,+62-0489-699-2625,Dumai,2023-08-09,Gold,2023-08-09,,True
2132,P01745,Jumadi Januar,rusman69@example.com,+62 (33) 298-7899,Samarinda,2024-01-31,Gold,2024-01-31,2025-07-05,False
2133,P01745,Jumadi Januar,rusman69@example.com,+62 (33) 298-7899,Samarinda,2024-01-31,Platinum,2025-07-05,,True
2134,P01746,Yulia Novitasari,xfirgantoro@example.org,+62 (0984) 117 3421,Bengkulu,2024-07-24,Gold,2024-07-24,,True
2135,P01747,Anom Kusumo,satya06@example.net,+62 (043) 620-7262,Tebingtinggi,2023-08-10,Basic,2023-08-10,2025-05-29,False
2136,P01747,Anom Kusumo,satya06@example.net,+62 (043) 620-7262,Tebingtinggi,2023-08-10,Gold,2025-05-29,,True
2137,P01748,"Drs. Kartika Utama, S.Pd",hastutiasmadi@example.org,+62-788-957-5024,Mojokerto,2023-02-01,Platinum,2023-02-01,,True
2138,P01749,Devi Pranowo,ofirmansyah@example.net,+62 (0590) 021 9726,Cimahi,2024-04-02,Basic,2024-04-02,,True
2139,P01750,"Janet Nababan, S.E.",haryantikarna@example.net,(069) 364 5672,Sukabumi,2024-08-28,Basic,2024-08-28,,True
2140,P01751,Viman Mayasari,asirwanda23@example.org,+62 (262) 021 6914,Balikpapan,2024-09-06,Basic,2024-09-06,2025-08-05,False
2141,P01751,Viman Mayasari,asirwanda23@example.org,+62 (262) 021 6914,Balikpapan,2024-09-06,Gold,2025-08-05,,True
2142,P01752,"Gara Suartini, S.I.Kom",bakijanmelani@example.com,+62 (897) 503 2565,Sabang,2023-12-20,Basic,2023-12-20,,True
2143,P01753,"Puti Lili Melani, S.E.",aisyah47@example.org,084 103 9446,Sibolga,2024-10-21,Basic,2024-10-21,,True
2144,P01754,Cahyo Hastuti,mulyanto53@example.com,+62 (0545) 991-2119,Mataram,2023-11-03,Basic,2023-11-03,,True
2145,P01755,Jelita Padmasari,tirta91@example.org,+62 (87) 484 3695,Ternate,2023-03-23,Platinum,2023-03-23,,True
2146,P01756,"Vanesa Utami, M.TI.",caraka13@example.com,+62-093-999-1155,Kediri,2024-05-07,Basic,2024-05-07,,True
2147,P01757,Tiara Prasetya,nprasetyo@example.org,+62 (153) 843-2278,Salatiga,2023-08-27,Basic,2023-08-27,,True
2148,P01758,Adinata Maryati,usyiyulianti@example.net,+62-0642-568-7331,Banjar,2023-02-07,Basic,2023-02-07,,True
2149,P01759,Arta Tamba,suryatmicaraka@example.net,+62-73-657-1396,Binjai,2023-02-11,Basic,2023-02-11,,True
2150,P01760,Juli Pradipta,cayadisetiawan@example.org,(019) 632-5351,Padang,2024-08-12,Basic,2024-08-12,,True
2151,P01761,dr. Cakrabuana Utami,viktor27@example.net,+62 (52) 031-1080,Pontianak,2024-07-24,Gold,2024-07-24,2025-09-13,False
2152,P01761,dr. Cakrabuana Utami,viktor27@example.net,+62 (52) 031-1080,Pontianak,2024-07-24,Platinum,2025-09-13,,True
2153,P01762,"Sutan Cemplunk Laksmiwati, M.Farm",tsuryono@example.net,+62 (058) 029 9897,Madiun,2023-09-26,Basic,2023-09-26,,True
2154,P01763,"Bagiya Sihombing, S.Gz",esinaga@example.org,+62 (050) 007 4529,Bau-Bau,2024-03-23,Basic,2024-03-23,2025-03-04,False
2155,P01763,"Bagiya Sihombing, S.Gz",esinaga@example.org,+62 (050) 007 4529,Bau-Bau,2024-03-23,Gold,2025-03-04,,True
2156,P01764,KH. Balidin Winarno,cagak96@example.org,+62-078-204-5712,Payakumbuh,2024-05-07,Basic,2024-05-07,,True
2157,P01765,"Bala Thamrin, S.Gz",gamaniprakasa@example.net,+62 (45) 629-8569,Palopo,2024-03-12,Platinum,2024-03-12,,True
2158,P01766,"Sutan Luluh Widiastuti, S.Gz",winarsihvanya@example.org,+62-0279-457-3999,Banjarmasin,2024-08-18,Basic,2024-08-18,,True
2159,P01767,"Prima Anggriawan, S.Ked",perkasa42@example.net,+62-0293-108-0390,Purwokerto,2023-06-28,Basic,2023-06-28,,True
2160,P01768,Gina Pertiwi,raihan88@example.net,085 950 4927,Tangerang Selatan,2023-11-19,Basic,2023-11-19,,True
2161,P01769,Dina Purnawati,gilda93@example.net,+62-095-722-4662,Probolinggo,2024-01-09,Basic,2024-01-09,,True
2162,P01770,"Vanesa Prabowo, M.Pd",fmegantara@example.net,+62 (0392) 399-4384,Cilegon,2024-01-31,Basic,2024-01-31,2025-06-06,False
2163,P01770,"Vanesa Prabowo, M.Pd",fmegantara@example.net,+62 (0392) 399-4384,Cilegon,2024-01-31,Gold,2025-06-06,,True
2164,P01771,Alika Hutapea,dabukkemaimunah@example.net,(0045) 195 6323,Tebingtinggi,2024-09-21,Gold,2024-09-21,,True
2165,P01772,Legawa Waskita,talia87@example.net,+62-48-141-7342,Tegal,2023-03-12,Basic,2023-03-12,,True
2166,P01773,Rahmi Maulana,raisa42@example.com,+62 (0323) 282-4358,Yogyakarta,2023-05-06,Basic,2023-05-06,2025-04-28,False
2167,P01773,Rahmi Maulana,raisa42@example.com,+62 (0323) 282-4358,Yogyakarta,2023-05-06,Gold,2025-04-28,,True
2168,P01774,Citra Dabukke,ilsasimbolon@example.net,0898330506,Tangerang Selatan,2023-09-19,Basic,2023-09-19,2025-10-16,False
2169,P01774,Citra Dabukke,ilsasimbolon@example.net,0898330506,Tangerang Selatan,2023-09-19,Gold,2025-10-16,,True
2170,P01775,Mustika Haryanto,pangestulantar@example.net,+62 (0901) 125 6404,Makassar,2024-03-30,Gold,2024-03-30,,True
2171,P01776,Jayadi Irawan,bambang73@example.com,+62 (24) 661-4435,Tual,2023-07-21,Basic,2023-07-21,,True
2172,P01777,"R.M. Jefri Hutapea, S.Kom",saadat60@example.org,0860190368,Sibolga,2023-08-15,Basic,2023-08-15,,True
2173,P01778,"Estiono Sudiati, S.E.I",ynurdiyanti@example.com,083 475 7952,Dumai,2023-10-18,Gold,2023-10-18,,True
2174,P01779,Amelia Anggriawan,permadiumaya@example.com,+62-0139-684-4648,Kupang,2023-05-07,Gold,2023-05-07,,True
2175,P01780,Prasetya Rahmawati,oktavianijarwa@example.com,089 048 5523,Medan,2024-06-11,Basic,2024-06-11,,True
2176,P01781,drg. Cinthia Siregar,ttampubolon@example.com,083 918 8577,Tegal,2024-09-28,Basic,2024-09-28,,True
2177,P01782,"Wardi Agustina, S.E.I",padmifirgantoro@example.net,+62 (44) 265-0719,Mojokerto,2024-03-03,Basic,2024-03-03,,True
2178,P01783,Satya Hastuti,byulianti@example.net,+62 (0849) 332 0163,Mojokerto,2024-05-08,Basic,2024-05-08,2025-07-01,False
2179,P01783,Satya Hastuti,byulianti@example.net,+62 (0849) 332 0163,Mojokerto,2024-05-08,Gold,2025-07-01,,True
2180,P01784,Ayu Yuniar,wagedabukke@example.com,+62 (002) 070-4594,Tangerang,2024-12-02,Gold,2024-12-02,2025-05-31,False
2181,P01784,Ayu Yuniar,wagedabukke@example.com,+62 (002) 070-4594,Tangerang,2024-12-02,Platinum,2025-05-31,,True
2182,P01785,Ika Megantara,radikasantoso@example.com,(0439) 241-1940,Tidore Kepulauan,2024-08-08,Basic,2024-08-08,,True
2183,P01786,Rina Gunawan,heru97@example.org,+62 (0152) 694-4977,Cilegon,2024-03-06,Basic,2024-03-06,,True
2184,P01787,"Ade Wacana, S.Pt",utamiatma@example.org,+62 (018) 416 8373,Salatiga,2024-02-05,Basic,2024-02-05,2025-08-15,False
2185,P01787,"Ade Wacana, S.Pt",utamiatma@example.org,+62 (018) 416 8373,Salatiga,2024-02-05,Gold,2025-08-15,,True
2186,P01788,Umaya Halim,puspasaricahyono@example.org,(0033) 305-6269,Padang,2023-04-09,Basic,2023-04-09,,True
2187,P01789,Dr. Keisha Hakim,onashiruddin@example.com,+62 (11) 606-9067,Singkawang,2023-01-07,Basic,2023-01-07,,True
2188,P01790,Adika Samosir,gadangbudiyanto@example.org,(0960) 943-4813,Probolinggo,2024-08-25,Basic,2024-08-25,,True
2189,P01791,Karta Suartini,hasansalahudin@example.org,+62 (68) 986 5640,Madiun,2023-08-02,Basic,2023-08-02,,True
2190,P01792,Juli Mahendra,jabalsimbolon@example.org,+62 (091) 217-6257,Blitar,2023-10-20,Basic,2023-10-20,,True
2191,P01793,Dariati Yolanda,dacin16@example.org,(0459) 731-8593,Banjarmasin,2024-08-01,Gold,2024-08-01,,True
2192,P01794,Ade Wacana,tpadmasari@example.com,+62-27-208-1434,Metro,2023-10-15,Basic,2023-10-15,,True
2193,P01795,Zulaikha Rahimah,bakianto83@example.org,+62 (006) 943 5730,Singkawang,2023-05-02,Basic,2023-05-02,2025-07-25,False
2194,P01795,Zulaikha Rahimah,bakianto83@example.org,+62 (006) 943 5730,Singkawang,2023-05-02,Gold,2025-07-25,,True
2195,P01796,Dr. Jayeng Simanjuntak,kasiranwibowo@example.org,0842009288,Ambon,2024-08-29,Basic,2024-08-29,2025-04-18,False
2196,P01796,Dr. Jayeng Simanjuntak,kasiranwibowo@example.org,0842009288,Ambon,2024-08-29,Gold,2025-04-18,,True
2197,P01797,dr. Sabrina Tamba,widodojoko@example.org,+62 (902) 634 9615,Mataram,2023-07-27,Basic,2023-07-27,,True
2198,P01798,Rahmi Latupono,suryatmikairav@example.com,(0227) 821 9331,Madiun,2023-04-19,Basic,2023-04-19,,True
2199,P01799,Pranawa Waskita,cmaheswara@example.net,+62-072-123-2971,Surakarta,2023-05-25,Basic,2023-05-25,,True
2200,P01800,Siska Nababan,yolandawarsita@example.org,+62-66-606-3305,Banjarbaru,2023-09-02,Basic,2023-09-02,,True
2201,P01801,Luwes Mayasari,vmayasari@example.com,(0890) 166-5325,Makassar,2023-10-30,Gold,2023-10-30,,True
2202,P01802,Ir. Asmuni Waskita,rendy42@example.org,+62 (457) 364-0517,Banda Aceh,2023-05-24,Gold,2023-05-24,2025-05-22,False
2203,P01802,Ir. Asmuni Waskita,rendy42@example.org,+62 (457) 364-0517,Banda Aceh,2023-05-24,Platinum,2025-05-22,,True
2204,P01803,Jamalia Namaga,thamrinperkasa@example.net,+62 (447) 296-6258,Kediri,2023-08-09,Basic,2023-08-09,,True
2205,P01804,"R. Ibun Samosir, S.Farm",biswahyudi@example.org,+62-055-530-1026,Tarakan,2024-07-11,Basic,2024-07-11,,True
2206,P01805,Unggul Yulianti,ibun56@example.net,(0850) 633-7208,Pekanbaru,2023-07-22,Basic,2023-07-22,,True
2207,P01806,"KH. Legawa Setiawan, S.Pd",lnasyiah@example.net,(077) 835 4729,Madiun,2023-10-08,Gold,2023-10-08,,True
2208,P01807,Hj. Zulfa Hastuti,ifa35@example.net,(0176) 067 2348,Pekanbaru,2023-03-25,Gold,2023-03-25,,True
2209,P01808,Lutfan Maryati,umulyani@example.com,(0276) 992 7055,Kota Administrasi Jakarta Pusat,2024-07-08,Basic,2024-07-08,,True
2210,P01809,Hj. Lala Kuswoyo,jjailani@example.net,0867179205,Metro,2024-11-21,Basic,2024-11-21,,True
2211,P01810,T. Kunthara Hartati,winarnomuni@example.net,+62 (57) 908 2665,Cirebon,2023-05-05,Basic,2023-05-05,,True
2212,P01811,Ir. Wardaya Widodo,waluyoanastasia@example.org,(034) 457-1944,Bitung,2023-11-29,Basic,2023-11-29,2025-07-29,False
2213,P01811,Ir. Wardaya Widodo,waluyoanastasia@example.org,(034) 457-1944,Bitung,2023-11-29,Gold,2025-07-29,,True
2214,P01812,R.M. Gading Widodo,lpradana@example.org,(067) 506 2135,Salatiga,2023-12-01,Basic,2023-12-01,,True
2215,P01813,Wani Sinaga,farah58@example.net,+62-0664-393-2390,Meulaboh,2024-04-07,Gold,2024-04-07,2025-04-02,False
2216,P01813,Wani Sinaga,farah58@example.net,+62-0664-393-2390,Meulaboh,2024-04-07,Platinum,2025-04-02,,True
2217,P01814,Gangsa Sudiati,nadine88@example.com,+62-88-219-0897,Palangkaraya,2024-04-22,Basic,2024-04-22,,True
2218,P01815,Queen Sitorus,kairavkurniawan@example.net,(056) 451-9074,Surakarta,2023-02-14,Basic,2023-02-14,2025-10-20,False
2219,P01815,Queen Sitorus,kairavkurniawan@example.net,(056) 451-9074,Surakarta,2023-02-14,Gold,2025-10-20,,True
2220,P01816,Oliva Suryatmi,darmanto32@example.net,+62-942-990-9535,Samarinda,2023-03-30,Gold,2023-03-30,,True
2221,P01817,Talia Kurniawan,rahmanprabowo@example.com,+62 (096) 779-7714,Kota Administrasi Jakarta Barat,2024-08-27,Gold,2024-08-27,,True
2222,P01818,"Cayadi Hariyah, S.Ked",vanesakuswandari@example.org,+62-300-718-8657,Palembang,2024-08-29,Basic,2024-08-29,2025-06-23,False
2223,P01818,"Cayadi Hariyah, S.Ked",vanesakuswandari@example.org,+62-300-718-8657,Palembang,2024-08-29,Gold,2025-06-23,,True
2224,P01819,Nadine Mansur,maheswarawasis@example.org,+62-0322-428-8502,Bekasi,2023-09-04,Basic,2023-09-04,,True
2225,P01820,"Elvin Usada, S.IP",xanana53@example.org,+62-04-851-1705,Ternate,2023-11-13,Basic,2023-11-13,2025-09-09,False
2226,P01820,"Elvin Usada, S.IP",xanana53@example.org,+62-04-851-1705,Ternate,2023-11-13,Gold,2025-09-09,,True
2227,P01821,"Dr. Xanana Kurniawan, S.Sos",tasdik97@example.com,+62 (0417) 538 2383,Samarinda,2024-07-23,Basic,2024-07-23,,True
2228,P01822,Tgk. Hairyanto Napitupulu,aryanipadma@example.com,+62 (19) 527 6731,Bogor,2023-08-06,Basic,2023-08-06,2025-07-20,False
2229,P01822,Tgk. Hairyanto Napitupulu,aryanipadma@example.com,+62 (19) 527 6731,Bogor,2023-08-06,Gold,2025-07-20,,True
2230,P01823,Vanesa Hassanah,lestaridanu@example.com,+62 (0850) 969 6585,Bukittinggi,2023-01-11,Basic,2023-01-11,,True
2231,P01824,Nadine Ramadan,juliuyainah@example.net,+62 (023) 109-7973,Bontang,2024-03-06,Basic,2024-03-06,2025-06-19,False
2232,P01824,Nadine Ramadan,juliuyainah@example.net,+62 (023) 109-7973,Bontang,2024-03-06,Gold,2025-06-19,,True
2233,P01825,Rachel Wahyuni,vwidodo@example.org,(030) 857-2633,Kediri,2023-02-13,Basic,2023-02-13,,True
2234,P01826,Widya Aryani,handayaniparman@example.com,+62-057-517-0458,Sorong,2024-05-28,Basic,2024-05-28,,True
2235,P01827,"Drs. Ella Wibisono, S.H.",diah29@example.net,(044) 814 6301,Kota Administrasi Jakarta Barat,2024-06-10,Gold,2024-06-10,2025-03-31,False
2236,P01827,"Drs. Ella Wibisono, S.H.",diah29@example.net,(044) 814 6301,Kota Administrasi Jakarta Barat,2024-06-10,Platinum,2025-03-31,,True
2237,P01828,Qori Halimah,irwangunawan@example.org,0813772294,Lubuklinggau,2024-09-26,Basic,2024-09-26,,True
2238,P01829,Gaman Mustofa,mustofaadhiarja@example.org,(014) 666 2960,Salatiga,2023-02-16,Gold,2023-02-16,,True
2239,P01830,Sakura Waskita,garan30@example.org,088 834 7761,Tanjungbalai,2023-04-04,Basic,2023-04-04,2025-04-19,False
2240,P01830,Sakura Waskita,garan30@example.org,088 834 7761,Tanjungbalai,2023-04-04,Gold,2025-04-19,,True
2241,P01831,Prayogo Laksmiwati,uchitapratama@example.net,(0018) 231-1739,Singkawang,2023-09-13,Basic,2023-09-13,,True
2242,P01832,Janet Novitasari,ade06@example.net,+62 (607) 473 5030,Cimahi,2023-05-31,Basic,2023-05-31,2025-04-19,False
2243,P01832,Janet Novitasari,ade06@example.net,+62 (607) 473 5030,Cimahi,2023-05-31,Gold,2025-04-19,,True
2244,P01833,Raihan Pertiwi,sucipermata@example.net,+62 (366) 859-8042,Sungai Penuh,2024-07-10,Basic,2024-07-10,,True
2245,P01834,Rina Rahmawati,ggunarto@example.com,+62-82-743-1360,Serang,2023-03-17,Gold,2023-03-17,,True
2246,P01835,Hj. Vanya Zulkarnain,narjipurwanti@example.org,+62 (219) 841-6297,Tangerang,2023-10-25,Basic,2023-10-25,,True
2247,P01836,"Sabrina Halim, S.H.",hpranowo@example.net,+62 (032) 164 5281,Subulussalam,2023-07-08,Basic,2023-07-08,,True
2248,P01837,Sutan Kunthara Nuraini,septisiregar@example.org,+62 (0326) 303-3507,Batu,2024-05-15,Basic,2024-05-15,,True
2249,P01838,Aurora Tarihoran,budimanibrani@example.net,+62 (0652) 452-0873,Ambon,2023-03-01,Gold,2023-03-01,,True
2250,P01839,Hadi Hartati,samiah97@example.net,+62-157-352-0263,Palangkaraya,2024-08-01,Basic,2024-08-01,,True
2251,P01840,Elvina Lailasari,namagasadina@example.net,+62-589-790-4015,Bontang,2023-09-15,Basic,2023-09-15,,True
2252,P01841,"R.A. Laras Suryono, S.Pd",sihombingganda@example.com,+62-014-467-8686,Tanjungbalai,2024-03-29,Basic,2024-03-29,2025-04-10,False
2253,P01841,"R.A. Laras Suryono, S.Pd",sihombingganda@example.com,+62-014-467-8686,Tanjungbalai,2024-03-29,Gold,2025-04-10,,True
2254,P01842,drg. Wani Saragih,vhakim@example.org,+62 (942) 546 4793,Manado,2023-08-27,Basic,2023-08-27,,True
2255,P01843,"Drs. Laila Hidayanto, S.E.",gina94@example.net,+62 (038) 482-8061,Langsa,2024-08-03,Basic,2024-08-03,,True
2256,P01844,Anastasia Nababan,saefullahghaliyati@example.net,+62 (0408) 541 4703,Pasuruan,2023-11-22,Basic,2023-11-22,,True
2257,P01845,Cindy Padmasari,safitriwakiman@example.net,(054) 398-9487,Solok,2024-10-26,Basic,2024-10-26,,True
2258,P01846,Paulin Natsir,dwi86@example.com,0826214323,Dumai,2024-04-18,Basic,2024-04-18,,True
2259,P01847,"Gilda Tampubolon, S.T.",putrisiregar@example.org,+62 (0010) 778-1730,Kotamobagu,2023-03-07,Basic,2023-03-07,,True
2260,P01848,Unjani Pratiwi,akurniawan@example.com,+62-602-899-8971,Banjarbaru,2023-12-23,Basic,2023-12-23,,True
2261,P01849,Ir. Kezia Hardiansyah,gunartocahya@example.com,+62-0987-839-8892,Ternate,2023-05-21,Basic,2023-05-21,,True
2262,P01850,Fitriani Pertiwi,tprakasa@example.net,+62 (10) 492 4390,Padangpanjang,2023-08-15,Basic,2023-08-15,,True
2263,P01851,drg. Restu Yuliarti,ana99@example.org,081 657 3683,Depok,2023-06-09,Basic,2023-06-09,,True
2264,P01852,Jumari Farida,rangga33@example.net,+62-0542-867-2766,Kotamobagu,2023-05-18,Gold,2023-05-18,,True
2265,P01853,Yusuf Hutasoit,okta65@example.org,+62 (315) 202-8635,Kotamobagu,2023-07-09,Gold,2023-07-09,,True
2266,P01854,"H. Nasrullah Nainggolan, S.H.",jnurdiyanti@example.net,(004) 724 9219,Prabumulih,2024-04-27,Basic,2024-04-27,,True
2267,P01855,Ellis Saragih,mursita12@example.com,+62 (053) 822-5869,Ambon,2024-01-12,Gold,2024-01-12,,True
2268,P01856,R. Shakila Halim,purwadi85@example.org,+62 (098) 381-9452,Banjarmasin,2024-04-17,Gold,2024-04-17,2025-05-10,False
2269,P01856,R. Shakila Halim,purwadi85@example.org,+62 (098) 381-9452,Banjarmasin,2024-04-17,Platinum,2025-05-10,,True
2270,P01857,"KH. Panca Hartati, S.I.Kom",sihotangulva@example.net,0883411571,Sabang,2023-04-07,Basic,2023-04-07,,True
2271,P01858,R. Pia Anggriawan,hariyahelisa@example.net,(012) 509-0768,Kota Administrasi Jakarta Timur,2024-01-03,Basic,2024-01-03,,True
2272,P01859,"Olivia Purnawati, S.Gz",rahimahjagaraga@example.com,+62-609-702-3854,Blitar,2023-09-02,Basic,2023-09-02,,True
2273,P01860,Puji Utami,cpranowo@example.com,(0479) 795 8521,Kota Administrasi Jakarta Barat,2024-09-12,Basic,2024-09-12,,True
2274,P01861,"Sadina Samosir, S.I.Kom",manullanghamzah@example.com,(0143) 382 6602,Jayapura,2024-04-12,Basic,2024-04-12,,True
2275,P01862,Qori Mahendra,ulva33@example.com,083 568 5613,Denpasar,2023-11-20,Basic,2023-11-20,,True
2276,P01863,Eli Farida,jayaprasetyo@example.net,+62 (235) 802 5153,Kota Administrasi Jakarta Utara,2023-08-03,Gold,2023-08-03,2025-04-26,False
2277,P01863,Eli Farida,jayaprasetyo@example.net,+62 (235) 802 5153,Kota Administrasi Jakarta Utara,2023-08-03,Platinum,2025-04-26,,True
2278,P01864,Kemal Sihombing,hendri60@example.com,+62-75-358-1466,Sabang,2024-02-25,Basic,2024-02-25,,True
2279,P01865,Caket Siregar,nurainisalsabila@example.net,+62 (535) 191 5739,Magelang,2024-09-02,Basic,2024-09-02,,True
2280,P01866,Saiful Melani,balijan55@example.com,(019) 516 1484,Kota Administrasi Jakarta Selatan,2023-01-18,Gold,2023-01-18,,True
2281,P01867,"Najwa Ardianto, S.Pd",nashiruddinsamiah@example.net,+62 (080) 823 0469,Palangkaraya,2024-09-18,Basic,2024-09-18,2025-08-08,False
2282,P01867,"Najwa Ardianto, S.Pd",nashiruddinsamiah@example.net,+62 (080) 823 0469,Palangkaraya,2024-09-18,Gold,2025-08-08,,True
2283,P01868,Garda Hartati,ttamba@example.org,+62-0104-440-5376,Payakumbuh,2023-12-10,Basic,2023-12-10,2025-09-17,False
2284,P01868,Garda Hartati,ttamba@example.org,+62-0104-440-5376,Payakumbuh,2023-12-10,Gold,2025-09-17,,True
2285,P01869,Ir. Sabar Pratiwi,irsad95@example.com,+62 (0004) 304-3981,Probolinggo,2023-03-20,Basic,2023-03-20,,True
2286,P01870,"Dr. Maimunah Permata, M.Kom.",lanjaryuniar@example.com,+62 (051) 570 5704,Prabumulih,2024-09-29,Basic,2024-09-29,2025-05-31,False
2287,P01870,"Dr. Maimunah Permata, M.Kom.",lanjaryuniar@example.com,+62 (051) 570 5704,Prabumulih,2024-09-29,Gold,2025-05-31,,True
2288,P01871,Gawati Napitupulu,slametlazuardi@example.net,(0214) 944 0466,Jambi,2024-04-10,Gold,2024-04-10,,True
2289,P01872,Prayoga Wahyuni,putu56@example.net,+62-0950-679-4077,Subulussalam,2024-04-06,Basic,2024-04-06,,True
2290,P01873,"dr. Paramita Suryono, M.Kom.",lurhur59@example.org,+62 (0305) 926-8467,Sabang,2024-01-20,Basic,2024-01-20,,True
2291,P01874,Jasmin Damanik,wibisonomarsudi@example.org,+62 (0811) 748 8958,Kediri,2023-09-06,Basic,2023-09-06,,True
2292,P01875,"Dt. Wakiman Wijaya, M.TI.",gkusumo@example.com,+62 (98) 137-7675,Yogyakarta,2023-11-19,Basic,2023-11-19,,True
2293,P01876,Harjo Nasyidah,wsaputra@example.com,+62 (0815) 095 9880,Pematangsiantar,2023-09-07,Basic,2023-09-07,,True
2294,P01877,Icha Thamrin,slamet89@example.net,+62-0424-776-2180,Banjar,2023-06-03,Gold,2023-06-03,,True
2295,P01878,"Oliva Situmorang, S.I.Kom",cahyalatupono@example.net,+62-0219-248-8113,Sawahlunto,2023-09-18,Basic,2023-09-18,2025-06-24,False
2296,P01878,"Oliva Situmorang, S.I.Kom",cahyalatupono@example.net,+62-0219-248-8113,Sawahlunto,2023-09-18,Gold,2025-06-24,,True
2297,P01879,Bagya Wibowo,jinawi24@example.org,(000) 530-2928,Madiun,2023-06-27,Basic,2023-06-27,,True
2298,P01880,R.M. Paiman Mulyani,genta35@example.org,(020) 721-4077,Banjarmasin,2023-02-05,Basic,2023-02-05,,True
2299,P01881,"Dt. Cawisono Simbolon, S.IP",mdongoran@example.org,(074) 645 3290,Sungai Penuh,2023-01-13,Basic,2023-01-13,,True
2300,P01882,Teguh Mustofa,jtarihoran@example.net,(0514) 813-5734,Bandar Lampung,2024-01-11,Basic,2024-01-11,,True
2301,P01883,Ani Iswahyudi,januarputi@example.org,+62 (19) 798-2774,Madiun,2024-09-12,Basic,2024-09-12,,True
2302,P01884,"Prayogo Maryati, S.Sos",lsiregar@example.org,(058) 493 2715,Purwokerto,2024-03-18,Gold,2024-03-18,,True
2303,P01885,"drg. Silvia Natsir, S.Farm",maryadijais@example.net,(0852) 424-5115,Cimahi,2024-06-11,Basic,2024-06-11,,True
2304,P01886,Vera Uyainah,panca60@example.net,(0651) 417 1626,Kota Administrasi Jakarta Utara,2023-01-14,Basic,2023-01-14,,True
2305,P01887,"R.A. Endah Pangestu, M.TI.",shakila71@example.com,086 747 6281,Dumai,2023-03-14,Basic,2023-03-14,2025-09-17,False
2306,P01887,"R.A. Endah Pangestu, M.TI.",shakila71@example.com,086 747 6281,Dumai,2023-03-14,Gold,2025-09-17,,True
2307,P01888,Novi Situmorang,jaemanhakim@example.org,(041) 754 0603,Palembang,2023-08-17,Basic,2023-08-17,2025-03-17,False
2308,P01888,Novi Situmorang,jaemanhakim@example.org,(041) 754 0603,Palembang,2023-08-17,Gold,2025-03-17,,True
2309,P01889,Wahyu Habibi,mansurlembah@example.net,+62 (922) 484 9474,Palangkaraya,2024-05-25,Basic,2024-05-25,,True
2310,P01890,"Tgk. Aswani Halim, S.Farm",siregargamani@example.com,(059) 700-6697,Kediri,2024-08-17,Basic,2024-08-17,,True
2311,P01891,Drs. Bagus Nababan,halimpadmi@example.com,+62-0133-753-9149,Parepare,2024-01-12,Platinum,2024-01-12,,True
2312,P01892,"Ir. Dalima Novitasari, M.Ak",uyainahjamal@example.org,(072) 486-7006,Tangerang,2024-03-04,Basic,2024-03-04,,True
2313,P01893,Devi Pratiwi,galionojanuar@example.com,+62 (45) 562-9056,Sungai Penuh,2023-02-09,Basic,2023-02-09,,True
2314,P01894,"Hasan Waskita, M.Farm",hasim90@example.com,(085) 191-8903,Parepare,2024-06-01,Basic,2024-06-01,,True
2315,P01895,Opung Nababan,novi66@example.org,+62 (0024) 758-7637,Purwokerto,2024-10-02,Basic,2024-10-02,,True
2316,P01896,Naradi Sihombing,putihassanah@example.net,+62-053-042-6770,Kota Administrasi Jakarta Barat,2023-11-20,Basic,2023-11-20,2025-10-27,False
2317,P01896,Naradi Sihombing,putihassanah@example.net,+62-053-042-6770,Kota Administrasi Jakarta Barat,2023-11-20,Gold,2025-10-27,,True
2318,P01897,Tri Sitompul,prabowoharsanto@example.com,080 714 7810,Tanjungbalai,2023-12-14,Gold,2023-12-14,,True
2319,P01898,Safina Utami,prasastaluthfi@example.net,+62 (321) 144-9081,Manado,2023-03-07,Basic,2023-03-07,,True
2320,P01899,Lidya Wibisono,amarpaung@example.net,(0394) 570 6281,Bekasi,2024-02-17,Basic,2024-02-17,,True
2321,P01900,Upik Pudjiastuti,andrianikarja@example.com,+62 (084) 884 6564,Madiun,2024-09-27,Basic,2024-09-27,,True
2322,P01901,Laras Kusmawati,fhartati@example.org,+62 (156) 892 9236,Tanjungbalai,2024-11-10,Basic,2024-11-10,,True
2323,P01902,Cawuk Rahimah,pardinatsir@example.net,+62 (79) 208-4165,Bontang,2023-05-27,Basic,2023-05-27,,True
2324,P01903,"Drs. Adinata Prabowo, S.Kom",maryatimaida@example.org,+62 (0893) 514 1663,Subulussalam,2023-08-20,Basic,2023-08-20,,True
2325,P01904,Lamar Uyainah,mujurwahyuni@example.net,+62-262-696-2226,Prabumulih,2023-12-22,Platinum,2023-12-22,,True
2326,P01905,Tami Farida,ibranimanullang@example.net,+62 (715) 158-8253,Surabaya,2023-07-20,Basic,2023-07-20,,True
2327,P01906,drg. Gasti Suryatmi,januarsakura@example.net,(067) 398-1089,Meulaboh,2024-06-19,Basic,2024-06-19,2025-05-19,False
2328,P01906,drg. Gasti Suryatmi,januarsakura@example.net,(067) 398-1089,Meulaboh,2024-06-19,Gold,2025-05-19,,True
2329,P01907,dr. Rini Laksmiwati,sarahsuwarno@example.org,+62-0201-611-3673,Cirebon,2023-03-23,Gold,2023-03-23,,True
2330,P01908,Maimunah Iswahyudi,fujiaticayadi@example.org,+62-75-908-8821,Padang Sidempuan,2023-02-19,Basic,2023-02-19,2025-04-27,False
2331,P01908,Maimunah Iswahyudi,fujiaticayadi@example.org,+62-75-908-8821,Padang Sidempuan,2023-02-19,Gold,2025-04-27,,True
2332,P01909,Putri Permata,karsakusumo@example.org,0870399976,Banjar,2023-03-31,Basic,2023-03-31,,True
2333,P01910,Dalima Hardiansyah,emanullang@example.org,+62 (010) 755 4883,Cirebon,2024-09-29,Basic,2024-09-29,,True
2334,P01911,Garan Handayani,virmanadriansyah@example.org,+62 (760) 333-3149,Makassar,2024-05-27,Basic,2024-05-27,,True
2335,P01912,Puti Wijayanti,hardiansyahuchita@example.net,+62 (229) 218 0665,Kota Administrasi Jakarta Pusat,2024-11-26,Gold,2024-11-26,,True
2336,P01913,"Ajimin Hutapea, S.IP",violet65@example.net,+62-0804-246-8853,Kota Administrasi Jakarta Barat,2023-08-13,Basic,2023-08-13,,True
2337,P01914,"KH. Viman Usada, S.T.",wulandaridiah@example.net,(0145) 832-6531,Jayapura,2023-07-18,Gold,2023-07-18,,True
2338,P01915,Kasim Halim,ina80@example.org,(058) 865-3113,Tomohon,2023-10-16,Platinum,2023-10-16,,True
2339,P01916,Farhunnisa Mulyani,uanggraini@example.com,085 529 8769,Tual,2023-10-14,Basic,2023-10-14,,True
2340,P01917,Sadina Adriansyah,hamima84@example.net,086 109 1329,Salatiga,2023-06-03,Gold,2023-06-03,,True
2341,P01918,Gangsar Purwanti,adriansyahcengkir@example.net,+62-0061-016-6667,Ternate,2024-02-18,Basic,2024-02-18,,True
2342,P01919,Ulya Hidayat,kfarida@example.net,+62-091-683-5056,Langsa,2024-07-12,Basic,2024-07-12,2025-04-14,False
2343,P01919,Ulya Hidayat,kfarida@example.net,+62-091-683-5056,Langsa,2024-07-12,Gold,2025-04-14,,True
2344,P01920,Garan Winarsih,tirta27@example.org,083 480 9476,Kendari,2024-02-03,Basic,2024-02-03,,True
2345,P01921,Humaira Simbolon,kasusrapratiwi@example.net,+62-979-940-6678,Kupang,2023-03-25,Basic,2023-03-25,,True
2346,P01922,Karen Firgantoro,violet09@example.net,+62 (053) 764 3414,Sibolga,2024-04-02,Basic,2024-04-02,,True
2347,P01923,Kalim Maulana,pwahyuni@example.org,(0310) 368 0703,Banjar,2024-02-04,Basic,2024-02-04,,True
2348,P01924,KH. Cawisono Zulaika,cahyadi61@example.com,(066) 586 3174,Tual,2023-01-09,Gold,2023-01-09,,True
2349,P01925,Azalea Mulyani,artawanbudiyanto@example.com,0882233300,Probolinggo,2023-01-03,Basic,2023-01-03,,True
2350,P01926,Jefri Narpati,anomprastuti@example.net,+62-0378-655-6466,Dumai,2023-03-07,Gold,2023-03-07,2025-09-20,False
2351,P01926,Jefri Narpati,anomprastuti@example.net,+62-0378-655-6466,Dumai,2023-03-07,Platinum,2025-09-20,,True
2352,P01927,"Garan Nainggolan, S.IP",ophelia11@example.org,(052) 589-2852,Kota Administrasi Jakarta Utara,2024-07-25,Basic,2024-07-25,,True
2353,P01928,Arta Tarihoran,sakti25@example.com,+62-074-377-1571,Bitung,2024-02-17,Basic,2024-02-17,,True
2354,P01929,Hari Pranowo,nurainidartono@example.com,+62-0304-857-0462,Makassar,2023-11-06,Basic,2023-11-06,,True
2355,P01930,Sarah Puspasari,hafshah56@example.com,+62 (44) 441-9149,Pariaman,2023-06-30,Basic,2023-06-30,,True
2356,P01931,Among Gunarto,anastasia63@example.org,+62 (892) 886-2974,Kediri,2023-06-10,Basic,2023-06-10,2025-07-18,False
2357,P01931,Among Gunarto,anastasia63@example.org,+62 (892) 886-2974,Kediri,2023-06-10,Gold,2025-07-18,,True
2358,P01932,Yulia Widiastuti,rahimahyusuf@example.com,(0968) 721 4808,Yogyakarta,2023-03-29,Basic,2023-03-29,2025-08-07,False
2359,P01932,Yulia Widiastuti,rahimahyusuf@example.com,(0968) 721 4808,Yogyakarta,2023-03-29,Gold,2025-08-07,,True
2360,P01933,Rudi Purnawati,ekosalahudin@example.com,+62 (0724) 866-0587,Cirebon,2023-02-11,Basic,2023-02-11,,True
2361,P01934,Juli Samosir,aditya27@example.org,0898963322,Balikpapan,2024-07-28,Basic,2024-07-28,2025-06-26,False
2362,P01934,Juli Samosir,aditya27@example.org,0898963322,Balikpapan,2024-07-28,Gold,2025-06-26,,True
2363,P01935,Sutan Langgeng Prastuti,maimunahmarpaung@example.net,(0376) 878-4860,Sukabumi,2024-07-01,Basic,2024-07-01,2025-08-27,False
2364,P01935,Sutan Langgeng Prastuti,maimunahmarpaung@example.net,(0376) 878-4860,Sukabumi,2024-07-01,Gold,2025-08-27,,True
2365,P01936,Ir. Hani Dongoran,zalindraprayoga@example.org,(004) 351 8091,Tual,2024-09-25,Platinum,2024-09-25,,True
2366,P01937,Fathonah Nasyidah,dalima91@example.com,+62 (100) 231-9222,Kotamobagu,2023-08-14,Basic,2023-08-14,2025-08-24,False
2367,P01937,Fathonah Nasyidah,dalima91@example.com,+62 (100) 231-9222,Kotamobagu,2023-08-14,Gold,2025-08-24,,True
2368,P01938,"Jarwadi Permata, M.M.",fhutasoit@example.net,+62 (36) 352-7302,Tebingtinggi,2023-09-13,Basic,2023-09-13,,True
2369,P01939,R. Makara Pangestu,gamani20@example.com,+62 (053) 597-4847,Sawahlunto,2024-04-03,Basic,2024-04-03,2025-06-20,False
2370,P01939,R. Makara Pangestu,gamani20@example.com,+62 (053) 597-4847,Sawahlunto,2024-04-03,Gold,2025-06-20,,True
2371,P01940,"R. Nadia Wastuti, M.TI.",uuyainah@example.net,+62-0070-214-5483,Bontang,2023-05-10,Gold,2023-05-10,,True
2372,P01941,Luhung Yuniar,plaksita@example.net,+62 (085) 127-0923,Tarakan,2023-04-15,Gold,2023-04-15,2025-06-02,False
2373,P01941,Luhung Yuniar,plaksita@example.net,+62 (085) 127-0923,Tarakan,2023-04-15,Platinum,2025-06-02,,True
2374,P01942,KH. Edison Hakim,zsirait@example.org,0881434321,Subulussalam,2023-08-23,Basic,2023-08-23,2025-06-24,False
2375,P01942,KH. Edison Hakim,zsirait@example.org,0881434321,Subulussalam,2023-08-23,Gold,2025-06-24,,True
2376,P01943,Teguh Yuliarti,cinta51@example.com,+62-0803-807-4708,Bitung,2024-06-15,Basic,2024-06-15,,True
2377,P01944,"drg. Yoga Megantara, M.Ak",ehariyah@example.org,+62 (601) 332-9634,Kupang,2023-03-11,Gold,2023-03-11,,True
2378,P01945,"dr. Bahuraksa Simanjuntak, S.E.",gprayoga@example.org,+62 (090) 005 5515,Binjai,2024-04-21,Basic,2024-04-21,,True
2379,P01946,Mutia Yuliarti,situmorangdarimin@example.net,(0160) 798-3362,Tasikmalaya,2024-10-19,Gold,2024-10-19,,True
2380,P01947,Limar Fujiati,hariyahkayla@example.com,+62 (45) 016-8145,Tegal,2024-01-21,Basic,2024-01-21,,True
2381,P01948,Umi Nugroho,prasetyakarsana@example.org,+62 (34) 463-5239,Tangerang Selatan,2024-10-12,Basic,2024-10-12,,True
2382,P01949,"Tgk. Laras Wijayanti, M.M.",lailajanuar@example.org,+62 (261) 368-4904,Kediri,2023-07-19,Gold,2023-07-19,,True
2383,P01950,"Cut Padma Sirait, S.Kom",suryakusmawati@example.net,+62-24-221-2111,Padang Sidempuan,2024-02-10,Basic,2024-02-10,2025-05-05,False
2384,P01950,"Cut Padma Sirait, S.Kom",suryakusmawati@example.net,+62-24-221-2111,Padang Sidempuan,2024-02-10,Gold,2025-05-05,,True
2385,P01951,Surya Budiyanto,yhandayani@example.net,+62 (065) 663 5921,Pekalongan,2023-07-14,Basic,2023-07-14,2025-08-25,False
2386,P01951,Surya Budiyanto,yhandayani@example.net,+62 (065) 663 5921,Pekalongan,2023-07-14,Gold,2025-08-25,,True
2387,P01952,Aris Utama,lrahimah@example.org,+62-419-414-9882,Sabang,2024-01-25,Basic,2024-01-25,,True
2388,P01953,R.M. Lantar Prasetyo,oliviasihombing@example.org,(0452) 595-6293,Surakarta,2024-10-27,Gold,2024-10-27,,True
2389,P01954,"Zulaikha Marbun, S.IP",farhunnisa41@example.org,+62 (0850) 458 1445,Pontianak,2024-10-05,Basic,2024-10-05,2025-03-24,False
2390,P01954,"Zulaikha Marbun, S.IP",farhunnisa41@example.org,+62 (0850) 458 1445,Pontianak,2024-10-05,Gold,2025-03-24,,True
2391,P01955,H. Rangga Laksmiwati,hariyahasman@example.org,+62 (065) 557 8827,Ternate,2024-04-27,Basic,2024-04-27,,True
2392,P01956,Saka Sihombing,unjani56@example.com,+62 (073) 988 9595,Medan,2024-07-01,Basic,2024-07-01,,True
2393,P01957,Dr. Dipa Sudiati,riyantihesti@example.org,(060) 165 7689,Pangkalpinang,2024-09-30,Basic,2024-09-30,,True
2394,P01958,Legawa Mulyani,purwantipaiman@example.net,(041) 322 9150,Mojokerto,2024-09-25,Platinum,2024-09-25,,True
2395,P01959,Legawa Putra,wsetiawan@example.org,(0114) 791-6304,Palangkaraya,2023-06-09,Basic,2023-06-09,,True
2396,P01960,Edi Handayani,prabowoikhsan@example.net,+62 (60) 462-6544,Padang Sidempuan,2024-05-02,Gold,2024-05-02,,True
2397,P01961,Sarah Riyanti,kuswoyocakrabuana@example.org,(0356) 353-4927,Banjar,2023-02-02,Gold,2023-02-02,,True
2398,P01962,Ulya Situmorang,wibisonogantar@example.org,+62 (689) 142-9403,Sorong,2024-03-25,Basic,2024-03-25,,True
2399,P01963,Tiara Mahendra,nyoman96@example.net,+62 (03) 381-5498,Surabaya,2023-06-14,Basic,2023-06-14,,True
2400,P01964,Zizi Tampubolon,harja17@example.net,(032) 048-1404,Bontang,2024-02-29,Basic,2024-02-29,,True
2401,P01965,Maya Narpati,suwarnokemal@example.com,+62 (097) 175 6785,Tebingtinggi,2023-09-02,Gold,2023-09-02,,True
2402,P01966,Clara Maulana,vivi95@example.com,+62 (958) 254 0053,Pagaralam,2024-10-02,Basic,2024-10-02,,True
2403,P01967,Bahuwarna Firmansyah,ynatsir@example.net,(068) 172-0800,Denpasar,2023-01-12,Basic,2023-01-12,2025-04-20,False
2404,P01967,Bahuwarna Firmansyah,ynatsir@example.net,(068) 172-0800,Denpasar,2023-01-12,Gold,2025-04-20,,True
2405,P01968,Emas Hartati,grajasa@example.org,(054) 276 0751,Sabang,2024-08-19,Basic,2024-08-19,,True
2406,P01969,"Ratih Utami, S.E.I",yusada@example.org,+62 (0356) 399-8419,Salatiga,2023-06-02,Basic,2023-06-02,2025-10-13,False
2407,P01969,"Ratih Utami, S.E.I",yusada@example.org,+62 (0356) 399-8419,Salatiga,2023-06-02,Gold,2025-10-13,,True
2408,P01970,Garda Laksmiwati,adinata16@example.net,+62 (84) 982 0375,Meulaboh,2024-03-09,Basic,2024-03-09,,True
2409,P01971,Amelia Prayoga,qnasyiah@example.com,0850616923,Surabaya,2023-02-25,Basic,2023-02-25,2025-05-06,False
2410,P01971,Amelia Prayoga,qnasyiah@example.com,0850616923,Surabaya,2023-02-25,Gold,2025-05-06,,True
2411,P01972,Drs. Daru Handayani,arsipatramangunsong@example.org,+62 (829) 290 7062,Metro,2023-03-20,Gold,2023-03-20,,True
2412,P01973,Ade Pranowo,caturangga91@example.net,+62 (90) 573 0964,Payakumbuh,2023-07-13,Gold,2023-07-13,2025-07-21,False
2413,P01973,Ade Pranowo,caturangga91@example.net,+62 (90) 573 0964,Payakumbuh,2023-07-13,Platinum,2025-07-21,,True
2414,P01974,Humaira Mangunsong,gildasaragih@example.org,+62 (0114) 856-4146,Bitung,2023-05-19,Basic,2023-05-19,,True
2415,P01975,Paramita Wahyuni,astutianita@example.org,+62 (0820) 933-1651,Palu,2023-02-25,Basic,2023-02-25,,True
2416,P01976,"Bakti Prasasta, M.TI.",,+62-0199-444-0434,Batam,2023-01-08,Basic,2023-01-08,,True
2417,P01977,"R.M. Hairyanto Wibisono, S.Ked",uli12@example.org,+62-51-395-2344,Batu,2023-08-10,Basic,2023-08-10,,True
2418,P01978,Hendri Salahudin,ewidodo@example.net,+62 (879) 477 8597,Serang,2024-01-10,Basic,2024-01-10,,True
2419,P01979,Raden Napitupulu,saiful73@example.com,0832016319,Bogor,2023-09-22,Basic,2023-09-22,2025-06-20,False
2420,P01979,Raden Napitupulu,saiful73@example.com,0832016319,Bogor,2023-09-22,Gold,2025-06-20,,True
2421,P01980,Kemal Maulana,bhasanah@example.com,+62 (894) 517-0690,Tidore Kepulauan,2024-05-03,Gold,2024-05-03,2025-10-02,False
2422,P01980,Kemal Maulana,bhasanah@example.com,+62 (894) 517-0690,Tidore Kepulauan,2024-05-03,Platinum,2025-10-02,,True
2423,P01981,"Murti Simanjuntak, S.Farm",mulyonomaheswara@example.com,+62 (65) 212-7021,Kupang,2024-05-14,Basic,2024-05-14,,True
2424,P01982,"Safina Maryadi, S.T.",jane60@example.com,+62-301-213-9626,Cimahi,2024-01-31,Gold,2024-01-31,,True
2425,P01983,Salsabila Andriani,mahfud84@example.com,086 906 0259,Pasuruan,2024-06-16,Gold,2024-06-16,,True
2426,P01984,Ir. Vicky Waskita,mprakasa@example.com,+62-0417-683-9156,Jayapura,2023-05-19,Basic,2023-05-19,2025-07-07,False
2427,P01984,Ir. Vicky Waskita,mprakasa@example.com,+62-0417-683-9156,Jayapura,2023-05-19,Gold,2025-07-07,,True
2428,P01985,Viman Pranowo,wibisonolili@example.com,+62 (0488) 941-0359,Tanjungpinang,2023-09-17,Basic,2023-09-17,2025-09-16,False
2429,P01985,Viman Pranowo,wibisonolili@example.com,+62 (0488) 941-0359,Tanjungpinang,2023-09-17,Gold,2025-09-16,,True
2430,P01986,Ir. Limar Waskita,nlatupono@example.com,+62 (0605) 078-8088,Langsa,2023-05-18,Platinum,2023-05-18,,True
2431,P01987,Aslijan Kurniawan,amahendra@example.com,+62 (0832) 093-8284,Tanjungbalai,2023-01-23,Basic,2023-01-23,,True
2432,P01988,KH. Yoga Habibi,susantiheru@example.com,+62 (071) 292 3564,Cirebon,2024-08-31,Basic,2024-08-31,2025-04-19,False
2433,P01988,KH. Yoga Habibi,susantiheru@example.com,+62 (071) 292 3564,Cirebon,2024-08-31,Gold,2025-04-19,,True
2434,P01989,Tantri Yuliarti,satyapadmasari@example.net,+62 (092) 946 0074,Surabaya,2023-07-16,Basic,2023-07-16,,True
2435,P01990,Raharja Wahyudin,agnes51@example.org,+62 (404) 641 9855,Pematangsiantar,2023-03-18,Basic,2023-03-18,2025-04-23,False
2436,P01990,Raharja Wahyudin,agnes51@example.org,+62 (404) 641 9855,Pematangsiantar,2023-03-18,Gold,2025-04-23,,True
2437,P01991,R.A. Belinda Ardianto,saadat96@example.net,087 816 5133,Salatiga,2024-03-08,Basic,2024-03-08,,True
2438,P01992,Harsana Nuraini,septiharyanti@example.org,(040) 218 1819,Kendari,2023-04-29,Basic,2023-04-29,2025-08-31,False
2439,P01992,Harsana Nuraini,septiharyanti@example.org,(040) 218 1819,Kendari,2023-04-29,Gold,2025-08-31,,True
2440,P01993,Citra Hutapea,ymaulana@example.com,+62-243-543-8826,Pangkalpinang,2023-09-23,Basic,2023-09-23,2025-10-07,False
2441,P01993,Citra Hutapea,ymaulana@example.com,+62-243-543-8826,Pangkalpinang,2023-09-23,Gold,2025-10-07,,True
2442,P01994,"Laras Mustofa, M.Ak",tarihoranparis@example.net,+62 (036) 285 6000,Bengkulu,2023-09-13,Basic,2023-09-13,,True
2443,P01995,"Ira Salahudin, M.M.",adriansyahxanana@example.net,+62 (94) 797 2368,Banda Aceh,2023-06-07,Basic,2023-06-07,2025-04-30,False
2444,P01995,"Ira Salahudin, M.M.",adriansyahxanana@example.net,+62 (94) 797 2368,Banda Aceh,2023-06-07,Gold,2025-04-30,,True
2445,P01996,Wira Mayasari,apertiwi@example.org,+62-0485-802-2478,Tual,2024-10-07,Basic,2024-10-07,,True
2446,P01997,Vanesa Agustina,ihidayat@example.com,+62-031-562-8405,Yogyakarta,2023-05-29,Gold,2023-05-29,2025-07-25,False
2447,P01997,Vanesa Agustina,ihidayat@example.com,+62-031-562-8405,Yogyakarta,2023-05-29,Platinum,2025-07-25,,True
2448,P01998,Ir. Humaira Mandasari,zulaikavicky@example.net,088 473 2451,Kota Administrasi Jakarta Selatan,2023-09-02,Basic,2023-09-02,,True
2449,P01999,Anastasia Siregar,rmaryati@example.com,(035) 012-1529,Salatiga,2023-08-04,Basic,2023-08-04,2025-09-16,False
2450,P01999,Anastasia Siregar,rmaryati@example.com,(035) 012-1529,Salatiga,2023-08-04,Gold,2025-09-16,,True
2451,P02000,Elisa Hassanah,qmaulana@example.org,(0764) 645-1055,Medan,2024-03-23,Basic,2024-03-23,2025-06-21,False
2452,P02000,Elisa Hassanah,qmaulana@example.org,(0764) 645-1055,Medan,2024-03-23,Gold,2025-06-21,,True
2453,P02001,Hafshah Laksmiwati,,+62 (086) 100 4302,Pekanbaru,2024-05-19,Basic,2024-05-19,2025-06-05,False
2454,P02001,Hafshah Laksmiwati,,+62 (086) 100 4302,Pekanbaru,2024-05-19,Gold,2025-06-05,,True
2455,P02002,Utama Firmansyah,balanggaastuti@example.net,+62-208-102-1304,Surabaya,2024-09-28,Basic,2024-09-28,2025-04-07,False
2456,P02002,Utama Firmansyah,balanggaastuti@example.net,+62-208-102-1304,Surabaya,2024-09-28,Gold,2025-04-07,,True
2457,P02003,Zalindra Hasanah,rajatadalimin@example.net,(0909) 639 8591,Batam,2024-08-30,Basic,2024-08-30,,True
2458,P02004,"Ir. Cengkir Simanjuntak, M.Farm",silviagunarto@example.com,+62 (0984) 713-9335,Batu,2024-11-03,Basic,2024-11-03,2025-08-09,False
2459,P02004,"Ir. Cengkir Simanjuntak, M.Farm",silviagunarto@example.com,+62 (0984) 713-9335,Batu,2024-11-03,Gold,2025-08-09,,True
2460,P02005,Hj. Ika Usamah,respati69@example.net,+62 (0499) 985 4520,Ambon,2023-05-22,Basic,2023-05-22,2025-03-14,False
2461,P02005,Hj. Ika Usamah,respati69@example.net,+62 (0499) 985 4520,Ambon,2023-05-22,Gold,2025-03-14,,True
2462,P02006,"T. Harsaya Laksita, S.T.",cemeti81@example.com,(0086) 847 9778,Prabumulih,2024-02-22,Basic,2024-02-22,,True
2463,P02007,Sutan Murti Mahendra,kanimustofa@example.net,(0624) 636-4153,Salatiga,2023-06-05,Platinum,2023-06-05,,True
2464,P02008,Melinda Rahimah,zahramansur@example.com,+62 (46) 019 3258,Sorong,2024-03-27,Basic,2024-03-27,,True
2465,P02009,Tgk. Mutia Tamba,siskamanullang@example.com,088 202 6203,Samarinda,2023-07-31,Basic,2023-07-31,,True
2466,P02010,Rudi Wibowo,lazuarditasnim@example.net,+62-31-182-8281,Kota Administrasi Jakarta Selatan,2023-07-23,Basic,2023-07-23,,True
2467,P02011,Melinda Anggriawan,wibowotasnim@example.com,(0685) 660 4878,Pematangsiantar,2023-05-22,Basic,2023-05-22,,True
2468,P02012,Rachel Kusmawati,amansur@example.net,0817244405,Surabaya,2024-07-07,Basic,2024-07-07,2025-10-13,False
2469,P02012,Rachel Kusmawati,amansur@example.net,0817244405,Surabaya,2024-07-07,Gold,2025-10-13,,True
2470,P02013,Violet Suwarno,setiawangalak@example.net,+62 (028) 534-7730,Serang,2024-01-26,Gold,2024-01-26,,True
2471,P02014,"Tgk. Lukman Nashiruddin, S.Pt",kasiyahyuliarti@example.net,+62 (0730) 246 3953,Meulaboh,2023-05-09,Basic,2023-05-09,,True
2472,P02015,"drg. Ikhsan Firmansyah, M.TI.",yessi66@example.org,(0574) 406 9574,Tidore Kepulauan,2024-01-23,Basic,2024-01-23,2025-10-22,False
2473,P02015,"drg. Ikhsan Firmansyah, M.TI.",yessi66@example.org,(0574) 406 9574,Tidore Kepulauan,2024-01-23,Gold,2025-10-22,,True
2474,P02016,"dr. Salsabila Suartini, S.H.",maimunahkuswandari@example.net,+62 (020) 416 2244,Pekalongan,2024-10-09,Basic,2024-10-09,,True
2475,P02017,Dodo Agustina,qthamrin@example.net,+62 (09) 779-9410,Samarinda,2024-02-25,Gold,2024-02-25,,True
2476,P02018,Tgk. Daliman Nugroho,oktowulandari@example.net,+62 (814) 010-7472,Singkawang,2024-08-15,Basic,2024-08-15,,True
2477,P02019,"Cinthia Hidayanto, S.E.",handayanigalur@example.net,(0859) 935 1417,Padangpanjang,2024-07-30,Basic,2024-07-30,,True
2478,P02020,Hj. Lalita Mardhiyah,mangunsongnardi@example.net,+62 (084) 462-0557,Pekalongan,2024-02-20,Platinum,2024-02-20,,True
2479,P02021,Warsa Siregar,ohutasoit@example.com,+62 (045) 652 2770,Bitung,2023-08-11,Basic,2023-08-11,,True
2480,P02022,Padmi Mansur,zalindra46@example.org,(0548) 473-0383,Gorontalo,2024-08-12,Platinum,2024-08-12,,True
2481,P02023,"Ir. Lintang Siregar, S.Ked",dongoranprabu@example.org,+62 (0519) 145-4068,Banjar,2024-09-11,Basic,2024-09-11,,True
2482,P02024,"Mila Riyanti, S.Sos",jmegantara@example.com,+62-16-941-3472,Surakarta,2024-05-20,Basic,2024-05-20,,True
2483,P02025,R.M. Purwadi Nababan,taufan25@example.net,+62-942-493-8718,Tarakan,2024-11-14,Platinum,2024-11-14,,True
2484,P02026,"Tgk. Nalar Hasanah, S.IP",damanikmartani@example.com,+62 (085) 023-8473,Tegal,2023-04-13,Platinum,2023-04-13,,True
2485,P02027,Sarah Irawan,apratiwi@example.org,(0476) 325-7947,Magelang,2023-07-27,Basic,2023-07-27,,True
2486,P02028,Karma Hidayat,pudjiastutirahmi@example.com,+62-027-564-7465,Binjai,2024-04-18,Basic,2024-04-18,,True
2487,P02029,Queen Permata,dalimanrahimah@example.org,+62 (047) 107-3846,Langsa,2024-05-07,Gold,2024-05-07,,True
2488,P02030,Tina Sitorus,betaniafirmansyah@example.org,+62 (0206) 832 7324,Banjarbaru,2024-01-01,Basic,2024-01-01,,True
2489,P02031,Puput Wijayanti,rprasasta@example.com,+62-030-775-8784,Surakarta,2024-03-23,Basic,2024-03-23,,True
2490,P02032,"Uchita Riyanti, M.TI.",fwaskita@example.net,+62 (09) 256 0000,Tarakan,2023-10-22,Basic,2023-10-22,,True
2491,P02033,"R. Tania Haryanti, S.Kom",tharyanti@example.org,+62 (815) 371 1827,Payakumbuh,2023-01-10,Basic,2023-01-10,2025-03-31,False
2492,P02033,"R. Tania Haryanti, S.Kom",tharyanti@example.org,+62 (815) 371 1827,Payakumbuh,2023-01-10,Gold,2025-03-31,,True
2493,P02034,Cici Hardiansyah,maryatiida@example.net,+62 (0332) 003 8044,Bitung,2023-02-22,Basic,2023-02-22,,True
2494,P02035,Vera Budiyanto,mahendraputu@example.org,+62-94-886-7026,Sungai Penuh,2024-08-22,Gold,2024-08-22,,True
2495,P02036,"H. Tirta Wastuti, S.T.",hasanbudiyanto@example.org,+62 (095) 137 2005,Banjar,2024-10-21,Basic,2024-10-21,,True
2496,P02037,R. Mumpuni Haryanto,garanrajasa@example.net,+62 (033) 265-3325,Denpasar,2023-07-27,Basic,2023-07-27,,True
2497,P02038,drg. Gaiman Saragih,ypratama@example.org,+62-984-500-6486,Sawahlunto,2024-10-04,Basic,2024-10-04,,True
2498,P02039,Agus Hastuti,janet68@example.net,+62 (0463) 218 3934,Tidore Kepulauan,2024-06-30,Gold,2024-06-30,,True
2499,P02040,"T. Harja Narpati, S.T.",dariatipurnawati@example.com,+62-0239-218-0580,Bitung,2024-03-12,Basic,2024-03-12,2025-07-17,False
2500,P02040,"T. Harja Narpati, S.T.",dariatipurnawati@example.com,+62-0239-218-0580,Bitung,2024-03-12,Gold,2025-07-17,,True
2501,P02041,Dwi Sihombing,adityamandasari@example.net,+62 (086) 121 7754,Metro,2023-02-05,Basic,2023-02-05,,True
2502,P02042,"Hj. Michelle Firmansyah, S.Kom",irsad94@example.org,+62 (160) 507 8220,Balikpapan,2023-10-11,Basic,2023-10-11,,True
2503,P02043,"Cut Titin Pangestu, S.IP",ianggriawan@example.org,+62 (013) 054 5896,Medan,2023-12-04,Basic,2023-12-04,,True
2504,P02044,Wage Hidayanto,jamal75@example.com,+62-02-682-6396,Depok,2023-06-09,Gold,2023-06-09,,True
2505,P02045,Dimas Puspasari,bahuwirya36@example.com,+62 (832) 418-5228,Dumai,2023-07-18,Basic,2023-07-18,2025-03-19,False
2506,P02045,Dimas Puspasari,bahuwirya36@example.com,+62 (832) 418-5228,Dumai,2023-07-18,Gold,2025-03-19,,True
2507,P02046,"Dr. Harsanto Mayasari, S.Pt",rajasaakarsana@example.net,+62 (317) 991 8861,Jambi,2024-07-18,Basic,2024-07-18,,True
2508,P02047,"Paulin Hasanah, S.Gz",latika88@example.org,+62-70-554-6294,Samarinda,2023-03-31,Gold,2023-03-31,,True
2509,P02048,Slamet Nashiruddin,pyolanda@example.org,(014) 184-5289,Padang Sidempuan,2023-10-16,Gold,2023-10-16,,True
2510,P02049,Liman Rahimah,xtampubolon@example.org,+62 (073) 665 6201,Pematangsiantar,2024-05-01,Basic,2024-05-01,2025-07-09,False
2511,P02049,Liman Rahimah,xtampubolon@example.org,+62 (073) 665 6201,Pematangsiantar,2024-05-01,Gold,2025-07-09,,True
2512,P02050,R.M. Timbul Pangestu,daru09@example.org,(0131) 963 8697,Batam,2024-05-03,Basic,2024-05-03,,True
2513,P02051,Cayadi Wacana,setiawansilvia@example.com,086 465 4154,Kota Administrasi Jakarta Utara,2023-03-24,Basic,2023-03-24,,True
2514,P02052,"T. Leo Mansur, M.M.",zalindrasimanjuntak@example.org,+62 (722) 874-6605,Surakarta,2024-05-11,Gold,2024-05-11,,True
2515,P02053,Luluh Yuniar,mahendraade@example.net,+62 (914) 348-7727,Palembang,2024-08-02,Basic,2024-08-02,,True
2516,P02054,Dwi Wahyuni,ypangestu@example.org,(0127) 893-0531,Sawahlunto,2023-06-24,Basic,2023-06-24,2025-05-02,False
2517,P02054,Dwi Wahyuni,ypangestu@example.org,(0127) 893-0531,Sawahlunto,2023-06-24,Gold,2025-05-02,,True
2518,P02055,"Elisa Uyainah, S.Kom",anomrahimah@example.com,+62 (23) 460-7768,Tanjungpinang,2023-08-30,Basic,2023-08-30,,True
2519,P02056,"Siti Oktaviani, S.E.I",budimansabri@example.org,+62 (0326) 403-7003,Pematangsiantar,2024-06-09,Platinum,2024-06-09,,True
2520,P02057,Rahmi Natsir,argono07@example.com,(054) 916 0777,Yogyakarta,2023-07-10,Gold,2023-07-10,,True
2521,P02058,Zizi Nainggolan,iprastuti@example.net,+62 (769) 133-3160,Sorong,2023-02-26,Basic,2023-02-26,2025-04-21,False
2522,P02058,Zizi Nainggolan,iprastuti@example.net,+62 (769) 133-3160,Sorong,2023-02-26,Gold,2025-04-21,,True
2523,P02059,Cemani Waluyo,tambakarman@example.org,(021) 002 6702,Pekalongan,2024-11-02,Basic,2024-11-02,,True
2524,P02060,"Betania Zulaika, S.Sos",uwaishadi@example.org,081 485 1276,Tegal,2023-05-13,Basic,2023-05-13,,True
2525,P02061,Ifa Hutapea,gunawanharja@example.net,+62-077-230-7926,Singkawang,2023-12-23,Basic,2023-12-23,2025-06-07,False
2526,P02061,Ifa Hutapea,gunawanharja@example.net,+62-077-230-7926,Singkawang,2023-12-23,Gold,2025-06-07,,True
2527,P02062,Zelaya Iswahyudi,mwastuti@example.net,(073) 760 6590,Surakarta,2023-12-30,Basic,2023-12-30,2025-05-29,False
2528,P02062,Zelaya Iswahyudi,mwastuti@example.net,(073) 760 6590,Surakarta,2023-12-30,Gold,2025-05-29,,True
2529,P02063,Ayu Sinaga,ami67@example.org,+62-0741-952-2380,Padang Sidempuan,2023-08-10,Basic,2023-08-10,,True
2530,P02064,Violet Rajasa,permataina@example.org,(012) 116-2389,Ambon,2024-09-19,Basic,2024-09-19,2025-05-22,False
2531,P02064,Violet Rajasa,permataina@example.org,(012) 116-2389,Ambon,2024-09-19,Gold,2025-05-22,,True
2532,P02065,Humaira Namaga,juliaprasetyo@example.com,+62-714-137-6411,Magelang,2024-10-27,Basic,2024-10-27,,True
2533,P02066,Galiono Suryatmi,,+62 (76) 721 3070,Pangkalpinang,2024-02-10,Basic,2024-02-10,,True
2534,P02067,"Ian Simanjuntak, S.Pt",waluyolazuardi@example.org,+62-0731-953-5242,Bontang,2024-11-08,Basic,2024-11-08,,True
2535,P02068,Elvin Puspasari,piatampubolon@example.net,+62-62-031-2507,Samarinda,2024-09-16,Basic,2024-09-16,2025-09-30,False
2536,P02068,Elvin Puspasari,piatampubolon@example.net,+62-62-031-2507,Samarinda,2024-09-16,Gold,2025-09-30,,True
2537,P02069,Kezia Maulana,ydabukke@example.net,+62-0166-531-2340,Sukabumi,2023-05-28,Basic,2023-05-28,,True
2538,P02070,Hj. Puput Saputra,unggul11@example.org,+62-0971-144-1844,Tanjungbalai,2024-06-14,Basic,2024-06-14,,True
2539,P02071,"Drs. Rahayu Prabowo, S.T.",uwidiastuti@example.net,+62 (937) 828 0274,Sabang,2023-05-10,Basic,2023-05-10,2025-06-15,False
2540,P02071,"Drs. Rahayu Prabowo, S.T.",uwidiastuti@example.net,+62 (937) 828 0274,Sabang,2023-05-10,Gold,2025-06-15,,True
2541,P02072,Lasmono Hutagalung,opungthamrin@example.net,+62 (0402) 657 1053,Pasuruan,2024-03-24,Platinum,2024-03-24,,True
2542,P02073,Indah Yolanda,nurainiprasetyo@example.org,(033) 623-4457,Mojokerto,2024-03-30,Basic,2024-03-30,,True
2543,P02074,"Cayadi Suartini, S.Psi",siregarliman@example.com,+62-086-707-8158,Jambi,2023-12-28,Basic,2023-12-28,,True
2544,P02075,drg. Luhung Yuliarti,pertiwijono@example.org,+62 (084) 654 6888,Pangkalpinang,2024-05-14,Basic,2024-05-14,,True
2545,P02076,R. Putri Sihombing,sihombingnadia@example.org,0886116185,Sibolga,2024-06-28,Basic,2024-06-28,,True
2546,P02077,"Hani Rahimah, M.TI.",rajasaupik@example.net,(0230) 798 8858,Sungai Penuh,2024-10-29,Basic,2024-10-29,2025-06-09,False
2547,P02077,"Hani Rahimah, M.TI.",rajasaupik@example.net,(0230) 798 8858,Sungai Penuh,2024-10-29,Gold,2025-06-09,,True
2548,P02078,"Malika Napitupulu, S.Sos",karsanawulandari@example.org,083 063 9999,Jayapura,2024-10-07,Gold,2024-10-07,,True
2549,P02079,Ghaliyati Riyanti,oprakasa@example.org,0836262532,Gorontalo,2024-10-22,Basic,2024-10-22,2025-09-23,False
2550,P02079,Ghaliyati Riyanti,oprakasa@example.org,0836262532,Gorontalo,2024-10-22,Gold,2025-09-23,,True
2551,P02080,"Tgk. Omar Sihombing, M.Farm",lega46@example.net,+62-49-937-3944,Madiun,2024-11-02,Basic,2024-11-02,,True
2552,P02081,Mariadi Mandala,labuhnamaga@example.com,+62-040-483-9622,Mojokerto,2023-10-27,Basic,2023-10-27,2025-07-25,False
2553,P02081,Mariadi Mandala,labuhnamaga@example.com,+62-040-483-9622,Mojokerto,2023-10-27,Gold,2025-07-25,,True
2554,P02082,Devi Nainggolan,butama@example.com,(030) 000 9188,Sungai Penuh,2024-07-11,Basic,2024-07-11,,True
2555,P02083,Prabowo Halimah,cnuraini@example.net,+62 (069) 640 1068,Pariaman,2023-09-15,Gold,2023-09-15,,True
2556,P02084,"Ami Wahyudin, S.IP",nurdiyantinova@example.org,+62 (752) 385-2095,Tidore Kepulauan,2023-01-22,Platinum,2023-01-22,,True
2557,P02085,Tiara Utama,jefriwibowo@example.org,+62 (72) 610 6540,Lhokseumawe,2024-10-14,Basic,2024-10-14,,True
2558,P02086,"Shakila Siregar, S.Pd",zulkarnainkenari@example.net,+62 (0719) 810 3107,Sungai Penuh,2024-03-29,Gold,2024-03-29,,True
2559,P02087,"Bagiya Januar, S.E.I",rafi58@example.net,+62-79-543-2087,Sabang,2023-04-09,Gold,2023-04-09,2025-04-11,False
2560,P02087,"Bagiya Januar, S.E.I",rafi58@example.net,+62-79-543-2087,Sabang,2023-04-09,Platinum,2025-04-11,,True
2561,P02088,Kartika Kuswandari,hasnaagustina@example.org,+62 (030) 521-4079,Bekasi,2023-12-15,Basic,2023-12-15,,True
2562,P02089,Sabri Siregar,megantarawadi@example.com,0892274537,Tangerang,2024-05-07,Basic,2024-05-07,,True
2563,P02090,Elvin Waskita,pratamakanda@example.net,+62 (059) 170 4949,Pagaralam,2023-02-24,Basic,2023-02-24,,True
2564,P02091,"T. Hartana Riyanti, S.H.",safinasiregar@example.net,(0169) 270 5839,Lhokseumawe,2023-05-11,Gold,2023-05-11,2025-10-05,False
2565,P02091,"T. Hartana Riyanti, S.H.",safinasiregar@example.net,(0169) 270 5839,Lhokseumawe,2023-05-11,Platinum,2025-10-05,,True
2566,P02092,Nova Narpati,hassanahasirwada@example.org,080 671 7918,Ambon,2023-06-01,Basic,2023-06-01,,True
2567,P02093,Balijan Pradipta,oriyanti@example.org,0848558040,Purwokerto,2023-07-11,Basic,2023-07-11,,True
2568,P02094,Yono Zulaika,lukman57@example.com,0837628472,Subulussalam,2024-02-01,Basic,2024-02-01,2025-03-28,False
2569,P02094,Yono Zulaika,lukman57@example.com,0837628472,Subulussalam,2024-02-01,Gold,2025-03-28,,True
2570,P02095,"Ir. Rangga Nasyiah, M.Farm",estiawanpradipta@example.org,(046) 906 0422,Pasuruan,2024-11-19,Basic,2024-11-19,,True
2571,P02096,Titin Mulyani,gardawastuti@example.net,+62 (089) 418-8117,Singkawang,2023-02-06,Gold,2023-02-06,,True
2572,P02097,Harsana Usada,lmardhiyah@example.com,+62 (0537) 165 7224,Gorontalo,2024-06-07,Gold,2024-06-07,,True
2573,P02098,Icha Gunarto,viman74@example.com,+62-28-801-1893,Kendari,2023-09-23,Platinum,2023-09-23,,True
2574,P02099,Balijan Kuswoyo,ejawahyuni@example.com,+62-22-467-3929,Mataram,2023-11-02,Gold,2023-11-02,,True
2575,P02100,"R. Bagiya Susanti, S.E.I",anggriawanniyaga@example.net,+62 (58) 334-3684,Tebingtinggi,2023-11-11,Basic,2023-11-11,2025-09-07,False
2576,P02100,"R. Bagiya Susanti, S.E.I",anggriawanniyaga@example.net,+62 (58) 334-3684,Tebingtinggi,2023-11-11,Gold,2025-09-07,,True
2577,P02101,"Tgk. Cager Wastuti, S.T.",capa85@example.org,+62 (25) 717-0631,Tanjungbalai,2023-12-12,Basic,2023-12-12,2025-09-01,False
2578,P02101,"Tgk. Cager Wastuti, S.T.",capa85@example.org,+62 (25) 717-0631,Tanjungbalai,2023-12-12,Gold,2025-09-01,,True
2579,P02102,Enteng Santoso,ganjaran86@example.net,+62-067-511-8439,Pontianak,2023-01-22,Basic,2023-01-22,,True
2580,P02103,Daliman Palastri,eva68@example.org,+62-0998-552-7471,Tidore Kepulauan,2024-01-22,Gold,2024-01-22,2025-09-14,False
2581,P02103,Daliman Palastri,eva68@example.org,+62-0998-552-7471,Tidore Kepulauan,2024-01-22,Platinum,2025-09-14,,True
2582,P02104,drg. Kusuma Astuti,yani75@example.net,+62 (695) 870 7125,Pagaralam,2023-10-03,Basic,2023-10-03,2025-06-04,False
2583,P02104,drg. Kusuma Astuti,yani75@example.net,+62 (695) 870 7125,Pagaralam,2023-10-03,Gold,2025-06-04,,True
2584,P02105,Gantar Prabowo,qsitompul@example.com,(0228) 181-3147,Ambon,2024-03-29,Basic,2024-03-29,,True
2585,P02106,Salsabila Thamrin,prasastaharjo@example.org,+62-225-165-8784,Salatiga,2023-11-09,Basic,2023-11-09,2025-07-13,False
2586,P02106,Salsabila Thamrin,prasastaharjo@example.org,+62-225-165-8784,Salatiga,2023-11-09,Gold,2025-07-13,,True
2587,P02107,Drs. Dasa Farida,eprastuti@example.net,+62 (35) 404-3361,Cilegon,2023-05-28,Basic,2023-05-28,,True
2588,P02108,T. Indra Ramadan,wadimangunsong@example.org,+62 (041) 174 1459,Kupang,2024-08-13,Basic,2024-08-13,,True
2589,P02109,Dirja Anggraini,harto16@example.com,(0926) 698 4560,Bima,2023-12-10,Basic,2023-12-10,2025-09-23,False
2590,P02109,Dirja Anggraini,harto16@example.com,(0926) 698 4560,Bima,2023-12-10,Gold,2025-09-23,,True
2591,P02110,Irma Wibowo,hakimluluh@example.com,+62-430-349-0679,Ambon,2023-08-14,Basic,2023-08-14,,True
2592,P02111,Eka Purwanti,winarsihjono@example.net,+62-088-663-0104,Serang,2023-12-27,Basic,2023-12-27,2025-09-06,False
2593,P02111,Eka Purwanti,winarsihjono@example.net,+62-088-663-0104,Serang,2023-12-27,Gold,2025-09-06,,True
2594,P02112,Ajimin Hasanah,rafid88@example.org,(032) 160-6190,Depok,2023-10-18,Basic,2023-10-18,,True
2595,P02113,Oliva Wulandari,chandra96@example.org,+62 (89) 868-8346,Metro,2023-08-29,Basic,2023-08-29,,True
2596,P02114,Nurul Kuswoyo,dirjahakim@example.net,+62 (868) 415-2868,Kota Administrasi Jakarta Selatan,2023-02-08,Gold,2023-02-08,,True
2597,P02115,Tgk. Kurnia Dongoran,,(0416) 832 4167,Pagaralam,2024-05-28,Basic,2024-05-28,,True
2598,P02116,"Ir. Kasiran Mustofa, M.Farm",kartamustofa@example.net,+62 (093) 198-0742,Serang,2023-01-08,Basic,2023-01-08,,True
2599,P02117,Hj. Yuliana Mardhiyah,thalim@example.org,+62 (84) 264 4787,Mataram,2024-10-24,Basic,2024-10-24,2025-07-28,False
2600,P02117,Hj. Yuliana Mardhiyah,thalim@example.org,+62 (84) 264 4787,Mataram,2024-10-24,Gold,2025-07-28,,True
2601,P02118,"dr. Winda Rajasa, S.Ked",ade79@example.org,(0175) 380-8579,Semarang,2024-05-13,Basic,2024-05-13,,True
2602,P02119,Azalea Usada,jefriyuniar@example.com,+62 (080) 766-7988,Pagaralam,2024-09-14,Gold,2024-09-14,,True
2603,P02120,"R. Vicky Kuswoyo, S.T.",mmarpaung@example.com,+62-0770-245-6030,Depok,2023-11-28,Basic,2023-11-28,,True
2604,P02121,Kiandra Hutapea,agushastuti@example.org,+62-924-800-2004,Tual,2024-04-16,Basic,2024-04-16,2025-03-28,False
2605,P02121,Kiandra Hutapea,agushastuti@example.org,+62-924-800-2004,Tual,2024-04-16,Gold,2025-03-28,,True
2606,P02122,Cemani Wibisono,hartatilaswi@example.com,(0255) 854 7787,Depok,2023-03-17,Basic,2023-03-17,2025-07-29,False
2607,P02122,Cemani Wibisono,hartatilaswi@example.com,(0255) 854 7787,Depok,2023-03-17,Gold,2025-07-29,,True
2608,P02123,"H. Dartono Permata, S.E.I",,+62 (97) 571 4415,Batu,2024-09-23,Basic,2024-09-23,2025-08-10,False
2609,P02123,"H. Dartono Permata, S.E.I",,+62 (97) 571 4415,Batu,2024-09-23,Gold,2025-08-10,,True
2610,P02124,"Leo Iswahyudi, S.Psi",karimah44@example.org,+62-088-684-5692,Pagaralam,2024-01-26,Basic,2024-01-26,,True
2611,P02125,Siti Winarsih,utamiwirda@example.org,+62 (073) 828-5897,Denpasar,2024-07-17,Basic,2024-07-17,,True
2612,P02126,Xanana Safitri,laksanariyanti@example.net,+62 (026) 302-2030,Magelang,2024-03-08,Basic,2024-03-08,,True
2613,P02127,"R. Ira Prayoga, S.Sos",lmardhiyah@example.org,(060) 987-1154,Banjarbaru,2024-05-06,Gold,2024-05-06,2025-03-28,False
2614,P02127,"R. Ira Prayoga, S.Sos",lmardhiyah@example.org,(060) 987-1154,Banjarbaru,2024-05-06,Platinum,2025-03-28,,True
2615,P02128,"Cawisono Saptono, M.Ak",dariati06@example.com,(0188) 624-6872,Payakumbuh,2023-03-18,Basic,2023-03-18,,True
2616,P02129,Jinawi Mangunsong,lulut52@example.net,(000) 710 9903,Batu,2024-05-19,Basic,2024-05-19,,True
2617,P02130,Niyaga Uyainah,gunawanlasmanto@example.com,+62 (57) 468 3083,Tidore Kepulauan,2024-11-03,Platinum,2024-11-03,,True
2618,P02131,Yuni Rahimah,margana17@example.org,0822836491,Sukabumi,2023-05-11,Gold,2023-05-11,,True
2619,P02132,Hadi Latupono,lestarihardana@example.org,+62 (032) 409 8758,Bukittinggi,2023-03-26,Gold,2023-03-26,,True
2620,P02133,Tantri Kurniawan,tambasafina@example.net,+62 (097) 369-9752,Bekasi,2023-04-23,Basic,2023-04-23,,True
2621,P02134,Eva Halim,tomi21@example.com,+62-06-966-2650,Bengkulu,2024-10-26,Basic,2024-10-26,,True
2622,P02135,"Oman Halimah, M.Kom.",mitrakuswandari@example.net,+62 (99) 458-7758,Padangpanjang,2023-07-02,Basic,2023-07-02,,True
2623,P02136,Cut Malika Puspita,emannarpati@example.org,(015) 460 8304,Sabang,2023-03-09,Basic,2023-03-09,,True
2624,P02137,"T. Gilang Budiyanto, S.Farm",wijayantiicha@example.org,+62 (028) 873-0131,Bima,2023-12-27,Basic,2023-12-27,,True
2625,P02138,Jaeman Waskita,ynuraini@example.com,080 784 5433,Lhokseumawe,2024-05-09,Basic,2024-05-09,2025-09-29,False
2626,P02138,Jaeman Waskita,ynuraini@example.com,080 784 5433,Lhokseumawe,2024-05-09,Gold,2025-09-29,,True
2627,P02139,Farah Hakim,fprasetyo@example.com,+62-008-402-6850,Sawahlunto,2023-09-24,Basic,2023-09-24,2025-10-23,False
2628,P02139,Farah Hakim,fprasetyo@example.com,+62-008-402-6850,Sawahlunto,2023-09-24,Gold,2025-10-23,,True
2629,P02140,Maya Utama,argonowacana@example.org,+62-0647-997-0520,Singkawang,2023-12-14,Basic,2023-12-14,2025-10-15,False
2630,P02140,Maya Utama,argonowacana@example.org,+62-0647-997-0520,Singkawang,2023-12-14,Gold,2025-10-15,,True
2631,P02141,Vanesa Permadi,qsimanjuntak@example.net,+62-28-747-0515,Payakumbuh,2023-09-17,Platinum,2023-09-17,,True
2632,P02142,Drs. Ina Dabukke,puspitaolga@example.com,(065) 004-0242,Sorong,2024-08-04,Platinum,2024-08-04,,True
2633,P02143,"drg. Yani Rahimah, M.Ak",saragihfarah@example.com,+62 (300) 657-8683,Sungai Penuh,2024-09-12,Basic,2024-09-12,2025-06-23,False
2634,P02143,"drg. Yani Rahimah, M.Ak",saragihfarah@example.com,+62 (300) 657-8683,Sungai Penuh,2024-09-12,Gold,2025-06-23,,True
2635,P02144,Azalea Mahendra,yhardiansyah@example.org,+62 (0044) 511 3925,Denpasar,2023-06-06,Platinum,2023-06-06,,True
2636,P02145,"Jayadi Hartati, S.I.Kom",dartonohardiansyah@example.com,0873960846,Kota Administrasi Jakarta Timur,2024-03-04,Basic,2024-03-04,,True
2637,P02146,Oskar Rahayu,vinsenramadan@example.net,081 186 0988,Padang,2024-02-07,Gold,2024-02-07,,True
2638,P02147,Cahyono Simbolon,rjanuar@example.com,0856050172,Sawahlunto,2024-06-13,Basic,2024-06-13,,True
2639,P02148,"drg. Ellis Tampubolon, S.Pt",devi67@example.net,+62-0537-228-1926,Banjarbaru,2023-08-21,Basic,2023-08-21,,True
2640,P02149,Purwadi Mahendra,tantriuwais@example.org,+62 (059) 595-3910,Palangkaraya,2024-04-09,Basic,2024-04-09,2025-06-19,False
2641,P02149,Purwadi Mahendra,tantriuwais@example.org,+62 (059) 595-3910,Palangkaraya,2024-04-09,Gold,2025-06-19,,True
2642,P02150,Cut Halima Wibisono,rudi38@example.com,+62 (034) 865 0049,Cilegon,2024-01-19,Basic,2024-01-19,,True
2643,P02151,Calista Palastri,aderajasa@example.com,(0678) 618 2606,Bekasi,2023-02-18,Gold,2023-02-18,2025-08-21,False
2644,P02151,Calista Palastri,aderajasa@example.com,(0678) 618 2606,Bekasi,2023-02-18,Platinum,2025-08-21,,True
2645,P02152,"Diana Nuraini, S.H.",oliva71@example.net,+62 (26) 169-0730,Subulussalam,2023-05-28,Basic,2023-05-28,,True
2646,P02153,Labuh Kusumo,saefullahdwi@example.net,+62 (990) 078-1060,Banjarmasin,2024-03-20,Basic,2024-03-20,,True
2647,P02154,"Kayla Mustofa, S.Kom",okto29@example.net,+62 (059) 191 3020,Tangerang Selatan,2023-01-09,Basic,2023-01-09,,True
2648,P02155,Daliono Hakim,ihidayanto@example.net,+62-066-165-7689,Probolinggo,2024-11-03,Basic,2024-11-03,,True
2649,P02156,Paulin Astuti,mulyono85@example.org,+62 (490) 958-7380,Tarakan,2024-09-12,Basic,2024-09-12,,True
2650,P02157,Anggabaya Sitorus,taswirwasita@example.com,+62 (030) 085 8210,Pekanbaru,2024-07-13,Basic,2024-07-13,2025-03-29,False
2651,P02157,Anggabaya Sitorus,taswirwasita@example.com,+62 (030) 085 8210,Pekanbaru,2024-07-13,Gold,2025-03-29,,True
2652,P02158,"Surya Usamah, M.Kom.",gnarpati@example.net,+62 (82) 948-2703,Medan,2023-08-03,Gold,2023-08-03,2025-10-22,False
2653,P02158,"Surya Usamah, M.Kom.",gnarpati@example.net,+62 (82) 948-2703,Medan,2023-08-03,Platinum,2025-10-22,,True
2654,P02159,Cakrawala Saputra,radikapangestu@example.org,+62-459-361-4358,Sibolga,2023-10-28,Basic,2023-10-28,,True
2655,P02160,Ciaobella Nasyidah,kasiransusanti@example.org,0821334772,Sungai Penuh,2023-07-05,Basic,2023-07-05,,True
2656,P02161,Putri Narpati,nyanaastuti@example.com,+62 (004) 347 2830,Bontang,2024-01-26,Basic,2024-01-26,,True
2657,P02162,Cawisadi Halimah,oktohariyah@example.org,083 671 6789,Kotamobagu,2024-11-26,Basic,2024-11-26,,True
2658,P02163,Raisa Hartati,ulva18@example.org,+62 (0373) 880 1433,Bekasi,2023-12-17,Basic,2023-12-17,,True
2659,P02164,Dt. Galur Kuswoyo,xananasihombing@example.net,+62-035-932-1566,Binjai,2024-11-09,Basic,2024-11-09,2025-10-08,False
2660,P02164,Dt. Galur Kuswoyo,xananasihombing@example.net,+62-035-932-1566,Binjai,2024-11-09,Gold,2025-10-08,,True
2661,P02165,Heryanto Prakasa,laksmiwatibetania@example.com,+62 (0376) 902 3027,Tual,2023-11-24,Basic,2023-11-24,,True
2662,P02166,Puti Lili Astuti,warji49@example.org,+62-986-264-2076,Dumai,2023-08-08,Platinum,2023-08-08,,True
2663,P02167,Cakrawangsa Kusmawati,indra92@example.org,(0007) 658-6390,Padangpanjang,2023-04-27,Basic,2023-04-27,,True
2664,P02168,Natalia Hutapea,cthamrin@example.com,+62 (66) 588-0139,Banjarmasin,2023-01-26,Basic,2023-01-26,,True
2665,P02169,"Jaeman Situmorang, M.Farm",prayogoprayoga@example.net,+62 (006) 009 4390,Solok,2024-05-03,Basic,2024-05-03,,True
2666,P02170,Puti Janet Yulianti,opranowo@example.com,+62 (0411) 729-0922,Payakumbuh,2024-04-14,Basic,2024-04-14,,True
2667,P02171,Lalita Hardiansyah,kayla25@example.net,088 543 4772,Solok,2024-07-05,Basic,2024-07-05,,True
2668,P02172,Wulan Lazuardi,vhardiansyah@example.com,+62-0546-133-0547,Blitar,2023-11-10,Platinum,2023-11-10,,True
2669,P02173,KH. Gada Firgantoro,wastutijaga@example.com,0886694913,Tangerang,2024-03-23,Gold,2024-03-23,,True
2670,P02174,"Dagel Irawan, S.Gz",leo81@example.com,+62 (040) 575-0147,Bima,2024-10-26,Basic,2024-10-26,,True
2671,P02175,Jono Usada,prasetyamargana@example.com,+62 (942) 073 7327,Sibolga,2023-06-22,Gold,2023-06-22,,True
2672,P02176,Hartana Situmorang,wmandasari@example.net,+62 (599) 424 6169,Surabaya,2023-03-06,Basic,2023-03-06,,True
2673,P02177,Dr. Yuliana Usada,zsantoso@example.net,(061) 117-4463,Kota Administrasi Jakarta Barat,2024-03-01,Basic,2024-03-01,,True
2674,P02178,"T. Kamidin Hidayanto, M.Ak",amelia26@example.org,+62-73-415-6037,Semarang,2023-11-30,Basic,2023-11-30,,True
2675,P02179,Galiono Lailasari,safina15@example.org,+62 (052) 275-0633,Sungai Penuh,2023-04-30,Gold,2023-04-30,,True
2676,P02180,Sabrina Jailani,margana11@example.org,(002) 970-5248,Pagaralam,2023-03-28,Basic,2023-03-28,,True
2677,P02181,Padmi Pradipta,haryantolatika@example.org,+62-81-309-1714,Bandar Lampung,2024-05-31,Gold,2024-05-31,,True
2678,P02182,Drs. Gadang Firgantoro,jessicadongoran@example.net,+62-485-246-6922,Tegal,2024-04-26,Basic,2024-04-26,,True
2679,P02183,"Tgk. Candra Mandasari, S.Sos",kasimmangunsong@example.org,+62 (53) 771-8537,Prabumulih,2023-05-03,Basic,2023-05-03,,True
2680,P02184,Nilam Wastuti,omar05@example.org,(0234) 559-7146,Pekanbaru,2024-06-06,Platinum,2024-06-06,,True
2681,P02185,Rendy Prasasta,jarwadi48@example.org,+62-27-781-5057,Tomohon,2023-11-19,Basic,2023-11-19,,True
2682,P02186,Harjo Halimah,okto69@example.com,+62-682-092-2877,Langsa,2023-09-29,Basic,2023-09-29,,True
2683,P02187,Rangga Saptono,kamilarajasa@example.com,+62 (90) 888 3624,Pekalongan,2023-12-26,Gold,2023-12-26,2025-09-07,False
2684,P02187,Rangga Saptono,kamilarajasa@example.com,+62 (90) 888 3624,Pekalongan,2023-12-26,Platinum,2025-09-07,,True
2685,P02188,Karimah Kuswoyo,pranatanatsir@example.com,+62 (0913) 455-2504,Kota Administrasi Jakarta Utara,2024-01-03,Basic,2024-01-03,2025-08-13,False
2686,P02188,Karimah Kuswoyo,pranatanatsir@example.com,+62 (0913) 455-2504,Kota Administrasi Jakarta Utara,2024-01-03,Gold,2025-08-13,,True
2687,P02189,"Hj. Padmi Nugroho, S.Pt",lagustina@example.net,+62-02-978-4594,Palembang,2023-11-26,Basic,2023-11-26,2025-03-14,False
2688,P02189,"Hj. Padmi Nugroho, S.Pt",lagustina@example.net,+62-02-978-4594,Palembang,2023-11-26,Gold,2025-03-14,,True
2689,P02190,"Ir. Asirwanda Mandasari, S.Kom",zulkarnainkawaca@example.org,(000) 838-6221,Pasuruan,2024-03-21,Basic,2024-03-21,,True
2690,P02191,Lidya Rahmawati,saefullahjulia@example.org,0815823459,Tomohon,2024-01-05,Basic,2024-01-05,,True
2691,P02192,Jelita Hartati,charyanti@example.org,+62 (0556) 621 1928,Tasikmalaya,2024-11-02,Gold,2024-11-02,2025-07-04,False
2692,P02192,Jelita Hartati,charyanti@example.org,+62 (0556) 621 1928,Tasikmalaya,2024-11-02,Platinum,2025-07-04,,True
2693,P02193,R.M. Liman Hariyah,cawisono10@example.org,+62 (037) 120-5104,Palangkaraya,2024-09-12,Gold,2024-09-12,,True
2694,P02194,"Cut Hani Nasyiah, M.M.",prastutiadiarja@example.org,+62 (41) 654-1427,Purwokerto,2024-05-18,Basic,2024-05-18,2025-05-26,False
2695,P02194,"Cut Hani Nasyiah, M.M.",prastutiadiarja@example.org,+62 (41) 654-1427,Purwokerto,2024-05-18,Gold,2025-05-26,,True
2696,P02195,Drs. Ayu Wacana,ubudiman@example.com,+62 (084) 137-0109,Serang,2023-11-29,Basic,2023-11-29,2025-03-30,False
2697,P02195,Drs. Ayu Wacana,ubudiman@example.com,+62 (084) 137-0109,Serang,2023-11-29,Gold,2025-03-30,,True
2698,P02196,Ciaobella Wasita,safitriheryanto@example.org,+62 (12) 550-4147,Solok,2024-02-15,Gold,2024-02-15,,True
2699,P02197,"Jaswadi Marpaung, M.Farm",jinawizulkarnain@example.com,0803151086,Palangkaraya,2024-06-26,Basic,2024-06-26,2025-04-23,False
2700,P02197,"Jaswadi Marpaung, M.Farm",jinawizulkarnain@example.com,0803151086,Palangkaraya,2024-06-26,Gold,2025-04-23,,True
2701,P02198,"Ulya Hutasoit, S.T.",mahdi66@example.net,+62 (057) 798 6284,Yogyakarta,2023-03-14,Basic,2023-03-14,,True
2702,P02199,Reza Firgantoro,maulanalukman@example.org,+62-36-760-5086,Mataram,2023-08-24,Basic,2023-08-24,,True
2703,P02200,drg. Novi Mandasari,iswahyudijasmin@example.com,089 671 7759,Tual,2023-04-04,Basic,2023-04-04,,True
2704,P02201,Ana Rahimah,jindra47@example.org,+62-305-574-4636,Kota Administrasi Jakarta Barat,2024-05-13,Platinum,2024-05-13,,True
2705,P02202,Tgk. Siti Hakim,jefriwibowo@example.com,+62 (41) 542-9875,Kota Administrasi Jakarta Timur,2024-05-02,Gold,2024-05-02,,True
2706,P02203,Martaka Hakim,amisafitri@example.com,+62 (226) 107-3514,Sungai Penuh,2023-06-27,Gold,2023-06-27,,True
2707,P02204,drg. Hafshah Yolanda,purwantibanara@example.net,+62 (648) 897 7944,Tomohon,2023-06-25,Gold,2023-06-25,,True
2708,P02205,"KH. Najib Budiman, M.M.",qori76@example.net,+62 (44) 341-4470,Solok,2024-03-19,Basic,2024-03-19,2025-06-22,False
2709,P02205,"KH. Najib Budiman, M.M.",qori76@example.net,+62 (44) 341-4470,Solok,2024-03-19,Gold,2025-06-22,,True
2710,P02206,Sadina Marbun,bala34@example.org,+62 (86) 170 5657,Bontang,2023-09-22,Basic,2023-09-22,2025-10-17,False
2711,P02206,Sadina Marbun,bala34@example.org,+62 (86) 170 5657,Bontang,2023-09-22,Gold,2025-10-17,,True
2712,P02207,Sakura Pertiwi,oktavianijaya@example.com,+62-706-944-8585,Mataram,2023-04-30,Basic,2023-04-30,,True
2713,P02208,Galar Salahudin,purwaprakasa@example.org,+62-60-868-2678,Bau-Bau,2024-02-07,Basic,2024-02-07,2025-04-21,False
2714,P02208,Galar Salahudin,purwaprakasa@example.org,+62-60-868-2678,Bau-Bau,2024-02-07,Gold,2025-04-21,,True
2715,P02209,dr. Aisyah Nasyiah,laksana06@example.com,+62-776-823-2199,Batam,2023-07-09,Basic,2023-07-09,,True
2716,P02210,Mursinin Haryanti,mustikayulianti@example.com,+62 (712) 643-6155,Purwokerto,2024-03-15,Basic,2024-03-15,2025-10-17,False
2717,P02210,Mursinin Haryanti,mustikayulianti@example.com,+62 (712) 643-6155,Purwokerto,2024-03-15,Gold,2025-10-17,,True
2718,P02211,Siti Mulyani,kenzie38@example.org,+62 (078) 911-6463,Pasuruan,2023-09-08,Basic,2023-09-08,,True
2719,P02212,Wulan Suartini,halimemin@example.net,(0320) 773-0420,Jambi,2024-10-02,Platinum,2024-10-02,,True
2720,P02213,Heru Haryanti,wasitajais@example.org,(0052) 281 6266,Lhokseumawe,2023-08-18,Basic,2023-08-18,,True
2721,P02214,Dr. Lulut Jailani,lazuardikarimah@example.net,088 610 1894,Cilegon,2024-07-13,Basic,2024-07-13,,True
2722,P02215,Alambana Simbolon,siregarlukman@example.net,+62 (033) 927 8990,Kota Administrasi Jakarta Utara,2023-05-15,Basic,2023-05-15,,True
2723,P02216,"Jindra Usamah, S.IP",puji42@example.com,+62 (63) 638 2810,Binjai,2024-08-03,Basic,2024-08-03,,True
2724,P02217,R. Ibrahim Purwanti,hardana12@example.org,0880663067,Bima,2024-02-04,Basic,2024-02-04,2025-06-08,False
2725,P02217,R. Ibrahim Purwanti,hardana12@example.org,0880663067,Bima,2024-02-04,Gold,2025-06-08,,True
2726,P02218,Martaka Lazuardi,uwaluyo@example.com,+62 (994) 405-0531,Bau-Bau,2023-04-09,Basic,2023-04-09,,True
2727,P02219,Marwata Mustofa,utaminovi@example.org,+62 (0945) 107-9582,Bogor,2024-02-07,Basic,2024-02-07,,True
2728,P02220,Jessica Hardiansyah,belindanarpati@example.com,+62 (04) 717-2916,Lubuklinggau,2024-11-14,Basic,2024-11-14,2025-05-04,False
2729,P02220,Jessica Hardiansyah,belindanarpati@example.com,+62 (04) 717-2916,Lubuklinggau,2024-11-14,Gold,2025-05-04,,True
2730,P02221,Puji Simbolon,drajat58@example.net,084 241 1307,Salatiga,2023-07-02,Basic,2023-07-02,,True
2731,P02222,Sutan Lulut Hutasoit,mahmud61@example.com,+62 (072) 084-1827,Lubuklinggau,2023-10-10,Basic,2023-10-10,,True
2732,P02223,"dr. Pangeran Firgantoro, S.T.",jayengwibowo@example.com,(0063) 167-7026,Balikpapan,2023-09-25,Basic,2023-09-25,,True
2733,P02224,"Mumpuni Hidayat, S.Psi",dewisitorus@example.com,(0409) 916-4677,Semarang,2024-06-02,Basic,2024-06-02,2025-04-18,False
2734,P02224,"Mumpuni Hidayat, S.Psi",dewisitorus@example.com,(0409) 916-4677,Semarang,2024-06-02,Gold,2025-04-18,,True
2735,P02225,R.A. Ciaobella Mahendra,mahdi05@example.com,+62 (49) 737-5257,Jambi,2024-10-22,Basic,2024-10-22,,True
2736,P02226,"Wardaya Hidayat, S.Sos",tarihoranvivi@example.net,+62 (058) 839-3570,Bukittinggi,2023-01-02,Basic,2023-01-02,,True
2737,P02227,"R.M. Reksa Wibisono, M.Kom.",olestari@example.com,+62-348-032-7921,Palu,2024-11-24,Basic,2024-11-24,,True
2738,P02228,"R. Harsaya Prayoga, S.H.",usamahdimas@example.com,088 136 8183,Kota Administrasi Jakarta Barat,2024-04-10,Basic,2024-04-10,,True
2739,P02229,Ophelia Widodo,ganjaran41@example.net,+62-0323-438-0227,Palu,2024-02-22,Gold,2024-02-22,2025-03-29,False
2740,P02229,Ophelia Widodo,ganjaran41@example.net,+62-0323-438-0227,Palu,2024-02-22,Platinum,2025-03-29,,True
2741,P02230,Ilyas Situmorang,laryani@example.com,+62-046-396-1541,Magelang,2024-07-07,Basic,2024-07-07,,True
2742,P02231,"Kawaya Prakasa, S.Psi",nasyidahkawaya@example.com,(063) 372-0479,Pontianak,2023-02-11,Basic,2023-02-11,2025-07-23,False
2743,P02231,"Kawaya Prakasa, S.Psi",nasyidahkawaya@example.com,(063) 372-0479,Pontianak,2023-02-11,Gold,2025-07-23,,True
2744,P02232,"Victoria Suryatmi, S.H.",hartaka36@example.org,+62 (0607) 061-3371,Parepare,2024-11-09,Basic,2024-11-09,,True
2745,P02233,Gasti Marbun,mandalanovi@example.org,+62 (604) 141-5084,Mojokerto,2023-06-08,Basic,2023-06-08,2025-07-03,False
2746,P02233,Gasti Marbun,mandalanovi@example.org,+62 (604) 141-5084,Mojokerto,2023-06-08,Gold,2025-07-03,,True
2747,P02234,Jamil Nainggolan,oharyanto@example.org,+62-0644-231-9344,Banda Aceh,2024-07-17,Gold,2024-07-17,,True
2748,P02235,Maman Adriansyah,vmayasari@example.net,+62-0450-989-7849,Surabaya,2024-08-16,Gold,2024-08-16,,True
2749,P02236,Sutan Marsito Manullang,mahmud90@example.com,+62 (0777) 871 5297,Subulussalam,2023-03-13,Basic,2023-03-13,,True
2750,P02237,Luhung Wulandari,candrakanta38@example.net,(0917) 646 0431,Kota Administrasi Jakarta Barat,2023-02-01,Basic,2023-02-01,2025-05-16,False
2751,P02237,Luhung Wulandari,candrakanta38@example.net,(0917) 646 0431,Kota Administrasi Jakarta Barat,2023-02-01,Gold,2025-05-16,,True
2752,P02238,Prasetyo Nasyiah,handayanijelita@example.com,+62 (018) 986-1386,Bukittinggi,2023-07-09,Basic,2023-07-09,2025-05-10,False
2753,P02238,Prasetyo Nasyiah,handayanijelita@example.com,+62 (018) 986-1386,Bukittinggi,2023-07-09,Gold,2025-05-10,,True
2754,P02239,Tgk. Respati Rahmawati,warsasuryatmi@example.com,(037) 868 6505,Purwokerto,2024-06-29,Basic,2024-06-29,,True
2755,P02240,Hj. Tania Laksmiwati,wastutiwaluyo@example.net,+62-0105-386-9122,Palu,2023-11-08,Basic,2023-11-08,,True
2756,P02241,Zelaya Sitompul,olga49@example.org,+62-720-344-8289,Probolinggo,2024-04-08,Basic,2024-04-08,2025-06-16,False
2757,P02241,Zelaya Sitompul,olga49@example.org,+62-720-344-8289,Probolinggo,2024-04-08,Gold,2025-06-16,,True
2758,P02242,"Cut Malika Nashiruddin, S.I.Kom",maimunahpudjiastuti@example.com,0865238390,Kediri,2023-06-27,Gold,2023-06-27,,True
2759,P02243,Emil Prastuti,kutama@example.org,+62 (065) 091-2200,Palopo,2023-07-23,Gold,2023-07-23,,True
2760,P02244,Ellis Permadi,gadanamaga@example.org,(0869) 168-0687,Bogor,2023-12-04,Basic,2023-12-04,,True
2761,P02245,T. Malik Safitri,hpertiwi@example.com,(095) 682 2948,Kota Administrasi Jakarta Selatan,2024-09-30,Basic,2024-09-30,,True
2762,P02246,"Cengkal Pudjiastuti, S.Ked",kadirpratiwi@example.net,+62-0266-148-0546,Surakarta,2024-01-11,Basic,2024-01-11,,True
2763,P02247,"Hj. Siti Tamba, S.Ked",hendri57@example.org,(079) 321-8207,Magelang,2023-06-05,Basic,2023-06-05,2025-07-10,False
2764,P02247,"Hj. Siti Tamba, S.Ked",hendri57@example.org,(079) 321-8207,Magelang,2023-06-05,Gold,2025-07-10,,True
2765,P02248,Yahya Suartini,indralaksita@example.net,(0908) 419 4352,Jayapura,2023-10-03,Platinum,2023-10-03,,True
2766,P02249,Restu Simanjuntak,reksamandala@example.org,+62-024-590-6545,Tangerang Selatan,2023-06-15,Basic,2023-06-15,,True
2767,P02250,"R. Bakianto Waluyo, S.Kom",gada84@example.net,(0880) 910-3783,Langsa,2023-02-20,Basic,2023-02-20,,True
2768,P02251,Darman Riyanti,xlazuardi@example.org,+62 (082) 599 0896,Mataram,2024-10-08,Basic,2024-10-08,,True
2769,P02252,Emong Usada,wasitaharto@example.net,+62-0859-762-3190,Kota Administrasi Jakarta Timur,2023-07-31,Basic,2023-07-31,,True
2770,P02253,Drs. Pangeran Anggraini,kalagunarto@example.org,+62 (0568) 510-0864,Pagaralam,2023-02-24,Basic,2023-02-24,2025-04-20,False
2771,P02253,Drs. Pangeran Anggraini,kalagunarto@example.org,+62 (0568) 510-0864,Pagaralam,2023-02-24,Gold,2025-04-20,,True
2772,P02254,Kalim Simanjuntak,aryaniartanto@example.net,+62 (783) 044 0540,Dumai,2024-06-28,Gold,2024-06-28,2025-07-28,False
2773,P02254,Kalim Simanjuntak,aryaniartanto@example.net,+62 (783) 044 0540,Dumai,2024-06-28,Platinum,2025-07-28,,True
2774,P02255,Ira Halimah,habibibella@example.net,+62 (08) 497 5483,Bekasi,2023-10-23,Basic,2023-10-23,2025-10-08,False
2775,P02255,Ira Halimah,habibibella@example.net,+62 (08) 497 5483,Bekasi,2023-10-23,Gold,2025-10-08,,True
2776,P02256,Hardi Budiman,adikara08@example.com,+62 (957) 173-9177,Jambi,2023-02-07,Basic,2023-02-07,2025-03-20,False
2777,P02256,Hardi Budiman,adikara08@example.com,+62 (957) 173-9177,Jambi,2023-02-07,Gold,2025-03-20,,True
2778,P02257,Mumpuni Handayani,karman99@example.org,+62-036-210-4197,Malang,2023-04-07,Basic,2023-04-07,,True
2779,P02258,Prabu Hastuti,latuponojarwa@example.org,+62 (385) 033-2422,Banjar,2024-09-07,Gold,2024-09-07,,True
2780,P02259,"Cut Titin Hutapea, M.M.",jsusanti@example.org,(014) 678 5414,Palembang,2024-02-02,Basic,2024-02-02,,True
2781,P02260,"Sutan Jumari Sitompul, S.E.I",maheswarateddy@example.net,0895740059,Gorontalo,2024-10-23,Basic,2024-10-23,,True
2782,P02261,Zahra Kuswoyo,pranata84@example.com,(0010) 051-8592,Cirebon,2024-11-30,Basic,2024-11-30,,True
2783,P02262,Dacin Nashiruddin,agussitompul@example.net,+62-43-052-3839,Sawahlunto,2023-01-08,Basic,2023-01-08,2025-07-27,False
2784,P02262,Dacin Nashiruddin,agussitompul@example.net,+62-43-052-3839,Sawahlunto,2023-01-08,Gold,2025-07-27,,True
2785,P02263,Damu Pratiwi,bagyakusmawati@example.com,+62 (083) 544 7879,Tebingtinggi,2023-03-07,Gold,2023-03-07,2025-10-21,False
2786,P02263,Damu Pratiwi,bagyakusmawati@example.com,+62 (083) 544 7879,Tebingtinggi,2023-03-07,Platinum,2025-10-21,,True
2787,P02264,"Cut Ina Thamrin, M.M.",cfarida@example.com,+62 (004) 710 8040,Purwokerto,2024-01-25,Basic,2024-01-25,,True
2788,P02265,Betania Siregar,rizki75@example.com,+62 (0545) 319 8242,Metro,2024-04-24,Basic,2024-04-24,,True
2789,P02266,Lulut Maheswara,kusumomaryadi@example.net,+62 (009) 023 3687,Kota Administrasi Jakarta Pusat,2023-05-09,Basic,2023-05-09,,True
2790,P02267,Lukita Agustina,pratamaedward@example.com,(0829) 172-2585,Manado,2023-02-22,Basic,2023-02-22,,True
2791,P02268,Karman Siregar,jhidayanto@example.com,+62 (0889) 699 1077,Bekasi,2023-03-15,Basic,2023-03-15,2025-05-20,False
2792,P02268,Karman Siregar,jhidayanto@example.com,+62 (0889) 699 1077,Bekasi,2023-03-15,Gold,2025-05-20,,True
2793,P02269,Ana Saragih,karen48@example.com,(0550) 376-3969,Tegal,2023-04-13,Basic,2023-04-13,,True
2794,P02270,Humaira Hutagalung,salmannatsir@example.org,0826445137,Purwokerto,2024-11-30,Basic,2024-11-30,,True
2795,P02271,dr. Manah Sihotang,gunawanwasis@example.org,(062) 468 5926,Sibolga,2024-01-13,Basic,2024-01-13,,True
2796,P02272,Dr. Diah Saefullah,mala48@example.net,084 547 1160,Payakumbuh,2023-06-02,Basic,2023-06-02,,True
2797,P02273,Hj. Nurul Ardianto,saputrarendy@example.org,+62 (70) 589-4268,Sorong,2024-04-11,Basic,2024-04-11,2025-09-06,False
2798,P02273,Hj. Nurul Ardianto,saputrarendy@example.org,+62 (70) 589-4268,Sorong,2024-04-11,Gold,2025-09-06,,True
2799,P02274,Kayla Palastri,dewi19@example.com,089 293 0869,Tebingtinggi,2023-04-20,Basic,2023-04-20,2025-08-19,False
2800,P02274,Kayla Palastri,dewi19@example.com,089 293 0869,Tebingtinggi,2023-04-20,Gold,2025-08-19,,True
2801,P02275,Febi Susanti,habibibakidin@example.com,+62 (140) 863-4775,Ternate,2023-11-01,Basic,2023-11-01,2025-05-11,False
2802,P02275,Febi Susanti,habibibakidin@example.com,+62 (140) 863-4775,Ternate,2023-11-01,Gold,2025-05-11,,True
2803,P02276,Rahmi Kuswandari,ade03@example.com,+62 (076) 080 6904,Bukittinggi,2023-01-03,Basic,2023-01-03,,True
2804,P02277,Dt. Latif Adriansyah,natsirpuji@example.net,+62 (85) 565-4823,Pekalongan,2024-03-08,Gold,2024-03-08,,True
2805,P02278,Padma Natsir,cirawan@example.com,+62-0476-238-1785,Palembang,2024-04-24,Basic,2024-04-24,,True
2806,P02279,R. Lasmanto Adriansyah,jasminsimbolon@example.org,+62 (13) 305-8595,Denpasar,2024-05-21,Basic,2024-05-21,,True
2807,P02280,Galiono Mandala,jefrikusumo@example.net,+62 (022) 187-2116,Magelang,2023-07-10,Basic,2023-07-10,2025-07-25,False
2808,P02280,Galiono Mandala,jefrikusumo@example.net,+62 (022) 187-2116,Magelang,2023-07-10,Gold,2025-07-25,,True
2809,P02281,Embuh Pudjiastuti,ihsan39@example.org,+62 (0775) 549-2158,Binjai,2023-01-17,Basic,2023-01-17,,True
2810,P02282,"Violet Waluyo, S.IP",yusufwijayanti@example.com,080 994 5936,Manado,2023-09-03,Basic,2023-09-03,,True
2811,P02283,Labuh Hariyah,digdayasamosir@example.com,+62 (045) 236 2842,Tarakan,2023-09-18,Basic,2023-09-18,2025-05-15,False
2812,P02283,Labuh Hariyah,digdayasamosir@example.com,+62 (045) 236 2842,Tarakan,2023-09-18,Gold,2025-05-15,,True
2813,P02284,"Diah Firmansyah, S.Ked",vinsensusanti@example.net,082 441 4059,Bontang,2024-01-30,Basic,2024-01-30,,True
2814,P02285,Ilsa Permadi,caraka91@example.net,+62 (385) 025-0238,Bengkulu,2024-06-02,Basic,2024-06-02,2025-06-24,False
2815,P02285,Ilsa Permadi,caraka91@example.net,+62 (385) 025-0238,Bengkulu,2024-06-02,Gold,2025-06-24,,True
2816,P02286,"Anggabaya Firmansyah, M.Kom.",firmansyahyono@example.net,+62 (0120) 581 5740,Meulaboh,2024-10-08,Basic,2024-10-08,,True
2817,P02287,"dr. Ilsa Pudjiastuti, S.IP",nsimbolon@example.net,+62-021-972-0388,Bekasi,2024-06-01,Basic,2024-06-01,,True
2818,P02288,Zahra Suartini,cengkal92@example.net,+62 (477) 443 8812,Serang,2023-11-05,Basic,2023-11-05,,True
2819,P02289,"Dr. Umi Maryati, S.T.",sarah75@example.net,+62 (0399) 527-1881,Subulussalam,2024-11-15,Gold,2024-11-15,2025-06-27,False
2820,P02289,"Dr. Umi Maryati, S.T.",sarah75@example.net,+62 (0399) 527-1881,Subulussalam,2024-11-15,Platinum,2025-06-27,,True
2821,P02290,"Zelda Saputra, S.Farm",siregarirnanto@example.com,(039) 511 7541,Jayapura,2024-05-01,Basic,2024-05-01,,True
2822,P02291,Wardaya Mustofa,adikapangestu@example.com,+62 (0429) 195-2001,Banda Aceh,2024-10-18,Basic,2024-10-18,,True
2823,P02292,Bahuwarna Pratama,xtampubolon@example.net,+62 (142) 275 0085,Surakarta,2024-10-05,Basic,2024-10-05,,True
2824,P02293,Mumpuni Wijaya,lukitautami@example.org,089 207 6586,Palu,2023-04-02,Basic,2023-04-02,,True
2825,P02294,Puti Febi Rahmawati,riyantighani@example.org,+62-42-659-6918,Yogyakarta,2023-03-22,Gold,2023-03-22,2025-04-23,False
2826,P02294,Puti Febi Rahmawati,riyantighani@example.org,+62-42-659-6918,Yogyakarta,2023-03-22,Platinum,2025-04-23,,True
2827,P02295,Rahmi Permata,khutasoit@example.net,+62 (020) 528-7224,Palembang,2023-07-28,Basic,2023-07-28,,True
2828,P02296,"Kardi Wibisono, S.Sos",restuuwais@example.net,0818989085,Banjarbaru,2023-05-23,Basic,2023-05-23,,True
2829,P02297,Qori Wasita,maryadimustika@example.org,+62 (350) 529 5557,Bandung,2024-11-05,Basic,2024-11-05,2025-10-23,False
2830,P02297,Qori Wasita,maryadimustika@example.org,+62 (350) 529 5557,Bandung,2024-11-05,Gold,2025-10-23,,True
2831,P02298,Puput Halim,galangtarihoran@example.org,+62 (040) 202-7037,Pekalongan,2024-01-22,Platinum,2024-01-22,,True
2832,P02299,dr. Gilda Latupono,baktionomaheswara@example.net,(0766) 381-5859,Kupang,2023-12-26,Basic,2023-12-26,2025-08-01,False
2833,P02299,dr. Gilda Latupono,baktionomaheswara@example.net,(0766) 381-5859,Kupang,2023-12-26,Gold,2025-08-01,,True
2834,P02300,"Marsudi Mansur, M.Kom.",estiawan06@example.net,+62-0046-983-3142,Kota Administrasi Jakarta Selatan,2024-07-05,Gold,2024-07-05,2025-10-13,False
2835,P02300,"Marsudi Mansur, M.Kom.",estiawan06@example.net,+62-0046-983-3142,Kota Administrasi Jakarta Selatan,2024-07-05,Platinum,2025-10-13,,True
2836,P02301,Lala Tamba,sinagasiti@example.com,+62-856-044-8638,Banjarmasin,2023-04-05,Gold,2023-04-05,,True
2837,P02302,Eva Haryanti,drajatbudiyanto@example.com,+62 (046) 055-5051,Gorontalo,2024-03-26,Basic,2024-03-26,2025-09-26,False
2838,P02302,Eva Haryanti,drajatbudiyanto@example.com,+62 (046) 055-5051,Gorontalo,2024-03-26,Gold,2025-09-26,,True
2839,P02303,Among Hutagalung,salmanhidayanto@example.com,+62 (415) 495-1269,Palembang,2024-05-22,Gold,2024-05-22,2025-07-03,False
2840,P02303,Among Hutagalung,salmanhidayanto@example.com,+62 (415) 495-1269,Palembang,2024-05-22,Platinum,2025-07-03,,True
2841,P02304,Natalia Waskita,halimgalar@example.net,+62 (38) 109-8869,Kota Administrasi Jakarta Utara,2023-04-01,Basic,2023-04-01,,True
2842,P02305,"Samsul Gunarto, M.TI.",opung99@example.com,080 517 9879,Balikpapan,2024-05-17,Basic,2024-05-17,2025-09-14,False
2843,P02305,"Samsul Gunarto, M.TI.",opung99@example.com,080 517 9879,Balikpapan,2024-05-17,Gold,2025-09-14,,True
2844,P02306,Raina Habibi,aswani69@example.org,(077) 872-9445,Kota Administrasi Jakarta Timur,2023-06-16,Basic,2023-06-16,2025-04-01,False
2845,P02306,Raina Habibi,aswani69@example.org,(077) 872-9445,Kota Administrasi Jakarta Timur,2023-06-16,Gold,2025-04-01,,True
2846,P02307,Ulva Kurniawan,yolandaihsan@example.net,+62 (0151) 588-7850,Pekalongan,2023-04-18,Basic,2023-04-18,,True
2847,P02308,"Tgk. Vega Maryati, S.Psi",verapuspita@example.net,(028) 514 5067,Sabang,2024-07-05,Basic,2024-07-05,,True
2848,P02309,Endah Purnawati,maulanadarmanto@example.net,(0884) 816 9526,Pontianak,2023-03-16,Basic,2023-03-16,,True
2849,P02310,Jamal Megantara,saadatwastuti@example.net,(079) 706-7525,Tidore Kepulauan,2023-01-09,Basic,2023-01-09,2025-04-06,False
2850,P02310,Jamal Megantara,saadatwastuti@example.net,(079) 706-7525,Tidore Kepulauan,2023-01-09,Gold,2025-04-06,,True
2851,P02311,R. Eka Padmasari,marpaungjatmiko@example.net,+62 (236) 207-1353,Bitung,2024-11-01,Basic,2024-11-01,,True
2852,P02312,Candra Lailasari,vwidodo@example.net,+62 (022) 256 5017,Ambon,2023-10-05,Basic,2023-10-05,,True
2853,P02313,Dr. Kamal Sitompul,yolandawarta@example.net,+62 (008) 912 0323,Sibolga,2024-08-04,Gold,2024-08-04,,True
2854,P02314,"Dt. Kenzie Nababan, S.I.Kom",ynuraini@example.org,(0061) 190 6922,Tanjungpinang,2024-06-09,Gold,2024-06-09,,True
2855,P02315,Irma Sudiati,ladriansyah@example.com,+62-0350-617-8278,Batam,2023-08-22,Basic,2023-08-22,2025-05-27,False
2856,P02315,Irma Sudiati,ladriansyah@example.com,+62-0350-617-8278,Batam,2023-08-22,Gold,2025-05-27,,True
2857,P02316,Violet Novitasari,prasetya99@example.net,+62 (0649) 436-4478,Solok,2024-08-07,Basic,2024-08-07,2025-10-14,False
2858,P02316,Violet Novitasari,prasetya99@example.net,+62 (0649) 436-4478,Solok,2024-08-07,Gold,2025-10-14,,True
2859,P02317,R. Emas Prakasa,xgunawan@example.net,+62-041-986-9270,Langsa,2023-05-07,Basic,2023-05-07,,True
2860,P02318,Drs. Radit Sihombing,xwahyuni@example.com,+62 (028) 781 8745,Cimahi,2024-06-29,Gold,2024-06-29,2025-03-15,False
2861,P02318,Drs. Radit Sihombing,xwahyuni@example.com,+62 (028) 781 8745,Cimahi,2024-06-29,Platinum,2025-03-15,,True
2862,P02319,Raden Pratama,salahudinviman@example.net,+62 (80) 911-5082,Palembang,2024-03-29,Gold,2024-03-29,,True
2863,P02320,"Ajeng Susanti, S.Kom",mwaskita@example.org,0840902002,Magelang,2024-05-05,Basic,2024-05-05,,True
2864,P02321,"Budi Saputra, M.Farm",janet94@example.org,+62 (686) 460-4148,Medan,2023-12-11,Basic,2023-12-11,,True
2865,P02322,"Puti Kamaria Prasetyo, S.Ked",jail79@example.net,+62-0034-556-3740,Kota Administrasi Jakarta Barat,2024-08-19,Basic,2024-08-19,,True
2866,P02323,Anastasia Nurdiyanti,halimahharimurti@example.org,+62 (59) 552 5759,Ambon,2024-03-20,Basic,2024-03-20,,True
2867,P02324,Vinsen Uyainah,slazuardi@example.org,(034) 324 3477,Pekalongan,2024-03-22,Basic,2024-03-22,,True
2868,P02325,Septi Maryati,waluyoeli@example.org,(0845) 137-9203,Bekasi,2024-02-17,Basic,2024-02-17,,True
2869,P02326,Ir. Ganda Handayani,waskitaraina@example.com,+62 (001) 171 5826,Bengkulu,2024-07-11,Basic,2024-07-11,,True
2870,P02327,Galur Prakasa,warsawulandari@example.net,+62 (056) 247-2877,Makassar,2024-08-17,Basic,2024-08-17,,True
2871,P02328,Ganda Suartini,thamrinbalapati@example.net,+62 (064) 693-5946,Batam,2024-06-29,Platinum,2024-06-29,,True
2872,P02329,Galur Mangunsong,jrahmawati@example.net,+62 (78) 176-3704,Bandar Lampung,2023-03-02,Basic,2023-03-02,,True
2873,P02330,Cahyadi Hariyah,maya36@example.net,+62 (04) 957-2881,Kota Administrasi Jakarta Pusat,2023-05-31,Basic,2023-05-31,,True
2874,P02331,Dimas Maryadi,aisyahwinarsih@example.org,+62-209-770-4174,Kota Administrasi Jakarta Utara,2023-02-11,Basic,2023-02-11,,True
2875,P02332,Yessi Puspasari,latif07@example.com,+62 (0107) 855-0982,Padang Sidempuan,2024-04-23,Gold,2024-04-23,,True
2876,P02333,H. Tedi Pratiwi,zprakasa@example.com,083 033 5913,Banda Aceh,2023-07-04,Basic,2023-07-04,,True
2877,P02334,Puti Salsabila Suwarno,diansihotang@example.com,+62 (384) 703-6975,Tebingtinggi,2023-05-13,Gold,2023-05-13,2025-06-09,False
2878,P02334,Puti Salsabila Suwarno,diansihotang@example.com,+62 (384) 703-6975,Tebingtinggi,2023-05-13,Platinum,2025-06-09,,True
2879,P02335,Baktianto Tamba,rajatacakrawangsa@example.org,0841577517,Tebingtinggi,2024-03-07,Basic,2024-03-07,2025-03-08,False
2880,P02335,Baktianto Tamba,rajatacakrawangsa@example.org,0841577517,Tebingtinggi,2024-03-07,Gold,2025-03-08,,True
2881,P02336,"drg. Salwa Maryadi, S.Pd",usadavanya@example.com,+62-0664-803-8942,Bontang,2024-06-12,Basic,2024-06-12,2025-10-14,False
2882,P02336,"drg. Salwa Maryadi, S.Pd",usadavanya@example.com,+62-0664-803-8942,Bontang,2024-06-12,Gold,2025-10-14,,True
2883,P02337,Dr. Lintang Sihotang,hpadmasari@example.com,+62-0927-286-2572,Pagaralam,2023-03-12,Gold,2023-03-12,,True
2884,P02338,"Dr. Gaman Mangunsong, M.Ak",tkuswoyo@example.net,+62 (0212) 303 0621,Pontianak,2023-09-01,Basic,2023-09-01,,True
2885,P02339,Dr. Lili Wahyuni,eardianto@example.net,+62 (089) 933 2053,Prabumulih,2023-08-30,Gold,2023-08-30,,True
2886,P02340,Rafi Pratama,vhutapea@example.com,+62 (11) 964-8890,Kendari,2024-10-20,Gold,2024-10-20,,True
2887,P02341,drg. Emin Padmasari,ihasanah@example.net,+62 (30) 924-2330,Pematangsiantar,2023-03-04,Basic,2023-03-04,,True
2888,P02342,KH. Cemeti Tarihoran,galihmansur@example.com,089 540 0880,Tanjungpinang,2023-04-16,Basic,2023-04-16,,True
2889,P02343,Dt. Kuncara Wahyudin,prabapermadi@example.com,+62-094-711-9896,Probolinggo,2024-01-10,Basic,2024-01-10,2025-06-11,False
2890,P02343,Dt. Kuncara Wahyudin,prabapermadi@example.com,+62-094-711-9896,Probolinggo,2024-01-10,Gold,2025-06-11,,True
2891,P02344,"Tgk. Ganjaran Mahendra, S.IP",firgantorodarman@example.net,(0070) 095-3704,Tanjungbalai,2024-01-05,Basic,2024-01-05,2025-04-24,False
2892,P02344,"Tgk. Ganjaran Mahendra, S.IP",firgantorodarman@example.net,(0070) 095-3704,Tanjungbalai,2024-01-05,Gold,2025-04-24,,True
2893,P02345,"Galih Winarsih, S.I.Kom",auyainah@example.net,+62-041-589-9977,Sibolga,2023-01-29,Basic,2023-01-29,,True
2894,P02346,"Nardi Laksmiwati, S.E.I",otamba@example.com,(092) 820 7523,Bau-Bau,2023-05-28,Platinum,2023-05-28,,True
2895,P02347,Rusman Zulkarnain,prayogadimaz@example.net,+62-092-060-9288,Bukittinggi,2024-02-11,Basic,2024-02-11,,True
2896,P02348,Ulya Hariyah,narji81@example.net,087 995 7095,Prabumulih,2023-06-12,Basic,2023-06-12,,True
2897,P02349,Dariati Lestari,fharyanto@example.org,+62 (048) 825-2498,Pematangsiantar,2023-05-16,Basic,2023-05-16,2025-06-15,False
2898,P02349,Dariati Lestari,fharyanto@example.org,+62 (048) 825-2498,Pematangsiantar,2023-05-16,Gold,2025-06-15,,True
2899,P02350,Raditya Mangunsong,harjasanashiruddin@example.com,+62 (0418) 845 7813,Batam,2024-05-19,Basic,2024-05-19,,True
2900,P02351,Aditya Fujiati,wakiman08@example.com,+62 (025) 113 0790,Kota Administrasi Jakarta Utara,2023-10-21,Gold,2023-10-21,,True
2901,P02352,Dacin Mansur,daruna60@example.net,+62-87-184-1539,Salatiga,2023-02-09,Gold,2023-02-09,2025-08-09,False
2902,P02352,Dacin Mansur,daruna60@example.net,+62-87-184-1539,Salatiga,2023-02-09,Platinum,2025-08-09,,True
2903,P02353,KH. Paiman Mandala,jprastuti@example.net,(076) 318-2535,Lhokseumawe,2024-02-22,Basic,2024-02-22,,True
2904,P02354,"R.A. Wulan Widodo, S.Farm",rudiuyainah@example.org,+62 (895) 218 7018,Pagaralam,2023-07-11,Basic,2023-07-11,,True
2905,P02355,Dacin Utami,rikajanuar@example.org,0894377652,Semarang,2024-02-14,Basic,2024-02-14,,True
2906,P02356,Daruna Wijayanti,megantarajoko@example.net,(047) 527-4249,Lhokseumawe,2023-12-04,Basic,2023-12-04,,True
2907,P02357,Jaya Pangestu,vramadan@example.net,(019) 026 2669,Dumai,2024-03-27,Basic,2024-03-27,,True
2908,P02358,dr. Hardi Suartini,imam19@example.com,(027) 647-8042,Pariaman,2024-01-27,Platinum,2024-01-27,,True
2909,P02359,"Titin Kurniawan, S.E.",najam76@example.net,082 786 9999,Makassar,2024-01-10,Basic,2024-01-10,,True
2910,P02360,Hj. Ciaobella Hariyah,padmasarinabila@example.com,(083) 809 0704,Pasuruan,2023-12-12,Basic,2023-12-12,,True
2911,P02361,Drs. Elvina Habibi,halimpradipta@example.org,+62 (013) 528-6821,Jayapura,2023-12-18,Basic,2023-12-18,,True
2912,P02362,Uda Namaga,oktavianilintang@example.com,+62 (95) 201-7314,Palangkaraya,2024-05-31,Basic,2024-05-31,,True
2913,P02363,Sabrina Mulyani,puti32@example.net,+62 (067) 415-9440,Meulaboh,2023-03-14,Gold,2023-03-14,,True
2914,P02364,Puput Narpati,wasis84@example.org,+62-044-855-6383,Tidore Kepulauan,2024-01-25,Basic,2024-01-25,,True
2915,P02365,Bakianto Ardianto,,(0802) 551 7112,Depok,2023-06-03,Basic,2023-06-03,2025-05-22,False
2916,P02365,Bakianto Ardianto,,(0802) 551 7112,Depok,2023-06-03,Gold,2025-05-22,,True
2917,P02366,Prasetya Oktaviani,mutiasiregar@example.net,(002) 948 1433,Banjarmasin,2024-03-22,Basic,2024-03-22,2025-08-29,False
2918,P02366,Prasetya Oktaviani,mutiasiregar@example.net,(002) 948 1433,Banjarmasin,2024-03-22,Gold,2025-08-29,,True
2919,P02367,Irsad Wibowo,twijaya@example.com,+62-652-345-2195,Tanjungbalai,2023-10-17,Basic,2023-10-17,2025-08-29,False
2920,P02367,Irsad Wibowo,twijaya@example.com,+62-652-345-2195,Tanjungbalai,2023-10-17,Gold,2025-08-29,,True
2921,P02368,drg. Endra Kuswoyo,tri15@example.org,+62 (25) 198-3025,Serang,2023-10-09,Gold,2023-10-09,2025-03-21,False
2922,P02368,drg. Endra Kuswoyo,tri15@example.org,+62 (25) 198-3025,Serang,2023-10-09,Platinum,2025-03-21,,True
2923,P02369,H. Wakiman Budiyanto,lbudiyanto@example.org,+62 (092) 534-1024,Jambi,2023-11-27,Basic,2023-11-27,,True
2924,P02370,"Tgk. Gamani Firmansyah, S.Gz",kemal66@example.org,+62 (0979) 881 8444,Pariaman,2024-03-24,Basic,2024-03-24,,True
2925,P02371,T. Rahmat Wulandari,vivimulyani@example.net,086 968 0383,Kupang,2024-08-23,Basic,2024-08-23,,True
2926,P02372,Harsanto Zulkarnain,vino05@example.net,(000) 651-4879,Yogyakarta,2024-09-17,Basic,2024-09-17,,True
2927,P02373,"Drs. Kamidin Tampubolon, S.IP",rahmiyuliarti@example.net,+62 (824) 373-1692,Batam,2024-01-25,Basic,2024-01-25,,True
2928,P02374,"Nilam Santoso, M.TI.",setiawanvera@example.org,+62 (98) 891-7128,Mataram,2024-09-20,Basic,2024-09-20,,True
2929,P02375,"Ozy Winarsih, S.E.I",zrahimah@example.org,+62 (0673) 947 8645,Magelang,2024-05-30,Gold,2024-05-30,2025-09-04,False
2930,P02375,"Ozy Winarsih, S.E.I",zrahimah@example.org,+62 (0673) 947 8645,Magelang,2024-05-30,Platinum,2025-09-04,,True
2931,P02376,Mala Nasyidah,martanihidayat@example.net,0824784914,Palopo,2023-03-23,Basic,2023-03-23,2025-10-21,False
2932,P02376,Mala Nasyidah,martanihidayat@example.net,0824784914,Palopo,2023-03-23,Gold,2025-10-21,,True
2933,P02377,Harsana Mulyani,hasanahtitin@example.com,(0449) 198-8664,Mataram,2024-04-04,Basic,2024-04-04,,True
2934,P02378,Indah Prayoga,rahayunugraha@example.com,+62 (696) 144 7126,Payakumbuh,2023-03-19,Basic,2023-03-19,,True
2935,P02379,"Malika Irawan, S.T.",ssaptono@example.net,(0130) 046 8127,Padang Sidempuan,2023-03-17,Basic,2023-03-17,,True
2936,P02380,Usyi Saptono,wadi50@example.com,+62 (076) 491-8992,Langsa,2024-04-04,Gold,2024-04-04,2025-10-23,False
2937,P02380,Usyi Saptono,wadi50@example.com,+62 (076) 491-8992,Langsa,2024-04-04,Platinum,2025-10-23,,True
2938,P02381,"Radit Situmorang, S.T.",jokohandayani@example.net,+62-87-448-3695,Surabaya,2023-12-20,Gold,2023-12-20,2025-04-09,False
2939,P02381,"Radit Situmorang, S.T.",jokohandayani@example.net,+62-87-448-3695,Surabaya,2023-12-20,Platinum,2025-04-09,,True
2940,P02382,KH. Harsaya Uyainah,farahsihombing@example.com,+62 (244) 278-7917,Kota Administrasi Jakarta Pusat,2024-06-09,Basic,2024-06-09,,True
2941,P02383,Rika Haryanto,salahudincahyo@example.net,+62-058-021-6782,Prabumulih,2023-03-13,Basic,2023-03-13,,True
2942,P02384,Calista Hartati,pranowoliman@example.com,+62-0009-116-3883,Kota Administrasi Jakarta Barat,2024-09-15,Basic,2024-09-15,,True
2943,P02385,Hari Maryadi,nasimriyanti@example.org,(046) 158-4586,Sukabumi,2023-01-19,Gold,2023-01-19,,True
2944,P02386,Fathonah Prayoga,asirwanda71@example.net,(0786) 824-1996,Padang Sidempuan,2023-07-16,Basic,2023-07-16,,True
2945,P02387,Siti Hidayanto,kemba27@example.org,+62 (010) 250 5192,Tidore Kepulauan,2023-02-03,Basic,2023-02-03,2025-03-07,False
2946,P02387,Siti Hidayanto,kemba27@example.org,+62 (010) 250 5192,Tidore Kepulauan,2023-02-03,Gold,2025-03-07,,True
2947,P02388,"Tgk. Mahesa Simanjuntak, S.Farm",mitra19@example.com,081 866 6491,Denpasar,2023-10-28,Basic,2023-10-28,2025-07-29,False
2948,P02388,"Tgk. Mahesa Simanjuntak, S.Farm",mitra19@example.com,081 866 6491,Denpasar,2023-10-28,Gold,2025-07-29,,True
2949,P02389,"Galuh Handayani, M.Farm",eluh44@example.org,+62 (0829) 166 7109,Pasuruan,2024-05-18,Basic,2024-05-18,,True
2950,P02390,Cengkir Gunawan,rahmawatibalapati@example.net,(0271) 163-5997,Kota Administrasi Jakarta Timur,2023-07-26,Gold,2023-07-26,2025-08-30,False
2951,P02390,Cengkir Gunawan,rahmawatibalapati@example.net,(0271) 163-5997,Kota Administrasi Jakarta Timur,2023-07-26,Platinum,2025-08-30,,True
2952,P02391,Humaira Dongoran,hadipadmasari@example.org,+62 (321) 978 7476,Bitung,2024-10-29,Basic,2024-10-29,,True
2953,P02392,dr. Zulfa Maryadi,zhabibi@example.net,+62 (084) 183-8482,Tasikmalaya,2023-09-27,Basic,2023-09-27,,True
2954,P02393,Prayitna Situmorang,adikarawastuti@example.com,+62 (77) 012 7667,Batu,2024-02-03,Gold,2024-02-03,,True
2955,P02394,drg. Humaira Mandala,hutasoitestiono@example.com,0863039910,Padang Sidempuan,2023-11-02,Basic,2023-11-02,,True
2956,P02395,R. Manah Waskita,qpertiwi@example.com,+62 (0650) 473-4007,Cirebon,2023-04-10,Basic,2023-04-10,,True
2957,P02396,Genta Kurniawan,sitompulhasta@example.net,+62 (009) 379 0976,Kota Administrasi Jakarta Selatan,2023-05-20,Platinum,2023-05-20,,True
2958,P02397,R. Ihsan Saptono,drajatpadmasari@example.org,+62-0937-379-7115,Banjar,2023-05-13,Gold,2023-05-13,,True
2959,P02398,"Balangga Pangestu, S.Psi",friyanti@example.net,+62 (092) 925-6501,Palopo,2023-03-09,Basic,2023-03-09,,True
2960,P02399,Tgk. Surya Pranowo,azaleasafitri@example.org,+62-32-055-8683,Tarakan,2023-05-11,Basic,2023-05-11,,True
2961,P02400,"Tgk. Warsa Rahimah, S.Psi",darsirahsamosir@example.com,+62 (0429) 005 6699,Probolinggo,2023-11-03,Basic,2023-11-03,,True
2962,P02401,"Ir. Purwadi Prabowo, S.Psi",padmisitompul@example.org,+62 (096) 558-4458,Ambon,2023-10-22,Basic,2023-10-22,,True
2963,P02402,Vega Narpati,purwadiriyanti@example.net,+62 (014) 473 2795,Tangerang,2024-02-20,Gold,2024-02-20,,True
2964,P02403,Wardaya Simanjuntak,novi57@example.com,+62 (0312) 991-3938,Batam,2023-08-29,Basic,2023-08-29,2025-04-07,False
2965,P02403,Wardaya Simanjuntak,novi57@example.com,+62 (0312) 991-3938,Batam,2023-08-29,Gold,2025-04-07,,True
2966,P02404,Eman Pangestu,putitarihoran@example.net,+62 (396) 829 1984,Medan,2023-03-01,Basic,2023-03-01,,True
2967,P02405,Violet Kuswandari,gaiman84@example.org,+62-0816-958-0901,Bontang,2023-10-03,Basic,2023-10-03,,True
2968,P02406,Safina Nasyiah,sihotangyahya@example.com,(016) 834-4415,Madiun,2023-09-03,Basic,2023-09-03,,True
2969,P02407,Maman Hutasoit,hakimpaiman@example.org,+62-428-303-5171,Pontianak,2023-07-24,Basic,2023-07-24,,True
2970,P02408,Ridwan Sitompul,opranowo@example.org,+62-572-174-4190,Serang,2023-05-20,Basic,2023-05-20,,True
2971,P02409,"Pia Wahyuni, S.T.",zmaryadi@example.org,+62 (506) 046 1623,Salatiga,2023-09-06,Gold,2023-09-06,,True
2972,P02410,Nabila Habibi,hana13@example.org,+62-0770-167-6216,Malang,2024-05-08,Basic,2024-05-08,,True
2973,P02411,Anastasia Santoso,hassanahdarmana@example.org,+62 (0010) 106-8471,Jayapura,2023-05-18,Basic,2023-05-18,2025-04-14,False
2974,P02411,Anastasia Santoso,hassanahdarmana@example.org,+62 (0010) 106-8471,Jayapura,2023-05-18,Gold,2025-04-14,,True
2975,P02412,"Tgk. Ivan Aryani, S.Psi",nugrohohasna@example.org,+62 (0004) 460-9439,Banjar,2023-06-29,Basic,2023-06-29,,True
2976,P02413,Uchita Oktaviani,bambangoktaviani@example.net,(0619) 504-7318,Banda Aceh,2023-03-04,Basic,2023-03-04,2025-05-29,False
2977,P02413,Uchita Oktaviani,bambangoktaviani@example.net,(0619) 504-7318,Banda Aceh,2023-03-04,Gold,2025-05-29,,True
2978,P02414,Zulfa Natsir,adriansyahagnes@example.net,+62 (038) 460-9701,Singkawang,2023-11-07,Basic,2023-11-07,2025-09-08,False
2979,P02414,Zulfa Natsir,adriansyahagnes@example.net,+62 (038) 460-9701,Singkawang,2023-11-07,Gold,2025-09-08,,True
2980,P02415,drg. Hendra Ramadan,yuliantipatricia@example.org,+62-0497-138-9391,Bekasi,2023-05-14,Basic,2023-05-14,2025-10-02,False
2981,P02415,drg. Hendra Ramadan,yuliantipatricia@example.org,+62-0497-138-9391,Bekasi,2023-05-14,Gold,2025-10-02,,True
2982,P02416,Artawan Situmorang,hariyahharja@example.org,+62 (234) 614 5182,Jambi,2024-01-29,Gold,2024-01-29,,True
2983,P02417,Puti Usyi Winarsih,kdabukke@example.org,+62-0607-436-2716,Samarinda,2023-05-01,Basic,2023-05-01,,True
2984,P02418,H. Respati Uwais,latuponoumar@example.org,+62 (056) 931-3528,Kota Administrasi Jakarta Pusat,2023-03-25,Gold,2023-03-25,2025-08-30,False
2985,P02418,H. Respati Uwais,latuponoumar@example.org,+62 (056) 931-3528,Kota Administrasi Jakarta Pusat,2023-03-25,Platinum,2025-08-30,,True
2986,P02419,Dariati Purwanti,gnababan@example.org,+62-014-918-0823,Bengkulu,2024-04-21,Basic,2024-04-21,,True
2987,P02420,"R. Adikara Hartati, M.Pd",kanggriawan@example.org,+62 (058) 582 9809,Batam,2024-09-06,Basic,2024-09-06,,True
2988,P02421,Dt. Slamet Susanti,sihombingemin@example.com,085 323 0475,Bandar Lampung,2023-04-18,Basic,2023-04-18,,True
2989,P02422,Farhunnisa Haryanti,gatot53@example.com,+62-525-362-4261,Kendari,2023-12-11,Gold,2023-12-11,,True
2990,P02423,Gina Saragih,bagyamarbun@example.org,+62 (327) 183-5614,Bima,2024-03-04,Basic,2024-03-04,,True
2991,P02424,Siti Santoso,kjailani@example.com,+62 (40) 348 2248,Depok,2024-01-11,Basic,2024-01-11,2025-08-10,False
2992,P02424,Siti Santoso,kjailani@example.com,+62 (40) 348 2248,Depok,2024-01-11,Gold,2025-08-10,,True
2993,P02425,"Ir. Ihsan Wulandari, M.M.",prayogajaeman@example.org,+62 (043) 817 2957,Balikpapan,2024-07-06,Basic,2024-07-06,2025-06-21,False
2994,P02425,"Ir. Ihsan Wulandari, M.M.",prayogajaeman@example.org,+62 (043) 817 2957,Balikpapan,2024-07-06,Gold,2025-06-21,,True
2995,P02426,Pardi Gunarto,garang23@example.net,+62-0317-971-6315,Sabang,2023-01-27,Basic,2023-01-27,,True
2996,P02427,"Baktiono Andriani, S.H.",restuhariyah@example.org,(028) 888-7525,Balikpapan,2024-12-01,Basic,2024-12-01,2025-07-03,False
2997,P02427,"Baktiono Andriani, S.H.",restuhariyah@example.org,(028) 888-7525,Balikpapan,2024-12-01,Gold,2025-07-03,,True
2998,P02428,Pranawa Manullang,lhariyah@example.org,(0450) 650-0862,Parepare,2024-09-11,Basic,2024-09-11,2025-05-07,False
2999,P02428,Pranawa Manullang,lhariyah@example.org,(0450) 650-0862,Parepare,2024-09-11,Gold,2025-05-07,,True
3000,P02429,Aswani Habibi,ppuspasari@example.com,083 524 9821,Ambon,2023-07-12,Basic,2023-07-12,,True
3001,P02430,"Jessica Pudjiastuti, S.Sos",kasim85@example.net,+62 (0136) 309 0333,Tebingtinggi,2024-07-05,Basic,2024-07-05,2025-06-28,False
3002,P02430,"Jessica Pudjiastuti, S.Sos",kasim85@example.net,+62 (0136) 309 0333,Tebingtinggi,2024-07-05,Gold,2025-06-28,,True
3003,P02431,"Vivi Halim, S.Pd",rafid85@example.org,(002) 753-6259,Cilegon,2023-02-23,Basic,2023-02-23,,True
3004,P02432,Agus Dongoran,mutama@example.com,+62-29-719-2837,Pekanbaru,2023-08-19,Platinum,2023-08-19,,True
3005,P02433,Harsana Lailasari,vanesa46@example.org,0806266438,Padangpanjang,2023-05-02,Basic,2023-05-02,2025-03-23,False
3006,P02433,Harsana Lailasari,vanesa46@example.org,0806266438,Padangpanjang,2023-05-02,Gold,2025-03-23,,True
3007,P02434,"Zelda Habibi, S.E.",nsirait@example.com,+62 (0502) 479 6928,Banjarbaru,2023-04-11,Gold,2023-04-11,,True
3008,P02435,Cut Vicky Haryanti,ulyasalahudin@example.com,(053) 917-3256,Kotamobagu,2024-06-03,Gold,2024-06-03,,True
3009,P02436,Jayeng Andriani,karsana09@example.org,+62 (093) 805 7558,Tanjungpinang,2024-03-27,Basic,2024-03-27,,True
3010,P02437,"Jarwi Budiyanto, S.E.I",carla43@example.com,+62 (403) 166 8249,Singkawang,2023-02-12,Basic,2023-02-12,2025-07-19,False
3011,P02437,"Jarwi Budiyanto, S.E.I",carla43@example.com,+62 (403) 166 8249,Singkawang,2023-02-12,Gold,2025-07-19,,True
3012,P02438,Vivi Halim,ani48@example.org,+62-0095-451-5034,Binjai,2024-02-29,Platinum,2024-02-29,,True
3013,P02439,Sutan Hasan Hasanah,karsana06@example.org,+62-69-940-1946,Sungai Penuh,2023-04-16,Basic,2023-04-16,2025-06-28,False
3014,P02439,Sutan Hasan Hasanah,karsana06@example.org,+62-69-940-1946,Sungai Penuh,2023-04-16,Gold,2025-06-28,,True
3015,P02440,Dr. Luthfi Simanjuntak,xardianto@example.net,(076) 063 4076,Palembang,2024-02-27,Basic,2024-02-27,,True
3016,P02441,Eman Utama,fitrianilailasari@example.net,+62-564-592-2264,Bogor,2023-02-14,Basic,2023-02-14,,True
3017,P02442,Dwi Sudiati,marpaungcarub@example.net,0820744726,Meulaboh,2024-06-13,Basic,2024-06-13,2025-10-02,False
3018,P02442,Dwi Sudiati,marpaungcarub@example.net,0820744726,Meulaboh,2024-06-13,Gold,2025-10-02,,True
3019,P02443,Zulfa Setiawan,iwijayanti@example.org,0871820747,Kupang,2023-01-16,Basic,2023-01-16,,True
3020,P02444,Yuni Usada,jnovitasari@example.net,+62 (022) 652 2119,Malang,2024-01-29,Gold,2024-01-29,,True
3021,P02445,Lembah Putra,megantarakajen@example.org,(027) 876-1779,Pasuruan,2023-11-24,Basic,2023-11-24,2025-05-20,False
3022,P02445,Lembah Putra,megantarakajen@example.org,(027) 876-1779,Pasuruan,2023-11-24,Gold,2025-05-20,,True
3023,P02446,"Devi Wulandari, S.Kom",darmana68@example.net,+62 (002) 310 3894,Balikpapan,2023-09-26,Basic,2023-09-26,,True
3024,P02447,Yulia Wastuti,yuliartidarmanto@example.org,+62 (81) 211-5928,Gorontalo,2023-04-27,Gold,2023-04-27,,True
3025,P02448,"Dt. Daru Pertiwi, M.M.",siregardarsirah@example.org,(061) 178 0363,Malang,2023-10-02,Basic,2023-10-02,,True
3026,P02449,Rafi Laksita,danu79@example.com,+62-58-551-6628,Padang,2024-10-30,Basic,2024-10-30,,True
3027,P02450,"Tgk. Juli Manullang, M.Ak",jjanuar@example.org,(0163) 669 0669,Medan,2023-05-02,Basic,2023-05-02,,True
3028,P02451,Shania Prasasta,dono26@example.org,+62-88-770-8275,Manado,2023-08-28,Basic,2023-08-28,,True
3029,P02452,Gina Nuraini,laksmiwatisiti@example.org,+62 (046) 585 0651,Bitung,2024-01-16,Basic,2024-01-16,,True
3030,P02453,H. Nasim Hardiansyah,mulya94@example.com,+62 (0903) 214 5180,Palembang,2024-04-03,Basic,2024-04-03,,True
3031,P02454,R. Vanesa Tampubolon,wirda40@example.com,(0293) 305 9983,Pasuruan,2024-07-12,Gold,2024-07-12,,True
3032,P02455,"dr. Kartika Januar, S.Gz",bagya14@example.net,0859951570,Banjarbaru,2024-07-30,Basic,2024-07-30,,True
3033,P02456,T. Jono Puspita,solehsuryono@example.com,+62 (0615) 582-8534,Bengkulu,2023-08-18,Basic,2023-08-18,,True
3034,P02457,Tgk. Vega Firmansyah,,+62-63-139-2420,Blitar,2023-10-27,Basic,2023-10-27,,True
3035,P02458,Novi Pradana,drajat46@example.com,+62 (63) 365-4622,Bengkulu,2023-06-01,Basic,2023-06-01,,True
3036,P02459,Jaeman Safitri,taliadongoran@example.com,+62 (924) 167-2207,Subulussalam,2023-06-27,Basic,2023-06-27,2025-04-02,False
3037,P02459,Jaeman Safitri,taliadongoran@example.com,+62 (924) 167-2207,Subulussalam,2023-06-27,Gold,2025-04-02,,True
3038,P02460,dr. Laswi Ramadan,lbudiyanto@example.net,+62 (375) 395-0577,Banjarmasin,2023-10-24,Basic,2023-10-24,2025-10-17,False
3039,P02460,dr. Laswi Ramadan,lbudiyanto@example.net,+62 (375) 395-0577,Banjarmasin,2023-10-24,Gold,2025-10-17,,True
3040,P02461,Drs. Sakti Simbolon,gawati61@example.org,+62-0061-140-8083,Salatiga,2023-04-20,Basic,2023-04-20,,True
3041,P02462,Puti Chelsea Winarsih,abyasa91@example.net,+62 (0310) 706-3017,Kota Administrasi Jakarta Selatan,2023-07-03,Basic,2023-07-03,,True
3042,P02463,"Dimas Lailasari, S.Farm",utamaivan@example.org,+62 (0155) 469-4010,Tangerang,2023-11-27,Gold,2023-11-27,2025-07-17,False
3043,P02463,"Dimas Lailasari, S.Farm",utamaivan@example.org,+62 (0155) 469-4010,Tangerang,2023-11-27,Platinum,2025-07-17,,True
3044,P02464,Dr. Endra Pradana,prabawa48@example.org,0898745726,Parepare,2024-04-26,Basic,2024-04-26,,True
3045,P02465,Restu Mandala,usamahmuhammad@example.org,+62 (422) 637 1554,Tanjungpinang,2023-05-11,Basic,2023-05-11,,True
3046,P02466,"Narji Haryanto, S.H.",jagalailasari@example.net,(0668) 506-2677,Sibolga,2024-09-25,Platinum,2024-09-25,,True
3047,P02467,R.M. Paiman Santoso,prabaprayoga@example.com,087 071 9801,Langsa,2023-07-01,Gold,2023-07-01,,True
3048,P02468,"Puti Sadina Halimah, S.Ked",tpertiwi@example.com,+62-20-901-5038,Kota Administrasi Jakarta Barat,2023-03-22,Basic,2023-03-22,,True
3049,P02469,T. Muni Palastri,narji25@example.net,+62 (663) 869-5231,Pekanbaru,2023-02-16,Basic,2023-02-16,,True
3050,P02470,Nugraha Jailani,elihassanah@example.com,(0070) 136 9295,Bogor,2024-03-25,Basic,2024-03-25,2025-09-14,False
3051,P02470,Nugraha Jailani,elihassanah@example.com,(0070) 136 9295,Bogor,2024-03-25,Gold,2025-09-14,,True
3052,P02471,R. Puti Gunarto,hhutapea@example.org,+62 (0734) 978 4751,Bontang,2023-06-17,Gold,2023-06-17,,True
3053,P02472,Lidya Putra,mayasarikajen@example.org,(0332) 528-0590,Dumai,2023-08-06,Gold,2023-08-06,,True
3054,P02473,"R. Dewi Kuswoyo, S.IP",yhakim@example.com,+62 (0474) 597 6545,Pangkalpinang,2023-10-28,Basic,2023-10-28,,True
3055,P02474,"Dt. Prayoga Pranowo, S.I.Kom",usadaedi@example.net,+62 (0295) 040 3126,Payakumbuh,2023-09-21,Basic,2023-09-21,,True
3056,P02475,Tgk. Galak Mahendra,mangunsongluluh@example.com,(0471) 506-4268,Padang,2024-05-09,Basic,2024-05-09,,True
3057,P02476,R. Silvia Farida,faridacager@example.net,087 633 9960,Padangpanjang,2024-01-06,Basic,2024-01-06,,True
3058,P02477,Tomi Prayoga,jamil91@example.net,0874872111,Sawahlunto,2024-07-06,Basic,2024-07-06,,True
3059,P02478,drg. Wira Lazuardi,bajragin60@example.org,+62 (008) 640 9362,Ambon,2024-08-24,Basic,2024-08-24,,True
3060,P02479,Asmianto Siregar,halima18@example.net,(0115) 676-5565,Tangerang,2023-11-08,Basic,2023-11-08,,True
3061,P02480,"Narji Santoso, S.Sos",wrahmawati@example.net,(0981) 980-8384,Magelang,2024-06-10,Basic,2024-06-10,,True
3062,P02481,"Tgk. Kamaria Narpati, S.Kom",sadinanurdiyanti@example.net,(0574) 236 2740,Sungai Penuh,2023-03-05,Gold,2023-03-05,,True
3063,P02482,"Maya Maryadi, S.T.",rachel66@example.org,0807378699,Bukittinggi,2023-09-23,Basic,2023-09-23,2025-04-22,False
3064,P02482,"Maya Maryadi, S.T.",rachel66@example.org,0807378699,Bukittinggi,2023-09-23,Gold,2025-04-22,,True
3065,P02483,Wisnu Winarno,makutamanullang@example.org,+62 (044) 150-9998,Bitung,2023-02-09,Gold,2023-02-09,,True
3066,P02484,"Ir. Halima Safitri, S.E.I",upermata@example.net,(073) 041 3372,Subulussalam,2023-07-10,Basic,2023-07-10,,True
3067,P02485,Ophelia Mahendra,puti55@example.com,+62 (359) 174-1956,Bogor,2023-06-30,Platinum,2023-06-30,,True
3068,P02486,"drg. Anastasia Haryanto, M.Kom.",kayunmegantara@example.com,+62 (0173) 769-8698,Depok,2024-09-13,Basic,2024-09-13,,True
3069,P02487,"R.M. Prakosa Irawan, M.Kom.",hidayatmaryanto@example.org,+62 (241) 546 4769,Kota Administrasi Jakarta Selatan,2023-08-25,Basic,2023-08-25,2025-10-18,False
3070,P02487,"R.M. Prakosa Irawan, M.Kom.",hidayatmaryanto@example.org,+62 (241) 546 4769,Kota Administrasi Jakarta Selatan,2023-08-25,Gold,2025-10-18,,True
3071,P02488,"KH. Hasim Ardianto, S.Farm",wnababan@example.net,+62 (77) 999-4559,Tarakan,2023-07-08,Basic,2023-07-08,2025-07-06,False
3072,P02488,"KH. Hasim Ardianto, S.Farm",wnababan@example.net,+62 (77) 999-4559,Tarakan,2023-07-08,Gold,2025-07-06,,True
3073,P02489,Prayitna Iswahyudi,ismail66@example.org,(0350) 157 2264,Meulaboh,2024-09-12,Basic,2024-09-12,,True
3074,P02490,Hani Simbolon,gildadamanik@example.net,(0416) 335-1000,Tidore Kepulauan,2024-07-19,Basic,2024-07-19,,True
3075,P02491,Dinda Suryono,nadia31@example.org,+62 (047) 276-0831,Kotamobagu,2023-08-03,Basic,2023-08-03,,True
3076,P02492,Wira Salahudin,waskitarama@example.net,+62 (57) 336-4503,Banjar,2024-01-30,Gold,2024-01-30,2025-10-07,False
3077,P02492,Wira Salahudin,waskitarama@example.net,+62 (57) 336-4503,Banjar,2024-01-30,Platinum,2025-10-07,,True
3078,P02493,Okta Saragih,sitorusgandewa@example.net,+62 (99) 056 0729,Pariaman,2024-09-07,Gold,2024-09-07,2025-08-23,False
3079,P02493,Okta Saragih,sitorusgandewa@example.net,+62 (99) 056 0729,Pariaman,2024-09-07,Platinum,2025-08-23,,True
3080,P02494,"Syahrini Melani, S.Gz",agunawan@example.net,+62 (0548) 075-8142,Bengkulu,2024-05-04,Basic,2024-05-04,,True
3081,P02495,Oni Hassanah,aris02@example.com,+62 (093) 544 6899,Parepare,2024-03-16,Basic,2024-03-16,,True
3082,P02496,Ir. Ghaliyati Usamah,daruna71@example.org,+62-02-917-6163,Kendari,2024-09-01,Platinum,2024-09-01,,True
3083,P02497,Kenari Wastuti,bnuraini@example.net,+62 (099) 074 8998,Serang,2024-04-25,Basic,2024-04-25,2025-05-27,False
3084,P02497,Kenari Wastuti,bnuraini@example.net,+62 (099) 074 8998,Serang,2024-04-25,Gold,2025-05-27,,True
3085,P02498,Jasmin Widiastuti,spratama@example.org,+62-066-747-6469,Bandar Lampung,2024-07-26,Basic,2024-07-26,2025-04-18,False
3086,P02498,Jasmin Widiastuti,spratama@example.org,+62-066-747-6469,Bandar Lampung,2024-07-26,Gold,2025-04-18,,True
3087,P02499,Umaya Andriani,cahya09@example.net,+62 (010) 924-7731,Bandung,2023-01-09,Basic,2023-01-09,,True
3088,P02500,Winda Siregar,asusanti@example.net,+62 (070) 691 0989,Kota Administrasi Jakarta Timur,2024-10-09,Gold,2024-10-09,,True
3089,P02501,Wasis Nasyiah,zaenab69@example.net,+62 (012) 749-5882,Yogyakarta,2023-05-20,Basic,2023-05-20,,True
3090,P02502,"R.A. Salsabila Hasanah, S.Ked",hendri86@example.org,+62-82-007-1114,Serang,2023-01-09,Gold,2023-01-09,,True
3091,P02503,Artanto Hutapea,jagasudiati@example.org,+62 (977) 351-4434,Gorontalo,2023-12-17,Basic,2023-12-17,,True
3092,P02504,Drs. Adhiarja Nasyidah,dalimin09@example.org,+62-0576-225-9787,Sabang,2023-06-29,Gold,2023-06-29,2025-04-08,False
3093,P02504,Drs. Adhiarja Nasyidah,dalimin09@example.org,+62-0576-225-9787,Sabang,2023-06-29,Platinum,2025-04-08,,True
3094,P02505,Hj. Gilda Sinaga,farahprastuti@example.org,0842765546,Banjarbaru,2024-08-04,Gold,2024-08-04,,True
3095,P02506,Gina Sitorus,harsantolaksita@example.com,+62 (02) 315-5592,Bima,2023-05-11,Basic,2023-05-11,2025-10-12,False
3096,P02506,Gina Sitorus,harsantolaksita@example.com,+62 (02) 315-5592,Bima,2023-05-11,Gold,2025-10-12,,True
3097,P02507,Farhunnisa Jailani,warta51@example.org,+62-349-059-5204,Pagaralam,2023-07-02,Basic,2023-07-02,,True
3098,P02508,"Zulaikha Saefullah, M.Pd",radikamegantara@example.net,(0915) 358-2760,Salatiga,2024-11-24,Basic,2024-11-24,,True
3099,P02509,"Gina Purnawati, S.T.",siregarkezia@example.org,+62 (0883) 258 1205,Bontang,2023-03-10,Basic,2023-03-10,,True
3100,P02510,Agnes Ramadan,eusada@example.net,080 435 5463,Lhokseumawe,2023-05-18,Basic,2023-05-18,2025-10-14,False
3101,P02510,Agnes Ramadan,eusada@example.net,080 435 5463,Lhokseumawe,2023-05-18,Gold,2025-10-14,,True
3102,P02511,Drs. Queen Maryati,hhassanah@example.org,(008) 985 4935,Bogor,2023-11-05,Basic,2023-11-05,,True
3103,P02512,Cahyono Uwais,akarsanawidodo@example.net,(065) 558 0117,Bukittinggi,2023-12-06,Basic,2023-12-06,,True
3104,P02513,Lidya Gunarto,martakahidayanto@example.net,+62 (424) 863-0062,Kota Administrasi Jakarta Utara,2023-08-19,Basic,2023-08-19,,True
3105,P02514,"Dian Hakim, S.I.Kom",asaputra@example.com,(0368) 835 3505,Tanjungpinang,2024-07-15,Basic,2024-07-15,,True
3106,P02515,Rahayu Haryanto,anilailasari@example.net,+62-27-632-7585,Kota Administrasi Jakarta Selatan,2023-08-31,Basic,2023-08-31,,True
3107,P02516,Bakda Wibisono,januarumaya@example.net,+62-0711-048-9217,Sawahlunto,2023-04-20,Basic,2023-04-20,2025-09-05,False
3108,P02516,Bakda Wibisono,januarumaya@example.net,+62-0711-048-9217,Sawahlunto,2023-04-20,Gold,2025-09-05,,True
3109,P02517,Mila Firmansyah,tsaefullah@example.com,+62-68-231-9923,Kota Administrasi Jakarta Timur,2023-11-18,Basic,2023-11-18,2025-07-25,False
3110,P02517,Mila Firmansyah,tsaefullah@example.com,+62-68-231-9923,Kota Administrasi Jakarta Timur,2023-11-18,Gold,2025-07-25,,True
3111,P02518,Siska Hutagalung,waluyobudi@example.com,+62 (0509) 224-8332,Singkawang,2023-11-29,Basic,2023-11-29,,True
3112,P02519,"Ir. Yance Budiyanto, S.IP",halimpurwanto@example.com,+62 (631) 057 1197,Sungai Penuh,2023-01-13,Basic,2023-01-13,2025-07-26,False
3113,P02519,"Ir. Yance Budiyanto, S.IP",halimpurwanto@example.com,+62 (631) 057 1197,Sungai Penuh,2023-01-13,Gold,2025-07-26,,True
3114,P02520,"Akarsana Halimah, M.Kom.",evamanullang@example.org,+62 (76) 242 7489,Kota Administrasi Jakarta Selatan,2024-07-15,Basic,2024-07-15,,True
3115,P02521,Rika Purwanti,bakiono53@example.com,+62 (41) 596-7988,Dumai,2023-04-04,Gold,2023-04-04,,True
3116,P02522,Bala Agustina,siregarhalima@example.org,0816167743,Salatiga,2024-03-15,Basic,2024-03-15,,True
3117,P02523,"Dinda Simanjuntak, S.E.I",karya53@example.com,+62 (365) 735 3683,Balikpapan,2024-03-19,Gold,2024-03-19,,True
3118,P02524,Genta Gunawan,larasprasetyo@example.net,+62-349-516-3983,Kota Administrasi Jakarta Pusat,2023-08-07,Basic,2023-08-07,,True
3119,P02525,Syahrini Wacana,raihan07@example.org,+62 (32) 270 8539,Tanjungbalai,2023-11-30,Basic,2023-11-30,,True
3120,P02526,Karimah Maryati,kokoastuti@example.net,087 946 7441,Prabumulih,2023-08-09,Basic,2023-08-09,,True
3121,P02527,Timbul Hidayat,hamima12@example.com,+62 (0600) 399 4309,Sabang,2024-08-27,Gold,2024-08-27,,True
3122,P02528,"Bancar Rahayu, M.M.",mahmud25@example.org,+62 (23) 369-4791,Padangpanjang,2024-05-27,Basic,2024-05-27,,True
3123,P02529,Vicky Fujiati,wasissitompul@example.net,+62 (00) 505 8923,Denpasar,2024-01-11,Basic,2024-01-11,,True
3124,P02530,Talia Thamrin,haryantojaka@example.net,+62-038-778-0601,Depok,2023-01-10,Basic,2023-01-10,,True
3125,P02531,Paris Laksmiwati,indahyuniar@example.org,+62 (0603) 414 1925,Kediri,2023-10-17,Basic,2023-10-17,2025-07-29,False
3126,P02531,Paris Laksmiwati,indahyuniar@example.org,+62 (0603) 414 1925,Kediri,2023-10-17,Gold,2025-07-29,,True
3127,P02532,Kiandra Samosir,rmustofa@example.org,+62 (0200) 781-8648,Manado,2023-03-01,Basic,2023-03-01,,True
3128,P02533,"Dr. Darsirah Yuliarti, M.Kom.",ysaragih@example.net,+62 (0629) 769 3470,Jayapura,2023-08-08,Basic,2023-08-08,,True
3129,P02534,"Candrakanta Wastuti, M.Farm",ihsan13@example.net,+62 (0918) 516 4211,Cirebon,2023-10-29,Platinum,2023-10-29,,True
3130,P02535,Oliva Simbolon,lintang17@example.org,+62-581-697-7681,Metro,2023-09-22,Basic,2023-09-22,2025-10-21,False
3131,P02535,Oliva Simbolon,lintang17@example.org,+62-581-697-7681,Metro,2023-09-22,Gold,2025-10-21,,True
3132,P02536,R.M. Darmaji Saefullah,gamani53@example.com,+62-076-256-8960,Banjar,2024-05-15,Basic,2024-05-15,,True
3133,P02537,Kamal Suryatmi,bagiyayulianti@example.org,+62 (98) 653-0631,Dumai,2023-09-15,Basic,2023-09-15,,True
3134,P02538,Fitria Laksita,wahyunimahdi@example.org,+62 (064) 693 6583,Lubuklinggau,2024-02-01,Basic,2024-02-01,,True
3135,P02539,Nurul Nababan,yuliantiamong@example.com,0863105651,Banda Aceh,2023-11-27,Basic,2023-11-27,2025-09-29,False
3136,P02539,Nurul Nababan,yuliantiamong@example.com,0863105651,Banda Aceh,2023-11-27,Gold,2025-09-29,,True
3137,P02540,Kusuma Permata,erikuwais@example.net,+62 (026) 211-2941,Pematangsiantar,2024-01-09,Basic,2024-01-09,,True
3138,P02541,Waluyo Dongoran,cahya64@example.com,+62 (85) 749 1240,Padang Sidempuan,2023-11-24,Basic,2023-11-24,,True
3139,P02542,"R.A. Ulva Permadi, S.Farm",banara09@example.org,+62 (048) 297-9732,Tidore Kepulauan,2023-11-22,Basic,2023-11-22,,True
3140,P02543,Queen Narpati,keisha30@example.org,+62 (023) 417 1645,Medan,2024-09-25,Basic,2024-09-25,,True
3141,P02544,Koko Setiawan,siti38@example.net,+62-55-002-1544,Samarinda,2023-05-11,Basic,2023-05-11,2025-09-14,False
3142,P02544,Koko Setiawan,siti38@example.net,+62-55-002-1544,Samarinda,2023-05-11,Gold,2025-09-14,,True
3143,P02545,"Nugraha Mandasari, M.Pd",jabalnasyidah@example.com,(012) 401 8763,Kupang,2024-04-21,Gold,2024-04-21,2025-05-18,False
3144,P02545,"Nugraha Mandasari, M.Pd",jabalnasyidah@example.com,(012) 401 8763,Kupang,2024-04-21,Platinum,2025-05-18,,True
3145,P02546,"R.A. Elvina Winarno, S.Pt",sitompulrafi@example.net,+62-062-049-6296,Surakarta,2024-08-30,Basic,2024-08-30,,True
3146,P02547,T. Harjo Winarno,lestaridinda@example.net,(071) 634 5434,Padangpanjang,2024-03-03,Basic,2024-03-03,2025-10-14,False
3147,P02547,T. Harjo Winarno,lestaridinda@example.net,(071) 634 5434,Padangpanjang,2024-03-03,Gold,2025-10-14,,True
3148,P02548,Fathonah Usamah,wlaksmiwati@example.org,+62 (0062) 039-3158,Tanjungbalai,2023-10-30,Basic,2023-10-30,,True
3149,P02549,Sutan Umar Widodo,luwes30@example.com,+62 (57) 320 9093,Solok,2024-08-09,Basic,2024-08-09,,True
3150,P02550,Sutan Mumpuni Hutasoit,psihotang@example.org,+62 (12) 170 3366,Langsa,2023-01-28,Basic,2023-01-28,,True
3151,P02551,"R.A. Vanesa Hariyah, S.T.",sitorusghani@example.net,+62-38-962-6967,Medan,2023-03-30,Gold,2023-03-30,,True
3152,P02552,"Dr. Widya Prasetyo, S.I.Kom",wastutianggabaya@example.org,+62-438-916-5945,Cimahi,2023-07-26,Basic,2023-07-26,,True
3153,P02553,Virman Iswahyudi,harjasazulaika@example.net,+62-0990-331-0860,Kota Administrasi Jakarta Pusat,2023-07-07,Basic,2023-07-07,,True
3154,P02554,Bakiadi Mulyani,shutasoit@example.com,080 644 1612,Probolinggo,2023-03-10,Basic,2023-03-10,,True
3155,P02555,"dr. Ade Manullang, S.Pd",yuliartiparis@example.net,+62 (075) 764 1855,Depok,2024-06-23,Basic,2024-06-23,2025-08-11,False
3156,P02555,"dr. Ade Manullang, S.Pd",yuliartiparis@example.net,+62 (075) 764 1855,Depok,2024-06-23,Gold,2025-08-11,,True
3157,P02556,"Artawan Waskita, S.IP",napitupulualambana@example.com,+62 (0394) 074 8221,Dumai,2023-02-19,Basic,2023-02-19,,True
3158,P02557,Sutan Rahman Purnawati,isitorus@example.com,(0923) 705 3564,Samarinda,2024-08-25,Basic,2024-08-25,,True
3159,P02558,Anggabaya Nugroho,adriansyahgina@example.net,0894945447,Dumai,2024-04-17,Basic,2024-04-17,,True
3160,P02559,"Kezia Pangestu, S.Pt",mansurozy@example.com,+62 (212) 188 5788,Pasuruan,2023-06-18,Basic,2023-06-18,2025-04-22,False
3161,P02559,"Kezia Pangestu, S.Pt",mansurozy@example.com,+62 (212) 188 5788,Pasuruan,2023-06-18,Gold,2025-04-22,,True
3162,P02560,"R. Juli Hidayat, S.Pt",wharyanti@example.com,(053) 510 4666,Mojokerto,2023-03-29,Basic,2023-03-29,2025-07-16,False
3163,P02560,"R. Juli Hidayat, S.Pt",wharyanti@example.com,(053) 510 4666,Mojokerto,2023-03-29,Gold,2025-07-16,,True
3164,P02561,"H. Kawaya Hidayat, S.E.I",qsuryatmi@example.com,+62 (046) 561 8472,Serang,2023-06-27,Basic,2023-06-27,2025-04-30,False
3165,P02561,"H. Kawaya Hidayat, S.E.I",qsuryatmi@example.com,+62 (046) 561 8472,Serang,2023-06-27,Gold,2025-04-30,,True
3166,P02562,Elisa Pertiwi,irsadnuraini@example.com,(097) 348-7248,Mojokerto,2024-11-28,Basic,2024-11-28,,True
3167,P02563,Cinthia Puspasari,legawa47@example.org,+62-02-156-4319,Makassar,2024-08-27,Basic,2024-08-27,2025-10-13,False
3168,P02563,Cinthia Puspasari,legawa47@example.org,+62-02-156-4319,Makassar,2024-08-27,Gold,2025-10-13,,True
3169,P02564,Joko Zulaika,jefri87@example.net,+62-575-253-9647,Sukabumi,2023-10-30,Basic,2023-10-30,,True
3170,P02565,Kenari Palastri,rajataadinata@example.net,+62-37-022-1038,Batu,2024-03-06,Basic,2024-03-06,2025-06-19,False
3171,P02565,Kenari Palastri,rajataadinata@example.net,+62-37-022-1038,Batu,2024-03-06,Gold,2025-06-19,,True
3172,P02566,Puti Rahimah,prastutiopan@example.net,+62 (0861) 931-0401,Tegal,2024-03-18,Basic,2024-03-18,,True
3173,P02567,Lanang Laksmiwati,maryadishania@example.org,+62 (43) 319-5858,Bogor,2024-01-21,Platinum,2024-01-21,,True
3174,P02568,Maimunah Prabowo,marwatausamah@example.org,+62 (168) 878 7448,Bima,2023-12-27,Basic,2023-12-27,2025-04-24,False
3175,P02568,Maimunah Prabowo,marwatausamah@example.org,+62 (168) 878 7448,Bima,2023-12-27,Gold,2025-04-24,,True
3176,P02569,"drg. Karya Irawan, S.Sos",anomwibowo@example.com,(0515) 915-9025,Tanjungbalai,2023-12-14,Gold,2023-12-14,,True
3177,P02570,Jatmiko Hutagalung,padmasariluhung@example.net,+62 (535) 509 5608,Tanjungbalai,2024-10-16,Gold,2024-10-16,,True
3178,P02571,T. Harjo Firgantoro,adikarahandayani@example.com,+62 (0651) 248 8696,Surabaya,2024-05-15,Basic,2024-05-15,,True
3179,P02572,Zahra Megantara,winda54@example.com,(0716) 086-1410,Kota Administrasi Jakarta Timur,2024-05-06,Gold,2024-05-06,2025-10-27,False
3180,P02572,Zahra Megantara,winda54@example.com,(0716) 086-1410,Kota Administrasi Jakarta Timur,2024-05-06,Platinum,2025-10-27,,True
3181,P02573,Safina Handayani,epurwanti@example.org,(0641) 147 7057,Bogor,2023-03-25,Gold,2023-03-25,,True
3182,P02574,"Gandi Narpati, S.Pt",ipuspita@example.com,+62-982-759-4862,Solok,2023-12-02,Basic,2023-12-02,,True
3183,P02575,"drg. Wardi Uyainah, S.E.",kuwais@example.com,(051) 250 2317,Surabaya,2023-08-08,Basic,2023-08-08,2025-10-16,False
3184,P02575,"drg. Wardi Uyainah, S.E.",kuwais@example.com,(051) 250 2317,Surabaya,2023-08-08,Gold,2025-10-16,,True
3185,P02576,Cakrabuana Adriansyah,lala13@example.org,(0045) 125-7135,Magelang,2024-02-04,Basic,2024-02-04,,True
3186,P02577,"drg. Olivia Hutapea, M.TI.",winarnoharsanto@example.org,+62 (33) 805-2123,Tanjungbalai,2023-09-14,Basic,2023-09-14,,True
3187,P02578,Cahyadi Dongoran,uhastuti@example.com,+62-042-916-9581,Cimahi,2024-02-15,Basic,2024-02-15,,True
3188,P02579,Raden Prastuti,nasyidahmaras@example.com,+62 (0617) 826-3479,Pontianak,2023-10-24,Gold,2023-10-24,,True
3189,P02580,Shakila Irawan,paulinbudiyanto@example.org,+62 (072) 382 0364,Bogor,2024-02-25,Basic,2024-02-25,,True
3190,P02581,Galar Uwais,hartatigalih@example.com,082 679 2467,Ternate,2023-10-16,Basic,2023-10-16,,True
3191,P02582,"Indra Hartati, S.Ked",ana22@example.net,(061) 685-9749,Kota Administrasi Jakarta Utara,2024-10-06,Gold,2024-10-06,,True
3192,P02583,Puti Puspa Dongoran,banaranashiruddin@example.com,(095) 138-6356,Jayapura,2023-08-30,Basic,2023-08-30,,True
3193,P02584,Drs. Raditya Mahendra,uwaiskartika@example.com,+62 (954) 753-0602,Semarang,2024-06-24,Basic,2024-06-24,2025-05-10,False
3194,P02584,Drs. Raditya Mahendra,uwaiskartika@example.com,+62 (954) 753-0602,Semarang,2024-06-24,Gold,2025-05-10,,True
3195,P02585,"Drs. Vivi Waskita, S.Ked",prakasamaryanto@example.net,+62 (04) 786-9572,Tebingtinggi,2023-11-04,Basic,2023-11-04,2025-10-05,False
3196,P02585,"Drs. Vivi Waskita, S.Ked",prakasamaryanto@example.net,+62 (04) 786-9572,Tebingtinggi,2023-11-04,Gold,2025-10-05,,True
3197,P02586,Rendy Waluyo,vgunarto@example.org,+62 (075) 685 2979,Bogor,2024-09-15,Gold,2024-09-15,,True
3198,P02587,Hamima Waluyo,novahartati@example.org,+62 (0863) 603 7096,Cirebon,2023-08-10,Basic,2023-08-10,,True
3199,P02588,Salwa Pudjiastuti,gabriella77@example.org,+62-57-391-5104,Mataram,2023-12-22,Basic,2023-12-22,,True
3200,P02589,Mujur Hidayanto,adhiarja77@example.com,+62 (062) 328-1801,Bima,2024-08-09,Basic,2024-08-09,,True
3201,P02590,Laras Budiman,makuta45@example.net,+62 (094) 729-8639,Tegal,2023-12-28,Basic,2023-12-28,,True
3202,P02591,"Tgk. Ina Widodo, S.Ked",marbuncemplunk@example.org,0844901034,Pariaman,2023-06-25,Basic,2023-06-25,,True
3203,P02592,Elvina Winarsih,lailaardianto@example.com,+62 (067) 019 7831,Tual,2024-04-10,Gold,2024-04-10,,True
3204,P02593,"R. Ana Irawan, S.Sos",erajata@example.org,0807002463,Kota Administrasi Jakarta Utara,2024-12-02,Basic,2024-12-02,,True
3205,P02594,Zulfa Farida,agustinajulia@example.com,(066) 491 7115,Palangkaraya,2024-08-01,Basic,2024-08-01,,True
3206,P02595,Siska Gunawan,gamblang82@example.net,(028) 015-8629,Mojokerto,2023-02-23,Gold,2023-02-23,,True
3207,P02596,"Drs. Prasetya Anggriawan, S.Pd",egaprasetyo@example.org,(0883) 690-4748,Banda Aceh,2023-07-09,Basic,2023-07-09,,True
3208,P02597,Lintang Situmorang,balapati57@example.net,(0050) 123 6560,Pagaralam,2023-06-01,Gold,2023-06-01,,True
3209,P02598,"Caraka Mandasari, S.Gz",ssalahudin@example.com,+62-249-246-8676,Tidore Kepulauan,2023-02-13,Basic,2023-02-13,,True
3210,P02599,"Kariman Santoso, S.Farm",vanya32@example.com,+62-186-860-5702,Mojokerto,2023-11-25,Gold,2023-11-25,,True
3211,P02600,Novi Oktaviani,gunawanakarsana@example.org,+62-023-829-8077,Pekanbaru,2023-04-26,Basic,2023-04-26,2025-10-13,False
3212,P02600,Novi Oktaviani,gunawanakarsana@example.org,+62-023-829-8077,Pekanbaru,2023-04-26,Gold,2025-10-13,,True
3213,P02601,Michelle Sirait,fmegantara@example.com,+62 (428) 240-4402,Tebingtinggi,2023-01-12,Basic,2023-01-12,,True
3214,P02602,Ghaliyati Sudiati,marpaungcawisadi@example.com,+62 (513) 734 7916,Dumai,2024-03-30,Basic,2024-03-30,,True
3215,P02603,Patricia Suwarno,gandiprasetyo@example.org,+62 (932) 002 1700,Palopo,2023-11-03,Gold,2023-11-03,,True
3216,P02604,"R.A. Dian Usamah, S.E.I",mustofajagaraga@example.net,+62-099-696-2005,Sibolga,2023-01-11,Gold,2023-01-11,,True
3217,P02605,Ade Palastri,prayogo57@example.com,+62-286-682-7677,Jayapura,2024-04-25,Basic,2024-04-25,,True
3218,P02606,Aditya Mulyani,susantikasusra@example.net,+62-0396-541-3718,Pagaralam,2024-06-22,Basic,2024-06-22,,True
3219,P02607,"Purwa Lazuardi, S.Gz",egakurniawan@example.org,+62 (001) 084 6399,Palangkaraya,2024-08-19,Gold,2024-08-19,2025-07-21,False
3220,P02607,"Purwa Lazuardi, S.Gz",egakurniawan@example.org,+62 (001) 084 6399,Palangkaraya,2024-08-19,Platinum,2025-07-21,,True
3221,P02608,Jarwi Damanik,marwatafarida@example.org,+62 (56) 514-3978,Gorontalo,2023-09-09,Basic,2023-09-09,,True
3222,P02609,Hartaka Purnawati,sitoruscitra@example.com,+62-646-637-1272,Pematangsiantar,2024-04-02,Basic,2024-04-02,,True
3223,P02610,"Drs. Nadine Pratama, M.M.",winarsihnajwa@example.org,088 773 5692,Banjarbaru,2023-11-22,Basic,2023-11-22,,True
3224,P02611,Belinda Maryati,widodobakti@example.com,+62 (068) 741-8165,Tarakan,2024-08-19,Basic,2024-08-19,2025-06-28,False
3225,P02611,Belinda Maryati,widodobakti@example.com,+62 (068) 741-8165,Tarakan,2024-08-19,Gold,2025-06-28,,True
3226,P02612,Sutan Asmianto Sitorus,anita17@example.com,(014) 450-1676,Cimahi,2023-02-07,Basic,2023-02-07,2025-10-10,False
3227,P02612,Sutan Asmianto Sitorus,anita17@example.com,(014) 450-1676,Cimahi,2023-02-07,Gold,2025-10-10,,True
3228,P02613,R. Nabila Pradana,umar90@example.org,+62 (0929) 160-2114,Kotamobagu,2023-06-22,Basic,2023-06-22,,True
3229,P02614,Endra Handayani,puspitahardi@example.org,0828753559,Tangerang,2023-04-16,Basic,2023-04-16,2025-05-16,False
3230,P02614,Endra Handayani,puspitahardi@example.org,0828753559,Tangerang,2023-04-16,Gold,2025-05-16,,True
3231,P02615,Winda Irawan,enteng92@example.org,089 333 5343,Pontianak,2023-09-04,Gold,2023-09-04,,True
3232,P02616,Yuliana Puspasari,kramadan@example.net,+62-065-871-5276,Palopo,2024-05-30,Basic,2024-05-30,,True
3233,P02617,Caturangga Andriani,usyi12@example.org,+62-188-400-3103,Malang,2024-11-22,Basic,2024-11-22,,True
3234,P02618,Vera Palastri,izulaika@example.com,+62 (020) 151 2629,Cirebon,2024-06-30,Platinum,2024-06-30,,True
3235,P02619,Ulya Mayasari,oskarirawan@example.net,(0022) 822-9726,Banda Aceh,2024-01-13,Basic,2024-01-13,,True
3236,P02620,Syahrini Pranowo,dariatihassanah@example.com,+62 (083) 311-5295,Purwokerto,2024-01-15,Basic,2024-01-15,2025-06-19,False
3237,P02620,Syahrini Pranowo,dariatihassanah@example.com,+62 (083) 311-5295,Purwokerto,2024-01-15,Gold,2025-06-19,,True
3238,P02621,"Gangsar Budiman, S.Pd",usimanjuntak@example.com,(064) 617 6776,Tidore Kepulauan,2023-11-28,Basic,2023-11-28,,True
3239,P02622,H. Ilyas Habibi,gunartokiandra@example.org,+62 (206) 374-8662,Makassar,2023-06-15,Basic,2023-06-15,,True
3240,P02623,Kemal Prasetyo,novitasarivega@example.org,080 860 7865,Lubuklinggau,2024-10-04,Basic,2024-10-04,,True
3241,P02624,drg. Nyoman Wastuti,firgantoroulya@example.net,+62-012-695-5940,Singkawang,2023-12-09,Basic,2023-12-09,,True
3242,P02625,"Mustofa Uyainah, S.Ked",narjihidayanto@example.com,+62-086-405-6308,Yogyakarta,2023-10-18,Platinum,2023-10-18,,True
3243,P02626,"Tgk. Garang Budiyanto, S.H.",maimunah23@example.net,+62-0403-415-2394,Bekasi,2024-01-02,Basic,2024-01-02,,True
3244,P02627,"Jaka Setiawan, S.Pd",haryantozelda@example.com,+62 (065) 490-6730,Tarakan,2023-03-15,Basic,2023-03-15,,True
3245,P02628,Dasa Gunawan,wawan48@example.net,+62-338-840-9141,Jayapura,2024-08-23,Basic,2024-08-23,,True
3246,P02629,Padmi Aryani,wnasyiah@example.org,(0883) 734-9952,Tanjungbalai,2024-05-09,Basic,2024-05-09,,True
3247,P02630,Kayla Sihombing,cahyonodamanik@example.net,+62 (0001) 140-7590,Bandung,2024-06-28,Gold,2024-06-28,2025-05-21,False
3248,P02630,Kayla Sihombing,cahyonodamanik@example.net,+62 (0001) 140-7590,Bandung,2024-06-28,Platinum,2025-05-21,,True
3249,P02631,"dr. Carla Ardianto, S.E.",mulyaninyoman@example.org,+62 (869) 209 2500,Kotamobagu,2024-10-30,Basic,2024-10-30,,True
3250,P02632,Cornelia Habibi,sjailani@example.org,+62-0242-545-2220,Tanjungbalai,2023-02-02,Basic,2023-02-02,,True
3251,P02633,Harto Simbolon,cayadinovitasari@example.com,0857773472,Tasikmalaya,2024-06-11,Basic,2024-06-11,,True
3252,P02634,Hj. Kania Damanik,hsitorus@example.net,+62-29-364-9743,Palopo,2024-05-31,Basic,2024-05-31,,True
3253,P02635,Eva Latupono,najamlazuardi@example.org,088 546 2628,Depok,2023-05-04,Basic,2023-05-04,2025-05-25,False
3254,P02635,Eva Latupono,najamlazuardi@example.org,088 546 2628,Depok,2023-05-04,Gold,2025-05-25,,True
3255,P02636,Ridwan Novitasari,ramadanomar@example.net,+62 (0501) 862 9374,Balikpapan,2023-09-25,Basic,2023-09-25,2025-08-17,False
3256,P02636,Ridwan Novitasari,ramadanomar@example.net,+62 (0501) 862 9374,Balikpapan,2023-09-25,Gold,2025-08-17,,True
3257,P02637,"dr. Zelaya Mulyani, M.Pd",yono46@example.net,+62 (018) 936 8431,Tanjungbalai,2024-08-21,Basic,2024-08-21,,True
3258,P02638,Hilda Prayoga,iswahyudigaman@example.com,0803259089,Solok,2023-11-11,Basic,2023-11-11,2025-10-23,False
3259,P02638,Hilda Prayoga,iswahyudigaman@example.com,0803259089,Solok,2023-11-11,Gold,2025-10-23,,True
3260,P02639,Ir. Amalia Uyainah,amaryati@example.net,+62 (317) 461-1467,Mataram,2024-11-26,Basic,2024-11-26,,True
3261,P02640,Niyaga Zulaika,wartahasanah@example.org,(0905) 137-9571,Purwokerto,2023-08-05,Basic,2023-08-05,2025-04-11,False
3262,P02640,Niyaga Zulaika,wartahasanah@example.org,(0905) 137-9571,Purwokerto,2023-08-05,Gold,2025-04-11,,True
3263,P02641,Ir. Gangsar Halim,dodo56@example.org,+62 (99) 789-3489,Manado,2024-04-15,Basic,2024-04-15,,True
3264,P02642,Hasim Jailani,galakkuswoyo@example.net,+62 (0377) 750 0127,Padang,2024-11-24,Basic,2024-11-24,,True
3265,P02643,Nyoman Salahudin,martani79@example.org,(096) 622 3274,Meulaboh,2024-07-28,Basic,2024-07-28,,True
3266,P02644,Najwa Wibisono,padmasarioskar@example.org,+62 (097) 655-8268,Palu,2024-03-17,Basic,2024-03-17,,True
3267,P02645,Pangeran Nababan,hendra63@example.com,+62 (0476) 213-5525,Kota Administrasi Jakarta Pusat,2024-03-17,Basic,2024-03-17,2025-03-19,False
3268,P02645,Pangeran Nababan,hendra63@example.com,+62 (0476) 213-5525,Kota Administrasi Jakarta Pusat,2024-03-17,Gold,2025-03-19,,True
3269,P02646,Gading Wulandari,yoga72@example.net,+62 (087) 177 5208,Kota Administrasi Jakarta Barat,2023-10-13,Basic,2023-10-13,,True
3270,P02647,Gilda Handayani,verariyanti@example.org,(0339) 645-2709,Singkawang,2023-03-12,Gold,2023-03-12,,True
3271,P02648,Laras Pratama,karimahsaefullah@example.net,+62 (113) 702-3888,Palangkaraya,2023-01-17,Gold,2023-01-17,2025-08-27,False
3272,P02648,Laras Pratama,karimahsaefullah@example.net,+62 (113) 702-3888,Palangkaraya,2023-01-17,Platinum,2025-08-27,,True
3273,P02649,Asmuni Maheswara,agustinaolivia@example.com,+62 (63) 216-8881,Purwokerto,2023-02-15,Basic,2023-02-15,,True
3274,P02650,"Gasti Prastuti, S.Ked",pranawahutasoit@example.net,+62-87-027-8714,Purwokerto,2023-04-26,Basic,2023-04-26,,True
3275,P02651,Safina Saefullah,yuniarsimon@example.net,0800222378,Palu,2023-04-19,Basic,2023-04-19,,True
3276,P02652,Dalimin Uyainah,bwaskita@example.com,+62-0198-734-9334,Binjai,2024-10-23,Basic,2024-10-23,,True
3277,P02653,"Dr. Puput Sitorus, S.IP",martanipradana@example.com,+62 (019) 157-5237,Probolinggo,2023-04-14,Basic,2023-04-14,,True
3278,P02654,Dr. Hesti Hardiansyah,hutapeabala@example.com,+62 (83) 002-6939,Palangkaraya,2024-09-18,Basic,2024-09-18,,True
3279,P02655,"Damar Uyainah, S.T.",xhidayat@example.net,+62-865-917-9043,Cilegon,2024-06-07,Basic,2024-06-07,,True
3280,P02656,Olga Yuliarti,natalia58@example.com,(0035) 274 7700,Denpasar,2023-09-01,Basic,2023-09-01,,True
3281,P02657,Ilyas Hakim,marbungalih@example.com,(0143) 138 7712,Kota Administrasi Jakarta Timur,2023-01-23,Gold,2023-01-23,,True
3282,P02658,Ifa Winarno,marpaungade@example.com,(088) 811 3178,Palembang,2024-02-11,Basic,2024-02-11,2025-04-06,False
3283,P02658,Ifa Winarno,marpaungade@example.com,(088) 811 3178,Palembang,2024-02-11,Gold,2025-04-06,,True
3284,P02659,Endah Puspita,ganjaransitumorang@example.org,+62 (610) 439-4663,Padang Sidempuan,2023-05-17,Basic,2023-05-17,,True
3285,P02660,Restu Oktaviani,chutasoit@example.com,+62-077-192-0125,Pekalongan,2023-06-22,Basic,2023-06-22,,True
3286,P02661,"Hendri Prasetya, S.Kom",wasitakartika@example.org,+62 (18) 323 9170,Surabaya,2023-09-23,Basic,2023-09-23,,True
3287,P02662,dr. Danang Oktaviani,nsusanti@example.net,(009) 847 7307,Kota Administrasi Jakarta Utara,2023-05-07,Basic,2023-05-07,,True
3288,P02663,Calista Hutapea,krahmawati@example.com,+62 (0647) 157-2448,Manado,2023-12-18,Gold,2023-12-18,,True
3289,P02664,Martani Permadi,claksmiwati@example.org,+62 (137) 838-1282,Sibolga,2024-07-30,Basic,2024-07-30,2025-07-09,False
3290,P02664,Martani Permadi,claksmiwati@example.org,+62 (137) 838-1282,Sibolga,2024-07-30,Gold,2025-07-09,,True
3291,P02665,"KH. Virman Palastri, M.Kom.",mayasariviktor@example.org,+62 (906) 601 0070,Padang Sidempuan,2023-12-08,Basic,2023-12-08,,True
3292,P02666,Cemplunk Latupono,ysuwarno@example.net,+62 (069) 117 3906,Bandung,2023-04-14,Basic,2023-04-14,,True
3293,P02667,Karta Situmorang,oandriani@example.com,(0895) 691 1525,Pagaralam,2023-06-02,Basic,2023-06-02,2025-07-10,False
3294,P02667,Karta Situmorang,oandriani@example.com,(0895) 691 1525,Pagaralam,2023-06-02,Gold,2025-07-10,,True
3295,P02668,Violet Prayoga,,+62 (0832) 462 9569,Palembang,2023-01-17,Basic,2023-01-17,,True
3296,P02669,Tgk. Ana Sihotang,galangwaskita@example.org,+62-816-171-6117,Ambon,2024-06-16,Basic,2024-06-16,,True
3297,P02670,Raditya Pangestu,rajatagaiman@example.net,+62 (034) 248 6675,Kupang,2023-10-24,Gold,2023-10-24,,True
3298,P02671,Emas Oktaviani,argono38@example.org,+62 (0516) 158 6787,Kota Administrasi Jakarta Selatan,2024-06-18,Basic,2024-06-18,2025-10-11,False
3299,P02671,Emas Oktaviani,argono38@example.org,+62 (0516) 158 6787,Kota Administrasi Jakarta Selatan,2024-06-18,Gold,2025-10-11,,True
3300,P02672,Bakti Rahmawati,diana98@example.org,+62-0403-741-1408,Bima,2024-07-27,Basic,2024-07-27,,True
3301,P02673,"Irma Yuniar, M.TI.",cahyomaryadi@example.com,+62 (597) 693 8418,Pasuruan,2024-11-28,Basic,2024-11-28,,True
3302,P02674,"H. Jatmiko Marpaung, M.Kom.",harsanauwais@example.net,(0578) 072 7918,Sibolga,2023-08-29,Basic,2023-08-29,,True
3303,P02675,"Hj. Laila Mayasari, S.Ked",mustikasalahudin@example.org,+62-58-298-2838,Pangkalpinang,2023-10-08,Basic,2023-10-08,,True
3304,P02676,Dr. Harsana Simanjuntak,ajimin47@example.org,+62 (03) 786 2850,Batam,2024-03-07,Platinum,2024-03-07,,True
3305,P02677,"Tgk. Indah Sihombing, S.H.",namagabakianto@example.com,0857021823,Padang,2023-09-07,Basic,2023-09-07,2025-06-14,False
3306,P02677,"Tgk. Indah Sihombing, S.H.",namagabakianto@example.com,0857021823,Padang,2023-09-07,Gold,2025-06-14,,True
3307,P02678,"Dt. Gandi Saputra, S.Gz",galak14@example.com,+62-65-334-0785,Banda Aceh,2023-01-28,Basic,2023-01-28,,True
3308,P02679,"Sutan Mitra Tamba, S.Kom",gwulandari@example.net,+62 (0559) 729-1856,Kendari,2024-03-07,Basic,2024-03-07,,True
3309,P02680,Pangestu Rahmawati,kamidinbudiyanto@example.org,+62-0943-207-3042,Blitar,2023-11-03,Basic,2023-11-03,,True
3310,P02681,Rahmat Firmansyah,hmayasari@example.net,+62-05-859-9604,Bitung,2023-03-01,Basic,2023-03-01,,True
3311,P02682,Tgk. Dalima Nainggolan,prakosa52@example.org,+62 (10) 507-8905,Kota Administrasi Jakarta Timur,2023-02-22,Gold,2023-02-22,2025-08-07,False
3312,P02682,Tgk. Dalima Nainggolan,prakosa52@example.org,+62 (10) 507-8905,Kota Administrasi Jakarta Timur,2023-02-22,Platinum,2025-08-07,,True
3313,P02683,Kardi Sinaga,rizkiyolanda@example.org,0868631925,Jambi,2023-04-06,Gold,2023-04-06,,True
3314,P02684,Harjo Pradipta,yuniarlukman@example.com,082 894 6463,Samarinda,2023-03-19,Gold,2023-03-19,,True
3315,P02685,"R.M. Ibrahim Mustofa, S.Pt",fthamrin@example.com,(089) 765-7702,Lhokseumawe,2023-02-22,Basic,2023-02-22,,True
3316,P02686,"Keisha Anggriawan, S.I.Kom",oskar78@example.org,081 710 1029,Banjarbaru,2023-05-03,Basic,2023-05-03,,True
3317,P02687,"Alambana Gunawan, M.Kom.",mlestari@example.com,+62 (0556) 839-3691,Palopo,2024-07-04,Gold,2024-07-04,,True
3318,P02688,"H. Ghani Tampubolon, M.TI.",idabukke@example.com,+62-526-725-3443,Tebingtinggi,2023-04-04,Basic,2023-04-04,,True
3319,P02689,Ratih Purnawati,bwasita@example.com,(027) 427 0165,Dumai,2024-04-08,Gold,2024-04-08,2025-06-22,False
3320,P02689,Ratih Purnawati,bwasita@example.com,(027) 427 0165,Dumai,2024-04-08,Platinum,2025-06-22,,True
3321,P02690,Zizi Sinaga,elvin67@example.com,+62 (0609) 436-4938,Manado,2023-01-22,Basic,2023-01-22,,True
3322,P02691,"Puji Rajata, S.Pd",pudjiastutidaniswara@example.com,+62 (52) 873 6422,Banjarbaru,2024-03-25,Basic,2024-03-25,2025-04-20,False
3323,P02691,"Puji Rajata, S.Pd",pudjiastutidaniswara@example.com,+62 (52) 873 6422,Banjarbaru,2024-03-25,Gold,2025-04-20,,True
3324,P02692,Hamima Wibowo,maheswarahartaka@example.org,+62 (054) 635-7916,Mataram,2024-07-14,Basic,2024-07-14,,True
3325,P02693,Umar Saefullah,gsimanjuntak@example.com,080 528 7078,Makassar,2023-05-05,Basic,2023-05-05,,True
3326,P02694,Gandi Kurniawan,utamibakianto@example.com,(0234) 412-1957,Ternate,2023-04-17,Gold,2023-04-17,,True
3327,P02695,Cindy Situmorang,lamarrahmawati@example.com,+62-005-023-4602,Padang Sidempuan,2023-05-30,Basic,2023-05-30,2025-07-01,False
3328,P02695,Cindy Situmorang,lamarrahmawati@example.com,+62-005-023-4602,Padang Sidempuan,2023-05-30,Gold,2025-07-01,,True
3329,P02696,"drg. Ilsa Suartini, M.Ak",jhutagalung@example.org,+62-0563-191-7729,Magelang,2024-11-14,Basic,2024-11-14,,True
3330,P02697,Drs. Raharja Kusmawati,cahyatampubolon@example.org,+62-002-546-1351,Balikpapan,2023-06-22,Basic,2023-06-22,,True
3331,P02698,Hj. Diah Wahyuni,pratiwihairyanto@example.net,+62-007-595-6088,Padang,2024-02-09,Gold,2024-02-09,2025-06-12,False
3332,P02698,Hj. Diah Wahyuni,pratiwihairyanto@example.net,+62-007-595-6088,Padang,2024-02-09,Platinum,2025-06-12,,True
3333,P02699,Dacin Siregar,kardi33@example.com,+62 (118) 865 9418,Padang Sidempuan,2023-09-11,Basic,2023-09-11,,True
3334,P02700,Icha Pradipta,ihardiansyah@example.org,+62 (094) 326-4598,Bitung,2024-06-09,Basic,2024-06-09,2025-07-29,False
3335,P02700,Icha Pradipta,ihardiansyah@example.org,+62 (094) 326-4598,Bitung,2024-06-09,Gold,2025-07-29,,True
3336,P02701,Ellis Wulandari,parman96@example.com,+62-86-477-6245,Bontang,2023-12-31,Gold,2023-12-31,2025-10-24,False
3337,P02701,Ellis Wulandari,parman96@example.com,+62-86-477-6245,Bontang,2023-12-31,Platinum,2025-10-24,,True
3338,P02702,Aisyah Wibowo,andrianirendy@example.org,+62 (629) 664-6340,Kota Administrasi Jakarta Selatan,2024-07-29,Basic,2024-07-29,2025-04-30,False
3339,P02702,Aisyah Wibowo,andrianirendy@example.org,+62 (629) 664-6340,Kota Administrasi Jakarta Selatan,2024-07-29,Gold,2025-04-30,,True
3340,P02703,Akarsana Ardianto,susantimuhammad@example.org,(0224) 200-0173,Tegal,2023-06-18,Gold,2023-06-18,,True
3341,P02704,"dr. Yessi Sinaga, S.Psi",irnantonababan@example.com,+62-0063-752-4533,Tanjungpinang,2023-01-15,Basic,2023-01-15,,True
3342,P02705,Cager Rajasa,gunawanlaila@example.com,+62-0720-368-5307,Cirebon,2024-09-06,Basic,2024-09-06,2025-03-28,False
3343,P02705,Cager Rajasa,gunawanlaila@example.com,+62-0720-368-5307,Cirebon,2024-09-06,Gold,2025-03-28,,True
3344,P02706,Murti Maryati,sihombingedison@example.org,+62-67-673-7492,Ternate,2024-06-21,Basic,2024-06-21,2025-03-10,False
3345,P02706,Murti Maryati,sihombingedison@example.org,+62-67-673-7492,Ternate,2024-06-21,Gold,2025-03-10,,True
3346,P02707,Hadi Pradana,gawati31@example.org,+62 (677) 548 9084,Sibolga,2023-07-17,Basic,2023-07-17,,True
3347,P02708,Keisha Zulkarnain,harsanawijayanti@example.org,+62 (876) 415 9938,Bengkulu,2024-02-05,Gold,2024-02-05,,True
3348,P02709,Sabri Irawan,zelaya46@example.org,+62-557-289-2754,Payakumbuh,2023-12-25,Basic,2023-12-25,,True
3349,P02710,"Hj. Ajeng Megantara, S.I.Kom",luluhprasasta@example.com,+62 (559) 636 8485,Palembang,2023-09-26,Basic,2023-09-26,,True
3350,P02711,Tgk. Jasmin Riyanti,,(0787) 800 7922,Sorong,2023-02-16,Gold,2023-02-16,,True
3351,P02712,Rina Handayani,riyantiellis@example.com,(0762) 394 3243,Purwokerto,2023-05-23,Gold,2023-05-23,,True
3352,P02713,"Banara Samosir, S.Farm",panjipuspasari@example.net,(038) 993-8210,Kota Administrasi Jakarta Utara,2023-12-27,Basic,2023-12-27,2025-10-26,False
3353,P02713,"Banara Samosir, S.Farm",panjipuspasari@example.net,(038) 993-8210,Kota Administrasi Jakarta Utara,2023-12-27,Gold,2025-10-26,,True
3354,P02714,Fathonah Wasita,lmayasari@example.org,+62-83-163-4776,Batam,2023-05-18,Gold,2023-05-18,,True
3355,P02715,Amelia Utami,jayadongoran@example.org,083 861 2942,Bandung,2023-10-14,Basic,2023-10-14,,True
3356,P02716,Mala Mandala,marpaungbajragin@example.com,(0039) 782-6243,Kupang,2024-10-24,Basic,2024-10-24,,True
3357,P02717,Embuh Kusmawati,salwa78@example.net,+62 (0693) 221 4034,Cirebon,2023-02-04,Gold,2023-02-04,,True
3358,P02718,Akarsana Sitorus,salahudinwardi@example.org,+62 (064) 118 8039,Probolinggo,2023-01-22,Basic,2023-01-22,,True
3359,P02719,Dt. Leo Wasita,lailasarierik@example.net,(003) 640 1800,Cimahi,2023-01-17,Basic,2023-01-17,,True
3360,P02720,Mustofa Safitri,dirjawidiastuti@example.com,+62 (69) 714-2309,Jayapura,2023-09-20,Gold,2023-09-20,,True
3361,P02721,dr. Artanto Pertiwi,argono93@example.net,(032) 857-0363,Palembang,2023-12-03,Basic,2023-12-03,2025-06-01,False
3362,P02721,dr. Artanto Pertiwi,argono93@example.net,(032) 857-0363,Palembang,2023-12-03,Gold,2025-06-01,,True
3363,P02722,Farhunnisa Anggriawan,putinababan@example.org,(0992) 893 7652,Kendari,2023-04-07,Basic,2023-04-07,2025-07-27,False
3364,P02722,Farhunnisa Anggriawan,putinababan@example.org,(0992) 893 7652,Kendari,2023-04-07,Gold,2025-07-27,,True
3365,P02723,Lembah Hakim,banawahartati@example.net,+62 (001) 160-3554,Pekalongan,2024-09-24,Basic,2024-09-24,,True
3366,P02724,Drs. Harjo Latupono,anggrainijarwadi@example.com,+62 (0140) 122-4561,Banjarbaru,2024-07-11,Basic,2024-07-11,,True
3367,P02725,"Dr. Jelita Pradipta, S.Sos",rachel78@example.net,+62 (0266) 951-6837,Bukittinggi,2024-04-15,Basic,2024-04-15,,True
3368,P02726,"Ir. Genta Andriani, S.T.",sabrinanamaga@example.org,084 800 2035,Tidore Kepulauan,2024-08-20,Basic,2024-08-20,,True
3369,P02727,"Bakti Pradana, S.Psi",soleh61@example.org,+62-005-268-0021,Ternate,2024-10-29,Platinum,2024-10-29,,True
3370,P02728,drg. Dinda Widodo,pratiwiqueen@example.com,(0777) 340-8681,Denpasar,2023-10-29,Basic,2023-10-29,,True
3371,P02729,"Jane Laksmiwati, M.Ak",hyulianti@example.org,080 519 8400,Medan,2023-04-21,Basic,2023-04-21,,True
3372,P02730,Drs. Pia Mardhiyah,enugroho@example.net,(0411) 632-7699,Meulaboh,2023-12-16,Basic,2023-12-16,,True
3373,P02731,Kania Kusmawati,endra99@example.com,(056) 279 3809,Surakarta,2024-06-25,Platinum,2024-06-25,,True
3374,P02732,Cut Yessi Januar,prasastaasmianto@example.org,+62-017-230-1954,Probolinggo,2024-05-12,Basic,2024-05-12,2025-09-27,False
3375,P02732,Cut Yessi Januar,prasastaasmianto@example.org,+62-017-230-1954,Probolinggo,2024-05-12,Gold,2025-09-27,,True
3376,P02733,Yessi Kusumo,ousamah@example.com,(0641) 713 7313,Padang,2023-01-22,Basic,2023-01-22,,True
3377,P02734,Ir. Raditya Sihombing,bahuraksa66@example.com,+62 (042) 487-2468,Tidore Kepulauan,2024-05-08,Gold,2024-05-08,2025-07-29,False
3378,P02734,Ir. Raditya Sihombing,bahuraksa66@example.com,+62 (042) 487-2468,Tidore Kepulauan,2024-05-08,Platinum,2025-07-29,,True
3379,P02735,Sutan Dono Sitorus,kurniawangina@example.org,+62 (081) 714-4245,Tanjungbalai,2024-03-24,Basic,2024-03-24,2025-06-03,False
3380,P02735,Sutan Dono Sitorus,kurniawangina@example.org,+62 (081) 714-4245,Tanjungbalai,2024-03-24,Gold,2025-06-03,,True
3381,P02736,Paiman Januar,lestaritari@example.org,+62-91-516-1395,Pasuruan,2023-11-21,Gold,2023-11-21,2025-05-05,False
3382,P02736,Paiman Januar,lestaritari@example.org,+62-91-516-1395,Pasuruan,2023-11-21,Platinum,2025-05-05,,True
3383,P02737,"Cut Gina Saptono, S.T.",permadinajwa@example.com,0833591564,Denpasar,2024-05-18,Basic,2024-05-18,2025-04-23,False
3384,P02737,"Cut Gina Saptono, S.T.",permadinajwa@example.com,0833591564,Denpasar,2024-05-18,Gold,2025-04-23,,True
3385,P02738,R.M. Lamar Oktaviani,nugrohotugiman@example.net,+62 (00) 624 2675,Lhokseumawe,2023-10-29,Basic,2023-10-29,,True
3386,P02739,"Wulan Sitompul, M.Ak",hutasoitopan@example.org,+62 (074) 130 5302,Bandar Lampung,2024-04-06,Basic,2024-04-06,2025-06-26,False
3387,P02739,"Wulan Sitompul, M.Ak",hutasoitopan@example.org,+62 (074) 130 5302,Bandar Lampung,2024-04-06,Gold,2025-06-26,,True
3388,P02740,Aurora Rahmawati,thamrinsalwa@example.net,+62 (475) 196-7864,Tanjungpinang,2023-08-11,Basic,2023-08-11,,True
3389,P02741,"Ir. Kadir Rahmawati, S.E.I",budimangantar@example.org,+62 (85) 863-2385,Palopo,2024-05-07,Basic,2024-05-07,2025-10-23,False
3390,P02741,"Ir. Kadir Rahmawati, S.E.I",budimangantar@example.org,+62 (85) 863-2385,Palopo,2024-05-07,Gold,2025-10-23,,True
3391,P02742,Safina Wijayanti,yolandaismail@example.org,0811777381,Kotamobagu,2024-04-13,Basic,2024-04-13,,True
3392,P02743,"Alika Hariyah, S.Gz",puspitabanawi@example.org,+62-081-900-5449,Padangpanjang,2024-08-27,Basic,2024-08-27,2025-04-15,False
3393,P02743,"Alika Hariyah, S.Gz",puspitabanawi@example.org,+62-081-900-5449,Padangpanjang,2024-08-27,Gold,2025-04-15,,True
3394,P02744,Dacin Yulianti,fhalimah@example.com,+62 (555) 939 5669,Tomohon,2023-12-16,Basic,2023-12-16,,True
3395,P02745,"KH. Rizki Astuti, S.Pd",siregarsalsabila@example.org,(0303) 959 6495,Cilegon,2023-09-09,Basic,2023-09-09,,True
3396,P02746,"Caturangga Adriansyah, S.IP",elestari@example.net,+62 (702) 989-0925,Solok,2023-03-19,Gold,2023-03-19,2025-06-19,False
3397,P02746,"Caturangga Adriansyah, S.IP",elestari@example.net,+62 (702) 989-0925,Solok,2023-03-19,Platinum,2025-06-19,,True
3398,P02747,"Azalea Latupono, S.Sos",mahendragilang@example.com,+62 (172) 429 7815,Gorontalo,2023-07-08,Gold,2023-07-08,,True
3399,P02748,dr. Oni Namaga,hasan73@example.org,+62 (514) 896 1970,Bengkulu,2023-03-18,Basic,2023-03-18,2025-07-02,False
3400,P02748,dr. Oni Namaga,hasan73@example.org,+62 (514) 896 1970,Bengkulu,2023-03-18,Gold,2025-07-02,,True
3401,P02749,"Cakrawangsa Mandasari, S.Psi",kawaya15@example.net,+62-14-365-9903,Manado,2024-04-26,Basic,2024-04-26,2025-07-18,False
3402,P02749,"Cakrawangsa Mandasari, S.Psi",kawaya15@example.net,+62-14-365-9903,Manado,2024-04-26,Gold,2025-07-18,,True
3403,P02750,Ir. Eka Salahudin,galakjailani@example.com,+62-077-408-3442,Banda Aceh,2023-01-14,Basic,2023-01-14,,True
3404,P02751,Balamantri Lazuardi,nababanasmadi@example.net,+62 (0785) 818 7665,Pekalongan,2024-05-14,Basic,2024-05-14,,True
3405,P02752,"Ir. Gamanto Zulaika, S.Sos",umay40@example.com,(074) 300-0634,Bandar Lampung,2023-12-23,Basic,2023-12-23,,True
3406,P02753,"Dr. Betania Suryatmi, S.Gz",namagasurya@example.com,+62 (197) 478-0286,Meulaboh,2024-09-27,Basic,2024-09-27,,True
3407,P02754,Pangeran Pertiwi,knapitupulu@example.com,+62-0377-521-4963,Bau-Bau,2024-07-10,Basic,2024-07-10,,True
3408,P02755,"Cut Ratna Pertiwi, S.Pt",hpertiwi@example.org,+62 (31) 542 5782,Tangerang,2023-08-19,Gold,2023-08-19,2025-06-11,False
3409,P02755,"Cut Ratna Pertiwi, S.Pt",hpertiwi@example.org,+62 (31) 542 5782,Tangerang,2023-08-19,Platinum,2025-06-11,,True
3410,P02756,Pangeran Palastri,ilyasnuraini@example.com,+62-0487-812-6976,Tarakan,2024-02-21,Platinum,2024-02-21,,True
3411,P02757,Puti Cindy Kuswandari,bancar85@example.com,+62-099-349-4170,Cimahi,2023-12-29,Basic,2023-12-29,2025-04-22,False
3412,P02757,Puti Cindy Kuswandari,bancar85@example.com,+62-099-349-4170,Cimahi,2023-12-29,Gold,2025-04-22,,True
3413,P02758,Ade Handayani,,+62 (467) 183-4147,Purwokerto,2023-06-02,Basic,2023-06-02,,True
3414,P02759,Drs. Latika Prabowo,luthfi02@example.com,(0105) 907 1613,Bukittinggi,2023-06-30,Gold,2023-06-30,,True
3415,P02760,R.M. Atmaja Hutasoit,laksmiwatiuchita@example.org,0810241284,Bima,2023-06-28,Basic,2023-06-28,2025-07-14,False
3416,P02760,R.M. Atmaja Hutasoit,laksmiwatiuchita@example.org,0810241284,Bima,2023-06-28,Gold,2025-07-14,,True
3417,P02761,Hj. Lintang Dongoran,zeldalestari@example.com,(0793) 946-4078,Kendari,2023-10-06,Gold,2023-10-06,,True
3418,P02762,"Latika Winarsih, M.Farm",hendri75@example.com,(081) 825 4819,Padang Sidempuan,2023-12-09,Basic,2023-12-09,2025-07-05,False
3419,P02762,"Latika Winarsih, M.Farm",hendri75@example.com,(081) 825 4819,Padang Sidempuan,2023-12-09,Gold,2025-07-05,,True
3420,P02763,"KH. Gangsar Dongoran, S.Kom",luluhhutapea@example.org,(0696) 243-3014,Tasikmalaya,2023-06-03,Basic,2023-06-03,,True
3421,P02764,Juli Prasetya,yosef17@example.net,+62-066-054-4359,Tangerang Selatan,2024-03-06,Basic,2024-03-06,,True
3422,P02765,Bakda Mustofa,purwadiprastuti@example.net,+62 (24) 982 5358,Cimahi,2023-04-24,Basic,2023-04-24,,True
3423,P02766,Ir. Suci Wastuti,saiful85@example.com,+62 (63) 553-3310,Bitung,2024-09-08,Basic,2024-09-08,,True
3424,P02767,Kenzie Uyainah,halima02@example.org,+62 (088) 045 9295,Tomohon,2024-01-05,Basic,2024-01-05,,True
3425,P02768,Ratna Dabukke,galihlailasari@example.com,+62 (026) 073-3230,Mojokerto,2024-01-30,Basic,2024-01-30,2025-09-01,False
3426,P02768,Ratna Dabukke,galihlailasari@example.com,+62 (026) 073-3230,Mojokerto,2024-01-30,Gold,2025-09-01,,True
3427,P02769,"Dt. Wardaya Nainggolan, S.Psi",mitramahendra@example.org,(004) 147 0010,Serang,2023-04-25,Gold,2023-04-25,,True
3428,P02770,Drs. Nyoman Marbun,yuliantiwarji@example.net,(075) 571 1276,Metro,2023-10-02,Basic,2023-10-02,,True
3429,P02771,Salwa Pradipta,pertiwibelinda@example.com,+62 (542) 010-1441,Tangerang Selatan,2024-06-27,Basic,2024-06-27,2025-07-29,False
3430,P02771,Salwa Pradipta,pertiwibelinda@example.com,+62 (542) 010-1441,Tangerang Selatan,2024-06-27,Gold,2025-07-29,,True
3431,P02772,dr. Ridwan Maryati,nusamah@example.org,+62 (23) 480-1435,Sibolga,2023-07-15,Gold,2023-07-15,2025-06-06,False
3432,P02772,dr. Ridwan Maryati,nusamah@example.org,+62 (23) 480-1435,Sibolga,2023-07-15,Platinum,2025-06-06,,True
3433,P02773,Aswani Saragih,kacung71@example.net,+62 (795) 214 3783,Palangkaraya,2024-06-29,Basic,2024-06-29,,True
3434,P02774,Rudi Waluyo,xrahayu@example.com,+62-414-947-7552,Surabaya,2024-06-17,Basic,2024-06-17,,True
3435,P02775,Dian Hutagalung,situmoranghasan@example.org,(0374) 114 9740,Yogyakarta,2024-11-09,Basic,2024-11-09,,True
3436,P02776,Tania Lailasari,uzulkarnain@example.net,+62 (047) 837 9242,Palu,2023-09-12,Basic,2023-09-12,,True
3437,P02777,Olivia Yuniar,umaya76@example.com,+62-425-890-9389,Kediri,2023-12-08,Basic,2023-12-08,,True
3438,P02778,"Galuh Melani, M.Kom.",nasyiahcecep@example.com,+62 (126) 807-3568,Probolinggo,2023-06-13,Basic,2023-06-13,,True
3439,P02779,"Dr. Vivi Palastri, S.Sos",suryawahyudin@example.net,+62 (354) 523-5139,Kota Administrasi Jakarta Timur,2023-05-16,Gold,2023-05-16,2025-04-12,False
3440,P02779,"Dr. Vivi Palastri, S.Sos",suryawahyudin@example.net,+62 (354) 523-5139,Kota Administrasi Jakarta Timur,2023-05-16,Platinum,2025-04-12,,True
3441,P02780,Asirwada Gunawan,julianainggolan@example.org,+62 (000) 986 8933,Bima,2024-08-01,Basic,2024-08-01,,True
3442,P02781,"Hasna Purnawati, S.Pt",napitupululaswi@example.com,+62 (74) 081-7183,Yogyakarta,2024-06-22,Gold,2024-06-22,2025-08-04,False
3443,P02781,"Hasna Purnawati, S.Pt",napitupululaswi@example.com,+62 (74) 081-7183,Yogyakarta,2024-06-22,Platinum,2025-08-04,,True
3444,P02782,dr. Hilda Wibisono,fujiaticici@example.com,+62-0341-129-9505,Salatiga,2023-06-05,Gold,2023-06-05,,True
3445,P02783,Kani Najmudin,vriyanti@example.org,+62 (0786) 050 7741,Kota Administrasi Jakarta Utara,2024-09-13,Basic,2024-09-13,,True
3446,P02784,Asmianto Putra,wage12@example.com,+62 (710) 542 3326,Kotamobagu,2023-07-22,Basic,2023-07-22,,True
3447,P02785,Tgk. Raisa Tarihoran,irmafujiati@example.net,(0553) 882 5692,Tangerang,2024-02-23,Basic,2024-02-23,,True
3448,P02786,"Ina Sitorus, S.Pt",virmanwibowo@example.com,+62 (0973) 817 1599,Kupang,2023-09-08,Basic,2023-09-08,,True
3449,P02787,Harsanto Wibowo,asmiantositorus@example.net,(090) 086 5009,Payakumbuh,2024-04-01,Basic,2024-04-01,,True
3450,P02788,Bakianto Kurniawan,smayasari@example.com,+62-459-717-2115,Ambon,2023-10-02,Platinum,2023-10-02,,True
3451,P02789,Tgk. Estiono Nugroho,elisa32@example.net,(084) 664-1474,Mataram,2024-03-23,Basic,2024-03-23,,True
3452,P02790,Limar Wahyudin,susantiamalia@example.org,+62-58-770-0710,Serang,2023-06-23,Basic,2023-06-23,2025-03-03,False
3453,P02790,Limar Wahyudin,susantiamalia@example.org,+62-58-770-0710,Serang,2023-06-23,Gold,2025-03-03,,True
3454,P02791,"Sutan Yosef Adriansyah, M.Ak",laswisuwarno@example.net,(0860) 858-2804,Bitung,2024-08-02,Basic,2024-08-02,,True
3455,P02792,Bakianto Iswahyudi,dabukketaufik@example.org,(072) 069 0349,Blitar,2024-02-21,Basic,2024-02-21,2025-06-04,False
3456,P02792,Bakianto Iswahyudi,dabukketaufik@example.org,(072) 069 0349,Blitar,2024-02-21,Gold,2025-06-04,,True
3457,P02793,Agnes Mustofa,uyainahbagas@example.com,+62 (626) 990-9622,Kendari,2023-12-12,Basic,2023-12-12,,True
3458,P02794,"Tgk. Oni Saragih, S.Farm",paiman34@example.net,+62-0368-935-5366,Tasikmalaya,2023-06-02,Basic,2023-06-02,,True
3459,P02795,R. Dadap Susanti,gunartodaliman@example.net,+62 (66) 977-8888,Kota Administrasi Jakarta Timur,2024-05-07,Gold,2024-05-07,,True
3460,P02796,Dr. Laila Susanti,winarsihaditya@example.com,(0956) 262-8241,Denpasar,2023-01-17,Basic,2023-01-17,,True
3461,P02797,Tgk. Tira Marpaung,kurniawanedward@example.org,+62-0847-521-7638,Ternate,2023-02-04,Gold,2023-02-04,2025-05-23,False
3462,P02797,Tgk. Tira Marpaung,kurniawanedward@example.org,+62-0847-521-7638,Ternate,2023-02-04,Platinum,2025-05-23,,True
3463,P02798,Tgk. Ophelia Winarsih,putuhalim@example.com,+62 (0144) 302 4132,Makassar,2023-06-11,Gold,2023-06-11,,True
3464,P02799,Prayoga Lazuardi,mahdijailani@example.org,+62 (07) 175-6755,Manado,2024-03-25,Basic,2024-03-25,,True
3465,P02800,Gawati Nababan,swahyudin@example.com,0805549051,Singkawang,2023-01-14,Basic,2023-01-14,,True
3466,P02801,Hadi Hidayat,pradananilam@example.org,+62 (0070) 301-8874,Denpasar,2023-10-16,Basic,2023-10-16,2025-09-21,False
3467,P02801,Hadi Hidayat,pradananilam@example.org,+62 (0070) 301-8874,Denpasar,2023-10-16,Gold,2025-09-21,,True
3468,P02802,"Oni Mayasari, S.E.I",maulanaanita@example.net,+62 (30) 405 3545,Langsa,2024-11-29,Gold,2024-11-29,,True
3469,P02803,"Aisyah Prasetyo, S.IP",laksitaridwan@example.org,(0571) 729-2412,Depok,2023-05-19,Gold,2023-05-19,2025-08-16,False
3470,P02803,"Aisyah Prasetyo, S.IP",laksitaridwan@example.org,(0571) 729-2412,Depok,2023-05-19,Platinum,2025-08-16,,True
3471,P02804,drg. Kamila Siregar,carubastuti@example.net,(073) 095 3899,Langsa,2023-06-21,Basic,2023-06-21,2025-05-03,False
3472,P02804,drg. Kamila Siregar,carubastuti@example.net,(073) 095 3899,Langsa,2023-06-21,Gold,2025-05-03,,True
3473,P02805,Najib Namaga,darmana78@example.net,+62 (078) 606 9147,Metro,2023-08-17,Gold,2023-08-17,,True
3474,P02806,Ir. Vanesa Permadi,nalarsaputra@example.com,+62-78-916-9017,Bogor,2023-01-28,Gold,2023-01-28,,True
3475,P02807,Chandra Uyainah,tuyainah@example.org,+62 (055) 118 2582,Tebingtinggi,2024-01-14,Basic,2024-01-14,2025-10-14,False
3476,P02807,Chandra Uyainah,tuyainah@example.org,+62 (055) 118 2582,Tebingtinggi,2024-01-14,Gold,2025-10-14,,True
3477,P02808,"Ani Haryanti, S.Farm",manullangdipa@example.com,+62 (014) 284 4662,Kotamobagu,2024-04-14,Basic,2024-04-14,,True
3478,P02809,Devi Mansur,sitorusjefri@example.org,(048) 313-8953,Bengkulu,2023-06-14,Basic,2023-06-14,,True
3479,P02810,dr. Ulva Handayani,pandu65@example.org,+62-05-094-2630,Dumai,2023-02-13,Basic,2023-02-13,,True
3480,P02811,Tgk. Ophelia Yolanda,clarawahyudin@example.net,+62 (84) 058-9717,Kota Administrasi Jakarta Barat,2024-01-09,Platinum,2024-01-09,,True
3481,P02812,Michelle Waskita,siregarjumadi@example.net,0810341335,Sukabumi,2023-08-31,Gold,2023-08-31,,True
3482,P02813,Estiawan Najmudin,hriyanti@example.net,+62 (214) 136 3873,Kupang,2023-04-20,Gold,2023-04-20,2025-08-18,False
3483,P02813,Estiawan Najmudin,hriyanti@example.net,+62 (214) 136 3873,Kupang,2023-04-20,Platinum,2025-08-18,,True
3484,P02814,Cahyadi Firmansyah,rwidodo@example.com,+62 (763) 975-4895,Bau-Bau,2024-10-24,Basic,2024-10-24,,True
3485,P02815,dr. Winda Pudjiastuti,zhandayani@example.com,+62 (844) 909-7585,Bengkulu,2023-03-02,Basic,2023-03-02,,True
3486,P02816,Tirta Astuti,situmorangifa@example.org,(0044) 388 8730,Yogyakarta,2023-04-09,Basic,2023-04-09,2025-10-19,False
3487,P02816,Tirta Astuti,situmorangifa@example.org,(0044) 388 8730,Yogyakarta,2023-04-09,Gold,2025-10-19,,True
3488,P02817,Gaduh Mangunsong,laksmiwatiputu@example.com,+62 (0770) 601 4037,Palopo,2024-03-23,Basic,2024-03-23,2025-08-02,False
3489,P02817,Gaduh Mangunsong,laksmiwatiputu@example.com,+62 (0770) 601 4037,Palopo,2024-03-23,Gold,2025-08-02,,True
3490,P02818,Vega Pratiwi,npadmasari@example.net,(0181) 719 1074,Kota Administrasi Jakarta Timur,2024-08-06,Gold,2024-08-06,,True
3491,P02819,Ika Prakasa,nasab11@example.com,+62 (0492) 707-0496,Cirebon,2024-09-12,Gold,2024-09-12,,True
3492,P02820,Hj. Cornelia Prayoga,prastutiwasis@example.org,+62 (405) 128-0479,Balikpapan,2023-12-04,Basic,2023-12-04,,True
3493,P02821,Salwa Agustina,wirazulkarnain@example.com,+62-069-710-6986,Kotamobagu,2023-07-27,Basic,2023-07-27,,True
3494,P02822,Imam Nashiruddin,harjayamangunsong@example.net,(0026) 453 2379,Tomohon,2024-10-16,Basic,2024-10-16,,True
3495,P02823,"Silvia Putra, M.TI.",hutapeaumi@example.net,(0636) 386 3927,Kendari,2023-07-20,Basic,2023-07-20,,True
3496,P02824,Imam Waskita,rwastuti@example.com,+62-010-939-8700,Padangpanjang,2023-01-10,Basic,2023-01-10,2025-08-19,False
3497,P02824,Imam Waskita,rwastuti@example.com,+62-010-939-8700,Padangpanjang,2023-01-10,Gold,2025-08-19,,True
3498,P02825,"R.A. Oni Sihombing, S.Psi",harja41@example.org,+62 (55) 236-6042,Kota Administrasi Jakarta Pusat,2023-10-14,Basic,2023-10-14,2025-07-06,False
3499,P02825,"R.A. Oni Sihombing, S.Psi",harja41@example.org,+62 (55) 236-6042,Kota Administrasi Jakarta Pusat,2023-10-14,Gold,2025-07-06,,True
3500,P02826,R. Uda Purwanti,rahmat54@example.org,+62 (000) 262-2167,Subulussalam,2023-01-18,Basic,2023-01-18,,True
3501,P02827,Uli Permadi,wmarbun@example.com,+62 (33) 161-6797,Cilegon,2023-12-03,Basic,2023-12-03,,True
3502,P02828,Dartono Samosir,hakimwinda@example.com,(0941) 230-9298,Solok,2023-07-02,Basic,2023-07-02,,True
3503,P02829,Dr. Jasmin Yuniar,dprastuti@example.com,(084) 479 8506,Solok,2024-08-07,Basic,2024-08-07,,True
3504,P02830,R. Belinda Samosir,wardayapurnawati@example.com,+62 (51) 361 4084,Kota Administrasi Jakarta Timur,2023-08-16,Basic,2023-08-16,,True
3505,P02831,"R. Gatot Hardiansyah, M.M.",rsantoso@example.com,(0335) 376-0344,Metro,2024-07-28,Basic,2024-07-28,,True
3506,P02832,Budi Prabowo,malika48@example.net,+62 (574) 826 1846,Mataram,2024-05-06,Basic,2024-05-06,,True
3507,P02833,Ajimin Marbun,pranawa62@example.net,(0620) 521 0746,Yogyakarta,2024-02-28,Basic,2024-02-28,,True
3508,P02834,"Baktiadi Budiman, M.M.",wardinamaga@example.org,+62 (10) 431-6938,Palopo,2024-09-25,Basic,2024-09-25,2025-06-05,False
3509,P02834,"Baktiadi Budiman, M.M.",wardinamaga@example.org,+62 (10) 431-6938,Palopo,2024-09-25,Gold,2025-06-05,,True
3510,P02835,Pranawa Thamrin,kurnia44@example.org,0898626790,Solok,2024-03-27,Basic,2024-03-27,,True
3511,P02836,Raina Ramadan,lurhur07@example.org,+62-724-608-0241,Pagaralam,2024-04-07,Basic,2024-04-07,,True
3512,P02837,Malik Melani,firgantoroharjo@example.net,+62 (071) 134 7321,Surakarta,2023-10-30,Basic,2023-10-30,2025-06-11,False
3513,P02837,Malik Melani,firgantoroharjo@example.net,+62 (071) 134 7321,Surakarta,2023-10-30,Gold,2025-06-11,,True
3514,P02838,"Kadir Halimah, S.H.",ylazuardi@example.org,(052) 894-0959,Denpasar,2023-04-24,Gold,2023-04-24,,True
3515,P02839,Yuliana Pudjiastuti,malik82@example.com,+62-16-481-8727,Padang Sidempuan,2023-10-27,Basic,2023-10-27,,True
3516,P02840,Artawan Permata,wardaya10@example.org,+62 (43) 104 1478,Sabang,2024-09-03,Basic,2024-09-03,,True
3517,P02841,Ilsa Mansur,ilyashalim@example.net,+62 (961) 000 7616,Bogor,2024-10-25,Basic,2024-10-25,,True
3518,P02842,Belinda Astuti,endralatupono@example.net,(0671) 927 5063,Tomohon,2023-06-22,Basic,2023-06-22,2025-08-26,False
3519,P02842,Belinda Astuti,endralatupono@example.net,(0671) 927 5063,Tomohon,2023-06-22,Gold,2025-08-26,,True
3520,P02843,Usyi Ardianto,raditrajata@example.com,+62-0092-886-6433,Meulaboh,2024-08-21,Basic,2024-08-21,,True
3521,P02844,"Salwa Maheswara, S.E.",suartinitaufan@example.net,+62 (30) 416-3619,Cirebon,2024-07-26,Gold,2024-07-26,,True
3522,P02845,Margana Yuliarti,tastuti@example.com,(0018) 493 2632,Subulussalam,2024-04-02,Basic,2024-04-02,2025-10-01,False
3523,P02845,Margana Yuliarti,tastuti@example.com,(0018) 493 2632,Subulussalam,2024-04-02,Gold,2025-10-01,,True
3524,P02846,Maria Uwais,mulyausada@example.org,+62-008-832-3739,Bitung,2024-10-12,Basic,2024-10-12,,True
3525,P02847,Wani Yulianti,wartaaryani@example.net,0861884662,Medan,2023-06-08,Basic,2023-06-08,,True
3526,P02848,Zelda Purnawati,bahuraksa02@example.org,(0883) 518 7449,Serang,2023-01-27,Basic,2023-01-27,,True
3527,P02849,Harjo Yuliarti,kusumouli@example.org,0869700846,Bau-Bau,2023-05-21,Basic,2023-05-21,,True
3528,P02850,Bancar Hutagalung,caraka07@example.net,+62 (0210) 718-3870,Madiun,2024-06-19,Basic,2024-06-19,,True
3529,P02851,"Anastasia Kuswoyo, S.IP",kartikahutapea@example.com,+62 (675) 128-4309,Kediri,2024-01-06,Basic,2024-01-06,,True
3530,P02852,"Qori Wibisono, S.Pd",calista99@example.org,+62-0826-248-0682,Cirebon,2023-07-20,Basic,2023-07-20,,True
3531,P02853,Rina Widiastuti,fhasanah@example.org,+62 (017) 358 1782,Pagaralam,2023-10-12,Basic,2023-10-12,,True
3532,P02854,Tira Sihotang,slametuyainah@example.net,084 130 4788,Sukabumi,2024-10-16,Basic,2024-10-16,2025-05-08,False
3533,P02854,Tira Sihotang,slametuyainah@example.net,084 130 4788,Sukabumi,2024-10-16,Gold,2025-05-08,,True
3534,P02855,"Ir. Prabawa Mayasari, S.E.I",dwibowo@example.org,+62-0630-048-6125,Sibolga,2023-07-27,Basic,2023-07-27,,True
3535,P02856,Cindy Pratiwi,pardi88@example.net,+62 (0167) 911 3973,Banjarmasin,2024-01-13,Gold,2024-01-13,,True
3536,P02857,Tgk. Yuliana Kuswoyo,prasetyotedi@example.net,+62-529-320-6192,Bontang,2023-02-28,Gold,2023-02-28,,True
3537,P02858,Jessica Saefullah,rusman66@example.org,+62 (05) 337 6925,Yogyakarta,2023-11-02,Basic,2023-11-02,,True
3538,P02859,Hana Thamrin,wulandarijail@example.net,+62-594-595-6537,Tual,2023-12-25,Basic,2023-12-25,,True
3539,P02860,Agnes Namaga,slametlaksita@example.org,+62 (0836) 160 8843,Pekanbaru,2023-05-13,Basic,2023-05-13,,True
3540,P02861,"Hamzah Salahudin, S.H.",awijaya@example.com,(094) 245-4425,Purwokerto,2024-05-31,Basic,2024-05-31,,True
3541,P02862,Calista Susanti,wmustofa@example.net,+62 (028) 333 8393,Pekalongan,2024-08-26,Gold,2024-08-26,,True
3542,P02863,Bakiono Manullang,panca62@example.com,+62-175-354-7826,Salatiga,2024-03-04,Basic,2024-03-04,,True
3543,P02864,Dr. Maimunah Zulkarnain,dyuniar@example.com,+62-0741-058-6928,Langsa,2023-04-01,Gold,2023-04-01,,True
3544,P02865,Dirja Wulandari,uyainahraihan@example.org,+62 (39) 106-5676,Payakumbuh,2024-10-12,Basic,2024-10-12,,True
3545,P02866,Diah Saputra,maheswaragaman@example.org,+62-048-649-2233,Tebingtinggi,2024-05-20,Platinum,2024-05-20,,True
3546,P02867,Ajeng Kuswoyo,restu37@example.net,(0716) 919 8842,Solok,2023-11-18,Basic,2023-11-18,,True
3547,P02868,"Hairyanto Adriansyah, S.T.",ksaragih@example.com,+62 (066) 129 4890,Binjai,2024-03-30,Basic,2024-03-30,,True
3548,P02869,Jayeng Suryono,nasab72@example.com,(019) 942-0043,Kotamobagu,2024-08-01,Basic,2024-08-01,,True
3549,P02870,"Elvina Hutasoit, S.Gz",cuwais@example.com,+62 (046) 690-2615,Palembang,2024-10-01,Platinum,2024-10-01,,True
3550,P02871,"Sutan Pangeran Tarihoran, M.TI.",kuswoyojohan@example.net,+62 (57) 694-1917,Sabang,2024-10-31,Basic,2024-10-31,,True
3551,P02872,Kawaca Mandasari,harto39@example.com,(0463) 162-8912,Manado,2024-10-12,Basic,2024-10-12,2025-10-22,False
3552,P02872,Kawaca Mandasari,harto39@example.com,(0463) 162-8912,Manado,2024-10-12,Gold,2025-10-22,,True
3553,P02873,"Wirda Nasyidah, M.TI.",sitorusfarah@example.com,+62-76-110-4456,Serang,2024-09-11,Basic,2024-09-11,,True
3554,P02874,"Ajeng Zulaika, S.Kom",prastutiilyas@example.com,+62 (0985) 756 9442,Cilegon,2023-02-13,Basic,2023-02-13,2025-03-09,False
3555,P02874,"Ajeng Zulaika, S.Kom",prastutiilyas@example.com,+62 (0985) 756 9442,Cilegon,2023-02-13,Gold,2025-03-09,,True
3556,P02875,Lalita Firmansyah,lailasarijarwa@example.org,(079) 076-7736,Jayapura,2024-04-08,Platinum,2024-04-08,,True
3557,P02876,"Drs. Yani Mulyani, S.Psi",wibowojelita@example.org,+62 (505) 784 9649,Mataram,2024-05-16,Basic,2024-05-16,,True
3558,P02877,Hana Setiawan,gandewadamanik@example.org,(083) 219 3921,Bima,2023-04-20,Gold,2023-04-20,,True
3559,P02878,Johan Saputra,yosef67@example.org,+62-046-685-3212,Ternate,2024-09-17,Basic,2024-09-17,,True
3560,P02879,Widya Sirait,kusumosepti@example.org,+62-012-927-0398,Tangerang,2024-03-14,Basic,2024-03-14,,True
3561,P02880,drg. Kayun Yolanda,elvina57@example.org,+62 (98) 899-2247,Pematangsiantar,2023-01-31,Basic,2023-01-31,2025-06-10,False
3562,P02880,drg. Kayun Yolanda,elvina57@example.org,+62 (98) 899-2247,Pematangsiantar,2023-01-31,Gold,2025-06-10,,True
3563,P02881,Anita Hariyah,padmasaribaktiadi@example.com,+62 (003) 574-5679,Kediri,2023-01-05,Platinum,2023-01-05,,True
3564,P02882,Hendri Lazuardi,mardhiyahharjaya@example.net,+62-0138-763-4295,Pagaralam,2024-01-17,Basic,2024-01-17,2025-05-28,False
3565,P02882,Hendri Lazuardi,mardhiyahharjaya@example.net,+62-0138-763-4295,Pagaralam,2024-01-17,Gold,2025-05-28,,True
3566,P02883,"Puti Wani Widiastuti, M.Kom.",emplukgunawan@example.com,(0404) 179 7141,Binjai,2024-02-20,Basic,2024-02-20,,True
3567,P02884,"R. Rika Tampubolon, M.M.",utamijoko@example.net,+62 (044) 838 0160,Pekalongan,2023-02-11,Basic,2023-02-11,2025-04-05,False
3568,P02884,"R. Rika Tampubolon, M.M.",utamijoko@example.net,+62 (044) 838 0160,Pekalongan,2023-02-11,Gold,2025-04-05,,True
3569,P02885,"Nadia Namaga, M.M.",sudiatidadap@example.com,+62 (068) 336-6453,Padang,2024-06-08,Basic,2024-06-08,,True
3570,P02886,Lili Gunawan,hmandasari@example.net,+62 (46) 697-5221,Tanjungpinang,2023-07-18,Basic,2023-07-18,,True
3571,P02887,"Ulya Habibi, M.Pd",nnarpati@example.com,+62 (0074) 592-3920,Prabumulih,2023-12-31,Basic,2023-12-31,,True
3572,P02888,Dt. Nalar Salahudin,maimunah95@example.com,+62 (977) 582-0380,Pematangsiantar,2023-12-20,Basic,2023-12-20,,True
3573,P02889,Shania Sitompul,hamima00@example.com,+62-0416-942-6790,Samarinda,2024-08-25,Basic,2024-08-25,,True
3574,P02890,Uchita Purnawati,huyainah@example.net,+62 (421) 039 6330,Sukabumi,2024-09-06,Basic,2024-09-06,,True
3575,P02891,Laras Sihombing,karjalailasari@example.net,(020) 524 5426,Surabaya,2023-03-05,Basic,2023-03-05,,True
3576,P02892,"Wani Natsir, S.E.I",usadaoskar@example.com,(0261) 327-2617,Bitung,2024-07-20,Basic,2024-07-20,2025-05-19,False
3577,P02892,"Wani Natsir, S.E.I",usadaoskar@example.com,(0261) 327-2617,Bitung,2024-07-20,Gold,2025-05-19,,True
3578,P02893,Anastasia Setiawan,sidiq67@example.net,+62-84-957-4559,Bukittinggi,2024-10-12,Basic,2024-10-12,2025-10-19,False
3579,P02893,Anastasia Setiawan,sidiq67@example.net,+62-84-957-4559,Bukittinggi,2024-10-12,Gold,2025-10-19,,True
3580,P02894,Syahrini Lazuardi,najmudinrama@example.net,(0239) 715-0175,Pontianak,2023-10-27,Basic,2023-10-27,,True
3581,P02895,Gamanto Manullang,,(0056) 208-1524,Singkawang,2023-04-30,Basic,2023-04-30,,True
3582,P02896,Argono Zulkarnain,qori92@example.net,+62-77-070-6062,Singkawang,2023-03-14,Basic,2023-03-14,,True
3583,P02897,Aurora Narpati,yaniyulianti@example.net,(052) 612-4702,Bima,2023-09-08,Basic,2023-09-08,,True
3584,P02898,Dt. Kurnia Pangestu,dabukkeradit@example.net,(0819) 572-1472,Ambon,2024-09-18,Basic,2024-09-18,,True
3585,P02899,Rachel Hutasoit,mandalaade@example.org,0815610159,Banjar,2023-01-05,Gold,2023-01-05,,True
3586,P02900,"Hj. Oni Halim, S.Ked",opheliahariyah@example.com,+62 (99) 205-7654,Probolinggo,2023-06-04,Basic,2023-06-04,,True
3587,P02901,Kunthara Thamrin,hanawaskita@example.net,089 790 7683,Kota Administrasi Jakarta Utara,2023-08-29,Basic,2023-08-29,2025-04-11,False
3588,P02901,Kunthara Thamrin,hanawaskita@example.net,089 790 7683,Kota Administrasi Jakarta Utara,2023-08-29,Gold,2025-04-11,,True
3589,P02902,"Ghani Waluyo, M.Pd",jarwiardianto@example.com,(031) 240-4898,Balikpapan,2024-03-10,Gold,2024-03-10,,True
3590,P02903,Uchita Sudiati,dadap87@example.com,+62-302-649-8104,Lhokseumawe,2024-10-21,Basic,2024-10-21,,True
3591,P02904,Yuni Siregar,qrahmawati@example.com,+62 (607) 983-7441,Parepare,2024-02-27,Basic,2024-02-27,,True
3592,P02905,"Bakti Mahendra, M.Pd",indah85@example.com,+62 (180) 225-0876,Gorontalo,2023-09-05,Basic,2023-09-05,,True
3593,P02906,"R. Nasab Dabukke, S.E.I",yaniprayoga@example.net,+62 (0185) 504 0554,Palangkaraya,2023-09-03,Basic,2023-09-03,,True
3594,P02907,drg. Kezia Wulandari,lalitatampubolon@example.org,+62 (578) 067-7056,Madiun,2023-12-10,Basic,2023-12-10,,True
3595,P02908,dr. Zahra Widiastuti,astutisakti@example.com,(0662) 136 4276,Langsa,2024-02-08,Basic,2024-02-08,2025-03-17,False
3596,P02908,dr. Zahra Widiastuti,astutisakti@example.com,(0662) 136 4276,Langsa,2024-02-08,Gold,2025-03-17,,True
3597,P02909,"Wawan Zulaika, S.I.Kom",kuntharahalim@example.com,(019) 318-4339,Binjai,2023-04-11,Gold,2023-04-11,,True
3598,P02910,Lidya Hartati,jumadi58@example.com,(0315) 757-5415,Tidore Kepulauan,2023-04-13,Basic,2023-04-13,,True
3599,P02911,Bajragin Hutapea,darmajitarihoran@example.com,+62-0035-485-6150,Pasuruan,2023-02-21,Basic,2023-02-21,,True
3600,P02912,"Jatmiko Uyainah, S.H.",salwa28@example.com,(0639) 530-3570,Pontianak,2023-06-23,Basic,2023-06-23,,True
3601,P02913,"Tgk. Raden Hardiansyah, S.Kom",bwacana@example.net,+62-0357-195-4542,Bitung,2024-07-24,Basic,2024-07-24,,True
3602,P02914,"Drs. Titin Maryadi, M.Pd",uda36@example.org,(047) 758 2599,Banjar,2024-06-23,Basic,2024-06-23,,True
3603,P02915,Kalim Wastuti,cagaksusanti@example.net,+62-013-179-1699,Salatiga,2023-03-26,Gold,2023-03-26,,True
3604,P02916,Respati Mustofa,natalia71@example.org,(0946) 641 8941,Banjarmasin,2024-02-29,Basic,2024-02-29,,True
3605,P02917,Rina Hutapea,lili05@example.net,083 822 0888,Palembang,2024-01-14,Platinum,2024-01-14,,True
3606,P02918,Wani Saragih,,+62-250-416-5699,Bau-Bau,2024-12-02,Gold,2024-12-02,,True
3607,P02919,Prayogo Pradipta,jfirgantoro@example.org,+62 (018) 736-9598,Malang,2024-02-26,Basic,2024-02-26,,True
3608,P02920,Lili Mangunsong,xnovitasari@example.net,+62 (0430) 653 4683,Tangerang Selatan,2023-11-09,Basic,2023-11-09,,True
3609,P02921,"Caket Oktaviani, S.E.I",agustinaajiman@example.org,(065) 079-7381,Kota Administrasi Jakarta Pusat,2023-03-13,Basic,2023-03-13,2025-04-29,False
3610,P02921,"Caket Oktaviani, S.E.I",agustinaajiman@example.org,(065) 079-7381,Kota Administrasi Jakarta Pusat,2023-03-13,Gold,2025-04-29,,True
3611,P02922,Pia Rajasa,laksitanyana@example.net,(0777) 676-3932,Depok,2023-11-06,Basic,2023-11-06,,True
3612,P02923,"dr. Hartana Permadi, M.Kom.",oskar32@example.org,+62 (048) 522 7168,Kendari,2024-04-12,Basic,2024-04-12,2025-06-22,False
3613,P02923,"dr. Hartana Permadi, M.Kom.",oskar32@example.org,+62 (048) 522 7168,Kendari,2024-04-12,Gold,2025-06-22,,True
3614,P02924,Oskar Suwarno,pthamrin@example.net,+62-791-491-1347,Dumai,2023-04-25,Basic,2023-04-25,2025-04-30,False
3615,P02924,Oskar Suwarno,pthamrin@example.net,+62-791-491-1347,Dumai,2023-04-25,Gold,2025-04-30,,True
3616,P02925,Ophelia Mandasari,wacanarafid@example.com,+62-179-065-3095,Kupang,2023-10-03,Basic,2023-10-03,2025-08-07,False
3617,P02925,Ophelia Mandasari,wacanarafid@example.com,+62-179-065-3095,Kupang,2023-10-03,Gold,2025-08-07,,True
3618,P02926,"Humaira Puspita, S.Psi",adinata72@example.com,(0304) 926-7690,Tomohon,2024-08-22,Basic,2024-08-22,2025-04-24,False
3619,P02926,"Humaira Puspita, S.Psi",adinata72@example.com,(0304) 926-7690,Tomohon,2024-08-22,Gold,2025-04-24,,True
3620,P02927,"Tgk. Zahra Ramadan, M.TI.",fpradipta@example.org,(073) 214 0191,Gorontalo,2024-07-14,Gold,2024-07-14,,True
3621,P02928,"Karen Wahyuni, M.Kom.",jsiregar@example.net,(061) 443 1217,Singkawang,2023-09-02,Basic,2023-09-02,2025-10-24,False
3622,P02928,"Karen Wahyuni, M.Kom.",jsiregar@example.net,(061) 443 1217,Singkawang,2023-09-02,Gold,2025-10-24,,True
3623,P02929,Salsabila Hartati,fujiaticayadi@example.com,+62-88-954-1941,Kota Administrasi Jakarta Utara,2023-06-25,Basic,2023-06-25,,True
3624,P02930,Laksana Safitri,hana12@example.com,0858950131,Palembang,2023-11-28,Basic,2023-11-28,,True
3625,P02931,"Wawan Thamrin, S.E.I",akuswoyo@example.net,(0783) 251-4690,Bandar Lampung,2024-11-09,Basic,2024-11-09,,True
3626,P02932,"Drs. Sadina Hutasoit, M.Pd",soleh44@example.com,(0400) 135-9276,Tomohon,2023-03-21,Basic,2023-03-21,,True
3627,P02933,"Cut Gina Adriansyah, M.TI.",karmanrahimah@example.org,+62-363-292-3577,Tidore Kepulauan,2023-09-15,Basic,2023-09-15,,True
3628,P02934,Kamila Zulkarnain,hasan59@example.net,0811320349,Jayapura,2024-01-19,Basic,2024-01-19,,True
3629,P02935,Timbul Rajasa,karen09@example.net,(009) 307-8612,Medan,2023-04-17,Basic,2023-04-17,,True
3630,P02936,Indah Wasita,danangpratama@example.org,(0444) 358 3025,Tomohon,2024-06-26,Basic,2024-06-26,,True
3631,P02937,Ibun Siregar,atmawaluyo@example.org,+62 (956) 983-2939,Pagaralam,2023-09-25,Gold,2023-09-25,,True
3632,P02938,Almira Nuraini,manullangraditya@example.org,088 223 1388,Batu,2024-06-09,Basic,2024-06-09,,True
3633,P02939,Sakti Sitorus,fitria88@example.org,+62 (733) 092 9815,Magelang,2024-07-31,Basic,2024-07-31,2025-08-10,False
3634,P02939,Sakti Sitorus,fitria88@example.org,+62 (733) 092 9815,Magelang,2024-07-31,Gold,2025-08-10,,True
3635,P02940,"Winda Wulandari, M.M.",raden83@example.net,(015) 701 2274,Kota Administrasi Jakarta Selatan,2024-02-25,Basic,2024-02-25,2025-10-14,False
3636,P02940,"Winda Wulandari, M.M.",raden83@example.net,(015) 701 2274,Kota Administrasi Jakarta Selatan,2024-02-25,Gold,2025-10-14,,True
3637,P02941,"Cager Rahimah, M.Pd",firgantorowarsita@example.org,+62 (051) 054-0808,Kediri,2023-07-13,Gold,2023-07-13,,True
3638,P02942,Dimaz Oktaviani,budikuswandari@example.com,+62 (018) 460 7315,Sorong,2023-01-23,Gold,2023-01-23,2025-06-05,False
3639,P02942,Dimaz Oktaviani,budikuswandari@example.com,+62 (018) 460 7315,Sorong,2023-01-23,Platinum,2025-06-05,,True
3640,P02943,Ifa Haryanto,tsalahudin@example.net,(022) 486-0349,Tual,2023-03-16,Basic,2023-03-16,,True
3641,P02944,Yoga Winarsih,hwahyuni@example.net,(0023) 909-3931,Semarang,2024-03-17,Basic,2024-03-17,,True
3642,P02945,"Sutan Oman Haryanto, S.Pd",mustofadanu@example.com,(0693) 614-0719,Tual,2024-06-24,Basic,2024-06-24,,True
3643,P02946,"Hj. Kasiyah Wahyuni, M.Ak",pwibisono@example.net,+62-0066-712-9283,Langsa,2023-05-27,Basic,2023-05-27,,True
3644,P02947,Dt. Dalimin Haryanti,prayitnasihombing@example.org,(064) 931 0034,Bukittinggi,2024-09-08,Basic,2024-09-08,,True
3645,P02948,Tgk. Ani Sirait,prayogopalastri@example.org,+62 (073) 618-8031,Ambon,2024-09-10,Gold,2024-09-10,,True
3646,P02949,"Dr. Dacin Nashiruddin, S.H.",setyairawan@example.net,(004) 095-6997,Gorontalo,2024-02-03,Basic,2024-02-03,,True
3647,P02950,Ana Yulianti,vsaefullah@example.org,(031) 390-9573,Balikpapan,2024-03-16,Basic,2024-03-16,2025-03-11,False
3648,P02950,Ana Yulianti,vsaefullah@example.org,(031) 390-9573,Balikpapan,2024-03-16,Gold,2025-03-11,,True
3649,P02951,"Purwanto Hakim, S.Ked",wprabowo@example.org,+62 (038) 506 9671,Padang Sidempuan,2023-01-27,Gold,2023-01-27,,True
3650,P02952,Artawan Puspita,mahesawinarsih@example.net,+62 (979) 653 4766,Manado,2024-11-22,Gold,2024-11-22,,True
3651,P02953,"Hana Kuswoyo, M.Pd",bahuwirya30@example.org,(0450) 171-9713,Bitung,2024-04-01,Gold,2024-04-01,2025-03-05,False
3652,P02953,"Hana Kuswoyo, M.Pd",bahuwirya30@example.org,(0450) 171-9713,Bitung,2024-04-01,Platinum,2025-03-05,,True
3653,P02954,Tedi Riyanti,farahoktaviani@example.org,(0046) 762-1340,Padangpanjang,2023-04-24,Basic,2023-04-24,,True
3654,P02955,Paramita Kuswandari,omanagustina@example.net,+62-0129-508-6604,Palembang,2023-10-05,Platinum,2023-10-05,,True
3655,P02956,Manah Rajata,prayogopermata@example.com,+62 (0283) 497-5340,Gorontalo,2023-01-26,Gold,2023-01-26,2025-05-10,False
3656,P02956,Manah Rajata,prayogopermata@example.com,+62 (0283) 497-5340,Gorontalo,2023-01-26,Platinum,2025-05-10,,True
3657,P02957,Drs. Jarwa Natsir,salahudinmursinin@example.com,+62 (093) 737-6377,Gorontalo,2023-07-20,Basic,2023-07-20,2025-04-20,False
3658,P02957,Drs. Jarwa Natsir,salahudinmursinin@example.com,+62 (093) 737-6377,Gorontalo,2023-07-20,Gold,2025-04-20,,True
3659,P02958,Xanana Marpaung,cager87@example.net,+62 (51) 481 0843,Kotamobagu,2023-11-27,Basic,2023-11-27,,True
3660,P02959,Prabawa Yuniar,raisa55@example.com,+62-407-718-8279,Sukabumi,2024-01-25,Platinum,2024-01-25,,True
3661,P02960,"Dr. Kasim Nasyiah, S.Pt",maliklailasari@example.com,+62 (0837) 901 6529,Denpasar,2024-07-04,Basic,2024-07-04,,True
3662,P02961,"Rahman Tamba, M.Farm",hairyanto52@example.net,(0333) 515 4483,Kendari,2023-01-06,Basic,2023-01-06,2025-04-07,False
3663,P02961,"Rahman Tamba, M.Farm",hairyanto52@example.net,(0333) 515 4483,Kendari,2023-01-06,Gold,2025-04-07,,True
3664,P02962,Umi Santoso,mulyono79@example.com,+62-0821-894-4021,Pasuruan,2023-09-10,Gold,2023-09-10,,True
3665,P02963,Timbul Yuniar,prasetyaviolet@example.org,+62 (0668) 315-0514,Sungai Penuh,2024-09-30,Basic,2024-09-30,2025-09-11,False
3666,P02963,Timbul Yuniar,prasetyaviolet@example.org,+62 (0668) 315-0514,Sungai Penuh,2024-09-30,Gold,2025-09-11,,True
3667,P02964,Ajiman Hariyah,musamah@example.com,0822628609,Tidore Kepulauan,2024-02-03,Basic,2024-02-03,,True
3668,P02965,Yosef Pradipta,nugrahamulyani@example.org,(059) 769 4265,Salatiga,2024-06-08,Gold,2024-06-08,,True
3669,P02966,Unjani Laksita,azalea70@example.org,+62 (915) 492-0886,Pagaralam,2024-07-03,Basic,2024-07-03,,True
3670,P02967,Cawisono Wastuti,mahendradamar@example.net,082 464 4259,Tomohon,2024-02-15,Basic,2024-02-15,,True
3671,P02968,Kardi Hasanah,gunartodadap@example.org,+62-72-102-6885,Batu,2024-06-21,Basic,2024-06-21,,True
3672,P02969,Tgk. Tira Mansur,budiagustina@example.net,+62 (620) 149 1445,Balikpapan,2024-01-19,Gold,2024-01-19,,True
3673,P02970,"Dr. Drajat Siregar, M.M.",baktionorajata@example.net,(025) 243 3347,Bandung,2024-05-23,Basic,2024-05-23,,True
3674,P02971,Ellis Mahendra,padma78@example.net,+62 (13) 426-5126,Sorong,2023-03-14,Gold,2023-03-14,,True
3675,P02972,Lantar Rajata,pratiwichandra@example.org,+62 (69) 135 5176,Yogyakarta,2023-10-02,Basic,2023-10-02,,True
3676,P02973,Dina Zulkarnain,tampubolonkartika@example.com,+62-03-780-0843,Kota Administrasi Jakarta Timur,2023-09-16,Gold,2023-09-16,,True
3677,P02974,"Dr. Cici Prasetya, S.I.Kom",citra97@example.org,+62 (94) 106-6040,Serang,2024-10-22,Platinum,2024-10-22,,True
3678,P02975,Zelaya Permadi,danuja76@example.net,+62 (0597) 040 4197,Tidore Kepulauan,2024-02-19,Basic,2024-02-19,,True
3679,P02976,"Nurul Usada, S.H.",jayeng24@example.org,+62 (088) 673 2102,Kotamobagu,2024-11-02,Basic,2024-11-02,,True
3680,P02977,Rafi Dabukke,permatacahya@example.com,+62 (0767) 801 7816,Dumai,2024-01-31,Basic,2024-01-31,,True
3681,P02978,Tgk. Lanjar Wibowo,kurniamarbun@example.com,+62-70-285-1442,Gorontalo,2023-06-29,Gold,2023-06-29,,True
3682,P02979,Saka Setiawan,darmajiutama@example.com,+62 (0007) 826 9365,Bukittinggi,2023-12-07,Basic,2023-12-07,,True
3683,P02980,Umi Prayoga,simbolonartanto@example.net,081 087 9020,Sibolga,2023-05-10,Basic,2023-05-10,,True
3684,P02981,"R.A. Titi Budiyanto, S.Pd",kasim21@example.org,+62 (068) 710-0652,Bitung,2024-01-21,Basic,2024-01-21,,True
3685,P02982,Nyoman Lailasari,aramadan@example.com,084 008 8602,Bima,2024-06-27,Basic,2024-06-27,2025-10-15,False
3686,P02982,Nyoman Lailasari,aramadan@example.com,084 008 8602,Bima,2024-06-27,Gold,2025-10-15,,True
3687,P02983,Tgk. Rahmi Lailasari,kpadmasari@example.net,(0740) 365 6037,Palangkaraya,2024-03-15,Basic,2024-03-15,,True
3688,P02984,Vega Nasyiah,syulianti@example.net,+62 (590) 326-9884,Tebingtinggi,2023-12-31,Basic,2023-12-31,2025-08-30,False
3689,P02984,Vega Nasyiah,syulianti@example.net,+62 (590) 326-9884,Tebingtinggi,2023-12-31,Gold,2025-08-30,,True
3690,P02985,Sutan Kajen Santoso,twijayanti@example.net,+62-039-850-8686,Padang Sidempuan,2024-03-18,Gold,2024-03-18,2025-03-22,False
3691,P02985,Sutan Kajen Santoso,twijayanti@example.net,+62-039-850-8686,Padang Sidempuan,2024-03-18,Platinum,2025-03-22,,True
3692,P02986,Sakura Haryanto,amarpaung@example.com,(0090) 767-9852,Palopo,2024-08-23,Basic,2024-08-23,,True
3693,P02987,"Dr. Indra Pudjiastuti, S.I.Kom",maria65@example.org,+62 (60) 453-8100,Palopo,2023-06-07,Basic,2023-06-07,,True
3694,P02988,Jaya Prayoga,raden17@example.net,+62-02-963-6073,Binjai,2024-01-11,Basic,2024-01-11,,True
3695,P02989,"Raden Sirait, M.M.",umaheswara@example.com,(0773) 061-4521,Manado,2023-01-28,Basic,2023-01-28,2025-10-18,False
3696,P02989,"Raden Sirait, M.M.",umaheswara@example.com,(0773) 061-4521,Manado,2023-01-28,Gold,2025-10-18,,True
3697,P02990,Dr. Ella Maheswara,winarsihqueen@example.org,(0122) 517-3438,Kota Administrasi Jakarta Pusat,2023-05-30,Platinum,2023-05-30,,True
3698,P02991,Ir. Eva Hutapea,farah28@example.org,+62 (215) 409-3317,Bengkulu,2024-03-09,Basic,2024-03-09,,True
3699,P02992,"Lega Kuswoyo, M.M.",dewihasanah@example.net,081 386 0585,Kota Administrasi Jakarta Selatan,2024-06-28,Basic,2024-06-28,,True
3700,P02993,Artawan Marpaung,laksitataswir@example.org,+62 (03) 275-5677,Palangkaraya,2023-08-31,Basic,2023-08-31,,True
3701,P02994,Hartaka Nasyidah,hartaticawuk@example.com,(0723) 040 5452,Sorong,2024-11-18,Basic,2024-11-18,,True
3702,P02995,"Drs. Ridwan Utami, M.TI.",liman35@example.net,+62 (084) 401 0002,Kupang,2023-11-15,Basic,2023-11-15,,True
3703,P02996,Sari Lazuardi,malapratama@example.net,(0938) 784-2505,Bandung,2023-09-20,Basic,2023-09-20,,True
3704,P02997,"Zelaya Latupono, S.Ked",astutilaras@example.com,+62 (158) 473-2120,Banjarbaru,2023-04-09,Gold,2023-04-09,,True
3705,P02998,Zahra Suryono,situmoranggantar@example.com,(012) 713-4098,Banjarbaru,2023-03-28,Basic,2023-03-28,,True
3706,P02999,Pia Prasasta,pradanaeva@example.net,+62 (86) 770-0072,Kediri,2024-01-14,Basic,2024-01-14,,True
3707,P03000,Luthfi Anggriawan,calistagunarto@example.com,+62-094-175-3244,Tual,2024-11-01,Basic,2024-11-01,,True
3708,P03001,"Hj. Nabila Namaga, S.Psi",oprasasta@example.net,+62 (374) 273 2518,Tegal,2024-08-31,Basic,2024-08-31,2025-09-23,False
3709,P03001,"Hj. Nabila Namaga, S.Psi",oprasasta@example.net,+62 (374) 273 2518,Tegal,2024-08-31,Gold,2025-09-23,,True
3710,P03002,Heryanto Manullang,pangestunadia@example.org,+62-276-026-7884,Bukittinggi,2024-11-19,Basic,2024-11-19,,True
3711,P03003,Puti Ghaliyati Saputra,vinokurniawan@example.net,+62 (008) 652-3785,Sukabumi,2023-12-17,Basic,2023-12-17,,True
3712,P03004,Nardi Adriansyah,suryatmiembuh@example.net,+62-97-317-1512,Purwokerto,2023-09-17,Basic,2023-09-17,,True
3713,P03005,Novi Prayoga,firgantorowarsa@example.net,(057) 877 4234,Palembang,2023-08-26,Gold,2023-08-26,,True
3714,P03006,Dariati Pradipta,hutasoitestiawan@example.net,+62 (91) 283-0535,Bima,2024-08-22,Gold,2024-08-22,,True
3715,P03007,Eva Rahmawati,smegantara@example.com,(0602) 101-6275,Jambi,2024-08-07,Basic,2024-08-07,,True
3716,P03008,Tira Waluyo,kurniawanendah@example.org,(0686) 225-5736,Tangerang Selatan,2024-09-14,Basic,2024-09-14,2025-09-16,False
3717,P03008,Tira Waluyo,kurniawanendah@example.org,(0686) 225-5736,Tangerang Selatan,2024-09-14,Gold,2025-09-16,,True
3718,P03009,Rusman Saptono,siska17@example.net,+62-006-590-9112,Bekasi,2024-08-07,Basic,2024-08-07,,True
3719,P03010,Zelaya Zulkarnain,npranowo@example.com,+62 (779) 682 5141,Banjarbaru,2023-10-16,Gold,2023-10-16,,True
3720,P03011,Sutan Asirwanda Zulkarnain,npalastri@example.com,(0080) 055-3670,Ternate,2024-11-15,Basic,2024-11-15,,True
3721,P03012,Warsita Namaga,farahmansur@example.org,+62 (737) 358 7277,Balikpapan,2023-06-05,Basic,2023-06-05,,True
3722,P03013,Luwes Sihombing,rajatasalman@example.net,+62 (386) 798 4114,Lubuklinggau,2023-10-17,Basic,2023-10-17,,True
3723,P03014,Upik Laksmiwati,paryani@example.net,081 586 2614,Kota Administrasi Jakarta Timur,2024-11-13,Basic,2024-11-13,2025-05-24,False
3724,P03014,Upik Laksmiwati,paryani@example.net,081 586 2614,Kota Administrasi Jakarta Timur,2024-11-13,Gold,2025-05-24,,True
3725,P03015,Cut Nilam Aryani,halimalmira@example.com,+62 (03) 473-8376,Banda Aceh,2023-04-05,Basic,2023-04-05,,True
3726,P03016,"Ir. Luluh Ardianto, S.Kom",kasimsiregar@example.net,+62-0535-966-4528,Palopo,2024-08-05,Basic,2024-08-05,,True
3727,P03017,Dr. Amalia Laksmiwati,harjaya35@example.com,+62 (077) 244-5625,Samarinda,2024-07-12,Basic,2024-07-12,,True
3728,P03018,"Raina Lailasari, S.IP",mustofajamalia@example.net,+62 (20) 177 8544,Sawahlunto,2023-01-23,Basic,2023-01-23,2025-06-07,False
3729,P03018,"Raina Lailasari, S.IP",mustofajamalia@example.net,+62 (20) 177 8544,Sawahlunto,2023-01-23,Gold,2025-06-07,,True
3730,P03019,Aswani Tampubolon,asiregar@example.com,(036) 988 0683,Tual,2023-10-12,Basic,2023-10-12,,True
3731,P03020,"Drs. Ajimat Pudjiastuti, M.Pd",waskitavino@example.com,0829435507,Blitar,2023-07-08,Gold,2023-07-08,2025-09-07,False
3732,P03020,"Drs. Ajimat Pudjiastuti, M.Pd",waskitavino@example.com,0829435507,Blitar,2023-07-08,Platinum,2025-09-07,,True
3733,P03021,"R.A. Sadina Sirait, S.H.",fnovitasari@example.com,+62 (94) 967 8315,Batu,2023-09-05,Basic,2023-09-05,,True
3734,P03022,Maras Prastuti,bambangmaheswara@example.org,+62-184-640-9358,Jayapura,2024-02-26,Basic,2024-02-26,,True
3735,P03023,Putri Agustina,dongoranhendra@example.net,+62 (03) 518 7131,Sukabumi,2024-06-09,Basic,2024-06-09,,True
3736,P03024,Argono Sitompul,tirtayasa57@example.com,+62 (0184) 307-5503,Pasuruan,2024-06-25,Basic,2024-06-25,,True
3737,P03025,Cagak Rahimah,aryaniliman@example.net,+62-668-633-6432,Tanjungbalai,2024-01-08,Basic,2024-01-08,2025-08-14,False
3738,P03025,Cagak Rahimah,aryaniliman@example.net,+62-668-633-6432,Tanjungbalai,2024-01-08,Gold,2025-08-14,,True
3739,P03026,Opung Pudjiastuti,rahmihakim@example.com,+62-0764-934-1857,Sukabumi,2024-07-29,Basic,2024-07-29,,True
3740,P03027,"Bagiya Tarihoran, S.Psi",zprasasta@example.net,+62-024-740-8797,Prabumulih,2024-02-23,Gold,2024-02-23,,True
3741,P03028,Violet Purwanti,nasyidahkarya@example.net,(068) 827-7386,Cirebon,2024-03-21,Basic,2024-03-21,,True
3742,P03029,"Nadine Andriani, S.Sos",maimunah24@example.com,+62-070-369-7908,Sawahlunto,2023-11-06,Gold,2023-11-06,,True
3743,P03030,Diah Santoso,dinapertiwi@example.net,(0988) 318-2856,Magelang,2024-07-13,Basic,2024-07-13,,True
3744,P03031,"Qori Permata, S.T.",luweshandayani@example.com,(016) 699-2541,Subulussalam,2024-07-11,Basic,2024-07-11,,True
3745,P03032,Padmi Halim,kania73@example.org,(0735) 577-0644,Tanjungbalai,2023-06-23,Basic,2023-06-23,2025-04-27,False
3746,P03032,Padmi Halim,kania73@example.org,(0735) 577-0644,Tanjungbalai,2023-06-23,Gold,2025-04-27,,True
3747,P03033,Bagya Prayoga,laksitadacin@example.org,+62-0007-282-4247,Palu,2024-11-10,Gold,2024-11-10,,True
3748,P03034,Raihan Winarsih,nababanatma@example.org,+62 (84) 289-0244,Pasuruan,2023-08-18,Basic,2023-08-18,2025-10-03,False
3749,P03034,Raihan Winarsih,nababanatma@example.org,+62 (84) 289-0244,Pasuruan,2023-08-18,Gold,2025-10-03,,True
3750,P03035,Wira Sihotang,ranggaagustina@example.com,+62 (0249) 407-5014,Kota Administrasi Jakarta Selatan,2023-03-22,Basic,2023-03-22,,True
3751,P03036,Cemeti Prasetya,elma98@example.org,+62 (88) 604-9746,Tebingtinggi,2024-07-25,Basic,2024-07-25,,True
3752,P03037,"Cut Mutia Wibisono, S.IP",pradiptahartaka@example.net,087 121 8123,Bukittinggi,2024-05-14,Basic,2024-05-14,,True
3753,P03038,"Hafshah Samosir, S.T.",mlestari@example.org,0850970756,Banjarmasin,2024-01-06,Basic,2024-01-06,,True
3754,P03039,Tami Lazuardi,wasis54@example.net,+62 (93) 031 2313,Denpasar,2024-07-29,Gold,2024-07-29,2025-10-19,False
3755,P03039,Tami Lazuardi,wasis54@example.net,+62 (93) 031 2313,Denpasar,2024-07-29,Platinum,2025-10-19,,True
3756,P03040,"Shania Mansur, S.Pd",opheliasamosir@example.net,(0356) 760 3050,Tomohon,2023-03-10,Basic,2023-03-10,,True
3757,P03041,Dt. Pranata Handayani,kurnianasyiah@example.org,(0461) 195-4345,Kota Administrasi Jakarta Utara,2024-05-27,Gold,2024-05-27,,True
3758,P03042,Bambang Maulana,padmasaridarsirah@example.com,+62 (003) 902 4768,Balikpapan,2023-03-26,Basic,2023-03-26,,True
3759,P03043,Ir. Wawan Pangestu,natsirani@example.org,+62-55-968-4690,Kota Administrasi Jakarta Pusat,2023-06-10,Basic,2023-06-10,,True
3760,P03044,Nova Yolanda,hutasoittomi@example.org,+62 (0241) 139 9061,Sukabumi,2024-07-23,Basic,2024-07-23,2025-07-05,False
3761,P03044,Nova Yolanda,hutasoittomi@example.org,+62 (0241) 139 9061,Sukabumi,2024-07-23,Gold,2025-07-05,,True
3762,P03045,Zahra Najmudin,asirwada68@example.com,(0255) 260 7010,Tanjungpinang,2024-05-10,Basic,2024-05-10,,True
3763,P03046,Sutan Langgeng Maryati,jelita68@example.net,+62 (06) 530 2141,Gorontalo,2024-07-14,Gold,2024-07-14,,True
3764,P03047,Restu Rajasa,maheswaraamong@example.org,+62 (0304) 291-2304,Tasikmalaya,2024-06-27,Gold,2024-06-27,,True
3765,P03048,Cemeti Saefullah,tampubolonlaswi@example.com,+62 (099) 584-8852,Pangkalpinang,2024-03-24,Basic,2024-03-24,,True
3766,P03049,"dr. Paiman Mansur, S.Farm",makutawibowo@example.org,+62 (51) 173 1196,Parepare,2024-07-19,Basic,2024-07-19,,True
3767,P03050,"dr. Jane Lazuardi, S.IP",wkusumo@example.org,(0195) 066-6113,Palembang,2024-06-03,Basic,2024-06-03,,True
3768,P03051,"Hj. Anastasia Maryadi, S.E.I",lgunawan@example.net,0831284110,Semarang,2023-07-01,Basic,2023-07-01,,True
3769,P03052,Karma Prabowo,qhutapea@example.com,+62-004-869-7558,Pekanbaru,2023-11-20,Basic,2023-11-20,,True
3770,P03053,Yuni Damanik,jmahendra@example.org,(0534) 549 6132,Palopo,2024-01-11,Basic,2024-01-11,,True
3771,P03054,"Eva Irawan, S.Ked",kurniaastuti@example.net,(0992) 590 0380,Pasuruan,2023-08-17,Basic,2023-08-17,,True
3772,P03055,Unjani Nainggolan,aryanirahmat@example.com,+62-073-674-5088,Palembang,2024-04-16,Basic,2024-04-16,,True
3773,P03056,Ajiono Wulandari,bakijan96@example.net,+62-404-850-4203,Bandung,2023-03-05,Basic,2023-03-05,2025-03-30,False
3774,P03056,Ajiono Wulandari,bakijan96@example.net,+62-404-850-4203,Bandung,2023-03-05,Gold,2025-03-30,,True
3775,P03057,"Dt. Purwa Fujiati, M.M.",kaylahidayanto@example.net,+62 (991) 473 4273,Ternate,2023-06-03,Basic,2023-06-03,2025-06-30,False
3776,P03057,"Dt. Purwa Fujiati, M.M.",kaylahidayanto@example.net,+62 (991) 473 4273,Ternate,2023-06-03,Gold,2025-06-30,,True
3777,P03058,Halima Laksmiwati,jono28@example.org,+62-084-317-3329,Semarang,2024-11-18,Platinum,2024-11-18,,True
3778,P03059,Cemeti Namaga,salahudinharja@example.com,+62 (43) 353 1122,Bima,2023-07-14,Basic,2023-07-14,2025-05-12,False
3779,P03059,Cemeti Namaga,salahudinharja@example.com,+62 (43) 353 1122,Bima,2023-07-14,Gold,2025-05-12,,True
3780,P03060,"Hardi Purnawati, S.E.I",puput30@example.org,(0350) 458 7168,Pasuruan,2023-11-11,Basic,2023-11-11,,True
3781,P03061,"Puti Puti Megantara, S.Psi",hwibowo@example.com,+62 (00) 320-2947,Bau-Bau,2024-11-30,Basic,2024-11-30,2025-06-21,False
3782,P03061,"Puti Puti Megantara, S.Psi",hwibowo@example.com,+62 (00) 320-2947,Bau-Bau,2024-11-30,Gold,2025-06-21,,True
3783,P03062,Jasmin Sudiati,dono99@example.com,+62-92-110-8570,Meulaboh,2023-10-25,Gold,2023-10-25,2025-09-11,False
3784,P03062,Jasmin Sudiati,dono99@example.com,+62-92-110-8570,Meulaboh,2023-10-25,Platinum,2025-09-11,,True
3785,P03063,"Dr. Gina Winarno, M.Kom.",halimahwinda@example.org,+62 (693) 055-2603,Sungai Penuh,2023-07-28,Basic,2023-07-28,2025-05-27,False
3786,P03063,"Dr. Gina Winarno, M.Kom.",halimahwinda@example.org,+62 (693) 055-2603,Sungai Penuh,2023-07-28,Gold,2025-05-27,,True
3787,P03064,"Belinda Hutagalung, S.Farm",plaksita@example.com,+62-0247-178-1032,Bekasi,2024-01-14,Basic,2024-01-14,,True
3788,P03065,Ade Samosir,wirdawacana@example.org,0840130903,Blitar,2024-12-01,Basic,2024-12-01,,True
3789,P03066,Talia Prasetyo,kezia23@example.org,(081) 919-7032,Pariaman,2024-01-17,Basic,2024-01-17,,True
3790,P03067,Zizi Nurdiyanti,lazuardikambali@example.com,+62 (0756) 503-9176,Jayapura,2024-01-21,Basic,2024-01-21,2025-10-08,False
3791,P03067,Zizi Nurdiyanti,lazuardikambali@example.com,+62 (0756) 503-9176,Jayapura,2024-01-21,Gold,2025-10-08,,True
3792,P03068,Uchita Purwanti,tnatsir@example.com,080 800 2257,Bitung,2024-05-04,Basic,2024-05-04,,True
3793,P03069,"Digdaya Hutagalung, M.Pd",bahuraksa67@example.com,+62-008-647-4506,Manado,2023-12-21,Basic,2023-12-21,,True
3794,P03070,"Ir. Rahayu Rahimah, S.Gz",budimancemeti@example.com,+62 (038) 993-9126,Kupang,2024-01-03,Gold,2024-01-03,,True
3795,P03071,Intan Anggraini,zulkarnainelvin@example.org,+62-071-575-5337,Palangkaraya,2023-09-18,Basic,2023-09-18,,True
3796,P03072,Lantar Wasita,kala91@example.org,+62 (06) 036-3381,Sibolga,2024-04-30,Basic,2024-04-30,,True
3797,P03073,Rahmi Wijaya,swacana@example.com,+62 (64) 788 3820,Manado,2024-06-01,Basic,2024-06-01,,True
3798,P03074,Ciaobella Puspita,uyuliarti@example.com,0885661987,Balikpapan,2023-08-16,Basic,2023-08-16,,True
3799,P03075,dr. Widya Saefullah,wibowolasmono@example.com,+62-091-919-0536,Malang,2024-02-21,Basic,2024-02-21,,True
3800,P03076,Sutan Purwadi Uyainah,kasusra77@example.org,(0941) 932 5352,Sibolga,2024-08-22,Basic,2024-08-22,,True
3801,P03077,Darmanto Rahayu,alika33@example.net,+62 (758) 505-7634,Pagaralam,2024-08-04,Basic,2024-08-04,,True
3802,P03078,Cinthia Palastri,dipayuniar@example.org,+62 (049) 788 1061,Pagaralam,2023-08-25,Basic,2023-08-25,,True
3803,P03079,Pangeran Marpaung,hidayantoestiawan@example.org,+62 (278) 655 1412,Pagaralam,2024-06-10,Platinum,2024-06-10,,True
3804,P03080,Karna Samosir,putuwaluyo@example.net,+62 (0788) 817 2589,Pontianak,2023-03-20,Basic,2023-03-20,,True
3805,P03081,Ajiman Hariyah,rprasetyo@example.org,+62 (078) 182 5901,Palopo,2023-11-21,Basic,2023-11-21,,True
3806,P03082,"Jumadi Puspasari, S.H.",elisa68@example.com,(0298) 166 9285,Cirebon,2023-06-17,Basic,2023-06-17,,True
3807,P03083,Winda Sinaga,ivanhasanah@example.com,(046) 477-8996,Tasikmalaya,2023-10-08,Basic,2023-10-08,2025-04-24,False
3808,P03083,Winda Sinaga,ivanhasanah@example.com,(046) 477-8996,Tasikmalaya,2023-10-08,Gold,2025-04-24,,True
3809,P03084,"Tgk. Lidya Rahmawati, S.Gz",ardiantoasmadi@example.org,+62 (56) 315-1895,Cimahi,2023-06-24,Basic,2023-06-24,,True
3810,P03085,T. Jaeman Safitri,prasetyoghani@example.net,+62 (0778) 004-3414,Kotamobagu,2024-02-13,Basic,2024-02-13,2025-08-09,False
3811,P03085,T. Jaeman Safitri,prasetyoghani@example.net,+62 (0778) 004-3414,Kotamobagu,2024-02-13,Gold,2025-08-09,,True
3812,P03086,Mustofa Prasetyo,yosef67@example.net,+62 (075) 791-8692,Surakarta,2024-11-11,Basic,2024-11-11,2025-05-09,False
3813,P03086,Mustofa Prasetyo,yosef67@example.net,+62 (075) 791-8692,Surakarta,2024-11-11,Gold,2025-05-09,,True
3814,P03087,Asirwanda Rajasa,maimunah92@example.net,+62 (0868) 527 3912,Serang,2023-09-23,Platinum,2023-09-23,,True
3815,P03088,Qori Haryanti,cwinarno@example.org,0824297262,Pekalongan,2024-08-07,Gold,2024-08-07,,True
3816,P03089,Lintang Mardhiyah,kasiyahpangestu@example.com,+62 (0025) 375-7021,Cimahi,2024-08-28,Basic,2024-08-28,,True
3817,P03090,Rika Hutagalung,muni51@example.org,+62 (00) 645-4512,Medan,2023-03-22,Basic,2023-03-22,,True
3818,P03091,Zaenab Prasasta,zrajasa@example.net,(021) 958 6613,Kota Administrasi Jakarta Timur,2024-10-28,Basic,2024-10-28,,True
3819,P03092,R.A. Raisa Gunawan,sabriyuniar@example.net,+62 (0856) 018-4743,Bekasi,2023-05-13,Basic,2023-05-13,,True
3820,P03093,"drg. Lala Habibi, S.I.Kom",elvinahardiansyah@example.com,+62 (048) 868-0184,Padang,2024-10-16,Basic,2024-10-16,2025-05-19,False
3821,P03093,"drg. Lala Habibi, S.I.Kom",elvinahardiansyah@example.com,+62 (048) 868-0184,Padang,2024-10-16,Gold,2025-05-19,,True
3822,P03094,Dacin Widodo,nainggolanatma@example.net,+62 (25) 960-3977,Pasuruan,2024-11-05,Basic,2024-11-05,,True
3823,P03095,Purwadi Pradana,simanjuntaklili@example.com,(0525) 159 6445,Kota Administrasi Jakarta Pusat,2023-07-27,Gold,2023-07-27,,True
3824,P03096,"Drs. Jono Rahimah, S.Gz",vnuraini@example.com,089 021 4918,Binjai,2023-12-14,Basic,2023-12-14,,True
3825,P03097,Nadine Pratama,kpudjiastuti@example.org,+62-708-597-7880,Tanjungpinang,2023-07-15,Gold,2023-07-15,,True
3826,P03098,Enteng Tarihoran,lanjarnainggolan@example.net,+62 (0621) 442 6571,Malang,2023-10-26,Basic,2023-10-26,,True
3827,P03099,Puspa Wijayanti,czulkarnain@example.org,(0958) 149-1401,Padang,2023-06-10,Basic,2023-06-10,,True
3828,P03100,Irsad Siregar,karta25@example.net,+62 (0436) 634 9572,Tasikmalaya,2024-06-18,Basic,2024-06-18,,True
3829,P03101,R.M. Cecep Sihotang,artawansihotang@example.net,(0141) 112 1291,Probolinggo,2024-07-15,Basic,2024-07-15,,True
3830,P03102,Galang Winarno,habibihasan@example.com,+62-014-920-4669,Tanjungbalai,2024-02-13,Basic,2024-02-13,,True
3831,P03103,Tina Rajata,maimunahpradana@example.com,0853204530,Subulussalam,2024-08-26,Basic,2024-08-26,2025-03-03,False
3832,P03103,Tina Rajata,maimunahpradana@example.com,0853204530,Subulussalam,2024-08-26,Gold,2025-03-03,,True
3833,P03104,"Jaka Tampubolon, M.Ak",devimaheswara@example.org,+62-593-120-0122,Magelang,2024-08-21,Basic,2024-08-21,2025-10-08,False
3834,P03104,"Jaka Tampubolon, M.Ak",devimaheswara@example.org,+62-593-120-0122,Magelang,2024-08-21,Gold,2025-10-08,,True
3835,P03105,Drs. Sadina Usamah,putri72@example.com,+62 (861) 442-0876,Padang Sidempuan,2024-07-21,Gold,2024-07-21,2025-03-04,False
3836,P03105,Drs. Sadina Usamah,putri72@example.com,+62 (861) 442-0876,Padang Sidempuan,2024-07-21,Platinum,2025-03-04,,True
3837,P03106,Siska Hardiansyah,nardianto@example.com,+62 (372) 646-8801,Cimahi,2023-09-11,Basic,2023-09-11,,True
3838,P03107,Yance Kurniawan,palastrigalih@example.net,(0892) 860-0295,Jambi,2024-05-20,Gold,2024-05-20,,True
3839,P03108,Jais Pradipta,titinsihotang@example.net,+62 (0928) 451 3397,Palangkaraya,2023-03-04,Basic,2023-03-04,,True
3840,P03109,Nova Laksmiwati,lamar95@example.com,+62 (008) 895-5582,Bogor,2023-12-27,Gold,2023-12-27,2025-05-04,False
3841,P03109,Nova Laksmiwati,lamar95@example.com,+62 (008) 895-5582,Bogor,2023-12-27,Platinum,2025-05-04,,True
3842,P03110,KH. Lulut Andriani,usadanrima@example.org,+62 (0705) 905 7709,Binjai,2023-02-04,Basic,2023-02-04,2025-06-07,False
3843,P03110,KH. Lulut Andriani,usadanrima@example.org,+62 (0705) 905 7709,Binjai,2023-02-04,Gold,2025-06-07,,True
3844,P03111,Pangeran Permadi,jatmikoiswahyudi@example.com,+62-106-595-1161,Kediri,2024-08-05,Basic,2024-08-05,,True
3845,P03112,Jaya Riyanti,opheliamaulana@example.org,+62-084-925-5261,Yogyakarta,2024-09-11,Basic,2024-09-11,,True
3846,P03113,Umi Laksita,yonomulyani@example.com,(055) 155-1736,Yogyakarta,2023-09-13,Basic,2023-09-13,2025-06-28,False
3847,P03113,Umi Laksita,yonomulyani@example.com,(055) 155-1736,Yogyakarta,2023-09-13,Gold,2025-06-28,,True
3848,P03114,drg. Kayla Pratama,balamantrihassanah@example.com,+62 (26) 705 1176,Sukabumi,2024-10-12,Basic,2024-10-12,,True
3849,P03115,Eva Lestari,warsawaluyo@example.org,+62 (079) 662-5762,Tanjungpinang,2024-06-19,Basic,2024-06-19,2025-04-03,False
3850,P03115,Eva Lestari,warsawaluyo@example.org,+62 (079) 662-5762,Tanjungpinang,2024-06-19,Gold,2025-04-03,,True
3851,P03116,Aisyah Sihombing,nrima85@example.com,+62-0963-974-6069,Yogyakarta,2024-08-27,Basic,2024-08-27,,True
3852,P03117,Dr. Rahmi Lazuardi,yprabowo@example.com,(096) 272 8955,Kotamobagu,2024-06-13,Platinum,2024-06-13,,True
3853,P03118,Cahyanto Maheswara,galar24@example.org,(0058) 565-0098,Tanjungpinang,2024-10-08,Basic,2024-10-08,,True
3854,P03119,"R. Karja Mandasari, S.Pt",saragihagnes@example.net,+62 (0337) 106 4265,Sawahlunto,2024-10-23,Basic,2024-10-23,,True
3855,P03120,"Jati Nainggolan, S.Pd",baktionojailani@example.net,+62 (0646) 894-4377,Gorontalo,2024-03-15,Basic,2024-03-15,,True
3856,P03121,Ajimin Anggraini,awibowo@example.org,(0887) 502 2939,Mojokerto,2024-07-23,Basic,2024-07-23,2025-09-09,False
3857,P03121,Ajimin Anggraini,awibowo@example.org,(0887) 502 2939,Mojokerto,2024-07-23,Gold,2025-09-09,,True
3858,P03122,"Sutan Tomi Sihombing, S.Pd",slamet98@example.com,+62-869-080-0610,Bogor,2024-11-29,Basic,2024-11-29,,True
3859,P03123,"KH. Abyasa Siregar, S.Kom",jayeng99@example.com,+62 (0291) 400-9919,Kupang,2023-06-11,Basic,2023-06-11,,True
3860,P03124,Satya Nurdiyanti,damanikdarmana@example.net,(062) 077-1108,Jambi,2023-09-25,Basic,2023-09-25,,True
3861,P03125,drg. Tantri Mandala,jthamrin@example.com,0834233835,Sungai Penuh,2023-12-26,Basic,2023-12-26,2025-04-27,False
3862,P03125,drg. Tantri Mandala,jthamrin@example.com,0834233835,Sungai Penuh,2023-12-26,Gold,2025-04-27,,True
3863,P03126,Hj. Ira Permata,wacanaghani@example.com,+62 (15) 519-9851,Dumai,2024-04-10,Gold,2024-04-10,,True
3864,P03127,Karna Fujiati,sihombingasirwada@example.net,+62 (004) 183-8538,Banjar,2023-03-12,Basic,2023-03-12,2025-05-25,False
3865,P03127,Karna Fujiati,sihombingasirwada@example.net,+62 (004) 183-8538,Banjar,2023-03-12,Gold,2025-05-25,,True
3866,P03128,Latika Sihombing,vsiregar@example.com,(0812) 790-8039,Kota Administrasi Jakarta Barat,2024-09-26,Basic,2024-09-26,,True
3867,P03129,"R.M. Bakianto Suryatmi, S.Ked",prabulazuardi@example.net,+62 (05) 273 5352,Kupang,2024-05-28,Basic,2024-05-28,,True
3868,P03130,Nyoman Yolanda,qhutagalung@example.org,+62 (20) 021-2536,Kupang,2023-06-09,Basic,2023-06-09,,True
3869,P03131,Drs. Ajiono Suartini,yuliantikarna@example.com,+62 (76) 515 7770,Manado,2024-01-06,Basic,2024-01-06,,True
3870,P03132,Karimah Hidayat,ghani49@example.org,+62 (21) 388 1607,Bandung,2023-05-09,Basic,2023-05-09,2025-07-21,False
3871,P03132,Karimah Hidayat,ghani49@example.org,+62 (21) 388 1607,Bandung,2023-05-09,Gold,2025-07-21,,True
3872,P03133,Carla Waluyo,omanoktaviani@example.org,082 360 3388,Padangpanjang,2023-08-07,Gold,2023-08-07,2025-03-07,False
3873,P03133,Carla Waluyo,omanoktaviani@example.org,082 360 3388,Padangpanjang,2023-08-07,Platinum,2025-03-07,,True
3874,P03134,"Kemba Prayoga, M.Ak",sihombingibrahim@example.com,+62 (29) 575 8916,Depok,2023-08-28,Basic,2023-08-28,,True
3875,P03135,Hendra Halim,nardimangunsong@example.com,+62-348-732-4233,Payakumbuh,2024-01-22,Basic,2024-01-22,,True
3876,P03136,"Cut Oni Wahyuni, S.H.",inarpati@example.org,(0018) 434-5103,Padang Sidempuan,2023-10-09,Basic,2023-10-09,,True
3877,P03137,Dt. Bala Riyanti,saragihlaras@example.net,+62 (168) 312 5284,Gorontalo,2024-10-19,Basic,2024-10-19,,True
3878,P03138,"Dr. Umay Nasyiah, S.T.",tarihoranestiono@example.com,+62-074-122-1368,Pasuruan,2024-03-31,Basic,2024-03-31,,True
3879,P03139,Empluk Agustina,harjawinarno@example.com,+62 (726) 109-4047,Parepare,2024-07-09,Basic,2024-07-09,,True
3880,P03140,Maida Kurniawan,hmangunsong@example.net,+62 (0003) 690 0874,Mataram,2023-11-22,Basic,2023-11-22,,True
3881,P03141,"Salimah Megantara, S.E.",januarsilvia@example.org,081 471 3765,Pekalongan,2024-04-04,Basic,2024-04-04,,True
3882,P03142,Anggabaya Thamrin,gawati48@example.org,(013) 625 5522,Pangkalpinang,2024-08-06,Basic,2024-08-06,2025-08-04,False
3883,P03142,Anggabaya Thamrin,gawati48@example.org,(013) 625 5522,Pangkalpinang,2024-08-06,Gold,2025-08-04,,True
3884,P03143,Bala Budiyanto,marpaunglabuh@example.net,0833444577,Tasikmalaya,2023-07-17,Gold,2023-07-17,,True
3885,P03144,"Karja Sihombing, S.H.",kania78@example.net,+62-080-618-4564,Bandar Lampung,2024-04-11,Basic,2024-04-11,,True
3886,P03145,Drs. Aurora Yolanda,silvia50@example.net,0844353607,Padang Sidempuan,2023-02-16,Basic,2023-02-16,2025-10-21,False
3887,P03145,Drs. Aurora Yolanda,silvia50@example.net,0844353607,Padang Sidempuan,2023-02-16,Gold,2025-10-21,,True
3888,P03146,Jaga Aryani,kusmawatiusyi@example.net,+62 (08) 683 3831,Tanjungpinang,2024-08-22,Basic,2024-08-22,,True
3889,P03147,Hasna Prasetyo,jarwa72@example.net,(005) 814-3380,Bengkulu,2024-07-13,Basic,2024-07-13,,True
3890,P03148,Sutan Baktianto Hidayat,arsipatra86@example.org,087 064 4707,Bandung,2024-07-14,Basic,2024-07-14,,True
3891,P03149,"Dr. Zaenab Waluyo, S.Pd",sabrina76@example.net,(034) 193-2820,Meulaboh,2023-09-10,Basic,2023-09-10,,True
3892,P03150,Sutan Daryani Sihombing,laras02@example.org,+62 (165) 379 9097,Pariaman,2024-10-01,Basic,2024-10-01,,True
3893,P03151,"Cut Rachel Mayasari, S.IP",rmangunsong@example.com,+62 (015) 227-5781,Pekalongan,2023-04-13,Basic,2023-04-13,2025-10-15,False
3894,P03151,"Cut Rachel Mayasari, S.IP",rmangunsong@example.com,+62 (015) 227-5781,Pekalongan,2023-04-13,Gold,2025-10-15,,True
3895,P03152,Rafi Melani,dindamulyani@example.net,+62 (0994) 594-2021,Manado,2023-10-05,Gold,2023-10-05,,True
3896,P03153,Opung Wijaya,pradanakoko@example.net,(0807) 012 9344,Batu,2024-05-16,Gold,2024-05-16,,True
3897,P03154,Hamima Prasetya,uwidodo@example.net,+62 (996) 434-0068,Salatiga,2023-06-05,Gold,2023-06-05,,True
3898,P03155,Gilda Hariyah,prasastaellis@example.org,(093) 579 9567,Sibolga,2024-08-18,Basic,2024-08-18,,True
3899,P03156,"Drs. Bakijan Suwarno, M.TI.",padmasarikurnia@example.com,+62 (803) 298-3660,Tanjungpinang,2024-11-24,Basic,2024-11-24,,True
3900,P03157,Ana Pangestu,sfarida@example.net,+62 (07) 441 0795,Bukittinggi,2023-01-02,Basic,2023-01-02,2025-08-18,False
3901,P03157,Ana Pangestu,sfarida@example.net,+62 (07) 441 0795,Bukittinggi,2023-01-02,Gold,2025-08-18,,True
3902,P03158,"Drs. Yunita Napitupulu, M.Ak",rafisuryatmi@example.org,+62 (089) 577 5833,Kota Administrasi Jakarta Selatan,2023-04-12,Basic,2023-04-12,,True
3903,P03159,Dr. Mahesa Prastuti,prabawaprabowo@example.org,+62 (000) 390-9066,Purwokerto,2024-05-17,Gold,2024-05-17,,True
3904,P03160,Koko Widodo,halimkenzie@example.org,+62 (372) 927-2104,Sukabumi,2024-09-14,Basic,2024-09-14,,True
3905,P03161,Ir. Aslijan Pradana,smaryati@example.com,+62 (072) 477-6605,Semarang,2023-03-20,Basic,2023-03-20,,True
3906,P03162,Panji Nababan,siregarrusman@example.org,+62-0226-036-3740,Bandar Lampung,2024-12-02,Basic,2024-12-02,,True
3907,P03163,Dr. Gilda Maulana,edimaheswara@example.org,+62 (834) 108 5782,Sibolga,2024-03-23,Basic,2024-03-23,,True
3908,P03164,"Puti Hesti Irawan, S.Ked",bellautama@example.com,(0733) 567 8948,Sabang,2023-01-02,Basic,2023-01-02,,True
3909,P03165,"Dr. Irnanto Maryadi, M.TI.",jailsiregar@example.com,+62 (991) 067-5225,Bitung,2023-08-11,Basic,2023-08-11,,True
3910,P03166,Latika Putra,warsamaryati@example.com,+62 (0427) 592 8968,Purwokerto,2023-11-11,Basic,2023-11-11,,True
3911,P03167,Aisyah Pradana,maras81@example.net,+62 (44) 211-5017,Kendari,2023-07-28,Basic,2023-07-28,2025-07-11,False
3912,P03167,Aisyah Pradana,maras81@example.net,+62 (44) 211-5017,Kendari,2023-07-28,Gold,2025-07-11,,True
3913,P03168,Zamira Pranowo,marpaungcawuk@example.net,+62 (0914) 468-5854,Banjarbaru,2023-09-20,Gold,2023-09-20,,True
3914,P03169,Tira Waskita,kawaya64@example.com,+62 (0398) 510 1966,Sorong,2024-08-02,Gold,2024-08-02,,True
3915,P03170,Ajimat Pertiwi,fsitorus@example.com,+62 (04) 400-3234,Bukittinggi,2024-02-11,Gold,2024-02-11,2025-09-25,False
3916,P03170,Ajimat Pertiwi,fsitorus@example.com,+62 (04) 400-3234,Bukittinggi,2024-02-11,Platinum,2025-09-25,,True
3917,P03171,"dr. Restu Sihotang, M.M.",natsirlulut@example.org,+62 (046) 912 1394,Bima,2023-11-22,Basic,2023-11-22,,True
3918,P03172,Martani Nainggolan,kusmawatidanu@example.org,+62-041-854-2639,Sorong,2023-12-04,Basic,2023-12-04,,True
3919,P03173,"drg. Hamima Widiastuti, S.Farm",humaira40@example.com,+62-0397-704-7428,Metro,2023-03-02,Basic,2023-03-02,2025-07-08,False
3920,P03173,"drg. Hamima Widiastuti, S.Farm",humaira40@example.com,+62-0397-704-7428,Metro,2023-03-02,Gold,2025-07-08,,True
3921,P03174,Yance Halim,pprabowo@example.com,(034) 774 3914,Sawahlunto,2024-06-01,Gold,2024-06-01,,True
3922,P03175,Eka Hardiansyah,vmaryati@example.org,+62-597-705-9433,Pagaralam,2024-09-02,Gold,2024-09-02,,True
3923,P03176,Kamaria Maryadi,muhammad65@example.net,(0957) 759-1662,Palu,2023-03-03,Basic,2023-03-03,,True
3924,P03177,"Dt. Mustika Nasyidah, S.Pt",yolandaalambana@example.com,(0862) 265-4481,Depok,2023-08-14,Basic,2023-08-14,,True
3925,P03178,Labuh Simanjuntak,hidayathartaka@example.net,+62 (068) 731 7029,Kediri,2024-09-29,Gold,2024-09-29,,True
3926,P03179,"R.A. Jessica Wastuti, S.I.Kom",legawakusumo@example.com,(099) 490-6748,Palopo,2023-09-06,Basic,2023-09-06,2025-06-29,False
3927,P03179,"R.A. Jessica Wastuti, S.I.Kom",legawakusumo@example.com,(099) 490-6748,Palopo,2023-09-06,Gold,2025-06-29,,True
3928,P03180,Purwa Saragih,enteng70@example.org,+62-578-205-1498,Kota Administrasi Jakarta Pusat,2023-07-16,Gold,2023-07-16,,True
3929,P03181,Ir. Purwanto Puspasari,suwarnobagiya@example.com,0860679328,Bukittinggi,2024-01-01,Basic,2024-01-01,,True
3930,P03182,"Ajimin Widiastuti, S.T.",vnarpati@example.org,(0233) 809-3014,Tual,2023-09-13,Basic,2023-09-13,,True
3931,P03183,"Zelda Lestari, M.M.",iswahyudiluluh@example.org,+62-0216-528-7204,Tasikmalaya,2023-08-17,Basic,2023-08-17,,True
3932,P03184,Halim Pangestu,ismailsirait@example.net,+62 (839) 443-8556,Banjarbaru,2023-09-11,Basic,2023-09-11,2025-10-04,False
3933,P03184,Halim Pangestu,ismailsirait@example.net,+62 (839) 443-8556,Banjarbaru,2023-09-11,Gold,2025-10-04,,True
3934,P03185,Tami Fujiati,bagasmansur@example.net,+62-0355-286-3375,Kotamobagu,2023-10-09,Basic,2023-10-09,,True
3935,P03186,Daliono Kuswandari,pia72@example.org,(0331) 633-3464,Sorong,2023-01-26,Basic,2023-01-26,,True
3936,P03187,Bakiono Samosir,ajimat30@example.org,+62-0742-869-0241,Mataram,2023-12-25,Basic,2023-12-25,,True
3937,P03188,"Balamantri Prabowo, M.TI.",jagaragaprayoga@example.org,+62-207-278-4982,Tomohon,2024-06-04,Basic,2024-06-04,,True
3938,P03189,Ghaliyati Usada,ioktaviani@example.com,+62-601-626-3875,Tarakan,2023-10-22,Basic,2023-10-22,,True
3939,P03190,Cawisono Saputra,mayaanggriawan@example.org,+62 (028) 437-9534,Palu,2024-07-24,Basic,2024-07-24,,True
3940,P03191,Drs. Febi Wastuti,damanikgilang@example.org,+62 (060) 397 5645,Madiun,2024-10-06,Basic,2024-10-06,2025-10-23,False
3941,P03191,Drs. Febi Wastuti,damanikgilang@example.org,+62 (060) 397 5645,Madiun,2024-10-06,Gold,2025-10-23,,True
3942,P03192,dr. Paulin Suwarno,latuponomursita@example.net,+62-568-504-0598,Pontianak,2023-06-13,Basic,2023-06-13,,True
3943,P03193,Dr. Gilda Prasetya,jumadipratiwi@example.org,+62 (0918) 955-7447,Kendari,2023-04-30,Basic,2023-04-30,,True
3944,P03194,Xanana Utama,prasetyawidya@example.com,+62 (0804) 155 9876,Padangpanjang,2024-07-29,Gold,2024-07-29,2025-03-19,False
3945,P03194,Xanana Utama,prasetyawidya@example.com,+62 (0804) 155 9876,Padangpanjang,2024-07-29,Platinum,2025-03-19,,True
3946,P03195,"Fitria Simbolon, S.H.",nilam03@example.com,089 845 7449,Tangerang Selatan,2023-01-29,Basic,2023-01-29,2025-04-18,False
3947,P03195,"Fitria Simbolon, S.H.",nilam03@example.com,089 845 7449,Tangerang Selatan,2023-01-29,Gold,2025-04-18,,True
3948,P03196,"Dina Nashiruddin, M.TI.",lidyatarihoran@example.com,(0151) 682 2895,Tarakan,2023-05-22,Basic,2023-05-22,2025-08-02,False
3949,P03196,"Dina Nashiruddin, M.TI.",lidyatarihoran@example.com,(0151) 682 2895,Tarakan,2023-05-22,Gold,2025-08-02,,True
3950,P03197,Titi Jailani,titin07@example.com,+62-32-481-0678,Balikpapan,2023-11-21,Gold,2023-11-21,,True
3951,P03198,"Farhunnisa Setiawan, S.IP",wahyunisaadat@example.net,+62 (23) 349 2461,Mojokerto,2023-01-22,Gold,2023-01-22,,True
3952,P03199,Genta Winarsih,uliwaluyo@example.net,+62 (623) 476-0468,Palu,2023-04-20,Basic,2023-04-20,,True
3953,P03200,Violet Puspasari,hasanahtugiman@example.com,0854252031,Bengkulu,2024-07-20,Basic,2024-07-20,,True
3954,P03201,Icha Sihombing,pnainggolan@example.com,+62 (071) 538 2441,Depok,2023-03-13,Basic,2023-03-13,2025-05-19,False
3955,P03201,Icha Sihombing,pnainggolan@example.com,+62 (071) 538 2441,Depok,2023-03-13,Gold,2025-05-19,,True
3956,P03202,Nyana Napitupulu,rudinapitupulu@example.com,0826944017,Kota Administrasi Jakarta Pusat,2024-06-16,Gold,2024-06-16,,True
3957,P03203,"Ir. Aditya Pangestu, S.H.",hutagalungmalik@example.net,+62-028-021-9675,Semarang,2023-12-29,Gold,2023-12-29,,True
3958,P03204,Elon Agustina,aisyah03@example.com,+62-593-943-7755,Tual,2024-03-02,Basic,2024-03-02,2025-06-24,False
3959,P03204,Elon Agustina,aisyah03@example.com,+62-593-943-7755,Tual,2024-03-02,Gold,2025-06-24,,True
3960,P03205,"drg. Kartika Kusumo, S.Pt",maryadiwasita@example.net,+62 (0823) 700-8553,Cimahi,2023-04-26,Basic,2023-04-26,,True
3961,P03206,dr. Kawaca Melani,atmajarahayu@example.net,+62 (085) 100 2650,Bitung,2023-03-27,Gold,2023-03-27,,True
3962,P03207,"Cut Vanya Budiman, S.IP",prastutiirnanto@example.com,+62-0804-847-3060,Subulussalam,2024-09-05,Basic,2024-09-05,,True
3963,P03208,"Cinta Wastuti, S.E.",sudiatidagel@example.com,+62 (732) 767 2015,Blitar,2023-09-01,Platinum,2023-09-01,,True
3964,P03209,Drs. Gabriella Hardiansyah,nalar84@example.net,(008) 880 8020,Metro,2024-03-21,Basic,2024-03-21,,True
3965,P03210,Ilsa Hutagalung,daliminnasyiah@example.com,+62 (86) 149-4765,Pontianak,2024-05-11,Basic,2024-05-11,2025-07-11,False
3966,P03210,Ilsa Hutagalung,daliminnasyiah@example.com,+62 (86) 149-4765,Pontianak,2024-05-11,Gold,2025-07-11,,True
3967,P03211,"R. Taufan Marpaung, S.Sos",paris29@example.net,+62-0437-317-3982,Padangpanjang,2023-02-09,Basic,2023-02-09,,True
3968,P03212,"Opan Lazuardi, S.Pd",cager15@example.com,+62 (88) 410-5972,Prabumulih,2023-05-13,Gold,2023-05-13,,True
3969,P03213,Maryadi Saragih,simbolondarsirah@example.com,+62 (57) 589 4780,Tanjungbalai,2023-05-07,Basic,2023-05-07,,True
3970,P03214,"Puti Unjani Hariyah, M.Pd",kanda35@example.org,+62 (046) 324-7805,Batu,2023-12-08,Basic,2023-12-08,,True
3971,P03215,Bahuraksa Laksmiwati,xhastuti@example.com,+62 (158) 859-8717,Tomohon,2023-12-12,Basic,2023-12-12,,True
3972,P03216,"Puti Chelsea Wibowo, M.TI.",mulyanicahyono@example.com,+62 (519) 054 4021,Batam,2024-02-22,Basic,2024-02-22,2025-03-08,False
3973,P03216,"Puti Chelsea Wibowo, M.TI.",mulyanicahyono@example.com,+62 (519) 054 4021,Batam,2024-02-22,Gold,2025-03-08,,True
3974,P03217,KH. Lanang Hasanah,mangunsongamong@example.net,0866684685,Pariaman,2023-01-16,Basic,2023-01-16,2025-09-18,False
3975,P03217,KH. Lanang Hasanah,mangunsongamong@example.net,0866684685,Pariaman,2023-01-16,Gold,2025-09-18,,True
3976,P03218,"R. Putri Nasyidah, M.M.",prayogaprayoga@example.org,+62 (438) 687-2384,Dumai,2023-03-07,Basic,2023-03-07,2025-10-03,False
3977,P03218,"R. Putri Nasyidah, M.M.",prayogaprayoga@example.org,+62 (438) 687-2384,Dumai,2023-03-07,Gold,2025-10-03,,True
3978,P03219,Intan Saefullah,karsanasamosir@example.net,(038) 520-7503,Palu,2024-06-24,Basic,2024-06-24,,True
3979,P03220,"Puti Sitompul, S.E.I",cengkirlaksmiwati@example.com,+62 (055) 236-4044,Lubuklinggau,2024-01-09,Basic,2024-01-09,,True
3980,P03221,Ella Nasyiah,epermata@example.net,+62 (005) 343-8228,Gorontalo,2024-09-04,Basic,2024-09-04,2025-07-02,False
3981,P03221,Ella Nasyiah,epermata@example.net,+62 (005) 343-8228,Gorontalo,2024-09-04,Gold,2025-07-02,,True
3982,P03222,Okto Hutagalung,dongoranchelsea@example.com,(0440) 096 0694,Bekasi,2023-01-30,Basic,2023-01-30,,True
3983,P03223,Jefri Zulkarnain,wanimandala@example.com,+62 (30) 477-7654,Bandar Lampung,2024-11-20,Gold,2024-11-20,,True
3984,P03224,Liman Nasyiah,makuta47@example.com,+62 (945) 512 1644,Tegal,2024-01-03,Basic,2024-01-03,,True
3985,P03225,Gabriella Nasyidah,asmuni19@example.com,(0047) 653-7585,Bitung,2024-11-25,Basic,2024-11-25,,True
3986,P03226,Laras Wijaya,cemanimandala@example.com,082 907 0518,Kota Administrasi Jakarta Pusat,2023-11-12,Basic,2023-11-12,,True
3987,P03227,Jamil Mardhiyah,saptonouda@example.org,+62 (122) 694-0654,Meulaboh,2023-10-18,Basic,2023-10-18,2025-03-24,False
3988,P03227,Jamil Mardhiyah,saptonouda@example.org,+62 (122) 694-0654,Meulaboh,2023-10-18,Gold,2025-03-24,,True
3989,P03228,Tgk. Rahayu Sihotang,wardayaanggraini@example.net,+62 (37) 558-8148,Kendari,2023-03-09,Basic,2023-03-09,2025-07-04,False
3990,P03228,Tgk. Rahayu Sihotang,wardayaanggraini@example.net,+62 (37) 558-8148,Kendari,2023-03-09,Gold,2025-07-04,,True
3991,P03229,"Dr. Agnes Usamah, M.TI.",yolandadarmaji@example.org,(045) 676-6638,Sabang,2024-10-18,Basic,2024-10-18,,True
3992,P03230,Lala Kusmawati,puspitajamalia@example.com,(0798) 648-6712,Meulaboh,2024-10-07,Basic,2024-10-07,,True
3993,P03231,Lulut Yuliarti,jhidayat@example.org,0857272158,Serang,2024-02-25,Basic,2024-02-25,,True
3994,P03232,"R. Zizi Hidayat, S.Psi",hutapeasalwa@example.com,+62 (002) 622 5180,Tidore Kepulauan,2024-04-15,Gold,2024-04-15,,True
3995,P03233,Ophelia Prayoga,drajatfarida@example.net,(023) 969 4252,Mataram,2024-05-21,Basic,2024-05-21,,True
3996,P03234,"Ir. Adikara Zulaika, S.Gz",dariatihutasoit@example.com,+62 (337) 082 7472,Ambon,2024-04-03,Basic,2024-04-03,,True
3997,P03235,Kambali Hardiansyah,kartika54@example.org,+62 (032) 141 5116,Parepare,2023-02-27,Basic,2023-02-27,,True
3998,P03236,Maman Kuswoyo,clara02@example.com,+62-314-017-0540,Cirebon,2023-02-18,Basic,2023-02-18,,True
3999,P03237,Kani Wahyudin,csitumorang@example.net,+62-0611-374-8006,Purwokerto,2024-07-28,Basic,2024-07-28,,True
4000,P03238,"Ir. Galiono Agustina, M.TI.",catur80@example.org,+62 (03) 973 5426,Tomohon,2024-09-12,Basic,2024-09-12,,True
4001,P03239,Maria Riyanti,ekolaksmiwati@example.net,+62 (76) 698 1958,Meulaboh,2024-08-08,Basic,2024-08-08,,True
4002,P03240,Putri Utami,ekuswoyo@example.com,(0369) 251 4819,Blitar,2023-08-04,Gold,2023-08-04,,True
4003,P03241,Calista Suartini,gunartogilang@example.org,+62-0191-382-0673,Purwokerto,2023-09-30,Basic,2023-09-30,2025-09-28,False
4004,P03241,Calista Suartini,gunartogilang@example.org,+62-0191-382-0673,Purwokerto,2023-09-30,Gold,2025-09-28,,True
4005,P03242,"Raisa Setiawan, S.I.Kom",baktiadi54@example.net,+62 (82) 790 1378,Kendari,2024-08-01,Basic,2024-08-01,,True
4006,P03243,Kawaya Nainggolan,upudjiastuti@example.com,(099) 690 4063,Kediri,2023-03-12,Basic,2023-03-12,,True
4007,P03244,Ir. Iriana Utami,rahmi50@example.com,+62 (028) 317 3692,Tebingtinggi,2023-11-28,Basic,2023-11-28,,True
4008,P03245,"Betania Waskita, M.Kom.",,085 446 6178,Bandung,2023-02-16,Basic,2023-02-16,2025-03-04,False
4009,P03245,"Betania Waskita, M.Kom.",,085 446 6178,Bandung,2023-02-16,Gold,2025-03-04,,True
4010,P03246,"Warsa Simbolon, S.Farm",eja87@example.net,+62-20-845-9954,Batam,2023-09-16,Basic,2023-09-16,,True
4011,P03247,"drg. Harjasa Mangunsong, S.E.I",caryani@example.net,+62 (076) 917-1505,Banjar,2024-04-18,Gold,2024-04-18,,True
4012,P03248,Ir. Indah Saptono,pudjiastutijono@example.net,089 864 6156,Blitar,2023-11-24,Basic,2023-11-24,2025-10-02,False
4013,P03248,Ir. Indah Saptono,pudjiastutijono@example.net,089 864 6156,Blitar,2023-11-24,Gold,2025-10-02,,True
4014,P03249,"Taswir Fujiati, M.Farm",cinta76@example.com,+62 (0882) 554-8831,Ternate,2024-01-18,Gold,2024-01-18,,True
4015,P03250,Sutan Ivan Palastri,hutagalungrachel@example.com,+62 (95) 837 2368,Cimahi,2024-01-21,Platinum,2024-01-21,,True
4016,P03251,Carla Budiyanto,tampubolonmulyono@example.org,082 399 1035,Banjarbaru,2023-02-13,Basic,2023-02-13,,True
4017,P03252,Dwi Rajata,lsusanti@example.com,+62-56-071-4736,Binjai,2023-11-28,Gold,2023-11-28,,True
4018,P03253,Dr. Jaswadi Pranowo,,+62 (428) 817 5934,Sibolga,2023-06-03,Basic,2023-06-03,,True
4019,P03254,Carub Nasyiah,tami43@example.com,+62-0527-660-9257,Palopo,2024-01-06,Basic,2024-01-06,,True
4020,P03255,Elma Yuniar,winarnozulaikha@example.com,(0493) 621-9432,Malang,2023-04-02,Basic,2023-04-02,,True
4021,P03256,Putu Kuswandari,khidayat@example.net,(0040) 418 6686,Tomohon,2024-02-03,Basic,2024-02-03,,True
4022,P03257,"Heru Haryanti, S.I.Kom",purwantisidiq@example.net,+62 (95) 392 2997,Solok,2024-01-20,Basic,2024-01-20,2025-04-14,False
4023,P03257,"Heru Haryanti, S.I.Kom",purwantisidiq@example.net,+62 (95) 392 2997,Solok,2024-01-20,Gold,2025-04-14,,True
4024,P03258,Okto Hidayat,karyausamah@example.net,+62-81-210-1827,Probolinggo,2023-04-17,Gold,2023-04-17,2025-07-25,False
4025,P03258,Okto Hidayat,karyausamah@example.net,+62-81-210-1827,Probolinggo,2023-04-17,Platinum,2025-07-25,,True
4026,P03259,"Ratih Zulkarnain, S.E.I",adikaprasasta@example.net,+62 (47) 791 0425,Prabumulih,2023-06-23,Basic,2023-06-23,,True
4027,P03260,Emong Permata,hpertiwi@example.net,+62 (980) 336 0308,Palu,2023-10-07,Platinum,2023-10-07,,True
4028,P03261,R. Titi Marpaung,widiastutikadir@example.org,+62 (29) 247 6448,Kendari,2023-09-04,Basic,2023-09-04,,True
4029,P03262,Maria Iswahyudi,elisanainggolan@example.net,+62 (290) 499 4911,Ternate,2024-09-29,Basic,2024-09-29,,True
4030,P03263,Daliono Wastuti,griyanti@example.net,0852619508,Pangkalpinang,2024-05-12,Platinum,2024-05-12,,True
4031,P03264,Dewi Hardiansyah,lasmono89@example.com,+62 (0636) 862-3849,Jayapura,2023-10-04,Basic,2023-10-04,2025-05-30,False
4032,P03264,Dewi Hardiansyah,lasmono89@example.com,+62 (0636) 862-3849,Jayapura,2023-10-04,Gold,2025-05-30,,True
4033,P03265,Laras Januar,wahyusaptono@example.com,+62-0210-739-5188,Parepare,2023-06-06,Basic,2023-06-06,,True
4034,P03266,"Devi Suartini, S.Psi",hnasyiah@example.org,(0120) 447-1248,Banjarbaru,2024-09-24,Basic,2024-09-24,2025-10-13,False
4035,P03266,"Devi Suartini, S.Psi",hnasyiah@example.org,(0120) 447-1248,Banjarbaru,2024-09-24,Gold,2025-10-13,,True
4036,P03267,Ir. Vanya Puspita,jonoprasetya@example.org,+62-474-300-7364,Salatiga,2023-02-18,Basic,2023-02-18,,True
4037,P03268,Patricia Dabukke,cwahyuni@example.org,(0218) 457 8498,Ambon,2023-04-25,Gold,2023-04-25,,True
4038,P03269,Zelaya Sihombing,yuniarwahyu@example.net,+62-0796-490-0206,Bengkulu,2024-11-15,Basic,2024-11-15,,True
4039,P03270,Dr. Ana Rahmawati,kayunsuwarno@example.org,+62 (93) 265-3495,Sawahlunto,2023-02-19,Basic,2023-02-19,,True
4040,P03271,Cakrabuana Damanik,nababanana@example.net,(0521) 420-4741,Makassar,2023-08-13,Basic,2023-08-13,,True
4041,P03272,"Ibrahim Simanjuntak, S.Pt",lidya39@example.org,(014) 098 0486,Sukabumi,2023-04-02,Basic,2023-04-02,,True
4042,P03273,Cemani Kurniawan,jayawidiastuti@example.org,082 474 9730,Sibolga,2023-01-22,Gold,2023-01-22,2025-06-03,False
4043,P03273,Cemani Kurniawan,jayawidiastuti@example.org,082 474 9730,Sibolga,2023-01-22,Platinum,2025-06-03,,True
4044,P03274,"Dr. Ghaliyati Jailani, S.H.",ibranikusmawati@example.com,+62 (08) 750-1989,Kota Administrasi Jakarta Barat,2023-03-06,Platinum,2023-03-06,,True
4045,P03275,"Malika Suwarno, S.Psi",eluhpuspita@example.net,+62-069-982-2147,Denpasar,2023-09-19,Basic,2023-09-19,,True
4046,P03276,"Hamima Prasetyo, M.TI.",yuliartiusman@example.com,+62 (011) 656-3559,Ternate,2024-01-04,Basic,2024-01-04,,True
4047,P03277,"R. Zulfa Sitompul, S.Ked",hidayantoshakila@example.net,+62-81-125-9301,Mataram,2023-09-15,Basic,2023-09-15,,True
4048,P03278,Ikhsan Agustina,imamhutagalung@example.net,+62-840-722-9279,Bandar Lampung,2024-11-18,Gold,2024-11-18,2025-03-02,False
4049,P03278,Ikhsan Agustina,imamhutagalung@example.net,+62-840-722-9279,Bandar Lampung,2024-11-18,Platinum,2025-03-02,,True
4050,P03279,Latika Farida,adiarjawijayanti@example.net,+62 (071) 565 5461,Pekanbaru,2024-08-14,Basic,2024-08-14,,True
4051,P03280,Dr. Ganep Nurdiyanti,wsuryono@example.net,(0126) 856-5624,Kota Administrasi Jakarta Barat,2024-08-05,Basic,2024-08-05,,True
4052,P03281,Darmaji Ramadan,heryanto30@example.net,(0799) 391-9665,Palangkaraya,2023-05-31,Gold,2023-05-31,,True
4053,P03282,Naradi Suryono,novitasaricawisono@example.org,+62-0579-146-6435,Depok,2024-10-19,Gold,2024-10-19,,True
4054,P03283,"Ir. Anggabaya Ramadan, M.Farm",wibisonocakrawala@example.com,+62 (092) 740 3234,Singkawang,2024-11-07,Basic,2024-11-07,2025-05-14,False
4055,P03283,"Ir. Anggabaya Ramadan, M.Farm",wibisonocakrawala@example.com,+62 (092) 740 3234,Singkawang,2024-11-07,Gold,2025-05-14,,True
4056,P03284,Puti Tania Wibisono,rosman61@example.net,(032) 168 6824,Medan,2024-03-26,Basic,2024-03-26,2025-10-11,False
4057,P03284,Puti Tania Wibisono,rosman61@example.net,(032) 168 6824,Medan,2024-03-26,Gold,2025-10-11,,True
4058,P03285,Yunita Prayoga,ian51@example.net,+62 (389) 312-6823,Solok,2023-04-04,Basic,2023-04-04,2025-07-05,False
4059,P03285,Yunita Prayoga,ian51@example.net,+62 (389) 312-6823,Solok,2023-04-04,Gold,2025-07-05,,True
4060,P03286,Bakiadi Permadi,bakidin26@example.org,+62 (0991) 070 7187,Palangkaraya,2024-01-27,Basic,2024-01-27,,True
4061,P03287,Darimin Januar,uda77@example.com,+62 (36) 322 7693,Cilegon,2024-03-10,Platinum,2024-03-10,,True
4062,P03288,Samiah Prasasta,elisa64@example.net,+62-93-197-6395,Ternate,2024-10-02,Basic,2024-10-02,2025-09-19,False
4063,P03288,Samiah Prasasta,elisa64@example.net,+62-93-197-6395,Ternate,2024-10-02,Gold,2025-09-19,,True
4064,P03289,Dr. Raina Wacana,lintang53@example.com,+62-112-021-7732,Payakumbuh,2024-01-22,Basic,2024-01-22,,True
4065,P03290,"Baktianto Laksmiwati, S.Ked",salahudinega@example.org,+62 (0036) 909 5708,Malang,2024-08-29,Basic,2024-08-29,,True
4066,P03291,Reza Lazuardi,samiah00@example.net,+62 (039) 450-7683,Bau-Bau,2024-02-29,Basic,2024-02-29,,True
4067,P03292,"Drs. Satya Hariyah, M.Ak",anommanullang@example.net,+62-61-745-6869,Cirebon,2023-02-20,Basic,2023-02-20,,True
4068,P03293,Edi Safitri,luyainah@example.com,+62-39-026-8454,Malang,2023-08-03,Basic,2023-08-03,,True
4069,P03294,Jessica Nainggolan,laksitavivi@example.net,(0345) 340-1289,Bitung,2023-11-24,Gold,2023-11-24,,True
4070,P03295,"Hj. Ira Prasetyo, S.Pt",faizahhastuti@example.org,+62 (857) 359 0316,Surabaya,2024-07-02,Basic,2024-07-02,,True
4071,P03296,Kiandra Megantara,nasyiahhendra@example.org,+62-720-256-4240,Meulaboh,2024-09-03,Basic,2024-09-03,2025-07-17,False
4072,P03296,Kiandra Megantara,nasyiahhendra@example.org,+62-720-256-4240,Meulaboh,2024-09-03,Gold,2025-07-17,,True
4073,P03297,Vivi Iswahyudi,fnajmudin@example.org,0874911027,Balikpapan,2024-05-22,Basic,2024-05-22,,True
4074,P03298,Laila Ramadan,cawisadi27@example.org,(0130) 332 0414,Meulaboh,2024-04-16,Basic,2024-04-16,,True
4075,P03299,"Darimin Wahyudin, S.Pd",maheswaraulva@example.org,+62 (122) 708-5209,Payakumbuh,2023-05-19,Basic,2023-05-19,,True
4076,P03300,"Gatot Prabowo, M.Kom.",calista34@example.net,+62 (0971) 309-5440,Palembang,2024-09-29,Basic,2024-09-29,,True
4077,P03301,Puti Unjani Mardhiyah,nprasetyo@example.com,+62-428-988-6749,Bengkulu,2023-11-16,Basic,2023-11-16,2025-04-25,False
4078,P03301,Puti Unjani Mardhiyah,nprasetyo@example.com,+62-428-988-6749,Bengkulu,2023-11-16,Gold,2025-04-25,,True
4079,P03302,"Daliman Susanti, S.Kom",yunitasusanti@example.com,(0635) 865 5863,Medan,2024-03-18,Gold,2024-03-18,,True
4080,P03303,Tgk. Ghaliyati Nurdiyanti,simbolonnatalia@example.net,+62 (106) 298-4599,Kota Administrasi Jakarta Pusat,2024-04-09,Basic,2024-04-09,,True
4081,P03304,Rachel Susanti,ozy73@example.org,+62 (0432) 615 6484,Payakumbuh,2024-04-14,Gold,2024-04-14,,True
4082,P03305,Lanang Sihotang,limanzulaika@example.com,+62 (094) 303-0949,Pekalongan,2023-03-17,Basic,2023-03-17,2025-08-02,False
4083,P03305,Lanang Sihotang,limanzulaika@example.com,+62 (094) 303-0949,Pekalongan,2023-03-17,Gold,2025-08-02,,True
4084,P03306,Tina Widiastuti,permadimakara@example.net,+62 (079) 978 4946,Pekanbaru,2023-10-29,Basic,2023-10-29,,True
4085,P03307,Karja Siregar,wsimanjuntak@example.net,+62 (067) 738-5170,Parepare,2023-04-13,Basic,2023-04-13,2025-09-02,False
4086,P03307,Karja Siregar,wsimanjuntak@example.net,+62 (067) 738-5170,Parepare,2023-04-13,Gold,2025-09-02,,True
4087,P03308,Cinthia Hariyah,amegantara@example.net,+62 (0788) 504-8692,Makassar,2024-01-10,Basic,2024-01-10,,True
4088,P03309,Perkasa Sihombing,utamateddy@example.com,(0441) 504 2498,Serang,2024-05-08,Basic,2024-05-08,,True
4089,P03310,"Gabriella Samosir, S.Gz",purwasiregar@example.org,+62 (094) 825 5210,Pematangsiantar,2023-05-27,Gold,2023-05-27,2025-08-18,False
4090,P03310,"Gabriella Samosir, S.Gz",purwasiregar@example.org,+62 (094) 825 5210,Pematangsiantar,2023-05-27,Platinum,2025-08-18,,True
4091,P03311,Ega Saptono,qmansur@example.org,+62 (044) 723 3322,Sungai Penuh,2024-08-30,Basic,2024-08-30,,True
4092,P03312,"Drs. Cemplunk Prayoga, S.Gz",emil26@example.org,0813204139,Bekasi,2023-05-21,Basic,2023-05-21,,True
4093,P03313,"Gatot Purnawati, S.Pd",prahimah@example.net,0845351838,Kota Administrasi Jakarta Utara,2023-04-23,Basic,2023-04-23,,True
4094,P03314,Drs. Cawisadi Prasetyo,oktaandriani@example.org,+62-037-468-1669,Denpasar,2024-04-26,Basic,2024-04-26,2025-04-12,False
4095,P03314,Drs. Cawisadi Prasetyo,oktaandriani@example.org,+62-037-468-1669,Denpasar,2024-04-26,Gold,2025-04-12,,True
4096,P03315,Martana Situmorang,najibsuartini@example.net,(070) 505-3778,Serang,2023-11-10,Basic,2023-11-10,2025-07-21,False
4097,P03315,Martana Situmorang,najibsuartini@example.net,(070) 505-3778,Serang,2023-11-10,Gold,2025-07-21,,True
4098,P03316,Dian Yuniar,gamanihasanah@example.com,+62 (35) 394 1820,Ternate,2024-10-26,Basic,2024-10-26,,True
4099,P03317,Bagus Sinaga,kurnia41@example.org,+62 (0184) 049-2006,Surabaya,2024-08-16,Basic,2024-08-16,,True
4100,P03318,drg. Gabriella Santoso,langgeng54@example.org,+62 (0278) 735-2190,Padang Sidempuan,2024-02-17,Basic,2024-02-17,,True
4101,P03319,Bagiya Yulianti,sabarprasetyo@example.com,+62 (074) 934-0429,Kendari,2024-06-26,Basic,2024-06-26,,True
4102,P03320,"R.M. Mitra Novitasari, S.Pt",wasisfarida@example.com,+62 (79) 190 1660,Bekasi,2024-05-15,Gold,2024-05-15,,True
4103,P03321,"T. Ghani Rajasa, M.Farm",cengkir27@example.com,+62-917-712-4190,Makassar,2023-01-22,Basic,2023-01-22,2025-07-10,False
4104,P03321,"T. Ghani Rajasa, M.Farm",cengkir27@example.com,+62-917-712-4190,Makassar,2023-01-22,Gold,2025-07-10,,True
4105,P03322,"R.M. Gaiman Zulaika, S.H.",kyuliarti@example.org,0873378256,Sawahlunto,2024-06-17,Basic,2024-06-17,,True
4106,P03323,"Kusuma Saragih, S.IP",gilangwastuti@example.org,+62 (074) 636-0700,Bitung,2024-11-04,Gold,2024-11-04,,True
4107,P03324,Danu Megantara,ghaliyatimulyani@example.net,+62 (12) 276 8771,Bima,2023-08-08,Basic,2023-08-08,,True
4108,P03325,Ilsa Rahmawati,marbunumaya@example.net,+62 (212) 007 6953,Tomohon,2023-10-08,Gold,2023-10-08,,True
4109,P03326,Putri Farida,jindranurdiyanti@example.org,+62 (74) 743-5135,Sungai Penuh,2023-05-13,Basic,2023-05-13,,True
4110,P03327,"Cakrawangsa Januar, M.Pd",inashiruddin@example.net,+62-0755-364-7363,Banjarbaru,2023-05-27,Basic,2023-05-27,2025-07-12,False
4111,P03327,"Cakrawangsa Januar, M.Pd",inashiruddin@example.net,+62-0755-364-7363,Banjarbaru,2023-05-27,Gold,2025-07-12,,True
4112,P03328,Tgk. Dadi Pranowo,lukitanajmudin@example.net,+62-629-134-2953,Cimahi,2024-03-30,Basic,2024-03-30,2025-03-17,False
4113,P03328,Tgk. Dadi Pranowo,lukitanajmudin@example.net,+62-629-134-2953,Cimahi,2024-03-30,Gold,2025-03-17,,True
4114,P03329,Aurora Januar,padmisetiawan@example.org,+62 (0808) 689 3016,Surabaya,2023-02-21,Basic,2023-02-21,,True
4115,P03330,Puji Wulandari,luhungmaryadi@example.net,(0980) 290 9057,Probolinggo,2024-08-11,Basic,2024-08-11,,True
4116,P03331,Jayeng Agustina,prasastagatra@example.com,+62-48-413-6090,Langsa,2024-07-29,Basic,2024-07-29,,True
4117,P03332,"Icha Zulaika, S.Ked",lantarprasetya@example.org,+62-457-765-7228,Sawahlunto,2024-10-31,Basic,2024-10-31,2025-09-10,False
4118,P03332,"Icha Zulaika, S.Ked",lantarprasetya@example.org,+62-457-765-7228,Sawahlunto,2024-10-31,Gold,2025-09-10,,True
4119,P03333,Raharja Damanik,amaliarahimah@example.com,+62 (51) 946-5773,Kota Administrasi Jakarta Pusat,2023-03-31,Basic,2023-03-31,2025-04-14,False
4120,P03333,Raharja Damanik,amaliarahimah@example.com,+62 (51) 946-5773,Kota Administrasi Jakarta Pusat,2023-03-31,Gold,2025-04-14,,True
4121,P03334,Baktiono Sudiati,rahayumanah@example.org,+62 (038) 181 6419,Bukittinggi,2023-12-03,Basic,2023-12-03,,True
4122,P03335,Ghani Natsir,haryantoeva@example.net,+62-138-243-4792,Sibolga,2024-06-02,Basic,2024-06-02,,True
4123,P03336,"Ina Samosir, S.Pt",kamilahutapea@example.com,0830070055,Tegal,2023-10-29,Basic,2023-10-29,2025-06-10,False
4124,P03336,"Ina Samosir, S.Pt",kamilahutapea@example.com,0830070055,Tegal,2023-10-29,Gold,2025-06-10,,True
4125,P03337,Drajat Widodo,zsuartini@example.net,(061) 108 2497,Bontang,2023-05-09,Basic,2023-05-09,,True
4126,P03338,"Yani Permadi, M.Ak",parmanwaluyo@example.com,+62 (67) 155-4359,Banda Aceh,2024-03-02,Basic,2024-03-02,2025-09-26,False
4127,P03338,"Yani Permadi, M.Ak",parmanwaluyo@example.com,+62 (67) 155-4359,Banda Aceh,2024-03-02,Gold,2025-09-26,,True
4128,P03339,Rahmat Maryati,crahayu@example.net,+62 (064) 473-6372,Tomohon,2023-02-07,Basic,2023-02-07,2025-07-30,False
4129,P03339,Rahmat Maryati,crahayu@example.net,+62 (064) 473-6372,Tomohon,2023-02-07,Gold,2025-07-30,,True
4130,P03340,Bakiadi Dabukke,,0813757804,Gorontalo,2024-11-08,Basic,2024-11-08,,True
4131,P03341,Puti Victoria Dabukke,waluyonuraini@example.com,+62 (15) 536 6484,Ternate,2023-01-02,Basic,2023-01-02,,True
4132,P03342,Hj. Jamalia Sihotang,mrahmawati@example.net,(0184) 470 7442,Cimahi,2023-05-20,Basic,2023-05-20,,True
4133,P03343,"Sutan Erik Zulkarnain, S.IP",megantaraelvin@example.com,(0098) 615-5729,Subulussalam,2024-11-24,Basic,2024-11-24,,True
4134,P03344,"Cut Maria Pradana, M.Farm",prayogacahyo@example.com,+62 (062) 214 8185,Bengkulu,2023-11-07,Gold,2023-11-07,,True
4135,P03345,Dr. Koko Mulyani,darimin09@example.com,+62 (865) 655 8997,Bandar Lampung,2024-06-18,Basic,2024-06-18,2025-10-21,False
4136,P03345,Dr. Koko Mulyani,darimin09@example.com,+62 (865) 655 8997,Bandar Lampung,2024-06-18,Gold,2025-10-21,,True
4137,P03346,"Karsana Susanti, M.Farm",ogunarto@example.org,+62 (36) 162 7863,Tangerang Selatan,2023-06-19,Basic,2023-06-19,,True
4138,P03347,Rudi Permadi,cpradipta@example.net,+62 (16) 542 0228,Ambon,2024-11-24,Basic,2024-11-24,,True
4139,P03348,Latika Astuti,osetiawan@example.net,+62 (0588) 940-9153,Madiun,2024-09-21,Basic,2024-09-21,,True
4140,P03349,Cemani Waskita,niyagalailasari@example.org,(077) 898-4546,Banjar,2024-08-04,Basic,2024-08-04,2025-09-27,False
4141,P03349,Cemani Waskita,niyagalailasari@example.org,(077) 898-4546,Banjar,2024-08-04,Gold,2025-09-27,,True
4142,P03350,Puti Rika Salahudin,dirjahakim@example.com,(055) 702 9832,Mataram,2024-08-20,Gold,2024-08-20,,True
4143,P03351,dr. Warsa Tarihoran,pangestuulva@example.com,+62 (27) 020-3710,Magelang,2023-08-18,Gold,2023-08-18,,True
4144,P03352,Eka Firmansyah,xyuniar@example.com,+62 (028) 212-8978,Salatiga,2024-07-08,Basic,2024-07-08,,True
4145,P03353,"Tomi Wastuti, S.T.",ibudiman@example.org,+62 (18) 156 3306,Pagaralam,2024-01-07,Basic,2024-01-07,,True
4146,P03354,Emong Wahyudin,marbunbetania@example.com,+62 (187) 571 9954,Banda Aceh,2024-09-26,Basic,2024-09-26,,True
4147,P03355,"R. Siti Marbun, S.Pt",omansihotang@example.com,(018) 315-5307,Manado,2024-04-21,Gold,2024-04-21,,True
4148,P03356,Nabila Nainggolan,nnababan@example.net,0800141539,Ternate,2023-03-05,Basic,2023-03-05,,True
4149,P03357,"Balamantri Thamrin, S.Farm",myuniar@example.com,+62 (32) 758 9931,Langsa,2023-05-31,Basic,2023-05-31,,True
4150,P03358,"Silvia Haryanti, S.I.Kom",indra19@example.com,(072) 010 4990,Pematangsiantar,2024-03-16,Basic,2024-03-16,,True
4151,P03359,Gawati Tampubolon,padmasarinasrullah@example.org,+62 (28) 602 9825,Dumai,2023-09-29,Basic,2023-09-29,2025-03-05,False
4152,P03359,Gawati Tampubolon,padmasarinasrullah@example.org,+62 (28) 602 9825,Dumai,2023-09-29,Gold,2025-03-05,,True
4153,P03360,"Kamidin Mandala, S.Ked",asman23@example.net,+62-810-391-6459,Tebingtinggi,2023-02-10,Basic,2023-02-10,,True
4154,P03361,"Raharja Lailasari, M.M.",vpadmasari@example.net,(0335) 654 7607,Tidore Kepulauan,2024-09-08,Basic,2024-09-08,2025-07-20,False
4155,P03361,"Raharja Lailasari, M.M.",vpadmasari@example.net,(0335) 654 7607,Tidore Kepulauan,2024-09-08,Gold,2025-07-20,,True
4156,P03362,"Puti Alika Saefullah, M.TI.",ulisuartini@example.com,+62 (007) 065-9975,Pagaralam,2024-07-25,Basic,2024-07-25,,True
4157,P03363,"Kayla Yuliarti, S.Ked",tirtayasa32@example.com,+62 (29) 569 7149,Makassar,2023-03-27,Basic,2023-03-27,,True
4158,P03364,"Dr. Arta Nainggolan, S.Ked",anamaga@example.net,086 839 3904,Pekanbaru,2023-05-13,Platinum,2023-05-13,,True
4159,P03365,Hj. Jessica Mayasari,ymaryadi@example.net,+62 (201) 543-8204,Meulaboh,2023-12-16,Platinum,2023-12-16,,True
4160,P03366,"Ir. Cengkal Latupono, S.Pd",isetiawan@example.org,(0657) 458 0402,Probolinggo,2023-09-29,Basic,2023-09-29,,True
4161,P03367,R.M. Kalim Suryatmi,lailasarierik@example.com,+62 (73) 110 5539,Makassar,2024-09-06,Basic,2024-09-06,2025-03-04,False
4162,P03367,R.M. Kalim Suryatmi,lailasarierik@example.com,+62 (73) 110 5539,Makassar,2024-09-06,Gold,2025-03-04,,True
4163,P03368,Kenes Gunawan,karsa60@example.com,+62 (67) 927 2981,Bima,2023-07-22,Basic,2023-07-22,,True
4164,P03369,Rizki Sitompul,tirta94@example.org,+62 (142) 097 4101,Mataram,2024-01-17,Basic,2024-01-17,2025-09-01,False
4165,P03369,Rizki Sitompul,tirta94@example.org,+62 (142) 097 4101,Mataram,2024-01-17,Gold,2025-09-01,,True
4166,P03370,"Dalimin Lailasari, M.Pd",cahyanto20@example.com,(0590) 882 3321,Gorontalo,2023-12-28,Basic,2023-12-28,,True
4167,P03371,Hj. Zulfa Narpati,vinohutapea@example.org,+62 (0067) 075-2929,Surakarta,2024-11-04,Basic,2024-11-04,2025-05-18,False
4168,P03371,Hj. Zulfa Narpati,vinohutapea@example.org,+62 (0067) 075-2929,Surakarta,2024-11-04,Gold,2025-05-18,,True
4169,P03372,Martana Gunarto,salahudinhasna@example.com,(072) 277 7032,Kendari,2024-09-09,Basic,2024-09-09,2025-10-02,False
4170,P03372,Martana Gunarto,salahudinhasna@example.com,(072) 277 7032,Kendari,2024-09-09,Gold,2025-10-02,,True
4171,P03373,Wisnu Sudiati,setiawanulva@example.net,0887932491,Kota Administrasi Jakarta Selatan,2024-10-04,Gold,2024-10-04,,True
4172,P03374,Safina Zulkarnain,ibun52@example.net,081 770 6858,Batu,2024-01-15,Platinum,2024-01-15,,True
4173,P03375,Maya Winarno,cpurnawati@example.org,089 803 5365,Denpasar,2024-02-20,Basic,2024-02-20,,True
4174,P03376,Hj. Keisha Hutagalung,michelle69@example.com,+62 (227) 225-8815,Meulaboh,2023-07-13,Basic,2023-07-13,,True
4175,P03377,Vanesa Prayoga,nasimprasetya@example.net,(085) 598 1989,Banjar,2024-08-12,Platinum,2024-08-12,,True
4176,P03378,Ira Iswahyudi,ophelia06@example.org,+62 (082) 542 3452,Salatiga,2023-01-07,Basic,2023-01-07,2025-05-28,False
4177,P03378,Ira Iswahyudi,ophelia06@example.org,+62 (082) 542 3452,Salatiga,2023-01-07,Gold,2025-05-28,,True
4178,P03379,"T. Virman Pranowo, M.Kom.",vsaragih@example.com,+62 (0227) 793-5542,Gorontalo,2023-01-23,Basic,2023-01-23,,True
4179,P03380,Rafid Budiyanto,jais85@example.net,+62 (069) 415-5888,Meulaboh,2023-07-06,Basic,2023-07-06,,True
4180,P03381,"Dt. Umar Mulyani, S.Gz",utamanajwa@example.net,(097) 561 7387,Mojokerto,2023-10-20,Basic,2023-10-20,,True
4181,P03382,Safina Pradipta,martanadongoran@example.org,0840329798,Yogyakarta,2024-06-28,Gold,2024-06-28,,True
4182,P03383,Rangga Nuraini,habibialambana@example.com,+62-021-258-9484,Magelang,2023-07-26,Basic,2023-07-26,,True
4183,P03384,Nasim Purnawati,iyuniar@example.com,(0450) 047 1992,Bitung,2024-04-12,Basic,2024-04-12,,True
4184,P03385,"Drs. Rahayu Usamah, S.Pd",oman60@example.net,+62-043-675-6398,Ambon,2024-02-14,Basic,2024-02-14,2025-08-16,False
4185,P03385,"Drs. Rahayu Usamah, S.Pd",oman60@example.net,+62-043-675-6398,Ambon,2024-02-14,Gold,2025-08-16,,True
4186,P03386,Emong Siregar,gangsapadmasari@example.com,+62 (91) 485-4146,Sawahlunto,2024-02-21,Basic,2024-02-21,,True
4187,P03387,Gawati Salahudin,lmelani@example.org,+62 (0682) 927-6503,Tual,2023-07-04,Basic,2023-07-04,,True
4188,P03388,Luluh Haryanto,artawan11@example.org,+62 (22) 904 3235,Lubuklinggau,2024-01-23,Basic,2024-01-23,,True
4189,P03389,"Sutan Tasnim Waluyo, S.Pt",adikara53@example.org,+62 (847) 671-2026,Surabaya,2024-07-24,Basic,2024-07-24,,True
4190,P03390,"Genta Prabowo, S.E.I",ikhsan19@example.com,+62-01-664-5395,Parepare,2024-10-06,Basic,2024-10-06,,True
4191,P03391,Nalar Mandala,damanikhimawan@example.org,(0974) 191-0588,Subulussalam,2024-11-19,Basic,2024-11-19,,True
4192,P03392,Ajiman Saefullah,rmarpaung@example.com,(034) 453-5698,Palopo,2023-04-05,Basic,2023-04-05,,True
4193,P03393,"drg. Yulia Siregar, S.IP",ohutasoit@example.org,088 052 0228,Sibolga,2024-02-02,Basic,2024-02-02,,True
4194,P03394,Najam Laksmiwati,xpratama@example.com,+62 (09) 170-2315,Sungai Penuh,2023-07-04,Basic,2023-07-04,2025-04-10,False
4195,P03394,Najam Laksmiwati,xpratama@example.com,+62 (09) 170-2315,Sungai Penuh,2023-07-04,Gold,2025-04-10,,True
4196,P03395,"Rafi Suryatmi, M.Pd",yahyasimanjuntak@example.com,+62 (121) 369 7753,Batam,2024-06-01,Basic,2024-06-01,,True
4197,P03396,Samsul Kusmawati,wacanaelisa@example.net,(058) 859 4577,Langsa,2024-03-01,Basic,2024-03-01,,True
4198,P03397,"Drs. Rachel Kuswoyo, M.Farm",kaniwinarno@example.com,+62-0889-072-4638,Sibolga,2024-08-09,Basic,2024-08-09,,True
4199,P03398,Unjani Namaga,wasis19@example.com,+62 (17) 635 2530,Salatiga,2024-11-03,Gold,2024-11-03,,True
4200,P03399,"Ozy Nuraini, S.Farm",zelaya59@example.com,+62-25-430-1730,Padang Sidempuan,2023-08-22,Basic,2023-08-22,2025-03-19,False
4201,P03399,"Ozy Nuraini, S.Farm",zelaya59@example.com,+62-25-430-1730,Padang Sidempuan,2023-08-22,Gold,2025-03-19,,True
4202,P03400,Citra Samosir,nasabsafitri@example.org,+62-028-627-0120,Banjarbaru,2024-01-13,Basic,2024-01-13,2025-08-02,False
4203,P03400,Citra Samosir,nasabsafitri@example.org,+62-028-627-0120,Banjarbaru,2024-01-13,Gold,2025-08-02,,True
4204,P03401,"Puspa Budiyanto, S.T.",purnawatipranawa@example.org,081 010 9902,Kediri,2023-05-08,Basic,2023-05-08,,True
4205,P03402,"Anita Pradipta, S.Psi",makara55@example.net,+62-000-667-1657,Tomohon,2024-09-05,Basic,2024-09-05,,True
4206,P03403,Ir. Victoria Waluyo,jindrarajata@example.org,+62 (557) 874-4844,Meulaboh,2023-01-25,Gold,2023-01-25,,True
4207,P03404,Johan Mangunsong,umayapermadi@example.com,+62-45-174-1142,Kota Administrasi Jakarta Barat,2023-09-23,Gold,2023-09-23,,True
4208,P03405,Emas Sihombing,perkasa63@example.com,081 713 6619,Prabumulih,2024-09-11,Basic,2024-09-11,,True
4209,P03406,Mahfud Nuraini,lailasaribambang@example.net,+62 (0260) 321 4212,Pematangsiantar,2024-10-05,Basic,2024-10-05,,True
4210,P03407,Zizi Sudiati,paulin85@example.com,(0476) 578-0805,Sabang,2023-03-18,Basic,2023-03-18,,True
4211,P03408,Ir. Tami Astuti,bakianto10@example.net,+62 (098) 172 3967,Tangerang Selatan,2024-11-19,Gold,2024-11-19,,True
4212,P03409,Widya Santoso,nardizulaika@example.com,+62 (30) 166-5184,Ambon,2024-07-31,Basic,2024-07-31,,True
4213,P03410,"Bakianto Mahendra, S.E.",fpalastri@example.net,(078) 332-3031,Blitar,2024-06-11,Basic,2024-06-11,,True
4214,P03411,Yessi Nababan,yono95@example.org,(043) 778-3258,Palopo,2023-01-05,Basic,2023-01-05,,True
4215,P03412,Jinawi Megantara,enasyiah@example.net,+62-0963-418-9686,Padang,2023-10-20,Basic,2023-10-20,2025-05-07,False
4216,P03412,Jinawi Megantara,enasyiah@example.net,+62-0963-418-9686,Padang,2023-10-20,Gold,2025-05-07,,True
4217,P03413,"R.A. Halima Puspasari, S.IP",irajata@example.com,+62-059-555-3195,Kupang,2023-10-23,Basic,2023-10-23,,True
4218,P03414,"Tgk. Yuni Riyanti, S.Ked",abyasakurniawan@example.com,+62 (051) 221-7508,Bukittinggi,2023-11-20,Basic,2023-11-20,2025-10-10,False
4219,P03414,"Tgk. Yuni Riyanti, S.Ked",abyasakurniawan@example.com,+62 (051) 221-7508,Bukittinggi,2023-11-20,Gold,2025-10-10,,True
4220,P03415,Cut Vicky Firmansyah,zulaikahesti@example.net,(0718) 678 0420,Lubuklinggau,2024-08-09,Gold,2024-08-09,,True
4221,P03416,Cawuk Suryono,psirait@example.com,+62 (036) 145 0408,Palangkaraya,2024-11-05,Basic,2024-11-05,,True
4222,P03417,"Warji Winarno, M.Kom.",cengkalpradipta@example.com,+62-0270-334-7276,Kota Administrasi Jakarta Utara,2023-02-13,Gold,2023-02-13,,True
4223,P03418,"drg. Hendri Marbun, M.Kom.",bagiyasitumorang@example.com,+62 (0363) 766 4008,Pontianak,2024-07-21,Basic,2024-07-21,,True
4224,P03419,Puji Sirait,snugroho@example.net,+62 (448) 656-8437,Malang,2023-06-13,Gold,2023-06-13,,True
4225,P03420,"Sutan Kasusra Ramadan, S.H.",csafitri@example.com,+62-030-994-9484,Pagaralam,2024-11-25,Basic,2024-11-25,,True
4226,P03421,"Hj. Unjani Jailani, M.TI.",ssitorus@example.org,(007) 858 3696,Balikpapan,2023-01-13,Basic,2023-01-13,2025-04-16,False
4227,P03421,"Hj. Unjani Jailani, M.TI.",ssitorus@example.org,(007) 858 3696,Balikpapan,2023-01-13,Gold,2025-04-16,,True
4228,P03422,"Warta Zulaika, S.Pt",ikuswandari@example.org,+62 (541) 408 1289,Surakarta,2024-02-23,Basic,2024-02-23,,True
4229,P03423,dr. Lintang Hutagalung,elvin62@example.com,+62 (812) 354 2308,Bogor,2024-09-23,Platinum,2024-09-23,,True
4230,P03424,Mutia Prastuti,jaga87@example.net,+62 (70) 672 2768,Purwokerto,2023-05-12,Basic,2023-05-12,,True
4231,P03425,Dr. Tomi Lazuardi,mpuspasari@example.com,+62 (0164) 510 8421,Tanjungpinang,2024-03-19,Gold,2024-03-19,,True
4232,P03426,Ghaliyati Permadi,elma42@example.com,+62-52-802-5089,Bukittinggi,2023-11-08,Gold,2023-11-08,2025-04-20,False
4233,P03426,Ghaliyati Permadi,elma42@example.com,+62-52-802-5089,Bukittinggi,2023-11-08,Platinum,2025-04-20,,True
4234,P03427,Hadi Wulandari,tkusmawati@example.com,086 276 9840,Pagaralam,2023-02-22,Basic,2023-02-22,2025-03-06,False
4235,P03427,Hadi Wulandari,tkusmawati@example.com,086 276 9840,Pagaralam,2023-02-22,Gold,2025-03-06,,True
4236,P03428,Kairav Sihombing,ramadansalimah@example.net,+62 (070) 801 8672,Sungai Penuh,2024-05-16,Basic,2024-05-16,2025-04-04,False
4237,P03428,Kairav Sihombing,ramadansalimah@example.net,+62 (070) 801 8672,Sungai Penuh,2024-05-16,Gold,2025-04-04,,True
4238,P03429,"Dt. Ega Firgantoro, S.IP",wprasetyo@example.org,(095) 623-2015,Parepare,2023-12-22,Basic,2023-12-22,,True
4239,P03430,Cawisono Maryati,bakti73@example.org,+62 (289) 577 4186,Mojokerto,2024-11-29,Basic,2024-11-29,2025-07-25,False
4240,P03430,Cawisono Maryati,bakti73@example.org,+62 (289) 577 4186,Mojokerto,2024-11-29,Gold,2025-07-25,,True
4241,P03431,Luis Dongoran,ichamandasari@example.com,086 810 4348,Sibolga,2023-06-02,Gold,2023-06-02,,True
4242,P03432,Jaka Hutasoit,waluyolazuardi@example.net,+62 (16) 746-4552,Palopo,2024-05-23,Gold,2024-05-23,,True
4243,P03433,"Nyoman Susanti, S.I.Kom",prayogahabibi@example.org,+62 (025) 980-4155,Bau-Bau,2024-06-05,Basic,2024-06-05,2025-08-24,False
4244,P03433,"Nyoman Susanti, S.I.Kom",prayogahabibi@example.org,+62 (025) 980-4155,Bau-Bau,2024-06-05,Gold,2025-08-24,,True
4245,P03434,Gatra Pratama,anajmudin@example.org,0865470571,Sungai Penuh,2023-02-05,Basic,2023-02-05,,True
4246,P03435,Paramita Pranowo,corneliasetiawan@example.com,+62 (050) 572 5272,Tangerang Selatan,2024-11-02,Basic,2024-11-02,,True
4247,P03436,Martani Halimah,xanana68@example.net,+62-0216-359-3062,Tegal,2024-02-06,Basic,2024-02-06,,True
4248,P03437,Parman Haryanti,ganep44@example.com,+62 (079) 426 9625,Solok,2023-10-02,Gold,2023-10-02,,True
4249,P03438,Tedi Puspita,johan58@example.net,+62-87-044-0907,Gorontalo,2023-04-19,Basic,2023-04-19,,True
4250,P03439,Azalea Permadi,limarhartati@example.net,0829113548,Kota Administrasi Jakarta Utara,2024-11-03,Basic,2024-11-03,,True
4251,P03440,"Tgk. Prakosa Yulianti, S.I.Kom",nardi56@example.com,(0987) 289-1916,Metro,2024-06-11,Basic,2024-06-11,,True
4252,P03441,Hasna Yolanda,luthfi79@example.com,+62 (0175) 165 7080,Pekanbaru,2024-10-08,Platinum,2024-10-08,,True
4253,P03442,Sutan Limar Aryani,rini26@example.net,+62 (282) 406 6550,Metro,2024-11-20,Basic,2024-11-20,,True
4254,P03443,"dr. Ulya Rahimah, M.Kom.",asirwadapangestu@example.net,+62 (359) 878-9201,Bekasi,2024-04-22,Basic,2024-04-22,2025-06-23,False
4255,P03443,"dr. Ulya Rahimah, M.Kom.",asirwadapangestu@example.net,+62 (359) 878-9201,Bekasi,2024-04-22,Gold,2025-06-23,,True
4256,P03444,Halima Budiman,anomuwais@example.org,(0494) 409 0806,Bitung,2024-06-09,Basic,2024-06-09,2025-05-04,False
4257,P03444,Halima Budiman,anomuwais@example.org,(0494) 409 0806,Bitung,2024-06-09,Gold,2025-05-04,,True
4258,P03445,Chelsea Farida,irapurnawati@example.com,+62 (083) 072 3317,Tangerang Selatan,2024-01-06,Platinum,2024-01-06,,True
4259,P03446,Cindy Mardhiyah,rpurnawati@example.com,(040) 696-6090,Bitung,2024-05-16,Basic,2024-05-16,2025-05-09,False
4260,P03446,Cindy Mardhiyah,rpurnawati@example.com,(040) 696-6090,Bitung,2024-05-16,Gold,2025-05-09,,True
4261,P03447,Ajimin Hakim,rgunawan@example.org,+62 (08) 480-5545,Sukabumi,2023-08-16,Basic,2023-08-16,,True
4262,P03448,Dinda Anggraini,umaryati@example.com,(0976) 008 2832,Bekasi,2023-05-30,Basic,2023-05-30,,True
4263,P03449,"KH. Luis Hastuti, M.Farm",adenasyiah@example.net,086 533 1673,Pematangsiantar,2024-06-06,Basic,2024-06-06,,True
4264,P03450,"drg. Uchita Jailani, S.T.",dhakim@example.org,0870743257,Medan,2023-07-06,Platinum,2023-07-06,,True
4265,P03451,Victoria Yuliarti,ellausada@example.org,(018) 249-1037,Surabaya,2024-05-29,Basic,2024-05-29,,True
4266,P03452,Adinata Permadi,haryantokasiran@example.net,(0580) 937-4255,Solok,2023-01-27,Basic,2023-01-27,,True
4267,P03453,R. Cemplunk Wahyuni,sihombingmuhammad@example.net,(051) 934 2935,Tarakan,2024-02-14,Basic,2024-02-14,,True
4268,P03454,"Puti Iriana Pranowo, S.IP",xpuspasari@example.net,+62 (0506) 896-1181,Banjarmasin,2024-07-09,Basic,2024-07-09,,True
4269,P03455,Uchita Suartini,pangeran29@example.com,+62-72-416-4263,Tegal,2023-05-09,Basic,2023-05-09,,True
4270,P03456,Ir. Dinda Purnawati,estionomandasari@example.com,+62 (82) 930-0060,Blitar,2023-06-26,Basic,2023-06-26,2025-06-05,False
4271,P03456,Ir. Dinda Purnawati,estionomandasari@example.com,+62 (82) 930-0060,Blitar,2023-06-26,Gold,2025-06-05,,True
4272,P03457,"Gilda Lailasari, S.E.I",titinuyainah@example.org,+62 (0121) 261-7531,Tanjungpinang,2024-08-11,Basic,2024-08-11,,True
4273,P03458,Ella Yuliarti,caturangga70@example.net,+62 (092) 203-0668,Batam,2024-06-10,Basic,2024-06-10,,True
4274,P03459,Dwi Hutagalung,mitrauwais@example.com,+62 (610) 857 5571,Cirebon,2024-11-16,Gold,2024-11-16,,True
4275,P03460,Rini Rajasa,iswahyudiwisnu@example.org,+62-785-100-5685,Pagaralam,2023-09-09,Basic,2023-09-09,2025-07-10,False
4276,P03460,Rini Rajasa,iswahyudiwisnu@example.org,+62-785-100-5685,Pagaralam,2023-09-09,Gold,2025-07-10,,True
4277,P03461,Rina Thamrin,irahimah@example.org,+62 (0358) 002 4649,Pariaman,2024-08-13,Basic,2024-08-13,2025-05-11,False
4278,P03461,Rina Thamrin,irahimah@example.org,+62 (0358) 002 4649,Pariaman,2024-08-13,Gold,2025-05-11,,True
4279,P03462,T. Parman Maryati,dewi69@example.com,+62-954-814-0774,Tangerang Selatan,2024-02-06,Basic,2024-02-06,,True
4280,P03463,"R. Septi Usamah, M.Pd",jabalnasyidah@example.net,+62 (551) 033-8846,Binjai,2024-04-07,Gold,2024-04-07,,True
4281,P03464,Balapati Prasetyo,timbul17@example.org,+62-97-815-8833,Purwokerto,2023-05-10,Gold,2023-05-10,,True
4282,P03465,Dinda Suryatmi,wnainggolan@example.org,0899629930,Bitung,2023-03-06,Gold,2023-03-06,,True
4283,P03466,H. Mulyono Nababan,sudiatidarimin@example.com,+62-0025-371-4559,Denpasar,2024-01-06,Basic,2024-01-06,2025-05-03,False
4284,P03466,H. Mulyono Nababan,sudiatidarimin@example.com,+62-0025-371-4559,Denpasar,2024-01-06,Gold,2025-05-03,,True
4285,P03467,Kartika Rajasa,qpangestu@example.org,+62 (031) 698 8326,Subulussalam,2023-07-28,Gold,2023-07-28,,True
4286,P03468,"Dt. Adiarja Pratama, S.H.",karimahardianto@example.org,(050) 885 8653,Sorong,2024-11-23,Basic,2024-11-23,,True
4287,P03469,Cahyono Dongoran,damanikgadang@example.org,+62 (0543) 786 0028,Samarinda,2023-09-16,Basic,2023-09-16,2025-10-20,False
4288,P03469,Cahyono Dongoran,damanikgadang@example.org,+62 (0543) 786 0028,Samarinda,2023-09-16,Gold,2025-10-20,,True
4289,P03470,Hafshah Nababan,opan77@example.com,+62 (094) 625-2871,Cilegon,2024-06-15,Basic,2024-06-15,,True
4290,P03471,Umi Halimah,kusmawatiibrahim@example.net,+62-041-880-5607,Bengkulu,2023-02-09,Basic,2023-02-09,,True
4291,P03472,Sutan Radika Safitri,wakiman57@example.net,+62 (0466) 264 4938,Sorong,2024-03-09,Basic,2024-03-09,,True
4292,P03473,Virman Budiyanto,hidayatlaksana@example.com,+62 (803) 883 9115,Singkawang,2024-01-01,Basic,2024-01-01,2025-07-20,False
4293,P03473,Virman Budiyanto,hidayatlaksana@example.com,+62 (803) 883 9115,Singkawang,2024-01-01,Gold,2025-07-20,,True
4294,P03474,"Zalindra Mustofa, S.Kom",raisa79@example.org,(0671) 713-3794,Lhokseumawe,2023-07-25,Basic,2023-07-25,,True
4295,P03475,"Gambira Winarsih, S.Sos",upadmasari@example.org,+62 (55) 379 1081,Ternate,2023-04-13,Basic,2023-04-13,,True
4296,P03476,Siti Gunawan,galihnasyiah@example.org,+62 (41) 320-9979,Payakumbuh,2024-02-05,Platinum,2024-02-05,,True
4297,P03477,Raina Halimah,ikin21@example.net,084 827 5668,Lubuklinggau,2024-03-11,Basic,2024-03-11,2025-09-02,False
4298,P03477,Raina Halimah,ikin21@example.net,084 827 5668,Lubuklinggau,2024-03-11,Gold,2025-09-02,,True
4299,P03478,Mila Suwarno,simon15@example.org,(0690) 596 8644,Palopo,2024-05-31,Basic,2024-05-31,2025-03-17,False
4300,P03478,Mila Suwarno,simon15@example.org,(0690) 596 8644,Palopo,2024-05-31,Gold,2025-03-17,,True
4301,P03479,"Winda Winarsih, S.Sos",pwinarsih@example.com,+62 (152) 943-7843,Mojokerto,2023-03-30,Basic,2023-03-30,2025-06-28,False
4302,P03479,"Winda Winarsih, S.Sos",pwinarsih@example.com,+62 (152) 943-7843,Mojokerto,2023-03-30,Gold,2025-06-28,,True
4303,P03480,"Yuni Nugroho, S.Pd",kmaheswara@example.org,(097) 296-9154,Yogyakarta,2024-10-24,Basic,2024-10-24,,True
4304,P03481,Kawaya Hassanah,makuta87@example.net,+62 (031) 587-5310,Salatiga,2023-06-11,Basic,2023-06-11,,True
4305,P03482,"Cemeti Mandala, M.Kom.",lega54@example.net,0841766863,Bima,2024-09-29,Basic,2024-09-29,2025-07-25,False
4306,P03482,"Cemeti Mandala, M.Kom.",lega54@example.net,0841766863,Bima,2024-09-29,Gold,2025-07-25,,True
4307,P03483,Yulia Prasetya,iusada@example.org,+62 (057) 618 2934,Tidore Kepulauan,2023-10-14,Gold,2023-10-14,2025-05-03,False
4308,P03483,Yulia Prasetya,iusada@example.org,+62 (057) 618 2934,Tidore Kepulauan,2023-10-14,Platinum,2025-05-03,,True
4309,P03484,"Tirtayasa Namaga, S.Gz",cawisono01@example.net,+62-102-577-4888,Padangpanjang,2024-04-13,Basic,2024-04-13,,True
4310,P03485,Genta Mulyani,corneliasuryono@example.net,(0161) 322-0068,Parepare,2023-12-04,Basic,2023-12-04,,True
4311,P03486,"R.A. Mutia Wibowo, M.Kom.",kamilaprabowo@example.com,+62-061-090-6288,Subulussalam,2024-04-28,Basic,2024-04-28,2025-04-17,False
4312,P03486,"R.A. Mutia Wibowo, M.Kom.",kamilaprabowo@example.com,+62-061-090-6288,Subulussalam,2024-04-28,Gold,2025-04-17,,True
4313,P03487,"Diana Rajasa, S.Gz",usmanpalastri@example.com,+62-75-673-9041,Padangpanjang,2024-04-27,Basic,2024-04-27,,True
4314,P03488,"Gamani Damanik, S.Gz",latika70@example.org,+62 (0938) 003 0844,Jayapura,2024-01-15,Basic,2024-01-15,,True
4315,P03489,"T. Kamidin Najmudin, S.Gz",kusmawatihasan@example.com,(0348) 169 0918,Padang Sidempuan,2024-06-11,Gold,2024-06-11,2025-09-20,False
4316,P03489,"T. Kamidin Najmudin, S.Gz",kusmawatihasan@example.com,(0348) 169 0918,Padang Sidempuan,2024-06-11,Platinum,2025-09-20,,True
4317,P03490,"Fitriani Prabowo, S.Psi",jindra38@example.net,+62 (82) 019-0848,Balikpapan,2023-07-16,Basic,2023-07-16,,True
4318,P03491,"Wakiman Suwarno, S.I.Kom",salwawinarno@example.com,(0704) 785 8121,Serang,2024-07-24,Basic,2024-07-24,2025-09-04,False
4319,P03491,"Wakiman Suwarno, S.I.Kom",salwawinarno@example.com,(0704) 785 8121,Serang,2024-07-24,Gold,2025-09-04,,True
4320,P03492,Yulia Rahimah,rafi46@example.net,+62 (007) 113-1247,Tangerang,2023-08-29,Basic,2023-08-29,,True
4321,P03493,Martana Pradana,suryatmiopung@example.com,(0681) 680-9284,Bogor,2023-05-11,Basic,2023-05-11,,True
4322,P03494,Caket Habibi,,+62 (059) 538-5740,Bekasi,2023-10-31,Basic,2023-10-31,,True
4323,P03495,Abyasa Yolanda,latuponowinda@example.org,+62 (007) 412 5425,Cilegon,2024-06-29,Basic,2024-06-29,2025-05-26,False
4324,P03495,Abyasa Yolanda,latuponowinda@example.org,+62 (007) 412 5425,Cilegon,2024-06-29,Gold,2025-05-26,,True
4325,P03496,Luwes Wijayanti,lailasarimartani@example.net,+62 (023) 373-4579,Tanjungbalai,2024-08-10,Gold,2024-08-10,,True
4326,P03497,Drs. Putri Utami,simonpratama@example.net,+62 (454) 642 6076,Ternate,2023-07-24,Basic,2023-07-24,,True
4327,P03498,Kalim Safitri,winarsihlatika@example.com,+62 (34) 339-6530,Ternate,2024-02-26,Basic,2024-02-26,,True
4328,P03499,Gaduh Nashiruddin,xzulkarnain@example.net,+62 (013) 963-3282,Blitar,2024-02-06,Basic,2024-02-06,,True
4329,P03500,Cornelia Mangunsong,saadatiswahyudi@example.org,+62-0801-399-3630,Kupang,2024-10-24,Basic,2024-10-24,,True
4330,P03501,"Cornelia Hidayanto, S.Pt",irajata@example.org,(0843) 502 3003,Serang,2023-03-19,Basic,2023-03-19,,True
4331,P03502,Mursita Thamrin,kasiranpermata@example.net,+62 (035) 051 6092,Mojokerto,2024-08-06,Gold,2024-08-06,,True
4332,P03503,Irwan Yuniar,unggulanggriawan@example.com,+62 (0851) 316 6541,Kota Administrasi Jakarta Utara,2024-05-06,Basic,2024-05-06,,True
4333,P03504,Vero Maheswara,janet22@example.com,+62-0789-470-9498,Tangerang,2024-06-20,Basic,2024-06-20,,True
4334,P03505,"Ir. Sakura Suwarno, S.Ked",zaenabhidayanto@example.org,+62 (24) 286 0022,Bekasi,2023-10-14,Basic,2023-10-14,,True
4335,P03506,Cakrawangsa Permadi,lurhurhandayani@example.org,(0504) 213-4356,Kota Administrasi Jakarta Selatan,2024-09-12,Basic,2024-09-12,2025-06-05,False
4336,P03506,Cakrawangsa Permadi,lurhurhandayani@example.org,(0504) 213-4356,Kota Administrasi Jakarta Selatan,2024-09-12,Gold,2025-06-05,,True
4337,P03507,Vanesa Farida,taufik30@example.org,(009) 674 1346,Madiun,2024-10-16,Gold,2024-10-16,,True
4338,P03508,Tiara Mahendra,asuryatmi@example.org,+62-681-243-6299,Lubuklinggau,2024-06-22,Basic,2024-06-22,,True
4339,P03509,Zelda Prabowo,tania03@example.com,+62 (451) 664-3284,Medan,2024-04-24,Gold,2024-04-24,2025-04-14,False
4340,P03509,Zelda Prabowo,tania03@example.com,+62 (451) 664-3284,Medan,2024-04-24,Platinum,2025-04-14,,True
4341,P03510,T. Gandi Waskita,johannainggolan@example.net,+62 (0836) 572 1337,Padang,2023-12-22,Gold,2023-12-22,,True
4342,P03511,"drg. Kusuma Pudjiastuti, S.Ked",pudjiastutimarwata@example.org,(0744) 894-2750,Tasikmalaya,2023-07-22,Basic,2023-07-22,,True
4343,P03512,Garang Mulyani,almiragunawan@example.net,+62-0494-831-7036,Kota Administrasi Jakarta Barat,2023-06-08,Basic,2023-06-08,,True
4344,P03513,Ghani Permadi,padmi75@example.com,+62-25-209-9673,Tegal,2024-02-12,Basic,2024-02-12,,True
4345,P03514,Hesti Hartati,gamanrahimah@example.net,+62 (165) 469-7996,Kota Administrasi Jakarta Utara,2023-02-16,Basic,2023-02-16,,True
4346,P03515,"Puti Sakura Suryatmi, S.E.",kasimnasyidah@example.org,+62-0042-746-9911,Bengkulu,2023-11-29,Basic,2023-11-29,2025-05-12,False
4347,P03515,"Puti Sakura Suryatmi, S.E.",kasimnasyidah@example.org,+62-0042-746-9911,Bengkulu,2023-11-29,Gold,2025-05-12,,True
4348,P03516,"Tira Adriansyah, S.IP",juli77@example.com,+62 (014) 660-3047,Pariaman,2024-11-10,Basic,2024-11-10,,True
4349,P03517,"R.A. Dinda Suwarno, S.E.I",sihotangira@example.net,+62-22-833-3185,Parepare,2023-11-24,Basic,2023-11-24,,True
4350,P03518,"Cawisono Rahayu, M.Farm",amulyani@example.net,(018) 550-0811,Banjar,2023-12-20,Basic,2023-12-20,,True
4351,P03519,Safina Waluyo,hsaefullah@example.com,+62-848-211-0069,Pekalongan,2024-10-16,Gold,2024-10-16,,True
4352,P03520,Lanjar Januar,laksana81@example.org,+62 (103) 051-0903,Gorontalo,2024-04-09,Basic,2024-04-09,,True
4353,P03521,Joko Kusmawati,budiyantopurwanto@example.com,+62-097-699-4634,Padangpanjang,2023-12-14,Basic,2023-12-14,,True
4354,P03522,"Cut Puji Natsir, S.Gz",wahyusiregar@example.net,0814918851,Bogor,2024-04-23,Gold,2024-04-23,,True
4355,P03523,"KH. Karja Mardhiyah, S.Ked",saadatmahendra@example.org,(021) 450 0860,Malang,2024-01-08,Gold,2024-01-08,,True
4356,P03524,Cakrabirawa Nugroho,pertiwivero@example.org,085 907 9432,Surakarta,2024-10-03,Basic,2024-10-03,,True
4357,P03525,Tgk. Wardi Hassanah,samosirchandra@example.net,(016) 064 4623,Tual,2023-10-24,Basic,2023-10-24,,True
4358,P03526,"Ir. Irwan Pranowo, S.Psi",fnuraini@example.net,+62 (29) 266-3588,Kota Administrasi Jakarta Utara,2023-01-20,Basic,2023-01-20,,True
4359,P03527,Gilang Hutagalung,janet15@example.com,+62 (886) 331 8596,Tebingtinggi,2024-03-21,Gold,2024-03-21,2025-10-22,False
4360,P03527,Gilang Hutagalung,janet15@example.com,+62 (886) 331 8596,Tebingtinggi,2024-03-21,Platinum,2025-10-22,,True
4361,P03528,Ian Hidayanto,wirafujiati@example.org,(056) 296 1362,Tual,2024-05-22,Gold,2024-05-22,,True
4362,P03529,Citra Mandasari,marbunkezia@example.net,(006) 854-3436,Sukabumi,2024-09-04,Gold,2024-09-04,,True
4363,P03530,R.A. Iriana Saefullah,jagaraga79@example.org,0862606699,Ambon,2023-03-11,Basic,2023-03-11,,True
4364,P03531,"Ratna Winarsih, S.Farm",abyasa85@example.org,+62 (505) 512 8817,Tangerang,2024-08-12,Basic,2024-08-12,,True
4365,P03532,"drg. Safina Prastuti, S.E.I",endralailasari@example.org,(0221) 322-0622,Tidore Kepulauan,2024-04-16,Gold,2024-04-16,,True
4366,P03533,"R. Jamalia Budiman, S.Ked",syahrini07@example.net,0881337830,Kendari,2023-02-27,Basic,2023-02-27,2025-05-28,False
4367,P03533,"R. Jamalia Budiman, S.Ked",syahrini07@example.net,0881337830,Kendari,2023-02-27,Gold,2025-05-28,,True
4368,P03534,R. Suci Yuliarti,rahmatpradana@example.org,089 667 4578,Bitung,2024-01-07,Basic,2024-01-07,,True
4369,P03535,Umi Utami,jaemanandriani@example.org,+62 (89) 600-4792,Bengkulu,2023-09-22,Basic,2023-09-22,,True
4370,P03536,Tgk. Darimin Suartini,cagak80@example.net,+62 (0994) 646 3391,Kota Administrasi Jakarta Utara,2023-03-28,Basic,2023-03-28,,True
4371,P03537,Fathonah Handayani,qnasyiah@example.net,(058) 414-1858,Langsa,2024-07-28,Basic,2024-07-28,2025-04-18,False
4372,P03537,Fathonah Handayani,qnasyiah@example.net,(058) 414-1858,Langsa,2024-07-28,Gold,2025-04-18,,True
4373,P03538,Jatmiko Saptono,jwastuti@example.com,(083) 679 3314,Sorong,2023-09-12,Basic,2023-09-12,2025-10-12,False
4374,P03538,Jatmiko Saptono,jwastuti@example.com,(083) 679 3314,Sorong,2023-09-12,Gold,2025-10-12,,True
4375,P03539,Yoga Fujiati,,+62-0759-309-8007,Binjai,2023-04-27,Basic,2023-04-27,2025-03-15,False
4376,P03539,Yoga Fujiati,,+62-0759-309-8007,Binjai,2023-04-27,Gold,2025-03-15,,True
4377,P03540,dr. Dinda Pangestu,ewasita@example.org,+62 (870) 341 7591,Medan,2023-09-20,Basic,2023-09-20,2025-04-20,False
4378,P03540,dr. Dinda Pangestu,ewasita@example.org,+62 (870) 341 7591,Medan,2023-09-20,Gold,2025-04-20,,True
4379,P03541,Citra Rahayu,violet96@example.net,+62 (085) 979-3372,Sibolga,2024-11-16,Basic,2024-11-16,,True
4380,P03542,Hj. Betania Wahyuni,gadangjailani@example.com,+62 (0251) 485-9685,Kediri,2024-03-03,Basic,2024-03-03,,True
4381,P03543,"Cut Amelia Kuswoyo, S.Gz",mahesa33@example.net,+62-45-900-6143,Pariaman,2023-06-01,Basic,2023-06-01,,True
4382,P03544,Prasetya Anggriawan,ghaliyatizulaika@example.net,+62 (004) 796 2599,Bandar Lampung,2023-06-22,Gold,2023-06-22,,True
4383,P03545,"Marsito Sirait, S.Pd",jsihotang@example.org,+62-079-112-4196,Pekalongan,2024-07-13,Basic,2024-07-13,,True
4384,P03546,"Tgk. Mila Samosir, M.M.",firmansyahakarsana@example.org,(0337) 367-5934,Denpasar,2024-07-27,Basic,2024-07-27,,True
4385,P03547,Dartono Jailani,suryonodalimin@example.com,+62 (0965) 171 3104,Pekalongan,2023-02-21,Basic,2023-02-21,2025-05-13,False
4386,P03547,Dartono Jailani,suryonodalimin@example.com,+62 (0965) 171 3104,Pekalongan,2023-02-21,Gold,2025-05-13,,True
4387,P03548,"Vivi Yuniar, S.Psi",olgaanggriawan@example.org,086 325 2092,Meulaboh,2023-12-13,Basic,2023-12-13,2025-06-13,False
4388,P03548,"Vivi Yuniar, S.Psi",olgaanggriawan@example.org,086 325 2092,Meulaboh,2023-12-13,Gold,2025-06-13,,True
4389,P03549,"dr. Mulyono Wastuti, S.H.",irwan31@example.net,(052) 808-0012,Palopo,2024-09-09,Basic,2024-09-09,2025-05-25,False
4390,P03549,"dr. Mulyono Wastuti, S.H.",irwan31@example.net,(052) 808-0012,Palopo,2024-09-09,Gold,2025-05-25,,True
4391,P03550,Carla Anggriawan,,+62 (158) 194 7975,Padang,2024-04-15,Basic,2024-04-15,,True
4392,P03551,Ir. Ratih Prasasta,slametsusanti@example.com,+62 (38) 750-5785,Kota Administrasi Jakarta Timur,2023-12-05,Basic,2023-12-05,,True
4393,P03552,dr. Dodo Firmansyah,jais44@example.com,+62 (052) 076 9172,Dumai,2024-08-10,Gold,2024-08-10,,True
4394,P03553,"dr. Yuni Agustina, S.Gz",kusmawatipaiman@example.net,+62 (769) 900-4369,Pekalongan,2024-11-20,Gold,2024-11-20,2025-08-09,False
4395,P03553,"dr. Yuni Agustina, S.Gz",kusmawatipaiman@example.net,+62 (769) 900-4369,Pekalongan,2024-11-20,Platinum,2025-08-09,,True
4396,P03554,dr. Muni Saefullah,banawa29@example.org,+62-0273-225-9184,Tanjungbalai,2023-05-28,Basic,2023-05-28,,True
4397,P03555,Abyasa Wijaya,qmaulana@example.net,+62-53-096-0843,Palembang,2023-06-23,Gold,2023-06-23,2025-05-13,False
4398,P03555,Abyasa Wijaya,qmaulana@example.net,+62-53-096-0843,Palembang,2023-06-23,Platinum,2025-05-13,,True
4399,P03556,Tgk. Rahayu Zulaika,etarihoran@example.com,0889428586,Sibolga,2023-03-12,Basic,2023-03-12,2025-08-30,False
4400,P03556,Tgk. Rahayu Zulaika,etarihoran@example.com,0889428586,Sibolga,2023-03-12,Gold,2025-08-30,,True
4401,P03557,Gandi Megantara,ismail27@example.net,088 534 9953,Solok,2023-08-18,Basic,2023-08-18,2025-08-09,False
4402,P03557,Gandi Megantara,ismail27@example.net,088 534 9953,Solok,2023-08-18,Gold,2025-08-09,,True
4403,P03558,"R. Clara Usada, S.Kom",laksmiwatisadina@example.net,+62 (082) 244 5720,Gorontalo,2023-07-22,Basic,2023-07-22,2025-07-30,False
4404,P03558,"R. Clara Usada, S.Kom",laksmiwatisadina@example.net,+62 (082) 244 5720,Gorontalo,2023-07-22,Gold,2025-07-30,,True
4405,P03559,Dr. Yulia Jailani,ikin32@example.com,+62 (541) 527 2022,Tangerang Selatan,2023-10-08,Basic,2023-10-08,,True
4406,P03560,"Opung Manullang, M.Kom.",mulyanto11@example.org,+62-000-851-7090,Manado,2024-04-19,Basic,2024-04-19,,True
4407,P03561,Drs. Maria Purwanti,indra68@example.net,0800676601,Pekanbaru,2024-03-01,Basic,2024-03-01,,True
4408,P03562,"Mitra Wijaya, S.Sos",qhardiansyah@example.com,(074) 119-6948,Sorong,2023-06-30,Basic,2023-06-30,,True
4409,P03563,"Zaenab Najmudin, S.Kom",usuartini@example.net,+62 (0888) 058-9277,Pariaman,2023-03-04,Basic,2023-03-04,,True
4410,P03564,Eva Hidayanto,raden38@example.org,0824594975,Sorong,2023-04-17,Basic,2023-04-17,2025-09-23,False
4411,P03564,Eva Hidayanto,raden38@example.org,0824594975,Sorong,2023-04-17,Gold,2025-09-23,,True
4412,P03565,"Sidiq Susanti, S.Pt",cakrawalawahyuni@example.com,(0699) 113-1842,Kupang,2023-09-16,Basic,2023-09-16,,True
4413,P03566,"Tgk. Agnes Damanik, S.Pt",xpertiwi@example.org,+62 (784) 165-5863,Mojokerto,2024-07-03,Gold,2024-07-03,,True
4414,P03567,Jamil Laksmiwati,gharyanto@example.org,(0336) 231-8842,Bekasi,2024-02-19,Gold,2024-02-19,2025-08-14,False
4415,P03567,Jamil Laksmiwati,gharyanto@example.org,(0336) 231-8842,Bekasi,2024-02-19,Platinum,2025-08-14,,True
4416,P03568,R.A. Juli Hakim,inamaga@example.net,(0598) 490 3772,Pariaman,2024-03-24,Basic,2024-03-24,,True
4417,P03569,Queen Rajasa,johan77@example.com,+62 (078) 113-9193,Bandung,2024-02-02,Gold,2024-02-02,,True
4418,P03570,Eja Pertiwi,salsabilamaryati@example.org,+62 (105) 145-7673,Meulaboh,2023-04-13,Basic,2023-04-13,,True
4419,P03571,Adika Zulkarnain,anom42@example.com,+62 (40) 933-4116,Subulussalam,2023-03-10,Basic,2023-03-10,,True
4420,P03572,"Jelita Utami, S.IP",wirdawasita@example.org,+62-0632-602-5897,Metro,2023-05-21,Gold,2023-05-21,,True
4421,P03573,Raisa Gunawan,devi34@example.com,+62 (0679) 486 3253,Mataram,2023-04-14,Basic,2023-04-14,,True
4422,P03574,Janet Laksita,ewijayanti@example.org,(0400) 784 9871,Kediri,2023-04-17,Basic,2023-04-17,,True
4423,P03575,Raina Mayasari,viman96@example.org,+62 (0846) 508 6643,Pekalongan,2024-04-17,Gold,2024-04-17,2025-10-22,False
4424,P03575,Raina Mayasari,viman96@example.org,+62 (0846) 508 6643,Pekalongan,2024-04-17,Platinum,2025-10-22,,True
4425,P03576,Malika Firgantoro,ejaandriani@example.net,+62 (670) 085 3208,Lubuklinggau,2023-12-04,Basic,2023-12-04,,True
4426,P03577,Irsad Uwais,zulfahassanah@example.net,(0666) 691-0746,Banda Aceh,2023-12-22,Basic,2023-12-22,2025-04-20,False
4427,P03577,Irsad Uwais,zulfahassanah@example.net,(0666) 691-0746,Banda Aceh,2023-12-22,Gold,2025-04-20,,True
4428,P03578,"T. Argono Latupono, S.E.I",embuhlailasari@example.com,+62 (0404) 596 9363,Tangerang,2024-06-20,Basic,2024-06-20,,True
4429,P03579,"Uchita Dabukke, S.E.I",warsitawasita@example.com,+62 (99) 367 7205,Bandar Lampung,2024-08-01,Basic,2024-08-01,,True
4430,P03580,Puti Umi Maheswara,kamaria56@example.org,+62 (055) 796 0919,Bengkulu,2023-05-30,Basic,2023-05-30,,True
4431,P03581,"Dacin Hassanah, S.Farm",cawisadipangestu@example.org,+62 (0131) 271-3575,Kotamobagu,2024-01-17,Basic,2024-01-17,,True
4432,P03582,Ayu Winarsih,xlatupono@example.net,+62 (064) 541-6106,Kota Administrasi Jakarta Utara,2023-03-24,Gold,2023-03-24,,True
4433,P03583,"Drs. Eka Maulana, S.I.Kom",cengkirtampubolon@example.org,(0679) 315-5932,Banjarmasin,2023-10-06,Basic,2023-10-06,,True
4434,P03584,R. Kambali Pranowo,jonosihombing@example.org,+62 (54) 755-0090,Bandar Lampung,2023-04-08,Platinum,2023-04-08,,True
4435,P03585,Restu Tarihoran,putizulkarnain@example.com,0809963318,Pagaralam,2024-01-24,Basic,2024-01-24,2025-04-22,False
4436,P03585,Restu Tarihoran,putizulkarnain@example.com,0809963318,Pagaralam,2024-01-24,Gold,2025-04-22,,True
4437,P03586,Kusuma Wastuti,budi26@example.com,+62-303-050-3869,Kotamobagu,2023-08-22,Basic,2023-08-22,,True
4438,P03587,Lalita Ardianto,llaksmiwati@example.net,+62 (018) 314-3168,Bima,2024-08-04,Basic,2024-08-04,,True
4439,P03588,Shakila Natsir,hidayatfebi@example.net,(030) 818-9988,Padangpanjang,2024-08-04,Gold,2024-08-04,,True
4440,P03589,Qori Simbolon,milasitompul@example.org,(0186) 929 2143,Jambi,2024-08-16,Basic,2024-08-16,,True
4441,P03590,Uchita Safitri,mulyantogunawan@example.org,+62-0642-133-9494,Bau-Bau,2024-09-26,Basic,2024-09-26,2025-10-25,False
4442,P03590,Uchita Safitri,mulyantogunawan@example.org,+62-0642-133-9494,Bau-Bau,2024-09-26,Gold,2025-10-25,,True
4443,P03591,Bancar Firgantoro,llatupono@example.com,+62-0872-332-3009,Sorong,2023-11-27,Basic,2023-11-27,2025-06-19,False
4444,P03591,Bancar Firgantoro,llatupono@example.com,+62-0872-332-3009,Sorong,2023-11-27,Gold,2025-06-19,,True
4445,P03592,"Wirda Marpaung, S.Sos",queen86@example.org,(073) 311-9537,Malang,2024-02-02,Basic,2024-02-02,,True
4446,P03593,Dalimin Hidayanto,zhidayanto@example.com,(076) 913 9694,Banjar,2024-09-29,Gold,2024-09-29,,True
4447,P03594,Farhunnisa Pradipta,kusumahidayat@example.org,085 768 4735,Kediri,2024-10-30,Basic,2024-10-30,,True
4448,P03595,Tgk. Banawa Laksmiwati,jail43@example.com,0817613625,Bandar Lampung,2023-03-09,Basic,2023-03-09,,True
4449,P03596,"Cindy Sitorus, M.Ak",samosirvicky@example.net,+62 (06) 969 8818,Sibolga,2024-02-28,Basic,2024-02-28,,True
4450,P03597,Karma Astuti,bakiman97@example.org,(062) 376 3298,Medan,2023-08-25,Basic,2023-08-25,,True
4451,P03598,Salsabila Mayasari,asirwada52@example.org,+62 (55) 056-6576,Singkawang,2023-08-08,Basic,2023-08-08,,True
4452,P03599,Shakila Prasetya,kezia09@example.com,(025) 829 5533,Tidore Kepulauan,2023-03-29,Gold,2023-03-29,,True
4453,P03600,Wawan Purnawati,nainggolanpuput@example.com,088 512 0748,Sungai Penuh,2023-04-22,Platinum,2023-04-22,,True
4454,P03601,Eka Saefullah,xpangestu@example.org,+62-26-138-9085,Lhokseumawe,2023-11-17,Basic,2023-11-17,,True
4455,P03602,"Ajiono Padmasari, S.I.Kom",surya18@example.net,(059) 561 9253,Sorong,2024-10-29,Basic,2024-10-29,2025-09-07,False
4456,P03602,"Ajiono Padmasari, S.I.Kom",surya18@example.net,(059) 561 9253,Sorong,2024-10-29,Gold,2025-09-07,,True
4457,P03603,Ozy Napitupulu,riyantibambang@example.com,+62 (0837) 689-4161,Medan,2024-05-23,Basic,2024-05-23,2025-04-30,False
4458,P03603,Ozy Napitupulu,riyantibambang@example.com,+62 (0837) 689-4161,Medan,2024-05-23,Gold,2025-04-30,,True
4459,P03604,Drs. Nurul Gunawan,vero32@example.net,+62-0174-550-2479,Sibolga,2024-08-19,Basic,2024-08-19,,True
4460,P03605,"dr. Murti Samosir, S.Psi",wsuryatmi@example.net,+62 (0231) 404 2179,Sibolga,2024-01-15,Basic,2024-01-15,,True
4461,P03606,R.A. Ira Pradipta,usadavega@example.org,+62-16-138-3911,Kendari,2023-11-12,Basic,2023-11-12,,True
4462,P03607,T. Darmaji Saptono,aputra@example.com,+62 (0859) 123-6152,Pekanbaru,2023-11-05,Basic,2023-11-05,2025-06-03,False
4463,P03607,T. Darmaji Saptono,aputra@example.com,+62 (0859) 123-6152,Pekanbaru,2023-11-05,Gold,2025-06-03,,True
4464,P03608,Ir. Rachel Wasita,saptonolamar@example.net,+62-071-666-1299,Tanjungbalai,2024-04-24,Gold,2024-04-24,,True
4465,P03609,"Tgk. Carla Maryati, S.Pd",jatimansur@example.net,080 393 4794,Pekalongan,2023-07-17,Basic,2023-07-17,,True
4466,P03610,"Tiara Gunawan, S.IP",zzulaika@example.org,+62 (036) 512 8908,Kupang,2024-04-02,Basic,2024-04-02,,True
4467,P03611,"KH. Ganep Winarno, M.Kom.",prima84@example.com,+62-0341-407-7615,Blitar,2023-12-04,Basic,2023-12-04,,True
4468,P03612,"Garda Wijaya, M.M.",ajiminwidiastuti@example.org,+62 (314) 177-4205,Kediri,2023-06-14,Basic,2023-06-14,,True
4469,P03613,Lutfan Najmudin,gaduh77@example.org,(077) 740 7375,Padang,2024-02-21,Gold,2024-02-21,2025-04-30,False
4470,P03613,Lutfan Najmudin,gaduh77@example.org,(077) 740 7375,Padang,2024-02-21,Platinum,2025-04-30,,True
4471,P03614,Salsabila Wijaya,amalia55@example.net,+62 (048) 590 7647,Gorontalo,2023-11-22,Gold,2023-11-22,2025-07-03,False
4472,P03614,Salsabila Wijaya,amalia55@example.net,+62 (048) 590 7647,Gorontalo,2023-11-22,Platinum,2025-07-03,,True
4473,P03615,"Lega Wacana, S.E.",nyomanutami@example.net,(0222) 022-5150,Subulussalam,2024-11-19,Basic,2024-11-19,,True
4474,P03616,Raden Wulandari,safitridariati@example.net,0837078599,Cilegon,2024-07-24,Basic,2024-07-24,,True
4475,P03617,Mala Maryati,maya42@example.com,+62 (65) 426 7565,Kendari,2023-09-09,Basic,2023-09-09,,True
4476,P03618,dr. Putri Fujiati,narpativinsen@example.net,+62 (060) 553-6530,Probolinggo,2023-01-02,Basic,2023-01-02,,True
4477,P03619,"Hj. Ira Andriani, M.TI.",luhungpalastri@example.com,+62 (001) 568 0086,Banjar,2023-04-02,Gold,2023-04-02,,True
4478,P03620,Tami Mayasari,permadiaslijan@example.com,+62-0816-195-3894,Tual,2024-11-01,Gold,2024-11-01,,True
4479,P03621,"Oliva Wastuti, M.Ak",lestaribetania@example.net,+62-069-963-1883,Cimahi,2024-05-28,Basic,2024-05-28,,True
4480,P03622,"Dt. Hendra Pangestu, S.Pt",lukman10@example.org,+62 (17) 049-2174,Tual,2024-09-16,Basic,2024-09-16,,True
4481,P03623,Heru Halim,kamaria97@example.com,+62-51-298-9243,Palembang,2024-04-24,Basic,2024-04-24,,True
4482,P03624,"Almira Wibisono, M.Pd",wulanirawan@example.org,+62-535-682-7776,Kendari,2023-06-20,Basic,2023-06-20,,True
4483,P03625,Aswani Maulana,salahudinmalika@example.com,(0460) 819-1554,Palembang,2024-07-13,Basic,2024-07-13,,True
4484,P03626,Ir. Budi Pratama,prasetyo90@example.org,+62 (647) 204-9104,Lhokseumawe,2023-11-01,Basic,2023-11-01,,True
4485,P03627,"Dr. Vanya Hutasoit, S.Pd",wahyudinpuspa@example.net,+62-210-909-8863,Malang,2023-06-30,Basic,2023-06-30,,True
4486,P03628,"Gasti Hartati, S.I.Kom",byuliarti@example.org,+62 (24) 391 9066,Sungai Penuh,2023-04-27,Basic,2023-04-27,2025-06-14,False
4487,P03628,"Gasti Hartati, S.I.Kom",byuliarti@example.org,+62 (24) 391 9066,Sungai Penuh,2023-04-27,Gold,2025-06-14,,True
4488,P03629,"Dr. Uda Kusumo, S.E.",jumadi39@example.net,+62 (093) 512-3975,Bengkulu,2023-02-09,Gold,2023-02-09,,True
4489,P03630,Wulan Prasasta,malikmarpaung@example.net,+62 (076) 806-6625,Kediri,2024-02-27,Platinum,2024-02-27,,True
4490,P03631,Yusuf Permata,uwaisvinsen@example.net,+62 (845) 251 5240,Subulussalam,2023-08-18,Basic,2023-08-18,2025-04-14,False
4491,P03631,Yusuf Permata,uwaisvinsen@example.net,+62 (845) 251 5240,Subulussalam,2023-08-18,Gold,2025-04-14,,True
4492,P03632,Cawuk Dongoran,fwastuti@example.net,0872832884,Tidore Kepulauan,2024-11-17,Basic,2024-11-17,,True
4493,P03633,drg. Endah Hidayanto,,(0337) 857-3389,Sukabumi,2024-10-11,Basic,2024-10-11,2025-10-21,False
4494,P03633,drg. Endah Hidayanto,,(0337) 857-3389,Sukabumi,2024-10-11,Gold,2025-10-21,,True
4495,P03634,R. Ami Mustofa,yulia57@example.org,+62 (023) 113-6568,Metro,2023-02-01,Basic,2023-02-01,,True
4496,P03635,"drg. Abyasa Haryanti, S.E.I",lantarnarpati@example.com,+62 (462) 877 2986,Probolinggo,2024-06-06,Basic,2024-06-06,,True
4497,P03636,drg. Gasti Situmorang,dnatsir@example.org,+62 (014) 518-1755,Manado,2024-05-07,Basic,2024-05-07,,True
4498,P03637,"Gatra Riyanti, S.Gz",bakdawacana@example.com,+62 (063) 683 1224,Tanjungbalai,2023-12-17,Platinum,2023-12-17,,True
4499,P03638,Novi Maryadi,dianfirgantoro@example.net,+62-484-311-9397,Surabaya,2023-05-08,Basic,2023-05-08,2025-03-26,False
4500,P03638,Novi Maryadi,dianfirgantoro@example.net,+62-484-311-9397,Surabaya,2023-05-08,Gold,2025-03-26,,True
4501,P03639,Puti Iriana Namaga,ghaliyati68@example.net,+62 (35) 331 4300,Singkawang,2023-05-07,Platinum,2023-05-07,,True
4502,P03640,Harimurti Napitupulu,hariyahhardana@example.com,(061) 736 1750,Kota Administrasi Jakarta Selatan,2024-07-04,Gold,2024-07-04,,True
4503,P03641,Yuni Nugroho,malapranowo@example.org,+62 (53) 939 9367,Ternate,2023-04-03,Basic,2023-04-03,,True
4504,P03642,"Devi Mandala, M.Farm",wnatsir@example.org,(0422) 974 0582,Medan,2024-06-11,Basic,2024-06-11,,True
4505,P03643,"Candra Nugroho, S.I.Kom",manullanggaman@example.net,+62-699-523-3760,Palangkaraya,2023-07-27,Basic,2023-07-27,,True
4506,P03644,Almira Situmorang,qsetiawan@example.com,(0948) 932-3708,Pekanbaru,2023-11-09,Gold,2023-11-09,2025-06-01,False
4507,P03644,Almira Situmorang,qsetiawan@example.com,(0948) 932-3708,Pekanbaru,2023-11-09,Platinum,2025-06-01,,True
4508,P03645,Olivia Pratiwi,janet26@example.org,(0661) 108 6846,Kota Administrasi Jakarta Timur,2024-09-06,Platinum,2024-09-06,,True
4509,P03646,Puti Yuliana Hakim,wlestari@example.com,+62 (177) 979 1470,Bitung,2024-03-30,Gold,2024-03-30,,True
4510,P03647,Rangga Mustofa,bella99@example.net,(0875) 624-9303,Kupang,2023-07-09,Basic,2023-07-09,2025-07-19,False
4511,P03647,Rangga Mustofa,bella99@example.net,(0875) 624-9303,Kupang,2023-07-09,Gold,2025-07-19,,True
4512,P03648,dr. Michelle Uyainah,ewastuti@example.net,(0146) 273-1029,Bekasi,2023-08-04,Basic,2023-08-04,,True
4513,P03649,Tgk. Fitriani Suwarno,maulanaoliva@example.com,+62-28-451-5524,Batu,2024-06-10,Basic,2024-06-10,,True
4514,P03650,"dr. Jaga Mahendra, S.E.I",mahdisitorus@example.com,(066) 415-0559,Dumai,2023-07-17,Basic,2023-07-17,2025-08-11,False
4515,P03650,"dr. Jaga Mahendra, S.E.I",mahdisitorus@example.com,(066) 415-0559,Dumai,2023-07-17,Gold,2025-08-11,,True
4516,P03651,Tania Puspita,kairavsantoso@example.com,(0016) 577 7105,Jayapura,2023-09-26,Basic,2023-09-26,,True
4517,P03652,Ir. Yahya Pradipta,dina39@example.net,+62 (58) 843-0051,Banda Aceh,2023-12-14,Basic,2023-12-14,,True
4518,P03653,Calista Suartini,owaskita@example.org,+62-0126-148-3694,Manado,2023-08-05,Basic,2023-08-05,,True
4519,P03654,Tgk. Oni Salahudin,plaksmiwati@example.org,086 990 0892,Bitung,2023-09-20,Platinum,2023-09-20,,True
4520,P03655,"Tgk. Mila Saefullah, M.Ak",tarihoransaiful@example.com,+62 (033) 774-8901,Cilegon,2024-11-21,Platinum,2024-11-21,,True
4521,P03656,Hamima Nababan,ratih89@example.com,+62 (362) 163 0096,Kota Administrasi Jakarta Pusat,2023-10-19,Platinum,2023-10-19,,True
4522,P03657,"Sadina Nasyidah, S.Farm",kartikawaluyo@example.org,+62 (20) 611-1274,Sabang,2024-04-07,Basic,2024-04-07,,True
4523,P03658,Damar Sihombing,owulandari@example.org,+62 (098) 520 8720,Mataram,2023-11-19,Basic,2023-11-19,,True
4524,P03659,Karen Hassanah,rahmi23@example.net,+62-486-152-8819,Jambi,2023-02-02,Basic,2023-02-02,,True
4525,P03660,Jarwa Prasasta,dariatimarbun@example.com,(091) 945 0716,Langsa,2023-09-30,Basic,2023-09-30,,True
4526,P03661,KH. Mahfud Prasetyo,dsinaga@example.net,(078) 503-8853,Palopo,2023-04-07,Gold,2023-04-07,,True
4527,P03662,"Usman Yuniar, S.Pt",wacanalulut@example.com,(0731) 992-1316,Yogyakarta,2023-07-08,Basic,2023-07-08,,True
4528,P03663,Calista Sitorus,mursitaprasetyo@example.net,(0230) 704 7549,Depok,2023-09-09,Basic,2023-09-09,2025-06-18,False
4529,P03663,Calista Sitorus,mursitaprasetyo@example.net,(0230) 704 7549,Depok,2023-09-09,Gold,2025-06-18,,True
4530,P03664,"Sutan Yosef Mangunsong, S.IP",tyulianti@example.com,+62 (0529) 916-0977,Madiun,2023-07-24,Basic,2023-07-24,,True
4531,P03665,Rahayu Hasanah,hnajmudin@example.org,(019) 510 7844,Sabang,2024-01-28,Platinum,2024-01-28,,True
4532,P03666,Banara Budiman,baktinababan@example.com,+62-411-899-6326,Cirebon,2023-08-13,Basic,2023-08-13,2025-04-30,False
4533,P03666,Banara Budiman,baktinababan@example.com,+62-411-899-6326,Cirebon,2023-08-13,Gold,2025-04-30,,True
4534,P03667,Adinata Utama,oktavianiwardaya@example.com,+62 (075) 880 1900,Makassar,2023-06-16,Basic,2023-06-16,,True
4535,P03668,Kani Budiman,ioktaviani@example.org,+62 (032) 462-2541,Palembang,2024-10-08,Basic,2024-10-08,,True
4536,P03669,Rahmi Kusmawati,jatmikohutagalung@example.net,0810574406,Probolinggo,2023-07-16,Basic,2023-07-16,,True
4537,P03670,Ami Wibowo,gadangwasita@example.org,+62 (020) 380 1302,Bogor,2024-09-03,Basic,2024-09-03,,True
4538,P03671,Eli Najmudin,sihombingalambana@example.net,(0907) 005-6750,Pekalongan,2024-04-04,Basic,2024-04-04,,True
4539,P03672,Kiandra Firgantoro,ositorus@example.com,0881847867,Kupang,2023-11-23,Basic,2023-11-23,2025-09-30,False
4540,P03672,Kiandra Firgantoro,ositorus@example.com,0881847867,Kupang,2023-11-23,Gold,2025-09-30,,True
4541,P03673,"Cinthia Wibowo, M.Farm",agus91@example.net,+62-22-032-5897,Sungai Penuh,2023-03-31,Basic,2023-03-31,,True
4542,P03674,Patricia Januar,pranowogara@example.net,+62 (0653) 937 4125,Padangpanjang,2023-10-06,Basic,2023-10-06,2025-06-08,False
4543,P03674,Patricia Januar,pranowogara@example.net,+62 (0653) 937 4125,Padangpanjang,2023-10-06,Gold,2025-06-08,,True
4544,P03675,Rahmi Suryatmi,mandasariputri@example.net,+62 (017) 029-4505,Batam,2024-11-14,Gold,2024-11-14,,True
4545,P03676,"Mulyanto Saragih, S.Psi",xlailasari@example.com,+62 (086) 211-7220,Kendari,2023-02-16,Basic,2023-02-16,2025-05-26,False
4546,P03676,"Mulyanto Saragih, S.Psi",xlailasari@example.com,+62 (086) 211-7220,Kendari,2023-02-16,Gold,2025-05-26,,True
4547,P03677,"Nrima Wibisono, S.E.",mulyanto18@example.org,+62-20-210-7291,Kotamobagu,2024-10-04,Basic,2024-10-04,,True
4548,P03678,Maya Permata,rahmawatijasmin@example.com,(072) 338-2163,Tual,2024-03-07,Platinum,2024-03-07,,True
4549,P03679,Ciaobella Simbolon,abyasanarpati@example.com,+62-066-283-6505,Payakumbuh,2024-07-30,Basic,2024-07-30,2025-04-01,False
4550,P03679,Ciaobella Simbolon,abyasanarpati@example.com,+62-066-283-6505,Payakumbuh,2024-07-30,Gold,2025-04-01,,True
4551,P03680,"Cindy Simanjuntak, S.Pt",queen92@example.net,+62-32-438-1878,Bitung,2023-05-08,Gold,2023-05-08,,True
4552,P03681,Oni Winarno,csantoso@example.org,+62 (069) 917 6745,Balikpapan,2023-02-18,Basic,2023-02-18,,True
4553,P03682,KH. Maryanto Simbolon,vwasita@example.com,+62 (0122) 825-7968,Bekasi,2023-02-16,Basic,2023-02-16,,True
4554,P03683,Aisyah Sihombing,tari87@example.com,(0141) 361 0894,Magelang,2023-01-29,Basic,2023-01-29,,True
4555,P03684,"Narji Situmorang, S.Kom",widiastutiviktor@example.com,+62 (80) 417 4515,Kediri,2023-12-16,Basic,2023-12-16,,True
4556,P03685,"Hj. Sadina Hartati, M.Kom.",gamblanganggriawan@example.com,(069) 993 2082,Jambi,2024-08-14,Basic,2024-08-14,,True
4557,P03686,"Samiah Anggraini, S.Sos",mandasarijarwadi@example.net,+62 (90) 322-6583,Mataram,2024-03-13,Basic,2024-03-13,2025-10-13,False
4558,P03686,"Samiah Anggraini, S.Sos",mandasarijarwadi@example.net,+62 (90) 322-6583,Mataram,2024-03-13,Gold,2025-10-13,,True
4559,P03687,Hardana Riyanti,nlazuardi@example.org,083 894 8258,Sungai Penuh,2024-03-18,Basic,2024-03-18,2025-07-06,False
4560,P03687,Hardana Riyanti,nlazuardi@example.org,083 894 8258,Sungai Penuh,2024-03-18,Gold,2025-07-06,,True
4561,P03688,"Lanjar Sitorus, S.Pd",,+62 (0898) 538 6816,Kota Administrasi Jakarta Pusat,2023-06-15,Platinum,2023-06-15,,True
4562,P03689,Dr. Salman Hutagalung,zamira82@example.com,(099) 859 3380,Tanjungbalai,2024-10-22,Basic,2024-10-22,,True
4563,P03690,Yusuf Nasyidah,chelseazulaika@example.com,(047) 865 7417,Prabumulih,2023-10-09,Basic,2023-10-09,,True
4564,P03691,Ir. Aisyah Permadi,mustofaputra@example.com,+62 (012) 181 1487,Bau-Bau,2023-03-29,Basic,2023-03-29,,True
4565,P03692,"R.A. Queen Wulandari, S.Pt",tpuspasari@example.net,(070) 498-1893,Bau-Bau,2023-05-24,Basic,2023-05-24,,True
4566,P03693,"Aswani Sitorus, M.Kom.",cahyadi45@example.com,(0783) 041-6099,Kediri,2024-02-20,Basic,2024-02-20,,True
4567,P03694,Usyi Wijayanti,faridaluis@example.org,+62 (0365) 925-5764,Surabaya,2024-06-22,Basic,2024-06-22,,True
4568,P03695,Siska Prabowo,yolandatira@example.org,+62-84-894-0884,Yogyakarta,2024-02-11,Basic,2024-02-11,,True
4569,P03696,Galang Fujiati,fmandasari@example.org,(023) 477 1498,Metro,2024-01-07,Basic,2024-01-07,,True
4570,P03697,"Ika Yuliarti, S.Farm",lthamrin@example.org,+62-0554-222-6129,Palu,2024-04-19,Basic,2024-04-19,,True
4571,P03698,Asmuni Lazuardi,cayadiandriani@example.org,+62 (036) 139-1459,Tangerang,2024-01-21,Basic,2024-01-21,,True
4572,P03699,dr. Harjo Situmorang,murtipudjiastuti@example.com,+62-95-225-5594,Bontang,2023-05-31,Basic,2023-05-31,2025-04-21,False
4573,P03699,dr. Harjo Situmorang,murtipudjiastuti@example.com,+62-95-225-5594,Bontang,2023-05-31,Gold,2025-04-21,,True
4574,P03700,Latif Waluyo,gnatsir@example.com,+62-994-556-6804,Sabang,2024-10-27,Platinum,2024-10-27,,True
4575,P03701,Karsa Melani,melindasafitri@example.org,(0305) 876-0866,Sukabumi,2024-11-25,Basic,2024-11-25,,True
4576,P03702,Carub Kurniawan,okto41@example.net,(081) 731 9359,Pariaman,2024-11-24,Basic,2024-11-24,2025-04-24,False
4577,P03702,Carub Kurniawan,okto41@example.net,(081) 731 9359,Pariaman,2024-11-24,Gold,2025-04-24,,True
4578,P03703,Samiah Budiyanto,namagalala@example.org,0874216053,Sibolga,2023-04-10,Basic,2023-04-10,2025-06-05,False
4579,P03703,Samiah Budiyanto,namagalala@example.org,0874216053,Sibolga,2023-04-10,Gold,2025-06-05,,True
4580,P03704,"Agnes Nuraini, S.T.",tgunarto@example.net,0875677713,Sorong,2023-10-13,Basic,2023-10-13,,True
4581,P03705,"Baktiono Budiyanto, M.Farm",winarnobakianto@example.com,+62 (90) 317-1580,Pasuruan,2024-09-06,Basic,2024-09-06,,True
4582,P03706,Kasusra Maryadi,galurrahayu@example.net,(0339) 021-1798,Palangkaraya,2024-05-06,Gold,2024-05-06,,True
4583,P03707,Eman Mahendra,prasetyo13@example.com,+62-409-695-9216,Malang,2024-04-25,Basic,2024-04-25,2025-08-25,False
4584,P03707,Eman Mahendra,prasetyo13@example.com,+62-409-695-9216,Malang,2024-04-25,Gold,2025-08-25,,True
4585,P03708,dr. Nurul Gunawan,danumardhiyah@example.net,+62 (0818) 541 1217,Padangpanjang,2024-02-01,Basic,2024-02-01,,True
4586,P03709,R.M. Surya Saefullah,wartaardianto@example.net,+62-846-898-8128,Sawahlunto,2024-07-12,Basic,2024-07-12,2025-03-24,False
4587,P03709,R.M. Surya Saefullah,wartaardianto@example.net,+62-846-898-8128,Sawahlunto,2024-07-12,Gold,2025-03-24,,True
4588,P03710,R.A. Anita Kusumo,ppurwanti@example.net,(012) 858 7739,Solok,2024-09-13,Gold,2024-09-13,,True
4589,P03711,Harjasa Mayasari,fkuswoyo@example.com,080 581 8285,Kota Administrasi Jakarta Utara,2023-08-31,Platinum,2023-08-31,,True
4590,P03712,Darmanto Kusmawati,,+62-585-455-6702,Lubuklinggau,2024-03-30,Basic,2024-03-30,2025-07-11,False
4591,P03712,Darmanto Kusmawati,,+62-585-455-6702,Lubuklinggau,2024-03-30,Gold,2025-07-11,,True
4592,P03713,Drs. Kasiyah Hardiansyah,prabowoheryanto@example.org,+62-956-422-4524,Palangkaraya,2024-06-02,Gold,2024-06-02,,True
4593,P03714,Murti Manullang,permadikenes@example.com,(0495) 469-9890,Sawahlunto,2023-09-10,Gold,2023-09-10,,True
4594,P03715,Dalima Mandasari,marasprasetyo@example.net,+62 (09) 784 3248,Tarakan,2024-08-01,Gold,2024-08-01,,True
4595,P03716,"Dr. Qori Putra, S.E.I",vharyanto@example.net,+62-0961-197-1246,Tegal,2024-05-22,Basic,2024-05-22,2025-04-07,False
4596,P03716,"Dr. Qori Putra, S.E.I",vharyanto@example.net,+62-0961-197-1246,Tegal,2024-05-22,Gold,2025-04-07,,True
4597,P03717,Salsabila Utama,mangunsongsamiah@example.com,(028) 505-0728,Tidore Kepulauan,2024-08-03,Basic,2024-08-03,,True
4598,P03718,Karna Safitri,santosotantri@example.net,+62-163-286-3620,Lhokseumawe,2023-09-14,Basic,2023-09-14,,True
4599,P03719,H. Dagel Dabukke,atma87@example.org,086 900 8707,Blitar,2024-11-23,Basic,2024-11-23,,True
4600,P03720,Violet Mayasari,kamidinprastuti@example.net,+62 (253) 407-4776,Sawahlunto,2024-04-24,Basic,2024-04-24,,True
4601,P03721,dr. Vera Oktaviani,palastrimakuta@example.com,+62 (98) 307 1025,Samarinda,2023-04-04,Basic,2023-04-04,,True
4602,P03722,"KH. Kalim Napitupulu, S.H.",yuliana39@example.net,+62-011-274-0277,Bitung,2023-10-04,Basic,2023-10-04,2025-05-16,False
4603,P03722,"KH. Kalim Napitupulu, S.H.",yuliana39@example.net,+62-011-274-0277,Bitung,2023-10-04,Gold,2025-05-16,,True
4604,P03723,Ibun Jailani,rajasaedi@example.com,(0638) 144-3884,Denpasar,2024-05-05,Basic,2024-05-05,2025-08-29,False
4605,P03723,Ibun Jailani,rajasaedi@example.com,(0638) 144-3884,Denpasar,2024-05-05,Gold,2025-08-29,,True
4606,P03724,Tina Pangestu,zuyainah@example.org,+62-83-971-9068,Bima,2023-08-24,Gold,2023-08-24,,True
4607,P03725,Hartaka Prastuti,,0806983554,Samarinda,2023-03-14,Basic,2023-03-14,,True
4608,P03726,"Hj. Wulan Mulyani, M.Ak",iannugroho@example.net,+62 (31) 674-2567,Lubuklinggau,2023-04-26,Platinum,2023-04-26,,True
4609,P03727,Reksa Pradana,rininajmudin@example.net,+62 (60) 799 9421,Gorontalo,2023-12-09,Basic,2023-12-09,,True
4610,P03728,Ir. Warsa Prabowo,hairyantomanullang@example.net,+62 (358) 376 4692,Kota Administrasi Jakarta Pusat,2024-06-29,Basic,2024-06-29,2025-04-14,False
4611,P03728,Ir. Warsa Prabowo,hairyantomanullang@example.net,+62 (358) 376 4692,Kota Administrasi Jakarta Pusat,2024-06-29,Gold,2025-04-14,,True
4612,P03729,Elma Padmasari,zyuniar@example.com,+62 (57) 762-8542,Batam,2023-02-28,Basic,2023-02-28,,True
4613,P03730,Aurora Kuswoyo,phastuti@example.net,+62 (272) 450 9695,Bontang,2024-08-11,Gold,2024-08-11,,True
4614,P03731,Asmianto Latupono,farahsirait@example.org,(008) 762 3570,Metro,2024-03-13,Basic,2024-03-13,2025-03-08,False
4615,P03731,Asmianto Latupono,farahsirait@example.org,(008) 762 3570,Metro,2024-03-13,Gold,2025-03-08,,True
4616,P03732,Qori Maryadi,puspitakayun@example.org,+62 (0184) 144-8704,Padang,2024-09-29,Basic,2024-09-29,2025-04-14,False
4617,P03732,Qori Maryadi,puspitakayun@example.org,+62 (0184) 144-8704,Padang,2024-09-29,Gold,2025-04-14,,True
4618,P03733,Atma Pertiwi,lalanurdiyanti@example.net,+62 (485) 499 1062,Tual,2023-11-22,Basic,2023-11-22,,True
4619,P03734,dr. Eko Mandasari,cager44@example.org,+62-0466-332-9618,Sungai Penuh,2023-09-25,Basic,2023-09-25,2025-06-13,False
4620,P03734,dr. Eko Mandasari,cager44@example.org,+62-0466-332-9618,Sungai Penuh,2023-09-25,Gold,2025-06-13,,True
4621,P03735,"Padmi Hastuti, M.Kom.",uyulianti@example.net,+62 (04) 521 0513,Tangerang Selatan,2024-11-28,Basic,2024-11-28,,True
4622,P03736,Jamil Widodo,cager50@example.org,0865127545,Subulussalam,2023-04-27,Basic,2023-04-27,,True
4623,P03737,Aswani Wahyudin,rahman37@example.com,+62 (871) 376-0113,Sukabumi,2024-02-28,Basic,2024-02-28,,True
4624,P03738,Rangga Yulianti,marpaungkenari@example.net,(0269) 832 5708,Medan,2023-12-13,Basic,2023-12-13,,True
4625,P03739,Calista Ardianto,dadapmustofa@example.com,+62-374-792-6103,Depok,2024-08-13,Basic,2024-08-13,,True
4626,P03740,"Ir. Paramita Saefullah, S.Ked",mustofadagel@example.org,(0169) 995 7406,Medan,2023-07-19,Basic,2023-07-19,,True
4627,P03741,Wulan Maulana,ywidodo@example.org,+62 (011) 675 1990,Ambon,2023-08-23,Gold,2023-08-23,,True
4628,P03742,Hairyanto Putra,hasna69@example.com,(015) 867 4753,Tomohon,2023-06-11,Basic,2023-06-11,,True
4629,P03743,"Unggul Prastuti, S.E.",darsirah07@example.com,0853552854,Manado,2024-11-28,Gold,2024-11-28,2025-05-31,False
4630,P03743,"Unggul Prastuti, S.E.",darsirah07@example.com,0853552854,Manado,2024-11-28,Platinum,2025-05-31,,True
4631,P03744,Lembah Simbolon,owibisono@example.com,+62-031-224-7372,Cirebon,2024-04-02,Gold,2024-04-02,,True
4632,P03745,drg. Ade Nuraini,phidayanto@example.org,+62-053-073-8732,Semarang,2024-07-15,Basic,2024-07-15,,True
4633,P03746,Ami Natsir,tambasari@example.net,(021) 637-5225,Bogor,2023-05-28,Basic,2023-05-28,2025-03-15,False
4634,P03746,Ami Natsir,tambasari@example.net,(021) 637-5225,Bogor,2023-05-28,Gold,2025-03-15,,True
4635,P03747,Yunita Hakim,jailanicahyo@example.com,+62 (013) 023-6955,Cilegon,2023-08-07,Basic,2023-08-07,,True
4636,P03748,Jabal Wulandari,dsuryatmi@example.org,+62 (022) 514-3284,Binjai,2024-05-30,Basic,2024-05-30,,True
4637,P03749,Harsana Manullang,haryantokariman@example.com,+62 (32) 380 0082,Surabaya,2024-06-09,Basic,2024-06-09,2025-07-26,False
4638,P03749,Harsana Manullang,haryantokariman@example.com,+62 (32) 380 0082,Surabaya,2024-06-09,Gold,2025-07-26,,True
4639,P03750,Lembah Safitri,mnajmudin@example.org,+62-003-533-7050,Kota Administrasi Jakarta Pusat,2023-06-04,Basic,2023-06-04,,True
4640,P03751,Silvia Waluyo,putu56@example.com,+62-88-158-6526,Bandung,2024-03-01,Basic,2024-03-01,,True
4641,P03752,"dr. Alika Suwarno, S.Kom",usitumorang@example.net,+62 (0962) 589 4104,Pangkalpinang,2023-06-27,Basic,2023-06-27,2025-04-14,False
4642,P03752,"dr. Alika Suwarno, S.Kom",usitumorang@example.net,+62 (0962) 589 4104,Pangkalpinang,2023-06-27,Gold,2025-04-14,,True
4643,P03753,Hamima Saptono,dipanurdiyanti@example.com,(0029) 290 7720,Palopo,2023-04-04,Basic,2023-04-04,2025-04-19,False
4644,P03753,Hamima Saptono,dipanurdiyanti@example.com,(0029) 290 7720,Palopo,2023-04-04,Gold,2025-04-19,,True
4645,P03754,Septi Narpati,ayuanggraini@example.org,+62 (010) 777 7919,Ternate,2023-01-12,Gold,2023-01-12,,True
4646,P03755,Anita Namaga,fnuraini@example.com,+62 (683) 523-1465,Cimahi,2024-04-22,Basic,2024-04-22,2025-10-02,False
4647,P03755,Anita Namaga,fnuraini@example.com,+62 (683) 523-1465,Cimahi,2024-04-22,Gold,2025-10-02,,True
4648,P03756,Marsudi Yuliarti,mandalabakiono@example.org,(0716) 293-3696,Singkawang,2023-01-03,Gold,2023-01-03,,True
4649,P03757,"Puti Lili Siregar, S.Gz",prayogaaris@example.net,+62 (0151) 637-0026,Sabang,2023-06-02,Basic,2023-06-02,,True
4650,P03758,Kemal Prabowo,prakosa13@example.com,+62 (006) 498-5643,Dumai,2023-10-14,Basic,2023-10-14,,True
4651,P03759,Himawan Santoso,nrima77@example.org,+62 (092) 643-0314,Metro,2023-08-13,Basic,2023-08-13,,True
4652,P03760,Okto Hassanah,maryatiulva@example.org,0870176442,Kota Administrasi Jakarta Timur,2024-01-10,Platinum,2024-01-10,,True
4653,P03761,Abyasa Megantara,nwibowo@example.net,+62-0955-692-0850,Bukittinggi,2023-12-17,Basic,2023-12-17,,True
4654,P03762,Jabal Jailani,sudiatikasiyah@example.org,+62-689-760-6463,Banjar,2023-05-26,Basic,2023-05-26,,True
4655,P03763,Salsabila Siregar,hasim10@example.com,+62-0608-626-6095,Blitar,2023-06-30,Basic,2023-06-30,,True
4656,P03764,Farhunnisa Hakim,wira87@example.org,(094) 544 2061,Mojokerto,2024-09-12,Basic,2024-09-12,2025-08-07,False
4657,P03764,Farhunnisa Hakim,wira87@example.org,(094) 544 2061,Mojokerto,2024-09-12,Gold,2025-08-07,,True
4658,P03765,Harimurti Maryadi,kemalsetiawan@example.com,+62-0242-088-3040,Langsa,2024-04-27,Basic,2024-04-27,,True
4659,P03766,"Cut Ophelia Nababan, S.I.Kom",caket69@example.org,+62-0427-790-1026,Bandung,2023-11-29,Basic,2023-11-29,,True
4660,P03767,"Puti Widodo, S.Pd",laswimansur@example.net,0883447555,Kota Administrasi Jakarta Timur,2024-09-30,Gold,2024-09-30,,True
4661,P03768,"Ir. Tirta Mahendra, S.E.I",dindasusanti@example.net,+62 (0932) 214-8795,Dumai,2024-02-21,Gold,2024-02-21,,True
4662,P03769,"Elon Nashiruddin, S.Kom",simanjuntakwirda@example.com,(046) 761-1428,Denpasar,2023-03-24,Basic,2023-03-24,,True
4663,P03770,"Pangestu Tarihoran, S.IP",paulinmardhiyah@example.org,(0546) 425 3256,Tual,2023-10-18,Platinum,2023-10-18,,True
4664,P03771,Daliono Nashiruddin,fpangestu@example.net,+62 (33) 090-5695,Pematangsiantar,2023-04-29,Platinum,2023-04-29,,True
4665,P03772,Dr. Puti Maryadi,yessi43@example.com,+62-0017-917-8122,Tasikmalaya,2023-10-08,Gold,2023-10-08,,True
4666,P03773,Warta Damanik,wirawastuti@example.net,+62-0081-497-5840,Banjarmasin,2023-08-15,Basic,2023-08-15,,True
4667,P03774,Atmaja Maheswara,omarsimbolon@example.org,(0865) 462 9543,Kupang,2024-04-16,Basic,2024-04-16,,True
4668,P03775,Purwanto Winarno,qriyanti@example.com,(0688) 932-6919,Blitar,2023-07-17,Basic,2023-07-17,,True
4669,P03776,Slamet Kuswandari,gina90@example.org,+62 (78) 857-4723,Surakarta,2024-02-15,Platinum,2024-02-15,,True
4670,P03777,"drg. Laswi Hutapea, S.E.",rajatazulaikha@example.org,+62-86-091-5165,Dumai,2023-10-29,Basic,2023-10-29,,True
4671,P03778,Iriana Budiyanto,lsitompul@example.com,+62-87-776-8142,Kota Administrasi Jakarta Utara,2023-02-20,Basic,2023-02-20,,True
4672,P03779,Ir. Maria Susanti,purnawatijasmani@example.com,+62 (004) 104 6729,Kendari,2023-06-28,Gold,2023-06-28,,True
4673,P03780,"Parman Anggraini, S.H.",gambiramanullang@example.org,+62 (091) 539 0275,Makassar,2023-02-26,Basic,2023-02-26,2025-04-20,False
4674,P03780,"Parman Anggraini, S.H.",gambiramanullang@example.org,+62 (091) 539 0275,Makassar,2023-02-26,Gold,2025-04-20,,True
4675,P03781,Belinda Marbun,ehardiansyah@example.com,+62 (022) 673 8495,Sibolga,2023-03-22,Gold,2023-03-22,,True
4676,P03782,Hj. Genta Mangunsong,maheswaramulya@example.net,+62 (082) 494-1276,Tarakan,2024-06-03,Basic,2024-06-03,,True
4677,P03783,Dartono Sitorus,setyautami@example.net,+62 (073) 228-6368,Sorong,2023-05-09,Basic,2023-05-09,,True
4678,P03784,"Dt. Adinata Iswahyudi, M.Kom.",siraitharjasa@example.com,+62 (0213) 009 6334,Batam,2024-03-11,Gold,2024-03-11,,True
4679,P03785,KH. Dasa Situmorang,zahrasinaga@example.org,(004) 320-3780,Bukittinggi,2024-10-16,Basic,2024-10-16,,True
4680,P03786,Elisa Sihombing,uwaiseka@example.org,+62 (059) 451 0817,Pekanbaru,2024-09-22,Gold,2024-09-22,2025-05-17,False
4681,P03786,Elisa Sihombing,uwaiseka@example.org,+62 (059) 451 0817,Pekanbaru,2024-09-22,Platinum,2025-05-17,,True
4682,P03787,dr. Lasmono Maulana,ksimanjuntak@example.com,+62 (057) 602 8019,Palu,2023-05-06,Basic,2023-05-06,,True
4683,P03788,"Yunita Puspasari, S.Pt",hasimharyanto@example.com,+62-296-656-9331,Pontianak,2024-03-19,Basic,2024-03-19,2025-04-20,False
4684,P03788,"Yunita Puspasari, S.Pt",hasimharyanto@example.com,+62-296-656-9331,Pontianak,2024-03-19,Gold,2025-04-20,,True
4685,P03789,dr. Julia Habibi,qsihombing@example.net,+62 (034) 871 1115,Bandar Lampung,2023-07-02,Basic,2023-07-02,,True
4686,P03790,KH. Mustofa Nasyiah,ajionowulandari@example.com,+62 (51) 548-6419,Parepare,2023-04-16,Basic,2023-04-16,,True
4687,P03791,Dariati Tarihoran,daliononajmudin@example.org,+62 (016) 995-7299,Padangpanjang,2024-03-10,Basic,2024-03-10,,True
4688,P03792,Uda Irawan,nalarutama@example.com,+62 (15) 213 8889,Padang Sidempuan,2023-10-12,Basic,2023-10-12,2025-03-22,False
4689,P03792,Uda Irawan,nalarutama@example.com,+62 (15) 213 8889,Padang Sidempuan,2023-10-12,Gold,2025-03-22,,True
4690,P03793,Najam Ardianto,gwulandari@example.org,+62 (631) 026-8273,Ambon,2024-03-21,Basic,2024-03-21,,True
4691,P03794,Salsabila Pratama,makuta28@example.net,+62-723-720-9026,Gorontalo,2024-06-22,Basic,2024-06-22,,True
4692,P03795,Jumadi Oktaviani,nainggolanyuni@example.net,+62 (44) 239-6420,Serang,2024-11-03,Basic,2024-11-03,,True
4693,P03796,Nalar Halimah,wakiman41@example.org,+62-34-918-4785,Bima,2024-11-11,Basic,2024-11-11,,True
4694,P03797,Harjasa Pertiwi,gangsarhartati@example.net,+62 (078) 057 1830,Malang,2023-06-16,Basic,2023-06-16,,True
4695,P03798,Prabawa Hastuti,zmahendra@example.net,(063) 612-6298,Parepare,2023-06-17,Gold,2023-06-17,,True
4696,P03799,Warji Iswahyudi,jakawidodo@example.net,+62 (30) 483-0960,Tidore Kepulauan,2024-08-23,Gold,2024-08-23,,True
4697,P03800,Diana Nuraini,rpudjiastuti@example.org,0833780930,Solok,2024-03-13,Basic,2024-03-13,,True
4698,P03801,Edi Pangestu,lutama@example.com,+62-04-233-6896,Bengkulu,2024-10-14,Basic,2024-10-14,,True
4699,P03802,Alika Maryadi,tampubolondamar@example.com,+62 (078) 697 8355,Dumai,2023-06-22,Basic,2023-06-22,,True
4700,P03803,"drg. Gabriella Marbun, S.Ked",qrahmawati@example.org,+62 (240) 057-8455,Denpasar,2024-03-31,Gold,2024-03-31,,True
4701,P03804,Raisa Nugroho,muhammad79@example.net,+62-41-862-6009,Padangpanjang,2024-11-30,Platinum,2024-11-30,,True
4702,P03805,Jarwa Saragih,kusmawatiifa@example.org,+62 (051) 219 0624,Salatiga,2023-03-24,Gold,2023-03-24,,True
4703,P03806,Silvia Tampubolon,bellawibisono@example.com,080 291 3363,Makassar,2024-01-06,Gold,2024-01-06,,True
4704,P03807,Prakosa Novitasari,emas73@example.net,+62 (0074) 378-2731,Pontianak,2024-08-26,Basic,2024-08-26,,True
4705,P03808,Cut Ulva Pratiwi,xusamah@example.org,+62 (030) 627-5451,Padang Sidempuan,2024-04-01,Basic,2024-04-01,,True
4706,P03809,Kalim Sihombing,yuniartugiman@example.org,+62-15-914-4556,Tanjungpinang,2023-06-06,Basic,2023-06-06,,True
4707,P03810,"H. Ikin Hidayanto, S.E.",pradanaratna@example.org,+62-275-366-8568,Cirebon,2023-07-08,Gold,2023-07-08,2025-08-30,False
4708,P03810,"H. Ikin Hidayanto, S.E.",pradanaratna@example.org,+62-275-366-8568,Cirebon,2023-07-08,Platinum,2025-08-30,,True
4709,P03811,"Lantar Habibi, S.T.",unjaniusamah@example.net,082 845 7402,Jayapura,2023-04-06,Basic,2023-04-06,2025-07-06,False
4710,P03811,"Lantar Habibi, S.T.",unjaniusamah@example.net,082 845 7402,Jayapura,2023-04-06,Gold,2025-07-06,,True
4711,P03812,Ajeng Aryani,haryantowardi@example.net,(045) 932 5145,Tarakan,2024-08-27,Basic,2024-08-27,,True
4712,P03813,Dt. Pandu Hariyah,yhariyah@example.org,+62-084-028-3434,Mataram,2023-07-24,Basic,2023-07-24,,True
4713,P03814,Rangga Pertiwi,kuswandarizamira@example.org,(032) 319 0080,Surakarta,2023-06-15,Basic,2023-06-15,2025-04-07,False
4714,P03814,Rangga Pertiwi,kuswandarizamira@example.org,(032) 319 0080,Surakarta,2023-06-15,Gold,2025-04-07,,True
4715,P03815,Tgk. Ajeng Rahmawati,salahudinsakura@example.org,+62 (0488) 517-2611,Banjar,2023-09-07,Basic,2023-09-07,2025-04-19,False
4716,P03815,Tgk. Ajeng Rahmawati,salahudinsakura@example.org,+62 (0488) 517-2611,Banjar,2023-09-07,Gold,2025-04-19,,True
4717,P03816,Ir. Eli Nashiruddin,pharyanto@example.org,(0886) 123-1807,Tanjungbalai,2024-05-03,Basic,2024-05-03,,True
4718,P03817,"drg. Cemani Permata, S.Ked",halimwarsita@example.net,+62 (0439) 475-5597,Jambi,2024-05-14,Basic,2024-05-14,,True
4719,P03818,Almira Natsir,saefullahirwan@example.org,+62-073-573-7902,Makassar,2023-04-20,Basic,2023-04-20,,True
4720,P03819,Iriana Pertiwi,salmansaragih@example.org,+62 (09) 330 7546,Tangerang Selatan,2024-03-08,Basic,2024-03-08,,True
4721,P03820,Mahfud Mandasari,manullangdaruna@example.net,+62 (19) 550-1828,Pagaralam,2023-01-07,Basic,2023-01-07,,True
4722,P03821,"KH. Dirja Mandala, S.Sos",ismail09@example.org,(0929) 613-4466,Yogyakarta,2024-09-05,Gold,2024-09-05,2025-03-28,False
4723,P03821,"KH. Dirja Mandala, S.Sos",ismail09@example.org,(0929) 613-4466,Yogyakarta,2024-09-05,Platinum,2025-03-28,,True
4724,P03822,Gilda Saefullah,saragihluluh@example.org,(054) 535 6219,Lubuklinggau,2024-09-05,Basic,2024-09-05,2025-08-23,False
4725,P03822,Gilda Saefullah,saragihluluh@example.org,(054) 535 6219,Lubuklinggau,2024-09-05,Gold,2025-08-23,,True
4726,P03823,Emong Widodo,olivadabukke@example.org,(0424) 357-2648,Balikpapan,2024-07-09,Basic,2024-07-09,,True
4727,P03824,"Budi Pranowo, S.Gz",luispalastri@example.org,086 330 0136,Bandung,2024-04-15,Basic,2024-04-15,,True
4728,P03825,Cinthia Mulyani,genta99@example.org,+62 (071) 587 0170,Kotamobagu,2023-10-24,Platinum,2023-10-24,,True
4729,P03826,Dian Usada,ramadanjatmiko@example.org,+62-996-175-7667,Tarakan,2024-01-02,Basic,2024-01-02,,True
4730,P03827,"dr. Artanto Prakasa, M.Farm",flaksmiwati@example.net,088 675 7856,Probolinggo,2023-05-17,Platinum,2023-05-17,,True
4731,P03828,Dr. Raditya Pratama,dirjalestari@example.org,0815803561,Pangkalpinang,2023-06-11,Basic,2023-06-11,,True
4732,P03829,Najam Pradipta,halimmustika@example.com,(071) 720-9830,Kota Administrasi Jakarta Pusat,2023-11-19,Basic,2023-11-19,,True
4733,P03830,KH. Jindra Winarsih,dina65@example.net,0859302598,Bogor,2024-07-08,Basic,2024-07-08,2025-06-27,False
4734,P03830,KH. Jindra Winarsih,dina65@example.net,0859302598,Bogor,2024-07-08,Gold,2025-06-27,,True
4735,P03831,"Puti Tami Maryadi, S.E.",auyainah@example.org,+62 (0187) 202 3677,Prabumulih,2024-02-02,Gold,2024-02-02,,True
4736,P03832,Kiandra Mustofa,hafshah57@example.com,+62-47-137-5261,Pariaman,2023-09-15,Gold,2023-09-15,2025-09-02,False
4737,P03832,Kiandra Mustofa,hafshah57@example.com,+62-47-137-5261,Pariaman,2023-09-15,Platinum,2025-09-02,,True
4738,P03833,Vera Siregar,sidiq35@example.net,+62-0632-672-7485,Madiun,2024-09-02,Basic,2024-09-02,,True
4739,P03834,Atma Hasanah,yhutagalung@example.net,0878379695,Metro,2024-11-01,Gold,2024-11-01,2025-09-06,False
4740,P03834,Atma Hasanah,yhutagalung@example.net,0878379695,Metro,2024-11-01,Platinum,2025-09-06,,True
4741,P03835,Karimah Widiastuti,prabu79@example.com,+62-25-429-3048,Tanjungpinang,2024-11-10,Basic,2024-11-10,,True
4742,P03836,Ir. Lukita Winarno,rprakasa@example.com,+62 (317) 791-2631,Jambi,2023-09-15,Basic,2023-09-15,,True
4743,P03837,Nova Gunawan,nabilasalahudin@example.net,+62-68-904-8153,Purwokerto,2024-04-09,Basic,2024-04-09,,True
4744,P03838,"Ciaobella Mandala, S.E.I",respati66@example.org,(0813) 998-3963,Batu,2023-09-13,Basic,2023-09-13,2025-08-20,False
4745,P03838,"Ciaobella Mandala, S.E.I",respati66@example.org,(0813) 998-3963,Batu,2023-09-13,Gold,2025-08-20,,True
4746,P03839,"R. Endah Widodo, S.H.",hpradana@example.org,+62-0655-086-5192,Balikpapan,2024-02-10,Basic,2024-02-10,,True
4747,P03840,R. Yessi Uwais,tantri24@example.com,+62-036-354-8916,Madiun,2023-10-06,Basic,2023-10-06,,True
4748,P03841,"H. Jayeng Hakim, S.IP",hnurdiyanti@example.com,+62-04-861-4530,Pekanbaru,2024-08-08,Platinum,2024-08-08,,True
4749,P03842,Jarwadi Laksita,habibikanda@example.net,+62-220-910-3265,Mojokerto,2024-02-24,Basic,2024-02-24,2025-10-01,False
4750,P03842,Jarwadi Laksita,habibikanda@example.net,+62-220-910-3265,Mojokerto,2024-02-24,Gold,2025-10-01,,True
4751,P03843,"Ir. Ajiono Zulkarnain, S.Ked",purnawatigamanto@example.net,(0396) 668 5600,Prabumulih,2023-08-01,Basic,2023-08-01,2025-10-13,False
4752,P03843,"Ir. Ajiono Zulkarnain, S.Ked",purnawatigamanto@example.net,(0396) 668 5600,Prabumulih,2023-08-01,Gold,2025-10-13,,True
4753,P03844,Zalindra Oktaviani,osalahudin@example.net,+62 (0753) 060 3140,Dumai,2024-06-17,Basic,2024-06-17,2025-03-11,False
4754,P03844,Zalindra Oktaviani,osalahudin@example.net,+62 (0753) 060 3140,Dumai,2024-06-17,Gold,2025-03-11,,True
4755,P03845,Aslijan Lestari,harjo85@example.com,+62 (50) 477 6600,Bitung,2023-12-05,Basic,2023-12-05,,True
4756,P03846,"Ida Prasasta, S.Pd",aslijan74@example.net,+62 (0141) 507-2541,Manado,2023-06-25,Basic,2023-06-25,,True
4757,P03847,Luwes Nasyiah,wastutibudi@example.net,+62-85-926-6213,Banjar,2024-01-21,Basic,2024-01-21,2025-04-30,False
4758,P03847,Luwes Nasyiah,wastutibudi@example.net,+62-85-926-6213,Banjar,2024-01-21,Gold,2025-04-30,,True
4759,P03848,Murti Wasita,ekasitompul@example.net,+62 (274) 684-0913,Solok,2023-11-17,Basic,2023-11-17,,True
4760,P03849,Sutan Harto Wulandari,qpermata@example.org,+62 (080) 849 3258,Jambi,2024-07-13,Gold,2024-07-13,,True
4761,P03850,"H. Harja Rajata, S.Pd",irma12@example.com,+62-41-910-9108,Gorontalo,2024-06-24,Basic,2024-06-24,,True
4762,P03851,"Cut Tantri Mandasari, S.H.",mutia71@example.org,(0355) 496-3731,Cimahi,2023-12-06,Basic,2023-12-06,,True
4763,P03852,Raisa Saputra,wgunarto@example.com,(0815) 616-1749,Tebingtinggi,2024-10-13,Basic,2024-10-13,,True
4764,P03853,"Cut Zahra Wahyudin, S.Psi",nhardiansyah@example.net,+62 (041) 045-1550,Tanjungpinang,2023-12-07,Basic,2023-12-07,,True
4765,P03854,"Dr. Farah Hastuti, S.Sos",siti84@example.org,(086) 684-8446,Solok,2023-05-25,Basic,2023-05-25,,True
4766,P03855,Pia Pradipta,rnuraini@example.net,+62 (034) 691 3706,Padang,2023-02-03,Basic,2023-02-03,2025-06-23,False
4767,P03855,Pia Pradipta,rnuraini@example.net,+62 (034) 691 3706,Padang,2023-02-03,Gold,2025-06-23,,True
4768,P03856,"drg. Azalea Sihotang, S.Sos",wacanailsa@example.org,+62 (064) 667-2404,Bontang,2024-05-20,Basic,2024-05-20,,True
4769,P03857,Dodo Salahudin,raden24@example.com,(013) 398-5796,Bitung,2023-05-15,Platinum,2023-05-15,,True
4770,P03858,T. Ikin Winarsih,najmudinolga@example.com,0885437828,Semarang,2023-10-12,Basic,2023-10-12,,True
4771,P03859,Opan Pertiwi,kasusrakurniawan@example.org,+62 (39) 248 3964,Samarinda,2023-02-11,Platinum,2023-02-11,,True
4772,P03860,Wawan Nainggolan,luwar29@example.com,+62-084-129-9621,Langsa,2023-12-22,Basic,2023-12-22,,True
4773,P03861,Gading Ramadan,caturangga68@example.com,+62 (809) 012 0530,Payakumbuh,2023-11-18,Gold,2023-11-18,,True
4774,P03862,"Dr. Ami Maulana, M.TI.",tiara02@example.com,+62-039-895-8980,Pontianak,2023-10-21,Basic,2023-10-21,,True
4775,P03863,Dr. Maida Gunawan,puspitacinthia@example.org,+62-0448-099-8945,Bitung,2024-10-20,Basic,2024-10-20,,True
4776,P03864,Cawuk Kuswandari,astutirendy@example.com,0815375377,Pasuruan,2023-07-14,Basic,2023-07-14,2025-08-02,False
4777,P03864,Cawuk Kuswandari,astutirendy@example.com,0815375377,Pasuruan,2023-07-14,Gold,2025-08-02,,True
4778,P03865,"drg. Zaenab Hidayanto, S.T.",ydongoran@example.org,(051) 085-2827,Banda Aceh,2023-09-28,Basic,2023-09-28,,True
4779,P03866,Rendy Wacana,victoria38@example.org,+62-017-449-4271,Tanjungpinang,2024-08-01,Basic,2024-08-01,,True
4780,P03867,"dr. Gara Hardiansyah, M.Ak",flailasari@example.net,+62-543-614-8543,Bogor,2024-02-18,Basic,2024-02-18,,True
4781,P03868,Puput Simbolon,sudiatidwi@example.org,+62-340-227-0093,Medan,2024-09-20,Basic,2024-09-20,,True
4782,P03869,Intan Pratama,ddongoran@example.com,(023) 312-1033,Tarakan,2023-06-30,Gold,2023-06-30,2025-08-29,False
4783,P03869,Intan Pratama,ddongoran@example.com,(023) 312-1033,Tarakan,2023-06-30,Platinum,2025-08-29,,True
4784,P03870,Agnes Pangestu,qandriani@example.org,+62 (061) 778 9784,Meulaboh,2023-02-17,Basic,2023-02-17,2025-08-15,False
4785,P03870,Agnes Pangestu,qandriani@example.org,+62 (061) 778 9784,Meulaboh,2023-02-17,Gold,2025-08-15,,True
4786,P03871,"Malik Wijayanti, S.Kom",rendymaulana@example.com,+62 (21) 453 4124,Bekasi,2023-06-15,Basic,2023-06-15,,True
4787,P03872,Artanto Zulaika,dindauwais@example.net,+62 (020) 478 2004,Langsa,2023-09-19,Gold,2023-09-19,,True
4788,P03873,Diana Rajasa,prasetya58@example.net,+62 (0368) 880-9049,Kediri,2024-08-28,Basic,2024-08-28,,True
4789,P03874,R.A. Tira Halimah,restu20@example.org,+62 (654) 329-9848,Kota Administrasi Jakarta Selatan,2023-10-25,Gold,2023-10-25,,True
4790,P03875,Nadia Waluyo,wnapitupulu@example.com,(070) 356 8379,Bau-Bau,2024-06-07,Basic,2024-06-07,,True
4791,P03876,Rini Suryono,simanjuntakpurwanto@example.org,+62 (551) 509-1741,Metro,2023-09-28,Basic,2023-09-28,,True
4792,P03877,Clara Situmorang,lzulaika@example.com,+62 (62) 893 4743,Magelang,2023-04-26,Basic,2023-04-26,,True
4793,P03878,R.A. Ana Maryadi,wibisonokurnia@example.org,(087) 073-1242,Denpasar,2023-09-03,Basic,2023-09-03,,True
4794,P03879,Sakti Jailani,sakawahyudin@example.net,(0317) 571-1963,Serang,2023-02-08,Basic,2023-02-08,,True
4795,P03880,Carla Sihombing,waluyocarla@example.net,+62-0319-029-7971,Batam,2023-03-13,Gold,2023-03-13,,True
4796,P03881,Yahya Mangunsong,suryatmitari@example.com,(0188) 155 2386,Makassar,2024-10-18,Basic,2024-10-18,,True
4797,P03882,Diana Halimah,kartika78@example.net,+62-448-690-2109,Solok,2024-09-01,Gold,2024-09-01,,True
4798,P03883,Najib Winarno,nyoman29@example.org,(068) 347 9463,Bengkulu,2023-07-15,Basic,2023-07-15,,True
4799,P03884,Gaman Sinaga,rendy96@example.com,(0896) 772 5707,Makassar,2024-05-15,Basic,2024-05-15,2025-07-11,False
4800,P03884,Gaman Sinaga,rendy96@example.com,(0896) 772 5707,Makassar,2024-05-15,Gold,2025-07-11,,True
4801,P03885,Drs. Asmadi Hakim,prasetyabalijan@example.org,+62 (032) 600 1906,Tangerang,2023-02-27,Gold,2023-02-27,,True
4802,P03886,"Sutan Drajat Marpaung, S.Gz",wisnupertiwi@example.net,+62 (0402) 763 4756,Lhokseumawe,2024-07-17,Basic,2024-07-17,2025-04-11,False
4803,P03886,"Sutan Drajat Marpaung, S.Gz",wisnupertiwi@example.net,+62 (0402) 763 4756,Lhokseumawe,2024-07-17,Gold,2025-04-11,,True
4804,P03887,Karman Mayasari,sarah17@example.com,+62-0393-192-1560,Parepare,2023-09-26,Basic,2023-09-26,2025-04-23,False
4805,P03887,Karman Mayasari,sarah17@example.com,+62-0393-192-1560,Parepare,2023-09-26,Gold,2025-04-23,,True
4806,P03888,R.M. Gangsar Zulkarnain,nyanasirait@example.com,(0738) 627-6027,Samarinda,2023-10-21,Basic,2023-10-21,2025-04-16,False
4807,P03888,R.M. Gangsar Zulkarnain,nyanasirait@example.com,(0738) 627-6027,Samarinda,2023-10-21,Gold,2025-04-16,,True
4808,P03889,R. Ina Napitupulu,eka68@example.net,+62 (346) 774 0963,Banda Aceh,2023-04-08,Basic,2023-04-08,2025-09-15,False
4809,P03889,R. Ina Napitupulu,eka68@example.net,+62 (346) 774 0963,Banda Aceh,2023-04-08,Gold,2025-09-15,,True
4810,P03890,Melinda Hutapea,syahrini19@example.net,+62 (088) 748-0029,Tasikmalaya,2024-03-28,Basic,2024-03-28,2025-06-23,False
4811,P03890,Melinda Hutapea,syahrini19@example.net,+62 (088) 748-0029,Tasikmalaya,2024-03-28,Gold,2025-06-23,,True
4812,P03891,Indah Ramadan,cengkalrahmawati@example.com,+62-0388-060-2490,Lhokseumawe,2023-03-20,Basic,2023-03-20,,True
4813,P03892,"Sutan Makara Prastuti, M.Pd",balijangunawan@example.net,+62 (201) 695 2347,Cilegon,2023-03-02,Basic,2023-03-02,,True
4814,P03893,"dr. Rafid Fujiati, S.I.Kom",budi42@example.com,+62 (934) 316 5621,Bontang,2024-10-05,Basic,2024-10-05,,True
4815,P03894,Marsudi Zulkarnain,akusmawati@example.net,(044) 371-9280,Sorong,2024-03-26,Basic,2024-03-26,,True
4816,P03895,Shania Maryadi,yolandagadang@example.com,+62-130-722-9599,Gorontalo,2023-12-19,Gold,2023-12-19,,True
4817,P03896,Vino Mandala,cagakkuswoyo@example.com,(0927) 607-1341,Manado,2023-12-12,Platinum,2023-12-12,,True
4818,P03897,Gilda Rahmawati,adinataputra@example.com,0845125287,Kediri,2024-11-23,Gold,2024-11-23,,True
4819,P03898,"Cindy Saputra, M.Ak",satyapermata@example.net,+62 (83) 905-9278,Salatiga,2024-05-28,Basic,2024-05-28,2025-05-13,False
4820,P03898,"Cindy Saputra, M.Ak",satyapermata@example.net,+62 (83) 905-9278,Salatiga,2024-05-28,Gold,2025-05-13,,True
4821,P03899,Karna Halim,ira39@example.net,0855654250,Sorong,2023-01-24,Basic,2023-01-24,,True
4822,P03900,"Nardi Utami, S.IP",kasiransantoso@example.net,(0110) 700 0082,Tual,2024-06-12,Gold,2024-06-12,,True
4823,P03901,Eva Sinaga,fandriani@example.org,+62-055-460-7590,Batu,2024-02-25,Basic,2024-02-25,2025-03-15,False
4824,P03901,Eva Sinaga,fandriani@example.org,+62-055-460-7590,Batu,2024-02-25,Gold,2025-03-15,,True
4825,P03902,Carub Suwarno,nasyiahyono@example.net,(027) 844 0850,Lubuklinggau,2024-10-03,Basic,2024-10-03,,True
4826,P03903,Mila Uwais,zalindrasuwarno@example.org,+62 (29) 123 4063,Serang,2024-01-13,Gold,2024-01-13,,True
4827,P03904,Siti Prastuti,arahimah@example.net,0837985793,Binjai,2023-06-01,Basic,2023-06-01,,True
4828,P03905,"Umaya Wibowo, S.Pt",salahudinbakidin@example.net,+62 (73) 471 9160,Meulaboh,2024-07-03,Gold,2024-07-03,,True
4829,P03906,"Wardaya Sihombing, S.Psi",cayadikuswandari@example.net,+62-039-840-8769,Ternate,2024-08-22,Basic,2024-08-22,,True
4830,P03907,Ade Anggriawan,gilang38@example.net,(0635) 026-7957,Meulaboh,2024-01-29,Gold,2024-01-29,,True
4831,P03908,Indah Sihotang,wardimandasari@example.net,+62-16-045-4777,Parepare,2023-01-12,Basic,2023-01-12,,True
4832,P03909,Jono Aryani,hidayantoheru@example.org,0835383742,Tangerang Selatan,2024-04-12,Basic,2024-04-12,2025-08-27,False
4833,P03909,Jono Aryani,hidayantoheru@example.org,0835383742,Tangerang Selatan,2024-04-12,Gold,2025-08-27,,True
4834,P03910,"Puput Purnawati, S.E.",ydabukke@example.com,081 632 2380,Magelang,2023-09-18,Basic,2023-09-18,,True
4835,P03911,"Kamila Agustina, M.Pd",patriciarajasa@example.org,+62-872-074-2033,Tasikmalaya,2024-02-17,Basic,2024-02-17,,True
4836,P03912,Ade Damanik,zahraanggriawan@example.org,+62 (099) 050 4869,Sorong,2024-08-09,Basic,2024-08-09,,True
4837,P03913,Rosman Marbun,bdongoran@example.org,080 030 2546,Pekalongan,2023-02-20,Basic,2023-02-20,,True
4838,P03914,"R. Xanana Sudiati, S.I.Kom",mutialazuardi@example.net,+62 (11) 202 6678,Sorong,2024-10-17,Gold,2024-10-17,,True
4839,P03915,"T. Empluk Hidayat, S.T.",jagaraga65@example.com,+62-90-742-8641,Yogyakarta,2024-06-17,Gold,2024-06-17,2025-03-10,False
4840,P03915,"T. Empluk Hidayat, S.T.",jagaraga65@example.com,+62-90-742-8641,Yogyakarta,2024-06-17,Platinum,2025-03-10,,True
4841,P03916,"Patricia Wacana, S.IP",xagustina@example.org,+62 (341) 969-3659,Palangkaraya,2023-04-23,Basic,2023-04-23,,True
4842,P03917,Indra Laksmiwati,darmanasaragih@example.net,+62 (027) 615-3955,Banjarbaru,2023-03-18,Basic,2023-03-18,,True
4843,P03918,Gaiman Saptono,harsantonasyiah@example.com,+62 (03) 143-3885,Solok,2024-09-19,Basic,2024-09-19,,True
4844,P03919,"Hamzah Salahudin, S.H.",dwasita@example.com,+62 (0155) 628 7282,Lhokseumawe,2024-05-26,Gold,2024-05-26,2025-09-16,False
4845,P03919,"Hamzah Salahudin, S.H.",dwasita@example.com,+62 (0155) 628 7282,Lhokseumawe,2024-05-26,Platinum,2025-09-16,,True
4846,P03920,Diah Saefullah,qwinarsih@example.com,(0447) 434-9111,Sawahlunto,2023-06-27,Platinum,2023-06-27,,True
4847,P03921,Juli Situmorang,cinthiawijayanti@example.com,+62 (42) 431 0810,Pontianak,2023-05-21,Basic,2023-05-21,,True
4848,P03922,Tgk. Lintang Marbun,gamanilaksita@example.com,+62-075-546-9538,Bandar Lampung,2024-04-06,Basic,2024-04-06,2025-07-04,False
4849,P03922,Tgk. Lintang Marbun,gamanilaksita@example.com,+62-075-546-9538,Bandar Lampung,2024-04-06,Gold,2025-07-04,,True
4850,P03923,"Unjani Halim, M.TI.",melaniihsan@example.net,0859853988,Jayapura,2023-03-24,Basic,2023-03-24,2025-09-13,False
4851,P03923,"Unjani Halim, M.TI.",melaniihsan@example.net,0859853988,Jayapura,2023-03-24,Gold,2025-09-13,,True
4852,P03924,"Shania Saputra, S.Sos",mrajata@example.org,+62 (508) 361 9637,Singkawang,2024-10-29,Basic,2024-10-29,2025-08-08,False
4853,P03924,"Shania Saputra, S.Sos",mrajata@example.org,+62 (508) 361 9637,Singkawang,2024-10-29,Gold,2025-08-08,,True
4854,P03925,Laswi Prayoga,kandaprasetya@example.net,+62 (632) 044-0461,Padang Sidempuan,2023-05-31,Basic,2023-05-31,,True
4855,P03926,Drs. Dodo Pratama,qiswahyudi@example.org,+62 (0024) 411 4622,Bukittinggi,2023-10-31,Basic,2023-10-31,,True
4856,P03927,Yahya Uyainah,namagalalita@example.org,084 122 3232,Kota Administrasi Jakarta Selatan,2023-06-09,Gold,2023-06-09,,True
4857,P03928,"drg. Laila Budiman, S.Pd",bellafirgantoro@example.com,(0076) 329-4209,Batu,2023-11-21,Gold,2023-11-21,,True
4858,P03929,"Ir. Lasmanto Andriani, S.Pt",saptonojumari@example.com,0812721982,Pontianak,2024-02-23,Gold,2024-02-23,,True
4859,P03930,"Cayadi Iswahyudi, S.E.",msiregar@example.net,+62-088-439-5822,Madiun,2023-10-17,Gold,2023-10-17,,True
4860,P03931,Febi Lestari,marbuneman@example.org,(0053) 549-4061,Bengkulu,2024-03-22,Basic,2024-03-22,2025-08-11,False
4861,P03931,Febi Lestari,marbuneman@example.org,(0053) 549-4061,Bengkulu,2024-03-22,Gold,2025-08-11,,True
4862,P03932,"Dr. Farhunnisa Melani, M.Kom.",kramadan@example.org,+62 (025) 707 6957,Kota Administrasi Jakarta Selatan,2024-02-10,Basic,2024-02-10,,True
4863,P03933,"Restu Firgantoro, S.E.I",smahendra@example.org,+62 (354) 487-7617,Pariaman,2023-05-24,Basic,2023-05-24,,True
4864,P03934,"Raden Usada, M.Farm",kajenmaryadi@example.org,(0793) 279-7151,Kendari,2024-10-11,Basic,2024-10-11,,True
4865,P03935,Kartika Hastuti,kasusramanullang@example.net,(0300) 417 4316,Payakumbuh,2024-07-06,Basic,2024-07-06,,True
4866,P03936,Calista Prastuti,bakijanprabowo@example.net,+62 (036) 047 6268,Palangkaraya,2023-05-09,Basic,2023-05-09,,True
4867,P03937,Najam Sudiati,panggraini@example.net,+62 (626) 828 5299,Depok,2023-02-23,Basic,2023-02-23,2025-07-14,False
4868,P03937,Najam Sudiati,panggraini@example.net,+62 (626) 828 5299,Depok,2023-02-23,Gold,2025-07-14,,True
4869,P03938,Rahman Hardiansyah,ynasyidah@example.com,+62-0413-950-6789,Sawahlunto,2023-10-31,Basic,2023-10-31,,True
4870,P03939,"Drs. Gawati Sihombing, M.TI.",bagiyautami@example.org,+62 (013) 041-2045,Solok,2023-07-04,Basic,2023-07-04,,True
4871,P03940,Galih Puspita,gwacana@example.net,(0296) 517 1589,Payakumbuh,2023-08-01,Basic,2023-08-01,,True
4872,P03941,KH. Harjo Prakasa,pratamajuli@example.org,+62-044-357-3747,Palembang,2023-02-01,Basic,2023-02-01,,True
4873,P03942,Mahfud Maheswara,faridanadia@example.org,(008) 100-8276,Blitar,2023-02-26,Basic,2023-02-26,,True
4874,P03943,"Drs. Mila Suwarno, S.Gz",surya80@example.net,+62 (032) 199-1641,Kota Administrasi Jakarta Timur,2023-06-01,Basic,2023-06-01,,True
4875,P03944,Cakrabirawa Samosir,karya76@example.com,+62 (057) 781-7101,Sorong,2024-10-31,Basic,2024-10-31,,True
4876,P03945,Makuta Pertiwi,fpermadi@example.net,+62-095-462-0628,Bau-Bau,2023-10-10,Basic,2023-10-10,,True
4877,P03946,"Aurora Narpati, S.Psi",knugroho@example.org,+62 (081) 084 1215,Magelang,2024-03-20,Basic,2024-03-20,,True
4878,P03947,Harsanto Waluyo,halimandriani@example.net,+62 (890) 859 5892,Cilegon,2024-06-05,Basic,2024-06-05,,True
4879,P03948,Natalia Hariyah,pranowodariati@example.org,+62-68-718-3868,Binjai,2024-07-22,Basic,2024-07-22,,True
4880,P03949,Dinda Mustofa,galak80@example.net,+62-0667-377-3525,Kota Administrasi Jakarta Selatan,2024-06-22,Basic,2024-06-22,2025-04-13,False
4881,P03949,Dinda Mustofa,galak80@example.net,+62-0667-377-3525,Kota Administrasi Jakarta Selatan,2024-06-22,Gold,2025-04-13,,True
4882,P03950,Eli Laksmiwati,wasitakenari@example.org,+62 (654) 843 4840,Batu,2023-11-22,Basic,2023-11-22,,True
4883,P03951,"Cornelia Susanti, M.TI.",bputra@example.com,+62 (0565) 747 1053,Malang,2023-03-23,Gold,2023-03-23,2025-09-18,False
4884,P03951,"Cornelia Susanti, M.TI.",bputra@example.com,+62 (0565) 747 1053,Malang,2023-03-23,Platinum,2025-09-18,,True
4885,P03952,Tami Budiyanto,jagapatisaputra@example.org,+62-000-101-2194,Jayapura,2023-04-27,Basic,2023-04-27,,True
4886,P03953,Viktor Nuraini,setya67@example.com,(044) 300 2143,Pagaralam,2023-08-03,Gold,2023-08-03,,True
4887,P03954,Nasab Prasasta,bdabukke@example.org,+62 (0886) 027-7812,Pekalongan,2023-12-02,Basic,2023-12-02,,True
4888,P03955,Hesti Yuliarti,artawan87@example.com,+62 (437) 759 2424,Dumai,2024-10-12,Basic,2024-10-12,,True
4889,P03956,Kambali Tarihoran,kayun35@example.com,+62-99-715-9364,Manado,2024-10-25,Gold,2024-10-25,,True
4890,P03957,Waluyo Rajasa,wisnumaryadi@example.com,+62 (796) 050 4746,Padang,2024-08-31,Basic,2024-08-31,,True
4891,P03958,"Warsita Hutagalung, S.Farm",irawandarmanto@example.com,+62-005-450-5935,Mojokerto,2023-06-13,Basic,2023-06-13,,True
4892,P03959,dr. Yance Rahmawati,hariyahtaswir@example.com,+62 (077) 111-0111,Surakarta,2024-10-12,Gold,2024-10-12,,True
4893,P03960,H. Bahuwirya Megantara,shakila47@example.com,+62 (685) 928-8228,Meulaboh,2024-10-20,Basic,2024-10-20,2025-06-12,False
4894,P03960,H. Bahuwirya Megantara,shakila47@example.com,+62 (685) 928-8228,Meulaboh,2024-10-20,Gold,2025-06-12,,True
4895,P03961,drg. Talia Simanjuntak,kartasaptono@example.org,+62 (074) 990 5233,Bengkulu,2023-05-06,Basic,2023-05-06,2025-08-17,False
4896,P03961,drg. Talia Simanjuntak,kartasaptono@example.org,+62 (074) 990 5233,Bengkulu,2023-05-06,Gold,2025-08-17,,True
4897,P03962,Sadina Haryanto,hutasoitibrani@example.org,+62 (712) 214 2715,Balikpapan,2023-11-30,Gold,2023-11-30,,True
4898,P03963,Cinthia Budiman,mangunsongazalea@example.com,(0065) 496-0576,Payakumbuh,2024-09-22,Basic,2024-09-22,,True
4899,P03964,"Baktianto Iswahyudi, M.Pd",zanggriawan@example.com,+62 (0217) 547-0378,Pagaralam,2024-04-17,Basic,2024-04-17,2025-06-01,False
4900,P03964,"Baktianto Iswahyudi, M.Pd",zanggriawan@example.com,+62 (0217) 547-0378,Pagaralam,2024-04-17,Gold,2025-06-01,,True
4901,P03965,Dr. Nadine Anggriawan,rfarida@example.com,+62-0328-273-3973,Manado,2024-08-08,Basic,2024-08-08,,True
4902,P03966,Kala Pudjiastuti,lalitaagustina@example.com,+62-139-182-1109,Blitar,2024-06-09,Basic,2024-06-09,,True
4903,P03967,Puti Wibisono,cayadiastuti@example.org,+62 (0373) 801 9170,Palangkaraya,2024-04-09,Basic,2024-04-09,,True
4904,P03968,"Tania Lestari, S.Gz",zoktaviani@example.net,(0647) 415 0649,Metro,2023-12-13,Basic,2023-12-13,2025-07-31,False
4905,P03968,"Tania Lestari, S.Gz",zoktaviani@example.net,(0647) 415 0649,Metro,2023-12-13,Gold,2025-07-31,,True
4906,P03969,Drajat Habibi,hairyanto71@example.com,+62 (15) 432-4582,Malang,2024-06-29,Basic,2024-06-29,2025-07-22,False
4907,P03969,Drajat Habibi,hairyanto71@example.com,+62 (15) 432-4582,Malang,2024-06-29,Gold,2025-07-22,,True
4908,P03970,Ganda Wijaya,artanto61@example.org,(0323) 724-9099,Salatiga,2023-02-22,Basic,2023-02-22,,True
4909,P03971,Bakti Zulkarnain,bajraginpadmasari@example.net,084 285 0601,Magelang,2023-02-09,Basic,2023-02-09,,True
4910,P03972,Siska Prakasa,zzulaika@example.net,+62 (875) 812-1232,Purwokerto,2024-08-16,Basic,2024-08-16,,True
4911,P03973,Gilang Dabukke,labuhsiregar@example.net,(098) 757-3392,Jayapura,2024-09-19,Basic,2024-09-19,,True
4912,P03974,Drs. Anita Rahmawati,rafi49@example.net,(083) 944 1700,Pontianak,2024-07-29,Basic,2024-07-29,,True
4913,P03975,Dinda Aryani,jumadi92@example.com,(0477) 617-4494,Bima,2023-12-20,Platinum,2023-12-20,,True
4914,P03976,R. Oliva Nugroho,saputrahairyanto@example.net,+62 (52) 723 9922,Batam,2023-07-20,Basic,2023-07-20,,True
4915,P03977,"drg. Daru Winarno, M.Ak",vsirait@example.net,+62 (023) 856 3682,Pasuruan,2024-08-11,Basic,2024-08-11,,True
4916,P03978,Dewi Prayoga,ybudiman@example.org,+62-059-314-1964,Palembang,2023-03-18,Basic,2023-03-18,2025-09-08,False
4917,P03978,Dewi Prayoga,ybudiman@example.org,+62-059-314-1964,Palembang,2023-03-18,Gold,2025-09-08,,True
4918,P03979,Harsana Hassanah,lutama@example.org,+62 (62) 163 2612,Blitar,2024-10-28,Gold,2024-10-28,,True
4919,P03980,Latif Riyanti,nababandarimin@example.com,+62-25-705-1768,Semarang,2024-09-22,Gold,2024-09-22,,True
4920,P03981,Waluyo Zulaika,suwarnoslamet@example.net,+62 (019) 590-4992,Prabumulih,2023-01-15,Gold,2023-01-15,,True
4921,P03982,Mitra Winarno,simanjuntakmakuta@example.com,+62-65-896-0166,Kota Administrasi Jakarta Pusat,2023-08-10,Basic,2023-08-10,,True
4922,P03983,Slamet Riyanti,dirja27@example.com,(0881) 605-9977,Mojokerto,2024-10-18,Basic,2024-10-18,2025-09-09,False
4923,P03983,Slamet Riyanti,dirja27@example.com,(0881) 605-9977,Mojokerto,2024-10-18,Gold,2025-09-09,,True
4924,P03984,drg. Jefri Aryani,hmandasari@example.com,+62-085-394-6802,Palembang,2023-05-29,Basic,2023-05-29,,True
4925,P03985,Uli Saputra,irwanmandala@example.net,(0915) 934 2674,Yogyakarta,2023-04-29,Basic,2023-04-29,,True
4926,P03986,Laras Waskita,galuhlailasari@example.net,+62-934-309-8260,Tarakan,2023-09-14,Basic,2023-09-14,,True
4927,P03987,Cici Hidayanto,wprasetya@example.net,(029) 313 0392,Pagaralam,2024-03-21,Basic,2024-03-21,,True
4928,P03988,Dt. Irwan Widiastuti,fnatsir@example.com,+62 (097) 009-3414,Probolinggo,2024-06-07,Basic,2024-06-07,2025-06-28,False
4929,P03988,Dt. Irwan Widiastuti,fnatsir@example.com,+62 (097) 009-3414,Probolinggo,2024-06-07,Gold,2025-06-28,,True
4930,P03989,Gandewa Uwais,hartokurniawan@example.com,+62 (0319) 892 6335,Bekasi,2023-01-22,Platinum,2023-01-22,,True
4931,P03990,Clara Suryatmi,puspitaasman@example.com,(006) 332 0201,Samarinda,2024-01-08,Basic,2024-01-08,,True
4932,P03991,"Imam Prasetyo, S.IP",zuwais@example.net,(0109) 736-3616,Gorontalo,2024-11-04,Basic,2024-11-04,,True
4933,P03992,Purwanto Saefullah,tampubolontasnim@example.net,087 077 6695,Sawahlunto,2023-11-30,Gold,2023-11-30,,True
4934,P03993,Dr. Maya Natsir,bakti31@example.net,+62-242-581-3286,Prabumulih,2024-06-14,Gold,2024-06-14,,True
4935,P03994,"Gaiman Saputra, M.Pd",ajiononababan@example.net,+62 (053) 543-3701,Kota Administrasi Jakarta Selatan,2023-01-22,Basic,2023-01-22,,True
4936,P03995,Putri Hutasoit,padmi69@example.com,(0518) 548-5464,Lubuklinggau,2024-06-07,Gold,2024-06-07,,True
4937,P03996,R.A. Nadine Mangunsong,jasmani64@example.net,+62 (396) 208 8714,Salatiga,2023-03-03,Basic,2023-03-03,,True
4938,P03997,"Tami Kuswoyo, M.Farm",gabriella56@example.com,+62 (099) 354 5624,Gorontalo,2023-12-25,Basic,2023-12-25,,True
4939,P03998,Puti Widya Andriani,qsuartini@example.net,(035) 401-5439,Tebingtinggi,2023-04-23,Platinum,2023-04-23,,True
4940,P03999,"Indah Rahmawati, M.Farm",trajasa@example.com,+62 (43) 057-2103,Pangkalpinang,2023-09-28,Basic,2023-09-28,,True
4941,P04000,"Embuh Puspita, M.Ak",situmoranggaiman@example.org,+62 (16) 681 3529,Banda Aceh,2023-03-17,Basic,2023-03-17,,True
