passenger_id,passenger_name,email,phone,city,loyalty_tier,registration_date
P00001,Galuh Mardhiyah,prasetyonabila@example.net,0869879730,Singkawang,Basic,2024-08-03
P00002,Balapati Suwarno,hartatiajimin@example.net,(0536) 455-6815,Bekasi,Gold,2024-08-19
P00003,Dr. Erik Suwarno,pmegantara@example.net,+62 (0055) 761-6987,Binjai,Gold,2023-09-29
P00004,Ophelia Rahimah,hwidodo@example.com,(097) 880-9320,Tarakan,Gold,2023-07-19
P00005,Ir. Baktiono Oktaviani,jhalimah@example.com,+62-0177-848-6488,Tanjungpinang,Basic,2023-03-15
P00006,Yani Wacana,spangestu@example.com,+62-02-978-7534,Tanjungbalai,Gold,2024-11-21
P00007,Nadia Melani,jfujiati@example.net,+62-045-717-8472,Pagaralam,Basic,2024-05-01
P00008,"Dr. Bella Yulianti, S.T.",guwais@example.org,(027) 010-7981,Singkawang,Gold,2023-12-03
P00009,"Sutan Dirja Lazuardi, M.Ak",palastrikawaca@example.net,+62 (205) 997-2837,Semarang,Gold,2024-09-15
P00010,Yusuf Rahimah,cawisadi62@example.org,+62 (0866) 283-6016,Batu,Basic,2023-08-22
P00011,Rafi Situmorang,aslijan08@example.com,+62 (475) 177 9922,Semarang,Basic,2024-01-21
P00012,Sutan Ibrahim Oktaviani,vero93@example.net,+62 (086) 032 0807,Tomohon,Basic,2023-09-27
P00013,"Dacin Laksmiwati, S.Ked",safinanuraini@example.org,082 226 4686,Bau-Bau,Basic,2024-08-05
P00014,Ina Nashiruddin,gantar47@example.com,(047) 258-7718,Pontianak,Basic,2023-07-19
P00015,"T. Rahman Kuswoyo, S.Kom",adikaraiswahyudi@example.com,+62 (682) 052 5898,Jambi,Gold,2023-05-05
P00016,Lukman Setiawan,kamariasihombing@example.net,+62 (0821) 416 2105,Tebingtinggi,Basic,2024-11-07
P00017,"R.M. Mariadi Usamah, S.IP",kadir91@example.com,+62 (244) 106 4600,Bengkulu,Platinum,2023-06-16
P00018,Ajimin Saragih,kuswoyoyulia@example.net,+62 (579) 906-5939,Pangkalpinang,Gold,2024-07-10
P00019,Shania Lazuardi,citra46@example.com,+62 (060) 454-1465,Sawahlunto,Basic,2023-08-23
P00020,Kemba Siregar,irianahakim@example.net,+62 (029) 110-2859,Sukabumi,Basic,2023-05-24
P00021,"Gada Dabukke, S.Farm",narjiagustina@example.com,(036) 322 8088,Mojokerto,Gold,2023-05-21
P00022,Winda Maulana,arsipatrabudiyanto@example.com,0876452912,Purwokerto,Basic,2023-10-18
P00023,Martaka Mulyani,maman85@example.org,+62-37-038-2653,Sabang,Basic,2024-10-30
P00024,"Tgk. Jasmin Pangestu, S.I.Kom",vega78@example.com,+62 (0326) 270-5860,Subulussalam,Gold,2023-06-16
P00025,Bakiadi Salahudin,hamima42@example.net,+62 (008) 394-9066,Prabumulih,Basic,2023-07-24
P00026,KH. Margana Wijayanti,ciaobellajailani@example.org,+62 (65) 844 0932,Kupang,Basic,2023-09-15
P00027,Puput Suwarno,embuh63@example.net,+62-97-658-2802,Lubuklinggau,Basic,2024-01-13
P00028,R.M. Carub Dabukke,mulyaniulya@example.net,+62-51-543-8299,Kota Administrasi Jakarta Barat,Basic,2023-06-24
P00029,Balamantri Simbolon,ukurniawan@example.org,(049) 415 7718,Pematangsiantar,Gold,2023-09-24
P00030,Radit Tamba,wpadmasari@example.org,+62 (017) 443 2568,Sabang,Gold,2024-03-05
P00031,Janet Wahyuni,uwaskita@example.org,+62-735-569-6327,Tidore Kepulauan,Basic,2023-10-08
P00032,Hj. Unjani Mahendra,vsantoso@example.org,+62 (474) 284 3528,Yogyakarta,Basic,2023-08-28
P00033,Embuh Sihombing,zusada@example.com,+62-85-651-7883,Pagaralam,Basic,2024-05-13
P00034,Septi Sitompul,wacanaganjaran@example.org,+62 (0842) 599 6775,Balikpapan,Basic,2024-03-03
P00035,Praba Prasetya,wijayantikawaya@example.com,+62-37-849-5183,Prabumulih,Basic,2024-01-17
P00036,"Dt. Bakiono Mangunsong, S.Psi",wiraputra@example.net,+62 (41) 968-9821,Bandar Lampung,Basic,2023-07-18
P00037,Lili Gunawan,humairamulyani@example.org,(0555) 597-4754,Bandung,Basic,2023-08-06
P00038,"Jindra Mansur, S.Ked",qutama@example.com,+62-548-643-9061,Tebingtinggi,Basic,2023-07-05
P00039,"Septi Wijayanti, M.TI.",ade91@example.net,089 575 5521,Sabang,Gold,2024-07-17
P00040,"R. Vanya Rajasa, M.TI.",gusamah@example.net,+62-073-368-8283,Kota Administrasi Jakarta Timur,Gold,2023-10-08
P00041,"H. Jindra Mansur, M.Pd",ozy68@example.net,0832982229,Banjarmasin,Platinum,2024-11-18
P00042,"Ir. Sakti Firmansyah, S.T.",gatot24@example.net,+62 (272) 202-2697,Probolinggo,Basic,2023-12-13
P00043,Eja Prasetya,halima17@example.net,(025) 280-7001,Manado,Basic,2024-11-06
P00044,Tgk. Julia Dabukke,chelseanainggolan@example.org,(063) 233-7352,Prabumulih,Gold,2024-01-04
P00045,"drg. Tantri Anggraini, M.M.",hari47@example.net,(0133) 115-9212,Gorontalo,Platinum,2023-03-10
P00046,"Ian Nainggolan, S.Farm",pudjiastutielvin@example.net,+62 (0456) 078 7457,Bogor,Basic,2023-03-05
P00047,Putu Megantara,nasimhasanah@example.com,+62-085-417-7588,Pontianak,Gold,2024-09-22
P00048,Rahmat Saefullah,bahuraksa19@example.org,+62 (087) 916 9797,Probolinggo,Basic,2024-10-17
P00049,Candra Simanjuntak,asmadijailani@example.com,+62 (028) 400 1981,Tegal,Basic,2023-02-15
P00050,"dr. Tina Mangunsong, S.Pd",upermadi@example.net,(0363) 856 0739,Denpasar,Gold,2024-07-23
P00051,Fitriani Latupono,yrahayu@example.com,080 736 0872,Kupang,Basic,2024-07-14
P00052,Satya Nurdiyanti,kasusra69@example.org,+62 (982) 819-5391,Purwokerto,Basic,2023-09-24
P00053,Jagapati Waskita,kurniawanradika@example.com,+62-33-042-8451,Kota Administrasi Jakarta Pusat,Basic,2024-05-25
P00054,Waluyo Firgantoro,rinapurwanti@example.org,(0805) 780 3704,Bekasi,Gold,2023-10-04
P00055,Martana Haryanto,hasan04@example.net,+62-074-182-8898,Kendari,Basic,2024-08-02
P00056,Yuliana Habibi,jaga86@example.com,+62 (030) 066 8179,Cirebon,Platinum,2024-08-28
P00057,Dasa Marbun,clarasirait@example.com,+62 (0271) 051 2983,Parepare,Basic,2023-02-10
P00058,"R. Silvia Sinaga, S.E.",hpudjiastuti@example.org,+62-61-769-5851,Tidore Kepulauan,Gold,2023-01-16
P00059,"Lantar Damanik, S.T.",daruwaluyo@example.org,+62 (0999) 248-0052,Tasikmalaya,Basic,2023-05-07
P00060,Rika Kuswoyo,titihalimah@example.org,087 112 0984,Bontang,Basic,2023-03-08
P00061,Hafshah Damanik,ssudiati@example.org,(007) 911 3571,Meulaboh,Basic,2024-04-27
P00062,Maida Handayani,jais79@example.com,(0452) 198-0334,Tasikmalaya,Basic,2024-07-20
P00063,"dr. Darmanto Widiastuti, S.Psi",damarpradana@example.com,+62 (95) 863 9848,Prabumulih,Gold,2024-06-10
P00064,Talia Saptono,utama32@example.net,+62 (0093) 426-9276,Subulussalam,Gold,2024-05-27
P00065,Sabrina Halim,bagya98@example.com,0846388498,Malang,Basic,2024-09-28
P00066,"dr. Umi Wibisono, M.TI.",akarsanaandriani@example.net,(069) 538-9650,Bima,Basic,2024-09-29
P00067,Darijan Natsir,zsafitri@example.com,+62 (68) 350-8111,Jambi,Gold,2024-03-14
P00068,Dewi Haryanti,raisa81@example.com,+62-0540-115-2761,Sukabumi,Basic,2024-01-20
P00069,Raden Nainggolan,msiregar@example.org,+62 (015) 327-7186,Tomohon,Basic,2023-12-10
P00070,Bakijan Damanik,eanggraini@example.com,(0077) 510-6261,Kota Administrasi Jakarta Pusat,Basic,2023-03-14
P00071,"Puji Novitasari, S.H.",wkurniawan@example.org,+62-29-944-6135,Tomohon,Basic,2023-04-04
P00072,Hendra Usada,permatapuput@example.com,+62 (699) 439 8286,Kota Administrasi Jakarta Pusat,Gold,2023-11-15
P00073,Kala Suryatmi,elma74@example.com,+62 (0397) 258 4441,Sibolga,Basic,2023-10-31
P00074,Abyasa Napitupulu,zamira51@example.net,+62 (669) 796 1567,Sawahlunto,Gold,2023-09-12
P00075,Qori Waluyo,alambana56@example.net,+62 (470) 567-0904,Probolinggo,Basic,2024-07-30
P00076,KH. Asmadi Latupono,saka46@example.com,+62 (0033) 013 2059,Probolinggo,Basic,2024-11-12
P00077,Ciaobella Wastuti,siregardono@example.org,(031) 111-9602,Palembang,Gold,2024-08-09
P00078,"Drs. Unjani Dongoran, S.Pd",juwais@example.net,(0306) 424 8296,Tasikmalaya,Basic,2023-12-06
P00079,Bagiya Hasanah,ckuswandari@example.net,+62 (04) 126 3478,Solok,Basic,2023-09-25
P00080,Danang Sinaga,yancesihombing@example.org,+62 (037) 615-6105,Samarinda,Gold,2024-04-01
P00081,"Bakiman Saefullah, M.Pd",harsayasiregar@example.com,+62 (048) 818 1378,Malang,Basic,2024-05-29
P00082,"KH. Tedi Mandala, S.E.",harsantopuspasari@example.com,+62 (064) 975-3325,Parepare,Basic,2023-01-02
P00083,Upik Uyainah,padmisuwarno@example.net,+62-085-347-0424,Palu,Basic,2024-04-13
P00084,Widya Jailani,luwesmaheswara@example.com,(017) 544-2014,Tomohon,Platinum,2024-03-07
P00085,Cornelia Pangestu,ginaanggriawan@example.org,+62 (305) 147 8658,Tidore Kepulauan,Gold,2024-09-02
P00086,R.A. Azalea Tamba,slestari@example.com,+62-055-384-8856,Prabumulih,Gold,2023-06-25
P00087,"Puti Siska Yuliarti, S.Ked",rhastuti@example.org,+62-072-761-5141,Kota Administrasi Jakarta Barat,Basic,2024-01-12
P00088,Genta Yuliarti,kalaprabowo@example.com,+62-10-875-2623,Tanjungpinang,Basic,2024-03-29
P00089,Tgk. Elma Samosir,bsuwarno@example.com,0863166539,Probolinggo,Gold,2024-07-01
P00090,"Rina Pertiwi, M.Kom.",mahesa35@example.net,+62 (034) 217 2334,Solok,Platinum,2023-11-30
P00091,Nadia Hasanah,saefullahlaksana@example.net,+62 (004) 751 6886,Tidore Kepulauan,Gold,2023-12-17
P00092,Lili Iswahyudi,setiawandigdaya@example.net,+62-082-359-5349,Tangerang,Basic,2023-08-22
P00093,Amalia Wastuti,ganep94@example.com,+62 (0781) 824 4602,Mojokerto,Gold,2023-04-18
P00094,Lasmanto Uwais,spurwanti@example.org,0801000520,Banda Aceh,Platinum,2024-11-27
P00095,Anastasia Budiyanto,handayanibaktiono@example.org,+62 (73) 305 7030,Lhokseumawe,Gold,2023-10-11
P00096,Dr. Jati Hassanah,andrianiraharja@example.org,+62 (046) 351-1020,Kota Administrasi Jakarta Barat,Basic,2023-11-17
P00097,Sutan Warta Firgantoro,samosiradikara@example.net,+62-004-263-7167,Bengkulu,Platinum,2024-08-21
P00098,Kamaria Nugroho,bakidinhutapea@example.org,(070) 812-9770,Makassar,Gold,2023-04-16
P00099,"drg. Lukita Natsir, M.Farm",hasimriyanti@example.net,+62 (033) 702 7186,Bitung,Gold,2023-06-23
P00100,Puti Lazuardi,latikariyanti@example.net,+62 (047) 067-5548,Lubuklinggau,Basic,2024-08-17
P00101,Indra Widodo,maryantokuswoyo@example.com,(0682) 597-3481,Bogor,Basic,2024-03-10
P00102,Devi Hasanah,parmansaptono@example.org,(062) 829-0920,Pontianak,Basic,2024-05-22
P00103,"Tina Mansur, S.Pd",rinamangunsong@example.org,+62 (0262) 837-0950,Metro,Basic,2023-12-03
P00104,Tomi Yuliarti,namagaeva@example.net,0870415178,Banjarbaru,Basic,2023-02-27
P00105,"Puti Gina Pradipta, S.E.I",garda69@example.com,(037) 827-6082,Bengkulu,Basic,2023-09-27
P00106,"Zulaikha Rahmawati, S.Sos",natsirdacin@example.org,085 607 0022,Jambi,Basic,2023-06-01
P00107,dr. Prabowo Prastuti,vrahimah@example.org,+62 (0327) 465 5013,Tidore Kepulauan,Gold,2023-05-30
P00108,Devi Habibi,fujiatiharsanto@example.net,(0171) 124-3351,Padangpanjang,Gold,2023-02-13
P00109,Puspa Utama,riyantiida@example.net,(080) 154-3161,Banjar,Gold,2024-01-28
P00110,Vega Utami,maulanagarang@example.com,+62-21-520-5114,Prabumulih,Platinum,2024-08-16
P00111,Limar Yulianti,daruna83@example.com,+62 (090) 823-8613,Medan,Basic,2024-09-19
P00112,"R.M. Opan Latupono, S.E.I",garapratama@example.net,086 378 7760,Kupang,Basic,2023-12-12
P00113,"Amalia Tarihoran, S.Pd",kemalwibisono@example.net,+62 (424) 276 4129,Sorong,Gold,2024-03-25
P00114,Ira Rajasa,zwaskita@example.org,+62 (0713) 936 0550,Kotamobagu,Gold,2023-04-13
P00115,drg. Karimah Hasanah,pertiwirudi@example.org,+62 (643) 338 7926,Probolinggo,Basic,2024-01-18
P00116,"Dr. Malika Kurniawan, S.Ked",qsuryono@example.com,(094) 037 2056,Probolinggo,Basic,2023-09-17
P00117,Reza Mahendra,rwibisono@example.org,(0568) 965-1648,Banjarmasin,Gold,2023-01-30
P00118,Putri Novitasari,bakidinwijayanti@example.org,(022) 098-7695,Kota Administrasi Jakarta Barat,Basic,2023-08-16
P00119,"Tina Susanti, M.Kom.",kusumoadinata@example.org,089 760 0282,Cimahi,Basic,2023-12-10
P00120,"Cut Zulaikha Lailasari, S.Ked",utamisamsul@example.net,+62 (98) 442 7820,Tanjungpinang,Basic,2024-06-27
P00121,Uchita Mangunsong,kasiran31@example.com,(0466) 432 3167,Palembang,Basic,2023-09-18
P00122,Rina Manullang,suwarnocemplunk@example.net,+62 (344) 796-7252,Batam,Basic,2023-09-04
P00123,Drs. Kamal Firgantoro,iannarpati@example.org,+62 (66) 869 2271,Jayapura,Platinum,2023-12-29
P00124,Sutan Yono Lazuardi,juliasaputra@example.net,(0150) 295-2920,Pasuruan,Basic,2024-02-06
P00125,Ella Sirait,fsinaga@example.net,083 717 6345,Bukittinggi,Basic,2023-05-20
P00126,Zelda Firmansyah,urajata@example.org,+62 (014) 594 6096,Mataram,Gold,2023-01-07
P00127,"Hj. Patricia Suryono, S.Psi",dabukkevero@example.net,+62 (0851) 481 0133,Batam,Platinum,2023-02-23
P00128,"KH. Hardana Aryani, S.Gz",wirda08@example.net,+62-781-959-6101,Banjarmasin,Basic,2024-05-02
P00129,Kamal Sirait,karsa46@example.org,+62 (157) 539-2102,Malang,Gold,2023-10-20
P00130,Queen Firgantoro,shaniaharyanto@example.net,089 049 9531,Langsa,Basic,2024-07-22
P00131,Darman Laksita,,+62-0369-795-1685,Kotamobagu,Gold,2023-08-03
P00132,Embuh Hariyah,karta80@example.com,+62 (0980) 655 8562,Tomohon,Basic,2024-04-21
P00133,Elvina Nasyidah,mariadi61@example.net,(034) 056-1357,Mataram,Gold,2024-01-03
P00134,Hendra Padmasari,galih66@example.net,0814331791,Kota Administrasi Jakarta Timur,Gold,2023-03-06
P00135,Mustofa Dabukke,dsaefullah@example.com,(0638) 869 1804,Ternate,Platinum,2024-11-21
P00136,"H. Empluk Hutagalung, M.TI.",ohidayat@example.net,+62 (0069) 563 1439,Tangerang Selatan,Basic,2023-08-16
P00137,"dr. Ika Waskita, S.IP",hassanahnaradi@example.com,(0817) 246 6412,Bontang,Basic,2024-09-07
P00138,Cengkal Mardhiyah,hani52@example.net,+62 (802) 579 7817,Metro,Gold,2023-05-10
P00139,Dr. Jumadi Melani,kani99@example.com,+62 (079) 785-5756,Pagaralam,Basic,2024-05-27
P00140,Pangestu Wahyudin,lamar83@example.net,(070) 887-8531,Mojokerto,Basic,2023-08-08
P00141,Elon Sihombing,fhidayat@example.com,+62 (0836) 403 2019,Bekasi,Basic,2023-03-22
P00142,Ella Mandala,putramartani@example.com,+62 (058) 077 7854,Manado,Basic,2024-03-21
P00143,Rini Irawan,kusumoprasetya@example.net,+62 (93) 832-7174,Lubuklinggau,Basic,2023-11-24
P00144,"R. Opan Saefullah, S.Kom",digdaya15@example.net,+62-787-366-7471,Lhokseumawe,Basic,2024-02-26
P00145,Faizah Mandala,cemplunkmarbun@example.com,+62 (287) 713-2744,Balikpapan,Basic,2023-04-17
P00146,Genta Gunarto,lsetiawan@example.net,+62 (43) 143-3591,Pekanbaru,Basic,2023-02-11
P00147,"Sutan Vega Melani, S.IP",zulaikha95@example.com,+62 (0415) 866-2712,Mataram,Platinum,2024-02-01
P00148,"Eka Dongoran, S.Pd",paimanuwais@example.org,+62 (062) 695 8359,Banjarmasin,Basic,2023-06-17
P00149,Jarwi Hutagalung,tarihoranerik@example.net,(059) 460 5518,Jayapura,Basic,2023-11-30
P00150,Ajiman Utami,hartaticahya@example.com,(055) 572 2348,Prabumulih,Gold,2024-06-07
P00151,Sutan Asirwada Narpati,raharjasiregar@example.com,+62-089-823-3843,Ambon,Basic,2023-06-11
P00152,"Tgk. Surya Rahayu, S.Ked",nlatupono@example.org,+62 (75) 535 4834,Kotamobagu,Platinum,2023-03-20
P00153,Hasna Samosir,capa99@example.com,+62 (939) 298-1703,Tasikmalaya,Basic,2023-09-20
P00154,Cornelia Usamah,zahrapuspita@example.com,+62-037-526-8057,Pematangsiantar,Gold,2024-02-29
P00155,"dr. Aslijan Simbolon, S.IP",tinakusmawati@example.com,+62 (025) 398-2575,Tanjungbalai,Gold,2023-01-08
P00156,Jaeman Firgantoro,bnababan@example.net,+62-90-862-7732,Padangpanjang,Basic,2023-10-28
P00157,Yuliana Setiawan,galiono74@example.org,(080) 431-0417,Cilegon,Basic,2023-03-22
P00158,Clara Saefullah,gandisitorus@example.org,+62 (216) 576 7526,Banda Aceh,Gold,2024-07-21
P00159,Putri Wastuti,novitasariciaobella@example.net,+62 (893) 832-9907,Parepare,Gold,2023-01-20
P00160,Luhung Kuswoyo,cawukhassanah@example.com,(0060) 169-6764,Kota Administrasi Jakarta Timur,Basic,2024-06-02
P00161,Rina Hartati,betaniaastuti@example.net,+62 (077) 603-4236,Lubuklinggau,Gold,2024-07-24
P00162,"Ratih Andriani, S.Sos",najmudinteddy@example.net,0837547415,Kotamobagu,Basic,2023-01-06
P00163,Nabila Widiastuti,ibraniusada@example.org,(0436) 630 4461,Sabang,Platinum,2023-05-23
P00164,Banawa Mayasari,indrajanuar@example.com,0820540491,Medan,Basic,2023-05-27
P00165,Cemeti Jailani,gwidiastuti@example.com,+62-78-443-1736,Tomohon,Basic,2024-01-05
P00166,Kamaria Irawan,ameliamanullang@example.com,+62 (565) 174-7260,Banjarbaru,Basic,2024-10-04
P00167,Cahyono Halim,prayogowibisono@example.org,(0973) 676 6697,Batu,Gold,2024-03-14
P00168,Rika Wahyuni,enapitupulu@example.com,+62 (0891) 984 0993,Tidore Kepulauan,Basic,2024-09-01
P00169,"drg. Karya Hastuti, S.Pd",imarpaung@example.com,+62 (900) 471-8480,Payakumbuh,Basic,2024-06-11
P00170,"Dr. Caraka Zulkarnain, M.Ak",nasim04@example.org,(0440) 252-1960,Pariaman,Basic,2023-11-17
P00171,Hesti Nasyidah,nsihotang@example.com,+62 (090) 470-8761,Tebingtinggi,Basic,2023-09-26
P00172,Jaya Sirait,ramadanmalika@example.net,(0916) 226-2492,Binjai,Basic,2024-01-21
P00173,"Ivan Yuliarti, S.Ked",gpuspasari@example.net,(0454) 928-4522,Cimahi,Basic,2023-03-22
P00174,"Gangsa Dongoran, S.T.",marwatahutasoit@example.net,(0604) 343 8172,Bau-Bau,Gold,2024-05-16
P00175,Puji Nababan,prasetya81@example.net,(021) 048-1035,Denpasar,Gold,2024-06-24
P00176,Natalia Mulyani,mutama@example.org,+62-050-297-7574,Pekalongan,Basic,2023-09-21
P00177,drg. Kemba Hutasoit,hidayantoakarsana@example.net,+62 (002) 320-9306,Medan,Gold,2023-02-22
P00178,"T. Wisnu Mandasari, M.Kom.",mahendrajarwi@example.com,(028) 720-4533,Batam,Basic,2024-11-23
P00179,Calista Nuraini,saptonoleo@example.org,+62-760-012-1206,Meulaboh,Gold,2023-12-06
P00180,Calista Maulana,yuliartimartana@example.com,+62-0282-507-0146,Mataram,Platinum,2024-04-19
P00181,Lidya Haryanto,solehthamrin@example.net,+62 (49) 138 1146,Surabaya,Basic,2023-04-05
P00182,"R. Aurora Pranowo, S.E.",septi88@example.org,+62 (71) 633 9285,Bima,Platinum,2024-03-17
P00183,Asirwada Narpati,oni24@example.com,+62 (14) 313-5772,Bima,Gold,2023-05-23
P00184,Wardaya Pudjiastuti,mulyahartati@example.net,(019) 530 9552,Bitung,Gold,2024-08-24
P00185,"Baktiono Hutasoit, S.IP",fmelani@example.net,+62 (85) 401 5672,Bima,Basic,2024-10-21
P00186,"drg. Zamira Kusumo, S.Pt",violetjanuar@example.net,+62 (068) 445-5841,Solok,Gold,2023-11-03
P00187,Nurul Habibi,kuncaradabukke@example.net,0839439491,Sorong,Gold,2023-03-15
P00188,Lantar Adriansyah,edongoran@example.com,(0849) 920-4049,Batam,Gold,2024-11-05
P00189,Dt. Gangsar Wulandari,murtifirmansyah@example.org,+62 (096) 520-0346,Pontianak,Platinum,2024-11-14
P00190,Eva Adriansyah,luthfifirmansyah@example.com,(041) 524 9770,Magelang,Basic,2023-03-27
P00191,Daru Winarno,praba20@example.org,+62 (010) 875-3070,Tomohon,Basic,2023-12-26
P00192,"Winda Budiman, S.IP",yance37@example.net,+62 (001) 727-1722,Langsa,Basic,2024-01-08
P00193,"Jamalia Padmasari, M.Farm",jane04@example.com,+62 (93) 131 3900,Tanjungbalai,Basic,2024-04-02
P00194,"Najib Mangunsong, S.Farm",kawaca08@example.org,086 953 6066,Yogyakarta,Gold,2023-07-21
P00195,Dariati Nugroho,novi65@example.net,(079) 951-7946,Kupang,Basic,2023-04-10
P00196,Virman Mahendra,gunartobella@example.com,+62 (57) 550 9008,Kota Administrasi Jakarta Barat,Gold,2023-07-11
P00197,Wardi Prabowo,okto49@example.org,+62 (297) 507 7739,Kota Administrasi Jakarta Timur,Gold,2023-08-14
P00198,Wirda Budiyanto,dipa43@example.net,+62 (059) 641-0340,Parepare,Basic,2024-01-16
P00199,Cinthia Marbun,irmayuliarti@example.org,085 690 3634,Medan,Basic,2024-11-06
P00200,Mala Maryadi,vmardhiyah@example.net,(0213) 051 6167,Metro,Basic,2023-06-08
P00201,"dr. Agnes Sirait, S.E.I",fsitompul@example.net,(0033) 699 6538,Mojokerto,Basic,2024-09-16
P00202,Puspa Mansur,wasisanggraini@example.net,+62 (834) 275 5603,Yogyakarta,Gold,2024-08-16
P00203,"Tgk. Rini Agustina, S.Gz",indralestari@example.org,(013) 178 5710,Kota Administrasi Jakarta Selatan,Basic,2024-03-27
P00204,Edi Oktaviani,palastridewi@example.com,(0855) 228-5395,Sawahlunto,Basic,2023-06-14
P00205,Drs. Daliman Najmudin,perkasaoktaviani@example.org,+62 (009) 511-7902,Palu,Basic,2024-10-26
P00206,Zamira Tampubolon,caturanggazulkarnain@example.org,+62 (044) 613 4399,Samarinda,Basic,2023-05-07
P00207,"Surya Oktaviani, S.Psi",qsirait@example.net,(020) 554-8958,Padangpanjang,Platinum,2023-12-04
P00208,Suci Megantara,ismailusada@example.net,0861625896,Tebingtinggi,Gold,2023-06-24
P00209,Ifa Rahayu,ajimin71@example.org,+62 (349) 368-6367,Tarakan,Basic,2024-05-22
P00210,Dt. Asirwanda Anggraini,,+62 (0173) 596-4852,Meulaboh,Gold,2024-08-31
P00211,"Drs. Dewi Wastuti, M.TI.",mandalaaswani@example.com,+62 (0197) 110 0524,Salatiga,Basic,2023-03-11
P00212,Artawan Hastuti,dipa42@example.net,+62-0092-410-8040,Madiun,Basic,2023-05-23
P00213,Usyi Suryono,kairav86@example.org,(0196) 467-8318,Kota Administrasi Jakarta Utara,Gold,2024-04-03
P00214,Hilda Kuswoyo,margana30@example.org,+62 (441) 211 7405,Lubuklinggau,Gold,2023-10-27
P00215,Juli Nasyidah,agussuryono@example.org,+62-046-879-0112,Lubuklinggau,Basic,2023-05-13
P00216,Mahfud Sirait,nnasyidah@example.com,+62 (0864) 026 7186,Purwokerto,Gold,2024-04-04
P00217,Clara Uyainah,xmaryati@example.net,(090) 307-4899,Bau-Bau,Platinum,2024-02-21
P00218,Dr. Restu Siregar,gunartoartawan@example.net,+62 (465) 986-5846,Bau-Bau,Basic,2024-11-13
P00219,dr. Najwa Napitupulu,elisa13@example.org,(0853) 812 9634,Palu,Gold,2023-05-02
P00220,Sadina Oktaviani,rdamanik@example.org,+62 (048) 612-4157,Kota Administrasi Jakarta Timur,Platinum,2023-08-05
P00221,Rusman Nurdiyanti,prabowogatra@example.com,+62-069-834-1903,Ternate,Gold,2023-07-15
P00222,"R. Najwa Hutasoit, M.Farm",wasismarpaung@example.com,+62-0298-968-6703,Sungai Penuh,Basic,2023-07-12
P00223,"dr. Eman Mustofa, M.Kom.",utamaana@example.com,+62 (408) 195 0739,Tual,Basic,2023-12-04
P00224,Kairav Megantara,keziamaheswara@example.org,+62-170-905-7471,Samarinda,Basic,2024-03-19
P00225,Salimah Agustina,dasasantoso@example.net,0850934230,Kotamobagu,Basic,2024-01-26
P00226,Tomi Sinaga,cahyadi87@example.net,+62-0592-846-3121,Bontang,Basic,2024-06-02
P00227,Samiah Laksmiwati,solehnatsir@example.com,+62-011-774-4651,Cimahi,Platinum,2023-12-18
P00228,"Fitria Suryatmi, S.E.",ana90@example.net,+62 (073) 621 8415,Madiun,Basic,2024-03-29
P00229,Oliva Aryani,nasyiahasmuni@example.net,+62 (22) 324 5650,Lubuklinggau,Gold,2023-07-07
P00230,Gawati Saptono,emin53@example.org,+62 (01) 412-9432,Tanjungbalai,Basic,2024-11-28
P00231,Pranawa Sihombing,makara65@example.org,+62-823-283-7748,Medan,Basic,2024-03-19
P00232,Rafid Hutasoit,gatotmardhiyah@example.org,+62 (28) 498 0730,Kota Administrasi Jakarta Pusat,Gold,2023-11-08
P00233,Vanesa Yulianti,galur39@example.org,+62-590-855-4790,Probolinggo,Gold,2024-04-14
P00234,Kani Ramadan,irsadnasyiah@example.net,+62-0990-841-6441,Tasikmalaya,Platinum,2023-11-04
P00235,Waluyo Nugroho,handayanisabri@example.com,+62-0646-048-8961,Pariaman,Basic,2024-02-02
P00236,"Drs. Hani Firgantoro, S.T.",susantikasim@example.com,+62-065-426-8173,Malang,Gold,2024-02-03
P00237,Balamantri Winarno,faridamarsudi@example.net,+62 (015) 060-2133,Bengkulu,Gold,2023-05-21
P00238,Balangga Rajata,kariman94@example.com,(0181) 647-3308,Mojokerto,Basic,2023-10-16
P00239,Tgk. Farhunnisa Marbun,kariman46@example.com,+62-0705-006-2013,Salatiga,Gold,2024-08-21
P00240,"Zahra Kurniawan, S.Pd",mustofajaya@example.org,+62 (017) 832-6336,Sabang,Basic,2023-10-25
P00241,"Dr. Siska Wijaya, S.Pd",halimahraharja@example.net,+62 (034) 207 7941,Surakarta,Platinum,2023-05-31
P00242,Kamaria Sinaga,gmustofa@example.com,+62 (0766) 776 3448,Sabang,Basic,2023-08-27
P00243,Akarsana Narpati,kamariaprasetya@example.com,+62 (086) 354 4644,Dumai,Gold,2023-03-07
P00244,Cayadi Prastuti,ibun03@example.org,+62 (0941) 735 7207,Bitung,Basic,2023-01-16
P00245,Atma Yulianti,prayoganarpati@example.com,+62-30-461-8669,Lhokseumawe,Basic,2023-07-13
P00246,Galar Tampubolon,septizulkarnain@example.net,+62-549-264-0886,Cimahi,Basic,2023-04-02
P00247,"Puti Salimah Sihotang, S.Pd",ukusmawati@example.org,+62 (74) 622 1022,Yogyakarta,Platinum,2024-04-15
P00248,Drs. Zamira Siregar,cayadi08@example.net,+62 (83) 259 4893,Tangerang,Basic,2023-06-28
P00249,"dr. Ida Permata, S.IP",rudi52@example.com,083 243 6318,Tanjungpinang,Basic,2023-07-03
P00250,"T. Pardi Kusmawati, S.Sos",gambira49@example.org,+62 (881) 819 0637,Surakarta,Basic,2023-06-13
P00251,Calista Iswahyudi,nmansur@example.net,+62 (0256) 493-3545,Medan,Gold,2023-03-06
P00252,"Saka Agustina, S.E.",hariyahhasan@example.org,(0459) 260 2932,Makassar,Basic,2024-03-28
P00253,Sutan Kenes Sitorus,sinagaian@example.com,0828646428,Salatiga,Gold,2024-11-03
P00254,Elvina Prastuti,ppradana@example.net,+62-662-022-9200,Tangerang Selatan,Platinum,2023-08-06
P00255,Lulut Susanti,fpuspita@example.com,+62 (0785) 042-1037,Pangkalpinang,Gold,2023-11-16
P00256,Tgk. Langgeng Kusmawati,malamegantara@example.net,(0100) 171 5846,Pematangsiantar,Basic,2023-10-22
P00257,"Febi Tamba, S.Gz",ajiono61@example.net,(0252) 406 8630,Kediri,Gold,2023-03-02
P00258,Ida Palastri,mulyanto38@example.org,+62-59-813-4170,Kota Administrasi Jakarta Barat,Gold,2024-08-25
P00259,"Puti Gasti Andriani, S.E.I",najwa32@example.com,(003) 085 7633,Pangkalpinang,Gold,2023-08-19
P00260,Karen Mandasari,jadriansyah@example.net,+62 (241) 324 8340,Sorong,Gold,2024-05-21
P00261,Putri Nainggolan,eluh41@example.com,+62 (0682) 782 5540,Medan,Gold,2023-04-04
P00262,Ilyas Putra,bsaptono@example.net,+62-24-094-4074,Bengkulu,Platinum,2023-08-13
P00263,Daliman Prastuti,esuwarno@example.com,+62-50-171-4176,Magelang,Gold,2023-05-19
P00264,"Salsabila Purnawati, S.Gz",rajatakarja@example.net,+62 (0255) 269-4168,Jambi,Basic,2024-08-31
P00265,"Malika Hakim, M.Pd",lailafujiati@example.com,0882857299,Malang,Gold,2024-09-29
P00266,T. Raihan Lailasari,manullangtedi@example.com,+62 (0324) 515-5760,Kota Administrasi Jakarta Utara,Platinum,2024-08-24
P00267,"Rahmi Wibowo, S.T.",wulanlestari@example.com,+62 (151) 974-7277,Pontianak,Basic,2024-09-23
P00268,Sabrina Purnawati,emilmaryadi@example.net,(095) 183-5084,Parepare,Gold,2024-08-13
P00269,"KH. Cawisadi Prasetya, M.TI.",qpermadi@example.net,+62-553-431-2559,Banjar,Gold,2023-03-23
P00270,Prabowo Mustofa,kanimandasari@example.com,(0976) 565 5472,Cilegon,Basic,2024-08-20
P00271,"Purwadi Thamrin, S.Farm",fmansur@example.net,(0870) 125 0299,Depok,Platinum,2023-10-09
P00272,"H. Najam Napitupulu, S.Psi",handayaniyoga@example.com,0874565001,Pontianak,Basic,2024-01-11
P00273,Febi Prastuti,mwaluyo@example.net,0811911279,Semarang,Basic,2024-04-07
P00274,Bakijan Utami,jarwi11@example.org,+62-057-178-6561,Banjarbaru,Basic,2023-09-30
P00275,Harsana Aryani,hastaprayoga@example.com,+62 (512) 720 3023,Bogor,Basic,2023-08-19
P00276,Vicky Kusmawati,maryatiumay@example.com,+62-74-078-7282,Sabang,Basic,2024-05-04
P00277,"Tgk. Slamet Hartati, S.E.I",lidyalestari@example.org,+62-0121-960-1340,Kotamobagu,Basic,2024-06-19
P00278,Nurul Waskita,,+62 (688) 547-0677,Pekanbaru,Basic,2024-01-19
P00279,Gara Haryanti,hramadan@example.net,+62-003-499-7625,Padangpanjang,Basic,2024-05-14
P00280,"Lembah Latupono, S.I.Kom",halimahmakuta@example.org,(0572) 162 4366,Pangkalpinang,Basic,2023-02-18
P00281,Julia Putra,qfirmansyah@example.net,(072) 820-4728,Batam,Basic,2023-03-17
P00282,Nilam Zulkarnain,prabowokezia@example.net,(0246) 376-7378,Subulussalam,Gold,2023-11-17
P00283,"Tgk. Darijan Damanik, S.T.",xananakusmawati@example.org,+62-092-264-1035,Bekasi,Basic,2023-08-27
P00284,Salsabila Habibi,hadi55@example.com,083 820 8011,Tanjungbalai,Basic,2023-12-04
P00285,"Cakrabirawa Uwais, S.Gz",fujiatinasab@example.org,+62-82-808-8642,Bitung,Basic,2023-07-30
P00286,Ghani Maulana,zprakasa@example.net,+62 (231) 806 9840,Parepare,Gold,2024-11-09
P00287,Jamal Saefullah,bagyawidodo@example.org,(0667) 525 9061,Payakumbuh,Basic,2024-10-08
P00288,"Heru Saputra, S.Pt",simbolonwasis@example.com,(031) 155 1262,Tebingtinggi,Gold,2024-01-30
P00289,Tgk. Laila Sitompul,ihsannamaga@example.net,(0952) 290-7777,Blitar,Gold,2024-05-05
P00290,Dr. Edi Mangunsong,widodogandi@example.org,+62 (345) 471 1112,Manado,Gold,2023-11-23
P00291,"Maimunah Permadi, S.Sos",handayanizahra@example.org,+62 (421) 208-0833,Tomohon,Basic,2024-08-19
P00292,Yono Mustofa,budioktaviani@example.com,(0074) 401-8785,Semarang,Gold,2024-10-08
P00293,Ayu Marbun,baktiadi09@example.com,+62 (38) 998-7676,Kediri,Gold,2024-09-25
P00294,Almira Astuti,hidayatpurwa@example.com,0872879005,Sibolga,Gold,2023-04-09
P00295,Gaman Astuti,umay08@example.com,+62 (95) 415 3741,Purwokerto,Platinum,2023-09-08
P00296,"Tedi Prasasta, M.Kom.",firmansyahgilang@example.org,+62-0207-116-6447,Cirebon,Basic,2024-02-13
P00297,Mala Dabukke,nadinesuryono@example.net,+62-60-804-1932,Lubuklinggau,Gold,2023-09-08
P00298,"Vanesa Nurdiyanti, S.E.I",wsinaga@example.net,+62 (047) 839 4256,Palu,Gold,2023-02-17
P00299,"Dr. Kezia Pertiwi, S.I.Kom",vanyasiregar@example.org,+62-516-108-9587,Pontianak,Basic,2024-10-14
P00300,"R. Baktiono Sitompul, M.TI.",rendy05@example.org,+62 (52) 704 0264,Kota Administrasi Jakarta Pusat,Basic,2023-08-01
P00301,dr. Ilsa Kusumo,kiandra50@example.com,+62 (0930) 330 3283,Cirebon,Platinum,2024-02-12
P00302,Tantri Wulandari,csusanti@example.com,(0973) 791 1235,Bukittinggi,Platinum,2024-03-01
P00303,Jinawi Firgantoro,ythamrin@example.net,+62 (0494) 915 8691,Lubuklinggau,Basic,2024-05-06
P00304,Drs. Prayoga Pratama,bsirait@example.com,0822474071,Pekanbaru,Platinum,2024-11-01
P00305,Umar Irawan,,+62 (020) 831-1404,Surakarta,Platinum,2023-10-29
P00306,"R.M. Dipa Wastuti, S.Farm",yuliartipurwanto@example.net,+62 (0471) 532-3279,Kotamobagu,Basic,2023-04-22
P00307,Hasna Sihombing,aisyah86@example.net,+62-094-629-7218,Surakarta,Basic,2023-12-20
P00308,Gasti Utami,xhidayanto@example.org,086 172 1496,Tidore Kepulauan,Gold,2023-05-26
P00309,Irma Habibi,tyuliarti@example.net,+62 (11) 259-1389,Banjarbaru,Gold,2024-07-15
P00310,"Ami Irawan, S.E.",hafshah34@example.net,085 108 5629,Solok,Basic,2023-10-30
P00311,Sakura Lailasari,nashiruddindaruna@example.org,(0496) 355-5658,Kotamobagu,Gold,2024-05-24
P00312,"dr. Galak Yolanda, S.Gz",maryadisimanjuntak@example.com,086 925 2457,Kediri,Basic,2023-02-16
P00313,Balapati Rajasa,usiregar@example.com,+62-0130-899-9861,Bukittinggi,Basic,2023-06-04
P00314,Bahuwirya Putra,aryanidimaz@example.com,(099) 813-8694,Tomohon,Basic,2024-04-15
P00315,Dadi Suwarno,iswahyudiradit@example.net,+62 (0050) 116-5983,Magelang,Basic,2024-01-25
P00316,Ade Safitri,adiarja25@example.net,+62 (56) 540 5547,Tanjungbalai,Gold,2024-08-19
P00317,Vera Pratama,nasabthamrin@example.net,0835105557,Kota Administrasi Jakarta Pusat,Basic,2024-09-20
P00318,Paiman Prasetyo,elonsitumorang@example.com,(0104) 219-0527,Binjai,Gold,2024-10-15
P00319,Sakura Saptono,,+62-848-714-5776,Banjar,Basic,2024-05-10
P00320,Dr. Gina Winarsih,mahendraratna@example.org,(052) 686-0528,Banjarbaru,Basic,2024-01-15
P00321,Cakrabirawa Sihombing,yusufmaheswara@example.com,+62 (0134) 540-7432,Salatiga,Basic,2024-03-18
P00322,Vino Setiawan,alikapalastri@example.net,+62 (122) 210 4979,Sawahlunto,Basic,2023-12-26
P00323,"Paramita Dabukke, S.I.Kom",yprayoga@example.com,(0003) 471 0725,Balikpapan,Basic,2023-01-10
P00324,Warji Wulandari,hutagalungrahmi@example.org,(031) 973-2139,Langsa,Basic,2023-09-20
P00325,Eli Uyainah,wardayasiregar@example.com,+62-61-718-6170,Tanjungbalai,Basic,2024-05-10
P00326,Elvin Riyanti,wsiregar@example.net,+62 (061) 081 8187,Bogor,Gold,2023-12-16
P00327,"R.M. Cakrabirawa Wacana, S.I.Kom",hartana41@example.net,+62-0936-556-9436,Mataram,Basic,2023-02-20
P00328,Drs. Lulut Maheswara,ismail46@example.org,+62-096-362-7700,Tarakan,Platinum,2023-08-14
P00329,Puti Melinda Najmudin,fiswahyudi@example.net,+62 (075) 958-6070,Kota Administrasi Jakarta Timur,Gold,2024-07-06
P00330,Paulin Jailani,nadia98@example.org,0835225265,Jambi,Gold,2023-02-11
P00331,Sarah Tampubolon,baktianto17@example.org,+62-95-295-9142,Tomohon,Basic,2024-03-29
P00332,Vicky Hidayat,tambajelita@example.com,0804339774,Tarakan,Basic,2024-04-28
P00333,Cemplunk Suryatmi,lulutkuswandari@example.org,+62 (03) 627-4073,Pekalongan,Gold,2023-06-11
P00334,"Maria Zulaika, S.Sos",kenarianggraini@example.org,+62 (0018) 867-1900,Bima,Gold,2023-02-13
P00335,Mutia Yuniar,cayadinasyiah@example.com,+62 (21) 367-6511,Prabumulih,Gold,2024-01-22
P00336,Oni Firmansyah,kenes04@example.net,+62 (091) 444-4802,Banda Aceh,Gold,2023-05-13
P00337,"Ayu Novitasari, S.Farm",bakionomandala@example.org,+62 (0242) 693-0102,Makassar,Basic,2024-04-26
P00338,Jasmin Padmasari,gading87@example.com,+62 (077) 211 0539,Ambon,Basic,2023-07-20
P00339,R.A. Zulfa Damanik,rahayusabrina@example.org,+62-040-733-6013,Tangerang Selatan,Basic,2023-12-30
P00340,R. Kasiyah Prasetya,nilam77@example.org,+62-0866-178-7675,Surakarta,Gold,2024-05-25
P00341,Dodo Palastri,isinaga@example.org,+62 (65) 006 2854,Depok,Basic,2024-01-21
P00342,Kamaria Hidayanto,kamaria58@example.org,+62 (029) 692-8635,Batu,Gold,2024-02-26
P00343,Drs. Maryanto Widodo,maulanajoko@example.net,+62-0322-503-2708,Pangkalpinang,Basic,2024-08-31
P00344,Rangga Astuti,prakasamulyanto@example.net,+62 (89) 173-4625,Cirebon,Basic,2023-08-15
P00345,Umaya Utami,wulandarihamzah@example.com,+62-014-903-1083,Bontang,Basic,2023-06-14
P00346,Rahmi Siregar,xsihotang@example.com,(059) 874-0760,Lhokseumawe,Basic,2024-08-02
P00347,Rahmat Hardiansyah,osudiati@example.org,(073) 106 4874,Tomohon,Platinum,2023-06-17
P00348,"Cut Ella Budiyanto, M.TI.",jumari85@example.org,+62 (51) 938 2610,Jambi,Gold,2024-01-12
P00349,Novi Hidayat,edipuspasari@example.org,(0074) 620 9683,Probolinggo,Basic,2024-11-19
P00350,Ika Budiyanto,simon35@example.net,+62-602-167-3094,Samarinda,Gold,2024-02-26
P00351,Tgk. Jatmiko Tampubolon,nsiregar@example.org,(081) 795-5320,Lubuklinggau,Platinum,2024-09-17
P00352,"R.A. Queen Kusumo, S.Pt",setiawanlasmono@example.com,+62 (560) 795 4182,Banjarbaru,Basic,2024-11-24
P00353,Cakrabuana Handayani,jaiman54@example.com,+62 (066) 380-9912,Lubuklinggau,Gold,2023-10-16
P00354,Bagya Laksmiwati,jumadiuwais@example.org,(077) 996 9336,Makassar,Basic,2024-12-02
P00355,"Ami Waskita, S.IP",galihhakim@example.com,(041) 738-3154,Padang Sidempuan,Basic,2024-10-20
P00356,Panca Pratama,zsihombing@example.com,(051) 942 3730,Manado,Gold,2023-07-20
P00357,Dr. Satya Najmudin,ypratiwi@example.com,(036) 469 0704,Prabumulih,Basic,2024-10-11
P00358,Icha Latupono,omandongoran@example.net,+62 (097) 026-2727,Langsa,Platinum,2024-05-11
P00359,"Karen Firmansyah, S.Pd",nasab50@example.net,(045) 990-3852,Makassar,Basic,2024-05-12
P00360,T. Panji Rahayu,lulut23@example.org,+62 (226) 832 0519,Pangkalpinang,Basic,2023-08-31
P00361,Kasiyah Najmudin,gandidamanik@example.com,+62 (362) 083-0412,Pasuruan,Platinum,2023-09-29
P00362,Gawati Budiman,ynainggolan@example.com,(0715) 662 4863,Kediri,Gold,2024-08-17
P00363,"Ir. Mustika Budiman, S.E.",abyasamardhiyah@example.com,+62 (0701) 979 3199,Metro,Basic,2024-05-26
P00364,Joko Suryatmi,,+62 (0175) 625 0651,Sorong,Platinum,2024-10-13
P00365,"Puti Gasti Situmorang, S.E.I",prayitnakurniawan@example.net,0890643735,Padangpanjang,Basic,2024-11-25
P00366,"Budi Nasyiah, S.H.",imam25@example.org,+62 (076) 572 3157,Bukittinggi,Gold,2024-09-05
P00367,Kamila Mansur,dadi89@example.com,+62 (587) 492 3119,Surakarta,Basic,2023-12-09
P00368,Yuni Santoso,kasiranmangunsong@example.com,+62 (853) 794-0718,Tarakan,Platinum,2024-09-10
P00369,Mujur Halim,cnatsir@example.com,+62 (348) 538 4634,Serang,Gold,2024-08-29
P00370,Johan Namaga,ymarbun@example.com,+62-35-108-6456,Dumai,Basic,2023-08-30
P00371,"R.A. Oliva Fujiati, S.T.",hardiansyahsiska@example.com,+62-0915-510-7476,Solok,Basic,2023-03-25
P00372,"R.M. Kasim Handayani, S.Ked",mumpuni55@example.net,(046) 053-3174,Batu,Basic,2024-05-08
P00373,Yusuf Namaga,hidayatheru@example.org,(0289) 499 3817,Sukabumi,Gold,2024-05-22
P00374,Wadi Kurniawan,olatupono@example.com,082 786 6385,Bengkulu,Gold,2023-01-02
P00375,Sabri Putra,olga37@example.com,(0407) 822 2139,Kediri,Platinum,2023-05-11
P00376,Setya Suryatmi,ganepwijayanti@example.org,+62-028-061-7392,Cirebon,Basic,2023-04-04
P00377,Gilda Mulyani,csuryatmi@example.org,+62 (51) 933 2243,Pematangsiantar,Basic,2024-11-09
P00378,Daru Kusumo,kania17@example.org,+62 (0049) 333-7906,Meulaboh,Basic,2024-03-11
P00379,Victoria Damanik,ajiman56@example.net,(078) 430-6281,Tangerang,Platinum,2024-04-11
P00380,"Ir. Cindy Rahimah, M.TI.",npertiwi@example.org,+62 (109) 986-4789,Kotamobagu,Basic,2023-06-21
P00381,Salman Iswahyudi,abyasa73@example.com,+62 (79) 955 0610,Kota Administrasi Jakarta Selatan,Basic,2023-08-16
P00382,H. Perkasa Situmorang,rajatatiara@example.com,+62-265-899-5588,Sukabumi,Basic,2024-03-05
P00383,"Ida Tampubolon, S.Pd",warta27@example.net,+62-0579-342-7495,Bima,Basic,2023-01-05
P00384,"Bajragin Mardhiyah, M.Kom.",sirawan@example.org,+62-46-271-2443,Yogyakarta,Gold,2023-10-13
P00385,dr. Endah Iswahyudi,wardiriyanti@example.com,+62 (036) 502-6491,Makassar,Platinum,2024-11-07
P00386,Adinata Siregar,slamet77@example.net,(085) 038-8905,Lhokseumawe,Basic,2024-06-07
P00387,R. Satya Yuliarti,pradiptaikhsan@example.com,(043) 267 7631,Tangerang,Basic,2024-07-18
P00388,"Dinda Haryanto, S.IP",hidayatjasmin@example.net,+62 (90) 607-9119,Kediri,Gold,2024-11-05
P00389,Hani Fujiati,pradiptakasusra@example.org,(038) 784-8299,Batam,Gold,2023-08-12
P00390,Padmi Halimah,ihidayat@example.org,+62 (0723) 014-3246,Cilegon,Basic,2023-04-04
P00391,Ganjaran Natsir,rudi28@example.com,+62-671-736-5354,Padang Sidempuan,Basic,2023-02-09
P00392,Banara Winarsih,betania11@example.org,(083) 127-2887,Tasikmalaya,Basic,2023-05-14
P00393,Emas Uyainah,siraitelma@example.org,+62 (049) 623-5969,Surabaya,Platinum,2023-08-17
P00394,"Dt. Gandi Situmorang, S.IP",daliminrahimah@example.org,(0936) 176 1012,Salatiga,Basic,2023-03-03
P00395,T. Marsito Mardhiyah,aswani34@example.com,+62 (034) 763-6683,Bekasi,Gold,2023-11-25
P00396,"R. Agnes Permadi, S.Pt",sarah46@example.com,+62 (010) 453-1259,Pangkalpinang,Basic,2023-02-11
P00397,drg. Lukita Yuniar,jpurwanti@example.org,+62-16-601-8061,Kediri,Gold,2023-08-11
P00398,Drs. Elvina Wijaya,clara66@example.org,(005) 113 2499,Dumai,Gold,2023-04-10
P00399,Nyoman Zulaika,vsihombing@example.com,+62 (011) 578 9627,Jayapura,Basic,2023-12-15
P00400,Balijan Zulaika,galiono25@example.org,(039) 732 7514,Ambon,Basic,2024-07-24
P00401,"R.A. Sari Padmasari, S.Farm",najmudinismail@example.org,(053) 398-4553,Ambon,Basic,2023-04-19
P00402,Tgk. Dariati Permata,umaya28@example.org,(020) 332 8868,Bau-Bau,Basic,2024-04-20
P00403,Ani Dabukke,bakiono82@example.org,+62 (951) 747 7367,Malang,Platinum,2024-01-11
P00404,"dr. Eja Saptono, S.Pt",idabukke@example.net,+62 (0028) 532-4943,Bandung,Basic,2023-11-28
P00405,Cut Genta Marbun,ksaputra@example.org,+62 (084) 589 7610,Lubuklinggau,Basic,2024-10-09
P00406,"Dwi Waluyo, S.I.Kom",lailasarirafi@example.com,(0781) 584-5459,Malang,Basic,2024-09-21
P00407,Wakiman Wibisono,karjahandayani@example.com,+62 (06) 428-0314,Banda Aceh,Platinum,2024-09-19
P00408,Jayeng Jailani,utamaedison@example.com,+62 (046) 804-2521,Sukabumi,Basic,2024-03-01
P00409,"Tgk. Harsana Megantara, S.Ked",usuryono@example.org,+62 (986) 265 5240,Batam,Gold,2023-12-22
P00410,"Ir. Cindy Wulandari, S.Kom",wibisonodimas@example.com,+62 (62) 124 5529,Palopo,Platinum,2023-10-13
P00411,"H. Legawa Utama, S.Psi",myuliarti@example.org,+62 (063) 544 3340,Lubuklinggau,Basic,2024-03-18
P00412,Ana Nasyiah,,(0266) 023 1872,Bekasi,Platinum,2023-03-01
P00413,"Lala Manullang, M.Pd",jarwa92@example.com,+62 (73) 520 6128,Solok,Gold,2024-08-13
P00414,Rina Wahyuni,lhasanah@example.net,0821686913,Mataram,Basic,2024-08-04
P00415,Dr. Karen Riyanti,hutagalungtri@example.org,+62 (720) 238-2071,Parepare,Gold,2023-02-04
P00416,"T. Saiful Pertiwi, S.Gz",maulanamalika@example.org,+62-060-265-2923,Bima,Gold,2024-02-11
P00417,Lalita Novitasari,febi31@example.org,+62-294-685-0756,Semarang,Platinum,2024-04-27
P00418,"T. Cahyo Maryadi, S.I.Kom",kmaryati@example.org,+62-072-084-9515,Malang,Gold,2024-04-14
P00419,"Gina Maulana, S.Sos",siregarindah@example.net,+62 (0055) 491-9536,Mataram,Basic,2024-07-22
P00420,"drg. Ismail Nugroho, M.Ak",kurniaharyanto@example.com,+62 (249) 867 6413,Kupang,Gold,2023-06-17
P00421,"Uchita Padmasari, M.M.",simonlailasari@example.org,+62 (786) 390-5788,Kota Administrasi Jakarta Utara,Basic,2023-06-06
P00422,Prasetya Jailani,apadmasari@example.org,+62 (0723) 262 7849,Kota Administrasi Jakarta Timur,Basic,2024-11-20
P00423,drg. Garang Hutagalung,ihidayat@example.net,+62-46-306-8445,Tidore Kepulauan,Basic,2023-11-02
P00424,Daryani Namaga,lukmannamaga@example.com,+62 (457) 720-2927,Cimahi,Basic,2024-03-15
P00425,"dr. Malika Laksita, S.Psi",purnawatikemal@example.org,0840249031,Singkawang,Gold,2024-09-21
P00426,R.A. Tami Wibisono,umay90@example.org,+62-512-366-6833,Lubuklinggau,Gold,2023-02-28
P00427,Cornelia Suryatmi,wisnusafitri@example.com,(098) 713-4932,Parepare,Gold,2023-09-04
P00428,Kardi Halim,jagapati03@example.org,+62 (14) 173 0154,Meulaboh,Basic,2023-08-12
P00429,"Galuh Gunarto, S.Psi",nugraha00@example.org,+62 (0978) 268-6256,Semarang,Basic,2024-10-11
P00430,"Saiful Tarihoran, S.E.I",ipermata@example.org,+62-0090-014-0514,Kotamobagu,Basic,2023-10-26
P00431,Salsabila Padmasari,iswahyuditaufan@example.net,+62-909-486-0509,Jambi,Basic,2024-10-14
P00432,"dr. Dono Uyainah, S.Pt",latuponoprabowo@example.net,+62 (0497) 753-0548,Dumai,Basic,2024-05-08
P00433,Agus Mansur,drajatsuwarno@example.net,+62-32-455-7209,Surabaya,Basic,2023-03-27
P00434,Kiandra Thamrin,dsantoso@example.com,+62-014-103-3352,Batu,Basic,2024-08-13
P00435,Ika Lailasari,maryadicakrawangsa@example.com,(0206) 306 0264,Medan,Basic,2024-02-18
P00436,Edi Budiyanto,aandriani@example.com,(083) 312 7406,Kotamobagu,Gold,2024-10-18
P00437,"Sutan Kayun Maryati, S.Sos",yyuliarti@example.net,0894472201,Gorontalo,Basic,2023-10-02
P00438,"Ibrahim Rahimah, M.Pd",,+62-73-254-7012,Kota Administrasi Jakarta Timur,Basic,2023-09-29
P00439,Manah Uyainah,pmaryati@example.org,(055) 784 7445,Sibolga,Basic,2023-12-21
P00440,Kamal Suryono,raharja71@example.net,+62-035-846-9206,Kota Administrasi Jakarta Utara,Basic,2024-09-12
P00441,"Novi Mandala, S.H.",calista11@example.com,+62 (034) 461 1982,Cilegon,Gold,2023-05-07
P00442,"Catur Hassanah, S.Farm",gnarpati@example.org,0854580716,Semarang,Gold,2023-09-18
P00443,R. Padmi Thamrin,salimahagustina@example.org,+62-768-881-0443,Pekalongan,Basic,2023-09-07
P00444,Sakura Utami,snamaga@example.org,086 993 6753,Pagaralam,Gold,2023-03-12
P00445,"Radit Hartati, S.Pt",hasnaprasasta@example.com,+62-091-259-7580,Sabang,Basic,2023-06-21
P00446,"Hj. Puti Hakim, S.Pt",ayulianti@example.org,086 888 2149,Pekalongan,Basic,2024-11-02
P00447,Samsul Suryono,dongoranwardaya@example.com,+62-96-709-6054,Purwokerto,Platinum,2024-11-20
P00448,"Diah Ardianto, S.IP",ademangunsong@example.org,+62 (90) 172-0567,Pekalongan,Platinum,2023-09-25
P00449,Muni Narpati,adhiarja57@example.com,+62 (77) 605 7669,Kota Administrasi Jakarta Pusat,Basic,2024-03-10
P00450,"dr. Maryanto Zulaika, M.M.",jaiman31@example.com,(0033) 592-7702,Probolinggo,Basic,2024-10-11
P00451,"Calista Saefullah, S.Ked",vmelani@example.org,+62-987-204-1019,Jayapura,Platinum,2024-02-23
P00452,Hartaka Wahyudin,titin31@example.net,+62 (991) 658-6118,Bau-Bau,Basic,2023-09-10
P00453,Tiara Hidayat,cpratiwi@example.net,+62 (0706) 205-7963,Jayapura,Gold,2024-05-01
P00454,Rika Latupono,siska26@example.net,+62-65-643-7143,Payakumbuh,Gold,2023-09-09
P00455,Cut Ayu Budiman,kenzie17@example.org,(0027) 766 3160,Jambi,Platinum,2023-11-17
P00456,"Kalim Mulyani, M.M.",prabowomumpuni@example.com,+62-98-918-1589,Batam,Basic,2024-01-31
P00457,R. Jagaraga Waskita,mitrasitompul@example.com,+62 (041) 924 4642,Meulaboh,Basic,2023-10-26
P00458,Anom Sihombing,dewi37@example.com,+62-0133-384-4194,Probolinggo,Basic,2024-09-29
P00459,Yulia Irawan,qori88@example.net,+62 (67) 680 1123,Cirebon,Gold,2024-05-01
P00460,"Dr. Suci Pertiwi, S.T.",reza86@example.com,083 612 5738,Surabaya,Basic,2023-10-24
P00461,Fathonah Wacana,wibowoputri@example.net,+62 (0757) 147 4417,Surakarta,Gold,2024-06-15
P00462,Cagak Laksmiwati,zamira57@example.net,+62-059-173-2601,Bengkulu,Basic,2024-08-03
P00463,Simon Siregar,cawisonosafitri@example.org,+62-890-958-4006,Singkawang,Basic,2023-07-21
P00464,"Kasim Salahudin, S.Sos",frajasa@example.com,+62 (0627) 385-9275,Batu,Basic,2023-01-16
P00465,"Wawan Winarno, S.H.",usaputra@example.net,(011) 109 9243,Kota Administrasi Jakarta Utara,Gold,2024-07-02
P00466,"R.M. Naradi Anggraini, S.E.",pardi63@example.net,+62-207-735-4051,Surakarta,Platinum,2023-11-04
P00467,dr. Asmuni Mandala,uwaiscawuk@example.com,+62-050-524-3430,Cirebon,Basic,2023-08-10
P00468,dr. Erik Nuraini,sinagaqueen@example.com,+62 (093) 251-9914,Banjar,Basic,2024-01-03
P00469,Genta Damanik,,(018) 398-7997,Pangkalpinang,Gold,2023-09-22
P00470,dr. Ibrani Firmansyah,ranggazulkarnain@example.net,+62 (38) 751 2311,Tangerang,Basic,2024-09-21
P00471,Humaira Natsir,rhakim@example.org,(0753) 372-0764,Ambon,Basic,2024-02-13
P00472,"R. Vera Thamrin, S.Sos",darsirah43@example.com,+62 (69) 747 4391,Padangpanjang,Gold,2023-11-29
P00473,"Karen Wastuti, M.Farm",lailahakim@example.org,+62 (0627) 786-9661,Palembang,Basic,2024-10-16
P00474,Putri Waskita,kurnia56@example.net,+62 (027) 961 1838,Denpasar,Basic,2024-01-06
P00475,"Nadia Laksmiwati, S.E.",utamikurnia@example.net,+62-057-138-6051,Kota Administrasi Jakarta Selatan,Basic,2024-12-02
P00476,Hilda Hidayat,purwadiwidodo@example.com,087 820 5076,Banjar,Basic,2023-11-17
P00477,Rahmi Aryani,cmegantara@example.com,+62 (77) 657 7064,Tegal,Gold,2023-05-15
P00478,Mila Lestari,csalahudin@example.org,+62 (87) 672 0219,Mataram,Basic,2024-09-20
P00479,"Drs. Padmi Simanjuntak, S.Farm",nova22@example.com,+62 (767) 943-8331,Jayapura,Basic,2023-03-07
P00480,Galang Suryono,bakiono82@example.com,+62-40-982-1139,Bekasi,Basic,2024-09-30
P00481,"Bagya Najmudin, M.Pd",vastuti@example.net,(0353) 662 3227,Kota Administrasi Jakarta Timur,Basic,2023-12-23
P00482,Cakrajiya Habibi,ypermadi@example.org,+62 (89) 564-5106,Langsa,Basic,2024-01-21
P00483,Syahrini Winarno,hutapeagading@example.org,+62-293-117-3967,Bekasi,Basic,2023-07-22
P00484,"Dadap Pratiwi, S.I.Kom",snovitasari@example.net,0853334204,Cirebon,Gold,2023-02-21
P00485,Puti Nadine Damanik,paimansuwarno@example.com,+62 (83) 633-3706,Sorong,Basic,2024-02-09
P00486,"Tgk. Harimurti Irawan, M.TI.",mlazuardi@example.net,0802666484,Padang,Platinum,2023-03-19
P00487,Gatot Setiawan,tamimangunsong@example.org,+62 (074) 499-1295,Medan,Basic,2023-05-19
P00488,Bella Wacana,permadiyoga@example.net,+62 (0345) 091-9764,Padang,Basic,2024-10-03
P00489,"dr. Hamima Sihotang, S.Kom",nababanbahuwirya@example.com,+62 (0668) 045 3853,Pekalongan,Platinum,2024-09-16
P00490,"Ir. Joko Hariyah, S.Kom",shakila57@example.org,(004) 453 9247,Madiun,Basic,2024-04-26
P00491,"Zelaya Hassanah, S.H.",hassanahwani@example.org,(021) 887-3919,Madiun,Basic,2023-05-03
P00492,"Karna Uwais, S.Kom",darukusmawati@example.com,+62-0537-451-5510,Blitar,Gold,2024-01-03
P00493,"Rafid Usada, S.E.I",,(019) 509 9655,Bandar Lampung,Basic,2024-01-27
P00494,"R. Devi Sudiati, M.M.",natsirbudi@example.com,+62 (0235) 633 0678,Tegal,Basic,2023-04-16
P00495,T. Ibrahim Fujiati,najam47@example.com,+62 (48) 578-5371,Sorong,Basic,2023-11-11
P00496,Ina Gunarto,gabriella26@example.net,+62-061-906-7809,Solok,Basic,2023-09-12
P00497,R.A. Sadina Prasetya,vanesarajata@example.com,(0086) 652 9601,Tidore Kepulauan,Basic,2024-05-31
P00498,Muni Hidayanto,dartono93@example.org,+62 (0287) 005-3759,Ternate,Platinum,2024-09-16
P00499,Edi Hartati,zfirgantoro@example.org,+62 (052) 237-0731,Padangpanjang,Basic,2024-04-27
P00500,Cornelia Wijaya,ratna86@example.com,+62 (0371) 554 7712,Cilegon,Basic,2024-04-25
P00501,"Vicky Mandasari, S.Gz",zharyanto@example.org,+62 (653) 185 2573,Padangpanjang,Gold,2023-04-13
P00502,Ir. Suci Lestari,jailanikarya@example.org,0827109034,Pontianak,Gold,2023-03-07
P00503,Mahfud Namaga,tarihoranraina@example.net,(0185) 356 7742,Payakumbuh,Basic,2024-03-25
P00504,Cakrawangsa Najmudin,legawasamosir@example.org,(0968) 341 3429,Palembang,Gold,2024-02-27
P00505,"drg. Maman Riyanti, S.Kom",budiyantokenes@example.com,+62 (84) 107-7944,Pasuruan,Basic,2023-09-05
P00506,"H. Harimurti Manullang, S.E.",qwaskita@example.com,+62 (17) 680-8585,Kota Administrasi Jakarta Selatan,Basic,2023-06-20
P00507,Hj. Intan Jailani,gsudiati@example.org,0837290469,Pematangsiantar,Basic,2024-11-21
P00508,"Ir. Padma Anggraini, S.H.",nwasita@example.net,+62-024-994-4404,Solok,Basic,2024-09-17
P00509,Bakiadi Prasasta,dodo76@example.com,+62 (043) 286 6184,Probolinggo,Basic,2024-04-10
P00510,"Oni Nasyidah, M.TI.",digdaya38@example.org,+62 (008) 692 3599,Sukabumi,Basic,2023-09-23
P00511,Rahmat Yolanda,drajatjailani@example.net,+62-775-528-9251,Langsa,Platinum,2024-08-17
P00512,Hesti Manullang,jprasetya@example.org,(055) 037-8156,Denpasar,Platinum,2023-11-29
P00513,Putri Uyainah,wahyuninajam@example.net,(0738) 720 7619,Solok,Basic,2024-08-11
P00514,Kayla Hassanah,irnanto69@example.org,+62-048-422-3205,Singkawang,Basic,2023-12-10
P00515,"R.M. Bakiadi Lestari, S.Psi",labuhprakasa@example.org,+62 (034) 775-3002,Solok,Platinum,2024-07-07
P00516,Kiandra Mardhiyah,syulianti@example.com,+62-070-270-1973,Depok,Basic,2024-02-03
P00517,Vicky Aryani,uchitayuniar@example.net,+62 (400) 772 1191,Tasikmalaya,Basic,2024-11-19
P00518,"Ir. Karta Prastuti, M.Farm",sarah33@example.com,+62 (0213) 978-4359,Kota Administrasi Jakarta Timur,Basic,2024-07-24
P00519,Yance Suwarno,galih77@example.net,+62-70-940-8393,Yogyakarta,Basic,2024-06-25
P00520,Narji Nasyidah,onasyiah@example.com,+62-0940-551-2243,Pekalongan,Gold,2023-03-14
P00521,"KH. Setya Sudiati, S.T.",amelia91@example.com,0872864048,Meulaboh,Basic,2023-07-24
P00522,"Jessica Salahudin, M.M.",ajiminnasyiah@example.net,(0668) 650-6826,Surakarta,Basic,2023-04-27
P00523,Argono Astuti,cpranowo@example.org,+62-435-445-6726,Tasikmalaya,Basic,2024-08-02
P00524,"Dr. Mahesa Pudjiastuti, S.Pt",phakim@example.com,(012) 383-9106,Kota Administrasi Jakarta Pusat,Basic,2023-02-08
P00525,Bakijan Prasetyo,malikanainggolan@example.net,(0048) 399-7093,Parepare,Basic,2024-11-21
P00526,Rina Aryani,darmanto99@example.com,+62-0106-442-5062,Palembang,Basic,2023-02-15
P00527,Patricia Manullang,rahimahjail@example.org,+62-04-678-7109,Kediri,Basic,2023-01-22
P00528,Melinda Wibisono,budiyantodirja@example.com,+62-01-333-1563,Depok,Gold,2023-02-16
P00529,R.M. Hardi Anggriawan,haryantoajimin@example.org,082 183 4804,Makassar,Gold,2023-07-07
P00530,Estiawan Utami,pudjiastutijamal@example.org,+62 (0016) 429 9386,Kota Administrasi Jakarta Utara,Gold,2024-01-26
P00531,Dipa Hartati,xwidodo@example.com,086 412 7998,Banda Aceh,Basic,2024-03-11
P00532,Kasim Fujiati,wartawijaya@example.org,+62 (004) 358 9070,Tanjungpinang,Gold,2024-02-21
P00533,Latika Nainggolan,dariatirahmawati@example.org,+62 (0542) 418 3164,Binjai,Basic,2024-09-05
P00534,Ade Maheswara,siregarwaluyo@example.com,0849807646,Pekanbaru,Gold,2024-05-07
P00535,Wirda Kusumo,uli24@example.org,0874649391,Sungai Penuh,Basic,2023-06-08
P00536,Raisa Budiyanto,tami79@example.com,(073) 423 9782,Magelang,Basic,2023-12-23
P00537,Naradi Laksmiwati,megantaravirman@example.org,+62-080-669-2789,Banjarbaru,Basic,2024-11-02
P00538,Balijan Widiastuti,rachel44@example.net,081 281 3607,Tanjungpinang,Basic,2023-04-23
P00539,"Luis Rajasa, M.Kom.",siraityosef@example.org,082 074 4222,Kota Administrasi Jakarta Selatan,Basic,2023-06-08
P00540,Cut Ellis Haryanto,milanurdiyanti@example.com,(017) 945-1697,Magelang,Gold,2024-02-19
P00541,"Drs. Vera Pratiwi, S.H.",eyuliarti@example.org,(018) 422 3239,Magelang,Platinum,2024-01-10
P00542,Betania Hidayanto,gprasasta@example.net,+62-731-683-2690,Tasikmalaya,Gold,2023-02-21
P00543,"Dewi Laksita, S.E.I",mariaditampubolon@example.org,+62 (0386) 683 2633,Tangerang,Basic,2024-01-24
P00544,Hafshah Haryanti,pudjiastutigangsar@example.com,+62 (207) 776-3893,Mojokerto,Gold,2024-07-14
P00545,Garan Hariyah,yolandalasmono@example.net,(0384) 133-8540,Blitar,Platinum,2024-07-16
P00546,"Harjasa Puspasari, S.Psi",situmoranggarang@example.net,(0625) 617-3458,Purwokerto,Gold,2023-07-22
P00547,Najam Sirait,uwaislasmanto@example.com,+62 (0020) 126-8118,Magelang,Gold,2024-03-20
P00548,Gandi Yuliarti,muhammadoktaviani@example.net,+62 (29) 750 8023,Padang Sidempuan,Basic,2024-10-23
P00549,Bakda Prayoga,eja31@example.net,(0053) 623 3742,Lubuklinggau,Basic,2024-06-22
P00550,Reza Mardhiyah,manullangputri@example.org,+62-0680-740-2394,Bandar Lampung,Platinum,2024-07-30
P00551,Warsita Haryanti,zhardiansyah@example.com,+62-095-125-2562,Palangkaraya,Basic,2023-04-22
P00552,"R.M. Muni Namaga, S.Kom",ihsan30@example.net,(0973) 625-0914,Cilegon,Platinum,2024-05-05
P00553,Ulya Situmorang,vagustina@example.net,+62-869-738-8314,Jambi,Gold,2023-12-27
P00554,R.M. Daliono Ardianto,bellawulandari@example.com,+62 (246) 221 4501,Tidore Kepulauan,Basic,2024-02-07
P00555,"dr. Tania Yulianti, S.Kom",natsirperkasa@example.org,(061) 206-8366,Purwokerto,Basic,2023-11-07
P00556,"Ajiono Hakim, S.I.Kom",mumpuni03@example.net,+62 (03) 514 2196,Medan,Basic,2024-07-16
P00557,Anita Suryono,yusuf39@example.com,+62 (043) 879 8651,Medan,Basic,2024-02-01
P00558,Tari Kurniawan,ardiantodarijan@example.com,+62 (0291) 743-5140,Tegal,Gold,2024-09-13
P00559,"Lalita Pratiwi, S.Psi",ivan70@example.com,+62 (0317) 024-6002,Semarang,Basic,2023-11-01
P00560,"dr. Aris Hidayanto, S.Pd",kuswoyokania@example.net,+62-030-205-1598,Mataram,Basic,2023-12-21
P00561,"Shania Nainggolan, S.Pd",irsadhutapea@example.com,+62 (096) 934-1496,Batam,Platinum,2023-03-17
P00562,Raditya Prasasta,nurdiyantilulut@example.net,+62 (91) 442 3600,Gorontalo,Basic,2023-11-29
P00563,"R. Capa Jailani, S.IP",soleh43@example.org,+62 (03) 423-8589,Yogyakarta,Gold,2023-04-18
P00564,Novi Sinaga,dpermata@example.org,+62 (0701) 664 8819,Kota Administrasi Jakarta Barat,Gold,2023-02-26
P00565,"Usman Safitri, M.Kom.",rafid75@example.com,+62 (061) 203 9707,Pagaralam,Basic,2023-08-27
P00566,Tgk. Febi Anggriawan,daliman54@example.org,+62 (032) 691 1754,Purwokerto,Platinum,2023-11-25
P00567,"Puti Dinda Iswahyudi, S.H.",iutama@example.net,+62-244-748-5542,Mojokerto,Basic,2024-06-12
P00568,Sabar Novitasari,kkurniawan@example.com,+62 (053) 827 6204,Pangkalpinang,Basic,2024-04-10
P00569,Yulia Prasetyo,baktionositorus@example.net,+62 (38) 716 0046,Yogyakarta,Basic,2023-12-17
P00570,Kawaya Wastuti,purnawatidewi@example.org,+62-31-779-8623,Bitung,Gold,2023-06-17
P00571,Gambira Kurniawan,anggabayakusmawati@example.com,+62-044-686-4870,Bandung,Gold,2024-12-02
P00572,"T. Kambali Wibisono, S.E.",adinata20@example.com,+62 (154) 903 3355,Palopo,Gold,2024-11-29
P00573,Kemba Wacana,iyolanda@example.net,081 531 3594,Pematangsiantar,Gold,2023-09-08
P00574,Ghaliyati Maryati,xhartati@example.org,(065) 266 6312,Pontianak,Gold,2024-04-02
P00575,"Dt. Cemani Mandala, S.Gz",oktavianiestiawan@example.net,(054) 879 1751,Prabumulih,Basic,2023-01-25
P00576,Latika Purnawati,clara79@example.org,080 228 4539,Bukittinggi,Gold,2024-01-10
P00577,Salsabila Novitasari,juli09@example.org,0820862512,Tomohon,Basic,2023-03-08
P00578,Lili Lailasari,fitriani51@example.com,+62 (151) 258-8330,Subulussalam,Gold,2023-04-02
P00579,KH. Dwi Utami,zulaikha15@example.org,(0077) 814 0203,Binjai,Platinum,2024-10-17
P00580,Teguh Sitorus,,+62-590-916-3432,Banjarbaru,Basic,2024-05-21
P00581,Gilda Wijaya,malamardhiyah@example.net,+62 (790) 786 7998,Pekalongan,Gold,2024-03-25
P00582,"R.A. Lintang Hariyah, S.Sos",ypranowo@example.net,+62-481-894-3284,Bontang,Basic,2024-11-25
P00583,Carub Farida,sakura65@example.net,+62 (59) 209 4481,Bandar Lampung,Gold,2024-01-02
P00584,Daliman Mardhiyah,ade85@example.net,+62 (0480) 397 1634,Pekanbaru,Basic,2023-05-15
P00585,"Cut Julia Pertiwi, S.Gz",lardianto@example.net,+62 (15) 968 8316,Sukabumi,Basic,2023-10-14
P00586,Hj. Unjani Lazuardi,ypuspasari@example.com,(024) 644 9373,Kupang,Gold,2023-05-12
P00587,Raihan Siregar,sbudiyanto@example.org,+62 (83) 718 7194,Banda Aceh,Gold,2023-08-06
P00588,Sabar Wasita,fanggraini@example.com,(0424) 912 3809,Bitung,Basic,2023-08-08
P00589,Mahdi Pratiwi,prabowojohan@example.com,+62-0074-649-1143,Bontang,Gold,2023-06-01
P00590,Farhunnisa Firgantoro,hamzahhalim@example.org,0872079238,Binjai,Basic,2023-09-28
P00591,Ellis Laksmiwati,lananghassanah@example.com,+62 (083) 908-5934,Palangkaraya,Platinum,2024-02-05
P00592,"KH. Jais Pangestu, S.Kom",saputragaduh@example.net,0866683513,Jayapura,Gold,2024-11-21
P00593,Eli Kusumo,gmansur@example.com,(037) 759-7854,Madiun,Basic,2024-08-20
P00594,"H. Kacung Halim, M.Pd",pangestu60@example.net,+62 (0328) 516 3816,Kota Administrasi Jakarta Selatan,Basic,2023-01-06
P00595,Makara Saptono,nyana57@example.net,+62-035-647-7748,Batu,Gold,2024-01-09
P00596,Dagel Safitri,ymangunsong@example.org,+62 (19) 346 1524,Bukittinggi,Basic,2023-10-21
P00597,"Kasiran Prasetyo, S.Kom",cakrabirawa09@example.org,+62-042-013-7304,Tasikmalaya,Platinum,2024-06-28
P00598,Zulaikha Hartati,bahuwiryatarihoran@example.net,086 006 2127,Samarinda,Basic,2024-09-04
P00599,Drs. Prabu Purwanti,nardiwaluyo@example.net,+62 (0598) 430-2912,Tual,Gold,2023-04-22
P00600,drg. Warji Firmansyah,aslijan75@example.com,+62-393-349-8918,Tual,Gold,2023-04-11
P00601,Ajimat Adriansyah,vnamaga@example.com,+62 (915) 856 7831,Medan,Basic,2023-03-26
P00602,Hasta Habibi,cemani76@example.com,+62-064-356-8344,Yogyakarta,Basic,2023-07-11
P00603,dr. Lembah Wahyuni,adiarjahalim@example.com,+62 (63) 172-8739,Cilegon,Basic,2024-08-02
P00604,Kairav Kusmawati,cutama@example.net,(066) 912-4143,Madiun,Basic,2023-11-04
P00605,"Tgk. Eli Nugroho, S.Pt",enajmudin@example.com,+62-007-062-9866,Tasikmalaya,Platinum,2023-08-27
P00606,"Dr. Rahmi Situmorang, S.Ked",evaharyanti@example.com,+62-040-170-8219,Depok,Platinum,2023-01-21
P00607,"Humaira Yuniar, S.Kom",najwasihotang@example.org,+62 (0343) 797-9818,Ternate,Gold,2023-09-17
P00608,Pranata Dongoran,pgunarto@example.com,+62 (0634) 954-0089,Banda Aceh,Basic,2024-05-21
P00609,Dalima Narpati,rahayuwardaya@example.org,+62 (380) 033 2274,Bontang,Basic,2023-11-11
P00610,Drs. Hesti Siregar,msimbolon@example.org,(0183) 016 0996,Banda Aceh,Basic,2023-09-10
P00611,Taufik Maulana,haryantisaadat@example.org,+62 (12) 702-0003,Tidore Kepulauan,Platinum,2023-12-31
P00612,Victoria Situmorang,agustinaputi@example.com,+62 (062) 427-5707,Denpasar,Basic,2024-04-23
P00613,Bakda Sirait,blatupono@example.net,+62 (86) 684-1252,Kediri,Basic,2024-04-08
P00614,Aslijan Iswahyudi,prasastaprayoga@example.org,(0335) 270-0257,Pontianak,Basic,2024-05-23
P00615,"dr. Ciaobella Hutasoit, S.I.Kom",qlazuardi@example.org,+62-019-372-3435,Sungai Penuh,Basic,2023-10-26
P00616,Caket Prabowo,jamaliamarpaung@example.org,(0732) 306 7855,Makassar,Platinum,2023-07-03
P00617,Viktor Yuliarti,,+62-735-948-7546,Pontianak,Gold,2024-05-28
P00618,"Puti Waskita, S.H.",whandayani@example.com,(0218) 022 0904,Payakumbuh,Gold,2023-02-16
P00619,R.A. Qori Nababan,pnapitupulu@example.com,(0985) 608 6891,Singkawang,Basic,2023-10-04
P00620,"Vanesa Hakim, M.Farm",gmulyani@example.net,+62 (310) 695 1113,Banjarbaru,Basic,2024-02-12
P00621,Sakura Zulaika,sihotanggilda@example.org,+62 (479) 786 8338,Pontianak,Basic,2023-02-10
P00622,"R. Makara Zulkarnain, S.IP",nabilanamaga@example.net,+62 (296) 334-5322,Payakumbuh,Basic,2023-07-30
P00623,Sutan Taufan Suwarno,warsitatamba@example.net,0835944952,Pagaralam,Basic,2023-07-13
P00624,Uchita Sihombing,hafshah17@example.com,+62 (882) 254 8984,Binjai,Gold,2023-01-07
P00625,Atmaja Samosir,luhungwijaya@example.net,(0365) 033-8926,Tarakan,Basic,2024-07-24
P00626,Maras Waskita,dadriansyah@example.org,(031) 125-7233,Samarinda,Basic,2024-09-06
P00627,dr. Raden Saputra,prasetyopaulin@example.org,+62-100-469-9311,Serang,Gold,2023-10-31
P00628,"KH. Leo Wulandari, S.E.",ediwacana@example.net,(017) 345 7093,Medan,Basic,2023-10-01
P00629,"Sutan Murti Suryatmi, S.Sos",qyuliarti@example.net,+62-0034-252-2923,Purwokerto,Basic,2023-03-18
P00630,KH. Bancar Susanti,rahmilestari@example.net,+62 (013) 738-8861,Pekanbaru,Platinum,2023-07-26
P00631,"H. Jumadi Simanjuntak, S.I.Kom",padmasaricaraka@example.net,+62-92-613-2991,Sukabumi,Basic,2024-08-23
P00632,Muni Sihotang,jaeman72@example.net,+62 (001) 805-6264,Gorontalo,Basic,2024-11-01
P00633,Patricia Tampubolon,bnainggolan@example.net,(098) 889 5866,Langsa,Basic,2023-08-08
P00634,"Ir. Padmi Wahyuni, M.Pd",queenuwais@example.com,(055) 601 4450,Tomohon,Basic,2024-02-10
P00635,"drg. Jail Dabukke, S.E.I",hasan96@example.net,+62 (177) 670 8908,Payakumbuh,Basic,2023-12-02
P00636,Prabawa Adriansyah,rlestari@example.org,+62-680-819-2022,Madiun,Basic,2023-09-03
P00637,Sutan Mulyono Mulyani,oktavianigarang@example.org,+62-75-463-0468,Payakumbuh,Basic,2023-05-21
P00638,"Azalea Prasetyo, S.Farm",karen84@example.net,+62 (96) 677-9432,Tarakan,Basic,2023-03-24
P00639,"drg. Darmaji Rahayu, S.Farm",uastuti@example.net,+62 (044) 969 7089,Blitar,Basic,2024-04-25
P00640,"Kamaria Riyanti, S.T.",uprasasta@example.com,+62-065-139-7520,Bekasi,Basic,2024-03-19
P00641,Ibrani Mustofa,iwahyuni@example.com,(000) 574-1642,Serang,Gold,2024-08-22
P00642,Winda Mandasari,karsananugroho@example.com,+62 (53) 710 0536,Tomohon,Gold,2023-06-04
P00643,Dina Puspita,taufik97@example.net,+62-0316-934-1425,Tidore Kepulauan,Gold,2023-04-04
P00644,"Hesti Rahmawati, S.Pt",jais04@example.org,+62 (78) 324-9855,Sawahlunto,Platinum,2023-08-30
P00645,Vicky Kurniawan,wisnusaputra@example.com,(032) 172-6367,Tasikmalaya,Basic,2023-07-29
P00646,Dr. Gaman Mahendra,ridwan86@example.com,+62 (334) 679-0146,Gorontalo,Basic,2023-01-18
P00647,Rachel Halimah,firmansyahpadmi@example.org,+62 (817) 594-2655,Kendari,Basic,2023-10-23
P00648,Dr. Tania Mandala,widiastutitantri@example.org,+62 (073) 767-3968,Kota Administrasi Jakarta Selatan,Gold,2024-06-01
P00649,Clara Anggriawan,gawati29@example.net,088 132 1636,Sungai Penuh,Basic,2023-02-11
P00650,Cut Aisyah Widiastuti,wacanahani@example.org,084 455 5108,Tual,Basic,2023-07-15
P00651,Ridwan Pratama,luluhpangestu@example.net,+62 (0890) 719-3140,Pekanbaru,Basic,2024-07-21
P00652,"R. Jono Prayoga, S.Sos",laksmiwatikuncara@example.org,+62-475-341-3789,Parepare,Gold,2024-03-09
P00653,"Rahmat Kusmawati, S.Pd",kartamarbun@example.com,+62 (48) 476-3203,Bukittinggi,Gold,2023-12-18
P00654,Emin Situmorang,gilda58@example.com,(0524) 622 1855,Sukabumi,Basic,2024-01-02
P00655,Ajeng Wibowo,paulin53@example.org,+62 (0290) 139 4796,Pagaralam,Basic,2024-10-19
P00656,Slamet Gunarto,wpangestu@example.net,+62-452-794-6888,Yogyakarta,Gold,2023-09-06
P00657,Hari Gunarto,safina17@example.net,+62 (003) 638-5171,Bau-Bau,Basic,2023-03-30
P00658,Ibun Budiyanto,milasusanti@example.com,+62 (75) 461 4802,Ternate,Gold,2024-08-22
P00659,Bakiadi Haryanto,wirda53@example.org,0842215939,Jambi,Gold,2024-09-14
P00660,Violet Hidayat,purwadi12@example.org,+62 (0012) 441 7420,Probolinggo,Gold,2024-04-05
P00661,Shania Haryanto,qpradipta@example.com,+62 (0854) 068-8820,Bontang,Gold,2023-06-26
P00662,Mursinin Lazuardi,cager83@example.org,+62 (0887) 102 5129,Sorong,Gold,2024-05-30
P00663,Rahayu Halimah,puspasarisiska@example.org,+62-17-629-8250,Bukittinggi,Gold,2023-08-26
P00664,"Dr. Kamaria Mangunsong, M.M.",pradiptakania@example.com,+62 (0212) 942 7363,Jayapura,Gold,2023-06-06
P00665,Ir. Iriana Adriansyah,pwahyudin@example.org,+62 (093) 752-7152,Padangpanjang,Gold,2023-07-05
P00666,Oskar Pertiwi,endra79@example.net,0893470944,Surabaya,Platinum,2023-03-17
P00667,Clara Haryanti,epalastri@example.net,+62 (0544) 867-3379,Padangpanjang,Platinum,2024-03-03
P00668,Cinta Maryati,hairyanto24@example.com,+62 (665) 155 2563,Makassar,Gold,2024-09-10
P00669,Koko Padmasari,utamihasta@example.com,+62 (0788) 635 6577,Pagaralam,Basic,2023-06-05
P00670,Julia Gunawan,hildanashiruddin@example.org,(060) 826 9637,Tebingtinggi,Basic,2024-06-09
P00671,Belinda Siregar,ivan56@example.com,+62 (55) 694-6957,Semarang,Basic,2024-03-23
P00672,"Dr. Yuni Hidayat, M.TI.",nadiausada@example.org,+62 (86) 115-9350,Kota Administrasi Jakarta Pusat,Basic,2023-06-10
P00673,Kasiyah Iswahyudi,taswirmaheswara@example.com,+62 (0430) 136-1324,Binjai,Basic,2024-05-13
P00674,"Bala Aryani, S.Pd",wahyuniteddy@example.org,+62 (379) 594 7875,Makassar,Platinum,2024-10-31
P00675,Ir. Gamblang Damanik,eko94@example.org,(0056) 953 9186,Tomohon,Basic,2023-03-02
P00676,Raditya Yuliarti,irnantousamah@example.net,+62-40-864-3038,Pariaman,Gold,2024-08-07
P00677,Cut Siska Napitupulu,lembahmulyani@example.net,+62 (023) 050 3628,Bengkulu,Basic,2023-05-04
P00678,Muni Kurniawan,ftampubolon@example.com,+62 (36) 546 0396,Bandung,Basic,2023-05-22
P00679,Hafshah Pranowo,tantrimandasari@example.com,(047) 553-2263,Prabumulih,Gold,2023-01-14
P00680,"Pangeran Situmorang, M.M.",jwulandari@example.org,+62 (113) 868 3132,Kota Administrasi Jakarta Utara,Gold,2023-09-03
P00681,Rahmi Padmasari,ani50@example.org,+62 (047) 043-3545,Kota Administrasi Jakarta Pusat,Gold,2024-07-18
P00682,Widya Mandasari,tedi97@example.com,0844340960,Yogyakarta,Basic,2024-08-22
P00683,"drg. Natalia Saefullah, S.IP",rlailasari@example.net,(061) 350 9893,Palopo,Gold,2023-01-28
P00684,"Cagak Megantara, S.Ked",qmanullang@example.com,+62-243-660-2203,Parepare,Gold,2024-06-13
P00685,Vero Jailani,shalim@example.com,+62 (655) 526-4155,Parepare,Platinum,2023-07-03
P00686,"Gaiman Sitorus, S.Pd",xlaksita@example.org,083 842 3308,Kota Administrasi Jakarta Timur,Platinum,2023-11-14
P00687,"R.A. Zelaya Namaga, S.IP",whutapea@example.org,+62 (498) 815 8943,Cirebon,Basic,2023-04-20
P00688,"Zalindra Yuniar, S.Farm",suryonoulva@example.com,+62 (032) 963-9924,Serang,Basic,2024-10-15
P00689,dr. Dimas Uyainah,qorihutapea@example.com,+62-994-333-3357,Pariaman,Basic,2024-02-15
P00690,Capa Samosir,fathonah21@example.net,+62 (048) 779-3136,Pekalongan,Gold,2024-03-25
P00691,Hj. Kartika Wijayanti,digdaya10@example.com,+62-73-147-8410,Tanjungbalai,Gold,2023-08-07
P00692,Drs. Darmaji Haryanto,siregarlantar@example.org,(0345) 327 9440,Pagaralam,Gold,2024-03-28
P00693,Mariadi Wijayanti,candrarahayu@example.com,+62 (855) 573 6592,Padang Sidempuan,Gold,2023-05-06
P00694,"Rudi Saragih, M.TI.",soleh41@example.net,+62-076-577-9676,Kota Administrasi Jakarta Barat,Platinum,2024-07-31
P00695,Bakiman Jailani,marwata26@example.net,+62 (09) 224-8185,Semarang,Basic,2024-10-09
P00696,"R. Cawuk Pangestu, S.IP",padmasarirusman@example.net,+62 (027) 057-4059,Subulussalam,Platinum,2024-08-04
P00697,Citra Sihombing,lamarhassanah@example.net,(027) 947 2215,Salatiga,Basic,2023-10-09
P00698,Gina Kurniawan,samsul24@example.org,+62-001-786-0638,Cimahi,Gold,2024-01-03
P00699,Nadia Ardianto,uwijaya@example.org,(0602) 613-9975,Balikpapan,Basic,2023-08-18
P00700,Jati Oktaviani,drajatwibowo@example.com,+62 (0297) 948 4291,Metro,Gold,2024-08-11
P00701,Ade Permadi,marsito20@example.net,(0251) 483-9397,Jambi,Gold,2024-08-06
P00702,Tgk. Jamalia Prastuti,aisyah17@example.net,+62-097-780-3945,Batu,Basic,2024-02-16
P00703,Novi Damanik,kadirnatsir@example.com,+62-0777-487-1552,Bandar Lampung,Basic,2024-03-16
P00704,Rachel Tarihoran,mandalamumpuni@example.net,+62 (079) 184-0436,Palembang,Gold,2023-06-18
P00705,Jais Simanjuntak,jamalia85@example.org,+62 (291) 113 1835,Tanjungbalai,Basic,2023-06-03
P00706,drg. Citra Hasanah,lailasamosir@example.com,(0851) 787-0587,Balikpapan,Basic,2024-01-28
P00707,Cahyo Usada,widodopandu@example.org,+62-032-735-5245,Sukabumi,Basic,2023-03-05
P00708,Cagak Permata,banawihartati@example.com,+62 (094) 365-0652,Kota Administrasi Jakarta Selatan,Gold,2024-11-29
P00709,Balapati Salahudin,tasdiksuwarno@example.org,+62-067-049-5767,Kupang,Basic,2024-03-09
P00710,Banara Jailani,salahudinnasrullah@example.net,+62-99-659-6989,Prabumulih,Gold,2024-02-07
P00711,Mahesa Uyainah,galihuwais@example.net,+62 (15) 249-8952,Banjar,Basic,2023-04-08
P00712,Faizah Pradipta,faridadirja@example.net,0843940035,Kediri,Basic,2024-04-08
P00713,Gamanto Rajata,janemandala@example.com,+62 (0029) 349-8523,Parepare,Gold,2024-08-18
P00714,Uchita Budiyanto,qhandayani@example.com,+62 (067) 479-3494,Cirebon,Basic,2024-10-03
P00715,Praba Iswahyudi,sitompulaswani@example.org,(012) 726 3881,Yogyakarta,Basic,2024-02-26
P00716,Nova Winarsih,hariyahjinawi@example.net,+62 (046) 081 2143,Makassar,Gold,2023-08-19
P00717,Danang Nainggolan,mprastuti@example.net,+62 (0447) 555-3568,Semarang,Platinum,2023-08-05
P00718,Shakila Wahyudin,siti30@example.net,+62 (87) 591 0872,Palangkaraya,Basic,2023-12-31
P00719,Nalar Waskita,melinda60@example.net,(0995) 051-6264,Cimahi,Basic,2024-10-01
P00720,"R. Fathonah Gunarto, S.Farm",dhutasoit@example.com,(029) 159-1181,Padang,Gold,2023-09-07
P00721,KH. Caket Prabowo,wibisonocalista@example.net,+62-323-877-1665,Ternate,Basic,2024-11-20
P00722,Dt. Wakiman Hidayat,irma36@example.org,+62 (779) 496 9156,Kota Administrasi Jakarta Timur,Basic,2024-04-26
P00723,"Julia Putra, S.I.Kom",piahandayani@example.net,+62 (0391) 664-6917,Gorontalo,Gold,2024-11-19
P00724,Sutan Harja Padmasari,prayogacinta@example.org,+62 (53) 152-1644,Depok,Basic,2023-08-11
P00725,Cut Ellis Putra,mwijaya@example.org,(0688) 323-9777,Palu,Gold,2023-04-16
P00726,R.A. Jasmin Putra,permadijaga@example.net,+62 (901) 604-2250,Pematangsiantar,Gold,2024-10-06
P00727,Drs. Jumadi Farida,wiranurdiyanti@example.org,+62 (0090) 964-5807,Kota Administrasi Jakarta Utara,Platinum,2024-09-03
P00728,drg. Dalima Hutapea,myuniar@example.org,0835847053,Dumai,Basic,2024-11-27
P00729,"Vivi Jailani, S.Psi",sabar17@example.com,(043) 222 6329,Palu,Basic,2024-03-03
P00730,"Puti Septi Widodo, S.Psi",heryanto47@example.com,+62 (0233) 686-7078,Mojokerto,Gold,2023-03-27
P00731,Farah Laksmiwati,maimunahnovitasari@example.com,(008) 454-3782,Prabumulih,Platinum,2023-10-27
P00732,Mutia Rahimah,karta21@example.com,+62 (014) 613 8945,Malang,Basic,2023-03-26
P00733,Kunthara Nainggolan,parman82@example.net,(0904) 746 2709,Bukittinggi,Basic,2023-10-03
P00734,Danuja Najmudin,alikauwais@example.org,(062) 866 2222,Salatiga,Basic,2023-11-30
P00735,Prayogo Simanjuntak,wasitaajiman@example.net,(042) 852-5299,Banjarmasin,Gold,2024-02-05
P00736,"Tiara Novitasari, M.Farm",sprastuti@example.org,0872624816,Batam,Platinum,2023-08-11
P00737,"Karimah Wahyuni, S.IP",pranatadongoran@example.net,0881813580,Kota Administrasi Jakarta Timur,Basic,2023-07-25
P00738,Gina Budiyanto,bahuwarna14@example.net,(067) 067 6613,Tidore Kepulauan,Basic,2023-03-30
P00739,Eva Agustina,januardiah@example.net,+62-0026-678-0609,Ambon,Gold,2024-10-25
P00740,Muni Lazuardi,bsitorus@example.com,+62 (0481) 656 5520,Lubuklinggau,Basic,2024-04-22
P00741,Empluk Nasyiah,ghanisalahudin@example.com,+62-791-718-8105,Yogyakarta,Basic,2023-12-17
P00742,"Dr. Virman Namaga, S.H.",usman56@example.net,+62-0265-132-4064,Pematangsiantar,Basic,2023-04-06
P00743,Pia Usada,yolandamartani@example.net,(0123) 157 2769,Bukittinggi,Basic,2024-02-02
P00744,Hana Kusumo,narpatijaeman@example.com,+62 (0178) 166 3219,Kota Administrasi Jakarta Barat,Basic,2023-10-16
P00745,"Galur Namaga, M.Pd",wawanhassanah@example.org,+62-81-603-5613,Kota Administrasi Jakarta Timur,Basic,2024-05-24
P00746,Puti Gasti Napitupulu,psantoso@example.org,+62-119-816-8112,Padang Sidempuan,Gold,2023-12-25
P00747,Eva Purnawati,raihan75@example.org,0831808451,Purwokerto,Basic,2024-11-05
P00748,Rina Hasanah,cramadan@example.com,+62 (0259) 063 6397,Tangerang,Basic,2023-02-28
P00749,Ir. Bakianto Novitasari,qtamba@example.net,+62 (258) 056-0118,Balikpapan,Gold,2023-11-11
P00750,Saadat Hariyah,ega91@example.net,(053) 339 3739,Kota Administrasi Jakarta Timur,Gold,2023-09-18
P00751,Sidiq Latupono,halimahcahyanto@example.com,+62 (01) 564 3917,Malang,Basic,2023-12-24
P00752,Latika Pradipta,zpratiwi@example.net,+62 (693) 629 5976,Kendari,Basic,2024-08-12
P00753,Ellis Susanti,kawacamaulana@example.org,(074) 030 0476,Pematangsiantar,Gold,2023-02-09
P00754,"Luwes Mangunsong, S.IP",wahyudineka@example.net,+62 (18) 380 2108,Kupang,Basic,2023-12-21
P00755,Wirda Melani,janerahimah@example.com,(0265) 684 7422,Tanjungpinang,Gold,2024-09-02
P00756,Padmi Purnawati,marsudi71@example.com,(026) 744-6462,Lhokseumawe,Basic,2023-09-23
P00757,Kenari Halimah,saptonokacung@example.com,(0391) 599-9856,Singkawang,Basic,2024-05-18
P00758,Padma Hasanah,imandala@example.org,+62 (897) 818 8273,Bukittinggi,Gold,2023-08-04
P00759,Aslijan Kuswoyo,safinasantoso@example.com,(0924) 450-2703,Palopo,Gold,2024-04-26
P00760,Dipa Andriani,cinthia77@example.com,0823855915,Langsa,Basic,2023-11-27
P00761,Salsabila Uwais,pradanadaryani@example.org,+62-095-870-1062,Kendari,Basic,2024-03-18
P00762,Ganda Prayoga,ysaragih@example.org,+62 (0220) 833-7153,Tebingtinggi,Basic,2024-06-22
P00763,Laksana Pradana,kiandrasuartini@example.com,+62 (047) 723 4849,Bau-Bau,Basic,2023-03-21
P00764,"Ir. Balamantri Prabowo, S.Farm",wyolanda@example.net,+62-90-525-1951,Solok,Basic,2023-07-27
P00765,Elisa Mardhiyah,jasmani61@example.org,+62-240-257-7679,Tangerang,Platinum,2024-10-16
P00766,Kamila Haryanto,sitompuljaeman@example.org,+62-50-221-0891,Sukabumi,Basic,2023-06-26
P00767,Kasim Nababan,bajragin99@example.org,(0213) 401-9391,Mojokerto,Gold,2024-06-11
P00768,Tirta Situmorang,tandriani@example.net,+62 (03) 993-0739,Kupang,Gold,2024-07-15
P00769,"H. Bagya Suryono, S.I.Kom",caturanggazulaika@example.com,(088) 088-2752,Denpasar,Basic,2023-12-28
P00770,"R.M. Martana Rajata, S.Farm",jailanibakda@example.net,+62 (0454) 317-0567,Tanjungpinang,Basic,2024-06-01
P00771,Fathonah Permata,naradi09@example.com,+62 (47) 100-2693,Tangerang,Basic,2024-08-18
P00772,Lanang Kusumo,wulan17@example.com,+62 (685) 264-7161,Cilegon,Basic,2023-09-05
P00773,Rahmat Firgantoro,wsuartini@example.net,+62 (43) 222 5524,Cilegon,Basic,2023-08-25
P00774,"Ade Astuti, S.Sos",oanggriawan@example.com,+62 (0476) 088-4973,Bandung,Gold,2024-09-08
P00775,Elvin Rajasa,gnashiruddin@example.net,+62-0407-791-3316,Batu,Gold,2024-03-09
P00776,Argono Wulandari,nugrohodaliono@example.org,+62 (053) 527-8407,Surakarta,Basic,2024-04-23
P00777,"Anita Haryanti, S.Pt",pudjiastutidanang@example.com,+62 (15) 790-0376,Sibolga,Basic,2023-03-14
P00778,Gantar Fujiati,prahmawati@example.com,+62 (004) 440 3297,Kota Administrasi Jakarta Selatan,Basic,2024-01-12
P00779,"Olivia Saefullah, S.E.I",windamustofa@example.org,(057) 270-2197,Lubuklinggau,Basic,2023-02-15
P00780,R. Banawi Uwais,dirjausamah@example.org,+62 (045) 048 7670,Samarinda,Gold,2024-01-05
P00781,"Vino Mustofa, S.Psi",halim97@example.net,+62-24-769-9522,Solok,Basic,2023-07-07
P00782,Sakti Namaga,caturangga51@example.net,+62 (028) 904 8540,Banjarmasin,Basic,2023-02-22
P00783,Marwata Firgantoro,bwahyuni@example.com,0805310198,Lubuklinggau,Basic,2024-05-29
P00784,Reksa Agustina,nugrohomaryanto@example.org,+62 (46) 278 1361,Mataram,Basic,2024-01-30
P00785,Eva Nashiruddin,lurhurhalimah@example.org,+62 (23) 732-0429,Tasikmalaya,Gold,2023-08-23
P00786,Yani Adriansyah,agus99@example.org,+62-0829-748-7824,Salatiga,Basic,2024-03-31
P00787,"H. Ajiono Maryadi, S.H.",rama40@example.com,(049) 572 6879,Lhokseumawe,Gold,2023-11-01
P00788,"Puti Qori Najmudin, S.Kom",candra72@example.net,(0951) 668-9561,Banjar,Basic,2023-08-24
P00789,Ghaliyati Wulandari,uchita66@example.org,+62-03-643-5449,Padang,Basic,2023-09-25
P00790,"Dr. Tirtayasa Narpati, S.Kom",nrima56@example.net,+62-0824-504-6220,Subulussalam,Basic,2023-12-08
P00791,Bahuwirya Rajasa,rendy78@example.com,+62 (093) 941 6188,Bengkulu,Gold,2023-10-30
P00792,Vera Saptono,faizahpertiwi@example.com,089 715 2050,Ternate,Gold,2023-05-18
P00793,"Jamal Maheswara, M.Ak",snamaga@example.com,+62-0649-607-2061,Prabumulih,Basic,2024-03-03
P00794,"Ikin Mandasari, S.Kom",alambana27@example.org,+62 (585) 146-7346,Semarang,Basic,2024-08-17
P00795,Wira Hariyah,nabila52@example.com,+62-055-163-1005,Palu,Gold,2024-02-29
P00796,Tami Iswahyudi,galiono00@example.net,+62-82-025-6596,Sawahlunto,Gold,2024-03-10
P00797,Mahdi Rajata,,(0625) 317 9617,Tegal,Basic,2023-05-03
P00798,"Ir. Citra Waluyo, S.Sos",usamahtaufik@example.org,0874469881,Tebingtinggi,Basic,2024-11-20
P00799,Nasab Wahyudin,jamilhastuti@example.com,+62 (0895) 307 3258,Kupang,Basic,2024-02-04
P00800,Puti Hasna Wijaya,fprastuti@example.org,(0020) 219-5117,Metro,Basic,2024-11-13
P00801,Laila Wijayanti,wahyudinharimurti@example.net,083 067 7555,Kota Administrasi Jakarta Utara,Basic,2023-11-03
P00802,Darsirah Rahmawati,balapatiwijayanti@example.com,+62 (08) 425-1149,Pariaman,Basic,2024-04-15
P00803,Ajiman Farida,bagya04@example.com,088 648 4666,Tanjungpinang,Gold,2024-08-26
P00804,Genta Suartini,balanggatampubolon@example.org,+62 (91) 680 8133,Medan,Basic,2024-01-27
P00805,"Dt. Radit Yolanda, S.H.",,087 129 1609,Lhokseumawe,Basic,2024-08-25
P00806,Dadap Utama,gangsar43@example.net,+62 (0685) 219-8127,Pasuruan,Basic,2024-01-11
P00807,"Yahya Safitri, M.Pd",salsabilaprastuti@example.org,+62 (039) 035-8243,Kota Administrasi Jakarta Timur,Basic,2024-11-24
P00808,Edison Kusmawati,,+62-037-673-5262,Tarakan,Basic,2023-06-05
P00809,Drs. Embuh Mangunsong,simbolonhairyanto@example.net,+62-0637-192-4842,Magelang,Gold,2024-07-31
P00810,Cindy Andriani,melanigaman@example.net,085 555 5715,Pekalongan,Basic,2023-06-05
P00811,Kartika Rajasa,umisihotang@example.org,(0539) 581 1185,Cirebon,Basic,2023-01-09
P00812,Darijan Halimah,megantaraalambana@example.com,0857508474,Metro,Gold,2024-06-05
P00813,dr. Edi Januar,qoriadriansyah@example.org,+62 (0176) 166-1476,Malang,Platinum,2023-10-03
P00814,Jaga Sirait,laswi32@example.net,+62 (020) 979-4565,Surakarta,Gold,2023-09-24
P00815,Margana Saragih,jaryani@example.org,+62 (030) 576-1957,Palangkaraya,Basic,2023-09-20
P00816,"Emil Sitompul, M.M.",harjosetiawan@example.net,+62 (237) 217-6582,Sorong,Basic,2023-08-13
P00817,"Indah Manullang, S.T.",manah14@example.com,+62 (077) 996-7339,Denpasar,Gold,2023-07-21
P00818,Jamal Narpati,yulianticahyo@example.net,+62 (005) 949 6758,Dumai,Basic,2024-02-19
P00819,T. Tugiman Maheswara,qkuswoyo@example.org,(033) 884-4244,Kota Administrasi Jakarta Selatan,Gold,2023-10-16
P00820,"R.A. Dalima Utami, S.Pt",artanto30@example.org,0846267511,Semarang,Gold,2023-01-13
P00821,R. Genta Kuswoyo,dmanullang@example.net,(0976) 803 0968,Madiun,Gold,2024-03-21
P00822,"Hj. Lalita Gunawan, S.T.",pardisamosir@example.org,0808867612,Metro,Gold,2024-01-03
P00823,Amalia Kusumo,whidayanto@example.net,+62-864-817-8209,Manado,Basic,2024-03-31
P00824,Mariadi Mandala,jatmikomandala@example.net,(0874) 687 2216,Banjarbaru,Gold,2023-11-04
P00825,Adhiarja Suwarno,januarbelinda@example.org,+62 (012) 310 6878,Salatiga,Gold,2024-08-06
P00826,"Niyaga Putra, S.Sos",waluyopertiwi@example.org,+62-911-775-2328,Depok,Gold,2023-06-27
P00827,"Harjaya Uwais, S.IP",wirautama@example.com,+62 (030) 146 3121,Pangkalpinang,Basic,2024-09-28
P00828,Irwan Hardiansyah,intanrajata@example.com,+62 (11) 724-5128,Ternate,Platinum,2023-06-17
P00829,"Najam Narpati, S.Sos",haryantoedward@example.org,0871074395,Kotamobagu,Basic,2024-04-29
P00830,Diah Budiyanto,nababanismail@example.net,+62-034-776-8245,Tarakan,Basic,2023-03-10
P00831,Dewi Winarsih,unjani53@example.org,+62-0639-037-9180,Sungai Penuh,Basic,2024-10-27
P00832,Keisha Prasasta,wahyudinraden@example.com,+62 (025) 262 5839,Metro,Basic,2024-09-08
P00833,T. Gaman Prasetyo,fpurwanti@example.com,+62 (28) 917-6230,Magelang,Gold,2024-03-10
P00834,"Jabal Samosir, S.Psi",tmelani@example.com,(065) 426-4458,Cirebon,Gold,2023-03-15
P00835,Artawan Mangunsong,marbunjaya@example.org,+62 (462) 508-4541,Sorong,Basic,2023-02-17
P00836,Gilda Namaga,usamahikhsan@example.org,+62-0731-997-3317,Surabaya,Gold,2023-02-01
P00837,"Harjasa Hidayanto, S.Ked",cengkir11@example.com,(041) 392 0757,Surakarta,Basic,2024-10-26
P00838,Karya Rahimah,gamaniprasetyo@example.com,(0100) 604-0910,Tangerang Selatan,Basic,2024-11-12
P00839,"Heryanto Hassanah, S.I.Kom",napitupulunajam@example.com,(048) 491-6601,Blitar,Gold,2023-12-22
P00840,Vanya Sihombing,bprasetya@example.net,(0743) 849-6154,Solok,Basic,2024-06-07
P00841,Zizi Sudiati,maryanto65@example.net,+62-89-333-2308,Pariaman,Basic,2024-07-29
P00842,Bakiadi Oktaviani,fmanullang@example.com,(018) 177 0839,Pagaralam,Gold,2024-10-23
P00843,Violet Puspasari,digdayawinarno@example.com,+62 (846) 164 5954,Manado,Basic,2023-12-04
P00844,Cakrajiya Prastuti,wage65@example.net,+62 (082) 296-4018,Sungai Penuh,Gold,2023-07-25
P00845,Titin Utami,kamal85@example.org,+62 (73) 374 1788,Jambi,Basic,2023-05-20
P00846,"Dr. Alika Prakasa, M.M.",fsiregar@example.net,+62-0528-436-4217,Cimahi,Basic,2023-05-19
P00847,"Karya Siregar, M.Pd",jharyanti@example.org,+62 (316) 540-6722,Kota Administrasi Jakarta Barat,Basic,2024-03-17
P00848,Teguh Sitorus,azaleasaptono@example.com,+62 (0221) 976 6909,Bitung,Gold,2024-11-13
P00849,Shakila Mahendra,kuntharazulaika@example.com,+62-030-969-8905,Salatiga,Basic,2023-01-13
P00850,"Cindy Namaga, S.IP",dirja01@example.org,(0732) 821-1822,Kota Administrasi Jakarta Barat,Gold,2024-02-05
P00851,Tgk. Halima Uwais,prayogacakrabirawa@example.net,+62-849-052-3050,Singkawang,Basic,2023-08-29
P00852,Kawaya Prasetyo,latif80@example.net,+62 (79) 456-6548,Serang,Gold,2024-06-06
P00853,Ikin Latupono,karenyuniar@example.com,+62 (001) 313 4272,Kediri,Gold,2023-01-16
P00854,"T. Hendri Handayani, S.I.Kom",pangestujefri@example.com,+62-078-359-9798,Batu,Basic,2023-11-20
P00855,Shakila Hutasoit,darunayuliarti@example.com,+62-0375-556-6104,Tangerang,Basic,2023-11-15
P00856,"R. Imam Dongoran, S.Sos",caturanggautama@example.com,+62 (09) 253-8885,Lhokseumawe,Basic,2023-08-17
P00857,Mala Halimah,fpradipta@example.com,+62 (007) 157 9550,Bontang,Gold,2024-03-13
P00858,R. Tina Simbolon,estionomarbun@example.net,+62-030-666-7160,Bukittinggi,Gold,2023-12-19
P00859,Rusman Irawan,kaylasafitri@example.org,+62 (17) 870 8830,Sukabumi,Basic,2023-09-20
P00860,Karsa Tarihoran,kunthara07@example.com,+62-0756-432-3607,Kendari,Gold,2023-01-19
P00861,Cut Salimah Yuliarti,mahdiiswahyudi@example.org,+62 (0124) 138 9741,Pangkalpinang,Gold,2023-02-10
P00862,"Rachel Salahudin, S.T.",kuswoyokenzie@example.net,+62 (079) 065-2031,Semarang,Gold,2023-09-29
P00863,Nurul Pradipta,tugiman03@example.net,+62 (086) 702-0056,Tanjungbalai,Basic,2024-03-09
P00864,Septi Hasanah,niyagausamah@example.org,+62-581-261-4582,Depok,Basic,2024-06-09
P00865,Lidya Saputra,yuniarwirda@example.com,+62 (56) 485 0620,Lhokseumawe,Platinum,2023-02-10
P00866,Hasna Kurniawan,nova91@example.net,(054) 745 3445,Blitar,Basic,2024-06-21
P00867,Cawisono Pertiwi,xprastuti@example.net,+62 (98) 661 6634,Lubuklinggau,Basic,2023-10-24
P00868,Violet Handayani,cmustofa@example.net,+62 (017) 633 6826,Malang,Platinum,2023-06-08
P00869,Arta Nasyidah,wagedamanik@example.net,+62 (043) 895 9739,Surabaya,Gold,2023-06-24
P00870,"T. Harjaya Budiyanto, S.Psi",jumari33@example.net,(0671) 772-9661,Pekanbaru,Gold,2024-01-30
P00871,"Hj. Zaenab Marbun, M.Farm",maryadi96@example.net,080 162 5665,Jayapura,Basic,2024-09-09
P00872,Puti Laras Hidayat,hprasetyo@example.net,+62 (68) 010-5141,Kotamobagu,Basic,2023-07-04
P00873,"Calista Wijaya, M.TI.",genta15@example.org,+62 (002) 873-0970,Tual,Basic,2023-01-29
P00874,Gabriella Prasasta,emas24@example.net,+62 (807) 741 4346,Bekasi,Gold,2023-02-06
P00875,Dt. Emong Nababan,karnasamosir@example.com,+62 (781) 576-3407,Kota Administrasi Jakarta Barat,Basic,2023-12-18
P00876,"Hj. Gina Hassanah, M.Kom.",wulandariwadi@example.net,+62 (147) 321-6619,Bima,Basic,2023-01-05
P00877,Drs. Rahayu Namaga,caketuwais@example.net,(038) 089 3895,Palopo,Gold,2024-01-24
P00878,Ir. Mahfud Haryanto,bakiono53@example.net,+62 (505) 341-4166,Kediri,Gold,2023-03-28
P00879,Oni Mayasari,sadina53@example.net,+62-913-959-6955,Blitar,Basic,2023-09-15
P00880,Cut Jasmin Nashiruddin,,+62 (0598) 537 9821,Banjarbaru,Basic,2024-09-21
P00881,"Daliono Pranowo, S.Pt",sihotangkayla@example.net,+62 (0569) 597 6435,Banjarmasin,Gold,2023-09-21
P00882,Elisa Santoso,wibowoabyasa@example.org,0802118542,Kota Administrasi Jakarta Utara,Basic,2024-02-04
P00883,"KH. Eko Maryadi, M.Farm",mangunsongrika@example.net,+62 (35) 862-0088,Pematangsiantar,Basic,2024-09-01
P00884,Ajiman Budiyanto,vhalimah@example.org,+62-71-772-6978,Kota Administrasi Jakarta Utara,Gold,2024-03-05
P00885,"R.A. Widya Namaga, M.TI.",dianahastuti@example.org,+62-0322-206-1126,Tegal,Gold,2024-10-10
P00886,Ozy Saputra,maheswarabagas@example.com,+62 (083) 019-1959,Solok,Basic,2023-07-08
P00887,Anggabaya Nuraini,hamzahtamba@example.com,+62 (73) 201 5566,Palopo,Gold,2024-08-15
P00888,Aisyah Wijaya,irafirmansyah@example.net,+62 (74) 441-1413,Magelang,Gold,2024-01-06
P00889,Alambana Rahmawati,asirwada59@example.com,+62-63-399-8347,Batam,Basic,2024-10-10
P00890,Ajeng Gunarto,nurul96@example.org,(012) 010 4380,Tual,Gold,2024-04-22
P00891,Karimah Suryono,haryantotiti@example.net,+62 (031) 371 3164,Banda Aceh,Gold,2023-03-06
P00892,Malika Puspasari,dodo22@example.com,(095) 562 7130,Kotamobagu,Gold,2023-03-28
P00893,Erik Pratama,asmunioktaviani@example.net,+62 (0982) 074 0817,Tangerang Selatan,Platinum,2023-09-03
P00894,Nabila Haryanti,gunartoakarsana@example.com,080 656 1128,Solok,Basic,2023-10-23
P00895,Cagak Permadi,nardikuswoyo@example.net,+62-0090-987-0205,Padang,Basic,2023-06-29
P00896,Dimaz Anggriawan,,(007) 317-2010,Kota Administrasi Jakarta Pusat,Basic,2024-04-04
P00897,Nova Tampubolon,hpratiwi@example.com,+62 (785) 346 0123,Langsa,Basic,2023-11-07
P00898,Ajimat Hasanah,prayogapia@example.org,(0345) 882 5459,Pekalongan,Basic,2024-05-06
P00899,Raina Mandasari,qhastuti@example.com,+62 (186) 085 0322,Manado,Platinum,2024-07-21
P00900,Ir. Jefri Sinaga,radika85@example.net,(069) 623 9970,Kota Administrasi Jakarta Selatan,Basic,2024-09-21
P00901,Dalima Pradana,harjo92@example.org,+62 (0832) 143-2588,Pematangsiantar,Gold,2023-06-20
P00902,"R.M. Gaiman Pangestu, S.E.I",caket92@example.org,+62 (0886) 088 8730,Kota Administrasi Jakarta Selatan,Platinum,2024-03-22
P00903,"Jefri Aryani, M.Farm",pertiwijane@example.org,+62 (0960) 882-3264,Denpasar,Basic,2023-10-15
P00904,Jayeng Pratama,diah01@example.org,+62-444-094-9782,Pariaman,Gold,2024-01-19
P00905,Warsa Simanjuntak,nadiamegantara@example.com,0826041264,Tidore Kepulauan,Gold,2023-08-08
P00906,"Drs. Salimah Salahudin, M.TI.",simon90@example.org,+62 (013) 095 7399,Singkawang,Platinum,2024-03-25
P00907,Kadir Budiman,hpurnawati@example.com,+62-23-641-5039,Tasikmalaya,Platinum,2023-01-30
P00908,"Drs. Sari Wacana, S.Gz",karjakusmawati@example.com,+62-34-050-1089,Binjai,Basic,2023-01-21
P00909,"H. Warsita Pertiwi, S.Kom",pudjiastutititi@example.com,+62-0067-209-6878,Banjarbaru,Platinum,2023-12-12
P00910,Dr. Fitria Ardianto,narpatiarsipatra@example.net,+62 (024) 097-1307,Kotamobagu,Basic,2023-09-12
P00911,"Drs. Hesti Mulyani, M.Pd",zramadan@example.org,086 214 3443,Sawahlunto,Gold,2024-02-21
P00912,Langgeng Napitupulu,pranowoelon@example.net,+62 (161) 002 0695,Prabumulih,Gold,2024-11-05
P00913,"dr. Garang Astuti, S.T.",harja56@example.com,0823221485,Banjar,Basic,2023-01-15
P00914,Vanesa Dabukke,entenghalimah@example.org,+62 (0508) 686-2099,Makassar,Basic,2023-09-28
P00915,Olivia Mangunsong,puspitaelon@example.com,+62 (024) 430 2208,Salatiga,Basic,2023-09-26
P00916,Asmianto Purwanti,qbudiyanto@example.org,081 762 2383,Serang,Basic,2024-06-07
P00917,Janet Kusumo,prasastatimbul@example.net,+62-843-345-7476,Palu,Basic,2024-03-26
P00918,Ellis Namaga,puspanatsir@example.org,+62 (088) 131 2506,Kota Administrasi Jakarta Selatan,Gold,2024-08-01
P00919,"Johan Puspita, S.Pd",rwibowo@example.com,+62-625-069-8736,Pekanbaru,Gold,2023-12-06
P00920,Chelsea Dabukke,xanana12@example.com,+62 (88) 405-2579,Madiun,Platinum,2024-11-18
P00921,Cakrabirawa Melani,kasusrakurniawan@example.com,+62 (44) 044-0897,Kediri,Basic,2024-04-25
P00922,"Dt. Empluk Nugroho, S.I.Kom",purwantijumadi@example.net,+62 (399) 995-5353,Samarinda,Gold,2024-05-11
P00923,"Dr. Zelaya Nurdiyanti, S.IP",sitorusasmadi@example.net,086 627 0412,Tanjungbalai,Basic,2024-09-19
P00924,Parman Prastuti,yuliartidian@example.com,+62 (0284) 481 4505,Cilegon,Gold,2023-10-03
P00925,Amelia Pudjiastuti,puput74@example.net,+62-0994-273-0453,Tegal,Basic,2024-05-14
P00926,Rafi Rajata,damanikargono@example.net,(0929) 160-5797,Padang,Basic,2024-05-12
P00927,Daruna Hariyah,puspasaririna@example.net,+62-484-115-9569,Bau-Bau,Basic,2024-10-27
P00928,Dimaz Rahimah,inatarihoran@example.net,+62 (0580) 238-5122,Tasikmalaya,Basic,2024-08-16
P00929,Galur Hastuti,ukuswandari@example.net,+62 (548) 230-8708,Pagaralam,Basic,2023-08-04
P00930,Capa Mahendra,tputra@example.net,+62 (79) 378 5264,Ambon,Basic,2023-07-14
P00931,Candra Gunarto,bagassitorus@example.org,(013) 027-7863,Tegal,Gold,2024-06-30
P00932,Pardi Saefullah,warjiprasasta@example.com,+62 (0495) 404-2896,Pagaralam,Gold,2023-03-20
P00933,Cornelia Saptono,irawanfitria@example.com,+62-0538-822-0878,Serang,Platinum,2023-06-01
P00934,Maida Sitorus,fdongoran@example.org,+62 (315) 101-3253,Ternate,Basic,2024-09-04
P00935,Puti Puji Pratama,najmudinwani@example.org,+62 (50) 524-7775,Mataram,Gold,2024-07-02
P00936,Praba Nuraini,rpalastri@example.org,+62 (0195) 813-1534,Bima,Gold,2023-01-08
P00937,"Tira Damanik, S.T.",namagakezia@example.com,085 853 0933,Banjar,Gold,2024-01-16
P00938,"Dr. Kamaria Riyanti, S.H.",halimahhari@example.net,085 665 4359,Langsa,Basic,2024-07-04
P00939,Dadi Santoso,yhardiansyah@example.com,+62 (78) 074-3548,Jambi,Platinum,2024-04-06
P00940,Ella Irawan,jelitayolanda@example.net,+62 (029) 894 6810,Lhokseumawe,Gold,2024-01-24
P00941,"Irfan Nugroho, S.Psi",karjamandasari@example.org,(0535) 825-1896,Ternate,Basic,2023-01-13
P00942,Siti Sitorus,ghaliyati71@example.org,+62-020-651-5899,Cilegon,Basic,2024-09-26
P00943,Rusman Habibi,aryanidiah@example.net,+62-035-081-9242,Kendari,Gold,2024-09-11
P00944,Ade Tamba,fujiatiartawan@example.net,(082) 292 2995,Blitar,Basic,2023-10-23
P00945,Bakda Wulandari,wastutiyance@example.net,+62 (384) 515-3076,Bau-Bau,Gold,2024-08-05
P00946,"Imam Latupono, M.Farm",erik38@example.org,+62 (928) 216-9802,Bogor,Basic,2024-01-26
P00947,"Lega Namaga, S.E.I",tarihoranreksa@example.net,+62-048-293-7474,Kediri,Basic,2023-04-04
P00948,Sari Mardhiyah,,0876289868,Kendari,Basic,2023-11-19
P00949,"Laksana Jailani, M.TI.",rahayuardianto@example.net,(0422) 182 5971,Lhokseumawe,Gold,2023-08-17
P00950,Tari Prastuti,raina39@example.com,(004) 228-8941,Mataram,Basic,2023-09-07
P00951,"Mulyanto Susanti, S.H.",rikapermata@example.net,+62 (0149) 843-9913,Sukabumi,Basic,2023-09-24
P00952,"Ir. Kuncara Siregar, S.Sos",laila88@example.net,(0392) 329 3908,Purwokerto,Platinum,2024-06-25
P00953,Lili Maryati,jamil03@example.org,+62-520-761-1118,Solok,Basic,2023-12-28
P00954,"drg. Uli Namaga, S.E.",kusmawatilulut@example.net,+62 (666) 098 8867,Tanjungbalai,Basic,2023-06-05
P00955,Rama Puspasari,lamarsantoso@example.com,+62-003-347-4402,Tegal,Basic,2023-11-10
P00956,"Puti Diah Wijayanti, M.Farm",puspitasabrina@example.net,+62 (069) 811-1085,Mataram,Basic,2023-05-17
P00957,Gilda Nashiruddin,plazuardi@example.com,(064) 441 1075,Solok,Gold,2023-06-03
P00958,"Restu Puspita, M.Ak",nilam48@example.org,(0744) 272 8986,Kendari,Basic,2024-03-24
P00959,Tgk. Tantri Nurdiyanti,hasta29@example.com,(007) 002 2362,Kediri,Platinum,2023-02-03
P00960,Ciaobella Pratama,lasmono46@example.org,+62 (604) 661 5175,Pontianak,Basic,2023-03-17
P00961,"Gasti Hastuti, S.Farm",azalea61@example.com,+62 (936) 367-5173,Pontianak,Basic,2024-06-28
P00962,Kiandra Riyanti,zulkarnainkalim@example.org,+62-035-656-1730,Tegal,Basic,2024-01-09
P00963,Kasusra Waskita,pangeran20@example.net,+62 (0775) 126 0000,Serang,Basic,2024-02-06
P00964,"dr. Mahfud Aryani, M.Farm",nurdiyantiwinda@example.org,(0220) 641-3533,Pontianak,Basic,2024-05-22
P00965,Putri Napitupulu,sudiatidalima@example.org,+62-0722-426-9065,Banjar,Basic,2023-08-06
P00966,"Kacung Suwarno, M.TI.",epertiwi@example.org,0868004634,Pariaman,Gold,2023-08-15
P00967,Anita Mahendra,jailanigangsa@example.org,+62-79-667-0952,Palu,Basic,2024-10-20
P00968,Surya Yolanda,cawisadi88@example.com,+62-210-321-1544,Gorontalo,Gold,2023-12-26
P00969,"drg. Putri Hastuti, S.Kom",wijayantigarda@example.net,+62 (0972) 384 9961,Cimahi,Gold,2023-10-11
P00970,Lukman Wulandari,adesusanti@example.com,(096) 338 5813,Pematangsiantar,Basic,2024-10-17
P00971,Ganjaran Permadi,zulaikamahesa@example.net,+62 (901) 875-7173,Kotamobagu,Basic,2023-06-08
P00972,"Ella Pradana, M.TI.",zmarbun@example.com,+62-012-556-6425,Cimahi,Basic,2023-10-01
P00973,Puti Siti Damanik,wsudiati@example.com,(0860) 102 5063,Bukittinggi,Basic,2024-04-10
P00974,Violet Nurdiyanti,ikinlailasari@example.com,+62-055-654-3505,Padangpanjang,Gold,2024-04-27
P00975,Ina Rajata,rahayujais@example.net,(0812) 780-7881,Pagaralam,Gold,2024-09-11
P00976,"T. Jayeng Mahendra, S.T.",csihombing@example.com,+62 (712) 432 8289,Banjarbaru,Basic,2024-09-27
P00977,Gatra Saputra,auroramustofa@example.net,+62-041-853-4025,Sabang,Platinum,2023-03-22
P00978,Faizah Prakasa,rahimahhumaira@example.com,+62-46-512-8620,Kota Administrasi Jakarta Utara,Basic,2024-11-05
P00979,R. Yani Uyainah,adiarja25@example.com,+62-023-227-4581,Binjai,Basic,2023-12-07
P00980,Dt. Kenari Lazuardi,chasanah@example.com,+62 (867) 475 6535,Palangkaraya,Basic,2024-04-20
P00981,Tantri Kuswoyo,,+62 (051) 934-4240,Denpasar,Basic,2023-07-11
P00982,Panca Lailasari,sitinovitasari@example.org,+62 (09) 040-3665,Pangkalpinang,Basic,2023-05-26
P00983,drg. Daniswara Rahimah,dimasoktaviani@example.com,(0811) 511-6472,Pangkalpinang,Basic,2024-09-05
P00984,Pangestu Lailasari,hartosihombing@example.org,+62 (0583) 858-6736,Manado,Gold,2024-04-26
P00985,Luwar Handayani,prastutilasmanto@example.com,083 578 0263,Sorong,Basic,2024-10-10
P00986,Ani Tampubolon,bakti70@example.org,+62 (0302) 308-9880,Madiun,Basic,2024-07-21
P00987,Dian Budiyanto,dprastuti@example.net,0851875365,Cilegon,Gold,2023-06-26
P00988,Karja Mayasari,adriansyahyuni@example.com,0845676829,Kendari,Gold,2023-11-22
P00989,Rafid Irawan,luwes14@example.com,(0060) 735 3680,Bandar Lampung,Gold,2023-07-27
P00990,Sabar Utama,aisyah07@example.net,+62 (042) 530-6332,Kota Administrasi Jakarta Selatan,Basic,2023-01-15
P00991,"Tiara Lazuardi, S.Ked",rina79@example.com,+62 (850) 016-7173,Sukabumi,Basic,2024-02-07
P00992,Gaman Sudiati,ariyanti@example.com,0876004413,Dumai,Gold,2023-02-19
P00993,Darimin Padmasari,epudjiastuti@example.org,+62-49-641-0091,Palangkaraya,Basic,2024-02-14
P00994,Kamaria Prasetyo,mustofawidiastuti@example.org,+62-20-364-1465,Kota Administrasi Jakarta Selatan,Platinum,2024-01-14
P00995,Drs. Fitriani Laksita,puspitavanesa@example.org,+62 (003) 325-5525,Sibolga,Basic,2024-08-21
P00996,"drg. Gawati Fujiati, S.Ked",awaskita@example.org,+62-072-942-6467,Bima,Basic,2023-01-17
P00997,Asirwanda Situmorang,eka06@example.org,+62 (037) 627-6768,Pontianak,Basic,2024-03-10
P00998,Gina Tampubolon,mulyanto10@example.org,(051) 362 1208,Pekanbaru,Basic,2024-07-07
P00999,Cut Vanesa Habibi,warsa36@example.com,+62 (84) 409-2480,Samarinda,Basic,2024-03-12
P01000,Hilda Nasyidah,cakrabuana35@example.org,088 970 3299,Jambi,Basic,2023-08-17
P01001,Dipa Nainggolan,ywulandari@example.net,0835420941,Batu,Basic,2023-09-15
P01002,R. Ganda Sihombing,manullanglasmanto@example.com,+62 (094) 474-4125,Kupang,Basic,2024-07-09
P01003,"Sutan Samsul Siregar, M.Pd",palastrirahman@example.com,+62-018-759-1993,Surakarta,Platinum,2023-09-09
P01004,Ir. Gabriella Thamrin,salsabilatarihoran@example.com,+62 (0501) 051-4015,Magelang,Basic,2023-06-08
P01005,Ir. Raina Hariyah,ridwan67@example.com,+62-0753-114-1097,Singkawang,Gold,2024-10-06
P01006,Julia Simanjuntak,prayitna45@example.com,+62 (0856) 386-6842,Padang,Gold,2024-01-26
P01007,Jagapati Mayasari,nardiastuti@example.net,+62 (64) 884-0479,Semarang,Basic,2023-11-19
P01008,"Emin Gunawan, M.Farm",luwais@example.org,+62-46-493-4846,Pagaralam,Basic,2023-03-27
P01009,Carub Nababan,cinthianurdiyanti@example.org,+62 (196) 894 8086,Palangkaraya,Gold,2023-01-05
P01010,"Sutan Mustofa Hutapea, S.I.Kom",shakila85@example.com,+62 (127) 245-9065,Palangkaraya,Gold,2023-12-13
P01011,"Karja Damanik, S.Kom",husada@example.com,+62-0831-873-2145,Kota Administrasi Jakarta Pusat,Gold,2024-03-01
P01012,Tgk. Dina Halim,harsaya10@example.net,+62 (0472) 856-0935,Cilegon,Gold,2023-01-04
P01013,Ozy Adriansyah,kasiyah95@example.com,+62-0915-371-6672,Metro,Basic,2024-07-05
P01014,Digdaya Adriansyah,farahpalastri@example.net,+62 (385) 308 8913,Payakumbuh,Basic,2023-12-11
P01015,Tedi Kuswoyo,kputra@example.org,(0198) 768-4822,Sungai Penuh,Basic,2023-12-11
P01016,"Maimunah Maulana, M.Farm",nainggolanutama@example.net,+62-495-395-2499,Bima,Gold,2024-06-12
P01017,"drg. Juli Saptono, S.I.Kom",nyana94@example.net,(031) 191 9105,Bekasi,Gold,2024-05-23
P01018,"Drajat Melani, S.E.I",yance23@example.net,080 664 0759,Palangkaraya,Gold,2024-04-14
P01019,"Candra Saputra, M.Pd",rahayu28@example.org,+62 (0154) 425 2276,Metro,Basic,2023-12-29
P01020,Zalindra Pudjiastuti,mahesa26@example.net,+62-010-273-0054,Payakumbuh,Basic,2024-07-21
P01021,Banara Wacana,satyanamaga@example.net,(093) 339-7676,Ternate,Basic,2023-09-04
P01022,Prima Winarsih,faizah47@example.net,+62 (62) 161 2612,Kota Administrasi Jakarta Pusat,Basic,2023-11-20
P01023,Cinta Lestari,sabarhidayat@example.com,(0102) 725-7300,Manado,Basic,2024-06-19
P01024,drg. Cahya Uwais,dian91@example.com,+62 (004) 613 0514,Madiun,Basic,2024-07-19
P01025,Cahyono Pudjiastuti,galih82@example.org,(0685) 701 4637,Bandar Lampung,Platinum,2023-07-11
P01026,Raisa Zulaika,natsirhilda@example.net,+62 (094) 107 1305,Pasuruan,Gold,2024-10-03
P01027,"Drs. Kadir Wahyudin, S.T.",pratamamuhammad@example.net,(039) 485-5495,Tanjungbalai,Platinum,2024-05-13
P01028,"Tgk. Makuta Wacana, S.Psi",zeldamaheswara@example.net,+62-045-717-2729,Serang,Basic,2023-11-10
P01029,Ilsa Andriani,prayogomarbun@example.org,0853944721,Metro,Basic,2023-11-05
P01030,Gina Melani,bagiya65@example.net,+62 (000) 503-8449,Tual,Gold,2024-09-08
P01031,Zelaya Budiyanto,dacin00@example.net,+62-0461-626-5756,Dumai,Basic,2023-03-22
P01032,Iriana Thamrin,sihombinggaliono@example.com,+62 (47) 196 1899,Bogor,Gold,2024-09-07
P01033,Lili Marpaung,fujiaticawisono@example.net,+62 (12) 877-7735,Madiun,Basic,2023-04-09
P01034,Bakidin Mulyani,zulkarnainemong@example.org,+62 (024) 663 5378,Padang,Basic,2024-07-29
P01035,Harto Januar,gatot42@example.net,+62 (041) 334 2472,Makassar,Basic,2023-08-07
P01036,Tgk. Pia Suryono,hutasoitharjaya@example.net,+62 (009) 035-6352,Manado,Gold,2023-10-22
P01037,dr. Zaenab Anggraini,jpalastri@example.com,(075) 073 2222,Tebingtinggi,Basic,2024-05-13
P01038,Samiah Tampubolon,novidongoran@example.net,+62 (287) 549-4000,Mojokerto,Basic,2024-05-26
P01039,"Almira Budiyanto, S.Kom",mahesaprastuti@example.net,+62 (98) 398 1294,Binjai,Platinum,2024-11-05
P01040,R. Leo Putra,jarwidabukke@example.com,083 976 3006,Palangkaraya,Basic,2024-10-15
P01041,Panca Sihombing,taufan43@example.org,+62 (0344) 909 0982,Balikpapan,Basic,2024-02-14
P01042,Slamet Firmansyah,kasiyah54@example.net,081 784 1451,Sorong,Gold,2023-08-04
P01043,"Fitria Napitupulu, S.Pt",zalindramulyani@example.org,(085) 612 2351,Pasuruan,Basic,2023-08-27
P01044,"Hj. Rahmi Nababan, S.Gz",padmi07@example.net,+62 (079) 648-5865,Meulaboh,Basic,2024-09-09
P01045,Bancar Napitupulu,saputralukman@example.com,+62 (0934) 756 9203,Kota Administrasi Jakarta Utara,Gold,2024-09-15
P01046,Prabowo Usada,bakijan88@example.org,+62 (024) 098 9328,Pontianak,Basic,2023-07-20
P01047,Halima Purwanti,widodoviolet@example.com,(095) 268 6977,Kota Administrasi Jakarta Selatan,Basic,2023-11-25
P01048,"dr. Ophelia Sirait, S.Gz",siska70@example.net,+62-0196-050-8999,Kota Administrasi Jakarta Timur,Gold,2023-07-26
P01049,Dt. Mahmud Hidayanto,martana86@example.org,(0245) 272 2832,Banjarbaru,Gold,2024-03-20
P01050,"R. Shania Lailasari, S.Sos",bagiyanurdiyanti@example.org,+62-0219-583-6299,Batam,Gold,2023-03-30
P01051,"dr. Yono Pertiwi, S.Psi",esihotang@example.com,+62 (670) 092-0852,Purwokerto,Basic,2023-01-13
P01052,"Puti Uchita Rahayu, M.Kom.",opan98@example.com,+62 (078) 077 3041,Banjarbaru,Platinum,2024-08-05
P01053,dr. Cemplunk Sitorus,lailasarigangsar@example.net,+62 (0543) 116-2583,Bontang,Platinum,2023-08-11
P01054,"R.A. Kani Sihombing, S.IP",palastrieman@example.org,(020) 508 3264,Bitung,Platinum,2024-07-02
P01055,"Zelda Situmorang, M.Farm",narpatimaimunah@example.org,+62 (83) 861 7500,Metro,Basic,2023-10-18
P01056,Calista Maulana,najmudinbelinda@example.net,+62-218-776-1786,Makassar,Basic,2023-01-21
P01057,Daliono Nashiruddin,flestari@example.org,084 163 6991,Meulaboh,Gold,2024-10-23
P01058,"Ifa Hassanah, S.Gz",hidayatumar@example.com,+62 (091) 852 9756,Bogor,Gold,2023-10-07
P01059,Cut Kartika Jailani,nurainigada@example.net,0820499665,Palangkaraya,Platinum,2023-01-27
P01060,"Drs. Hafshah Aryani, S.H.",tpalastri@example.org,+62 (027) 282-4465,Prabumulih,Basic,2023-11-08
P01061,Zulfa Ardianto,suryonoasman@example.com,(060) 592 5291,Surakarta,Basic,2024-04-04
P01062,Puput Purnawati,vsuryatmi@example.org,+62 (079) 616-9446,Magelang,Basic,2024-01-17
P01063,Tgk. Melinda Mangunsong,vrahayu@example.com,(087) 429-9769,Padangpanjang,Basic,2023-08-04
P01064,Panji Fujiati,firmansyahjessica@example.net,084 235 3784,Tomohon,Basic,2024-05-30
P01065,Olivia Suryatmi,nurdiyantizahra@example.org,(038) 389-3154,Cirebon,Basic,2024-11-24
P01066,Jindra Setiawan,uhakim@example.com,+62 (0711) 303-5461,Tangerang,Basic,2024-10-10
P01067,Kenari Prakasa,rafid05@example.net,+62 (919) 324-1131,Kota Administrasi Jakarta Barat,Basic,2024-04-05
P01068,Lanjar Aryani,wirawan@example.com,+62 (046) 457-6698,Tegal,Basic,2024-11-19
P01069,drg. Almira Astuti,agustinafarah@example.com,+62 (019) 039 5530,Palopo,Basic,2023-01-26
P01070,Raisa Astuti,uwinarsih@example.net,+62 (211) 034-3623,Tasikmalaya,Basic,2024-11-25
P01071,"Cecep Melani, S.H.",ikhsan73@example.net,+62 (129) 709-6955,Cilegon,Gold,2023-05-08
P01072,T. Hasan Hidayanto,elvinpudjiastuti@example.com,(0317) 178 2536,Cirebon,Basic,2024-07-17
P01073,Ella Hutapea,murtiwulandari@example.com,+62 (0851) 101 6422,Ambon,Gold,2023-10-21
P01074,"H. Vinsen Mansur, S.I.Kom",garda72@example.org,(057) 523 2995,Pekanbaru,Gold,2024-01-17
P01075,"KH. Argono Hardiansyah, M.Farm",kwastuti@example.org,+62 (242) 750-4822,Purwokerto,Basic,2023-05-16
P01076,Cagak Widodo,tuwais@example.net,0876231168,Magelang,Basic,2024-10-04
P01077,"H. Anggabaya Suryono, M.Pd",safitripuspa@example.org,+62-383-812-5213,Tangerang,Basic,2023-10-23
P01078,Nurul Suryono,ardiantomartaka@example.net,080 987 4141,Medan,Basic,2023-11-17
P01079,Ira Namaga,adhiarja82@example.com,+62-31-426-7232,Kota Administrasi Jakarta Utara,Basic,2024-10-26
P01080,dr. Ida Padmasari,kezia37@example.net,(082) 230-5938,Sungai Penuh,Basic,2024-09-20
P01081,Michelle Utama,indah11@example.net,+62 (078) 339 5861,Gorontalo,Gold,2023-11-13
P01082,"KH. Gara Riyanti, M.Kom.",prayogavega@example.com,+62 (0845) 215 6180,Tebingtinggi,Gold,2024-08-09
P01083,Sari Setiawan,ssitompul@example.org,+62 (02) 820-3287,Jambi,Basic,2023-11-12
P01084,Kariman Pangestu,wijayantihafshah@example.com,087 854 7123,Padang,Platinum,2024-01-01
P01085,Timbul Hasanah,bsiregar@example.org,(083) 908-6236,Padangpanjang,Platinum,2023-03-24
P01086,"Puti Siska Wahyuni, M.Farm",hasanahheru@example.net,+62 (0019) 852 6093,Probolinggo,Basic,2023-08-07
P01087,Aisyah Maryadi,oskar96@example.com,+62-0270-542-5218,Jambi,Gold,2023-05-13
P01088,Kusuma Firmansyah,xpertiwi@example.net,+62 (0454) 676 3495,Kota Administrasi Jakarta Barat,Basic,2023-12-24
P01089,Eka Usada,tambadian@example.org,+62 (15) 583-9633,Pariaman,Gold,2024-08-15
P01090,H. Budi Maheswara,galakhandayani@example.net,+62 (186) 348-3208,Kota Administrasi Jakarta Utara,Basic,2023-09-05
P01091,Zaenab Iswahyudi,napitupululidya@example.com,(091) 964 8084,Padangpanjang,Gold,2024-05-11
P01092,T. Lurhur Winarsih,marganalazuardi@example.org,+62-36-244-9076,Lubuklinggau,Gold,2024-05-25
P01093,Gandi Iswahyudi,hasimmaryadi@example.net,+62-0261-645-9444,Batu,Basic,2023-05-18
P01094,R.M. Asmianto Pratiwi,latuponogarang@example.org,+62-33-641-9156,Kota Administrasi Jakarta Pusat,Basic,2024-04-08
P01095,Mursinin Wasita,bakdaprayoga@example.com,+62 (0124) 262-8405,Binjai,Basic,2024-10-26
P01096,Paiman Maulana,iswahyudidacin@example.com,0889425744,Lhokseumawe,Platinum,2024-10-20
P01097,Drs. Qori Prastuti,putratiara@example.org,(0388) 661-4285,Bogor,Gold,2024-01-12
P01098,"Tgk. Lega Napitupulu, S.Pd",halimajiono@example.org,+62-0929-616-0192,Madiun,Basic,2023-03-28
P01099,Pangestu Mardhiyah,vwahyudin@example.org,+62 (062) 011-8970,Pontianak,Basic,2023-03-07
P01100,"Chelsea Melani, S.Ked",aguspuspita@example.org,+62 (938) 463-0190,Sibolga,Basic,2024-04-14
P01101,"Ir. Najam Latupono, M.Ak",puspasarigasti@example.net,+62-32-779-7094,Bengkulu,Basic,2023-06-30
P01102,Asirwada Tarihoran,juli79@example.com,+62-47-315-8930,Sungai Penuh,Gold,2023-09-19
P01103,Pia Haryanto,enurdiyanti@example.org,+62-47-696-4307,Kota Administrasi Jakarta Barat,Basic,2024-09-23
P01104,"Ir. Putri Pranowo, M.Ak",uwaisratna@example.com,+62-0671-597-4949,Bandar Lampung,Basic,2024-07-27
P01105,Dagel Yuliarti,wasitaellis@example.net,+62 (30) 868 8302,Pekalongan,Basic,2023-12-02
P01106,"R.A. Hamima Haryanto, S.Farm",ismailmandala@example.net,+62 (73) 208-8781,Batu,Basic,2023-08-29
P01107,Zulaikha Gunarto,koko33@example.com,+62-0793-513-9098,Yogyakarta,Platinum,2024-01-27
P01108,Wirda Nainggolan,kdamanik@example.net,+62 (189) 824-6572,Tegal,Basic,2023-12-28
P01109,Estiono Dabukke,dongoranrika@example.org,0870292103,Tanjungbalai,Gold,2023-05-21
P01110,Puspa Prasasta,gangsa81@example.org,(0357) 128-3855,Mataram,Basic,2024-10-28
P01111,Cinthia Tamba,panggriawan@example.net,0817772071,Bima,Platinum,2024-11-07
P01112,"Respati Pratiwi, M.Ak",pyuliarti@example.org,+62-50-427-9229,Lhokseumawe,Basic,2023-09-17
P01113,"R.M. Elvin Suryono, M.Farm",psaragih@example.net,+62-096-046-4389,Probolinggo,Basic,2023-09-20
P01114,"Titin Saragih, S.Psi",,0888258269,Bau-Bau,Basic,2024-11-04
P01115,"Ir. Cakrabuana Mulyani, M.Farm",kusumobagas@example.org,+62 (040) 880 0366,Sorong,Basic,2023-02-16
P01116,Kamidin Farida,kacung06@example.com,(0677) 780 3652,Jambi,Basic,2024-04-13
P01117,Tgk. Rusman Haryanto,qriyanti@example.org,+62-073-569-9757,Salatiga,Gold,2023-07-13
P01118,Tomi Anggraini,wulandaripurwadi@example.net,+62 (039) 719 9910,Payakumbuh,Basic,2024-03-19
P01119,Siti Pangestu,fandriani@example.net,(024) 951 1216,Malang,Basic,2023-03-07
P01120,"Vera Prastuti, S.Ked",ekapradana@example.org,082 786 8831,Probolinggo,Basic,2023-11-09
P01121,R.M. Irfan Sudiati,manullangdwi@example.net,+62 (53) 897 8854,Surabaya,Basic,2023-03-14
P01122,Cut Betania Simbolon,lukitadamanik@example.com,+62-008-226-3690,Medan,Gold,2024-10-16
P01123,Darsirah Permadi,xwahyudin@example.com,+62 (75) 771 4793,Bukittinggi,Basic,2023-10-17
P01124,Kasiyah Lestari,gardasudiati@example.org,+62 (677) 418-1931,Medan,Basic,2024-11-07
P01125,Umar Gunawan,gawatilailasari@example.org,+62 (0881) 153 2551,Probolinggo,Basic,2023-04-15
P01126,Tari Hutasoit,apratiwi@example.net,081 455 3801,Yogyakarta,Basic,2024-08-06
P01127,"Dr. Farah Hariyah, S.IP",glailasari@example.net,+62 (0100) 749-0159,Pariaman,Basic,2024-10-20
P01128,"Mursita Purnawati, S.Ked",lasmantowijayanti@example.net,+62-0187-859-4576,Banjar,Basic,2023-08-13
P01129,Gasti Haryanto,faizahnababan@example.org,+62-72-323-9715,Tomohon,Basic,2024-10-28
P01130,Alika Wulandari,owahyudin@example.org,(051) 553-5920,Tangerang Selatan,Basic,2024-03-11
P01131,R. Salimah Saputra,,+62-323-658-7882,Bengkulu,Basic,2024-08-11
P01132,Adiarja Wibisono,prasastagantar@example.org,+62 (958) 523-8451,Bontang,Basic,2023-12-24
P01133,"KH. Radit Permadi, M.Pd",kandasiregar@example.net,(025) 824-2978,Pontianak,Basic,2024-03-24
P01134,Heru Maulana,xpurnawati@example.org,(0203) 971 9684,Binjai,Gold,2023-01-25
P01135,"R. Gawati Palastri, M.Farm",shidayat@example.net,(096) 703 9384,Manado,Basic,2024-05-04
P01136,Reksa Nurdiyanti,warsita13@example.org,+62-090-167-8341,Yogyakarta,Basic,2023-03-13
P01137,Putri Anggraini,ardiantovera@example.com,+62 (019) 874-4218,Ternate,Basic,2023-03-01
P01138,R.A. Siti Thamrin,caraka53@example.com,082 051 6672,Samarinda,Basic,2024-07-16
P01139,"Adinata Hardiansyah, S.IP",uutami@example.net,+62 (28) 219-1618,Jayapura,Gold,2024-10-24
P01140,Rangga Adriansyah,gunawanalika@example.com,+62 (0872) 865 5504,Meulaboh,Basic,2023-11-05
P01141,"drg. Alika Napitupulu, M.Pd",jhandayani@example.com,+62 (67) 629-7946,Parepare,Basic,2023-05-01
P01142,"Raisa Padmasari, S.Kom",prastutiarta@example.org,+62 (988) 827 6681,Tanjungbalai,Basic,2023-10-28
P01143,Xanana Adriansyah,okto52@example.org,+62-026-233-3693,Prabumulih,Basic,2024-04-26
P01144,"Asmianto Budiman, M.Ak",laksitacecep@example.net,(036) 874-2803,Subulussalam,Gold,2024-06-07
P01145,Mujur Pangestu,baryani@example.org,+62 (874) 530 5087,Singkawang,Gold,2024-02-20
P01146,"Dt. Sabri Widodo, S.Kom",lestaritedi@example.com,+62 (0085) 083-1658,Bogor,Basic,2024-08-07
P01147,Sutan Manah Hassanah,melanirahmi@example.net,+62-350-700-0930,Balikpapan,Basic,2024-07-29
P01148,Daru Hutapea,murti78@example.net,(021) 902-1563,Pekalongan,Platinum,2023-01-18
P01149,Prakosa Uwais,fmardhiyah@example.com,+62-707-192-9773,Manado,Basic,2024-07-28
P01150,Ega Novitasari,fkurniawan@example.com,(027) 794 0705,Tual,Gold,2024-01-27
P01151,"Zulfa Wacana, S.E.I",nasyiahharimurti@example.org,+62 (59) 215-9551,Tidore Kepulauan,Gold,2024-09-10
P01152,Rafi Hardiansyah,yhidayanto@example.com,+62 (063) 351-8280,Solok,Basic,2023-04-24
P01153,Langgeng Purwanti,wahyuninajam@example.org,+62-53-029-8286,Meulaboh,Gold,2023-07-07
P01154,Paiman Nainggolan,yulianatampubolon@example.com,(031) 896 6752,Kota Administrasi Jakarta Pusat,Basic,2024-03-17
P01155,"R. Wasis Nuraini, S.Sos",yuni56@example.com,(065) 764 3396,Tidore Kepulauan,Basic,2023-08-14
P01156,Belinda Sitompul,paris44@example.net,083 976 1025,Langsa,Platinum,2024-04-23
P01157,Laswi Setiawan,cinta40@example.org,(0778) 926 4832,Jayapura,Basic,2024-09-21
P01158,Karsana Nurdiyanti,wsitorus@example.org,+62 (0409) 506-5626,Banjarmasin,Basic,2023-09-07
P01159,"Puti Dian Padmasari, M.TI.",susantiulya@example.com,+62 (082) 366-5975,Padangpanjang,Basic,2023-11-26
P01160,"Ridwan Wastuti, S.Farm",lmarbun@example.org,+62-55-220-9077,Padang Sidempuan,Basic,2023-04-13
P01161,Bagiya Budiman,ayuputra@example.com,+62 (02) 926-4679,Kota Administrasi Jakarta Selatan,Basic,2024-06-01
P01162,Gandi Hakim,candrakanta07@example.net,(097) 110-9090,Kendari,Basic,2023-05-19
P01163,Wira Hartati,silvia04@example.net,+62 (026) 390 7481,Pasuruan,Platinum,2024-09-03
P01164,Janet Tarihoran,sramadan@example.com,+62 (053) 647-1543,Jayapura,Basic,2024-03-26
P01165,"Alambana Ramadan, M.M.",mdabukke@example.com,+62 (33) 377-7972,Bogor,Basic,2023-01-19
P01166,"Arta Puspasari, S.Gz",gangsa91@example.org,+62 (073) 160-7973,Pekanbaru,Basic,2024-06-20
P01167,Jessica Suryono,marsitolailasari@example.net,+62 (0089) 638 6687,Probolinggo,Platinum,2024-11-01
P01168,Bagiya Hutapea,sihotangyosef@example.com,087 278 0554,Kota Administrasi Jakarta Barat,Basic,2023-07-13
P01169,Ir. Gaman Hariyah,wkurniawan@example.net,+62 (012) 583-3445,Blitar,Gold,2023-09-25
P01170,"H. Karta Situmorang, S.T.",mhandayani@example.net,0812597697,Magelang,Basic,2024-01-13
P01171,Devi Permata,ghalimah@example.com,+62 (18) 613-6308,Bima,Gold,2023-11-05
P01172,Mahdi Mandasari,napitupulucandra@example.com,+62-0931-676-2783,Pekanbaru,Basic,2024-01-01
P01173,"dr. Dariati Andriani, S.Psi",rajasapurwadi@example.org,+62 (95) 294 0398,Sibolga,Basic,2023-04-27
P01174,Elma Puspita,simanjuntakbanawi@example.net,+62 (07) 247-9113,Sibolga,Gold,2023-07-17
P01175,Drs. Farah Padmasari,artanto64@example.com,+62-29-887-1301,Kediri,Basic,2023-12-19
P01176,Natalia Tarihoran,mandasariviolet@example.net,+62-043-330-0183,Pontianak,Basic,2024-10-24
P01177,Drs. Endra Melani,nmaryadi@example.com,(0801) 434 1330,Palu,Gold,2023-04-19
P01178,"Atmaja Dabukke, M.Farm",nabilawacana@example.org,(097) 593-1830,Magelang,Gold,2024-05-06
P01179,Galar Winarsih,ymaheswara@example.org,0869732620,Banjar,Basic,2023-11-26
P01180,"Puti Tantri Sinaga, S.Psi",reksa31@example.net,(061) 847 2525,Surakarta,Basic,2024-08-20
P01181,Oliva Yuliarti,wahyunioni@example.com,+62 (0724) 344-0241,Gorontalo,Platinum,2024-03-01
P01182,"Dt. Cakrajiya Sihombing, S.E.",,+62 (090) 721-8482,Bandar Lampung,Basic,2024-08-30
P01183,Melinda Dabukke,darijanyulianti@example.net,+62 (090) 955 5376,Lhokseumawe,Basic,2024-10-07
P01184,Salwa Suryono,suartinihardi@example.org,0866056243,Palembang,Basic,2023-12-14
P01185,Bala Habibi,,(0811) 107-0324,Subulussalam,Gold,2024-12-02
P01186,Tirta Kusmawati,malik68@example.com,(0465) 494 8565,Tangerang,Gold,2024-01-07
P01187,"Niyaga Dabukke, S.I.Kom",yani71@example.net,+62 (0236) 591 6614,Binjai,Gold,2023-02-01
P01188,Mariadi Damanik,paiman32@example.net,(0740) 391-5830,Bandung,Basic,2024-01-08
P01189,Rika Manullang,gdabukke@example.com,+62-0510-418-5589,Binjai,Basic,2024-04-25
P01190,"Imam Simbolon, M.Kom.",caturangga34@example.net,(0389) 251 7229,Balikpapan,Gold,2024-04-25
P01191,R.M. Hadi Wacana,yrahayu@example.org,0891449782,Pekanbaru,Basic,2024-01-10
P01192,Tira Hakim,mila49@example.com,+62 (067) 483 7867,Jambi,Gold,2024-04-16
P01193,"Yulia Prasetyo, S.Ked",zwasita@example.org,+62-69-681-6587,Jayapura,Gold,2024-10-05
P01194,Maimunah Sirait,puspasariraden@example.org,(0520) 972-4254,Kota Administrasi Jakarta Selatan,Basic,2024-06-01
P01195,"R.M. Nyana Sudiati, S.Gz",ellisusamah@example.org,+62 (014) 178-3051,Binjai,Basic,2024-05-05
P01196,"Amelia Maryadi, S.Kom",candrakanta86@example.org,(0765) 959-0363,Batu,Basic,2023-01-31
P01197,Gantar Rahmawati,iprasetyo@example.org,+62 (072) 031-4498,Subulussalam,Gold,2024-10-23
P01198,"Tgk. Amelia Januar, M.Ak",halimasihotang@example.org,(056) 074 1935,Purwokerto,Gold,2024-07-26
P01199,Jaga Prasetyo,hardiansyahmariadi@example.com,0884962539,Singkawang,Basic,2023-06-18
P01200,Vega Habibi,purnawatiusyi@example.com,+62-0532-721-0082,Tanjungpinang,Basic,2024-10-02
P01201,Anita Waluyo,kadriansyah@example.net,(025) 827 7056,Banda Aceh,Gold,2024-02-01
P01202,Tgk. Tirtayasa Aryani,kandatampubolon@example.net,+62 (405) 767 5912,Tomohon,Basic,2024-03-10
P01203,Dr. Nasim Mansur,susantirangga@example.com,+62 (206) 234 0729,Kota Administrasi Jakarta Timur,Gold,2024-03-18
P01204,"Drs. Maria Hidayat, S.Pt",thamrinkeisha@example.com,+62 (72) 156-4806,Manado,Basic,2024-02-20
P01205,Tri Damanik,adinatalailasari@example.com,+62 (70) 753 5374,Kota Administrasi Jakarta Timur,Basic,2024-07-10
P01206,"Aurora Iswahyudi, M.Kom.",kalamandasari@example.net,+62 (024) 800-2858,Cilegon,Gold,2024-09-22
P01207,"drg. Aurora Yuniar, S.H.",jsiregar@example.org,+62 (0882) 858-1640,Mojokerto,Gold,2024-03-10
P01208,"Ir. Sarah Habibi, S.Gz",ihsan92@example.net,+62-010-316-3818,Magelang,Platinum,2023-04-29
P01209,"Hj. Mala Puspita, S.Kom",kusumogangsa@example.net,+62 (409) 611-4042,Tomohon,Basic,2023-03-10
P01210,Ratna Mandasari,ulva90@example.org,084 917 5867,Tual,Basic,2024-03-24
P01211,Puti Siska Narpati,malika30@example.net,088 589 9633,Tanjungbalai,Basic,2024-12-02
P01212,Wirda Mangunsong,napitupuluharja@example.org,+62 (064) 476 9095,Salatiga,Platinum,2023-07-28
P01213,Wakiman Mandala,eyulianti@example.net,+62 (220) 350 0340,Jambi,Gold,2024-07-21
P01214,"R.M. Mulyono Narpati, M.TI.",pranowojindra@example.net,(022) 928 1973,Kendari,Gold,2024-08-29
P01215,"Intan Hutasoit, S.Pt",umi63@example.net,+62 (344) 276-4738,Binjai,Basic,2024-04-04
P01216,Qori Hardiansyah,respatinainggolan@example.net,(0306) 984-1340,Pangkalpinang,Gold,2024-05-08
P01217,Galih Gunawan,hasim97@example.net,0800662535,Denpasar,Basic,2024-06-14
P01218,drg. Ulya Waluyo,adenashiruddin@example.com,+62-090-373-0761,Bontang,Gold,2024-11-08
P01219,Niyaga Hidayat,bramadan@example.org,+62 (084) 237-7187,Yogyakarta,Gold,2023-02-08
P01220,R. Hamima Gunarto,niswahyudi@example.org,(023) 660-8598,Sorong,Platinum,2024-11-10
P01221,"Kenzie Hariyah, M.Kom.",gsusanti@example.com,+62 (0117) 365-3528,Subulussalam,Basic,2023-09-05
P01222,Ir. Tantri Usada,hairyanto75@example.com,+62 (0864) 120-7733,Tarakan,Basic,2024-01-10
P01223,Intan Wastuti,manullangoskar@example.com,+62 (211) 859 2233,Langsa,Basic,2024-09-11
P01224,Muni Sirait,ayurahmawati@example.net,+62 (019) 052 3749,Kendari,Basic,2023-02-10
P01225,"KH. Taufan Putra, S.H.",hsuwarno@example.net,(0982) 373 6494,Palu,Basic,2023-12-06
P01226,dr. Salimah Najmudin,xputra@example.com,(051) 843-1180,Kotamobagu,Basic,2024-09-28
P01227,"Nadia Rahayu, S.Sos",anggrainikamidin@example.com,0867346726,Ambon,Gold,2024-04-28
P01228,"Tgk. Panji Pratama, S.T.",iswahyudienteng@example.net,+62-0523-889-3409,Bukittinggi,Gold,2024-01-30
P01229,Lulut Oktaviani,anggriawancakrawangsa@example.org,+62-094-861-3694,Depok,Basic,2023-03-20
P01230,Fitriani Rahmawati,carla68@example.com,(0497) 291 4613,Kota Administrasi Jakarta Pusat,Basic,2024-08-16
P01231,"Johan Mulyani, M.Ak",ewaskita@example.com,+62 (092) 289-8920,Bitung,Platinum,2023-11-05
P01232,Wadi Hakim,wjailani@example.net,+62 (438) 688 1502,Langsa,Basic,2023-07-28
P01233,Jaga Suwarno,daliman27@example.org,+62-0290-795-8194,Ternate,Gold,2024-06-01
P01234,Cecep Hartati,diahwinarno@example.org,+62 (021) 204-7306,Palu,Gold,2023-11-30
P01235,Paramita Haryanto,rhalim@example.net,+62-662-541-5465,Solok,Platinum,2023-06-11
P01236,Rahmi Mandala,murtirajata@example.com,+62-086-886-7484,Surakarta,Gold,2024-03-01
P01237,Capa Hakim,dadapwidiastuti@example.org,+62-932-445-5996,Kediri,Basic,2023-01-13
P01238,Cakrawangsa Sirait,zutami@example.net,+62 (004) 875 0305,Cimahi,Gold,2024-03-25
P01239,Elisa Pradipta,ohastuti@example.com,+62 (095) 584-6261,Tanjungpinang,Platinum,2023-01-09
P01240,Dr. Kajen Padmasari,kania75@example.org,+62 (0372) 683 1461,Pariaman,Basic,2023-09-24
P01241,Belinda Siregar,reksaprasasta@example.org,+62-51-047-3070,Ambon,Basic,2023-08-28
P01242,"Dwi Jailani, M.Farm",simanjuntakcemeti@example.net,086 871 7319,Purwokerto,Basic,2024-06-13
P01243,Lintang Agustina,rusman44@example.org,0853631450,Jayapura,Basic,2024-03-06
P01244,Gaiman Andriani,shutagalung@example.com,+62 (83) 879-4210,Cirebon,Basic,2023-02-08
P01245,Kezia Mangunsong,utamaolivia@example.com,(0233) 433 1014,Surakarta,Basic,2023-04-30
P01246,"Tgk. Ridwan Megantara, S.Gz",hastutimartani@example.com,+62 (0358) 068-7542,Cilegon,Basic,2024-03-01
P01247,Asman Pradana,bagusmaryati@example.net,+62 (509) 487 9814,Probolinggo,Basic,2024-04-04
P01248,Latika Hartati,elvinrahayu@example.com,+62 (534) 963 3481,Palembang,Basic,2024-04-04
P01249,dr. Yuliana Wastuti,margana01@example.org,+62-15-850-7182,Lubuklinggau,Basic,2024-11-28
P01250,"Siti Hariyah, M.Farm",cakrabirawaramadan@example.com,+62 (025) 122-8816,Samarinda,Basic,2024-03-05
P01251,Kamal Pangestu,dacinnasyidah@example.org,+62-25-972-2081,Payakumbuh,Gold,2023-09-11
P01252,KH. Alambana Astuti,gamanpradipta@example.net,(0313) 013-6494,Pagaralam,Basic,2023-01-03
P01253,Ophelia Widiastuti,jjanuar@example.net,(0843) 262-5061,Ambon,Gold,2023-09-24
P01254,Rina Uwais,balijan12@example.com,080 162 4618,Tasikmalaya,Gold,2023-10-14
P01255,Azalea Rajasa,firmansyahgandi@example.com,+62 (0821) 592-4684,Padang,Basic,2024-08-13
P01256,"dr. Raden Yuniar, M.Ak",nyanayuliarti@example.net,+62-370-240-6068,Sukabumi,Basic,2024-07-11
P01257,Jelita Suryono,ohidayanto@example.org,+62 (0378) 985 7560,Banjarbaru,Gold,2024-06-17
P01258,Paramita Saputra,xlailasari@example.net,082 010 0249,Kediri,Gold,2023-10-04
P01259,"drg. Alika Simanjuntak, S.Kom",kadir10@example.org,+62 (40) 533-1165,Kota Administrasi Jakarta Pusat,Platinum,2024-10-28
P01260,R. Ratna Lailasari,vusada@example.net,+62 (15) 674-2530,Singkawang,Gold,2023-12-28
P01261,Intan Lazuardi,juwais@example.org,+62-074-324-6691,Payakumbuh,Gold,2023-11-24
P01262,Puti Samiah Palastri,ejamayasari@example.net,+62 (93) 272 0911,Kota Administrasi Jakarta Selatan,Gold,2023-01-20
P01263,Wani Budiman,mumpuni27@example.org,+62-514-357-0017,Probolinggo,Gold,2024-11-09
P01264,"Bella Haryanti, S.Pd",okta71@example.net,+62 (0554) 768-9262,Dumai,Basic,2024-10-15
P01265,R. Indah Sirait,kusada@example.org,+62-055-228-0416,Cilegon,Platinum,2024-06-27
P01266,Cawuk Maryadi,jarwadiwulandari@example.org,(051) 209-9108,Lhokseumawe,Basic,2024-04-21
P01267,"Hj. Zahra Nashiruddin, S.E.",umay91@example.com,(056) 151-0146,Payakumbuh,Basic,2023-12-23
P01268,R.A. Najwa Lestari,ira70@example.com,(009) 070-4552,Bontang,Basic,2023-03-02
P01269,Yani Rajasa,humairalaksmiwati@example.com,+62 (283) 610 6870,Salatiga,Basic,2024-05-28
P01270,"drg. Darmaji Prayoga, S.E.I",thamrinbakidin@example.net,0809686480,Balikpapan,Basic,2024-09-05
P01271,Jamal Nasyiah,firgantorogilda@example.net,(0593) 218-5587,Pangkalpinang,Basic,2024-09-06
P01272,"Zelda Laksita, S.Pt",tambajabal@example.org,+62-085-091-5668,Bontang,Basic,2023-04-10
P01273,Sakura Hariyah,napitupuluuli@example.net,084 005 6011,Pariaman,Basic,2024-11-09
P01274,"drg. Ridwan Saputra, S.IP",rpradana@example.org,(038) 597 2257,Cirebon,Basic,2024-10-21
P01275,"Tgk. Jaka Samosir, M.TI.",cakrajiyalaksita@example.org,+62-0589-521-5793,Pagaralam,Platinum,2023-09-16
P01276,"Bakianto Kusumo, S.Pt",damaniktaswir@example.com,+62-0426-591-5018,Pasuruan,Basic,2024-04-26
P01277,"Intan Pratama, S.Psi",rajatasidiq@example.com,+62 (0809) 003-2846,Tanjungbalai,Basic,2024-04-19
P01278,"Ilsa Pradana, S.I.Kom",lsaputra@example.net,+62 (048) 841-8770,Jayapura,Gold,2023-03-23
P01279,Ozy Latupono,warjinugroho@example.org,+62-327-161-7793,Pariaman,Gold,2023-05-14
P01280,Siti Marpaung,xoktaviani@example.net,+62 (406) 254 4867,Subulussalam,Basic,2023-09-29
P01281,"KH. Cager Budiman, M.Ak",puputpranowo@example.net,+62-037-834-8067,Solok,Basic,2024-11-10
P01282,Oman Mardhiyah,aslijanwulandari@example.com,+62-463-160-8768,Kotamobagu,Gold,2024-07-25
P01283,Tgk. Martani Riyanti,vera94@example.net,+62-205-610-3544,Tebingtinggi,Basic,2024-11-27
P01284,Sutan Kambali Mustofa,cjailani@example.net,(099) 152-4361,Kota Administrasi Jakarta Utara,Gold,2024-01-12
P01285,Ir. Vera Siregar,lprasetyo@example.com,+62 (97) 473 6998,Singkawang,Basic,2024-02-25
P01286,Eja Usada,sihotangirfan@example.net,+62 (060) 015-0794,Padang,Basic,2024-07-13
P01287,Zulfa Saputra,jnamaga@example.org,+62 (0245) 163 0138,Bengkulu,Basic,2024-07-19
P01288,"Dr. Eka Rahmawati, M.Pd",pia26@example.com,(096) 819-6931,Tual,Basic,2024-05-22
P01289,"R. Gandi Lazuardi, S.Psi",muniyuliarti@example.net,(0599) 006-4098,Surakarta,Basic,2024-11-13
P01290,Oni Sitompul,rahmawatiintan@example.org,+62-0243-859-7716,Denpasar,Platinum,2024-04-09
P01291,Wahyu Manullang,putraadinata@example.com,+62 (0817) 458 0103,Kendari,Basic,2024-07-16
P01292,"Tgk. Paiman Agustina, S.E.I",nalarutami@example.org,0809936537,Ternate,Platinum,2024-05-12
P01293,Aslijan Mangunsong,saefullahciaobella@example.com,+62-390-818-6687,Pasuruan,Basic,2023-04-16
P01294,Sutan Lurhur Sihotang,kacungwaskita@example.net,+62-771-139-4442,Bukittinggi,Gold,2023-04-15
P01295,Rika Susanti,smangunsong@example.com,0833508053,Padangpanjang,Gold,2023-09-23
P01296,Dian Wibowo,viktornugroho@example.com,+62 (754) 630 0116,Banjar,Basic,2024-10-10
P01297,Nabila Simanjuntak,darmana36@example.org,(0281) 204-1498,Cirebon,Basic,2024-09-28
P01298,"Drs. Aris Wasita, S.I.Kom",kfirmansyah@example.com,+62 (061) 623 2759,Mojokerto,Gold,2024-08-16
P01299,Puti Zamira Hasanah,radensihotang@example.net,0872187795,Blitar,Basic,2023-03-27
P01300,Nilam Suryono,hartatipangestu@example.net,(0436) 138-2970,Bontang,Basic,2023-11-26
P01301,Lembah Adriansyah,luiswahyuni@example.com,+62-028-864-3824,Pariaman,Gold,2024-11-30
P01302,Bagiya Samosir,hadigunawan@example.com,+62-088-043-6382,Medan,Basic,2024-10-12
P01303,Nardi Handayani,asirwandahardiansyah@example.org,+62 (011) 554-8989,Metro,Gold,2023-09-08
P01304,Rini Aryani,ichaanggraini@example.net,+62 (191) 700-7401,Padang Sidempuan,Basic,2023-05-23
P01305,Jarwi Waskita,irwansetiawan@example.com,+62-05-791-0312,Pontianak,Gold,2024-10-07
P01306,Mitra Pratiwi,nugrohosyahrini@example.net,(0504) 642 7220,Palembang,Gold,2024-03-24
P01307,"Zizi Prastuti, M.Ak",narpatitina@example.com,+62 (046) 335-0577,Pekalongan,Gold,2024-01-05
P01308,Sutan Harja Handayani,aditya58@example.net,(081) 002 7819,Sabang,Basic,2023-06-17
P01309,"Drs. Balamantri Santoso, M.Farm",elisasudiati@example.org,(033) 626 8632,Kediri,Gold,2024-02-04
P01310,Sidiq Uwais,silviahalim@example.com,+62-35-637-8079,Balikpapan,Basic,2023-08-17
P01311,"R. Warta Kusumo, M.TI.",agustinawarji@example.net,+62 (92) 672-0638,Tarakan,Basic,2024-07-16
P01312,"Dt. Bakiono Napitupulu, S.Gz",agustinakeisha@example.net,+62-0943-631-6737,Sukabumi,Basic,2023-05-24
P01313,Kezia Sitompul,murti41@example.com,(0908) 361 4844,Yogyakarta,Basic,2023-09-23
P01314,"Kala Siregar, M.M.",fdabukke@example.net,0840943196,Parepare,Basic,2024-05-16
P01315,"R. Puti Permata, S.Farm",wahyunioman@example.net,+62 (0381) 987-3305,Banjarbaru,Basic,2024-11-18
P01316,Harja Waluyo,dagelsitumorang@example.com,+62-0012-653-6242,Tanjungpinang,Gold,2024-11-07
P01317,Koko Riyanti,mulyono52@example.org,+62 (0049) 096 0430,Sabang,Basic,2024-01-07
P01318,"H. Anom Hutagalung, S.Pd",esitompul@example.org,+62 (078) 728-9347,Balikpapan,Gold,2024-10-29
P01319,"R.M. Rahman Lestari, S.Kom",firmansyahgina@example.net,+62 (055) 697-0882,Tangerang,Basic,2023-07-24
P01320,Damu Firmansyah,pradiptalili@example.org,(050) 523-1603,Ternate,Basic,2024-03-25
P01321,drg. Mala Pangestu,tami03@example.net,0830544783,Palembang,Gold,2024-08-11
P01322,Farhunnisa Thamrin,warji89@example.com,+62 (0377) 907-4556,Cimahi,Basic,2023-12-13
P01323,Abyasa Nurdiyanti,nabila50@example.org,+62 (568) 815 6924,Pasuruan,Gold,2024-02-26
P01324,"Radit Hassanah, S.Gz",bakidin87@example.com,+62-033-583-0580,Pagaralam,Platinum,2023-09-06
P01325,Devi Tampubolon,haryantooskar@example.org,+62-058-012-5834,Tangerang,Basic,2024-02-12
P01326,Dr. Mila Handayani,nababankani@example.org,+62 (18) 317-7661,Kota Administrasi Jakarta Barat,Basic,2023-01-14
P01327,Makara Namaga,limantampubolon@example.net,(012) 008 2870,Malang,Basic,2023-03-07
P01328,"Paiman Nababan, S.Ked",bakiantonababan@example.net,+62 (0169) 687 0182,Kotamobagu,Platinum,2023-07-29
P01329,Malika Haryanti,mhutasoit@example.org,(067) 713-8808,Surakarta,Basic,2023-11-20
P01330,H. Putu Wijaya,kanihakim@example.com,+62-93-952-1286,Sorong,Basic,2023-04-11
P01331,Luwes Widodo,kardi97@example.org,(032) 073-1411,Bontang,Basic,2024-05-17
P01332,Puti Novi Nasyidah,shanianababan@example.com,+62-063-778-4809,Jayapura,Basic,2023-10-16
P01333,Clara Maulana,rwahyudin@example.net,0850331243,Gorontalo,Basic,2024-10-06
P01334,Rahmi Manullang,utampubolon@example.net,(003) 212 3883,Medan,Gold,2024-05-22
P01335,Jaswadi Utami,iwahyudin@example.net,+62 (423) 823-8849,Batu,Gold,2024-03-09
P01336,Dasa Wahyuni,santosocayadi@example.org,080 283 4291,Subulussalam,Basic,2023-08-19
P01337,Baktiadi Nainggolan,zsitompul@example.net,+62-0695-440-7600,Madiun,Basic,2023-11-19
P01338,KH. Cemani Pradana,ksalahudin@example.org,+62 (097) 085-2503,Banda Aceh,Basic,2024-05-04
P01339,"Dimas Utami, S.T.",prasetyoyusuf@example.com,+62 (0572) 349 8800,Kediri,Basic,2024-10-27
P01340,Nasrullah Maulana,amalia53@example.com,+62 (907) 457 6461,Kota Administrasi Jakarta Utara,Gold,2023-04-28
P01341,Hilda Pranowo,namagadanu@example.com,0894846674,Palangkaraya,Basic,2023-05-06
P01342,Alika Dongoran,wwijaya@example.com,+62 (51) 402-1579,Cilegon,Gold,2023-02-28
P01343,Emong Sirait,kadirlaksita@example.org,+62 (0700) 109 3298,Tasikmalaya,Gold,2023-04-13
P01344,Zizi Narpati,budisiregar@example.com,+62-807-470-5789,Bandung,Basic,2024-10-30
P01345,"Warsita Suwarno, S.T.",sihombingnajib@example.com,+62 (0235) 078 3102,Kota Administrasi Jakarta Timur,Platinum,2024-08-05
P01346,"Belinda Wahyudin, M.Ak",virmanyulianti@example.com,082 061 3662,Padang,Basic,2023-01-19
P01347,Drs. Dian Latupono,gada41@example.com,+62-79-634-5168,Tasikmalaya,Gold,2023-02-25
P01348,"Humaira Hastuti, S.Gz",jonousamah@example.net,+62-0635-542-6922,Tebingtinggi,Basic,2023-08-15
P01349,Intan Wahyuni,situmorangparman@example.net,+62 (0598) 803-2714,Bitung,Gold,2023-09-04
P01350,Yahya Nababan,lailamaulana@example.org,(078) 904-3982,Depok,Gold,2024-10-29
P01351,Kala Namaga,candrakanta45@example.com,(0650) 935-8836,Bekasi,Basic,2023-02-23
P01352,"Dartono Sitorus, S.Psi",vmandala@example.com,+62 (0665) 227-5224,Kota Administrasi Jakarta Pusat,Platinum,2023-03-24
P01353,Xanana Sihotang,krahayu@example.net,083 695 6294,Pariaman,Gold,2023-03-12
P01354,Reksa Agustina,nardisihotang@example.org,+62 (0615) 771 3854,Parepare,Gold,2024-07-07
P01355,Mulya Anggraini,suryatmiwage@example.org,+62-68-472-9048,Tebingtinggi,Gold,2023-12-30
P01356,"Usyi Siregar, M.Pd",nhidayanto@example.net,(0153) 930 3608,Kota Administrasi Jakarta Timur,Basic,2024-07-03
P01357,R.M. Tomi Hariyah,arahmawati@example.com,(016) 860 9428,Mojokerto,Gold,2024-07-05
P01358,Eman Laksita,caketnasyidah@example.org,(0968) 571-7839,Gorontalo,Gold,2023-08-18
P01359,"Drs. Wardaya Setiawan, S.Gz",jhariyah@example.org,(078) 490 3269,Purwokerto,Basic,2024-06-12
P01360,"R.A. Genta Pangestu, S.Sos",,+62 (0830) 540 7142,Bandar Lampung,Basic,2024-04-29
P01361,Omar Megantara,hartosuwarno@example.net,+62 (0365) 242 9041,Bontang,Basic,2024-05-14
P01362,Dr. Hardi Zulkarnain,dalimangunarto@example.org,+62 (049) 417 6218,Probolinggo,Gold,2023-07-25
P01363,"Prakosa Adriansyah, S.Ked",sitompulendra@example.com,0819123203,Pagaralam,Basic,2024-01-02
P01364,Elisa Samosir,thastuti@example.org,+62 (226) 362 1570,Mataram,Basic,2023-12-20
P01365,Dr. Bakiman Wulandari,gantar75@example.org,+62-0852-885-4279,Sabang,Basic,2023-01-24
P01366,Juli Aryani,banawawahyudin@example.net,+62 (049) 242 7456,Jayapura,Gold,2024-04-10
P01367,R.M. Dadap Hariyah,nurainikamidin@example.com,+62-29-162-4202,Pematangsiantar,Basic,2024-06-19
P01368,dr. Maras Wulandari,capamahendra@example.net,+62 (015) 707 3212,Tidore Kepulauan,Platinum,2023-08-25
P01369,"Mahfud Pranowo, S.Farm",jefriprasetya@example.net,+62 (018) 525 3216,Lhokseumawe,Gold,2023-08-22
P01370,Jane Waluyo,zamira59@example.com,+62-12-665-4641,Pekalongan,Basic,2024-11-01
P01371,"Dr. Purwanto Simanjuntak, M.Ak",,+62-013-688-6407,Salatiga,Basic,2024-01-11
P01372,"Rafid Situmorang, S.I.Kom",wahyunifarhunnisa@example.org,(0120) 711-5055,Magelang,Basic,2023-12-15
P01373,Tiara Purnawati,ciaobella58@example.net,(005) 314 0145,Pontianak,Gold,2023-12-14
P01374,Kamidin Permata,rahimahjanet@example.org,(013) 580 6170,Malang,Gold,2023-11-02
P01375,Zulaikha Wibowo,ihutagalung@example.org,+62 (645) 933 9456,Sungai Penuh,Basic,2023-03-15
P01376,Paris Maryati,qirawan@example.net,(074) 950 7663,Parepare,Basic,2023-07-12
P01377,"Ajimin Sudiati, S.IP",gadarahimah@example.net,0866072511,Mojokerto,Basic,2023-02-24
P01378,Samiah Pradana,cemplunk37@example.net,+62 (625) 828-3224,Bontang,Gold,2024-05-01
P01379,"Ir. Safina Nasyiah, M.M.",ozy41@example.org,+62-0894-223-3823,Malang,Basic,2023-07-18
P01380,Agus Saputra,najib01@example.net,(0785) 130 9456,Kota Administrasi Jakarta Timur,Platinum,2023-02-22
P01381,Himawan Siregar,cemplunk85@example.com,+62 (003) 546-6587,Bau-Bau,Basic,2023-12-12
P01382,Novi Prabowo,kurniawankasim@example.net,+62-043-154-5252,Banjarmasin,Gold,2023-05-22
P01383,Ellis Saefullah,zulaikaraihan@example.com,+62 (0999) 585 1361,Bengkulu,Basic,2023-12-26
P01384,Hana Santoso,itarihoran@example.org,+62-61-500-8048,Bitung,Platinum,2024-09-21
P01385,"Cut Usyi Pradana, S.E.",pudjiastutiviolet@example.org,+62 (376) 450 8610,Kota Administrasi Jakarta Barat,Gold,2023-09-09
P01386,Kezia Firgantoro,unjaninajmudin@example.net,(0077) 383 1607,Jambi,Basic,2024-01-03
P01387,Yahya Purwanti,mramadan@example.org,+62 (039) 779-0182,Pematangsiantar,Basic,2024-04-17
P01388,Respati Situmorang,nalar54@example.org,+62-87-343-2288,Tasikmalaya,Platinum,2024-01-23
P01389,Kiandra Usada,kacung95@example.org,+62-0771-241-8852,Palangkaraya,Basic,2024-11-03
P01390,Almira Mustofa,dimazhassanah@example.org,(037) 163 8640,Kota Administrasi Jakarta Barat,Basic,2024-01-07
P01391,Tania Prayoga,aurorahutagalung@example.org,+62-015-806-8150,Banjar,Gold,2023-05-08
P01392,Belinda Usamah,jessicadongoran@example.com,(0680) 996 6784,Kota Administrasi Jakarta Timur,Gold,2023-10-01
P01393,Gaiman Rajasa,tarihoranjumadi@example.com,+62 (007) 424-7004,Tangerang Selatan,Basic,2023-04-02
P01394,Cut Ghaliyati Tamba,galionohidayat@example.net,+62 (03) 971-9226,Banjar,Basic,2023-11-07
P01395,Mutia Hutagalung,gamantonainggolan@example.org,(007) 747 3472,Batu,Gold,2024-08-23
P01396,Karya Marpaung,dwulandari@example.net,+62-202-576-6644,Mataram,Basic,2024-03-01
P01397,Rizki Yolanda,ohalimah@example.org,+62-0390-912-7241,Kota Administrasi Jakarta Utara,Basic,2024-04-21
P01398,"Uli Damanik, M.Pd",nasrullahardianto@example.net,+62 (317) 676-5461,Prabumulih,Basic,2024-10-13
P01399,Ika Riyanti,mahesa77@example.net,+62-081-231-1366,Banjarbaru,Basic,2023-03-29
P01400,Vera Hardiansyah,harto42@example.com,+62 (151) 119-3084,Probolinggo,Basic,2024-08-05
P01401,"Ir. Anastasia Najmudin, S.Psi",jsafitri@example.net,+62 (0009) 579-5290,Ambon,Basic,2023-08-01
P01402,R. Irwan Hariyah,diana85@example.org,+62 (045) 190 5571,Tangerang Selatan,Gold,2023-09-06
P01403,Icha Gunawan,prabowomansur@example.com,+62 (408) 535-1214,Dumai,Basic,2023-12-16
P01404,"Agnes Yuliarti, S.H.",gadang12@example.org,(009) 883-5803,Banda Aceh,Gold,2023-09-28
P01405,Gabriella Sirait,gsaptono@example.net,+62 (68) 892 5617,Pasuruan,Basic,2023-02-12
P01406,drg. Nabila Marpaung,fyuliarti@example.org,+62 (035) 727-4671,Banda Aceh,Platinum,2024-09-26
P01407,Nugraha Nasyiah,amelia95@example.com,+62-29-470-3201,Denpasar,Gold,2024-05-12
P01408,Ira Mandala,enababan@example.com,+62 (011) 157-1949,Makassar,Gold,2024-02-03
P01409,Pia Widodo,jamil40@example.com,+62 (0811) 137 4017,Palu,Gold,2023-02-09
P01410,Galang Widiastuti,qutama@example.org,+62 (39) 088 6975,Manado,Basic,2023-02-20
P01411,Ozy Mardhiyah,respati22@example.org,(031) 225-9396,Padang,Basic,2023-05-20
P01412,Rachel Iswahyudi,asirwadasuartini@example.org,(050) 767-6837,Kota Administrasi Jakarta Selatan,Gold,2024-08-21
P01413,Karja Hidayat,dadapsaragih@example.org,(0278) 737 0062,Padang,Basic,2024-04-15
P01414,"Daniswara Suryatmi, M.Pd",susanticakrabirawa@example.com,+62-0944-136-8716,Tanjungpinang,Gold,2024-11-11
P01415,drg. Prayitna Pratama,warjilaksita@example.org,(0950) 436 8915,Banda Aceh,Basic,2024-09-13
P01416,R.A. Genta Mandasari,eminramadan@example.org,+62 (037) 229 7063,Kediri,Basic,2023-04-26
P01417,R. Arta Hassanah,hutapealatika@example.org,(091) 284 0353,Kota Administrasi Jakarta Utara,Basic,2024-06-11
P01418,Najwa Anggriawan,irnanto60@example.com,+62 (71) 634-7145,Pekanbaru,Basic,2023-05-10
P01419,Cut Ellis Nainggolan,hakimharimurti@example.com,+62-0573-561-7616,Bau-Bau,Basic,2024-05-20
P01420,Zulaikha Pratama,bakidin16@example.com,+62 (079) 656 9833,Tual,Gold,2024-06-26
P01421,Qori Wastuti,jono27@example.net,+62 (0131) 147-4510,Bogor,Basic,2024-07-11
P01422,"Drs. Baktiadi Firmansyah, M.Ak",mhabibi@example.net,+62 (866) 897-8848,Jambi,Platinum,2024-04-27
P01423,"Ratih Nurdiyanti, M.Ak",bagustina@example.net,+62 (092) 001-3064,Palu,Gold,2024-05-19
P01424,Shakila Mandala,dindanugroho@example.org,(005) 036-3867,Langsa,Gold,2023-07-26
P01425,Vivi Siregar,lmulyani@example.net,(087) 497-4415,Kota Administrasi Jakarta Selatan,Basic,2024-02-02
P01426,Digdaya Hidayanto,pangestu02@example.net,084 909 2925,Kediri,Platinum,2023-08-24
P01427,Yuliana Sihombing,kenari53@example.com,(0390) 841 2228,Pagaralam,Basic,2024-11-09
P01428,Muni Padmasari,fprabowo@example.net,(047) 230 1733,Banda Aceh,Basic,2023-07-16
P01429,"Almira Sihotang, S.T.",brahayu@example.net,(0980) 314 9446,Samarinda,Platinum,2023-01-17
P01430,T. Ganep Salahudin,dthamrin@example.net,+62 (73) 204-6976,Sawahlunto,Basic,2023-05-20
P01431,Jasmin Thamrin,harsanto65@example.org,(078) 674-9337,Manado,Basic,2024-09-10
P01432,Mahdi Winarno,gsimbolon@example.com,(060) 778-1219,Dumai,Basic,2023-03-16
P01433,Cawisono Nasyidah,tantri75@example.org,+62 (084) 241 2811,Tangerang Selatan,Basic,2023-03-28
P01434,Cahya Sitorus,ctarihoran@example.com,081 549 1729,Kota Administrasi Jakarta Barat,Basic,2023-03-27
P01435,Ani Farida,verasirait@example.com,+62 (71) 304 9731,Pasuruan,Basic,2024-02-29
P01436,"Lintang Saefullah, S.Gz",budiyantopatricia@example.net,+62 (21) 148-0747,Mataram,Basic,2024-06-28
P01437,"R. Pandu Oktaviani, M.Kom.",riyantieman@example.net,+62-0350-063-1212,Surabaya,Gold,2024-01-15
P01438,Vanesa Wahyuni,kenes42@example.org,+62 (62) 576-0277,Banda Aceh,Basic,2024-03-06
P01439,Rachel Permadi,ardiantocakrabuana@example.org,(0824) 661-6554,Kota Administrasi Jakarta Selatan,Gold,2024-03-10
P01440,"drg. Maimunah Widodo, S.E.I",emong07@example.org,+62 (0351) 292 5123,Kota Administrasi Jakarta Selatan,Basic,2023-05-21
P01441,Yunita Wasita,endahsihombing@example.net,+62-68-237-1916,Kendari,Basic,2023-07-03
P01442,Samiah Tarihoran,fitriani40@example.com,+62 (067) 739 4148,Bima,Basic,2024-01-29
P01443,Prima Purnawati,eva91@example.net,+62-067-826-5844,Payakumbuh,Gold,2024-03-27
P01444,"Titi Simanjuntak, M.TI.",sinagalamar@example.com,+62 (098) 345 6615,Surakarta,Basic,2023-09-04
P01445,Vicky Siregar,halimnyana@example.org,0845105797,Sungai Penuh,Basic,2023-07-26
P01446,"Ir. Anom Rahmawati, S.Farm",okurniawan@example.net,0823740738,Salatiga,Gold,2024-01-08
P01447,R. Diana Namaga,suwarnobala@example.org,(0415) 284-6264,Probolinggo,Platinum,2023-05-02
P01448,"KH. Margana Astuti, M.Ak",awulandari@example.com,+62-00-143-8656,Kota Administrasi Jakarta Timur,Gold,2024-11-12
P01449,Puji Laksmiwati,bhutasoit@example.org,+62 (563) 057-6160,Sawahlunto,Basic,2023-01-11
P01450,Dr. Darmanto Habibi,megantaraharjaya@example.net,(096) 628-1453,Salatiga,Gold,2024-03-31
P01451,"Hj. Putri Mandasari, M.Ak",permatakayun@example.org,+62 (0980) 469 2247,Bima,Gold,2024-08-29
P01452,Nadine Wacana,gunawanaris@example.net,+62 (516) 706-9370,Pekalongan,Basic,2023-12-05
P01453,Nyoman Prastuti,ira67@example.org,+62 (037) 016-2526,Banjarmasin,Basic,2023-11-22
P01454,Gilda Iswahyudi,adityasaptono@example.com,(0539) 047-4862,Purwokerto,Basic,2024-05-25
P01455,Kamila Firgantoro,fujiaticemani@example.org,+62 (379) 842-4167,Pariaman,Basic,2023-12-17
P01456,Setya Damanik,emilhartati@example.org,+62-0050-795-7352,Ternate,Basic,2023-07-23
P01457,"Dt. Bagiya Hutapea, S.T.",arta76@example.net,+62-50-821-3426,Manado,Basic,2024-11-13
P01458,Keisha Namaga,latika15@example.org,+62 (0753) 206 3565,Padangpanjang,Basic,2024-10-27
P01459,drg. Oni Habibi,padmilestari@example.org,0858666808,Tangerang Selatan,Gold,2023-02-10
P01460,"R. Gantar Wulandari, M.Farm",zulaikaanom@example.org,+62 (0908) 330 7949,Probolinggo,Basic,2024-06-15
P01461,"KH. Mulyanto Pudjiastuti, S.Gz",damar22@example.org,(0726) 829-9792,Solok,Platinum,2023-01-30
P01462,"Dr. Zamira Sitompul, S.Pt",kemal04@example.org,+62 (0278) 200 6356,Kota Administrasi Jakarta Pusat,Gold,2024-07-10
P01463,Galiono Permadi,prakasadaryani@example.net,+62 (062) 173 3079,Tegal,Basic,2024-06-09
P01464,"H. Martana Setiawan, M.TI.",ibranihastuti@example.com,(0986) 009-1254,Surakarta,Gold,2023-07-12
P01465,KH. Ridwan Astuti,violet61@example.com,(0204) 844-4735,Bitung,Basic,2023-09-12
P01466,Ilsa Rahmawati,yono97@example.org,086 698 1216,Batu,Basic,2024-03-04
P01467,"Gamanto Pradana, S.T.",patricia16@example.net,+62-17-069-2734,Tebingtinggi,Gold,2023-09-06
P01468,Galuh Laksita,sarahprasasta@example.com,+62 (81) 602 3005,Padang Sidempuan,Platinum,2023-05-16
P01469,Gina Hutasoit,cinta00@example.org,+62-55-760-1727,Subulussalam,Basic,2024-02-27
P01470,Martaka Putra,simanjuntakcandrakanta@example.org,+62 (992) 446 6907,Pasuruan,Basic,2024-08-07
P01471,"Ir. Eli Widodo, S.Gz",maryadiputra@example.com,+62 (0121) 658-9716,Batu,Gold,2024-10-10
P01472,Winda Megantara,perkasa43@example.net,(087) 546-4241,Palembang,Basic,2023-10-05
P01473,Usyi Widodo,omaheswara@example.org,+62 (73) 930 9578,Lubuklinggau,Gold,2024-06-24
P01474,Halima Aryani,hidayantosamiah@example.org,(0891) 588-3978,Jayapura,Gold,2024-08-27
P01475,"R. Hasna Suartini, S.Sos",tedi66@example.com,+62 (519) 936-3014,Kota Administrasi Jakarta Utara,Platinum,2023-12-01
P01476,Drs. Iriana Mustofa,rusamah@example.net,+62-14-302-5287,Tangerang Selatan,Basic,2024-08-13
P01477,Hamima Rajata,utamanuraini@example.com,+62-243-233-4872,Parepare,Basic,2024-08-13
P01478,Dr. Samiah Marpaung,kamal23@example.net,+62 (0358) 199-6778,Palu,Basic,2023-06-09
P01479,Tira Maulana,vmandasari@example.com,+62-0619-714-4983,Singkawang,Platinum,2024-06-17
P01480,Cakrajiya Iswahyudi,hasna79@example.org,0809626593,Medan,Gold,2024-09-26
P01481,Ulya Utama,harsanto47@example.net,+62-731-965-5678,Tangerang Selatan,Basic,2023-02-21
P01482,Tami Haryanto,xsuwarno@example.net,+62 (79) 279 9363,Tanjungbalai,Basic,2023-03-06
P01483,"Dr. Wage Tampubolon, S.H.",kadirsetiawan@example.com,+62 (44) 985 8776,Pontianak,Basic,2024-09-30
P01484,Tgk. Cawuk Mahendra,msimbolon@example.net,+62-96-153-0828,Tegal,Basic,2024-08-23
P01485,Uda Prasetya,darmanto01@example.com,(0738) 693 7292,Ambon,Gold,2023-03-28
P01486,Wani Waskita,dian80@example.com,+62 (0648) 635 3074,Palu,Basic,2024-09-08
P01487,Maimunah Yulianti,ade46@example.net,+62 (786) 567 8367,Blitar,Gold,2023-05-28
P01488,Anita Yuliarti,harjo19@example.net,+62-0325-619-0927,Batam,Platinum,2024-11-01
P01489,Dinda Najmudin,hutasoitgamanto@example.net,(099) 802-4460,Probolinggo,Basic,2023-02-17
P01490,Karimah Sinaga,pangestuokta@example.org,+62 (981) 643-7364,Bandung,Gold,2024-01-27
P01491,Surya Lestari,aurora54@example.org,(0779) 928-9555,Serang,Gold,2023-11-03
P01492,Ir. Aisyah Uyainah,balapati35@example.org,(0456) 468-6090,Bandar Lampung,Basic,2024-04-01
P01493,Cawuk Yulianti,paiman48@example.org,(0252) 194 9137,Sukabumi,Gold,2023-11-11
P01494,Asman Kurniawan,janet46@example.com,+62 (280) 753-3087,Tangerang Selatan,Basic,2023-12-09
P01495,Tami Budiyanto,agus03@example.org,(008) 908-5628,Semarang,Basic,2023-11-26
P01496,"Ir. Estiawan Kusumo, M.Pd",suryonogaran@example.com,+62 (040) 267-3552,Tebingtinggi,Gold,2023-02-12
P01497,Mulya Rahimah,ugunarto@example.net,(062) 006 5902,Denpasar,Gold,2024-08-08
P01498,Puti Yessi Wacana,dpangestu@example.com,+62-0774-737-3351,Sabang,Basic,2024-12-02
P01499,Amelia Gunawan,fitrianiwaskita@example.org,(012) 710 6873,Magelang,Basic,2023-02-17
P01500,Cut Ika Prasetya,edison79@example.net,081 016 6770,Palu,Gold,2024-06-01
P01501,"Irnanto Uyainah, S.Sos",kayuntampubolon@example.com,(012) 241-2716,Dumai,Gold,2023-09-26
P01502,Galiono Marpaung,hendrisusanti@example.org,+62 (071) 851-0647,Ambon,Basic,2024-04-29
P01503,Widya Nashiruddin,faridajaya@example.org,+62-064-845-5321,Banda Aceh,Basic,2023-04-17
P01504,"Hj. Vanesa Manullang, S.Pt",bwidodo@example.com,+62-803-513-1448,Salatiga,Basic,2024-02-06
P01505,"Tri Putra, M.Pd",nadriansyah@example.com,0825441395,Manado,Basic,2023-02-09
P01506,Arsipatra Susanti,tambajais@example.com,(022) 932-3125,Solok,Gold,2023-04-20
P01507,Lantar Purnawati,oskaryuliarti@example.org,+62 (74) 997-1595,Payakumbuh,Basic,2024-08-08
P01508,Purwanto Rajata,asiregar@example.org,(055) 677 7264,Surabaya,Platinum,2024-06-23
P01509,drg. Fitriani Hastuti,xnarpati@example.net,+62 (026) 187 0834,Cimahi,Basic,2023-11-13
P01510,"Widya Wibowo, S.Pd",qpradana@example.com,+62-64-722-8299,Tegal,Basic,2024-03-28
P01511,Malik Suwarno,raditya21@example.org,+62 (25) 678 5029,Pontianak,Gold,2024-11-28
P01512,Puti Calista Agustina,kalimsinaga@example.com,+62 (0147) 627 3571,Bogor,Basic,2024-09-06
P01513,Dacin Hardiansyah,lailasarirendy@example.net,+62 (884) 593 7771,Subulussalam,Platinum,2023-12-20
P01514,Baktianto Uyainah,nnarpati@example.org,084 442 2804,Blitar,Gold,2024-02-03
P01515,Dr. Puti Astuti,artawanpermadi@example.com,+62 (081) 431 7173,Balikpapan,Gold,2024-12-02
P01516,Cut Eva Oktaviani,prasetyogalur@example.com,(0855) 532 3548,Batu,Basic,2024-07-01
P01517,"Genta Lazuardi, M.Farm",garda06@example.net,+62-048-008-7556,Magelang,Basic,2024-04-13
P01518,Karja Mangunsong,yuniargaduh@example.org,0809286050,Bandung,Basic,2023-06-11
P01519,"Ade Iswahyudi, S.IP",rangga52@example.net,+62 (048) 431-4395,Bau-Bau,Basic,2024-11-02
P01520,"Cut Ratna Permata, S.Pd",rama86@example.net,+62 (0632) 868 8564,Tegal,Basic,2023-04-15
P01521,Gara Santoso,riyantitasdik@example.org,+62-0523-480-0570,Serang,Gold,2023-07-18
P01522,Mutia Nugroho,hutama@example.org,(080) 997 3397,Dumai,Basic,2023-10-08
P01523,Ghaliyati Waluyo,ekapuspita@example.org,+62 (02) 238-2794,Kupang,Gold,2023-08-29
P01524,"Dt. Bahuraksa Kurniawan, S.Pt",ani47@example.com,+62 (0357) 097-7653,Mataram,Gold,2024-06-04
P01525,Danuja Mahendra,harjomegantara@example.org,+62 (790) 971 9396,Jayapura,Gold,2024-02-22
P01526,Zelda Haryanti,eprasetyo@example.com,+62 (92) 036-3278,Palopo,Platinum,2024-06-14
P01527,Prasetyo Susanti,darmanto73@example.com,+62 (90) 857-0354,Langsa,Basic,2024-06-11
P01528,Harsaya Sirait,mariadi45@example.org,+62 (13) 205-1153,Bogor,Gold,2023-12-04
P01529,Adikara Uwais,vsiregar@example.org,+62-113-059-5139,Bengkulu,Gold,2024-09-24
P01530,"Ina Pratiwi, M.Ak",saka26@example.net,+62 (10) 722-3042,Cimahi,Gold,2023-11-16
P01531,Kawaca Nurdiyanti,tiraandriani@example.com,+62-205-010-6117,Padang Sidempuan,Basic,2023-07-31
P01532,Reksa Haryanti,tasdik38@example.net,+62 (687) 598 8315,Bau-Bau,Gold,2024-03-14
P01533,Ellis Suryatmi,bsantoso@example.com,+62 (0006) 792 5371,Tomohon,Basic,2023-04-21
P01534,Eka Najmudin,lurhur28@example.org,0817023281,Kota Administrasi Jakarta Pusat,Basic,2023-09-06
P01535,Pandu Rahimah,susantilulut@example.org,+62-0542-513-8850,Semarang,Basic,2024-11-24
P01536,Puji Dabukke,jwahyudin@example.net,+62 (003) 853-7351,Dumai,Basic,2023-05-24
P01537,"Hj. Lalita Rajata, S.Pt",hutasoittaufik@example.net,+62 (065) 600 5145,Cilegon,Basic,2023-02-20
P01538,"Drs. Ajimat Siregar, S.T.",mutiasiregar@example.org,+62 (002) 613 6820,Pariaman,Basic,2023-07-25
P01539,"Hj. Ira Riyanti, M.Pd",ganep07@example.net,(068) 703 9989,Pekanbaru,Basic,2024-01-29
P01540,"Saiful Nasyiah, S.Ked",devimangunsong@example.com,+62 (016) 375-6353,Tanjungpinang,Gold,2024-01-23
P01541,Nardi Mayasari,hutagalungwardi@example.org,+62 (056) 179-1187,Bekasi,Gold,2023-11-03
P01542,Daliman Natsir,warsa71@example.com,+62 (0912) 122 6310,Bitung,Basic,2023-07-18
P01543,"Dt. Ian Maryati, M.Farm",haryantinyoman@example.org,+62 (0551) 674 5235,Malang,Gold,2023-07-08
P01544,"Sutan Asmuni Narpati, S.H.",jarwadi87@example.com,+62-757-874-5377,Pariaman,Gold,2024-06-07
P01545,"KH. Kambali Thamrin, S.Sos",paulin41@example.org,+62-374-079-8214,Binjai,Gold,2024-07-14
P01546,Praba Rahimah,cmandala@example.com,+62 (842) 999-7356,Subulussalam,Gold,2024-09-12
P01547,Estiawan Suryono,rina98@example.com,+62 (008) 059 9468,Kota Administrasi Jakarta Pusat,Gold,2024-08-01
P01548,Marwata Permata,warta11@example.net,+62-014-800-0617,Padangpanjang,Basic,2024-07-08
P01549,Garang Riyanti,maryatibakiono@example.org,082 491 4353,Pekalongan,Basic,2024-06-17
P01550,Amelia Wibowo,knarpati@example.org,(0467) 615-9412,Malang,Basic,2023-04-03
P01551,Mujur Simbolon,eiswahyudi@example.com,+62-40-103-0629,Bukittinggi,Gold,2024-07-21
P01552,Elvina Maryati,vfarida@example.com,(059) 637-2779,Pangkalpinang,Basic,2024-04-20
P01553,"Yoga Hutagalung, S.Pt",hasanahyuni@example.net,+62 (017) 261-2689,Lhokseumawe,Basic,2023-12-29
P01554,Sari Pangestu,riniusamah@example.org,+62 (0813) 194-7210,Pematangsiantar,Basic,2023-10-04
P01555,Hartaka Prabowo,djailani@example.com,+62 (0782) 003-3674,Pariaman,Basic,2023-01-05
P01556,Carub Yolanda,jabal21@example.net,+62 (093) 074-3472,Bontang,Basic,2024-08-29
P01557,Hj. Nadia Suryatmi,riniusada@example.net,(0290) 890 8375,Subulussalam,Gold,2023-06-01
P01558,Zizi Maheswara,olatupono@example.org,0817730944,Sorong,Basic,2023-12-03
P01559,Ophelia Sudiati,hidayatnarji@example.com,+62-847-582-5126,Banjarmasin,Basic,2023-02-17
P01560,"Ellis Salahudin, M.Pd",perkasayulianti@example.org,+62-55-532-7130,Denpasar,Basic,2023-05-19
P01561,Warta Mandala,juliauwais@example.org,(051) 598 9541,Dumai,Basic,2023-01-30
P01562,"Hj. Vanya Prakasa, S.T.",bahuraksa63@example.net,+62 (81) 537 2951,Pekanbaru,Basic,2023-06-07
P01563,"Najwa Prabowo, M.Farm",galaklestari@example.net,+62-209-520-0864,Singkawang,Gold,2023-06-03
P01564,Amalia Permata,juli73@example.org,+62-469-102-4952,Palangkaraya,Basic,2023-03-23
P01565,dr. Jelita Damanik,gabrielladongoran@example.org,(025) 908 6185,Lhokseumawe,Basic,2023-02-09
P01566,Reksa Hartati,jefrimaheswara@example.com,+62-41-319-8979,Tomohon,Basic,2023-11-24
P01567,Padmi Zulkarnain,inahartati@example.org,+62 (028) 158 5662,Batam,Basic,2023-05-31
P01568,Kartika Purnawati,enteng78@example.com,+62 (096) 117-0434,Kota Administrasi Jakarta Utara,Platinum,2024-03-19
P01569,Waluyo Yuliarti,naradifirmansyah@example.com,081 094 3203,Cilegon,Basic,2024-07-07
P01570,"Pranawa Januar, S.Pd",tsirait@example.com,088 735 0381,Manado,Basic,2023-02-06
P01571,"dr. Taufan Mansur, S.Pd",diah22@example.com,(029) 491-3260,Metro,Basic,2023-10-15
P01572,"Panji Hasanah, S.Pd",fnasyidah@example.net,(031) 603-4390,Surakarta,Basic,2023-01-11
P01573,Ega Hartati,winarsihayu@example.net,+62 (649) 964 3575,Batu,Basic,2024-03-24
P01574,"Hari Puspita, S.E.",cmaheswara@example.com,+62-879-325-8722,Bitung,Basic,2023-06-08
P01575,Tantri Utama,yfirmansyah@example.com,(044) 617 0902,Bandar Lampung,Platinum,2024-08-14
P01576,"R.A. Zelda Firgantoro, S.Psi",jumari40@example.net,+62 (0194) 124 7008,Blitar,Platinum,2024-07-21
P01577,"R. Oliva Usamah, S.E.I",putrabaktiadi@example.org,+62-40-720-3814,Banda Aceh,Basic,2023-07-05
P01578,Jumari Prastuti,kthamrin@example.org,+62 (21) 504-9185,Metro,Platinum,2023-04-10
P01579,"R. Ridwan Najmudin, S.Psi",,082 730 7021,Pasuruan,Basic,2024-06-15
P01580,Nadia Handayani,argono35@example.org,(0392) 833-4386,Sabang,Gold,2024-03-16
P01581,Salsabila Yulianti,rdongoran@example.org,+62-065-340-1981,Depok,Basic,2024-04-07
P01582,Dadi Suwarno,sihombinghari@example.net,+62-077-873-1540,Singkawang,Basic,2023-05-30
P01583,KH. Jono Kuswoyo,intan95@example.com,(072) 482-1429,Samarinda,Gold,2024-03-01
P01584,Puti Yance Prasetyo,shaniatampubolon@example.com,+62 (088) 332-0063,Yogyakarta,Basic,2023-12-19
P01585,Dr. Bakiono Lestari,glaksmiwati@example.net,0821577612,Bima,Basic,2023-08-02
P01586,"T. Prima Pangestu, S.E.",galih06@example.com,(063) 563 8656,Bau-Bau,Basic,2024-09-28
P01587,Mahmud Setiawan,wibisonoozy@example.net,(0179) 263 6538,Batam,Basic,2023-01-25
P01588,Maryanto Mandasari,suryonoyono@example.net,+62 (776) 956-0467,Bekasi,Basic,2024-01-19
P01589,R.A. Talia Prastuti,emongrahmawati@example.org,+62 (35) 728 5124,Tanjungbalai,Basic,2023-08-25
P01590,Farhunnisa Halim,panduhutasoit@example.net,+62 (0595) 597 6644,Tanjungpinang,Basic,2023-09-03
P01591,Yuliana Pratiwi,iriana39@example.org,+62 (0759) 774-1068,Singkawang,Basic,2023-12-11
P01592,"Prabowo Pudjiastuti, S.T.",hutagalungmila@example.net,(0806) 572-6275,Manado,Basic,2023-05-30
P01593,Gilda Lailasari,salwa28@example.net,+62 (507) 970-8269,Sibolga,Basic,2023-04-15
P01594,Samsul Hutasoit,nadiasaputra@example.org,(0156) 185-3207,Bekasi,Basic,2024-06-16
P01595,Jayeng Nasyidah,harsantorahimah@example.net,+62-0958-817-8730,Subulussalam,Basic,2024-07-18
P01596,dr. Azalea Napitupulu,agustinaimam@example.com,+62 (030) 827 0121,Kediri,Basic,2023-06-30
P01597,"Ir. Praba Agustina, S.Pd",zsiregar@example.net,+62-051-372-7288,Bandar Lampung,Basic,2024-03-04
P01598,Hilda Wahyudin,,+62-0363-313-3204,Bontang,Basic,2024-09-24
P01599,"Ir. Eka Safitri, M.Farm",mayasaricahyanto@example.com,+62-797-339-9466,Sibolga,Basic,2023-02-26
P01600,Viktor Jailani,jnasyiah@example.com,(098) 858-1049,Solok,Gold,2023-10-07
P01601,"dr. Zelaya Yulianti, S.T.",argono86@example.net,+62-59-327-1427,Tebingtinggi,Gold,2023-12-19
P01602,"Dr. Lantar Permata, S.Farm",vwaskita@example.net,+62 (091) 849 7682,Cirebon,Gold,2023-12-15
P01603,"Suci Habibi, S.E.",hastutiibrani@example.net,+62 (447) 427 3964,Kota Administrasi Jakarta Utara,Basic,2023-12-12
P01604,Nardi Siregar,drajatpertiwi@example.com,+62 (041) 197-8191,Jambi,Gold,2024-06-03
P01605,Atmaja Anggraini,makutasaputra@example.com,0852116511,Metro,Basic,2023-07-31
P01606,Caturangga Hassanah,prayogatomi@example.net,(095) 884 2054,Sibolga,Basic,2023-04-09
P01607,"Kasusra Suryatmi, S.Ked",saptononasrullah@example.org,(080) 113-6175,Binjai,Basic,2024-03-17
P01608,Gilda Farida,irawanharjasa@example.com,+62-371-508-9583,Bandung,Basic,2024-11-29
P01609,"R.A. Victoria Nurdiyanti, S.Farm",zulfapurwanti@example.org,+62 (0591) 831 4779,Sungai Penuh,Platinum,2023-04-13
P01610,Tgk. Aisyah Pranowo,asmuni39@example.net,+62 (080) 868 3654,Samarinda,Gold,2024-02-06
P01611,Ratih Gunarto,pardimustofa@example.com,+62-004-093-4474,Kendari,Basic,2024-10-23
P01612,"Reksa Handayani, S.Sos",pnapitupulu@example.net,+62 (517) 343 8766,Kotamobagu,Basic,2024-05-15
P01613,"Gatot Namaga, S.IP",latika90@example.net,+62 (0154) 676 4294,Tangerang Selatan,Basic,2024-04-24
P01614,"Najwa Yolanda, S.E.I",karman71@example.org,(006) 654 9833,Pariaman,Basic,2023-08-15
P01615,Endah Hastuti,jakafujiati@example.net,+62 (99) 101-7856,Cilegon,Basic,2023-05-02
P01616,R. Ulva Widiastuti,hutasoitmakara@example.com,+62 (0284) 691 0243,Bandung,Basic,2023-02-17
P01617,Margana Maryadi,purnawatiedison@example.com,+62-036-607-9283,Metro,Gold,2023-08-07
P01618,Drs. Mariadi Saptono,whardiansyah@example.net,+62 (070) 897-7452,Kota Administrasi Jakarta Pusat,Basic,2024-04-12
P01619,Heryanto Utama,winarsihvirman@example.net,+62-0694-931-2204,Depok,Basic,2024-01-24
P01620,"drg. Malik Haryanto, S.Kom",kanda67@example.net,+62 (54) 573 5470,Denpasar,Platinum,2024-04-23
P01621,"Puti Ciaobella Wijaya, M.Ak",drajat01@example.net,+62-066-748-2768,Tangerang,Basic,2024-01-11
P01622,Ana Astuti,nasyiahembuh@example.net,(0306) 451 0935,Denpasar,Platinum,2024-10-22
P01623,Kezia Marbun,hendrazulkarnain@example.net,(0009) 427 6381,Cirebon,Basic,2023-04-24
P01624,Hj. Kasiyah Lazuardi,luhunghidayanto@example.net,+62 (013) 588 9411,Bekasi,Basic,2023-09-23
P01625,Alika Prastuti,vino96@example.org,+62-33-789-0638,Parepare,Basic,2023-11-09
P01626,Rahmi Haryanto,,+62 (60) 775-5031,Yogyakarta,Gold,2023-02-09
P01627,Makara Kuswandari,perkasa13@example.net,+62 (49) 848 1477,Ambon,Basic,2024-03-25
P01628,"H. Putu Widiastuti, S.Ked",adriansyahsalman@example.org,(0999) 069 3789,Balikpapan,Gold,2024-03-06
P01629,KH. Jaka Farida,widiastutipangestu@example.com,+62-020-546-6646,Pematangsiantar,Gold,2023-01-15
P01630,Dewi Oktaviani,najwa32@example.net,0813447109,Ternate,Gold,2023-04-05
P01631,Jayeng Lazuardi,gina52@example.org,(0200) 232 8575,Bitung,Basic,2023-04-30
P01632,Dr. Clara Halimah,cayadi41@example.net,+62-62-838-1449,Bukittinggi,Basic,2024-10-07
P01633,Tgk. Eka Aryani,gantarrahayu@example.org,0870801990,Bima,Gold,2024-09-13
P01634,"Irfan Waskita, S.Farm",wahyudinpranata@example.org,0802561425,Palangkaraya,Basic,2023-03-17
P01635,"Aswani Hassanah, S.Farm",danuja24@example.net,(0304) 899 8626,Tasikmalaya,Gold,2024-04-25
P01636,"R.A. Diana Napitupulu, S.Gz",izulkarnain@example.net,(0267) 228-7738,Padangpanjang,Gold,2024-05-12
P01637,Jabal Lestari,januarcinthia@example.com,+62 (197) 827 4734,Yogyakarta,Gold,2024-07-28
P01638,"Hj. Sadina Kuswandari, S.Sos",cakrabirawahasanah@example.com,+62 (54) 856 4799,Denpasar,Basic,2024-02-05
P01639,Lintang Prasasta,saefullahvanya@example.org,(045) 483-5570,Batam,Basic,2023-09-03
P01640,"R.A. Ani Permadi, S.Pt",firmansyahnasab@example.net,+62-0801-442-5058,Payakumbuh,Basic,2023-12-06
P01641,Ajimin Puspita,gkusmawati@example.net,+62 (032) 907 3254,Banjar,Gold,2024-09-28
P01642,Paramita Tarihoran,nasyidahdamu@example.net,+62-0151-231-3893,Kotamobagu,Gold,2024-05-21
P01643,KH. Ibrani Nababan,olaksmiwati@example.com,+62 (056) 090 2836,Salatiga,Gold,2024-09-21
P01644,Maryadi Manullang,agustinawisnu@example.net,0873515865,Tangerang Selatan,Platinum,2024-06-30
P01645,"Radit Zulkarnain, M.Pd",gantaruyainah@example.net,(073) 171-9271,Mojokerto,Gold,2024-11-09
P01646,"Catur Samosir, S.Psi",karma63@example.org,084 925 4006,Pematangsiantar,Gold,2023-10-19
P01647,Artawan Salahudin,darimin37@example.com,+62 (050) 775 6191,Surakarta,Platinum,2023-11-09
P01648,Hani Hidayat,leganapitupulu@example.net,+62 (045) 608 5464,Ternate,Gold,2023-05-11
P01649,"Jane Prasasta, S.Pt",yprasetya@example.net,(0402) 374 2287,Ternate,Basic,2024-02-27
P01650,Ulva Mayasari,tarihoransabri@example.net,080 598 8160,Prabumulih,Basic,2023-05-29
P01651,Rini Wacana,qjanuar@example.com,+62 (002) 105-8380,Depok,Basic,2023-02-09
P01652,Mila Sitompul,limarpuspasari@example.org,+62 (0347) 497-9756,Padangpanjang,Basic,2023-04-02
P01653,"drg. Bakijan Sudiati, S.H.",paimanrajasa@example.com,+62-040-154-0159,Medan,Platinum,2024-11-12
P01654,"Dr. Tina Wibowo, S.E.I",mahesairawan@example.com,(0208) 587-4031,Tegal,Basic,2023-03-31
P01655,Hamima Budiman,mmelani@example.com,+62 (0248) 027-8076,Pontianak,Basic,2024-04-06
P01656,"Violet Simbolon, M.TI.",prasetyapertiwi@example.net,+62 (0998) 242-6735,Mojokerto,Basic,2024-06-15
P01657,"Shakila Irawan, S.E.",oktavianimaryanto@example.net,(053) 529-8203,Kota Administrasi Jakarta Pusat,Gold,2023-01-02
P01658,Ciaobella Setiawan,indah81@example.com,+62-0242-293-4456,Semarang,Basic,2023-12-10
P01659,drg. Hartaka Simanjuntak,luis39@example.net,(037) 573-6108,Meulaboh,Basic,2023-07-19
P01660,Cut Najwa Maulana,halimasuryatmi@example.net,+62 (0199) 853-9301,Kupang,Basic,2023-04-23
P01661,Hardi Kusmawati,irfan68@example.com,+62 (748) 350-9093,Pekalongan,Basic,2024-09-22
P01662,Hasna Hassanah,halimedi@example.com,+62 (582) 531 7558,Sawahlunto,Gold,2023-07-02
P01663,"Rahayu Suwarno, M.Ak",lmahendra@example.org,(088) 693 8392,Tomohon,Basic,2023-03-19
P01664,Tedi Nainggolan,elaksita@example.com,+62-28-398-8410,Pekalongan,Basic,2024-10-27
P01665,Balapati Megantara,rprasetya@example.net,+62 (0710) 473 7651,Langsa,Basic,2024-07-15
P01666,"Clara Namaga, S.IP",cnugroho@example.net,+62 (586) 098 8200,Binjai,Basic,2024-08-15
P01667,"Aswani Suwarno, M.M.",dwimustofa@example.com,+62 (86) 592 1018,Tegal,Basic,2024-05-12
P01668,"Natalia Permata, S.Pd",hartowacana@example.org,+62 (063) 780 6577,Cirebon,Gold,2023-04-25
P01669,"Rahmi Padmasari, M.Pd",ysaptono@example.net,+62 (0104) 475-9568,Tangerang Selatan,Gold,2023-09-24
P01670,Embuh Siregar,elaksmiwati@example.org,+62 (61) 971-9415,Padang,Basic,2023-11-30
P01671,"drg. Jarwa Saefullah, S.Kom",jasmin27@example.com,(0275) 026 1756,Tarakan,Basic,2024-08-20
P01672,"Purwadi Sinaga, S.IP",windasaragih@example.org,+62 (32) 132 5367,Pangkalpinang,Gold,2024-07-15
P01673,Cut Cornelia Wasita,pia82@example.com,(036) 183 1155,Yogyakarta,Basic,2024-05-15
P01674,Rina Hutagalung,uchitasaefullah@example.com,+62 (0333) 934 3655,Pangkalpinang,Gold,2023-05-25
P01675,Kacung Usada,permadiomar@example.net,+62-688-606-0052,Probolinggo,Basic,2024-02-22
P01676,Jarwa Purnawati,gsihombing@example.com,(014) 299 7299,Banjar,Gold,2023-08-01
P01677,Irnanto Hutapea,nyanasantoso@example.org,(000) 706-9771,Medan,Basic,2023-03-30
P01678,Marwata Riyanti,kairav76@example.net,+62-96-050-1694,Dumai,Basic,2024-01-17
P01679,Ajimat Siregar,nugrohoirwan@example.org,+62 (83) 081-9655,Langsa,Platinum,2023-01-14
P01680,Kania Santoso,esihotang@example.net,(0094) 162 0992,Meulaboh,Gold,2024-10-15
P01681,Dartono Pertiwi,mansurmakara@example.com,+62-012-318-9393,Singkawang,Gold,2023-08-05
P01682,Wulan Hariyah,wijayantidarsirah@example.com,(0320) 914 0947,Sungai Penuh,Gold,2023-01-26
P01683,"H. Martaka Ardianto, S.T.",prima66@example.net,+62-004-770-6752,Banda Aceh,Basic,2023-02-04
P01684,"Eko Kusmawati, S.I.Kom",dabukkegalih@example.org,(058) 244-1103,Madiun,Basic,2023-10-16
P01685,"Zulaikha Laksita, M.TI.",mulya92@example.com,+62 (90) 263 3715,Cirebon,Platinum,2024-03-17
P01686,"H. Irnanto Wibowo, S.Sos",natsirmuni@example.net,(0801) 773 4278,Tanjungbalai,Basic,2024-02-16
P01687,Hj. Rahmi Winarno,handayaniwulan@example.org,0848133828,Palopo,Gold,2024-02-23
P01688,"drg. Rafid Wacana, S.Sos",winarnoluhung@example.net,+62 (069) 326 9603,Banda Aceh,Basic,2023-08-04
P01689,"Yahya Uwais, S.Gz",ganepiswahyudi@example.com,+62 (0857) 448 8258,Cilegon,Basic,2023-10-23
P01690,Radit Suartini,ibun77@example.net,(0334) 927 7031,Salatiga,Basic,2024-07-23
P01691,Bakiman Pudjiastuti,asirwada82@example.org,(007) 930-0769,Ambon,Gold,2024-12-01
P01692,"R. Jabal Farida, S.Farm",wsuryono@example.org,+62 (75) 689 4532,Bekasi,Basic,2024-05-26
P01693,Ibun Utami,pkuswandari@example.com,+62 (63) 284 2998,Tual,Basic,2023-07-07
P01694,Empluk Laksmiwati,wsamosir@example.net,+62 (022) 748-4177,Balikpapan,Gold,2023-12-06
P01695,Cut Wirda Rahmawati,nashiruddincager@example.com,(012) 318-6134,Surabaya,Basic,2023-12-30
P01696,"Teguh Mardhiyah, S.I.Kom",jaemanhidayat@example.com,+62 (0049) 500-8039,Bitung,Basic,2023-09-17
P01697,Alambana Uwais,eprasasta@example.com,(078) 743-2041,Kota Administrasi Jakarta Barat,Basic,2023-10-05
P01698,drg. Oman Puspasari,agustinalaras@example.net,+62 (053) 780 4800,Banjarbaru,Basic,2023-01-06
P01699,Edison Safitri,dalimanzulaika@example.org,+62 (78) 796-3003,Pariaman,Gold,2024-01-12
P01700,"Prabawa Budiyanto, S.Pd",praboworaditya@example.com,+62 (794) 859-8236,Payakumbuh,Platinum,2023-04-12
P01701,Latika Napitupulu,kadirhardiansyah@example.net,+62 (0667) 020-7627,Tarakan,Basic,2023-07-15
P01702,Martaka Ardianto,darmanamegantara@example.org,+62 (006) 144 9913,Padang,Basic,2024-08-07
P01703,Warji Hutasoit,firmansyahkala@example.com,+62-0509-961-4669,Singkawang,Gold,2023-11-05
P01704,Diana Waluyo,sihotangperkasa@example.net,+62-076-882-8799,Tanjungpinang,Gold,2023-04-19
P01705,"Nasab Zulaika, S.Farm",ppurnawati@example.net,+62 (0072) 560-5927,Palembang,Gold,2024-09-19
P01706,Tgk. Teguh Anggriawan,thamrinheryanto@example.com,+62-76-791-8642,Solok,Basic,2023-04-05
P01707,"Calista Marbun, M.M.",cahyadiputra@example.org,(0141) 996 9514,Kota Administrasi Jakarta Utara,Basic,2023-01-27
P01708,Kuncara Yolanda,wlaksita@example.org,+62 (84) 311 1504,Semarang,Gold,2023-05-20
P01709,R.A. Zizi Permadi,yuniarmarsudi@example.com,+62 (102) 683-1246,Lhokseumawe,Basic,2023-11-13
P01710,Digdaya Mangunsong,rsihombing@example.com,+62-41-977-7774,Padang Sidempuan,Basic,2024-07-31
P01711,Aslijan Rajasa,zalindrapratiwi@example.net,+62-508-293-9227,Sabang,Basic,2024-09-22
P01712,Pangeran Mahendra,gsuryono@example.net,+62 (54) 592 4850,Cirebon,Gold,2023-03-12
P01713,"Drs. Daliono Nugroho, S.Gz",samiahuyainah@example.net,+62-046-045-8103,Gorontalo,Platinum,2023-11-03
P01714,"dr. Lala Rahimah, S.Gz",garda21@example.org,+62 (080) 682 1995,Prabumulih,Gold,2023-02-26
P01715,H. Wawan Natsir,taswir24@example.org,+62-049-459-3267,Tomohon,Gold,2024-08-07
P01716,"Juli Natsir, S.H.",oskarprasetyo@example.net,+62 (0031) 002-1569,Dumai,Platinum,2023-10-18
P01717,Calista Lestari,pratiwipangestu@example.org,+62 (574) 489 0469,Sukabumi,Basic,2023-09-13
P01718,"Nardi Hassanah, S.H.",bmelani@example.org,+62 (60) 408-3685,Gorontalo,Platinum,2024-04-08
P01719,"dr. Sidiq Nasyidah, S.I.Kom",wartawidodo@example.org,+62-52-400-0214,Kota Administrasi Jakarta Pusat,Basic,2024-11-12
P01720,"Puti Ciaobella Mandasari, S.Gz",oktavianimala@example.org,0843229650,Sawahlunto,Gold,2023-08-08
P01721,Sutan Parman Usamah,gambirawulandari@example.org,+62-034-707-9579,Sukabumi,Basic,2023-08-21
P01722,"Labuh Budiyanto, S.IP",llatupono@example.net,+62-016-415-8057,Banda Aceh,Gold,2024-08-23
P01723,Rahmi Halim,dewibudiyanto@example.com,+62-0338-069-3934,Binjai,Basic,2023-01-28
P01724,Nardi Maheswara,laksitasatya@example.net,+62-0491-316-4602,Banjarmasin,Gold,2023-12-25
P01725,Gilda Handayani,opungwidiastuti@example.net,0869455686,Tangerang,Platinum,2024-09-16
P01726,Farhunnisa Mangunsong,janesimanjuntak@example.com,+62 (72) 114-3499,Bima,Gold,2023-01-15
P01727,Jane Wibowo,maheswarabahuwirya@example.com,+62-69-949-1891,Sukabumi,Basic,2024-05-22
P01728,"Lalita Winarno, S.H.",ksimbolon@example.com,+62-0302-058-1994,Tanjungpinang,Basic,2024-09-14
P01729,Kunthara Lailasari,pradanakala@example.net,+62 (0291) 046 8606,Pasuruan,Gold,2024-02-13
P01730,Ir. Dagel Sirait,gaiman51@example.com,+62 (0384) 256 0207,Blitar,Gold,2024-01-29
P01731,Drs. Gabriella Prayoga,akarsana01@example.net,+62 (91) 223 0460,Banda Aceh,Basic,2023-08-29
P01732,Titi Hutagalung,dmustofa@example.com,+62 (41) 950 4256,Malang,Platinum,2023-02-01
P01733,Rachel Mulyani,titin07@example.net,+62-457-500-3095,Malang,Basic,2024-02-23
P01734,Salimah Tampubolon,vega50@example.com,+62 (0010) 255 1823,Tangerang,Gold,2024-03-18
P01735,Maras Pangestu,usamahcakrawala@example.net,+62 (020) 876 4638,Sungai Penuh,Gold,2023-05-14
P01736,Karimah Siregar,mangunsongbalangga@example.com,0814765280,Denpasar,Gold,2024-11-09
P01737,"Empluk Halimah, S.Pd",ckusumo@example.org,+62 (0062) 874 1624,Payakumbuh,Basic,2023-02-19
P01738,Laswi Saptono,rthamrin@example.org,(0737) 507 3625,Pematangsiantar,Gold,2023-10-06
P01739,Dr. Patricia Winarsih,zanggraini@example.com,(0674) 675-7632,Kota Administrasi Jakarta Utara,Gold,2023-01-17
P01740,Yoga Maheswara,cintasinaga@example.net,0813868968,Lubuklinggau,Basic,2023-12-11
P01741,Dr. Wani Lestari,kenziesafitri@example.org,+62-60-538-6043,Subulussalam,Platinum,2023-01-27
P01742,Farhunnisa Wastuti,bwacana@example.org,+62 (037) 045-2941,Bima,Basic,2023-11-07
P01743,Yance Winarsih,amisaefullah@example.org,+62 (070) 457 0556,Sungai Penuh,Basic,2023-07-24
P01744,Tania Suwarno,mariasimanjuntak@example.com,+62-0489-699-2625,Dumai,Gold,2023-08-09
P01745,Jumadi Januar,rusman69@example.com,+62 (33) 298-7899,Samarinda,Platinum,2024-01-31
P01746,Yulia Novitasari,xfirgantoro@example.org,+62 (0984) 117 3421,Bengkulu,Gold,2024-07-24
P01747,Anom Kusumo,satya06@example.net,+62 (043) 620-7262,Tebingtinggi,Gold,2023-08-10
P01748,"Drs. Kartika Utama, S.Pd",hastutiasmadi@example.org,+62-788-957-5024,Mojokerto,Platinum,2023-02-01
P01749,Devi Pranowo,ofirmansyah@example.net,+62 (0590) 021 9726,Cimahi,Basic,2024-04-02
P01750,"Janet Nababan, S.E.",haryantikarna@example.net,(069) 364 5672,Sukabumi,Basic,2024-08-28
P01751,Viman Mayasari,asirwanda23@example.org,+62 (262) 021 6914,Balikpapan,Gold,2024-09-06
P01752,"Gara Suartini, S.I.Kom",bakijanmelani@example.com,+62 (897) 503 2565,Sabang,Basic,2023-12-20
P01753,"Puti Lili Melani, S.E.",aisyah47@example.org,084 103 9446,Sibolga,Basic,2024-10-21
P01754,Cahyo Hastuti,mulyanto53@example.com,+62 (0545) 991-2119,Mataram,Basic,2023-11-03
P01755,Jelita Padmasari,tirta91@example.org,+62 (87) 484 3695,Ternate,Platinum,2023-03-23
P01756,"Vanesa Utami, M.TI.",caraka13@example.com,+62-093-999-1155,Kediri,Basic,2024-05-07
P01757,Tiara Prasetya,nprasetyo@example.org,+62 (153) 843-2278,Salatiga,Basic,2023-08-27
P01758,Adinata Maryati,usyiyulianti@example.net,+62-0642-568-7331,Banjar,Basic,2023-02-07
P01759,Arta Tamba,suryatmicaraka@example.net,+62-73-657-1396,Binjai,Basic,2023-02-11
P01760,Juli Pradipta,cayadisetiawan@example.org,(019) 632-5351,Padang,Basic,2024-08-12
P01761,dr. Cakrabuana Utami,viktor27@example.net,+62 (52) 031-1080,Pontianak,Platinum,2024-07-24
P01762,"Sutan Cemplunk Laksmiwati, M.Farm",tsuryono@example.net,+62 (058) 029 9897,Madiun,Basic,2023-09-26
P01763,"Bagiya Sihombing, S.Gz",esinaga@example.org,+62 (050) 007 4529,Bau-Bau,Gold,2024-03-23
P01764,KH. Balidin Winarno,cagak96@example.org,+62-078-204-5712,Payakumbuh,Basic,2024-05-07
P01765,"Bala Thamrin, S.Gz",gamaniprakasa@example.net,+62 (45) 629-8569,Palopo,Platinum,2024-03-12
P01766,"Sutan Luluh Widiastuti, S.Gz",winarsihvanya@example.org,+62-0279-457-3999,Banjarmasin,Basic,2024-08-18
P01767,"Prima Anggriawan, S.Ked",perkasa42@example.net,+62-0293-108-0390,Purwokerto,Basic,2023-06-28
P01768,Gina Pertiwi,raihan88@example.net,085 950 4927,Tangerang Selatan,Basic,2023-11-19
P01769,Dina Purnawati,gilda93@example.net,+62-095-722-4662,Probolinggo,Basic,2024-01-09
P01770,"Vanesa Prabowo, M.Pd",fmegantara@example.net,+62 (0392) 399-4384,Cilegon,Gold,2024-01-31
P01771,Alika Hutapea,dabukkemaimunah@example.net,(0045) 195 6323,Tebingtinggi,Gold,2024-09-21
P01772,Legawa Waskita,talia87@example.net,+62-48-141-7342,Tegal,Basic,2023-03-12
P01773,Rahmi Maulana,raisa42@example.com,+62 (0323) 282-4358,Yogyakarta,Gold,2023-05-06
P01774,Citra Dabukke,ilsasimbolon@example.net,0898330506,Tangerang Selatan,Gold,2023-09-19
P01775,Mustika Haryanto,pangestulantar@example.net,+62 (0901) 125 6404,Makassar,Gold,2024-03-30
P01776,Jayadi Irawan,bambang73@example.com,+62 (24) 661-4435,Tual,Basic,2023-07-21
P01777,"R.M. Jefri Hutapea, S.Kom",saadat60@example.org,0860190368,Sibolga,Basic,2023-08-15
P01778,"Estiono Sudiati, S.E.I",ynurdiyanti@example.com,083 475 7952,Dumai,Gold,2023-10-18
P01779,Amelia Anggriawan,permadiumaya@example.com,+62-0139-684-4648,Kupang,Gold,2023-05-07
P01780,Prasetya Rahmawati,oktavianijarwa@example.com,089 048 5523,Medan,Basic,2024-06-11
P01781,drg. Cinthia Siregar,ttampubolon@example.com,083 918 8577,Tegal,Basic,2024-09-28
P01782,"Wardi Agustina, S.E.I",padmifirgantoro@example.net,+62 (44) 265-0719,Mojokerto,Basic,2024-03-03
P01783,Satya Hastuti,byulianti@example.net,+62 (0849) 332 0163,Mojokerto,Gold,2024-05-08
P01784,Ayu Yuniar,wagedabukke@example.com,+62 (002) 070-4594,Tangerang,Platinum,2024-12-02
P01785,Ika Megantara,radikasantoso@example.com,(0439) 241-1940,Tidore Kepulauan,Basic,2024-08-08
P01786,Rina Gunawan,heru97@example.org,+62 (0152) 694-4977,Cilegon,Basic,2024-03-06
P01787,"Ade Wacana, S.Pt",utamiatma@example.org,+62 (018) 416 8373,Salatiga,Gold,2024-02-05
P01788,Umaya Halim,puspasaricahyono@example.org,(0033) 305-6269,Padang,Basic,2023-04-09
P01789,Dr. Keisha Hakim,onashiruddin@example.com,+62 (11) 606-9067,Singkawang,Basic,2023-01-07
P01790,Adika Samosir,gadangbudiyanto@example.org,(0960) 943-4813,Probolinggo,Basic,2024-08-25
P01791,Karta Suartini,hasansalahudin@example.org,+62 (68) 986 5640,Madiun,Basic,2023-08-02
P01792,Juli Mahendra,jabalsimbolon@example.org,+62 (091) 217-6257,Blitar,Basic,2023-10-20
P01793,Dariati Yolanda,dacin16@example.org,(0459) 731-8593,Banjarmasin,Gold,2024-08-01
P01794,Ade Wacana,tpadmasari@example.com,+62-27-208-1434,Metro,Basic,2023-10-15
P01795,Zulaikha Rahimah,bakianto83@example.org,+62 (006) 943 5730,Singkawang,Gold,2023-05-02
P01796,Dr. Jayeng Simanjuntak,kasiranwibowo@example.org,0842009288,Ambon,Gold,2024-08-29
P01797,dr. Sabrina Tamba,widodojoko@example.org,+62 (902) 634 9615,Mataram,Basic,2023-07-27
P01798,Rahmi Latupono,suryatmikairav@example.com,(0227) 821 9331,Madiun,Basic,2023-04-19
P01799,Pranawa Waskita,cmaheswara@example.net,+62-072-123-2971,Surakarta,Basic,2023-05-25
P01800,Siska Nababan,yolandawarsita@example.org,+62-66-606-3305,Banjarbaru,Basic,2023-09-02
P01801,Luwes Mayasari,vmayasari@example.com,(0890) 166-5325,Makassar,Gold,2023-10-30
P01802,Ir. Asmuni Waskita,rendy42@example.org,+62 (457) 364-0517,Banda Aceh,Platinum,2023-05-24
P01803,Jamalia Namaga,thamrinperkasa@example.net,+62 (447) 296-6258,Kediri,Basic,2023-08-09
P01804,"R. Ibun Samosir, S.Farm",biswahyudi@example.org,+62-055-530-1026,Tarakan,Basic,2024-07-11
P01805,Unggul Yulianti,ibun56@example.net,(0850) 633-7208,Pekanbaru,Basic,2023-07-22
P01806,"KH. Legawa Setiawan, S.Pd",lnasyiah@example.net,(077) 835 4729,Madiun,Gold,2023-10-08
P01807,Hj. Zulfa Hastuti,ifa35@example.net,(0176) 067 2348,Pekanbaru,Gold,2023-03-25
P01808,Lutfan Maryati,umulyani@example.com,(0276) 992 7055,Kota Administrasi Jakarta Pusat,Basic,2024-07-08
P01809,Hj. Lala Kuswoyo,jjailani@example.net,0867179205,Metro,Basic,2024-11-21
P01810,T. Kunthara Hartati,winarnomuni@example.net,+62 (57) 908 2665,Cirebon,Basic,2023-05-05
P01811,Ir. Wardaya Widodo,waluyoanastasia@example.org,(034) 457-1944,Bitung,Gold,2023-11-29
P01812,R.M. Gading Widodo,lpradana@example.org,(067) 506 2135,Salatiga,Basic,2023-12-01
P01813,Wani Sinaga,farah58@example.net,+62-0664-393-2390,Meulaboh,Platinum,2024-04-07
P01814,Gangsa Sudiati,nadine88@example.com,+62-88-219-0897,Palangkaraya,Basic,2024-04-22
P01815,Queen Sitorus,kairavkurniawan@example.net,(056) 451-9074,Surakarta,Gold,2023-02-14
P01816,Oliva Suryatmi,darmanto32@example.net,+62-942-990-9535,Samarinda,Gold,2023-03-30
P01817,Talia Kurniawan,rahmanprabowo@example.com,+62 (096) 779-7714,Kota Administrasi Jakarta Barat,Gold,2024-08-27
P01818,"Cayadi Hariyah, S.Ked",vanesakuswandari@example.org,+62-300-718-8657,Palembang,Gold,2024-08-29
P01819,Nadine Mansur,maheswarawasis@example.org,+62-0322-428-8502,Bekasi,Basic,2023-09-04
P01820,"Elvin Usada, S.IP",xanana53@example.org,+62-04-851-1705,Ternate,Gold,2023-11-13
P01821,"Dr. Xanana Kurniawan, S.Sos",tasdik97@example.com,+62 (0417) 538 2383,Samarinda,Basic,2024-07-23
P01822,Tgk. Hairyanto Napitupulu,aryanipadma@example.com,+62 (19) 527 6731,Bogor,Gold,2023-08-06
P01823,Vanesa Hassanah,lestaridanu@example.com,+62 (0850) 969 6585,Bukittinggi,Basic,2023-01-11
P01824,Nadine Ramadan,juliuyainah@example.net,+62 (023) 109-7973,Bontang,Gold,2024-03-06
P01825,Rachel Wahyuni,vwidodo@example.org,(030) 857-2633,Kediri,Basic,2023-02-13
P01826,Widya Aryani,handayaniparman@example.com,+62-057-517-0458,Sorong,Basic,2024-05-28
P01827,"Drs. Ella Wibisono, S.H.",diah29@example.net,(044) 814 6301,Kota Administrasi Jakarta Barat,Platinum,2024-06-10
P01828,Qori Halimah,irwangunawan@example.org,0813772294,Lubuklinggau,Basic,2024-09-26
P01829,Gaman Mustofa,mustofaadhiarja@example.org,(014) 666 2960,Salatiga,Gold,2023-02-16
P01830,Sakura Waskita,garan30@example.org,088 834 7761,Tanjungbalai,Gold,2023-04-04
P01831,Prayogo Laksmiwati,uchitapratama@example.net,(0018) 231-1739,Singkawang,Basic,2023-09-13
P01832,Janet Novitasari,ade06@example.net,+62 (607) 473 5030,Cimahi,Gold,2023-05-31
P01833,Raihan Pertiwi,sucipermata@example.net,+62 (366) 859-8042,Sungai Penuh,Basic,2024-07-10
P01834,Rina Rahmawati,ggunarto@example.com,+62-82-743-1360,Serang,Gold,2023-03-17
P01835,Hj. Vanya Zulkarnain,narjipurwanti@example.org,+62 (219) 841-6297,Tangerang,Basic,2023-10-25
P01836,"Sabrina Halim, S.H.",hpranowo@example.net,+62 (032) 164 5281,Subulussalam,Basic,2023-07-08
P01837,Sutan Kunthara Nuraini,septisiregar@example.org,+62 (0326) 303-3507,Batu,Basic,2024-05-15
P01838,Aurora Tarihoran,budimanibrani@example.net,+62 (0652) 452-0873,Ambon,Gold,2023-03-01
P01839,Hadi Hartati,samiah97@example.net,+62-157-352-0263,Palangkaraya,Basic,2024-08-01
P01840,Elvina Lailasari,namagasadina@example.net,+62-589-790-4015,Bontang,Basic,2023-09-15
P01841,"R.A. Laras Suryono, S.Pd",sihombingganda@example.com,+62-014-467-8686,Tanjungbalai,Gold,2024-03-29
P01842,drg. Wani Saragih,vhakim@example.org,+62 (942) 546 4793,Manado,Basic,2023-08-27
P01843,"Drs. Laila Hidayanto, S.E.",gina94@example.net,+62 (038) 482-8061,Langsa,Basic,2024-08-03
P01844,Anastasia Nababan,saefullahghaliyati@example.net,+62 (0408) 541 4703,Pasuruan,Basic,2023-11-22
P01845,Cindy Padmasari,safitriwakiman@example.net,(054) 398-9487,Solok,Basic,2024-10-26
P01846,Paulin Natsir,dwi86@example.com,0826214323,Dumai,Basic,2024-04-18
P01847,"Gilda Tampubolon, S.T.",putrisiregar@example.org,+62 (0010) 778-1730,Kotamobagu,Basic,2023-03-07
P01848,Unjani Pratiwi,akurniawan@example.com,+62-602-899-8971,Banjarbaru,Basic,2023-12-23
P01849,Ir. Kezia Hardiansyah,gunartocahya@example.com,+62-0987-839-8892,Ternate,Basic,2023-05-21
P01850,Fitriani Pertiwi,tprakasa@example.net,+62 (10) 492 4390,Padangpanjang,Basic,2023-08-15
P01851,drg. Restu Yuliarti,ana99@example.org,081 657 3683,Depok,Basic,2023-06-09
P01852,Jumari Farida,rangga33@example.net,+62-0542-867-2766,Kotamobagu,Gold,2023-05-18
P01853,Yusuf Hutasoit,okta65@example.org,+62 (315) 202-8635,Kotamobagu,Gold,2023-07-09
P01854,"H. Nasrullah Nainggolan, S.H.",jnurdiyanti@example.net,(004) 724 9219,Prabumulih,Basic,2024-04-27
P01855,Ellis Saragih,mursita12@example.com,+62 (053) 822-5869,Ambon,Gold,2024-01-12
P01856,R. Shakila Halim,purwadi85@example.org,+62 (098) 381-9452,Banjarmasin,Platinum,2024-04-17
P01857,"KH. Panca Hartati, S.I.Kom",sihotangulva@example.net,0883411571,Sabang,Basic,2023-04-07
P01858,R. Pia Anggriawan,hariyahelisa@example.net,(012) 509-0768,Kota Administrasi Jakarta Timur,Basic,2024-01-03
P01859,"Olivia Purnawati, S.Gz",rahimahjagaraga@example.com,+62-609-702-3854,Blitar,Basic,2023-09-02
P01860,Puji Utami,cpranowo@example.com,(0479) 795 8521,Kota Administrasi Jakarta Barat,Basic,2024-09-12
P01861,"Sadina Samosir, S.I.Kom",manullanghamzah@example.com,(0143) 382 6602,Jayapura,Basic,2024-04-12
P01862,Qori Mahendra,ulva33@example.com,083 568 5613,Denpasar,Basic,2023-11-20
P01863,Eli Farida,jayaprasetyo@example.net,+62 (235) 802 5153,Kota Administrasi Jakarta Utara,Platinum,2023-08-03
P01864,Kemal Sihombing,hendri60@example.com,+62-75-358-1466,Sabang,Basic,2024-02-25
P01865,Caket Siregar,nurainisalsabila@example.net,+62 (535) 191 5739,Magelang,Basic,2024-09-02
P01866,Saiful Melani,balijan55@example.com,(019) 516 1484,Kota Administrasi Jakarta Selatan,Gold,2023-01-18
P01867,"Najwa Ardianto, S.Pd",nashiruddinsamiah@example.net,+62 (080) 823 0469,Palangkaraya,Gold,2024-09-18
P01868,Garda Hartati,ttamba@example.org,+62-0104-440-5376,Payakumbuh,Gold,2023-12-10
P01869,Ir. Sabar Pratiwi,irsad95@example.com,+62 (0004) 304-3981,Probolinggo,Basic,2023-03-20
P01870,"Dr. Maimunah Permata, M.Kom.",lanjaryuniar@example.com,+62 (051) 570 5704,Prabumulih,Gold,2024-09-29
P01871,Gawati Napitupulu,slametlazuardi@example.net,(0214) 944 0466,Jambi,Gold,2024-04-10
P01872,Prayoga Wahyuni,putu56@example.net,+62-0950-679-4077,Subulussalam,Basic,2024-04-06
P01873,"dr. Paramita Suryono, M.Kom.",lurhur59@example.org,+62 (0305) 926-8467,Sabang,Basic,2024-01-20
P01874,Jasmin Damanik,wibisonomarsudi@example.org,+62 (0811) 748 8958,Kediri,Basic,2023-09-06
P01875,"Dt. Wakiman Wijaya, M.TI.",gkusumo@example.com,+62 (98) 137-7675,Yogyakarta,Basic,2023-11-19
P01876,Harjo Nasyidah,wsaputra@example.com,+62 (0815) 095 9880,Pematangsiantar,Basic,2023-09-07
P01877,Icha Thamrin,slamet89@example.net,+62-0424-776-2180,Banjar,Gold,2023-06-03
P01878,"Oliva Situmorang, S.I.Kom",cahyalatupono@example.net,+62-0219-248-8113,Sawahlunto,Gold,2023-09-18
P01879,Bagya Wibowo,jinawi24@example.org,(000) 530-2928,Madiun,Basic,2023-06-27
P01880,R.M. Paiman Mulyani,genta35@example.org,(020) 721-4077,Banjarmasin,Basic,2023-02-05
P01881,"Dt. Cawisono Simbolon, S.IP",mdongoran@example.org,(074) 645 3290,Sungai Penuh,Basic,2023-01-13
P01882,Teguh Mustofa,jtarihoran@example.net,(0514) 813-5734,Bandar Lampung,Basic,2024-01-11
P01883,Ani Iswahyudi,januarputi@example.org,+62 (19) 798-2774,Madiun,Basic,2024-09-12
P01884,"Prayogo Maryati, S.Sos",lsiregar@example.org,(058) 493 2715,Purwokerto,Gold,2024-03-18
P01885,"drg. Silvia Natsir, S.Farm",maryadijais@example.net,(0852) 424-5115,Cimahi,Basic,2024-06-11
P01886,Vera Uyainah,panca60@example.net,(0651) 417 1626,Kota Administrasi Jakarta Utara,Basic,2023-01-14
P01887,"R.A. Endah Pangestu, M.TI.",shakila71@example.com,086 747 6281,Dumai,Gold,2023-03-14
P01888,Novi Situmorang,jaemanhakim@example.org,(041) 754 0603,Palembang,Gold,2023-08-17
P01889,Wahyu Habibi,mansurlembah@example.net,+62 (922) 484 9474,Palangkaraya,Basic,2024-05-25
P01890,"Tgk. Aswani Halim, S.Farm",siregargamani@example.com,(059) 700-6697,Kediri,Basic,2024-08-17
P01891,Drs. Bagus Nababan,halimpadmi@example.com,+62-0133-753-9149,Parepare,Platinum,2024-01-12
P01892,"Ir. Dalima Novitasari, M.Ak",uyainahjamal@example.org,(072) 486-7006,Tangerang,Basic,2024-03-04
P01893,Devi Pratiwi,galionojanuar@example.com,+62 (45) 562-9056,Sungai Penuh,Basic,2023-02-09
P01894,"Hasan Waskita, M.Farm",hasim90@example.com,(085) 191-8903,Parepare,Basic,2024-06-01
P01895,Opung Nababan,novi66@example.org,+62 (0024) 758-7637,Purwokerto,Basic,2024-10-02
P01896,Naradi Sihombing,putihassanah@example.net,+62-053-042-6770,Kota Administrasi Jakarta Barat,Gold,2023-11-20
P01897,Tri Sitompul,prabowoharsanto@example.com,080 714 7810,Tanjungbalai,Gold,2023-12-14
P01898,Safina Utami,prasastaluthfi@example.net,+62 (321) 144-9081,Manado,Basic,2023-03-07
P01899,Lidya Wibisono,amarpaung@example.net,(0394) 570 6281,Bekasi,Basic,2024-02-17
P01900,Upik Pudjiastuti,andrianikarja@example.com,+62 (084) 884 6564,Madiun,Basic,2024-09-27
P01901,Laras Kusmawati,fhartati@example.org,+62 (156) 892 9236,Tanjungbalai,Basic,2024-11-10
P01902,Cawuk Rahimah,pardinatsir@example.net,+62 (79) 208-4165,Bontang,Basic,2023-05-27
P01903,"Drs. Adinata Prabowo, S.Kom",maryatimaida@example.org,+62 (0893) 514 1663,Subulussalam,Basic,2023-08-20
P01904,Lamar Uyainah,mujurwahyuni@example.net,+62-262-696-2226,Prabumulih,Platinum,2023-12-22
P01905,Tami Farida,ibranimanullang@example.net,+62 (715) 158-8253,Surabaya,Basic,2023-07-20
P01906,drg. Gasti Suryatmi,januarsakura@example.net,(067) 398-1089,Meulaboh,Gold,2024-06-19
P01907,dr. Rini Laksmiwati,sarahsuwarno@example.org,+62-0201-611-3673,Cirebon,Gold,2023-03-23
P01908,Maimunah Iswahyudi,fujiaticayadi@example.org,+62-75-908-8821,Padang Sidempuan,Gold,2023-02-19
P01909,Putri Permata,karsakusumo@example.org,0870399976,Banjar,Basic,2023-03-31
P01910,Dalima Hardiansyah,emanullang@example.org,+62 (010) 755 4883,Cirebon,Basic,2024-09-29
P01911,Garan Handayani,virmanadriansyah@example.org,+62 (760) 333-3149,Makassar,Basic,2024-05-27
P01912,Puti Wijayanti,hardiansyahuchita@example.net,+62 (229) 218 0665,Kota Administrasi Jakarta Pusat,Gold,2024-11-26
P01913,"Ajimin Hutapea, S.IP",violet65@example.net,+62-0804-246-8853,Kota Administrasi Jakarta Barat,Basic,2023-08-13
P01914,"KH. Viman Usada, S.T.",wulandaridiah@example.net,(0145) 832-6531,Jayapura,Gold,2023-07-18
P01915,Kasim Halim,ina80@example.org,(058) 865-3113,Tomohon,Platinum,2023-10-16
P01916,Farhunnisa Mulyani,uanggraini@example.com,085 529 8769,Tual,Basic,2023-10-14
P01917,Sadina Adriansyah,hamima84@example.net,086 109 1329,Salatiga,Gold,2023-06-03
P01918,Gangsar Purwanti,adriansyahcengkir@example.net,+62-0061-016-6667,Ternate,Basic,2024-02-18
P01919,Ulya Hidayat,kfarida@example.net,+62-091-683-5056,Langsa,Gold,2024-07-12
P01920,Garan Winarsih,tirta27@example.org,083 480 9476,Kendari,Basic,2024-02-03
P01921,Humaira Simbolon,kasusrapratiwi@example.net,+62-979-940-6678,Kupang,Basic,2023-03-25
P01922,Karen Firgantoro,violet09@example.net,+62 (053) 764 3414,Sibolga,Basic,2024-04-02
P01923,Kalim Maulana,pwahyuni@example.org,(0310) 368 0703,Banjar,Basic,2024-02-04
P01924,KH. Cawisono Zulaika,cahyadi61@example.com,(066) 586 3174,Tual,Gold,2023-01-09
P01925,Azalea Mulyani,artawanbudiyanto@example.com,0882233300,Probolinggo,Basic,2023-01-03
P01926,Jefri Narpati,anomprastuti@example.net,+62-0378-655-6466,Dumai,Platinum,2023-03-07
P01927,"Garan Nainggolan, S.IP",ophelia11@example.org,(052) 589-2852,Kota Administrasi Jakarta Utara,Basic,2024-07-25
P01928,Arta Tarihoran,sakti25@example.com,+62-074-377-1571,Bitung,Basic,2024-02-17
P01929,Hari Pranowo,nurainidartono@example.com,+62-0304-857-0462,Makassar,Basic,2023-11-06
P01930,Sarah Puspasari,hafshah56@example.com,+62 (44) 441-9149,Pariaman,Basic,2023-06-30
P01931,Among Gunarto,anastasia63@example.org,+62 (892) 886-2974,Kediri,Gold,2023-06-10
P01932,Yulia Widiastuti,rahimahyusuf@example.com,(0968) 721 4808,Yogyakarta,Gold,2023-03-29
P01933,Rudi Purnawati,ekosalahudin@example.com,+62 (0724) 866-0587,Cirebon,Basic,2023-02-11
P01934,Juli Samosir,aditya27@example.org,0898963322,Balikpapan,Gold,2024-07-28
P01935,Sutan Langgeng Prastuti,maimunahmarpaung@example.net,(0376) 878-4860,Sukabumi,Gold,2024-07-01
P01936,Ir. Hani Dongoran,zalindraprayoga@example.org,(004) 351 8091,Tual,Platinum,2024-09-25
P01937,Fathonah Nasyidah,dalima91@example.com,+62 (100) 231-9222,Kotamobagu,Gold,2023-08-14
P01938,"Jarwadi Permata, M.M.",fhutasoit@example.net,+62 (36) 352-7302,Tebingtinggi,Basic,2023-09-13
P01939,R. Makara Pangestu,gamani20@example.com,+62 (053) 597-4847,Sawahlunto,Gold,2024-04-03
P01940,"R. Nadia Wastuti, M.TI.",uuyainah@example.net,+62-0070-214-5483,Bontang,Gold,2023-05-10
P01941,Luhung Yuniar,plaksita@example.net,+62 (085) 127-0923,Tarakan,Platinum,2023-04-15
P01942,KH. Edison Hakim,zsirait@example.org,0881434321,Subulussalam,Gold,2023-08-23
P01943,Teguh Yuliarti,cinta51@example.com,+62-0803-807-4708,Bitung,Basic,2024-06-15
P01944,"drg. Yoga Megantara, M.Ak",ehariyah@example.org,+62 (601) 332-9634,Kupang,Gold,2023-03-11
P01945,"dr. Bahuraksa Simanjuntak, S.E.",gprayoga@example.org,+62 (090) 005 5515,Binjai,Basic,2024-04-21
P01946,Mutia Yuliarti,situmorangdarimin@example.net,(0160) 798-3362,Tasikmalaya,Gold,2024-10-19
P01947,Limar Fujiati,hariyahkayla@example.com,+62 (45) 016-8145,Tegal,Basic,2024-01-21
P01948,Umi Nugroho,prasetyakarsana@example.org,+62 (34) 463-5239,Tangerang Selatan,Basic,2024-10-12
P01949,"Tgk. Laras Wijayanti, M.M.",lailajanuar@example.org,+62 (261) 368-4904,Kediri,Gold,2023-07-19
P01950,"Cut Padma Sirait, S.Kom",suryakusmawati@example.net,+62-24-221-2111,Padang Sidempuan,Gold,2024-02-10
P01951,Surya Budiyanto,yhandayani@example.net,+62 (065) 663 5921,Pekalongan,Gold,2023-07-14
P01952,Aris Utama,lrahimah@example.org,+62-419-414-9882,Sabang,Basic,2024-01-25
P01953,R.M. Lantar Prasetyo,oliviasihombing@example.org,(0452) 595-6293,Surakarta,Gold,2024-10-27
P01954,"Zulaikha Marbun, S.IP",farhunnisa41@example.org,+62 (0850) 458 1445,Pontianak,Gold,2024-10-05
P01955,H. Rangga Laksmiwati,hariyahasman@example.org,+62 (065) 557 8827,Ternate,Basic,2024-04-27
P01956,Saka Sihombing,unjani56@example.com,+62 (073) 988 9595,Medan,Basic,2024-07-01
P01957,Dr. Dipa Sudiati,riyantihesti@example.org,(060) 165 7689,Pangkalpinang,Basic,2024-09-30
P01958,Legawa Mulyani,purwantipaiman@example.net,(041) 322 9150,Mojokerto,Platinum,2024-09-25
P01959,Legawa Putra,wsetiawan@example.org,(0114) 791-6304,Palangkaraya,Basic,2023-06-09
P01960,Edi Handayani,prabowoikhsan@example.net,+62 (60) 462-6544,Padang Sidempuan,Gold,2024-05-02
P01961,Sarah Riyanti,kuswoyocakrabuana@example.org,(0356) 353-4927,Banjar,Gold,2023-02-02
P01962,Ulya Situmorang,wibisonogantar@example.org,+62 (689) 142-9403,Sorong,Basic,2024-03-25
P01963,Tiara Mahendra,nyoman96@example.net,+62 (03) 381-5498,Surabaya,Basic,2023-06-14
P01964,Zizi Tampubolon,harja17@example.net,(032) 048-1404,Bontang,Basic,2024-02-29
P01965,Maya Narpati,suwarnokemal@example.com,+62 (097) 175 6785,Tebingtinggi,Gold,2023-09-02
P01966,Clara Maulana,vivi95@example.com,+62 (958) 254 0053,Pagaralam,Basic,2024-10-02
P01967,Bahuwarna Firmansyah,ynatsir@example.net,(068) 172-0800,Denpasar,Gold,2023-01-12
P01968,Emas Hartati,grajasa@example.org,(054) 276 0751,Sabang,Basic,2024-08-19
P01969,"Ratih Utami, S.E.I",yusada@example.org,+62 (0356) 399-8419,Salatiga,Gold,2023-06-02
P01970,Garda Laksmiwati,adinata16@example.net,+62 (84) 982 0375,Meulaboh,Basic,2024-03-09
P01971,Amelia Prayoga,qnasyiah@example.com,0850616923,Surabaya,Gold,2023-02-25
P01972,Drs. Daru Handayani,arsipatramangunsong@example.org,+62 (829) 290 7062,Metro,Gold,2023-03-20
P01973,Ade Pranowo,caturangga91@example.net,+62 (90) 573 0964,Payakumbuh,Platinum,2023-07-13
P01974,Humaira Mangunsong,gildasaragih@example.org,+62 (0114) 856-4146,Bitung,Basic,2023-05-19
P01975,Paramita Wahyuni,astutianita@example.org,+62 (0820) 933-1651,Palu,Basic,2023-02-25
P01976,"Bakti Prasasta, M.TI.",,+62-0199-444-0434,Batam,Basic,2023-01-08
P01977,"R.M. Hairyanto Wibisono, S.Ked",uli12@example.org,+62-51-395-2344,Batu,Basic,2023-08-10
P01978,Hendri Salahudin,ewidodo@example.net,+62 (879) 477 8597,Serang,Basic,2024-01-10
P01979,Raden Napitupulu,saiful73@example.com,0832016319,Bogor,Gold,2023-09-22
P01980,Kemal Maulana,bhasanah@example.com,+62 (894) 517-0690,Tidore Kepulauan,Platinum,2024-05-03
P01981,"Murti Simanjuntak, S.Farm",mulyonomaheswara@example.com,+62 (65) 212-7021,Kupang,Basic,2024-05-14
P01982,"Safina Maryadi, S.T.",jane60@example.com,+62-301-213-9626,Cimahi,Gold,2024-01-31
P01983,Salsabila Andriani,mahfud84@example.com,086 906 0259,Pasuruan,Gold,2024-06-16
P01984,Ir. Vicky Waskita,mprakasa@example.com,+62-0417-683-9156,Jayapura,Gold,2023-05-19
P01985,Viman Pranowo,wibisonolili@example.com,+62 (0488) 941-0359,Tanjungpinang,Gold,2023-09-17
P01986,Ir. Limar Waskita,nlatupono@example.com,+62 (0605) 078-8088,Langsa,Platinum,2023-05-18
P01987,Aslijan Kurniawan,amahendra@example.com,+62 (0832) 093-8284,Tanjungbalai,Basic,2023-01-23
P01988,KH. Yoga Habibi,susantiheru@example.com,+62 (071) 292 3564,Cirebon,Gold,2024-08-31
P01989,Tantri Yuliarti,satyapadmasari@example.net,+62 (092) 946 0074,Surabaya,Basic,2023-07-16
P01990,Raharja Wahyudin,agnes51@example.org,+62 (404) 641 9855,Pematangsiantar,Gold,2023-03-18
P01991,R.A. Belinda Ardianto,saadat96@example.net,087 816 5133,Salatiga,Basic,2024-03-08
P01992,Harsana Nuraini,septiharyanti@example.org,(040) 218 1819,Kendari,Gold,2023-04-29
P01993,Citra Hutapea,ymaulana@example.com,+62-243-543-8826,Pangkalpinang,Gold,2023-09-23
P01994,"Laras Mustofa, M.Ak",tarihoranparis@example.net,+62 (036) 285 6000,Bengkulu,Basic,2023-09-13
P01995,"Ira Salahudin, M.M.",adriansyahxanana@example.net,+62 (94) 797 2368,Banda Aceh,Gold,2023-06-07
P01996,Wira Mayasari,apertiwi@example.org,+62-0485-802-2478,Tual,Basic,2024-10-07
P01997,Vanesa Agustina,ihidayat@example.com,+62-031-562-8405,Yogyakarta,Platinum,2023-05-29
P01998,Ir. Humaira Mandasari,zulaikavicky@example.net,088 473 2451,Kota Administrasi Jakarta Selatan,Basic,2023-09-02
P01999,Anastasia Siregar,rmaryati@example.com,(035) 012-1529,Salatiga,Gold,2023-08-04
P02000,Elisa Hassanah,qmaulana@example.org,(0764) 645-1055,Medan,Gold,2024-03-23
P02001,Hafshah Laksmiwati,,+62 (086) 100 4302,Pekanbaru,Gold,2024-05-19
P02002,Utama Firmansyah,balanggaastuti@example.net,+62-208-102-1304,Surabaya,Gold,2024-09-28
P02003,Zalindra Hasanah,rajatadalimin@example.net,(0909) 639 8591,Batam,Basic,2024-08-30
P02004,"Ir. Cengkir Simanjuntak, M.Farm",silviagunarto@example.com,+62 (0984) 713-9335,Batu,Gold,2024-11-03
P02005,Hj. Ika Usamah,respati69@example.net,+62 (0499) 985 4520,Ambon,Gold,2023-05-22
P02006,"T. Harsaya Laksita, S.T.",cemeti81@example.com,(0086) 847 9778,Prabumulih,Basic,2024-02-22
P02007,Sutan Murti Mahendra,kanimustofa@example.net,(0624) 636-4153,Salatiga,Platinum,2023-06-05
P02008,Melinda Rahimah,zahramansur@example.com,+62 (46) 019 3258,Sorong,Basic,2024-03-27
P02009,Tgk. Mutia Tamba,siskamanullang@example.com,088 202 6203,Samarinda,Basic,2023-07-31
P02010,Rudi Wibowo,lazuarditasnim@example.net,+62-31-182-8281,Kota Administrasi Jakarta Selatan,Basic,2023-07-23
P02011,Melinda Anggriawan,wibowotasnim@example.com,(0685) 660 4878,Pematangsiantar,Basic,2023-05-22
P02012,Rachel Kusmawati,amansur@example.net,0817244405,Surabaya,Gold,2024-07-07
P02013,Violet Suwarno,setiawangalak@example.net,+62 (028) 534-7730,Serang,Gold,2024-01-26
P02014,"Tgk. Lukman Nashiruddin, S.Pt",kasiyahyuliarti@example.net,+62 (0730) 246 3953,Meulaboh,Basic,2023-05-09
P02015,"drg. Ikhsan Firmansyah, M.TI.",yessi66@example.org,(0574) 406 9574,Tidore Kepulauan,Gold,2024-01-23
P02016,"dr. Salsabila Suartini, S.H.",maimunahkuswandari@example.net,+62 (020) 416 2244,Pekalongan,Basic,2024-10-09
P02017,Dodo Agustina,qthamrin@example.net,+62 (09) 779-9410,Samarinda,Gold,2024-02-25
P02018,Tgk. Daliman Nugroho,oktowulandari@example.net,+62 (814) 010-7472,Singkawang,Basic,2024-08-15
P02019,"Cinthia Hidayanto, S.E.",handayanigalur@example.net,(0859) 935 1417,Padangpanjang,Basic,2024-07-30
P02020,Hj. Lalita Mardhiyah,mangunsongnardi@example.net,+62 (084) 462-0557,Pekalongan,Platinum,2024-02-20
P02021,Warsa Siregar,ohutasoit@example.com,+62 (045) 652 2770,Bitung,Basic,2023-08-11
P02022,Padmi Mansur,zalindra46@example.org,(0548) 473-0383,Gorontalo,Platinum,2024-08-12
P02023,"Ir. Lintang Siregar, S.Ked",dongoranprabu@example.org,+62 (0519) 145-4068,Banjar,Basic,2024-09-11
P02024,"Mila Riyanti, S.Sos",jmegantara@example.com,+62-16-941-3472,Surakarta,Basic,2024-05-20
P02025,R.M. Purwadi Nababan,taufan25@example.net,+62-942-493-8718,Tarakan,Platinum,2024-11-14
P02026,"Tgk. Nalar Hasanah, S.IP",damanikmartani@example.com,+62 (085) 023-8473,Tegal,Platinum,2023-04-13
P02027,Sarah Irawan,apratiwi@example.org,(0476) 325-7947,Magelang,Basic,2023-07-27
P02028,Karma Hidayat,pudjiastutirahmi@example.com,+62-027-564-7465,Binjai,Basic,2024-04-18
P02029,Queen Permata,dalimanrahimah@example.org,+62 (047) 107-3846,Langsa,Gold,2024-05-07
P02030,Tina Sitorus,betaniafirmansyah@example.org,+62 (0206) 832 7324,Banjarbaru,Basic,2024-01-01
P02031,Puput Wijayanti,rprasasta@example.com,+62-030-775-8784,Surakarta,Basic,2024-03-23
P02032,"Uchita Riyanti, M.TI.",fwaskita@example.net,+62 (09) 256 0000,Tarakan,Basic,2023-10-22
P02033,"R. Tania Haryanti, S.Kom",tharyanti@example.org,+62 (815) 371 1827,Payakumbuh,Gold,2023-01-10
P02034,Cici Hardiansyah,maryatiida@example.net,+62 (0332) 003 8044,Bitung,Basic,2023-02-22
P02035,Vera Budiyanto,mahendraputu@example.org,+62-94-886-7026,Sungai Penuh,Gold,2024-08-22
P02036,"H. Tirta Wastuti, S.T.",hasanbudiyanto@example.org,+62 (095) 137 2005,Banjar,Basic,2024-10-21
P02037,R. Mumpuni Haryanto,garanrajasa@example.net,+62 (033) 265-3325,Denpasar,Basic,2023-07-27
P02038,drg. Gaiman Saragih,ypratama@example.org,+62-984-500-6486,Sawahlunto,Basic,2024-10-04
P02039,Agus Hastuti,janet68@example.net,+62 (0463) 218 3934,Tidore Kepulauan,Gold,2024-06-30
P02040,"T. Harja Narpati, S.T.",dariatipurnawati@example.com,+62-0239-218-0580,Bitung,Gold,2024-03-12
P02041,Dwi Sihombing,adityamandasari@example.net,+62 (086) 121 7754,Metro,Basic,2023-02-05
P02042,"Hj. Michelle Firmansyah, S.Kom",irsad94@example.org,+62 (160) 507 8220,Balikpapan,Basic,2023-10-11
P02043,"Cut Titin Pangestu, S.IP",ianggriawan@example.org,+62 (013) 054 5896,Medan,Basic,2023-12-04
P02044,Wage Hidayanto,jamal75@example.com,+62-02-682-6396,Depok,Gold,2023-06-09
P02045,Dimas Puspasari,bahuwirya36@example.com,+62 (832) 418-5228,Dumai,Gold,2023-07-18
P02046,"Dr. Harsanto Mayasari, S.Pt",rajasaakarsana@example.net,+62 (317) 991 8861,Jambi,Basic,2024-07-18
P02047,"Paulin Hasanah, S.Gz",latika88@example.org,+62-70-554-6294,Samarinda,Gold,2023-03-31
P02048,Slamet Nashiruddin,pyolanda@example.org,(014) 184-5289,Padang Sidempuan,Gold,2023-10-16
P02049,Liman Rahimah,xtampubolon@example.org,+62 (073) 665 6201,Pematangsiantar,Gold,2024-05-01
P02050,R.M. Timbul Pangestu,daru09@example.org,(0131) 963 8697,Batam,Basic,2024-05-03
P02051,Cayadi Wacana,setiawansilvia@example.com,086 465 4154,Kota Administrasi Jakarta Utara,Basic,2023-03-24
P02052,"T. Leo Mansur, M.M.",zalindrasimanjuntak@example.org,+62 (722) 874-6605,Surakarta,Gold,2024-05-11
P02053,Luluh Yuniar,mahendraade@example.net,+62 (914) 348-7727,Palembang,Basic,2024-08-02
P02054,Dwi Wahyuni,ypangestu@example.org,(0127) 893-0531,Sawahlunto,Gold,2023-06-24
P02055,"Elisa Uyainah, S.Kom",anomrahimah@example.com,+62 (23) 460-7768,Tanjungpinang,Basic,2023-08-30
P02056,"Siti Oktaviani, S.E.I",budimansabri@example.org,+62 (0326) 403-7003,Pematangsiantar,Platinum,2024-06-09
P02057,Rahmi Natsir,argono07@example.com,(054) 916 0777,Yogyakarta,Gold,2023-07-10
P02058,Zizi Nainggolan,iprastuti@example.net,+62 (769) 133-3160,Sorong,Gold,2023-02-26
P02059,Cemani Waluyo,tambakarman@example.org,(021) 002 6702,Pekalongan,Basic,2024-11-02
P02060,"Betania Zulaika, S.Sos",uwaishadi@example.org,081 485 1276,Tegal,Basic,2023-05-13
P02061,Ifa Hutapea,gunawanharja@example.net,+62-077-230-7926,Singkawang,Gold,2023-12-23
P02062,Zelaya Iswahyudi,mwastuti@example.net,(073) 760 6590,Surakarta,Gold,2023-12-30
P02063,Ayu Sinaga,ami67@example.org,+62-0741-952-2380,Padang Sidempuan,Basic,2023-08-10
P02064,Violet Rajasa,permataina@example.org,(012) 116-2389,Ambon,Gold,2024-09-19
P02065,Humaira Namaga,juliaprasetyo@example.com,+62-714-137-6411,Magelang,Basic,2024-10-27
P02066,Galiono Suryatmi,,+62 (76) 721 3070,Pangkalpinang,Basic,2024-02-10
P02067,"Ian Simanjuntak, S.Pt",waluyolazuardi@example.org,+62-0731-953-5242,Bontang,Basic,2024-11-08
P02068,Elvin Puspasari,piatampubolon@example.net,+62-62-031-2507,Samarinda,Gold,2024-09-16
P02069,Kezia Maulana,ydabukke@example.net,+62-0166-531-2340,Sukabumi,Basic,2023-05-28
P02070,Hj. Puput Saputra,unggul11@example.org,+62-0971-144-1844,Tanjungbalai,Basic,2024-06-14
P02071,"Drs. Rahayu Prabowo, S.T.",uwidiastuti@example.net,+62 (937) 828 0274,Sabang,Gold,2023-05-10
P02072,Lasmono Hutagalung,opungthamrin@example.net,+62 (0402) 657 1053,Pasuruan,Platinum,2024-03-24
P02073,Indah Yolanda,nurainiprasetyo@example.org,(033) 623-4457,Mojokerto,Basic,2024-03-30
P02074,"Cayadi Suartini, S.Psi",siregarliman@example.com,+62-086-707-8158,Jambi,Basic,2023-12-28
P02075,drg. Luhung Yuliarti,pertiwijono@example.org,+62 (084) 654 6888,Pangkalpinang,Basic,2024-05-14
P02076,R. Putri Sihombing,sihombingnadia@example.org,0886116185,Sibolga,Basic,2024-06-28
P02077,"Hani Rahimah, M.TI.",rajasaupik@example.net,(0230) 798 8858,Sungai Penuh,Gold,2024-10-29
P02078,"Malika Napitupulu, S.Sos",karsanawulandari@example.org,083 063 9999,Jayapura,Gold,2024-10-07
P02079,Ghaliyati Riyanti,oprakasa@example.org,0836262532,Gorontalo,Gold,2024-10-22
P02080,"Tgk. Omar Sihombing, M.Farm",lega46@example.net,+62-49-937-3944,Madiun,Basic,2024-11-02
P02081,Mariadi Mandala,labuhnamaga@example.com,+62-040-483-9622,Mojokerto,Gold,2023-10-27
P02082,Devi Nainggolan,butama@example.com,(030) 000 9188,Sungai Penuh,Basic,2024-07-11
P02083,Prabowo Halimah,cnuraini@example.net,+62 (069) 640 1068,Pariaman,Gold,2023-09-15
P02084,"Ami Wahyudin, S.IP",nurdiyantinova@example.org,+62 (752) 385-2095,Tidore Kepulauan,Platinum,2023-01-22
P02085,Tiara Utama,jefriwibowo@example.org,+62 (72) 610 6540,Lhokseumawe,Basic,2024-10-14
P02086,"Shakila Siregar, S.Pd",zulkarnainkenari@example.net,+62 (0719) 810 3107,Sungai Penuh,Gold,2024-03-29
P02087,"Bagiya Januar, S.E.I",rafi58@example.net,+62-79-543-2087,Sabang,Platinum,2023-04-09
P02088,Kartika Kuswandari,hasnaagustina@example.org,+62 (030) 521-4079,Bekasi,Basic,2023-12-15
P02089,Sabri Siregar,megantarawadi@example.com,0892274537,Tangerang,Basic,2024-05-07
P02090,Elvin Waskita,pratamakanda@example.net,+62 (059) 170 4949,Pagaralam,Basic,2023-02-24
P02091,"T. Hartana Riyanti, S.H.",safinasiregar@example.net,(0169) 270 5839,Lhokseumawe,Platinum,2023-05-11
P02092,Nova Narpati,hassanahasirwada@example.org,080 671 7918,Ambon,Basic,2023-06-01
P02093,Balijan Pradipta,oriyanti@example.org,0848558040,Purwokerto,Basic,2023-07-11
P02094,Yono Zulaika,lukman57@example.com,0837628472,Subulussalam,Gold,2024-02-01
P02095,"Ir. Rangga Nasyiah, M.Farm",estiawanpradipta@example.org,(046) 906 0422,Pasuruan,Basic,2024-11-19
P02096,Titin Mulyani,gardawastuti@example.net,+62 (089) 418-8117,Singkawang,Gold,2023-02-06
P02097,Harsana Usada,lmardhiyah@example.com,+62 (0537) 165 7224,Gorontalo,Gold,2024-06-07
P02098,Icha Gunarto,viman74@example.com,+62-28-801-1893,Kendari,Platinum,2023-09-23
P02099,Balijan Kuswoyo,ejawahyuni@example.com,+62-22-467-3929,Mataram,Gold,2023-11-02
P02100,"R. Bagiya Susanti, S.E.I",anggriawanniyaga@example.net,+62 (58) 334-3684,Tebingtinggi,Gold,2023-11-11
P02101,"Tgk. Cager Wastuti, S.T.",capa85@example.org,+62 (25) 717-0631,Tanjungbalai,Gold,2023-12-12
P02102,Enteng Santoso,ganjaran86@example.net,+62-067-511-8439,Pontianak,Basic,2023-01-22
P02103,Daliman Palastri,eva68@example.org,+62-0998-552-7471,Tidore Kepulauan,Platinum,2024-01-22
P02104,drg. Kusuma Astuti,yani75@example.net,+62 (695) 870 7125,Pagaralam,Gold,2023-10-03
P02105,Gantar Prabowo,qsitompul@example.com,(0228) 181-3147,Ambon,Basic,2024-03-29
P02106,Salsabila Thamrin,prasastaharjo@example.org,+62-225-165-8784,Salatiga,Gold,2023-11-09
P02107,Drs. Dasa Farida,eprastuti@example.net,+62 (35) 404-3361,Cilegon,Basic,2023-05-28
P02108,T. Indra Ramadan,wadimangunsong@example.org,+62 (041) 174 1459,Kupang,Basic,2024-08-13
P02109,Dirja Anggraini,harto16@example.com,(0926) 698 4560,Bima,Gold,2023-12-10
P02110,Irma Wibowo,hakimluluh@example.com,+62-430-349-0679,Ambon,Basic,2023-08-14
P02111,Eka Purwanti,winarsihjono@example.net,+62-088-663-0104,Serang,Gold,2023-12-27
P02112,Ajimin Hasanah,rafid88@example.org,(032) 160-6190,Depok,Basic,2023-10-18
P02113,Oliva Wulandari,chandra96@example.org,+62 (89) 868-8346,Metro,Basic,2023-08-29
P02114,Nurul Kuswoyo,dirjahakim@example.net,+62 (868) 415-2868,Kota Administrasi Jakarta Selatan,Gold,2023-02-08
P02115,Tgk. Kurnia Dongoran,,(0416) 832 4167,Pagaralam,Basic,2024-05-28
P02116,"Ir. Kasiran Mustofa, M.Farm",kartamustofa@example.net,+62 (093) 198-0742,Serang,Basic,2023-01-08
P02117,Hj. Yuliana Mardhiyah,thalim@example.org,+62 (84) 264 4787,Mataram,Gold,2024-10-24
P02118,"dr. Winda Rajasa, S.Ked",ade79@example.org,(0175) 380-8579,Semarang,Basic,2024-05-13
P02119,Azalea Usada,jefriyuniar@example.com,+62 (080) 766-7988,Pagaralam,Gold,2024-09-14
P02120,"R. Vicky Kuswoyo, S.T.",mmarpaung@example.com,+62-0770-245-6030,Depok,Basic,2023-11-28
P02121,Kiandra Hutapea,agushastuti@example.org,+62-924-800-2004,Tual,Gold,2024-04-16
P02122,Cemani Wibisono,hartatilaswi@example.com,(0255) 854 7787,Depok,Gold,2023-03-17
P02123,"H. Dartono Permata, S.E.I",,+62 (97) 571 4415,Batu,Gold,2024-09-23
P02124,"Leo Iswahyudi, S.Psi",karimah44@example.org,+62-088-684-5692,Pagaralam,Basic,2024-01-26
P02125,Siti Winarsih,utamiwirda@example.org,+62 (073) 828-5897,Denpasar,Basic,2024-07-17
P02126,Xanana Safitri,laksanariyanti@example.net,+62 (026) 302-2030,Magelang,Basic,2024-03-08
P02127,"R. Ira Prayoga, S.Sos",lmardhiyah@example.org,(060) 987-1154,Banjarbaru,Platinum,2024-05-06
P02128,"Cawisono Saptono, M.Ak",dariati06@example.com,(0188) 624-6872,Payakumbuh,Basic,2023-03-18
P02129,Jinawi Mangunsong,lulut52@example.net,(000) 710 9903,Batu,Basic,2024-05-19
P02130,Niyaga Uyainah,gunawanlasmanto@example.com,+62 (57) 468 3083,Tidore Kepulauan,Platinum,2024-11-03
P02131,Yuni Rahimah,margana17@example.org,0822836491,Sukabumi,Gold,2023-05-11
P02132,Hadi Latupono,lestarihardana@example.org,+62 (032) 409 8758,Bukittinggi,Gold,2023-03-26
P02133,Tantri Kurniawan,tambasafina@example.net,+62 (097) 369-9752,Bekasi,Basic,2023-04-23
P02134,Eva Halim,tomi21@example.com,+62-06-966-2650,Bengkulu,Basic,2024-10-26
P02135,"Oman Halimah, M.Kom.",mitrakuswandari@example.net,+62 (99) 458-7758,Padangpanjang,Basic,2023-07-02
P02136,Cut Malika Puspita,emannarpati@example.org,(015) 460 8304,Sabang,Basic,2023-03-09
P02137,"T. Gilang Budiyanto, S.Farm",wijayantiicha@example.org,+62 (028) 873-0131,Bima,Basic,2023-12-27
P02138,Jaeman Waskita,ynuraini@example.com,080 784 5433,Lhokseumawe,Gold,2024-05-09
P02139,Farah Hakim,fprasetyo@example.com,+62-008-402-6850,Sawahlunto,Gold,2023-09-24
P02140,Maya Utama,argonowacana@example.org,+62-0647-997-0520,Singkawang,Gold,2023-12-14
P02141,Vanesa Permadi,qsimanjuntak@example.net,+62-28-747-0515,Payakumbuh,Platinum,2023-09-17
P02142,Drs. Ina Dabukke,puspitaolga@example.com,(065) 004-0242,Sorong,Platinum,2024-08-04
P02143,"drg. Yani Rahimah, M.Ak",saragihfarah@example.com,+62 (300) 657-8683,Sungai Penuh,Gold,2024-09-12
P02144,Azalea Mahendra,yhardiansyah@example.org,+62 (0044) 511 3925,Denpasar,Platinum,2023-06-06
P02145,"Jayadi Hartati, S.I.Kom",dartonohardiansyah@example.com,0873960846,Kota Administrasi Jakarta Timur,Basic,2024-03-04
P02146,Oskar Rahayu,vinsenramadan@example.net,081 186 0988,Padang,Gold,2024-02-07
P02147,Cahyono Simbolon,rjanuar@example.com,0856050172,Sawahlunto,Basic,2024-06-13
P02148,"drg. Ellis Tampubolon, S.Pt",devi67@example.net,+62-0537-228-1926,Banjarbaru,Basic,2023-08-21
P02149,Purwadi Mahendra,tantriuwais@example.org,+62 (059) 595-3910,Palangkaraya,Gold,2024-04-09
P02150,Cut Halima Wibisono,rudi38@example.com,+62 (034) 865 0049,Cilegon,Basic,2024-01-19
P02151,Calista Palastri,aderajasa@example.com,(0678) 618 2606,Bekasi,Platinum,2023-02-18
P02152,"Diana Nuraini, S.H.",oliva71@example.net,+62 (26) 169-0730,Subulussalam,Basic,2023-05-28
P02153,Labuh Kusumo,saefullahdwi@example.net,+62 (990) 078-1060,Banjarmasin,Basic,2024-03-20
P02154,"Kayla Mustofa, S.Kom",okto29@example.net,+62 (059) 191 3020,Tangerang Selatan,Basic,2023-01-09
P02155,Daliono Hakim,ihidayanto@example.net,+62-066-165-7689,Probolinggo,Basic,2024-11-03
P02156,Paulin Astuti,mulyono85@example.org,+62 (490) 958-7380,Tarakan,Basic,2024-09-12
P02157,Anggabaya Sitorus,taswirwasita@example.com,+62 (030) 085 8210,Pekanbaru,Gold,2024-07-13
P02158,"Surya Usamah, M.Kom.",gnarpati@example.net,+62 (82) 948-2703,Medan,Platinum,2023-08-03
P02159,Cakrawala Saputra,radikapangestu@example.org,+62-459-361-4358,Sibolga,Basic,2023-10-28
P02160,Ciaobella Nasyidah,kasiransusanti@example.org,0821334772,Sungai Penuh,Basic,2023-07-05
P02161,Putri Narpati,nyanaastuti@example.com,+62 (004) 347 2830,Bontang,Basic,2024-01-26
P02162,Cawisadi Halimah,oktohariyah@example.org,083 671 6789,Kotamobagu,Basic,2024-11-26
P02163,Raisa Hartati,ulva18@example.org,+62 (0373) 880 1433,Bekasi,Basic,2023-12-17
P02164,Dt. Galur Kuswoyo,xananasihombing@example.net,+62-035-932-1566,Binjai,Gold,2024-11-09
P02165,Heryanto Prakasa,laksmiwatibetania@example.com,+62 (0376) 902 3027,Tual,Basic,2023-11-24
P02166,Puti Lili Astuti,warji49@example.org,+62-986-264-2076,Dumai,Platinum,2023-08-08
P02167,Cakrawangsa Kusmawati,indra92@example.org,(0007) 658-6390,Padangpanjang,Basic,2023-04-27
P02168,Natalia Hutapea,cthamrin@example.com,+62 (66) 588-0139,Banjarmasin,Basic,2023-01-26
P02169,"Jaeman Situmorang, M.Farm",prayogoprayoga@example.net,+62 (006) 009 4390,Solok,Basic,2024-05-03
P02170,Puti Janet Yulianti,opranowo@example.com,+62 (0411) 729-0922,Payakumbuh,Basic,2024-04-14
P02171,Lalita Hardiansyah,kayla25@example.net,088 543 4772,Solok,Basic,2024-07-05
P02172,Wulan Lazuardi,vhardiansyah@example.com,+62-0546-133-0547,Blitar,Platinum,2023-11-10
P02173,KH. Gada Firgantoro,wastutijaga@example.com,0886694913,Tangerang,Gold,2024-03-23
P02174,"Dagel Irawan, S.Gz",leo81@example.com,+62 (040) 575-0147,Bima,Basic,2024-10-26
P02175,Jono Usada,prasetyamargana@example.com,+62 (942) 073 7327,Sibolga,Gold,2023-06-22
P02176,Hartana Situmorang,wmandasari@example.net,+62 (599) 424 6169,Surabaya,Basic,2023-03-06
P02177,Dr. Yuliana Usada,zsantoso@example.net,(061) 117-4463,Kota Administrasi Jakarta Barat,Basic,2024-03-01
P02178,"T. Kamidin Hidayanto, M.Ak",amelia26@example.org,+62-73-415-6037,Semarang,Basic,2023-11-30
P02179,Galiono Lailasari,safina15@example.org,+62 (052) 275-0633,Sungai Penuh,Gold,2023-04-30
P02180,Sabrina Jailani,margana11@example.org,(002) 970-5248,Pagaralam,Basic,2023-03-28
P02181,Padmi Pradipta,haryantolatika@example.org,+62-81-309-1714,Bandar Lampung,Gold,2024-05-31
P02182,Drs. Gadang Firgantoro,jessicadongoran@example.net,+62-485-246-6922,Tegal,Basic,2024-04-26
P02183,"Tgk. Candra Mandasari, S.Sos",kasimmangunsong@example.org,+62 (53) 771-8537,Prabumulih,Basic,2023-05-03
P02184,Nilam Wastuti,omar05@example.org,(0234) 559-7146,Pekanbaru,Platinum,2024-06-06
P02185,Rendy Prasasta,jarwadi48@example.org,+62-27-781-5057,Tomohon,Basic,2023-11-19
P02186,Harjo Halimah,okto69@example.com,+62-682-092-2877,Langsa,Basic,2023-09-29
P02187,Rangga Saptono,kamilarajasa@example.com,+62 (90) 888 3624,Pekalongan,Platinum,2023-12-26
P02188,Karimah Kuswoyo,pranatanatsir@example.com,+62 (0913) 455-2504,Kota Administrasi Jakarta Utara,Gold,2024-01-03
P02189,"Hj. Padmi Nugroho, S.Pt",lagustina@example.net,+62-02-978-4594,Palembang,Gold,2023-11-26
P02190,"Ir. Asirwanda Mandasari, S.Kom",zulkarnainkawaca@example.org,(000) 838-6221,Pasuruan,Basic,2024-03-21
P02191,Lidya Rahmawati,saefullahjulia@example.org,0815823459,Tomohon,Basic,2024-01-05
P02192,Jelita Hartati,charyanti@example.org,+62 (0556) 621 1928,Tasikmalaya,Platinum,2024-11-02
P02193,R.M. Liman Hariyah,cawisono10@example.org,+62 (037) 120-5104,Palangkaraya,Gold,2024-09-12
P02194,"Cut Hani Nasyiah, M.M.",prastutiadiarja@example.org,+62 (41) 654-1427,Purwokerto,Gold,2024-05-18
P02195,Drs. Ayu Wacana,ubudiman@example.com,+62 (084) 137-0109,Serang,Gold,2023-11-29
P02196,Ciaobella Wasita,safitriheryanto@example.org,+62 (12) 550-4147,Solok,Gold,2024-02-15
P02197,"Jaswadi Marpaung, M.Farm",jinawizulkarnain@example.com,0803151086,Palangkaraya,Gold,2024-06-26
P02198,"Ulya Hutasoit, S.T.",mahdi66@example.net,+62 (057) 798 6284,Yogyakarta,Basic,2023-03-14
P02199,Reza Firgantoro,maulanalukman@example.org,+62-36-760-5086,Mataram,Basic,2023-08-24
P02200,drg. Novi Mandasari,iswahyudijasmin@example.com,089 671 7759,Tual,Basic,2023-04-04
P02201,Ana Rahimah,jindra47@example.org,+62-305-574-4636,Kota Administrasi Jakarta Barat,Platinum,2024-05-13
P02202,Tgk. Siti Hakim,jefriwibowo@example.com,+62 (41) 542-9875,Kota Administrasi Jakarta Timur,Gold,2024-05-02
P02203,Martaka Hakim,amisafitri@example.com,+62 (226) 107-3514,Sungai Penuh,Gold,2023-06-27
P02204,drg. Hafshah Yolanda,purwantibanara@example.net,+62 (648) 897 7944,Tomohon,Gold,2023-06-25
P02205,"KH. Najib Budiman, M.M.",qori76@example.net,+62 (44) 341-4470,Solok,Gold,2024-03-19
P02206,Sadina Marbun,bala34@example.org,+62 (86) 170 5657,Bontang,Gold,2023-09-22
P02207,Sakura Pertiwi,oktavianijaya@example.com,+62-706-944-8585,Mataram,Basic,2023-04-30
P02208,Galar Salahudin,purwaprakasa@example.org,+62-60-868-2678,Bau-Bau,Gold,2024-02-07
P02209,dr. Aisyah Nasyiah,laksana06@example.com,+62-776-823-2199,Batam,Basic,2023-07-09
P02210,Mursinin Haryanti,mustikayulianti@example.com,+62 (712) 643-6155,Purwokerto,Gold,2024-03-15
P02211,Siti Mulyani,kenzie38@example.org,+62 (078) 911-6463,Pasuruan,Basic,2023-09-08
P02212,Wulan Suartini,halimemin@example.net,(0320) 773-0420,Jambi,Platinum,2024-10-02
P02213,Heru Haryanti,wasitajais@example.org,(0052) 281 6266,Lhokseumawe,Basic,2023-08-18
P02214,Dr. Lulut Jailani,lazuardikarimah@example.net,088 610 1894,Cilegon,Basic,2024-07-13
P02215,Alambana Simbolon,siregarlukman@example.net,+62 (033) 927 8990,Kota Administrasi Jakarta Utara,Basic,2023-05-15
P02216,"Jindra Usamah, S.IP",puji42@example.com,+62 (63) 638 2810,Binjai,Basic,2024-08-03
P02217,R. Ibrahim Purwanti,hardana12@example.org,0880663067,Bima,Gold,2024-02-04
P02218,Martaka Lazuardi,uwaluyo@example.com,+62 (994) 405-0531,Bau-Bau,Basic,2023-04-09
P02219,Marwata Mustofa,utaminovi@example.org,+62 (0945) 107-9582,Bogor,Basic,2024-02-07
P02220,Jessica Hardiansyah,belindanarpati@example.com,+62 (04) 717-2916,Lubuklinggau,Gold,2024-11-14
P02221,Puji Simbolon,drajat58@example.net,084 241 1307,Salatiga,Basic,2023-07-02
P02222,Sutan Lulut Hutasoit,mahmud61@example.com,+62 (072) 084-1827,Lubuklinggau,Basic,2023-10-10
P02223,"dr. Pangeran Firgantoro, S.T.",jayengwibowo@example.com,(0063) 167-7026,Balikpapan,Basic,2023-09-25
P02224,"Mumpuni Hidayat, S.Psi",dewisitorus@example.com,(0409) 916-4677,Semarang,Gold,2024-06-02
P02225,R.A. Ciaobella Mahendra,mahdi05@example.com,+62 (49) 737-5257,Jambi,Basic,2024-10-22
P02226,"Wardaya Hidayat, S.Sos",tarihoranvivi@example.net,+62 (058) 839-3570,Bukittinggi,Basic,2023-01-02
P02227,"R.M. Reksa Wibisono, M.Kom.",olestari@example.com,+62-348-032-7921,Palu,Basic,2024-11-24
P02228,"R. Harsaya Prayoga, S.H.",usamahdimas@example.com,088 136 8183,Kota Administrasi Jakarta Barat,Basic,2024-04-10
P02229,Ophelia Widodo,ganjaran41@example.net,+62-0323-438-0227,Palu,Platinum,2024-02-22
P02230,Ilyas Situmorang,laryani@example.com,+62-046-396-1541,Magelang,Basic,2024-07-07
P02231,"Kawaya Prakasa, S.Psi",nasyidahkawaya@example.com,(063) 372-0479,Pontianak,Gold,2023-02-11
P02232,"Victoria Suryatmi, S.H.",hartaka36@example.org,+62 (0607) 061-3371,Parepare,Basic,2024-11-09
P02233,Gasti Marbun,mandalanovi@example.org,+62 (604) 141-5084,Mojokerto,Gold,2023-06-08
P02234,Jamil Nainggolan,oharyanto@example.org,+62-0644-231-9344,Banda Aceh,Gold,2024-07-17
P02235,Maman Adriansyah,vmayasari@example.net,+62-0450-989-7849,Surabaya,Gold,2024-08-16
P02236,Sutan Marsito Manullang,mahmud90@example.com,+62 (0777) 871 5297,Subulussalam,Basic,2023-03-13
P02237,Luhung Wulandari,candrakanta38@example.net,(0917) 646 0431,Kota Administrasi Jakarta Barat,Gold,2023-02-01
P02238,Prasetyo Nasyiah,handayanijelita@example.com,+62 (018) 986-1386,Bukittinggi,Gold,2023-07-09
P02239,Tgk. Respati Rahmawati,warsasuryatmi@example.com,(037) 868 6505,Purwokerto,Basic,2024-06-29
P02240,Hj. Tania Laksmiwati,wastutiwaluyo@example.net,+62-0105-386-9122,Palu,Basic,2023-11-08
P02241,Zelaya Sitompul,olga49@example.org,+62-720-344-8289,Probolinggo,Gold,2024-04-08
P02242,"Cut Malika Nashiruddin, S.I.Kom",maimunahpudjiastuti@example.com,0865238390,Kediri,Gold,2023-06-27
P02243,Emil Prastuti,kutama@example.org,+62 (065) 091-2200,Palopo,Gold,2023-07-23
P02244,Ellis Permadi,gadanamaga@example.org,(0869) 168-0687,Bogor,Basic,2023-12-04
P02245,T. Malik Safitri,hpertiwi@example.com,(095) 682 2948,Kota Administrasi Jakarta Selatan,Basic,2024-09-30
P02246,"Cengkal Pudjiastuti, S.Ked",kadirpratiwi@example.net,+62-0266-148-0546,Surakarta,Basic,2024-01-11
P02247,"Hj. Siti Tamba, S.Ked",hendri57@example.org,(079) 321-8207,Magelang,Gold,2023-06-05
P02248,Yahya Suartini,indralaksita@example.net,(0908) 419 4352,Jayapura,Platinum,2023-10-03
P02249,Restu Simanjuntak,reksamandala@example.org,+62-024-590-6545,Tangerang Selatan,Basic,2023-06-15
P02250,"R. Bakianto Waluyo, S.Kom",gada84@example.net,(0880) 910-3783,Langsa,Basic,2023-02-20
P02251,Darman Riyanti,xlazuardi@example.org,+62 (082) 599 0896,Mataram,Basic,2024-10-08
P02252,Emong Usada,wasitaharto@example.net,+62-0859-762-3190,Kota Administrasi Jakarta Timur,Basic,2023-07-31
P02253,Drs. Pangeran Anggraini,kalagunarto@example.org,+62 (0568) 510-0864,Pagaralam,Gold,2023-02-24
P02254,Kalim Simanjuntak,aryaniartanto@example.net,+62 (783) 044 0540,Dumai,Platinum,2024-06-28
P02255,Ira Halimah,habibibella@example.net,+62 (08) 497 5483,Bekasi,Gold,2023-10-23
P02256,Hardi Budiman,adikara08@example.com,+62 (957) 173-9177,Jambi,Gold,2023-02-07
P02257,Mumpuni Handayani,karman99@example.org,+62-036-210-4197,Malang,Basic,2023-04-07
P02258,Prabu Hastuti,latuponojarwa@example.org,+62 (385) 033-2422,Banjar,Gold,2024-09-07
P02259,"Cut Titin Hutapea, M.M.",jsusanti@example.org,(014) 678 5414,Palembang,Basic,2024-02-02
P02260,"Sutan Jumari Sitompul, S.E.I",maheswarateddy@example.net,0895740059,Gorontalo,Basic,2024-10-23
P02261,Zahra Kuswoyo,pranata84@example.com,(0010) 051-8592,Cirebon,Basic,2024-11-30
P02262,Dacin Nashiruddin,agussitompul@example.net,+62-43-052-3839,Sawahlunto,Gold,2023-01-08
P02263,Damu Pratiwi,bagyakusmawati@example.com,+62 (083) 544 7879,Tebingtinggi,Platinum,2023-03-07
P02264,"Cut Ina Thamrin, M.M.",cfarida@example.com,+62 (004) 710 8040,Purwokerto,Basic,2024-01-25
P02265,Betania Siregar,rizki75@example.com,+62 (0545) 319 8242,Metro,Basic,2024-04-24
P02266,Lulut Maheswara,kusumomaryadi@example.net,+62 (009) 023 3687,Kota Administrasi Jakarta Pusat,Basic,2023-05-09
P02267,Lukita Agustina,pratamaedward@example.com,(0829) 172-2585,Manado,Basic,2023-02-22
P02268,Karman Siregar,jhidayanto@example.com,+62 (0889) 699 1077,Bekasi,Gold,2023-03-15
P02269,Ana Saragih,karen48@example.com,(0550) 376-3969,Tegal,Basic,2023-04-13
P02270,Humaira Hutagalung,salmannatsir@example.org,0826445137,Purwokerto,Basic,2024-11-30
P02271,dr. Manah Sihotang,gunawanwasis@example.org,(062) 468 5926,Sibolga,Basic,2024-01-13
P02272,Dr. Diah Saefullah,mala48@example.net,084 547 1160,Payakumbuh,Basic,2023-06-02
P02273,Hj. Nurul Ardianto,saputrarendy@example.org,+62 (70) 589-4268,Sorong,Gold,2024-04-11
P02274,Kayla Palastri,dewi19@example.com,089 293 0869,Tebingtinggi,Gold,2023-04-20
P02275,Febi Susanti,habibibakidin@example.com,+62 (140) 863-4775,Ternate,Gold,2023-11-01
P02276,Rahmi Kuswandari,ade03@example.com,+62 (076) 080 6904,Bukittinggi,Basic,2023-01-03
P02277,Dt. Latif Adriansyah,natsirpuji@example.net,+62 (85) 565-4823,Pekalongan,Gold,2024-03-08
P02278,Padma Natsir,cirawan@example.com,+62-0476-238-1785,Palembang,Basic,2024-04-24
P02279,R. Lasmanto Adriansyah,jasminsimbolon@example.org,+62 (13) 305-8595,Denpasar,Basic,2024-05-21
P02280,Galiono Mandala,jefrikusumo@example.net,+62 (022) 187-2116,Magelang,Gold,2023-07-10
P02281,Embuh Pudjiastuti,ihsan39@example.org,+62 (0775) 549-2158,Binjai,Basic,2023-01-17
P02282,"Violet Waluyo, S.IP",yusufwijayanti@example.com,080 994 5936,Manado,Basic,2023-09-03
P02283,Labuh Hariyah,digdayasamosir@example.com,+62 (045) 236 2842,Tarakan,Gold,2023-09-18
P02284,"Diah Firmansyah, S.Ked",vinsensusanti@example.net,082 441 4059,Bontang,Basic,2024-01-30
P02285,Ilsa Permadi,caraka91@example.net,+62 (385) 025-0238,Bengkulu,Gold,2024-06-02
P02286,"Anggabaya Firmansyah, M.Kom.",firmansyahyono@example.net,+62 (0120) 581 5740,Meulaboh,Basic,2024-10-08
P02287,"dr. Ilsa Pudjiastuti, S.IP",nsimbolon@example.net,+62-021-972-0388,Bekasi,Basic,2024-06-01
P02288,Zahra Suartini,cengkal92@example.net,+62 (477) 443 8812,Serang,Basic,2023-11-05
P02289,"Dr. Umi Maryati, S.T.",sarah75@example.net,+62 (0399) 527-1881,Subulussalam,Platinum,2024-11-15
P02290,"Zelda Saputra, S.Farm",siregarirnanto@example.com,(039) 511 7541,Jayapura,Basic,2024-05-01
P02291,Wardaya Mustofa,adikapangestu@example.com,+62 (0429) 195-2001,Banda Aceh,Basic,2024-10-18
P02292,Bahuwarna Pratama,xtampubolon@example.net,+62 (142) 275 0085,Surakarta,Basic,2024-10-05
P02293,Mumpuni Wijaya,lukitautami@example.org,089 207 6586,Palu,Basic,2023-04-02
P02294,Puti Febi Rahmawati,riyantighani@example.org,+62-42-659-6918,Yogyakarta,Platinum,2023-03-22
P02295,Rahmi Permata,khutasoit@example.net,+62 (020) 528-7224,Palembang,Basic,2023-07-28
P02296,"Kardi Wibisono, S.Sos",restuuwais@example.net,0818989085,Banjarbaru,Basic,2023-05-23
P02297,Qori Wasita,maryadimustika@example.org,+62 (350) 529 5557,Bandung,Gold,2024-11-05
P02298,Puput Halim,galangtarihoran@example.org,+62 (040) 202-7037,Pekalongan,Platinum,2024-01-22
P02299,dr. Gilda Latupono,baktionomaheswara@example.net,(0766) 381-5859,Kupang,Gold,2023-12-26
P02300,"Marsudi Mansur, M.Kom.",estiawan06@example.net,+62-0046-983-3142,Kota Administrasi Jakarta Selatan,Platinum,2024-07-05
P02301,Lala Tamba,sinagasiti@example.com,+62-856-044-8638,Banjarmasin,Gold,2023-04-05
P02302,Eva Haryanti,drajatbudiyanto@example.com,+62 (046) 055-5051,Gorontalo,Gold,2024-03-26
P02303,Among Hutagalung,salmanhidayanto@example.com,+62 (415) 495-1269,Palembang,Platinum,2024-05-22
P02304,Natalia Waskita,halimgalar@example.net,+62 (38) 109-8869,Kota Administrasi Jakarta Utara,Basic,2023-04-01
P02305,"Samsul Gunarto, M.TI.",opung99@example.com,080 517 9879,Balikpapan,Gold,2024-05-17
P02306,Raina Habibi,aswani69@example.org,(077) 872-9445,Kota Administrasi Jakarta Timur,Gold,2023-06-16
P02307,Ulva Kurniawan,yolandaihsan@example.net,+62 (0151) 588-7850,Pekalongan,Basic,2023-04-18
P02308,"Tgk. Vega Maryati, S.Psi",verapuspita@example.net,(028) 514 5067,Sabang,Basic,2024-07-05
P02309,Endah Purnawati,maulanadarmanto@example.net,(0884) 816 9526,Pontianak,Basic,2023-03-16
P02310,Jamal Megantara,saadatwastuti@example.net,(079) 706-7525,Tidore Kepulauan,Gold,2023-01-09
P02311,R. Eka Padmasari,marpaungjatmiko@example.net,+62 (236) 207-1353,Bitung,Basic,2024-11-01
P02312,Candra Lailasari,vwidodo@example.net,+62 (022) 256 5017,Ambon,Basic,2023-10-05
P02313,Dr. Kamal Sitompul,yolandawarta@example.net,+62 (008) 912 0323,Sibolga,Gold,2024-08-04
P02314,"Dt. Kenzie Nababan, S.I.Kom",ynuraini@example.org,(0061) 190 6922,Tanjungpinang,Gold,2024-06-09
P02315,Irma Sudiati,ladriansyah@example.com,+62-0350-617-8278,Batam,Gold,2023-08-22
P02316,Violet Novitasari,prasetya99@example.net,+62 (0649) 436-4478,Solok,Gold,2024-08-07
P02317,R. Emas Prakasa,xgunawan@example.net,+62-041-986-9270,Langsa,Basic,2023-05-07
P02318,Drs. Radit Sihombing,xwahyuni@example.com,+62 (028) 781 8745,Cimahi,Platinum,2024-06-29
P02319,Raden Pratama,salahudinviman@example.net,+62 (80) 911-5082,Palembang,Gold,2024-03-29
P02320,"Ajeng Susanti, S.Kom",mwaskita@example.org,0840902002,Magelang,Basic,2024-05-05
P02321,"Budi Saputra, M.Farm",janet94@example.org,+62 (686) 460-4148,Medan,Basic,2023-12-11
P02322,"Puti Kamaria Prasetyo, S.Ked",jail79@example.net,+62-0034-556-3740,Kota Administrasi Jakarta Barat,Basic,2024-08-19
P02323,Anastasia Nurdiyanti,halimahharimurti@example.org,+62 (59) 552 5759,Ambon,Basic,2024-03-20
P02324,Vinsen Uyainah,slazuardi@example.org,(034) 324 3477,Pekalongan,Basic,2024-03-22
P02325,Septi Maryati,waluyoeli@example.org,(0845) 137-9203,Bekasi,Basic,2024-02-17
P02326,Ir. Ganda Handayani,waskitaraina@example.com,+62 (001) 171 5826,Bengkulu,Basic,2024-07-11
P02327,Galur Prakasa,warsawulandari@example.net,+62 (056) 247-2877,Makassar,Basic,2024-08-17
P02328,Ganda Suartini,thamrinbalapati@example.net,+62 (064) 693-5946,Batam,Platinum,2024-06-29
P02329,Galur Mangunsong,jrahmawati@example.net,+62 (78) 176-3704,Bandar Lampung,Basic,2023-03-02
P02330,Cahyadi Hariyah,maya36@example.net,+62 (04) 957-2881,Kota Administrasi Jakarta Pusat,Basic,2023-05-31
P02331,Dimas Maryadi,aisyahwinarsih@example.org,+62-209-770-4174,Kota Administrasi Jakarta Utara,Basic,2023-02-11
P02332,Yessi Puspasari,latif07@example.com,+62 (0107) 855-0982,Padang Sidempuan,Gold,2024-04-23
P02333,H. Tedi Pratiwi,zprakasa@example.com,083 033 5913,Banda Aceh,Basic,2023-07-04
P02334,Puti Salsabila Suwarno,diansihotang@example.com,+62 (384) 703-6975,Tebingtinggi,Platinum,2023-05-13
P02335,Baktianto Tamba,rajatacakrawangsa@example.org,0841577517,Tebingtinggi,Gold,2024-03-07
P02336,"drg. Salwa Maryadi, S.Pd",usadavanya@example.com,+62-0664-803-8942,Bontang,Gold,2024-06-12
P02337,Dr. Lintang Sihotang,hpadmasari@example.com,+62-0927-286-2572,Pagaralam,Gold,2023-03-12
P02338,"Dr. Gaman Mangunsong, M.Ak",tkuswoyo@example.net,+62 (0212) 303 0621,Pontianak,Basic,2023-09-01
P02339,Dr. Lili Wahyuni,eardianto@example.net,+62 (089) 933 2053,Prabumulih,Gold,2023-08-30
P02340,Rafi Pratama,vhutapea@example.com,+62 (11) 964-8890,Kendari,Gold,2024-10-20
P02341,drg. Emin Padmasari,ihasanah@example.net,+62 (30) 924-2330,Pematangsiantar,Basic,2023-03-04
P02342,KH. Cemeti Tarihoran,galihmansur@example.com,089 540 0880,Tanjungpinang,Basic,2023-04-16
P02343,Dt. Kuncara Wahyudin,prabapermadi@example.com,+62-094-711-9896,Probolinggo,Gold,2024-01-10
P02344,"Tgk. Ganjaran Mahendra, S.IP",firgantorodarman@example.net,(0070) 095-3704,Tanjungbalai,Gold,2024-01-05
P02345,"Galih Winarsih, S.I.Kom",auyainah@example.net,+62-041-589-9977,Sibolga,Basic,2023-01-29
P02346,"Nardi Laksmiwati, S.E.I",otamba@example.com,(092) 820 7523,Bau-Bau,Platinum,2023-05-28
P02347,Rusman Zulkarnain,prayogadimaz@example.net,+62-092-060-9288,Bukittinggi,Basic,2024-02-11
P02348,Ulya Hariyah,narji81@example.net,087 995 7095,Prabumulih,Basic,2023-06-12
P02349,Dariati Lestari,fharyanto@example.org,+62 (048) 825-2498,Pematangsiantar,Gold,2023-05-16
P02350,Raditya Mangunsong,harjasanashiruddin@example.com,+62 (0418) 845 7813,Batam,Basic,2024-05-19
P02351,Aditya Fujiati,wakiman08@example.com,+62 (025) 113 0790,Kota Administrasi Jakarta Utara,Gold,2023-10-21
P02352,Dacin Mansur,daruna60@example.net,+62-87-184-1539,Salatiga,Platinum,2023-02-09
P02353,KH. Paiman Mandala,jprastuti@example.net,(076) 318-2535,Lhokseumawe,Basic,2024-02-22
P02354,"R.A. Wulan Widodo, S.Farm",rudiuyainah@example.org,+62 (895) 218 7018,Pagaralam,Basic,2023-07-11
P02355,Dacin Utami,rikajanuar@example.org,0894377652,Semarang,Basic,2024-02-14
P02356,Daruna Wijayanti,megantarajoko@example.net,(047) 527-4249,Lhokseumawe,Basic,2023-12-04
P02357,Jaya Pangestu,vramadan@example.net,(019) 026 2669,Dumai,Basic,2024-03-27
P02358,dr. Hardi Suartini,imam19@example.com,(027) 647-8042,Pariaman,Platinum,2024-01-27
P02359,"Titin Kurniawan, S.E.",najam76@example.net,082 786 9999,Makassar,Basic,2024-01-10
P02360,Hj. Ciaobella Hariyah,padmasarinabila@example.com,(083) 809 0704,Pasuruan,Basic,2023-12-12
P02361,Drs. Elvina Habibi,halimpradipta@example.org,+62 (013) 528-6821,Jayapura,Basic,2023-12-18
P02362,Uda Namaga,oktavianilintang@example.com,+62 (95) 201-7314,Palangkaraya,Basic,2024-05-31
P02363,Sabrina Mulyani,puti32@example.net,+62 (067) 415-9440,Meulaboh,Gold,2023-03-14
P02364,Puput Narpati,wasis84@example.org,+62-044-855-6383,Tidore Kepulauan,Basic,2024-01-25
P02365,Bakianto Ardianto,,(0802) 551 7112,Depok,Gold,2023-06-03
P02366,Prasetya Oktaviani,mutiasiregar@example.net,(002) 948 1433,Banjarmasin,Gold,2024-03-22
P02367,Irsad Wibowo,twijaya@example.com,+62-652-345-2195,Tanjungbalai,Gold,2023-10-17
P02368,drg. Endra Kuswoyo,tri15@example.org,+62 (25) 198-3025,Serang,Platinum,2023-10-09
P02369,H. Wakiman Budiyanto,lbudiyanto@example.org,+62 (092) 534-1024,Jambi,Basic,2023-11-27
P02370,"Tgk. Gamani Firmansyah, S.Gz",kemal66@example.org,+62 (0979) 881 8444,Pariaman,Basic,2024-03-24
P02371,T. Rahmat Wulandari,vivimulyani@example.net,086 968 0383,Kupang,Basic,2024-08-23
P02372,Harsanto Zulkarnain,vino05@example.net,(000) 651-4879,Yogyakarta,Basic,2024-09-17
P02373,"Drs. Kamidin Tampubolon, S.IP",rahmiyuliarti@example.net,+62 (824) 373-1692,Batam,Basic,2024-01-25
P02374,"Nilam Santoso, M.TI.",setiawanvera@example.org,+62 (98) 891-7128,Mataram,Basic,2024-09-20
P02375,"Ozy Winarsih, S.E.I",zrahimah@example.org,+62 (0673) 947 8645,Magelang,Platinum,2024-05-30
P02376,Mala Nasyidah,martanihidayat@example.net,0824784914,Palopo,Gold,2023-03-23
P02377,Harsana Mulyani,hasanahtitin@example.com,(0449) 198-8664,Mataram,Basic,2024-04-04
P02378,Indah Prayoga,rahayunugraha@example.com,+62 (696) 144 7126,Payakumbuh,Basic,2023-03-19
P02379,"Malika Irawan, S.T.",ssaptono@example.net,(0130) 046 8127,Padang Sidempuan,Basic,2023-03-17
P02380,Usyi Saptono,wadi50@example.com,+62 (076) 491-8992,Langsa,Platinum,2024-04-04
P02381,"Radit Situmorang, S.T.",jokohandayani@example.net,+62-87-448-3695,Surabaya,Platinum,2023-12-20
P02382,KH. Harsaya Uyainah,farahsihombing@example.com,+62 (244) 278-7917,Kota Administrasi Jakarta Pusat,Basic,2024-06-09
P02383,Rika Haryanto,salahudincahyo@example.net,+62-058-021-6782,Prabumulih,Basic,2023-03-13
P02384,Calista Hartati,pranowoliman@example.com,+62-0009-116-3883,Kota Administrasi Jakarta Barat,Basic,2024-09-15
P02385,Hari Maryadi,nasimriyanti@example.org,(046) 158-4586,Sukabumi,Gold,2023-01-19
P02386,Fathonah Prayoga,asirwanda71@example.net,(0786) 824-1996,Padang Sidempuan,Basic,2023-07-16
P02387,Siti Hidayanto,kemba27@example.org,+62 (010) 250 5192,Tidore Kepulauan,Gold,2023-02-03
P02388,"Tgk. Mahesa Simanjuntak, S.Farm",mitra19@example.com,081 866 6491,Denpasar,Gold,2023-10-28
P02389,"Galuh Handayani, M.Farm",eluh44@example.org,+62 (0829) 166 7109,Pasuruan,Basic,2024-05-18
P02390,Cengkir Gunawan,rahmawatibalapati@example.net,(0271) 163-5997,Kota Administrasi Jakarta Timur,Platinum,2023-07-26
P02391,Humaira Dongoran,hadipadmasari@example.org,+62 (321) 978 7476,Bitung,Basic,2024-10-29
P02392,dr. Zulfa Maryadi,zhabibi@example.net,+62 (084) 183-8482,Tasikmalaya,Basic,2023-09-27
P02393,Prayitna Situmorang,adikarawastuti@example.com,+62 (77) 012 7667,Batu,Gold,2024-02-03
P02394,drg. Humaira Mandala,hutasoitestiono@example.com,0863039910,Padang Sidempuan,Basic,2023-11-02
P02395,R. Manah Waskita,qpertiwi@example.com,+62 (0650) 473-4007,Cirebon,Basic,2023-04-10
P02396,Genta Kurniawan,sitompulhasta@example.net,+62 (009) 379 0976,Kota Administrasi Jakarta Selatan,Platinum,2023-05-20
P02397,R. Ihsan Saptono,drajatpadmasari@example.org,+62-0937-379-7115,Banjar,Gold,2023-05-13
P02398,"Balangga Pangestu, S.Psi",friyanti@example.net,+62 (092) 925-6501,Palopo,Basic,2023-03-09
P02399,Tgk. Surya Pranowo,azaleasafitri@example.org,+62-32-055-8683,Tarakan,Basic,2023-05-11
P02400,"Tgk. Warsa Rahimah, S.Psi",darsirahsamosir@example.com,+62 (0429) 005 6699,Probolinggo,Basic,2023-11-03
P02401,"Ir. Purwadi Prabowo, S.Psi",padmisitompul@example.org,+62 (096) 558-4458,Ambon,Basic,2023-10-22
P02402,Vega Narpati,purwadiriyanti@example.net,+62 (014) 473 2795,Tangerang,Gold,2024-02-20
P02403,Wardaya Simanjuntak,novi57@example.com,+62 (0312) 991-3938,Batam,Gold,2023-08-29
P02404,Eman Pangestu,putitarihoran@example.net,+62 (396) 829 1984,Medan,Basic,2023-03-01
P02405,Violet Kuswandari,gaiman84@example.org,+62-0816-958-0901,Bontang,Basic,2023-10-03
P02406,Safina Nasyiah,sihotangyahya@example.com,(016) 834-4415,Madiun,Basic,2023-09-03
P02407,Maman Hutasoit,hakimpaiman@example.org,+62-428-303-5171,Pontianak,Basic,2023-07-24
P02408,Ridwan Sitompul,opranowo@example.org,+62-572-174-4190,Serang,Basic,2023-05-20
P02409,"Pia Wahyuni, S.T.",zmaryadi@example.org,+62 (506) 046 1623,Salatiga,Gold,2023-09-06
P02410,Nabila Habibi,hana13@example.org,+62-0770-167-6216,Malang,Basic,2024-05-08
P02411,Anastasia Santoso,hassanahdarmana@example.org,+62 (0010) 106-8471,Jayapura,Gold,2023-05-18
P02412,"Tgk. Ivan Aryani, S.Psi",nugrohohasna@example.org,+62 (0004) 460-9439,Banjar,Basic,2023-06-29
P02413,Uchita Oktaviani,bambangoktaviani@example.net,(0619) 504-7318,Banda Aceh,Gold,2023-03-04
P02414,Zulfa Natsir,adriansyahagnes@example.net,+62 (038) 460-9701,Singkawang,Gold,2023-11-07
P02415,drg. Hendra Ramadan,yuliantipatricia@example.org,+62-0497-138-9391,Bekasi,Gold,2023-05-14
P02416,Artawan Situmorang,hariyahharja@example.org,+62 (234) 614 5182,Jambi,Gold,2024-01-29
P02417,Puti Usyi Winarsih,kdabukke@example.org,+62-0607-436-2716,Samarinda,Basic,2023-05-01
P02418,H. Respati Uwais,latuponoumar@example.org,+62 (056) 931-3528,Kota Administrasi Jakarta Pusat,Platinum,2023-03-25
P02419,Dariati Purwanti,gnababan@example.org,+62-014-918-0823,Bengkulu,Basic,2024-04-21
P02420,"R. Adikara Hartati, M.Pd",kanggriawan@example.org,+62 (058) 582 9809,Batam,Basic,2024-09-06
P02421,Dt. Slamet Susanti,sihombingemin@example.com,085 323 0475,Bandar Lampung,Basic,2023-04-18
P02422,Farhunnisa Haryanti,gatot53@example.com,+62-525-362-4261,Kendari,Gold,2023-12-11
P02423,Gina Saragih,bagyamarbun@example.org,+62 (327) 183-5614,Bima,Basic,2024-03-04
P02424,Siti Santoso,kjailani@example.com,+62 (40) 348 2248,Depok,Gold,2024-01-11
P02425,"Ir. Ihsan Wulandari, M.M.",prayogajaeman@example.org,+62 (043) 817 2957,Balikpapan,Gold,2024-07-06
P02426,Pardi Gunarto,garang23@example.net,+62-0317-971-6315,Sabang,Basic,2023-01-27
P02427,"Baktiono Andriani, S.H.",restuhariyah@example.org,(028) 888-7525,Balikpapan,Gold,2024-12-01
P02428,Pranawa Manullang,lhariyah@example.org,(0450) 650-0862,Parepare,Gold,2024-09-11
P02429,Aswani Habibi,ppuspasari@example.com,083 524 9821,Ambon,Basic,2023-07-12
P02430,"Jessica Pudjiastuti, S.Sos",kasim85@example.net,+62 (0136) 309 0333,Tebingtinggi,Gold,2024-07-05
P02431,"Vivi Halim, S.Pd",rafid85@example.org,(002) 753-6259,Cilegon,Basic,2023-02-23
P02432,Agus Dongoran,mutama@example.com,+62-29-719-2837,Pekanbaru,Platinum,2023-08-19
P02433,Harsana Lailasari,vanesa46@example.org,0806266438,Padangpanjang,Gold,2023-05-02
P02434,"Zelda Habibi, S.E.",nsirait@example.com,+62 (0502) 479 6928,Banjarbaru,Gold,2023-04-11
P02435,Cut Vicky Haryanti,ulyasalahudin@example.com,(053) 917-3256,Kotamobagu,Gold,2024-06-03
P02436,Jayeng Andriani,karsana09@example.org,+62 (093) 805 7558,Tanjungpinang,Basic,2024-03-27
P02437,"Jarwi Budiyanto, S.E.I",carla43@example.com,+62 (403) 166 8249,Singkawang,Gold,2023-02-12
P02438,Vivi Halim,ani48@example.org,+62-0095-451-5034,Binjai,Platinum,2024-02-29
P02439,Sutan Hasan Hasanah,karsana06@example.org,+62-69-940-1946,Sungai Penuh,Gold,2023-04-16
P02440,Dr. Luthfi Simanjuntak,xardianto@example.net,(076) 063 4076,Palembang,Basic,2024-02-27
P02441,Eman Utama,fitrianilailasari@example.net,+62-564-592-2264,Bogor,Basic,2023-02-14
P02442,Dwi Sudiati,marpaungcarub@example.net,0820744726,Meulaboh,Gold,2024-06-13
P02443,Zulfa Setiawan,iwijayanti@example.org,0871820747,Kupang,Basic,2023-01-16
P02444,Yuni Usada,jnovitasari@example.net,+62 (022) 652 2119,Malang,Gold,2024-01-29
P02445,Lembah Putra,megantarakajen@example.org,(027) 876-1779,Pasuruan,Gold,2023-11-24
P02446,"Devi Wulandari, S.Kom",darmana68@example.net,+62 (002) 310 3894,Balikpapan,Basic,2023-09-26
P02447,Yulia Wastuti,yuliartidarmanto@example.org,+62 (81) 211-5928,Gorontalo,Gold,2023-04-27
P02448,"Dt. Daru Pertiwi, M.M.",siregardarsirah@example.org,(061) 178 0363,Malang,Basic,2023-10-02
P02449,Rafi Laksita,danu79@example.com,+62-58-551-6628,Padang,Basic,2024-10-30
P02450,"Tgk. Juli Manullang, M.Ak",jjanuar@example.org,(0163) 669 0669,Medan,Basic,2023-05-02
P02451,Shania Prasasta,dono26@example.org,+62-88-770-8275,Manado,Basic,2023-08-28
P02452,Gina Nuraini,laksmiwatisiti@example.org,+62 (046) 585 0651,Bitung,Basic,2024-01-16
P02453,H. Nasim Hardiansyah,mulya94@example.com,+62 (0903) 214 5180,Palembang,Basic,2024-04-03
P02454,R. Vanesa Tampubolon,wirda40@example.com,(0293) 305 9983,Pasuruan,Gold,2024-07-12
P02455,"dr. Kartika Januar, S.Gz",bagya14@example.net,0859951570,Banjarbaru,Basic,2024-07-30
P02456,T. Jono Puspita,solehsuryono@example.com,+62 (0615) 582-8534,Bengkulu,Basic,2023-08-18
P02457,Tgk. Vega Firmansyah,,+62-63-139-2420,Blitar,Basic,2023-10-27
P02458,Novi Pradana,drajat46@example.com,+62 (63) 365-4622,Bengkulu,Basic,2023-06-01
P02459,Jaeman Safitri,taliadongoran@example.com,+62 (924) 167-2207,Subulussalam,Gold,2023-06-27
P02460,dr. Laswi Ramadan,lbudiyanto@example.net,+62 (375) 395-0577,Banjarmasin,Gold,2023-10-24
P02461,Drs. Sakti Simbolon,gawati61@example.org,+62-0061-140-8083,Salatiga,Basic,2023-04-20
P02462,Puti Chelsea Winarsih,abyasa91@example.net,+62 (0310) 706-3017,Kota Administrasi Jakarta Selatan,Basic,2023-07-03
P02463,"Dimas Lailasari, S.Farm",utamaivan@example.org,+62 (0155) 469-4010,Tangerang,Platinum,2023-11-27
P02464,Dr. Endra Pradana,prabawa48@example.org,0898745726,Parepare,Basic,2024-04-26
P02465,Restu Mandala,usamahmuhammad@example.org,+62 (422) 637 1554,Tanjungpinang,Basic,2023-05-11
P02466,"Narji Haryanto, S.H.",jagalailasari@example.net,(0668) 506-2677,Sibolga,Platinum,2024-09-25
P02467,R.M. Paiman Santoso,prabaprayoga@example.com,087 071 9801,Langsa,Gold,2023-07-01
P02468,"Puti Sadina Halimah, S.Ked",tpertiwi@example.com,+62-20-901-5038,Kota Administrasi Jakarta Barat,Basic,2023-03-22
P02469,T. Muni Palastri,narji25@example.net,+62 (663) 869-5231,Pekanbaru,Basic,2023-02-16
P02470,Nugraha Jailani,elihassanah@example.com,(0070) 136 9295,Bogor,Gold,2024-03-25
P02471,R. Puti Gunarto,hhutapea@example.org,+62 (0734) 978 4751,Bontang,Gold,2023-06-17
P02472,Lidya Putra,mayasarikajen@example.org,(0332) 528-0590,Dumai,Gold,2023-08-06
P02473,"R. Dewi Kuswoyo, S.IP",yhakim@example.com,+62 (0474) 597 6545,Pangkalpinang,Basic,2023-10-28
P02474,"Dt. Prayoga Pranowo, S.I.Kom",usadaedi@example.net,+62 (0295) 040 3126,Payakumbuh,Basic,2023-09-21
P02475,Tgk. Galak Mahendra,mangunsongluluh@example.com,(0471) 506-4268,Padang,Basic,2024-05-09
P02476,R. Silvia Farida,faridacager@example.net,087 633 9960,Padangpanjang,Basic,2024-01-06
P02477,Tomi Prayoga,jamil91@example.net,0874872111,Sawahlunto,Basic,2024-07-06
P02478,drg. Wira Lazuardi,bajragin60@example.org,+62 (008) 640 9362,Ambon,Basic,2024-08-24
P02479,Asmianto Siregar,halima18@example.net,(0115) 676-5565,Tangerang,Basic,2023-11-08
P02480,"Narji Santoso, S.Sos",wrahmawati@example.net,(0981) 980-8384,Magelang,Basic,2024-06-10
P02481,"Tgk. Kamaria Narpati, S.Kom",sadinanurdiyanti@example.net,(0574) 236 2740,Sungai Penuh,Gold,2023-03-05
P02482,"Maya Maryadi, S.T.",rachel66@example.org,0807378699,Bukittinggi,Gold,2023-09-23
P02483,Wisnu Winarno,makutamanullang@example.org,+62 (044) 150-9998,Bitung,Gold,2023-02-09
P02484,"Ir. Halima Safitri, S.E.I",upermata@example.net,(073) 041 3372,Subulussalam,Basic,2023-07-10
P02485,Ophelia Mahendra,puti55@example.com,+62 (359) 174-1956,Bogor,Platinum,2023-06-30
P02486,"drg. Anastasia Haryanto, M.Kom.",kayunmegantara@example.com,+62 (0173) 769-8698,Depok,Basic,2024-09-13
P02487,"R.M. Prakosa Irawan, M.Kom.",hidayatmaryanto@example.org,+62 (241) 546 4769,Kota Administrasi Jakarta Selatan,Gold,2023-08-25
P02488,"KH. Hasim Ardianto, S.Farm",wnababan@example.net,+62 (77) 999-4559,Tarakan,Gold,2023-07-08
P02489,Prayitna Iswahyudi,ismail66@example.org,(0350) 157 2264,Meulaboh,Basic,2024-09-12
P02490,Hani Simbolon,gildadamanik@example.net,(0416) 335-1000,Tidore Kepulauan,Basic,2024-07-19
P02491,Dinda Suryono,nadia31@example.org,+62 (047) 276-0831,Kotamobagu,Basic,2023-08-03
P02492,Wira Salahudin,waskitarama@example.net,+62 (57) 336-4503,Banjar,Platinum,2024-01-30
P02493,Okta Saragih,sitorusgandewa@example.net,+62 (99) 056 0729,Pariaman,Platinum,2024-09-07
P02494,"Syahrini Melani, S.Gz",agunawan@example.net,+62 (0548) 075-8142,Bengkulu,Basic,2024-05-04
P02495,Oni Hassanah,aris02@example.com,+62 (093) 544 6899,Parepare,Basic,2024-03-16
P02496,Ir. Ghaliyati Usamah,daruna71@example.org,+62-02-917-6163,Kendari,Platinum,2024-09-01
P02497,Kenari Wastuti,bnuraini@example.net,+62 (099) 074 8998,Serang,Gold,2024-04-25
P02498,Jasmin Widiastuti,spratama@example.org,+62-066-747-6469,Bandar Lampung,Gold,2024-07-26
P02499,Umaya Andriani,cahya09@example.net,+62 (010) 924-7731,Bandung,Basic,2023-01-09
P02500,Winda Siregar,asusanti@example.net,+62 (070) 691 0989,Kota Administrasi Jakarta Timur,Gold,2024-10-09
P02501,Wasis Nasyiah,zaenab69@example.net,+62 (012) 749-5882,Yogyakarta,Basic,2023-05-20
P02502,"R.A. Salsabila Hasanah, S.Ked",hendri86@example.org,+62-82-007-1114,Serang,Gold,2023-01-09
P02503,Artanto Hutapea,jagasudiati@example.org,+62 (977) 351-4434,Gorontalo,Basic,2023-12-17
P02504,Drs. Adhiarja Nasyidah,dalimin09@example.org,+62-0576-225-9787,Sabang,Platinum,2023-06-29
P02505,Hj. Gilda Sinaga,farahprastuti@example.org,0842765546,Banjarbaru,Gold,2024-08-04
P02506,Gina Sitorus,harsantolaksita@example.com,+62 (02) 315-5592,Bima,Gold,2023-05-11
P02507,Farhunnisa Jailani,warta51@example.org,+62-349-059-5204,Pagaralam,Basic,2023-07-02
P02508,"Zulaikha Saefullah, M.Pd",radikamegantara@example.net,(0915) 358-2760,Salatiga,Basic,2024-11-24
P02509,"Gina Purnawati, S.T.",siregarkezia@example.org,+62 (0883) 258 1205,Bontang,Basic,2023-03-10
P02510,Agnes Ramadan,eusada@example.net,080 435 5463,Lhokseumawe,Gold,2023-05-18
P02511,Drs. Queen Maryati,hhassanah@example.org,(008) 985 4935,Bogor,Basic,2023-11-05
P02512,Cahyono Uwais,akarsanawidodo@example.net,(065) 558 0117,Bukittinggi,Basic,2023-12-06
P02513,Lidya Gunarto,martakahidayanto@example.net,+62 (424) 863-0062,Kota Administrasi Jakarta Utara,Basic,2023-08-19
P02514,"Dian Hakim, S.I.Kom",asaputra@example.com,(0368) 835 3505,Tanjungpinang,Basic,2024-07-15
P02515,Rahayu Haryanto,anilailasari@example.net,+62-27-632-7585,Kota Administrasi Jakarta Selatan,Basic,2023-08-31
P02516,Bakda Wibisono,januarumaya@example.net,+62-0711-048-9217,Sawahlunto,Gold,2023-04-20
P02517,Mila Firmansyah,tsaefullah@example.com,+62-68-231-9923,Kota Administrasi Jakarta Timur,Gold,2023-11-18
P02518,Siska Hutagalung,waluyobudi@example.com,+62 (0509) 224-8332,Singkawang,Basic,2023-11-29
P02519,"Ir. Yance Budiyanto, S.IP",halimpurwanto@example.com,+62 (631) 057 1197,Sungai Penuh,Gold,2023-01-13
P02520,"Akarsana Halimah, M.Kom.",evamanullang@example.org,+62 (76) 242 7489,Kota Administrasi Jakarta Selatan,Basic,2024-07-15
P02521,Rika Purwanti,bakiono53@example.com,+62 (41) 596-7988,Dumai,Gold,2023-04-04
P02522,Bala Agustina,siregarhalima@example.org,0816167743,Salatiga,Basic,2024-03-15
P02523,"Dinda Simanjuntak, S.E.I",karya53@example.com,+62 (365) 735 3683,Balikpapan,Gold,2024-03-19
P02524,Genta Gunawan,larasprasetyo@example.net,+62-349-516-3983,Kota Administrasi Jakarta Pusat,Basic,2023-08-07
P02525,Syahrini Wacana,raihan07@example.org,+62 (32) 270 8539,Tanjungbalai,Basic,2023-11-30
P02526,Karimah Maryati,kokoastuti@example.net,087 946 7441,Prabumulih,Basic,2023-08-09
P02527,Timbul Hidayat,hamima12@example.com,+62 (0600) 399 4309,Sabang,Gold,2024-08-27
P02528,"Bancar Rahayu, M.M.",mahmud25@example.org,+62 (23) 369-4791,Padangpanjang,Basic,2024-05-27
P02529,Vicky Fujiati,wasissitompul@example.net,+62 (00) 505 8923,Denpasar,Basic,2024-01-11
P02530,Talia Thamrin,haryantojaka@example.net,+62-038-778-0601,Depok,Basic,2023-01-10
P02531,Paris Laksmiwati,indahyuniar@example.org,+62 (0603) 414 1925,Kediri,Gold,2023-10-17
P02532,Kiandra Samosir,rmustofa@example.org,+62 (0200) 781-8648,Manado,Basic,2023-03-01
P02533,"Dr. Darsirah Yuliarti, M.Kom.",ysaragih@example.net,+62 (0629) 769 3470,Jayapura,Basic,2023-08-08
P02534,"Candrakanta Wastuti, M.Farm",ihsan13@example.net,+62 (0918) 516 4211,Cirebon,Platinum,2023-10-29
P02535,Oliva Simbolon,lintang17@example.org,+62-581-697-7681,Metro,Gold,2023-09-22
P02536,R.M. Darmaji Saefullah,gamani53@example.com,+62-076-256-8960,Banjar,Basic,2024-05-15
P02537,Kamal Suryatmi,bagiyayulianti@example.org,+62 (98) 653-0631,Dumai,Basic,2023-09-15
P02538,Fitria Laksita,wahyunimahdi@example.org,+62 (064) 693 6583,Lubuklinggau,Basic,2024-02-01
P02539,Nurul Nababan,yuliantiamong@example.com,0863105651,Banda Aceh,Gold,2023-11-27
P02540,Kusuma Permata,erikuwais@example.net,+62 (026) 211-2941,Pematangsiantar,Basic,2024-01-09
P02541,Waluyo Dongoran,cahya64@example.com,+62 (85) 749 1240,Padang Sidempuan,Basic,2023-11-24
P02542,"R.A. Ulva Permadi, S.Farm",banara09@example.org,+62 (048) 297-9732,Tidore Kepulauan,Basic,2023-11-22
P02543,Queen Narpati,keisha30@example.org,+62 (023) 417 1645,Medan,Basic,2024-09-25
P02544,Koko Setiawan,siti38@example.net,+62-55-002-1544,Samarinda,Gold,2023-05-11
P02545,"Nugraha Mandasari, M.Pd",jabalnasyidah@example.com,(012) 401 8763,Kupang,Platinum,2024-04-21
P02546,"R.A. Elvina Winarno, S.Pt",sitompulrafi@example.net,+62-062-049-6296,Surakarta,Basic,2024-08-30
P02547,T. Harjo Winarno,lestaridinda@example.net,(071) 634 5434,Padangpanjang,Gold,2024-03-03
P02548,Fathonah Usamah,wlaksmiwati@example.org,+62 (0062) 039-3158,Tanjungbalai,Basic,2023-10-30
P02549,Sutan Umar Widodo,luwes30@example.com,+62 (57) 320 9093,Solok,Basic,2024-08-09
P02550,Sutan Mumpuni Hutasoit,psihotang@example.org,+62 (12) 170 3366,Langsa,Basic,2023-01-28
P02551,"R.A. Vanesa Hariyah, S.T.",sitorusghani@example.net,+62-38-962-6967,Medan,Gold,2023-03-30
P02552,"Dr. Widya Prasetyo, S.I.Kom",wastutianggabaya@example.org,+62-438-916-5945,Cimahi,Basic,2023-07-26
P02553,Virman Iswahyudi,harjasazulaika@example.net,+62-0990-331-0860,Kota Administrasi Jakarta Pusat,Basic,2023-07-07
P02554,Bakiadi Mulyani,shutasoit@example.com,080 644 1612,Probolinggo,Basic,2023-03-10
P02555,"dr. Ade Manullang, S.Pd",yuliartiparis@example.net,+62 (075) 764 1855,Depok,Gold,2024-06-23
P02556,"Artawan Waskita, S.IP",napitupulualambana@example.com,+62 (0394) 074 8221,Dumai,Basic,2023-02-19
P02557,Sutan Rahman Purnawati,isitorus@example.com,(0923) 705 3564,Samarinda,Basic,2024-08-25
P02558,Anggabaya Nugroho,adriansyahgina@example.net,0894945447,Dumai,Basic,2024-04-17
P02559,"Kezia Pangestu, S.Pt",mansurozy@example.com,+62 (212) 188 5788,Pasuruan,Gold,2023-06-18
P02560,"R. Juli Hidayat, S.Pt",wharyanti@example.com,(053) 510 4666,Mojokerto,Gold,2023-03-29
P02561,"H. Kawaya Hidayat, S.E.I",qsuryatmi@example.com,+62 (046) 561 8472,Serang,Gold,2023-06-27
P02562,Elisa Pertiwi,irsadnuraini@example.com,(097) 348-7248,Mojokerto,Basic,2024-11-28
P02563,Cinthia Puspasari,legawa47@example.org,+62-02-156-4319,Makassar,Gold,2024-08-27
P02564,Joko Zulaika,jefri87@example.net,+62-575-253-9647,Sukabumi,Basic,2023-10-30
P02565,Kenari Palastri,rajataadinata@example.net,+62-37-022-1038,Batu,Gold,2024-03-06
P02566,Puti Rahimah,prastutiopan@example.net,+62 (0861) 931-0401,Tegal,Basic,2024-03-18
P02567,Lanang Laksmiwati,maryadishania@example.org,+62 (43) 319-5858,Bogor,Platinum,2024-01-21
P02568,Maimunah Prabowo,marwatausamah@example.org,+62 (168) 878 7448,Bima,Gold,2023-12-27
P02569,"drg. Karya Irawan, S.Sos",anomwibowo@example.com,(0515) 915-9025,Tanjungbalai,Gold,2023-12-14
P02570,Jatmiko Hutagalung,padmasariluhung@example.net,+62 (535) 509 5608,Tanjungbalai,Gold,2024-10-16
P02571,T. Harjo Firgantoro,adikarahandayani@example.com,+62 (0651) 248 8696,Surabaya,Basic,2024-05-15
P02572,Zahra Megantara,winda54@example.com,(0716) 086-1410,Kota Administrasi Jakarta Timur,Platinum,2024-05-06
P02573,Safina Handayani,epurwanti@example.org,(0641) 147 7057,Bogor,Gold,2023-03-25
P02574,"Gandi Narpati, S.Pt",ipuspita@example.com,+62-982-759-4862,Solok,Basic,2023-12-02
P02575,"drg. Wardi Uyainah, S.E.",kuwais@example.com,(051) 250 2317,Surabaya,Gold,2023-08-08
P02576,Cakrabuana Adriansyah,lala13@example.org,(0045) 125-7135,Magelang,Basic,2024-02-04
P02577,"drg. Olivia Hutapea, M.TI.",winarnoharsanto@example.org,+62 (33) 805-2123,Tanjungbalai,Basic,2023-09-14
P02578,Cahyadi Dongoran,uhastuti@example.com,+62-042-916-9581,Cimahi,Basic,2024-02-15
P02579,Raden Prastuti,nasyidahmaras@example.com,+62 (0617) 826-3479,Pontianak,Gold,2023-10-24
P02580,Shakila Irawan,paulinbudiyanto@example.org,+62 (072) 382 0364,Bogor,Basic,2024-02-25
P02581,Galar Uwais,hartatigalih@example.com,082 679 2467,Ternate,Basic,2023-10-16
P02582,"Indra Hartati, S.Ked",ana22@example.net,(061) 685-9749,Kota Administrasi Jakarta Utara,Gold,2024-10-06
P02583,Puti Puspa Dongoran,banaranashiruddin@example.com,(095) 138-6356,Jayapura,Basic,2023-08-30
P02584,Drs. Raditya Mahendra,uwaiskartika@example.com,+62 (954) 753-0602,Semarang,Gold,2024-06-24
P02585,"Drs. Vivi Waskita, S.Ked",prakasamaryanto@example.net,+62 (04) 786-9572,Tebingtinggi,Gold,2023-11-04
P02586,Rendy Waluyo,vgunarto@example.org,+62 (075) 685 2979,Bogor,Gold,2024-09-15
P02587,Hamima Waluyo,novahartati@example.org,+62 (0863) 603 7096,Cirebon,Basic,2023-08-10
P02588,Salwa Pudjiastuti,gabriella77@example.org,+62-57-391-5104,Mataram,Basic,2023-12-22
P02589,Mujur Hidayanto,adhiarja77@example.com,+62 (062) 328-1801,Bima,Basic,2024-08-09
P02590,Laras Budiman,makuta45@example.net,+62 (094) 729-8639,Tegal,Basic,2023-12-28
P02591,"Tgk. Ina Widodo, S.Ked",marbuncemplunk@example.org,0844901034,Pariaman,Basic,2023-06-25
P02592,Elvina Winarsih,lailaardianto@example.com,+62 (067) 019 7831,Tual,Gold,2024-04-10
P02593,"R. Ana Irawan, S.Sos",erajata@example.org,0807002463,Kota Administrasi Jakarta Utara,Basic,2024-12-02
P02594,Zulfa Farida,agustinajulia@example.com,(066) 491 7115,Palangkaraya,Basic,2024-08-01
P02595,Siska Gunawan,gamblang82@example.net,(028) 015-8629,Mojokerto,Gold,2023-02-23
P02596,"Drs. Prasetya Anggriawan, S.Pd",egaprasetyo@example.org,(0883) 690-4748,Banda Aceh,Basic,2023-07-09
P02597,Lintang Situmorang,balapati57@example.net,(0050) 123 6560,Pagaralam,Gold,2023-06-01
P02598,"Caraka Mandasari, S.Gz",ssalahudin@example.com,+62-249-246-8676,Tidore Kepulauan,Basic,2023-02-13
P02599,"Kariman Santoso, S.Farm",vanya32@example.com,+62-186-860-5702,Mojokerto,Gold,2023-11-25
P02600,Novi Oktaviani,gunawanakarsana@example.org,+62-023-829-8077,Pekanbaru,Gold,2023-04-26
P02601,Michelle Sirait,fmegantara@example.com,+62 (428) 240-4402,Tebingtinggi,Basic,2023-01-12
P02602,Ghaliyati Sudiati,marpaungcawisadi@example.com,+62 (513) 734 7916,Dumai,Basic,2024-03-30
P02603,Patricia Suwarno,gandiprasetyo@example.org,+62 (932) 002 1700,Palopo,Gold,2023-11-03
P02604,"R.A. Dian Usamah, S.E.I",mustofajagaraga@example.net,+62-099-696-2005,Sibolga,Gold,2023-01-11
P02605,Ade Palastri,prayogo57@example.com,+62-286-682-7677,Jayapura,Basic,2024-04-25
P02606,Aditya Mulyani,susantikasusra@example.net,+62-0396-541-3718,Pagaralam,Basic,2024-06-22
P02607,"Purwa Lazuardi, S.Gz",egakurniawan@example.org,+62 (001) 084 6399,Palangkaraya,Platinum,2024-08-19
P02608,Jarwi Damanik,marwatafarida@example.org,+62 (56) 514-3978,Gorontalo,Basic,2023-09-09
P02609,Hartaka Purnawati,sitoruscitra@example.com,+62-646-637-1272,Pematangsiantar,Basic,2024-04-02
P02610,"Drs. Nadine Pratama, M.M.",winarsihnajwa@example.org,088 773 5692,Banjarbaru,Basic,2023-11-22
P02611,Belinda Maryati,widodobakti@example.com,+62 (068) 741-8165,Tarakan,Gold,2024-08-19
P02612,Sutan Asmianto Sitorus,anita17@example.com,(014) 450-1676,Cimahi,Gold,2023-02-07
P02613,R. Nabila Pradana,umar90@example.org,+62 (0929) 160-2114,Kotamobagu,Basic,2023-06-22
P02614,Endra Handayani,puspitahardi@example.org,0828753559,Tangerang,Gold,2023-04-16
P02615,Winda Irawan,enteng92@example.org,089 333 5343,Pontianak,Gold,2023-09-04
P02616,Yuliana Puspasari,kramadan@example.net,+62-065-871-5276,Palopo,Basic,2024-05-30
P02617,Caturangga Andriani,usyi12@example.org,+62-188-400-3103,Malang,Basic,2024-11-22
P02618,Vera Palastri,izulaika@example.com,+62 (020) 151 2629,Cirebon,Platinum,2024-06-30
P02619,Ulya Mayasari,oskarirawan@example.net,(0022) 822-9726,Banda Aceh,Basic,2024-01-13
P02620,Syahrini Pranowo,dariatihassanah@example.com,+62 (083) 311-5295,Purwokerto,Gold,2024-01-15
P02621,"Gangsar Budiman, S.Pd",usimanjuntak@example.com,(064) 617 6776,Tidore Kepulauan,Basic,2023-11-28
P02622,H. Ilyas Habibi,gunartokiandra@example.org,+62 (206) 374-8662,Makassar,Basic,2023-06-15
P02623,Kemal Prasetyo,novitasarivega@example.org,080 860 7865,Lubuklinggau,Basic,2024-10-04
P02624,drg. Nyoman Wastuti,firgantoroulya@example.net,+62-012-695-5940,Singkawang,Basic,2023-12-09
P02625,"Mustofa Uyainah, S.Ked",narjihidayanto@example.com,+62-086-405-6308,Yogyakarta,Platinum,2023-10-18
P02626,"Tgk. Garang Budiyanto, S.H.",maimunah23@example.net,+62-0403-415-2394,Bekasi,Basic,2024-01-02
P02627,"Jaka Setiawan, S.Pd",haryantozelda@example.com,+62 (065) 490-6730,Tarakan,Basic,2023-03-15
P02628,Dasa Gunawan,wawan48@example.net,+62-338-840-9141,Jayapura,Basic,2024-08-23
P02629,Padmi Aryani,wnasyiah@example.org,(0883) 734-9952,Tanjungbalai,Basic,2024-05-09
P02630,Kayla Sihombing,cahyonodamanik@example.net,+62 (0001) 140-7590,Bandung,Platinum,2024-06-28
P02631,"dr. Carla Ardianto, S.E.",mulyaninyoman@example.org,+62 (869) 209 2500,Kotamobagu,Basic,2024-10-30
P02632,Cornelia Habibi,sjailani@example.org,+62-0242-545-2220,Tanjungbalai,Basic,2023-02-02
P02633,Harto Simbolon,cayadinovitasari@example.com,0857773472,Tasikmalaya,Basic,2024-06-11
P02634,Hj. Kania Damanik,hsitorus@example.net,+62-29-364-9743,Palopo,Basic,2024-05-31
P02635,Eva Latupono,najamlazuardi@example.org,088 546 2628,Depok,Gold,2023-05-04
P02636,Ridwan Novitasari,ramadanomar@example.net,+62 (0501) 862 9374,Balikpapan,Gold,2023-09-25
P02637,"dr. Zelaya Mulyani, M.Pd",yono46@example.net,+62 (018) 936 8431,Tanjungbalai,Basic,2024-08-21
P02638,Hilda Prayoga,iswahyudigaman@example.com,0803259089,Solok,Gold,2023-11-11
P02639,Ir. Amalia Uyainah,amaryati@example.net,+62 (317) 461-1467,Mataram,Basic,2024-11-26
P02640,Niyaga Zulaika,wartahasanah@example.org,(0905) 137-9571,Purwokerto,Gold,2023-08-05
P02641,Ir. Gangsar Halim,dodo56@example.org,+62 (99) 789-3489,Manado,Basic,2024-04-15
P02642,Hasim Jailani,galakkuswoyo@example.net,+62 (0377) 750 0127,Padang,Basic,2024-11-24
P02643,Nyoman Salahudin,martani79@example.org,(096) 622 3274,Meulaboh,Basic,2024-07-28
P02644,Najwa Wibisono,padmasarioskar@example.org,+62 (097) 655-8268,Palu,Basic,2024-03-17
P02645,Pangeran Nababan,hendra63@example.com,+62 (0476) 213-5525,Kota Administrasi Jakarta Pusat,Gold,2024-03-17
P02646,Gading Wulandari,yoga72@example.net,+62 (087) 177 5208,Kota Administrasi Jakarta Barat,Basic,2023-10-13
P02647,Gilda Handayani,verariyanti@example.org,(0339) 645-2709,Singkawang,Gold,2023-03-12
P02648,Laras Pratama,karimahsaefullah@example.net,+62 (113) 702-3888,Palangkaraya,Platinum,2023-01-17
P02649,Asmuni Maheswara,agustinaolivia@example.com,+62 (63) 216-8881,Purwokerto,Basic,2023-02-15
P02650,"Gasti Prastuti, S.Ked",pranawahutasoit@example.net,+62-87-027-8714,Purwokerto,Basic,2023-04-26
P02651,Safina Saefullah,yuniarsimon@example.net,0800222378,Palu,Basic,2023-04-19
P02652,Dalimin Uyainah,bwaskita@example.com,+62-0198-734-9334,Binjai,Basic,2024-10-23
P02653,"Dr. Puput Sitorus, S.IP",martanipradana@example.com,+62 (019) 157-5237,Probolinggo,Basic,2023-04-14
P02654,Dr. Hesti Hardiansyah,hutapeabala@example.com,+62 (83) 002-6939,Palangkaraya,Basic,2024-09-18
P02655,"Damar Uyainah, S.T.",xhidayat@example.net,+62-865-917-9043,Cilegon,Basic,2024-06-07
P02656,Olga Yuliarti,natalia58@example.com,(0035) 274 7700,Denpasar,Basic,2023-09-01
P02657,Ilyas Hakim,marbungalih@example.com,(0143) 138 7712,Kota Administrasi Jakarta Timur,Gold,2023-01-23
P02658,Ifa Winarno,marpaungade@example.com,(088) 811 3178,Palembang,Gold,2024-02-11
P02659,Endah Puspita,ganjaransitumorang@example.org,+62 (610) 439-4663,Padang Sidempuan,Basic,2023-05-17
P02660,Restu Oktaviani,chutasoit@example.com,+62-077-192-0125,Pekalongan,Basic,2023-06-22
P02661,"Hendri Prasetya, S.Kom",wasitakartika@example.org,+62 (18) 323 9170,Surabaya,Basic,2023-09-23
P02662,dr. Danang Oktaviani,nsusanti@example.net,(009) 847 7307,Kota Administrasi Jakarta Utara,Basic,2023-05-07
P02663,Calista Hutapea,krahmawati@example.com,+62 (0647) 157-2448,Manado,Gold,2023-12-18
P02664,Martani Permadi,claksmiwati@example.org,+62 (137) 838-1282,Sibolga,Gold,2024-07-30
P02665,"KH. Virman Palastri, M.Kom.",mayasariviktor@example.org,+62 (906) 601 0070,Padang Sidempuan,Basic,2023-12-08
P02666,Cemplunk Latupono,ysuwarno@example.net,+62 (069) 117 3906,Bandung,Basic,2023-04-14
P02667,Karta Situmorang,oandriani@example.com,(0895) 691 1525,Pagaralam,Gold,2023-06-02
P02668,Violet Prayoga,,+62 (0832) 462 9569,Palembang,Basic,2023-01-17
P02669,Tgk. Ana Sihotang,galangwaskita@example.org,+62-816-171-6117,Ambon,Basic,2024-06-16
P02670,Raditya Pangestu,rajatagaiman@example.net,+62 (034) 248 6675,Kupang,Gold,2023-10-24
P02671,Emas Oktaviani,argono38@example.org,+62 (0516) 158 6787,Kota Administrasi Jakarta Selatan,Gold,2024-06-18
P02672,Bakti Rahmawati,diana98@example.org,+62-0403-741-1408,Bima,Basic,2024-07-27
P02673,"Irma Yuniar, M.TI.",cahyomaryadi@example.com,+62 (597) 693 8418,Pasuruan,Basic,2024-11-28
P02674,"H. Jatmiko Marpaung, M.Kom.",harsanauwais@example.net,(0578) 072 7918,Sibolga,Basic,2023-08-29
P02675,"Hj. Laila Mayasari, S.Ked",mustikasalahudin@example.org,+62-58-298-2838,Pangkalpinang,Basic,2023-10-08
P02676,Dr. Harsana Simanjuntak,ajimin47@example.org,+62 (03) 786 2850,Batam,Platinum,2024-03-07
P02677,"Tgk. Indah Sihombing, S.H.",namagabakianto@example.com,0857021823,Padang,Gold,2023-09-07
P02678,"Dt. Gandi Saputra, S.Gz",galak14@example.com,+62-65-334-0785,Banda Aceh,Basic,2023-01-28
P02679,"Sutan Mitra Tamba, S.Kom",gwulandari@example.net,+62 (0559) 729-1856,Kendari,Basic,2024-03-07
P02680,Pangestu Rahmawati,kamidinbudiyanto@example.org,+62-0943-207-3042,Blitar,Basic,2023-11-03
P02681,Rahmat Firmansyah,hmayasari@example.net,+62-05-859-9604,Bitung,Basic,2023-03-01
P02682,Tgk. Dalima Nainggolan,prakosa52@example.org,+62 (10) 507-8905,Kota Administrasi Jakarta Timur,Platinum,2023-02-22
P02683,Kardi Sinaga,rizkiyolanda@example.org,0868631925,Jambi,Gold,2023-04-06
P02684,Harjo Pradipta,yuniarlukman@example.com,082 894 6463,Samarinda,Gold,2023-03-19
P02685,"R.M. Ibrahim Mustofa, S.Pt",fthamrin@example.com,(089) 765-7702,Lhokseumawe,Basic,2023-02-22
P02686,"Keisha Anggriawan, S.I.Kom",oskar78@example.org,081 710 1029,Banjarbaru,Basic,2023-05-03
P02687,"Alambana Gunawan, M.Kom.",mlestari@example.com,+62 (0556) 839-3691,Palopo,Gold,2024-07-04
P02688,"H. Ghani Tampubolon, M.TI.",idabukke@example.com,+62-526-725-3443,Tebingtinggi,Basic,2023-04-04
P02689,Ratih Purnawati,bwasita@example.com,(027) 427 0165,Dumai,Platinum,2024-04-08
P02690,Zizi Sinaga,elvin67@example.com,+62 (0609) 436-4938,Manado,Basic,2023-01-22
P02691,"Puji Rajata, S.Pd",pudjiastutidaniswara@example.com,+62 (52) 873 6422,Banjarbaru,Gold,2024-03-25
P02692,Hamima Wibowo,maheswarahartaka@example.org,+62 (054) 635-7916,Mataram,Basic,2024-07-14
P02693,Umar Saefullah,gsimanjuntak@example.com,080 528 7078,Makassar,Basic,2023-05-05
P02694,Gandi Kurniawan,utamibakianto@example.com,(0234) 412-1957,Ternate,Gold,2023-04-17
P02695,Cindy Situmorang,lamarrahmawati@example.com,+62-005-023-4602,Padang Sidempuan,Gold,2023-05-30
P02696,"drg. Ilsa Suartini, M.Ak",jhutagalung@example.org,+62-0563-191-7729,Magelang,Basic,2024-11-14
P02697,Drs. Raharja Kusmawati,cahyatampubolon@example.org,+62-002-546-1351,Balikpapan,Basic,2023-06-22
P02698,Hj. Diah Wahyuni,pratiwihairyanto@example.net,+62-007-595-6088,Padang,Platinum,2024-02-09
P02699,Dacin Siregar,kardi33@example.com,+62 (118) 865 9418,Padang Sidempuan,Basic,2023-09-11
P02700,Icha Pradipta,ihardiansyah@example.org,+62 (094) 326-4598,Bitung,Gold,2024-06-09
P02701,Ellis Wulandari,parman96@example.com,+62-86-477-6245,Bontang,Platinum,2023-12-31
P02702,Aisyah Wibowo,andrianirendy@example.org,+62 (629) 664-6340,Kota Administrasi Jakarta Selatan,Gold,2024-07-29
P02703,Akarsana Ardianto,susantimuhammad@example.org,(0224) 200-0173,Tegal,Gold,2023-06-18
P02704,"dr. Yessi Sinaga, S.Psi",irnantonababan@example.com,+62-0063-752-4533,Tanjungpinang,Basic,2023-01-15
P02705,Cager Rajasa,gunawanlaila@example.com,+62-0720-368-5307,Cirebon,Gold,2024-09-06
P02706,Murti Maryati,sihombingedison@example.org,+62-67-673-7492,Ternate,Gold,2024-06-21
P02707,Hadi Pradana,gawati31@example.org,+62 (677) 548 9084,Sibolga,Basic,2023-07-17
P02708,Keisha Zulkarnain,harsanawijayanti@example.org,+62 (876) 415 9938,Bengkulu,Gold,2024-02-05
P02709,Sabri Irawan,zelaya46@example.org,+62-557-289-2754,Payakumbuh,Basic,2023-12-25
P02710,"Hj. Ajeng Megantara, S.I.Kom",luluhprasasta@example.com,+62 (559) 636 8485,Palembang,Basic,2023-09-26
P02711,Tgk. Jasmin Riyanti,,(0787) 800 7922,Sorong,Gold,2023-02-16
P02712,Rina Handayani,riyantiellis@example.com,(0762) 394 3243,Purwokerto,Gold,2023-05-23
P02713,"Banara Samosir, S.Farm",panjipuspasari@example.net,(038) 993-8210,Kota Administrasi Jakarta Utara,Gold,2023-12-27
P02714,Fathonah Wasita,lmayasari@example.org,+62-83-163-4776,Batam,Gold,2023-05-18
P02715,Amelia Utami,jayadongoran@example.org,083 861 2942,Bandung,Basic,2023-10-14
P02716,Mala Mandala,marpaungbajragin@example.com,(0039) 782-6243,Kupang,Basic,2024-10-24
P02717,Embuh Kusmawati,salwa78@example.net,+62 (0693) 221 4034,Cirebon,Gold,2023-02-04
P02718,Akarsana Sitorus,salahudinwardi@example.org,+62 (064) 118 8039,Probolinggo,Basic,2023-01-22
P02719,Dt. Leo Wasita,lailasarierik@example.net,(003) 640 1800,Cimahi,Basic,2023-01-17
P02720,Mustofa Safitri,dirjawidiastuti@example.com,+62 (69) 714-2309,Jayapura,Gold,2023-09-20
P02721,dr. Artanto Pertiwi,argono93@example.net,(032) 857-0363,Palembang,Gold,2023-12-03
P02722,Farhunnisa Anggriawan,putinababan@example.org,(0992) 893 7652,Kendari,Gold,2023-04-07
P02723,Lembah Hakim,banawahartati@example.net,+62 (001) 160-3554,Pekalongan,Basic,2024-09-24
P02724,Drs. Harjo Latupono,anggrainijarwadi@example.com,+62 (0140) 122-4561,Banjarbaru,Basic,2024-07-11
P02725,"Dr. Jelita Pradipta, S.Sos",rachel78@example.net,+62 (0266) 951-6837,Bukittinggi,Basic,2024-04-15
P02726,"Ir. Genta Andriani, S.T.",sabrinanamaga@example.org,084 800 2035,Tidore Kepulauan,Basic,2024-08-20
P02727,"Bakti Pradana, S.Psi",soleh61@example.org,+62-005-268-0021,Ternate,Platinum,2024-10-29
P02728,drg. Dinda Widodo,pratiwiqueen@example.com,(0777) 340-8681,Denpasar,Basic,2023-10-29
P02729,"Jane Laksmiwati, M.Ak",hyulianti@example.org,080 519 8400,Medan,Basic,2023-04-21
P02730,Drs. Pia Mardhiyah,enugroho@example.net,(0411) 632-7699,Meulaboh,Basic,2023-12-16
P02731,Kania Kusmawati,endra99@example.com,(056) 279 3809,Surakarta,Platinum,2024-06-25
P02732,Cut Yessi Januar,prasastaasmianto@example.org,+62-017-230-1954,Probolinggo,Gold,2024-05-12
P02733,Yessi Kusumo,ousamah@example.com,(0641) 713 7313,Padang,Basic,2023-01-22
P02734,Ir. Raditya Sihombing,bahuraksa66@example.com,+62 (042) 487-2468,Tidore Kepulauan,Platinum,2024-05-08
P02735,Sutan Dono Sitorus,kurniawangina@example.org,+62 (081) 714-4245,Tanjungbalai,Gold,2024-03-24
P02736,Paiman Januar,lestaritari@example.org,+62-91-516-1395,Pasuruan,Platinum,2023-11-21
P02737,"Cut Gina Saptono, S.T.",permadinajwa@example.com,0833591564,Denpasar,Gold,2024-05-18
P02738,R.M. Lamar Oktaviani,nugrohotugiman@example.net,+62 (00) 624 2675,Lhokseumawe,Basic,2023-10-29
P02739,"Wulan Sitompul, M.Ak",hutasoitopan@example.org,+62 (074) 130 5302,Bandar Lampung,Gold,2024-04-06
P02740,Aurora Rahmawati,thamrinsalwa@example.net,+62 (475) 196-7864,Tanjungpinang,Basic,2023-08-11
P02741,"Ir. Kadir Rahmawati, S.E.I",budimangantar@example.org,+62 (85) 863-2385,Palopo,Gold,2024-05-07
P02742,Safina Wijayanti,yolandaismail@example.org,0811777381,Kotamobagu,Basic,2024-04-13
P02743,"Alika Hariyah, S.Gz",puspitabanawi@example.org,+62-081-900-5449,Padangpanjang,Gold,2024-08-27
P02744,Dacin Yulianti,fhalimah@example.com,+62 (555) 939 5669,Tomohon,Basic,2023-12-16
P02745,"KH. Rizki Astuti, S.Pd",siregarsalsabila@example.org,(0303) 959 6495,Cilegon,Basic,2023-09-09
P02746,"Caturangga Adriansyah, S.IP",elestari@example.net,+62 (702) 989-0925,Solok,Platinum,2023-03-19
P02747,"Azalea Latupono, S.Sos",mahendragilang@example.com,+62 (172) 429 7815,Gorontalo,Gold,2023-07-08
P02748,dr. Oni Namaga,hasan73@example.org,+62 (514) 896 1970,Bengkulu,Gold,2023-03-18
P02749,"Cakrawangsa Mandasari, S.Psi",kawaya15@example.net,+62-14-365-9903,Manado,Gold,2024-04-26
P02750,Ir. Eka Salahudin,galakjailani@example.com,+62-077-408-3442,Banda Aceh,Basic,2023-01-14
P02751,Balamantri Lazuardi,nababanasmadi@example.net,+62 (0785) 818 7665,Pekalongan,Basic,2024-05-14
P02752,"Ir. Gamanto Zulaika, S.Sos",umay40@example.com,(074) 300-0634,Bandar Lampung,Basic,2023-12-23
P02753,"Dr. Betania Suryatmi, S.Gz",namagasurya@example.com,+62 (197) 478-0286,Meulaboh,Basic,2024-09-27
P02754,Pangeran Pertiwi,knapitupulu@example.com,+62-0377-521-4963,Bau-Bau,Basic,2024-07-10
P02755,"Cut Ratna Pertiwi, S.Pt",hpertiwi@example.org,+62 (31) 542 5782,Tangerang,Platinum,2023-08-19
P02756,Pangeran Palastri,ilyasnuraini@example.com,+62-0487-812-6976,Tarakan,Platinum,2024-02-21
P02757,Puti Cindy Kuswandari,bancar85@example.com,+62-099-349-4170,Cimahi,Gold,2023-12-29
P02758,Ade Handayani,,+62 (467) 183-4147,Purwokerto,Basic,2023-06-02
P02759,Drs. Latika Prabowo,luthfi02@example.com,(0105) 907 1613,Bukittinggi,Gold,2023-06-30
P02760,R.M. Atmaja Hutasoit,laksmiwatiuchita@example.org,0810241284,Bima,Gold,2023-06-28
P02761,Hj. Lintang Dongoran,zeldalestari@example.com,(0793) 946-4078,Kendari,Gold,2023-10-06
P02762,"Latika Winarsih, M.Farm",hendri75@example.com,(081) 825 4819,Padang Sidempuan,Gold,2023-12-09
P02763,"KH. Gangsar Dongoran, S.Kom",luluhhutapea@example.org,(0696) 243-3014,Tasikmalaya,Basic,2023-06-03
P02764,Juli Prasetya,yosef17@example.net,+62-066-054-4359,Tangerang Selatan,Basic,2024-03-06
P02765,Bakda Mustofa,purwadiprastuti@example.net,+62 (24) 982 5358,Cimahi,Basic,2023-04-24
P02766,Ir. Suci Wastuti,saiful85@example.com,+62 (63) 553-3310,Bitung,Basic,2024-09-08
P02767,Kenzie Uyainah,halima02@example.org,+62 (088) 045 9295,Tomohon,Basic,2024-01-05
P02768,Ratna Dabukke,galihlailasari@example.com,+62 (026) 073-3230,Mojokerto,Gold,2024-01-30
P02769,"Dt. Wardaya Nainggolan, S.Psi",mitramahendra@example.org,(004) 147 0010,Serang,Gold,2023-04-25
P02770,Drs. Nyoman Marbun,yuliantiwarji@example.net,(075) 571 1276,Metro,Basic,2023-10-02
P02771,Salwa Pradipta,pertiwibelinda@example.com,+62 (542) 010-1441,Tangerang Selatan,Gold,2024-06-27
P02772,dr. Ridwan Maryati,nusamah@example.org,+62 (23) 480-1435,Sibolga,Platinum,2023-07-15
P02773,Aswani Saragih,kacung71@example.net,+62 (795) 214 3783,Palangkaraya,Basic,2024-06-29
P02774,Rudi Waluyo,xrahayu@example.com,+62-414-947-7552,Surabaya,Basic,2024-06-17
P02775,Dian Hutagalung,situmoranghasan@example.org,(0374) 114 9740,Yogyakarta,Basic,2024-11-09
P02776,Tania Lailasari,uzulkarnain@example.net,+62 (047) 837 9242,Palu,Basic,2023-09-12
P02777,Olivia Yuniar,umaya76@example.com,+62-425-890-9389,Kediri,Basic,2023-12-08
P02778,"Galuh Melani, M.Kom.",nasyiahcecep@example.com,+62 (126) 807-3568,Probolinggo,Basic,2023-06-13
P02779,"Dr. Vivi Palastri, S.Sos",suryawahyudin@example.net,+62 (354) 523-5139,Kota Administrasi Jakarta Timur,Platinum,2023-05-16
P02780,Asirwada Gunawan,julianainggolan@example.org,+62 (000) 986 8933,Bima,Basic,2024-08-01
P02781,"Hasna Purnawati, S.Pt",napitupululaswi@example.com,+62 (74) 081-7183,Yogyakarta,Platinum,2024-06-22
P02782,dr. Hilda Wibisono,fujiaticici@example.com,+62-0341-129-9505,Salatiga,Gold,2023-06-05
P02783,Kani Najmudin,vriyanti@example.org,+62 (0786) 050 7741,Kota Administrasi Jakarta Utara,Basic,2024-09-13
P02784,Asmianto Putra,wage12@example.com,+62 (710) 542 3326,Kotamobagu,Basic,2023-07-22
P02785,Tgk. Raisa Tarihoran,irmafujiati@example.net,(0553) 882 5692,Tangerang,Basic,2024-02-23
P02786,"Ina Sitorus, S.Pt",virmanwibowo@example.com,+62 (0973) 817 1599,Kupang,Basic,2023-09-08
P02787,Harsanto Wibowo,asmiantositorus@example.net,(090) 086 5009,Payakumbuh,Basic,2024-04-01
P02788,Bakianto Kurniawan,smayasari@example.com,+62-459-717-2115,Ambon,Platinum,2023-10-02
P02789,Tgk. Estiono Nugroho,elisa32@example.net,(084) 664-1474,Mataram,Basic,2024-03-23
P02790,Limar Wahyudin,susantiamalia@example.org,+62-58-770-0710,Serang,Gold,2023-06-23
P02791,"Sutan Yosef Adriansyah, M.Ak",laswisuwarno@example.net,(0860) 858-2804,Bitung,Basic,2024-08-02
P02792,Bakianto Iswahyudi,dabukketaufik@example.org,(072) 069 0349,Blitar,Gold,2024-02-21
P02793,Agnes Mustofa,uyainahbagas@example.com,+62 (626) 990-9622,Kendari,Basic,2023-12-12
P02794,"Tgk. Oni Saragih, S.Farm",paiman34@example.net,+62-0368-935-5366,Tasikmalaya,Basic,2023-06-02
P02795,R. Dadap Susanti,gunartodaliman@example.net,+62 (66) 977-8888,Kota Administrasi Jakarta Timur,Gold,2024-05-07
P02796,Dr. Laila Susanti,winarsihaditya@example.com,(0956) 262-8241,Denpasar,Basic,2023-01-17
P02797,Tgk. Tira Marpaung,kurniawanedward@example.org,+62-0847-521-7638,Ternate,Platinum,2023-02-04
P02798,Tgk. Ophelia Winarsih,putuhalim@example.com,+62 (0144) 302 4132,Makassar,Gold,2023-06-11
P02799,Prayoga Lazuardi,mahdijailani@example.org,+62 (07) 175-6755,Manado,Basic,2024-03-25
P02800,Gawati Nababan,swahyudin@example.com,0805549051,Singkawang,Basic,2023-01-14
P02801,Hadi Hidayat,pradananilam@example.org,+62 (0070) 301-8874,Denpasar,Gold,2023-10-16
P02802,"Oni Mayasari, S.E.I",maulanaanita@example.net,+62 (30) 405 3545,Langsa,Gold,2024-11-29
P02803,"Aisyah Prasetyo, S.IP",laksitaridwan@example.org,(0571) 729-2412,Depok,Platinum,2023-05-19
P02804,drg. Kamila Siregar,carubastuti@example.net,(073) 095 3899,Langsa,Gold,2023-06-21
P02805,Najib Namaga,darmana78@example.net,+62 (078) 606 9147,Metro,Gold,2023-08-17
P02806,Ir. Vanesa Permadi,nalarsaputra@example.com,+62-78-916-9017,Bogor,Gold,2023-01-28
P02807,Chandra Uyainah,tuyainah@example.org,+62 (055) 118 2582,Tebingtinggi,Gold,2024-01-14
P02808,"Ani Haryanti, S.Farm",manullangdipa@example.com,+62 (014) 284 4662,Kotamobagu,Basic,2024-04-14
P02809,Devi Mansur,sitorusjefri@example.org,(048) 313-8953,Bengkulu,Basic,2023-06-14
P02810,dr. Ulva Handayani,pandu65@example.org,+62-05-094-2630,Dumai,Basic,2023-02-13
P02811,Tgk. Ophelia Yolanda,clarawahyudin@example.net,+62 (84) 058-9717,Kota Administrasi Jakarta Barat,Platinum,2024-01-09
P02812,Michelle Waskita,siregarjumadi@example.net,0810341335,Sukabumi,Gold,2023-08-31
P02813,Estiawan Najmudin,hriyanti@example.net,+62 (214) 136 3873,Kupang,Platinum,2023-04-20
P02814,Cahyadi Firmansyah,rwidodo@example.com,+62 (763) 975-4895,Bau-Bau,Basic,2024-10-24
P02815,dr. Winda Pudjiastuti,zhandayani@example.com,+62 (844) 909-7585,Bengkulu,Basic,2023-03-02
P02816,Tirta Astuti,situmorangifa@example.org,(0044) 388 8730,Yogyakarta,Gold,2023-04-09
P02817,Gaduh Mangunsong,laksmiwatiputu@example.com,+62 (0770) 601 4037,Palopo,Gold,2024-03-23
P02818,Vega Pratiwi,npadmasari@example.net,(0181) 719 1074,Kota Administrasi Jakarta Timur,Gold,2024-08-06
P02819,Ika Prakasa,nasab11@example.com,+62 (0492) 707-0496,Cirebon,Gold,2024-09-12
P02820,Hj. Cornelia Prayoga,prastutiwasis@example.org,+62 (405) 128-0479,Balikpapan,Basic,2023-12-04
P02821,Salwa Agustina,wirazulkarnain@example.com,+62-069-710-6986,Kotamobagu,Basic,2023-07-27
P02822,Imam Nashiruddin,harjayamangunsong@example.net,(0026) 453 2379,Tomohon,Basic,2024-10-16
P02823,"Silvia Putra, M.TI.",hutapeaumi@example.net,(0636) 386 3927,Kendari,Basic,2023-07-20
P02824,Imam Waskita,rwastuti@example.com,+62-010-939-8700,Padangpanjang,Gold,2023-01-10
P02825,"R.A. Oni Sihombing, S.Psi",harja41@example.org,+62 (55) 236-6042,Kota Administrasi Jakarta Pusat,Gold,2023-10-14
P02826,R. Uda Purwanti,rahmat54@example.org,+62 (000) 262-2167,Subulussalam,Basic,2023-01-18
P02827,Uli Permadi,wmarbun@example.com,+62 (33) 161-6797,Cilegon,Basic,2023-12-03
P02828,Dartono Samosir,hakimwinda@example.com,(0941) 230-9298,Solok,Basic,2023-07-02
P02829,Dr. Jasmin Yuniar,dprastuti@example.com,(084) 479 8506,Solok,Basic,2024-08-07
P02830,R. Belinda Samosir,wardayapurnawati@example.com,+62 (51) 361 4084,Kota Administrasi Jakarta Timur,Basic,2023-08-16
P02831,"R. Gatot Hardiansyah, M.M.",rsantoso@example.com,(0335) 376-0344,Metro,Basic,2024-07-28
P02832,Budi Prabowo,malika48@example.net,+62 (574) 826 1846,Mataram,Basic,2024-05-06
P02833,Ajimin Marbun,pranawa62@example.net,(0620) 521 0746,Yogyakarta,Basic,2024-02-28
P02834,"Baktiadi Budiman, M.M.",wardinamaga@example.org,+62 (10) 431-6938,Palopo,Gold,2024-09-25
P02835,Pranawa Thamrin,kurnia44@example.org,0898626790,Solok,Basic,2024-03-27
P02836,Raina Ramadan,lurhur07@example.org,+62-724-608-0241,Pagaralam,Basic,2024-04-07
P02837,Malik Melani,firgantoroharjo@example.net,+62 (071) 134 7321,Surakarta,Gold,2023-10-30
P02838,"Kadir Halimah, S.H.",ylazuardi@example.org,(052) 894-0959,Denpasar,Gold,2023-04-24
P02839,Yuliana Pudjiastuti,malik82@example.com,+62-16-481-8727,Padang Sidempuan,Basic,2023-10-27
P02840,Artawan Permata,wardaya10@example.org,+62 (43) 104 1478,Sabang,Basic,2024-09-03
P02841,Ilsa Mansur,ilyashalim@example.net,+62 (961) 000 7616,Bogor,Basic,2024-10-25
P02842,Belinda Astuti,endralatupono@example.net,(0671) 927 5063,Tomohon,Gold,2023-06-22
P02843,Usyi Ardianto,raditrajata@example.com,+62-0092-886-6433,Meulaboh,Basic,2024-08-21
P02844,"Salwa Maheswara, S.E.",suartinitaufan@example.net,+62 (30) 416-3619,Cirebon,Gold,2024-07-26
P02845,Margana Yuliarti,tastuti@example.com,(0018) 493 2632,Subulussalam,Gold,2024-04-02
P02846,Maria Uwais,mulyausada@example.org,+62-008-832-3739,Bitung,Basic,2024-10-12
P02847,Wani Yulianti,wartaaryani@example.net,0861884662,Medan,Basic,2023-06-08
P02848,Zelda Purnawati,bahuraksa02@example.org,(0883) 518 7449,Serang,Basic,2023-01-27
P02849,Harjo Yuliarti,kusumouli@example.org,0869700846,Bau-Bau,Basic,2023-05-21
P02850,Bancar Hutagalung,caraka07@example.net,+62 (0210) 718-3870,Madiun,Basic,2024-06-19
P02851,"Anastasia Kuswoyo, S.IP",kartikahutapea@example.com,+62 (675) 128-4309,Kediri,Basic,2024-01-06
P02852,"Qori Wibisono, S.Pd",calista99@example.org,+62-0826-248-0682,Cirebon,Basic,2023-07-20
P02853,Rina Widiastuti,fhasanah@example.org,+62 (017) 358 1782,Pagaralam,Basic,2023-10-12
P02854,Tira Sihotang,slametuyainah@example.net,084 130 4788,Sukabumi,Gold,2024-10-16
P02855,"Ir. Prabawa Mayasari, S.E.I",dwibowo@example.org,+62-0630-048-6125,Sibolga,Basic,2023-07-27
P02856,Cindy Pratiwi,pardi88@example.net,+62 (0167) 911 3973,Banjarmasin,Gold,2024-01-13
P02857,Tgk. Yuliana Kuswoyo,prasetyotedi@example.net,+62-529-320-6192,Bontang,Gold,2023-02-28
P02858,Jessica Saefullah,rusman66@example.org,+62 (05) 337 6925,Yogyakarta,Basic,2023-11-02
P02859,Hana Thamrin,wulandarijail@example.net,+62-594-595-6537,Tual,Basic,2023-12-25
P02860,Agnes Namaga,slametlaksita@example.org,+62 (0836) 160 8843,Pekanbaru,Basic,2023-05-13
P02861,"Hamzah Salahudin, S.H.",awijaya@example.com,(094) 245-4425,Purwokerto,Basic,2024-05-31
P02862,Calista Susanti,wmustofa@example.net,+62 (028) 333 8393,Pekalongan,Gold,2024-08-26
P02863,Bakiono Manullang,panca62@example.com,+62-175-354-7826,Salatiga,Basic,2024-03-04
P02864,Dr. Maimunah Zulkarnain,dyuniar@example.com,+62-0741-058-6928,Langsa,Gold,2023-04-01
P02865,Dirja Wulandari,uyainahraihan@example.org,+62 (39) 106-5676,Payakumbuh,Basic,2024-10-12
P02866,Diah Saputra,maheswaragaman@example.org,+62-048-649-2233,Tebingtinggi,Platinum,2024-05-20
P02867,Ajeng Kuswoyo,restu37@example.net,(0716) 919 8842,Solok,Basic,2023-11-18
P02868,"Hairyanto Adriansyah, S.T.",ksaragih@example.com,+62 (066) 129 4890,Binjai,Basic,2024-03-30
P02869,Jayeng Suryono,nasab72@example.com,(019) 942-0043,Kotamobagu,Basic,2024-08-01
P02870,"Elvina Hutasoit, S.Gz",cuwais@example.com,+62 (046) 690-2615,Palembang,Platinum,2024-10-01
P02871,"Sutan Pangeran Tarihoran, M.TI.",kuswoyojohan@example.net,+62 (57) 694-1917,Sabang,Basic,2024-10-31
P02872,Kawaca Mandasari,harto39@example.com,(0463) 162-8912,Manado,Gold,2024-10-12
P02873,"Wirda Nasyidah, M.TI.",sitorusfarah@example.com,+62-76-110-4456,Serang,Basic,2024-09-11
P02874,"Ajeng Zulaika, S.Kom",prastutiilyas@example.com,+62 (0985) 756 9442,Cilegon,Gold,2023-02-13
P02875,Lalita Firmansyah,lailasarijarwa@example.org,(079) 076-7736,Jayapura,Platinum,2024-04-08
P02876,"Drs. Yani Mulyani, S.Psi",wibowojelita@example.org,+62 (505) 784 9649,Mataram,Basic,2024-05-16
P02877,Hana Setiawan,gandewadamanik@example.org,(083) 219 3921,Bima,Gold,2023-04-20
P02878,Johan Saputra,yosef67@example.org,+62-046-685-3212,Ternate,Basic,2024-09-17
P02879,Widya Sirait,kusumosepti@example.org,+62-012-927-0398,Tangerang,Basic,2024-03-14
P02880,drg. Kayun Yolanda,elvina57@example.org,+62 (98) 899-2247,Pematangsiantar,Gold,2023-01-31
P02881,Anita Hariyah,padmasaribaktiadi@example.com,+62 (003) 574-5679,Kediri,Platinum,2023-01-05
P02882,Hendri Lazuardi,mardhiyahharjaya@example.net,+62-0138-763-4295,Pagaralam,Gold,2024-01-17
P02883,"Puti Wani Widiastuti, M.Kom.",emplukgunawan@example.com,(0404) 179 7141,Binjai,Basic,2024-02-20
P02884,"R. Rika Tampubolon, M.M.",utamijoko@example.net,+62 (044) 838 0160,Pekalongan,Gold,2023-02-11
P02885,"Nadia Namaga, M.M.",sudiatidadap@example.com,+62 (068) 336-6453,Padang,Basic,2024-06-08
P02886,Lili Gunawan,hmandasari@example.net,+62 (46) 697-5221,Tanjungpinang,Basic,2023-07-18
P02887,"Ulya Habibi, M.Pd",nnarpati@example.com,+62 (0074) 592-3920,Prabumulih,Basic,2023-12-31
P02888,Dt. Nalar Salahudin,maimunah95@example.com,+62 (977) 582-0380,Pematangsiantar,Basic,2023-12-20
P02889,Shania Sitompul,hamima00@example.com,+62-0416-942-6790,Samarinda,Basic,2024-08-25
P02890,Uchita Purnawati,huyainah@example.net,+62 (421) 039 6330,Sukabumi,Basic,2024-09-06
P02891,Laras Sihombing,karjalailasari@example.net,(020) 524 5426,Surabaya,Basic,2023-03-05
P02892,"Wani Natsir, S.E.I",usadaoskar@example.com,(0261) 327-2617,Bitung,Gold,2024-07-20
P02893,Anastasia Setiawan,sidiq67@example.net,+62-84-957-4559,Bukittinggi,Gold,2024-10-12
P02894,Syahrini Lazuardi,najmudinrama@example.net,(0239) 715-0175,Pontianak,Basic,2023-10-27
P02895,Gamanto Manullang,,(0056) 208-1524,Singkawang,Basic,2023-04-30
P02896,Argono Zulkarnain,qori92@example.net,+62-77-070-6062,Singkawang,Basic,2023-03-14
P02897,Aurora Narpati,yaniyulianti@example.net,(052) 612-4702,Bima,Basic,2023-09-08
P02898,Dt. Kurnia Pangestu,dabukkeradit@example.net,(0819) 572-1472,Ambon,Basic,2024-09-18
P02899,Rachel Hutasoit,mandalaade@example.org,0815610159,Banjar,Gold,2023-01-05
P02900,"Hj. Oni Halim, S.Ked",opheliahariyah@example.com,+62 (99) 205-7654,Probolinggo,Basic,2023-06-04
P02901,Kunthara Thamrin,hanawaskita@example.net,089 790 7683,Kota Administrasi Jakarta Utara,Gold,2023-08-29
P02902,"Ghani Waluyo, M.Pd",jarwiardianto@example.com,(031) 240-4898,Balikpapan,Gold,2024-03-10
P02903,Uchita Sudiati,dadap87@example.com,+62-302-649-8104,Lhokseumawe,Basic,2024-10-21
P02904,Yuni Siregar,qrahmawati@example.com,+62 (607) 983-7441,Parepare,Basic,2024-02-27
P02905,"Bakti Mahendra, M.Pd",indah85@example.com,+62 (180) 225-0876,Gorontalo,Basic,2023-09-05
P02906,"R. Nasab Dabukke, S.E.I",yaniprayoga@example.net,+62 (0185) 504 0554,Palangkaraya,Basic,2023-09-03
P02907,drg. Kezia Wulandari,lalitatampubolon@example.org,+62 (578) 067-7056,Madiun,Basic,2023-12-10
P02908,dr. Zahra Widiastuti,astutisakti@example.com,(0662) 136 4276,Langsa,Gold,2024-02-08
P02909,"Wawan Zulaika, S.I.Kom",kuntharahalim@example.com,(019) 318-4339,Binjai,Gold,2023-04-11
P02910,Lidya Hartati,jumadi58@example.com,(0315) 757-5415,Tidore Kepulauan,Basic,2023-04-13
P02911,Bajragin Hutapea,darmajitarihoran@example.com,+62-0035-485-6150,Pasuruan,Basic,2023-02-21
P02912,"Jatmiko Uyainah, S.H.",salwa28@example.com,(0639) 530-3570,Pontianak,Basic,2023-06-23
P02913,"Tgk. Raden Hardiansyah, S.Kom",bwacana@example.net,+62-0357-195-4542,Bitung,Basic,2024-07-24
P02914,"Drs. Titin Maryadi, M.Pd",uda36@example.org,(047) 758 2599,Banjar,Basic,2024-06-23
P02915,Kalim Wastuti,cagaksusanti@example.net,+62-013-179-1699,Salatiga,Gold,2023-03-26
P02916,Respati Mustofa,natalia71@example.org,(0946) 641 8941,Banjarmasin,Basic,2024-02-29
P02917,Rina Hutapea,lili05@example.net,083 822 0888,Palembang,Platinum,2024-01-14
P02918,Wani Saragih,,+62-250-416-5699,Bau-Bau,Gold,2024-12-02
P02919,Prayogo Pradipta,jfirgantoro@example.org,+62 (018) 736-9598,Malang,Basic,2024-02-26
P02920,Lili Mangunsong,xnovitasari@example.net,+62 (0430) 653 4683,Tangerang Selatan,Basic,2023-11-09
P02921,"Caket Oktaviani, S.E.I",agustinaajiman@example.org,(065) 079-7381,Kota Administrasi Jakarta Pusat,Gold,2023-03-13
P02922,Pia Rajasa,laksitanyana@example.net,(0777) 676-3932,Depok,Basic,2023-11-06
P02923,"dr. Hartana Permadi, M.Kom.",oskar32@example.org,+62 (048) 522 7168,Kendari,Gold,2024-04-12
P02924,Oskar Suwarno,pthamrin@example.net,+62-791-491-1347,Dumai,Gold,2023-04-25
P02925,Ophelia Mandasari,wacanarafid@example.com,+62-179-065-3095,Kupang,Gold,2023-10-03
P02926,"Humaira Puspita, S.Psi",adinata72@example.com,(0304) 926-7690,Tomohon,Gold,2024-08-22
P02927,"Tgk. Zahra Ramadan, M.TI.",fpradipta@example.org,(073) 214 0191,Gorontalo,Gold,2024-07-14
P02928,"Karen Wahyuni, M.Kom.",jsiregar@example.net,(061) 443 1217,Singkawang,Gold,2023-09-02
P02929,Salsabila Hartati,fujiaticayadi@example.com,+62-88-954-1941,Kota Administrasi Jakarta Utara,Basic,2023-06-25
P02930,Laksana Safitri,hana12@example.com,0858950131,Palembang,Basic,2023-11-28
P02931,"Wawan Thamrin, S.E.I",akuswoyo@example.net,(0783) 251-4690,Bandar Lampung,Basic,2024-11-09
P02932,"Drs. Sadina Hutasoit, M.Pd",soleh44@example.com,(0400) 135-9276,Tomohon,Basic,2023-03-21
P02933,"Cut Gina Adriansyah, M.TI.",karmanrahimah@example.org,+62-363-292-3577,Tidore Kepulauan,Basic,2023-09-15
P02934,Kamila Zulkarnain,hasan59@example.net,0811320349,Jayapura,Basic,2024-01-19
P02935,Timbul Rajasa,karen09@example.net,(009) 307-8612,Medan,Basic,2023-04-17
P02936,Indah Wasita,danangpratama@example.org,(0444) 358 3025,Tomohon,Basic,2024-06-26
P02937,Ibun Siregar,atmawaluyo@example.org,+62 (956) 983-2939,Pagaralam,Gold,2023-09-25
P02938,Almira Nuraini,manullangraditya@example.org,088 223 1388,Batu,Basic,2024-06-09
P02939,Sakti Sitorus,fitria88@example.org,+62 (733) 092 9815,Magelang,Gold,2024-07-31
P02940,"Winda Wulandari, M.M.",raden83@example.net,(015) 701 2274,Kota Administrasi Jakarta Selatan,Gold,2024-02-25
P02941,"Cager Rahimah, M.Pd",firgantorowarsita@example.org,+62 (051) 054-0808,Kediri,Gold,2023-07-13
P02942,Dimaz Oktaviani,budikuswandari@example.com,+62 (018) 460 7315,Sorong,Platinum,2023-01-23
P02943,Ifa Haryanto,tsalahudin@example.net,(022) 486-0349,Tual,Basic,2023-03-16
P02944,Yoga Winarsih,hwahyuni@example.net,(0023) 909-3931,Semarang,Basic,2024-03-17
P02945,"Sutan Oman Haryanto, S.Pd",mustofadanu@example.com,(0693) 614-0719,Tual,Basic,2024-06-24
P02946,"Hj. Kasiyah Wahyuni, M.Ak",pwibisono@example.net,+62-0066-712-9283,Langsa,Basic,2023-05-27
P02947,Dt. Dalimin Haryanti,prayitnasihombing@example.org,(064) 931 0034,Bukittinggi,Basic,2024-09-08
P02948,Tgk. Ani Sirait,prayogopalastri@example.org,+62 (073) 618-8031,Ambon,Gold,2024-09-10
P02949,"Dr. Dacin Nashiruddin, S.H.",setyairawan@example.net,(004) 095-6997,Gorontalo,Basic,2024-02-03
P02950,Ana Yulianti,vsaefullah@example.org,(031) 390-9573,Balikpapan,Gold,2024-03-16
P02951,"Purwanto Hakim, S.Ked",wprabowo@example.org,+62 (038) 506 9671,Padang Sidempuan,Gold,2023-01-27
P02952,Artawan Puspita,mahesawinarsih@example.net,+62 (979) 653 4766,Manado,Gold,2024-11-22
P02953,"Hana Kuswoyo, M.Pd",bahuwirya30@example.org,(0450) 171-9713,Bitung,Platinum,2024-04-01
P02954,Tedi Riyanti,farahoktaviani@example.org,(0046) 762-1340,Padangpanjang,Basic,2023-04-24
P02955,Paramita Kuswandari,omanagustina@example.net,+62-0129-508-6604,Palembang,Platinum,2023-10-05
P02956,Manah Rajata,prayogopermata@example.com,+62 (0283) 497-5340,Gorontalo,Platinum,2023-01-26
P02957,Drs. Jarwa Natsir,salahudinmursinin@example.com,+62 (093) 737-6377,Gorontalo,Gold,2023-07-20
P02958,Xanana Marpaung,cager87@example.net,+62 (51) 481 0843,Kotamobagu,Basic,2023-11-27
P02959,Prabawa Yuniar,raisa55@example.com,+62-407-718-8279,Sukabumi,Platinum,2024-01-25
P02960,"Dr. Kasim Nasyiah, S.Pt",maliklailasari@example.com,+62 (0837) 901 6529,Denpasar,Basic,2024-07-04
P02961,"Rahman Tamba, M.Farm",hairyanto52@example.net,(0333) 515 4483,Kendari,Gold,2023-01-06
P02962,Umi Santoso,mulyono79@example.com,+62-0821-894-4021,Pasuruan,Gold,2023-09-10
P02963,Timbul Yuniar,prasetyaviolet@example.org,+62 (0668) 315-0514,Sungai Penuh,Gold,2024-09-30
P02964,Ajiman Hariyah,musamah@example.com,0822628609,Tidore Kepulauan,Basic,2024-02-03
P02965,Yosef Pradipta,nugrahamulyani@example.org,(059) 769 4265,Salatiga,Gold,2024-06-08
P02966,Unjani Laksita,azalea70@example.org,+62 (915) 492-0886,Pagaralam,Basic,2024-07-03
P02967,Cawisono Wastuti,mahendradamar@example.net,082 464 4259,Tomohon,Basic,2024-02-15
P02968,Kardi Hasanah,gunartodadap@example.org,+62-72-102-6885,Batu,Basic,2024-06-21
P02969,Tgk. Tira Mansur,budiagustina@example.net,+62 (620) 149 1445,Balikpapan,Gold,2024-01-19
P02970,"Dr. Drajat Siregar, M.M.",baktionorajata@example.net,(025) 243 3347,Bandung,Basic,2024-05-23
P02971,Ellis Mahendra,padma78@example.net,+62 (13) 426-5126,Sorong,Gold,2023-03-14
P02972,Lantar Rajata,pratiwichandra@example.org,+62 (69) 135 5176,Yogyakarta,Basic,2023-10-02
P02973,Dina Zulkarnain,tampubolonkartika@example.com,+62-03-780-0843,Kota Administrasi Jakarta Timur,Gold,2023-09-16
P02974,"Dr. Cici Prasetya, S.I.Kom",citra97@example.org,+62 (94) 106-6040,Serang,Platinum,2024-10-22
P02975,Zelaya Permadi,danuja76@example.net,+62 (0597) 040 4197,Tidore Kepulauan,Basic,2024-02-19
P02976,"Nurul Usada, S.H.",jayeng24@example.org,+62 (088) 673 2102,Kotamobagu,Basic,2024-11-02
P02977,Rafi Dabukke,permatacahya@example.com,+62 (0767) 801 7816,Dumai,Basic,2024-01-31
P02978,Tgk. Lanjar Wibowo,kurniamarbun@example.com,+62-70-285-1442,Gorontalo,Gold,2023-06-29
P02979,Saka Setiawan,darmajiutama@example.com,+62 (0007) 826 9365,Bukittinggi,Basic,2023-12-07
P02980,Umi Prayoga,simbolonartanto@example.net,081 087 9020,Sibolga,Basic,2023-05-10
P02981,"R.A. Titi Budiyanto, S.Pd",kasim21@example.org,+62 (068) 710-0652,Bitung,Basic,2024-01-21
P02982,Nyoman Lailasari,aramadan@example.com,084 008 8602,Bima,Gold,2024-06-27
P02983,Tgk. Rahmi Lailasari,kpadmasari@example.net,(0740) 365 6037,Palangkaraya,Basic,2024-03-15
P02984,Vega Nasyiah,syulianti@example.net,+62 (590) 326-9884,Tebingtinggi,Gold,2023-12-31
P02985,Sutan Kajen Santoso,twijayanti@example.net,+62-039-850-8686,Padang Sidempuan,Platinum,2024-03-18
P02986,Sakura Haryanto,amarpaung@example.com,(0090) 767-9852,Palopo,Basic,2024-08-23
P02987,"Dr. Indra Pudjiastuti, S.I.Kom",maria65@example.org,+62 (60) 453-8100,Palopo,Basic,2023-06-07
P02988,Jaya Prayoga,raden17@example.net,+62-02-963-6073,Binjai,Basic,2024-01-11
P02989,"Raden Sirait, M.M.",umaheswara@example.com,(0773) 061-4521,Manado,Gold,2023-01-28
P02990,Dr. Ella Maheswara,winarsihqueen@example.org,(0122) 517-3438,Kota Administrasi Jakarta Pusat,Platinum,2023-05-30
P02991,Ir. Eva Hutapea,farah28@example.org,+62 (215) 409-3317,Bengkulu,Basic,2024-03-09
P02992,"Lega Kuswoyo, M.M.",dewihasanah@example.net,081 386 0585,Kota Administrasi Jakarta Selatan,Basic,2024-06-28
P02993,Artawan Marpaung,laksitataswir@example.org,+62 (03) 275-5677,Palangkaraya,Basic,2023-08-31
P02994,Hartaka Nasyidah,hartaticawuk@example.com,(0723) 040 5452,Sorong,Basic,2024-11-18
P02995,"Drs. Ridwan Utami, M.TI.",liman35@example.net,+62 (084) 401 0002,Kupang,Basic,2023-11-15
P02996,Sari Lazuardi,malapratama@example.net,(0938) 784-2505,Bandung,Basic,2023-09-20
P02997,"Zelaya Latupono, S.Ked",astutilaras@example.com,+62 (158) 473-2120,Banjarbaru,Gold,2023-04-09
P02998,Zahra Suryono,situmoranggantar@example.com,(012) 713-4098,Banjarbaru,Basic,2023-03-28
P02999,Pia Prasasta,pradanaeva@example.net,+62 (86) 770-0072,Kediri,Basic,2024-01-14
P03000,Luthfi Anggriawan,calistagunarto@example.com,+62-094-175-3244,Tual,Basic,2024-11-01
P03001,"Hj. Nabila Namaga, S.Psi",oprasasta@example.net,+62 (374) 273 2518,Tegal,Gold,2024-08-31
P03002,Heryanto Manullang,pangestunadia@example.org,+62-276-026-7884,Bukittinggi,Basic,2024-11-19
P03003,Puti Ghaliyati Saputra,vinokurniawan@example.net,+62 (008) 652-3785,Sukabumi,Basic,2023-12-17
P03004,Nardi Adriansyah,suryatmiembuh@example.net,+62-97-317-1512,Purwokerto,Basic,2023-09-17
P03005,Novi Prayoga,firgantorowarsa@example.net,(057) 877 4234,Palembang,Gold,2023-08-26
P03006,Dariati Pradipta,hutasoitestiawan@example.net,+62 (91) 283-0535,Bima,Gold,2024-08-22
P03007,Eva Rahmawati,smegantara@example.com,(0602) 101-6275,Jambi,Basic,2024-08-07
P03008,Tira Waluyo,kurniawanendah@example.org,(0686) 225-5736,Tangerang Selatan,Gold,2024-09-14
P03009,Rusman Saptono,siska17@example.net,+62-006-590-9112,Bekasi,Basic,2024-08-07
P03010,Zelaya Zulkarnain,npranowo@example.com,+62 (779) 682 5141,Banjarbaru,Gold,2023-10-16
P03011,Sutan Asirwanda Zulkarnain,npalastri@example.com,(0080) 055-3670,Ternate,Basic,2024-11-15
P03012,Warsita Namaga,farahmansur@example.org,+62 (737) 358 7277,Balikpapan,Basic,2023-06-05
P03013,Luwes Sihombing,rajatasalman@example.net,+62 (386) 798 4114,Lubuklinggau,Basic,2023-10-17
P03014,Upik Laksmiwati,paryani@example.net,081 586 2614,Kota Administrasi Jakarta Timur,Gold,2024-11-13
P03015,Cut Nilam Aryani,halimalmira@example.com,+62 (03) 473-8376,Banda Aceh,Basic,2023-04-05
P03016,"Ir. Luluh Ardianto, S.Kom",kasimsiregar@example.net,+62-0535-966-4528,Palopo,Basic,2024-08-05
P03017,Dr. Amalia Laksmiwati,harjaya35@example.com,+62 (077) 244-5625,Samarinda,Basic,2024-07-12
P03018,"Raina Lailasari, S.IP",mustofajamalia@example.net,+62 (20) 177 8544,Sawahlunto,Gold,2023-01-23
P03019,Aswani Tampubolon,asiregar@example.com,(036) 988 0683,Tual,Basic,2023-10-12
P03020,"Drs. Ajimat Pudjiastuti, M.Pd",waskitavino@example.com,0829435507,Blitar,Platinum,2023-07-08
P03021,"R.A. Sadina Sirait, S.H.",fnovitasari@example.com,+62 (94) 967 8315,Batu,Basic,2023-09-05
P03022,Maras Prastuti,bambangmaheswara@example.org,+62-184-640-9358,Jayapura,Basic,2024-02-26
P03023,Putri Agustina,dongoranhendra@example.net,+62 (03) 518 7131,Sukabumi,Basic,2024-06-09
P03024,Argono Sitompul,tirtayasa57@example.com,+62 (0184) 307-5503,Pasuruan,Basic,2024-06-25
P03025,Cagak Rahimah,aryaniliman@example.net,+62-668-633-6432,Tanjungbalai,Gold,2024-01-08
P03026,Opung Pudjiastuti,rahmihakim@example.com,+62-0764-934-1857,Sukabumi,Basic,2024-07-29
P03027,"Bagiya Tarihoran, S.Psi",zprasasta@example.net,+62-024-740-8797,Prabumulih,Gold,2024-02-23
P03028,Violet Purwanti,nasyidahkarya@example.net,(068) 827-7386,Cirebon,Basic,2024-03-21
P03029,"Nadine Andriani, S.Sos",maimunah24@example.com,+62-070-369-7908,Sawahlunto,Gold,2023-11-06
P03030,Diah Santoso,dinapertiwi@example.net,(0988) 318-2856,Magelang,Basic,2024-07-13
P03031,"Qori Permata, S.T.",luweshandayani@example.com,(016) 699-2541,Subulussalam,Basic,2024-07-11
P03032,Padmi Halim,kania73@example.org,(0735) 577-0644,Tanjungbalai,Gold,2023-06-23
P03033,Bagya Prayoga,laksitadacin@example.org,+62-0007-282-4247,Palu,Gold,2024-11-10
P03034,Raihan Winarsih,nababanatma@example.org,+62 (84) 289-0244,Pasuruan,Gold,2023-08-18
P03035,Wira Sihotang,ranggaagustina@example.com,+62 (0249) 407-5014,Kota Administrasi Jakarta Selatan,Basic,2023-03-22
P03036,Cemeti Prasetya,elma98@example.org,+62 (88) 604-9746,Tebingtinggi,Basic,2024-07-25
P03037,"Cut Mutia Wibisono, S.IP",pradiptahartaka@example.net,087 121 8123,Bukittinggi,Basic,2024-05-14
P03038,"Hafshah Samosir, S.T.",mlestari@example.org,0850970756,Banjarmasin,Basic,2024-01-06
P03039,Tami Lazuardi,wasis54@example.net,+62 (93) 031 2313,Denpasar,Platinum,2024-07-29
P03040,"Shania Mansur, S.Pd",opheliasamosir@example.net,(0356) 760 3050,Tomohon,Basic,2023-03-10
P03041,Dt. Pranata Handayani,kurnianasyiah@example.org,(0461) 195-4345,Kota Administrasi Jakarta Utara,Gold,2024-05-27
P03042,Bambang Maulana,padmasaridarsirah@example.com,+62 (003) 902 4768,Balikpapan,Basic,2023-03-26
P03043,Ir. Wawan Pangestu,natsirani@example.org,+62-55-968-4690,Kota Administrasi Jakarta Pusat,Basic,2023-06-10
P03044,Nova Yolanda,hutasoittomi@example.org,+62 (0241) 139 9061,Sukabumi,Gold,2024-07-23
P03045,Zahra Najmudin,asirwada68@example.com,(0255) 260 7010,Tanjungpinang,Basic,2024-05-10
P03046,Sutan Langgeng Maryati,jelita68@example.net,+62 (06) 530 2141,Gorontalo,Gold,2024-07-14
P03047,Restu Rajasa,maheswaraamong@example.org,+62 (0304) 291-2304,Tasikmalaya,Gold,2024-06-27
P03048,Cemeti Saefullah,tampubolonlaswi@example.com,+62 (099) 584-8852,Pangkalpinang,Basic,2024-03-24
P03049,"dr. Paiman Mansur, S.Farm",makutawibowo@example.org,+62 (51) 173 1196,Parepare,Basic,2024-07-19
P03050,"dr. Jane Lazuardi, S.IP",wkusumo@example.org,(0195) 066-6113,Palembang,Basic,2024-06-03
P03051,"Hj. Anastasia Maryadi, S.E.I",lgunawan@example.net,0831284110,Semarang,Basic,2023-07-01
P03052,Karma Prabowo,qhutapea@example.com,+62-004-869-7558,Pekanbaru,Basic,2023-11-20
P03053,Yuni Damanik,jmahendra@example.org,(0534) 549 6132,Palopo,Basic,2024-01-11
P03054,"Eva Irawan, S.Ked",kurniaastuti@example.net,(0992) 590 0380,Pasuruan,Basic,2023-08-17
P03055,Unjani Nainggolan,aryanirahmat@example.com,+62-073-674-5088,Palembang,Basic,2024-04-16
P03056,Ajiono Wulandari,bakijan96@example.net,+62-404-850-4203,Bandung,Gold,2023-03-05
P03057,"Dt. Purwa Fujiati, M.M.",kaylahidayanto@example.net,+62 (991) 473 4273,Ternate,Gold,2023-06-03
P03058,Halima Laksmiwati,jono28@example.org,+62-084-317-3329,Semarang,Platinum,2024-11-18
P03059,Cemeti Namaga,salahudinharja@example.com,+62 (43) 353 1122,Bima,Gold,2023-07-14
P03060,"Hardi Purnawati, S.E.I",puput30@example.org,(0350) 458 7168,Pasuruan,Basic,2023-11-11
P03061,"Puti Puti Megantara, S.Psi",hwibowo@example.com,+62 (00) 320-2947,Bau-Bau,Gold,2024-11-30
P03062,Jasmin Sudiati,dono99@example.com,+62-92-110-8570,Meulaboh,Platinum,2023-10-25
P03063,"Dr. Gina Winarno, M.Kom.",halimahwinda@example.org,+62 (693) 055-2603,Sungai Penuh,Gold,2023-07-28
P03064,"Belinda Hutagalung, S.Farm",plaksita@example.com,+62-0247-178-1032,Bekasi,Basic,2024-01-14
P03065,Ade Samosir,wirdawacana@example.org,0840130903,Blitar,Basic,2024-12-01
P03066,Talia Prasetyo,kezia23@example.org,(081) 919-7032,Pariaman,Basic,2024-01-17
P03067,Zizi Nurdiyanti,lazuardikambali@example.com,+62 (0756) 503-9176,Jayapura,Gold,2024-01-21
P03068,Uchita Purwanti,tnatsir@example.com,080 800 2257,Bitung,Basic,2024-05-04
P03069,"Digdaya Hutagalung, M.Pd",bahuraksa67@example.com,+62-008-647-4506,Manado,Basic,2023-12-21
P03070,"Ir. Rahayu Rahimah, S.Gz",budimancemeti@example.com,+62 (038) 993-9126,Kupang,Gold,2024-01-03
P03071,Intan Anggraini,zulkarnainelvin@example.org,+62-071-575-5337,Palangkaraya,Basic,2023-09-18
P03072,Lantar Wasita,kala91@example.org,+62 (06) 036-3381,Sibolga,Basic,2024-04-30
P03073,Rahmi Wijaya,swacana@example.com,+62 (64) 788 3820,Manado,Basic,2024-06-01
P03074,Ciaobella Puspita,uyuliarti@example.com,0885661987,Balikpapan,Basic,2023-08-16
P03075,dr. Widya Saefullah,wibowolasmono@example.com,+62-091-919-0536,Malang,Basic,2024-02-21
P03076,Sutan Purwadi Uyainah,kasusra77@example.org,(0941) 932 5352,Sibolga,Basic,2024-08-22
P03077,Darmanto Rahayu,alika33@example.net,+62 (758) 505-7634,Pagaralam,Basic,2024-08-04
P03078,Cinthia Palastri,dipayuniar@example.org,+62 (049) 788 1061,Pagaralam,Basic,2023-08-25
P03079,Pangeran Marpaung,hidayantoestiawan@example.org,+62 (278) 655 1412,Pagaralam,Platinum,2024-06-10
P03080,Karna Samosir,putuwaluyo@example.net,+62 (0788) 817 2589,Pontianak,Basic,2023-03-20
P03081,Ajiman Hariyah,rprasetyo@example.org,+62 (078) 182 5901,Palopo,Basic,2023-11-21
P03082,"Jumadi Puspasari, S.H.",elisa68@example.com,(0298) 166 9285,Cirebon,Basic,2023-06-17
P03083,Winda Sinaga,ivanhasanah@example.com,(046) 477-8996,Tasikmalaya,Gold,2023-10-08
P03084,"Tgk. Lidya Rahmawati, S.Gz",ardiantoasmadi@example.org,+62 (56) 315-1895,Cimahi,Basic,2023-06-24
P03085,T. Jaeman Safitri,prasetyoghani@example.net,+62 (0778) 004-3414,Kotamobagu,Gold,2024-02-13
P03086,Mustofa Prasetyo,yosef67@example.net,+62 (075) 791-8692,Surakarta,Gold,2024-11-11
P03087,Asirwanda Rajasa,maimunah92@example.net,+62 (0868) 527 3912,Serang,Platinum,2023-09-23
P03088,Qori Haryanti,cwinarno@example.org,0824297262,Pekalongan,Gold,2024-08-07
P03089,Lintang Mardhiyah,kasiyahpangestu@example.com,+62 (0025) 375-7021,Cimahi,Basic,2024-08-28
P03090,Rika Hutagalung,muni51@example.org,+62 (00) 645-4512,Medan,Basic,2023-03-22
P03091,Zaenab Prasasta,zrajasa@example.net,(021) 958 6613,Kota Administrasi Jakarta Timur,Basic,2024-10-28
P03092,R.A. Raisa Gunawan,sabriyuniar@example.net,+62 (0856) 018-4743,Bekasi,Basic,2023-05-13
P03093,"drg. Lala Habibi, S.I.Kom",elvinahardiansyah@example.com,+62 (048) 868-0184,Padang,Gold,2024-10-16
P03094,Dacin Widodo,nainggolanatma@example.net,+62 (25) 960-3977,Pasuruan,Basic,2024-11-05
P03095,Purwadi Pradana,simanjuntaklili@example.com,(0525) 159 6445,Kota Administrasi Jakarta Pusat,Gold,2023-07-27
P03096,"Drs. Jono Rahimah, S.Gz",vnuraini@example.com,089 021 4918,Binjai,Basic,2023-12-14
P03097,Nadine Pratama,kpudjiastuti@example.org,+62-708-597-7880,Tanjungpinang,Gold,2023-07-15
P03098,Enteng Tarihoran,lanjarnainggolan@example.net,+62 (0621) 442 6571,Malang,Basic,2023-10-26
P03099,Puspa Wijayanti,czulkarnain@example.org,(0958) 149-1401,Padang,Basic,2023-06-10
P03100,Irsad Siregar,karta25@example.net,+62 (0436) 634 9572,Tasikmalaya,Basic,2024-06-18
P03101,R.M. Cecep Sihotang,artawansihotang@example.net,(0141) 112 1291,Probolinggo,Basic,2024-07-15
P03102,Galang Winarno,habibihasan@example.com,+62-014-920-4669,Tanjungbalai,Basic,2024-02-13
P03103,Tina Rajata,maimunahpradana@example.com,0853204530,Subulussalam,Gold,2024-08-26
P03104,"Jaka Tampubolon, M.Ak",devimaheswara@example.org,+62-593-120-0122,Magelang,Gold,2024-08-21
P03105,Drs. Sadina Usamah,putri72@example.com,+62 (861) 442-0876,Padang Sidempuan,Platinum,2024-07-21
P03106,Siska Hardiansyah,nardianto@example.com,+62 (372) 646-8801,Cimahi,Basic,2023-09-11
P03107,Yance Kurniawan,palastrigalih@example.net,(0892) 860-0295,Jambi,Gold,2024-05-20
P03108,Jais Pradipta,titinsihotang@example.net,+62 (0928) 451 3397,Palangkaraya,Basic,2023-03-04
P03109,Nova Laksmiwati,lamar95@example.com,+62 (008) 895-5582,Bogor,Platinum,2023-12-27
P03110,KH. Lulut Andriani,usadanrima@example.org,+62 (0705) 905 7709,Binjai,Gold,2023-02-04
P03111,Pangeran Permadi,jatmikoiswahyudi@example.com,+62-106-595-1161,Kediri,Basic,2024-08-05
P03112,Jaya Riyanti,opheliamaulana@example.org,+62-084-925-5261,Yogyakarta,Basic,2024-09-11
P03113,Umi Laksita,yonomulyani@example.com,(055) 155-1736,Yogyakarta,Gold,2023-09-13
P03114,drg. Kayla Pratama,balamantrihassanah@example.com,+62 (26) 705 1176,Sukabumi,Basic,2024-10-12
P03115,Eva Lestari,warsawaluyo@example.org,+62 (079) 662-5762,Tanjungpinang,Gold,2024-06-19
P03116,Aisyah Sihombing,nrima85@example.com,+62-0963-974-6069,Yogyakarta,Basic,2024-08-27
P03117,Dr. Rahmi Lazuardi,yprabowo@example.com,(096) 272 8955,Kotamobagu,Platinum,2024-06-13
P03118,Cahyanto Maheswara,galar24@example.org,(0058) 565-0098,Tanjungpinang,Basic,2024-10-08
P03119,"R. Karja Mandasari, S.Pt",saragihagnes@example.net,+62 (0337) 106 4265,Sawahlunto,Basic,2024-10-23
P03120,"Jati Nainggolan, S.Pd",baktionojailani@example.net,+62 (0646) 894-4377,Gorontalo,Basic,2024-03-15
P03121,Ajimin Anggraini,awibowo@example.org,(0887) 502 2939,Mojokerto,Gold,2024-07-23
P03122,"Sutan Tomi Sihombing, S.Pd",slamet98@example.com,+62-869-080-0610,Bogor,Basic,2024-11-29
P03123,"KH. Abyasa Siregar, S.Kom",jayeng99@example.com,+62 (0291) 400-9919,Kupang,Basic,2023-06-11
P03124,Satya Nurdiyanti,damanikdarmana@example.net,(062) 077-1108,Jambi,Basic,2023-09-25
P03125,drg. Tantri Mandala,jthamrin@example.com,0834233835,Sungai Penuh,Gold,2023-12-26
P03126,Hj. Ira Permata,wacanaghani@example.com,+62 (15) 519-9851,Dumai,Gold,2024-04-10
P03127,Karna Fujiati,sihombingasirwada@example.net,+62 (004) 183-8538,Banjar,Gold,2023-03-12
P03128,Latika Sihombing,vsiregar@example.com,(0812) 790-8039,Kota Administrasi Jakarta Barat,Basic,2024-09-26
P03129,"R.M. Bakianto Suryatmi, S.Ked",prabulazuardi@example.net,+62 (05) 273 5352,Kupang,Basic,2024-05-28
P03130,Nyoman Yolanda,qhutagalung@example.org,+62 (20) 021-2536,Kupang,Basic,2023-06-09
P03131,Drs. Ajiono Suartini,yuliantikarna@example.com,+62 (76) 515 7770,Manado,Basic,2024-01-06
P03132,Karimah Hidayat,ghani49@example.org,+62 (21) 388 1607,Bandung,Gold,2023-05-09
P03133,Carla Waluyo,omanoktaviani@example.org,082 360 3388,Padangpanjang,Platinum,2023-08-07
P03134,"Kemba Prayoga, M.Ak",sihombingibrahim@example.com,+62 (29) 575 8916,Depok,Basic,2023-08-28
P03135,Hendra Halim,nardimangunsong@example.com,+62-348-732-4233,Payakumbuh,Basic,2024-01-22
P03136,"Cut Oni Wahyuni, S.H.",inarpati@example.org,(0018) 434-5103,Padang Sidempuan,Basic,2023-10-09
P03137,Dt. Bala Riyanti,saragihlaras@example.net,+62 (168) 312 5284,Gorontalo,Basic,2024-10-19
P03138,"Dr. Umay Nasyiah, S.T.",tarihoranestiono@example.com,+62-074-122-1368,Pasuruan,Basic,2024-03-31
P03139,Empluk Agustina,harjawinarno@example.com,+62 (726) 109-4047,Parepare,Basic,2024-07-09
P03140,Maida Kurniawan,hmangunsong@example.net,+62 (0003) 690 0874,Mataram,Basic,2023-11-22
P03141,"Salimah Megantara, S.E.",januarsilvia@example.org,081 471 3765,Pekalongan,Basic,2024-04-04
P03142,Anggabaya Thamrin,gawati48@example.org,(013) 625 5522,Pangkalpinang,Gold,2024-08-06
P03143,Bala Budiyanto,marpaunglabuh@example.net,0833444577,Tasikmalaya,Gold,2023-07-17
P03144,"Karja Sihombing, S.H.",kania78@example.net,+62-080-618-4564,Bandar Lampung,Basic,2024-04-11
P03145,Drs. Aurora Yolanda,silvia50@example.net,0844353607,Padang Sidempuan,Gold,2023-02-16
P03146,Jaga Aryani,kusmawatiusyi@example.net,+62 (08) 683 3831,Tanjungpinang,Basic,2024-08-22
P03147,Hasna Prasetyo,jarwa72@example.net,(005) 814-3380,Bengkulu,Basic,2024-07-13
P03148,Sutan Baktianto Hidayat,arsipatra86@example.org,087 064 4707,Bandung,Basic,2024-07-14
P03149,"Dr. Zaenab Waluyo, S.Pd",sabrina76@example.net,(034) 193-2820,Meulaboh,Basic,2023-09-10
P03150,Sutan Daryani Sihombing,laras02@example.org,+62 (165) 379 9097,Pariaman,Basic,2024-10-01
P03151,"Cut Rachel Mayasari, S.IP",rmangunsong@example.com,+62 (015) 227-5781,Pekalongan,Gold,2023-04-13
P03152,Rafi Melani,dindamulyani@example.net,+62 (0994) 594-2021,Manado,Gold,2023-10-05
P03153,Opung Wijaya,pradanakoko@example.net,(0807) 012 9344,Batu,Gold,2024-05-16
P03154,Hamima Prasetya,uwidodo@example.net,+62 (996) 434-0068,Salatiga,Gold,2023-06-05
P03155,Gilda Hariyah,prasastaellis@example.org,(093) 579 9567,Sibolga,Basic,2024-08-18
P03156,"Drs. Bakijan Suwarno, M.TI.",padmasarikurnia@example.com,+62 (803) 298-3660,Tanjungpinang,Basic,2024-11-24
P03157,Ana Pangestu,sfarida@example.net,+62 (07) 441 0795,Bukittinggi,Gold,2023-01-02
P03158,"Drs. Yunita Napitupulu, M.Ak",rafisuryatmi@example.org,+62 (089) 577 5833,Kota Administrasi Jakarta Selatan,Basic,2023-04-12
P03159,Dr. Mahesa Prastuti,prabawaprabowo@example.org,+62 (000) 390-9066,Purwokerto,Gold,2024-05-17
P03160,Koko Widodo,halimkenzie@example.org,+62 (372) 927-2104,Sukabumi,Basic,2024-09-14
P03161,Ir. Aslijan Pradana,smaryati@example.com,+62 (072) 477-6605,Semarang,Basic,2023-03-20
P03162,Panji Nababan,siregarrusman@example.org,+62-0226-036-3740,Bandar Lampung,Basic,2024-12-02
P03163,Dr. Gilda Maulana,edimaheswara@example.org,+62 (834) 108 5782,Sibolga,Basic,2024-03-23
P03164,"Puti Hesti Irawan, S.Ked",bellautama@example.com,(0733) 567 8948,Sabang,Basic,2023-01-02
P03165,"Dr. Irnanto Maryadi, M.TI.",jailsiregar@example.com,+62 (991) 067-5225,Bitung,Basic,2023-08-11
P03166,Latika Putra,warsamaryati@example.com,+62 (0427) 592 8968,Purwokerto,Basic,2023-11-11
P03167,Aisyah Pradana,maras81@example.net,+62 (44) 211-5017,Kendari,Gold,2023-07-28
P03168,Zamira Pranowo,marpaungcawuk@example.net,+62 (0914) 468-5854,Banjarbaru,Gold,2023-09-20
P03169,Tira Waskita,kawaya64@example.com,+62 (0398) 510 1966,Sorong,Gold,2024-08-02
P03170,Ajimat Pertiwi,fsitorus@example.com,+62 (04) 400-3234,Bukittinggi,Platinum,2024-02-11
P03171,"dr. Restu Sihotang, M.M.",natsirlulut@example.org,+62 (046) 912 1394,Bima,Basic,2023-11-22
P03172,Martani Nainggolan,kusmawatidanu@example.org,+62-041-854-2639,Sorong,Basic,2023-12-04
P03173,"drg. Hamima Widiastuti, S.Farm",humaira40@example.com,+62-0397-704-7428,Metro,Gold,2023-03-02
P03174,Yance Halim,pprabowo@example.com,(034) 774 3914,Sawahlunto,Gold,2024-06-01
P03175,Eka Hardiansyah,vmaryati@example.org,+62-597-705-9433,Pagaralam,Gold,2024-09-02
P03176,Kamaria Maryadi,muhammad65@example.net,(0957) 759-1662,Palu,Basic,2023-03-03
P03177,"Dt. Mustika Nasyidah, S.Pt",yolandaalambana@example.com,(0862) 265-4481,Depok,Basic,2023-08-14
P03178,Labuh Simanjuntak,hidayathartaka@example.net,+62 (068) 731 7029,Kediri,Gold,2024-09-29
P03179,"R.A. Jessica Wastuti, S.I.Kom",legawakusumo@example.com,(099) 490-6748,Palopo,Gold,2023-09-06
P03180,Purwa Saragih,enteng70@example.org,+62-578-205-1498,Kota Administrasi Jakarta Pusat,Gold,2023-07-16
P03181,Ir. Purwanto Puspasari,suwarnobagiya@example.com,0860679328,Bukittinggi,Basic,2024-01-01
P03182,"Ajimin Widiastuti, S.T.",vnarpati@example.org,(0233) 809-3014,Tual,Basic,2023-09-13
P03183,"Zelda Lestari, M.M.",iswahyudiluluh@example.org,+62-0216-528-7204,Tasikmalaya,Basic,2023-08-17
P03184,Halim Pangestu,ismailsirait@example.net,+62 (839) 443-8556,Banjarbaru,Gold,2023-09-11
P03185,Tami Fujiati,bagasmansur@example.net,+62-0355-286-3375,Kotamobagu,Basic,2023-10-09
P03186,Daliono Kuswandari,pia72@example.org,(0331) 633-3464,Sorong,Basic,2023-01-26
P03187,Bakiono Samosir,ajimat30@example.org,+62-0742-869-0241,Mataram,Basic,2023-12-25
P03188,"Balamantri Prabowo, M.TI.",jagaragaprayoga@example.org,+62-207-278-4982,Tomohon,Basic,2024-06-04
P03189,Ghaliyati Usada,ioktaviani@example.com,+62-601-626-3875,Tarakan,Basic,2023-10-22
P03190,Cawisono Saputra,mayaanggriawan@example.org,+62 (028) 437-9534,Palu,Basic,2024-07-24
P03191,Drs. Febi Wastuti,damanikgilang@example.org,+62 (060) 397 5645,Madiun,Gold,2024-10-06
P03192,dr. Paulin Suwarno,latuponomursita@example.net,+62-568-504-0598,Pontianak,Basic,2023-06-13
P03193,Dr. Gilda Prasetya,jumadipratiwi@example.org,+62 (0918) 955-7447,Kendari,Basic,2023-04-30
P03194,Xanana Utama,prasetyawidya@example.com,+62 (0804) 155 9876,Padangpanjang,Platinum,2024-07-29
P03195,"Fitria Simbolon, S.H.",nilam03@example.com,089 845 7449,Tangerang Selatan,Gold,2023-01-29
P03196,"Dina Nashiruddin, M.TI.",lidyatarihoran@example.com,(0151) 682 2895,Tarakan,Gold,2023-05-22
P03197,Titi Jailani,titin07@example.com,+62-32-481-0678,Balikpapan,Gold,2023-11-21
P03198,"Farhunnisa Setiawan, S.IP",wahyunisaadat@example.net,+62 (23) 349 2461,Mojokerto,Gold,2023-01-22
P03199,Genta Winarsih,uliwaluyo@example.net,+62 (623) 476-0468,Palu,Basic,2023-04-20
P03200,Violet Puspasari,hasanahtugiman@example.com,0854252031,Bengkulu,Basic,2024-07-20
P03201,Icha Sihombing,pnainggolan@example.com,+62 (071) 538 2441,Depok,Gold,2023-03-13
P03202,Nyana Napitupulu,rudinapitupulu@example.com,0826944017,Kota Administrasi Jakarta Pusat,Gold,2024-06-16
P03203,"Ir. Aditya Pangestu, S.H.",hutagalungmalik@example.net,+62-028-021-9675,Semarang,Gold,2023-12-29
P03204,Elon Agustina,aisyah03@example.com,+62-593-943-7755,Tual,Gold,2024-03-02
P03205,"drg. Kartika Kusumo, S.Pt",maryadiwasita@example.net,+62 (0823) 700-8553,Cimahi,Basic,2023-04-26
P03206,dr. Kawaca Melani,atmajarahayu@example.net,+62 (085) 100 2650,Bitung,Gold,2023-03-27
P03207,"Cut Vanya Budiman, S.IP",prastutiirnanto@example.com,+62-0804-847-3060,Subulussalam,Basic,2024-09-05
P03208,"Cinta Wastuti, S.E.",sudiatidagel@example.com,+62 (732) 767 2015,Blitar,Platinum,2023-09-01
P03209,Drs. Gabriella Hardiansyah,nalar84@example.net,(008) 880 8020,Metro,Basic,2024-03-21
P03210,Ilsa Hutagalung,daliminnasyiah@example.com,+62 (86) 149-4765,Pontianak,Gold,2024-05-11
P03211,"R. Taufan Marpaung, S.Sos",paris29@example.net,+62-0437-317-3982,Padangpanjang,Basic,2023-02-09
P03212,"Opan Lazuardi, S.Pd",cager15@example.com,+62 (88) 410-5972,Prabumulih,Gold,2023-05-13
P03213,Maryadi Saragih,simbolondarsirah@example.com,+62 (57) 589 4780,Tanjungbalai,Basic,2023-05-07
P03214,"Puti Unjani Hariyah, M.Pd",kanda35@example.org,+62 (046) 324-7805,Batu,Basic,2023-12-08
P03215,Bahuraksa Laksmiwati,xhastuti@example.com,+62 (158) 859-8717,Tomohon,Basic,2023-12-12
P03216,"Puti Chelsea Wibowo, M.TI.",mulyanicahyono@example.com,+62 (519) 054 4021,Batam,Gold,2024-02-22
P03217,KH. Lanang Hasanah,mangunsongamong@example.net,0866684685,Pariaman,Gold,2023-01-16
P03218,"R. Putri Nasyidah, M.M.",prayogaprayoga@example.org,+62 (438) 687-2384,Dumai,Gold,2023-03-07
P03219,Intan Saefullah,karsanasamosir@example.net,(038) 520-7503,Palu,Basic,2024-06-24
P03220,"Puti Sitompul, S.E.I",cengkirlaksmiwati@example.com,+62 (055) 236-4044,Lubuklinggau,Basic,2024-01-09
P03221,Ella Nasyiah,epermata@example.net,+62 (005) 343-8228,Gorontalo,Gold,2024-09-04
P03222,Okto Hutagalung,dongoranchelsea@example.com,(0440) 096 0694,Bekasi,Basic,2023-01-30
P03223,Jefri Zulkarnain,wanimandala@example.com,+62 (30) 477-7654,Bandar Lampung,Gold,2024-11-20
P03224,Liman Nasyiah,makuta47@example.com,+62 (945) 512 1644,Tegal,Basic,2024-01-03
P03225,Gabriella Nasyidah,asmuni19@example.com,(0047) 653-7585,Bitung,Basic,2024-11-25
P03226,Laras Wijaya,cemanimandala@example.com,082 907 0518,Kota Administrasi Jakarta Pusat,Basic,2023-11-12
P03227,Jamil Mardhiyah,saptonouda@example.org,+62 (122) 694-0654,Meulaboh,Gold,2023-10-18
P03228,Tgk. Rahayu Sihotang,wardayaanggraini@example.net,+62 (37) 558-8148,Kendari,Gold,2023-03-09
P03229,"Dr. Agnes Usamah, M.TI.",yolandadarmaji@example.org,(045) 676-6638,Sabang,Basic,2024-10-18
P03230,Lala Kusmawati,puspitajamalia@example.com,(0798) 648-6712,Meulaboh,Basic,2024-10-07
P03231,Lulut Yuliarti,jhidayat@example.org,0857272158,Serang,Basic,2024-02-25
P03232,"R. Zizi Hidayat, S.Psi",hutapeasalwa@example.com,+62 (002) 622 5180,Tidore Kepulauan,Gold,2024-04-15
P03233,Ophelia Prayoga,drajatfarida@example.net,(023) 969 4252,Mataram,Basic,2024-05-21
P03234,"Ir. Adikara Zulaika, S.Gz",dariatihutasoit@example.com,+62 (337) 082 7472,Ambon,Basic,2024-04-03
P03235,Kambali Hardiansyah,kartika54@example.org,+62 (032) 141 5116,Parepare,Basic,2023-02-27
P03236,Maman Kuswoyo,clara02@example.com,+62-314-017-0540,Cirebon,Basic,2023-02-18
P03237,Kani Wahyudin,csitumorang@example.net,+62-0611-374-8006,Purwokerto,Basic,2024-07-28
P03238,"Ir. Galiono Agustina, M.TI.",catur80@example.org,+62 (03) 973 5426,Tomohon,Basic,2024-09-12
P03239,Maria Riyanti,ekolaksmiwati@example.net,+62 (76) 698 1958,Meulaboh,Basic,2024-08-08
P03240,Putri Utami,ekuswoyo@example.com,(0369) 251 4819,Blitar,Gold,2023-08-04
P03241,Calista Suartini,gunartogilang@example.org,+62-0191-382-0673,Purwokerto,Gold,2023-09-30
P03242,"Raisa Setiawan, S.I.Kom",baktiadi54@example.net,+62 (82) 790 1378,Kendari,Basic,2024-08-01
P03243,Kawaya Nainggolan,upudjiastuti@example.com,(099) 690 4063,Kediri,Basic,2023-03-12
P03244,Ir. Iriana Utami,rahmi50@example.com,+62 (028) 317 3692,Tebingtinggi,Basic,2023-11-28
P03245,"Betania Waskita, M.Kom.",,085 446 6178,Bandung,Gold,2023-02-16
P03246,"Warsa Simbolon, S.Farm",eja87@example.net,+62-20-845-9954,Batam,Basic,2023-09-16
P03247,"drg. Harjasa Mangunsong, S.E.I",caryani@example.net,+62 (076) 917-1505,Banjar,Gold,2024-04-18
P03248,Ir. Indah Saptono,pudjiastutijono@example.net,089 864 6156,Blitar,Gold,2023-11-24
P03249,"Taswir Fujiati, M.Farm",cinta76@example.com,+62 (0882) 554-8831,Ternate,Gold,2024-01-18
P03250,Sutan Ivan Palastri,hutagalungrachel@example.com,+62 (95) 837 2368,Cimahi,Platinum,2024-01-21
P03251,Carla Budiyanto,tampubolonmulyono@example.org,082 399 1035,Banjarbaru,Basic,2023-02-13
P03252,Dwi Rajata,lsusanti@example.com,+62-56-071-4736,Binjai,Gold,2023-11-28
P03253,Dr. Jaswadi Pranowo,,+62 (428) 817 5934,Sibolga,Basic,2023-06-03
P03254,Carub Nasyiah,tami43@example.com,+62-0527-660-9257,Palopo,Basic,2024-01-06
P03255,Elma Yuniar,winarnozulaikha@example.com,(0493) 621-9432,Malang,Basic,2023-04-02
P03256,Putu Kuswandari,khidayat@example.net,(0040) 418 6686,Tomohon,Basic,2024-02-03
P03257,"Heru Haryanti, S.I.Kom",purwantisidiq@example.net,+62 (95) 392 2997,Solok,Gold,2024-01-20
P03258,Okto Hidayat,karyausamah@example.net,+62-81-210-1827,Probolinggo,Platinum,2023-04-17
P03259,"Ratih Zulkarnain, S.E.I",adikaprasasta@example.net,+62 (47) 791 0425,Prabumulih,Basic,2023-06-23
P03260,Emong Permata,hpertiwi@example.net,+62 (980) 336 0308,Palu,Platinum,2023-10-07
P03261,R. Titi Marpaung,widiastutikadir@example.org,+62 (29) 247 6448,Kendari,Basic,2023-09-04
P03262,Maria Iswahyudi,elisanainggolan@example.net,+62 (290) 499 4911,Ternate,Basic,2024-09-29
P03263,Daliono Wastuti,griyanti@example.net,0852619508,Pangkalpinang,Platinum,2024-05-12
P03264,Dewi Hardiansyah,lasmono89@example.com,+62 (0636) 862-3849,Jayapura,Gold,2023-10-04
P03265,Laras Januar,wahyusaptono@example.com,+62-0210-739-5188,Parepare,Basic,2023-06-06
P03266,"Devi Suartini, S.Psi",hnasyiah@example.org,(0120) 447-1248,Banjarbaru,Gold,2024-09-24
P03267,Ir. Vanya Puspita,jonoprasetya@example.org,+62-474-300-7364,Salatiga,Basic,2023-02-18
P03268,Patricia Dabukke,cwahyuni@example.org,(0218) 457 8498,Ambon,Gold,2023-04-25
P03269,Zelaya Sihombing,yuniarwahyu@example.net,+62-0796-490-0206,Bengkulu,Basic,2024-11-15
P03270,Dr. Ana Rahmawati,kayunsuwarno@example.org,+62 (93) 265-3495,Sawahlunto,Basic,2023-02-19
P03271,Cakrabuana Damanik,nababanana@example.net,(0521) 420-4741,Makassar,Basic,2023-08-13
P03272,"Ibrahim Simanjuntak, S.Pt",lidya39@example.org,(014) 098 0486,Sukabumi,Basic,2023-04-02
P03273,Cemani Kurniawan,jayawidiastuti@example.org,082 474 9730,Sibolga,Platinum,2023-01-22
P03274,"Dr. Ghaliyati Jailani, S.H.",ibranikusmawati@example.com,+62 (08) 750-1989,Kota Administrasi Jakarta Barat,Platinum,2023-03-06
P03275,"Malika Suwarno, S.Psi",eluhpuspita@example.net,+62-069-982-2147,Denpasar,Basic,2023-09-19
P03276,"Hamima Prasetyo, M.TI.",yuliartiusman@example.com,+62 (011) 656-3559,Ternate,Basic,2024-01-04
P03277,"R. Zulfa Sitompul, S.Ked",hidayantoshakila@example.net,+62-81-125-9301,Mataram,Basic,2023-09-15
P03278,Ikhsan Agustina,imamhutagalung@example.net,+62-840-722-9279,Bandar Lampung,Platinum,2024-11-18
P03279,Latika Farida,adiarjawijayanti@example.net,+62 (071) 565 5461,Pekanbaru,Basic,2024-08-14
P03280,Dr. Ganep Nurdiyanti,wsuryono@example.net,(0126) 856-5624,Kota Administrasi Jakarta Barat,Basic,2024-08-05
P03281,Darmaji Ramadan,heryanto30@example.net,(0799) 391-9665,Palangkaraya,Gold,2023-05-31
P03282,Naradi Suryono,novitasaricawisono@example.org,+62-0579-146-6435,Depok,Gold,2024-10-19
P03283,"Ir. Anggabaya Ramadan, M.Farm",wibisonocakrawala@example.com,+62 (092) 740 3234,Singkawang,Gold,2024-11-07
P03284,Puti Tania Wibisono,rosman61@example.net,(032) 168 6824,Medan,Gold,2024-03-26
P03285,Yunita Prayoga,ian51@example.net,+62 (389) 312-6823,Solok,Gold,2023-04-04
P03286,Bakiadi Permadi,bakidin26@example.org,+62 (0991) 070 7187,Palangkaraya,Basic,2024-01-27
P03287,Darimin Januar,uda77@example.com,+62 (36) 322 7693,Cilegon,Platinum,2024-03-10
P03288,Samiah Prasasta,elisa64@example.net,+62-93-197-6395,Ternate,Gold,2024-10-02
P03289,Dr. Raina Wacana,lintang53@example.com,+62-112-021-7732,Payakumbuh,Basic,2024-01-22
P03290,"Baktianto Laksmiwati, S.Ked",salahudinega@example.org,+62 (0036) 909 5708,Malang,Basic,2024-08-29
P03291,Reza Lazuardi,samiah00@example.net,+62 (039) 450-7683,Bau-Bau,Basic,2024-02-29
P03292,"Drs. Satya Hariyah, M.Ak",anommanullang@example.net,+62-61-745-6869,Cirebon,Basic,2023-02-20
P03293,Edi Safitri,luyainah@example.com,+62-39-026-8454,Malang,Basic,2023-08-03
P03294,Jessica Nainggolan,laksitavivi@example.net,(0345) 340-1289,Bitung,Gold,2023-11-24
P03295,"Hj. Ira Prasetyo, S.Pt",faizahhastuti@example.org,+62 (857) 359 0316,Surabaya,Basic,2024-07-02
P03296,Kiandra Megantara,nasyiahhendra@example.org,+62-720-256-4240,Meulaboh,Gold,2024-09-03
P03297,Vivi Iswahyudi,fnajmudin@example.org,0874911027,Balikpapan,Basic,2024-05-22
P03298,Laila Ramadan,cawisadi27@example.org,(0130) 332 0414,Meulaboh,Basic,2024-04-16
P03299,"Darimin Wahyudin, S.Pd",maheswaraulva@example.org,+62 (122) 708-5209,Payakumbuh,Basic,2023-05-19
P03300,"Gatot Prabowo, M.Kom.",calista34@example.net,+62 (0971) 309-5440,Palembang,Basic,2024-09-29
P03301,Puti Unjani Mardhiyah,nprasetyo@example.com,+62-428-988-6749,Bengkulu,Gold,2023-11-16
P03302,"Daliman Susanti, S.Kom",yunitasusanti@example.com,(0635) 865 5863,Medan,Gold,2024-03-18
P03303,Tgk. Ghaliyati Nurdiyanti,simbolonnatalia@example.net,+62 (106) 298-4599,Kota Administrasi Jakarta Pusat,Basic,2024-04-09
P03304,Rachel Susanti,ozy73@example.org,+62 (0432) 615 6484,Payakumbuh,Gold,2024-04-14
P03305,Lanang Sihotang,limanzulaika@example.com,+62 (094) 303-0949,Pekalongan,Gold,2023-03-17
P03306,Tina Widiastuti,permadimakara@example.net,+62 (079) 978 4946,Pekanbaru,Basic,2023-10-29
P03307,Karja Siregar,wsimanjuntak@example.net,+62 (067) 738-5170,Parepare,Gold,2023-04-13
P03308,Cinthia Hariyah,amegantara@example.net,+62 (0788) 504-8692,Makassar,Basic,2024-01-10
P03309,Perkasa Sihombing,utamateddy@example.com,(0441) 504 2498,Serang,Basic,2024-05-08
P03310,"Gabriella Samosir, S.Gz",purwasiregar@example.org,+62 (094) 825 5210,Pematangsiantar,Platinum,2023-05-27
P03311,Ega Saptono,qmansur@example.org,+62 (044) 723 3322,Sungai Penuh,Basic,2024-08-30
P03312,"Drs. Cemplunk Prayoga, S.Gz",emil26@example.org,0813204139,Bekasi,Basic,2023-05-21
P03313,"Gatot Purnawati, S.Pd",prahimah@example.net,0845351838,Kota Administrasi Jakarta Utara,Basic,2023-04-23
P03314,Drs. Cawisadi Prasetyo,oktaandriani@example.org,+62-037-468-1669,Denpasar,Gold,2024-04-26
P03315,Martana Situmorang,najibsuartini@example.net,(070) 505-3778,Serang,Gold,2023-11-10
P03316,Dian Yuniar,gamanihasanah@example.com,+62 (35) 394 1820,Ternate,Basic,2024-10-26
P03317,Bagus Sinaga,kurnia41@example.org,+62 (0184) 049-2006,Surabaya,Basic,2024-08-16
P03318,drg. Gabriella Santoso,langgeng54@example.org,+62 (0278) 735-2190,Padang Sidempuan,Basic,2024-02-17
P03319,Bagiya Yulianti,sabarprasetyo@example.com,+62 (074) 934-0429,Kendari,Basic,2024-06-26
P03320,"R.M. Mitra Novitasari, S.Pt",wasisfarida@example.com,+62 (79) 190 1660,Bekasi,Gold,2024-05-15
P03321,"T. Ghani Rajasa, M.Farm",cengkir27@example.com,+62-917-712-4190,Makassar,Gold,2023-01-22
P03322,"R.M. Gaiman Zulaika, S.H.",kyuliarti@example.org,0873378256,Sawahlunto,Basic,2024-06-17
P03323,"Kusuma Saragih, S.IP",gilangwastuti@example.org,+62 (074) 636-0700,Bitung,Gold,2024-11-04
P03324,Danu Megantara,ghaliyatimulyani@example.net,+62 (12) 276 8771,Bima,Basic,2023-08-08
P03325,Ilsa Rahmawati,marbunumaya@example.net,+62 (212) 007 6953,Tomohon,Gold,2023-10-08
P03326,Putri Farida,jindranurdiyanti@example.org,+62 (74) 743-5135,Sungai Penuh,Basic,2023-05-13
P03327,"Cakrawangsa Januar, M.Pd",inashiruddin@example.net,+62-0755-364-7363,Banjarbaru,Gold,2023-05-27
P03328,Tgk. Dadi Pranowo,lukitanajmudin@example.net,+62-629-134-2953,Cimahi,Gold,2024-03-30
P03329,Aurora Januar,padmisetiawan@example.org,+62 (0808) 689 3016,Surabaya,Basic,2023-02-21
P03330,Puji Wulandari,luhungmaryadi@example.net,(0980) 290 9057,Probolinggo,Basic,2024-08-11
P03331,Jayeng Agustina,prasastagatra@example.com,+62-48-413-6090,Langsa,Basic,2024-07-29
P03332,"Icha Zulaika, S.Ked",lantarprasetya@example.org,+62-457-765-7228,Sawahlunto,Gold,2024-10-31
P03333,Raharja Damanik,amaliarahimah@example.com,+62 (51) 946-5773,Kota Administrasi Jakarta Pusat,Gold,2023-03-31
P03334,Baktiono Sudiati,rahayumanah@example.org,+62 (038) 181 6419,Bukittinggi,Basic,2023-12-03
P03335,Ghani Natsir,haryantoeva@example.net,+62-138-243-4792,Sibolga,Basic,2024-06-02
P03336,"Ina Samosir, S.Pt",kamilahutapea@example.com,0830070055,Tegal,Gold,2023-10-29
P03337,Drajat Widodo,zsuartini@example.net,(061) 108 2497,Bontang,Basic,2023-05-09
P03338,"Yani Permadi, M.Ak",parmanwaluyo@example.com,+62 (67) 155-4359,Banda Aceh,Gold,2024-03-02
P03339,Rahmat Maryati,crahayu@example.net,+62 (064) 473-6372,Tomohon,Gold,2023-02-07
P03340,Bakiadi Dabukke,,0813757804,Gorontalo,Basic,2024-11-08
P03341,Puti Victoria Dabukke,waluyonuraini@example.com,+62 (15) 536 6484,Ternate,Basic,2023-01-02
P03342,Hj. Jamalia Sihotang,mrahmawati@example.net,(0184) 470 7442,Cimahi,Basic,2023-05-20
P03343,"Sutan Erik Zulkarnain, S.IP",megantaraelvin@example.com,(0098) 615-5729,Subulussalam,Basic,2024-11-24
P03344,"Cut Maria Pradana, M.Farm",prayogacahyo@example.com,+62 (062) 214 8185,Bengkulu,Gold,2023-11-07
P03345,Dr. Koko Mulyani,darimin09@example.com,+62 (865) 655 8997,Bandar Lampung,Gold,2024-06-18
P03346,"Karsana Susanti, M.Farm",ogunarto@example.org,+62 (36) 162 7863,Tangerang Selatan,Basic,2023-06-19
P03347,Rudi Permadi,cpradipta@example.net,+62 (16) 542 0228,Ambon,Basic,2024-11-24
P03348,Latika Astuti,osetiawan@example.net,+62 (0588) 940-9153,Madiun,Basic,2024-09-21
P03349,Cemani Waskita,niyagalailasari@example.org,(077) 898-4546,Banjar,Gold,2024-08-04
P03350,Puti Rika Salahudin,dirjahakim@example.com,(055) 702 9832,Mataram,Gold,2024-08-20
P03351,dr. Warsa Tarihoran,pangestuulva@example.com,+62 (27) 020-3710,Magelang,Gold,2023-08-18
P03352,Eka Firmansyah,xyuniar@example.com,+62 (028) 212-8978,Salatiga,Basic,2024-07-08
P03353,"Tomi Wastuti, S.T.",ibudiman@example.org,+62 (18) 156 3306,Pagaralam,Basic,2024-01-07
P03354,Emong Wahyudin,marbunbetania@example.com,+62 (187) 571 9954,Banda Aceh,Basic,2024-09-26
P03355,"R. Siti Marbun, S.Pt",omansihotang@example.com,(018) 315-5307,Manado,Gold,2024-04-21
P03356,Nabila Nainggolan,nnababan@example.net,0800141539,Ternate,Basic,2023-03-05
P03357,"Balamantri Thamrin, S.Farm",myuniar@example.com,+62 (32) 758 9931,Langsa,Basic,2023-05-31
P03358,"Silvia Haryanti, S.I.Kom",indra19@example.com,(072) 010 4990,Pematangsiantar,Basic,2024-03-16
P03359,Gawati Tampubolon,padmasarinasrullah@example.org,+62 (28) 602 9825,Dumai,Gold,2023-09-29
P03360,"Kamidin Mandala, S.Ked",asman23@example.net,+62-810-391-6459,Tebingtinggi,Basic,2023-02-10
P03361,"Raharja Lailasari, M.M.",vpadmasari@example.net,(0335) 654 7607,Tidore Kepulauan,Gold,2024-09-08
P03362,"Puti Alika Saefullah, M.TI.",ulisuartini@example.com,+62 (007) 065-9975,Pagaralam,Basic,2024-07-25
P03363,"Kayla Yuliarti, S.Ked",tirtayasa32@example.com,+62 (29) 569 7149,Makassar,Basic,2023-03-27
P03364,"Dr. Arta Nainggolan, S.Ked",anamaga@example.net,086 839 3904,Pekanbaru,Platinum,2023-05-13
P03365,Hj. Jessica Mayasari,ymaryadi@example.net,+62 (201) 543-8204,Meulaboh,Platinum,2023-12-16
P03366,"Ir. Cengkal Latupono, S.Pd",isetiawan@example.org,(0657) 458 0402,Probolinggo,Basic,2023-09-29
P03367,R.M. Kalim Suryatmi,lailasarierik@example.com,+62 (73) 110 5539,Makassar,Gold,2024-09-06
P03368,Kenes Gunawan,karsa60@example.com,+62 (67) 927 2981,Bima,Basic,2023-07-22
P03369,Rizki Sitompul,tirta94@example.org,+62 (142) 097 4101,Mataram,Gold,2024-01-17
P03370,"Dalimin Lailasari, M.Pd",cahyanto20@example.com,(0590) 882 3321,Gorontalo,Basic,2023-12-28
P03371,Hj. Zulfa Narpati,vinohutapea@example.org,+62 (0067) 075-2929,Surakarta,Gold,2024-11-04
P03372,Martana Gunarto,salahudinhasna@example.com,(072) 277 7032,Kendari,Gold,2024-09-09
P03373,Wisnu Sudiati,setiawanulva@example.net,0887932491,Kota Administrasi Jakarta Selatan,Gold,2024-10-04
P03374,Safina Zulkarnain,ibun52@example.net,081 770 6858,Batu,Platinum,2024-01-15
P03375,Maya Winarno,cpurnawati@example.org,089 803 5365,Denpasar,Basic,2024-02-20
P03376,Hj. Keisha Hutagalung,michelle69@example.com,+62 (227) 225-8815,Meulaboh,Basic,2023-07-13
P03377,Vanesa Prayoga,nasimprasetya@example.net,(085) 598 1989,Banjar,Platinum,2024-08-12
P03378,Ira Iswahyudi,ophelia06@example.org,+62 (082) 542 3452,Salatiga,Gold,2023-01-07
P03379,"T. Virman Pranowo, M.Kom.",vsaragih@example.com,+62 (0227) 793-5542,Gorontalo,Basic,2023-01-23
P03380,Rafid Budiyanto,jais85@example.net,+62 (069) 415-5888,Meulaboh,Basic,2023-07-06
P03381,"Dt. Umar Mulyani, S.Gz",utamanajwa@example.net,(097) 561 7387,Mojokerto,Basic,2023-10-20
P03382,Safina Pradipta,martanadongoran@example.org,0840329798,Yogyakarta,Gold,2024-06-28
P03383,Rangga Nuraini,habibialambana@example.com,+62-021-258-9484,Magelang,Basic,2023-07-26
P03384,Nasim Purnawati,iyuniar@example.com,(0450) 047 1992,Bitung,Basic,2024-04-12
P03385,"Drs. Rahayu Usamah, S.Pd",oman60@example.net,+62-043-675-6398,Ambon,Gold,2024-02-14
P03386,Emong Siregar,gangsapadmasari@example.com,+62 (91) 485-4146,Sawahlunto,Basic,2024-02-21
P03387,Gawati Salahudin,lmelani@example.org,+62 (0682) 927-6503,Tual,Basic,2023-07-04
P03388,Luluh Haryanto,artawan11@example.org,+62 (22) 904 3235,Lubuklinggau,Basic,2024-01-23
P03389,"Sutan Tasnim Waluyo, S.Pt",adikara53@example.org,+62 (847) 671-2026,Surabaya,Basic,2024-07-24
P03390,"Genta Prabowo, S.E.I",ikhsan19@example.com,+62-01-664-5395,Parepare,Basic,2024-10-06
P03391,Nalar Mandala,damanikhimawan@example.org,(0974) 191-0588,Subulussalam,Basic,2024-11-19
P03392,Ajiman Saefullah,rmarpaung@example.com,(034) 453-5698,Palopo,Basic,2023-04-05
P03393,"drg. Yulia Siregar, S.IP",ohutasoit@example.org,088 052 0228,Sibolga,Basic,2024-02-02
P03394,Najam Laksmiwati,xpratama@example.com,+62 (09) 170-2315,Sungai Penuh,Gold,2023-07-04
P03395,"Rafi Suryatmi, M.Pd",yahyasimanjuntak@example.com,+62 (121) 369 7753,Batam,Basic,2024-06-01
P03396,Samsul Kusmawati,wacanaelisa@example.net,(058) 859 4577,Langsa,Basic,2024-03-01
P03397,"Drs. Rachel Kuswoyo, M.Farm",kaniwinarno@example.com,+62-0889-072-4638,Sibolga,Basic,2024-08-09
P03398,Unjani Namaga,wasis19@example.com,+62 (17) 635 2530,Salatiga,Gold,2024-11-03
P03399,"Ozy Nuraini, S.Farm",zelaya59@example.com,+62-25-430-1730,Padang Sidempuan,Gold,2023-08-22
P03400,Citra Samosir,nasabsafitri@example.org,+62-028-627-0120,Banjarbaru,Gold,2024-01-13
P03401,"Puspa Budiyanto, S.T.",purnawatipranawa@example.org,081 010 9902,Kediri,Basic,2023-05-08
P03402,"Anita Pradipta, S.Psi",makara55@example.net,+62-000-667-1657,Tomohon,Basic,2024-09-05
P03403,Ir. Victoria Waluyo,jindrarajata@example.org,+62 (557) 874-4844,Meulaboh,Gold,2023-01-25
P03404,Johan Mangunsong,umayapermadi@example.com,+62-45-174-1142,Kota Administrasi Jakarta Barat,Gold,2023-09-23
P03405,Emas Sihombing,perkasa63@example.com,081 713 6619,Prabumulih,Basic,2024-09-11
P03406,Mahfud Nuraini,lailasaribambang@example.net,+62 (0260) 321 4212,Pematangsiantar,Basic,2024-10-05
P03407,Zizi Sudiati,paulin85@example.com,(0476) 578-0805,Sabang,Basic,2023-03-18
P03408,Ir. Tami Astuti,bakianto10@example.net,+62 (098) 172 3967,Tangerang Selatan,Gold,2024-11-19
P03409,Widya Santoso,nardizulaika@example.com,+62 (30) 166-5184,Ambon,Basic,2024-07-31
P03410,"Bakianto Mahendra, S.E.",fpalastri@example.net,(078) 332-3031,Blitar,Basic,2024-06-11
P03411,Yessi Nababan,yono95@example.org,(043) 778-3258,Palopo,Basic,2023-01-05
P03412,Jinawi Megantara,enasyiah@example.net,+62-0963-418-9686,Padang,Gold,2023-10-20
P03413,"R.A. Halima Puspasari, S.IP",irajata@example.com,+62-059-555-3195,Kupang,Basic,2023-10-23
P03414,"Tgk. Yuni Riyanti, S.Ked",abyasakurniawan@example.com,+62 (051) 221-7508,Bukittinggi,Gold,2023-11-20
P03415,Cut Vicky Firmansyah,zulaikahesti@example.net,(0718) 678 0420,Lubuklinggau,Gold,2024-08-09
P03416,Cawuk Suryono,psirait@example.com,+62 (036) 145 0408,Palangkaraya,Basic,2024-11-05
P03417,"Warji Winarno, M.Kom.",cengkalpradipta@example.com,+62-0270-334-7276,Kota Administrasi Jakarta Utara,Gold,2023-02-13
P03418,"drg. Hendri Marbun, M.Kom.",bagiyasitumorang@example.com,+62 (0363) 766 4008,Pontianak,Basic,2024-07-21
P03419,Puji Sirait,snugroho@example.net,+62 (448) 656-8437,Malang,Gold,2023-06-13
P03420,"Sutan Kasusra Ramadan, S.H.",csafitri@example.com,+62-030-994-9484,Pagaralam,Basic,2024-11-25
P03421,"Hj. Unjani Jailani, M.TI.",ssitorus@example.org,(007) 858 3696,Balikpapan,Gold,2023-01-13
P03422,"Warta Zulaika, S.Pt",ikuswandari@example.org,+62 (541) 408 1289,Surakarta,Basic,2024-02-23
P03423,dr. Lintang Hutagalung,elvin62@example.com,+62 (812) 354 2308,Bogor,Platinum,2024-09-23
P03424,Mutia Prastuti,jaga87@example.net,+62 (70) 672 2768,Purwokerto,Basic,2023-05-12
P03425,Dr. Tomi Lazuardi,mpuspasari@example.com,+62 (0164) 510 8421,Tanjungpinang,Gold,2024-03-19
P03426,Ghaliyati Permadi,elma42@example.com,+62-52-802-5089,Bukittinggi,Platinum,2023-11-08
P03427,Hadi Wulandari,tkusmawati@example.com,086 276 9840,Pagaralam,Gold,2023-02-22
P03428,Kairav Sihombing,ramadansalimah@example.net,+62 (070) 801 8672,Sungai Penuh,Gold,2024-05-16
P03429,"Dt. Ega Firgantoro, S.IP",wprasetyo@example.org,(095) 623-2015,Parepare,Basic,2023-12-22
P03430,Cawisono Maryati,bakti73@example.org,+62 (289) 577 4186,Mojokerto,Gold,2024-11-29
P03431,Luis Dongoran,ichamandasari@example.com,086 810 4348,Sibolga,Gold,2023-06-02
P03432,Jaka Hutasoit,waluyolazuardi@example.net,+62 (16) 746-4552,Palopo,Gold,2024-05-23
P03433,"Nyoman Susanti, S.I.Kom",prayogahabibi@example.org,+62 (025) 980-4155,Bau-Bau,Gold,2024-06-05
P03434,Gatra Pratama,anajmudin@example.org,0865470571,Sungai Penuh,Basic,2023-02-05
P03435,Paramita Pranowo,corneliasetiawan@example.com,+62 (050) 572 5272,Tangerang Selatan,Basic,2024-11-02
P03436,Martani Halimah,xanana68@example.net,+62-0216-359-3062,Tegal,Basic,2024-02-06
P03437,Parman Haryanti,ganep44@example.com,+62 (079) 426 9625,Solok,Gold,2023-10-02
P03438,Tedi Puspita,johan58@example.net,+62-87-044-0907,Gorontalo,Basic,2023-04-19
P03439,Azalea Permadi,limarhartati@example.net,0829113548,Kota Administrasi Jakarta Utara,Basic,2024-11-03
P03440,"Tgk. Prakosa Yulianti, S.I.Kom",nardi56@example.com,(0987) 289-1916,Metro,Basic,2024-06-11
P03441,Hasna Yolanda,luthfi79@example.com,+62 (0175) 165 7080,Pekanbaru,Platinum,2024-10-08
P03442,Sutan Limar Aryani,rini26@example.net,+62 (282) 406 6550,Metro,Basic,2024-11-20
P03443,"dr. Ulya Rahimah, M.Kom.",asirwadapangestu@example.net,+62 (359) 878-9201,Bekasi,Gold,2024-04-22
P03444,Halima Budiman,anomuwais@example.org,(0494) 409 0806,Bitung,Gold,2024-06-09
P03445,Chelsea Farida,irapurnawati@example.com,+62 (083) 072 3317,Tangerang Selatan,Platinum,2024-01-06
P03446,Cindy Mardhiyah,rpurnawati@example.com,(040) 696-6090,Bitung,Gold,2024-05-16
P03447,Ajimin Hakim,rgunawan@example.org,+62 (08) 480-5545,Sukabumi,Basic,2023-08-16
P03448,Dinda Anggraini,umaryati@example.com,(0976) 008 2832,Bekasi,Basic,2023-05-30
P03449,"KH. Luis Hastuti, M.Farm",adenasyiah@example.net,086 533 1673,Pematangsiantar,Basic,2024-06-06
P03450,"drg. Uchita Jailani, S.T.",dhakim@example.org,0870743257,Medan,Platinum,2023-07-06
P03451,Victoria Yuliarti,ellausada@example.org,(018) 249-1037,Surabaya,Basic,2024-05-29
P03452,Adinata Permadi,haryantokasiran@example.net,(0580) 937-4255,Solok,Basic,2023-01-27
P03453,R. Cemplunk Wahyuni,sihombingmuhammad@example.net,(051) 934 2935,Tarakan,Basic,2024-02-14
P03454,"Puti Iriana Pranowo, S.IP",xpuspasari@example.net,+62 (0506) 896-1181,Banjarmasin,Basic,2024-07-09
P03455,Uchita Suartini,pangeran29@example.com,+62-72-416-4263,Tegal,Basic,2023-05-09
P03456,Ir. Dinda Purnawati,estionomandasari@example.com,+62 (82) 930-0060,Blitar,Gold,2023-06-26
P03457,"Gilda Lailasari, S.E.I",titinuyainah@example.org,+62 (0121) 261-7531,Tanjungpinang,Basic,2024-08-11
P03458,Ella Yuliarti,caturangga70@example.net,+62 (092) 203-0668,Batam,Basic,2024-06-10
P03459,Dwi Hutagalung,mitrauwais@example.com,+62 (610) 857 5571,Cirebon,Gold,2024-11-16
P03460,Rini Rajasa,iswahyudiwisnu@example.org,+62-785-100-5685,Pagaralam,Gold,2023-09-09
P03461,Rina Thamrin,irahimah@example.org,+62 (0358) 002 4649,Pariaman,Gold,2024-08-13
P03462,T. Parman Maryati,dewi69@example.com,+62-954-814-0774,Tangerang Selatan,Basic,2024-02-06
P03463,"R. Septi Usamah, M.Pd",jabalnasyidah@example.net,+62 (551) 033-8846,Binjai,Gold,2024-04-07
P03464,Balapati Prasetyo,timbul17@example.org,+62-97-815-8833,Purwokerto,Gold,2023-05-10
P03465,Dinda Suryatmi,wnainggolan@example.org,0899629930,Bitung,Gold,2023-03-06
P03466,H. Mulyono Nababan,sudiatidarimin@example.com,+62-0025-371-4559,Denpasar,Gold,2024-01-06
P03467,Kartika Rajasa,qpangestu@example.org,+62 (031) 698 8326,Subulussalam,Gold,2023-07-28
P03468,"Dt. Adiarja Pratama, S.H.",karimahardianto@example.org,(050) 885 8653,Sorong,Basic,2024-11-23
P03469,Cahyono Dongoran,damanikgadang@example.org,+62 (0543) 786 0028,Samarinda,Gold,2023-09-16
P03470,Hafshah Nababan,opan77@example.com,+62 (094) 625-2871,Cilegon,Basic,2024-06-15
P03471,Umi Halimah,kusmawatiibrahim@example.net,+62-041-880-5607,Bengkulu,Basic,2023-02-09
P03472,Sutan Radika Safitri,wakiman57@example.net,+62 (0466) 264 4938,Sorong,Basic,2024-03-09
P03473,Virman Budiyanto,hidayatlaksana@example.com,+62 (803) 883 9115,Singkawang,Gold,2024-01-01
P03474,"Zalindra Mustofa, S.Kom",raisa79@example.org,(0671) 713-3794,Lhokseumawe,Basic,2023-07-25
P03475,"Gambira Winarsih, S.Sos",upadmasari@example.org,+62 (55) 379 1081,Ternate,Basic,2023-04-13
P03476,Siti Gunawan,galihnasyiah@example.org,+62 (41) 320-9979,Payakumbuh,Platinum,2024-02-05
P03477,Raina Halimah,ikin21@example.net,084 827 5668,Lubuklinggau,Gold,2024-03-11
P03478,Mila Suwarno,simon15@example.org,(0690) 596 8644,Palopo,Gold,2024-05-31
P03479,"Winda Winarsih, S.Sos",pwinarsih@example.com,+62 (152) 943-7843,Mojokerto,Gold,2023-03-30
P03480,"Yuni Nugroho, S.Pd",kmaheswara@example.org,(097) 296-9154,Yogyakarta,Basic,2024-10-24
P03481,Kawaya Hassanah,makuta87@example.net,+62 (031) 587-5310,Salatiga,Basic,2023-06-11
P03482,"Cemeti Mandala, M.Kom.",lega54@example.net,0841766863,Bima,Gold,2024-09-29
P03483,Yulia Prasetya,iusada@example.org,+62 (057) 618 2934,Tidore Kepulauan,Platinum,2023-10-14
P03484,"Tirtayasa Namaga, S.Gz",cawisono01@example.net,+62-102-577-4888,Padangpanjang,Basic,2024-04-13
P03485,Genta Mulyani,corneliasuryono@example.net,(0161) 322-0068,Parepare,Basic,2023-12-04
P03486,"R.A. Mutia Wibowo, M.Kom.",kamilaprabowo@example.com,+62-061-090-6288,Subulussalam,Gold,2024-04-28
P03487,"Diana Rajasa, S.Gz",usmanpalastri@example.com,+62-75-673-9041,Padangpanjang,Basic,2024-04-27
P03488,"Gamani Damanik, S.Gz",latika70@example.org,+62 (0938) 003 0844,Jayapura,Basic,2024-01-15
P03489,"T. Kamidin Najmudin, S.Gz",kusmawatihasan@example.com,(0348) 169 0918,Padang Sidempuan,Platinum,2024-06-11
P03490,"Fitriani Prabowo, S.Psi",jindra38@example.net,+62 (82) 019-0848,Balikpapan,Basic,2023-07-16
P03491,"Wakiman Suwarno, S.I.Kom",salwawinarno@example.com,(0704) 785 8121,Serang,Gold,2024-07-24
P03492,Yulia Rahimah,rafi46@example.net,+62 (007) 113-1247,Tangerang,Basic,2023-08-29
P03493,Martana Pradana,suryatmiopung@example.com,(0681) 680-9284,Bogor,Basic,2023-05-11
P03494,Caket Habibi,,+62 (059) 538-5740,Bekasi,Basic,2023-10-31
P03495,Abyasa Yolanda,latuponowinda@example.org,+62 (007) 412 5425,Cilegon,Gold,2024-06-29
P03496,Luwes Wijayanti,lailasarimartani@example.net,+62 (023) 373-4579,Tanjungbalai,Gold,2024-08-10
P03497,Drs. Putri Utami,simonpratama@example.net,+62 (454) 642 6076,Ternate,Basic,2023-07-24
P03498,Kalim Safitri,winarsihlatika@example.com,+62 (34) 339-6530,Ternate,Basic,2024-02-26
P03499,Gaduh Nashiruddin,xzulkarnain@example.net,+62 (013) 963-3282,Blitar,Basic,2024-02-06
P03500,Cornelia Mangunsong,saadatiswahyudi@example.org,+62-0801-399-3630,Kupang,Basic,2024-10-24
P03501,"Cornelia Hidayanto, S.Pt",irajata@example.org,(0843) 502 3003,Serang,Basic,2023-03-19
P03502,Mursita Thamrin,kasiranpermata@example.net,+62 (035) 051 6092,Mojokerto,Gold,2024-08-06
P03503,Irwan Yuniar,unggulanggriawan@example.com,+62 (0851) 316 6541,Kota Administrasi Jakarta Utara,Basic,2024-05-06
P03504,Vero Maheswara,janet22@example.com,+62-0789-470-9498,Tangerang,Basic,2024-06-20
P03505,"Ir. Sakura Suwarno, S.Ked",zaenabhidayanto@example.org,+62 (24) 286 0022,Bekasi,Basic,2023-10-14
P03506,Cakrawangsa Permadi,lurhurhandayani@example.org,(0504) 213-4356,Kota Administrasi Jakarta Selatan,Gold,2024-09-12
P03507,Vanesa Farida,taufik30@example.org,(009) 674 1346,Madiun,Gold,2024-10-16
P03508,Tiara Mahendra,asuryatmi@example.org,+62-681-243-6299,Lubuklinggau,Basic,2024-06-22
P03509,Zelda Prabowo,tania03@example.com,+62 (451) 664-3284,Medan,Platinum,2024-04-24
P03510,T. Gandi Waskita,johannainggolan@example.net,+62 (0836) 572 1337,Padang,Gold,2023-12-22
P03511,"drg. Kusuma Pudjiastuti, S.Ked",pudjiastutimarwata@example.org,(0744) 894-2750,Tasikmalaya,Basic,2023-07-22
P03512,Garang Mulyani,almiragunawan@example.net,+62-0494-831-7036,Kota Administrasi Jakarta Barat,Basic,2023-06-08
P03513,Ghani Permadi,padmi75@example.com,+62-25-209-9673,Tegal,Basic,2024-02-12
P03514,Hesti Hartati,gamanrahimah@example.net,+62 (165) 469-7996,Kota Administrasi Jakarta Utara,Basic,2023-02-16
P03515,"Puti Sakura Suryatmi, S.E.",kasimnasyidah@example.org,+62-0042-746-9911,Bengkulu,Gold,2023-11-29
P03516,"Tira Adriansyah, S.IP",juli77@example.com,+62 (014) 660-3047,Pariaman,Basic,2024-11-10
P03517,"R.A. Dinda Suwarno, S.E.I",sihotangira@example.net,+62-22-833-3185,Parepare,Basic,2023-11-24
P03518,"Cawisono Rahayu, M.Farm",amulyani@example.net,(018) 550-0811,Banjar,Basic,2023-12-20
P03519,Safina Waluyo,hsaefullah@example.com,+62-848-211-0069,Pekalongan,Gold,2024-10-16
P03520,Lanjar Januar,laksana81@example.org,+62 (103) 051-0903,Gorontalo,Basic,2024-04-09
P03521,Joko Kusmawati,budiyantopurwanto@example.com,+62-097-699-4634,Padangpanjang,Basic,2023-12-14
P03522,"Cut Puji Natsir, S.Gz",wahyusiregar@example.net,0814918851,Bogor,Gold,2024-04-23
P03523,"KH. Karja Mardhiyah, S.Ked",saadatmahendra@example.org,(021) 450 0860,Malang,Gold,2024-01-08
P03524,Cakrabirawa Nugroho,pertiwivero@example.org,085 907 9432,Surakarta,Basic,2024-10-03
P03525,Tgk. Wardi Hassanah,samosirchandra@example.net,(016) 064 4623,Tual,Basic,2023-10-24
P03526,"Ir. Irwan Pranowo, S.Psi",fnuraini@example.net,+62 (29) 266-3588,Kota Administrasi Jakarta Utara,Basic,2023-01-20
P03527,Gilang Hutagalung,janet15@example.com,+62 (886) 331 8596,Tebingtinggi,Platinum,2024-03-21
P03528,Ian Hidayanto,wirafujiati@example.org,(056) 296 1362,Tual,Gold,2024-05-22
P03529,Citra Mandasari,marbunkezia@example.net,(006) 854-3436,Sukabumi,Gold,2024-09-04
P03530,R.A. Iriana Saefullah,jagaraga79@example.org,0862606699,Ambon,Basic,2023-03-11
P03531,"Ratna Winarsih, S.Farm",abyasa85@example.org,+62 (505) 512 8817,Tangerang,Basic,2024-08-12
P03532,"drg. Safina Prastuti, S.E.I",endralailasari@example.org,(0221) 322-0622,Tidore Kepulauan,Gold,2024-04-16
P03533,"R. Jamalia Budiman, S.Ked",syahrini07@example.net,0881337830,Kendari,Gold,2023-02-27
P03534,R. Suci Yuliarti,rahmatpradana@example.org,089 667 4578,Bitung,Basic,2024-01-07
P03535,Umi Utami,jaemanandriani@example.org,+62 (89) 600-4792,Bengkulu,Basic,2023-09-22
P03536,Tgk. Darimin Suartini,cagak80@example.net,+62 (0994) 646 3391,Kota Administrasi Jakarta Utara,Basic,2023-03-28
P03537,Fathonah Handayani,qnasyiah@example.net,(058) 414-1858,Langsa,Gold,2024-07-28
P03538,Jatmiko Saptono,jwastuti@example.com,(083) 679 3314,Sorong,Gold,2023-09-12
P03539,Yoga Fujiati,,+62-0759-309-8007,Binjai,Gold,2023-04-27
P03540,dr. Dinda Pangestu,ewasita@example.org,+62 (870) 341 7591,Medan,Gold,2023-09-20
P03541,Citra Rahayu,violet96@example.net,+62 (085) 979-3372,Sibolga,Basic,2024-11-16
P03542,Hj. Betania Wahyuni,gadangjailani@example.com,+62 (0251) 485-9685,Kediri,Basic,2024-03-03
P03543,"Cut Amelia Kuswoyo, S.Gz",mahesa33@example.net,+62-45-900-6143,Pariaman,Basic,2023-06-01
P03544,Prasetya Anggriawan,ghaliyatizulaika@example.net,+62 (004) 796 2599,Bandar Lampung,Gold,2023-06-22
P03545,"Marsito Sirait, S.Pd",jsihotang@example.org,+62-079-112-4196,Pekalongan,Basic,2024-07-13
P03546,"Tgk. Mila Samosir, M.M.",firmansyahakarsana@example.org,(0337) 367-5934,Denpasar,Basic,2024-07-27
P03547,Dartono Jailani,suryonodalimin@example.com,+62 (0965) 171 3104,Pekalongan,Gold,2023-02-21
P03548,"Vivi Yuniar, S.Psi",olgaanggriawan@example.org,086 325 2092,Meulaboh,Gold,2023-12-13
P03549,"dr. Mulyono Wastuti, S.H.",irwan31@example.net,(052) 808-0012,Palopo,Gold,2024-09-09
P03550,Carla Anggriawan,,+62 (158) 194 7975,Padang,Basic,2024-04-15
P03551,Ir. Ratih Prasasta,slametsusanti@example.com,+62 (38) 750-5785,Kota Administrasi Jakarta Timur,Basic,2023-12-05
P03552,dr. Dodo Firmansyah,jais44@example.com,+62 (052) 076 9172,Dumai,Gold,2024-08-10
P03553,"dr. Yuni Agustina, S.Gz",kusmawatipaiman@example.net,+62 (769) 900-4369,Pekalongan,Platinum,2024-11-20
P03554,dr. Muni Saefullah,banawa29@example.org,+62-0273-225-9184,Tanjungbalai,Basic,2023-05-28
P03555,Abyasa Wijaya,qmaulana@example.net,+62-53-096-0843,Palembang,Platinum,2023-06-23
P03556,Tgk. Rahayu Zulaika,etarihoran@example.com,0889428586,Sibolga,Gold,2023-03-12
P03557,Gandi Megantara,ismail27@example.net,088 534 9953,Solok,Gold,2023-08-18
P03558,"R. Clara Usada, S.Kom",laksmiwatisadina@example.net,+62 (082) 244 5720,Gorontalo,Gold,2023-07-22
P03559,Dr. Yulia Jailani,ikin32@example.com,+62 (541) 527 2022,Tangerang Selatan,Basic,2023-10-08
P03560,"Opung Manullang, M.Kom.",mulyanto11@example.org,+62-000-851-7090,Manado,Basic,2024-04-19
P03561,Drs. Maria Purwanti,indra68@example.net,0800676601,Pekanbaru,Basic,2024-03-01
P03562,"Mitra Wijaya, S.Sos",qhardiansyah@example.com,(074) 119-6948,Sorong,Basic,2023-06-30
P03563,"Zaenab Najmudin, S.Kom",usuartini@example.net,+62 (0888) 058-9277,Pariaman,Basic,2023-03-04
P03564,Eva Hidayanto,raden38@example.org,0824594975,Sorong,Gold,2023-04-17
P03565,"Sidiq Susanti, S.Pt",cakrawalawahyuni@example.com,(0699) 113-1842,Kupang,Basic,2023-09-16
P03566,"Tgk. Agnes Damanik, S.Pt",xpertiwi@example.org,+62 (784) 165-5863,Mojokerto,Gold,2024-07-03
P03567,Jamil Laksmiwati,gharyanto@example.org,(0336) 231-8842,Bekasi,Platinum,2024-02-19
P03568,R.A. Juli Hakim,inamaga@example.net,(0598) 490 3772,Pariaman,Basic,2024-03-24
P03569,Queen Rajasa,johan77@example.com,+62 (078) 113-9193,Bandung,Gold,2024-02-02
P03570,Eja Pertiwi,salsabilamaryati@example.org,+62 (105) 145-7673,Meulaboh,Basic,2023-04-13
P03571,Adika Zulkarnain,anom42@example.com,+62 (40) 933-4116,Subulussalam,Basic,2023-03-10
P03572,"Jelita Utami, S.IP",wirdawasita@example.org,+62-0632-602-5897,Metro,Gold,2023-05-21
P03573,Raisa Gunawan,devi34@example.com,+62 (0679) 486 3253,Mataram,Basic,2023-04-14
P03574,Janet Laksita,ewijayanti@example.org,(0400) 784 9871,Kediri,Basic,2023-04-17
P03575,Raina Mayasari,viman96@example.org,+62 (0846) 508 6643,Pekalongan,Platinum,2024-04-17
P03576,Malika Firgantoro,ejaandriani@example.net,+62 (670) 085 3208,Lubuklinggau,Basic,2023-12-04
P03577,Irsad Uwais,zulfahassanah@example.net,(0666) 691-0746,Banda Aceh,Gold,2023-12-22
P03578,"T. Argono Latupono, S.E.I",embuhlailasari@example.com,+62 (0404) 596 9363,Tangerang,Basic,2024-06-20
P03579,"Uchita Dabukke, S.E.I",warsitawasita@example.com,+62 (99) 367 7205,Bandar Lampung,Basic,2024-08-01
P03580,Puti Umi Maheswara,kamaria56@example.org,+62 (055) 796 0919,Bengkulu,Basic,2023-05-30
P03581,"Dacin Hassanah, S.Farm",cawisadipangestu@example.org,+62 (0131) 271-3575,Kotamobagu,Basic,2024-01-17
P03582,Ayu Winarsih,xlatupono@example.net,+62 (064) 541-6106,Kota Administrasi Jakarta Utara,Gold,2023-03-24
P03583,"Drs. Eka Maulana, S.I.Kom",cengkirtampubolon@example.org,(0679) 315-5932,Banjarmasin,Basic,2023-10-06
P03584,R. Kambali Pranowo,jonosihombing@example.org,+62 (54) 755-0090,Bandar Lampung,Platinum,2023-04-08
P03585,Restu Tarihoran,putizulkarnain@example.com,0809963318,Pagaralam,Gold,2024-01-24
P03586,Kusuma Wastuti,budi26@example.com,+62-303-050-3869,Kotamobagu,Basic,2023-08-22
P03587,Lalita Ardianto,llaksmiwati@example.net,+62 (018) 314-3168,Bima,Basic,2024-08-04
P03588,Shakila Natsir,hidayatfebi@example.net,(030) 818-9988,Padangpanjang,Gold,2024-08-04
P03589,Qori Simbolon,milasitompul@example.org,(0186) 929 2143,Jambi,Basic,2024-08-16
P03590,Uchita Safitri,mulyantogunawan@example.org,+62-0642-133-9494,Bau-Bau,Gold,2024-09-26
P03591,Bancar Firgantoro,llatupono@example.com,+62-0872-332-3009,Sorong,Gold,2023-11-27
P03592,"Wirda Marpaung, S.Sos",queen86@example.org,(073) 311-9537,Malang,Basic,2024-02-02
P03593,Dalimin Hidayanto,zhidayanto@example.com,(076) 913 9694,Banjar,Gold,2024-09-29
P03594,Farhunnisa Pradipta,kusumahidayat@example.org,085 768 4735,Kediri,Basic,2024-10-30
P03595,Tgk. Banawa Laksmiwati,jail43@example.com,0817613625,Bandar Lampung,Basic,2023-03-09
P03596,"Cindy Sitorus, M.Ak",samosirvicky@example.net,+62 (06) 969 8818,Sibolga,Basic,2024-02-28
P03597,Karma Astuti,bakiman97@example.org,(062) 376 3298,Medan,Basic,2023-08-25
P03598,Salsabila Mayasari,asirwada52@example.org,+62 (55) 056-6576,Singkawang,Basic,2023-08-08
P03599,Shakila Prasetya,kezia09@example.com,(025) 829 5533,Tidore Kepulauan,Gold,2023-03-29
P03600,Wawan Purnawati,nainggolanpuput@example.com,088 512 0748,Sungai Penuh,Platinum,2023-04-22
P03601,Eka Saefullah,xpangestu@example.org,+62-26-138-9085,Lhokseumawe,Basic,2023-11-17
P03602,"Ajiono Padmasari, S.I.Kom",surya18@example.net,(059) 561 9253,Sorong,Gold,2024-10-29
P03603,Ozy Napitupulu,riyantibambang@example.com,+62 (0837) 689-4161,Medan,Gold,2024-05-23
P03604,Drs. Nurul Gunawan,vero32@example.net,+62-0174-550-2479,Sibolga,Basic,2024-08-19
P03605,"dr. Murti Samosir, S.Psi",wsuryatmi@example.net,+62 (0231) 404 2179,Sibolga,Basic,2024-01-15
P03606,R.A. Ira Pradipta,usadavega@example.org,+62-16-138-3911,Kendari,Basic,2023-11-12
P03607,T. Darmaji Saptono,aputra@example.com,+62 (0859) 123-6152,Pekanbaru,Gold,2023-11-05
P03608,Ir. Rachel Wasita,saptonolamar@example.net,+62-071-666-1299,Tanjungbalai,Gold,2024-04-24
P03609,"Tgk. Carla Maryati, S.Pd",jatimansur@example.net,080 393 4794,Pekalongan,Basic,2023-07-17
P03610,"Tiara Gunawan, S.IP",zzulaika@example.org,+62 (036) 512 8908,Kupang,Basic,2024-04-02
P03611,"KH. Ganep Winarno, M.Kom.",prima84@example.com,+62-0341-407-7615,Blitar,Basic,2023-12-04
P03612,"Garda Wijaya, M.M.",ajiminwidiastuti@example.org,+62 (314) 177-4205,Kediri,Basic,2023-06-14
P03613,Lutfan Najmudin,gaduh77@example.org,(077) 740 7375,Padang,Platinum,2024-02-21
P03614,Salsabila Wijaya,amalia55@example.net,+62 (048) 590 7647,Gorontalo,Platinum,2023-11-22
P03615,"Lega Wacana, S.E.",nyomanutami@example.net,(0222) 022-5150,Subulussalam,Basic,2024-11-19
P03616,Raden Wulandari,safitridariati@example.net,0837078599,Cilegon,Basic,2024-07-24
P03617,Mala Maryati,maya42@example.com,+62 (65) 426 7565,Kendari,Basic,2023-09-09
P03618,dr. Putri Fujiati,narpativinsen@example.net,+62 (060) 553-6530,Probolinggo,Basic,2023-01-02
P03619,"Hj. Ira Andriani, M.TI.",luhungpalastri@example.com,+62 (001) 568 0086,Banjar,Gold,2023-04-02
P03620,Tami Mayasari,permadiaslijan@example.com,+62-0816-195-3894,Tual,Gold,2024-11-01
P03621,"Oliva Wastuti, M.Ak",lestaribetania@example.net,+62-069-963-1883,Cimahi,Basic,2024-05-28
P03622,"Dt. Hendra Pangestu, S.Pt",lukman10@example.org,+62 (17) 049-2174,Tual,Basic,2024-09-16
P03623,Heru Halim,kamaria97@example.com,+62-51-298-9243,Palembang,Basic,2024-04-24
P03624,"Almira Wibisono, M.Pd",wulanirawan@example.org,+62-535-682-7776,Kendari,Basic,2023-06-20
P03625,Aswani Maulana,salahudinmalika@example.com,(0460) 819-1554,Palembang,Basic,2024-07-13
P03626,Ir. Budi Pratama,prasetyo90@example.org,+62 (647) 204-9104,Lhokseumawe,Basic,2023-11-01
P03627,"Dr. Vanya Hutasoit, S.Pd",wahyudinpuspa@example.net,+62-210-909-8863,Malang,Basic,2023-06-30
P03628,"Gasti Hartati, S.I.Kom",byuliarti@example.org,+62 (24) 391 9066,Sungai Penuh,Gold,2023-04-27
P03629,"Dr. Uda Kusumo, S.E.",jumadi39@example.net,+62 (093) 512-3975,Bengkulu,Gold,2023-02-09
P03630,Wulan Prasasta,malikmarpaung@example.net,+62 (076) 806-6625,Kediri,Platinum,2024-02-27
P03631,Yusuf Permata,uwaisvinsen@example.net,+62 (845) 251 5240,Subulussalam,Gold,2023-08-18
P03632,Cawuk Dongoran,fwastuti@example.net,0872832884,Tidore Kepulauan,Basic,2024-11-17
P03633,drg. Endah Hidayanto,,(0337) 857-3389,Sukabumi,Gold,2024-10-11
P03634,R. Ami Mustofa,yulia57@example.org,+62 (023) 113-6568,Metro,Basic,2023-02-01
P03635,"drg. Abyasa Haryanti, S.E.I",lantarnarpati@example.com,+62 (462) 877 2986,Probolinggo,Basic,2024-06-06
P03636,drg. Gasti Situmorang,dnatsir@example.org,+62 (014) 518-1755,Manado,Basic,2024-05-07
P03637,"Gatra Riyanti, S.Gz",bakdawacana@example.com,+62 (063) 683 1224,Tanjungbalai,Platinum,2023-12-17
P03638,Novi Maryadi,dianfirgantoro@example.net,+62-484-311-9397,Surabaya,Gold,2023-05-08
P03639,Puti Iriana Namaga,ghaliyati68@example.net,+62 (35) 331 4300,Singkawang,Platinum,2023-05-07
P03640,Harimurti Napitupulu,hariyahhardana@example.com,(061) 736 1750,Kota Administrasi Jakarta Selatan,Gold,2024-07-04
P03641,Yuni Nugroho,malapranowo@example.org,+62 (53) 939 9367,Ternate,Basic,2023-04-03
P03642,"Devi Mandala, M.Farm",wnatsir@example.org,(0422) 974 0582,Medan,Basic,2024-06-11
P03643,"Candra Nugroho, S.I.Kom",manullanggaman@example.net,+62-699-523-3760,Palangkaraya,Basic,2023-07-27
P03644,Almira Situmorang,qsetiawan@example.com,(0948) 932-3708,Pekanbaru,Platinum,2023-11-09
P03645,Olivia Pratiwi,janet26@example.org,(0661) 108 6846,Kota Administrasi Jakarta Timur,Platinum,2024-09-06
P03646,Puti Yuliana Hakim,wlestari@example.com,+62 (177) 979 1470,Bitung,Gold,2024-03-30
P03647,Rangga Mustofa,bella99@example.net,(0875) 624-9303,Kupang,Gold,2023-07-09
P03648,dr. Michelle Uyainah,ewastuti@example.net,(0146) 273-1029,Bekasi,Basic,2023-08-04
P03649,Tgk. Fitriani Suwarno,maulanaoliva@example.com,+62-28-451-5524,Batu,Basic,2024-06-10
P03650,"dr. Jaga Mahendra, S.E.I",mahdisitorus@example.com,(066) 415-0559,Dumai,Gold,2023-07-17
P03651,Tania Puspita,kairavsantoso@example.com,(0016) 577 7105,Jayapura,Basic,2023-09-26
P03652,Ir. Yahya Pradipta,dina39@example.net,+62 (58) 843-0051,Banda Aceh,Basic,2023-12-14
P03653,Calista Suartini,owaskita@example.org,+62-0126-148-3694,Manado,Basic,2023-08-05
P03654,Tgk. Oni Salahudin,plaksmiwati@example.org,086 990 0892,Bitung,Platinum,2023-09-20
P03655,"Tgk. Mila Saefullah, M.Ak",tarihoransaiful@example.com,+62 (033) 774-8901,Cilegon,Platinum,2024-11-21
P03656,Hamima Nababan,ratih89@example.com,+62 (362) 163 0096,Kota Administrasi Jakarta Pusat,Platinum,2023-10-19
P03657,"Sadina Nasyidah, S.Farm",kartikawaluyo@example.org,+62 (20) 611-1274,Sabang,Basic,2024-04-07
P03658,Damar Sihombing,owulandari@example.org,+62 (098) 520 8720,Mataram,Basic,2023-11-19
P03659,Karen Hassanah,rahmi23@example.net,+62-486-152-8819,Jambi,Basic,2023-02-02
P03660,Jarwa Prasasta,dariatimarbun@example.com,(091) 945 0716,Langsa,Basic,2023-09-30
P03661,KH. Mahfud Prasetyo,dsinaga@example.net,(078) 503-8853,Palopo,Gold,2023-04-07
P03662,"Usman Yuniar, S.Pt",wacanalulut@example.com,(0731) 992-1316,Yogyakarta,Basic,2023-07-08
P03663,Calista Sitorus,mursitaprasetyo@example.net,(0230) 704 7549,Depok,Gold,2023-09-09
P03664,"Sutan Yosef Mangunsong, S.IP",tyulianti@example.com,+62 (0529) 916-0977,Madiun,Basic,2023-07-24
P03665,Rahayu Hasanah,hnajmudin@example.org,(019) 510 7844,Sabang,Platinum,2024-01-28
P03666,Banara Budiman,baktinababan@example.com,+62-411-899-6326,Cirebon,Gold,2023-08-13
P03667,Adinata Utama,oktavianiwardaya@example.com,+62 (075) 880 1900,Makassar,Basic,2023-06-16
P03668,Kani Budiman,ioktaviani@example.org,+62 (032) 462-2541,Palembang,Basic,2024-10-08
P03669,Rahmi Kusmawati,jatmikohutagalung@example.net,0810574406,Probolinggo,Basic,2023-07-16
P03670,Ami Wibowo,gadangwasita@example.org,+62 (020) 380 1302,Bogor,Basic,2024-09-03
P03671,Eli Najmudin,sihombingalambana@example.net,(0907) 005-6750,Pekalongan,Basic,2024-04-04
P03672,Kiandra Firgantoro,ositorus@example.com,0881847867,Kupang,Gold,2023-11-23
P03673,"Cinthia Wibowo, M.Farm",agus91@example.net,+62-22-032-5897,Sungai Penuh,Basic,2023-03-31
P03674,Patricia Januar,pranowogara@example.net,+62 (0653) 937 4125,Padangpanjang,Gold,2023-10-06
P03675,Rahmi Suryatmi,mandasariputri@example.net,+62 (017) 029-4505,Batam,Gold,2024-11-14
P03676,"Mulyanto Saragih, S.Psi",xlailasari@example.com,+62 (086) 211-7220,Kendari,Gold,2023-02-16
P03677,"Nrima Wibisono, S.E.",mulyanto18@example.org,+62-20-210-7291,Kotamobagu,Basic,2024-10-04
P03678,Maya Permata,rahmawatijasmin@example.com,(072) 338-2163,Tual,Platinum,2024-03-07
P03679,Ciaobella Simbolon,abyasanarpati@example.com,+62-066-283-6505,Payakumbuh,Gold,2024-07-30
P03680,"Cindy Simanjuntak, S.Pt",queen92@example.net,+62-32-438-1878,Bitung,Gold,2023-05-08
P03681,Oni Winarno,csantoso@example.org,+62 (069) 917 6745,Balikpapan,Basic,2023-02-18
P03682,KH. Maryanto Simbolon,vwasita@example.com,+62 (0122) 825-7968,Bekasi,Basic,2023-02-16
P03683,Aisyah Sihombing,tari87@example.com,(0141) 361 0894,Magelang,Basic,2023-01-29
P03684,"Narji Situmorang, S.Kom",widiastutiviktor@example.com,+62 (80) 417 4515,Kediri,Basic,2023-12-16
P03685,"Hj. Sadina Hartati, M.Kom.",gamblanganggriawan@example.com,(069) 993 2082,Jambi,Basic,2024-08-14
P03686,"Samiah Anggraini, S.Sos",mandasarijarwadi@example.net,+62 (90) 322-6583,Mataram,Gold,2024-03-13
P03687,Hardana Riyanti,nlazuardi@example.org,083 894 8258,Sungai Penuh,Gold,2024-03-18
P03688,"Lanjar Sitorus, S.Pd",,+62 (0898) 538 6816,Kota Administrasi Jakarta Pusat,Platinum,2023-06-15
P03689,Dr. Salman Hutagalung,zamira82@example.com,(099) 859 3380,Tanjungbalai,Basic,2024-10-22
P03690,Yusuf Nasyidah,chelseazulaika@example.com,(047) 865 7417,Prabumulih,Basic,2023-10-09
P03691,Ir. Aisyah Permadi,mustofaputra@example.com,+62 (012) 181 1487,Bau-Bau,Basic,2023-03-29
P03692,"R.A. Queen Wulandari, S.Pt",tpuspasari@example.net,(070) 498-1893,Bau-Bau,Basic,2023-05-24
P03693,"Aswani Sitorus, M.Kom.",cahyadi45@example.com,(0783) 041-6099,Kediri,Basic,2024-02-20
P03694,Usyi Wijayanti,faridaluis@example.org,+62 (0365) 925-5764,Surabaya,Basic,2024-06-22
P03695,Siska Prabowo,yolandatira@example.org,+62-84-894-0884,Yogyakarta,Basic,2024-02-11
P03696,Galang Fujiati,fmandasari@example.org,(023) 477 1498,Metro,Basic,2024-01-07
P03697,"Ika Yuliarti, S.Farm",lthamrin@example.org,+62-0554-222-6129,Palu,Basic,2024-04-19
P03698,Asmuni Lazuardi,cayadiandriani@example.org,+62 (036) 139-1459,Tangerang,Basic,2024-01-21
P03699,dr. Harjo Situmorang,murtipudjiastuti@example.com,+62-95-225-5594,Bontang,Gold,2023-05-31
P03700,Latif Waluyo,gnatsir@example.com,+62-994-556-6804,Sabang,Platinum,2024-10-27
P03701,Karsa Melani,melindasafitri@example.org,(0305) 876-0866,Sukabumi,Basic,2024-11-25
P03702,Carub Kurniawan,okto41@example.net,(081) 731 9359,Pariaman,Gold,2024-11-24
P03703,Samiah Budiyanto,namagalala@example.org,0874216053,Sibolga,Gold,2023-04-10
P03704,"Agnes Nuraini, S.T.",tgunarto@example.net,0875677713,Sorong,Basic,2023-10-13
P03705,"Baktiono Budiyanto, M.Farm",winarnobakianto@example.com,+62 (90) 317-1580,Pasuruan,Basic,2024-09-06
P03706,Kasusra Maryadi,galurrahayu@example.net,(0339) 021-1798,Palangkaraya,Gold,2024-05-06
P03707,Eman Mahendra,prasetyo13@example.com,+62-409-695-9216,Malang,Gold,2024-04-25
P03708,dr. Nurul Gunawan,danumardhiyah@example.net,+62 (0818) 541 1217,Padangpanjang,Basic,2024-02-01
P03709,R.M. Surya Saefullah,wartaardianto@example.net,+62-846-898-8128,Sawahlunto,Gold,2024-07-12
P03710,R.A. Anita Kusumo,ppurwanti@example.net,(012) 858 7739,Solok,Gold,2024-09-13
P03711,Harjasa Mayasari,fkuswoyo@example.com,080 581 8285,Kota Administrasi Jakarta Utara,Platinum,2023-08-31
P03712,Darmanto Kusmawati,,+62-585-455-6702,Lubuklinggau,Gold,2024-03-30
P03713,Drs. Kasiyah Hardiansyah,prabowoheryanto@example.org,+62-956-422-4524,Palangkaraya,Gold,2024-06-02
P03714,Murti Manullang,permadikenes@example.com,(0495) 469-9890,Sawahlunto,Gold,2023-09-10
P03715,Dalima Mandasari,marasprasetyo@example.net,+62 (09) 784 3248,Tarakan,Gold,2024-08-01
P03716,"Dr. Qori Putra, S.E.I",vharyanto@example.net,+62-0961-197-1246,Tegal,Gold,2024-05-22
P03717,Salsabila Utama,mangunsongsamiah@example.com,(028) 505-0728,Tidore Kepulauan,Basic,2024-08-03
P03718,Karna Safitri,santosotantri@example.net,+62-163-286-3620,Lhokseumawe,Basic,2023-09-14
P03719,H. Dagel Dabukke,atma87@example.org,086 900 8707,Blitar,Basic,2024-11-23
P03720,Violet Mayasari,kamidinprastuti@example.net,+62 (253) 407-4776,Sawahlunto,Basic,2024-04-24
P03721,dr. Vera Oktaviani,palastrimakuta@example.com,+62 (98) 307 1025,Samarinda,Basic,2023-04-04
P03722,"KH. Kalim Napitupulu, S.H.",yuliana39@example.net,+62-011-274-0277,Bitung,Gold,2023-10-04
P03723,Ibun Jailani,rajasaedi@example.com,(0638) 144-3884,Denpasar,Gold,2024-05-05
P03724,Tina Pangestu,zuyainah@example.org,+62-83-971-9068,Bima,Gold,2023-08-24
P03725,Hartaka Prastuti,,0806983554,Samarinda,Basic,2023-03-14
P03726,"Hj. Wulan Mulyani, M.Ak",iannugroho@example.net,+62 (31) 674-2567,Lubuklinggau,Platinum,2023-04-26
P03727,Reksa Pradana,rininajmudin@example.net,+62 (60) 799 9421,Gorontalo,Basic,2023-12-09
P03728,Ir. Warsa Prabowo,hairyantomanullang@example.net,+62 (358) 376 4692,Kota Administrasi Jakarta Pusat,Gold,2024-06-29
P03729,Elma Padmasari,zyuniar@example.com,+62 (57) 762-8542,Batam,Basic,2023-02-28
P03730,Aurora Kuswoyo,phastuti@example.net,+62 (272) 450 9695,Bontang,Gold,2024-08-11
P03731,Asmianto Latupono,farahsirait@example.org,(008) 762 3570,Metro,Gold,2024-03-13
P03732,Qori Maryadi,puspitakayun@example.org,+62 (0184) 144-8704,Padang,Gold,2024-09-29
P03733,Atma Pertiwi,lalanurdiyanti@example.net,+62 (485) 499 1062,Tual,Basic,2023-11-22
P03734,dr. Eko Mandasari,cager44@example.org,+62-0466-332-9618,Sungai Penuh,Gold,2023-09-25
P03735,"Padmi Hastuti, M.Kom.",uyulianti@example.net,+62 (04) 521 0513,Tangerang Selatan,Basic,2024-11-28
P03736,Jamil Widodo,cager50@example.org,0865127545,Subulussalam,Basic,2023-04-27
P03737,Aswani Wahyudin,rahman37@example.com,+62 (871) 376-0113,Sukabumi,Basic,2024-02-28
P03738,Rangga Yulianti,marpaungkenari@example.net,(0269) 832 5708,Medan,Basic,2023-12-13
P03739,Calista Ardianto,dadapmustofa@example.com,+62-374-792-6103,Depok,Basic,2024-08-13
P03740,"Ir. Paramita Saefullah, S.Ked",mustofadagel@example.org,(0169) 995 7406,Medan,Basic,2023-07-19
P03741,Wulan Maulana,ywidodo@example.org,+62 (011) 675 1990,Ambon,Gold,2023-08-23
P03742,Hairyanto Putra,hasna69@example.com,(015) 867 4753,Tomohon,Basic,2023-06-11
P03743,"Unggul Prastuti, S.E.",darsirah07@example.com,0853552854,Manado,Platinum,2024-11-28
P03744,Lembah Simbolon,owibisono@example.com,+62-031-224-7372,Cirebon,Gold,2024-04-02
P03745,drg. Ade Nuraini,phidayanto@example.org,+62-053-073-8732,Semarang,Basic,2024-07-15
P03746,Ami Natsir,tambasari@example.net,(021) 637-5225,Bogor,Gold,2023-05-28
P03747,Yunita Hakim,jailanicahyo@example.com,+62 (013) 023-6955,Cilegon,Basic,2023-08-07
P03748,Jabal Wulandari,dsuryatmi@example.org,+62 (022) 514-3284,Binjai,Basic,2024-05-30
P03749,Harsana Manullang,haryantokariman@example.com,+62 (32) 380 0082,Surabaya,Gold,2024-06-09
P03750,Lembah Safitri,mnajmudin@example.org,+62-003-533-7050,Kota Administrasi Jakarta Pusat,Basic,2023-06-04
P03751,Silvia Waluyo,putu56@example.com,+62-88-158-6526,Bandung,Basic,2024-03-01
P03752,"dr. Alika Suwarno, S.Kom",usitumorang@example.net,+62 (0962) 589 4104,Pangkalpinang,Gold,2023-06-27
P03753,Hamima Saptono,dipanurdiyanti@example.com,(0029) 290 7720,Palopo,Gold,2023-04-04
P03754,Septi Narpati,ayuanggraini@example.org,+62 (010) 777 7919,Ternate,Gold,2023-01-12
P03755,Anita Namaga,fnuraini@example.com,+62 (683) 523-1465,Cimahi,Gold,2024-04-22
P03756,Marsudi Yuliarti,mandalabakiono@example.org,(0716) 293-3696,Singkawang,Gold,2023-01-03
P03757,"Puti Lili Siregar, S.Gz",prayogaaris@example.net,+62 (0151) 637-0026,Sabang,Basic,2023-06-02
P03758,Kemal Prabowo,prakosa13@example.com,+62 (006) 498-5643,Dumai,Basic,2023-10-14
P03759,Himawan Santoso,nrima77@example.org,+62 (092) 643-0314,Metro,Basic,2023-08-13
P03760,Okto Hassanah,maryatiulva@example.org,0870176442,Kota Administrasi Jakarta Timur,Platinum,2024-01-10
P03761,Abyasa Megantara,nwibowo@example.net,+62-0955-692-0850,Bukittinggi,Basic,2023-12-17
P03762,Jabal Jailani,sudiatikasiyah@example.org,+62-689-760-6463,Banjar,Basic,2023-05-26
P03763,Salsabila Siregar,hasim10@example.com,+62-0608-626-6095,Blitar,Basic,2023-06-30
P03764,Farhunnisa Hakim,wira87@example.org,(094) 544 2061,Mojokerto,Gold,2024-09-12
P03765,Harimurti Maryadi,kemalsetiawan@example.com,+62-0242-088-3040,Langsa,Basic,2024-04-27
P03766,"Cut Ophelia Nababan, S.I.Kom",caket69@example.org,+62-0427-790-1026,Bandung,Basic,2023-11-29
P03767,"Puti Widodo, S.Pd",laswimansur@example.net,0883447555,Kota Administrasi Jakarta Timur,Gold,2024-09-30
P03768,"Ir. Tirta Mahendra, S.E.I",dindasusanti@example.net,+62 (0932) 214-8795,Dumai,Gold,2024-02-21
P03769,"Elon Nashiruddin, S.Kom",simanjuntakwirda@example.com,(046) 761-1428,Denpasar,Basic,2023-03-24
P03770,"Pangestu Tarihoran, S.IP",paulinmardhiyah@example.org,(0546) 425 3256,Tual,Platinum,2023-10-18
P03771,Daliono Nashiruddin,fpangestu@example.net,+62 (33) 090-5695,Pematangsiantar,Platinum,2023-04-29
P03772,Dr. Puti Maryadi,yessi43@example.com,+62-0017-917-8122,Tasikmalaya,Gold,2023-10-08
P03773,Warta Damanik,wirawastuti@example.net,+62-0081-497-5840,Banjarmasin,Basic,2023-08-15
P03774,Atmaja Maheswara,omarsimbolon@example.org,(0865) 462 9543,Kupang,Basic,2024-04-16
P03775,Purwanto Winarno,qriyanti@example.com,(0688) 932-6919,Blitar,Basic,2023-07-17
P03776,Slamet Kuswandari,gina90@example.org,+62 (78) 857-4723,Surakarta,Platinum,2024-02-15
P03777,"drg. Laswi Hutapea, S.E.",rajatazulaikha@example.org,+62-86-091-5165,Dumai,Basic,2023-10-29
P03778,Iriana Budiyanto,lsitompul@example.com,+62-87-776-8142,Kota Administrasi Jakarta Utara,Basic,2023-02-20
P03779,Ir. Maria Susanti,purnawatijasmani@example.com,+62 (004) 104 6729,Kendari,Gold,2023-06-28
P03780,"Parman Anggraini, S.H.",gambiramanullang@example.org,+62 (091) 539 0275,Makassar,Gold,2023-02-26
P03781,Belinda Marbun,ehardiansyah@example.com,+62 (022) 673 8495,Sibolga,Gold,2023-03-22
P03782,Hj. Genta Mangunsong,maheswaramulya@example.net,+62 (082) 494-1276,Tarakan,Basic,2024-06-03
P03783,Dartono Sitorus,setyautami@example.net,+62 (073) 228-6368,Sorong,Basic,2023-05-09
P03784,"Dt. Adinata Iswahyudi, M.Kom.",siraitharjasa@example.com,+62 (0213) 009 6334,Batam,Gold,2024-03-11
P03785,KH. Dasa Situmorang,zahrasinaga@example.org,(004) 320-3780,Bukittinggi,Basic,2024-10-16
P03786,Elisa Sihombing,uwaiseka@example.org,+62 (059) 451 0817,Pekanbaru,Platinum,2024-09-22
P03787,dr. Lasmono Maulana,ksimanjuntak@example.com,+62 (057) 602 8019,Palu,Basic,2023-05-06
P03788,"Yunita Puspasari, S.Pt",hasimharyanto@example.com,+62-296-656-9331,Pontianak,Gold,2024-03-19
P03789,dr. Julia Habibi,qsihombing@example.net,+62 (034) 871 1115,Bandar Lampung,Basic,2023-07-02
P03790,KH. Mustofa Nasyiah,ajionowulandari@example.com,+62 (51) 548-6419,Parepare,Basic,2023-04-16
P03791,Dariati Tarihoran,daliononajmudin@example.org,+62 (016) 995-7299,Padangpanjang,Basic,2024-03-10
P03792,Uda Irawan,nalarutama@example.com,+62 (15) 213 8889,Padang Sidempuan,Gold,2023-10-12
P03793,Najam Ardianto,gwulandari@example.org,+62 (631) 026-8273,Ambon,Basic,2024-03-21
P03794,Salsabila Pratama,makuta28@example.net,+62-723-720-9026,Gorontalo,Basic,2024-06-22
P03795,Jumadi Oktaviani,nainggolanyuni@example.net,+62 (44) 239-6420,Serang,Basic,2024-11-03
P03796,Nalar Halimah,wakiman41@example.org,+62-34-918-4785,Bima,Basic,2024-11-11
P03797,Harjasa Pertiwi,gangsarhartati@example.net,+62 (078) 057 1830,Malang,Basic,2023-06-16
P03798,Prabawa Hastuti,zmahendra@example.net,(063) 612-6298,Parepare,Gold,2023-06-17
P03799,Warji Iswahyudi,jakawidodo@example.net,+62 (30) 483-0960,Tidore Kepulauan,Gold,2024-08-23
P03800,Diana Nuraini,rpudjiastuti@example.org,0833780930,Solok,Basic,2024-03-13
P03801,Edi Pangestu,lutama@example.com,+62-04-233-6896,Bengkulu,Basic,2024-10-14
P03802,Alika Maryadi,tampubolondamar@example.com,+62 (078) 697 8355,Dumai,Basic,2023-06-22
P03803,"drg. Gabriella Marbun, S.Ked",qrahmawati@example.org,+62 (240) 057-8455,Denpasar,Gold,2024-03-31
P03804,Raisa Nugroho,muhammad79@example.net,+62-41-862-6009,Padangpanjang,Platinum,2024-11-30
P03805,Jarwa Saragih,kusmawatiifa@example.org,+62 (051) 219 0624,Salatiga,Gold,2023-03-24
P03806,Silvia Tampubolon,bellawibisono@example.com,080 291 3363,Makassar,Gold,2024-01-06
P03807,Prakosa Novitasari,emas73@example.net,+62 (0074) 378-2731,Pontianak,Basic,2024-08-26
P03808,Cut Ulva Pratiwi,xusamah@example.org,+62 (030) 627-5451,Padang Sidempuan,Basic,2024-04-01
P03809,Kalim Sihombing,yuniartugiman@example.org,+62-15-914-4556,Tanjungpinang,Basic,2023-06-06
P03810,"H. Ikin Hidayanto, S.E.",pradanaratna@example.org,+62-275-366-8568,Cirebon,Platinum,2023-07-08
P03811,"Lantar Habibi, S.T.",unjaniusamah@example.net,082 845 7402,Jayapura,Gold,2023-04-06
P03812,Ajeng Aryani,haryantowardi@example.net,(045) 932 5145,Tarakan,Basic,2024-08-27
P03813,Dt. Pandu Hariyah,yhariyah@example.org,+62-084-028-3434,Mataram,Basic,2023-07-24
P03814,Rangga Pertiwi,kuswandarizamira@example.org,(032) 319 0080,Surakarta,Gold,2023-06-15
P03815,Tgk. Ajeng Rahmawati,salahudinsakura@example.org,+62 (0488) 517-2611,Banjar,Gold,2023-09-07
P03816,Ir. Eli Nashiruddin,pharyanto@example.org,(0886) 123-1807,Tanjungbalai,Basic,2024-05-03
P03817,"drg. Cemani Permata, S.Ked",halimwarsita@example.net,+62 (0439) 475-5597,Jambi,Basic,2024-05-14
P03818,Almira Natsir,saefullahirwan@example.org,+62-073-573-7902,Makassar,Basic,2023-04-20
P03819,Iriana Pertiwi,salmansaragih@example.org,+62 (09) 330 7546,Tangerang Selatan,Basic,2024-03-08
P03820,Mahfud Mandasari,manullangdaruna@example.net,+62 (19) 550-1828,Pagaralam,Basic,2023-01-07
P03821,"KH. Dirja Mandala, S.Sos",ismail09@example.org,(0929) 613-4466,Yogyakarta,Platinum,2024-09-05
P03822,Gilda Saefullah,saragihluluh@example.org,(054) 535 6219,Lubuklinggau,Gold,2024-09-05
P03823,Emong Widodo,olivadabukke@example.org,(0424) 357-2648,Balikpapan,Basic,2024-07-09
P03824,"Budi Pranowo, S.Gz",luispalastri@example.org,086 330 0136,Bandung,Basic,2024-04-15
P03825,Cinthia Mulyani,genta99@example.org,+62 (071) 587 0170,Kotamobagu,Platinum,2023-10-24
P03826,Dian Usada,ramadanjatmiko@example.org,+62-996-175-7667,Tarakan,Basic,2024-01-02
P03827,"dr. Artanto Prakasa, M.Farm",flaksmiwati@example.net,088 675 7856,Probolinggo,Platinum,2023-05-17
P03828,Dr. Raditya Pratama,dirjalestari@example.org,0815803561,Pangkalpinang,Basic,2023-06-11
P03829,Najam Pradipta,halimmustika@example.com,(071) 720-9830,Kota Administrasi Jakarta Pusat,Basic,2023-11-19
P03830,KH. Jindra Winarsih,dina65@example.net,0859302598,Bogor,Gold,2024-07-08
P03831,"Puti Tami Maryadi, S.E.",auyainah@example.org,+62 (0187) 202 3677,Prabumulih,Gold,2024-02-02
P03832,Kiandra Mustofa,hafshah57@example.com,+62-47-137-5261,Pariaman,Platinum,2023-09-15
P03833,Vera Siregar,sidiq35@example.net,+62-0632-672-7485,Madiun,Basic,2024-09-02
P03834,Atma Hasanah,yhutagalung@example.net,0878379695,Metro,Platinum,2024-11-01
P03835,Karimah Widiastuti,prabu79@example.com,+62-25-429-3048,Tanjungpinang,Basic,2024-11-10
P03836,Ir. Lukita Winarno,rprakasa@example.com,+62 (317) 791-2631,Jambi,Basic,2023-09-15
P03837,Nova Gunawan,nabilasalahudin@example.net,+62-68-904-8153,Purwokerto,Basic,2024-04-09
P03838,"Ciaobella Mandala, S.E.I",respati66@example.org,(0813) 998-3963,Batu,Gold,2023-09-13
P03839,"R. Endah Widodo, S.H.",hpradana@example.org,+62-0655-086-5192,Balikpapan,Basic,2024-02-10
P03840,R. Yessi Uwais,tantri24@example.com,+62-036-354-8916,Madiun,Basic,2023-10-06
P03841,"H. Jayeng Hakim, S.IP",hnurdiyanti@example.com,+62-04-861-4530,Pekanbaru,Platinum,2024-08-08
P03842,Jarwadi Laksita,habibikanda@example.net,+62-220-910-3265,Mojokerto,Gold,2024-02-24
P03843,"Ir. Ajiono Zulkarnain, S.Ked",purnawatigamanto@example.net,(0396) 668 5600,Prabumulih,Gold,2023-08-01
P03844,Zalindra Oktaviani,osalahudin@example.net,+62 (0753) 060 3140,Dumai,Gold,2024-06-17
P03845,Aslijan Lestari,harjo85@example.com,+62 (50) 477 6600,Bitung,Basic,2023-12-05
P03846,"Ida Prasasta, S.Pd",aslijan74@example.net,+62 (0141) 507-2541,Manado,Basic,2023-06-25
P03847,Luwes Nasyiah,wastutibudi@example.net,+62-85-926-6213,Banjar,Gold,2024-01-21
P03848,Murti Wasita,ekasitompul@example.net,+62 (274) 684-0913,Solok,Basic,2023-11-17
P03849,Sutan Harto Wulandari,qpermata@example.org,+62 (080) 849 3258,Jambi,Gold,2024-07-13
P03850,"H. Harja Rajata, S.Pd",irma12@example.com,+62-41-910-9108,Gorontalo,Basic,2024-06-24
P03851,"Cut Tantri Mandasari, S.H.",mutia71@example.org,(0355) 496-3731,Cimahi,Basic,2023-12-06
P03852,Raisa Saputra,wgunarto@example.com,(0815) 616-1749,Tebingtinggi,Basic,2024-10-13
P03853,"Cut Zahra Wahyudin, S.Psi",nhardiansyah@example.net,+62 (041) 045-1550,Tanjungpinang,Basic,2023-12-07
P03854,"Dr. Farah Hastuti, S.Sos",siti84@example.org,(086) 684-8446,Solok,Basic,2023-05-25
P03855,Pia Pradipta,rnuraini@example.net,+62 (034) 691 3706,Padang,Gold,2023-02-03
P03856,"drg. Azalea Sihotang, S.Sos",wacanailsa@example.org,+62 (064) 667-2404,Bontang,Basic,2024-05-20
P03857,Dodo Salahudin,raden24@example.com,(013) 398-5796,Bitung,Platinum,2023-05-15
P03858,T. Ikin Winarsih,najmudinolga@example.com,0885437828,Semarang,Basic,2023-10-12
P03859,Opan Pertiwi,kasusrakurniawan@example.org,+62 (39) 248 3964,Samarinda,Platinum,2023-02-11
P03860,Wawan Nainggolan,luwar29@example.com,+62-084-129-9621,Langsa,Basic,2023-12-22
P03861,Gading Ramadan,caturangga68@example.com,+62 (809) 012 0530,Payakumbuh,Gold,2023-11-18
P03862,"Dr. Ami Maulana, M.TI.",tiara02@example.com,+62-039-895-8980,Pontianak,Basic,2023-10-21
P03863,Dr. Maida Gunawan,puspitacinthia@example.org,+62-0448-099-8945,Bitung,Basic,2024-10-20
P03864,Cawuk Kuswandari,astutirendy@example.com,0815375377,Pasuruan,Gold,2023-07-14
P03865,"drg. Zaenab Hidayanto, S.T.",ydongoran@example.org,(051) 085-2827,Banda Aceh,Basic,2023-09-28
P03866,Rendy Wacana,victoria38@example.org,+62-017-449-4271,Tanjungpinang,Basic,2024-08-01
P03867,"dr. Gara Hardiansyah, M.Ak",flailasari@example.net,+62-543-614-8543,Bogor,Basic,2024-02-18
P03868,Puput Simbolon,sudiatidwi@example.org,+62-340-227-0093,Medan,Basic,2024-09-20
P03869,Intan Pratama,ddongoran@example.com,(023) 312-1033,Tarakan,Platinum,2023-06-30
P03870,Agnes Pangestu,qandriani@example.org,+62 (061) 778 9784,Meulaboh,Gold,2023-02-17
P03871,"Malik Wijayanti, S.Kom",rendymaulana@example.com,+62 (21) 453 4124,Bekasi,Basic,2023-06-15
P03872,Artanto Zulaika,dindauwais@example.net,+62 (020) 478 2004,Langsa,Gold,2023-09-19
P03873,Diana Rajasa,prasetya58@example.net,+62 (0368) 880-9049,Kediri,Basic,2024-08-28
P03874,R.A. Tira Halimah,restu20@example.org,+62 (654) 329-9848,Kota Administrasi Jakarta Selatan,Gold,2023-10-25
P03875,Nadia Waluyo,wnapitupulu@example.com,(070) 356 8379,Bau-Bau,Basic,2024-06-07
P03876,Rini Suryono,simanjuntakpurwanto@example.org,+62 (551) 509-1741,Metro,Basic,2023-09-28
P03877,Clara Situmorang,lzulaika@example.com,+62 (62) 893 4743,Magelang,Basic,2023-04-26
P03878,R.A. Ana Maryadi,wibisonokurnia@example.org,(087) 073-1242,Denpasar,Basic,2023-09-03
P03879,Sakti Jailani,sakawahyudin@example.net,(0317) 571-1963,Serang,Basic,2023-02-08
P03880,Carla Sihombing,waluyocarla@example.net,+62-0319-029-7971,Batam,Gold,2023-03-13
P03881,Yahya Mangunsong,suryatmitari@example.com,(0188) 155 2386,Makassar,Basic,2024-10-18
P03882,Diana Halimah,kartika78@example.net,+62-448-690-2109,Solok,Gold,2024-09-01
P03883,Najib Winarno,nyoman29@example.org,(068) 347 9463,Bengkulu,Basic,2023-07-15
P03884,Gaman Sinaga,rendy96@example.com,(0896) 772 5707,Makassar,Gold,2024-05-15
P03885,Drs. Asmadi Hakim,prasetyabalijan@example.org,+62 (032) 600 1906,Tangerang,Gold,2023-02-27
P03886,"Sutan Drajat Marpaung, S.Gz",wisnupertiwi@example.net,+62 (0402) 763 4756,Lhokseumawe,Gold,2024-07-17
P03887,Karman Mayasari,sarah17@example.com,+62-0393-192-1560,Parepare,Gold,2023-09-26
P03888,R.M. Gangsar Zulkarnain,nyanasirait@example.com,(0738) 627-6027,Samarinda,Gold,2023-10-21
P03889,R. Ina Napitupulu,eka68@example.net,+62 (346) 774 0963,Banda Aceh,Gold,2023-04-08
P03890,Melinda Hutapea,syahrini19@example.net,+62 (088) 748-0029,Tasikmalaya,Gold,2024-03-28
P03891,Indah Ramadan,cengkalrahmawati@example.com,+62-0388-060-2490,Lhokseumawe,Basic,2023-03-20
P03892,"Sutan Makara Prastuti, M.Pd",balijangunawan@example.net,+62 (201) 695 2347,Cilegon,Basic,2023-03-02
P03893,"dr. Rafid Fujiati, S.I.Kom",budi42@example.com,+62 (934) 316 5621,Bontang,Basic,2024-10-05
P03894,Marsudi Zulkarnain,akusmawati@example.net,(044) 371-9280,Sorong,Basic,2024-03-26
P03895,Shania Maryadi,yolandagadang@example.com,+62-130-722-9599,Gorontalo,Gold,2023-12-19
P03896,Vino Mandala,cagakkuswoyo@example.com,(0927) 607-1341,Manado,Platinum,2023-12-12
P03897,Gilda Rahmawati,adinataputra@example.com,0845125287,Kediri,Gold,2024-11-23
P03898,"Cindy Saputra, M.Ak",satyapermata@example.net,+62 (83) 905-9278,Salatiga,Gold,2024-05-28
P03899,Karna Halim,ira39@example.net,0855654250,Sorong,Basic,2023-01-24
P03900,"Nardi Utami, S.IP",kasiransantoso@example.net,(0110) 700 0082,Tual,Gold,2024-06-12
P03901,Eva Sinaga,fandriani@example.org,+62-055-460-7590,Batu,Gold,2024-02-25
P03902,Carub Suwarno,nasyiahyono@example.net,(027) 844 0850,Lubuklinggau,Basic,2024-10-03
P03903,Mila Uwais,zalindrasuwarno@example.org,+62 (29) 123 4063,Serang,Gold,2024-01-13
P03904,Siti Prastuti,arahimah@example.net,0837985793,Binjai,Basic,2023-06-01
P03905,"Umaya Wibowo, S.Pt",salahudinbakidin@example.net,+62 (73) 471 9160,Meulaboh,Gold,2024-07-03
P03906,"Wardaya Sihombing, S.Psi",cayadikuswandari@example.net,+62-039-840-8769,Ternate,Basic,2024-08-22
P03907,Ade Anggriawan,gilang38@example.net,(0635) 026-7957,Meulaboh,Gold,2024-01-29
P03908,Indah Sihotang,wardimandasari@example.net,+62-16-045-4777,Parepare,Basic,2023-01-12
P03909,Jono Aryani,hidayantoheru@example.org,0835383742,Tangerang Selatan,Gold,2024-04-12
P03910,"Puput Purnawati, S.E.",ydabukke@example.com,081 632 2380,Magelang,Basic,2023-09-18
P03911,"Kamila Agustina, M.Pd",patriciarajasa@example.org,+62-872-074-2033,Tasikmalaya,Basic,2024-02-17
P03912,Ade Damanik,zahraanggriawan@example.org,+62 (099) 050 4869,Sorong,Basic,2024-08-09
P03913,Rosman Marbun,bdongoran@example.org,080 030 2546,Pekalongan,Basic,2023-02-20
P03914,"R. Xanana Sudiati, S.I.Kom",mutialazuardi@example.net,+62 (11) 202 6678,Sorong,Gold,2024-10-17
P03915,"T. Empluk Hidayat, S.T.",jagaraga65@example.com,+62-90-742-8641,Yogyakarta,Platinum,2024-06-17
P03916,"Patricia Wacana, S.IP",xagustina@example.org,+62 (341) 969-3659,Palangkaraya,Basic,2023-04-23
P03917,Indra Laksmiwati,darmanasaragih@example.net,+62 (027) 615-3955,Banjarbaru,Basic,2023-03-18
P03918,Gaiman Saptono,harsantonasyiah@example.com,+62 (03) 143-3885,Solok,Basic,2024-09-19
P03919,"Hamzah Salahudin, S.H.",dwasita@example.com,+62 (0155) 628 7282,Lhokseumawe,Platinum,2024-05-26
P03920,Diah Saefullah,qwinarsih@example.com,(0447) 434-9111,Sawahlunto,Platinum,2023-06-27
P03921,Juli Situmorang,cinthiawijayanti@example.com,+62 (42) 431 0810,Pontianak,Basic,2023-05-21
P03922,Tgk. Lintang Marbun,gamanilaksita@example.com,+62-075-546-9538,Bandar Lampung,Gold,2024-04-06
P03923,"Unjani Halim, M.TI.",melaniihsan@example.net,0859853988,Jayapura,Gold,2023-03-24
P03924,"Shania Saputra, S.Sos",mrajata@example.org,+62 (508) 361 9637,Singkawang,Gold,2024-10-29
P03925,Laswi Prayoga,kandaprasetya@example.net,+62 (632) 044-0461,Padang Sidempuan,Basic,2023-05-31
P03926,Drs. Dodo Pratama,qiswahyudi@example.org,+62 (0024) 411 4622,Bukittinggi,Basic,2023-10-31
P03927,Yahya Uyainah,namagalalita@example.org,084 122 3232,Kota Administrasi Jakarta Selatan,Gold,2023-06-09
P03928,"drg. Laila Budiman, S.Pd",bellafirgantoro@example.com,(0076) 329-4209,Batu,Gold,2023-11-21
P03929,"Ir. Lasmanto Andriani, S.Pt",saptonojumari@example.com,0812721982,Pontianak,Gold,2024-02-23
P03930,"Cayadi Iswahyudi, S.E.",msiregar@example.net,+62-088-439-5822,Madiun,Gold,2023-10-17
P03931,Febi Lestari,marbuneman@example.org,(0053) 549-4061,Bengkulu,Gold,2024-03-22
P03932,"Dr. Farhunnisa Melani, M.Kom.",kramadan@example.org,+62 (025) 707 6957,Kota Administrasi Jakarta Selatan,Basic,2024-02-10
P03933,"Restu Firgantoro, S.E.I",smahendra@example.org,+62 (354) 487-7617,Pariaman,Basic,2023-05-24
P03934,"Raden Usada, M.Farm",kajenmaryadi@example.org,(0793) 279-7151,Kendari,Basic,2024-10-11
P03935,Kartika Hastuti,kasusramanullang@example.net,(0300) 417 4316,Payakumbuh,Basic,2024-07-06
P03936,Calista Prastuti,bakijanprabowo@example.net,+62 (036) 047 6268,Palangkaraya,Basic,2023-05-09
P03937,Najam Sudiati,panggraini@example.net,+62 (626) 828 5299,Depok,Gold,2023-02-23
P03938,Rahman Hardiansyah,ynasyidah@example.com,+62-0413-950-6789,Sawahlunto,Basic,2023-10-31
P03939,"Drs. Gawati Sihombing, M.TI.",bagiyautami@example.org,+62 (013) 041-2045,Solok,Basic,2023-07-04
P03940,Galih Puspita,gwacana@example.net,(0296) 517 1589,Payakumbuh,Basic,2023-08-01
P03941,KH. Harjo Prakasa,pratamajuli@example.org,+62-044-357-3747,Palembang,Basic,2023-02-01
P03942,Mahfud Maheswara,faridanadia@example.org,(008) 100-8276,Blitar,Basic,2023-02-26
P03943,"Drs. Mila Suwarno, S.Gz",surya80@example.net,+62 (032) 199-1641,Kota Administrasi Jakarta Timur,Basic,2023-06-01
P03944,Cakrabirawa Samosir,karya76@example.com,+62 (057) 781-7101,Sorong,Basic,2024-10-31
P03945,Makuta Pertiwi,fpermadi@example.net,+62-095-462-0628,Bau-Bau,Basic,2023-10-10
P03946,"Aurora Narpati, S.Psi",knugroho@example.org,+62 (081) 084 1215,Magelang,Basic,2024-03-20
P03947,Harsanto Waluyo,halimandriani@example.net,+62 (890) 859 5892,Cilegon,Basic,2024-06-05
P03948,Natalia Hariyah,pranowodariati@example.org,+62-68-718-3868,Binjai,Basic,2024-07-22
P03949,Dinda Mustofa,galak80@example.net,+62-0667-377-3525,Kota Administrasi Jakarta Selatan,Gold,2024-06-22
P03950,Eli Laksmiwati,wasitakenari@example.org,+62 (654) 843 4840,Batu,Basic,2023-11-22
P03951,"Cornelia Susanti, M.TI.",bputra@example.com,+62 (0565) 747 1053,Malang,Platinum,2023-03-23
P03952,Tami Budiyanto,jagapatisaputra@example.org,+62-000-101-2194,Jayapura,Basic,2023-04-27
P03953,Viktor Nuraini,setya67@example.com,(044) 300 2143,Pagaralam,Gold,2023-08-03
P03954,Nasab Prasasta,bdabukke@example.org,+62 (0886) 027-7812,Pekalongan,Basic,2023-12-02
P03955,Hesti Yuliarti,artawan87@example.com,+62 (437) 759 2424,Dumai,Basic,2024-10-12
P03956,Kambali Tarihoran,kayun35@example.com,+62-99-715-9364,Manado,Gold,2024-10-25
P03957,Waluyo Rajasa,wisnumaryadi@example.com,+62 (796) 050 4746,Padang,Basic,2024-08-31
P03958,"Warsita Hutagalung, S.Farm",irawandarmanto@example.com,+62-005-450-5935,Mojokerto,Basic,2023-06-13
P03959,dr. Yance Rahmawati,hariyahtaswir@example.com,+62 (077) 111-0111,Surakarta,Gold,2024-10-12
P03960,H. Bahuwirya Megantara,shakila47@example.com,+62 (685) 928-8228,Meulaboh,Gold,2024-10-20
P03961,drg. Talia Simanjuntak,kartasaptono@example.org,+62 (074) 990 5233,Bengkulu,Gold,2023-05-06
P03962,Sadina Haryanto,hutasoitibrani@example.org,+62 (712) 214 2715,Balikpapan,Gold,2023-11-30
P03963,Cinthia Budiman,mangunsongazalea@example.com,(0065) 496-0576,Payakumbuh,Basic,2024-09-22
P03964,"Baktianto Iswahyudi, M.Pd",zanggriawan@example.com,+62 (0217) 547-0378,Pagaralam,Gold,2024-04-17
P03965,Dr. Nadine Anggriawan,rfarida@example.com,+62-0328-273-3973,Manado,Basic,2024-08-08
P03966,Kala Pudjiastuti,lalitaagustina@example.com,+62-139-182-1109,Blitar,Basic,2024-06-09
P03967,Puti Wibisono,cayadiastuti@example.org,+62 (0373) 801 9170,Palangkaraya,Basic,2024-04-09
P03968,"Tania Lestari, S.Gz",zoktaviani@example.net,(0647) 415 0649,Metro,Gold,2023-12-13
P03969,Drajat Habibi,hairyanto71@example.com,+62 (15) 432-4582,Malang,Gold,2024-06-29
P03970,Ganda Wijaya,artanto61@example.org,(0323) 724-9099,Salatiga,Basic,2023-02-22
P03971,Bakti Zulkarnain,bajraginpadmasari@example.net,084 285 0601,Magelang,Basic,2023-02-09
P03972,Siska Prakasa,zzulaika@example.net,+62 (875) 812-1232,Purwokerto,Basic,2024-08-16
P03973,Gilang Dabukke,labuhsiregar@example.net,(098) 757-3392,Jayapura,Basic,2024-09-19
P03974,Drs. Anita Rahmawati,rafi49@example.net,(083) 944 1700,Pontianak,Basic,2024-07-29
P03975,Dinda Aryani,jumadi92@example.com,(0477) 617-4494,Bima,Platinum,2023-12-20
P03976,R. Oliva Nugroho,saputrahairyanto@example.net,+62 (52) 723 9922,Batam,Basic,2023-07-20
P03977,"drg. Daru Winarno, M.Ak",vsirait@example.net,+62 (023) 856 3682,Pasuruan,Basic,2024-08-11
P03978,Dewi Prayoga,ybudiman@example.org,+62-059-314-1964,Palembang,Gold,2023-03-18
P03979,Harsana Hassanah,lutama@example.org,+62 (62) 163 2612,Blitar,Gold,2024-10-28
P03980,Latif Riyanti,nababandarimin@example.com,+62-25-705-1768,Semarang,Gold,2024-09-22
P03981,Waluyo Zulaika,suwarnoslamet@example.net,+62 (019) 590-4992,Prabumulih,Gold,2023-01-15
P03982,Mitra Winarno,simanjuntakmakuta@example.com,+62-65-896-0166,Kota Administrasi Jakarta Pusat,Basic,2023-08-10
P03983,Slamet Riyanti,dirja27@example.com,(0881) 605-9977,Mojokerto,Gold,2024-10-18
P03984,drg. Jefri Aryani,hmandasari@example.com,+62-085-394-6802,Palembang,Basic,2023-05-29
P03985,Uli Saputra,irwanmandala@example.net,(0915) 934 2674,Yogyakarta,Basic,2023-04-29
P03986,Laras Waskita,galuhlailasari@example.net,+62-934-309-8260,Tarakan,Basic,2023-09-14
P03987,Cici Hidayanto,wprasetya@example.net,(029) 313 0392,Pagaralam,Basic,2024-03-21
P03988,Dt. Irwan Widiastuti,fnatsir@example.com,+62 (097) 009-3414,Probolinggo,Gold,2024-06-07
P03989,Gandewa Uwais,hartokurniawan@example.com,+62 (0319) 892 6335,Bekasi,Platinum,2023-01-22
P03990,Clara Suryatmi,puspitaasman@example.com,(006) 332 0201,Samarinda,Basic,2024-01-08
P03991,"Imam Prasetyo, S.IP",zuwais@example.net,(0109) 736-3616,Gorontalo,Basic,2024-11-04
P03992,Purwanto Saefullah,tampubolontasnim@example.net,087 077 6695,Sawahlunto,Gold,2023-11-30
P03993,Dr. Maya Natsir,bakti31@example.net,+62-242-581-3286,Prabumulih,Gold,2024-06-14
P03994,"Gaiman Saputra, M.Pd",ajiononababan@example.net,+62 (053) 543-3701,Kota Administrasi Jakarta Selatan,Basic,2023-01-22
P03995,Putri Hutasoit,padmi69@example.com,(0518) 548-5464,Lubuklinggau,Gold,2024-06-07
P03996,R.A. Nadine Mangunsong,jasmani64@example.net,+62 (396) 208 8714,Salatiga,Basic,2023-03-03
P03997,"Tami Kuswoyo, M.Farm",gabriella56@example.com,+62 (099) 354 5624,Gorontalo,Basic,2023-12-25
P03998,Puti Widya Andriani,qsuartini@example.net,(035) 401-5439,Tebingtinggi,Platinum,2023-04-23
P03999,"Indah Rahmawati, M.Farm",trajasa@example.com,+62 (43) 057-2103,Pangkalpinang,Basic,2023-09-28
P04000,"Embuh Puspita, M.Ak",situmoranggaiman@example.org,+62 (16) 681 3529,Banda Aceh,Basic,2023-03-17
