claim_id,ticket_number,claim_type,refund_amount,compensation_amount,rebooking_cost,rebooking_ts,claim_submitted_ts,claim_resolution_ts,claim_status
CLM-000001,TICK-000020,Missed Connection,62000,75000,39000,2025-04-09 06:36:00,2025-04-08 23:36:00,2025-04-12 23:36:00,Approved
CLM-000002,TICK-000027,Missed Connection,78000,50000,55000,2025-10-09 19:25:00,2025-10-09 18:25:00,2025-10-11 18:25:00,Approved
CLM-000003,TICK-000039,Missed Connection,104000,50000,65000,2025-06-09 09:10:00,2025-06-09 06:10:00,2025-06-13 06:10:00,Approved
CLM-000004,TICK-000041,Missed Connection,104000,50000,65000,2025-07-09 05:42:00,2025-07-09 02:42:00,2025-07-11 02:42:00,Approved
CLM-000005,TICK-000057,Missed Connection,98000,75000,65000,2025-09-10 04:34:00,2025-09-09 22:34:00,2025-09-10 22:34:00,Approved
CLM-000006,TICK-000059,Missed Connection,186000,75000,117000,2025-07-09 09:25:00,2025-07-09 04:25:00,2025-07-11 04:25:00,Approved
CLM-000007,TICK-000084,Missed Connection,108000,75000,68000,2025-11-23 09:41:00,2025-11-23 05:41:00,2025-11-25 05:41:00,Approved
CLM-000008,TICK-000103,Missed Connection,82000,50000,52000,2025-01-09 05:21:00,2025-01-09 02:21:00,2025-01-10 02:21:00,Approved
CLM-000009,TICK-000105,Missed Connection,215000,75000,142000,2025-07-09 12:09:00,2025-07-09 04:09:00,2025-07-14 04:09:00,Approved
CLM-000010,TICK-000124,Missed Connection,99000,100000,65000,2025-07-23 00:45:00,2025-07-22 21:45:00,2025-07-25 21:45:00,Approved
CLM-000011,TICK-000129,Missed Connection,138000,50000,87000,2025-06-08 22:05:00,2025-06-08 20:05:00,2025-06-10 20:05:00,Approved
CLM-000012,TICK-000141,Missed Connection,82000,50000,52000,2025-08-09 10:41:00,2025-08-09 07:41:00,2025-08-13 07:41:00,Approved
CLM-000013,TICK-000144,Missed Connection,215000,50000,142000,2025-12-23 10:39:00,2025-12-23 06:39:00,2025-12-24 06:39:00,Approved
CLM-000014,TICK-000149,Missed Connection,118000,100000,78000,2025-09-08 22:03:00,2025-09-08 20:03:00,2025-09-09 20:03:00,Approved
CLM-000015,TICK-000154,Missed Connection,40000,75000,28000,2025-10-09 08:47:00,2025-10-09 01:47:00,2025-10-14 01:47:00,Approved
CLM-000016,TICK-000161,Missed Connection,154000,75000,97000,2025-10-23 13:02:00,2025-10-23 08:02:00,2025-10-25 08:02:00,Approved
CLM-000017,TICK-000172,Missed Connection,99000,50000,62000,2025-06-23 02:39:00,2025-06-23 01:39:00,2025-06-24 01:39:00,Approved
CLM-000018,TICK-000177,Missed Connection,99000,75000,62000,2025-07-09 08:41:00,2025-07-09 05:41:00,2025-07-12 05:41:00,Approved
CLM-000019,TICK-000181,Missed Connection,140000,75000,98000,2025-12-23 08:39:00,2025-12-23 06:39:00,2025-12-26 06:39:00,Approved
CLM-000020,TICK-000199,Missed Connection,124000,75000,78000,2025-10-09 16:02:00,2025-10-09 08:02:00,2025-10-13 08:02:00,Approved
CLM-000021,TICK-000202,Missed Connection,162000,75000,114000,2025-07-08 17:35:00,2025-07-08 15:35:00,2025-07-12 15:35:00,Approved
CLM-000022,TICK-000233,Missed Connection,198000,75000,132000,2025-10-23 09:36:00,2025-10-23 05:36:00,2025-10-26 05:36:00,Approved
CLM-000023,TICK-000237,Missed Connection,103000,75000,65000,2025-01-08 19:10:00,2025-01-08 16:10:00,2025-01-10 16:10:00,Rejected
CLM-000024,TICK-000242,Missed Connection,112000,50000,75000,2025-08-09 12:41:00,2025-08-09 06:41:00,2025-08-12 06:41:00,Approved
CLM-000025,TICK-000259,Missed Connection,105000,100000,70000,2025-07-09 04:43:00,2025-07-09 00:43:00,2025-07-13 00:43:00,Approved
CLM-000026,TICK-000264,Missed Connection,96000,50000,61000,2025-09-23 10:54:00,2025-09-23 04:54:00,2025-09-25 04:54:00,Approved
CLM-000027,TICK-000269,Missed Connection,120000,100000,76000,2025-01-23 17:53:00,2025-01-23 12:53:00,,Pending
CLM-000028,TICK-000275,Missed Connection,104000,50000,65000,2025-06-23 02:27:00,2025-06-23 00:27:00,2025-06-28 00:27:00,Approved
CLM-000029,TICK-000298,Missed Connection,106000,75000,71000,2025-07-23 10:03:00,2025-07-23 04:03:00,2025-07-25 04:03:00,Approved
CLM-000030,TICK-000300,Missed Connection,105000,75000,70000,2025-07-08 14:16:00,2025-07-08 13:16:00,2025-07-10 13:16:00,Approved
CLM-000031,TICK-000311,Missed Connection,86000,50000,55000,2025-01-09 15:10:00,2025-01-09 08:10:00,2025-01-10 08:10:00,Approved
CLM-000032,TICK-000336,Missed Connection,74000,100000,47000,2025-07-23 19:39:00,2025-07-23 12:39:00,2025-07-26 12:39:00,Approved
CLM-000033,TICK-000340,Missed Connection,226000,75000,142000,2025-12-22 22:39:00,2025-12-22 21:39:00,,Pending
CLM-000034,TICK-000346,Missed Connection,78000,75000,55000,2025-10-09 12:25:00,2025-10-09 07:25:00,2025-10-10 07:25:00,Approved
CLM-000035,TICK-000348,Missed Connection,186000,75000,117000,2025-12-23 02:09:00,2025-12-22 22:09:00,,Pending
CLM-000036,TICK-000353,Missed Connection,216000,50000,152000,2025-07-23 08:25:00,2025-07-23 02:25:00,2025-07-25 02:25:00,Approved
CLM-000037,TICK-000383,Missed Connection,187000,50000,118000,2025-06-08 22:51:00,2025-06-08 21:51:00,2025-06-10 21:51:00,Approved
CLM-000038,TICK-000408,Missed Connection,54000,50000,34000,2025-06-10 03:59:00,2025-06-09 22:59:00,2025-06-14 22:59:00,Approved
CLM-000039,TICK-000413,Missed Connection,124000,50000,78000,2025-07-23 13:10:00,2025-07-23 11:10:00,2025-07-25 11:10:00,Approved
CLM-000040,TICK-000433,Missed Connection,118000,100000,78000,2025-04-09 04:36:00,2025-04-08 23:36:00,2025-04-09 23:36:00,Approved
CLM-000041,TICK-000438,Missed Connection,150000,50000,105000,2025-12-09 02:35:00,2025-12-09 01:35:00,,Pending
CLM-000042,TICK-000443,Missed Connection,93000,75000,59000,2025-07-09 11:16:00,2025-07-09 07:16:00,2025-07-12 07:16:00,Approved
CLM-000043,TICK-000447,Missed Connection,119000,50000,75000,2025-09-23 07:06:00,2025-09-23 06:06:00,2025-09-24 06:06:00,Approved
CLM-000044,TICK-000462,Missed Connection,240000,75000,152000,2025-06-09 05:32:00,2025-06-09 01:32:00,2025-06-11 01:32:00,Approved
CLM-000045,TICK-000476,Missed Connection,112000,50000,78000,2025-05-23 05:06:00,2025-05-22 23:06:00,,Pending
CLM-000046,TICK-000480,Missed Connection,40000,75000,28000,2025-08-23 16:23:00,2025-08-23 11:23:00,2025-08-28 11:23:00,Approved
CLM-000047,TICK-000487,Missed Connection,115000,100000,72000,2025-09-09 14:29:00,2025-09-09 12:29:00,,Pending
CLM-000048,TICK-000498,Missed Connection,78000,75000,49000,2025-10-09 10:02:00,2025-10-09 05:02:00,2025-10-13 05:02:00,Rejected
CLM-000049,TICK-000500,Missed Connection,62000,75000,39000,2025-10-23 08:42:00,2025-10-23 06:42:00,2025-10-25 06:42:00,Approved
CLM-000050,TICK-000503,Missed Connection,142000,50000,90000,2025-06-09 17:25:00,2025-06-09 11:25:00,2025-06-14 11:25:00,Approved
CLM-000051,TICK-000514,Missed Connection,49000,75000,34000,2025-06-10 00:59:00,2025-06-09 21:59:00,,Pending
CLM-000052,TICK-000527,Missed Connection,70000,75000,47000,2025-06-23 14:01:00,2025-06-23 09:01:00,2025-06-27 09:01:00,Approved
CLM-000053,TICK-000537,Missed Connection,82000,50000,52000,2025-03-09 09:50:00,2025-03-09 01:50:00,2025-03-10 01:50:00,Approved
CLM-000054,TICK-000552,Missed Connection,142000,100000,95000,2025-05-23 02:03:00,2025-05-22 21:03:00,2025-05-26 21:03:00,Approved
CLM-000055,TICK-000557,Missed Connection,82000,50000,52000,2025-11-22 17:21:00,2025-11-22 15:21:00,2025-11-27 15:21:00,Approved
CLM-000056,TICK-000572,Missed Connection,240000,100000,152000,2025-12-23 15:48:00,2025-12-23 14:48:00,2025-12-24 14:48:00,Approved
CLM-000057,TICK-000575,Missed Connection,158000,100000,111000,2025-12-09 23:15:00,2025-12-09 17:15:00,2025-12-12 17:15:00,Approved
CLM-000058,TICK-000581,Missed Connection,82000,100000,52000,2025-04-23 19:45:00,2025-04-23 13:45:00,2025-04-24 13:45:00,Approved
CLM-000059,TICK-000592,Missed Connection,99000,75000,62000,2025-06-09 02:10:00,2025-06-09 01:10:00,2025-06-13 01:10:00,Approved
CLM-000060,TICK-000596,Missed Connection,141000,75000,93000,2025-04-09 18:04:00,2025-04-09 17:04:00,2025-04-14 17:04:00,Approved
CLM-000061,TICK-000613,Missed Connection,92000,75000,58000,2025-09-08 19:50:00,2025-09-08 14:50:00,2025-09-10 14:50:00,Approved
CLM-000062,TICK-000617,Missed Connection,112000,50000,75000,2025-08-09 13:41:00,2025-08-09 12:41:00,2025-08-14 12:41:00,Approved
CLM-000063,TICK-000626,Missed Connection,254000,75000,160000,2025-11-23 09:46:00,2025-11-23 06:46:00,2025-11-25 06:46:00,Approved
CLM-000064,TICK-000634,Missed Connection,158000,75000,99000,2025-12-09 18:20:00,2025-12-09 13:20:00,2025-12-14 13:20:00,Approved
CLM-000065,TICK-000637,Missed Connection,181000,50000,114000,2025-06-09 02:39:00,2025-06-08 18:39:00,2025-06-10 18:39:00,Approved
CLM-000066,TICK-000639,Missed Connection,99000,75000,62000,2025-06-23 04:39:00,2025-06-23 02:39:00,2025-06-24 02:39:00,Approved
CLM-000067,TICK-000648,Missed Connection,176000,75000,117000,2025-12-09 04:07:00,2025-12-09 01:07:00,2025-12-13 01:07:00,Approved
CLM-000068,TICK-000677,Missed Connection,140000,50000,88000,2025-04-23 07:14:00,2025-04-23 06:14:00,2025-04-26 06:14:00,Approved
CLM-000069,TICK-000694,Missed Connection,142000,50000,99000,2025-12-09 23:20:00,2025-12-09 18:20:00,2025-12-10 18:20:00,Approved
CLM-000070,TICK-000710,Missed Connection,82000,75000,58000,2025-09-23 04:16:00,2025-09-22 20:16:00,2025-09-24 20:16:00,Approved
CLM-000071,TICK-000713,Missed Connection,56000,75000,36000,2025-04-23 07:45:00,2025-04-22 23:45:00,2025-04-27 23:45:00,Approved
CLM-000072,TICK-000716,Missed Connection,98000,50000,65000,2025-08-23 15:10:00,2025-08-23 07:10:00,2025-08-26 07:10:00,Approved
CLM-000073,TICK-000733,Missed Connection,105000,75000,70000,2025-07-09 17:05:00,2025-07-09 10:05:00,2025-07-13 10:05:00,Approved
CLM-000074,TICK-000736,Missed Connection,92000,50000,58000,2025-09-23 12:49:00,2025-09-23 09:49:00,2025-09-28 09:49:00,Approved
CLM-000075,TICK-000754,Missed Connection,188000,50000,119000,2025-05-23 11:25:00,2025-05-23 04:25:00,2025-05-28 04:25:00,Approved
CLM-000076,TICK-000757,Missed Connection,156000,75000,98000,2025-08-10 04:26:00,2025-08-10 01:26:00,2025-08-14 01:26:00,Approved
CLM-000077,TICK-000766,Missed Connection,124000,75000,78000,2025-07-24 01:24:00,2025-07-23 18:24:00,2025-07-27 18:24:00,Approved
CLM-000078,TICK-000769,Missed Connection,82000,75000,55000,2025-10-09 04:10:00,2025-10-09 01:10:00,2025-10-13 01:10:00,Approved
CLM-000079,TICK-000771,Missed Connection,86000,50000,61000,2025-05-08 22:32:00,2025-05-08 21:32:00,2025-05-13 21:32:00,Approved
CLM-000080,TICK-000780,Missed Connection,119000,100000,75000,2025-08-23 05:04:00,2025-08-22 22:04:00,2025-08-24 22:04:00,Approved
CLM-000081,TICK-000791,Missed Connection,138000,75000,87000,2025-12-23 00:19:00,2025-12-22 19:19:00,2025-12-26 19:19:00,Approved
CLM-000082,TICK-000809,Missed Connection,99000,50000,62000,2025-12-23 18:48:00,2025-12-23 12:48:00,2025-12-24 12:48:00,Approved
CLM-000083,TICK-000817,Missed Connection,148000,75000,93000,2025-12-23 19:17:00,2025-12-23 14:17:00,2025-12-27 14:17:00,Approved
CLM-000084,TICK-000830,Missed Connection,188000,50000,119000,2025-05-23 10:25:00,2025-05-23 02:25:00,2025-05-26 02:25:00,Approved
CLM-000085,TICK-000836,Missed Connection,178000,75000,112000,2025-12-23 05:34:00,2025-12-23 02:34:00,2025-12-28 02:34:00,Approved
CLM-000086,TICK-000841,Missed Connection,174000,75000,115000,2025-10-23 08:06:00,2025-10-23 02:06:00,2025-10-27 02:06:00,Approved
CLM-000087,TICK-000843,Missed Connection,119000,50000,75000,2025-03-23 03:05:00,2025-03-23 01:05:00,2025-03-25 01:05:00,Approved
CLM-000088,TICK-000849,Missed Connection,92000,75000,58000,2025-01-09 06:47:00,2025-01-09 05:47:00,2025-01-10 05:47:00,Approved
CLM-000089,TICK-000854,Missed Connection,104000,75000,65000,2025-06-09 14:10:00,2025-06-09 12:10:00,2025-06-12 12:10:00,Approved
CLM-000090,TICK-000857,Missed Connection,148000,75000,93000,2025-04-09 10:46:00,2025-04-09 07:46:00,2025-04-10 07:46:00,Approved
CLM-000091,TICK-000863,Missed Connection,124000,75000,78000,2025-12-09 12:10:00,2025-12-09 05:10:00,2025-12-14 05:10:00,Approved
CLM-000092,TICK-000874,Missed Connection,145000,50000,102000,2025-05-09 06:03:00,2025-05-08 22:03:00,2025-05-11 22:03:00,Approved
CLM-000093,TICK-000878,Missed Connection,123000,50000,78000,2025-06-23 13:28:00,2025-06-23 12:28:00,2025-06-26 12:28:00,Approved
CLM-000094,TICK-000884,Missed Connection,99000,75000,62000,2025-12-23 10:49:00,2025-12-23 03:49:00,2025-12-26 03:49:00,Rejected
CLM-000095,TICK-000888,Missed Connection,115000,75000,72000,2025-09-23 05:16:00,2025-09-23 00:16:00,2025-09-25 00:16:00,Approved
CLM-000096,TICK-000895,Missed Connection,155000,75000,98000,2025-07-09 07:45:00,2025-07-09 02:45:00,2025-07-13 02:45:00,Approved
CLM-000097,TICK-000898,Missed Connection,84000,100000,53000,2025-06-09 13:49:00,2025-06-09 08:49:00,2025-06-13 08:49:00,Approved
CLM-000098,TICK-000903,Missed Connection,170000,75000,119000,2025-03-09 01:49:00,2025-03-08 17:49:00,2025-03-09 17:49:00,Approved
CLM-000099,TICK-000905,Missed Connection,112000,75000,78000,2025-12-23 07:10:00,2025-12-22 23:10:00,2025-12-24 23:10:00,Approved
CLM-000100,TICK-000916,Missed Connection,188000,50000,132000,2025-02-23 13:34:00,2025-02-23 07:34:00,2025-02-27 07:34:00,Approved
CLM-000101,TICK-000919,Missed Connection,170000,75000,112000,2025-12-23 13:28:00,2025-12-23 09:28:00,2025-12-26 09:28:00,Approved
CLM-000102,TICK-000934,Missed Connection,87000,100000,58000,2025-08-24 05:30:00,2025-08-24 00:30:00,2025-08-29 00:30:00,Approved
CLM-000103,TICK-000938,Missed Connection,131000,100000,87000,2025-12-22 18:19:00,2025-12-22 14:19:00,2025-12-25 14:19:00,Approved
CLM-000104,TICK-000946,Missed Connection,167000,75000,105000,2025-07-09 05:10:00,2025-07-08 23:10:00,2025-07-12 23:10:00,Approved
CLM-000105,TICK-000951,Missed Connection,235000,75000,164000,2025-07-08 23:09:00,2025-07-08 19:09:00,2025-07-11 19:09:00,Approved
CLM-000106,TICK-000960,Missed Connection,98000,50000,65000,2025-11-09 00:47:00,2025-11-08 19:47:00,2025-11-10 19:47:00,Approved
CLM-000107,TICK-000970,Missed Connection,155000,100000,98000,2025-03-09 19:20:00,2025-03-09 18:20:00,2025-03-10 18:20:00,Approved
CLM-000108,TICK-000972,Missed Connection,198000,50000,132000,2025-03-23 21:34:00,2025-03-23 14:34:00,2025-03-25 14:34:00,Approved
CLM-000109,TICK-000975,Missed Connection,142000,50000,90000,2025-12-23 19:16:00,2025-12-23 16:16:00,2025-12-26 16:16:00,Approved
CLM-000110,TICK-000989,Missed Connection,103000,75000,65000,2025-01-08 19:10:00,2025-01-08 16:10:00,2025-01-13 16:10:00,Approved
CLM-000111,TICK-000994,Missed Connection,261000,50000,164000,2025-12-22 22:13:00,2025-12-22 20:13:00,2025-12-24 20:13:00,Approved
CLM-000112,TICK-001027,Missed Connection,45000,75000,28000,2025-11-23 13:40:00,2025-11-23 07:40:00,2025-11-26 07:40:00,Approved
CLM-000113,TICK-001045,Missed Connection,102000,50000,68000,2025-02-23 02:29:00,2025-02-22 23:29:00,2025-02-23 23:29:00,Approved
CLM-000114,TICK-001057,Missed Connection,86000,50000,57000,2025-08-09 14:16:00,2025-08-09 10:16:00,2025-08-13 10:16:00,Approved
CLM-000115,TICK-001066,Missed Connection,140000,75000,88000,2025-03-09 09:39:00,2025-03-09 05:39:00,2025-03-11 05:39:00,Approved
CLM-000116,TICK-001073,Missed Connection,68000,100000,43000,2025-12-23 08:23:00,2025-12-23 01:23:00,2025-12-28 01:23:00,Approved
CLM-000117,TICK-001077,Missed Connection,162000,100000,114000,2025-06-23 13:40:00,2025-06-23 11:40:00,2025-06-24 11:40:00,Approved
CLM-000118,TICK-001082,Missed Connection,86000,75000,55000,2025-01-09 07:10:00,2025-01-09 00:10:00,2025-01-10 00:10:00,Approved
CLM-000119,TICK-001088,Missed Connection,133000,75000,93000,2025-05-23 16:42:00,2025-05-23 11:42:00,2025-05-26 11:42:00,Approved
CLM-000120,TICK-001093,Missed Connection,131000,50000,87000,2025-07-09 13:48:00,2025-07-09 09:48:00,2025-07-14 09:48:00,Rejected
CLM-000121,TICK-001098,Missed Connection,54000,50000,34000,2025-12-23 21:23:00,2025-12-23 18:23:00,2025-12-28 18:23:00,Approved
CLM-000122,TICK-001103,Missed Connection,124000,50000,78000,2025-06-09 04:48:00,2025-06-09 02:48:00,2025-06-13 02:48:00,Approved
CLM-000123,TICK-001107,Missed Connection,74000,100000,52000,2025-05-09 14:04:00,2025-05-09 12:04:00,2025-05-11 12:04:00,Approved
CLM-000124,TICK-001126,Missed Connection,62000,75000,39000,2025-08-23 20:52:00,2025-08-23 15:52:00,2025-08-26 15:52:00,Approved
CLM-000125,TICK-001140,Missed Connection,74000,75000,49000,2025-04-23 02:47:00,2025-04-22 20:47:00,2025-04-24 20:47:00,Approved
CLM-000126,TICK-001150,Missed Connection,178000,50000,112000,2025-06-09 07:02:00,2025-06-09 04:02:00,2025-06-12 04:02:00,Approved
CLM-000127,TICK-001163,Missed Connection,148000,75000,93000,2025-11-09 05:57:00,2025-11-09 01:57:00,2025-11-14 01:57:00,Approved
CLM-000128,TICK-001167,Missed Connection,154000,100000,97000,2025-06-09 16:10:00,2025-06-09 10:10:00,2025-06-11 10:10:00,Approved
CLM-000129,TICK-001169,Missed Connection,140000,50000,98000,2025-12-09 11:35:00,2025-12-09 04:35:00,2025-12-10 04:35:00,Approved
CLM-000130,TICK-001171,Missed Connection,188000,50000,119000,2025-04-23 00:00:00,2025-04-22 23:00:00,2025-04-26 23:00:00,Approved
CLM-000131,TICK-001175,Missed Connection,170000,75000,119000,2025-10-09 01:18:00,2025-10-09 00:18:00,2025-10-12 00:18:00,Approved
CLM-000132,TICK-001186,Missed Connection,56000,75000,36000,2025-05-23 00:23:00,2025-05-22 20:23:00,2025-05-27 20:23:00,Approved
CLM-000133,TICK-001189,Missed Connection,161000,75000,102000,2025-05-09 01:03:00,2025-05-08 22:03:00,2025-05-11 22:03:00,Approved
CLM-000134,TICK-001208,Missed Connection,119000,75000,75000,2025-02-23 00:04:00,2025-02-22 21:04:00,2025-02-25 21:04:00,Approved
CLM-000135,TICK-001211,Missed Connection,56000,50000,36000,2025-05-23 21:19:00,2025-05-23 18:19:00,2025-05-28 18:19:00,Approved
CLM-000136,TICK-001226,Missed Connection,92000,75000,58000,2025-02-23 14:33:00,2025-02-23 09:33:00,2025-02-26 09:33:00,Approved
CLM-000137,TICK-001244,Missed Connection,74000,75000,49000,2025-11-24 09:03:00,2025-11-24 01:03:00,,Pending
CLM-000138,TICK-001254,Missed Connection,124000,50000,78000,2025-07-23 20:24:00,2025-07-23 19:24:00,2025-07-26 19:24:00,Approved
CLM-000139,TICK-001258,Missed Connection,93000,50000,65000,2025-07-23 02:10:00,2025-07-22 21:10:00,2025-07-24 21:10:00,Approved
CLM-000140,TICK-001264,Missed Connection,82000,75000,52000,2025-02-09 11:47:00,2025-02-09 06:47:00,2025-02-10 06:47:00,Approved
CLM-000141,TICK-001274,Missed Connection,178000,50000,112000,2025-06-09 17:44:00,2025-06-09 10:44:00,2025-06-11 10:44:00,Approved
CLM-000142,TICK-001288,Missed Connection,110000,50000,70000,2025-07-23 03:06:00,2025-07-23 00:06:00,2025-07-26 00:06:00,Approved
CLM-000143,TICK-001293,Missed Connection,99000,100000,62000,2025-07-09 18:41:00,2025-07-09 10:41:00,2025-07-11 10:41:00,Approved
CLM-000144,TICK-001296,Missed Connection,146000,75000,92000,2025-02-09 07:10:00,2025-02-09 05:10:00,2025-02-13 05:10:00,Approved
CLM-000145,TICK-001307,Missed Connection,193000,50000,122000,2025-12-08 18:17:00,2025-12-08 14:17:00,2025-12-12 14:17:00,Approved
CLM-000146,TICK-001318,Missed Connection,167000,75000,105000,2025-07-23 14:13:00,2025-07-23 10:13:00,2025-07-26 10:13:00,Approved
CLM-000147,TICK-001326,Missed Connection,138000,50000,87000,2025-06-22 15:05:00,2025-06-22 14:05:00,,Pending
CLM-000148,TICK-001329,Missed Connection,74000,50000,47000,2025-12-09 04:11:00,2025-12-09 03:11:00,2025-12-14 03:11:00,Approved
CLM-000149,TICK-001339,Missed Connection,45000,50000,28000,2025-09-09 19:52:00,2025-09-09 17:52:00,2025-09-10 17:52:00,Approved
CLM-000150,TICK-001346,Missed Connection,79000,100000,52000,2025-08-23 18:48:00,2025-08-23 13:48:00,,Pending
CLM-000151,TICK-001362,Missed Connection,87000,50000,58000,2025-08-23 15:30:00,2025-08-23 09:30:00,2025-08-25 09:30:00,Approved
CLM-000152,TICK-001382,Missed Connection,62000,50000,39000,2025-02-23 16:34:00,2025-02-23 10:34:00,2025-02-26 10:34:00,Approved
CLM-000153,TICK-001390,Missed Connection,97000,50000,68000,2025-04-23 01:10:00,2025-04-23 00:10:00,2025-04-25 00:10:00,Approved
CLM-000154,TICK-001393,Missed Connection,87000,50000,58000,2025-04-09 22:17:00,2025-04-09 16:17:00,2025-04-14 16:17:00,Approved
CLM-000155,TICK-001401,Missed Connection,45000,100000,28000,2025-11-23 07:40:00,2025-11-23 06:40:00,2025-11-25 06:40:00,Approved
CLM-000156,TICK-001413,Missed Connection,148000,100000,93000,2025-06-23 23:01:00,2025-06-23 17:01:00,2025-06-24 17:01:00,Approved
CLM-000157,TICK-001426,Missed Connection,131000,50000,87000,2025-12-23 07:19:00,2025-12-22 23:19:00,2025-12-23 23:19:00,Approved
CLM-000158,TICK-001430,Missed Connection,107000,100000,75000,2025-09-09 20:06:00,2025-09-09 13:06:00,2025-09-10 13:06:00,Approved
CLM-000159,TICK-001444,Missed Connection,200000,75000,126000,2025-02-09 21:25:00,2025-02-09 13:25:00,2025-02-11 13:25:00,Approved
CLM-000160,TICK-001463,Missed Connection,118000,50000,78000,2025-07-23 08:10:00,2025-07-23 01:10:00,2025-07-28 01:10:00,Approved
CLM-000161,TICK-001493,Missed Connection,167000,100000,105000,2025-12-09 18:35:00,2025-12-09 12:35:00,,Pending
CLM-000162,TICK-001498,Missed Connection,86000,50000,55000,2025-05-09 05:38:00,2025-05-09 01:38:00,2025-05-10 01:38:00,Approved
CLM-000163,TICK-001506,Missed Connection,94000,100000,66000,2025-09-09 16:22:00,2025-09-09 10:22:00,2025-09-12 10:22:00,Approved
CLM-000164,TICK-001509,Missed Connection,218000,50000,137000,2025-10-09 09:40:00,2025-10-09 05:40:00,2025-10-10 05:40:00,Approved
CLM-000165,TICK-001520,Missed Connection,188000,50000,119000,2025-01-09 07:23:00,2025-01-08 23:23:00,2025-01-13 23:23:00,Approved
CLM-000166,TICK-001538,Missed Connection,87000,75000,58000,2025-01-09 00:05:00,2025-01-08 23:05:00,2025-01-10 23:05:00,Approved
CLM-000167,TICK-001563,Missed Connection,105000,50000,70000,2025-12-23 17:27:00,2025-12-23 11:27:00,,Pending
CLM-000168,TICK-001589,Missed Connection,92000,50000,58000,2025-05-09 05:05:00,2025-05-09 01:05:00,2025-05-12 01:05:00,Approved
CLM-000169,TICK-001594,Missed Connection,136000,75000,95000,2025-04-09 06:39:00,2025-04-09 00:39:00,2025-04-12 00:39:00,Approved
CLM-000170,TICK-001596,Missed Connection,118000,50000,78000,2025-06-09 05:48:00,2025-06-09 04:48:00,2025-06-10 04:48:00,Approved
CLM-000171,TICK-001603,Missed Connection,174000,75000,122000,2025-07-23 08:17:00,2025-07-23 05:17:00,2025-07-27 05:17:00,Approved
CLM-000172,TICK-001605,Missed Connection,196000,50000,137000,2025-09-23 08:13:00,2025-09-23 05:13:00,2025-09-27 05:13:00,Rejected
CLM-000173,TICK-001614,Missed Connection,112000,50000,79000,2025-07-23 08:02:00,2025-07-23 04:02:00,2025-07-25 04:02:00,Approved
CLM-000174,TICK-001616,Missed Connection,82000,50000,52000,2025-03-23 00:00:00,2025-03-22 23:00:00,2025-03-24 23:00:00,Approved
CLM-000175,TICK-001627,Missed Connection,104000,75000,65000,2025-12-09 01:40:00,2025-12-08 20:40:00,2025-12-11 20:40:00,Approved
CLM-000176,TICK-001646,Missed Connection,167000,75000,105000,2025-12-09 07:35:00,2025-12-09 05:35:00,2025-12-12 05:35:00,Approved
CLM-000177,TICK-001663,Missed Connection,115000,75000,72000,2025-09-23 13:16:00,2025-09-23 06:16:00,2025-09-26 06:16:00,Approved
CLM-000178,TICK-001666,Missed Connection,142000,50000,90000,2025-06-23 17:57:00,2025-06-23 12:57:00,2025-06-27 12:57:00,Approved
CLM-000179,TICK-001679,Missed Connection,150000,100000,95000,2025-02-22 23:14:00,2025-02-22 18:14:00,2025-02-24 18:14:00,Approved
CLM-000180,TICK-001683,Missed Connection,124000,75000,78000,2025-05-09 03:30:00,2025-05-09 00:30:00,2025-05-13 00:30:00,Approved
CLM-000181,TICK-001687,Missed Connection,82000,50000,52000,2025-10-09 10:34:00,2025-10-09 08:34:00,2025-10-13 08:34:00,Approved
CLM-000182,TICK-001699,Missed Connection,138000,75000,87000,2025-07-09 12:48:00,2025-07-09 08:48:00,2025-07-10 08:48:00,Approved
CLM-000183,TICK-001712,Missed Connection,95000,50000,66000,2025-05-09 12:39:00,2025-05-09 06:39:00,2025-05-11 06:39:00,Approved
CLM-000184,TICK-001716,Missed Connection,103000,50000,72000,2025-01-23 12:11:00,2025-01-23 07:11:00,2025-01-25 07:11:00,Approved
CLM-000185,TICK-001743,Missed Connection,167000,50000,105000,2025-06-23 05:24:00,2025-06-23 01:24:00,2025-06-25 01:24:00,Approved
CLM-000186,TICK-001745,Missed Connection,56000,50000,36000,2025-05-23 08:23:00,2025-05-23 03:23:00,2025-05-24 03:23:00,Approved
CLM-000187,TICK-001760,Missed Connection,56000,75000,36000,2025-02-09 10:49:00,2025-02-09 07:49:00,2025-02-12 07:49:00,Approved
CLM-000188,TICK-001763,Missed Connection,124000,50000,78000,2025-05-09 05:30:00,2025-05-08 23:30:00,2025-05-10 23:30:00,Approved
CLM-000189,TICK-001771,Missed Connection,148000,75000,93000,2025-06-09 19:02:00,2025-06-09 11:02:00,2025-06-11 11:02:00,Approved
CLM-000190,TICK-001776,Missed Connection,102000,75000,68000,2025-11-22 22:41:00,2025-11-22 19:41:00,2025-11-26 19:41:00,Approved
CLM-000191,TICK-001784,Missed Connection,136000,50000,90000,2025-06-23 02:57:00,2025-06-23 01:57:00,2025-06-28 01:57:00,Approved
CLM-000192,TICK-001787,Missed Connection,103000,50000,65000,2025-04-23 00:40:00,2025-04-22 19:40:00,2025-04-26 19:40:00,Approved
CLM-000193,TICK-001789,Missed Connection,92000,100000,65000,2025-09-08 16:39:00,2025-09-08 15:39:00,2025-09-13 15:39:00,Approved
CLM-000194,TICK-001793,Missed Connection,142000,50000,90000,2025-07-23 03:38:00,2025-07-22 21:38:00,2025-07-24 21:38:00,Approved
CLM-000195,TICK-001797,Missed Connection,56000,50000,39000,2025-05-23 18:02:00,2025-05-23 16:02:00,2025-05-27 16:02:00,Approved
CLM-000196,TICK-001805,Missed Connection,110000,100000,72000,2025-11-23 02:25:00,2025-11-23 00:25:00,2025-11-25 00:25:00,Approved
CLM-000197,TICK-001812,Missed Connection,155000,50000,98000,2025-06-08 18:39:00,2025-06-08 13:39:00,2025-06-10 13:39:00,Approved
CLM-000198,TICK-001824,Missed Connection,98000,75000,65000,2025-10-23 14:59:00,2025-10-23 09:59:00,2025-10-24 09:59:00,Approved
CLM-000199,TICK-001835,Missed Connection,99000,50000,62000,2025-12-09 02:17:00,2025-12-09 00:17:00,,Pending
CLM-000200,TICK-001841,Missed Connection,208000,75000,132000,2025-08-09 08:54:00,2025-08-09 06:54:00,2025-08-13 06:54:00,Approved
CLM-000201,TICK-001847,Missed Connection,119000,75000,75000,2025-03-23 12:54:00,2025-03-23 10:54:00,2025-03-26 10:54:00,Rejected
CLM-000202,TICK-001860,Missed Connection,92000,75000,58000,2025-01-09 07:05:00,2025-01-08 23:05:00,2025-01-11 23:05:00,Approved
CLM-000203,TICK-001866,Missed Connection,226000,75000,142000,2025-07-09 04:09:00,2025-07-09 00:09:00,2025-07-13 00:09:00,Rejected
CLM-000204,TICK-001879,Missed Connection,124000,75000,78000,2025-10-09 19:02:00,2025-10-09 13:02:00,2025-10-12 13:02:00,Approved
CLM-000205,TICK-001881,Missed Connection,132000,50000,88000,2025-02-23 01:35:00,2025-02-22 19:35:00,2025-02-24 19:35:00,Rejected
CLM-000206,TICK-001888,Missed Connection,132000,50000,88000,2025-08-09 22:26:00,2025-08-09 17:26:00,2025-08-10 17:26:00,Approved
CLM-000207,TICK-001890,Missed Connection,104000,50000,65000,2025-06-09 19:10:00,2025-06-09 11:10:00,2025-06-14 11:10:00,Approved
CLM-000208,TICK-001898,Missed Connection,155000,75000,98000,2025-02-23 05:42:00,2025-02-23 03:42:00,2025-02-26 03:42:00,Approved
CLM-000209,TICK-001933,Missed Connection,181000,50000,114000,2025-07-09 14:03:00,2025-07-09 11:03:00,2025-07-13 11:03:00,Approved
CLM-000210,TICK-001938,Missed Connection,188000,50000,119000,2025-10-23 07:57:00,2025-10-22 23:57:00,2025-10-25 23:57:00,Approved
CLM-000211,TICK-001944,Missed Connection,142000,50000,90000,2025-07-09 12:41:00,2025-07-09 06:41:00,2025-07-10 06:41:00,Approved
CLM-000212,TICK-001946,Missed Connection,112000,75000,71000,2025-07-23 07:03:00,2025-07-23 04:03:00,2025-07-27 04:03:00,Approved
CLM-000213,TICK-001952,Missed Connection,218000,75000,137000,2025-08-08 21:17:00,2025-08-08 18:17:00,2025-08-12 18:17:00,Approved
CLM-000214,TICK-001958,Missed Connection,148000,100000,93000,2025-06-24 04:45:00,2025-06-24 02:45:00,2025-06-28 02:45:00,Approved
CLM-000215,TICK-001965,Missed Connection,138000,75000,87000,2025-06-09 05:05:00,2025-06-08 22:05:00,2025-06-09 22:05:00,Approved
CLM-000216,TICK-001969,Missed Connection,190000,100000,126000,2025-11-09 16:34:00,2025-11-09 14:34:00,2025-11-13 14:34:00,Approved
CLM-000217,TICK-001978,Missed Connection,87000,75000,58000,2025-09-23 04:16:00,2025-09-23 00:16:00,2025-09-26 00:16:00,Rejected
CLM-000218,TICK-001981,Missed Connection,150000,50000,95000,2025-04-08 17:27:00,2025-04-08 13:27:00,2025-04-09 13:27:00,Approved
CLM-000219,TICK-001988,Missed Connection,115000,100000,72000,2025-08-09 03:16:00,2025-08-09 00:16:00,2025-08-12 00:16:00,Approved
CLM-000220,TICK-001996,Missed Connection,188000,75000,119000,2025-04-23 18:27:00,2025-04-23 11:27:00,2025-04-27 11:27:00,Rejected
CLM-000221,TICK-002000,Missed Connection,115000,100000,72000,2025-10-22 19:57:00,2025-10-22 13:57:00,2025-10-25 13:57:00,Approved
CLM-000222,TICK-002003,Missed Connection,124000,75000,78000,2025-07-24 00:24:00,2025-07-23 19:24:00,2025-07-25 19:24:00,Approved
CLM-000223,TICK-002006,Missed Connection,147000,50000,98000,2025-12-09 05:35:00,2025-12-08 21:35:00,2025-12-13 21:35:00,Approved
CLM-000224,TICK-002029,Missed Connection,130000,75000,82000,2025-06-23 22:39:00,2025-06-23 14:39:00,2025-06-25 14:39:00,Approved
CLM-000225,TICK-002037,Missed Connection,54000,50000,34000,2025-12-22 22:50:00,2025-12-22 20:50:00,,Pending
CLM-000226,TICK-002041,Missed Connection,92000,100000,58000,2025-08-09 15:44:00,2025-08-09 07:44:00,2025-08-11 07:44:00,Approved
CLM-000227,TICK-002060,Missed Connection,148000,75000,93000,2025-07-23 23:31:00,2025-07-23 17:31:00,2025-07-26 17:31:00,Approved
CLM-000228,TICK-002067,Missed Connection,154000,50000,97000,2025-04-09 15:58:00,2025-04-09 08:58:00,2025-04-11 08:58:00,Approved
CLM-000229,TICK-002100,Missed Connection,78000,75000,55000,2025-05-09 02:38:00,2025-05-08 22:38:00,2025-05-12 22:38:00,Approved
CLM-000230,TICK-002108,Missed Connection,51000,50000,36000,2025-01-23 12:23:00,2025-01-23 05:23:00,2025-01-28 05:23:00,Approved
CLM-000231,TICK-002112,Missed Connection,82000,50000,58000,2025-09-23 16:49:00,2025-09-23 14:49:00,2025-09-26 14:49:00,Approved
CLM-000232,TICK-002117,Missed Connection,119000,75000,75000,2025-05-23 06:19:00,2025-05-23 00:19:00,2025-05-24 00:19:00,Approved
CLM-000233,TICK-002126,Missed Connection,124000,75000,78000,2025-09-08 20:02:00,2025-09-08 19:02:00,2025-09-09 19:02:00,Approved
CLM-000234,TICK-002128,Missed Connection,99000,100000,62000,2025-07-09 02:10:00,2025-07-09 00:10:00,2025-07-10 00:10:00,Approved
CLM-000235,TICK-002130,Missed Connection,124000,50000,78000,2025-05-23 02:06:00,2025-05-22 23:06:00,,Pending
CLM-000236,TICK-002143,Missed Connection,176000,50000,117000,2025-07-09 20:25:00,2025-07-09 12:25:00,2025-07-13 12:25:00,Approved
CLM-000237,TICK-002164,Missed Connection,161000,75000,102000,2025-01-23 02:22:00,2025-01-22 19:22:00,2025-01-27 19:22:00,Approved
CLM-000238,TICK-002183,Missed Connection,188000,75000,119000,2025-05-09 07:03:00,2025-05-09 03:03:00,2025-05-10 03:03:00,Approved
CLM-000239,TICK-002206,Missed Connection,128000,75000,90000,2025-06-09 17:25:00,2025-06-09 14:25:00,2025-06-12 14:25:00,Approved
CLM-000240,TICK-002213,Missed Connection,92000,75000,58000,2025-01-24 00:39:00,2025-01-23 21:39:00,2025-01-26 21:39:00,Approved
CLM-000241,TICK-002236,Missed Connection,74000,75000,52000,2025-04-09 01:10:00,2025-04-08 22:10:00,,Pending
CLM-000242,TICK-002238,Missed Connection,68000,75000,43000,2025-07-23 11:43:00,2025-07-23 09:43:00,2025-07-24 09:43:00,Approved
CLM-000243,TICK-002242,Missed Connection,94000,75000,62000,2025-06-23 01:39:00,2025-06-22 21:39:00,2025-06-24 21:39:00,Approved
CLM-000244,TICK-002249,Missed Connection,140000,75000,88000,2025-05-09 02:29:00,2025-05-08 23:29:00,2025-05-13 23:29:00,Approved
CLM-000245,TICK-002255,Missed Connection,79000,75000,52000,2025-10-09 10:15:00,2025-10-09 02:15:00,2025-10-14 02:15:00,Approved
CLM-000246,TICK-002265,Missed Connection,142000,50000,90000,2025-12-09 09:29:00,2025-12-09 04:29:00,,Pending
CLM-000247,TICK-002268,Missed Connection,158000,50000,105000,2025-06-23 11:24:00,2025-06-23 08:24:00,2025-06-25 08:24:00,Approved
CLM-000248,TICK-002274,Missed Connection,56000,75000,36000,2025-01-23 02:23:00,2025-01-22 20:23:00,2025-01-23 20:23:00,Approved
CLM-000249,TICK-002282,Missed Connection,98000,75000,65000,2025-11-08 20:10:00,2025-11-08 13:10:00,2025-11-09 13:10:00,Approved
CLM-000250,TICK-002292,Missed Connection,216000,75000,152000,2025-07-09 14:25:00,2025-07-09 09:25:00,2025-07-11 09:25:00,Approved
CLM-000251,TICK-002295,Missed Connection,216000,50000,152000,2025-06-10 03:32:00,2025-06-10 00:32:00,2025-06-15 00:32:00,Approved
CLM-000252,TICK-002308,Missed Connection,74000,50000,52000,2025-05-22 20:36:00,2025-05-22 16:36:00,2025-05-26 16:36:00,Approved
CLM-000253,TICK-002312,Missed Connection,123000,50000,82000,2025-07-09 15:13:00,2025-07-09 08:13:00,2025-07-12 08:13:00,Approved
CLM-000254,TICK-002332,Missed Connection,86000,50000,55000,2025-05-22 18:10:00,2025-05-22 13:10:00,2025-05-23 13:10:00,Approved
CLM-000255,TICK-002345,Missed Connection,110000,50000,70000,2025-07-09 01:16:00,2025-07-08 18:16:00,2025-07-13 18:16:00,Approved
CLM-000256,TICK-002348,Missed Connection,136000,100000,86000,2025-02-09 04:01:00,2025-02-09 02:01:00,2025-02-10 02:01:00,Approved
CLM-000257,TICK-002350,Missed Connection,124000,100000,78000,2025-12-22 19:10:00,2025-12-22 17:10:00,2025-12-24 17:10:00,Approved
CLM-000258,TICK-002358,Missed Connection,226000,75000,142000,2025-06-23 19:31:00,2025-06-23 12:31:00,2025-06-25 12:31:00,Approved
CLM-000259,TICK-002360,Missed Connection,148000,75000,93000,2025-07-23 05:22:00,2025-07-23 04:22:00,2025-07-27 04:22:00,Approved
CLM-000260,TICK-002365,Missed Connection,154000,50000,97000,2025-07-09 11:08:00,2025-07-09 10:08:00,2025-07-11 10:08:00,Approved
CLM-000261,TICK-002375,Missed Connection,70000,75000,47000,2025-12-23 20:02:00,2025-12-23 12:02:00,2025-12-25 12:02:00,Approved
CLM-000262,TICK-002381,Missed Connection,79000,50000,52000,2025-11-09 07:19:00,2025-11-09 02:19:00,2025-11-10 02:19:00,Approved
CLM-000263,TICK-002388,Missed Connection,167000,75000,105000,2025-12-09 13:35:00,2025-12-09 06:35:00,,Pending
CLM-000264,TICK-002399,Missed Connection,129000,100000,81000,2025-02-09 05:01:00,2025-02-09 01:01:00,2025-02-11 01:01:00,Approved
CLM-000265,TICK-002402,Missed Connection,103000,50000,65000,2025-08-09 01:54:00,2025-08-08 19:54:00,2025-08-13 19:54:00,Approved
CLM-000266,TICK-002412,Missed Connection,74000,75000,47000,2025-07-09 12:25:00,2025-07-09 04:25:00,2025-07-11 04:25:00,Approved
CLM-000267,TICK-002417,Missed Connection,118000,75000,78000,2025-12-23 01:10:00,2025-12-22 22:10:00,,Pending
CLM-000268,TICK-002422,Missed Connection,226000,75000,142000,2025-07-23 00:17:00,2025-07-22 22:17:00,2025-07-27 22:17:00,Approved
CLM-000269,TICK-002426,Missed Connection,184000,50000,122000,2025-06-23 08:03:00,2025-06-23 00:03:00,2025-06-28 00:03:00,Rejected
CLM-000270,TICK-002429,Missed Connection,148000,50000,93000,2025-08-23 21:30:00,2025-08-23 13:30:00,2025-08-26 13:30:00,Approved
CLM-000271,TICK-002439,Missed Connection,124000,75000,78000,2025-02-10 07:51:00,2025-02-10 00:51:00,,Pending
CLM-000272,TICK-002478,Missed Connection,188000,100000,119000,2025-05-09 21:03:00,2025-05-09 16:03:00,2025-05-13 16:03:00,Rejected
CLM-000273,TICK-002481,Missed Connection,148000,75000,93000,2025-12-24 13:04:00,2025-12-24 07:04:00,2025-12-25 07:04:00,Approved
CLM-000274,TICK-002488,Missed Connection,138000,75000,97000,2025-06-23 15:13:00,2025-06-23 08:13:00,2025-06-27 08:13:00,Approved
CLM-000275,TICK-002492,Missed Connection,158000,50000,105000,2025-07-09 01:10:00,2025-07-09 00:10:00,2025-07-10 00:10:00,Approved
CLM-000276,TICK-002497,Missed Connection,133000,75000,93000,2025-06-10 00:02:00,2025-06-09 16:02:00,2025-06-10 16:02:00,Approved
CLM-000277,TICK-002499,Missed Connection,119000,75000,75000,2025-05-09 01:50:00,2025-05-08 20:50:00,2025-05-10 20:50:00,Rejected
CLM-000278,TICK-002516,Missed Connection,54000,50000,34000,2025-12-10 00:54:00,2025-12-09 16:54:00,2025-12-11 16:54:00,Approved
CLM-000279,TICK-002524,Missed Connection,104000,100000,65000,2025-06-23 05:27:00,2025-06-23 02:27:00,2025-06-28 02:27:00,Approved
CLM-000280,TICK-002535,Missed Connection,150000,50000,95000,2025-01-23 05:37:00,2025-01-23 00:37:00,2025-01-27 00:37:00,Approved
CLM-000281,TICK-002540,Missed Connection,89000,75000,62000,2025-07-09 18:41:00,2025-07-09 10:41:00,2025-07-13 10:41:00,Approved
CLM-000282,TICK-002549,Missed Connection,52000,50000,34000,2025-12-09 15:54:00,2025-12-09 12:54:00,2025-12-11 12:54:00,Approved
CLM-000283,TICK-002554,Missed Connection,76000,50000,48000,2025-04-23 21:50:00,2025-04-23 18:50:00,2025-04-28 18:50:00,Rejected
CLM-000284,TICK-002563,Missed Connection,104000,75000,65000,2025-12-09 03:40:00,2025-12-09 02:40:00,2025-12-11 02:40:00,Approved
CLM-000285,TICK-002573,Missed Connection,103000,50000,65000,2025-09-24 02:19:00,2025-09-23 18:19:00,2025-09-28 18:19:00,Approved
CLM-000286,TICK-002581,Missed Connection,154000,100000,97000,2025-11-09 19:15:00,2025-11-09 14:15:00,2025-11-12 14:15:00,Rejected
CLM-000287,TICK-002597,Missed Connection,124000,75000,78000,2025-07-23 04:10:00,2025-07-23 01:10:00,2025-07-28 01:10:00,Approved
CLM-000288,TICK-002600,Missed Connection,115000,75000,72000,2025-02-09 21:48:00,2025-02-09 13:48:00,2025-02-13 13:48:00,Approved
CLM-000289,TICK-002634,Missed Connection,148000,50000,93000,2025-07-23 09:22:00,2025-07-23 05:22:00,2025-07-25 05:22:00,Approved
CLM-000290,TICK-002636,Missed Connection,110000,75000,72000,2025-10-09 08:18:00,2025-10-09 01:18:00,2025-10-10 01:18:00,Approved
CLM-000291,TICK-002643,Missed Connection,147000,50000,98000,2025-12-09 05:35:00,2025-12-08 21:35:00,2025-12-13 21:35:00,Approved
CLM-000292,TICK-002654,Missed Connection,133000,75000,93000,2025-01-24 08:02:00,2025-01-24 01:02:00,2025-01-26 01:02:00,Approved
CLM-000293,TICK-002667,Missed Connection,129000,50000,81000,2025-04-09 01:39:00,2025-04-08 23:39:00,2025-04-10 23:39:00,Approved
CLM-000294,TICK-002670,Missed Connection,87000,50000,58000,2025-03-09 02:44:00,2025-03-09 00:44:00,2025-03-13 00:44:00,Rejected
CLM-000295,TICK-002693,Missed Connection,110000,100000,70000,2025-06-10 00:40:00,2025-06-09 16:40:00,2025-06-13 16:40:00,Approved
CLM-000296,TICK-002700,Missed Connection,119000,75000,75000,2025-08-10 00:22:00,2025-08-09 18:22:00,2025-08-10 18:22:00,Approved
CLM-000297,TICK-002731,Missed Connection,104000,75000,65000,2025-06-09 02:26:00,2025-06-08 18:26:00,2025-06-12 18:26:00,Approved
CLM-000298,TICK-002734,Missed Connection,150000,50000,95000,2025-08-23 11:04:00,2025-08-23 07:04:00,2025-08-25 07:04:00,Approved
CLM-000299,TICK-002738,Missed Connection,148000,50000,93000,2025-06-09 12:30:00,2025-06-09 05:30:00,,Pending
CLM-000300,TICK-002749,Missed Connection,130000,75000,82000,2025-12-22 22:07:00,2025-12-22 17:07:00,2025-12-24 17:07:00,Approved
CLM-000301,TICK-002751,Missed Connection,154000,100000,97000,2025-08-09 14:02:00,2025-08-09 09:02:00,2025-08-12 09:02:00,Approved
CLM-000302,TICK-002766,Missed Connection,140000,75000,92000,2025-10-23 14:39:00,2025-10-23 12:39:00,2025-10-24 12:39:00,Approved
CLM-000303,TICK-002769,Missed Connection,112000,50000,71000,2025-07-23 20:03:00,2025-07-23 14:03:00,2025-07-28 14:03:00,Approved
CLM-000304,TICK-002771,Missed Connection,150000,75000,99000,2025-12-09 19:20:00,2025-12-09 11:20:00,2025-12-14 11:20:00,Approved
CLM-000305,TICK-002777,Missed Connection,94000,100000,62000,2025-12-08 20:17:00,2025-12-08 17:17:00,2025-12-12 17:17:00,Approved
CLM-000306,TICK-002783,Missed Connection,78000,75000,55000,2025-11-09 01:33:00,2025-11-08 19:33:00,2025-11-13 19:33:00,Approved
CLM-000307,TICK-002785,Missed Connection,116000,100000,81000,2025-02-23 01:26:00,2025-02-22 20:26:00,2025-02-24 20:26:00,Approved
CLM-000308,TICK-002804,Missed Connection,49000,100000,34000,2025-12-23 04:50:00,2025-12-22 20:50:00,2025-12-25 20:50:00,Approved
CLM-000309,TICK-002814,Missed Connection,142000,75000,90000,2025-07-09 09:25:00,2025-07-09 07:25:00,2025-07-14 07:25:00,Approved
CLM-000310,TICK-002818,Missed Connection,92000,100000,58000,2025-03-08 20:44:00,2025-03-08 17:44:00,2025-03-10 17:44:00,Approved
CLM-000311,TICK-002824,Missed Connection,74000,50000,47000,2025-07-09 12:25:00,2025-07-09 09:25:00,2025-07-12 09:25:00,Approved
CLM-000312,TICK-002829,Missed Connection,78000,50000,49000,2025-03-10 10:47:00,2025-03-10 06:47:00,2025-03-11 06:47:00,Approved
CLM-000313,TICK-002850,Missed Connection,138000,50000,87000,2025-06-09 06:05:00,2025-06-08 22:05:00,2025-06-10 22:05:00,Approved
CLM-000314,TICK-002852,Missed Connection,112000,75000,75000,2025-10-09 11:54:00,2025-10-09 07:54:00,2025-10-13 07:54:00,Approved
CLM-000315,TICK-002856,Missed Connection,138000,50000,87000,2025-12-24 03:25:00,2025-12-23 21:25:00,2025-12-24 21:25:00,Approved
CLM-000316,TICK-002858,Missed Connection,124000,75000,78000,2025-07-23 01:10:00,2025-07-22 18:10:00,2025-07-27 18:10:00,Approved
CLM-000317,TICK-002872,Missed Connection,226000,75000,142000,2025-07-23 06:17:00,2025-07-23 02:17:00,2025-07-26 02:17:00,Approved
CLM-000318,TICK-002883,Missed Connection,45000,75000,28000,2025-08-23 19:26:00,2025-08-23 11:26:00,2025-08-28 11:26:00,Approved
CLM-000319,TICK-002892,Missed Connection,142000,50000,90000,2025-06-23 06:57:00,2025-06-23 01:57:00,2025-06-25 01:57:00,Approved
CLM-000320,TICK-002895,Missed Connection,115000,50000,72000,2025-09-09 06:05:00,2025-09-09 02:05:00,2025-09-10 02:05:00,Approved
CLM-000321,TICK-002902,Missed Connection,94000,50000,62000,2025-06-09 03:10:00,2025-06-08 22:10:00,2025-06-09 22:10:00,Approved
CLM-000322,TICK-002906,Missed Connection,148000,75000,93000,2025-07-09 21:16:00,2025-07-09 17:16:00,2025-07-12 17:16:00,Approved
CLM-000323,TICK-002921,Missed Connection,93000,50000,65000,2025-06-09 06:30:00,2025-06-08 23:30:00,2025-06-11 23:30:00,Approved
CLM-000324,TICK-002937,Missed Connection,108000,75000,68000,2025-04-09 03:48:00,2025-04-09 01:48:00,2025-04-11 01:48:00,Approved
CLM-000325,TICK-002941,Missed Connection,59000,100000,39000,2025-10-23 09:42:00,2025-10-23 01:42:00,2025-10-25 01:42:00,Approved
CLM-000326,TICK-002946,Missed Connection,108000,50000,68000,2025-04-23 10:10:00,2025-04-23 04:10:00,2025-04-27 04:10:00,Approved
CLM-000327,TICK-002950,Missed Connection,160000,100000,112000,2025-06-09 18:02:00,2025-06-09 10:02:00,2025-06-10 10:02:00,Approved
CLM-000328,TICK-002970,Missed Connection,208000,50000,132000,2025-09-23 13:07:00,2025-09-23 06:07:00,2025-09-27 06:07:00,Approved
CLM-000329,TICK-002981,Missed Connection,148000,50000,93000,2025-11-09 04:57:00,2025-11-09 03:57:00,2025-11-14 03:57:00,Approved
CLM-000330,TICK-003002,Missed Connection,115000,50000,72000,2025-11-09 05:49:00,2025-11-08 22:49:00,2025-11-13 22:49:00,Approved
CLM-000331,TICK-003004,Missed Connection,92000,75000,58000,2025-03-09 17:19:00,2025-03-09 09:19:00,2025-03-10 09:19:00,Rejected
CLM-000332,TICK-003007,Missed Connection,186000,50000,117000,2025-07-10 06:07:00,2025-07-09 23:07:00,2025-07-12 23:07:00,Approved
CLM-000333,TICK-003010,Missed Connection,74000,100000,52000,2025-11-09 08:19:00,2025-11-09 06:19:00,2025-11-12 06:19:00,Approved
CLM-000334,TICK-003018,Missed Connection,82000,50000,52000,2025-10-23 21:10:00,2025-10-23 17:10:00,2025-10-28 17:10:00,Approved
CLM-000335,TICK-003024,Missed Connection,208000,100000,132000,2025-08-09 06:54:00,2025-08-09 03:54:00,2025-08-10 03:54:00,Approved
CLM-000336,TICK-003042,Missed Connection,92000,75000,58000,2025-08-23 08:17:00,2025-08-23 00:17:00,2025-08-28 00:17:00,Approved
CLM-000337,TICK-003055,Missed Connection,68000,75000,43000,2025-12-23 12:23:00,2025-12-23 09:23:00,2025-12-28 09:23:00,Approved
CLM-000338,TICK-003061,Missed Connection,261000,100000,164000,2025-06-23 18:40:00,2025-06-23 10:40:00,2025-06-28 10:40:00,Approved
CLM-000339,TICK-003070,Missed Connection,67000,50000,47000,2025-01-09 20:11:00,2025-01-09 14:11:00,2025-01-12 14:11:00,Rejected
CLM-000340,TICK-003076,Missed Connection,97000,50000,68000,2025-02-09 02:41:00,2025-02-08 23:41:00,2025-02-12 23:41:00,Approved
CLM-000341,TICK-003078,Missed Connection,100000,75000,70000,2025-12-09 07:36:00,2025-12-09 00:36:00,2025-12-12 00:36:00,Approved
CLM-000342,TICK-003080,Missed Connection,160000,50000,112000,2025-06-09 05:02:00,2025-06-09 02:02:00,2025-06-14 02:02:00,Approved
CLM-000343,TICK-003086,Missed Connection,129000,100000,81000,2025-04-09 03:39:00,2025-04-08 23:39:00,,Pending
CLM-000344,TICK-003090,Missed Connection,188000,75000,119000,2025-08-09 10:03:00,2025-08-09 03:03:00,2025-08-11 03:03:00,Rejected
CLM-000345,TICK-003103,Missed Connection,218000,100000,137000,2025-11-23 09:46:00,2025-11-23 06:46:00,2025-11-24 06:46:00,Rejected
CLM-000346,TICK-003111,Missed Connection,110000,50000,70000,2025-12-09 04:00:00,2025-12-09 03:00:00,2025-12-11 03:00:00,Approved
CLM-000347,TICK-003122,Missed Connection,133000,50000,93000,2025-03-09 10:51:00,2025-03-09 04:51:00,2025-03-14 04:51:00,Approved
CLM-000348,TICK-003126,Missed Connection,99000,75000,62000,2025-12-09 04:17:00,2025-12-08 21:17:00,2025-12-09 21:17:00,Approved
CLM-000349,TICK-003143,Missed Connection,110000,75000,72000,2025-11-24 00:36:00,2025-11-23 20:36:00,2025-11-24 20:36:00,Approved
CLM-000350,TICK-003145,Missed Connection,110000,50000,70000,2025-12-08 20:36:00,2025-12-08 19:36:00,2025-12-09 19:36:00,Approved
CLM-000351,TICK-003156,Missed Connection,148000,75000,93000,2025-07-10 00:07:00,2025-07-09 22:07:00,2025-07-13 22:07:00,Approved
CLM-000352,TICK-003187,Missed Connection,74000,100000,47000,2025-12-23 14:17:00,2025-12-23 09:17:00,,Pending
CLM-000353,TICK-003196,Missed Connection,105000,50000,66000,2025-09-23 12:02:00,2025-09-23 05:02:00,2025-09-25 05:02:00,Rejected
CLM-000354,TICK-003201,Missed Connection,104000,75000,65000,2025-06-09 04:30:00,2025-06-09 01:30:00,2025-06-11 01:30:00,Approved
CLM-000355,TICK-003205,Missed Connection,93000,100000,59000,2025-07-09 14:16:00,2025-07-09 11:16:00,2025-07-11 11:16:00,Approved
CLM-000356,TICK-003209,Missed Connection,76000,100000,48000,2025-11-09 13:23:00,2025-11-09 09:23:00,2025-11-11 09:23:00,Approved
CLM-000357,TICK-003211,Missed Connection,140000,75000,88000,2025-10-23 07:10:00,2025-10-22 23:10:00,2025-10-23 23:10:00,Approved
CLM-000358,TICK-003241,Missed Connection,178000,75000,119000,2025-10-23 00:19:00,2025-10-22 22:19:00,2025-10-24 22:19:00,Approved
CLM-000359,TICK-003245,Missed Connection,172000,75000,114000,2025-12-09 13:31:00,2025-12-09 09:31:00,2025-12-11 09:31:00,Approved
CLM-000360,TICK-003247,Missed Connection,87000,50000,58000,2025-03-09 06:44:00,2025-03-09 00:44:00,2025-03-13 00:44:00,Approved
CLM-000361,TICK-003256,Missed Connection,193000,75000,122000,2025-07-23 07:17:00,2025-07-23 00:17:00,2025-07-25 00:17:00,Approved
CLM-000362,TICK-003259,Missed Connection,119000,50000,75000,2025-01-23 19:21:00,2025-01-23 14:21:00,,Pending
CLM-000363,TICK-003262,Missed Connection,186000,75000,117000,2025-06-24 02:09:00,2025-06-23 23:09:00,2025-06-27 23:09:00,Approved
CLM-000364,TICK-003265,Missed Connection,104000,75000,65000,2025-07-09 07:42:00,2025-07-09 02:42:00,2025-07-10 02:42:00,Approved
CLM-000365,TICK-003268,Missed Connection,150000,100000,95000,2025-05-23 00:03:00,2025-05-22 18:03:00,2025-05-26 18:03:00,Approved
CLM-000366,TICK-003280,Missed Connection,140000,100000,92000,2025-02-23 22:13:00,2025-02-23 21:13:00,2025-02-26 21:13:00,Approved
CLM-000367,TICK-003300,Missed Connection,86000,50000,55000,2025-01-09 05:10:00,2025-01-09 02:10:00,2025-01-12 02:10:00,Approved
CLM-000368,TICK-003310,Missed Connection,92000,50000,58000,2025-09-09 13:55:00,2025-09-09 12:55:00,2025-09-13 12:55:00,Approved
CLM-000369,TICK-003312,Missed Connection,122000,75000,81000,2025-03-09 00:03:00,2025-03-08 19:03:00,2025-03-09 19:03:00,Approved
CLM-000370,TICK-003320,Missed Connection,140000,75000,88000,2025-04-09 09:36:00,2025-04-09 05:36:00,2025-04-13 05:36:00,Approved
CLM-000371,TICK-003325,Missed Connection,82000,75000,52000,2025-09-23 06:21:00,2025-09-23 01:21:00,2025-09-25 01:21:00,Approved
CLM-000372,TICK-003329,Missed Connection,154000,50000,102000,2025-04-23 09:30:00,2025-04-23 03:30:00,2025-04-25 03:30:00,Approved
CLM-000373,TICK-003336,Missed Connection,132000,75000,83000,2025-02-23 13:09:00,2025-02-23 11:09:00,2025-02-26 11:09:00,Approved
CLM-000374,TICK-003340,Missed Connection,86000,100000,55000,2025-03-08 23:50:00,2025-03-08 21:50:00,,Pending
CLM-000375,TICK-003342,Missed Connection,124000,50000,78000,2025-06-08 20:48:00,2025-06-08 19:48:00,2025-06-11 19:48:00,Approved
CLM-000376,TICK-003350,Missed Connection,110000,100000,70000,2025-07-23 10:21:00,2025-07-23 06:21:00,2025-07-26 06:21:00,Approved
CLM-000377,TICK-003365,Missed Connection,105000,75000,70000,2025-12-08 21:36:00,2025-12-08 18:36:00,,Pending
CLM-000378,TICK-003401,Missed Connection,118000,75000,78000,2025-07-23 04:10:00,2025-07-22 20:10:00,2025-07-26 20:10:00,Approved
CLM-000379,TICK-003415,Missed Connection,140000,75000,98000,2025-03-09 02:10:00,2025-03-09 01:10:00,2025-03-10 01:10:00,Approved
CLM-000380,TICK-003425,Missed Connection,110000,100000,70000,2025-12-09 02:36:00,2025-12-08 23:36:00,2025-12-09 23:36:00,Approved
CLM-000381,TICK-003428,Missed Connection,132000,50000,83000,2025-03-23 16:56:00,2025-03-23 10:56:00,2025-03-24 10:56:00,Approved
CLM-000382,TICK-003434,Missed Connection,154000,75000,97000,2025-11-10 06:10:00,2025-11-09 22:10:00,2025-11-11 22:10:00,Rejected
CLM-000383,TICK-003436,Missed Connection,62000,75000,39000,2025-01-23 02:14:00,2025-01-22 22:14:00,2025-01-26 22:14:00,Approved
CLM-000384,TICK-003440,Missed Connection,78000,50000,49000,2025-09-09 07:02:00,2025-09-09 06:02:00,2025-09-14 06:02:00,Approved
CLM-000385,TICK-003447,Missed Connection,184000,75000,122000,2025-06-23 07:03:00,2025-06-23 00:03:00,2025-06-25 00:03:00,Approved
CLM-000386,TICK-003452,Missed Connection,103000,75000,65000,2025-08-23 05:10:00,2025-08-23 04:10:00,2025-08-27 04:10:00,Rejected
CLM-000387,TICK-003461,Missed Connection,119000,50000,75000,2025-08-23 03:04:00,2025-08-22 22:04:00,2025-08-27 22:04:00,Approved
CLM-000388,TICK-003466,Missed Connection,148000,50000,93000,2025-01-09 12:28:00,2025-01-09 11:28:00,2025-01-11 11:28:00,Approved
CLM-000389,TICK-003473,Missed Connection,170000,50000,112000,2025-06-09 14:44:00,2025-06-09 11:44:00,2025-06-13 11:44:00,Rejected
CLM-000390,TICK-003475,Missed Connection,74000,100000,52000,2025-03-09 07:50:00,2025-03-09 06:50:00,2025-03-12 06:50:00,Approved
CLM-000391,TICK-003483,Missed Connection,99000,50000,65000,2025-07-22 20:45:00,2025-07-22 18:45:00,2025-07-25 18:45:00,Approved
CLM-000392,TICK-003487,Missed Connection,112000,100000,78000,2025-02-09 11:46:00,2025-02-09 03:46:00,2025-02-12 03:46:00,Approved
CLM-000393,TICK-003489,Missed Connection,103000,75000,65000,2025-04-23 02:40:00,2025-04-22 23:40:00,2025-04-27 23:40:00,Approved
CLM-000394,TICK-003497,Missed Connection,78000,100000,49000,2025-02-09 03:22:00,2025-02-08 22:22:00,2025-02-12 22:22:00,Approved
CLM-000395,TICK-003503,Missed Connection,218000,50000,137000,2025-09-23 06:13:00,2025-09-23 04:13:00,2025-09-28 04:13:00,Approved
CLM-000396,TICK-003507,Missed Connection,54000,50000,34000,2025-07-09 04:45:00,2025-07-09 00:45:00,2025-07-12 00:45:00,Approved
CLM-000397,TICK-003532,Missed Connection,82000,50000,52000,2025-02-10 05:59:00,2025-02-09 23:59:00,2025-02-14 23:59:00,Approved
CLM-000398,TICK-003537,Missed Connection,150000,75000,105000,2025-06-23 09:24:00,2025-06-23 02:24:00,2025-06-27 02:24:00,Approved
CLM-000399,TICK-003569,Missed Connection,92000,100000,65000,2025-02-23 16:30:00,2025-02-23 10:30:00,2025-02-25 10:30:00,Approved
CLM-000400,TICK-003576,Missed Connection,180000,50000,126000,2025-11-09 18:05:00,2025-11-09 11:05:00,2025-11-13 11:05:00,Approved
CLM-000401,TICK-003586,Missed Connection,176000,75000,111000,2025-06-23 00:32:00,2025-06-22 21:32:00,2025-06-25 21:32:00,Approved
CLM-000402,TICK-003594,Missed Connection,86000,50000,55000,2025-10-09 18:25:00,2025-10-09 16:25:00,2025-10-12 16:25:00,Approved
CLM-000403,TICK-003596,Missed Connection,110000,50000,73000,2025-12-22 23:16:00,2025-12-22 22:16:00,2025-12-25 22:16:00,Approved
CLM-000404,TICK-003603,Missed Connection,188000,100000,119000,2025-04-23 14:27:00,2025-04-23 09:27:00,2025-04-24 09:27:00,Rejected
CLM-000405,TICK-003606,Missed Connection,140000,50000,88000,2025-10-22 23:33:00,2025-10-22 22:33:00,2025-10-27 22:33:00,Approved
CLM-000406,TICK-003611,Missed Connection,148000,75000,93000,2025-06-09 09:02:00,2025-06-09 08:02:00,,Pending
CLM-000407,TICK-003628,Missed Connection,184000,50000,122000,2025-07-23 06:17:00,2025-07-23 05:17:00,2025-07-26 05:17:00,Approved
CLM-000408,TICK-003659,Missed Connection,181000,50000,114000,2025-07-08 18:35:00,2025-07-08 13:35:00,2025-07-12 13:35:00,Approved
CLM-000409,TICK-003663,Missed Connection,100000,75000,70000,2025-06-23 09:31:00,2025-06-23 05:31:00,2025-06-27 05:31:00,Approved
CLM-000410,TICK-003666,Missed Connection,97000,75000,68000,2025-04-09 13:38:00,2025-04-09 11:38:00,2025-04-12 11:38:00,Approved
CLM-000411,TICK-003689,Missed Connection,74000,75000,47000,2025-06-23 15:01:00,2025-06-23 10:01:00,2025-06-25 10:01:00,Approved
CLM-000412,TICK-003713,Missed Connection,112000,100000,78000,2025-07-23 15:10:00,2025-07-23 07:10:00,2025-07-26 07:10:00,Approved
CLM-000413,TICK-003719,Missed Connection,56000,50000,36000,2025-11-24 03:39:00,2025-11-23 20:39:00,2025-11-26 20:39:00,Approved
CLM-000414,TICK-003727,Missed Connection,148000,50000,93000,2025-06-09 13:02:00,2025-06-09 12:02:00,2025-06-13 12:02:00,Approved
CLM-000415,TICK-003731,Missed Connection,176000,100000,111000,2025-06-22 21:32:00,2025-06-22 16:32:00,,Pending
CLM-000416,TICK-003744,Missed Connection,67000,50000,47000,2025-12-23 01:02:00,2025-12-22 22:02:00,2025-12-24 22:02:00,Approved
CLM-000417,TICK-003751,Missed Connection,45000,50000,28000,2025-01-10 01:21:00,2025-01-09 17:21:00,,Pending
CLM-000418,TICK-003758,Missed Connection,155000,75000,98000,2025-12-23 13:09:00,2025-12-23 09:09:00,2025-12-25 09:09:00,Approved
CLM-000419,TICK-003760,Missed Connection,155000,75000,98000,2025-06-08 19:39:00,2025-06-08 17:39:00,2025-06-13 17:39:00,Approved
CLM-000420,TICK-003770,Missed Connection,161000,50000,102000,2025-05-09 07:03:00,2025-05-08 23:03:00,2025-05-11 23:03:00,Approved
CLM-000421,TICK-003774,Missed Connection,115000,50000,72000,2025-09-09 10:29:00,2025-09-09 07:29:00,2025-09-14 07:29:00,Approved
CLM-000422,TICK-003780,Missed Connection,140000,50000,88000,2025-10-23 01:10:00,2025-10-22 22:10:00,2025-10-26 22:10:00,Rejected
CLM-000423,TICK-003790,Missed Connection,56000,100000,39000,2025-04-23 17:28:00,2025-04-23 12:28:00,2025-04-26 12:28:00,Approved
CLM-000424,TICK-003803,Missed Connection,118000,75000,78000,2025-12-23 12:10:00,2025-12-23 04:10:00,2025-12-25 04:10:00,Approved
CLM-000425,TICK-003805,Missed Connection,103000,75000,65000,2025-01-08 21:10:00,2025-01-08 13:10:00,2025-01-11 13:10:00,Approved
CLM-000426,TICK-003810,Missed Connection,167000,100000,105000,2025-06-23 20:55:00,2025-06-23 18:55:00,2025-06-24 18:55:00,Approved
CLM-000427,TICK-003839,Missed Connection,142000,50000,95000,2025-11-22 21:08:00,2025-11-22 19:08:00,,Pending
CLM-000428,TICK-003841,Missed Connection,42000,50000,28000,2025-03-09 02:53:00,2025-03-08 22:53:00,2025-03-11 22:53:00,Approved
CLM-000429,TICK-003844,Missed Connection,104000,75000,65000,2025-06-09 13:30:00,2025-06-09 05:30:00,2025-06-11 05:30:00,Approved
CLM-000430,TICK-003846,Missed Connection,45000,50000,28000,2025-01-23 07:53:00,2025-01-23 06:53:00,2025-01-24 06:53:00,Approved
CLM-000431,TICK-003849,Missed Connection,119000,50000,75000,2025-01-23 18:42:00,2025-01-23 14:42:00,2025-01-28 14:42:00,Approved
CLM-000432,TICK-003857,Missed Connection,45000,100000,28000,2025-09-10 01:52:00,2025-09-09 18:52:00,2025-09-13 18:52:00,Approved
CLM-000433,TICK-003861,Missed Connection,103000,50000,65000,2025-05-22 23:16:00,2025-05-22 19:16:00,,Pending
CLM-000434,TICK-003866,Missed Connection,92000,75000,58000,2025-05-09 05:07:00,2025-05-09 02:07:00,2025-05-12 02:07:00,Approved
CLM-000435,TICK-003868,Missed Connection,62000,75000,39000,2025-11-08 21:04:00,2025-11-08 19:04:00,2025-11-10 19:04:00,Approved
CLM-000436,TICK-003885,Missed Connection,128000,75000,90000,2025-07-09 10:25:00,2025-07-09 02:25:00,2025-07-10 02:25:00,Approved
CLM-000437,TICK-003889,Missed Connection,49000,75000,34000,2025-07-09 12:24:00,2025-07-09 07:24:00,2025-07-12 07:24:00,Approved
CLM-000438,TICK-003896,Missed Connection,200000,50000,126000,2025-08-09 00:49:00,2025-08-08 20:49:00,2025-08-09 20:49:00,Approved
CLM-000439,TICK-003902,Missed Connection,161000,50000,102000,2025-09-09 04:20:00,2025-09-09 03:20:00,2025-09-11 03:20:00,Approved
CLM-000440,TICK-003916,Missed Connection,54000,100000,34000,2025-12-23 21:23:00,2025-12-23 15:23:00,2025-12-27 15:23:00,Approved
CLM-000441,TICK-003919,Missed Connection,42000,75000,28000,2025-01-09 23:30:00,2025-01-09 18:30:00,2025-01-14 18:30:00,Approved
CLM-000442,TICK-003924,Missed Connection,124000,75000,78000,2025-07-23 16:10:00,2025-07-23 12:10:00,2025-07-24 12:10:00,Approved
CLM-000443,TICK-003928,Missed Connection,124000,50000,78000,2025-11-23 15:55:00,2025-11-23 13:55:00,2025-11-26 13:55:00,Approved
CLM-000444,TICK-003930,Missed Connection,186000,75000,117000,2025-07-09 17:25:00,2025-07-09 13:25:00,2025-07-13 13:25:00,Approved
CLM-000445,TICK-003935,Missed Connection,92000,75000,58000,2025-02-23 19:33:00,2025-02-23 12:33:00,2025-02-24 12:33:00,Approved
CLM-000446,TICK-003942,Missed Connection,147000,50000,98000,2025-12-23 05:39:00,2025-12-22 22:39:00,,Pending
CLM-000447,TICK-003957,Missed Connection,94000,50000,62000,2025-06-09 04:10:00,2025-06-08 22:10:00,,Pending
CLM-000448,TICK-003959,Missed Connection,62000,75000,39000,2025-04-23 03:28:00,2025-04-23 01:28:00,2025-04-26 01:28:00,Approved
CLM-000449,TICK-003971,Missed Connection,148000,75000,93000,2025-01-24 02:02:00,2025-01-23 19:02:00,2025-01-27 19:02:00,Approved
CLM-000450,TICK-003977,Missed Connection,107000,75000,75000,2025-10-10 05:40:00,2025-10-10 02:40:00,2025-10-14 02:40:00,Approved
CLM-000451,TICK-003979,Missed Connection,119000,75000,75000,2025-01-23 17:42:00,2025-01-23 13:42:00,2025-01-28 13:42:00,Approved
CLM-000452,TICK-004005,Missed Connection,147000,50000,98000,2025-12-23 12:39:00,2025-12-23 05:39:00,2025-12-26 05:39:00,Approved
CLM-000453,TICK-004011,Missed Connection,188000,75000,119000,2025-04-23 11:27:00,2025-04-23 03:27:00,2025-04-27 03:27:00,Approved
CLM-000454,TICK-004014,Missed Connection,74000,75000,52000,2025-10-09 09:15:00,2025-10-09 03:15:00,2025-10-11 03:15:00,Approved
CLM-000455,TICK-004027,Missed Connection,136000,75000,90000,2025-12-09 09:29:00,2025-12-09 05:29:00,,Pending
CLM-000456,TICK-004038,Missed Connection,54000,75000,34000,2025-12-23 08:23:00,2025-12-23 07:23:00,2025-12-26 07:23:00,Approved
CLM-000457,TICK-004041,Missed Connection,178000,50000,119000,2025-04-23 03:00:00,2025-04-22 23:00:00,2025-04-25 23:00:00,Approved
CLM-000458,TICK-004044,Missed Connection,74000,100000,47000,2025-07-23 21:39:00,2025-07-23 15:39:00,2025-07-27 15:39:00,Rejected
CLM-000459,TICK-004082,Missed Connection,59000,100000,39000,2025-01-23 03:14:00,2025-01-22 21:14:00,,Pending
CLM-000460,TICK-004093,Missed Connection,194000,50000,122000,2025-12-09 09:58:00,2025-12-09 04:58:00,2025-12-14 04:58:00,Approved
CLM-000461,TICK-004096,Missed Connection,102000,50000,65000,2025-09-10 03:03:00,2025-09-09 20:03:00,2025-09-13 20:03:00,Approved
CLM-000462,TICK-004100,Missed Connection,100000,100000,70000,2025-12-09 00:00:00,2025-12-08 22:00:00,2025-12-10 22:00:00,Approved
CLM-000463,TICK-004109,Missed Connection,119000,50000,75000,2025-09-09 23:06:00,2025-09-09 16:06:00,2025-09-12 16:06:00,Approved
CLM-000464,TICK-004112,Missed Connection,155000,75000,98000,2025-03-09 15:20:00,2025-03-09 09:20:00,2025-03-11 09:20:00,Rejected
CLM-000465,TICK-004116,Missed Connection,98000,50000,65000,2025-05-23 09:16:00,2025-05-23 06:16:00,2025-05-24 06:16:00,Approved
CLM-000466,TICK-004131,Missed Connection,124000,75000,78000,2025-12-09 03:10:00,2025-12-08 21:10:00,2025-12-09 21:10:00,Approved
CLM-000467,TICK-004137,Missed Connection,116000,50000,81000,2025-03-09 14:21:00,2025-03-09 07:21:00,2025-03-10 07:21:00,Rejected
CLM-000468,TICK-004146,Missed Connection,129000,75000,81000,2025-04-22 21:14:00,2025-04-22 20:14:00,,Pending
CLM-000469,TICK-004158,Missed Connection,93000,75000,59000,2025-12-09 17:02:00,2025-12-09 14:02:00,2025-12-10 14:02:00,Approved
CLM-000470,TICK-004160,Missed Connection,131000,50000,87000,2025-06-23 03:05:00,2025-06-22 23:05:00,2025-06-24 23:05:00,Approved
CLM-000471,TICK-004172,Missed Connection,150000,100000,95000,2025-09-08 21:03:00,2025-09-08 16:03:00,2025-09-12 16:03:00,Approved
CLM-000472,TICK-004186,Missed Connection,95000,75000,66000,2025-03-09 19:56:00,2025-03-09 17:56:00,2025-03-10 17:56:00,Approved
CLM-000473,TICK-004203,Missed Connection,92000,50000,58000,2025-11-23 14:13:00,2025-11-23 10:13:00,,Pending
CLM-000474,TICK-004211,Missed Connection,133000,75000,93000,2025-06-23 02:02:00,2025-06-22 21:02:00,2025-06-27 21:02:00,Approved
CLM-000475,TICK-004236,Missed Connection,94000,50000,62000,2025-07-09 05:10:00,2025-07-08 22:10:00,2025-07-10 22:10:00,Approved
CLM-000476,TICK-004242,Missed Connection,141000,100000,93000,2025-12-24 05:04:00,2025-12-24 00:04:00,2025-12-26 00:04:00,Approved
CLM-000477,TICK-004259,Missed Connection,82000,50000,55000,2025-08-23 06:35:00,2025-08-23 05:35:00,2025-08-27 05:35:00,Approved
CLM-000478,TICK-004263,Missed Connection,148000,75000,93000,2025-12-23 20:17:00,2025-12-23 16:17:00,2025-12-27 16:17:00,Approved
CLM-000479,TICK-004266,Missed Connection,142000,75000,90000,2025-07-09 01:41:00,2025-07-08 20:41:00,2025-07-13 20:41:00,Approved
CLM-000480,TICK-004269,Missed Connection,142000,75000,90000,2025-12-09 03:29:00,2025-12-09 02:29:00,2025-12-14 02:29:00,Approved
CLM-000481,TICK-004277,Missed Connection,45000,100000,28000,2025-02-23 21:21:00,2025-02-23 15:21:00,2025-02-26 15:21:00,Approved
CLM-000482,TICK-004287,Missed Connection,45000,50000,28000,2025-02-23 05:00:00,2025-02-23 03:00:00,2025-02-26 03:00:00,Approved
CLM-000483,TICK-004290,Missed Connection,82000,50000,55000,2025-03-08 17:50:00,2025-03-08 14:50:00,2025-03-12 14:50:00,Approved
CLM-000484,TICK-004292,Missed Connection,99000,75000,62000,2025-06-09 04:10:00,2025-06-08 23:10:00,2025-06-12 23:10:00,Approved
CLM-000485,TICK-004302,Missed Connection,56000,50000,36000,2025-08-09 07:52:00,2025-08-09 04:52:00,2025-08-10 04:52:00,Approved
CLM-000486,TICK-004306,Missed Connection,155000,50000,98000,2025-07-23 12:26:00,2025-07-23 08:26:00,2025-07-25 08:26:00,Approved
CLM-000487,TICK-004340,Missed Connection,92000,75000,65000,2025-08-09 10:54:00,2025-08-09 06:54:00,2025-08-11 06:54:00,Rejected
CLM-000488,TICK-004349,Missed Connection,112000,100000,71000,2025-07-23 09:03:00,2025-07-23 06:03:00,2025-07-27 06:03:00,Approved
CLM-000489,TICK-004386,Missed Connection,110000,75000,72000,2025-01-23 23:30:00,2025-01-23 17:30:00,2025-01-24 17:30:00,Approved
CLM-000490,TICK-004389,Missed Connection,181000,50000,114000,2025-12-09 08:31:00,2025-12-09 06:31:00,2025-12-12 06:31:00,Approved
CLM-000491,TICK-004391,Missed Connection,124000,75000,78000,2025-02-09 12:46:00,2025-02-09 05:46:00,2025-02-14 05:46:00,Approved
CLM-000492,TICK-004395,Missed Connection,42000,100000,28000,2025-01-09 21:21:00,2025-01-09 19:21:00,2025-01-12 19:21:00,Approved
CLM-000493,TICK-004402,Missed Connection,104000,50000,65000,2025-12-09 03:40:00,2025-12-09 00:40:00,2025-12-10 00:40:00,Approved
CLM-000494,TICK-004406,Missed Connection,146000,50000,92000,2025-03-09 05:55:00,2025-03-09 03:55:00,2025-03-14 03:55:00,Approved
CLM-000495,TICK-004413,Missed Connection,112000,50000,78000,2025-07-23 12:10:00,2025-07-23 04:10:00,2025-07-26 04:10:00,Approved
CLM-000496,TICK-004416,Missed Connection,208000,75000,132000,2025-08-09 02:54:00,2025-08-09 01:54:00,2025-08-11 01:54:00,Approved
CLM-000497,TICK-004432,Missed Connection,93000,100000,65000,2025-12-09 03:10:00,2025-12-09 01:10:00,2025-12-14 01:10:00,Approved
CLM-000498,TICK-004435,Missed Connection,176000,75000,123000,2025-03-09 19:22:00,2025-03-09 12:22:00,2025-03-14 12:22:00,Approved
CLM-000499,TICK-004438,Missed Connection,56000,50000,39000,2025-01-09 13:28:00,2025-01-09 06:28:00,2025-01-11 06:28:00,Approved
CLM-000500,TICK-004445,Missed Connection,147000,50000,98000,2025-03-22 23:03:00,2025-03-22 21:03:00,,Pending
CLM-000501,TICK-004463,Missed Connection,146000,75000,97000,2025-06-23 09:31:00,2025-06-23 03:31:00,2025-06-26 03:31:00,Approved
CLM-000502,TICK-004471,Missed Connection,54000,75000,34000,2025-12-09 07:14:00,2025-12-09 02:14:00,2025-12-11 02:14:00,Approved
CLM-000503,TICK-004476,Missed Connection,124000,50000,78000,2025-08-23 20:52:00,2025-08-23 13:52:00,2025-08-27 13:52:00,Approved
CLM-000504,TICK-004480,Missed Connection,86000,75000,55000,2025-11-24 08:51:00,2025-11-24 00:51:00,2025-11-25 00:51:00,Rejected
CLM-000505,TICK-004483,Missed Connection,158000,75000,105000,2025-07-09 16:31:00,2025-07-09 10:31:00,2025-07-10 10:31:00,Rejected
CLM-000506,TICK-004485,Missed Connection,140000,50000,88000,2025-10-23 01:33:00,2025-10-22 23:33:00,2025-10-27 23:33:00,Approved
CLM-000507,TICK-004495,Missed Connection,104000,50000,65000,2025-07-09 06:42:00,2025-07-08 22:42:00,2025-07-09 22:42:00,Approved
CLM-000508,TICK-004499,Missed Connection,178000,75000,112000,2025-12-23 13:28:00,2025-12-23 09:28:00,,Pending
CLM-000509,TICK-004505,Missed Connection,200000,75000,126000,2025-03-23 16:25:00,2025-03-23 09:25:00,2025-03-27 09:25:00,Rejected
CLM-000510,TICK-004517,Missed Connection,178000,75000,112000,2025-12-23 13:34:00,2025-12-23 05:34:00,,Pending
CLM-000511,TICK-004522,Missed Connection,131000,50000,87000,2025-06-08 19:05:00,2025-06-08 16:05:00,2025-06-10 16:05:00,Approved
CLM-000512,TICK-004536,Missed Connection,104000,50000,65000,2025-07-22 20:45:00,2025-07-22 14:45:00,2025-07-27 14:45:00,Approved
CLM-000513,TICK-004539,Missed Connection,100000,75000,70000,2025-07-09 02:16:00,2025-07-08 22:16:00,2025-07-10 22:16:00,Approved
CLM-000514,TICK-004548,Missed Connection,103000,50000,65000,2025-09-23 22:16:00,2025-09-23 18:16:00,2025-09-26 18:16:00,Approved
CLM-000515,TICK-004555,Missed Connection,45000,50000,28000,2025-01-09 17:24:00,2025-01-09 13:24:00,2025-01-10 13:24:00,Approved
CLM-000516,TICK-004581,Missed Connection,82000,75000,52000,2025-05-22 23:36:00,2025-05-22 15:36:00,2025-05-25 15:36:00,Approved
CLM-000517,TICK-004587,Missed Connection,218000,100000,137000,2025-08-09 02:17:00,2025-08-08 18:17:00,2025-08-09 18:17:00,Approved
CLM-000518,TICK-004614,Missed Connection,119000,50000,75000,2025-09-23 05:06:00,2025-09-23 01:06:00,2025-09-26 01:06:00,Approved
CLM-000519,TICK-004629,Missed Connection,119000,50000,75000,2025-09-23 22:25:00,2025-09-23 17:25:00,,Pending
CLM-000520,TICK-004646,Missed Connection,101000,75000,71000,2025-07-23 12:03:00,2025-07-23 06:03:00,2025-07-28 06:03:00,Approved
CLM-000521,TICK-004651,Missed Connection,133000,75000,93000,2025-05-23 18:42:00,2025-05-23 12:42:00,2025-05-25 12:42:00,Approved
CLM-000522,TICK-004663,Missed Connection,74000,75000,47000,2025-06-23 07:02:00,2025-06-23 04:02:00,,Pending
CLM-000523,TICK-004676,Missed Connection,198000,75000,132000,2025-03-23 14:34:00,2025-03-23 10:34:00,2025-03-24 10:34:00,Approved
CLM-000524,TICK-004678,Missed Connection,248000,75000,164000,2025-07-09 02:35:00,2025-07-08 19:35:00,2025-07-11 19:35:00,Approved
CLM-000525,TICK-004683,Missed Connection,155000,50000,98000,2025-07-09 10:45:00,2025-07-09 07:45:00,2025-07-14 07:45:00,Approved
CLM-000526,TICK-004698,Missed Connection,140000,75000,88000,2025-03-09 12:39:00,2025-03-09 04:39:00,2025-03-13 04:39:00,Approved
CLM-000527,TICK-004707,Missed Connection,250000,75000,158000,2025-12-23 17:02:00,2025-12-23 10:02:00,2025-12-27 10:02:00,Rejected
CLM-000528,TICK-004725,Missed Connection,305000,50000,192000,2025-07-23 07:26:00,2025-07-23 04:26:00,2025-07-24 04:26:00,Approved
CLM-000529,TICK-004728,Missed Connection,148000,75000,93000,2025-11-09 05:40:00,2025-11-08 21:40:00,2025-11-09 21:40:00,Approved
CLM-000530,TICK-004737,Missed Connection,142000,100000,90000,2025-07-09 08:41:00,2025-07-09 05:41:00,2025-07-14 05:41:00,Approved
CLM-000531,TICK-004740,Missed Connection,178000,50000,119000,2025-04-23 12:27:00,2025-04-23 07:27:00,2025-04-27 07:27:00,Approved
CLM-000532,TICK-004754,Missed Connection,99000,100000,65000,2025-06-09 11:10:00,2025-06-09 07:10:00,2025-06-10 07:10:00,Approved
CLM-000533,TICK-004763,Missed Connection,176000,50000,117000,2025-06-24 04:42:00,2025-06-24 00:42:00,2025-06-29 00:42:00,Approved
CLM-000534,TICK-004769,Missed Connection,93000,75000,59000,2025-06-10 12:34:00,2025-06-10 05:34:00,2025-06-13 05:34:00,Approved
CLM-000535,TICK-004771,Missed Connection,100000,75000,70000,2025-07-09 09:43:00,2025-07-09 03:43:00,2025-07-13 03:43:00,Rejected
CLM-000536,TICK-004776,Missed Connection,74000,75000,49000,2025-04-23 06:47:00,2025-04-23 00:47:00,2025-04-24 00:47:00,Approved
CLM-000537,TICK-004780,Missed Connection,82000,75000,52000,2025-11-22 23:21:00,2025-11-22 21:21:00,2025-11-27 21:21:00,Approved
CLM-000538,TICK-004785,Missed Connection,56000,100000,36000,2025-09-23 04:23:00,2025-09-22 20:23:00,2025-09-23 20:23:00,Approved
CLM-000539,TICK-004797,Missed Connection,98000,75000,65000,2025-09-09 12:50:00,2025-09-09 04:50:00,,Pending
CLM-000540,TICK-004801,Missed Connection,129000,50000,81000,2025-05-23 04:03:00,2025-05-22 22:03:00,2025-05-27 22:03:00,Approved
CLM-000541,TICK-004810,Missed Connection,167000,75000,105000,2025-07-09 01:10:00,2025-07-08 20:10:00,2025-07-09 20:10:00,Approved
CLM-000542,TICK-004818,Missed Connection,45000,100000,28000,2025-01-23 20:37:00,2025-01-23 13:37:00,2025-01-27 13:37:00,Approved
CLM-000543,TICK-004827,Missed Connection,103000,75000,65000,2025-02-09 11:10:00,2025-02-09 10:10:00,2025-02-11 10:10:00,Approved
CLM-000544,TICK-004833,Missed Connection,117000,100000,82000,2025-07-09 15:13:00,2025-07-09 13:13:00,2025-07-14 13:13:00,Approved
CLM-000545,TICK-004843,Missed Connection,78000,50000,49000,2025-08-23 07:35:00,2025-08-23 05:35:00,2025-08-26 05:35:00,Approved
CLM-000546,TICK-004847,Missed Connection,92000,50000,58000,2025-08-23 14:30:00,2025-08-23 09:30:00,2025-08-25 09:30:00,Approved
CLM-000547,TICK-004867,Missed Connection,203000,75000,142000,2025-12-22 23:13:00,2025-12-22 18:13:00,2025-12-27 18:13:00,Approved
CLM-000548,TICK-004869,Missed Connection,178000,75000,112000,2025-12-23 12:28:00,2025-12-23 10:28:00,2025-12-26 10:28:00,Approved
CLM-000549,TICK-004879,Missed Connection,167000,100000,105000,2025-06-23 18:55:00,2025-06-23 10:55:00,2025-06-28 10:55:00,Approved
CLM-000550,TICK-004885,Missed Connection,140000,50000,88000,2025-04-23 16:14:00,2025-04-23 08:14:00,2025-04-26 08:14:00,Approved
CLM-000551,TICK-004893,Missed Connection,136000,50000,95000,2025-11-23 01:16:00,2025-11-22 19:16:00,2025-11-23 19:16:00,Approved
CLM-000552,TICK-004901,Missed Connection,124000,100000,78000,2025-04-23 08:28:00,2025-04-23 03:28:00,,Pending
CLM-000553,TICK-004923,Missed Connection,119000,75000,75000,2025-10-23 06:58:00,2025-10-23 04:58:00,2025-10-27 04:58:00,Approved
CLM-000554,TICK-004928,Missed Connection,188000,75000,119000,2025-09-23 05:53:00,2025-09-23 01:53:00,2025-09-24 01:53:00,Approved
CLM-000555,TICK-004937,Missed Connection,92000,50000,65000,2025-04-23 04:40:00,2025-04-22 21:40:00,2025-04-27 21:40:00,Approved
CLM-000556,TICK-004943,Missed Connection,108000,75000,68000,2025-04-23 08:10:00,2025-04-23 04:10:00,2025-04-24 04:10:00,Approved
CLM-000557,TICK-004954,Missed Connection,78000,75000,49000,2025-09-10 01:19:00,2025-09-09 17:19:00,2025-09-13 17:19:00,Approved
CLM-000558,TICK-004956,Missed Connection,208000,75000,132000,2025-05-23 14:20:00,2025-05-23 08:20:00,2025-05-25 08:20:00,Rejected
CLM-000559,TICK-004964,Missed Connection,138000,100000,87000,2025-12-23 00:19:00,2025-12-22 22:19:00,2025-12-25 22:19:00,Approved
CLM-000560,TICK-004988,Missed Connection,186000,75000,117000,2025-12-09 04:07:00,2025-12-08 21:07:00,2025-12-09 21:07:00,Approved
CLM-000561,TICK-004994,Missed Connection,141000,100000,93000,2025-01-09 00:25:00,2025-01-08 19:25:00,2025-01-10 19:25:00,Approved
CLM-000562,TICK-005001,Missed Connection,54000,75000,34000,2025-12-09 16:54:00,2025-12-09 10:54:00,2025-12-12 10:54:00,Approved
CLM-000563,TICK-005008,Missed Connection,146000,75000,97000,2025-12-09 19:20:00,2025-12-09 11:20:00,2025-12-13 11:20:00,Approved
CLM-000564,TICK-005010,Missed Connection,240000,75000,152000,2025-06-09 03:32:00,2025-06-09 02:32:00,2025-06-10 02:32:00,Rejected
CLM-000565,TICK-005012,Missed Connection,92000,50000,58000,2025-05-09 06:05:00,2025-05-09 00:05:00,2025-05-12 00:05:00,Approved
CLM-000566,TICK-005027,Missed Connection,188000,100000,119000,2025-05-09 03:03:00,2025-05-09 02:03:00,2025-05-13 02:03:00,Approved
CLM-000567,TICK-005057,Missed Connection,54000,50000,34000,2025-12-23 13:23:00,2025-12-23 07:23:00,2025-12-27 07:23:00,Approved
CLM-000568,TICK-005075,Missed Connection,94000,75000,62000,2025-06-23 01:39:00,2025-06-22 20:39:00,2025-06-23 20:39:00,Approved
CLM-000569,TICK-005090,Missed Connection,96000,50000,61000,2025-02-24 01:09:00,2025-02-23 22:09:00,2025-02-24 22:09:00,Approved
CLM-000570,TICK-005101,Missed Connection,82000,100000,52000,2025-11-22 19:21:00,2025-11-22 18:21:00,2025-11-23 18:21:00,Approved
CLM-000571,TICK-005105,Missed Connection,45000,75000,28000,2025-04-09 03:29:00,2025-04-09 02:29:00,2025-04-13 02:29:00,Approved
CLM-000572,TICK-005109,Missed Connection,133000,75000,93000,2025-10-08 22:53:00,2025-10-08 21:53:00,2025-10-13 21:53:00,Approved
CLM-000573,TICK-005114,Missed Connection,93000,50000,59000,2025-12-09 13:02:00,2025-12-09 07:02:00,2025-12-12 07:02:00,Approved
CLM-000574,TICK-005125,Missed Connection,140000,75000,88000,2025-11-24 04:13:00,2025-11-23 20:13:00,2025-11-24 20:13:00,Approved
CLM-000575,TICK-005140,Missed Connection,51000,75000,36000,2025-09-23 11:23:00,2025-09-23 06:23:00,2025-09-25 06:23:00,Approved
CLM-000576,TICK-005155,Missed Connection,79000,50000,52000,2025-08-23 07:02:00,2025-08-22 23:02:00,2025-08-26 23:02:00,Approved
CLM-000577,TICK-005165,Missed Connection,186000,75000,117000,2025-06-23 18:02:00,2025-06-23 12:02:00,2025-06-24 12:02:00,Approved
CLM-000578,TICK-005172,Missed Connection,226000,75000,142000,2025-12-23 08:09:00,2025-12-23 04:09:00,2025-12-24 04:09:00,Rejected
CLM-000579,TICK-005181,Missed Connection,228000,100000,152000,2025-12-10 02:55:00,2025-12-10 00:55:00,2025-12-14 00:55:00,Approved
CLM-000580,TICK-005184,Missed Connection,176000,50000,111000,2025-12-09 19:15:00,2025-12-09 11:15:00,2025-12-11 11:15:00,Approved
CLM-000581,TICK-005191,Missed Connection,70000,75000,47000,2025-07-09 15:25:00,2025-07-09 09:25:00,2025-07-10 09:25:00,Approved
CLM-000582,TICK-005206,Missed Connection,52000,75000,33000,2025-02-23 11:33:00,2025-02-23 04:33:00,2025-02-25 04:33:00,Approved
CLM-000583,TICK-005208,Missed Connection,200000,75000,126000,2025-01-23 05:47:00,2025-01-23 04:47:00,2025-01-26 04:47:00,Approved
CLM-000584,TICK-005221,Missed Connection,178000,50000,112000,2025-12-23 11:28:00,2025-12-23 10:28:00,,Pending
CLM-000585,TICK-005223,Missed Connection,215000,50000,142000,2025-12-09 05:35:00,2025-12-08 22:35:00,2025-12-12 22:35:00,Approved
CLM-000586,TICK-005241,Missed Connection,94000,50000,62000,2025-07-09 12:41:00,2025-07-09 08:41:00,2025-07-14 08:41:00,Approved
CLM-000587,TICK-005249,Missed Connection,167000,50000,105000,2025-07-23 04:13:00,2025-07-23 02:13:00,2025-07-27 02:13:00,Approved
CLM-000588,TICK-005255,Missed Connection,148000,50000,93000,2025-06-09 05:30:00,2025-06-09 03:30:00,2025-06-11 03:30:00,Approved
CLM-000589,TICK-005259,Missed Connection,167000,75000,105000,2025-12-09 06:35:00,2025-12-09 03:35:00,2025-12-10 03:35:00,Approved
CLM-000590,TICK-005264,Missed Connection,82000,100000,52000,2025-01-23 07:18:00,2025-01-23 04:18:00,,Pending
CLM-000591,TICK-005266,Missed Connection,141000,50000,93000,2025-07-23 06:22:00,2025-07-23 05:22:00,2025-07-24 05:22:00,Rejected
CLM-000592,TICK-005269,Missed Connection,160000,75000,112000,2025-06-09 09:02:00,2025-06-09 01:02:00,2025-06-14 01:02:00,Approved
CLM-000593,TICK-005280,Missed Connection,93000,75000,59000,2025-12-10 07:12:00,2025-12-09 23:12:00,2025-12-12 23:12:00,Approved
CLM-000594,TICK-005294,Missed Connection,139000,50000,97000,2025-09-09 09:19:00,2025-09-09 07:19:00,2025-09-14 07:19:00,Approved
CLM-000595,TICK-005296,Missed Connection,131000,75000,87000,2025-06-22 22:05:00,2025-06-22 21:05:00,2025-06-27 21:05:00,Approved
CLM-000596,TICK-005305,Missed Connection,178000,50000,112000,2025-12-23 07:28:00,2025-12-23 06:28:00,2025-12-26 06:28:00,Approved
CLM-000597,TICK-005309,Missed Connection,115000,75000,72000,2025-09-09 07:05:00,2025-09-09 01:05:00,2025-09-11 01:05:00,Approved
CLM-000598,TICK-005331,Missed Connection,92000,75000,58000,2025-11-09 14:32:00,2025-11-09 07:32:00,2025-11-10 07:32:00,Approved
CLM-000599,TICK-005337,Missed Connection,136000,75000,90000,2025-12-24 01:16:00,2025-12-23 17:16:00,2025-12-28 17:16:00,Approved
CLM-000600,TICK-005339,Missed Connection,110000,50000,72000,2025-10-23 14:43:00,2025-10-23 11:43:00,2025-10-27 11:43:00,Approved
CLM-000601,TICK-005341,Missed Connection,155000,50000,98000,2025-07-23 20:26:00,2025-07-23 12:26:00,2025-07-24 12:26:00,Approved
CLM-000602,TICK-005347,Missed Connection,162000,50000,114000,2025-07-23 09:53:00,2025-07-23 08:53:00,2025-07-28 08:53:00,Approved
CLM-000603,TICK-005354,Missed Connection,94000,75000,62000,2025-06-23 09:39:00,2025-06-23 03:39:00,2025-06-28 03:39:00,Approved
CLM-000604,TICK-005359,Missed Connection,100000,75000,66000,2025-08-23 14:56:00,2025-08-23 13:56:00,2025-08-24 13:56:00,Approved
CLM-000605,TICK-005362,Missed Connection,74000,75000,47000,2025-12-23 11:02:00,2025-12-23 09:02:00,,Pending
CLM-000606,TICK-005375,Missed Connection,56000,75000,36000,2025-03-23 08:55:00,2025-03-23 07:55:00,2025-03-25 07:55:00,Approved
CLM-000607,TICK-005390,Missed Connection,142000,75000,90000,2025-07-09 02:25:00,2025-07-09 01:25:00,2025-07-12 01:25:00,Approved
CLM-000608,TICK-005396,Missed Connection,45000,50000,28000,2025-04-09 07:29:00,2025-04-09 01:29:00,2025-04-10 01:29:00,Approved
CLM-000609,TICK-005409,Missed Connection,142000,75000,90000,2025-07-09 09:25:00,2025-07-09 02:25:00,2025-07-13 02:25:00,Approved
CLM-000610,TICK-005423,Missed Connection,99000,100000,62000,2025-06-09 22:14:00,2025-06-09 19:14:00,2025-06-11 19:14:00,Approved
CLM-000611,TICK-005438,Missed Connection,124000,50000,78000,2025-06-09 08:20:00,2025-06-09 07:20:00,2025-06-12 07:20:00,Approved
CLM-000612,TICK-005446,Missed Connection,140000,50000,98000,2025-12-23 21:45:00,2025-12-23 16:45:00,2025-12-25 16:45:00,Approved
CLM-000613,TICK-005451,Missed Connection,51000,50000,36000,2025-05-22 23:23:00,2025-05-22 19:23:00,2025-05-27 19:23:00,Approved
CLM-000614,TICK-005476,Missed Connection,119000,75000,75000,2025-09-23 09:55:00,2025-09-23 02:55:00,2025-09-27 02:55:00,Approved
CLM-000615,TICK-005483,Missed Connection,78000,100000,55000,2025-08-09 13:10:00,2025-08-09 09:10:00,2025-08-12 09:10:00,Rejected
CLM-000616,TICK-005485,Missed Connection,54000,75000,34000,2025-12-09 14:14:00,2025-12-09 12:14:00,2025-12-13 12:14:00,Approved
CLM-000617,TICK-005489,Missed Connection,119000,50000,75000,2025-08-09 18:22:00,2025-08-09 13:22:00,2025-08-11 13:22:00,Approved
CLM-000618,TICK-005508,Missed Connection,148000,75000,93000,2025-12-10 02:12:00,2025-12-09 18:12:00,2025-12-10 18:12:00,Approved
CLM-000619,TICK-005511,Missed Connection,124000,50000,78000,2025-06-09 02:48:00,2025-06-08 18:48:00,2025-06-10 18:48:00,Approved
CLM-000620,TICK-005514,Missed Connection,178000,50000,112000,2025-12-23 18:28:00,2025-12-23 12:28:00,2025-12-24 12:28:00,Approved
CLM-000621,TICK-005519,Missed Connection,130000,75000,82000,2025-12-23 01:07:00,2025-12-22 22:07:00,2025-12-25 22:07:00,Approved
CLM-000622,TICK-005524,Missed Connection,100000,75000,70000,2025-12-09 04:00:00,2025-12-08 20:00:00,2025-12-09 20:00:00,Approved
CLM-000623,TICK-005541,Missed Connection,103000,75000,65000,2025-02-23 05:30:00,2025-02-23 03:30:00,2025-02-27 03:30:00,Approved
CLM-000624,TICK-005546,Missed Connection,108000,75000,68000,2025-04-09 09:48:00,2025-04-09 04:48:00,2025-04-10 04:48:00,Approved
CLM-000625,TICK-005559,Missed Connection,261000,50000,164000,2025-07-08 20:35:00,2025-07-08 19:35:00,2025-07-09 19:35:00,Approved
CLM-000626,TICK-005566,Missed Connection,70000,100000,47000,2025-06-09 11:30:00,2025-06-09 08:30:00,2025-06-14 08:30:00,Approved
CLM-000627,TICK-005574,Missed Connection,67000,75000,47000,2025-12-23 19:09:00,2025-12-23 14:09:00,2025-12-27 14:09:00,Approved
CLM-000628,TICK-005581,Missed Connection,99000,50000,62000,2025-07-09 05:10:00,2025-07-09 01:10:00,2025-07-14 01:10:00,Approved
CLM-000629,TICK-005583,Missed Connection,86000,75000,55000,2025-03-22 18:32:00,2025-03-22 14:32:00,2025-03-26 14:32:00,Approved
CLM-000630,TICK-005587,Missed Connection,62000,100000,39000,2025-10-23 07:36:00,2025-10-23 05:36:00,2025-10-26 05:36:00,Approved
CLM-000631,TICK-005637,Missed Connection,150000,50000,95000,2025-08-23 14:58:00,2025-08-23 08:58:00,2025-08-24 08:58:00,Rejected
CLM-000632,TICK-005645,Missed Connection,82000,75000,58000,2025-06-23 15:50:00,2025-06-23 12:50:00,2025-06-24 12:50:00,Approved
CLM-000633,TICK-005653,Missed Connection,104000,75000,65000,2025-12-09 12:10:00,2025-12-09 08:10:00,2025-12-14 08:10:00,Approved
CLM-000634,TICK-005660,Missed Connection,118000,50000,78000,2025-12-23 06:10:00,2025-12-23 03:10:00,2025-12-28 03:10:00,Approved
CLM-000635,TICK-005662,Missed Connection,155000,75000,98000,2025-03-09 04:10:00,2025-03-09 01:10:00,2025-03-10 01:10:00,Approved
CLM-000636,TICK-005667,Missed Connection,167000,75000,105000,2025-07-08 17:10:00,2025-07-08 14:10:00,2025-07-09 14:10:00,Approved
CLM-000637,TICK-005671,Missed Connection,103000,75000,65000,2025-02-23 16:30:00,2025-02-23 10:30:00,,Pending
CLM-000638,TICK-005676,Missed Connection,178000,75000,112000,2025-12-09 16:25:00,2025-12-09 12:25:00,2025-12-13 12:25:00,Approved
CLM-000639,TICK-005694,Missed Connection,94000,50000,62000,2025-12-09 21:27:00,2025-12-09 18:27:00,2025-12-13 18:27:00,Approved
CLM-000640,TICK-005697,Missed Connection,167000,100000,105000,2025-12-09 06:35:00,2025-12-09 03:35:00,,Pending
CLM-000641,TICK-005702,Missed Connection,99000,75000,62000,2025-06-09 04:10:00,2025-06-08 20:10:00,2025-06-13 20:10:00,Approved
CLM-000642,TICK-005705,Missed Connection,92000,100000,58000,2025-05-23 19:16:00,2025-05-23 13:16:00,2025-05-25 13:16:00,Approved
CLM-000643,TICK-005722,Missed Connection,141000,75000,93000,2025-07-10 02:07:00,2025-07-10 01:07:00,2025-07-15 01:07:00,Approved
CLM-000644,TICK-005730,Missed Connection,87000,75000,58000,2025-05-09 10:05:00,2025-05-09 06:05:00,2025-05-12 06:05:00,Approved
CLM-000645,TICK-005736,Missed Connection,132000,75000,83000,2025-10-23 03:16:00,2025-10-22 23:16:00,2025-10-23 23:16:00,Approved
CLM-000646,TICK-005766,Missed Connection,110000,75000,69000,2025-12-24 04:48:00,2025-12-23 20:48:00,2025-12-27 20:48:00,Approved
CLM-000647,TICK-005769,Missed Connection,78000,75000,55000,2025-04-23 22:29:00,2025-04-23 18:29:00,2025-04-25 18:29:00,Approved
CLM-000648,TICK-005773,Missed Connection,59000,50000,39000,2025-10-23 15:36:00,2025-10-23 08:36:00,2025-10-27 08:36:00,Approved
CLM-000649,TICK-005781,Missed Connection,105000,50000,70000,2025-12-23 11:27:00,2025-12-23 03:27:00,2025-12-25 03:27:00,Approved
CLM-000650,TICK-005783,Missed Connection,148000,50000,93000,2025-11-09 06:40:00,2025-11-09 04:40:00,2025-11-12 04:40:00,Approved
CLM-000651,TICK-005787,Missed Connection,82000,75000,52000,2025-09-23 07:21:00,2025-09-23 03:21:00,2025-09-26 03:21:00,Approved
CLM-000652,TICK-005799,Missed Connection,82000,50000,52000,2025-02-09 12:47:00,2025-02-09 04:47:00,2025-02-12 04:47:00,Approved
CLM-000653,TICK-005801,Missed Connection,99000,50000,62000,2025-12-23 18:09:00,2025-12-23 10:09:00,2025-12-24 10:09:00,Approved
CLM-000654,TICK-005816,Missed Connection,119000,100000,75000,2025-09-09 22:06:00,2025-09-09 18:06:00,2025-09-13 18:06:00,Approved
CLM-000655,TICK-005819,Missed Connection,54000,50000,34000,2025-07-09 09:24:00,2025-07-09 03:24:00,2025-07-10 03:24:00,Rejected
CLM-000656,TICK-005821,Missed Connection,92000,50000,58000,2025-11-09 13:32:00,2025-11-09 10:32:00,2025-11-11 10:32:00,Approved
CLM-000657,TICK-005832,Missed Connection,76000,50000,53000,2025-06-09 13:49:00,2025-06-09 06:49:00,2025-06-10 06:49:00,Approved
CLM-000658,TICK-005836,Missed Connection,74000,50000,47000,2025-07-23 16:39:00,2025-07-23 11:39:00,2025-07-26 11:39:00,Approved
CLM-000659,TICK-005839,Missed Connection,110000,50000,70000,2025-07-09 02:16:00,2025-07-08 22:16:00,2025-07-12 22:16:00,Approved
CLM-000660,TICK-005843,Missed Connection,176000,75000,111000,2025-12-09 13:15:00,2025-12-09 08:15:00,2025-12-10 08:15:00,Approved
CLM-000661,TICK-005846,Missed Connection,86000,50000,55000,2025-10-09 01:10:00,2025-10-08 21:10:00,2025-10-13 21:10:00,Approved
CLM-000662,TICK-005858,Missed Connection,116000,75000,73000,2025-07-23 03:10:00,2025-07-22 21:10:00,2025-07-27 21:10:00,Approved
CLM-000663,TICK-005887,Missed Connection,86000,50000,55000,2025-03-22 18:32:00,2025-03-22 16:32:00,2025-03-23 16:32:00,Approved
CLM-000664,TICK-005891,Missed Connection,178000,75000,112000,2025-12-22 20:34:00,2025-12-22 19:34:00,2025-12-25 19:34:00,Approved
CLM-000665,TICK-005893,Missed Connection,110000,75000,70000,2025-07-22 21:06:00,2025-07-22 19:06:00,2025-07-26 19:06:00,Approved
CLM-000666,TICK-005911,Missed Connection,136000,50000,95000,2025-04-23 05:14:00,2025-04-23 04:14:00,2025-04-24 04:14:00,Approved
CLM-000667,TICK-005915,Missed Connection,148000,75000,93000,2025-06-09 18:30:00,2025-06-09 12:30:00,2025-06-11 12:30:00,Rejected
CLM-000668,TICK-005924,Missed Connection,45000,50000,28000,2025-09-08 23:23:00,2025-09-08 19:23:00,2025-09-10 19:23:00,Approved
CLM-000669,TICK-005937,Missed Connection,120000,75000,80000,2025-12-23 12:33:00,2025-12-23 09:33:00,2025-12-26 09:33:00,Approved
CLM-000670,TICK-005962,Missed Connection,187000,75000,118000,2025-06-09 06:51:00,2025-06-09 04:51:00,2025-06-13 04:51:00,Approved
CLM-000671,TICK-005973,Missed Connection,56000,50000,39000,2025-11-09 07:04:00,2025-11-09 03:04:00,2025-11-12 03:04:00,Approved
CLM-000672,TICK-005980,Missed Connection,89000,50000,62000,2025-12-09 00:17:00,2025-12-08 21:17:00,2025-12-11 21:17:00,Approved
CLM-000673,TICK-006019,Missed Connection,108000,100000,68000,2025-09-23 05:26:00,2025-09-22 21:26:00,2025-09-25 21:26:00,Approved
CLM-000674,TICK-006038,Missed Connection,78000,50000,55000,2025-08-09 02:19:00,2025-08-09 00:19:00,2025-08-11 00:19:00,Approved
CLM-000675,TICK-006042,Missed Connection,142000,75000,95000,2025-02-23 01:14:00,2025-02-22 19:14:00,,Pending
CLM-000676,TICK-006049,Missed Connection,142000,50000,90000,2025-12-10 03:57:00,2025-12-09 20:57:00,2025-12-11 20:57:00,Approved
CLM-000677,TICK-006055,Missed Connection,104000,75000,65000,2025-07-09 16:10:00,2025-07-09 09:10:00,2025-07-12 09:10:00,Approved
CLM-000678,TICK-006074,Missed Connection,129000,100000,81000,2025-05-23 04:03:00,2025-05-22 21:03:00,2025-05-26 21:03:00,Approved
CLM-000679,TICK-006078,Missed Connection,226000,50000,142000,2025-12-23 07:09:00,2025-12-23 02:09:00,2025-12-27 02:09:00,Approved
CLM-000680,TICK-006084,Missed Connection,128000,50000,90000,2025-12-09 15:05:00,2025-12-09 11:05:00,2025-12-11 11:05:00,Approved
CLM-000681,TICK-006088,Missed Connection,181000,75000,114000,2025-07-09 08:45:00,2025-07-09 07:45:00,2025-07-10 07:45:00,Approved
CLM-000682,TICK-006094,Missed Connection,103000,75000,65000,2025-11-09 07:47:00,2025-11-09 02:47:00,2025-11-10 02:47:00,Approved
CLM-000683,TICK-006108,Missed Connection,118000,75000,78000,2025-10-09 13:02:00,2025-10-09 09:02:00,,Pending
CLM-000684,TICK-006121,Missed Connection,87000,75000,58000,2025-04-09 02:05:00,2025-04-09 00:05:00,2025-04-12 00:05:00,Approved
CLM-000685,TICK-006124,Missed Connection,39000,75000,24000,2025-05-23 02:15:00,2025-05-22 23:15:00,2025-05-24 23:15:00,Approved
CLM-000686,TICK-006126,Missed Connection,129000,75000,81000,2025-09-22 23:14:00,2025-09-22 21:14:00,2025-09-27 21:14:00,Approved
CLM-000687,TICK-006136,Missed Connection,84000,75000,53000,2025-06-09 13:49:00,2025-06-09 08:49:00,2025-06-10 08:49:00,Approved
CLM-000688,TICK-006141,Missed Connection,124000,75000,78000,2025-12-23 08:10:00,2025-12-23 02:10:00,2025-12-27 02:10:00,Approved
CLM-000689,TICK-006153,Missed Connection,99000,75000,62000,2025-07-08 23:10:00,2025-07-08 20:10:00,,Pending
CLM-000690,TICK-006155,Missed Connection,226000,50000,142000,2025-12-09 08:35:00,2025-12-09 04:35:00,2025-12-12 04:35:00,Approved
CLM-000691,TICK-006157,Missed Connection,62000,75000,39000,2025-09-24 00:40:00,2025-09-23 16:40:00,2025-09-27 16:40:00,Approved
CLM-000692,TICK-006163,Missed Connection,122000,100000,81000,2025-03-23 12:35:00,2025-03-23 09:35:00,2025-03-26 09:35:00,Approved
CLM-000693,TICK-006180,Missed Connection,80000,75000,53000,2025-06-09 12:49:00,2025-06-09 08:49:00,2025-06-10 08:49:00,Rejected
CLM-000694,TICK-006188,Missed Connection,136000,75000,91000,2025-06-09 00:58:00,2025-06-08 23:58:00,2025-06-12 23:58:00,Rejected
CLM-000695,TICK-006193,Missed Connection,103000,50000,65000,2025-11-23 08:37:00,2025-11-23 01:37:00,2025-11-27 01:37:00,Approved
CLM-000696,TICK-006203,Missed Connection,254000,50000,160000,2025-10-23 09:07:00,2025-10-23 03:07:00,2025-10-27 03:07:00,Approved
CLM-000697,TICK-006209,Missed Connection,188000,100000,119000,2025-05-09 07:59:00,2025-05-09 01:59:00,2025-05-14 01:59:00,Rejected
CLM-000698,TICK-006236,Missed Connection,126000,50000,88000,2025-04-23 20:14:00,2025-04-23 15:14:00,,Pending
CLM-000699,TICK-006259,Missed Connection,136000,75000,95000,2025-03-23 05:09:00,2025-03-22 21:09:00,2025-03-25 21:09:00,Approved
CLM-000700,TICK-006283,Missed Connection,82000,50000,52000,2025-05-23 03:36:00,2025-05-22 22:36:00,2025-05-26 22:36:00,Approved
CLM-000701,TICK-006298,Missed Connection,70000,75000,47000,2025-07-09 07:25:00,2025-07-09 06:25:00,2025-07-14 06:25:00,Approved
CLM-000702,TICK-006302,Missed Connection,78000,100000,49000,2025-09-09 03:03:00,2025-09-08 23:03:00,,Pending
CLM-000703,TICK-006313,Missed Connection,104000,75000,65000,2025-06-23 00:27:00,2025-06-22 20:27:00,2025-06-26 20:27:00,Approved
CLM-000704,TICK-006319,Missed Connection,86000,50000,55000,2025-11-23 19:53:00,2025-11-23 14:53:00,2025-11-26 14:53:00,Approved
CLM-000705,TICK-006334,Missed Connection,108000,75000,68000,2025-02-23 08:29:00,2025-02-23 00:29:00,2025-02-28 00:29:00,Approved
CLM-000706,TICK-006338,Missed Connection,181000,50000,114000,2025-07-23 20:53:00,2025-07-23 13:53:00,,Pending
CLM-000707,TICK-006346,Missed Connection,226000,75000,142000,2025-06-23 09:31:00,2025-06-23 04:31:00,2025-06-25 04:31:00,Approved
CLM-000708,TICK-006351,Missed Connection,150000,75000,95000,2025-11-22 21:16:00,2025-11-22 15:16:00,2025-11-27 15:16:00,Approved
CLM-000709,TICK-006363,Missed Connection,119000,75000,75000,2025-10-09 10:54:00,2025-10-09 07:54:00,2025-10-10 07:54:00,Rejected
CLM-000710,TICK-006379,Missed Connection,178000,75000,112000,2025-12-09 12:25:00,2025-12-09 06:25:00,2025-12-11 06:25:00,Approved
CLM-000711,TICK-006385,Missed Connection,99000,75000,62000,2025-06-22 16:11:00,2025-06-22 14:11:00,2025-06-27 14:11:00,Approved
CLM-000712,TICK-006389,Missed Connection,92000,100000,58000,2025-11-09 21:05:00,2025-11-09 18:05:00,2025-11-12 18:05:00,Approved
CLM-000713,TICK-006399,Missed Connection,148000,75000,93000,2025-11-09 10:40:00,2025-11-09 05:40:00,2025-11-13 05:40:00,Approved
CLM-000714,TICK-006405,Missed Connection,115000,75000,72000,2025-02-09 11:14:00,2025-02-09 04:14:00,2025-02-11 04:14:00,Approved
CLM-000715,TICK-006412,Missed Connection,118000,50000,78000,2025-03-09 09:18:00,2025-03-09 01:18:00,2025-03-14 01:18:00,Approved
CLM-000716,TICK-006423,Missed Connection,103000,75000,65000,2025-09-09 20:34:00,2025-09-09 17:34:00,2025-09-10 17:34:00,Approved
CLM-000717,TICK-006432,Missed Connection,155000,75000,98000,2025-05-23 06:39:00,2025-05-23 01:39:00,2025-05-28 01:39:00,Approved
CLM-000718,TICK-006436,Missed Connection,226000,50000,142000,2025-12-23 06:39:00,2025-12-23 05:39:00,,Pending
CLM-000719,TICK-006438,Missed Connection,148000,50000,93000,2025-11-09 06:57:00,2025-11-08 23:57:00,2025-11-13 23:57:00,Approved
CLM-000720,TICK-006453,Missed Connection,136000,50000,90000,2025-12-24 05:51:00,2025-12-24 02:51:00,2025-12-25 02:51:00,Approved
CLM-000721,TICK-006471,Missed Connection,148000,75000,93000,2025-06-09 21:02:00,2025-06-09 14:02:00,2025-06-12 14:02:00,Approved
CLM-000722,TICK-006474,Missed Connection,118000,50000,78000,2025-12-23 02:10:00,2025-12-23 00:10:00,2025-12-27 00:10:00,Rejected
CLM-000723,TICK-006491,Missed Connection,59000,75000,39000,2025-10-23 02:36:00,2025-10-23 01:36:00,2025-10-24 01:36:00,Approved
CLM-000724,TICK-006507,Missed Connection,140000,50000,98000,2025-11-23 00:26:00,2025-11-22 18:26:00,,Pending
CLM-000725,TICK-006511,Missed Connection,208000,75000,132000,2025-11-09 15:34:00,2025-11-09 10:34:00,2025-11-10 10:34:00,Approved
CLM-000726,TICK-006534,Missed Connection,170000,50000,119000,2025-10-08 22:18:00,2025-10-08 20:18:00,2025-10-13 20:18:00,Approved
CLM-000727,TICK-006541,Missed Connection,110000,75000,70000,2025-07-09 03:16:00,2025-07-08 22:16:00,2025-07-11 22:16:00,Approved
CLM-000728,TICK-006557,Missed Connection,119000,50000,75000,2025-03-23 09:05:00,2025-03-23 03:05:00,2025-03-25 03:05:00,Approved
CLM-000729,TICK-006578,Missed Connection,126000,75000,80000,2025-12-23 23:33:00,2025-12-23 16:33:00,2025-12-24 16:33:00,Approved
CLM-000730,TICK-006580,Missed Connection,119000,100000,75000,2025-08-23 07:04:00,2025-08-22 23:04:00,2025-08-25 23:04:00,Approved
CLM-000731,TICK-006584,Missed Connection,93000,100000,59000,2025-12-09 21:02:00,2025-12-09 14:02:00,2025-12-10 14:02:00,Rejected
CLM-000732,TICK-006591,Missed Connection,99000,75000,62000,2025-12-09 05:17:00,2025-12-08 21:17:00,,Pending
CLM-000733,TICK-006614,Missed Connection,119000,75000,75000,2025-08-23 14:04:00,2025-08-23 06:04:00,2025-08-25 06:04:00,Approved
CLM-000734,TICK-006616,Missed Connection,155000,75000,98000,2025-07-09 14:45:00,2025-07-09 08:45:00,2025-07-11 08:45:00,Approved
CLM-000735,TICK-006619,Missed Connection,226000,100000,142000,2025-06-09 13:53:00,2025-06-09 09:53:00,2025-06-14 09:53:00,Approved
CLM-000736,TICK-006629,Missed Connection,118000,75000,78000,2025-06-08 20:48:00,2025-06-08 18:48:00,2025-06-10 18:48:00,Approved
CLM-000737,TICK-006633,Missed Connection,176000,50000,111000,2025-06-23 00:32:00,2025-06-22 17:32:00,2025-06-26 17:32:00,Approved
CLM-000738,TICK-006659,Missed Connection,82000,75000,52000,2025-05-22 16:36:00,2025-05-22 13:36:00,2025-05-25 13:36:00,Approved
CLM-000739,TICK-006664,Missed Connection,112000,75000,78000,2025-05-23 22:07:00,2025-05-23 20:07:00,2025-05-25 20:07:00,Approved
CLM-000740,TICK-006668,Missed Connection,62000,100000,39000,2025-03-23 14:34:00,2025-03-23 10:34:00,2025-03-26 10:34:00,Approved
CLM-000741,TICK-006676,Missed Connection,92000,50000,58000,2025-09-23 04:16:00,2025-09-22 23:16:00,2025-09-27 23:16:00,Approved
CLM-000742,TICK-006679,Missed Connection,61000,75000,43000,2025-12-23 09:23:00,2025-12-23 03:23:00,2025-12-25 03:23:00,Approved
CLM-000743,TICK-006689,Missed Connection,140000,50000,88000,2025-04-23 20:14:00,2025-04-23 16:14:00,2025-04-27 16:14:00,Approved
CLM-000744,TICK-006700,Missed Connection,141000,75000,93000,2025-09-23 18:25:00,2025-09-23 16:25:00,2025-09-25 16:25:00,Approved
CLM-000745,TICK-006710,Missed Connection,110000,50000,70000,2025-12-09 04:36:00,2025-12-09 00:36:00,2025-12-13 00:36:00,Approved
CLM-000746,TICK-006728,Missed Connection,122000,50000,81000,2025-04-08 21:39:00,2025-04-08 19:39:00,2025-04-09 19:39:00,Approved
CLM-000747,TICK-006731,Missed Connection,82000,50000,52000,2025-04-09 17:53:00,2025-04-09 14:53:00,2025-04-13 14:53:00,Approved
CLM-000748,TICK-006733,Missed Connection,167000,75000,117000,2025-12-23 07:09:00,2025-12-22 23:09:00,2025-12-23 23:09:00,Approved
CLM-000749,TICK-006736,Missed Connection,110000,50000,70000,2025-07-23 00:06:00,2025-07-22 21:06:00,2025-07-23 21:06:00,Approved
CLM-000750,TICK-006738,Missed Connection,105000,50000,70000,2025-06-23 15:31:00,2025-06-23 08:31:00,2025-06-25 08:31:00,Approved
CLM-000751,TICK-006749,Missed Connection,82000,75000,52000,2025-01-09 01:21:00,2025-01-08 23:21:00,2025-01-12 23:21:00,Approved
CLM-000752,TICK-006752,Missed Connection,82000,50000,52000,2025-02-09 01:11:00,2025-02-08 18:11:00,2025-02-13 18:11:00,Approved
CLM-000753,TICK-006763,Missed Connection,140000,50000,88000,2025-03-23 01:10:00,2025-03-23 00:10:00,,Pending
CLM-000754,TICK-006766,Missed Connection,167000,75000,105000,2025-06-23 16:55:00,2025-06-23 15:55:00,2025-06-26 15:55:00,Approved
CLM-000755,TICK-006791,Missed Connection,136000,50000,95000,2025-11-08 23:03:00,2025-11-08 18:03:00,2025-11-12 18:03:00,Approved
CLM-000756,TICK-006794,Missed Connection,119000,75000,75000,2025-02-23 08:04:00,2025-02-23 06:04:00,2025-02-27 06:04:00,Approved
CLM-000757,TICK-006817,Missed Connection,110000,50000,70000,2025-06-23 08:31:00,2025-06-23 05:31:00,2025-06-27 05:31:00,Approved
CLM-000758,TICK-006832,Missed Connection,110000,75000,70000,2025-07-23 00:06:00,2025-07-22 17:06:00,2025-07-25 17:06:00,Approved
CLM-000759,TICK-006855,Missed Connection,170000,50000,112000,2025-06-09 20:44:00,2025-06-09 12:44:00,2025-06-10 12:44:00,Approved
CLM-000760,TICK-006858,Missed Connection,167000,50000,105000,2025-06-23 06:24:00,2025-06-23 05:24:00,2025-06-26 05:24:00,Approved
CLM-000761,TICK-006860,Missed Connection,242000,100000,160000,2025-11-09 06:41:00,2025-11-09 04:41:00,2025-11-10 04:41:00,Approved
CLM-000762,TICK-006872,Missed Connection,142000,50000,95000,2025-03-23 02:09:00,2025-03-23 00:09:00,2025-03-28 00:09:00,Rejected
CLM-000763,TICK-006892,Missed Connection,181000,100000,114000,2025-07-09 20:03:00,2025-07-09 12:03:00,2025-07-14 12:03:00,Approved
CLM-000764,TICK-006894,Missed Connection,167000,50000,105000,2025-07-23 15:13:00,2025-07-23 12:13:00,2025-07-24 12:13:00,Approved
CLM-000765,TICK-006898,Missed Connection,148000,75000,93000,2025-06-23 23:01:00,2025-06-23 17:01:00,2025-06-25 17:01:00,Approved
CLM-000766,TICK-006900,Missed Connection,93000,50000,59000,2025-07-09 09:02:00,2025-07-09 01:02:00,2025-07-13 01:02:00,Approved
CLM-000767,TICK-006903,Missed Connection,82000,75000,52000,2025-03-09 16:50:00,2025-03-09 08:50:00,2025-03-11 08:50:00,Approved
CLM-000768,TICK-006914,Missed Connection,62000,50000,39000,2025-03-09 09:18:00,2025-03-09 08:18:00,2025-03-12 08:18:00,Approved
CLM-000769,TICK-006924,Missed Connection,141000,100000,93000,2025-07-23 11:39:00,2025-07-23 10:39:00,2025-07-25 10:39:00,Approved
CLM-000770,TICK-006927,Missed Connection,56000,50000,36000,2025-04-23 07:45:00,2025-04-23 00:45:00,,Pending
CLM-000771,TICK-006935,Missed Connection,115000,100000,72000,2025-10-22 23:57:00,2025-10-22 17:57:00,2025-10-26 17:57:00,Approved
CLM-000772,TICK-006942,Missed Connection,59000,75000,39000,2025-02-23 08:34:00,2025-02-23 07:34:00,2025-02-25 07:34:00,Approved
CLM-000773,TICK-006947,Missed Connection,68000,50000,43000,2025-07-09 20:30:00,2025-07-09 18:30:00,2025-07-14 18:30:00,Approved
CLM-000774,TICK-006950,Missed Connection,62000,100000,39000,2025-10-23 11:36:00,2025-10-23 07:36:00,2025-10-24 07:36:00,Approved
CLM-000775,TICK-006982,Missed Connection,138000,50000,87000,2025-12-22 15:19:00,2025-12-22 14:19:00,2025-12-25 14:19:00,Approved
CLM-000776,TICK-006989,Missed Connection,178000,50000,112000,2025-09-09 10:40:00,2025-09-09 09:40:00,2025-09-14 09:40:00,Approved
CLM-000777,TICK-006998,Missed Connection,82000,75000,52000,2025-04-23 22:45:00,2025-04-23 17:45:00,2025-04-26 17:45:00,Approved
CLM-000778,TICK-007018,Missed Connection,261000,75000,164000,2025-07-09 10:09:00,2025-07-09 06:09:00,2025-07-10 06:09:00,Approved
CLM-000779,TICK-007028,Missed Connection,86000,50000,55000,2025-11-23 18:53:00,2025-11-23 10:53:00,2025-11-24 10:53:00,Approved
CLM-000780,TICK-007033,Missed Connection,167000,50000,117000,2025-07-23 10:02:00,2025-07-23 08:02:00,2025-07-27 08:02:00,Approved
CLM-000781,TICK-007035,Missed Connection,92000,50000,58000,2025-01-23 02:33:00,2025-01-22 23:33:00,2025-01-25 23:33:00,Approved
CLM-000782,TICK-007050,Missed Connection,131000,75000,87000,2025-06-23 02:05:00,2025-06-22 21:05:00,2025-06-26 21:05:00,Approved
CLM-000783,TICK-007065,Missed Connection,155000,75000,98000,2025-03-23 12:03:00,2025-03-23 04:03:00,2025-03-28 04:03:00,Approved
CLM-000784,TICK-007074,Missed Connection,203000,50000,142000,2025-07-09 01:09:00,2025-07-08 21:09:00,2025-07-12 21:09:00,Approved
CLM-000785,TICK-007082,Missed Connection,200000,50000,126000,2025-08-09 13:49:00,2025-08-09 05:49:00,2025-08-13 05:49:00,Approved
CLM-000786,TICK-007090,Missed Connection,150000,75000,95000,2025-09-08 21:03:00,2025-09-08 13:03:00,2025-09-09 13:03:00,Approved
CLM-000787,TICK-007094,Missed Connection,154000,50000,97000,2025-04-09 18:58:00,2025-04-09 13:58:00,,Pending
CLM-000788,TICK-007100,Missed Connection,92000,75000,58000,2025-03-23 19:38:00,2025-03-23 11:38:00,2025-03-24 11:38:00,Approved
CLM-000789,TICK-007110,Missed Connection,87000,100000,58000,2025-06-23 09:50:00,2025-06-23 06:50:00,2025-06-26 06:50:00,Approved
CLM-000790,TICK-007123,Missed Connection,114000,100000,76000,2025-05-23 06:07:00,2025-05-23 00:07:00,2025-05-26 00:07:00,Approved
CLM-000791,TICK-007134,Missed Connection,184000,50000,122000,2025-06-23 02:03:00,2025-06-23 00:03:00,2025-06-26 00:03:00,Approved
CLM-000792,TICK-007141,Missed Connection,178000,75000,119000,2025-02-23 00:26:00,2025-02-22 22:26:00,2025-02-27 22:26:00,Approved
CLM-000793,TICK-007143,Missed Connection,110000,50000,70000,2025-07-23 03:21:00,2025-07-22 22:21:00,2025-07-26 22:21:00,Approved
CLM-000794,TICK-007167,Missed Connection,54000,75000,34000,2025-06-09 09:23:00,2025-06-09 05:23:00,2025-06-13 05:23:00,Approved
CLM-000795,TICK-007173,Missed Connection,76000,100000,48000,2025-11-09 20:23:00,2025-11-09 13:23:00,,Pending
CLM-000796,TICK-007176,Missed Connection,167000,100000,117000,2025-06-10 03:54:00,2025-06-09 23:54:00,2025-06-12 23:54:00,Approved
CLM-000797,TICK-007194,Missed Connection,226000,100000,142000,2025-06-23 07:31:00,2025-06-23 01:31:00,2025-06-27 01:31:00,Approved
CLM-000798,TICK-007215,Missed Connection,261000,75000,164000,2025-07-08 17:35:00,2025-07-08 14:35:00,2025-07-13 14:35:00,Approved
CLM-000799,TICK-007217,Missed Connection,146000,100000,92000,2025-02-23 12:57:00,2025-02-23 07:57:00,2025-02-24 07:57:00,Approved
CLM-000800,TICK-007219,Missed Connection,261000,50000,164000,2025-06-23 06:31:00,2025-06-23 05:31:00,2025-06-24 05:31:00,Approved
CLM-000801,TICK-007228,Missed Connection,82000,75000,55000,2025-02-23 17:24:00,2025-02-23 10:24:00,2025-02-28 10:24:00,Approved
CLM-000802,TICK-007236,Missed Connection,103000,50000,65000,2025-10-23 09:59:00,2025-10-23 01:59:00,2025-10-27 01:59:00,Approved
CLM-000803,TICK-007245,Missed Connection,161000,50000,102000,2025-05-09 06:03:00,2025-05-09 05:03:00,,Pending
CLM-000804,TICK-007256,Missed Connection,133000,50000,93000,2025-11-08 22:57:00,2025-11-08 21:57:00,2025-11-09 21:57:00,Approved
CLM-000805,TICK-007259,Missed Connection,62000,75000,39000,2025-08-23 02:02:00,2025-08-22 21:02:00,2025-08-27 21:02:00,Approved
CLM-000806,TICK-007275,Missed Connection,128000,75000,81000,2025-01-23 04:05:00,2025-01-23 03:05:00,2025-01-26 03:05:00,Approved
CLM-000807,TICK-007280,Missed Connection,103000,50000,65000,2025-08-23 14:10:00,2025-08-23 11:10:00,2025-08-25 11:10:00,Approved
CLM-000808,TICK-007291,Missed Connection,45000,50000,28000,2025-04-09 10:29:00,2025-04-09 06:29:00,2025-04-13 06:29:00,Approved
CLM-000809,TICK-007293,Missed Connection,105000,50000,70000,2025-12-09 04:05:00,2025-12-09 02:05:00,2025-12-13 02:05:00,Approved
CLM-000810,TICK-007296,Missed Connection,110000,75000,70000,2025-12-09 17:05:00,2025-12-09 11:05:00,2025-12-10 11:05:00,Approved
CLM-000811,TICK-007298,Missed Connection,140000,50000,88000,2025-03-09 05:39:00,2025-03-09 02:39:00,2025-03-12 02:39:00,Approved
CLM-000812,TICK-007302,Missed Connection,119000,50000,75000,2025-08-09 23:25:00,2025-08-09 21:25:00,2025-08-10 21:25:00,Approved
CLM-000813,TICK-007307,Missed Connection,226000,100000,142000,2025-12-09 08:35:00,2025-12-09 03:35:00,,Pending
CLM-000814,TICK-007316,Missed Connection,105000,75000,66000,2025-02-09 13:02:00,2025-02-09 12:02:00,2025-02-14 12:02:00,Approved
CLM-000815,TICK-007323,Missed Connection,93000,50000,59000,2025-07-23 18:31:00,2025-07-23 16:31:00,2025-07-27 16:31:00,Approved
CLM-000816,TICK-007327,Missed Connection,92000,75000,58000,2025-08-23 10:30:00,2025-08-23 07:30:00,2025-08-26 07:30:00,Approved
CLM-000817,TICK-007330,Missed Connection,112000,100000,78000,2025-12-23 03:10:00,2025-12-22 20:10:00,2025-12-26 20:10:00,Approved
CLM-000818,TICK-007341,Missed Connection,78000,100000,55000,2025-08-23 15:35:00,2025-08-23 11:35:00,2025-08-24 11:35:00,Approved
CLM-000819,TICK-007343,Missed Connection,200000,75000,126000,2025-08-09 06:38:00,2025-08-08 22:38:00,,Pending
CLM-000820,TICK-007352,Missed Connection,87000,75000,58000,2025-05-23 05:05:00,2025-05-22 22:05:00,2025-05-25 22:05:00,Approved
CLM-000821,TICK-007379,Missed Connection,146000,75000,92000,2025-02-09 03:36:00,2025-02-08 19:36:00,2025-02-12 19:36:00,Approved
CLM-000822,TICK-007383,Missed Connection,188000,75000,119000,2025-02-09 15:20:00,2025-02-09 09:20:00,2025-02-10 09:20:00,Approved
CLM-000823,TICK-007407,Missed Connection,118000,50000,78000,2025-05-09 03:30:00,2025-05-08 20:30:00,2025-05-09 20:30:00,Approved
CLM-000824,TICK-007425,Missed Connection,119000,75000,75000,2025-09-23 07:55:00,2025-09-23 02:55:00,2025-09-26 02:55:00,Approved
CLM-000825,TICK-007431,Missed Connection,181000,100000,114000,2025-12-23 20:45:00,2025-12-23 12:45:00,2025-12-25 12:45:00,Rejected
CLM-000826,TICK-007453,Missed Connection,160000,50000,112000,2025-05-23 09:30:00,2025-05-23 04:30:00,2025-05-27 04:30:00,Rejected
CLM-000827,TICK-007456,Missed Connection,110000,50000,70000,2025-06-23 14:31:00,2025-06-23 07:31:00,2025-06-28 07:31:00,Approved
CLM-000828,TICK-007459,Missed Connection,62000,50000,39000,2025-01-09 09:19:00,2025-01-09 04:19:00,2025-01-13 04:19:00,Approved
CLM-000829,TICK-007479,Missed Connection,116000,50000,73000,2025-12-23 07:16:00,2025-12-23 05:16:00,2025-12-28 05:16:00,Approved
CLM-000830,TICK-007504,Missed Connection,129000,50000,81000,2025-11-23 10:08:00,2025-11-23 06:08:00,2025-11-24 06:08:00,Approved
CLM-000831,TICK-007510,Missed Connection,114000,50000,80000,2025-06-23 06:31:00,2025-06-23 00:31:00,2025-06-25 00:31:00,Rejected
CLM-000832,TICK-007532,Missed Connection,108000,75000,68000,2025-02-09 01:41:00,2025-02-08 20:41:00,2025-02-11 20:41:00,Approved
CLM-000833,TICK-007539,Missed Connection,126000,75000,80000,2025-06-23 04:31:00,2025-06-22 21:31:00,2025-06-23 21:31:00,Approved
CLM-000834,TICK-007545,Missed Connection,84000,75000,59000,2025-12-10 02:12:00,2025-12-09 20:12:00,2025-12-14 20:12:00,Approved
CLM-000835,TICK-007552,Missed Connection,141000,75000,93000,2025-11-23 08:42:00,2025-11-23 07:42:00,,Pending
CLM-000836,TICK-007561,Missed Connection,110000,50000,70000,2025-07-09 09:43:00,2025-07-09 05:43:00,2025-07-12 05:43:00,Approved
CLM-000837,TICK-007565,Missed Connection,150000,100000,105000,2025-06-23 15:24:00,2025-06-23 07:24:00,2025-06-25 07:24:00,Approved
CLM-000838,TICK-007572,Missed Connection,103000,75000,72000,2025-11-08 22:49:00,2025-11-08 20:49:00,2025-11-09 20:49:00,Approved
CLM-000839,TICK-007575,Missed Connection,138000,75000,87000,2025-07-23 09:21:00,2025-07-23 01:21:00,2025-07-26 01:21:00,Approved
CLM-000840,TICK-007577,Missed Connection,86000,50000,55000,2025-10-23 07:10:00,2025-10-23 00:10:00,2025-10-28 00:10:00,Approved
CLM-000841,TICK-007588,Missed Connection,99000,50000,62000,2025-06-23 07:39:00,2025-06-23 00:39:00,2025-06-25 00:39:00,Approved
CLM-000842,TICK-007593,Missed Connection,129000,100000,81000,2025-04-23 11:14:00,2025-04-23 03:14:00,2025-04-24 03:14:00,Approved
CLM-000843,TICK-007602,Missed Connection,188000,75000,119000,2025-02-09 18:20:00,2025-02-09 15:20:00,2025-02-14 15:20:00,Approved
CLM-000844,TICK-007606,Missed Connection,208000,75000,132000,2025-11-09 13:34:00,2025-11-09 06:34:00,2025-11-14 06:34:00,Rejected
CLM-000845,TICK-007616,Missed Connection,154000,100000,97000,2025-06-23 14:13:00,2025-06-23 13:13:00,2025-06-27 13:13:00,Approved
CLM-000846,TICK-007620,Missed Connection,92000,50000,58000,2025-10-09 15:21:00,2025-10-09 09:21:00,2025-10-12 09:21:00,Approved
CLM-000847,TICK-007622,Missed Connection,148000,75000,93000,2025-02-09 08:04:00,2025-02-09 06:04:00,2025-02-13 06:04:00,Approved
CLM-000848,TICK-007624,Missed Connection,118000,50000,83000,2025-10-23 00:16:00,2025-10-22 20:16:00,2025-10-23 20:16:00,Approved
CLM-000849,TICK-007646,Missed Connection,188000,75000,119000,2025-10-22 16:57:00,2025-10-22 15:57:00,2025-10-26 15:57:00,Approved
CLM-000850,TICK-007649,Missed Connection,126000,50000,80000,2025-06-23 03:31:00,2025-06-23 01:31:00,2025-06-25 01:31:00,Approved
CLM-000851,TICK-007663,Missed Connection,111000,50000,78000,2025-07-23 19:53:00,2025-07-23 11:53:00,2025-07-26 11:53:00,Approved
CLM-000852,TICK-007687,Missed Connection,54000,50000,34000,2025-06-09 10:23:00,2025-06-09 03:23:00,2025-06-10 03:23:00,Approved
CLM-000853,TICK-007704,Missed Connection,158000,75000,105000,2025-07-08 20:10:00,2025-07-08 13:10:00,2025-07-11 13:10:00,Approved
CLM-000854,TICK-007708,Missed Connection,200000,100000,126000,2025-08-09 00:49:00,2025-08-08 22:49:00,2025-08-11 22:49:00,Approved
CLM-000855,TICK-007718,Missed Connection,129000,50000,81000,2025-09-23 11:53:00,2025-09-23 05:53:00,2025-09-26 05:53:00,Approved
CLM-000856,TICK-007724,Missed Connection,100000,75000,70000,2025-06-23 16:31:00,2025-06-23 11:31:00,2025-06-25 11:31:00,Approved
CLM-000857,TICK-007750,Missed Connection,145000,100000,102000,2025-03-08 17:49:00,2025-03-08 15:49:00,2025-03-12 15:49:00,Approved
CLM-000858,TICK-007762,Missed Connection,92000,50000,58000,2025-03-22 23:47:00,2025-03-22 20:47:00,2025-03-25 20:47:00,Rejected
CLM-000859,TICK-007765,Missed Connection,138000,100000,87000,2025-07-24 02:38:00,2025-07-23 18:38:00,2025-07-25 18:38:00,Approved
CLM-000860,TICK-007768,Missed Connection,167000,50000,117000,2025-06-23 21:09:00,2025-06-23 14:09:00,2025-06-25 14:09:00,Rejected
CLM-000861,TICK-007777,Missed Connection,98000,100000,65000,2025-10-10 01:10:00,2025-10-09 18:10:00,2025-10-12 18:10:00,Approved
CLM-000862,TICK-007791,Missed Connection,103000,50000,65000,2025-01-09 08:10:00,2025-01-09 06:10:00,2025-01-11 06:10:00,Approved
CLM-000863,TICK-007796,Missed Connection,79000,50000,52000,2025-11-22 17:21:00,2025-11-22 16:21:00,2025-11-24 16:21:00,Approved
CLM-000864,TICK-007802,Missed Connection,103000,75000,72000,2025-10-23 20:43:00,2025-10-23 12:43:00,2025-10-26 12:43:00,Approved
CLM-000865,TICK-007804,Missed Connection,89000,50000,62000,2025-12-09 04:17:00,2025-12-09 00:17:00,2025-12-14 00:17:00,Approved
CLM-000866,TICK-007821,Missed Connection,78000,100000,49000,2025-02-08 23:22:00,2025-02-08 20:22:00,2025-02-10 20:22:00,Approved
CLM-000867,TICK-007827,Missed Connection,97000,50000,68000,2025-11-09 06:10:00,2025-11-09 03:10:00,2025-11-11 03:10:00,Approved
CLM-000868,TICK-007832,Missed Connection,116000,50000,81000,2025-11-23 03:16:00,2025-11-22 23:16:00,2025-11-23 23:16:00,Approved
CLM-000869,TICK-007847,Missed Connection,216000,75000,152000,2025-06-09 02:32:00,2025-06-08 19:32:00,2025-06-12 19:32:00,Approved
CLM-000870,TICK-007851,Missed Connection,131000,100000,87000,2025-12-22 18:19:00,2025-12-22 17:19:00,2025-12-26 17:19:00,Approved
CLM-000871,TICK-007859,Missed Connection,108000,50000,68000,2025-08-09 09:10:00,2025-08-09 02:10:00,2025-08-13 02:10:00,Approved
CLM-000872,TICK-007861,Missed Connection,82000,75000,58000,2025-09-22 22:16:00,2025-09-22 15:16:00,2025-09-25 15:16:00,Approved
CLM-000873,TICK-007864,Missed Connection,99000,75000,62000,2025-06-09 08:10:00,2025-06-09 06:10:00,2025-06-12 06:10:00,Approved
CLM-000874,TICK-007869,Missed Connection,110000,75000,70000,2025-07-23 04:06:00,2025-07-22 22:06:00,2025-07-25 22:06:00,Rejected
CLM-000875,TICK-007876,Missed Connection,124000,50000,78000,2025-06-09 09:48:00,2025-06-09 03:48:00,2025-06-13 03:48:00,Approved
CLM-000876,TICK-007884,Missed Connection,154000,75000,97000,2025-08-09 09:02:00,2025-08-09 08:02:00,2025-08-11 08:02:00,Approved
CLM-000877,TICK-007891,Missed Connection,115000,50000,72000,2025-09-23 08:16:00,2025-09-23 03:16:00,2025-09-27 03:16:00,Approved
CLM-000878,TICK-007896,Missed Connection,104000,100000,65000,2025-12-23 13:38:00,2025-12-23 09:38:00,,Pending
CLM-000879,TICK-007902,Missed Connection,181000,75000,114000,2025-07-09 11:45:00,2025-07-09 08:45:00,2025-07-11 08:45:00,Approved
CLM-000880,TICK-007935,Missed Connection,112000,50000,75000,2025-05-09 16:25:00,2025-05-09 10:25:00,2025-05-14 10:25:00,Approved
CLM-000881,TICK-007939,Missed Connection,200000,50000,126000,2025-03-23 14:25:00,2025-03-23 10:25:00,2025-03-28 10:25:00,Approved
CLM-000882,TICK-007974,Missed Connection,68000,50000,43000,2025-07-23 12:43:00,2025-07-23 10:43:00,2025-07-24 10:43:00,Approved
CLM-000883,TICK-007981,Missed Connection,150000,50000,95000,2025-08-08 21:17:00,2025-08-08 15:17:00,2025-08-13 15:17:00,Approved
CLM-000884,TICK-007983,Missed Connection,115000,50000,72000,2025-09-09 08:05:00,2025-09-09 00:05:00,2025-09-14 00:05:00,Approved
CLM-000885,TICK-007989,Missed Connection,161000,75000,102000,2025-04-23 11:27:00,2025-04-23 10:27:00,2025-04-25 10:27:00,Approved
CLM-000886,TICK-007991,Missed Connection,118000,50000,78000,2025-11-09 04:04:00,2025-11-08 20:04:00,2025-11-11 20:04:00,Approved
CLM-000887,TICK-008015,Missed Connection,158000,100000,111000,2025-12-09 17:15:00,2025-12-09 15:15:00,2025-12-14 15:15:00,Approved
CLM-000888,TICK-008018,Missed Connection,124000,100000,78000,2025-06-09 10:20:00,2025-06-09 05:20:00,2025-06-12 05:20:00,Approved
CLM-000889,TICK-008024,Missed Connection,110000,50000,70000,2025-07-23 03:06:00,2025-07-22 20:06:00,2025-07-24 20:06:00,Rejected
CLM-000890,TICK-008028,Missed Connection,56000,50000,36000,2025-05-22 22:23:00,2025-05-22 20:23:00,2025-05-26 20:23:00,Approved
CLM-000891,TICK-008033,Missed Connection,132000,75000,88000,2025-03-08 23:39:00,2025-03-08 21:39:00,2025-03-11 21:39:00,Approved
CLM-000892,TICK-008040,Missed Connection,138000,50000,87000,2025-07-23 14:21:00,2025-07-23 07:21:00,2025-07-25 07:21:00,Approved
CLM-000893,TICK-008052,Missed Connection,59000,50000,39000,2025-03-23 08:51:00,2025-03-23 01:51:00,2025-03-27 01:51:00,Approved
CLM-000894,TICK-008056,Missed Connection,254000,50000,160000,2025-11-09 14:41:00,2025-11-09 10:41:00,2025-11-11 10:41:00,Approved
CLM-000895,TICK-008081,Missed Connection,99000,75000,65000,2025-06-08 21:30:00,2025-06-08 20:30:00,2025-06-13 20:30:00,Approved
CLM-000896,TICK-008106,Missed Connection,82000,100000,55000,2025-10-22 23:10:00,2025-10-22 21:10:00,2025-10-25 21:10:00,Approved
CLM-000897,TICK-008112,Missed Connection,196000,50000,137000,2025-08-23 00:04:00,2025-08-22 21:04:00,2025-08-24 21:04:00,Approved
CLM-000898,TICK-008128,Missed Connection,176000,50000,117000,2025-07-10 05:07:00,2025-07-10 00:07:00,2025-07-11 00:07:00,Approved
CLM-000899,TICK-008139,Missed Connection,104000,100000,65000,2025-06-09 12:26:00,2025-06-09 10:26:00,2025-06-12 10:26:00,Approved
CLM-000900,TICK-008145,Missed Connection,240000,50000,152000,2025-06-09 18:35:00,2025-06-09 13:35:00,2025-06-13 13:35:00,Approved
CLM-000901,TICK-008157,Missed Connection,92000,100000,58000,2025-02-23 18:09:00,2025-02-23 11:09:00,2025-02-25 11:09:00,Approved
CLM-000902,TICK-008160,Missed Connection,92000,75000,58000,2025-05-23 19:16:00,2025-05-23 13:16:00,2025-05-27 13:16:00,Approved
CLM-000903,TICK-008175,Missed Connection,142000,100000,90000,2025-06-23 10:38:00,2025-06-23 07:38:00,2025-06-24 07:38:00,Approved
CLM-000904,TICK-008187,Missed Connection,54000,100000,34000,2025-07-09 11:45:00,2025-07-09 03:45:00,2025-07-12 03:45:00,Approved
CLM-000905,TICK-008202,Missed Connection,150000,50000,95000,2025-02-23 18:17:00,2025-02-23 10:17:00,2025-02-28 10:17:00,Approved
CLM-000906,TICK-008204,Missed Connection,226000,50000,142000,2025-12-22 22:13:00,2025-12-22 14:13:00,2025-12-23 14:13:00,Approved
CLM-000907,TICK-008208,Missed Connection,109000,50000,69000,2025-01-09 09:54:00,2025-01-09 08:54:00,2025-01-13 08:54:00,Approved
CLM-000908,TICK-008214,Missed Connection,129000,100000,81000,2025-03-09 04:21:00,2025-03-09 01:21:00,2025-03-13 01:21:00,Approved
CLM-000909,TICK-008221,Missed Connection,119000,75000,75000,2025-11-23 10:32:00,2025-11-23 07:32:00,2025-11-24 07:32:00,Approved
CLM-000910,TICK-008241,Missed Connection,99000,75000,62000,2025-12-23 11:09:00,2025-12-23 09:09:00,2025-12-27 09:09:00,Approved
CLM-000911,TICK-008251,Missed Connection,138000,50000,87000,2025-07-23 14:21:00,2025-07-23 10:21:00,2025-07-24 10:21:00,Approved
CLM-000912,TICK-008258,Missed Connection,82000,75000,52000,2025-01-23 08:18:00,2025-01-23 06:18:00,2025-01-24 06:18:00,Approved
CLM-000913,TICK-008262,Missed Connection,82000,50000,52000,2025-01-09 13:58:00,2025-01-09 05:58:00,2025-01-10 05:58:00,Approved
CLM-000914,TICK-008269,Missed Connection,92000,75000,65000,2025-05-23 04:16:00,2025-05-22 22:16:00,2025-05-27 22:16:00,Rejected
CLM-000915,TICK-008277,Missed Connection,129000,50000,81000,2025-04-23 02:20:00,2025-04-22 19:20:00,2025-04-26 19:20:00,Approved
CLM-000916,TICK-008283,Missed Connection,150000,75000,105000,2025-07-23 18:13:00,2025-07-23 11:13:00,2025-07-28 11:13:00,Approved
CLM-000917,TICK-008299,Missed Connection,110000,75000,70000,2025-12-09 09:05:00,2025-12-09 06:05:00,2025-12-10 06:05:00,Approved
CLM-000918,TICK-008304,Missed Connection,132000,50000,83000,2025-09-10 01:03:00,2025-09-09 19:03:00,2025-09-11 19:03:00,Approved
CLM-000919,TICK-008326,Missed Connection,129000,75000,81000,2025-03-22 19:24:00,2025-03-22 15:24:00,2025-03-23 15:24:00,Approved
CLM-000920,TICK-008328,Missed Connection,119000,75000,75000,2025-09-09 09:21:00,2025-09-09 04:21:00,2025-09-14 04:21:00,Approved
CLM-000921,TICK-008331,Missed Connection,86000,75000,55000,2025-09-09 13:10:00,2025-09-09 12:10:00,2025-09-10 12:10:00,Approved
CLM-000922,TICK-008346,Missed Connection,78000,50000,49000,2025-11-09 10:34:00,2025-11-09 03:34:00,2025-11-12 03:34:00,Approved
CLM-000923,TICK-008353,Missed Connection,116000,100000,81000,2025-04-22 18:20:00,2025-04-22 15:20:00,2025-04-25 15:20:00,Approved
CLM-000924,TICK-008357,Missed Connection,112000,75000,78000,2025-08-24 00:52:00,2025-08-23 18:52:00,2025-08-27 18:52:00,Approved
CLM-000925,TICK-008361,Missed Connection,99000,75000,62000,2025-12-24 00:48:00,2025-12-23 18:48:00,2025-12-26 18:48:00,Approved
CLM-000926,TICK-008377,Missed Connection,138000,75000,87000,2025-06-09 01:05:00,2025-06-08 23:05:00,2025-06-11 23:05:00,Approved
CLM-000927,TICK-008382,Missed Connection,167000,100000,105000,2025-06-23 23:55:00,2025-06-23 16:55:00,,Pending
CLM-000928,TICK-008386,Missed Connection,79000,100000,52000,2025-09-23 02:21:00,2025-09-22 20:21:00,2025-09-24 20:21:00,Approved
CLM-000929,TICK-008389,Missed Connection,100000,75000,70000,2025-12-24 01:20:00,2025-12-23 19:20:00,,Pending
CLM-000930,TICK-008396,Missed Connection,93000,100000,59000,2025-07-09 18:16:00,2025-07-09 15:16:00,2025-07-11 15:16:00,Approved
CLM-000931,TICK-008406,Missed Connection,142000,50000,90000,2025-07-09 11:25:00,2025-07-09 09:25:00,2025-07-12 09:25:00,Approved
CLM-000932,TICK-008416,Missed Connection,186000,50000,117000,2025-07-09 14:25:00,2025-07-09 09:25:00,2025-07-10 09:25:00,Approved
CLM-000933,TICK-008419,Missed Connection,178000,75000,119000,2025-05-09 09:03:00,2025-05-09 02:03:00,2025-05-12 02:03:00,Approved
CLM-000934,TICK-008428,Missed Connection,89000,50000,59000,2025-07-09 22:16:00,2025-07-09 18:16:00,2025-07-10 18:16:00,Approved
CLM-000935,TICK-008432,Missed Connection,79000,75000,52000,2025-02-23 19:40:00,2025-02-23 13:40:00,2025-02-27 13:40:00,Approved
CLM-000936,TICK-008434,Missed Connection,82000,50000,52000,2025-09-23 06:10:00,2025-09-23 03:10:00,2025-09-28 03:10:00,Approved
CLM-000937,TICK-008442,Missed Connection,123000,50000,78000,2025-06-23 06:28:00,2025-06-23 05:28:00,2025-06-26 05:28:00,Approved
CLM-000938,TICK-008452,Missed Connection,108000,50000,68000,2025-10-09 02:11:00,2025-10-08 22:11:00,2025-10-12 22:11:00,Approved
CLM-000939,TICK-008456,Missed Connection,132000,100000,88000,2025-03-09 11:39:00,2025-03-09 06:39:00,2025-03-10 06:39:00,Approved
CLM-000940,TICK-008465,Missed Connection,193000,50000,122000,2025-06-23 09:03:00,2025-06-23 03:03:00,2025-06-24 03:03:00,Approved
CLM-000941,TICK-008478,Missed Connection,74000,75000,47000,2025-06-09 12:30:00,2025-06-09 11:30:00,2025-06-14 11:30:00,Approved
CLM-000942,TICK-008481,Missed Connection,196000,75000,137000,2025-11-08 20:03:00,2025-11-08 19:03:00,2025-11-10 19:03:00,Approved
CLM-000943,TICK-008487,Missed Connection,82000,75000,52000,2025-04-09 05:10:00,2025-04-09 02:10:00,2025-04-14 02:10:00,Approved
CLM-000944,TICK-008498,Missed Connection,108000,50000,68000,2025-02-23 05:29:00,2025-02-22 21:29:00,2025-02-26 21:29:00,Rejected
CLM-000945,TICK-008504,Missed Connection,150000,50000,95000,2025-04-09 14:39:00,2025-04-09 06:39:00,2025-04-10 06:39:00,Rejected
CLM-000946,TICK-008511,Missed Connection,78000,100000,49000,2025-11-24 00:02:00,2025-11-23 18:02:00,2025-11-24 18:02:00,Approved
CLM-000947,TICK-008514,Missed Connection,193000,75000,122000,2025-12-09 00:17:00,2025-12-08 23:17:00,2025-12-09 23:17:00,Approved
CLM-000948,TICK-008520,Missed Connection,126000,50000,79000,2025-07-22 23:22:00,2025-07-22 20:22:00,2025-07-26 20:22:00,Approved
CLM-000949,TICK-008535,Missed Connection,226000,50000,142000,2025-07-09 11:09:00,2025-07-09 05:09:00,,Pending
CLM-000950,TICK-008541,Missed Connection,87000,50000,58000,2025-02-23 16:33:00,2025-02-23 11:33:00,2025-02-26 11:33:00,Rejected
CLM-000951,TICK-008561,Missed Connection,123000,50000,82000,2025-12-23 22:03:00,2025-12-23 18:03:00,2025-12-25 18:03:00,Approved
CLM-000952,TICK-008564,Missed Connection,74000,75000,47000,2025-07-23 14:39:00,2025-07-23 13:39:00,2025-07-24 13:39:00,Rejected
CLM-000953,TICK-008567,Missed Connection,142000,75000,90000,2025-07-23 02:38:00,2025-07-23 01:38:00,2025-07-26 01:38:00,Approved
CLM-000954,TICK-008580,Missed Connection,103000,50000,65000,2025-11-08 21:47:00,2025-11-08 19:47:00,2025-11-11 19:47:00,Approved
CLM-000955,TICK-008586,Missed Connection,254000,50000,160000,2025-11-23 13:46:00,2025-11-23 09:46:00,2025-11-26 09:46:00,Approved
CLM-000956,TICK-008600,Missed Connection,167000,50000,105000,2025-06-23 22:55:00,2025-06-23 14:55:00,2025-06-26 14:55:00,Approved
CLM-000957,TICK-008607,Missed Connection,110000,50000,70000,2025-07-09 06:43:00,2025-07-09 01:43:00,2025-07-14 01:43:00,Approved
CLM-000958,TICK-008614,Missed Connection,218000,50000,137000,2025-11-09 08:03:00,2025-11-09 00:03:00,2025-11-10 00:03:00,Approved
CLM-000959,TICK-008649,Missed Connection,124000,75000,78000,2025-12-23 00:10:00,2025-12-22 22:10:00,,Pending
CLM-000960,TICK-008651,Missed Connection,110000,100000,70000,2025-07-09 12:43:00,2025-07-09 05:43:00,2025-07-14 05:43:00,Approved
CLM-000961,TICK-008654,Missed Connection,140000,75000,88000,2025-03-23 04:10:00,2025-03-22 20:10:00,2025-03-23 20:10:00,Approved
CLM-000962,TICK-008660,Missed Connection,62000,75000,39000,2025-11-23 12:55:00,2025-11-23 10:55:00,2025-11-27 10:55:00,Approved
CLM-000963,TICK-008663,Missed Connection,138000,50000,87000,2025-12-23 01:19:00,2025-12-22 18:19:00,2025-12-24 18:19:00,Approved
CLM-000964,TICK-008667,Missed Connection,112000,50000,75000,2025-05-09 15:25:00,2025-05-09 08:25:00,2025-05-11 08:25:00,Approved
CLM-000965,TICK-008675,Missed Connection,94000,75000,62000,2025-06-23 02:11:00,2025-06-22 19:11:00,2025-06-23 19:11:00,Approved
CLM-000966,TICK-008677,Missed Connection,153000,75000,102000,2025-02-09 08:03:00,2025-02-09 05:03:00,2025-02-14 05:03:00,Approved
CLM-000967,TICK-008716,Missed Connection,124000,50000,78000,2025-03-08 23:02:00,2025-03-08 21:02:00,2025-03-09 21:02:00,Approved
CLM-000968,TICK-008724,Missed Connection,76000,50000,53000,2025-06-09 15:49:00,2025-06-09 14:49:00,2025-06-12 14:49:00,Approved
CLM-000969,TICK-008727,Missed Connection,155000,50000,98000,2025-12-09 11:31:00,2025-12-09 07:31:00,,Pending
CLM-000970,TICK-008729,Missed Connection,180000,100000,126000,2025-08-09 05:49:00,2025-08-08 23:49:00,2025-08-13 23:49:00,Approved
CLM-000971,TICK-008738,Missed Connection,74000,75000,47000,2025-12-22 22:02:00,2025-12-22 21:02:00,2025-12-27 21:02:00,Approved
CLM-000972,TICK-008750,Missed Connection,186000,100000,117000,2025-12-09 05:07:00,2025-12-08 23:07:00,2025-12-10 23:07:00,Approved
CLM-000973,TICK-008753,Missed Connection,112000,50000,75000,2025-03-23 07:33:00,2025-03-23 02:33:00,2025-03-26 02:33:00,Approved
CLM-000974,TICK-008761,Missed Connection,130000,100000,82000,2025-07-23 10:24:00,2025-07-23 06:24:00,2025-07-25 06:24:00,Approved
CLM-000975,TICK-008763,Missed Connection,115000,50000,72000,2025-09-23 11:42:00,2025-09-23 05:42:00,2025-09-27 05:42:00,Approved
CLM-000976,TICK-008767,Missed Connection,178000,50000,112000,2025-12-09 06:25:00,2025-12-09 03:25:00,2025-12-11 03:25:00,Approved
CLM-000977,TICK-008774,Missed Connection,129000,50000,81000,2025-11-09 08:29:00,2025-11-09 06:29:00,2025-11-12 06:29:00,Rejected
CLM-000978,TICK-008781,Missed Connection,155000,50000,98000,2025-02-23 11:42:00,2025-02-23 03:42:00,2025-02-25 03:42:00,Approved
CLM-000979,TICK-008793,Missed Connection,124000,100000,78000,2025-04-23 10:28:00,2025-04-23 04:28:00,2025-04-24 04:28:00,Approved
CLM-000980,TICK-008803,Missed Connection,99000,75000,62000,2025-12-23 04:49:00,2025-12-23 02:49:00,2025-12-25 02:49:00,Approved
CLM-000981,TICK-008820,Missed Connection,167000,75000,105000,2025-12-09 09:35:00,2025-12-09 04:35:00,2025-12-13 04:35:00,Approved
CLM-000982,TICK-008850,Missed Connection,75000,75000,47000,2025-03-09 23:37:00,2025-03-09 21:37:00,2025-03-10 21:37:00,Approved
CLM-000983,TICK-008855,Missed Connection,188000,50000,119000,2025-02-09 07:01:00,2025-02-09 00:01:00,,Pending
CLM-000984,TICK-008860,Missed Connection,99000,100000,62000,2025-06-09 07:10:00,2025-06-09 01:10:00,2025-06-10 01:10:00,Approved
CLM-000985,TICK-008865,Missed Connection,226000,75000,142000,2025-06-09 20:53:00,2025-06-09 13:53:00,2025-06-13 13:53:00,Approved
CLM-000986,TICK-008884,Missed Connection,110000,50000,70000,2025-07-09 07:43:00,2025-07-09 03:43:00,2025-07-12 03:43:00,Approved
CLM-000987,TICK-008891,Missed Connection,56000,75000,39000,2025-03-23 09:51:00,2025-03-23 06:51:00,,Pending
CLM-000988,TICK-008900,Missed Connection,188000,75000,119000,2025-05-09 08:59:00,2025-05-09 01:59:00,2025-05-10 01:59:00,Approved
CLM-000989,TICK-008919,Missed Connection,86000,100000,55000,2025-03-09 00:50:00,2025-03-08 18:50:00,2025-03-13 18:50:00,Approved
CLM-000990,TICK-008926,Missed Connection,148000,50000,93000,2025-12-09 21:12:00,2025-12-09 18:12:00,2025-12-11 18:12:00,Approved
CLM-000991,TICK-008931,Missed Connection,129000,100000,81000,2025-09-23 05:53:00,2025-09-22 22:53:00,2025-09-27 22:53:00,Approved
CLM-000992,TICK-008936,Missed Connection,138000,50000,87000,2025-06-23 05:05:00,2025-06-22 21:05:00,2025-06-23 21:05:00,Approved
CLM-000993,TICK-008943,Missed Connection,82000,50000,58000,2025-09-09 21:55:00,2025-09-09 14:55:00,2025-09-11 14:55:00,Approved
CLM-000994,TICK-008947,Missed Connection,99000,75000,62000,2025-12-23 15:48:00,2025-12-23 13:48:00,2025-12-26 13:48:00,Approved
CLM-000995,TICK-008954,Missed Connection,124000,75000,78000,2025-07-23 09:10:00,2025-07-23 02:10:00,2025-07-26 02:10:00,Approved
CLM-000996,TICK-008963,Missed Connection,176000,50000,117000,2025-07-23 16:02:00,2025-07-23 08:02:00,2025-07-26 08:02:00,Approved
CLM-000997,TICK-008966,Missed Connection,99000,100000,65000,2025-12-09 10:40:00,2025-12-09 05:40:00,2025-12-13 05:40:00,Approved
CLM-000998,TICK-008981,Missed Connection,97000,50000,68000,2025-01-23 15:46:00,2025-01-23 10:46:00,2025-01-24 10:46:00,Approved
CLM-000999,TICK-008990,Missed Connection,142000,75000,95000,2025-08-24 00:17:00,2025-08-23 19:17:00,2025-08-28 19:17:00,Approved
CLM-001000,TICK-009005,Missed Connection,119000,100000,75000,2025-09-23 09:06:00,2025-09-23 06:06:00,2025-09-28 06:06:00,Approved
CLM-001001,TICK-009010,Missed Connection,110000,50000,70000,2025-12-09 17:05:00,2025-12-09 12:05:00,2025-12-12 12:05:00,Approved
CLM-001002,TICK-009012,Missed Connection,131000,75000,87000,2025-06-09 06:05:00,2025-06-09 00:05:00,2025-06-12 00:05:00,Rejected
CLM-001003,TICK-009024,Missed Connection,49000,75000,34000,2025-12-09 11:14:00,2025-12-09 07:14:00,2025-12-11 07:14:00,Approved
CLM-001004,TICK-009033,Missed Connection,178000,50000,112000,2025-12-09 07:25:00,2025-12-09 06:25:00,2025-12-10 06:25:00,Approved
CLM-001005,TICK-009035,Missed Connection,74000,75000,52000,2025-09-23 08:10:00,2025-09-23 07:10:00,2025-09-24 07:10:00,Approved
CLM-001006,TICK-009051,Missed Connection,98000,50000,65000,2025-03-09 18:22:00,2025-03-09 14:22:00,2025-03-12 14:22:00,Approved
CLM-001007,TICK-009054,Missed Connection,198000,75000,132000,2025-03-23 17:34:00,2025-03-23 10:34:00,2025-03-28 10:34:00,Approved
CLM-001008,TICK-009065,Missed Connection,124000,75000,78000,2025-08-23 13:52:00,2025-08-23 09:52:00,2025-08-25 09:52:00,Approved
CLM-001009,TICK-009071,Missed Connection,110000,50000,70000,2025-12-23 13:20:00,2025-12-23 11:20:00,,Pending
CLM-001010,TICK-009082,Missed Connection,112000,75000,75000,2025-05-09 21:25:00,2025-05-09 15:25:00,2025-05-13 15:25:00,Approved
CLM-001011,TICK-009090,Missed Connection,56000,75000,36000,2025-02-23 07:23:00,2025-02-23 03:23:00,2025-02-28 03:23:00,Approved
CLM-001012,TICK-009106,Missed Connection,132000,100000,88000,2025-04-23 14:14:00,2025-04-23 09:14:00,2025-04-25 09:14:00,Approved
CLM-001013,TICK-009118,Missed Connection,140000,50000,88000,2025-02-23 06:10:00,2025-02-23 04:10:00,2025-02-28 04:10:00,Approved
CLM-001014,TICK-009123,Missed Connection,78000,50000,49000,2025-11-23 23:02:00,2025-11-23 15:02:00,2025-11-26 15:02:00,Approved
CLM-001015,TICK-009135,Missed Connection,154000,75000,97000,2025-05-09 12:30:00,2025-05-09 05:30:00,2025-05-13 05:30:00,Approved
CLM-001016,TICK-009143,Missed Connection,178000,75000,112000,2025-06-23 21:56:00,2025-06-23 20:56:00,,Pending
CLM-001017,TICK-009149,Missed Connection,141000,50000,93000,2025-03-09 05:51:00,2025-03-09 04:51:00,2025-03-13 04:51:00,Approved
CLM-001018,TICK-009154,Missed Connection,76000,75000,53000,2025-06-09 17:49:00,2025-06-09 15:49:00,2025-06-14 15:49:00,Approved
CLM-001019,TICK-009166,Missed Connection,110000,75000,70000,2025-12-08 18:36:00,2025-12-08 13:36:00,2025-12-09 13:36:00,Approved
CLM-001020,TICK-009173,Missed Connection,99000,100000,62000,2025-07-09 08:10:00,2025-07-09 05:10:00,2025-07-11 05:10:00,Approved
CLM-001021,TICK-009178,Missed Connection,117000,50000,82000,2025-07-23 18:24:00,2025-07-23 12:24:00,2025-07-26 12:24:00,Approved
CLM-001022,TICK-009180,Missed Connection,167000,50000,105000,2025-06-23 14:24:00,2025-06-23 10:24:00,2025-06-25 10:24:00,Approved
CLM-001023,TICK-009185,Missed Connection,82000,50000,52000,2025-04-09 18:10:00,2025-04-09 12:10:00,2025-04-12 12:10:00,Approved
CLM-001024,TICK-009188,Missed Connection,45000,100000,28000,2025-11-23 06:35:00,2025-11-22 22:35:00,2025-11-26 22:35:00,Approved
CLM-001025,TICK-009202,Missed Connection,74000,50000,52000,2025-02-09 07:25:00,2025-02-09 06:25:00,2025-02-11 06:25:00,Approved
CLM-001026,TICK-009210,Missed Connection,140000,75000,88000,2025-04-09 05:36:00,2025-04-09 00:36:00,2025-04-12 00:36:00,Approved
CLM-001027,TICK-009213,Missed Connection,142000,100000,90000,2025-12-23 20:16:00,2025-12-23 12:16:00,2025-12-28 12:16:00,Approved
CLM-001028,TICK-009219,Missed Connection,118000,50000,78000,2025-07-23 12:10:00,2025-07-23 04:10:00,2025-07-26 04:10:00,Approved
CLM-001029,TICK-009221,Missed Connection,92000,50000,58000,2025-02-09 02:14:00,2025-02-09 01:14:00,2025-02-10 01:14:00,Approved
CLM-001030,TICK-009228,Missed Connection,104000,100000,65000,2025-12-09 08:40:00,2025-12-09 02:40:00,2025-12-10 02:40:00,Approved
CLM-001031,TICK-009234,Missed Connection,131000,75000,87000,2025-07-23 17:21:00,2025-07-23 12:21:00,2025-07-24 12:21:00,Rejected
CLM-001032,TICK-009240,Missed Connection,93000,75000,59000,2025-07-09 22:44:00,2025-07-09 14:44:00,2025-07-13 14:44:00,Approved
CLM-001033,TICK-009244,Missed Connection,45000,75000,28000,2025-11-23 14:55:00,2025-11-23 09:55:00,,Pending
CLM-001034,TICK-009250,Missed Connection,82000,50000,52000,2025-10-09 17:21:00,2025-10-09 13:21:00,2025-10-10 13:21:00,Approved
CLM-001035,TICK-009265,Missed Connection,56000,50000,36000,2025-04-09 19:50:00,2025-04-09 17:50:00,2025-04-11 17:50:00,Approved
CLM-001036,TICK-009269,Missed Connection,82000,75000,52000,2025-11-09 20:19:00,2025-11-09 12:19:00,,Pending
CLM-001037,TICK-009290,Missed Connection,226000,75000,142000,2025-07-09 06:09:00,2025-07-09 04:09:00,2025-07-10 04:09:00,Approved
CLM-001038,TICK-009294,Missed Connection,136000,50000,91000,2025-06-09 18:59:00,2025-06-09 10:59:00,2025-06-14 10:59:00,Approved
CLM-001039,TICK-009299,Missed Connection,74000,50000,47000,2025-12-23 15:17:00,2025-12-23 14:17:00,2025-12-26 14:17:00,Approved
CLM-001040,TICK-009301,Missed Connection,154000,75000,97000,2025-07-09 20:08:00,2025-07-09 18:08:00,,Pending
CLM-001041,TICK-009307,Missed Connection,100000,75000,70000,2025-12-09 10:05:00,2025-12-09 09:05:00,2025-12-11 09:05:00,Approved
CLM-001042,TICK-009311,Missed Connection,150000,75000,95000,2025-11-22 22:08:00,2025-11-22 21:08:00,2025-11-23 21:08:00,Approved
CLM-001043,TICK-009328,Missed Connection,226000,75000,142000,2025-07-23 10:17:00,2025-07-23 06:17:00,2025-07-24 06:17:00,Rejected
CLM-001044,TICK-009336,Missed Connection,74000,75000,47000,2025-07-23 21:39:00,2025-07-23 14:39:00,2025-07-25 14:39:00,Approved
CLM-001045,TICK-009338,Missed Connection,92000,50000,65000,2025-08-23 04:10:00,2025-08-23 00:10:00,2025-08-24 00:10:00,Approved
CLM-001046,TICK-009342,Missed Connection,99000,75000,62000,2025-06-22 17:11:00,2025-06-22 15:11:00,2025-06-25 15:11:00,Approved
CLM-001047,TICK-009352,Missed Connection,42000,50000,28000,2025-10-23 08:23:00,2025-10-23 02:23:00,2025-10-25 02:23:00,Approved
CLM-001048,TICK-009355,Missed Connection,110000,100000,70000,2025-06-23 12:07:00,2025-06-23 09:07:00,2025-06-26 09:07:00,Approved
CLM-001049,TICK-009386,Missed Connection,170000,75000,112000,2025-06-09 06:44:00,2025-06-09 02:44:00,2025-06-11 02:44:00,Approved
CLM-001050,TICK-009393,Missed Connection,132000,50000,83000,2025-03-23 15:56:00,2025-03-23 09:56:00,2025-03-28 09:56:00,Approved
CLM-001051,TICK-009400,Missed Connection,123000,75000,82000,2025-07-23 07:24:00,2025-07-23 04:24:00,2025-07-27 04:24:00,Rejected
CLM-001052,TICK-009405,Missed Connection,146000,50000,92000,2025-02-09 05:36:00,2025-02-08 23:36:00,,Pending
CLM-001053,TICK-009411,Missed Connection,99000,50000,62000,2025-06-09 06:10:00,2025-06-09 04:10:00,2025-06-12 04:10:00,Approved
CLM-001054,TICK-009420,Missed Connection,130000,75000,82000,2025-07-10 02:13:00,2025-07-09 18:13:00,2025-07-13 18:13:00,Approved
CLM-001055,TICK-009429,Missed Connection,89000,75000,62000,2025-06-09 15:14:00,2025-06-09 10:14:00,2025-06-12 10:14:00,Approved
CLM-001056,TICK-009434,Missed Connection,110000,75000,70000,2025-12-09 19:05:00,2025-12-09 12:05:00,2025-12-10 12:05:00,Approved
CLM-001057,TICK-009445,Missed Connection,136000,75000,95000,2025-04-23 11:14:00,2025-04-23 04:14:00,2025-04-28 04:14:00,Approved
CLM-001058,TICK-009492,Missed Connection,70000,50000,47000,2025-12-23 06:02:00,2025-12-22 22:02:00,2025-12-24 22:02:00,Approved
CLM-001059,TICK-009497,Missed Connection,174000,50000,122000,2025-06-09 17:53:00,2025-06-09 09:53:00,2025-06-11 09:53:00,Approved
CLM-001060,TICK-009504,Missed Connection,112000,75000,78000,2025-12-22 18:10:00,2025-12-22 14:10:00,2025-12-26 14:10:00,Approved
CLM-001061,TICK-009515,Missed Connection,76000,75000,48000,2025-04-23 11:50:00,2025-04-23 09:50:00,,Pending
CLM-001062,TICK-009521,Missed Connection,128000,50000,81000,2025-11-09 01:22:00,2025-11-08 20:22:00,2025-11-13 20:22:00,Approved
CLM-001063,TICK-009524,Missed Connection,140000,100000,88000,2025-04-09 11:36:00,2025-04-09 06:36:00,2025-04-11 06:36:00,Approved
CLM-001064,TICK-009544,Missed Connection,82000,50000,52000,2025-01-23 08:59:00,2025-01-23 07:59:00,2025-01-25 07:59:00,Approved
CLM-001065,TICK-009576,Missed Connection,261000,75000,164000,2025-12-22 21:13:00,2025-12-22 18:13:00,2025-12-24 18:13:00,Approved
CLM-001066,TICK-009578,Missed Connection,158000,100000,105000,2025-07-23 19:13:00,2025-07-23 12:13:00,2025-07-27 12:13:00,Approved
CLM-001067,TICK-009580,Missed Connection,140000,75000,88000,2025-05-09 08:29:00,2025-05-09 03:29:00,2025-05-12 03:29:00,Approved
CLM-001068,TICK-009583,Missed Connection,110000,50000,70000,2025-07-09 20:05:00,2025-07-09 14:05:00,,Pending
CLM-001069,TICK-009588,Missed Connection,116000,50000,73000,2025-07-23 00:10:00,2025-07-22 21:10:00,2025-07-24 21:10:00,Approved
CLM-001070,TICK-009591,Missed Connection,154000,50000,97000,2025-04-09 22:58:00,2025-04-09 16:58:00,2025-04-11 16:58:00,Approved
CLM-001071,TICK-009605,Missed Connection,56000,75000,36000,2025-02-23 22:48:00,2025-02-23 15:48:00,,Pending
CLM-001072,TICK-009610,Missed Connection,62000,100000,39000,2025-08-23 11:02:00,2025-08-23 05:02:00,2025-08-24 05:02:00,Approved
CLM-001073,TICK-009621,Missed Connection,56000,75000,39000,2025-10-23 07:11:00,2025-10-22 23:11:00,2025-10-27 23:11:00,Approved
CLM-001074,TICK-009630,Missed Connection,208000,75000,132000,2025-10-23 20:42:00,2025-10-23 12:42:00,2025-10-28 12:42:00,Approved
CLM-001075,TICK-009647,Missed Connection,105000,75000,66000,2025-09-09 04:22:00,2025-09-09 03:22:00,2025-09-12 03:22:00,Approved
CLM-001076,TICK-009650,Missed Connection,110000,50000,70000,2025-07-09 18:05:00,2025-07-09 11:05:00,2025-07-14 11:05:00,Approved
CLM-001077,TICK-009659,Missed Connection,147000,50000,98000,2025-02-23 04:05:00,2025-02-22 22:05:00,2025-02-24 22:05:00,Approved
CLM-001078,TICK-009669,Missed Connection,150000,50000,95000,2025-09-22 21:29:00,2025-09-22 14:29:00,2025-09-26 14:29:00,Approved
CLM-001079,TICK-009675,Missed Connection,91000,50000,57000,2025-08-09 19:16:00,2025-08-09 16:16:00,2025-08-10 16:16:00,Approved
CLM-001080,TICK-009684,Missed Connection,93000,75000,59000,2025-12-24 13:04:00,2025-12-24 05:04:00,2025-12-25 05:04:00,Approved
CLM-001081,TICK-009693,Missed Connection,74000,75000,47000,2025-12-23 22:17:00,2025-12-23 15:17:00,2025-12-24 15:17:00,Approved
CLM-001082,TICK-009699,Missed Connection,124000,75000,78000,2025-12-23 02:10:00,2025-12-22 20:10:00,2025-12-27 20:10:00,Approved
CLM-001083,TICK-009712,Missed Connection,140000,75000,98000,2025-06-08 20:39:00,2025-06-08 19:39:00,2025-06-13 19:39:00,Approved
CLM-001084,TICK-009721,Missed Connection,160000,50000,112000,2025-12-23 01:34:00,2025-12-23 00:34:00,2025-12-26 00:34:00,Approved
CLM-001085,TICK-009726,Missed Connection,70000,50000,47000,2025-07-09 11:25:00,2025-07-09 05:25:00,2025-07-11 05:25:00,Approved
CLM-001086,TICK-009739,Missed Connection,128000,75000,90000,2025-07-23 07:38:00,2025-07-23 06:38:00,2025-07-28 06:38:00,Approved
CLM-001087,TICK-009748,Missed Connection,118000,50000,78000,2025-12-22 23:10:00,2025-12-22 20:10:00,2025-12-23 20:10:00,Approved
CLM-001088,TICK-009752,Missed Connection,160000,100000,112000,2025-07-23 16:25:00,2025-07-23 11:25:00,2025-07-25 11:25:00,Approved
CLM-001089,TICK-009760,Missed Connection,218000,75000,137000,2025-08-23 02:04:00,2025-08-22 20:04:00,2025-08-24 20:04:00,Approved
CLM-001090,TICK-009763,Missed Connection,148000,50000,93000,2025-03-24 00:56:00,2025-03-23 16:56:00,2025-03-27 16:56:00,Approved
CLM-001091,TICK-009765,Missed Connection,162000,50000,114000,2025-07-22 18:07:00,2025-07-22 17:07:00,2025-07-25 17:07:00,Approved
CLM-001092,TICK-009769,Missed Connection,155000,50000,98000,2025-07-22 18:07:00,2025-07-22 16:07:00,2025-07-27 16:07:00,Approved
CLM-001093,TICK-009773,Missed Connection,99000,75000,62000,2025-06-22 23:39:00,2025-06-22 19:39:00,2025-06-23 19:39:00,Approved
CLM-001094,TICK-009789,Missed Connection,104000,50000,65000,2025-06-22 23:27:00,2025-06-22 20:27:00,2025-06-25 20:27:00,Rejected
CLM-001095,TICK-009792,Missed Connection,105000,75000,70000,2025-06-23 14:31:00,2025-06-23 12:31:00,2025-06-25 12:31:00,Approved
CLM-001096,TICK-009799,Missed Connection,110000,75000,73000,2025-07-24 00:32:00,2025-07-23 23:32:00,,Pending
CLM-001097,TICK-009801,Missed Connection,45000,50000,28000,2025-02-23 03:00:00,2025-02-23 02:00:00,2025-02-28 02:00:00,Approved
CLM-001098,TICK-009810,Missed Connection,133000,50000,93000,2025-06-24 15:45:00,2025-06-24 07:45:00,2025-06-26 07:45:00,Approved
CLM-001099,TICK-009823,Missed Connection,168000,100000,112000,2025-05-23 01:30:00,2025-05-22 19:30:00,2025-05-24 19:30:00,Approved
CLM-001100,TICK-009831,Missed Connection,108000,75000,68000,2025-03-09 08:44:00,2025-03-09 01:44:00,2025-03-14 01:44:00,Approved
CLM-001101,TICK-009834,Missed Connection,112000,75000,75000,2025-05-10 07:31:00,2025-05-10 01:31:00,2025-05-12 01:31:00,Approved
CLM-001102,TICK-009838,Missed Connection,52000,50000,34000,2025-12-23 18:23:00,2025-12-23 16:23:00,,Pending
CLM-001103,TICK-009851,Missed Connection,108000,50000,68000,2025-09-08 21:10:00,2025-09-08 18:10:00,2025-09-10 18:10:00,Approved
CLM-001104,TICK-009862,Missed Connection,155000,75000,98000,2025-05-23 09:39:00,2025-05-23 01:39:00,2025-05-28 01:39:00,Rejected
CLM-001105,TICK-009868,Missed Connection,110000,75000,72000,2025-09-23 07:16:00,2025-09-23 01:16:00,2025-09-24 01:16:00,Approved
CLM-001106,TICK-009881,Missed Connection,133000,50000,93000,2025-06-09 17:30:00,2025-06-09 12:30:00,2025-06-12 12:30:00,Approved
CLM-001107,TICK-009887,Missed Connection,70000,75000,47000,2025-07-23 13:39:00,2025-07-23 07:39:00,2025-07-28 07:39:00,Approved
CLM-001108,TICK-009890,Missed Connection,150000,75000,95000,2025-09-09 09:20:00,2025-09-09 05:20:00,2025-09-12 05:20:00,Approved
CLM-001109,TICK-009893,Missed Connection,150000,50000,95000,2025-08-09 05:03:00,2025-08-09 04:03:00,2025-08-12 04:03:00,Approved
CLM-001110,TICK-009898,Missed Connection,82000,75000,52000,2025-01-23 12:18:00,2025-01-23 04:18:00,2025-01-26 04:18:00,Rejected
CLM-001111,TICK-009903,Missed Connection,99000,50000,62000,2025-06-23 02:11:00,2025-06-22 20:11:00,2025-06-27 20:11:00,Approved
CLM-001112,TICK-009907,Missed Connection,96000,50000,61000,2025-10-09 05:58:00,2025-10-09 04:58:00,2025-10-11 04:58:00,Approved
CLM-001113,TICK-009909,Missed Connection,92000,50000,65000,2025-05-23 01:16:00,2025-05-23 00:16:00,2025-05-25 00:16:00,Approved
CLM-001114,TICK-009940,Missed Connection,118000,75000,78000,2025-02-23 15:02:00,2025-02-23 11:02:00,2025-02-28 11:02:00,Approved
CLM-001115,TICK-009956,Missed Connection,108000,75000,68000,2025-11-22 23:41:00,2025-11-22 21:41:00,,Pending
CLM-001116,TICK-009972,Missed Connection,119000,75000,75000,2025-02-23 06:48:00,2025-02-23 01:48:00,2025-02-26 01:48:00,Approved
CLM-001117,TICK-009986,Missed Connection,92000,75000,58000,2025-06-23 07:50:00,2025-06-23 01:50:00,2025-06-25 01:50:00,Approved
CLM-001118,TICK-010003,Missed Connection,250000,100000,158000,2025-12-23 07:02:00,2025-12-23 02:02:00,2025-12-27 02:02:00,Approved
CLM-001119,TICK-010012,Missed Connection,170000,100000,112000,2025-06-09 14:02:00,2025-06-09 06:02:00,2025-06-10 06:02:00,Approved
CLM-001120,TICK-010020,Missed Connection,99000,75000,62000,2025-12-08 19:17:00,2025-12-08 17:17:00,2025-12-11 17:17:00,Approved
CLM-001121,TICK-010022,Missed Connection,79000,50000,52000,2025-09-23 03:21:00,2025-09-22 20:21:00,2025-09-25 20:21:00,Approved
CLM-001122,TICK-010024,Missed Connection,115000,50000,72000,2025-10-09 04:18:00,2025-10-08 22:18:00,2025-10-09 22:18:00,Approved
CLM-001123,TICK-010037,Missed Connection,235000,75000,164000,2025-06-23 05:31:00,2025-06-23 02:31:00,2025-06-26 02:31:00,Approved
CLM-001124,TICK-010050,Missed Connection,250000,75000,158000,2025-12-23 07:02:00,2025-12-23 02:02:00,2025-12-26 02:02:00,Approved
CLM-001125,TICK-010054,Missed Connection,133000,75000,93000,2025-11-24 00:42:00,2025-11-23 17:42:00,2025-11-27 17:42:00,Rejected
CLM-001126,TICK-010064,Missed Connection,102000,75000,65000,2025-05-23 17:14:00,2025-05-23 11:14:00,2025-05-24 11:14:00,Approved
CLM-001127,TICK-010066,Missed Connection,170000,75000,119000,2025-04-23 02:00:00,2025-04-22 22:00:00,2025-04-27 22:00:00,Approved
CLM-001128,TICK-010077,Missed Connection,101000,100000,71000,2025-07-23 10:03:00,2025-07-23 05:03:00,2025-07-25 05:03:00,Approved
CLM-001129,TICK-010089,Missed Connection,62000,50000,39000,2025-02-23 12:03:00,2025-02-23 07:03:00,2025-02-26 07:03:00,Approved
CLM-001130,TICK-010098,Missed Connection,110000,75000,70000,2025-07-23 00:06:00,2025-07-22 23:06:00,2025-07-25 23:06:00,Approved
CLM-001131,TICK-010102,Missed Connection,119000,75000,75000,2025-05-23 06:19:00,2025-05-23 02:19:00,,Pending
CLM-001132,TICK-010104,Missed Connection,181000,50000,114000,2025-07-09 09:45:00,2025-07-09 06:45:00,2025-07-10 06:45:00,Approved
CLM-001133,TICK-010108,Missed Connection,118000,50000,78000,2025-08-09 13:36:00,2025-08-09 08:36:00,2025-08-11 08:36:00,Approved
CLM-001134,TICK-010124,Missed Connection,103000,75000,72000,2025-03-23 19:05:00,2025-03-23 18:05:00,2025-03-24 18:05:00,Approved
CLM-001135,TICK-010141,Missed Connection,45000,50000,28000,2025-09-09 13:52:00,2025-09-09 11:52:00,2025-09-10 11:52:00,Approved
CLM-001136,TICK-010155,Missed Connection,82000,100000,58000,2025-01-08 15:05:00,2025-01-08 13:05:00,2025-01-09 13:05:00,Approved
CLM-001137,TICK-010163,Missed Connection,74000,50000,52000,2025-05-09 15:04:00,2025-05-09 09:04:00,2025-05-14 09:04:00,Approved
CLM-001138,TICK-010184,Missed Connection,92000,50000,58000,2025-10-09 11:13:00,2025-10-09 07:13:00,2025-10-13 07:13:00,Approved
CLM-001139,TICK-010221,Missed Connection,104000,100000,65000,2025-06-09 14:26:00,2025-06-09 09:26:00,2025-06-12 09:26:00,Approved
CLM-001140,TICK-010229,Missed Connection,162000,50000,114000,2025-07-09 18:03:00,2025-07-09 12:03:00,2025-07-13 12:03:00,Approved
CLM-001141,TICK-010244,Missed Connection,140000,75000,88000,2025-03-23 02:10:00,2025-03-22 19:10:00,2025-03-25 19:10:00,Approved
CLM-001142,TICK-010253,Missed Connection,110000,50000,72000,2025-11-09 08:49:00,2025-11-09 06:49:00,,Pending
CLM-001143,TICK-010258,Missed Connection,82000,50000,58000,2025-09-08 22:50:00,2025-09-08 18:50:00,2025-09-12 18:50:00,Approved
CLM-001144,TICK-010261,Missed Connection,110000,75000,70000,2025-12-08 18:36:00,2025-12-08 13:36:00,2025-12-13 13:36:00,Approved
CLM-001145,TICK-010264,Missed Connection,107000,50000,75000,2025-03-23 14:54:00,2025-03-23 08:54:00,2025-03-27 08:54:00,Approved
CLM-001146,TICK-010268,Missed Connection,148000,75000,93000,2025-11-09 09:40:00,2025-11-09 01:40:00,2025-11-11 01:40:00,Rejected
CLM-001147,TICK-010273,Missed Connection,122000,75000,81000,2025-02-22 19:14:00,2025-02-22 16:14:00,2025-02-24 16:14:00,Approved
CLM-001148,TICK-010280,Missed Connection,62000,75000,39000,2025-11-09 04:04:00,2025-11-09 03:04:00,2025-11-10 03:04:00,Approved
CLM-001149,TICK-010288,Missed Connection,129000,100000,81000,2025-11-09 01:29:00,2025-11-08 20:29:00,2025-11-13 20:29:00,Approved
CLM-001150,TICK-010305,Missed Connection,133000,75000,93000,2025-07-23 20:39:00,2025-07-23 15:39:00,2025-07-26 15:39:00,Approved
CLM-001151,TICK-010313,Missed Connection,140000,50000,88000,2025-10-23 00:10:00,2025-10-22 23:10:00,2025-10-23 23:10:00,Approved
CLM-001152,TICK-010324,Missed Connection,54000,75000,34000,2025-06-09 13:23:00,2025-06-09 12:23:00,2025-06-11 12:23:00,Rejected
CLM-001153,TICK-010331,Missed Connection,167000,50000,105000,2025-07-23 09:13:00,2025-07-23 07:13:00,2025-07-24 07:13:00,Approved
CLM-001154,TICK-010335,Missed Connection,160000,50000,112000,2025-12-09 10:25:00,2025-12-09 03:25:00,2025-12-13 03:25:00,Approved
CLM-001155,TICK-010346,Missed Connection,100000,75000,70000,2025-06-23 15:31:00,2025-06-23 09:31:00,2025-06-25 09:31:00,Approved
CLM-001156,TICK-010348,Missed Connection,45000,50000,28000,2025-03-23 02:23:00,2025-03-22 22:23:00,2025-03-25 22:23:00,Approved
CLM-001157,TICK-010355,Missed Connection,86000,50000,55000,2025-01-09 14:31:00,2025-01-09 11:31:00,2025-01-10 11:31:00,Approved
CLM-001158,TICK-010364,Missed Connection,68000,50000,43000,2025-06-23 17:41:00,2025-06-23 10:41:00,2025-06-24 10:41:00,Approved
CLM-001159,TICK-010371,Missed Connection,115000,100000,72000,2025-08-08 22:16:00,2025-08-08 14:16:00,2025-08-09 14:16:00,Approved
CLM-001160,TICK-010376,Missed Connection,132000,50000,83000,2025-10-23 10:16:00,2025-10-23 06:16:00,2025-10-25 06:16:00,Approved
CLM-001161,TICK-010391,Missed Connection,118000,75000,78000,2025-06-09 04:48:00,2025-06-08 23:48:00,2025-06-10 23:48:00,Approved
CLM-001162,TICK-010395,Missed Connection,82000,75000,52000,2025-05-09 14:04:00,2025-05-09 09:04:00,,Pending
CLM-001163,TICK-010401,Missed Connection,86000,100000,55000,2025-10-23 12:10:00,2025-10-23 06:10:00,2025-10-28 06:10:00,Approved
CLM-001164,TICK-010416,Missed Connection,138000,75000,87000,2025-06-09 06:05:00,2025-06-09 03:05:00,,Pending
CLM-001165,TICK-010420,Missed Connection,82000,75000,52000,2025-10-09 09:34:00,2025-10-09 07:34:00,2025-10-14 07:34:00,Approved
CLM-001166,TICK-010435,Missed Connection,215000,75000,142000,2025-06-23 07:31:00,2025-06-23 06:31:00,2025-06-27 06:31:00,Approved
CLM-001167,TICK-010441,Missed Connection,140000,75000,92000,2025-02-23 09:57:00,2025-02-23 03:57:00,2025-02-28 03:57:00,Approved
CLM-001168,TICK-010445,Missed Connection,119000,100000,75000,2025-09-23 17:55:00,2025-09-23 12:55:00,2025-09-28 12:55:00,Approved
CLM-001169,TICK-010448,Missed Connection,133000,75000,93000,2025-01-09 11:25:00,2025-01-09 03:25:00,2025-01-10 03:25:00,Approved
CLM-001170,TICK-010454,Missed Connection,115000,100000,72000,2025-11-09 00:49:00,2025-11-08 21:49:00,2025-11-11 21:49:00,Approved
CLM-001171,TICK-010472,Missed Connection,138000,75000,87000,2025-07-23 09:21:00,2025-07-23 08:21:00,2025-07-26 08:21:00,Approved
CLM-001172,TICK-010477,Missed Connection,131000,50000,87000,2025-06-09 03:05:00,2025-06-08 23:05:00,2025-06-12 23:05:00,Approved
CLM-001173,TICK-010493,Missed Connection,82000,50000,52000,2025-05-22 19:36:00,2025-05-22 13:36:00,2025-05-23 13:36:00,Approved
CLM-001174,TICK-010499,Missed Connection,148000,100000,93000,2025-07-09 15:16:00,2025-07-09 08:16:00,2025-07-10 08:16:00,Rejected
CLM-001175,TICK-010508,Missed Connection,82000,50000,58000,2025-03-08 22:44:00,2025-03-08 21:44:00,2025-03-11 21:44:00,Approved
CLM-001176,TICK-010513,Missed Connection,118000,75000,78000,2025-06-08 23:48:00,2025-06-08 17:48:00,2025-06-13 17:48:00,Approved
CLM-001177,TICK-010516,Missed Connection,146000,50000,97000,2025-09-09 19:19:00,2025-09-09 17:19:00,,Pending
CLM-001178,TICK-010518,Missed Connection,80000,100000,53000,2025-06-09 22:49:00,2025-06-09 16:49:00,2025-06-11 16:49:00,Approved
CLM-001179,TICK-010534,Missed Connection,107000,75000,75000,2025-01-23 15:42:00,2025-01-23 13:42:00,2025-01-25 13:42:00,Approved
CLM-001180,TICK-010536,Missed Connection,178000,50000,119000,2025-02-23 05:26:00,2025-02-23 00:26:00,2025-02-25 00:26:00,Approved
CLM-001181,TICK-010542,Missed Connection,103000,50000,65000,2025-05-23 05:16:00,2025-05-23 04:16:00,2025-05-25 04:16:00,Approved
CLM-001182,TICK-010549,Missed Connection,142000,50000,90000,2025-12-09 04:29:00,2025-12-09 02:29:00,2025-12-13 02:29:00,Approved
CLM-001183,TICK-010555,Missed Connection,92000,75000,58000,2025-01-09 00:47:00,2025-01-08 19:47:00,,Pending
CLM-001184,TICK-010569,Missed Connection,99000,50000,62000,2025-06-09 20:14:00,2025-06-09 12:14:00,2025-06-14 12:14:00,Approved
CLM-001185,TICK-010591,Missed Connection,115000,50000,72000,2025-09-23 15:42:00,2025-09-23 10:42:00,2025-09-28 10:42:00,Approved
CLM-001186,TICK-010596,Missed Connection,186000,75000,117000,2025-12-23 03:09:00,2025-12-22 19:09:00,2025-12-24 19:09:00,Approved
CLM-001187,TICK-010603,Missed Connection,79000,75000,52000,2025-09-23 02:33:00,2025-09-22 22:33:00,2025-09-26 22:33:00,Approved
CLM-001188,TICK-010607,Missed Connection,115000,75000,72000,2025-10-23 06:43:00,2025-10-23 03:43:00,2025-10-26 03:43:00,Approved
CLM-001189,TICK-010609,Missed Connection,108000,100000,68000,2025-03-09 06:44:00,2025-03-09 00:44:00,,Pending
CLM-001190,TICK-010616,Missed Connection,124000,75000,78000,2025-12-23 05:10:00,2025-12-22 22:10:00,2025-12-27 22:10:00,Approved
CLM-001191,TICK-010618,Missed Connection,131000,75000,87000,2025-06-08 22:05:00,2025-06-08 19:05:00,2025-06-10 19:05:00,Approved
CLM-001192,TICK-010636,Missed Connection,142000,50000,95000,2025-01-22 16:37:00,2025-01-22 15:37:00,2025-01-27 15:37:00,Approved
CLM-001193,TICK-010641,Missed Connection,82000,50000,52000,2025-04-22 20:28:00,2025-04-22 19:28:00,2025-04-24 19:28:00,Approved
CLM-001194,TICK-010647,Missed Connection,123000,75000,82000,2025-07-23 05:24:00,2025-07-23 03:24:00,2025-07-25 03:24:00,Approved
CLM-001195,TICK-010667,Missed Connection,118000,75000,78000,2025-12-09 07:10:00,2025-12-09 06:10:00,2025-12-13 06:10:00,Approved
CLM-001196,TICK-010679,Missed Connection,124000,50000,78000,2025-05-24 01:27:00,2025-05-23 20:27:00,2025-05-28 20:27:00,Approved
CLM-001197,TICK-010689,Missed Connection,114000,100000,80000,2025-06-23 00:31:00,2025-06-22 19:31:00,2025-06-24 19:31:00,Approved
CLM-001198,TICK-010693,Missed Connection,196000,75000,137000,2025-11-23 13:46:00,2025-11-23 11:46:00,2025-11-28 11:46:00,Approved
CLM-001199,TICK-010697,Missed Connection,188000,75000,119000,2025-10-22 22:57:00,2025-10-22 20:57:00,2025-10-23 20:57:00,Approved
CLM-001200,TICK-010699,Missed Connection,242000,75000,160000,2025-11-09 17:41:00,2025-11-09 10:41:00,,Pending
CLM-001201,TICK-010709,Missed Connection,115000,75000,72000,2025-10-22 21:57:00,2025-10-22 17:57:00,2025-10-24 17:57:00,Approved
CLM-001202,TICK-010718,Missed Connection,56000,75000,36000,2025-08-09 20:23:00,2025-08-09 16:23:00,2025-08-12 16:23:00,Approved
CLM-001203,TICK-010732,Missed Connection,42000,50000,28000,2025-08-23 13:23:00,2025-08-23 06:23:00,,Pending
CLM-001204,TICK-010746,Missed Connection,112000,75000,75000,2025-01-23 15:42:00,2025-01-23 09:42:00,2025-01-27 09:42:00,Approved
CLM-001205,TICK-010748,Missed Connection,78000,50000,49000,2025-03-09 10:02:00,2025-03-09 03:02:00,2025-03-11 03:02:00,Approved
CLM-001206,TICK-010752,Missed Connection,115000,75000,72000,2025-04-09 04:07:00,2025-04-09 03:07:00,2025-04-14 03:07:00,Approved
CLM-001207,TICK-010757,Missed Connection,140000,50000,88000,2025-03-23 05:10:00,2025-03-23 00:10:00,2025-03-24 00:10:00,Approved
CLM-001208,TICK-010760,Missed Connection,56000,75000,36000,2025-10-23 00:23:00,2025-10-22 22:23:00,2025-10-25 22:23:00,Approved
CLM-001209,TICK-010771,Missed Connection,54000,50000,34000,2025-07-23 10:26:00,2025-07-23 06:26:00,2025-07-26 06:26:00,Approved
CLM-001210,TICK-010775,Missed Connection,92000,50000,58000,2025-10-09 16:13:00,2025-10-09 10:13:00,2025-10-10 10:13:00,Approved
CLM-001211,TICK-010795,Missed Connection,102000,50000,65000,2025-03-23 11:50:00,2025-03-23 05:50:00,2025-03-28 05:50:00,Approved
CLM-001212,TICK-010797,Missed Connection,79000,75000,52000,2025-08-23 08:02:00,2025-08-23 01:02:00,,Pending
CLM-001213,TICK-010808,Missed Connection,97000,75000,68000,2025-08-09 10:10:00,2025-08-09 04:10:00,2025-08-10 04:10:00,Approved
CLM-001214,TICK-010811,Missed Connection,240000,75000,152000,2025-07-09 13:25:00,2025-07-09 08:25:00,,Pending
CLM-001215,TICK-010815,Missed Connection,155000,100000,98000,2025-03-10 00:24:00,2025-03-09 22:24:00,2025-03-14 22:24:00,Approved
CLM-001216,TICK-010831,Missed Connection,104000,50000,65000,2025-12-08 22:40:00,2025-12-08 20:40:00,2025-12-10 20:40:00,Approved
CLM-001217,TICK-010846,Missed Connection,78000,75000,49000,2025-04-09 16:58:00,2025-04-09 08:58:00,,Pending
CLM-001218,TICK-010848,Missed Connection,136000,75000,90000,2025-07-09 07:41:00,2025-07-09 02:41:00,2025-07-14 02:41:00,Approved
CLM-001219,TICK-010853,Missed Connection,188000,75000,119000,2025-02-23 06:26:00,2025-02-23 01:26:00,2025-02-24 01:26:00,Rejected
CLM-001220,TICK-010859,Missed Connection,150000,50000,105000,2025-06-23 11:24:00,2025-06-23 06:24:00,2025-06-25 06:24:00,Approved
CLM-001221,TICK-010862,Missed Connection,104000,75000,65000,2025-12-09 08:10:00,2025-12-09 01:10:00,2025-12-13 01:10:00,Approved
CLM-001222,TICK-010872,Missed Connection,144000,50000,91000,2025-06-08 15:58:00,2025-06-08 13:58:00,2025-06-12 13:58:00,Approved
CLM-001223,TICK-010876,Missed Connection,68000,75000,43000,2025-07-23 10:36:00,2025-07-23 02:36:00,,Pending
CLM-001224,TICK-010878,Missed Connection,106000,100000,66000,2025-01-23 10:57:00,2025-01-23 09:57:00,2025-01-28 09:57:00,Approved
CLM-001225,TICK-010882,Missed Connection,92000,50000,58000,2025-05-22 21:05:00,2025-05-22 19:05:00,2025-05-25 19:05:00,Approved
CLM-001226,TICK-010900,Missed Connection,186000,75000,117000,2025-06-23 23:42:00,2025-06-23 17:42:00,2025-06-27 17:42:00,Approved
CLM-001227,TICK-010909,Missed Connection,74000,75000,47000,2025-12-23 09:02:00,2025-12-23 02:02:00,2025-12-28 02:02:00,Approved
CLM-001228,TICK-010912,Missed Connection,124000,50000,78000,2025-11-23 02:02:00,2025-11-22 20:02:00,2025-11-27 20:02:00,Approved
CLM-001229,TICK-010916,Missed Connection,102000,100000,65000,2025-03-23 09:56:00,2025-03-23 05:56:00,2025-03-27 05:56:00,Approved
CLM-001230,TICK-010922,Missed Connection,110000,75000,70000,2025-07-09 16:05:00,2025-07-09 11:05:00,2025-07-10 11:05:00,Approved
CLM-001231,TICK-010943,Missed Connection,176000,75000,117000,2025-12-09 11:07:00,2025-12-09 03:07:00,2025-12-10 03:07:00,Approved
CLM-001232,TICK-010950,Missed Connection,112000,50000,75000,2025-11-22 23:33:00,2025-11-22 22:33:00,2025-11-24 22:33:00,Approved
CLM-001233,TICK-010958,Missed Connection,56000,75000,39000,2025-09-23 16:40:00,2025-09-23 13:40:00,2025-09-27 13:40:00,Approved
CLM-001234,TICK-010973,Missed Connection,148000,100000,93000,2025-06-23 03:02:00,2025-06-22 23:02:00,2025-06-25 23:02:00,Approved
CLM-001235,TICK-010984,Missed Connection,45000,50000,28000,2025-11-23 10:55:00,2025-11-23 09:55:00,2025-11-26 09:55:00,Approved
CLM-001236,TICK-010986,Missed Connection,99000,75000,62000,2025-06-23 10:39:00,2025-06-23 02:39:00,2025-06-26 02:39:00,Approved
CLM-001237,TICK-010992,Missed Connection,148000,50000,93000,2025-02-09 00:04:00,2025-02-08 22:04:00,,Pending
CLM-001238,TICK-010999,Missed Connection,150000,75000,95000,2025-04-08 21:39:00,2025-04-08 20:39:00,2025-04-10 20:39:00,Approved
CLM-001239,TICK-011016,Missed Connection,124000,75000,78000,2025-07-10 01:28:00,2025-07-09 19:28:00,2025-07-11 19:28:00,Approved
CLM-001240,TICK-011030,Missed Connection,167000,75000,105000,2025-06-23 12:24:00,2025-06-23 11:24:00,2025-06-24 11:24:00,Approved
CLM-001241,TICK-011048,Missed Connection,76000,50000,53000,2025-06-09 17:49:00,2025-06-09 10:49:00,2025-06-10 10:49:00,Approved
CLM-001242,TICK-011053,Missed Connection,129000,50000,81000,2025-05-22 20:03:00,2025-05-22 16:03:00,2025-05-23 16:03:00,Approved
CLM-001243,TICK-011063,Missed Connection,82000,50000,52000,2025-04-09 12:10:00,2025-04-09 10:10:00,2025-04-11 10:10:00,Approved
CLM-001244,TICK-011066,Missed Connection,92000,75000,58000,2025-06-23 02:50:00,2025-06-23 01:50:00,2025-06-25 01:50:00,Approved
CLM-001245,TICK-011074,Missed Connection,147000,100000,98000,2025-08-09 19:12:00,2025-08-09 15:12:00,2025-08-12 15:12:00,Approved
CLM-001246,TICK-011076,Missed Connection,82000,100000,58000,2025-09-22 18:16:00,2025-09-22 13:16:00,2025-09-25 13:16:00,Approved
CLM-001247,TICK-011080,Missed Connection,178000,75000,112000,2025-06-09 08:02:00,2025-06-09 05:02:00,2025-06-10 05:02:00,Approved
CLM-001248,TICK-011082,Missed Connection,140000,75000,98000,2025-12-09 08:35:00,2025-12-09 00:35:00,2025-12-10 00:35:00,Rejected
CLM-001249,TICK-011087,Missed Connection,186000,75000,117000,2025-12-23 03:09:00,2025-12-22 21:09:00,2025-12-27 21:09:00,Approved
CLM-001250,TICK-011094,Missed Connection,54000,50000,34000,2025-06-09 06:23:00,2025-06-09 02:23:00,2025-06-14 02:23:00,Approved
CLM-001251,TICK-011101,Missed Connection,110000,75000,70000,2025-07-09 02:43:00,2025-07-08 21:43:00,2025-07-13 21:43:00,Approved
CLM-001252,TICK-011111,Missed Connection,129000,75000,81000,2025-09-22 22:14:00,2025-09-22 21:14:00,2025-09-26 21:14:00,Approved
CLM-001253,TICK-011113,Missed Connection,124000,50000,78000,2025-01-09 13:21:00,2025-01-09 11:21:00,2025-01-11 11:21:00,Approved
CLM-001254,TICK-011122,Missed Connection,104000,50000,65000,2025-06-09 04:26:00,2025-06-08 21:26:00,2025-06-09 21:26:00,Approved
CLM-001255,TICK-011135,Missed Connection,142000,75000,95000,2025-04-09 02:38:00,2025-04-09 01:38:00,2025-04-12 01:38:00,Approved
CLM-001256,TICK-011137,Missed Connection,112000,75000,78000,2025-06-09 03:48:00,2025-06-09 00:48:00,2025-06-11 00:48:00,Approved
CLM-001257,TICK-011143,Missed Connection,200000,75000,126000,2025-11-09 20:05:00,2025-11-09 15:05:00,,Pending
CLM-001258,TICK-011153,Missed Connection,118000,50000,78000,2025-07-23 21:10:00,2025-07-23 14:10:00,,Pending
CLM-001259,TICK-011155,Missed Connection,86000,50000,55000,2025-11-23 09:53:00,2025-11-23 05:53:00,2025-11-24 05:53:00,Rejected
CLM-001260,TICK-011170,Missed Connection,45000,75000,28000,2025-01-09 07:24:00,2025-01-09 05:24:00,2025-01-11 05:24:00,Approved
CLM-001261,TICK-011198,Missed Connection,141000,75000,93000,2025-02-23 08:25:00,2025-02-23 05:25:00,2025-02-28 05:25:00,Approved
CLM-001262,TICK-011200,Missed Connection,74000,75000,47000,2025-12-09 06:11:00,2025-12-09 04:11:00,2025-12-10 04:11:00,Approved
CLM-001263,TICK-011203,Missed Connection,142000,50000,90000,2025-07-23 23:57:00,2025-07-23 18:57:00,2025-07-27 18:57:00,Approved
CLM-001264,TICK-011206,Missed Connection,94000,50000,62000,2025-12-23 15:09:00,2025-12-23 07:09:00,,Pending
CLM-001265,TICK-011210,Missed Connection,93000,50000,59000,2025-07-09 09:02:00,2025-07-09 05:02:00,2025-07-13 05:02:00,Approved
CLM-001266,TICK-011233,Missed Connection,86000,100000,55000,2025-08-23 09:35:00,2025-08-23 02:35:00,2025-08-27 02:35:00,Approved
CLM-001267,TICK-011237,Missed Connection,124000,50000,78000,2025-04-10 02:05:00,2025-04-10 00:05:00,2025-04-14 00:05:00,Approved
CLM-001268,TICK-011241,Missed Connection,141000,50000,93000,2025-07-09 14:16:00,2025-07-09 11:16:00,2025-07-11 11:16:00,Rejected
CLM-001269,TICK-011253,Missed Connection,138000,75000,87000,2025-06-22 19:05:00,2025-06-22 16:05:00,2025-06-23 16:05:00,Approved
CLM-001270,TICK-011275,Missed Connection,175000,50000,122000,2025-12-09 12:58:00,2025-12-09 09:58:00,2025-12-10 09:58:00,Approved
CLM-001271,TICK-011277,Missed Connection,62000,75000,39000,2025-10-23 16:36:00,2025-10-23 11:36:00,2025-10-26 11:36:00,Approved
CLM-001272,TICK-011279,Missed Connection,129000,50000,81000,2025-11-09 05:41:00,2025-11-09 02:41:00,,Pending
CLM-001273,TICK-011282,Missed Connection,56000,75000,36000,2025-08-23 08:34:00,2025-08-23 06:34:00,2025-08-27 06:34:00,Approved
CLM-001274,TICK-011296,Missed Connection,250000,50000,158000,2025-12-23 06:02:00,2025-12-23 03:02:00,2025-12-27 03:02:00,Approved
CLM-001275,TICK-011300,Missed Connection,184000,75000,122000,2025-06-23 11:03:00,2025-06-23 04:03:00,,Pending
CLM-001276,TICK-011302,Missed Connection,155000,75000,98000,2025-02-23 08:42:00,2025-02-23 04:42:00,,Pending
CLM-001277,TICK-011308,Missed Connection,153000,50000,102000,2025-05-09 09:03:00,2025-05-09 05:03:00,2025-05-14 05:03:00,Approved
CLM-001278,TICK-011328,Missed Connection,138000,100000,87000,2025-12-23 03:19:00,2025-12-22 23:19:00,2025-12-25 23:19:00,Approved
CLM-001279,TICK-011348,Missed Connection,138000,50000,87000,2025-12-23 06:19:00,2025-12-22 23:19:00,,Pending
CLM-001280,TICK-011356,Missed Connection,115000,50000,72000,2025-08-09 12:44:00,2025-08-09 06:44:00,2025-08-14 06:44:00,Approved
CLM-001281,TICK-011362,Missed Connection,98000,75000,65000,2025-09-09 06:11:00,2025-09-09 02:11:00,,Pending
CLM-001282,TICK-011415,Missed Connection,78000,75000,55000,2025-01-09 14:31:00,2025-01-09 08:31:00,2025-01-14 08:31:00,Approved
CLM-001283,TICK-011417,Missed Connection,100000,50000,70000,2025-07-09 00:16:00,2025-07-08 19:16:00,,Pending
CLM-001284,TICK-011420,Missed Connection,68000,50000,43000,2025-07-10 01:30:00,2025-07-09 18:30:00,2025-07-13 18:30:00,Approved
CLM-001285,TICK-011422,Missed Connection,215000,50000,142000,2025-12-23 13:09:00,2025-12-23 10:09:00,2025-12-25 10:09:00,Approved
CLM-001286,TICK-011424,Missed Connection,93000,100000,65000,2025-06-23 05:27:00,2025-06-23 00:27:00,2025-06-24 00:27:00,Approved
CLM-001287,TICK-011426,Missed Connection,140000,75000,98000,2025-06-08 23:39:00,2025-06-08 17:39:00,2025-06-13 17:39:00,Approved
CLM-001288,TICK-011428,Missed Connection,115000,50000,72000,2025-10-23 14:43:00,2025-10-23 12:43:00,2025-10-25 12:43:00,Approved
CLM-001289,TICK-011430,Missed Connection,110000,75000,70000,2025-07-09 00:16:00,2025-07-08 23:16:00,2025-07-13 23:16:00,Approved
CLM-001290,TICK-011441,Missed Connection,124000,100000,78000,2025-12-09 11:10:00,2025-12-09 05:10:00,2025-12-10 05:10:00,Approved
CLM-001291,TICK-011447,Missed Connection,240000,75000,152000,2025-07-09 11:25:00,2025-07-09 10:25:00,2025-07-14 10:25:00,Approved
CLM-001292,TICK-011454,Missed Connection,110000,75000,70000,2025-07-22 23:21:00,2025-07-22 20:21:00,2025-07-27 20:21:00,Approved
CLM-001293,TICK-011470,Missed Connection,133000,100000,93000,2025-03-09 14:50:00,2025-03-09 11:50:00,2025-03-11 11:50:00,Approved
CLM-001294,TICK-011474,Missed Connection,105000,50000,70000,2025-06-23 12:31:00,2025-06-23 05:31:00,2025-06-25 05:31:00,Approved
CLM-001295,TICK-011482,Missed Connection,54000,75000,34000,2025-06-09 05:23:00,2025-06-09 02:23:00,2025-06-13 02:23:00,Approved
CLM-001296,TICK-011488,Missed Connection,87000,75000,58000,2025-05-24 02:19:00,2025-05-23 21:19:00,2025-05-26 21:19:00,Approved
CLM-001297,TICK-011490,Missed Connection,99000,75000,62000,2025-06-23 03:39:00,2025-06-23 02:39:00,2025-06-27 02:39:00,Approved
CLM-001298,TICK-011494,Missed Connection,240000,75000,152000,2025-06-10 03:35:00,2025-06-09 23:35:00,2025-06-13 23:35:00,Approved
CLM-001299,TICK-011497,Missed Connection,87000,100000,58000,2025-03-08 18:44:00,2025-03-08 16:44:00,,Pending
CLM-001300,TICK-011499,Missed Connection,78000,75000,55000,2025-09-09 17:10:00,2025-09-09 10:10:00,2025-09-12 10:10:00,Approved
CLM-001301,TICK-011508,Missed Connection,99000,75000,62000,2025-12-23 10:09:00,2025-12-23 06:09:00,2025-12-28 06:09:00,Approved
CLM-001302,TICK-011518,Missed Connection,148000,75000,93000,2025-07-22 22:22:00,2025-07-22 20:22:00,2025-07-25 20:22:00,Approved
CLM-001303,TICK-011520,Missed Connection,59000,50000,39000,2025-01-09 19:21:00,2025-01-09 17:21:00,2025-01-11 17:21:00,Approved
CLM-001304,TICK-011525,Missed Connection,142000,50000,90000,2025-07-23 11:38:00,2025-07-23 03:38:00,2025-07-26 03:38:00,Approved
CLM-001305,TICK-011530,Missed Connection,92000,50000,58000,2025-02-23 21:09:00,2025-02-23 13:09:00,2025-02-24 13:09:00,Approved
CLM-001306,TICK-011532,Missed Connection,184000,50000,122000,2025-07-23 04:17:00,2025-07-22 20:17:00,,Pending
CLM-001307,TICK-011553,Missed Connection,93000,50000,59000,2025-07-09 10:02:00,2025-07-09 02:02:00,2025-07-14 02:02:00,Approved
CLM-001308,TICK-011558,Missed Connection,110000,75000,70000,2025-12-09 02:00:00,2025-12-09 01:00:00,2025-12-14 01:00:00,Approved
CLM-001309,TICK-011565,Missed Connection,99000,50000,65000,2025-07-23 04:10:00,2025-07-23 03:10:00,2025-07-27 03:10:00,Approved
CLM-001310,TICK-011571,Missed Connection,240000,50000,152000,2025-06-09 18:32:00,2025-06-09 17:32:00,,Pending
CLM-001311,TICK-011574,Missed Connection,54000,75000,36000,2025-04-23 09:23:00,2025-04-23 07:23:00,2025-04-25 07:23:00,Approved
CLM-001312,TICK-011582,Missed Connection,110000,100000,70000,2025-06-10 01:40:00,2025-06-10 00:40:00,2025-06-12 00:40:00,Approved
CLM-001313,TICK-011585,Missed Connection,82000,75000,52000,2025-02-24 00:40:00,2025-02-23 16:40:00,,Pending
CLM-001314,TICK-011601,Missed Connection,158000,75000,111000,2025-06-23 00:32:00,2025-06-22 22:32:00,2025-06-24 22:32:00,Approved
CLM-001315,TICK-011622,Missed Connection,82000,50000,55000,2025-01-09 00:10:00,2025-01-08 19:10:00,2025-01-11 19:10:00,Approved
CLM-001316,TICK-011627,Missed Connection,122000,75000,81000,2025-01-09 03:30:00,2025-01-08 23:30:00,2025-01-09 23:30:00,Approved
CLM-001317,TICK-011635,Missed Connection,110000,75000,70000,2025-12-08 22:36:00,2025-12-08 17:36:00,2025-12-12 17:36:00,Approved
CLM-001318,TICK-011638,Missed Connection,74000,100000,47000,2025-06-09 05:30:00,2025-06-09 03:30:00,2025-06-10 03:30:00,Approved
CLM-001319,TICK-011643,Missed Connection,103000,75000,65000,2025-08-09 05:54:00,2025-08-09 01:54:00,2025-08-11 01:54:00,Approved
CLM-001320,TICK-011646,Missed Connection,142000,75000,90000,2025-06-09 19:25:00,2025-06-09 12:25:00,2025-06-10 12:25:00,Approved
CLM-001321,TICK-011651,Missed Connection,110000,50000,72000,2025-08-08 22:16:00,2025-08-08 20:16:00,2025-08-12 20:16:00,Approved
CLM-001322,TICK-011660,Missed Connection,86000,100000,55000,2025-01-09 23:10:00,2025-01-09 15:10:00,2025-01-14 15:10:00,Approved
CLM-001323,TICK-011662,Missed Connection,140000,50000,98000,2025-03-09 11:10:00,2025-03-09 06:10:00,2025-03-14 06:10:00,Approved
CLM-001324,TICK-011668,Missed Connection,74000,50000,52000,2025-02-09 17:47:00,2025-02-09 10:47:00,2025-02-14 10:47:00,Approved
CLM-001325,TICK-011671,Missed Connection,140000,100000,98000,2025-02-23 06:42:00,2025-02-23 01:42:00,2025-02-28 01:42:00,Approved
CLM-001326,TICK-011683,Missed Connection,115000,75000,72000,2025-10-23 18:43:00,2025-10-23 12:43:00,2025-10-25 12:43:00,Approved
CLM-001327,TICK-011685,Missed Connection,162000,75000,114000,2025-07-23 06:07:00,2025-07-23 01:07:00,2025-07-28 01:07:00,Rejected
CLM-001328,TICK-011709,Missed Connection,110000,100000,72000,2025-11-09 05:49:00,2025-11-08 22:49:00,,Pending
CLM-001329,TICK-011715,Missed Connection,124000,100000,78000,2025-12-23 19:55:00,2025-12-23 13:55:00,2025-12-27 13:55:00,Approved
CLM-001330,TICK-011721,Missed Connection,103000,50000,65000,2025-04-09 18:01:00,2025-04-09 14:01:00,2025-04-11 14:01:00,Approved
CLM-001331,TICK-011725,Missed Connection,133000,50000,93000,2025-09-24 01:25:00,2025-09-23 18:25:00,,Pending
CLM-001332,TICK-011741,Missed Connection,99000,75000,62000,2025-07-09 15:41:00,2025-07-09 07:41:00,2025-07-13 07:41:00,Approved
CLM-001333,TICK-011777,Missed Connection,110000,50000,72000,2025-10-23 02:43:00,2025-10-23 01:43:00,2025-10-25 01:43:00,Approved
CLM-001334,TICK-011783,Missed Connection,228000,100000,152000,2025-06-09 15:35:00,2025-06-09 13:35:00,2025-06-10 13:35:00,Approved
CLM-001335,TICK-011785,Missed Connection,146000,50000,92000,2025-02-23 10:57:00,2025-02-23 07:57:00,2025-02-26 07:57:00,Approved
CLM-001336,TICK-011804,Missed Connection,99000,50000,62000,2025-06-09 12:10:00,2025-06-09 04:10:00,2025-06-12 04:10:00,Approved
CLM-001337,TICK-011813,Missed Connection,181000,50000,114000,2025-07-22 21:07:00,2025-07-22 20:07:00,2025-07-26 20:07:00,Approved
CLM-001338,TICK-011819,Missed Connection,82000,50000,52000,2025-08-09 13:49:00,2025-08-09 10:49:00,2025-08-14 10:49:00,Approved
CLM-001339,TICK-011824,Missed Connection,119000,50000,75000,2025-04-23 15:41:00,2025-04-23 07:41:00,2025-04-28 07:41:00,Approved
CLM-001340,TICK-011830,Missed Connection,110000,100000,70000,2025-07-23 03:06:00,2025-07-23 00:06:00,2025-07-25 00:06:00,Approved
CLM-001341,TICK-011839,Missed Connection,167000,50000,105000,2025-06-23 07:24:00,2025-06-23 04:24:00,2025-06-28 04:24:00,Approved
CLM-001342,TICK-011842,Missed Connection,87000,50000,58000,2025-04-10 02:17:00,2025-04-09 18:17:00,2025-04-13 18:17:00,Approved
CLM-001343,TICK-011855,Missed Connection,250000,75000,158000,2025-12-23 13:02:00,2025-12-23 12:02:00,2025-12-24 12:02:00,Approved
CLM-001344,TICK-011861,Missed Connection,110000,50000,70000,2025-07-23 10:21:00,2025-07-23 02:21:00,2025-07-28 02:21:00,Approved
CLM-001345,TICK-011871,Missed Connection,79000,50000,52000,2025-08-23 08:02:00,2025-08-23 02:02:00,2025-08-24 02:02:00,Approved
CLM-001346,TICK-011888,Missed Connection,158000,75000,99000,2025-06-23 19:28:00,2025-06-23 12:28:00,2025-06-26 12:28:00,Approved
CLM-001347,TICK-011895,Missed Connection,74000,75000,47000,2025-06-23 14:01:00,2025-06-23 12:01:00,2025-06-26 12:01:00,Approved
CLM-001348,TICK-011904,Missed Connection,178000,50000,119000,2025-02-22 21:26:00,2025-02-22 20:26:00,2025-02-24 20:26:00,Approved
CLM-001349,TICK-011931,Missed Connection,104000,75000,65000,2025-07-23 03:10:00,2025-07-23 01:10:00,2025-07-28 01:10:00,Approved
CLM-001350,TICK-011945,Missed Connection,92000,75000,58000,2025-08-23 03:30:00,2025-08-23 01:30:00,2025-08-26 01:30:00,Approved
CLM-001351,TICK-011949,Missed Connection,95000,75000,66000,2025-09-23 15:16:00,2025-09-23 12:16:00,2025-09-24 12:16:00,Approved
CLM-001352,TICK-011955,Missed Connection,142000,50000,90000,2025-12-09 22:05:00,2025-12-09 17:05:00,2025-12-13 17:05:00,Approved
CLM-001353,TICK-011971,Missed Connection,99000,75000,62000,2025-12-23 01:49:00,2025-12-22 19:49:00,2025-12-25 19:49:00,Approved
CLM-001354,TICK-011974,Missed Connection,62000,75000,39000,2025-03-09 06:18:00,2025-03-09 04:18:00,2025-03-13 04:18:00,Approved
CLM-001355,TICK-011987,Missed Connection,79000,75000,52000,2025-02-10 04:59:00,2025-02-09 22:59:00,2025-02-10 22:59:00,Approved
CLM-001356,TICK-011989,Missed Connection,42000,75000,28000,2025-03-09 16:36:00,2025-03-09 09:36:00,2025-03-13 09:36:00,Approved
CLM-001357,TICK-011996,Missed Connection,68000,75000,43000,2025-07-23 14:43:00,2025-07-23 12:43:00,2025-07-24 12:43:00,Rejected
CLM-001358,TICK-012017,Missed Connection,150000,50000,105000,2025-06-23 14:24:00,2025-06-23 11:24:00,,Pending
CLM-001359,TICK-012022,Missed Connection,59000,50000,39000,2025-04-23 06:28:00,2025-04-23 04:28:00,,Pending
CLM-001360,TICK-012040,Missed Connection,178000,75000,112000,2025-06-09 16:02:00,2025-06-09 09:02:00,2025-06-14 09:02:00,Approved
CLM-001361,TICK-012042,Missed Connection,188000,50000,119000,2025-08-09 17:03:00,2025-08-09 10:03:00,2025-08-11 10:03:00,Approved
CLM-001362,TICK-012069,Missed Connection,129000,100000,81000,2025-11-09 15:41:00,2025-11-09 10:41:00,2025-11-12 10:41:00,Approved
CLM-001363,TICK-012078,Missed Connection,226000,100000,142000,2025-07-09 09:09:00,2025-07-09 04:09:00,2025-07-12 04:09:00,Approved
CLM-001364,TICK-012083,Missed Connection,190000,75000,126000,2025-01-23 07:52:00,2025-01-23 04:52:00,2025-01-27 04:52:00,Approved
CLM-001365,TICK-012101,Missed Connection,160000,50000,112000,2025-06-09 08:02:00,2025-06-09 03:02:00,2025-06-12 03:02:00,Approved
CLM-001366,TICK-012112,Missed Connection,92000,75000,58000,2025-08-23 03:55:00,2025-08-23 00:55:00,2025-08-25 00:55:00,Approved
CLM-001367,TICK-012117,Missed Connection,110000,75000,70000,2025-12-09 02:36:00,2025-12-09 00:36:00,2025-12-10 00:36:00,Approved
CLM-001368,TICK-012125,Missed Connection,103000,50000,65000,2025-02-09 14:10:00,2025-02-09 09:10:00,2025-02-14 09:10:00,Approved
CLM-001369,TICK-012128,Missed Connection,118000,50000,78000,2025-12-23 10:10:00,2025-12-23 02:10:00,2025-12-27 02:10:00,Approved
CLM-001370,TICK-012131,Missed Connection,119000,50000,75000,2025-08-09 15:22:00,2025-08-09 12:22:00,2025-08-11 12:22:00,Approved
CLM-001371,TICK-012158,Missed Connection,126000,75000,79000,2025-07-23 16:02:00,2025-07-23 11:02:00,2025-07-28 11:02:00,Approved
CLM-001372,TICK-012169,Missed Connection,42000,100000,28000,2025-08-23 11:23:00,2025-08-23 06:23:00,,Pending
CLM-001373,TICK-012174,Missed Connection,155000,100000,98000,2025-07-23 05:26:00,2025-07-23 04:26:00,2025-07-27 04:26:00,Approved
CLM-001374,TICK-012186,Missed Connection,45000,75000,28000,2025-05-09 00:19:00,2025-05-08 23:19:00,2025-05-12 23:19:00,Approved
CLM-001375,TICK-012200,Missed Connection,125000,50000,83000,2025-09-10 02:03:00,2025-09-09 21:03:00,2025-09-13 21:03:00,Rejected
CLM-001376,TICK-012204,Missed Connection,148000,75000,93000,2025-02-09 11:36:00,2025-02-09 04:36:00,2025-02-13 04:36:00,Approved
CLM-001377,TICK-012212,Missed Connection,99000,100000,62000,2025-06-09 17:14:00,2025-06-09 15:14:00,2025-06-10 15:14:00,Approved
CLM-001378,TICK-012214,Missed Connection,99000,50000,62000,2025-12-09 00:17:00,2025-12-08 16:17:00,2025-12-09 16:17:00,Approved
CLM-001379,TICK-012224,Missed Connection,136000,50000,90000,2025-12-09 17:05:00,2025-12-09 09:05:00,2025-12-14 09:05:00,Approved
CLM-001380,TICK-012231,Missed Connection,110000,75000,70000,2025-06-23 10:31:00,2025-06-23 06:31:00,2025-06-28 06:31:00,Rejected
CLM-001381,TICK-012262,Missed Connection,76000,50000,48000,2025-11-09 14:23:00,2025-11-09 11:23:00,2025-11-13 11:23:00,Approved
CLM-001382,TICK-012294,Missed Connection,78000,75000,49000,2025-10-09 03:02:00,2025-10-08 22:02:00,2025-10-12 22:02:00,Approved
CLM-001383,TICK-012313,Missed Connection,140000,50000,88000,2025-02-22 21:35:00,2025-02-22 15:35:00,2025-02-25 15:35:00,Approved
CLM-001384,TICK-012315,Missed Connection,98000,75000,69000,2025-01-09 04:54:00,2025-01-09 02:54:00,2025-01-10 02:54:00,Approved
CLM-001385,TICK-012318,Missed Connection,92000,75000,58000,2025-05-24 00:19:00,2025-05-23 20:19:00,2025-05-26 20:19:00,Approved
CLM-001386,TICK-012320,Missed Connection,124000,75000,78000,2025-10-09 08:02:00,2025-10-09 07:02:00,2025-10-13 07:02:00,Approved
CLM-001387,TICK-012334,Missed Connection,150000,50000,95000,2025-04-09 09:39:00,2025-04-09 04:39:00,2025-04-14 04:39:00,Approved
CLM-001388,TICK-012337,Missed Connection,99000,75000,65000,2025-07-09 01:42:00,2025-07-08 22:42:00,2025-07-10 22:42:00,Rejected
CLM-001389,TICK-012341,Missed Connection,208000,75000,132000,2025-05-23 19:20:00,2025-05-23 11:20:00,2025-05-24 11:20:00,Approved
CLM-001390,TICK-012357,Missed Connection,118000,100000,78000,2025-09-10 09:14:00,2025-09-10 02:14:00,2025-09-15 02:14:00,Approved
CLM-001391,TICK-012359,Missed Connection,148000,75000,93000,2025-07-10 00:16:00,2025-07-09 16:16:00,2025-07-11 16:16:00,Approved
CLM-001392,TICK-012372,Missed Connection,150000,50000,95000,2025-01-22 18:37:00,2025-01-22 17:37:00,2025-01-23 17:37:00,Approved
CLM-001393,TICK-012381,Missed Connection,158000,75000,105000,2025-07-09 05:10:00,2025-07-09 00:10:00,2025-07-11 00:10:00,Approved
CLM-001394,TICK-012391,Missed Connection,102000,50000,68000,2025-10-09 04:11:00,2025-10-08 20:11:00,2025-10-12 20:11:00,Approved
CLM-001395,TICK-012396,Missed Connection,158000,100000,105000,2025-07-23 15:13:00,2025-07-23 08:13:00,2025-07-25 08:13:00,Approved
CLM-001396,TICK-012410,Missed Connection,92000,75000,58000,2025-04-23 16:05:00,2025-04-23 11:05:00,,Pending
CLM-001397,TICK-012417,Missed Connection,148000,75000,93000,2025-07-23 09:39:00,2025-07-23 08:39:00,2025-07-26 08:39:00,Approved
CLM-001398,TICK-012434,Missed Connection,104000,100000,73000,2025-12-23 12:16:00,2025-12-23 04:16:00,2025-12-24 04:16:00,Approved
CLM-001399,TICK-012441,Missed Connection,123000,75000,78000,2025-06-23 15:28:00,2025-06-23 07:28:00,2025-06-26 07:28:00,Approved
CLM-001400,TICK-012452,Missed Connection,98000,75000,65000,2025-05-09 07:29:00,2025-05-09 06:29:00,2025-05-14 06:29:00,Approved
CLM-001401,TICK-012465,Missed Connection,94000,50000,66000,2025-05-09 13:30:00,2025-05-09 05:30:00,2025-05-12 05:30:00,Rejected
CLM-001402,TICK-012474,Missed Connection,129000,50000,81000,2025-01-09 05:30:00,2025-01-09 04:30:00,2025-01-13 04:30:00,Approved
CLM-001403,TICK-012485,Missed Connection,59000,100000,39000,2025-11-23 14:55:00,2025-11-23 13:55:00,2025-11-24 13:55:00,Approved
CLM-001404,TICK-012498,Missed Connection,103000,75000,65000,2025-05-23 13:16:00,2025-05-23 05:16:00,2025-05-25 05:16:00,Approved
CLM-001405,TICK-012504,Missed Connection,45000,75000,28000,2025-01-09 19:24:00,2025-01-09 13:24:00,2025-01-12 13:24:00,Approved
CLM-001406,TICK-012516,Missed Connection,104000,100000,65000,2025-12-23 19:38:00,2025-12-23 13:38:00,2025-12-28 13:38:00,Approved
CLM-001407,TICK-012524,Missed Connection,208000,50000,132000,2025-05-24 01:02:00,2025-05-23 18:02:00,2025-05-28 18:02:00,Approved
CLM-001408,TICK-012532,Missed Connection,82000,50000,52000,2025-02-09 05:11:00,2025-02-09 01:11:00,2025-02-12 01:11:00,Approved
CLM-001409,TICK-012541,Missed Connection,226000,75000,142000,2025-06-23 13:31:00,2025-06-23 08:31:00,2025-06-27 08:31:00,Approved
CLM-001410,TICK-012543,Missed Connection,104000,100000,65000,2025-07-22 20:45:00,2025-07-22 18:45:00,2025-07-23 18:45:00,Approved
CLM-001411,TICK-012551,Missed Connection,133000,75000,93000,2025-11-23 16:42:00,2025-11-23 15:42:00,2025-11-25 15:42:00,Approved
CLM-001412,TICK-012554,Missed Connection,147000,50000,98000,2025-03-09 03:10:00,2025-03-09 00:10:00,2025-03-12 00:10:00,Approved
CLM-001413,TICK-012558,Missed Connection,183000,50000,115000,2025-10-23 01:06:00,2025-10-22 22:06:00,2025-10-26 22:06:00,Approved
CLM-001414,TICK-012569,Missed Connection,52000,50000,34000,2025-12-23 23:23:00,2025-12-23 16:23:00,2025-12-24 16:23:00,Approved
CLM-001415,TICK-012577,Missed Connection,82000,75000,52000,2025-02-09 03:11:00,2025-02-08 19:11:00,2025-02-09 19:11:00,Approved
CLM-001416,TICK-012580,Missed Connection,124000,75000,87000,2025-06-08 21:05:00,2025-06-08 18:05:00,2025-06-13 18:05:00,Approved
CLM-001417,TICK-012587,Missed Connection,59000,75000,39000,2025-08-09 18:36:00,2025-08-09 10:36:00,2025-08-14 10:36:00,Approved
CLM-001418,TICK-012591,Missed Connection,82000,75000,52000,2025-11-23 07:10:00,2025-11-23 02:10:00,2025-11-24 02:10:00,Approved
CLM-001419,TICK-012605,Missed Connection,226000,75000,142000,2025-12-22 23:13:00,2025-12-22 18:13:00,2025-12-27 18:13:00,Approved
CLM-001420,TICK-012609,Missed Connection,70000,50000,47000,2025-06-23 15:02:00,2025-06-23 09:02:00,2025-06-27 09:02:00,Approved
CLM-001421,TICK-012613,Missed Connection,56000,75000,36000,2025-03-23 10:55:00,2025-03-23 08:55:00,2025-03-25 08:55:00,Approved
CLM-001422,TICK-012629,Missed Connection,188000,75000,119000,2025-11-09 06:29:00,2025-11-09 03:29:00,2025-11-11 03:29:00,Approved
CLM-001423,TICK-012635,Missed Connection,130000,100000,91000,2025-06-08 18:58:00,2025-06-08 17:58:00,,Pending
CLM-001424,TICK-012643,Missed Connection,82000,75000,52000,2025-05-08 18:18:00,2025-05-08 16:18:00,2025-05-11 16:18:00,Approved
CLM-001425,TICK-012656,Missed Connection,93000,100000,59000,2025-07-09 15:16:00,2025-07-09 07:16:00,2025-07-10 07:16:00,Approved
CLM-001426,TICK-012661,Missed Connection,186000,50000,117000,2025-07-10 06:07:00,2025-07-09 23:07:00,2025-07-12 23:07:00,Approved
CLM-001427,TICK-012668,Missed Connection,146000,50000,102000,2025-04-23 10:30:00,2025-04-23 04:30:00,2025-04-24 04:30:00,Approved
CLM-001428,TICK-012670,Missed Connection,124000,50000,87000,2025-07-23 14:21:00,2025-07-23 12:21:00,2025-07-28 12:21:00,Approved
CLM-001429,TICK-012680,Missed Connection,226000,50000,142000,2025-12-23 01:13:00,2025-12-22 17:13:00,2025-12-25 17:13:00,Approved
CLM-001430,TICK-012690,Missed Connection,82000,50000,58000,2025-02-23 17:09:00,2025-02-23 09:09:00,2025-02-28 09:09:00,Approved
CLM-001431,TICK-012692,Missed Connection,124000,50000,78000,2025-12-22 17:10:00,2025-12-22 16:10:00,,Pending
CLM-001432,TICK-012698,Missed Connection,115000,75000,72000,2025-08-09 01:44:00,2025-08-08 23:44:00,2025-08-12 23:44:00,Rejected
CLM-001433,TICK-012727,Missed Connection,102000,100000,68000,2025-10-09 15:17:00,2025-10-09 10:17:00,2025-10-12 10:17:00,Approved
CLM-001434,TICK-012750,Missed Connection,68000,75000,43000,2025-07-23 08:36:00,2025-07-23 03:36:00,2025-07-24 03:36:00,Approved
CLM-001435,TICK-012757,Missed Connection,183000,75000,115000,2025-10-23 01:06:00,2025-10-22 21:06:00,2025-10-27 21:06:00,Approved
CLM-001436,TICK-012761,Missed Connection,104000,100000,65000,2025-06-23 09:10:00,2025-06-23 04:10:00,2025-06-28 04:10:00,Approved
CLM-001437,TICK-012769,Missed Connection,92000,75000,58000,2025-06-23 17:50:00,2025-06-23 09:50:00,2025-06-25 09:50:00,Rejected
CLM-001438,TICK-012793,Missed Connection,54000,50000,34000,2025-12-23 06:50:00,2025-12-23 04:50:00,2025-12-24 04:50:00,Rejected
CLM-001439,TICK-012801,Missed Connection,82000,50000,52000,2025-05-22 21:36:00,2025-05-22 17:36:00,2025-05-27 17:36:00,Approved
CLM-001440,TICK-012803,Missed Connection,93000,75000,65000,2025-12-09 02:40:00,2025-12-08 21:40:00,2025-12-11 21:40:00,Approved
CLM-001441,TICK-012817,Missed Connection,79000,50000,52000,2025-08-09 08:49:00,2025-08-09 01:49:00,2025-08-12 01:49:00,Approved
CLM-001442,TICK-012821,Missed Connection,82000,50000,52000,2025-10-09 08:15:00,2025-10-09 04:15:00,2025-10-12 04:15:00,Approved
CLM-001443,TICK-012869,Missed Connection,167000,75000,117000,2025-06-10 05:54:00,2025-06-09 21:54:00,2025-06-13 21:54:00,Rejected
CLM-001444,TICK-012874,Missed Connection,82000,75000,52000,2025-04-23 09:28:00,2025-04-23 01:28:00,2025-04-25 01:28:00,Approved
CLM-001445,TICK-012878,Missed Connection,93000,75000,59000,2025-07-10 00:44:00,2025-07-09 17:44:00,2025-07-10 17:44:00,Approved
CLM-001446,TICK-012893,Missed Connection,115000,75000,72000,2025-01-23 15:11:00,2025-01-23 07:11:00,2025-01-26 07:11:00,Approved
CLM-001447,TICK-012910,Missed Connection,42000,50000,28000,2025-04-09 23:30:00,2025-04-09 21:30:00,2025-04-10 21:30:00,Approved
CLM-001448,TICK-012912,Missed Connection,56000,75000,36000,2025-01-23 04:23:00,2025-01-23 02:23:00,2025-01-27 02:23:00,Approved
CLM-001449,TICK-012916,Missed Connection,99000,75000,62000,2025-06-22 20:11:00,2025-06-22 18:11:00,2025-06-23 18:11:00,Approved
CLM-001450,TICK-012925,Missed Connection,132000,50000,83000,2025-10-23 04:16:00,2025-10-22 22:16:00,2025-10-23 22:16:00,Approved
CLM-001451,TICK-012935,Missed Connection,126000,50000,79000,2025-07-23 05:22:00,2025-07-22 23:22:00,2025-07-23 23:22:00,Approved
CLM-001452,TICK-012945,Missed Connection,119000,75000,75000,2025-11-09 15:42:00,2025-11-09 11:42:00,2025-11-10 11:42:00,Approved
CLM-001453,TICK-012950,Missed Connection,67000,100000,47000,2025-12-22 23:02:00,2025-12-22 19:02:00,2025-12-26 19:02:00,Approved
CLM-001454,TICK-012965,Missed Connection,142000,50000,90000,2025-06-23 23:36:00,2025-06-23 21:36:00,2025-06-26 21:36:00,Approved
CLM-001455,TICK-012967,Missed Connection,96000,75000,61000,2025-10-09 01:04:00,2025-10-08 20:04:00,2025-10-13 20:04:00,Approved
CLM-001456,TICK-012969,Missed Connection,115000,75000,72000,2025-10-09 02:18:00,2025-10-09 00:18:00,2025-10-11 00:18:00,Approved
CLM-001457,TICK-012979,Missed Connection,148000,50000,93000,2025-08-23 23:25:00,2025-08-23 17:25:00,2025-08-28 17:25:00,Approved
CLM-001458,TICK-012993,Missed Connection,119000,50000,75000,2025-11-23 09:32:00,2025-11-23 05:32:00,2025-11-26 05:32:00,Approved
CLM-001459,TICK-013007,Missed Connection,148000,100000,93000,2025-12-23 22:17:00,2025-12-23 19:17:00,2025-12-28 19:17:00,Approved
CLM-001460,TICK-013009,Missed Connection,126000,50000,80000,2025-06-23 02:31:00,2025-06-22 21:31:00,2025-06-25 21:31:00,Approved
CLM-001461,TICK-013013,Missed Connection,140000,50000,88000,2025-02-23 11:10:00,2025-02-23 04:10:00,2025-02-26 04:10:00,Rejected
CLM-001462,TICK-013017,Missed Connection,178000,75000,112000,2025-07-23 18:25:00,2025-07-23 17:25:00,,Pending
CLM-001463,TICK-013058,Missed Connection,170000,50000,119000,2025-11-09 07:29:00,2025-11-08 23:29:00,,Pending
CLM-001464,TICK-013060,Missed Connection,112000,75000,75000,2025-09-09 13:28:00,2025-09-09 05:28:00,2025-09-11 05:28:00,Approved
CLM-001465,TICK-013063,Missed Connection,131000,50000,87000,2025-07-23 09:21:00,2025-07-23 04:21:00,2025-07-24 04:21:00,Approved
CLM-001466,TICK-013070,Missed Connection,178000,50000,119000,2025-02-09 09:20:00,2025-02-09 07:20:00,2025-02-11 07:20:00,Approved
CLM-001467,TICK-013074,Missed Connection,188000,50000,119000,2025-05-09 08:59:00,2025-05-09 05:59:00,,Pending
CLM-001468,TICK-013077,Missed Connection,82000,75000,58000,2025-05-23 11:16:00,2025-05-23 09:16:00,2025-05-28 09:16:00,Approved
CLM-001469,TICK-013080,Missed Connection,215000,75000,142000,2025-07-23 05:17:00,2025-07-22 21:17:00,2025-07-27 21:17:00,Approved
CLM-001470,TICK-013086,Missed Connection,226000,50000,142000,2025-07-23 11:17:00,2025-07-23 05:17:00,2025-07-28 05:17:00,Approved
CLM-001471,TICK-013096,Missed Connection,105000,100000,70000,2025-07-08 22:43:00,2025-07-08 21:43:00,2025-07-10 21:43:00,Approved
CLM-001472,TICK-013103,Missed Connection,133000,100000,93000,2025-04-09 07:58:00,2025-04-09 01:58:00,2025-04-10 01:58:00,Approved
CLM-001473,TICK-013110,Missed Connection,178000,100000,112000,2025-12-09 17:25:00,2025-12-09 12:25:00,2025-12-10 12:25:00,Approved
CLM-001474,TICK-013114,Missed Connection,49000,75000,34000,2025-12-09 19:14:00,2025-12-09 11:14:00,2025-12-14 11:14:00,Approved
CLM-001475,TICK-013123,Missed Connection,119000,75000,75000,2025-08-09 12:41:00,2025-08-09 08:41:00,2025-08-11 08:41:00,Approved
CLM-001476,TICK-013134,Missed Connection,82000,50000,52000,2025-05-09 01:18:00,2025-05-08 19:18:00,2025-05-12 19:18:00,Approved
CLM-001477,TICK-013147,Missed Connection,99000,75000,65000,2025-12-09 18:10:00,2025-12-09 11:10:00,2025-12-12 11:10:00,Approved
CLM-001478,TICK-013152,Missed Connection,98000,100000,65000,2025-08-23 08:10:00,2025-08-23 06:10:00,2025-08-27 06:10:00,Approved
CLM-001479,TICK-013160,Missed Connection,52000,75000,34000,2025-07-09 13:24:00,2025-07-09 12:24:00,2025-07-11 12:24:00,Approved
CLM-001480,TICK-013173,Missed Connection,115000,75000,72000,2025-08-08 21:16:00,2025-08-08 13:16:00,2025-08-09 13:16:00,Approved
CLM-001481,TICK-013175,Missed Connection,140000,75000,88000,2025-03-23 01:10:00,2025-03-22 22:10:00,2025-03-25 22:10:00,Approved
CLM-001482,TICK-013181,Missed Connection,226000,100000,142000,2025-07-09 04:09:00,2025-07-09 00:09:00,2025-07-13 00:09:00,Approved
CLM-001483,TICK-013188,Missed Connection,186000,50000,117000,2025-12-09 08:07:00,2025-12-09 06:07:00,2025-12-12 06:07:00,Approved
CLM-001484,TICK-013198,Missed Connection,130000,50000,82000,2025-07-23 12:24:00,2025-07-23 09:24:00,,Pending
CLM-001485,TICK-013211,Missed Connection,102000,50000,65000,2025-04-09 07:06:00,2025-04-09 00:06:00,2025-04-12 00:06:00,Approved
CLM-001486,TICK-013220,Missed Connection,112000,50000,75000,2025-11-23 21:01:00,2025-11-23 13:01:00,2025-11-25 13:01:00,Approved
CLM-001487,TICK-013222,Missed Connection,93000,75000,65000,2025-12-09 10:10:00,2025-12-09 09:10:00,2025-12-14 09:10:00,Approved
CLM-001488,TICK-013225,Missed Connection,74000,50000,47000,2025-06-23 16:02:00,2025-06-23 10:02:00,2025-06-24 10:02:00,Approved
CLM-001489,TICK-013233,Missed Connection,216000,75000,152000,2025-07-09 14:25:00,2025-07-09 11:25:00,2025-07-10 11:25:00,Approved
CLM-001490,TICK-013239,Missed Connection,130000,75000,82000,2025-07-23 12:24:00,2025-07-23 11:24:00,2025-07-24 11:24:00,Approved
CLM-001491,TICK-013260,Missed Connection,141000,75000,93000,2025-08-24 01:30:00,2025-08-23 17:30:00,,Pending
CLM-001492,TICK-013264,Missed Connection,150000,100000,95000,2025-04-09 00:27:00,2025-04-08 22:27:00,2025-04-12 22:27:00,Approved
CLM-001493,TICK-013277,Missed Connection,142000,50000,90000,2025-06-23 09:57:00,2025-06-23 06:57:00,2025-06-27 06:57:00,Approved
CLM-001494,TICK-013289,Missed Connection,226000,50000,142000,2025-06-23 12:31:00,2025-06-23 04:31:00,2025-06-26 04:31:00,Approved
CLM-001495,TICK-013292,Missed Connection,92000,75000,58000,2025-08-10 00:09:00,2025-08-09 16:09:00,2025-08-13 16:09:00,Rejected
CLM-001496,TICK-013294,Missed Connection,102000,50000,68000,2025-09-09 02:10:00,2025-09-08 18:10:00,2025-09-11 18:10:00,Approved
CLM-001497,TICK-013301,Missed Connection,115000,75000,72000,2025-11-24 00:36:00,2025-11-23 19:36:00,2025-11-27 19:36:00,Approved
CLM-001498,TICK-013311,Missed Connection,150000,50000,95000,2025-03-23 06:09:00,2025-03-22 22:09:00,2025-03-25 22:09:00,Approved
CLM-001499,TICK-013317,Missed Connection,87000,75000,58000,2025-06-23 06:50:00,2025-06-23 01:50:00,2025-06-24 01:50:00,Approved
CLM-001500,TICK-013343,Missed Connection,86000,75000,55000,2025-09-09 13:10:00,2025-09-09 08:10:00,2025-09-14 08:10:00,Approved
CLM-001501,TICK-013345,Missed Connection,200000,75000,126000,2025-03-23 09:25:00,2025-03-23 01:25:00,2025-03-25 01:25:00,Approved
CLM-001502,TICK-013349,Missed Connection,74000,100000,47000,2025-12-23 20:17:00,2025-12-23 17:17:00,2025-12-24 17:17:00,Approved
CLM-001503,TICK-013353,Missed Connection,86000,50000,55000,2025-01-23 15:20:00,2025-01-23 14:20:00,2025-01-26 14:20:00,Approved
CLM-001504,TICK-013367,Missed Connection,54000,50000,36000,2025-02-23 10:23:00,2025-02-23 05:23:00,2025-02-26 05:23:00,Approved
CLM-001505,TICK-013379,Missed Connection,99000,50000,62000,2025-06-09 04:10:00,2025-06-08 20:10:00,,Pending
CLM-001506,TICK-013381,Missed Connection,140000,50000,88000,2025-03-23 08:10:00,2025-03-23 05:10:00,,Pending
CLM-001507,TICK-013403,Missed Connection,78000,50000,55000,2025-10-23 08:10:00,2025-10-23 05:10:00,2025-10-26 05:10:00,Approved
CLM-001508,TICK-013408,Missed Connection,92000,75000,65000,2025-09-09 00:39:00,2025-09-08 22:39:00,2025-09-11 22:39:00,Approved
CLM-001509,TICK-013410,Missed Connection,226000,50000,142000,2025-12-23 04:39:00,2025-12-22 21:39:00,2025-12-26 21:39:00,Approved
CLM-001510,TICK-013419,Missed Connection,216000,75000,152000,2025-07-23 19:25:00,2025-07-23 12:25:00,2025-07-25 12:25:00,Approved
CLM-001511,TICK-013424,Missed Connection,122000,100000,81000,2025-03-09 02:03:00,2025-03-08 22:03:00,2025-03-09 22:03:00,Approved
CLM-001512,TICK-013430,Missed Connection,94000,75000,62000,2025-07-09 10:41:00,2025-07-09 03:41:00,2025-07-12 03:41:00,Approved
CLM-001513,TICK-013443,Missed Connection,155000,50000,98000,2025-07-09 13:45:00,2025-07-09 06:45:00,2025-07-12 06:45:00,Approved
CLM-001514,TICK-013457,Missed Connection,167000,75000,105000,2025-07-09 11:31:00,2025-07-09 08:31:00,2025-07-14 08:31:00,Approved
CLM-001515,TICK-013459,Missed Connection,140000,100000,98000,2025-03-23 01:03:00,2025-03-22 22:03:00,2025-03-23 22:03:00,Rejected
CLM-001516,TICK-013488,Missed Connection,82000,75000,52000,2025-11-23 09:10:00,2025-11-23 02:10:00,2025-11-27 02:10:00,Approved
CLM-001517,TICK-013492,Missed Connection,261000,100000,164000,2025-12-22 20:13:00,2025-12-22 17:13:00,2025-12-27 17:13:00,Approved
CLM-001518,TICK-013504,Missed Connection,136000,75000,90000,2025-07-24 03:57:00,2025-07-23 22:57:00,,Pending
CLM-001519,TICK-013519,Missed Connection,166000,50000,111000,2025-06-22 21:32:00,2025-06-22 14:32:00,2025-06-25 14:32:00,Approved
CLM-001520,TICK-013525,Missed Connection,155000,75000,98000,2025-12-08 23:35:00,2025-12-08 21:35:00,2025-12-11 21:35:00,Approved
CLM-001521,TICK-013527,Missed Connection,158000,75000,111000,2025-06-22 14:32:00,2025-06-22 13:32:00,2025-06-27 13:32:00,Approved
CLM-001522,TICK-013532,Missed Connection,116000,100000,81000,2025-10-08 20:18:00,2025-10-08 19:18:00,2025-10-12 19:18:00,Approved
CLM-001523,TICK-013544,Missed Connection,54000,75000,34000,2025-07-09 14:24:00,2025-07-09 06:24:00,2025-07-10 06:24:00,Approved
CLM-001524,TICK-013558,Missed Connection,226000,100000,142000,2025-12-22 17:13:00,2025-12-22 14:13:00,2025-12-25 14:13:00,Approved
CLM-001525,TICK-013571,Missed Connection,117000,75000,78000,2025-12-09 18:10:00,2025-12-09 10:10:00,,Pending
CLM-001526,TICK-013576,Missed Connection,124000,75000,78000,2025-12-09 06:10:00,2025-12-08 22:10:00,2025-12-12 22:10:00,Approved
CLM-001527,TICK-013579,Missed Connection,215000,75000,142000,2025-06-09 16:53:00,2025-06-09 11:53:00,2025-06-12 11:53:00,Approved
CLM-001528,TICK-013589,Missed Connection,74000,100000,52000,2025-05-08 21:18:00,2025-05-08 15:18:00,2025-05-10 15:18:00,Approved
CLM-001529,TICK-013612,Missed Connection,129000,75000,81000,2025-04-23 02:14:00,2025-04-22 23:14:00,2025-04-24 23:14:00,Approved
CLM-001530,TICK-013622,Missed Connection,99000,75000,62000,2025-07-09 09:41:00,2025-07-09 04:41:00,2025-07-10 04:41:00,Approved
CLM-001531,TICK-013639,Missed Connection,62000,75000,39000,2025-05-09 20:30:00,2025-05-09 12:30:00,2025-05-13 12:30:00,Approved
CLM-001532,TICK-013646,Missed Connection,124000,75000,78000,2025-10-09 12:02:00,2025-10-09 04:02:00,2025-10-11 04:02:00,Approved
CLM-001533,TICK-013655,Missed Connection,153000,50000,102000,2025-03-09 03:49:00,2025-03-08 23:49:00,2025-03-12 23:49:00,Approved
CLM-001534,TICK-013657,Missed Connection,103000,100000,65000,2025-08-09 07:54:00,2025-08-09 06:54:00,2025-08-11 06:54:00,Approved
CLM-001535,TICK-013674,Missed Connection,119000,75000,75000,2025-09-23 14:55:00,2025-09-23 12:55:00,,Pending
CLM-001536,TICK-013684,Missed Connection,103000,75000,65000,2025-01-08 21:10:00,2025-01-08 14:10:00,2025-01-09 14:10:00,Approved
CLM-001537,TICK-013694,Missed Connection,136000,100000,95000,2025-08-23 09:04:00,2025-08-23 06:04:00,2025-08-26 06:04:00,Approved
CLM-001538,TICK-013710,Missed Connection,79000,75000,52000,2025-09-09 03:10:00,2025-09-09 01:10:00,2025-09-11 01:10:00,Approved
CLM-001539,TICK-013732,Missed Connection,82000,50000,52000,2025-10-24 00:10:00,2025-10-23 16:10:00,2025-10-25 16:10:00,Approved
CLM-001540,TICK-013736,Missed Connection,181000,75000,114000,2025-06-23 18:40:00,2025-06-23 10:40:00,2025-06-26 10:40:00,Approved
CLM-001541,TICK-013741,Missed Connection,146000,50000,92000,2025-08-09 03:17:00,2025-08-09 00:17:00,2025-08-11 00:17:00,Approved
CLM-001542,TICK-013751,Missed Connection,124000,50000,78000,2025-12-23 00:10:00,2025-12-22 19:10:00,2025-12-23 19:10:00,Approved
CLM-001543,TICK-013755,Missed Connection,104000,75000,65000,2025-06-09 04:26:00,2025-06-08 22:26:00,2025-06-09 22:26:00,Approved
CLM-001544,TICK-013758,Missed Connection,49000,50000,34000,2025-12-23 17:23:00,2025-12-23 15:23:00,2025-12-28 15:23:00,Approved
CLM-001545,TICK-013777,Missed Connection,99000,100000,62000,2025-07-09 01:10:00,2025-07-09 00:10:00,,Pending
CLM-001546,TICK-013780,Missed Connection,240000,50000,152000,2025-07-23 13:25:00,2025-07-23 11:25:00,2025-07-24 11:25:00,Approved
CLM-001547,TICK-013786,Missed Connection,138000,100000,87000,2025-06-08 23:05:00,2025-06-08 20:05:00,2025-06-10 20:05:00,Approved
CLM-001548,TICK-013790,Missed Connection,156000,50000,98000,2025-05-23 12:51:00,2025-05-23 06:51:00,2025-05-28 06:51:00,Approved
CLM-001549,TICK-013798,Missed Connection,124000,50000,78000,2025-06-09 18:20:00,2025-06-09 10:20:00,2025-06-11 10:20:00,Approved
CLM-001550,TICK-013809,Missed Connection,91000,50000,61000,2025-05-09 04:32:00,2025-05-09 00:32:00,2025-05-10 00:32:00,Approved
CLM-001551,TICK-013813,Missed Connection,86000,75000,55000,2025-09-09 00:58:00,2025-09-08 21:58:00,2025-09-13 21:58:00,Approved
CLM-001552,TICK-013825,Missed Connection,147000,50000,98000,2025-11-23 00:26:00,2025-11-22 17:26:00,2025-11-25 17:26:00,Approved
CLM-001553,TICK-013830,Missed Connection,128000,50000,90000,2025-12-23 14:16:00,2025-12-23 09:16:00,2025-12-27 09:16:00,Approved
CLM-001554,TICK-013835,Missed Connection,126000,75000,79000,2025-07-10 03:02:00,2025-07-10 00:02:00,2025-07-13 00:02:00,Rejected
CLM-001555,TICK-013837,Missed Connection,68000,50000,43000,2025-12-23 09:23:00,2025-12-23 04:23:00,2025-12-27 04:23:00,Approved
CLM-001556,TICK-013839,Missed Connection,82000,75000,52000,2025-03-23 00:00:00,2025-03-22 17:00:00,2025-03-23 17:00:00,Approved
CLM-001557,TICK-013844,Missed Connection,176000,50000,111000,2025-06-22 22:32:00,2025-06-22 16:32:00,2025-06-24 16:32:00,Rejected
CLM-001558,TICK-013850,Missed Connection,215000,50000,142000,2025-12-23 12:09:00,2025-12-23 10:09:00,2025-12-26 10:09:00,Approved
CLM-001559,TICK-013875,Missed Connection,148000,50000,93000,2025-07-23 09:22:00,2025-07-23 05:22:00,2025-07-27 05:22:00,Approved
CLM-001560,TICK-013887,Missed Connection,96000,75000,61000,2025-05-10 01:11:00,2025-05-09 22:11:00,2025-05-10 22:11:00,Approved
CLM-001561,TICK-013889,Missed Connection,54000,75000,34000,2025-12-09 06:44:00,2025-12-09 03:44:00,2025-12-14 03:44:00,Approved
CLM-001562,TICK-013892,Missed Connection,115000,50000,72000,2025-09-09 14:29:00,2025-09-09 06:29:00,2025-09-10 06:29:00,Approved
CLM-001563,TICK-013895,Missed Connection,82000,75000,52000,2025-09-23 08:21:00,2025-09-23 02:21:00,,Pending
CLM-001564,TICK-013900,Missed Connection,124000,75000,78000,2025-06-10 02:10:00,2025-06-09 20:10:00,,Pending
CLM-001565,TICK-013921,Missed Connection,124000,75000,78000,2025-06-09 07:20:00,2025-06-09 02:20:00,2025-06-12 02:20:00,Approved
CLM-001566,TICK-013923,Missed Connection,110000,100000,70000,2025-07-23 07:06:00,2025-07-23 00:06:00,2025-07-24 00:06:00,Approved
CLM-001567,TICK-013929,Missed Connection,136000,75000,90000,2025-07-09 10:41:00,2025-07-09 05:41:00,2025-07-10 05:41:00,Approved
CLM-001568,TICK-013933,Missed Connection,147000,50000,98000,2025-12-23 03:39:00,2025-12-22 20:39:00,2025-12-23 20:39:00,Approved
CLM-001569,TICK-013935,Missed Connection,93000,100000,59000,2025-12-09 12:02:00,2025-12-09 10:02:00,2025-12-13 10:02:00,Approved
CLM-001570,TICK-013941,Missed Connection,240000,50000,152000,2025-06-09 23:35:00,2025-06-09 15:35:00,2025-06-13 15:35:00,Approved
CLM-001571,TICK-013953,Missed Connection,104000,75000,65000,2025-06-08 23:26:00,2025-06-08 15:26:00,2025-06-13 15:26:00,Approved
CLM-001572,TICK-013971,Missed Connection,226000,100000,142000,2025-06-09 16:53:00,2025-06-09 09:53:00,2025-06-10 09:53:00,Approved
CLM-001573,TICK-013974,Missed Connection,45000,50000,28000,2025-09-09 20:04:00,2025-09-09 15:04:00,2025-09-11 15:04:00,Approved
CLM-001574,TICK-013979,Missed Connection,148000,75000,93000,2025-02-23 10:25:00,2025-02-23 09:25:00,2025-02-27 09:25:00,Approved
CLM-001575,TICK-013982,Missed Connection,70000,50000,47000,2025-12-24 08:09:00,2025-12-24 00:09:00,2025-12-28 00:09:00,Approved
CLM-001576,TICK-013986,Missed Connection,154000,100000,97000,2025-12-23 19:33:00,2025-12-23 18:33:00,2025-12-25 18:33:00,Approved
CLM-001577,TICK-013988,Missed Connection,92000,100000,58000,2025-08-22 23:55:00,2025-08-22 20:55:00,2025-08-24 20:55:00,Rejected
CLM-001578,TICK-013991,Missed Connection,160000,75000,112000,2025-12-23 16:28:00,2025-12-23 11:28:00,2025-12-25 11:28:00,Approved
CLM-001579,TICK-013993,Missed Connection,99000,100000,65000,2025-12-23 08:10:00,2025-12-23 03:10:00,2025-12-26 03:10:00,Approved
CLM-001580,TICK-014010,Missed Connection,124000,100000,78000,2025-06-09 04:48:00,2025-06-09 00:48:00,2025-06-14 00:48:00,Approved
CLM-001581,TICK-014020,Missed Connection,117000,50000,82000,2025-07-23 18:24:00,2025-07-23 11:24:00,2025-07-24 11:24:00,Approved
CLM-001582,TICK-014032,Missed Connection,181000,75000,114000,2025-06-09 04:39:00,2025-06-08 23:39:00,2025-06-11 23:39:00,Approved
CLM-001583,TICK-014046,Missed Connection,99000,100000,65000,2025-07-23 23:38:00,2025-07-23 17:38:00,2025-07-28 17:38:00,Approved
CLM-001584,TICK-014050,Missed Connection,123000,75000,78000,2025-07-23 15:53:00,2025-07-23 09:53:00,2025-07-26 09:53:00,Rejected
CLM-001585,TICK-014052,Missed Connection,124000,100000,78000,2025-06-09 15:20:00,2025-06-09 07:20:00,2025-06-13 07:20:00,Approved
CLM-001586,TICK-014055,Missed Connection,154000,75000,97000,2025-08-23 09:35:00,2025-08-23 04:35:00,2025-08-24 04:35:00,Approved
CLM-001587,TICK-014064,Missed Connection,49000,50000,34000,2025-12-23 23:23:00,2025-12-23 17:23:00,2025-12-25 17:23:00,Approved
CLM-001588,TICK-014078,Missed Connection,167000,75000,105000,2025-12-09 12:35:00,2025-12-09 10:35:00,2025-12-10 10:35:00,Approved
CLM-001589,TICK-014080,Missed Connection,128000,100000,90000,2025-07-09 15:25:00,2025-07-09 12:25:00,2025-07-11 12:25:00,Approved
CLM-001590,TICK-014084,Missed Connection,154000,75000,97000,2025-09-09 17:19:00,2025-09-09 14:19:00,2025-09-14 14:19:00,Approved
CLM-001591,TICK-014095,Missed Connection,123000,75000,78000,2025-12-09 15:10:00,2025-12-09 12:10:00,2025-12-12 12:10:00,Approved
CLM-001592,TICK-014113,Missed Connection,186000,75000,117000,2025-06-23 17:42:00,2025-06-23 14:42:00,2025-06-24 14:42:00,Approved
CLM-001593,TICK-014137,Missed Connection,54000,75000,36000,2025-04-09 14:50:00,2025-04-09 08:50:00,,Pending
CLM-001594,TICK-014142,Missed Connection,110000,100000,72000,2025-08-08 20:16:00,2025-08-08 18:16:00,2025-08-09 18:16:00,Approved
CLM-001595,TICK-014144,Missed Connection,56000,75000,39000,2025-08-22 23:02:00,2025-08-22 21:02:00,2025-08-23 21:02:00,Approved
CLM-001596,TICK-014155,Missed Connection,130000,50000,82000,2025-12-23 02:07:00,2025-12-22 20:07:00,2025-12-24 20:07:00,Approved
CLM-001597,TICK-014160,Missed Connection,92000,50000,58000,2025-02-23 13:33:00,2025-02-23 06:33:00,2025-02-26 06:33:00,Approved
CLM-001598,TICK-014177,Missed Connection,46000,50000,33000,2025-02-23 12:33:00,2025-02-23 08:33:00,2025-02-26 08:33:00,Approved
CLM-001599,TICK-014181,Missed Connection,138000,75000,87000,2025-06-09 01:05:00,2025-06-08 19:05:00,2025-06-09 19:05:00,Approved
CLM-001600,TICK-014187,Missed Connection,186000,75000,117000,2025-12-09 10:07:00,2025-12-09 02:07:00,2025-12-13 02:07:00,Approved
CLM-001601,TICK-014189,Missed Connection,82000,75000,52000,2025-02-09 00:25:00,2025-02-08 20:25:00,2025-02-11 20:25:00,Approved
CLM-001602,TICK-014196,Missed Connection,104000,50000,65000,2025-07-09 13:10:00,2025-07-09 11:10:00,2025-07-12 11:10:00,Approved
CLM-001603,TICK-014206,Missed Connection,110000,50000,70000,2025-12-08 23:36:00,2025-12-08 20:36:00,2025-12-12 20:36:00,Approved
CLM-001604,TICK-014211,Missed Connection,105000,50000,70000,2025-07-09 01:43:00,2025-07-08 22:43:00,,Pending
CLM-001605,TICK-014223,Missed Connection,115000,75000,72000,2025-11-09 01:49:00,2025-11-08 19:49:00,2025-11-13 19:49:00,Approved
CLM-001606,TICK-014225,Missed Connection,106000,75000,66000,2025-11-23 08:56:00,2025-11-23 03:56:00,2025-11-26 03:56:00,Approved
CLM-001607,TICK-014233,Missed Connection,148000,50000,93000,2025-01-09 08:25:00,2025-01-09 06:25:00,2025-01-10 06:25:00,Rejected
CLM-001608,TICK-014244,Missed Connection,158000,50000,99000,2025-06-23 05:28:00,2025-06-23 04:28:00,2025-06-24 04:28:00,Approved
CLM-001609,TICK-014272,Missed Connection,78000,75000,55000,2025-05-09 13:38:00,2025-05-09 06:38:00,2025-05-12 06:38:00,Approved
CLM-001610,TICK-014281,Missed Connection,161000,50000,102000,2025-03-08 15:49:00,2025-03-08 13:49:00,2025-03-11 13:49:00,Rejected
CLM-001611,TICK-014294,Missed Connection,99000,100000,62000,2025-12-23 07:09:00,2025-12-23 02:09:00,2025-12-27 02:09:00,Approved
CLM-001612,TICK-014305,Missed Connection,181000,50000,114000,2025-07-09 09:45:00,2025-07-09 06:45:00,2025-07-13 06:45:00,Approved
CLM-001613,TICK-014307,Missed Connection,136000,75000,95000,2025-08-23 14:58:00,2025-08-23 11:58:00,2025-08-25 11:58:00,Approved
CLM-001614,TICK-014315,Missed Connection,181000,100000,114000,2025-07-23 03:07:00,2025-07-22 20:07:00,2025-07-23 20:07:00,Approved
CLM-001615,TICK-014323,Missed Connection,119000,75000,75000,2025-11-09 08:42:00,2025-11-09 01:42:00,2025-11-11 01:42:00,Approved
CLM-001616,TICK-014329,Missed Connection,74000,75000,47000,2025-06-23 19:01:00,2025-06-23 16:01:00,2025-06-27 16:01:00,Approved
CLM-001617,TICK-014337,Missed Connection,103000,75000,65000,2025-11-09 00:10:00,2025-11-08 18:10:00,,Pending
CLM-001618,TICK-014341,Missed Connection,128000,50000,90000,2025-07-09 11:41:00,2025-07-09 05:41:00,2025-07-13 05:41:00,Approved
CLM-001619,TICK-014345,Missed Connection,186000,50000,117000,2025-07-09 10:25:00,2025-07-09 04:25:00,2025-07-10 04:25:00,Approved
CLM-001620,TICK-014355,Missed Connection,150000,100000,95000,2025-04-09 00:39:00,2025-04-08 23:39:00,2025-04-10 23:39:00,Approved
CLM-001621,TICK-014362,Missed Connection,148000,75000,93000,2025-02-23 06:25:00,2025-02-23 03:25:00,2025-02-28 03:25:00,Approved
CLM-001622,TICK-014379,Missed Connection,148000,100000,93000,2025-02-08 23:04:00,2025-02-08 19:04:00,2025-02-12 19:04:00,Approved
CLM-001623,TICK-014394,Missed Connection,79000,75000,52000,2025-01-23 17:59:00,2025-01-23 11:59:00,,Pending
CLM-001624,TICK-014397,Missed Connection,49000,50000,34000,2025-06-09 09:55:00,2025-06-09 08:55:00,2025-06-14 08:55:00,Approved
CLM-001625,TICK-014410,Missed Connection,64000,75000,43000,2025-07-23 11:36:00,2025-07-23 06:36:00,2025-07-25 06:36:00,Approved
CLM-001626,TICK-014418,Missed Connection,89000,50000,62000,2025-12-23 20:09:00,2025-12-23 12:09:00,,Pending
CLM-001627,TICK-014420,Missed Connection,82000,50000,52000,2025-04-09 06:10:00,2025-04-09 03:10:00,,Pending
CLM-001628,TICK-014426,Missed Connection,140000,100000,98000,2025-07-23 14:26:00,2025-07-23 10:26:00,,Pending
CLM-001629,TICK-014438,Missed Connection,150000,75000,95000,2025-04-22 20:14:00,2025-04-22 19:14:00,2025-04-24 19:14:00,Approved
CLM-001630,TICK-014442,Missed Connection,82000,50000,52000,2025-11-09 21:32:00,2025-11-09 15:32:00,2025-11-13 15:32:00,Approved
CLM-001631,TICK-014448,Missed Connection,82000,75000,58000,2025-09-23 15:49:00,2025-09-23 09:49:00,2025-09-28 09:49:00,Approved
CLM-001632,TICK-014452,Missed Connection,155000,75000,98000,2025-12-23 15:09:00,2025-12-23 08:09:00,2025-12-25 08:09:00,Approved
CLM-001633,TICK-014464,Missed Connection,170000,75000,112000,2025-12-23 11:34:00,2025-12-23 05:34:00,2025-12-28 05:34:00,Approved
CLM-001634,TICK-014475,Missed Connection,155000,50000,98000,2025-07-23 21:53:00,2025-07-23 16:53:00,2025-07-28 16:53:00,Approved
CLM-001635,TICK-014490,Missed Connection,118000,100000,78000,2025-06-09 09:20:00,2025-06-09 02:20:00,2025-06-11 02:20:00,Approved
CLM-001636,TICK-014504,Missed Connection,92000,50000,58000,2025-09-09 17:55:00,2025-09-09 12:55:00,2025-09-13 12:55:00,Approved
CLM-001637,TICK-014506,Missed Connection,218000,75000,137000,2025-11-09 07:03:00,2025-11-09 00:03:00,2025-11-12 00:03:00,Approved
CLM-001638,TICK-014508,Missed Connection,104000,100000,65000,2025-06-09 00:26:00,2025-06-08 22:26:00,2025-06-13 22:26:00,Approved
CLM-001639,TICK-014514,Missed Connection,124000,75000,78000,2025-06-09 19:06:00,2025-06-09 13:06:00,2025-06-11 13:06:00,Approved
CLM-001640,TICK-014535,Missed Connection,110000,75000,70000,2025-06-23 15:31:00,2025-06-23 08:31:00,,Pending
CLM-001641,TICK-014543,Missed Connection,138000,75000,87000,2025-12-22 18:19:00,2025-12-22 16:19:00,2025-12-23 16:19:00,Approved
CLM-001642,TICK-014559,Missed Connection,124000,50000,78000,2025-04-09 00:36:00,2025-04-08 19:36:00,2025-04-10 19:36:00,Approved
CLM-001643,TICK-014579,Missed Connection,104000,75000,65000,2025-07-09 09:10:00,2025-07-09 06:10:00,2025-07-11 06:10:00,Approved
CLM-001644,TICK-014587,Missed Connection,116000,75000,73000,2025-07-23 05:10:00,2025-07-22 23:10:00,2025-07-24 23:10:00,Approved
CLM-001645,TICK-014594,Missed Connection,161000,75000,102000,2025-04-23 04:27:00,2025-04-23 01:27:00,2025-04-25 01:27:00,Approved
CLM-001646,TICK-014597,Missed Connection,89000,50000,62000,2025-06-09 15:14:00,2025-06-09 11:14:00,2025-06-10 11:14:00,Approved
CLM-001647,TICK-014602,Missed Connection,54000,50000,34000,2025-06-09 07:23:00,2025-06-09 01:23:00,2025-06-12 01:23:00,Approved
CLM-001648,TICK-014613,Missed Connection,82000,75000,52000,2025-11-23 19:10:00,2025-11-23 16:10:00,2025-11-27 16:10:00,Approved
CLM-001649,TICK-014624,Missed Connection,119000,50000,75000,2025-03-23 11:33:00,2025-03-23 07:33:00,2025-03-25 07:33:00,Approved
CLM-001650,TICK-014635,Missed Connection,56000,50000,39000,2025-10-23 16:42:00,2025-10-23 08:42:00,2025-10-24 08:42:00,Approved
CLM-001651,TICK-014657,Missed Connection,126000,50000,79000,2025-07-23 09:02:00,2025-07-23 03:02:00,2025-07-24 03:02:00,Approved
CLM-001652,TICK-014672,Missed Connection,141000,100000,93000,2025-11-09 00:57:00,2025-11-08 19:57:00,2025-11-11 19:57:00,Approved
CLM-001653,TICK-014676,Missed Connection,126000,75000,88000,2025-03-09 08:39:00,2025-03-09 04:39:00,2025-03-13 04:39:00,Approved
CLM-001654,TICK-014678,Missed Connection,148000,100000,93000,2025-06-09 13:02:00,2025-06-09 07:02:00,2025-06-13 07:02:00,Approved
CLM-001655,TICK-014680,Missed Connection,87000,50000,58000,2025-06-23 05:50:00,2025-06-23 04:50:00,2025-06-27 04:50:00,Approved
CLM-001656,TICK-014682,Missed Connection,161000,100000,102000,2025-01-23 03:22:00,2025-01-23 02:22:00,2025-01-27 02:22:00,Approved
CLM-001657,TICK-014696,Missed Connection,99000,50000,62000,2025-06-09 05:10:00,2025-06-09 00:10:00,2025-06-14 00:10:00,Rejected
CLM-001658,TICK-014705,Missed Connection,67000,100000,47000,2025-12-23 07:02:00,2025-12-23 06:02:00,2025-12-26 06:02:00,Approved
CLM-001659,TICK-014709,Missed Connection,148000,50000,93000,2025-02-09 16:29:00,2025-02-09 08:29:00,2025-02-12 08:29:00,Approved
CLM-001660,TICK-014726,Missed Connection,174000,75000,122000,2025-06-23 11:03:00,2025-06-23 03:03:00,2025-06-27 03:03:00,Approved
CLM-001661,TICK-014739,Missed Connection,82000,75000,55000,2025-05-23 06:10:00,2025-05-23 03:10:00,2025-05-28 03:10:00,Approved
CLM-001662,TICK-014750,Missed Connection,126000,75000,80000,2025-06-23 00:31:00,2025-06-22 20:31:00,2025-06-23 20:31:00,Approved
CLM-001663,TICK-014754,Missed Connection,99000,75000,62000,2025-06-23 05:39:00,2025-06-23 01:39:00,,Pending
CLM-001664,TICK-014756,Missed Connection,133000,75000,93000,2025-10-09 14:09:00,2025-10-09 11:09:00,2025-10-11 11:09:00,Approved
CLM-001665,TICK-014762,Missed Connection,238000,50000,158000,2025-12-23 08:02:00,2025-12-23 01:02:00,2025-12-24 01:02:00,Approved
CLM-001666,TICK-014767,Missed Connection,155000,50000,98000,2025-11-22 15:26:00,2025-11-22 14:26:00,2025-11-25 14:26:00,Approved
CLM-001667,TICK-014792,Missed Connection,99000,50000,62000,2025-12-23 14:09:00,2025-12-23 10:09:00,2025-12-28 10:09:00,Approved
CLM-001668,TICK-014804,Missed Connection,89000,50000,59000,2025-07-09 04:02:00,2025-07-09 02:02:00,2025-07-13 02:02:00,Approved
CLM-001669,TICK-014814,Missed Connection,107000,75000,75000,2025-10-09 09:54:00,2025-10-09 01:54:00,2025-10-14 01:54:00,Approved
CLM-001670,TICK-014825,Missed Connection,86000,50000,55000,2025-05-09 13:57:00,2025-05-09 11:57:00,2025-05-14 11:57:00,Approved
CLM-001671,TICK-014829,Missed Connection,167000,100000,105000,2025-12-09 16:35:00,2025-12-09 09:35:00,2025-12-14 09:35:00,Approved
CLM-001672,TICK-014831,Missed Connection,158000,50000,105000,2025-12-09 14:35:00,2025-12-09 06:35:00,2025-12-12 06:35:00,Approved
CLM-001673,TICK-014836,Missed Connection,82000,50000,58000,2025-11-23 06:13:00,2025-11-23 03:13:00,2025-11-24 03:13:00,Approved
CLM-001674,TICK-014841,Missed Connection,158000,75000,105000,2025-07-09 02:10:00,2025-07-08 18:10:00,2025-07-12 18:10:00,Approved
CLM-001675,TICK-014852,Missed Connection,124000,75000,78000,2025-07-10 00:28:00,2025-07-09 22:28:00,,Pending
CLM-001676,TICK-014871,Missed Connection,130000,75000,82000,2025-07-23 05:24:00,2025-07-23 03:24:00,2025-07-25 03:24:00,Rejected
CLM-001677,TICK-014874,Missed Connection,140000,75000,88000,2025-10-23 03:33:00,2025-10-23 01:33:00,,Pending
CLM-001678,TICK-014883,Missed Connection,155000,75000,98000,2025-02-23 12:52:00,2025-02-23 09:52:00,2025-02-27 09:52:00,Approved
CLM-001679,TICK-014890,Missed Connection,72000,75000,48000,2025-04-23 17:50:00,2025-04-23 14:50:00,2025-04-28 14:50:00,Approved
CLM-001680,TICK-014919,Missed Connection,51000,100000,36000,2025-11-09 02:16:00,2025-11-08 23:16:00,,Pending
CLM-001681,TICK-014934,Missed Connection,78000,75000,49000,2025-03-09 05:02:00,2025-03-09 02:02:00,2025-03-13 02:02:00,Approved
CLM-001682,TICK-014938,Missed Connection,119000,50000,75000,2025-05-09 11:25:00,2025-05-09 10:25:00,2025-05-11 10:25:00,Approved
CLM-001683,TICK-014953,Missed Connection,129000,75000,81000,2025-02-23 19:17:00,2025-02-23 12:17:00,2025-02-24 12:17:00,Approved
CLM-001684,TICK-014962,Missed Connection,94000,50000,62000,2025-07-09 11:41:00,2025-07-09 09:41:00,2025-07-10 09:41:00,Approved
CLM-001685,TICK-014967,Missed Connection,148000,100000,93000,2025-07-23 02:22:00,2025-07-22 23:22:00,2025-07-27 23:22:00,Rejected
CLM-001686,TICK-014974,Missed Connection,130000,50000,82000,2025-07-23 10:24:00,2025-07-23 05:24:00,2025-07-26 05:24:00,Approved
CLM-001687,TICK-014976,Missed Connection,196000,75000,137000,2025-11-08 21:03:00,2025-11-08 15:03:00,2025-11-12 15:03:00,Approved
CLM-001688,TICK-014982,Missed Connection,170000,100000,119000,2025-08-09 19:18:00,2025-08-09 16:18:00,2025-08-10 16:18:00,Approved
CLM-001689,TICK-014989,Missed Connection,82000,50000,52000,2025-10-10 01:21:00,2025-10-09 19:21:00,2025-10-14 19:21:00,Approved
CLM-001690,TICK-014995,Missed Connection,103000,75000,65000,2025-08-23 04:10:00,2025-08-22 20:10:00,2025-08-26 20:10:00,Approved
CLM-001691,TICK-014997,Missed Connection,103000,100000,65000,2025-10-09 01:16:00,2025-10-08 17:16:00,2025-10-12 17:16:00,Approved
CLM-001692,TICK-015004,Missed Connection,74000,50000,47000,2025-12-23 20:17:00,2025-12-23 19:17:00,2025-12-24 19:17:00,Approved
CLM-001693,TICK-015022,Missed Connection,79000,75000,52000,2025-02-09 04:47:00,2025-02-09 02:47:00,2025-02-13 02:47:00,Approved
CLM-001694,TICK-015027,Missed Connection,148000,75000,93000,2025-06-23 19:01:00,2025-06-23 12:01:00,2025-06-25 12:01:00,Approved
CLM-001695,TICK-015039,Missed Connection,115000,50000,72000,2025-10-23 02:43:00,2025-10-23 01:43:00,2025-10-25 01:43:00,Approved
CLM-001696,TICK-015041,Missed Connection,116000,50000,81000,2025-05-23 09:30:00,2025-05-23 05:30:00,2025-05-25 05:30:00,Approved
CLM-001697,TICK-015043,Missed Connection,82000,50000,55000,2025-10-09 00:10:00,2025-10-08 20:10:00,2025-10-09 20:10:00,Approved
CLM-001698,TICK-015049,Missed Connection,92000,75000,58000,2025-06-23 10:50:00,2025-06-23 04:50:00,2025-06-27 04:50:00,Rejected
CLM-001699,TICK-015057,Missed Connection,54000,75000,34000,2025-06-24 04:30:00,2025-06-23 23:30:00,2025-06-28 23:30:00,Approved
CLM-001700,TICK-015059,Missed Connection,138000,50000,87000,2025-12-22 20:19:00,2025-12-22 19:19:00,2025-12-27 19:19:00,Approved
CLM-001701,TICK-015064,Missed Connection,118000,100000,78000,2025-06-09 07:48:00,2025-06-09 02:48:00,2025-06-10 02:48:00,Approved
CLM-001702,TICK-015075,Missed Connection,102000,50000,68000,2025-11-09 06:27:00,2025-11-08 22:27:00,2025-11-13 22:27:00,Rejected
CLM-001703,TICK-015081,Missed Connection,116000,100000,81000,2025-04-09 06:39:00,2025-04-08 22:39:00,,Pending
CLM-001704,TICK-015094,Missed Connection,62000,75000,39000,2025-02-09 15:46:00,2025-02-09 07:46:00,2025-02-11 07:46:00,Approved
CLM-001705,TICK-015103,Missed Connection,115000,75000,72000,2025-11-09 10:49:00,2025-11-09 05:49:00,2025-11-11 05:49:00,Approved
CLM-001706,TICK-015111,Missed Connection,181000,100000,114000,2025-06-23 21:40:00,2025-06-23 17:40:00,2025-06-28 17:40:00,Approved
CLM-001707,TICK-015125,Missed Connection,56000,75000,36000,2025-04-23 03:45:00,2025-04-22 22:45:00,2025-04-25 22:45:00,Approved
CLM-001708,TICK-015129,Missed Connection,129000,50000,81000,2025-09-23 08:14:00,2025-09-23 05:14:00,2025-09-24 05:14:00,Approved
CLM-001709,TICK-015135,Missed Connection,103000,50000,65000,2025-08-22 21:10:00,2025-08-22 15:10:00,2025-08-27 15:10:00,Approved
CLM-001710,TICK-015143,Missed Connection,119000,100000,75000,2025-10-09 13:54:00,2025-10-09 05:54:00,2025-10-12 05:54:00,Approved
CLM-001711,TICK-015160,Missed Connection,79000,100000,52000,2025-02-23 16:40:00,2025-02-23 11:40:00,2025-02-28 11:40:00,Approved
CLM-001712,TICK-015172,Missed Connection,203000,50000,142000,2025-12-23 07:39:00,2025-12-23 00:39:00,2025-12-27 00:39:00,Approved
CLM-001713,TICK-015176,Missed Connection,188000,75000,119000,2025-03-08 20:49:00,2025-03-08 16:49:00,2025-03-11 16:49:00,Approved
CLM-001714,TICK-015186,Missed Connection,108000,75000,68000,2025-03-09 02:44:00,2025-03-08 21:44:00,2025-03-10 21:44:00,Approved
CLM-001715,TICK-015205,Missed Connection,194000,50000,122000,2025-12-09 06:58:00,2025-12-09 00:58:00,2025-12-13 00:58:00,Approved
CLM-001716,TICK-015210,Missed Connection,161000,100000,102000,2025-03-23 02:09:00,2025-03-22 21:09:00,2025-03-24 21:09:00,Approved
CLM-001717,TICK-015217,Missed Connection,100000,100000,70000,2025-12-23 10:27:00,2025-12-23 03:27:00,2025-12-24 03:27:00,Approved
CLM-001718,TICK-015233,Missed Connection,181000,50000,114000,2025-06-23 21:40:00,2025-06-23 17:40:00,2025-06-24 17:40:00,Approved
CLM-001719,TICK-015254,Missed Connection,148000,50000,93000,2025-07-24 01:31:00,2025-07-24 00:31:00,,Pending
CLM-001720,TICK-015266,Missed Connection,103000,75000,65000,2025-10-09 22:10:00,2025-10-09 14:10:00,2025-10-12 14:10:00,Approved
CLM-001721,TICK-015268,Missed Connection,52000,50000,34000,2025-12-23 14:23:00,2025-12-23 09:23:00,2025-12-26 09:23:00,Approved
CLM-001722,TICK-015274,Missed Connection,62000,75000,39000,2025-01-23 10:35:00,2025-01-23 07:35:00,2025-01-25 07:35:00,Approved
CLM-001723,TICK-015297,Missed Connection,62000,50000,39000,2025-11-09 19:29:00,2025-11-09 12:29:00,2025-11-14 12:29:00,Approved
CLM-001724,TICK-015322,Missed Connection,104000,50000,65000,2025-07-22 23:45:00,2025-07-22 17:45:00,2025-07-24 17:45:00,Approved
CLM-001725,TICK-015334,Missed Connection,186000,50000,117000,2025-06-23 16:09:00,2025-06-23 14:09:00,2025-06-26 14:09:00,Approved
CLM-001726,TICK-015352,Missed Connection,126000,75000,88000,2025-03-23 00:10:00,2025-03-22 22:10:00,2025-03-26 22:10:00,Approved
CLM-001727,TICK-015355,Missed Connection,158000,50000,99000,2025-06-23 17:16:00,2025-06-23 15:16:00,2025-06-28 15:16:00,Approved
CLM-001728,TICK-015366,Missed Connection,188000,75000,119000,2025-10-23 01:19:00,2025-10-22 22:19:00,2025-10-26 22:19:00,Approved
CLM-001729,TICK-015368,Missed Connection,150000,75000,95000,2025-05-23 01:03:00,2025-05-23 00:03:00,2025-05-24 00:03:00,Approved
CLM-001730,TICK-015378,Missed Connection,200000,100000,126000,2025-03-23 10:25:00,2025-03-23 07:25:00,,Pending
CLM-001731,TICK-015381,Missed Connection,99000,75000,65000,2025-07-09 07:42:00,2025-07-09 06:42:00,2025-07-10 06:42:00,Approved
CLM-001732,TICK-015387,Missed Connection,167000,100000,105000,2025-07-23 07:13:00,2025-07-23 04:13:00,2025-07-27 04:13:00,Approved
CLM-001733,TICK-015396,Missed Connection,82000,75000,52000,2025-04-23 09:28:00,2025-04-23 01:28:00,2025-04-25 01:28:00,Approved
CLM-001734,TICK-015399,Missed Connection,99000,75000,62000,2025-06-23 23:44:00,2025-06-23 16:44:00,2025-06-25 16:44:00,Rejected
CLM-001735,TICK-015403,Missed Connection,254000,50000,160000,2025-11-23 10:46:00,2025-11-23 07:46:00,2025-11-27 07:46:00,Approved
CLM-001736,TICK-015405,Missed Connection,103000,100000,65000,2025-09-09 09:11:00,2025-09-09 01:11:00,2025-09-13 01:11:00,Approved
CLM-001737,TICK-015408,Missed Connection,70000,100000,47000,2025-06-09 05:30:00,2025-06-09 04:30:00,2025-06-11 04:30:00,Approved
CLM-001738,TICK-015418,Missed Connection,112000,50000,78000,2025-12-09 03:10:00,2025-12-09 02:10:00,2025-12-11 02:10:00,Approved
CLM-001739,TICK-015429,Missed Connection,138000,75000,87000,2025-07-23 07:21:00,2025-07-23 02:21:00,2025-07-27 02:21:00,Approved
CLM-001740,TICK-015432,Missed Connection,45000,50000,28000,2025-08-09 10:06:00,2025-08-09 04:06:00,2025-08-14 04:06:00,Rejected
CLM-001741,TICK-015434,Missed Connection,115000,100000,72000,2025-10-09 01:18:00,2025-10-08 23:18:00,2025-10-12 23:18:00,Approved
CLM-001742,TICK-015436,Missed Connection,133000,100000,93000,2025-12-23 18:17:00,2025-12-23 15:17:00,2025-12-26 15:17:00,Approved
CLM-001743,TICK-015447,Missed Connection,82000,75000,52000,2025-09-23 07:10:00,2025-09-23 04:10:00,2025-09-26 04:10:00,Approved
CLM-001744,TICK-015450,Missed Connection,155000,50000,98000,2025-07-23 05:07:00,2025-07-23 00:07:00,2025-07-25 00:07:00,Approved
CLM-001745,TICK-015465,Missed Connection,110000,75000,70000,2025-06-23 17:07:00,2025-06-23 16:07:00,2025-06-25 16:07:00,Approved
CLM-001746,TICK-015473,Missed Connection,110000,75000,69000,2025-12-23 20:48:00,2025-12-23 13:48:00,2025-12-26 13:48:00,Approved
CLM-001747,TICK-015475,Missed Connection,138000,100000,87000,2025-06-09 04:05:00,2025-06-08 21:05:00,2025-06-12 21:05:00,Approved
CLM-001748,TICK-015484,Missed Connection,97000,100000,68000,2025-11-08 20:27:00,2025-11-08 13:27:00,2025-11-10 13:27:00,Approved
CLM-001749,TICK-015486,Missed Connection,42000,50000,28000,2025-09-09 05:23:00,2025-09-09 03:23:00,2025-09-13 03:23:00,Approved
CLM-001750,TICK-015489,Missed Connection,188000,75000,119000,2025-10-09 13:40:00,2025-10-09 07:40:00,2025-10-10 07:40:00,Approved
CLM-001751,TICK-015497,Missed Connection,128000,50000,81000,2025-09-09 12:54:00,2025-09-09 06:54:00,2025-09-10 06:54:00,Approved
CLM-001752,TICK-015501,Missed Connection,103000,75000,65000,2025-10-09 19:10:00,2025-10-09 13:10:00,2025-10-11 13:10:00,Approved
CLM-001753,TICK-015503,Missed Connection,160000,75000,112000,2025-12-09 16:25:00,2025-12-09 11:25:00,2025-12-14 11:25:00,Rejected
CLM-001754,TICK-015521,Missed Connection,226000,75000,142000,2025-12-22 23:39:00,2025-12-22 22:39:00,2025-12-26 22:39:00,Approved
CLM-001755,TICK-015531,Missed Connection,86000,100000,55000,2025-03-23 00:10:00,2025-03-22 21:10:00,2025-03-26 21:10:00,Approved
CLM-001756,TICK-015534,Missed Connection,248000,50000,164000,2025-07-09 03:09:00,2025-07-08 21:09:00,2025-07-13 21:09:00,Approved
CLM-001757,TICK-015544,Missed Connection,92000,75000,58000,2025-10-09 16:21:00,2025-10-09 15:21:00,,Pending
CLM-001758,TICK-015551,Missed Connection,93000,100000,65000,2025-06-23 09:10:00,2025-06-23 02:10:00,2025-06-24 02:10:00,Approved
CLM-001759,TICK-015553,Missed Connection,203000,100000,142000,2025-07-08 20:09:00,2025-07-08 19:09:00,,Pending
CLM-001760,TICK-015585,Missed Connection,99000,50000,62000,2025-12-09 01:17:00,2025-12-08 22:17:00,2025-12-13 22:17:00,Rejected
CLM-001761,TICK-015594,Missed Connection,162000,75000,114000,2025-07-09 17:45:00,2025-07-09 12:45:00,2025-07-12 12:45:00,Rejected
CLM-001762,TICK-015599,Missed Connection,74000,50000,47000,2025-06-23 23:01:00,2025-06-23 17:01:00,2025-06-25 17:01:00,Approved
CLM-001763,TICK-015614,Missed Connection,108000,50000,68000,2025-10-08 22:11:00,2025-10-08 19:11:00,,Pending
CLM-001764,TICK-015620,Missed Connection,79000,75000,52000,2025-02-08 22:11:00,2025-02-08 21:11:00,2025-02-10 21:11:00,Approved
CLM-001765,TICK-015624,Missed Connection,133000,50000,93000,2025-06-23 22:01:00,2025-06-23 18:01:00,2025-06-24 18:01:00,Approved
CLM-001766,TICK-015641,Missed Connection,56000,50000,36000,2025-05-23 20:19:00,2025-05-23 17:19:00,2025-05-28 17:19:00,Approved
CLM-001767,TICK-015647,Missed Connection,150000,75000,95000,2025-08-23 08:04:00,2025-08-23 05:04:00,2025-08-25 05:04:00,Approved
CLM-001768,TICK-015651,Missed Connection,99000,75000,62000,2025-07-09 14:41:00,2025-07-09 08:41:00,2025-07-12 08:41:00,Approved
CLM-001769,TICK-015654,Missed Connection,56000,50000,36000,2025-08-09 08:52:00,2025-08-09 01:52:00,2025-08-14 01:52:00,Approved
CLM-001770,TICK-015662,Missed Connection,132000,50000,88000,2025-10-23 03:33:00,2025-10-22 22:33:00,2025-10-25 22:33:00,Approved
CLM-001771,TICK-015672,Missed Connection,184000,75000,122000,2025-06-23 05:03:00,2025-06-22 23:03:00,2025-06-25 23:03:00,Approved
CLM-001772,TICK-015675,Missed Connection,138000,100000,87000,2025-07-23 08:21:00,2025-07-23 05:21:00,2025-07-27 05:21:00,Approved
CLM-001773,TICK-015683,Missed Connection,124000,75000,78000,2025-05-23 08:06:00,2025-05-23 00:06:00,2025-05-27 00:06:00,Approved
CLM-001774,TICK-015696,Missed Connection,132000,75000,88000,2025-02-23 23:34:00,2025-02-23 18:34:00,2025-02-27 18:34:00,Rejected
CLM-001775,TICK-015703,Missed Connection,193000,50000,122000,2025-07-23 07:17:00,2025-07-23 04:17:00,2025-07-26 04:17:00,Rejected
CLM-001776,TICK-015713,Missed Connection,82000,75000,58000,2025-08-09 04:44:00,2025-08-09 03:44:00,2025-08-13 03:44:00,Approved
CLM-001777,TICK-015717,Missed Connection,56000,75000,36000,2025-05-23 12:23:00,2025-05-23 09:23:00,2025-05-24 09:23:00,Approved
CLM-001778,TICK-015723,Missed Connection,119000,75000,75000,2025-01-10 04:25:00,2025-01-10 02:25:00,,Pending
CLM-001779,TICK-015725,Missed Connection,110000,50000,70000,2025-07-22 16:06:00,2025-07-22 15:06:00,2025-07-25 15:06:00,Approved
CLM-001780,TICK-015728,Missed Connection,181000,50000,114000,2025-07-09 15:03:00,2025-07-09 07:03:00,2025-07-13 07:03:00,Approved
CLM-001781,TICK-015733,Missed Connection,86000,100000,55000,2025-11-09 04:33:00,2025-11-09 01:33:00,2025-11-13 01:33:00,Approved
CLM-001782,TICK-015739,Missed Connection,131000,50000,87000,2025-07-09 15:48:00,2025-07-09 09:48:00,2025-07-14 09:48:00,Approved
CLM-001783,TICK-015756,Missed Connection,78000,75000,55000,2025-01-22 21:22:00,2025-01-22 19:22:00,2025-01-27 19:22:00,Approved
CLM-001784,TICK-015768,Missed Connection,150000,75000,95000,2025-03-23 08:09:00,2025-03-23 00:09:00,2025-03-24 00:09:00,Approved
CLM-001785,TICK-015774,Missed Connection,158000,75000,105000,2025-06-23 08:24:00,2025-06-23 05:24:00,2025-06-25 05:24:00,Approved
CLM-001786,TICK-015776,Missed Connection,160000,100000,112000,2025-06-09 13:02:00,2025-06-09 06:02:00,,Pending
CLM-001787,TICK-015778,Missed Connection,42000,50000,28000,2025-04-09 07:29:00,2025-04-09 05:29:00,2025-04-13 05:29:00,Rejected
CLM-001788,TICK-015783,Missed Connection,129000,50000,81000,2025-09-23 01:53:00,2025-09-22 23:53:00,2025-09-25 23:53:00,Approved
CLM-001789,TICK-015799,Missed Connection,112000,50000,78000,2025-06-09 11:48:00,2025-06-09 04:48:00,2025-06-14 04:48:00,Approved
CLM-001790,TICK-015806,Missed Connection,146000,75000,97000,2025-08-09 14:02:00,2025-08-09 07:02:00,2025-08-10 07:02:00,Approved
CLM-001791,TICK-015829,Missed Connection,82000,50000,52000,2025-03-09 11:50:00,2025-03-09 03:50:00,2025-03-13 03:50:00,Approved
CLM-001792,TICK-015844,Missed Connection,200000,100000,126000,2025-03-23 10:25:00,2025-03-23 09:25:00,,Pending
CLM-001793,TICK-015851,Missed Connection,82000,50000,52000,2025-09-09 11:10:00,2025-09-09 04:10:00,2025-09-14 04:10:00,Rejected
CLM-001794,TICK-015862,Missed Connection,136000,50000,90000,2025-07-09 05:25:00,2025-07-09 02:25:00,2025-07-13 02:25:00,Approved
CLM-001795,TICK-015886,Missed Connection,124000,50000,78000,2025-12-23 09:10:00,2025-12-23 05:10:00,2025-12-27 05:10:00,Approved
CLM-001796,TICK-015911,Missed Connection,196000,50000,137000,2025-02-09 14:20:00,2025-02-09 13:20:00,2025-02-13 13:20:00,Approved
CLM-001797,TICK-015944,Missed Connection,167000,75000,105000,2025-06-23 09:24:00,2025-06-23 01:24:00,2025-06-27 01:24:00,Approved
CLM-001798,TICK-015959,Missed Connection,142000,50000,95000,2025-05-08 14:12:00,2025-05-08 13:12:00,2025-05-09 13:12:00,Approved
CLM-001799,TICK-015961,Missed Connection,186000,50000,117000,2025-07-23 16:02:00,2025-07-23 11:02:00,2025-07-24 11:02:00,Approved
CLM-001800,TICK-015964,Missed Connection,93000,75000,65000,2025-06-09 09:10:00,2025-06-09 08:10:00,2025-06-13 08:10:00,Approved
CLM-001801,TICK-015974,Missed Connection,138000,100000,87000,2025-07-23 19:21:00,2025-07-23 12:21:00,2025-07-25 12:21:00,Approved
CLM-001802,TICK-015978,Missed Connection,140000,50000,88000,2025-04-09 04:36:00,2025-04-08 23:36:00,2025-04-11 23:36:00,Approved
CLM-001803,TICK-015981,Missed Connection,99000,50000,65000,2025-06-23 16:10:00,2025-06-23 08:10:00,2025-06-25 08:10:00,Approved
CLM-001804,TICK-015984,Missed Connection,54000,50000,34000,2025-12-09 02:44:00,2025-12-08 20:44:00,2025-12-11 20:44:00,Approved
CLM-001805,TICK-015991,Missed Connection,186000,50000,117000,2025-12-23 04:09:00,2025-12-22 20:09:00,2025-12-24 20:09:00,Rejected
CLM-001806,TICK-015995,Missed Connection,74000,50000,47000,2025-06-23 04:02:00,2025-06-23 03:02:00,2025-06-25 03:02:00,Approved
CLM-001807,TICK-015998,Missed Connection,261000,50000,164000,2025-07-09 06:09:00,2025-07-09 01:09:00,2025-07-10 01:09:00,Approved
CLM-001808,TICK-016008,Missed Connection,99000,50000,65000,2025-07-09 19:10:00,2025-07-09 11:10:00,2025-07-11 11:10:00,Approved
CLM-001809,TICK-016014,Missed Connection,133000,50000,93000,2025-02-09 10:29:00,2025-02-09 08:29:00,2025-02-14 08:29:00,Approved
CLM-001810,TICK-016032,Missed Connection,68000,50000,43000,2025-07-09 16:23:00,2025-07-09 13:23:00,2025-07-12 13:23:00,Approved
CLM-001811,TICK-016050,Missed Connection,188000,75000,119000,2025-10-22 15:57:00,2025-10-22 13:57:00,2025-10-23 13:57:00,Approved
CLM-001812,TICK-016061,Missed Connection,104000,75000,65000,2025-06-09 12:30:00,2025-06-09 06:30:00,2025-06-13 06:30:00,Rejected
CLM-001813,TICK-016063,Missed Connection,126000,100000,79000,2025-07-23 09:22:00,2025-07-23 01:22:00,2025-07-25 01:22:00,Approved
CLM-001814,TICK-016069,Missed Connection,106000,50000,71000,2025-07-23 12:03:00,2025-07-23 05:03:00,2025-07-27 05:03:00,Approved
CLM-001815,TICK-016084,Missed Connection,86000,75000,55000,2025-01-22 20:22:00,2025-01-22 14:22:00,2025-01-24 14:22:00,Approved
CLM-001816,TICK-016087,Missed Connection,112000,50000,71000,2025-07-23 16:03:00,2025-07-23 09:03:00,2025-07-25 09:03:00,Approved
CLM-001817,TICK-016091,Missed Connection,104000,100000,65000,2025-06-23 07:27:00,2025-06-23 05:27:00,,Pending
CLM-001818,TICK-016097,Missed Connection,142000,50000,90000,2025-06-23 16:57:00,2025-06-23 08:57:00,2025-06-25 08:57:00,Approved
CLM-001819,TICK-016101,Missed Connection,54000,75000,34000,2025-12-09 07:44:00,2025-12-09 03:44:00,2025-12-12 03:44:00,Approved
CLM-001820,TICK-016108,Missed Connection,144000,50000,91000,2025-06-09 01:58:00,2025-06-08 19:58:00,2025-06-09 19:58:00,Approved
CLM-001821,TICK-016114,Missed Connection,140000,50000,98000,2025-07-23 01:07:00,2025-07-22 17:07:00,2025-07-26 17:07:00,Approved
CLM-001822,TICK-016137,Missed Connection,45000,75000,28000,2025-01-10 01:21:00,2025-01-09 18:21:00,2025-01-12 18:21:00,Approved
CLM-001823,TICK-016141,Missed Connection,74000,75000,52000,2025-11-09 09:19:00,2025-11-09 02:19:00,2025-11-13 02:19:00,Approved
CLM-001824,TICK-016143,Missed Connection,93000,50000,59000,2025-07-09 01:02:00,2025-07-08 19:02:00,2025-07-13 19:02:00,Approved
CLM-001825,TICK-016147,Missed Connection,173000,75000,109000,2025-03-09 21:56:00,2025-03-09 15:56:00,2025-03-13 15:56:00,Approved
CLM-001826,TICK-016166,Missed Connection,104000,50000,65000,2025-07-09 07:42:00,2025-07-09 06:42:00,2025-07-13 06:42:00,Approved
CLM-001827,TICK-016176,Missed Connection,42000,50000,28000,2025-01-09 20:24:00,2025-01-09 12:24:00,2025-01-12 12:24:00,Approved
CLM-001828,TICK-016191,Missed Connection,116000,50000,81000,2025-02-23 00:26:00,2025-02-22 21:26:00,2025-02-26 21:26:00,Approved
CLM-001829,TICK-016194,Missed Connection,140000,50000,88000,2025-04-09 03:36:00,2025-04-08 20:36:00,2025-04-09 20:36:00,Approved
CLM-001830,TICK-016200,Missed Connection,142000,50000,90000,2025-12-09 08:29:00,2025-12-09 02:29:00,2025-12-13 02:29:00,Approved
CLM-001831,TICK-016208,Missed Connection,105000,50000,66000,2025-09-09 14:22:00,2025-09-09 09:22:00,2025-09-11 09:22:00,Approved
CLM-001832,TICK-016215,Missed Connection,124000,75000,78000,2025-12-22 18:10:00,2025-12-22 15:10:00,2025-12-25 15:10:00,Approved
CLM-001833,TICK-016217,Missed Connection,120000,100000,79000,2025-07-23 09:22:00,2025-07-23 01:22:00,2025-07-28 01:22:00,Approved
CLM-001834,TICK-016219,Missed Connection,112000,50000,75000,2025-02-23 09:04:00,2025-02-23 01:04:00,2025-02-28 01:04:00,Rejected
CLM-001835,TICK-016237,Missed Connection,40000,50000,28000,2025-08-23 06:23:00,2025-08-23 05:23:00,2025-08-28 05:23:00,Rejected
CLM-001836,TICK-016246,Missed Connection,153000,100000,102000,2025-05-09 06:03:00,2025-05-09 02:03:00,2025-05-11 02:03:00,Approved
CLM-001837,TICK-016273,Missed Connection,40000,75000,28000,2025-09-09 16:52:00,2025-09-09 09:52:00,2025-09-14 09:52:00,Approved
CLM-001838,TICK-016275,Missed Connection,240000,50000,152000,2025-07-23 14:25:00,2025-07-23 08:25:00,2025-07-25 08:25:00,Approved
CLM-001839,TICK-016289,Missed Connection,158000,75000,105000,2025-06-23 05:24:00,2025-06-23 02:24:00,2025-06-27 02:24:00,Approved
CLM-001840,TICK-016295,Missed Connection,79000,50000,52000,2025-01-09 01:21:00,2025-01-09 00:21:00,2025-01-10 00:21:00,Approved
CLM-001841,TICK-016305,Missed Connection,203000,75000,142000,2025-12-09 06:35:00,2025-12-09 03:35:00,2025-12-13 03:35:00,Approved
CLM-001842,TICK-016317,Missed Connection,67000,50000,47000,2025-07-09 11:25:00,2025-07-09 07:25:00,2025-07-11 07:25:00,Approved
CLM-001843,TICK-016320,Missed Connection,78000,75000,55000,2025-03-23 10:10:00,2025-03-23 03:10:00,2025-03-24 03:10:00,Approved
CLM-001844,TICK-016341,Missed Connection,86000,50000,55000,2025-04-09 04:44:00,2025-04-09 00:44:00,2025-04-13 00:44:00,Approved
CLM-001845,TICK-016353,Missed Connection,178000,75000,119000,2025-04-23 00:20:00,2025-04-22 18:20:00,2025-04-27 18:20:00,Approved
CLM-001846,TICK-016364,Missed Connection,148000,50000,93000,2025-10-09 11:09:00,2025-10-09 09:09:00,2025-10-13 09:09:00,Approved
CLM-001847,TICK-016373,Missed Connection,103000,100000,65000,2025-04-09 19:01:00,2025-04-09 18:01:00,2025-04-12 18:01:00,Approved
CLM-001848,TICK-016376,Missed Connection,100000,50000,66000,2025-10-09 21:15:00,2025-10-09 13:15:00,2025-10-14 13:15:00,Approved
CLM-001849,TICK-016380,Missed Connection,203000,75000,142000,2025-12-23 06:13:00,2025-12-22 23:13:00,2025-12-26 23:13:00,Approved
CLM-001850,TICK-016395,Missed Connection,54000,75000,34000,2025-06-10 01:55:00,2025-06-09 18:55:00,2025-06-11 18:55:00,Approved
CLM-001851,TICK-016398,Missed Connection,142000,75000,90000,2025-07-09 06:41:00,2025-07-08 23:41:00,,Pending
CLM-001852,TICK-016410,Missed Connection,144000,75000,91000,2025-06-09 09:59:00,2025-06-09 04:59:00,2025-06-13 04:59:00,Rejected
CLM-001853,TICK-016425,Missed Connection,132000,50000,88000,2025-03-09 09:39:00,2025-03-09 03:39:00,2025-03-12 03:39:00,Approved
CLM-001854,TICK-016429,Missed Connection,124000,75000,78000,2025-07-24 04:24:00,2025-07-23 22:24:00,2025-07-28 22:24:00,Approved
CLM-001855,TICK-016443,Missed Connection,54000,75000,36000,2025-04-23 13:23:00,2025-04-23 07:23:00,2025-04-28 07:23:00,Approved
CLM-001856,TICK-016451,Missed Connection,99000,50000,65000,2025-06-09 15:10:00,2025-06-09 10:10:00,2025-06-13 10:10:00,Approved
CLM-001857,TICK-016454,Missed Connection,140000,75000,88000,2025-10-23 04:33:00,2025-10-23 01:33:00,2025-10-25 01:33:00,Approved
CLM-001858,TICK-016463,Missed Connection,112000,50000,79000,2025-07-23 02:22:00,2025-07-22 21:22:00,2025-07-26 21:22:00,Approved
CLM-001859,TICK-016467,Missed Connection,138000,100000,87000,2025-06-22 18:05:00,2025-06-22 14:05:00,2025-06-25 14:05:00,Approved
CLM-001860,TICK-016476,Missed Connection,124000,75000,78000,2025-04-09 04:36:00,2025-04-08 22:36:00,2025-04-13 22:36:00,Approved
CLM-001861,TICK-016482,Missed Connection,124000,75000,78000,2025-10-09 23:39:00,2025-10-09 19:39:00,2025-10-13 19:39:00,Approved
CLM-001862,TICK-016498,Missed Connection,193000,75000,122000,2025-07-23 10:17:00,2025-07-23 03:17:00,2025-07-28 03:17:00,Approved
CLM-001863,TICK-016500,Missed Connection,194000,100000,122000,2025-12-08 23:53:00,2025-12-08 18:53:00,2025-12-10 18:53:00,Approved
CLM-001864,TICK-016509,Missed Connection,150000,50000,95000,2025-08-09 09:03:00,2025-08-09 05:03:00,2025-08-10 05:03:00,Approved
CLM-001865,TICK-016518,Missed Connection,124000,75000,78000,2025-02-09 13:46:00,2025-02-09 06:46:00,2025-02-10 06:46:00,Approved
CLM-001866,TICK-016521,Missed Connection,261000,50000,164000,2025-06-23 15:40:00,2025-06-23 12:40:00,,Pending
CLM-001867,TICK-016525,Missed Connection,99000,75000,62000,2025-06-24 01:44:00,2025-06-23 19:44:00,,Pending
CLM-001868,TICK-016540,Missed Connection,158000,75000,99000,2025-06-23 19:13:00,2025-06-23 11:13:00,2025-06-27 11:13:00,Approved
CLM-001869,TICK-016565,Missed Connection,141000,100000,93000,2025-09-23 18:25:00,2025-09-23 17:25:00,2025-09-24 17:25:00,Approved
CLM-001870,TICK-016569,Missed Connection,140000,75000,88000,2025-03-09 07:39:00,2025-03-09 04:39:00,2025-03-14 04:39:00,Approved
CLM-001871,TICK-016577,Missed Connection,240000,75000,152000,2025-06-09 16:35:00,2025-06-09 14:35:00,2025-06-10 14:35:00,Approved
CLM-001872,TICK-016589,Missed Connection,140000,75000,88000,2025-04-09 08:36:00,2025-04-09 00:36:00,2025-04-13 00:36:00,Approved
CLM-001873,TICK-016593,Missed Connection,92000,75000,58000,2025-09-08 23:50:00,2025-09-08 16:50:00,,Pending
CLM-001874,TICK-016597,Missed Connection,146000,75000,92000,2025-09-23 14:04:00,2025-09-23 07:04:00,2025-09-26 07:04:00,Approved
CLM-001875,TICK-016615,Missed Connection,228000,50000,152000,2025-07-23 07:25:00,2025-07-23 02:25:00,2025-07-25 02:25:00,Approved
CLM-001876,TICK-016622,Missed Connection,124000,50000,78000,2025-06-09 10:48:00,2025-06-09 04:48:00,2025-06-13 04:48:00,Approved
CLM-001877,TICK-016628,Missed Connection,92000,75000,58000,2025-10-24 00:05:00,2025-10-23 21:05:00,2025-10-24 21:05:00,Rejected
CLM-001878,TICK-016640,Missed Connection,128000,75000,81000,2025-09-08 23:54:00,2025-09-08 19:54:00,2025-09-09 19:54:00,Approved
CLM-001879,TICK-016657,Missed Connection,148000,50000,93000,2025-08-24 05:11:00,2025-08-23 21:11:00,2025-08-26 21:11:00,Approved
CLM-001880,TICK-016662,Missed Connection,54000,100000,34000,2025-12-23 08:50:00,2025-12-23 00:50:00,2025-12-25 00:50:00,Approved
CLM-001881,TICK-016666,Missed Connection,240000,75000,152000,2025-06-09 04:32:00,2025-06-09 03:32:00,2025-06-14 03:32:00,Rejected
CLM-001882,TICK-016669,Missed Connection,138000,50000,87000,2025-07-23 19:38:00,2025-07-23 16:38:00,2025-07-27 16:38:00,Approved
CLM-001883,TICK-016677,Missed Connection,45000,50000,28000,2025-10-23 17:23:00,2025-10-23 16:23:00,2025-10-24 16:23:00,Approved
CLM-001884,TICK-016698,Missed Connection,124000,100000,78000,2025-12-09 09:10:00,2025-12-09 02:10:00,,Pending
CLM-001885,TICK-016703,Missed Connection,141000,50000,93000,2025-12-23 19:17:00,2025-12-23 12:17:00,2025-12-26 12:17:00,Approved
CLM-001886,TICK-016711,Missed Connection,42000,50000,28000,2025-02-23 23:21:00,2025-02-23 19:21:00,2025-02-26 19:21:00,Approved
CLM-001887,TICK-016714,Missed Connection,133000,50000,93000,2025-06-09 23:02:00,2025-06-09 15:02:00,2025-06-11 15:02:00,Approved
CLM-001888,TICK-016747,Missed Connection,150000,50000,95000,2025-02-23 15:17:00,2025-02-23 11:17:00,2025-02-25 11:17:00,Approved
CLM-001889,TICK-016757,Missed Connection,61000,100000,43000,2025-07-23 11:43:00,2025-07-23 10:43:00,2025-07-26 10:43:00,Approved
CLM-001890,TICK-016761,Missed Connection,92000,75000,58000,2025-09-08 21:50:00,2025-09-08 17:50:00,,Pending
CLM-001891,TICK-016764,Missed Connection,99000,50000,62000,2025-06-24 00:44:00,2025-06-23 20:44:00,2025-06-24 20:44:00,Approved
CLM-001892,TICK-016773,Missed Connection,126000,75000,79000,2025-07-23 18:02:00,2025-07-23 10:02:00,2025-07-24 10:02:00,Approved
CLM-001893,TICK-016775,Missed Connection,124000,75000,78000,2025-06-09 01:48:00,2025-06-08 17:48:00,2025-06-13 17:48:00,Approved
CLM-001894,TICK-016784,Missed Connection,124000,75000,78000,2025-04-23 16:16:00,2025-04-23 10:16:00,2025-04-28 10:16:00,Approved
CLM-001895,TICK-016786,Missed Connection,105000,50000,70000,2025-07-22 19:06:00,2025-07-22 13:06:00,,Pending
CLM-001896,TICK-016788,Missed Connection,110000,75000,70000,2025-07-09 01:16:00,2025-07-08 23:16:00,2025-07-10 23:16:00,Approved
CLM-001897,TICK-016792,Missed Connection,184000,50000,122000,2025-12-09 10:58:00,2025-12-09 04:58:00,2025-12-14 04:58:00,Approved
CLM-001898,TICK-016798,Missed Connection,115000,100000,72000,2025-08-09 09:44:00,2025-08-09 03:44:00,2025-08-10 03:44:00,Approved
CLM-001899,TICK-016802,Missed Connection,150000,75000,95000,2025-02-10 02:10:00,2025-02-09 18:10:00,2025-02-14 18:10:00,Approved
CLM-001900,TICK-016804,Missed Connection,104000,50000,65000,2025-06-23 07:10:00,2025-06-23 01:10:00,2025-06-27 01:10:00,Approved
CLM-001901,TICK-016817,Missed Connection,91000,50000,61000,2025-10-09 12:13:00,2025-10-09 09:13:00,2025-10-12 09:13:00,Approved
CLM-001902,TICK-016819,Missed Connection,142000,100000,90000,2025-12-09 21:05:00,2025-12-09 15:05:00,2025-12-13 15:05:00,Rejected
CLM-001903,TICK-016840,Missed Connection,59000,75000,39000,2025-08-23 06:02:00,2025-08-22 22:02:00,2025-08-25 22:02:00,Approved
CLM-001904,TICK-016849,Missed Connection,76000,50000,48000,2025-11-09 20:23:00,2025-11-09 13:23:00,2025-11-12 13:23:00,Approved
CLM-001905,TICK-016856,Missed Connection,140000,100000,98000,2025-06-09 20:03:00,2025-06-09 18:03:00,2025-06-12 18:03:00,Approved
CLM-001906,TICK-016882,Missed Connection,112000,50000,78000,2025-06-09 15:20:00,2025-06-09 09:20:00,,Pending
CLM-001907,TICK-016901,Missed Connection,119000,50000,75000,2025-11-23 01:33:00,2025-11-22 19:33:00,2025-11-26 19:33:00,Approved
CLM-001908,TICK-016905,Missed Connection,148000,75000,93000,2025-07-24 10:05:00,2025-07-24 04:05:00,2025-07-28 04:05:00,Approved
CLM-001909,TICK-016908,Missed Connection,181000,75000,114000,2025-06-23 19:40:00,2025-06-23 18:40:00,2025-06-28 18:40:00,Approved
CLM-001910,TICK-016910,Missed Connection,138000,50000,87000,2025-06-09 09:05:00,2025-06-09 02:05:00,,Pending
CLM-001911,TICK-016938,Missed Connection,124000,50000,87000,2025-07-23 13:38:00,2025-07-23 11:38:00,2025-07-27 11:38:00,Approved
CLM-001912,TICK-016943,Missed Connection,110000,100000,70000,2025-07-08 23:16:00,2025-07-08 18:16:00,2025-07-10 18:16:00,Approved
CLM-001913,TICK-016956,Missed Connection,110000,100000,70000,2025-07-23 14:21:00,2025-07-23 06:21:00,2025-07-25 06:21:00,Approved
CLM-001914,TICK-016964,Missed Connection,70000,75000,47000,2025-06-23 14:09:00,2025-06-23 13:09:00,,Pending
CLM-001915,TICK-016970,Missed Connection,119000,75000,75000,2025-09-09 00:28:00,2025-09-08 22:28:00,2025-09-11 22:28:00,Approved
CLM-001916,TICK-016981,Missed Connection,103000,100000,65000,2025-05-23 10:16:00,2025-05-23 06:16:00,2025-05-26 06:16:00,Approved
CLM-001917,TICK-016984,Missed Connection,118000,50000,78000,2025-12-23 02:10:00,2025-12-23 01:10:00,2025-12-24 01:10:00,Approved
CLM-001918,TICK-016988,Missed Connection,78000,50000,49000,2025-05-23 11:06:00,2025-05-23 07:06:00,2025-05-24 07:06:00,Approved
CLM-001919,TICK-016991,Missed Connection,119000,50000,75000,2025-11-23 06:33:00,2025-11-23 01:33:00,2025-11-26 01:33:00,Approved
CLM-001920,TICK-017000,Missed Connection,146000,75000,92000,2025-08-09 11:17:00,2025-08-09 03:17:00,2025-08-14 03:17:00,Approved
CLM-001921,TICK-017002,Missed Connection,56000,50000,36000,2025-09-23 13:23:00,2025-09-23 06:23:00,2025-09-24 06:23:00,Approved
CLM-001922,TICK-017004,Missed Connection,91000,50000,61000,2025-05-09 00:32:00,2025-05-08 16:32:00,2025-05-11 16:32:00,Approved
CLM-001923,TICK-017010,Missed Connection,119000,75000,75000,2025-02-10 07:26:00,2025-02-10 01:26:00,,Pending
CLM-001924,TICK-017024,Missed Connection,56000,50000,39000,2025-04-24 06:42:00,2025-04-24 02:42:00,2025-04-26 02:42:00,Approved
CLM-001925,TICK-017031,Missed Connection,138000,75000,87000,2025-06-09 02:05:00,2025-06-08 20:05:00,2025-06-12 20:05:00,Approved
CLM-001926,TICK-017034,Missed Connection,99000,50000,62000,2025-12-08 18:17:00,2025-12-08 17:17:00,2025-12-12 17:17:00,Approved
CLM-001927,TICK-017043,Missed Connection,74000,75000,52000,2025-10-09 06:34:00,2025-10-09 03:34:00,2025-10-11 03:34:00,Approved
CLM-001928,TICK-017046,Missed Connection,84000,50000,53000,2025-06-09 18:49:00,2025-06-09 17:49:00,2025-06-13 17:49:00,Approved
CLM-001929,TICK-017051,Missed Connection,161000,75000,102000,2025-01-23 11:08:00,2025-01-23 04:08:00,2025-01-25 04:08:00,Approved
CLM-001930,TICK-017056,Missed Connection,110000,100000,72000,2025-02-09 11:14:00,2025-02-09 05:14:00,,Pending
CLM-001931,TICK-017062,Missed Connection,178000,50000,112000,2025-12-23 00:34:00,2025-12-22 19:34:00,2025-12-27 19:34:00,Approved
CLM-001932,TICK-017072,Missed Connection,178000,75000,112000,2025-06-09 17:44:00,2025-06-09 11:44:00,2025-06-13 11:44:00,Approved
CLM-001933,TICK-017077,Missed Connection,56000,75000,36000,2025-02-10 00:05:00,2025-02-09 16:05:00,2025-02-13 16:05:00,Approved
CLM-001934,TICK-017079,Missed Connection,123000,75000,78000,2025-07-23 18:53:00,2025-07-23 11:53:00,2025-07-26 11:53:00,Approved
CLM-001935,TICK-017083,Missed Connection,96000,100000,61000,2025-10-09 00:58:00,2025-10-08 20:58:00,2025-10-09 20:58:00,Approved
CLM-001936,TICK-017088,Missed Connection,109000,100000,69000,2025-01-09 12:54:00,2025-01-09 05:54:00,2025-01-12 05:54:00,Approved
CLM-001937,TICK-017099,Missed Connection,100000,100000,66000,2025-03-23 11:03:00,2025-03-23 09:03:00,2025-03-28 09:03:00,Approved
CLM-001938,TICK-017102,Missed Connection,119000,50000,75000,2025-03-23 08:05:00,2025-03-23 06:05:00,2025-03-24 06:05:00,Approved
CLM-001939,TICK-017106,Missed Connection,167000,75000,105000,2025-07-10 00:31:00,2025-07-09 16:31:00,2025-07-11 16:31:00,Approved
CLM-001940,TICK-017115,Missed Connection,140000,50000,98000,2025-12-09 12:35:00,2025-12-09 06:35:00,2025-12-11 06:35:00,Approved
CLM-001941,TICK-017131,Missed Connection,92000,75000,58000,2025-01-09 00:05:00,2025-01-08 22:05:00,2025-01-09 22:05:00,Approved
CLM-001942,TICK-017137,Missed Connection,99000,75000,62000,2025-06-23 23:44:00,2025-06-23 20:44:00,2025-06-27 20:44:00,Approved
CLM-001943,TICK-017139,Missed Connection,170000,50000,112000,2025-12-22 22:34:00,2025-12-22 21:34:00,2025-12-23 21:34:00,Approved
CLM-001944,TICK-017143,Missed Connection,74000,75000,52000,2025-09-23 06:21:00,2025-09-23 05:21:00,,Pending
CLM-001945,TICK-017145,Missed Connection,56000,50000,36000,2025-10-09 19:44:00,2025-10-09 12:44:00,2025-10-11 12:44:00,Approved
CLM-001946,TICK-017151,Missed Connection,126000,50000,79000,2025-07-23 13:02:00,2025-07-23 05:02:00,2025-07-24 05:02:00,Approved
CLM-001947,TICK-017166,Missed Connection,105000,50000,70000,2025-07-08 23:16:00,2025-07-08 19:16:00,2025-07-11 19:16:00,Approved
CLM-001948,TICK-017177,Missed Connection,104000,50000,65000,2025-12-09 15:10:00,2025-12-09 09:10:00,2025-12-14 09:10:00,Approved
CLM-001949,TICK-017181,Missed Connection,226000,100000,142000,2025-12-23 12:09:00,2025-12-23 11:09:00,2025-12-25 11:09:00,Approved
CLM-001950,TICK-017184,Missed Connection,130000,100000,82000,2025-12-22 22:07:00,2025-12-22 20:07:00,2025-12-23 20:07:00,Approved
CLM-001951,TICK-017191,Missed Connection,104000,50000,65000,2025-06-23 08:27:00,2025-06-23 04:27:00,2025-06-24 04:27:00,Approved
CLM-001952,TICK-017211,Missed Connection,92000,75000,58000,2025-01-09 07:47:00,2025-01-09 06:47:00,,Pending
CLM-001953,TICK-017217,Missed Connection,92000,50000,58000,2025-09-23 02:16:00,2025-09-22 20:16:00,2025-09-25 20:16:00,Rejected
CLM-001954,TICK-017252,Missed Connection,112000,50000,75000,2025-02-23 10:48:00,2025-02-23 06:48:00,2025-02-28 06:48:00,Rejected
CLM-001955,TICK-017275,Missed Connection,126000,75000,79000,2025-07-23 12:22:00,2025-07-23 05:22:00,2025-07-25 05:22:00,Approved
CLM-001956,TICK-017279,Missed Connection,123000,50000,82000,2025-07-09 21:13:00,2025-07-09 18:13:00,2025-07-12 18:13:00,Approved
CLM-001957,TICK-017322,Missed Connection,99000,50000,62000,2025-06-09 11:10:00,2025-06-09 04:10:00,,Pending
CLM-001958,TICK-017332,Missed Connection,140000,100000,98000,2025-12-23 16:09:00,2025-12-23 09:09:00,2025-12-27 09:09:00,Approved
CLM-001959,TICK-017346,Missed Connection,167000,75000,105000,2025-06-23 18:24:00,2025-06-23 11:24:00,2025-06-24 11:24:00,Approved
CLM-001960,TICK-017348,Missed Connection,147000,75000,98000,2025-07-22 22:07:00,2025-07-22 15:07:00,2025-07-25 15:07:00,Approved
CLM-001961,TICK-017352,Missed Connection,109000,50000,69000,2025-01-09 15:54:00,2025-01-09 11:54:00,2025-01-11 11:54:00,Approved
CLM-001962,TICK-017372,Missed Connection,132000,50000,83000,2025-03-23 13:56:00,2025-03-23 08:56:00,2025-03-24 08:56:00,Approved
CLM-001963,TICK-017375,Missed Connection,140000,75000,88000,2025-02-23 22:34:00,2025-02-23 21:34:00,2025-02-27 21:34:00,Approved
CLM-001964,TICK-017397,Missed Connection,133000,50000,93000,2025-03-09 10:50:00,2025-03-09 06:50:00,2025-03-12 06:50:00,Approved
CLM-001965,TICK-017416,Missed Connection,108000,50000,68000,2025-10-09 12:17:00,2025-10-09 11:17:00,2025-10-11 11:17:00,Approved
CLM-001966,TICK-017426,Missed Connection,138000,75000,87000,2025-06-09 01:05:00,2025-06-08 20:05:00,2025-06-11 20:05:00,Approved
CLM-001967,TICK-017431,Missed Connection,103000,50000,65000,2025-01-09 13:10:00,2025-01-09 11:10:00,2025-01-11 11:10:00,Approved
CLM-001968,TICK-017435,Missed Connection,140000,50000,88000,2025-03-09 11:39:00,2025-03-09 03:39:00,2025-03-12 03:39:00,Approved
CLM-001969,TICK-017462,Missed Connection,112000,75000,75000,2025-10-24 01:25:00,2025-10-23 17:25:00,2025-10-27 17:25:00,Approved
CLM-001970,TICK-017473,Missed Connection,155000,50000,98000,2025-12-09 08:35:00,2025-12-09 01:35:00,,Pending
CLM-001971,TICK-017483,Missed Connection,226000,50000,142000,2025-12-23 05:39:00,2025-12-22 23:39:00,2025-12-24 23:39:00,Approved
CLM-001972,TICK-017487,Missed Connection,133000,75000,93000,2025-02-09 14:29:00,2025-02-09 08:29:00,2025-02-13 08:29:00,Approved
CLM-001973,TICK-017513,Missed Connection,124000,75000,78000,2025-07-22 22:10:00,2025-07-22 19:10:00,2025-07-26 19:10:00,Approved
CLM-001974,TICK-017519,Missed Connection,109000,100000,69000,2025-01-09 12:54:00,2025-01-09 05:54:00,2025-01-12 05:54:00,Rejected
CLM-001975,TICK-017533,Missed Connection,248000,50000,164000,2025-06-23 17:40:00,2025-06-23 11:40:00,2025-06-28 11:40:00,Approved
CLM-001976,TICK-017535,Missed Connection,208000,50000,132000,2025-10-23 13:36:00,2025-10-23 10:36:00,2025-10-27 10:36:00,Approved
CLM-001977,TICK-017548,Missed Connection,131000,75000,87000,2025-12-22 21:19:00,2025-12-22 13:19:00,2025-12-25 13:19:00,Approved
CLM-001978,TICK-017554,Missed Connection,148000,75000,93000,2025-02-23 05:25:00,2025-02-23 04:25:00,2025-02-24 04:25:00,Approved
CLM-001979,TICK-017570,Missed Connection,115000,75000,72000,2025-03-23 19:05:00,2025-03-23 16:05:00,2025-03-27 16:05:00,Approved
CLM-001980,TICK-017572,Missed Connection,181000,50000,114000,2025-06-09 00:39:00,2025-06-08 20:39:00,,Pending
CLM-001981,TICK-017578,Missed Connection,148000,75000,93000,2025-04-09 05:58:00,2025-04-09 01:58:00,2025-04-11 01:58:00,Approved
CLM-001982,TICK-017586,Missed Connection,87000,50000,58000,2025-02-23 05:33:00,2025-02-23 04:33:00,2025-02-24 04:33:00,Approved
CLM-001983,TICK-017591,Missed Connection,142000,50000,95000,2025-08-23 11:04:00,2025-08-23 04:04:00,,Pending
CLM-001984,TICK-017613,Missed Connection,98000,50000,65000,2025-09-24 03:16:00,2025-09-24 00:16:00,2025-09-25 00:16:00,Approved
CLM-001985,TICK-017627,Missed Connection,140000,100000,98000,2025-12-23 17:09:00,2025-12-23 09:09:00,2025-12-27 09:09:00,Approved
CLM-001986,TICK-017629,Missed Connection,105000,75000,70000,2025-07-09 06:43:00,2025-07-09 00:43:00,2025-07-11 00:43:00,Approved
CLM-001987,TICK-017650,Missed Connection,132000,75000,88000,2025-04-23 17:14:00,2025-04-23 10:14:00,2025-04-25 10:14:00,Approved
CLM-001988,TICK-017652,Missed Connection,136000,75000,95000,2025-09-22 16:29:00,2025-09-22 15:29:00,2025-09-24 15:29:00,Approved
CLM-001989,TICK-017656,Missed Connection,140000,50000,98000,2025-03-09 22:20:00,2025-03-09 14:20:00,2025-03-11 14:20:00,Approved
CLM-001990,TICK-017663,Missed Connection,124000,50000,78000,2025-12-24 01:55:00,2025-12-23 20:55:00,2025-12-24 20:55:00,Approved
CLM-001991,TICK-017665,Missed Connection,89000,50000,59000,2025-07-09 07:02:00,2025-07-09 06:02:00,2025-07-12 06:02:00,Approved
CLM-001992,TICK-017668,Missed Connection,215000,75000,142000,2025-12-23 01:39:00,2025-12-22 19:39:00,2025-12-27 19:39:00,Approved
CLM-001993,TICK-017675,Missed Connection,144000,75000,91000,2025-06-09 11:59:00,2025-06-09 06:59:00,2025-06-10 06:59:00,Approved
CLM-001994,TICK-017683,Missed Connection,215000,50000,142000,2025-12-22 18:13:00,2025-12-22 13:13:00,2025-12-25 13:13:00,Approved
CLM-001995,TICK-017686,Missed Connection,124000,75000,78000,2025-02-23 16:02:00,2025-02-23 15:02:00,2025-02-28 15:02:00,Approved
CLM-001996,TICK-017702,Missed Connection,82000,50000,52000,2025-11-09 12:19:00,2025-11-09 05:19:00,2025-11-10 05:19:00,Approved
CLM-001997,TICK-017710,Missed Connection,105000,100000,70000,2025-07-23 02:06:00,2025-07-22 20:06:00,2025-07-27 20:06:00,Approved
CLM-001998,TICK-017713,Missed Connection,146000,100000,92000,2025-03-09 04:55:00,2025-03-09 02:55:00,2025-03-11 02:55:00,Approved
CLM-001999,TICK-017716,Missed Connection,45000,75000,28000,2025-01-10 01:21:00,2025-01-09 19:21:00,2025-01-10 19:21:00,Approved
CLM-002000,TICK-017728,Missed Connection,104000,50000,65000,2025-06-23 04:27:00,2025-06-23 00:27:00,2025-06-24 00:27:00,Approved
CLM-002001,TICK-017731,Missed Connection,82000,75000,52000,2025-01-23 13:18:00,2025-01-23 06:18:00,2025-01-26 06:18:00,Approved
CLM-002002,TICK-017733,Missed Connection,56000,50000,36000,2025-04-23 18:23:00,2025-04-23 12:23:00,2025-04-28 12:23:00,Approved
CLM-002003,TICK-017737,Missed Connection,82000,75000,58000,2025-08-23 16:30:00,2025-08-23 10:30:00,2025-08-26 10:30:00,Approved
CLM-002004,TICK-017768,Missed Connection,110000,75000,70000,2025-07-22 23:06:00,2025-07-22 16:06:00,2025-07-27 16:06:00,Approved
CLM-002005,TICK-017773,Missed Connection,110000,50000,70000,2025-12-09 02:36:00,2025-12-08 21:36:00,,Pending
CLM-002006,TICK-017807,Missed Connection,103000,75000,65000,2025-11-09 22:22:00,2025-11-09 18:22:00,2025-11-10 18:22:00,Approved
CLM-002007,TICK-017812,Missed Connection,97000,50000,68000,2025-11-09 04:27:00,2025-11-08 22:27:00,2025-11-09 22:27:00,Approved
CLM-002008,TICK-017819,Missed Connection,147000,100000,98000,2025-12-23 14:39:00,2025-12-23 06:39:00,2025-12-26 06:39:00,Approved
CLM-002009,TICK-017822,Missed Connection,133000,50000,93000,2025-07-09 15:44:00,2025-07-09 10:44:00,2025-07-12 10:44:00,Approved
CLM-002010,TICK-017832,Missed Connection,180000,100000,126000,2025-03-10 02:47:00,2025-03-09 19:47:00,2025-03-12 19:47:00,Approved
CLM-002011,TICK-017834,Missed Connection,186000,50000,117000,2025-12-23 02:09:00,2025-12-22 21:09:00,2025-12-23 21:09:00,Approved
CLM-002012,TICK-017848,Missed Connection,62000,75000,39000,2025-01-23 11:14:00,2025-01-23 05:14:00,,Pending
CLM-002013,TICK-017857,Missed Connection,103000,75000,65000,2025-02-23 15:30:00,2025-02-23 11:30:00,2025-02-27 11:30:00,Approved
CLM-002014,TICK-017860,Missed Connection,105000,50000,70000,2025-07-09 19:05:00,2025-07-09 11:05:00,2025-07-11 11:05:00,Approved
CLM-002015,TICK-017886,Missed Connection,305000,50000,192000,2025-07-23 16:26:00,2025-07-23 10:26:00,2025-07-28 10:26:00,Approved
CLM-002016,TICK-017902,Missed Connection,172000,75000,114000,2025-06-23 21:40:00,2025-06-23 18:40:00,2025-06-28 18:40:00,Approved
CLM-002017,TICK-017904,Missed Connection,70000,75000,47000,2025-07-23 14:39:00,2025-07-23 12:39:00,,Pending
CLM-002018,TICK-017922,Missed Connection,248000,50000,164000,2025-07-09 03:35:00,2025-07-08 23:35:00,,Pending
CLM-002019,TICK-017924,Missed Connection,103000,50000,65000,2025-04-22 22:40:00,2025-04-22 19:40:00,2025-04-25 19:40:00,Approved
CLM-002020,TICK-017928,Missed Connection,136000,75000,95000,2025-04-23 05:14:00,2025-04-23 04:14:00,,Pending
CLM-002021,TICK-017942,Missed Connection,82000,75000,52000,2025-05-22 18:36:00,2025-05-22 13:36:00,2025-05-24 13:36:00,Approved
CLM-002022,TICK-017945,Missed Connection,54000,75000,34000,2025-12-09 11:14:00,2025-12-09 09:14:00,2025-12-12 09:14:00,Approved
CLM-002023,TICK-017953,Missed Connection,99000,50000,65000,2025-06-23 08:10:00,2025-06-23 04:10:00,,Pending
CLM-002024,TICK-017955,Missed Connection,131000,100000,87000,2025-06-08 19:05:00,2025-06-08 17:05:00,2025-06-09 17:05:00,Approved
CLM-002025,TICK-017957,Missed Connection,186000,75000,117000,2025-07-23 08:02:00,2025-07-23 05:02:00,,Pending
CLM-002026,TICK-017970,Missed Connection,154000,50000,97000,2025-07-23 13:23:00,2025-07-23 11:23:00,2025-07-25 11:23:00,Approved
CLM-002027,TICK-017983,Missed Connection,52000,100000,34000,2025-06-09 07:23:00,2025-06-09 06:23:00,2025-06-11 06:23:00,Approved
CLM-002028,TICK-017987,Missed Connection,154000,100000,97000,2025-06-23 15:13:00,2025-06-23 07:13:00,2025-06-27 07:13:00,Approved
CLM-002029,TICK-017990,Missed Connection,108000,100000,68000,2025-09-08 20:10:00,2025-09-08 18:10:00,2025-09-12 18:10:00,Approved
CLM-002030,TICK-017995,Missed Connection,92000,75000,65000,2025-08-23 01:10:00,2025-08-22 18:10:00,2025-08-23 18:10:00,Approved
CLM-002031,TICK-017999,Missed Connection,176000,75000,117000,2025-12-09 04:07:00,2025-12-08 20:07:00,2025-12-13 20:07:00,Approved
CLM-002032,TICK-018002,Missed Connection,92000,75000,58000,2025-05-23 19:16:00,2025-05-23 11:16:00,2025-05-25 11:16:00,Approved
CLM-002033,TICK-018005,Missed Connection,154000,75000,97000,2025-03-23 22:20:00,2025-03-23 19:20:00,2025-03-28 19:20:00,Approved
CLM-002034,TICK-018008,Missed Connection,240000,75000,152000,2025-07-09 18:25:00,2025-07-09 13:25:00,2025-07-11 13:25:00,Approved
CLM-002035,TICK-018012,Missed Connection,176000,50000,117000,2025-12-23 03:09:00,2025-12-22 21:09:00,2025-12-24 21:09:00,Approved
CLM-002036,TICK-018014,Missed Connection,110000,75000,70000,2025-07-23 01:06:00,2025-07-23 00:06:00,2025-07-25 00:06:00,Approved
CLM-002037,TICK-018024,Missed Connection,140000,75000,92000,2025-02-23 18:57:00,2025-02-23 10:57:00,2025-02-26 10:57:00,Approved
CLM-002038,TICK-018032,Missed Connection,118000,100000,78000,2025-06-09 07:48:00,2025-06-09 01:48:00,2025-06-13 01:48:00,Approved
CLM-002039,TICK-018038,Missed Connection,129000,100000,81000,2025-03-09 17:37:00,2025-03-09 12:37:00,2025-03-13 12:37:00,Approved
CLM-002040,TICK-018047,Missed Connection,102000,50000,68000,2025-04-22 16:10:00,2025-04-22 14:10:00,2025-04-24 14:10:00,Approved
CLM-002041,TICK-018053,Missed Connection,93000,50000,59000,2025-07-09 18:44:00,2025-07-09 16:44:00,2025-07-14 16:44:00,Approved
CLM-002042,TICK-018058,Missed Connection,82000,75000,58000,2025-08-22 21:55:00,2025-08-22 16:55:00,,Pending
CLM-002043,TICK-018073,Missed Connection,74000,50000,49000,2025-05-09 18:34:00,2025-05-09 12:34:00,2025-05-12 12:34:00,Approved
CLM-002044,TICK-018081,Missed Connection,92000,50000,58000,2025-05-09 05:05:00,2025-05-09 00:05:00,2025-05-11 00:05:00,Approved
CLM-002045,TICK-018086,Missed Connection,45000,100000,28000,2025-08-23 18:26:00,2025-08-23 10:26:00,,Pending
CLM-002046,TICK-018091,Missed Connection,110000,75000,70000,2025-07-09 03:43:00,2025-07-08 19:43:00,2025-07-10 19:43:00,Approved
CLM-002047,TICK-018098,Missed Connection,172000,50000,114000,2025-07-09 12:45:00,2025-07-09 09:45:00,2025-07-14 09:45:00,Approved
CLM-002048,TICK-018103,Missed Connection,132000,75000,92000,2025-05-24 03:44:00,2025-05-23 22:44:00,2025-05-27 22:44:00,Approved
CLM-002049,TICK-018106,Missed Connection,142000,75000,90000,2025-07-09 07:41:00,2025-07-09 00:41:00,2025-07-13 00:41:00,Approved
CLM-002050,TICK-018119,Missed Connection,140000,75000,88000,2025-04-09 04:36:00,2025-04-09 02:36:00,2025-04-11 02:36:00,Approved
CLM-002051,TICK-018123,Missed Connection,131000,50000,87000,2025-12-23 05:19:00,2025-12-22 22:19:00,2025-12-26 22:19:00,Approved
CLM-002052,TICK-018129,Missed Connection,86000,75000,55000,2025-03-09 13:10:00,2025-03-09 07:10:00,2025-03-14 07:10:00,Approved
CLM-002053,TICK-018150,Missed Connection,100000,75000,70000,2025-07-09 09:43:00,2025-07-09 02:43:00,2025-07-14 02:43:00,Approved
CLM-002054,TICK-018165,Missed Connection,170000,50000,119000,2025-02-09 01:01:00,2025-02-08 19:01:00,2025-02-13 19:01:00,Approved
CLM-002055,TICK-018170,Missed Connection,54000,50000,34000,2025-07-09 09:45:00,2025-07-09 06:45:00,2025-07-14 06:45:00,Approved
CLM-002056,TICK-018189,Missed Connection,226000,50000,142000,2025-12-23 09:09:00,2025-12-23 07:09:00,2025-12-25 07:09:00,Approved
CLM-002057,TICK-018194,Missed Connection,124000,75000,78000,2025-01-23 15:35:00,2025-01-23 12:35:00,,Pending
CLM-002058,TICK-018198,Missed Connection,126000,100000,80000,2025-07-23 18:23:00,2025-07-23 17:23:00,2025-07-24 17:23:00,Approved
CLM-002059,TICK-018202,Missed Connection,118000,75000,78000,2025-06-09 10:20:00,2025-06-09 09:20:00,2025-06-12 09:20:00,Approved
CLM-002060,TICK-018226,Missed Connection,86000,50000,55000,2025-09-09 19:10:00,2025-09-09 12:10:00,,Pending
CLM-002061,TICK-018228,Missed Connection,84000,75000,59000,2025-07-09 00:02:00,2025-07-08 23:02:00,2025-07-11 23:02:00,Approved
CLM-002062,TICK-018241,Missed Connection,92000,50000,58000,2025-03-22 22:47:00,2025-03-22 19:47:00,2025-03-23 19:47:00,Approved
CLM-002063,TICK-018246,Missed Connection,84000,75000,53000,2025-06-09 19:49:00,2025-06-09 16:49:00,2025-06-10 16:49:00,Approved
CLM-002064,TICK-018250,Missed Connection,74000,100000,47000,2025-12-23 18:17:00,2025-12-23 11:17:00,2025-12-27 11:17:00,Rejected
CLM-002065,TICK-018253,Missed Connection,67000,50000,47000,2025-03-10 00:37:00,2025-03-09 17:37:00,2025-03-10 17:37:00,Approved
CLM-002066,TICK-018259,Missed Connection,208000,75000,132000,2025-09-23 06:07:00,2025-09-23 01:07:00,2025-09-27 01:07:00,Approved
CLM-002067,TICK-018264,Missed Connection,97000,75000,68000,2025-05-09 06:10:00,2025-05-09 03:10:00,2025-05-13 03:10:00,Approved
CLM-002068,TICK-018289,Missed Connection,261000,50000,164000,2025-06-24 01:40:00,2025-06-23 17:40:00,2025-06-24 17:40:00,Approved
CLM-002069,TICK-018301,Missed Connection,118000,50000,78000,2025-07-23 10:10:00,2025-07-23 04:10:00,,Pending
CLM-002070,TICK-018303,Missed Connection,45000,75000,28000,2025-02-23 13:00:00,2025-02-23 05:00:00,2025-02-28 05:00:00,Rejected
CLM-002071,TICK-018327,Missed Connection,108000,75000,68000,2025-10-09 19:17:00,2025-10-09 11:17:00,2025-10-14 11:17:00,Approved
CLM-002072,TICK-018329,Missed Connection,112000,100000,78000,2025-06-09 02:48:00,2025-06-09 00:48:00,2025-06-13 00:48:00,Rejected
CLM-002073,TICK-018333,Missed Connection,87000,50000,58000,2025-02-23 13:09:00,2025-02-23 11:09:00,2025-02-28 11:09:00,Approved
CLM-002074,TICK-018336,Missed Connection,99000,75000,62000,2025-06-09 02:10:00,2025-06-08 20:10:00,2025-06-10 20:10:00,Approved
CLM-002075,TICK-018342,Missed Connection,140000,100000,98000,2025-12-23 08:39:00,2025-12-23 01:39:00,,Pending
CLM-002076,TICK-018347,Missed Connection,56000,50000,36000,2025-08-23 08:34:00,2025-08-23 05:34:00,,Pending
CLM-002077,TICK-018351,Missed Connection,93000,50000,65000,2025-12-09 19:10:00,2025-12-09 12:10:00,2025-12-11 12:10:00,Approved
CLM-002078,TICK-018353,Missed Connection,86000,75000,55000,2025-11-23 17:53:00,2025-11-23 10:53:00,2025-11-26 10:53:00,Approved
CLM-002079,TICK-018358,Missed Connection,147000,50000,98000,2025-07-23 06:26:00,2025-07-23 05:26:00,2025-07-27 05:26:00,Approved
CLM-002080,TICK-018365,Missed Connection,148000,75000,93000,2025-02-23 05:25:00,2025-02-23 02:25:00,2025-02-25 02:25:00,Approved
CLM-002081,TICK-018387,Missed Connection,89000,75000,62000,2025-06-09 07:10:00,2025-06-09 01:10:00,2025-06-10 01:10:00,Approved
CLM-002082,TICK-018395,Missed Connection,82000,75000,58000,2025-02-09 11:14:00,2025-02-09 03:14:00,2025-02-13 03:14:00,Approved
CLM-002083,TICK-018403,Missed Connection,148000,50000,93000,2025-12-23 13:17:00,2025-12-23 09:17:00,2025-12-24 09:17:00,Approved
CLM-002084,TICK-018410,Missed Connection,74000,75000,47000,2025-07-23 21:39:00,2025-07-23 15:39:00,2025-07-25 15:39:00,Approved
CLM-002085,TICK-018412,Missed Connection,181000,75000,114000,2025-12-09 15:31:00,2025-12-09 08:31:00,2025-12-11 08:31:00,Approved
CLM-002086,TICK-018415,Missed Connection,186000,75000,117000,2025-06-23 18:02:00,2025-06-23 12:02:00,2025-06-27 12:02:00,Approved
CLM-002087,TICK-018423,Missed Connection,150000,75000,95000,2025-11-22 20:16:00,2025-11-22 18:16:00,2025-11-27 18:16:00,Approved
CLM-002088,TICK-018426,Missed Connection,52000,50000,34000,2025-06-09 14:55:00,2025-06-09 10:55:00,2025-06-11 10:55:00,Approved
CLM-002089,TICK-018431,Missed Connection,131000,50000,87000,2025-07-09 12:48:00,2025-07-09 08:48:00,2025-07-13 08:48:00,Approved
CLM-002090,TICK-018438,Missed Connection,45000,50000,28000,2025-01-09 09:24:00,2025-01-09 08:24:00,2025-01-10 08:24:00,Approved
CLM-002091,TICK-018443,Missed Connection,158000,75000,105000,2025-07-09 20:31:00,2025-07-09 12:31:00,2025-07-10 12:31:00,Approved
CLM-002092,TICK-018451,Missed Connection,87000,50000,58000,2025-03-22 21:47:00,2025-03-22 20:47:00,2025-03-24 20:47:00,Approved
CLM-002093,TICK-018466,Missed Connection,94000,100000,62000,2025-06-23 00:11:00,2025-06-22 20:11:00,2025-06-24 20:11:00,Approved
CLM-002094,TICK-018473,Missed Connection,215000,50000,142000,2025-07-09 03:09:00,2025-07-09 01:09:00,,Pending
CLM-002095,TICK-018475,Missed Connection,190000,50000,126000,2025-11-09 17:34:00,2025-11-09 15:34:00,2025-11-10 15:34:00,Approved
CLM-002096,TICK-018480,Missed Connection,138000,75000,87000,2025-07-09 10:48:00,2025-07-09 05:48:00,2025-07-11 05:48:00,Approved
CLM-002097,TICK-018492,Missed Connection,87000,50000,58000,2025-08-23 11:17:00,2025-08-23 05:17:00,2025-08-28 05:17:00,Rejected
CLM-002098,TICK-018495,Missed Connection,195000,75000,123000,2025-03-09 11:22:00,2025-03-09 08:22:00,2025-03-13 08:22:00,Approved
CLM-002099,TICK-018497,Missed Connection,261000,75000,164000,2025-07-08 18:35:00,2025-07-08 16:35:00,2025-07-09 16:35:00,Approved
CLM-002100,TICK-018505,Missed Connection,161000,75000,102000,2025-03-23 10:09:00,2025-03-23 03:09:00,,Pending
CLM-002101,TICK-018512,Missed Connection,128000,50000,81000,2025-10-09 02:53:00,2025-10-08 20:53:00,2025-10-13 20:53:00,Approved
CLM-002102,TICK-018520,Missed Connection,99000,50000,62000,2025-06-24 00:44:00,2025-06-23 23:44:00,,Pending
CLM-002103,TICK-018527,Missed Connection,186000,75000,117000,2025-12-23 05:09:00,2025-12-22 21:09:00,,Pending
CLM-002104,TICK-018529,Missed Connection,110000,75000,70000,2025-12-08 23:36:00,2025-12-08 19:36:00,2025-12-11 19:36:00,Approved
CLM-002105,TICK-018531,Missed Connection,54000,100000,34000,2025-12-10 00:54:00,2025-12-09 16:54:00,2025-12-14 16:54:00,Approved
CLM-002106,TICK-018534,Missed Connection,150000,75000,95000,2025-08-08 22:17:00,2025-08-08 16:17:00,2025-08-09 16:17:00,Approved
CLM-002107,TICK-018545,Missed Connection,118000,50000,83000,2025-05-23 22:14:00,2025-05-23 17:14:00,2025-05-25 17:14:00,Approved
CLM-002108,TICK-018554,Missed Connection,86000,50000,55000,2025-08-23 01:33:00,2025-08-22 18:33:00,2025-08-24 18:33:00,Approved
CLM-002109,TICK-018569,Missed Connection,154000,50000,97000,2025-07-23 17:23:00,2025-07-23 16:23:00,2025-07-24 16:23:00,Approved
CLM-002110,TICK-018576,Missed Connection,154000,75000,97000,2025-10-23 21:02:00,2025-10-23 15:02:00,2025-10-25 15:02:00,Approved
CLM-002111,TICK-018582,Missed Connection,150000,75000,95000,2025-11-22 20:08:00,2025-11-22 19:08:00,,Pending
CLM-002112,TICK-018588,Missed Connection,124000,100000,78000,2025-10-09 02:02:00,2025-10-08 22:02:00,2025-10-10 22:02:00,Approved
CLM-002113,TICK-018601,Missed Connection,118000,100000,78000,2025-07-24 04:24:00,2025-07-23 22:24:00,2025-07-27 22:24:00,Approved
CLM-002114,TICK-018603,Missed Connection,76000,75000,48000,2025-10-09 09:43:00,2025-10-09 08:43:00,,Pending
CLM-002115,TICK-018605,Missed Connection,140000,75000,98000,2025-12-09 13:31:00,2025-12-09 05:31:00,2025-12-12 05:31:00,Approved
CLM-002116,TICK-018614,Missed Connection,74000,75000,49000,2025-02-24 01:36:00,2025-02-24 00:36:00,2025-02-25 00:36:00,Rejected
CLM-002117,TICK-018616,Missed Connection,142000,100000,90000,2025-07-09 08:41:00,2025-07-09 03:41:00,2025-07-12 03:41:00,Approved
CLM-002118,TICK-018622,Missed Connection,188000,75000,119000,2025-03-22 22:24:00,2025-03-22 18:24:00,2025-03-23 18:24:00,Approved
CLM-002119,TICK-018625,Missed Connection,92000,50000,58000,2025-02-08 23:04:00,2025-02-08 16:04:00,2025-02-13 16:04:00,Approved
CLM-002120,TICK-018629,Missed Connection,120000,75000,76000,2025-11-23 10:26:00,2025-11-23 02:26:00,2025-11-25 02:26:00,Approved
CLM-002121,TICK-018641,Missed Connection,138000,50000,87000,2025-07-09 06:48:00,2025-07-09 02:48:00,,Pending
CLM-002122,TICK-018655,Missed Connection,116000,50000,81000,2025-05-23 06:03:00,2025-05-22 23:03:00,2025-05-27 23:03:00,Approved
CLM-002123,TICK-018658,Missed Connection,250000,50000,158000,2025-12-23 13:02:00,2025-12-23 07:02:00,2025-12-25 07:02:00,Approved
CLM-002124,TICK-018660,Missed Connection,178000,75000,119000,2025-09-23 12:53:00,2025-09-23 05:53:00,2025-09-25 05:53:00,Approved
CLM-002125,TICK-018669,Missed Connection,138000,75000,87000,2025-07-23 18:21:00,2025-07-23 12:21:00,2025-07-25 12:21:00,Approved
CLM-002126,TICK-018678,Missed Connection,35000,100000,24000,2025-02-23 17:26:00,2025-02-23 10:26:00,2025-02-24 10:26:00,Approved
CLM-002127,TICK-018699,Missed Connection,112000,100000,75000,2025-05-23 19:19:00,2025-05-23 15:19:00,2025-05-26 15:19:00,Approved
CLM-002128,TICK-018701,Missed Connection,176000,50000,117000,2025-06-23 17:02:00,2025-06-23 12:02:00,2025-06-24 12:02:00,Approved
CLM-002129,TICK-018728,Missed Connection,150000,100000,105000,2025-06-23 15:24:00,2025-06-23 11:24:00,2025-06-25 11:24:00,Rejected
CLM-002130,TICK-018732,Missed Connection,186000,50000,117000,2025-06-23 17:42:00,2025-06-23 14:42:00,2025-06-28 14:42:00,Approved
CLM-002131,TICK-018734,Missed Connection,94000,75000,62000,2025-06-23 01:11:00,2025-06-22 20:11:00,2025-06-27 20:11:00,Approved
CLM-002132,TICK-018740,Missed Connection,51000,75000,36000,2025-01-22 23:23:00,2025-01-22 21:23:00,2025-01-27 21:23:00,Approved
CLM-002133,TICK-018744,Missed Connection,142000,100000,90000,2025-06-24 02:36:00,2025-06-23 21:36:00,2025-06-24 21:36:00,Approved
CLM-002134,TICK-018754,Missed Connection,178000,75000,112000,2025-05-23 08:30:00,2025-05-23 06:30:00,2025-05-26 06:30:00,Approved
CLM-002135,TICK-018762,Missed Connection,74000,75000,47000,2025-06-23 23:09:00,2025-06-23 17:09:00,2025-06-27 17:09:00,Approved
CLM-002136,TICK-018766,Missed Connection,123000,75000,78000,2025-06-23 15:28:00,2025-06-23 12:28:00,2025-06-27 12:28:00,Approved
CLM-002137,TICK-018775,Missed Connection,215000,50000,142000,2025-12-09 06:35:00,2025-12-09 04:35:00,,Pending
CLM-002138,TICK-018781,Missed Connection,45000,50000,28000,2025-03-09 09:53:00,2025-03-09 02:53:00,2025-03-10 02:53:00,Approved
CLM-002139,TICK-018792,Missed Connection,124000,75000,78000,2025-12-22 21:10:00,2025-12-22 14:10:00,,Pending
CLM-002140,TICK-018805,Missed Connection,119000,75000,75000,2025-03-23 18:54:00,2025-03-23 15:54:00,2025-03-28 15:54:00,Approved
CLM-002141,TICK-018817,Missed Connection,158000,75000,105000,2025-12-09 18:35:00,2025-12-09 12:35:00,2025-12-10 12:35:00,Approved
CLM-002142,TICK-018821,Missed Connection,62000,75000,39000,2025-02-09 05:46:00,2025-02-09 03:46:00,2025-02-14 03:46:00,Approved
CLM-002143,TICK-018831,Missed Connection,104000,75000,65000,2025-12-23 12:10:00,2025-12-23 08:10:00,,Pending
CLM-002144,TICK-018833,Missed Connection,155000,50000,98000,2025-12-23 12:09:00,2025-12-23 10:09:00,2025-12-25 10:09:00,Rejected
CLM-002145,TICK-018848,Missed Connection,92000,50000,58000,2025-08-09 10:44:00,2025-08-09 05:44:00,2025-08-11 05:44:00,Approved
CLM-002146,TICK-018866,Missed Connection,142000,75000,90000,2025-07-09 21:04:00,2025-07-09 20:04:00,2025-07-10 20:04:00,Approved
CLM-002147,TICK-018873,Missed Connection,42000,75000,28000,2025-03-23 09:23:00,2025-03-23 05:23:00,2025-03-25 05:23:00,Approved
CLM-002148,TICK-018876,Missed Connection,139000,100000,97000,2025-09-09 19:19:00,2025-09-09 15:19:00,2025-09-14 15:19:00,Approved
CLM-002149,TICK-018883,Missed Connection,178000,75000,119000,2025-02-09 13:20:00,2025-02-09 11:20:00,2025-02-10 11:20:00,Approved
CLM-002150,TICK-018886,Missed Connection,51000,75000,36000,2025-02-09 06:01:00,2025-02-09 01:01:00,,Pending
CLM-002151,TICK-018893,Missed Connection,104000,75000,73000,2025-07-23 00:10:00,2025-07-22 19:10:00,2025-07-25 19:10:00,Approved
CLM-002152,TICK-018896,Missed Connection,86000,100000,55000,2025-01-23 09:20:00,2025-01-23 07:20:00,2025-01-25 07:20:00,Approved
CLM-002153,TICK-018898,Missed Connection,138000,50000,87000,2025-07-23 18:21:00,2025-07-23 10:21:00,,Pending
CLM-002154,TICK-018902,Missed Connection,240000,75000,152000,2025-07-09 21:25:00,2025-07-09 16:25:00,2025-07-13 16:25:00,Approved
CLM-002155,TICK-018906,Missed Connection,92000,75000,65000,2025-11-08 20:10:00,2025-11-08 17:10:00,2025-11-11 17:10:00,Approved
CLM-002156,TICK-018919,Missed Connection,167000,50000,105000,2025-07-23 06:13:00,2025-07-23 03:13:00,2025-07-24 03:13:00,Approved
CLM-002157,TICK-018926,Missed Connection,82000,50000,52000,2025-11-09 14:32:00,2025-11-09 12:32:00,2025-11-12 12:32:00,Approved
CLM-002158,TICK-018928,Missed Connection,141000,50000,93000,2025-12-23 20:17:00,2025-12-23 15:17:00,2025-12-26 15:17:00,Approved
CLM-002159,TICK-018947,Missed Connection,155000,50000,98000,2025-11-22 23:26:00,2025-11-22 15:26:00,2025-11-26 15:26:00,Approved
CLM-002160,TICK-018951,Missed Connection,116000,75000,73000,2025-12-23 08:16:00,2025-12-23 04:16:00,2025-12-27 04:16:00,Approved
CLM-002161,TICK-018962,Missed Connection,119000,100000,75000,2025-05-09 18:56:00,2025-05-09 14:56:00,2025-05-13 14:56:00,Approved
CLM-002162,TICK-018974,Missed Connection,186000,50000,117000,2025-12-23 01:09:00,2025-12-23 00:09:00,2025-12-24 00:09:00,Approved
CLM-002163,TICK-018981,Missed Connection,40000,50000,28000,2025-08-23 18:26:00,2025-08-23 14:26:00,2025-08-24 14:26:00,Approved
CLM-002164,TICK-018984,Missed Connection,133000,50000,93000,2025-12-24 03:05:00,2025-12-24 00:05:00,2025-12-25 00:05:00,Approved
CLM-002165,TICK-018986,Missed Connection,104000,75000,65000,2025-12-23 11:10:00,2025-12-23 04:10:00,2025-12-27 04:10:00,Approved
CLM-002166,TICK-018988,Missed Connection,142000,75000,90000,2025-12-09 06:29:00,2025-12-09 04:29:00,2025-12-11 04:29:00,Approved
CLM-002167,TICK-018997,Missed Connection,138000,50000,87000,2025-07-23 09:21:00,2025-07-23 05:21:00,2025-07-28 05:21:00,Approved
CLM-002168,TICK-018999,Missed Connection,124000,100000,78000,2025-09-09 12:22:00,2025-09-09 07:22:00,2025-09-10 07:22:00,Approved
CLM-002169,TICK-019002,Missed Connection,146000,50000,92000,2025-02-23 10:57:00,2025-02-23 09:57:00,2025-02-28 09:57:00,Approved
CLM-002170,TICK-019021,Missed Connection,82000,75000,52000,2025-02-09 02:47:00,2025-02-09 01:47:00,,Pending
CLM-002171,TICK-019027,Missed Connection,194000,75000,122000,2025-12-09 04:58:00,2025-12-09 00:58:00,2025-12-13 00:58:00,Approved
CLM-002172,TICK-019036,Missed Connection,110000,50000,70000,2025-07-22 20:06:00,2025-07-22 15:06:00,2025-07-27 15:06:00,Approved
CLM-002173,TICK-019039,Missed Connection,79000,50000,52000,2025-04-08 17:10:00,2025-04-08 15:10:00,2025-04-10 15:10:00,Approved
CLM-002174,TICK-019058,Missed Connection,138000,50000,87000,2025-12-23 02:19:00,2025-12-22 18:19:00,2025-12-25 18:19:00,Approved
CLM-002175,TICK-019078,Missed Connection,172000,100000,114000,2025-06-23 14:40:00,2025-06-23 09:40:00,,Pending
CLM-002176,TICK-019098,Missed Connection,148000,75000,93000,2025-11-08 20:57:00,2025-11-08 18:57:00,2025-11-13 18:57:00,Approved
CLM-002177,TICK-019131,Missed Connection,84000,75000,59000,2025-07-09 14:16:00,2025-07-09 07:16:00,2025-07-12 07:16:00,Approved
CLM-002178,TICK-019135,Missed Connection,104000,75000,65000,2025-06-23 15:10:00,2025-06-23 09:10:00,2025-06-26 09:10:00,Approved
CLM-002179,TICK-019175,Missed Connection,128000,50000,90000,2025-06-23 18:38:00,2025-06-23 13:38:00,2025-06-26 13:38:00,Approved
CLM-002180,TICK-019185,Missed Connection,119000,75000,75000,2025-04-23 17:41:00,2025-04-23 14:41:00,2025-04-28 14:41:00,Approved
CLM-002181,TICK-019195,Missed Connection,129000,75000,81000,2025-08-22 14:03:00,2025-08-22 13:03:00,2025-08-26 13:03:00,Approved
CLM-002182,TICK-019199,Missed Connection,154000,75000,97000,2025-04-09 22:06:00,2025-04-09 18:06:00,2025-04-12 18:06:00,Approved
CLM-002183,TICK-019203,Missed Connection,59000,100000,39000,2025-01-09 12:19:00,2025-01-09 04:19:00,2025-01-11 04:19:00,Approved
CLM-002184,TICK-019208,Missed Connection,203000,75000,142000,2025-07-23 00:17:00,2025-07-22 19:17:00,2025-07-23 19:17:00,Rejected
CLM-002185,TICK-019220,Missed Connection,118000,75000,78000,2025-06-09 09:51:00,2025-06-09 02:51:00,2025-06-10 02:51:00,Approved
CLM-002186,TICK-019224,Missed Connection,94000,100000,62000,2025-12-23 14:48:00,2025-12-23 13:48:00,2025-12-28 13:48:00,Approved
CLM-002187,TICK-019230,Missed Connection,104000,50000,65000,2025-06-09 12:10:00,2025-06-09 05:10:00,2025-06-11 05:10:00,Approved
CLM-002188,TICK-019253,Missed Connection,92000,50000,58000,2025-05-08 20:50:00,2025-05-08 15:50:00,2025-05-09 15:50:00,Approved
CLM-002189,TICK-019259,Missed Connection,124000,75000,78000,2025-12-09 03:10:00,2025-12-09 01:10:00,2025-12-10 01:10:00,Approved
CLM-002190,TICK-019272,Missed Connection,184000,75000,122000,2025-06-09 13:53:00,2025-06-09 06:53:00,2025-06-12 06:53:00,Approved
CLM-002191,TICK-019274,Missed Connection,124000,50000,78000,2025-07-22 23:10:00,2025-07-22 18:10:00,,Pending
CLM-002192,TICK-019278,Missed Connection,115000,50000,72000,2025-09-23 04:16:00,2025-09-23 02:16:00,2025-09-28 02:16:00,Approved
CLM-002193,TICK-019315,Missed Connection,147000,75000,98000,2025-07-09 06:45:00,2025-07-09 04:45:00,2025-07-12 04:45:00,Approved
CLM-002194,TICK-019329,Missed Connection,52000,75000,34000,2025-06-23 06:32:00,2025-06-23 03:32:00,2025-06-26 03:32:00,Approved
CLM-002195,TICK-019339,Missed Connection,62000,100000,39000,2025-09-23 17:40:00,2025-09-23 12:40:00,2025-09-27 12:40:00,Rejected
CLM-002196,TICK-019341,Missed Connection,129000,75000,81000,2025-03-23 07:24:00,2025-03-22 23:24:00,2025-03-26 23:24:00,Approved
CLM-002197,TICK-019358,Missed Connection,154000,75000,97000,2025-02-09 06:22:00,2025-02-08 23:22:00,2025-02-13 23:22:00,Approved
CLM-002198,TICK-019373,Missed Connection,74000,50000,52000,2025-11-23 13:10:00,2025-11-23 07:10:00,2025-11-27 07:10:00,Rejected
CLM-002199,TICK-019379,Missed Connection,194000,100000,122000,2025-12-09 06:53:00,2025-12-08 23:53:00,2025-12-09 23:53:00,Approved
CLM-002200,TICK-019381,Missed Connection,104000,50000,65000,2025-12-23 07:10:00,2025-12-23 06:10:00,,Pending
CLM-002201,TICK-019399,Missed Connection,78000,50000,55000,2025-01-09 02:10:00,2025-01-09 00:10:00,2025-01-12 00:10:00,Approved
CLM-002202,TICK-019403,Missed Connection,208000,50000,132000,2025-11-09 15:34:00,2025-11-09 11:34:00,2025-11-13 11:34:00,Approved
CLM-002203,TICK-019407,Missed Connection,216000,75000,152000,2025-06-10 01:32:00,2025-06-10 00:32:00,2025-06-12 00:32:00,Approved
CLM-002204,TICK-019421,Missed Connection,45000,50000,28000,2025-02-23 06:00:00,2025-02-23 03:00:00,2025-02-25 03:00:00,Approved
CLM-002205,TICK-019429,Missed Connection,108000,50000,68000,2025-04-09 07:49:00,2025-04-09 06:49:00,2025-04-10 06:49:00,Approved
CLM-002206,TICK-019441,Missed Connection,180000,50000,126000,2025-11-09 23:05:00,2025-11-09 17:05:00,2025-11-13 17:05:00,Approved
CLM-002207,TICK-019443,Missed Connection,116000,75000,81000,2025-11-23 04:16:00,2025-11-22 20:16:00,2025-11-25 20:16:00,Approved
CLM-002208,TICK-019476,Missed Connection,89000,75000,62000,2025-12-23 14:48:00,2025-12-23 10:48:00,2025-12-26 10:48:00,Approved
CLM-002209,TICK-019484,Missed Connection,142000,50000,95000,2025-09-23 04:29:00,2025-09-22 20:29:00,2025-09-27 20:29:00,Rejected
CLM-002210,TICK-019486,Missed Connection,178000,100000,119000,2025-01-08 17:23:00,2025-01-08 14:23:00,2025-01-10 14:23:00,Approved
CLM-002211,TICK-019492,Missed Connection,82000,50000,52000,2025-05-23 02:36:00,2025-05-23 00:36:00,2025-05-28 00:36:00,Approved
CLM-002212,TICK-019504,Missed Connection,200000,75000,126000,2025-03-23 09:25:00,2025-03-23 04:25:00,2025-03-25 04:25:00,Approved
CLM-002213,TICK-019511,Missed Connection,186000,50000,117000,2025-07-23 12:02:00,2025-07-23 06:02:00,2025-07-25 06:02:00,Approved
CLM-002214,TICK-019514,Missed Connection,154000,75000,97000,2025-10-23 20:02:00,2025-10-23 15:02:00,2025-10-28 15:02:00,Rejected
CLM-002215,TICK-019522,Missed Connection,49000,50000,34000,2025-12-09 02:44:00,2025-12-08 22:44:00,,Pending
CLM-002216,TICK-019531,Missed Connection,240000,100000,152000,2025-07-23 10:25:00,2025-07-23 07:25:00,2025-07-26 07:25:00,Rejected
CLM-002217,TICK-019546,Missed Connection,131000,75000,87000,2025-12-22 16:19:00,2025-12-22 14:19:00,2025-12-25 14:19:00,Rejected
CLM-002218,TICK-019556,Missed Connection,136000,50000,95000,2025-04-23 02:14:00,2025-04-22 22:14:00,2025-04-27 22:14:00,Approved
CLM-002219,TICK-019568,Missed Connection,92000,75000,58000,2025-09-09 03:50:00,2025-09-08 22:50:00,2025-09-13 22:50:00,Approved
CLM-002220,TICK-019574,Missed Connection,106000,50000,66000,2025-11-23 09:56:00,2025-11-23 01:56:00,2025-11-27 01:56:00,Approved
CLM-002221,TICK-019589,Missed Connection,62000,50000,39000,2025-11-09 11:29:00,2025-11-09 07:29:00,2025-11-12 07:29:00,Approved
CLM-002222,TICK-019592,Missed Connection,148000,75000,93000,2025-02-09 05:04:00,2025-02-09 02:04:00,2025-02-13 02:04:00,Approved
CLM-002223,TICK-019597,Missed Connection,146000,50000,92000,2025-09-23 14:04:00,2025-09-23 13:04:00,2025-09-24 13:04:00,Rejected
CLM-002224,TICK-019626,Missed Connection,141000,50000,93000,2025-12-23 16:17:00,2025-12-23 13:17:00,2025-12-24 13:17:00,Approved
CLM-002225,TICK-019633,Missed Connection,130000,75000,91000,2025-06-09 01:58:00,2025-06-08 22:58:00,2025-06-10 22:58:00,Approved
CLM-002226,TICK-019643,Missed Connection,119000,75000,75000,2025-10-23 08:25:00,2025-10-23 07:25:00,2025-10-24 07:25:00,Approved
CLM-002227,TICK-019648,Missed Connection,92000,75000,61000,2025-01-10 09:04:00,2025-01-10 06:04:00,2025-01-15 06:04:00,Approved
CLM-002228,TICK-019674,Missed Connection,183000,75000,115000,2025-10-23 05:06:00,2025-10-22 23:06:00,2025-10-24 23:06:00,Approved
CLM-002229,TICK-019683,Missed Connection,93000,100000,65000,2025-06-23 14:10:00,2025-06-23 09:10:00,2025-06-28 09:10:00,Approved
CLM-002230,TICK-019694,Missed Connection,167000,75000,105000,2025-12-09 13:35:00,2025-12-09 07:35:00,2025-12-12 07:35:00,Approved
CLM-002231,TICK-019702,Missed Connection,139000,50000,97000,2025-04-09 22:06:00,2025-04-09 15:06:00,2025-04-11 15:06:00,Approved
CLM-002232,TICK-019712,Missed Connection,99000,50000,62000,2025-06-23 10:39:00,2025-06-23 06:39:00,2025-06-28 06:39:00,Approved
CLM-002233,TICK-019718,Missed Connection,101000,100000,71000,2025-07-23 15:03:00,2025-07-23 12:03:00,2025-07-26 12:03:00,Approved
CLM-002234,TICK-019723,Missed Connection,110000,100000,70000,2025-07-09 14:43:00,2025-07-09 06:43:00,2025-07-10 06:43:00,Approved
CLM-002235,TICK-019753,Missed Connection,78000,50000,52000,2025-05-09 03:04:00,2025-05-09 01:04:00,2025-05-13 01:04:00,Approved
CLM-002236,TICK-019765,Missed Connection,110000,50000,70000,2025-07-08 23:16:00,2025-07-08 19:16:00,2025-07-12 19:16:00,Approved
CLM-002237,TICK-019771,Missed Connection,124000,75000,78000,2025-01-09 06:19:00,2025-01-08 23:19:00,,Pending
CLM-002238,TICK-019783,Missed Connection,40000,50000,28000,2025-11-23 06:35:00,2025-11-22 22:35:00,2025-11-27 22:35:00,Approved
CLM-002239,TICK-019786,Missed Connection,115000,50000,72000,2025-09-23 18:42:00,2025-09-23 10:42:00,2025-09-24 10:42:00,Approved
CLM-002240,TICK-019788,Missed Connection,92000,75000,58000,2025-10-23 12:44:00,2025-10-23 05:44:00,2025-10-27 05:44:00,Approved
CLM-002241,TICK-019795,Missed Connection,93000,50000,59000,2025-12-09 12:02:00,2025-12-09 10:02:00,2025-12-12 10:02:00,Approved
CLM-002242,TICK-019798,Missed Connection,93000,50000,59000,2025-12-09 21:42:00,2025-12-09 19:42:00,2025-12-13 19:42:00,Approved
CLM-002243,TICK-019823,Missed Connection,136000,50000,90000,2025-07-23 04:38:00,2025-07-22 20:38:00,2025-07-26 20:38:00,Rejected
CLM-002244,TICK-019829,Missed Connection,142000,75000,90000,2025-12-09 15:05:00,2025-12-09 12:05:00,2025-12-10 12:05:00,Approved
CLM-002245,TICK-019848,Missed Connection,93000,100000,59000,2025-12-09 16:02:00,2025-12-09 14:02:00,2025-12-10 14:02:00,Approved
CLM-002246,TICK-019850,Missed Connection,110000,50000,70000,2025-12-09 00:00:00,2025-12-08 20:00:00,2025-12-10 20:00:00,Approved
CLM-002247,TICK-019859,Missed Connection,188000,50000,119000,2025-10-09 14:40:00,2025-10-09 10:40:00,2025-10-14 10:40:00,Approved
CLM-002248,TICK-019872,Missed Connection,98000,50000,65000,2025-08-23 14:10:00,2025-08-23 09:10:00,2025-08-27 09:10:00,Approved
CLM-002249,TICK-019882,Missed Connection,115000,75000,72000,2025-09-23 16:42:00,2025-09-23 10:42:00,2025-09-27 10:42:00,Approved
CLM-002250,TICK-019890,Missed Connection,226000,75000,142000,2025-12-23 07:09:00,2025-12-23 02:09:00,2025-12-24 02:09:00,Approved
CLM-002251,TICK-019893,Missed Connection,68000,50000,48000,2025-09-24 02:14:00,2025-09-23 19:14:00,2025-09-24 19:14:00,Approved
CLM-002252,TICK-019901,Missed Connection,104000,50000,65000,2025-07-23 00:10:00,2025-07-22 22:10:00,2025-07-27 22:10:00,Approved
CLM-002253,TICK-019904,Missed Connection,82000,50000,52000,2025-02-23 13:40:00,2025-02-23 11:40:00,2025-02-28 11:40:00,Approved
CLM-002254,TICK-019908,Missed Connection,147000,50000,98000,2025-03-08 20:10:00,2025-03-08 19:10:00,2025-03-09 19:10:00,Approved
CLM-002255,TICK-019911,Missed Connection,170000,50000,112000,2025-06-09 09:44:00,2025-06-09 02:44:00,2025-06-11 02:44:00,Approved
CLM-002256,TICK-019919,Missed Connection,148000,50000,93000,2025-06-23 16:01:00,2025-06-23 14:01:00,2025-06-24 14:01:00,Approved
CLM-002257,TICK-019923,Missed Connection,45000,75000,28000,2025-02-23 08:00:00,2025-02-23 03:00:00,2025-02-24 03:00:00,Approved
CLM-002258,TICK-019930,Missed Connection,240000,50000,152000,2025-07-23 17:25:00,2025-07-23 10:25:00,2025-07-24 10:25:00,Approved
CLM-002259,TICK-019935,Missed Connection,154000,75000,97000,2025-01-23 14:11:00,2025-01-23 08:11:00,2025-01-25 08:11:00,Approved
CLM-002260,TICK-019942,Missed Connection,79000,100000,52000,2025-05-09 03:18:00,2025-05-08 23:18:00,2025-05-09 23:18:00,Approved
CLM-002261,TICK-019970,Missed Connection,87000,50000,58000,2025-02-09 16:14:00,2025-02-09 09:14:00,2025-02-11 09:14:00,Approved
CLM-002262,TICK-019976,Missed Connection,140000,50000,88000,2025-04-23 19:14:00,2025-04-23 11:14:00,2025-04-27 11:14:00,Approved
CLM-002263,TICK-019980,Missed Connection,49000,50000,34000,2025-07-23 07:26:00,2025-07-23 04:26:00,2025-07-24 04:26:00,Approved
CLM-002264,TICK-019993,Missed Connection,124000,75000,78000,2025-06-10 02:10:00,2025-06-09 18:10:00,2025-06-11 18:10:00,Approved
CLM-002265,TICK-019995,Missed Connection,99000,100000,62000,2025-06-09 05:10:00,2025-06-09 01:10:00,,Pending
CLM-002266,TICK-020002,Missed Connection,131000,50000,87000,2025-06-08 22:05:00,2025-06-08 21:05:00,,Pending
CLM-002267,TICK-020017,Missed Connection,110000,75000,70000,2025-12-23 12:27:00,2025-12-23 10:27:00,,Pending
CLM-002268,TICK-020025,Missed Connection,142000,50000,90000,2025-12-10 05:57:00,2025-12-10 01:57:00,2025-12-12 01:57:00,Approved
CLM-002269,TICK-020029,Missed Connection,123000,50000,82000,2025-07-09 15:13:00,2025-07-09 14:13:00,,Pending
CLM-002270,TICK-020034,Missed Connection,261000,50000,164000,2025-12-22 23:13:00,2025-12-22 20:13:00,2025-12-24 20:13:00,Approved
CLM-002271,TICK-020042,Missed Connection,118000,75000,78000,2025-09-09 08:03:00,2025-09-09 06:03:00,2025-09-14 06:03:00,Approved
CLM-002272,TICK-020044,Missed Connection,99000,50000,62000,2025-07-09 09:41:00,2025-07-09 05:41:00,2025-07-11 05:41:00,Approved
CLM-002273,TICK-020047,Missed Connection,110000,50000,70000,2025-12-23 13:20:00,2025-12-23 10:20:00,2025-12-25 10:20:00,Approved
CLM-002274,TICK-020053,Missed Connection,86000,50000,55000,2025-05-23 02:10:00,2025-05-22 21:10:00,2025-05-27 21:10:00,Approved
CLM-002275,TICK-020061,Missed Connection,160000,50000,112000,2025-12-23 11:28:00,2025-12-23 04:28:00,2025-12-26 04:28:00,Approved
CLM-002276,TICK-020072,Missed Connection,99000,75000,65000,2025-06-08 23:26:00,2025-06-08 15:26:00,2025-06-13 15:26:00,Approved
CLM-002277,TICK-020097,Missed Connection,94000,50000,62000,2025-06-23 20:44:00,2025-06-23 16:44:00,2025-06-27 16:44:00,Approved
CLM-002278,TICK-020099,Missed Connection,155000,50000,98000,2025-06-09 06:39:00,2025-06-08 22:39:00,,Pending
CLM-002279,TICK-020103,Missed Connection,140000,50000,88000,2025-03-09 04:39:00,2025-03-09 02:39:00,2025-03-10 02:39:00,Approved
CLM-002280,TICK-020107,Missed Connection,111000,75000,78000,2025-06-23 20:28:00,2025-06-23 12:28:00,2025-06-26 12:28:00,Approved
CLM-002281,TICK-020109,Missed Connection,138000,100000,87000,2025-07-23 16:21:00,2025-07-23 08:21:00,2025-07-28 08:21:00,Approved
CLM-002282,TICK-020118,Missed Connection,194000,75000,122000,2025-12-09 06:58:00,2025-12-09 00:58:00,2025-12-12 00:58:00,Approved
CLM-002283,TICK-020124,Missed Connection,128000,75000,81000,2025-11-09 17:11:00,2025-11-09 15:11:00,2025-11-13 15:11:00,Approved
CLM-002284,TICK-020127,Missed Connection,116000,50000,81000,2025-03-09 10:03:00,2025-03-09 02:03:00,2025-03-12 02:03:00,Approved
CLM-002285,TICK-020131,Missed Connection,112000,75000,75000,2025-09-23 06:55:00,2025-09-23 05:55:00,2025-09-24 05:55:00,Approved
CLM-002286,TICK-020144,Missed Connection,99000,75000,62000,2025-07-09 07:10:00,2025-07-09 03:10:00,,Pending
CLM-002287,TICK-020148,Missed Connection,178000,100000,112000,2025-12-09 15:25:00,2025-12-09 11:25:00,2025-12-12 11:25:00,Approved
CLM-002288,TICK-020150,Missed Connection,138000,75000,87000,2025-07-23 13:21:00,2025-07-23 11:21:00,2025-07-24 11:21:00,Approved
CLM-002289,TICK-020156,Missed Connection,100000,75000,70000,2025-07-22 17:06:00,2025-07-22 16:06:00,2025-07-23 16:06:00,Approved
CLM-002290,TICK-020175,Missed Connection,141000,75000,93000,2025-01-09 19:28:00,2025-01-09 14:28:00,2025-01-11 14:28:00,Approved
CLM-002291,TICK-020178,Missed Connection,119000,75000,75000,2025-09-09 08:28:00,2025-09-09 05:28:00,2025-09-13 05:28:00,Approved
CLM-002292,TICK-020184,Missed Connection,67000,50000,47000,2025-03-09 20:37:00,2025-03-09 19:37:00,2025-03-11 19:37:00,Approved
CLM-002293,TICK-020198,Missed Connection,54000,50000,34000,2025-07-09 07:24:00,2025-07-09 03:24:00,2025-07-14 03:24:00,Approved
CLM-002294,TICK-020207,Missed Connection,155000,50000,98000,2025-03-23 06:03:00,2025-03-23 05:03:00,2025-03-24 05:03:00,Approved
CLM-002295,TICK-020217,Missed Connection,124000,50000,78000,2025-10-09 06:02:00,2025-10-09 00:02:00,2025-10-10 00:02:00,Approved
CLM-002296,TICK-020228,Missed Connection,181000,50000,114000,2025-12-09 05:31:00,2025-12-09 03:31:00,2025-12-13 03:31:00,Approved
CLM-002297,TICK-020234,Missed Connection,119000,50000,75000,2025-04-23 18:55:00,2025-04-23 11:55:00,2025-04-28 11:55:00,Approved
CLM-002298,TICK-020236,Missed Connection,115000,75000,72000,2025-09-09 18:29:00,2025-09-09 12:29:00,2025-09-13 12:29:00,Approved
CLM-002299,TICK-020241,Missed Connection,170000,50000,119000,2025-02-09 01:01:00,2025-02-08 17:01:00,2025-02-12 17:01:00,Approved
CLM-002300,TICK-020246,Missed Connection,123000,50000,82000,2025-07-09 19:13:00,2025-07-09 13:13:00,,Pending
CLM-002301,TICK-020262,Missed Connection,99000,100000,62000,2025-12-09 00:17:00,2025-12-08 22:17:00,,Pending
CLM-002302,TICK-020271,Missed Connection,124000,100000,87000,2025-06-09 00:05:00,2025-06-08 17:05:00,2025-06-10 17:05:00,Approved
CLM-002303,TICK-020273,Missed Connection,108000,50000,68000,2025-03-09 03:44:00,2025-03-09 02:44:00,2025-03-14 02:44:00,Approved
CLM-002304,TICK-020277,Missed Connection,92000,50000,58000,2025-01-23 11:33:00,2025-01-23 04:33:00,2025-01-28 04:33:00,Approved
CLM-002305,TICK-020285,Missed Connection,114000,75000,80000,2025-07-23 23:23:00,2025-07-23 17:23:00,2025-07-28 17:23:00,Approved
CLM-002306,TICK-020305,Missed Connection,105000,75000,70000,2025-07-22 17:06:00,2025-07-22 15:06:00,2025-07-25 15:06:00,Approved
CLM-002307,TICK-020308,Missed Connection,198000,50000,132000,2025-05-23 17:02:00,2025-05-23 15:02:00,2025-05-26 15:02:00,Approved
CLM-002308,TICK-020310,Missed Connection,54000,50000,34000,2025-07-23 04:26:00,2025-07-22 23:26:00,2025-07-23 23:26:00,Approved
CLM-002309,TICK-020313,Missed Connection,124000,75000,87000,2025-06-23 04:05:00,2025-06-22 22:05:00,2025-06-23 22:05:00,Approved
CLM-002310,TICK-020325,Missed Connection,216000,75000,152000,2025-06-09 11:32:00,2025-06-09 04:32:00,2025-06-11 04:32:00,Approved
CLM-002311,TICK-020333,Missed Connection,99000,75000,62000,2025-07-09 09:41:00,2025-07-09 05:41:00,2025-07-12 05:41:00,Approved
CLM-002312,TICK-020338,Missed Connection,178000,75000,119000,2025-11-09 08:29:00,2025-11-09 05:29:00,2025-11-10 05:29:00,Approved
CLM-002313,TICK-020346,Missed Connection,188000,50000,119000,2025-11-09 16:24:00,2025-11-09 14:24:00,2025-11-14 14:24:00,Approved
CLM-002314,TICK-020354,Missed Connection,105000,50000,70000,2025-07-08 22:16:00,2025-07-08 20:16:00,2025-07-11 20:16:00,Approved
CLM-002315,TICK-020375,Missed Connection,112000,100000,78000,2025-12-22 19:10:00,2025-12-22 17:10:00,2025-12-27 17:10:00,Approved
CLM-002316,TICK-020402,Missed Connection,96000,75000,61000,2025-09-23 06:54:00,2025-09-23 03:54:00,2025-09-26 03:54:00,Approved
CLM-002317,TICK-020404,Missed Connection,62000,75000,39000,2025-10-09 17:02:00,2025-10-09 10:02:00,2025-10-10 10:02:00,Approved
CLM-002318,TICK-020417,Missed Connection,99000,75000,62000,2025-06-09 01:10:00,2025-06-08 21:10:00,2025-06-09 21:10:00,Approved
CLM-002319,TICK-020429,Missed Connection,115000,75000,72000,2025-01-23 07:11:00,2025-01-23 06:11:00,2025-01-26 06:11:00,Approved
CLM-002320,TICK-020432,Missed Connection,124000,75000,78000,2025-12-23 06:10:00,2025-12-22 22:10:00,2025-12-27 22:10:00,Rejected
CLM-002321,TICK-020436,Missed Connection,56000,75000,36000,2025-10-09 22:44:00,2025-10-09 16:44:00,2025-10-12 16:44:00,Approved
CLM-002322,TICK-020445,Missed Connection,148000,50000,93000,2025-06-09 06:30:00,2025-06-09 03:30:00,2025-06-14 03:30:00,Approved
CLM-002323,TICK-020448,Missed Connection,112000,50000,71000,2025-07-23 17:03:00,2025-07-23 15:03:00,2025-07-26 15:03:00,Approved
CLM-002324,TICK-020450,Missed Connection,68000,75000,43000,2025-07-23 11:36:00,2025-07-23 05:36:00,2025-07-25 05:36:00,Approved
CLM-002325,TICK-020466,Missed Connection,92000,50000,58000,2025-09-23 11:49:00,2025-09-23 08:49:00,,Pending
CLM-002326,TICK-020469,Missed Connection,240000,75000,152000,2025-06-10 02:35:00,2025-06-10 00:35:00,2025-06-12 00:35:00,Approved
CLM-002327,TICK-020471,Missed Connection,74000,50000,52000,2025-09-09 04:10:00,2025-09-08 21:10:00,2025-09-09 21:10:00,Approved
CLM-002328,TICK-020480,Missed Connection,155000,75000,98000,2025-12-23 03:09:00,2025-12-23 01:09:00,2025-12-28 01:09:00,Approved
CLM-002329,TICK-020487,Missed Connection,79000,75000,52000,2025-02-23 14:40:00,2025-02-23 11:40:00,2025-02-27 11:40:00,Approved
CLM-002330,TICK-020493,Missed Connection,242000,50000,160000,2025-11-23 07:46:00,2025-11-23 05:46:00,2025-11-25 05:46:00,Approved
CLM-002331,TICK-020503,Missed Connection,138000,75000,97000,2025-06-23 09:31:00,2025-06-23 01:31:00,2025-06-28 01:31:00,Approved
CLM-002332,TICK-020511,Missed Connection,99000,75000,62000,2025-06-09 03:10:00,2025-06-08 22:10:00,2025-06-13 22:10:00,Approved
CLM-002333,TICK-020520,Missed Connection,142000,50000,95000,2025-04-09 14:38:00,2025-04-09 10:38:00,2025-04-12 10:38:00,Approved
CLM-002334,TICK-020525,Missed Connection,104000,75000,65000,2025-06-09 02:26:00,2025-06-09 01:26:00,2025-06-10 01:26:00,Approved
CLM-002335,TICK-020530,Missed Connection,250000,50000,158000,2025-12-23 09:02:00,2025-12-23 08:02:00,,Pending
CLM-002336,TICK-020539,Missed Connection,129000,50000,81000,2025-03-23 12:35:00,2025-03-23 10:35:00,2025-03-24 10:35:00,Approved
CLM-002337,TICK-020544,Missed Connection,105000,50000,70000,2025-06-09 20:40:00,2025-06-09 19:40:00,2025-06-12 19:40:00,Approved
CLM-002338,TICK-020553,Missed Connection,160000,50000,112000,2025-06-24 03:56:00,2025-06-23 20:56:00,2025-06-27 20:56:00,Approved
CLM-002339,TICK-020556,Missed Connection,82000,50000,52000,2025-08-09 07:49:00,2025-08-09 03:49:00,2025-08-11 03:49:00,Approved
CLM-002340,TICK-020558,Missed Connection,103000,75000,65000,2025-08-23 06:10:00,2025-08-23 00:10:00,2025-08-27 00:10:00,Approved
CLM-002341,TICK-020564,Missed Connection,148000,100000,93000,2025-06-23 06:02:00,2025-06-23 02:02:00,2025-06-26 02:02:00,Approved
CLM-002342,TICK-020576,Missed Connection,78000,75000,49000,2025-09-10 00:14:00,2025-09-09 19:14:00,2025-09-12 19:14:00,Approved
CLM-002343,TICK-020578,Missed Connection,181000,50000,114000,2025-07-09 02:35:00,2025-07-08 21:35:00,2025-07-13 21:35:00,Approved
CLM-002344,TICK-020583,Missed Connection,82000,50000,55000,2025-01-23 08:10:00,2025-01-23 06:10:00,2025-01-28 06:10:00,Approved
CLM-002345,TICK-020587,Missed Connection,124000,75000,78000,2025-10-10 02:52:00,2025-10-10 00:52:00,2025-10-13 00:52:00,Approved
CLM-002346,TICK-020596,Missed Connection,142000,100000,90000,2025-07-23 01:38:00,2025-07-22 23:38:00,,Pending
CLM-002347,TICK-020603,Missed Connection,92000,75000,58000,2025-05-23 17:16:00,2025-05-23 16:16:00,2025-05-26 16:16:00,Approved
CLM-002348,TICK-020605,Missed Connection,67000,50000,47000,2025-07-23 17:39:00,2025-07-23 10:39:00,2025-07-28 10:39:00,Approved
CLM-002349,TICK-020620,Missed Connection,240000,100000,152000,2025-07-23 10:25:00,2025-07-23 09:25:00,2025-07-24 09:25:00,Approved
CLM-002350,TICK-020625,Missed Connection,110000,50000,70000,2025-12-23 16:27:00,2025-12-23 09:27:00,2025-12-24 09:27:00,Approved
CLM-002351,TICK-020633,Missed Connection,261000,50000,164000,2025-07-09 01:09:00,2025-07-09 00:09:00,2025-07-12 00:09:00,Approved
CLM-002352,TICK-020652,Missed Connection,93000,75000,65000,2025-07-23 01:10:00,2025-07-22 23:10:00,2025-07-24 23:10:00,Approved
CLM-002353,TICK-020656,Missed Connection,108000,75000,68000,2025-09-23 07:26:00,2025-09-23 06:26:00,2025-09-25 06:26:00,Approved
CLM-002354,TICK-020667,Missed Connection,106000,75000,66000,2025-05-23 07:24:00,2025-05-23 06:24:00,2025-05-27 06:24:00,Approved
CLM-002355,TICK-020678,Missed Connection,86000,50000,55000,2025-01-23 05:22:00,2025-01-22 22:22:00,2025-01-27 22:22:00,Approved
CLM-002356,TICK-020683,Missed Connection,158000,75000,105000,2025-07-23 11:13:00,2025-07-23 07:13:00,2025-07-25 07:13:00,Approved
CLM-002357,TICK-020692,Missed Connection,148000,50000,93000,2025-10-23 12:47:00,2025-10-23 05:47:00,2025-10-27 05:47:00,Approved
CLM-002358,TICK-020722,Missed Connection,61000,50000,43000,2025-06-23 15:41:00,2025-06-23 14:41:00,2025-06-24 14:41:00,Approved
CLM-002359,TICK-020726,Missed Connection,62000,100000,39000,2025-08-09 20:36:00,2025-08-09 14:36:00,,Pending
CLM-002360,TICK-020734,Missed Connection,124000,100000,78000,2025-06-09 17:20:00,2025-06-09 11:20:00,2025-06-14 11:20:00,Rejected
CLM-002361,TICK-020736,Missed Connection,82000,50000,52000,2025-04-09 16:10:00,2025-04-09 08:10:00,2025-04-11 08:10:00,Approved
CLM-002362,TICK-020741,Missed Connection,200000,75000,126000,2025-08-09 02:49:00,2025-08-08 18:49:00,2025-08-11 18:49:00,Approved
CLM-002363,TICK-020754,Missed Connection,208000,75000,132000,2025-08-09 02:54:00,2025-08-08 21:54:00,2025-08-12 21:54:00,Rejected
CLM-002364,TICK-020763,Missed Connection,181000,75000,114000,2025-06-23 14:40:00,2025-06-23 09:40:00,2025-06-25 09:40:00,Approved
CLM-002365,TICK-020769,Missed Connection,61000,100000,43000,2025-07-23 11:36:00,2025-07-23 07:36:00,,Pending
CLM-002366,TICK-020788,Missed Connection,170000,75000,119000,2025-10-09 12:40:00,2025-10-09 05:40:00,2025-10-14 05:40:00,Approved
CLM-002367,TICK-020791,Missed Connection,188000,75000,119000,2025-02-09 03:01:00,2025-02-08 23:01:00,2025-02-09 23:01:00,Approved
CLM-002368,TICK-020796,Missed Connection,148000,100000,93000,2025-04-09 19:04:00,2025-04-09 11:04:00,2025-04-10 11:04:00,Approved
CLM-002369,TICK-020799,Missed Connection,161000,75000,102000,2025-10-22 16:57:00,2025-10-22 14:57:00,,Pending
CLM-002370,TICK-020804,Missed Connection,142000,75000,90000,2025-07-09 14:25:00,2025-07-09 07:25:00,2025-07-13 07:25:00,Approved
CLM-002371,TICK-020809,Missed Connection,62000,50000,39000,2025-03-23 18:34:00,2025-03-23 16:34:00,2025-03-26 16:34:00,Approved
CLM-002372,TICK-020827,Missed Connection,124000,50000,78000,2025-12-23 01:10:00,2025-12-23 00:10:00,2025-12-25 00:10:00,Approved
CLM-002373,TICK-020842,Missed Connection,124000,75000,78000,2025-06-09 12:20:00,2025-06-09 08:20:00,2025-06-12 08:20:00,Approved
CLM-002374,TICK-020844,Missed Connection,140000,75000,88000,2025-10-22 20:10:00,2025-10-22 16:10:00,2025-10-26 16:10:00,Approved
CLM-002375,TICK-020854,Missed Connection,104000,50000,65000,2025-12-23 13:10:00,2025-12-23 07:10:00,2025-12-24 07:10:00,Approved
CLM-002376,TICK-020860,Missed Connection,82000,100000,52000,2025-04-09 08:10:00,2025-04-09 07:10:00,2025-04-14 07:10:00,Approved
CLM-002377,TICK-020866,Missed Connection,188000,75000,119000,2025-03-08 21:49:00,2025-03-08 19:49:00,2025-03-13 19:49:00,Approved
CLM-002378,TICK-020872,Missed Connection,93000,75000,65000,2025-07-09 07:10:00,2025-07-09 06:10:00,2025-07-10 06:10:00,Approved
CLM-002379,TICK-020875,Missed Connection,79000,50000,52000,2025-08-09 19:41:00,2025-08-09 16:41:00,2025-08-12 16:41:00,Approved
CLM-002380,TICK-020877,Missed Connection,115000,100000,72000,2025-08-09 00:44:00,2025-08-08 19:44:00,2025-08-12 19:44:00,Approved
CLM-002381,TICK-020887,Missed Connection,186000,50000,117000,2025-06-10 00:54:00,2025-06-09 16:54:00,2025-06-10 16:54:00,Approved
CLM-002382,TICK-020898,Missed Connection,109000,75000,69000,2025-01-09 13:54:00,2025-01-09 10:54:00,2025-01-11 10:54:00,Approved
CLM-002383,TICK-020900,Missed Connection,138000,50000,87000,2025-06-09 09:05:00,2025-06-09 03:05:00,2025-06-13 03:05:00,Approved
CLM-002384,TICK-020904,Missed Connection,107000,75000,75000,2025-08-23 00:04:00,2025-08-22 23:04:00,2025-08-25 23:04:00,Approved
CLM-002385,TICK-020907,Missed Connection,176000,75000,117000,2025-06-10 00:54:00,2025-06-09 17:54:00,2025-06-11 17:54:00,Approved
CLM-002386,TICK-020918,Missed Connection,99000,75000,65000,2025-12-09 04:10:00,2025-12-09 02:10:00,2025-12-14 02:10:00,Approved
CLM-002387,TICK-020924,Missed Connection,82000,50000,52000,2025-01-23 00:18:00,2025-01-22 23:18:00,2025-01-27 23:18:00,Approved
CLM-002388,TICK-020933,Missed Connection,78000,50000,49000,2025-09-09 04:02:00,2025-09-08 21:02:00,2025-09-12 21:02:00,Approved
CLM-002389,TICK-020939,Missed Connection,62000,100000,39000,2025-08-09 16:36:00,2025-08-09 08:36:00,2025-08-14 08:36:00,Approved
CLM-002390,TICK-020958,Missed Connection,128000,100000,90000,2025-06-23 11:38:00,2025-06-23 09:38:00,2025-06-27 09:38:00,Approved
CLM-002391,TICK-020960,Missed Connection,110000,75000,73000,2025-07-23 05:10:00,2025-07-23 00:10:00,2025-07-28 00:10:00,Approved
CLM-002392,TICK-020964,Missed Connection,82000,50000,52000,2025-02-09 01:25:00,2025-02-08 20:25:00,2025-02-10 20:25:00,Approved
CLM-002393,TICK-020972,Missed Connection,142000,75000,90000,2025-06-23 15:38:00,2025-06-23 09:38:00,2025-06-26 09:38:00,Approved
CLM-002394,TICK-020985,Missed Connection,138000,75000,87000,2025-07-23 15:38:00,2025-07-23 11:38:00,2025-07-28 11:38:00,Approved
CLM-002395,TICK-020993,Missed Connection,82000,75000,52000,2025-08-09 13:49:00,2025-08-09 10:49:00,2025-08-12 10:49:00,Approved
CLM-002396,TICK-020999,Missed Connection,108000,50000,68000,2025-04-09 10:49:00,2025-04-09 04:49:00,2025-04-12 04:49:00,Approved
CLM-002397,TICK-021006,Missed Connection,103000,75000,65000,2025-10-08 21:16:00,2025-10-08 19:16:00,2025-10-10 19:16:00,Approved
CLM-002398,TICK-021016,Missed Connection,148000,50000,93000,2025-03-09 03:51:00,2025-03-09 00:51:00,2025-03-11 00:51:00,Approved
CLM-002399,TICK-021027,Missed Connection,124000,50000,78000,2025-09-23 22:40:00,2025-09-23 19:40:00,2025-09-28 19:40:00,Approved
CLM-002400,TICK-021034,Missed Connection,124000,75000,78000,2025-01-09 14:28:00,2025-01-09 09:28:00,2025-01-11 09:28:00,Approved
CLM-002401,TICK-021050,Missed Connection,103000,50000,72000,2025-08-09 05:16:00,2025-08-08 22:16:00,2025-08-10 22:16:00,Approved
CLM-002402,TICK-021055,Missed Connection,92000,75000,58000,2025-05-09 12:07:00,2025-05-09 09:07:00,2025-05-10 09:07:00,Approved
CLM-002403,TICK-021066,Missed Connection,110000,75000,72000,2025-02-09 04:14:00,2025-02-08 22:14:00,2025-02-10 22:14:00,Approved
CLM-002404,TICK-021074,Missed Connection,99000,75000,65000,2025-07-09 04:10:00,2025-07-09 03:10:00,2025-07-11 03:10:00,Approved
CLM-002405,TICK-021078,Missed Connection,70000,100000,49000,2025-05-23 10:06:00,2025-05-23 05:06:00,2025-05-28 05:06:00,Approved
CLM-002406,TICK-021083,Missed Connection,52000,75000,34000,2025-06-24 01:30:00,2025-06-23 20:30:00,2025-06-27 20:30:00,Rejected
CLM-002407,TICK-021088,Missed Connection,186000,75000,117000,2025-06-23 11:02:00,2025-06-23 06:02:00,2025-06-28 06:02:00,Approved
CLM-002408,TICK-021091,Missed Connection,78000,75000,49000,2025-11-09 13:34:00,2025-11-09 08:34:00,2025-11-11 08:34:00,Approved
CLM-002409,TICK-021105,Missed Connection,132000,50000,92000,2025-08-09 07:17:00,2025-08-09 04:17:00,2025-08-11 04:17:00,Rejected
CLM-002410,TICK-021108,Missed Connection,226000,50000,142000,2025-12-23 12:09:00,2025-12-23 05:09:00,2025-12-25 05:09:00,Approved
CLM-002411,TICK-021112,Missed Connection,78000,75000,49000,2025-05-23 05:06:00,2025-05-22 23:06:00,2025-05-25 23:06:00,Approved
CLM-002412,TICK-021114,Missed Connection,158000,100000,99000,2025-06-23 15:28:00,2025-06-23 11:28:00,2025-06-25 11:28:00,Approved
CLM-002413,TICK-021127,Missed Connection,54000,75000,36000,2025-05-23 11:23:00,2025-05-23 10:23:00,2025-05-26 10:23:00,Approved
CLM-002414,TICK-021135,Missed Connection,52000,50000,34000,2025-12-09 11:14:00,2025-12-09 08:14:00,2025-12-10 08:14:00,Approved
CLM-002415,TICK-021137,Missed Connection,133000,75000,93000,2025-10-22 23:47:00,2025-10-22 22:47:00,2025-10-23 22:47:00,Approved
CLM-002416,TICK-021143,Missed Connection,193000,75000,122000,2025-06-23 03:03:00,2025-06-22 19:03:00,2025-06-27 19:03:00,Approved
CLM-002417,TICK-021150,Missed Connection,99000,75000,62000,2025-12-23 15:09:00,2025-12-23 08:09:00,,Pending
CLM-002418,TICK-021153,Missed Connection,119000,100000,75000,2025-10-24 01:23:00,2025-10-23 23:23:00,2025-10-25 23:23:00,Approved
CLM-002419,TICK-021157,Missed Connection,40000,50000,28000,2025-05-09 09:19:00,2025-05-09 02:19:00,2025-05-12 02:19:00,Approved
CLM-002420,TICK-021160,Missed Connection,76000,50000,48000,2025-10-09 06:43:00,2025-10-09 05:43:00,,Pending
CLM-002421,TICK-021173,Missed Connection,79000,50000,52000,2025-03-23 16:32:00,2025-03-23 09:32:00,2025-03-26 09:32:00,Approved
CLM-002422,TICK-021180,Missed Connection,94000,50000,62000,2025-06-23 09:39:00,2025-06-23 02:39:00,2025-06-28 02:39:00,Approved
CLM-002423,TICK-021191,Missed Connection,112000,50000,71000,2025-07-23 18:03:00,2025-07-23 13:03:00,,Pending
CLM-002424,TICK-021199,Missed Connection,178000,100000,112000,2025-06-09 11:44:00,2025-06-09 10:44:00,2025-06-11 10:44:00,Approved
CLM-002425,TICK-021207,Missed Connection,178000,50000,112000,2025-06-09 11:02:00,2025-06-09 07:02:00,2025-06-10 07:02:00,Approved
CLM-002426,TICK-021219,Missed Connection,138000,50000,87000,2025-07-09 16:48:00,2025-07-09 09:48:00,2025-07-10 09:48:00,Approved
CLM-002427,TICK-021224,Missed Connection,86000,75000,55000,2025-01-23 02:22:00,2025-01-22 20:22:00,,Pending
CLM-002428,TICK-021228,Missed Connection,226000,75000,142000,2025-07-09 14:09:00,2025-07-09 06:09:00,2025-07-13 06:09:00,Approved
CLM-002429,TICK-021232,Missed Connection,96000,100000,61000,2025-05-08 23:32:00,2025-05-08 21:32:00,2025-05-12 21:32:00,Rejected
CLM-002430,TICK-021236,Missed Connection,155000,75000,98000,2025-05-23 02:39:00,2025-05-23 01:39:00,2025-05-26 01:39:00,Approved
CLM-002431,TICK-021239,Missed Connection,240000,50000,152000,2025-07-23 16:25:00,2025-07-23 11:25:00,2025-07-24 11:25:00,Approved
CLM-002432,TICK-021268,Missed Connection,148000,75000,93000,2025-07-23 13:39:00,2025-07-23 09:39:00,,Pending
CLM-002433,TICK-021279,Missed Connection,49000,75000,34000,2025-07-09 09:24:00,2025-07-09 05:24:00,2025-07-13 05:24:00,Approved
CLM-002434,TICK-021288,Missed Connection,49000,50000,34000,2025-12-09 01:44:00,2025-12-08 22:44:00,2025-12-12 22:44:00,Approved
CLM-002435,TICK-021299,Missed Connection,109000,75000,69000,2025-01-09 13:54:00,2025-01-09 06:54:00,2025-01-10 06:54:00,Approved
CLM-002436,TICK-021304,Missed Connection,155000,75000,98000,2025-03-10 00:24:00,2025-03-09 19:24:00,2025-03-12 19:24:00,Approved
CLM-002437,TICK-021306,Missed Connection,86000,100000,55000,2025-01-08 14:51:00,2025-01-08 13:51:00,2025-01-12 13:51:00,Approved
CLM-002438,TICK-021310,Missed Connection,54000,100000,36000,2025-08-09 23:23:00,2025-08-09 16:23:00,2025-08-14 16:23:00,Approved
CLM-002439,TICK-021315,Missed Connection,124000,75000,78000,2025-09-10 05:14:00,2025-09-09 22:14:00,2025-09-13 22:14:00,Approved
CLM-002440,TICK-021321,Missed Connection,54000,100000,36000,2025-02-22 23:23:00,2025-02-22 19:23:00,2025-02-25 19:23:00,Approved
CLM-002441,TICK-021335,Missed Connection,148000,75000,93000,2025-01-08 22:25:00,2025-01-08 20:25:00,2025-01-12 20:25:00,Approved
CLM-002442,TICK-021337,Missed Connection,178000,75000,112000,2025-07-23 23:25:00,2025-07-23 15:25:00,2025-07-27 15:25:00,Rejected
CLM-002443,TICK-021348,Missed Connection,62000,100000,39000,2025-02-09 03:46:00,2025-02-09 02:46:00,,Pending
CLM-002444,TICK-021351,Missed Connection,104000,100000,65000,2025-12-09 01:40:00,2025-12-08 20:40:00,2025-12-10 20:40:00,Approved
CLM-002445,TICK-021361,Missed Connection,102000,75000,65000,2025-05-09 09:39:00,2025-05-09 08:39:00,2025-05-14 08:39:00,Approved
CLM-002446,TICK-021365,Missed Connection,110000,75000,70000,2025-07-22 21:21:00,2025-07-22 19:21:00,2025-07-24 19:21:00,Approved
CLM-002447,TICK-021375,Missed Connection,110000,75000,70000,2025-07-08 22:43:00,2025-07-08 20:43:00,2025-07-10 20:43:00,Approved
CLM-002448,TICK-021402,Missed Connection,155000,100000,98000,2025-02-09 16:07:00,2025-02-09 08:07:00,,Pending
CLM-002449,TICK-021412,Missed Connection,99000,75000,62000,2025-07-09 19:41:00,2025-07-09 11:41:00,,Pending
CLM-002450,TICK-021415,Missed Connection,254000,50000,160000,2025-01-23 09:08:00,2025-01-23 04:08:00,2025-01-28 04:08:00,Approved
CLM-002451,TICK-021427,Missed Connection,89000,75000,59000,2025-07-09 02:02:00,2025-07-08 21:02:00,2025-07-09 21:02:00,Approved
CLM-002452,TICK-021448,Missed Connection,124000,75000,78000,2025-04-08 23:36:00,2025-04-08 22:36:00,2025-04-12 22:36:00,Approved
CLM-002453,TICK-021458,Missed Connection,74000,50000,52000,2025-01-09 08:58:00,2025-01-09 07:58:00,,Pending
CLM-002454,TICK-021463,Missed Connection,82000,50000,52000,2025-11-22 20:21:00,2025-11-22 14:21:00,2025-11-26 14:21:00,Approved
CLM-002455,TICK-021472,Missed Connection,170000,75000,112000,2025-07-23 19:25:00,2025-07-23 12:25:00,2025-07-27 12:25:00,Approved
CLM-002456,TICK-021482,Missed Connection,103000,50000,65000,2025-05-09 12:29:00,2025-05-09 11:29:00,2025-05-10 11:29:00,Approved
CLM-002457,TICK-021484,Missed Connection,112000,50000,75000,2025-11-23 09:32:00,2025-11-23 02:32:00,2025-11-26 02:32:00,Approved
CLM-002458,TICK-021488,Missed Connection,178000,100000,112000,2025-12-23 15:28:00,2025-12-23 07:28:00,2025-12-26 07:28:00,Approved
CLM-002459,TICK-021511,Missed Connection,112000,50000,75000,2025-08-23 03:25:00,2025-08-23 00:25:00,2025-08-24 00:25:00,Approved
CLM-002460,TICK-021518,Missed Connection,115000,75000,72000,2025-01-23 13:30:00,2025-01-23 07:30:00,2025-01-25 07:30:00,Approved
CLM-002461,TICK-021526,Missed Connection,129000,100000,81000,2025-04-09 14:38:00,2025-04-09 07:38:00,2025-04-12 07:38:00,Approved
CLM-002462,TICK-021531,Missed Connection,110000,75000,72000,2025-08-09 06:44:00,2025-08-09 03:44:00,,Pending
CLM-002463,TICK-021543,Missed Connection,110000,50000,70000,2025-06-23 09:31:00,2025-06-23 05:31:00,2025-06-25 05:31:00,Approved
CLM-002464,TICK-021555,Missed Connection,103000,50000,72000,2025-11-23 19:36:00,2025-11-23 15:36:00,2025-11-26 15:36:00,Approved
CLM-002465,TICK-021559,Missed Connection,140000,75000,88000,2025-03-23 14:14:00,2025-03-23 11:14:00,2025-03-27 11:14:00,Approved
CLM-002466,TICK-021567,Missed Connection,148000,50000,93000,2025-06-23 20:01:00,2025-06-23 15:01:00,,Pending
CLM-002467,TICK-021587,Missed Connection,99000,75000,62000,2025-07-09 11:41:00,2025-07-09 08:41:00,2025-07-11 08:41:00,Approved
CLM-002468,TICK-021589,Missed Connection,116000,75000,81000,2025-11-09 01:22:00,2025-11-08 22:22:00,2025-11-09 22:22:00,Approved
CLM-002469,TICK-021594,Missed Connection,161000,75000,102000,2025-09-09 07:20:00,2025-09-09 02:20:00,2025-09-11 02:20:00,Approved
CLM-002470,TICK-021601,Missed Connection,124000,50000,78000,2025-07-10 08:28:00,2025-07-10 00:28:00,2025-07-13 00:28:00,Approved
CLM-002471,TICK-021603,Missed Connection,129000,50000,81000,2025-11-09 14:29:00,2025-11-09 06:29:00,,Pending
CLM-002472,TICK-021607,Missed Connection,124000,75000,78000,2025-09-09 06:02:00,2025-09-09 01:02:00,2025-09-14 01:02:00,Approved
CLM-002473,TICK-021609,Missed Connection,141000,50000,93000,2025-07-23 08:22:00,2025-07-23 00:22:00,2025-07-28 00:22:00,Approved
CLM-002474,TICK-021612,Missed Connection,154000,75000,97000,2025-08-23 09:35:00,2025-08-23 05:35:00,2025-08-28 05:35:00,Approved
CLM-002475,TICK-021622,Missed Connection,115000,100000,72000,2025-01-23 19:30:00,2025-01-23 17:30:00,2025-01-28 17:30:00,Approved
CLM-002476,TICK-021626,Missed Connection,74000,75000,52000,2025-11-23 03:10:00,2025-11-23 02:10:00,2025-11-28 02:10:00,Approved
CLM-002477,TICK-021644,Missed Connection,106000,75000,66000,2025-10-09 20:15:00,2025-10-09 16:15:00,2025-10-12 16:15:00,Approved
CLM-002478,TICK-021652,Missed Connection,155000,50000,98000,2025-02-22 23:05:00,2025-02-22 20:05:00,2025-02-25 20:05:00,Approved
CLM-002479,TICK-021657,Missed Connection,148000,75000,93000,2025-11-08 22:57:00,2025-11-08 20:57:00,2025-11-12 20:57:00,Approved
CLM-002480,TICK-021667,Missed Connection,254000,50000,160000,2025-10-23 11:07:00,2025-10-23 03:07:00,2025-10-26 03:07:00,Approved
CLM-002481,TICK-021679,Missed Connection,129000,75000,81000,2025-04-22 23:20:00,2025-04-22 22:20:00,,Pending
CLM-002482,TICK-021687,Missed Connection,142000,50000,90000,2025-12-23 12:16:00,2025-12-23 08:16:00,2025-12-26 08:16:00,Approved
CLM-002483,TICK-021690,Missed Connection,110000,100000,70000,2025-07-23 10:21:00,2025-07-23 04:21:00,2025-07-25 04:21:00,Approved
CLM-002484,TICK-021729,Missed Connection,148000,50000,93000,2025-06-09 11:30:00,2025-06-09 03:30:00,2025-06-13 03:30:00,Approved
CLM-002485,TICK-021736,Missed Connection,181000,75000,114000,2025-07-09 20:03:00,2025-07-09 14:03:00,2025-07-14 14:03:00,Approved
CLM-002486,TICK-021744,Missed Connection,77000,50000,49000,2025-12-24 08:48:00,2025-12-24 00:48:00,2025-12-28 00:48:00,Approved
CLM-002487,TICK-021756,Missed Connection,160000,75000,112000,2025-06-09 12:44:00,2025-06-09 08:44:00,2025-06-14 08:44:00,Approved
CLM-002488,TICK-021763,Missed Connection,248000,100000,164000,2025-07-09 04:09:00,2025-07-09 02:09:00,2025-07-10 02:09:00,Approved
CLM-002489,TICK-021772,Missed Connection,74000,75000,49000,2025-05-23 13:06:00,2025-05-23 05:06:00,2025-05-26 05:06:00,Approved
CLM-002490,TICK-021781,Missed Connection,148000,75000,93000,2025-09-23 22:25:00,2025-09-23 20:25:00,2025-09-28 20:25:00,Approved
CLM-002491,TICK-021784,Missed Connection,132000,75000,92000,2025-03-09 16:55:00,2025-03-09 11:55:00,2025-03-10 11:55:00,Approved
CLM-002492,TICK-021792,Missed Connection,112000,75000,71000,2025-07-23 19:03:00,2025-07-23 12:03:00,2025-07-26 12:03:00,Approved
CLM-002493,TICK-021798,Missed Connection,140000,75000,88000,2025-11-23 23:13:00,2025-11-23 15:13:00,2025-11-28 15:13:00,Approved
CLM-002494,TICK-021803,Missed Connection,54000,75000,34000,2025-07-09 04:45:00,2025-07-08 23:45:00,2025-07-13 23:45:00,Approved
CLM-002495,TICK-021809,Missed Connection,92000,75000,58000,2025-08-22 22:17:00,2025-08-22 20:17:00,2025-08-27 20:17:00,Approved
CLM-002496,TICK-021816,Missed Connection,94000,100000,62000,2025-07-09 08:10:00,2025-07-09 03:10:00,2025-07-11 03:10:00,Approved
CLM-002497,TICK-021821,Missed Connection,124000,75000,78000,2025-06-09 09:20:00,2025-06-09 06:20:00,2025-06-11 06:20:00,Approved
CLM-002498,TICK-021823,Missed Connection,115000,100000,72000,2025-10-09 10:18:00,2025-10-09 06:18:00,2025-10-13 06:18:00,Approved
CLM-002499,TICK-021827,Missed Connection,89000,75000,62000,2025-07-09 09:41:00,2025-07-09 01:41:00,2025-07-12 01:41:00,Rejected
CLM-002500,TICK-021829,Missed Connection,82000,50000,52000,2025-09-09 08:10:00,2025-09-09 03:10:00,2025-09-12 03:10:00,Approved
CLM-002501,TICK-021856,Missed Connection,146000,75000,97000,2025-11-09 16:15:00,2025-11-09 14:15:00,,Pending
CLM-002502,TICK-021880,Missed Connection,167000,75000,105000,2025-07-09 16:31:00,2025-07-09 12:31:00,2025-07-13 12:31:00,Approved
CLM-002503,TICK-021883,Missed Connection,112000,75000,78000,2025-06-09 04:51:00,2025-06-08 23:51:00,2025-06-10 23:51:00,Approved
CLM-002504,TICK-021922,Missed Connection,62000,100000,39000,2025-02-09 16:46:00,2025-02-09 09:46:00,2025-02-14 09:46:00,Approved
CLM-002505,TICK-021930,Missed Connection,150000,75000,95000,2025-02-23 03:14:00,2025-02-22 20:14:00,2025-02-23 20:14:00,Approved
CLM-002506,TICK-021956,Missed Connection,103000,75000,65000,2025-08-22 18:10:00,2025-08-22 14:10:00,2025-08-24 14:10:00,Rejected
CLM-002507,TICK-021962,Missed Connection,218000,75000,137000,2025-09-23 19:09:00,2025-09-23 14:09:00,2025-09-27 14:09:00,Approved
CLM-002508,TICK-021964,Missed Connection,92000,75000,58000,2025-05-09 02:05:00,2025-05-08 22:05:00,,Pending
CLM-002509,TICK-021976,Missed Connection,126000,50000,80000,2025-07-23 17:23:00,2025-07-23 11:23:00,2025-07-24 11:23:00,Approved
CLM-002510,TICK-021997,Missed Connection,133000,75000,93000,2025-02-23 12:25:00,2025-02-23 07:25:00,2025-02-28 07:25:00,Approved
CLM-002511,TICK-022003,Missed Connection,99000,50000,62000,2025-07-09 13:41:00,2025-07-09 09:41:00,2025-07-10 09:41:00,Approved
CLM-002512,TICK-022006,Missed Connection,92000,50000,58000,2025-10-09 21:21:00,2025-10-09 18:21:00,2025-10-11 18:21:00,Approved
CLM-002513,TICK-022017,Missed Connection,240000,50000,152000,2025-07-10 01:25:00,2025-07-09 18:25:00,2025-07-11 18:25:00,Rejected
CLM-002514,TICK-022030,Missed Connection,180000,100000,126000,2025-03-09 18:47:00,2025-03-09 17:47:00,2025-03-13 17:47:00,Approved
CLM-002515,TICK-022034,Missed Connection,136000,75000,91000,2025-06-08 20:58:00,2025-06-08 18:58:00,2025-06-10 18:58:00,Approved
CLM-002516,TICK-022046,Missed Connection,176000,75000,117000,2025-06-23 10:02:00,2025-06-23 06:02:00,2025-06-28 06:02:00,Approved
CLM-002517,TICK-022061,Missed Connection,147000,75000,98000,2025-07-23 02:07:00,2025-07-22 23:07:00,2025-07-24 23:07:00,Approved
CLM-002518,TICK-022064,Missed Connection,141000,75000,93000,2025-10-23 06:47:00,2025-10-22 23:47:00,2025-10-27 23:47:00,Approved
CLM-002519,TICK-022067,Missed Connection,82000,50000,52000,2025-03-09 09:50:00,2025-03-09 04:50:00,2025-03-14 04:50:00,Approved
CLM-002520,TICK-022089,Missed Connection,119000,50000,75000,2025-10-23 07:58:00,2025-10-23 05:58:00,2025-10-27 05:58:00,Approved
CLM-002521,TICK-022096,Missed Connection,104000,50000,65000,2025-06-23 08:27:00,2025-06-23 02:27:00,2025-06-25 02:27:00,Approved
CLM-002522,TICK-022098,Missed Connection,128000,75000,81000,2025-10-23 09:16:00,2025-10-23 04:16:00,2025-10-28 04:16:00,Approved
CLM-002523,TICK-022111,Missed Connection,238000,50000,158000,2025-12-23 18:02:00,2025-12-23 11:02:00,2025-12-25 11:02:00,Approved
CLM-002524,TICK-022124,Missed Connection,194000,75000,122000,2025-12-09 01:53:00,2025-12-08 23:53:00,2025-12-10 23:53:00,Approved
CLM-002525,TICK-022127,Missed Connection,184000,50000,122000,2025-07-23 02:17:00,2025-07-22 20:17:00,2025-07-25 20:17:00,Approved
CLM-002526,TICK-022129,Missed Connection,103000,75000,65000,2025-01-09 08:10:00,2025-01-09 04:10:00,2025-01-10 04:10:00,Approved
CLM-002527,TICK-022155,Missed Connection,147000,75000,98000,2025-02-23 22:52:00,2025-02-23 14:52:00,2025-02-27 14:52:00,Approved
CLM-002528,TICK-022160,Missed Connection,129000,75000,81000,2025-10-23 06:42:00,2025-10-23 01:42:00,2025-10-25 01:42:00,Approved
CLM-002529,TICK-022169,Missed Connection,68000,50000,43000,2025-07-09 16:30:00,2025-07-09 09:30:00,2025-07-13 09:30:00,Approved
CLM-002530,TICK-022178,Missed Connection,105000,75000,70000,2025-07-09 01:16:00,2025-07-09 00:16:00,2025-07-12 00:16:00,Rejected
CLM-002531,TICK-022181,Missed Connection,216000,100000,152000,2025-06-10 02:32:00,2025-06-09 21:32:00,2025-06-12 21:32:00,Approved
CLM-002532,TICK-022193,Missed Connection,148000,75000,93000,2025-07-23 23:39:00,2025-07-23 15:39:00,2025-07-27 15:39:00,Approved
CLM-002533,TICK-022200,Missed Connection,74000,50000,52000,2025-03-23 09:00:00,2025-03-23 03:00:00,2025-03-25 03:00:00,Approved
CLM-002534,TICK-022205,Missed Connection,99000,100000,62000,2025-07-09 06:41:00,2025-07-09 01:41:00,2025-07-11 01:41:00,Approved
CLM-002535,TICK-022210,Missed Connection,110000,75000,70000,2025-07-22 22:06:00,2025-07-22 14:06:00,2025-07-23 14:06:00,Approved
CLM-002536,TICK-022218,Missed Connection,82000,75000,52000,2025-05-09 05:18:00,2025-05-08 22:18:00,,Pending
CLM-002537,TICK-022223,Missed Connection,62000,75000,39000,2025-10-23 12:11:00,2025-10-23 05:11:00,2025-10-27 05:11:00,Approved
CLM-002538,TICK-022228,Missed Connection,61000,75000,43000,2025-07-23 15:43:00,2025-07-23 14:43:00,2025-07-28 14:43:00,Rejected
CLM-002539,TICK-022235,Missed Connection,254000,75000,160000,2025-11-09 17:41:00,2025-11-09 10:41:00,2025-11-10 10:41:00,Approved
CLM-002540,TICK-022239,Missed Connection,82000,75000,55000,2025-10-23 04:10:00,2025-10-23 02:10:00,2025-10-27 02:10:00,Rejected
CLM-002541,TICK-022244,Missed Connection,167000,75000,105000,2025-07-23 10:13:00,2025-07-23 09:13:00,2025-07-25 09:13:00,Approved
CLM-002542,TICK-022259,Missed Connection,79000,50000,52000,2025-05-22 19:36:00,2025-05-22 18:36:00,2025-05-25 18:36:00,Approved
CLM-002543,TICK-022265,Missed Connection,196000,100000,137000,2025-08-09 00:17:00,2025-08-08 21:17:00,2025-08-12 21:17:00,Approved
CLM-002544,TICK-022270,Missed Connection,87000,100000,58000,2025-01-23 05:33:00,2025-01-22 23:33:00,2025-01-26 23:33:00,Approved
CLM-002545,TICK-022290,Missed Connection,62000,50000,39000,2025-09-24 05:26:00,2025-09-24 02:26:00,2025-09-29 02:26:00,Approved
CLM-002546,TICK-022301,Missed Connection,97000,50000,68000,2025-10-08 21:11:00,2025-10-08 14:11:00,2025-10-11 14:11:00,Approved
CLM-002547,TICK-022305,Missed Connection,45000,75000,28000,2025-02-23 10:00:00,2025-02-23 07:00:00,2025-02-28 07:00:00,Approved
CLM-002548,TICK-022309,Missed Connection,110000,75000,70000,2025-07-09 15:05:00,2025-07-09 11:05:00,2025-07-13 11:05:00,Approved
CLM-002549,TICK-022313,Missed Connection,158000,75000,105000,2025-12-09 20:35:00,2025-12-09 12:35:00,2025-12-11 12:35:00,Approved
CLM-002550,TICK-022321,Missed Connection,147000,100000,98000,2025-02-23 03:42:00,2025-02-22 23:42:00,2025-02-24 23:42:00,Rejected
CLM-002551,TICK-022326,Missed Connection,92000,50000,58000,2025-05-08 17:50:00,2025-05-08 16:50:00,2025-05-12 16:50:00,Approved
CLM-002552,TICK-022337,Missed Connection,68000,50000,43000,2025-07-23 22:43:00,2025-07-23 16:43:00,2025-07-27 16:43:00,Approved
CLM-002553,TICK-022346,Missed Connection,141000,75000,93000,2025-12-24 01:17:00,2025-12-23 18:17:00,2025-12-24 18:17:00,Approved
CLM-002554,TICK-022354,Missed Connection,170000,50000,112000,2025-12-23 08:34:00,2025-12-23 06:34:00,,Pending
CLM-002555,TICK-022369,Missed Connection,119000,75000,75000,2025-09-09 18:06:00,2025-09-09 10:06:00,2025-09-11 10:06:00,Approved
CLM-002556,TICK-022380,Missed Connection,136000,75000,95000,2025-08-09 07:03:00,2025-08-09 02:03:00,2025-08-12 02:03:00,Approved
CLM-002557,TICK-022388,Missed Connection,108000,50000,68000,2025-09-09 18:37:00,2025-09-09 10:37:00,2025-09-14 10:37:00,Approved
CLM-002558,TICK-022409,Missed Connection,115000,100000,72000,2025-11-23 12:25:00,2025-11-23 04:25:00,2025-11-26 04:25:00,Approved
CLM-002559,TICK-022411,Missed Connection,154000,50000,97000,2025-08-23 15:35:00,2025-08-23 11:35:00,2025-08-27 11:35:00,Approved
CLM-002560,TICK-022416,Missed Connection,89000,50000,62000,2025-06-23 12:39:00,2025-06-23 05:39:00,2025-06-27 05:39:00,Approved
CLM-002561,TICK-022430,Missed Connection,82000,75000,52000,2025-02-09 18:47:00,2025-02-09 12:47:00,2025-02-10 12:47:00,Approved
CLM-002562,TICK-022436,Missed Connection,86000,75000,55000,2025-11-23 18:53:00,2025-11-23 13:53:00,,Pending
CLM-002563,TICK-022444,Missed Connection,158000,50000,105000,2025-12-09 05:35:00,2025-12-09 01:35:00,2025-12-12 01:35:00,Approved
CLM-002564,TICK-022446,Missed Connection,103000,75000,72000,2025-08-09 02:44:00,2025-08-08 22:44:00,,Pending
CLM-002565,TICK-022450,Missed Connection,124000,75000,78000,2025-05-09 16:34:00,2025-05-09 09:34:00,2025-05-12 09:34:00,Approved
CLM-002566,TICK-022455,Missed Connection,61000,100000,43000,2025-07-23 22:43:00,2025-07-23 17:43:00,2025-07-28 17:43:00,Approved
CLM-002567,TICK-022478,Missed Connection,200000,75000,126000,2025-03-09 22:47:00,2025-03-09 18:47:00,2025-03-13 18:47:00,Approved
CLM-002568,TICK-022482,Missed Connection,82000,50000,52000,2025-09-23 06:10:00,2025-09-23 05:10:00,,Pending
CLM-002569,TICK-022514,Missed Connection,148000,100000,93000,2025-07-09 16:16:00,2025-07-09 14:16:00,2025-07-13 14:16:00,Approved
CLM-002570,TICK-022520,Missed Connection,110000,75000,70000,2025-12-23 11:27:00,2025-12-23 08:27:00,2025-12-28 08:27:00,Approved
CLM-002571,TICK-022528,Missed Connection,240000,50000,152000,2025-06-09 22:35:00,2025-06-09 18:35:00,2025-06-13 18:35:00,Approved
CLM-002572,TICK-022530,Missed Connection,84000,50000,59000,2025-07-09 04:02:00,2025-07-09 00:02:00,2025-07-14 00:02:00,Approved
CLM-002573,TICK-022548,Missed Connection,181000,50000,114000,2025-07-23 03:07:00,2025-07-22 19:07:00,2025-07-27 19:07:00,Approved
CLM-002574,TICK-022550,Missed Connection,250000,75000,158000,2025-12-23 13:02:00,2025-12-23 10:02:00,2025-12-26 10:02:00,Approved
CLM-002575,TICK-022561,Missed Connection,142000,100000,90000,2025-06-23 11:57:00,2025-06-23 10:57:00,2025-06-28 10:57:00,Approved
CLM-002576,TICK-022565,Missed Connection,129000,100000,81000,2025-02-09 05:01:00,2025-02-08 21:01:00,2025-02-12 21:01:00,Approved
CLM-002577,TICK-022581,Missed Connection,59000,50000,39000,2025-11-23 23:55:00,2025-11-23 16:55:00,2025-11-26 16:55:00,Rejected
CLM-002578,TICK-022588,Missed Connection,150000,50000,105000,2025-06-23 20:24:00,2025-06-23 12:24:00,2025-06-26 12:24:00,Approved
CLM-002579,TICK-022594,Missed Connection,140000,50000,88000,2025-03-23 06:10:00,2025-03-22 22:10:00,2025-03-25 22:10:00,Approved
CLM-002580,TICK-022596,Missed Connection,108000,50000,68000,2025-08-09 12:10:00,2025-08-09 04:10:00,2025-08-11 04:10:00,Approved
CLM-002581,TICK-022603,Missed Connection,122000,75000,81000,2025-01-09 00:23:00,2025-01-08 22:23:00,2025-01-13 22:23:00,Approved
CLM-002582,TICK-022609,Missed Connection,54000,75000,34000,2025-07-24 07:23:00,2025-07-23 23:23:00,2025-07-25 23:23:00,Approved
CLM-002583,TICK-022616,Missed Connection,178000,50000,112000,2025-12-09 11:25:00,2025-12-09 05:25:00,2025-12-12 05:25:00,Approved
CLM-002584,TICK-022625,Missed Connection,170000,50000,112000,2025-07-23 17:25:00,2025-07-23 14:25:00,2025-07-24 14:25:00,Approved
CLM-002585,TICK-022629,Missed Connection,103000,100000,65000,2025-09-09 17:11:00,2025-09-09 10:11:00,2025-09-14 10:11:00,Approved
CLM-002586,TICK-022640,Missed Connection,51000,75000,36000,2025-02-09 15:05:00,2025-02-09 14:05:00,2025-02-11 14:05:00,Approved
CLM-002587,TICK-022650,Missed Connection,154000,100000,97000,2025-06-09 15:10:00,2025-06-09 11:10:00,2025-06-11 11:10:00,Approved
CLM-002588,TICK-022658,Missed Connection,126000,75000,80000,2025-06-23 02:31:00,2025-06-22 19:31:00,2025-06-27 19:31:00,Rejected
CLM-002589,TICK-022662,Missed Connection,155000,75000,98000,2025-06-09 02:39:00,2025-06-08 19:39:00,2025-06-10 19:39:00,Approved
CLM-002590,TICK-022665,Missed Connection,54000,100000,34000,2025-06-23 13:32:00,2025-06-23 06:32:00,2025-06-26 06:32:00,Approved
CLM-002591,TICK-022670,Missed Connection,103000,100000,65000,2025-08-23 12:10:00,2025-08-23 04:10:00,2025-08-28 04:10:00,Approved
CLM-002592,TICK-022689,Missed Connection,148000,100000,93000,2025-12-23 14:17:00,2025-12-23 12:17:00,2025-12-26 12:17:00,Approved
CLM-002593,TICK-022692,Missed Connection,118000,50000,78000,2025-12-09 05:10:00,2025-12-08 23:10:00,2025-12-10 23:10:00,Approved
CLM-002594,TICK-022699,Missed Connection,155000,75000,98000,2025-02-23 18:52:00,2025-02-23 14:52:00,2025-02-24 14:52:00,Approved
CLM-002595,TICK-022703,Missed Connection,148000,75000,93000,2025-08-23 17:30:00,2025-08-23 12:30:00,2025-08-25 12:30:00,Approved
CLM-002596,TICK-022710,Missed Connection,188000,75000,119000,2025-01-08 21:23:00,2025-01-08 17:23:00,2025-01-09 17:23:00,Approved
CLM-002597,TICK-022713,Missed Connection,93000,75000,59000,2025-06-24 13:45:00,2025-06-24 08:45:00,2025-06-25 08:45:00,Approved
CLM-002598,TICK-022720,Missed Connection,161000,75000,102000,2025-01-23 03:08:00,2025-01-23 02:08:00,2025-01-25 02:08:00,Approved
CLM-002599,TICK-022727,Missed Connection,206000,50000,137000,2025-01-09 09:24:00,2025-01-09 02:24:00,2025-01-13 02:24:00,Approved
CLM-002600,TICK-022732,Missed Connection,124000,75000,78000,2025-01-09 05:28:00,2025-01-09 02:28:00,2025-01-14 02:28:00,Approved
CLM-002601,TICK-022763,Missed Connection,110000,100000,70000,2025-07-22 23:06:00,2025-07-22 16:06:00,2025-07-26 16:06:00,Approved
CLM-002602,TICK-022769,Missed Connection,188000,75000,119000,2025-04-09 16:33:00,2025-04-09 11:33:00,2025-04-11 11:33:00,Approved
CLM-002603,TICK-022771,Missed Connection,178000,50000,119000,2025-04-23 00:20:00,2025-04-22 23:20:00,2025-04-27 23:20:00,Approved
CLM-002604,TICK-022777,Missed Connection,144000,100000,91000,2025-06-09 13:59:00,2025-06-09 05:59:00,2025-06-13 05:59:00,Approved
CLM-002605,TICK-022785,Missed Connection,142000,50000,90000,2025-06-09 18:25:00,2025-06-09 12:25:00,2025-06-11 12:25:00,Approved
CLM-002606,TICK-022801,Missed Connection,84000,75000,53000,2025-06-09 11:49:00,2025-06-09 07:49:00,2025-06-10 07:49:00,Approved
CLM-002607,TICK-022805,Missed Connection,155000,100000,98000,2025-07-09 19:45:00,2025-07-09 11:45:00,2025-07-10 11:45:00,Approved
CLM-002608,TICK-022811,Missed Connection,45000,75000,28000,2025-09-23 21:23:00,2025-09-23 19:23:00,2025-09-25 19:23:00,Approved
CLM-002609,TICK-022813,Missed Connection,142000,50000,95000,2025-09-23 04:29:00,2025-09-22 21:29:00,,Pending
CLM-002610,TICK-022821,Missed Connection,104000,75000,65000,2025-07-09 04:42:00,2025-07-08 21:42:00,,Pending
CLM-002611,TICK-022823,Missed Connection,86000,75000,55000,2025-11-23 05:14:00,2025-11-22 23:14:00,2025-11-23 23:14:00,Approved
CLM-002612,TICK-022826,Missed Connection,74000,50000,52000,2025-02-09 02:47:00,2025-02-09 01:47:00,2025-02-10 01:47:00,Approved
CLM-002613,TICK-022832,Missed Connection,70000,75000,47000,2025-07-09 07:25:00,2025-07-09 05:25:00,2025-07-14 05:25:00,Approved
CLM-002614,TICK-022843,Missed Connection,200000,75000,126000,2025-02-09 15:25:00,2025-02-09 14:25:00,2025-02-13 14:25:00,Approved
CLM-002615,TICK-022855,Missed Connection,84000,100000,59000,2025-07-09 16:16:00,2025-07-09 14:16:00,2025-07-14 14:16:00,Approved
CLM-002616,TICK-022857,Missed Connection,119000,75000,75000,2025-10-23 11:58:00,2025-10-23 07:58:00,2025-10-28 07:58:00,Rejected
CLM-002617,TICK-022862,Missed Connection,132000,75000,83000,2025-10-09 09:53:00,2025-10-09 02:53:00,2025-10-12 02:53:00,Approved
CLM-002618,TICK-022866,Missed Connection,108000,50000,68000,2025-10-09 11:17:00,2025-10-09 04:17:00,2025-10-10 04:17:00,Approved
CLM-002619,TICK-022873,Missed Connection,107000,75000,75000,2025-05-10 03:31:00,2025-05-10 00:31:00,2025-05-15 00:31:00,Approved
CLM-002620,TICK-022881,Missed Connection,87000,50000,58000,2025-04-09 13:17:00,2025-04-09 09:17:00,,Pending
CLM-002621,TICK-022889,Missed Connection,108000,100000,68000,2025-01-23 18:46:00,2025-01-23 12:46:00,2025-01-25 12:46:00,Rejected
CLM-002622,TICK-022891,Missed Connection,52000,50000,34000,2025-06-23 09:32:00,2025-06-23 02:32:00,2025-06-28 02:32:00,Rejected
CLM-002623,TICK-022901,Missed Connection,89000,50000,62000,2025-06-09 12:10:00,2025-06-09 05:10:00,2025-06-11 05:10:00,Approved
CLM-002624,TICK-022905,Missed Connection,124000,75000,78000,2025-09-23 14:42:00,2025-09-23 13:42:00,2025-09-26 13:42:00,Approved
CLM-002625,TICK-022907,Missed Connection,54000,75000,34000,2025-06-23 13:32:00,2025-06-23 05:32:00,2025-06-24 05:32:00,Approved
CLM-002626,TICK-022909,Missed Connection,74000,50000,47000,2025-07-23 20:39:00,2025-07-23 13:39:00,2025-07-25 13:39:00,Approved
CLM-002627,TICK-022911,Missed Connection,104000,50000,65000,2025-06-09 11:30:00,2025-06-09 05:30:00,2025-06-12 05:30:00,Approved
CLM-002628,TICK-022921,Missed Connection,94000,75000,62000,2025-06-09 04:10:00,2025-06-08 20:10:00,,Pending
CLM-002629,TICK-022931,Missed Connection,138000,75000,87000,2025-07-23 21:38:00,2025-07-23 18:38:00,2025-07-24 18:38:00,Approved
CLM-002630,TICK-022941,Missed Connection,104000,75000,65000,2025-12-09 06:10:00,2025-12-09 02:10:00,2025-12-10 02:10:00,Approved
CLM-002631,TICK-022947,Missed Connection,161000,50000,102000,2025-05-09 01:03:00,2025-05-08 19:03:00,,Pending
CLM-002632,TICK-022953,Missed Connection,140000,75000,88000,2025-04-23 16:14:00,2025-04-23 13:14:00,2025-04-25 13:14:00,Approved
CLM-002633,TICK-022961,Missed Connection,54000,50000,34000,2025-12-09 14:54:00,2025-12-09 12:54:00,2025-12-11 12:54:00,Approved
CLM-002634,TICK-022975,Missed Connection,138000,100000,87000,2025-07-23 18:38:00,2025-07-23 15:38:00,2025-07-27 15:38:00,Approved
CLM-002635,TICK-022993,Missed Connection,103000,100000,65000,2025-09-09 02:39:00,2025-09-08 18:39:00,2025-09-10 18:39:00,Rejected
CLM-002636,TICK-022995,Missed Connection,74000,75000,47000,2025-12-23 16:02:00,2025-12-23 08:02:00,2025-12-24 08:02:00,Rejected
CLM-002637,TICK-022998,Missed Connection,153000,50000,102000,2025-05-09 12:03:00,2025-05-09 04:03:00,2025-05-13 04:03:00,Approved
CLM-002638,TICK-023012,Missed Connection,148000,50000,93000,2025-12-23 21:05:00,2025-12-23 20:05:00,2025-12-27 20:05:00,Approved
CLM-002639,TICK-023026,Missed Connection,70000,50000,49000,2025-08-23 18:35:00,2025-08-23 10:35:00,2025-08-27 10:35:00,Approved
CLM-002640,TICK-023041,Missed Connection,70000,75000,47000,2025-07-23 23:39:00,2025-07-23 15:39:00,2025-07-27 15:39:00,Approved
CLM-002641,TICK-023051,Missed Connection,186000,100000,117000,2025-07-23 13:02:00,2025-07-23 10:02:00,2025-07-24 10:02:00,Approved
CLM-002642,TICK-023057,Missed Connection,68000,100000,43000,2025-06-23 18:41:00,2025-06-23 17:41:00,,Pending
CLM-002643,TICK-023062,Missed Connection,122000,50000,81000,2025-11-23 06:08:00,2025-11-23 04:08:00,2025-11-27 04:08:00,Approved
CLM-002644,TICK-023065,Missed Connection,145000,50000,102000,2025-08-23 20:58:00,2025-08-23 12:58:00,2025-08-26 12:58:00,Approved
CLM-002645,TICK-023076,Missed Connection,141000,75000,93000,2025-08-24 01:25:00,2025-08-23 23:25:00,2025-08-26 23:25:00,Approved
CLM-002646,TICK-023078,Missed Connection,115000,50000,72000,2025-08-09 10:44:00,2025-08-09 04:44:00,2025-08-11 04:44:00,Approved
CLM-002647,TICK-023084,Missed Connection,92000,75000,65000,2025-04-09 22:51:00,2025-04-09 15:51:00,2025-04-12 15:51:00,Approved
CLM-002648,TICK-023097,Missed Connection,124000,50000,87000,2025-07-23 23:38:00,2025-07-23 15:38:00,2025-07-26 15:38:00,Approved
CLM-002649,TICK-023115,Missed Connection,112000,75000,75000,2025-08-09 13:41:00,2025-08-09 07:41:00,2025-08-14 07:41:00,Rejected
CLM-002650,TICK-023118,Missed Connection,119000,75000,75000,2025-05-09 10:50:00,2025-05-09 04:50:00,2025-05-13 04:50:00,Approved
CLM-002651,TICK-023124,Missed Connection,150000,50000,95000,2025-08-23 09:04:00,2025-08-23 07:04:00,2025-08-24 07:04:00,Approved
CLM-002652,TICK-023128,Missed Connection,110000,75000,70000,2025-07-09 02:43:00,2025-07-09 01:43:00,2025-07-13 01:43:00,Approved
CLM-002653,TICK-023135,Missed Connection,99000,75000,62000,2025-07-09 16:41:00,2025-07-09 10:41:00,2025-07-12 10:41:00,Approved
CLM-002654,TICK-023139,Missed Connection,167000,100000,105000,2025-12-09 13:35:00,2025-12-09 05:35:00,,Pending
CLM-002655,TICK-023157,Missed Connection,54000,50000,34000,2025-12-09 13:14:00,2025-12-09 06:14:00,2025-12-13 06:14:00,Approved
CLM-002656,TICK-023166,Missed Connection,108000,50000,68000,2025-08-09 14:10:00,2025-08-09 08:10:00,2025-08-11 08:10:00,Approved
CLM-002657,TICK-023174,Missed Connection,103000,50000,72000,2025-02-09 12:14:00,2025-02-09 04:14:00,2025-02-10 04:14:00,Approved
CLM-002658,TICK-023186,Missed Connection,106000,100000,66000,2025-05-09 10:39:00,2025-05-09 06:39:00,2025-05-12 06:39:00,Approved
CLM-002659,TICK-023190,Missed Connection,190000,75000,126000,2025-08-09 01:49:00,2025-08-08 21:49:00,2025-08-12 21:49:00,Approved
CLM-002660,TICK-023195,Missed Connection,76000,75000,48000,2025-04-23 16:50:00,2025-04-23 12:50:00,2025-04-28 12:50:00,Approved
CLM-002661,TICK-023199,Missed Connection,138000,50000,87000,2025-07-09 09:48:00,2025-07-09 04:48:00,2025-07-13 04:48:00,Approved
CLM-002662,TICK-023203,Missed Connection,124000,50000,78000,2025-07-09 20:28:00,2025-07-09 15:28:00,2025-07-14 15:28:00,Approved
CLM-002663,TICK-023213,Missed Connection,147000,75000,98000,2025-07-23 19:53:00,2025-07-23 11:53:00,2025-07-26 11:53:00,Approved
CLM-002664,TICK-023216,Missed Connection,89000,100000,62000,2025-07-09 00:10:00,2025-07-08 21:10:00,,Pending
CLM-002665,TICK-023221,Missed Connection,150000,75000,99000,2025-06-23 14:13:00,2025-06-23 13:13:00,2025-06-27 13:13:00,Approved
CLM-002666,TICK-023228,Missed Connection,54000,75000,36000,2025-01-23 05:23:00,2025-01-22 21:23:00,2025-01-27 21:23:00,Approved
CLM-002667,TICK-023230,Missed Connection,92000,50000,58000,2025-09-22 20:16:00,2025-09-22 13:16:00,2025-09-23 13:16:00,Approved
CLM-002668,TICK-023238,Missed Connection,93000,50000,59000,2025-07-09 07:02:00,2025-07-09 01:02:00,2025-07-14 01:02:00,Approved
CLM-002669,TICK-023243,Missed Connection,156000,75000,98000,2025-05-23 10:22:00,2025-05-23 02:22:00,2025-05-27 02:22:00,Approved
CLM-002670,TICK-023252,Missed Connection,248000,75000,164000,2025-06-23 17:40:00,2025-06-23 11:40:00,2025-06-28 11:40:00,Approved
CLM-002671,TICK-023257,Missed Connection,92000,100000,58000,2025-05-09 00:50:00,2025-05-08 23:50:00,2025-05-13 23:50:00,Approved
CLM-002672,TICK-023283,Missed Connection,155000,75000,98000,2025-02-23 04:05:00,2025-02-22 21:05:00,2025-02-23 21:05:00,Approved
CLM-002673,TICK-023302,Missed Connection,174000,75000,122000,2025-06-09 17:53:00,2025-06-09 10:53:00,2025-06-11 10:53:00,Approved
CLM-002674,TICK-023305,Missed Connection,188000,75000,119000,2025-03-09 00:49:00,2025-03-08 18:49:00,2025-03-09 18:49:00,Approved
CLM-002675,TICK-023308,Missed Connection,110000,75000,70000,2025-06-23 04:31:00,2025-06-23 03:31:00,2025-06-26 03:31:00,Approved
CLM-002676,TICK-023321,Missed Connection,167000,50000,105000,2025-07-09 17:31:00,2025-07-09 16:31:00,2025-07-12 16:31:00,Approved
CLM-002677,TICK-023338,Missed Connection,124000,50000,78000,2025-02-09 22:51:00,2025-02-09 18:51:00,2025-02-14 18:51:00,Rejected
CLM-002678,TICK-023345,Missed Connection,108000,75000,68000,2025-02-23 03:29:00,2025-02-23 01:29:00,2025-02-28 01:29:00,Approved
CLM-002679,TICK-023347,Missed Connection,181000,75000,114000,2025-07-09 02:35:00,2025-07-08 19:35:00,2025-07-10 19:35:00,Approved
CLM-002680,TICK-023351,Missed Connection,82000,50000,52000,2025-01-08 22:21:00,2025-01-08 19:21:00,2025-01-11 19:21:00,Approved
CLM-002681,TICK-023353,Missed Connection,167000,50000,105000,2025-07-23 18:13:00,2025-07-23 10:13:00,2025-07-25 10:13:00,Approved
CLM-002682,TICK-023361,Missed Connection,124000,100000,78000,2025-06-09 10:48:00,2025-06-09 02:48:00,,Pending
CLM-002683,TICK-023365,Missed Connection,110000,50000,70000,2025-06-09 20:40:00,2025-06-09 16:40:00,,Pending
CLM-002684,TICK-023369,Missed Connection,86000,75000,55000,2025-08-23 00:33:00,2025-08-22 23:33:00,2025-08-25 23:33:00,Approved
CLM-002685,TICK-023379,Missed Connection,129000,50000,81000,2025-10-23 03:07:00,2025-10-23 02:07:00,2025-10-25 02:07:00,Approved
CLM-002686,TICK-023382,Missed Connection,155000,100000,98000,2025-12-09 11:35:00,2025-12-09 04:35:00,2025-12-13 04:35:00,Approved
CLM-002687,TICK-023384,Missed Connection,138000,50000,87000,2025-07-24 01:38:00,2025-07-23 18:38:00,2025-07-26 18:38:00,Approved
CLM-002688,TICK-023406,Missed Connection,102000,75000,68000,2025-04-09 10:48:00,2025-04-09 07:48:00,,Pending
CLM-002689,TICK-023410,Missed Connection,142000,50000,95000,2025-04-23 06:14:00,2025-04-23 01:14:00,2025-04-24 01:14:00,Approved
CLM-002690,TICK-023419,Missed Connection,49000,75000,34000,2025-06-09 15:55:00,2025-06-09 12:55:00,2025-06-13 12:55:00,Approved
CLM-002691,TICK-023433,Missed Connection,261000,50000,164000,2025-12-23 03:13:00,2025-12-23 00:13:00,2025-12-26 00:13:00,Approved
CLM-002692,TICK-023435,Missed Connection,45000,50000,28000,2025-08-23 14:23:00,2025-08-23 10:23:00,2025-08-28 10:23:00,Approved
CLM-002693,TICK-023437,Missed Connection,74000,75000,47000,2025-12-23 09:02:00,2025-12-23 05:02:00,,Pending
CLM-002694,TICK-023447,Missed Connection,62000,50000,39000,2025-11-23 20:08:00,2025-11-23 13:08:00,2025-11-26 13:08:00,Approved
CLM-002695,TICK-023467,Missed Connection,128000,50000,81000,2025-10-09 05:53:00,2025-10-09 00:53:00,2025-10-10 00:53:00,Approved
CLM-002696,TICK-023492,Missed Connection,110000,75000,70000,2025-12-09 08:05:00,2025-12-09 07:05:00,2025-12-11 07:05:00,Approved
CLM-002697,TICK-023500,Missed Connection,56000,50000,36000,2025-01-23 09:23:00,2025-01-23 01:23:00,2025-01-26 01:23:00,Rejected
CLM-002698,TICK-023502,Missed Connection,62000,50000,39000,2025-01-23 17:35:00,2025-01-23 12:35:00,2025-01-24 12:35:00,Approved
CLM-002699,TICK-023518,Missed Connection,74000,50000,47000,2025-07-23 14:39:00,2025-07-23 10:39:00,2025-07-25 10:39:00,Approved
CLM-002700,TICK-023522,Missed Connection,56000,75000,39000,2025-11-09 04:04:00,2025-11-08 22:04:00,2025-11-13 22:04:00,Approved
CLM-002701,TICK-023533,Missed Connection,79000,75000,52000,2025-02-09 12:25:00,2025-02-09 04:25:00,2025-02-11 04:25:00,Approved
CLM-002702,TICK-023540,Missed Connection,74000,75000,47000,2025-07-23 23:39:00,2025-07-23 15:39:00,2025-07-27 15:39:00,Approved
CLM-002703,TICK-023543,Missed Connection,148000,75000,93000,2025-07-23 09:22:00,2025-07-23 06:22:00,2025-07-24 06:22:00,Approved
CLM-002704,TICK-023558,Missed Connection,82000,75000,52000,2025-02-23 13:40:00,2025-02-23 10:40:00,2025-02-24 10:40:00,Approved
CLM-002705,TICK-023564,Missed Connection,110000,50000,70000,2025-12-08 18:36:00,2025-12-08 16:36:00,2025-12-12 16:36:00,Approved
CLM-002706,TICK-023589,Missed Connection,104000,75000,65000,2025-06-09 05:30:00,2025-06-09 01:30:00,2025-06-13 01:30:00,Approved
CLM-002707,TICK-023594,Missed Connection,142000,50000,90000,2025-07-09 09:41:00,2025-07-09 04:41:00,2025-07-14 04:41:00,Approved
CLM-002708,TICK-023600,Missed Connection,110000,50000,69000,2025-12-23 23:48:00,2025-12-23 22:48:00,2025-12-28 22:48:00,Approved
CLM-002709,TICK-023607,Missed Connection,124000,75000,78000,2025-06-09 01:48:00,2025-06-08 18:48:00,2025-06-13 18:48:00,Approved
CLM-002710,TICK-023617,Missed Connection,140000,75000,88000,2025-10-23 13:33:00,2025-10-23 06:33:00,2025-10-28 06:33:00,Approved
CLM-002711,TICK-023619,Missed Connection,124000,75000,87000,2025-12-22 17:19:00,2025-12-22 16:19:00,2025-12-27 16:19:00,Approved
CLM-002712,TICK-023621,Missed Connection,82000,75000,55000,2025-05-09 01:19:00,2025-05-09 00:19:00,2025-05-13 00:19:00,Approved
CLM-002713,TICK-023640,Missed Connection,86000,75000,55000,2025-08-23 07:24:00,2025-08-23 02:24:00,2025-08-28 02:24:00,Approved
CLM-002714,TICK-023647,Missed Connection,146000,75000,92000,2025-02-09 04:36:00,2025-02-09 00:36:00,2025-02-14 00:36:00,Approved
CLM-002715,TICK-023650,Missed Connection,54000,100000,34000,2025-07-23 18:23:00,2025-07-23 14:23:00,2025-07-28 14:23:00,Approved
CLM-002716,TICK-023671,Missed Connection,124000,50000,78000,2025-01-09 12:28:00,2025-01-09 07:28:00,,Pending
CLM-002717,TICK-023686,Missed Connection,142000,100000,95000,2025-11-22 19:16:00,2025-11-22 14:16:00,2025-11-26 14:16:00,Approved
CLM-002718,TICK-023691,Missed Connection,118000,75000,78000,2025-01-09 10:28:00,2025-01-09 02:28:00,2025-01-11 02:28:00,Approved
CLM-002719,TICK-023697,Missed Connection,147000,75000,98000,2025-03-09 05:10:00,2025-03-08 21:10:00,2025-03-13 21:10:00,Approved
CLM-002720,TICK-023699,Missed Connection,167000,50000,105000,2025-06-23 13:24:00,2025-06-23 05:24:00,2025-06-27 05:24:00,Approved
CLM-002721,TICK-023701,Missed Connection,82000,75000,52000,2025-01-22 20:10:00,2025-01-22 14:10:00,2025-01-27 14:10:00,Approved
CLM-002722,TICK-023713,Missed Connection,128000,75000,90000,2025-06-09 22:25:00,2025-06-09 14:25:00,,Pending
CLM-002723,TICK-023717,Missed Connection,148000,75000,93000,2025-06-23 21:01:00,2025-06-23 13:01:00,2025-06-25 13:01:00,Approved
CLM-002724,TICK-023748,Missed Connection,99000,50000,62000,2025-07-09 00:10:00,2025-07-08 20:10:00,2025-07-09 20:10:00,Approved
CLM-002725,TICK-023766,Missed Connection,52000,75000,34000,2025-06-09 22:55:00,2025-06-09 15:55:00,2025-06-14 15:55:00,Approved
CLM-002726,TICK-023768,Missed Connection,99000,50000,65000,2025-07-09 08:10:00,2025-07-09 05:10:00,2025-07-11 05:10:00,Approved
CLM-002727,TICK-023773,Missed Connection,170000,75000,119000,2025-01-23 00:22:00,2025-01-22 20:22:00,2025-01-25 20:22:00,Rejected
CLM-002728,TICK-023775,Missed Connection,110000,75000,70000,2025-07-08 21:16:00,2025-07-08 18:16:00,2025-07-12 18:16:00,Approved
CLM-002729,TICK-023812,Missed Connection,150000,50000,95000,2025-02-22 21:14:00,2025-02-22 20:14:00,2025-02-27 20:14:00,Approved
CLM-002730,TICK-023822,Missed Connection,92000,50000,58000,2025-04-09 09:17:00,2025-04-09 07:17:00,2025-04-13 07:17:00,Approved
CLM-002731,TICK-023852,Missed Connection,124000,100000,78000,2025-06-09 10:20:00,2025-06-09 07:20:00,2025-06-13 07:20:00,Approved
CLM-002732,TICK-023860,Missed Connection,86000,100000,55000,2025-11-09 03:33:00,2025-11-08 21:33:00,2025-11-13 21:33:00,Approved
CLM-002733,TICK-023869,Missed Connection,254000,50000,160000,2025-10-23 20:03:00,2025-10-23 16:03:00,2025-10-24 16:03:00,Approved
CLM-002734,TICK-023883,Missed Connection,261000,75000,164000,2025-07-09 07:35:00,2025-07-08 23:35:00,2025-07-09 23:35:00,Approved
CLM-002735,TICK-023903,Missed Connection,218000,50000,137000,2025-09-23 10:13:00,2025-09-23 09:13:00,2025-09-25 09:13:00,Approved
CLM-002736,TICK-023926,Missed Connection,54000,75000,34000,2025-12-09 14:14:00,2025-12-09 06:14:00,2025-12-14 06:14:00,Rejected
CLM-002737,TICK-023933,Missed Connection,141000,75000,93000,2025-09-23 14:25:00,2025-09-23 10:25:00,2025-09-26 10:25:00,Approved
CLM-002738,TICK-023967,Missed Connection,154000,75000,97000,2025-06-23 14:13:00,2025-06-23 12:13:00,2025-06-28 12:13:00,Approved
CLM-002739,TICK-023971,Missed Connection,59000,100000,39000,2025-03-23 20:34:00,2025-03-23 12:34:00,2025-03-26 12:34:00,Approved
CLM-002740,TICK-023977,Missed Connection,82000,50000,58000,2025-05-09 13:07:00,2025-05-09 12:07:00,2025-05-14 12:07:00,Approved
CLM-002741,TICK-023979,Missed Connection,148000,75000,93000,2025-11-09 07:57:00,2025-11-09 05:57:00,,Pending
CLM-002742,TICK-023993,Missed Connection,190000,50000,126000,2025-03-10 00:47:00,2025-03-09 19:47:00,2025-03-10 19:47:00,Approved
CLM-002743,TICK-024001,Missed Connection,68000,50000,43000,2025-07-23 11:36:00,2025-07-23 10:36:00,2025-07-26 10:36:00,Approved
CLM-002744,TICK-024005,Missed Connection,110000,75000,70000,2025-07-09 00:43:00,2025-07-08 23:43:00,2025-07-11 23:43:00,Approved
CLM-002745,TICK-024014,Missed Connection,138000,50000,87000,2025-06-22 23:05:00,2025-06-22 22:05:00,2025-06-27 22:05:00,Approved
CLM-002746,TICK-024024,Missed Connection,103000,100000,65000,2025-11-23 06:37:00,2025-11-23 00:37:00,2025-11-27 00:37:00,Approved
CLM-002747,TICK-024040,Missed Connection,290000,75000,192000,2025-07-23 07:26:00,2025-07-23 06:26:00,2025-07-27 06:26:00,Approved
CLM-002748,TICK-024047,Missed Connection,158000,75000,99000,2025-06-23 14:28:00,2025-06-23 12:28:00,2025-06-24 12:28:00,Approved
CLM-002749,TICK-024066,Missed Connection,91000,50000,57000,2025-08-09 14:16:00,2025-08-09 11:16:00,2025-08-11 11:16:00,Approved
CLM-002750,TICK-024083,Missed Connection,200000,50000,126000,2025-08-09 07:49:00,2025-08-08 23:49:00,2025-08-12 23:49:00,Approved
CLM-002751,TICK-024087,Missed Connection,167000,50000,105000,2025-07-23 07:13:00,2025-07-23 06:13:00,2025-07-26 06:13:00,Rejected
CLM-002752,TICK-024090,Missed Connection,161000,75000,102000,2025-01-23 13:22:00,2025-01-23 05:22:00,2025-01-24 05:22:00,Approved
CLM-002753,TICK-024110,Missed Connection,124000,50000,78000,2025-05-09 22:34:00,2025-05-09 16:34:00,2025-05-14 16:34:00,Approved
CLM-002754,TICK-024112,Missed Connection,94000,50000,62000,2025-06-09 00:10:00,2025-06-08 23:10:00,2025-06-10 23:10:00,Approved
CLM-002755,TICK-024129,Missed Connection,138000,75000,87000,2025-07-23 16:38:00,2025-07-23 13:38:00,2025-07-26 13:38:00,Rejected
CLM-002756,TICK-024133,Missed Connection,56000,50000,36000,2025-02-09 10:05:00,2025-02-09 09:05:00,2025-02-13 09:05:00,Approved
CLM-002757,TICK-024136,Missed Connection,80000,50000,53000,2025-06-09 17:49:00,2025-06-09 16:49:00,2025-06-10 16:49:00,Approved
CLM-002758,TICK-024141,Missed Connection,54000,100000,34000,2025-07-09 06:24:00,2025-07-09 04:24:00,2025-07-11 04:24:00,Approved
CLM-002759,TICK-024149,Missed Connection,132000,50000,92000,2025-02-09 09:10:00,2025-02-09 06:10:00,2025-02-10 06:10:00,Approved
CLM-002760,TICK-024160,Missed Connection,261000,75000,164000,2025-12-23 04:13:00,2025-12-23 00:13:00,2025-12-26 00:13:00,Approved
CLM-002761,TICK-024162,Missed Connection,89000,50000,62000,2025-07-09 07:10:00,2025-07-09 03:10:00,2025-07-14 03:10:00,Approved
CLM-002762,TICK-024164,Missed Connection,82000,75000,52000,2025-04-23 09:28:00,2025-04-23 04:28:00,2025-04-24 04:28:00,Approved
CLM-002763,TICK-024169,Missed Connection,150000,50000,105000,2025-06-23 12:24:00,2025-06-23 09:24:00,2025-06-25 09:24:00,Approved
CLM-002764,TICK-024182,Missed Connection,130000,75000,82000,2025-07-23 08:24:00,2025-07-23 04:24:00,2025-07-24 04:24:00,Approved
CLM-002765,TICK-024191,Missed Connection,105000,50000,70000,2025-12-09 13:05:00,2025-12-09 12:05:00,2025-12-12 12:05:00,Approved
CLM-002766,TICK-024199,Missed Connection,62000,75000,39000,2025-05-23 18:02:00,2025-05-23 16:02:00,2025-05-27 16:02:00,Approved
CLM-002767,TICK-024211,Missed Connection,261000,50000,164000,2025-12-22 19:13:00,2025-12-22 16:13:00,2025-12-26 16:13:00,Approved
CLM-002768,TICK-024216,Missed Connection,155000,75000,98000,2025-12-23 16:09:00,2025-12-23 10:09:00,2025-12-24 10:09:00,Approved
CLM-002769,TICK-024222,Missed Connection,78000,75000,55000,2025-03-23 10:10:00,2025-03-23 06:10:00,2025-03-28 06:10:00,Approved
CLM-002770,TICK-024240,Missed Connection,130000,75000,91000,2025-06-09 19:59:00,2025-06-09 11:59:00,2025-06-12 11:59:00,Approved
CLM-002771,TICK-024242,Missed Connection,161000,75000,102000,2025-05-09 08:03:00,2025-05-09 02:03:00,2025-05-13 02:03:00,Approved
CLM-002772,TICK-024244,Missed Connection,145000,75000,102000,2025-01-23 13:08:00,2025-01-23 12:08:00,2025-01-28 12:08:00,Approved
CLM-002773,TICK-024255,Missed Connection,96000,50000,61000,2025-09-23 03:54:00,2025-09-23 02:54:00,2025-09-25 02:54:00,Approved
CLM-002774,TICK-024259,Missed Connection,168000,75000,112000,2025-09-09 18:40:00,2025-09-09 15:40:00,2025-09-11 15:40:00,Approved
CLM-002775,TICK-024265,Missed Connection,54000,75000,34000,2025-12-08 23:44:00,2025-12-08 22:44:00,2025-12-12 22:44:00,Approved
CLM-002776,TICK-024280,Missed Connection,54000,50000,34000,2025-12-23 05:50:00,2025-12-22 22:50:00,2025-12-26 22:50:00,Approved
CLM-002777,TICK-024286,Missed Connection,178000,50000,112000,2025-07-23 15:25:00,2025-07-23 11:25:00,2025-07-24 11:25:00,Approved
CLM-002778,TICK-024288,Missed Connection,124000,50000,87000,2025-06-09 04:05:00,2025-06-08 22:05:00,2025-06-12 22:05:00,Approved
CLM-002779,TICK-024297,Missed Connection,228000,100000,152000,2025-06-10 00:35:00,2025-06-09 20:35:00,,Pending
CLM-002780,TICK-024310,Missed Connection,106000,50000,66000,2025-09-23 19:16:00,2025-09-23 17:16:00,,Pending
CLM-002781,TICK-024314,Missed Connection,74000,75000,52000,2025-09-23 09:21:00,2025-09-23 04:21:00,2025-09-24 04:21:00,Approved
CLM-002782,TICK-024318,Missed Connection,54000,100000,36000,2025-08-09 13:52:00,2025-08-09 09:52:00,2025-08-11 09:52:00,Approved
CLM-002783,TICK-024322,Missed Connection,174000,50000,115000,2025-10-23 01:06:00,2025-10-22 20:06:00,2025-10-23 20:06:00,Approved
CLM-002784,TICK-024341,Missed Connection,92000,75000,58000,2025-09-09 04:50:00,2025-09-08 23:50:00,2025-09-11 23:50:00,Approved
CLM-002785,TICK-024344,Missed Connection,104000,75000,65000,2025-06-09 12:30:00,2025-06-09 05:30:00,2025-06-13 05:30:00,Approved
CLM-002786,TICK-024351,Missed Connection,68000,75000,43000,2025-07-23 19:36:00,2025-07-23 11:36:00,2025-07-25 11:36:00,Approved
CLM-002787,TICK-024353,Missed Connection,110000,50000,70000,2025-07-09 02:43:00,2025-07-09 00:43:00,2025-07-11 00:43:00,Rejected
CLM-002788,TICK-024378,Missed Connection,104000,75000,65000,2025-06-23 17:10:00,2025-06-23 11:10:00,2025-06-24 11:10:00,Approved
CLM-002789,TICK-024382,Missed Connection,104000,100000,65000,2025-12-09 06:40:00,2025-12-08 23:40:00,2025-12-11 23:40:00,Approved
CLM-002790,TICK-024395,Missed Connection,49000,50000,33000,2025-08-10 06:09:00,2025-08-09 22:09:00,2025-08-13 22:09:00,Approved
CLM-002791,TICK-024407,Missed Connection,45000,75000,28000,2025-03-09 10:36:00,2025-03-09 09:36:00,2025-03-10 09:36:00,Approved
CLM-002792,TICK-024413,Missed Connection,52000,50000,34000,2025-06-09 21:55:00,2025-06-09 16:55:00,2025-06-14 16:55:00,Approved
CLM-002793,TICK-024424,Missed Connection,92000,50000,65000,2025-10-09 03:16:00,2025-10-08 22:16:00,,Pending
CLM-002794,TICK-024430,Missed Connection,226000,75000,142000,2025-12-22 22:13:00,2025-12-22 18:13:00,2025-12-23 18:13:00,Approved
CLM-002795,TICK-024433,Missed Connection,254000,75000,160000,2025-11-09 12:41:00,2025-11-09 08:41:00,,Pending
CLM-002796,TICK-024435,Missed Connection,187000,75000,118000,2025-06-09 06:51:00,2025-06-09 04:51:00,2025-06-10 04:51:00,Approved
CLM-002797,TICK-024452,Missed Connection,156000,75000,109000,2025-10-23 09:39:00,2025-10-23 07:39:00,2025-10-27 07:39:00,Rejected
CLM-002798,TICK-024459,Missed Connection,87000,75000,58000,2025-03-22 23:47:00,2025-03-22 20:47:00,2025-03-25 20:47:00,Approved
CLM-002799,TICK-024484,Missed Connection,141000,75000,93000,2025-01-09 05:25:00,2025-01-08 21:25:00,2025-01-12 21:25:00,Approved
CLM-002800,TICK-024492,Missed Connection,148000,75000,93000,2025-08-23 11:30:00,2025-08-23 09:30:00,2025-08-27 09:30:00,Approved
CLM-002801,TICK-024508,Missed Connection,119000,75000,75000,2025-10-23 20:58:00,2025-10-23 12:58:00,2025-10-26 12:58:00,Approved
CLM-002802,TICK-024517,Missed Connection,45000,75000,28000,2025-11-23 12:40:00,2025-11-23 07:40:00,2025-11-26 07:40:00,Approved
CLM-002803,TICK-024519,Missed Connection,110000,50000,70000,2025-12-23 08:27:00,2025-12-23 04:27:00,2025-12-24 04:27:00,Approved
CLM-002804,TICK-024529,Missed Connection,82000,50000,52000,2025-04-08 17:10:00,2025-04-08 16:10:00,2025-04-09 16:10:00,Approved
CLM-002805,TICK-024549,Missed Connection,92000,75000,58000,2025-11-23 19:13:00,2025-11-23 11:13:00,2025-11-25 11:13:00,Approved
CLM-002806,TICK-024555,Missed Connection,110000,50000,70000,2025-06-09 18:40:00,2025-06-09 13:40:00,2025-06-10 13:40:00,Approved
CLM-002807,TICK-024575,Missed Connection,82000,50000,58000,2025-09-23 01:16:00,2025-09-22 23:16:00,2025-09-23 23:16:00,Approved
CLM-002808,TICK-024583,Missed Connection,62000,50000,39000,2025-10-09 09:02:00,2025-10-09 08:02:00,2025-10-11 08:02:00,Approved
CLM-002809,TICK-024586,Missed Connection,79000,75000,52000,2025-02-23 20:40:00,2025-02-23 18:40:00,2025-02-26 18:40:00,Approved
CLM-002810,TICK-024616,Missed Connection,119000,100000,75000,2025-08-09 15:41:00,2025-08-09 11:41:00,2025-08-13 11:41:00,Approved
CLM-002811,TICK-024624,Missed Connection,194000,75000,122000,2025-12-09 10:58:00,2025-12-09 02:58:00,2025-12-10 02:58:00,Approved
CLM-002812,TICK-024631,Missed Connection,226000,75000,142000,2025-06-09 21:53:00,2025-06-09 16:53:00,2025-06-13 16:53:00,Approved
CLM-002813,TICK-024645,Missed Connection,117000,75000,78000,2025-07-23 10:53:00,2025-07-23 07:53:00,2025-07-26 07:53:00,Approved
CLM-002814,TICK-024653,Missed Connection,104000,75000,65000,2025-07-09 23:27:00,2025-07-09 15:27:00,2025-07-13 15:27:00,Approved
CLM-002815,TICK-024663,Missed Connection,154000,100000,97000,2025-10-23 23:02:00,2025-10-23 16:02:00,2025-10-24 16:02:00,Rejected
CLM-002816,TICK-024671,Missed Connection,138000,50000,87000,2025-07-23 15:38:00,2025-07-23 13:38:00,,Pending
CLM-002817,TICK-024675,Missed Connection,148000,100000,93000,2025-02-23 10:25:00,2025-02-23 05:25:00,2025-02-26 05:25:00,Approved
CLM-002818,TICK-024688,Missed Connection,181000,75000,114000,2025-12-09 18:31:00,2025-12-09 11:31:00,2025-12-13 11:31:00,Approved
CLM-002819,TICK-024703,Missed Connection,161000,50000,102000,2025-01-23 05:22:00,2025-01-23 04:22:00,2025-01-26 04:22:00,Approved
CLM-002820,TICK-024705,Missed Connection,148000,50000,93000,2025-07-22 22:22:00,2025-07-22 20:22:00,2025-07-26 20:22:00,Approved
CLM-002821,TICK-024710,Missed Connection,45000,75000,28000,2025-03-09 10:53:00,2025-03-09 06:53:00,,Pending
CLM-002822,TICK-024713,Missed Connection,186000,50000,117000,2025-06-23 08:02:00,2025-06-23 02:02:00,2025-06-25 02:02:00,Approved
CLM-002823,TICK-024724,Missed Connection,154000,75000,97000,2025-10-09 13:10:00,2025-10-09 09:10:00,2025-10-13 09:10:00,Approved
CLM-002824,TICK-024726,Missed Connection,110000,75000,70000,2025-07-09 06:43:00,2025-07-09 02:43:00,,Pending
CLM-002825,TICK-024734,Missed Connection,78000,75000,49000,2025-09-09 04:02:00,2025-09-08 21:02:00,2025-09-10 21:02:00,Approved
CLM-002826,TICK-024738,Missed Connection,104000,75000,65000,2025-06-09 03:30:00,2025-06-08 21:30:00,,Pending
CLM-002827,TICK-024744,Missed Connection,132000,50000,88000,2025-03-23 17:14:00,2025-03-23 14:14:00,2025-03-28 14:14:00,Approved
CLM-002828,TICK-024746,Missed Connection,82000,50000,52000,2025-04-23 00:28:00,2025-04-22 20:28:00,2025-04-23 20:28:00,Rejected
CLM-002829,TICK-024763,Missed Connection,120000,50000,80000,2025-06-23 01:31:00,2025-06-22 22:31:00,2025-06-25 22:31:00,Approved
CLM-002830,TICK-024773,Missed Connection,161000,50000,102000,2025-02-09 08:03:00,2025-02-09 04:03:00,2025-02-14 04:03:00,Rejected
CLM-002831,TICK-024788,Missed Connection,184000,50000,122000,2025-12-09 11:58:00,2025-12-09 09:58:00,2025-12-13 09:58:00,Approved
CLM-002832,TICK-024790,Missed Connection,82000,75000,52000,2025-05-08 19:18:00,2025-05-08 14:18:00,2025-05-13 14:18:00,Approved
CLM-002833,TICK-024797,Missed Connection,161000,50000,102000,2025-10-22 17:57:00,2025-10-22 14:57:00,2025-10-27 14:57:00,Approved
CLM-002834,TICK-024799,Missed Connection,105000,50000,70000,2025-07-09 01:16:00,2025-07-09 00:16:00,2025-07-14 00:16:00,Approved
CLM-002835,TICK-024801,Missed Connection,99000,50000,62000,2025-06-23 04:11:00,2025-06-22 20:11:00,2025-06-23 20:11:00,Approved
CLM-002836,TICK-024805,Missed Connection,138000,100000,87000,2025-07-23 19:38:00,2025-07-23 18:38:00,2025-07-26 18:38:00,Approved
CLM-002837,TICK-024810,Missed Connection,89000,75000,62000,2025-07-09 12:10:00,2025-07-09 06:10:00,2025-07-11 06:10:00,Approved
CLM-002838,TICK-024818,Missed Connection,112000,75000,79000,2025-07-23 14:02:00,2025-07-23 07:02:00,2025-07-27 07:02:00,Approved
CLM-002839,TICK-024821,Missed Connection,42000,75000,28000,2025-10-09 06:47:00,2025-10-09 00:47:00,2025-10-10 00:47:00,Approved
CLM-002840,TICK-024841,Missed Connection,194000,50000,122000,2025-12-08 21:53:00,2025-12-08 14:53:00,2025-12-13 14:53:00,Approved
CLM-002841,TICK-024844,Missed Connection,198000,100000,132000,2025-08-22 22:02:00,2025-08-22 20:02:00,2025-08-27 20:02:00,Approved
CLM-002842,TICK-024871,Missed Connection,45000,75000,28000,2025-11-23 05:35:00,2025-11-23 00:35:00,2025-11-26 00:35:00,Approved
CLM-002843,TICK-024875,Missed Connection,108000,75000,68000,2025-11-23 06:41:00,2025-11-23 00:41:00,2025-11-27 00:41:00,Approved
CLM-002844,TICK-024877,Missed Connection,140000,75000,98000,2025-02-23 06:05:00,2025-02-23 00:05:00,,Pending
CLM-002845,TICK-024880,Missed Connection,170000,50000,119000,2025-05-09 07:59:00,2025-05-09 02:59:00,2025-05-11 02:59:00,Approved
CLM-002846,TICK-024910,Missed Connection,180000,50000,126000,2025-03-09 10:47:00,2025-03-09 09:47:00,2025-03-12 09:47:00,Rejected
CLM-002847,TICK-024913,Missed Connection,150000,75000,95000,2025-11-23 01:08:00,2025-11-22 21:08:00,2025-11-26 21:08:00,Approved
CLM-002848,TICK-024916,Missed Connection,124000,50000,78000,2025-06-10 01:10:00,2025-06-09 17:10:00,,Pending
CLM-002849,TICK-024921,Missed Connection,140000,50000,98000,2025-12-23 12:09:00,2025-12-23 04:09:00,2025-12-27 04:09:00,Approved
CLM-002850,TICK-024923,Missed Connection,54000,75000,34000,2025-07-23 13:26:00,2025-07-23 05:26:00,2025-07-27 05:26:00,Approved
CLM-002851,TICK-024925,Missed Connection,142000,75000,90000,2025-07-09 06:41:00,2025-07-09 01:41:00,2025-07-11 01:41:00,Approved
CLM-002852,TICK-024927,Missed Connection,136000,100000,90000,2025-12-09 09:29:00,2025-12-09 06:29:00,2025-12-10 06:29:00,Approved
CLM-002853,TICK-024933,Missed Connection,68000,100000,43000,2025-07-23 19:43:00,2025-07-23 17:43:00,2025-07-27 17:43:00,Approved
CLM-002854,TICK-024937,Missed Connection,49000,75000,34000,2025-06-23 23:30:00,2025-06-23 21:30:00,2025-06-26 21:30:00,Approved
CLM-002855,TICK-024952,Missed Connection,120000,100000,76000,2025-05-22 23:07:00,2025-05-22 18:07:00,2025-05-27 18:07:00,Approved
CLM-002856,TICK-024958,Missed Connection,130000,75000,82000,2025-07-23 05:24:00,2025-07-23 02:24:00,2025-07-24 02:24:00,Rejected
CLM-002857,TICK-024960,Missed Connection,45000,75000,28000,2025-03-23 07:23:00,2025-03-22 23:23:00,2025-03-23 23:23:00,Approved
CLM-002858,TICK-024968,Missed Connection,68000,100000,43000,2025-07-23 09:36:00,2025-07-23 04:36:00,2025-07-28 04:36:00,Approved
CLM-002859,TICK-024978,Missed Connection,124000,75000,78000,2025-07-22 19:10:00,2025-07-22 18:10:00,2025-07-26 18:10:00,Approved
CLM-002860,TICK-024982,Missed Connection,141000,100000,93000,2025-08-24 09:11:00,2025-08-24 06:11:00,2025-08-28 06:11:00,Approved
