passenger_id,loyalty_tier,effective_start_date,effective_end_date
P00001,Basic,2024-08-03,
P00002,Gold,2024-08-19,
P00003,Gold,2023-09-29,
P00004,Gold,2023-07-19,
P00005,Basic,2023-03-15,
P00006,Gold,2024-11-21,
P00007,Basic,2024-05-01,
P00008,Gold,2023-12-03,
P00009,Basic,2024-09-15,2025-07-17
P00009,Gold,2025-07-17,
P00010,Basic,2023-08-22,
P00011,Basic,2024-01-21,
P00012,Basic,2023-09-27,
P00013,Basic,2024-08-05,
P00014,Basic,2023-07-19,
P00015,Gold,2023-05-05,
P00016,Basic,2024-11-07,
P00017,Gold,2023-06-16,2025-08-08
P00017,Platinum,2025-08-08,
P00018,Basic,2024-07-10,2025-10-14
P00018,Gold,2025-10-14,
P00019,Basic,2023-08-23,
P00020,Basic,2023-05-24,
P00021,Gold,2023-05-21,
P00022,Basic,2023-10-18,
P00023,Basic,2024-10-30,
P00024,Gold,2023-06-16,
P00025,Basic,2023-07-24,
P00026,Basic,2023-09-15,
P00027,Basic,2024-01-13,
P00028,Basic,2023-06-24,
P00029,Gold,2023-09-24,
P00030,Gold,2024-03-05,
P00031,Basic,2023-10-08,
P00032,Basic,2023-08-28,
P00033,Basic,2024-05-13,
P00034,Basic,2024-03-03,
P00035,Basic,2024-01-17,
P00036,Basic,2023-07-18,
P00037,Basic,2023-08-06,
P00038,Basic,2023-07-05,
P00039,Gold,2024-07-17,
P00040,Basic,2023-10-08,2025-09-24
P00040,Gold,2025-09-24,
P00041,Platinum,2024-11-18,
P00042,Basic,2023-12-13,
P00043,Basic,2024-11-06,
P00044,Gold,2024-01-04,
P00045,Gold,2023-03-10,2025-07-13
P00045,Platinum,2025-07-13,
P00046,Basic,2023-03-05,
P00047,Basic,2024-09-22,2025-08-14
P00047,Gold,2025-08-14,
P00048,Basic,2024-10-17,
P00049,Basic,2023-02-15,
P00050,Basic,2024-07-23,2025-10-13
P00050,Gold,2025-10-13,
P00051,Basic,2024-07-14,
P00052,Basic,2023-09-24,
P00053,Basic,2024-05-25,
P00054,Basic,2023-10-04,2025-07-12
P00054,Gold,2025-07-12,
P00055,Basic,2024-08-02,
P00056,Gold,2024-08-28,2025-03-25
P00056,Platinum,2025-03-25,
P00057,Basic,2023-02-10,
P00058,Basic,2023-01-16,2025-10-04
P00058,Gold,2025-10-04,
P00059,Basic,2023-05-07,
P00060,Basic,2023-03-08,
P00061,Basic,2024-04-27,
P00062,Basic,2024-07-20,
P00063,Basic,2024-06-10,2025-06-01
P00063,Gold,2025-06-01,
P00064,Basic,2024-05-27,2025-05-21
P00064,Gold,2025-05-21,
P00065,Basic,2024-09-28,
P00066,Basic,2024-09-29,
P00067,Basic,2024-03-14,2025-03-26
P00067,Gold,2025-03-26,
P00068,Basic,2024-01-20,
P00069,Basic,2023-12-10,
P00070,Basic,2023-03-14,
P00071,Basic,2023-04-04,
P00072,Gold,2023-11-15,
P00073,Basic,2023-10-31,
P00074,Gold,2023-09-12,
P00075,Basic,2024-07-30,
P00076,Basic,2024-11-12,
P00077,Basic,2024-08-09,2025-03-11
P00077,Gold,2025-03-11,
P00078,Basic,2023-12-06,
P00079,Basic,2023-09-25,
P00080,Gold,2024-04-01,
P00081,Basic,2024-05-29,
P00082,Basic,2023-01-02,
P00083,Basic,2024-04-13,
P00084,Platinum,2024-03-07,
P00085,Gold,2024-09-02,
P00086,Gold,2023-06-25,
P00087,Basic,2024-01-12,
P00088,Basic,2024-03-29,
P00089,Gold,2024-07-01,
P00090,Platinum,2023-11-30,
P00091,Gold,2023-12-17,
P00092,Basic,2023-08-22,
P00093,Basic,2023-04-18,2025-06-15
P00093,Gold,2025-06-15,
P00094,Platinum,2024-11-27,
P00095,Gold,2023-10-11,
P00096,Basic,2023-11-17,
P00097,Platinum,2024-08-21,
P00098,Basic,2023-04-16,2025-06-10
P00098,Gold,2025-06-10,
P00099,Gold,2023-06-23,
P00100,Basic,2024-08-17,
P00101,Basic,2024-03-10,
P00102,Basic,2024-05-22,
P00103,Basic,2023-12-03,
P00104,Basic,2023-02-27,
P00105,Basic,2023-09-27,
P00106,Basic,2023-06-01,
P00107,Basic,2023-05-30,2025-03-31
P00107,Gold,2025-03-31,
P00108,Gold,2023-02-13,
P00109,Basic,2024-01-28,2025-08-05
P00109,Gold,2025-08-05,
P00110,Platinum,2024-08-16,
P00111,Basic,2024-09-19,
P00112,Basic,2023-12-12,
P00113,Gold,2024-03-25,
P00114,Basic,2023-04-13,2025-03-24
P00114,Gold,2025-03-24,
P00115,Basic,2024-01-18,
P00116,Basic,2023-09-17,
P00117,Gold,2023-01-30,
P00118,Basic,2023-08-16,
P00119,Basic,2023-12-10,
P00120,Basic,2024-06-27,
P00121,Basic,2023-09-18,
P00122,Basic,2023-09-04,
P00123,Platinum,2023-12-29,
P00124,Basic,2024-02-06,
P00125,Basic,2023-05-20,
P00126,Gold,2023-01-07,
P00127,Platinum,2023-02-23,
P00128,Basic,2024-05-02,
P00129,Basic,2023-10-20,2025-07-23
P00129,Gold,2025-07-23,
P00130,Basic,2024-07-22,
P00131,Gold,2023-08-03,
P00132,Basic,2024-04-21,
P00133,Basic,2024-01-03,2025-06-27
P00133,Gold,2025-06-27,
P00134,Basic,2023-03-06,2025-08-26
P00134,Gold,2025-08-26,
P00135,Platinum,2024-11-21,
P00136,Basic,2023-08-16,
P00137,Basic,2024-09-07,
P00138,Basic,2023-05-10,2025-10-28
P00138,Gold,2025-10-28,
P00139,Basic,2024-05-27,
P00140,Basic,2023-08-08,
P00141,Basic,2023-03-22,
P00142,Basic,2024-03-21,
P00143,Basic,2023-11-24,
P00144,Basic,2024-02-26,
P00145,Basic,2023-04-17,
P00146,Basic,2023-02-11,
P00147,Platinum,2024-02-01,
P00148,Basic,2023-06-17,
P00149,Basic,2023-11-30,
P00150,Gold,2024-06-07,
P00151,Basic,2023-06-11,
P00152,Platinum,2023-03-20,
P00153,Basic,2023-09-20,
P00154,Gold,2024-02-29,
P00155,Gold,2023-01-08,
P00156,Basic,2023-10-28,
P00157,Basic,2023-03-22,
P00158,Gold,2024-07-21,
P00159,Gold,2023-01-20,
P00160,Basic,2024-06-02,
P00161,Basic,2024-07-24,2025-03-15
P00161,Gold,2025-03-15,
P00162,Basic,2023-01-06,
P00163,Platinum,2023-05-23,
P00164,Basic,2023-05-27,
P00165,Basic,2024-01-05,
P00166,Basic,2024-10-04,
P00167,Basic,2024-03-14,2025-07-08
P00167,Gold,2025-07-08,
P00168,Basic,2024-09-01,
P00169,Basic,2024-06-11,
P00170,Basic,2023-11-17,
P00171,Basic,2023-09-26,
P00172,Basic,2024-01-21,
P00173,Basic,2023-03-22,
P00174,Basic,2024-05-16,2025-08-31
P00174,Gold,2025-08-31,
P00175,Basic,2024-06-24,2025-06-20
P00175,Gold,2025-06-20,
P00176,Basic,2023-09-21,
P00177,Gold,2023-02-22,
P00178,Basic,2024-11-23,
P00179,Basic,2023-12-06,2025-09-21
P00179,Gold,2025-09-21,
P00180,Platinum,2024-04-19,
P00181,Basic,2023-04-05,
P00182,Platinum,2024-03-17,
P00183,Gold,2023-05-23,
P00184,Gold,2024-08-24,
P00185,Basic,2024-10-21,
P00186,Gold,2023-11-03,
P00187,Basic,2023-03-15,2025-10-17
P00187,Gold,2025-10-17,
P00188,Basic,2024-11-05,2025-07-16
P00188,Gold,2025-07-16,
P00189,Platinum,2024-11-14,
P00190,Basic,2023-03-27,
P00191,Basic,2023-12-26,
P00192,Basic,2024-01-08,
P00193,Basic,2024-04-02,
P00194,Basic,2023-07-21,2025-04-19
P00194,Gold,2025-04-19,
P00195,Basic,2023-04-10,
P00196,Gold,2023-07-11,
P00197,Gold,2023-08-14,
P00198,Basic,2024-01-16,
P00199,Basic,2024-11-06,
P00200,Basic,2023-06-08,
P00201,Basic,2024-09-16,
P00202,Gold,2024-08-16,
P00203,Basic,2024-03-27,
P00204,Basic,2023-06-14,
P00205,Basic,2024-10-26,
P00206,Basic,2023-05-07,
P00207,Platinum,2023-12-04,
P00208,Basic,2023-06-24,2025-10-26
P00208,Gold,2025-10-26,
P00209,Basic,2024-05-22,
P00210,Basic,2024-08-31,2025-04-23
P00210,Gold,2025-04-23,
P00211,Basic,2023-03-11,
P00212,Basic,2023-05-23,
P00213,Basic,2024-04-03,2025-05-31
P00213,Gold,2025-05-31,
P00214,Basic,2023-10-27,2025-03-05
P00214,Gold,2025-03-05,
P00215,Basic,2023-05-13,
P00216,Basic,2024-04-04,2025-09-11
P00216,Gold,2025-09-11,
P00217,Platinum,2024-02-21,
P00218,Basic,2024-11-13,
P00219,Gold,2023-05-02,
P00220,Gold,2023-08-05,2025-09-22
P00220,Platinum,2025-09-22,
P00221,Basic,2023-07-15,2025-09-26
P00221,Gold,2025-09-26,
P00222,Basic,2023-07-12,
P00223,Basic,2023-12-04,
P00224,Basic,2024-03-19,
P00225,Basic,2024-01-26,
P00226,Basic,2024-06-02,
P00227,Gold,2023-12-18,2025-06-27
P00227,Platinum,2025-06-27,
P00228,Basic,2024-03-29,
P00229,Gold,2023-07-07,
P00230,Basic,2024-11-28,
P00231,Basic,2024-03-19,
P00232,Basic,2023-11-08,2025-07-30
P00232,Gold,2025-07-30,
P00233,Gold,2024-04-14,
P00234,Platinum,2023-11-04,
P00235,Basic,2024-02-02,
P00236,Gold,2024-02-03,
P00237,Basic,2023-05-21,2025-08-27
P00237,Gold,2025-08-27,
P00238,Basic,2023-10-16,
P00239,Basic,2024-08-21,2025-05-26
P00239,Gold,2025-05-26,
P00240,Basic,2023-10-25,
P00241,Platinum,2023-05-31,
P00242,Basic,2023-08-27,
P00243,Gold,2023-03-07,
P00244,Basic,2023-01-16,
P00245,Basic,2023-07-13,
P00246,Basic,2023-04-02,
P00247,Platinum,2024-04-15,
P00248,Basic,2023-06-28,
P00249,Basic,2023-07-03,
P00250,Basic,2023-06-13,
P00251,Gold,2023-03-06,
P00252,Basic,2024-03-28,
P00253,Basic,2024-11-03,2025-07-05
P00253,Gold,2025-07-05,
P00254,Platinum,2023-08-06,
P00255,Basic,2023-11-16,2025-03-27
P00255,Gold,2025-03-27,
P00256,Basic,2023-10-22,
P00257,Basic,2023-03-02,2025-05-20
P00257,Gold,2025-05-20,
P00258,Gold,2024-08-25,
P00259,Basic,2023-08-19,2025-03-29
P00259,Gold,2025-03-29,
P00260,Gold,2024-05-21,
P00261,Basic,2023-04-04,2025-05-01
P00261,Gold,2025-05-01,
P00262,Platinum,2023-08-13,
P00263,Gold,2023-05-19,
P00264,Basic,2024-08-31,
P00265,Basic,2024-09-29,2025-07-01
P00265,Gold,2025-07-01,
P00266,Platinum,2024-08-24,
P00267,Basic,2024-09-23,
P00268,Basic,2024-08-13,2025-10-07
P00268,Gold,2025-10-07,
P00269,Gold,2023-03-23,
P00270,Basic,2024-08-20,
P00271,Gold,2023-10-09,2025-09-14
P00271,Platinum,2025-09-14,
P00272,Basic,2024-01-11,
P00273,Basic,2024-04-07,
P00274,Basic,2023-09-30,
P00275,Basic,2023-08-19,
P00276,Basic,2024-05-04,
P00277,Basic,2024-06-19,
P00278,Basic,2024-01-19,
P00279,Basic,2024-05-14,
P00280,Basic,2023-02-18,
P00281,Basic,2023-03-17,
P00282,Gold,2023-11-17,
P00283,Basic,2023-08-27,
P00284,Basic,2023-12-04,
P00285,Basic,2023-07-30,
P00286,Gold,2024-11-09,
P00287,Basic,2024-10-08,
P00288,Gold,2024-01-30,
P00289,Basic,2024-05-05,2025-04-16
P00289,Gold,2025-04-16,
P00290,Gold,2023-11-23,
P00291,Basic,2024-08-19,
P00292,Basic,2024-10-08,2025-06-17
P00292,Gold,2025-06-17,
P00293,Gold,2024-09-25,
P00294,Gold,2023-04-09,
P00295,Platinum,2023-09-08,
P00296,Basic,2024-02-13,
P00297,Basic,2023-09-08,2025-05-20
P00297,Gold,2025-05-20,
P00298,Gold,2023-02-17,
P00299,Basic,2024-10-14,
P00300,Basic,2023-08-01,
P00301,Gold,2024-02-12,2025-04-03
P00301,Platinum,2025-04-03,
P00302,Platinum,2024-03-01,
P00303,Basic,2024-05-06,
P00304,Gold,2024-11-01,2025-06-08
P00304,Platinum,2025-06-08,
P00305,Platinum,2023-10-29,
P00306,Basic,2023-04-22,
P00307,Basic,2023-12-20,
P00308,Basic,2023-05-26,2025-07-22
P00308,Gold,2025-07-22,
P00309,Basic,2024-07-15,2025-05-05
P00309,Gold,2025-05-05,
P00310,Basic,2023-10-30,
P00311,Gold,2024-05-24,
P00312,Basic,2023-02-16,
P00313,Basic,2023-06-04,
P00314,Basic,2024-04-15,
P00315,Basic,2024-01-25,
P00316,Basic,2024-08-19,2025-08-22
P00316,Gold,2025-08-22,
P00317,Basic,2024-09-20,
P00318,Gold,2024-10-15,
P00319,Basic,2024-05-10,
P00320,Basic,2024-01-15,
P00321,Basic,2024-03-18,
P00322,Basic,2023-12-26,
P00323,Basic,2023-01-10,
P00324,Basic,2023-09-20,
P00325,Basic,2024-05-10,
P00326,Gold,2023-12-16,
P00327,Basic,2023-02-20,
P00328,Gold,2023-08-14,2025-08-02
P00328,Platinum,2025-08-02,
P00329,Gold,2024-07-06,
P00330,Gold,2023-02-11,
P00331,Basic,2024-03-29,
P00332,Basic,2024-04-28,
P00333,Basic,2023-06-11,2025-10-18
P00333,Gold,2025-10-18,
P00334,Basic,2023-02-13,2025-08-03
P00334,Gold,2025-08-03,
P00335,Gold,2024-01-22,
P00336,Basic,2023-05-13,2025-06-06
P00336,Gold,2025-06-06,
P00337,Basic,2024-04-26,
P00338,Basic,2023-07-20,
P00339,Basic,2023-12-30,
P00340,Basic,2024-05-25,2025-09-02
P00340,Gold,2025-09-02,
P00341,Basic,2024-01-21,
P00342,Gold,2024-02-26,
P00343,Basic,2024-08-31,
P00344,Basic,2023-08-15,
P00345,Basic,2023-06-14,
P00346,Basic,2024-08-02,
P00347,Gold,2023-06-17,2025-05-24
P00347,Platinum,2025-05-24,
P00348,Gold,2024-01-12,
P00349,Basic,2024-11-19,
P00350,Gold,2024-02-26,
P00351,Gold,2024-09-17,2025-09-23
P00351,Platinum,2025-09-23,
P00352,Basic,2024-11-24,
P00353,Gold,2023-10-16,
P00354,Basic,2024-12-02,
P00355,Basic,2024-10-20,
P00356,Basic,2023-07-20,2025-03-29
P00356,Gold,2025-03-29,
P00357,Basic,2024-10-11,
P00358,Platinum,2024-05-11,
P00359,Basic,2024-05-12,
P00360,Basic,2023-08-31,
P00361,Platinum,2023-09-29,
P00362,Basic,2024-08-17,2025-03-23
P00362,Gold,2025-03-23,
P00363,Basic,2024-05-26,
P00364,Gold,2024-10-13,2025-04-23
P00364,Platinum,2025-04-23,
P00365,Basic,2024-11-25,
P00366,Gold,2024-09-05,
P00367,Basic,2023-12-09,
P00368,Gold,2024-09-10,2025-06-22
P00368,Platinum,2025-06-22,
P00369,Gold,2024-08-29,
P00370,Basic,2023-08-30,
P00371,Basic,2023-03-25,
P00372,Basic,2024-05-08,
P00373,Basic,2024-05-22,2025-04-03
P00373,Gold,2025-04-03,
P00374,Gold,2023-01-02,
P00375,Gold,2023-05-11,2025-07-29
P00375,Platinum,2025-07-29,
P00376,Basic,2023-04-04,
P00377,Basic,2024-11-09,
P00378,Basic,2024-03-11,
P00379,Gold,2024-04-11,2025-07-07
P00379,Platinum,2025-07-07,
P00380,Basic,2023-06-21,
P00381,Basic,2023-08-16,
P00382,Basic,2024-03-05,
P00383,Basic,2023-01-05,
P00384,Basic,2023-10-13,2025-09-25
P00384,Gold,2025-09-25,
P00385,Platinum,2024-11-07,
P00386,Basic,2024-06-07,
P00387,Basic,2024-07-18,
P00388,Basic,2024-11-05,2025-04-12
P00388,Gold,2025-04-12,
P00389,Basic,2023-08-12,2025-10-13
P00389,Gold,2025-10-13,
P00390,Basic,2023-04-04,
P00391,Basic,2023-02-09,
P00392,Basic,2023-05-14,
P00393,Gold,2023-08-17,2025-03-28
P00393,Platinum,2025-03-28,
P00394,Basic,2023-03-03,
P00395,Gold,2023-11-25,
P00396,Basic,2023-02-11,
P00397,Basic,2023-08-11,2025-07-10
P00397,Gold,2025-07-10,
P00398,Basic,2023-04-10,2025-03-26
P00398,Gold,2025-03-26,
P00399,Basic,2023-12-15,
P00400,Basic,2024-07-24,
P00401,Basic,2023-04-19,
P00402,Basic,2024-04-20,
P00403,Gold,2024-01-11,2025-04-22
P00403,Platinum,2025-04-22,
P00404,Basic,2023-11-28,
P00405,Basic,2024-10-09,
P00406,Basic,2024-09-21,
P00407,Platinum,2024-09-19,
P00408,Basic,2024-03-01,
P00409,Basic,2023-12-22,2025-10-09
P00409,Gold,2025-10-09,
P00410,Platinum,2023-10-13,
P00411,Basic,2024-03-18,
P00412,Gold,2023-03-01,2025-05-30
P00412,Platinum,2025-05-30,
P00413,Basic,2024-08-13,2025-06-04
P00413,Gold,2025-06-04,
P00414,Basic,2024-08-04,
P00415,Basic,2023-02-04,2025-07-10
P00415,Gold,2025-07-10,
P00416,Basic,2024-02-11,2025-07-15
P00416,Gold,2025-07-15,
P00417,Platinum,2024-04-27,
P00418,Basic,2024-04-14,2025-03-31
P00418,Gold,2025-03-31,
P00419,Basic,2024-07-22,
P00420,Gold,2023-06-17,
P00421,Basic,2023-06-06,
P00422,Basic,2024-11-20,
P00423,Basic,2023-11-02,
P00424,Basic,2024-03-15,
P00425,Basic,2024-09-21,2025-09-25
P00425,Gold,2025-09-25,
P00426,Gold,2023-02-28,
P00427,Basic,2023-09-04,2025-09-30
P00427,Gold,2025-09-30,
P00428,Basic,2023-08-12,
P00429,Basic,2024-10-11,
P00430,Basic,2023-10-26,
P00431,Basic,2024-10-14,
P00432,Basic,2024-05-08,
P00433,Basic,2023-03-27,
P00434,Basic,2024-08-13,
P00435,Basic,2024-02-18,
P00436,Gold,2024-10-18,
P00437,Basic,2023-10-02,
P00438,Basic,2023-09-29,
P00439,Basic,2023-12-21,
P00440,Basic,2024-09-12,
P00441,Basic,2023-05-07,2025-10-15
P00441,Gold,2025-10-15,
P00442,Basic,2023-09-18,2025-07-28
P00442,Gold,2025-07-28,
P00443,Basic,2023-09-07,
P00444,Basic,2023-03-12,2025-03-08
P00444,Gold,2025-03-08,
P00445,Basic,2023-06-21,
P00446,Basic,2024-11-02,
P00447,Gold,2024-11-20,2025-03-24
P00447,Platinum,2025-03-24,
P00448,Platinum,2023-09-25,
P00449,Basic,2024-03-10,
P00450,Basic,2024-10-11,
P00451,Gold,2024-02-23,2025-10-04
P00451,Platinum,2025-10-04,
P00452,Basic,2023-09-10,
P00453,Basic,2024-05-01,2025-06-20
P00453,Gold,2025-06-20,
P00454,Basic,2023-09-09,2025-05-14
P00454,Gold,2025-05-14,
P00455,Gold,2023-11-17,2025-09-12
P00455,Platinum,2025-09-12,
P00456,Basic,2024-01-31,
P00457,Basic,2023-10-26,
P00458,Basic,2024-09-29,
P00459,Basic,2024-05-01,2025-09-04
P00459,Gold,2025-09-04,
P00460,Basic,2023-10-24,
P00461,Basic,2024-06-15,2025-07-14
P00461,Gold,2025-07-14,
P00462,Basic,2024-08-03,
P00463,Basic,2023-07-21,
P00464,Basic,2023-01-16,
P00465,Basic,2024-07-02,2025-05-16
P00465,Gold,2025-05-16,
P00466,Platinum,2023-11-04,
P00467,Basic,2023-08-10,
P00468,Basic,2024-01-03,
P00469,Gold,2023-09-22,
P00470,Basic,2024-09-21,
P00471,Basic,2024-02-13,
P00472,Gold,2023-11-29,
P00473,Basic,2024-10-16,
P00474,Basic,2024-01-06,
P00475,Basic,2024-12-02,
P00476,Basic,2023-11-17,
P00477,Basic,2023-05-15,2025-06-28
P00477,Gold,2025-06-28,
P00478,Basic,2024-09-20,
P00479,Basic,2023-03-07,
P00480,Basic,2024-09-30,
P00481,Basic,2023-12-23,
P00482,Basic,2024-01-21,
P00483,Basic,2023-07-22,
P00484,Basic,2023-02-21,2025-08-20
P00484,Gold,2025-08-20,
P00485,Basic,2024-02-09,
P00486,Gold,2023-03-19,2025-08-15
P00486,Platinum,2025-08-15,
P00487,Basic,2023-05-19,
P00488,Basic,2024-10-03,
P00489,Gold,2024-09-16,2025-07-04
P00489,Platinum,2025-07-04,
P00490,Basic,2024-04-26,
P00491,Basic,2023-05-03,
P00492,Gold,2024-01-03,
P00493,Basic,2024-01-27,
P00494,Basic,2023-04-16,
P00495,Basic,2023-11-11,
P00496,Basic,2023-09-12,
P00497,Basic,2024-05-31,
P00498,Platinum,2024-09-16,
P00499,Basic,2024-04-27,
P00500,Basic,2024-04-25,
P00501,Basic,2023-04-13,2025-08-15
P00501,Gold,2025-08-15,
P00502,Basic,2023-03-07,2025-05-19
P00502,Gold,2025-05-19,
P00503,Basic,2024-03-25,
P00504,Basic,2024-02-27,2025-05-11
P00504,Gold,2025-05-11,
P00505,Basic,2023-09-05,
P00506,Basic,2023-06-20,
P00507,Basic,2024-11-21,
P00508,Basic,2024-09-17,
P00509,Basic,2024-04-10,
P00510,Basic,2023-09-23,
P00511,Platinum,2024-08-17,
P00512,Platinum,2023-11-29,
P00513,Basic,2024-08-11,
P00514,Basic,2023-12-10,
P00515,Platinum,2024-07-07,
P00516,Basic,2024-02-03,
P00517,Basic,2024-11-19,
P00518,Basic,2024-07-24,
P00519,Basic,2024-06-25,
P00520,Gold,2023-03-14,
P00521,Basic,2023-07-24,
P00522,Basic,2023-04-27,
P00523,Basic,2024-08-02,
P00524,Basic,2023-02-08,
P00525,Basic,2024-11-21,
P00526,Basic,2023-02-15,
P00527,Basic,2023-01-22,
P00528,Basic,2023-02-16,2025-07-19
P00528,Gold,2025-07-19,
P00529,Basic,2023-07-07,2025-10-16
P00529,Gold,2025-10-16,
P00530,Gold,2024-01-26,
P00531,Basic,2024-03-11,
P00532,Basic,2024-02-21,2025-03-05
P00532,Gold,2025-03-05,
P00533,Basic,2024-09-05,
P00534,Gold,2024-05-07,
P00535,Basic,2023-06-08,
P00536,Basic,2023-12-23,
P00537,Basic,2024-11-02,
P00538,Basic,2023-04-23,
P00539,Basic,2023-06-08,
P00540,Basic,2024-02-19,2025-09-05
P00540,Gold,2025-09-05,
P00541,Gold,2024-01-10,2025-07-27
P00541,Platinum,2025-07-27,
P00542,Basic,2023-02-21,2025-06-13
P00542,Gold,2025-06-13,
P00543,Basic,2024-01-24,
P00544,Basic,2024-07-14,2025-09-11
P00544,Gold,2025-09-11,
P00545,Platinum,2024-07-16,
P00546,Basic,2023-07-22,2025-09-04
P00546,Gold,2025-09-04,
P00547,Gold,2024-03-20,
P00548,Basic,2024-10-23,
P00549,Basic,2024-06-22,
P00550,Platinum,2024-07-30,
P00551,Basic,2023-04-22,
P00552,Gold,2024-05-05,2025-05-15
P00552,Platinum,2025-05-15,
P00553,Gold,2023-12-27,
P00554,Basic,2024-02-07,
P00555,Basic,2023-11-07,
P00556,Basic,2024-07-16,
P00557,Basic,2024-02-01,
P00558,Gold,2024-09-13,
P00559,Basic,2023-11-01,
P00560,Basic,2023-12-21,
P00561,Gold,2023-03-17,2025-09-25
P00561,Platinum,2025-09-25,
P00562,Basic,2023-11-29,
P00563,Basic,2023-04-18,2025-05-29
P00563,Gold,2025-05-29,
P00564,Basic,2023-02-26,2025-10-04
P00564,Gold,2025-10-04,
P00565,Basic,2023-08-27,
P00566,Platinum,2023-11-25,
P00567,Basic,2024-06-12,
P00568,Basic,2024-04-10,
P00569,Basic,2023-12-17,
P00570,Basic,2023-06-17,2025-09-23
P00570,Gold,2025-09-23,
P00571,Gold,2024-12-02,
P00572,Basic,2024-11-29,2025-08-06
P00572,Gold,2025-08-06,
P00573,Basic,2023-09-08,2025-05-25
P00573,Gold,2025-05-25,
P00574,Gold,2024-04-02,
P00575,Basic,2023-01-25,
P00576,Gold,2024-01-10,
P00577,Basic,2023-03-08,
P00578,Gold,2023-04-02,
P00579,Gold,2024-10-17,2025-06-14
P00579,Platinum,2025-06-14,
P00580,Basic,2024-05-21,
P00581,Basic,2024-03-25,2025-10-21
P00581,Gold,2025-10-21,
P00582,Basic,2024-11-25,
P00583,Basic,2024-01-02,2025-08-23
P00583,Gold,2025-08-23,
P00584,Basic,2023-05-15,
P00585,Basic,2023-10-14,
P00586,Gold,2023-05-12,
P00587,Basic,2023-08-06,2025-03-11
P00587,Gold,2025-03-11,
P00588,Basic,2023-08-08,
P00589,Basic,2023-06-01,2025-06-29
P00589,Gold,2025-06-29,
P00590,Basic,2023-09-28,
P00591,Platinum,2024-02-05,
P00592,Basic,2024-11-21,2025-05-15
P00592,Gold,2025-05-15,
P00593,Basic,2024-08-20,
P00594,Basic,2023-01-06,
P00595,Basic,2024-01-09,2025-08-14
P00595,Gold,2025-08-14,
P00596,Basic,2023-10-21,
P00597,Platinum,2024-06-28,
P00598,Basic,2024-09-04,
P00599,Gold,2023-04-22,
P00600,Basic,2023-04-11,2025-06-24
P00600,Gold,2025-06-24,
P00601,Basic,2023-03-26,
P00602,Basic,2023-07-11,
P00603,Basic,2024-08-02,
P00604,Basic,2023-11-04,
P00605,Gold,2023-08-27,2025-06-20
P00605,Platinum,2025-06-20,
P00606,Gold,2023-01-21,2025-09-06
P00606,Platinum,2025-09-06,
P00607,Basic,2023-09-17,2025-05-15
P00607,Gold,2025-05-15,
P00608,Basic,2024-05-21,
P00609,Basic,2023-11-11,
P00610,Basic,2023-09-10,
P00611,Platinum,2023-12-31,
P00612,Basic,2024-04-23,
P00613,Basic,2024-04-08,
P00614,Basic,2024-05-23,
P00615,Basic,2023-10-26,
P00616,Gold,2023-07-03,2025-03-27
P00616,Platinum,2025-03-27,
P00617,Gold,2024-05-28,
P00618,Basic,2023-02-16,2025-04-26
P00618,Gold,2025-04-26,
P00619,Basic,2023-10-04,
P00620,Basic,2024-02-12,
P00621,Basic,2023-02-10,
P00622,Basic,2023-07-30,
P00623,Basic,2023-07-13,
P00624,Basic,2023-01-07,2025-05-20
P00624,Gold,2025-05-20,
P00625,Basic,2024-07-24,
P00626,Basic,2024-09-06,
P00627,Gold,2023-10-31,
P00628,Basic,2023-10-01,
P00629,Basic,2023-03-18,
P00630,Gold,2023-07-26,2025-05-10
P00630,Platinum,2025-05-10,
P00631,Basic,2024-08-23,
P00632,Basic,2024-11-01,
P00633,Basic,2023-08-08,
P00634,Basic,2024-02-10,
P00635,Basic,2023-12-02,
P00636,Basic,2023-09-03,
P00637,Basic,2023-05-21,
P00638,Basic,2023-03-24,
P00639,Basic,2024-04-25,
P00640,Basic,2024-03-19,
P00641,Basic,2024-08-22,2025-06-21
P00641,Gold,2025-06-21,
P00642,Gold,2023-06-04,
P00643,Gold,2023-04-04,
P00644,Platinum,2023-08-30,
P00645,Basic,2023-07-29,
P00646,Basic,2023-01-18,
P00647,Basic,2023-10-23,
P00648,Basic,2024-06-01,2025-08-18
P00648,Gold,2025-08-18,
P00649,Basic,2023-02-11,
P00650,Basic,2023-07-15,
P00651,Basic,2024-07-21,
P00652,Basic,2024-03-09,2025-04-13
P00652,Gold,2025-04-13,
P00653,Gold,2023-12-18,
P00654,Basic,2024-01-02,
P00655,Basic,2024-10-19,
P00656,Basic,2023-09-06,2025-10-17
P00656,Gold,2025-10-17,
P00657,Basic,2023-03-30,
P00658,Gold,2024-08-22,
P00659,Gold,2024-09-14,
P00660,Gold,2024-04-05,
P00661,Basic,2023-06-26,2025-03-10
P00661,Gold,2025-03-10,
P00662,Gold,2024-05-30,
P00663,Gold,2023-08-26,
P00664,Basic,2023-06-06,2025-08-26
P00664,Gold,2025-08-26,
P00665,Basic,2023-07-05,2025-04-22
P00665,Gold,2025-04-22,
P00666,Gold,2023-03-17,2025-06-20
P00666,Platinum,2025-06-20,
P00667,Platinum,2024-03-03,
P00668,Basic,2024-09-10,2025-09-17
P00668,Gold,2025-09-17,
P00669,Basic,2023-06-05,
P00670,Basic,2024-06-09,
P00671,Basic,2024-03-23,
P00672,Basic,2023-06-10,
P00673,Basic,2024-05-13,
P00674,Platinum,2024-10-31,
P00675,Basic,2023-03-02,
P00676,Basic,2024-08-07,2025-05-24
P00676,Gold,2025-05-24,
P00677,Basic,2023-05-04,
P00678,Basic,2023-05-22,
P00679,Basic,2023-01-14,2025-05-05
P00679,Gold,2025-05-05,
P00680,Basic,2023-09-03,2025-10-16
P00680,Gold,2025-10-16,
P00681,Basic,2024-07-18,2025-08-19
P00681,Gold,2025-08-19,
P00682,Basic,2024-08-22,
P00683,Gold,2023-01-28,
P00684,Gold,2024-06-13,
P00685,Gold,2023-07-03,2025-04-05
P00685,Platinum,2025-04-05,
P00686,Platinum,2023-11-14,
P00687,Basic,2023-04-20,
P00688,Basic,2024-10-15,
P00689,Basic,2024-02-15,
P00690,Basic,2024-03-25,2025-10-28
P00690,Gold,2025-10-28,
P00691,Basic,2023-08-07,2025-09-20
P00691,Gold,2025-09-20,
P00692,Gold,2024-03-28,
P00693,Gold,2023-05-06,
P00694,Platinum,2024-07-31,
P00695,Basic,2024-10-09,
P00696,Gold,2024-08-04,2025-03-23
P00696,Platinum,2025-03-23,
P00697,Basic,2023-10-09,
P00698,Basic,2024-01-03,2025-05-23
P00698,Gold,2025-05-23,
P00699,Basic,2023-08-18,
P00700,Basic,2024-08-11,2025-03-27
P00700,Gold,2025-03-27,
P00701,Gold,2024-08-06,
P00702,Basic,2024-02-16,
P00703,Basic,2024-03-16,
P00704,Gold,2023-06-18,
P00705,Basic,2023-06-03,
P00706,Basic,2024-01-28,
P00707,Basic,2023-03-05,
P00708,Basic,2024-11-29,2025-05-08
P00708,Gold,2025-05-08,
P00709,Basic,2024-03-09,
P00710,Gold,2024-02-07,
P00711,Basic,2023-04-08,
P00712,Basic,2024-04-08,
P00713,Gold,2024-08-18,
P00714,Basic,2024-10-03,
P00715,Basic,2024-02-26,
P00716,Basic,2023-08-19,2025-04-03
P00716,Gold,2025-04-03,
P00717,Gold,2023-08-05,2025-04-30
P00717,Platinum,2025-04-30,
P00718,Basic,2023-12-31,
P00719,Basic,2024-10-01,
P00720,Basic,2023-09-07,2025-07-07
P00720,Gold,2025-07-07,
P00721,Basic,2024-11-20,
P00722,Basic,2024-04-26,
P00723,Basic,2024-11-19,2025-07-02
P00723,Gold,2025-07-02,
P00724,Basic,2023-08-11,
P00725,Gold,2023-04-16,
P00726,Basic,2024-10-06,2025-08-31
P00726,Gold,2025-08-31,
P00727,Gold,2024-09-03,2025-07-27
P00727,Platinum,2025-07-27,
P00728,Basic,2024-11-27,
P00729,Basic,2024-03-03,
P00730,Basic,2023-03-27,2025-03-11
P00730,Gold,2025-03-11,
P00731,Gold,2023-10-27,2025-04-16
P00731,Platinum,2025-04-16,
P00732,Basic,2023-03-26,
P00733,Basic,2023-10-03,
P00734,Basic,2023-11-30,
P00735,Basic,2024-02-05,2025-09-03
P00735,Gold,2025-09-03,
P00736,Platinum,2023-08-11,
P00737,Basic,2023-07-25,
P00738,Basic,2023-03-30,
P00739,Gold,2024-10-25,
P00740,Basic,2024-04-22,
P00741,Basic,2023-12-17,
P00742,Basic,2023-04-06,
P00743,Basic,2024-02-02,
P00744,Basic,2023-10-16,
P00745,Basic,2024-05-24,
P00746,Basic,2023-12-25,2025-10-13
P00746,Gold,2025-10-13,
P00747,Basic,2024-11-05,
P00748,Basic,2023-02-28,
P00749,Gold,2023-11-11,
P00750,Gold,2023-09-18,
P00751,Basic,2023-12-24,
P00752,Basic,2024-08-12,
P00753,Gold,2023-02-09,
P00754,Basic,2023-12-21,
P00755,Basic,2024-09-02,2025-05-02
P00755,Gold,2025-05-02,
P00756,Basic,2023-09-23,
P00757,Basic,2024-05-18,
P00758,Gold,2023-08-04,
P00759,Basic,2024-04-26,2025-07-07
P00759,Gold,2025-07-07,
P00760,Basic,2023-11-27,
P00761,Basic,2024-03-18,
P00762,Basic,2024-06-22,
P00763,Basic,2023-03-21,
P00764,Basic,2023-07-27,
P00765,Gold,2024-10-16,2025-08-08
P00765,Platinum,2025-08-08,
P00766,Basic,2023-06-26,
P00767,Gold,2024-06-11,
P00768,Gold,2024-07-15,
P00769,Basic,2023-12-28,
P00770,Basic,2024-06-01,
P00771,Basic,2024-08-18,
P00772,Basic,2023-09-05,
P00773,Basic,2023-08-25,
P00774,Gold,2024-09-08,
P00775,Basic,2024-03-09,2025-05-12
P00775,Gold,2025-05-12,
P00776,Basic,2024-04-23,
P00777,Basic,2023-03-14,
P00778,Basic,2024-01-12,
P00779,Basic,2023-02-15,
P00780,Gold,2024-01-05,
P00781,Basic,2023-07-07,
P00782,Basic,2023-02-22,
P00783,Basic,2024-05-29,
P00784,Basic,2024-01-30,
P00785,Gold,2023-08-23,
P00786,Basic,2024-03-31,
P00787,Gold,2023-11-01,
P00788,Basic,2023-08-24,
P00789,Basic,2023-09-25,
P00790,Basic,2023-12-08,
P00791,Gold,2023-10-30,
P00792,Basic,2023-05-18,2025-10-27
P00792,Gold,2025-10-27,
P00793,Basic,2024-03-03,
P00794,Basic,2024-08-17,
P00795,Basic,2024-02-29,2025-05-24
P00795,Gold,2025-05-24,
P00796,Basic,2024-03-10,2025-05-03
P00796,Gold,2025-05-03,
P00797,Basic,2023-05-03,
P00798,Basic,2024-11-20,
P00799,Basic,2024-02-04,
P00800,Basic,2024-11-13,
P00801,Basic,2023-11-03,
P00802,Basic,2024-04-15,
P00803,Basic,2024-08-26,2025-03-03
P00803,Gold,2025-03-03,
P00804,Basic,2024-01-27,
P00805,Basic,2024-08-25,
P00806,Basic,2024-01-11,
P00807,Basic,2024-11-24,
P00808,Basic,2023-06-05,
P00809,Basic,2024-07-31,2025-10-01
P00809,Gold,2025-10-01,
P00810,Basic,2023-06-05,
P00811,Basic,2023-01-09,
P00812,Gold,2024-06-05,
P00813,Platinum,2023-10-03,
P00814,Gold,2023-09-24,
P00815,Basic,2023-09-20,
P00816,Basic,2023-08-13,
P00817,Basic,2023-07-21,2025-03-07
P00817,Gold,2025-03-07,
P00818,Basic,2024-02-19,
P00819,Gold,2023-10-16,
P00820,Basic,2023-01-13,2025-05-29
P00820,Gold,2025-05-29,
P00821,Basic,2024-03-21,2025-06-28
P00821,Gold,2025-06-28,
P00822,Basic,2024-01-03,2025-04-13
P00822,Gold,2025-04-13,
P00823,Basic,2024-03-31,
P00824,Basic,2023-11-04,2025-08-16
P00824,Gold,2025-08-16,
P00825,Gold,2024-08-06,
P00826,Basic,2023-06-27,2025-08-24
P00826,Gold,2025-08-24,
P00827,Basic,2024-09-28,
P00828,Platinum,2023-06-17,
P00829,Basic,2024-04-29,
P00830,Basic,2023-03-10,
P00831,Basic,2024-10-27,
P00832,Basic,2024-09-08,
P00833,Gold,2024-03-10,
P00834,Gold,2023-03-15,
P00835,Basic,2023-02-17,
P00836,Gold,2023-02-01,
P00837,Basic,2024-10-26,
P00838,Basic,2024-11-12,
P00839,Gold,2023-12-22,
P00840,Basic,2024-06-07,
P00841,Basic,2024-07-29,
P00842,Gold,2024-10-23,
P00843,Basic,2023-12-04,
P00844,Gold,2023-07-25,
P00845,Basic,2023-05-20,
P00846,Basic,2023-05-19,
P00847,Basic,2024-03-17,
P00848,Gold,2024-11-13,
P00849,Basic,2023-01-13,
P00850,Basic,2024-02-05,2025-03-20
P00850,Gold,2025-03-20,
P00851,Basic,2023-08-29,
P00852,Basic,2024-06-06,2025-07-05
P00852,Gold,2025-07-05,
P00853,Gold,2023-01-16,
P00854,Basic,2023-11-20,
P00855,Basic,2023-11-15,
P00856,Basic,2023-08-17,
P00857,Gold,2024-03-13,
P00858,Gold,2023-12-19,
P00859,Basic,2023-09-20,
P00860,Gold,2023-01-19,
P00861,Basic,2023-02-10,2025-08-26
P00861,Gold,2025-08-26,
P00862,Basic,2023-09-29,2025-05-07
P00862,Gold,2025-05-07,
P00863,Basic,2024-03-09,
P00864,Basic,2024-06-09,
P00865,Platinum,2023-02-10,
P00866,Basic,2024-06-21,
P00867,Basic,2023-10-24,
P00868,Gold,2023-06-08,2025-09-07
P00868,Platinum,2025-09-07,
P00869,Gold,2023-06-24,
P00870,Gold,2024-01-30,
P00871,Basic,2024-09-09,
P00872,Basic,2023-07-04,
P00873,Basic,2023-01-29,
P00874,Basic,2023-02-06,2025-03-12
P00874,Gold,2025-03-12,
P00875,Basic,2023-12-18,
P00876,Basic,2023-01-05,
P00877,Basic,2024-01-24,2025-07-17
P00877,Gold,2025-07-17,
P00878,Basic,2023-03-28,2025-09-24
P00878,Gold,2025-09-24,
P00879,Basic,2023-09-15,
P00880,Basic,2024-09-21,
P00881,Basic,2023-09-21,2025-05-06
P00881,Gold,2025-05-06,
P00882,Basic,2024-02-04,
P00883,Basic,2024-09-01,
P00884,Gold,2024-03-05,
P00885,Gold,2024-10-10,
P00886,Basic,2023-07-08,
P00887,Gold,2024-08-15,
P00888,Basic,2024-01-06,2025-09-11
P00888,Gold,2025-09-11,
P00889,Basic,2024-10-10,
P00890,Basic,2024-04-22,2025-05-07
P00890,Gold,2025-05-07,
P00891,Gold,2023-03-06,
P00892,Basic,2023-03-28,2025-03-19
P00892,Gold,2025-03-19,
P00893,Platinum,2023-09-03,
P00894,Basic,2023-10-23,
P00895,Basic,2023-06-29,
P00896,Basic,2024-04-04,
P00897,Basic,2023-11-07,
P00898,Basic,2024-05-06,
P00899,Gold,2024-07-21,2025-05-29
P00899,Platinum,2025-05-29,
P00900,Basic,2024-09-21,
P00901,Basic,2023-06-20,2025-06-08
P00901,Gold,2025-06-08,
P00902,Platinum,2024-03-22,
P00903,Basic,2023-10-15,
P00904,Gold,2024-01-19,
P00905,Gold,2023-08-08,
P00906,Gold,2024-03-25,2025-07-07
P00906,Platinum,2025-07-07,
P00907,Platinum,2023-01-30,
P00908,Basic,2023-01-21,
P00909,Platinum,2023-12-12,
P00910,Basic,2023-09-12,
P00911,Gold,2024-02-21,
P00912,Basic,2024-11-05,2025-09-19
P00912,Gold,2025-09-19,
P00913,Basic,2023-01-15,
P00914,Basic,2023-09-28,
P00915,Basic,2023-09-26,
P00916,Basic,2024-06-07,
P00917,Basic,2024-03-26,
P00918,Gold,2024-08-01,
P00919,Gold,2023-12-06,
P00920,Gold,2024-11-18,2025-03-18
P00920,Platinum,2025-03-18,
P00921,Basic,2024-04-25,
P00922,Gold,2024-05-11,
P00923,Basic,2024-09-19,
P00924,Basic,2023-10-03,2025-05-30
P00924,Gold,2025-05-30,
P00925,Basic,2024-05-14,
P00926,Basic,2024-05-12,
P00927,Basic,2024-10-27,
P00928,Basic,2024-08-16,
P00929,Basic,2023-08-04,
P00930,Basic,2023-07-14,
P00931,Basic,2024-06-30,2025-04-11
P00931,Gold,2025-04-11,
P00932,Gold,2023-03-20,
P00933,Platinum,2023-06-01,
P00934,Basic,2024-09-04,
P00935,Gold,2024-07-02,
P00936,Basic,2023-01-08,2025-10-27
P00936,Gold,2025-10-27,
P00937,Basic,2024-01-16,2025-06-15
P00937,Gold,2025-06-15,
P00938,Basic,2024-07-04,
P00939,Gold,2024-04-06,2025-07-22
P00939,Platinum,2025-07-22,
P00940,Gold,2024-01-24,
P00941,Basic,2023-01-13,
P00942,Basic,2024-09-26,
P00943,Basic,2024-09-11,2025-08-07
P00943,Gold,2025-08-07,
P00944,Basic,2023-10-23,
P00945,Basic,2024-08-05,2025-08-30
P00945,Gold,2025-08-30,
P00946,Basic,2024-01-26,
P00947,Basic,2023-04-04,
P00948,Basic,2023-11-19,
P00949,Gold,2023-08-17,
P00950,Basic,2023-09-07,
P00951,Basic,2023-09-24,
P00952,Platinum,2024-06-25,
P00953,Basic,2023-12-28,
P00954,Basic,2023-06-05,
P00955,Basic,2023-11-10,
P00956,Basic,2023-05-17,
P00957,Gold,2023-06-03,
P00958,Basic,2024-03-24,
P00959,Platinum,2023-02-03,
P00960,Basic,2023-03-17,
P00961,Basic,2024-06-28,
P00962,Basic,2024-01-09,
P00963,Basic,2024-02-06,
P00964,Basic,2024-05-22,
P00965,Basic,2023-08-06,
P00966,Basic,2023-08-15,2025-10-25
P00966,Gold,2025-10-25,
P00967,Basic,2024-10-20,
P00968,Gold,2023-12-26,
P00969,Basic,2023-10-11,2025-06-01
P00969,Gold,2025-06-01,
P00970,Basic,2024-10-17,
P00971,Basic,2023-06-08,
P00972,Basic,2023-10-01,
P00973,Basic,2024-04-10,
P00974,Basic,2024-04-27,2025-07-27
P00974,Gold,2025-07-27,
P00975,Basic,2024-09-11,2025-03-13
P00975,Gold,2025-03-13,
P00976,Basic,2024-09-27,
P00977,Gold,2023-03-22,2025-07-04
P00977,Platinum,2025-07-04,
P00978,Basic,2024-11-05,
P00979,Basic,2023-12-07,
P00980,Basic,2024-04-20,
P00981,Basic,2023-07-11,
P00982,Basic,2023-05-26,
P00983,Basic,2024-09-05,
P00984,Gold,2024-04-26,
P00985,Basic,2024-10-10,
P00986,Basic,2024-07-21,
P00987,Gold,2023-06-26,
P00988,Basic,2023-11-22,2025-04-30
P00988,Gold,2025-04-30,
P00989,Gold,2023-07-27,
P00990,Basic,2023-01-15,
P00991,Basic,2024-02-07,
P00992,Basic,2023-02-19,2025-04-21
P00992,Gold,2025-04-21,
P00993,Basic,2024-02-14,
P00994,Gold,2024-01-14,2025-08-09
P00994,Platinum,2025-08-09,
P00995,Basic,2024-08-21,
P00996,Basic,2023-01-17,
P00997,Basic,2024-03-10,
P00998,Basic,2024-07-07,
P00999,Basic,2024-03-12,
P01000,Basic,2023-08-17,
P01001,Basic,2023-09-15,
P01002,Basic,2024-07-09,
P01003,Platinum,2023-09-09,
P01004,Basic,2023-06-08,
P01005,Gold,2024-10-06,
P01006,Basic,2024-01-26,2025-05-26
P01006,Gold,2025-05-26,
P01007,Basic,2023-11-19,
P01008,Basic,2023-03-27,
P01009,Gold,2023-01-05,
P01010,Basic,2023-12-13,2025-08-09
P01010,Gold,2025-08-09,
P01011,Basic,2024-03-01,2025-06-27
P01011,Gold,2025-06-27,
P01012,Gold,2023-01-04,
P01013,Basic,2024-07-05,
P01014,Basic,2023-12-11,
P01015,Basic,2023-12-11,
P01016,Gold,2024-06-12,
P01017,Gold,2024-05-23,
P01018,Basic,2024-04-14,2025-08-30
P01018,Gold,2025-08-30,
P01019,Basic,2023-12-29,
P01020,Basic,2024-07-21,
P01021,Basic,2023-09-04,
P01022,Basic,2023-11-20,
P01023,Basic,2024-06-19,
P01024,Basic,2024-07-19,
P01025,Gold,2023-07-11,2025-04-04
P01025,Platinum,2025-04-04,
P01026,Gold,2024-10-03,
P01027,Platinum,2024-05-13,
P01028,Basic,2023-11-10,
P01029,Basic,2023-11-05,
P01030,Basic,2024-09-08,2025-07-02
P01030,Gold,2025-07-02,
P01031,Basic,2023-03-22,
P01032,Basic,2024-09-07,2025-04-16
P01032,Gold,2025-04-16,
P01033,Basic,2023-04-09,
P01034,Basic,2024-07-29,
P01035,Basic,2023-08-07,
P01036,Basic,2023-10-22,2025-06-08
P01036,Gold,2025-06-08,
P01037,Basic,2024-05-13,
P01038,Basic,2024-05-26,
P01039,Gold,2024-11-05,2025-05-25
P01039,Platinum,2025-05-25,
P01040,Basic,2024-10-15,
P01041,Basic,2024-02-14,
P01042,Basic,2023-08-04,2025-07-23
P01042,Gold,2025-07-23,
P01043,Basic,2023-08-27,
P01044,Basic,2024-09-09,
P01045,Basic,2024-09-15,2025-10-17
P01045,Gold,2025-10-17,
P01046,Basic,2023-07-20,
P01047,Basic,2023-11-25,
P01048,Basic,2023-07-26,2025-06-27
P01048,Gold,2025-06-27,
P01049,Basic,2024-03-20,2025-03-14
P01049,Gold,2025-03-14,
P01050,Gold,2023-03-30,
P01051,Basic,2023-01-13,
P01052,Gold,2024-08-05,2025-10-26
P01052,Platinum,2025-10-26,
P01053,Platinum,2023-08-11,
P01054,Gold,2024-07-02,2025-06-15
P01054,Platinum,2025-06-15,
P01055,Basic,2023-10-18,
P01056,Basic,2023-01-21,
P01057,Basic,2024-10-23,2025-03-18
P01057,Gold,2025-03-18,
P01058,Basic,2023-10-07,2025-10-11
P01058,Gold,2025-10-11,
P01059,Platinum,2023-01-27,
P01060,Basic,2023-11-08,
P01061,Basic,2024-04-04,
P01062,Basic,2024-01-17,
P01063,Basic,2023-08-04,
P01064,Basic,2024-05-30,
P01065,Basic,2024-11-24,
P01066,Basic,2024-10-10,
P01067,Basic,2024-04-05,
P01068,Basic,2024-11-19,
P01069,Basic,2023-01-26,
P01070,Basic,2024-11-25,
P01071,Basic,2023-05-08,2025-07-08
P01071,Gold,2025-07-08,
P01072,Basic,2024-07-17,
P01073,Gold,2023-10-21,
P01074,Gold,2024-01-17,
P01075,Basic,2023-05-16,
P01076,Basic,2024-10-04,
P01077,Basic,2023-10-23,
P01078,Basic,2023-11-17,
P01079,Basic,2024-10-26,
P01080,Basic,2024-09-20,
P01081,Gold,2023-11-13,
P01082,Gold,2024-08-09,
P01083,Basic,2023-11-12,
P01084,Gold,2024-01-01,2025-08-12
P01084,Platinum,2025-08-12,
P01085,Gold,2023-03-24,2025-07-26
P01085,Platinum,2025-07-26,
P01086,Basic,2023-08-07,
P01087,Basic,2023-05-13,2025-06-11
P01087,Gold,2025-06-11,
P01088,Basic,2023-12-24,
P01089,Basic,2024-08-15,2025-03-20
P01089,Gold,2025-03-20,
P01090,Basic,2023-09-05,
P01091,Gold,2024-05-11,
P01092,Basic,2024-05-25,2025-03-13
P01092,Gold,2025-03-13,
P01093,Basic,2023-05-18,
P01094,Basic,2024-04-08,
P01095,Basic,2024-10-26,
P01096,Platinum,2024-10-20,
P01097,Basic,2024-01-12,2025-04-13
P01097,Gold,2025-04-13,
P01098,Basic,2023-03-28,
P01099,Basic,2023-03-07,
P01100,Basic,2024-04-14,
P01101,Basic,2023-06-30,
P01102,Basic,2023-09-19,2025-03-09
P01102,Gold,2025-03-09,
P01103,Basic,2024-09-23,
P01104,Basic,2024-07-27,
P01105,Basic,2023-12-02,
P01106,Basic,2023-08-29,
P01107,Gold,2024-01-27,2025-10-14
P01107,Platinum,2025-10-14,
P01108,Basic,2023-12-28,
P01109,Gold,2023-05-21,
P01110,Basic,2024-10-28,
P01111,Gold,2024-11-07,2025-03-28
P01111,Platinum,2025-03-28,
P01112,Basic,2023-09-17,
P01113,Basic,2023-09-20,
P01114,Basic,2024-11-04,
P01115,Basic,2023-02-16,
P01116,Basic,2024-04-13,
P01117,Gold,2023-07-13,
P01118,Basic,2024-03-19,
P01119,Basic,2023-03-07,
P01120,Basic,2023-11-09,
P01121,Basic,2023-03-14,
P01122,Basic,2024-10-16,2025-08-30
P01122,Gold,2025-08-30,
P01123,Basic,2023-10-17,
P01124,Basic,2024-11-07,
P01125,Basic,2023-04-15,
P01126,Basic,2024-08-06,
P01127,Basic,2024-10-20,
P01128,Basic,2023-08-13,
P01129,Basic,2024-10-28,
P01130,Basic,2024-03-11,
P01131,Basic,2024-08-11,
P01132,Basic,2023-12-24,
P01133,Basic,2024-03-24,
P01134,Gold,2023-01-25,
P01135,Basic,2024-05-04,
P01136,Basic,2023-03-13,
P01137,Basic,2023-03-01,
P01138,Basic,2024-07-16,
P01139,Gold,2024-10-24,
P01140,Basic,2023-11-05,
P01141,Basic,2023-05-01,
P01142,Basic,2023-10-28,
P01143,Basic,2024-04-26,
P01144,Basic,2024-06-07,2025-05-09
P01144,Gold,2025-05-09,
P01145,Basic,2024-02-20,2025-03-12
P01145,Gold,2025-03-12,
P01146,Basic,2024-08-07,
P01147,Basic,2024-07-29,
P01148,Gold,2023-01-18,2025-08-28
P01148,Platinum,2025-08-28,
P01149,Basic,2024-07-28,
P01150,Gold,2024-01-27,
P01151,Basic,2024-09-10,2025-08-14
P01151,Gold,2025-08-14,
P01152,Basic,2023-04-24,
P01153,Gold,2023-07-07,
P01154,Basic,2024-03-17,
P01155,Basic,2023-08-14,
P01156,Platinum,2024-04-23,
P01157,Basic,2024-09-21,
P01158,Basic,2023-09-07,
P01159,Basic,2023-11-26,
P01160,Basic,2023-04-13,
P01161,Basic,2024-06-01,
P01162,Basic,2023-05-19,
P01163,Platinum,2024-09-03,
P01164,Basic,2024-03-26,
P01165,Basic,2023-01-19,
P01166,Basic,2024-06-20,
P01167,Gold,2024-11-01,2025-03-31
P01167,Platinum,2025-03-31,
P01168,Basic,2023-07-13,
P01169,Gold,2023-09-25,
P01170,Basic,2024-01-13,
P01171,Basic,2023-11-05,2025-04-18
P01171,Gold,2025-04-18,
P01172,Basic,2024-01-01,
P01173,Basic,2023-04-27,
P01174,Basic,2023-07-17,2025-10-07
P01174,Gold,2025-10-07,
P01175,Basic,2023-12-19,
P01176,Basic,2024-10-24,
P01177,Basic,2023-04-19,2025-03-24
P01177,Gold,2025-03-24,
P01178,Basic,2024-05-06,2025-10-20
P01178,Gold,2025-10-20,
P01179,Basic,2023-11-26,
P01180,Basic,2024-08-20,
P01181,Gold,2024-03-01,2025-05-14
P01181,Platinum,2025-05-14,
P01182,Basic,2024-08-30,
P01183,Basic,2024-10-07,
P01184,Basic,2023-12-14,
P01185,Gold,2024-12-02,
P01186,Basic,2024-01-07,2025-06-10
P01186,Gold,2025-06-10,
P01187,Gold,2023-02-01,
P01188,Basic,2024-01-08,
P01189,Basic,2024-04-25,
P01190,Basic,2024-04-25,2025-09-24
P01190,Gold,2025-09-24,
P01191,Basic,2024-01-10,
P01192,Basic,2024-04-16,2025-06-10
P01192,Gold,2025-06-10,
P01193,Basic,2024-10-05,2025-08-02
P01193,Gold,2025-08-02,
P01194,Basic,2024-06-01,
P01195,Basic,2024-05-05,
P01196,Basic,2023-01-31,
P01197,Basic,2024-10-23,2025-08-31
P01197,Gold,2025-08-31,
P01198,Basic,2024-07-26,2025-05-30
P01198,Gold,2025-05-30,
P01199,Basic,2023-06-18,
P01200,Basic,2024-10-02,
P01201,Gold,2024-02-01,
P01202,Basic,2024-03-10,
P01203,Basic,2024-03-18,2025-07-24
P01203,Gold,2025-07-24,
P01204,Basic,2024-02-20,
P01205,Basic,2024-07-10,
P01206,Basic,2024-09-22,2025-08-22
P01206,Gold,2025-08-22,
P01207,Gold,2024-03-10,
P01208,Platinum,2023-04-29,
P01209,Basic,2023-03-10,
P01210,Basic,2024-03-24,
P01211,Basic,2024-12-02,
P01212,Gold,2023-07-28,2025-08-14
P01212,Platinum,2025-08-14,
P01213,Basic,2024-07-21,2025-10-27
P01213,Gold,2025-10-27,
P01214,Gold,2024-08-29,
P01215,Basic,2024-04-04,
P01216,Gold,2024-05-08,
P01217,Basic,2024-06-14,
P01218,Basic,2024-11-08,2025-03-20
P01218,Gold,2025-03-20,
P01219,Gold,2023-02-08,
P01220,Gold,2024-11-10,2025-08-01
P01220,Platinum,2025-08-01,
P01221,Basic,2023-09-05,
P01222,Basic,2024-01-10,
P01223,Basic,2024-09-11,
P01224,Basic,2023-02-10,
P01225,Basic,2023-12-06,
P01226,Basic,2024-09-28,
P01227,Gold,2024-04-28,
P01228,Gold,2024-01-30,
P01229,Basic,2023-03-20,
P01230,Basic,2024-08-16,
P01231,Platinum,2023-11-05,
P01232,Basic,2023-07-28,
P01233,Basic,2024-06-01,2025-07-22
P01233,Gold,2025-07-22,
P01234,Gold,2023-11-30,
P01235,Platinum,2023-06-11,
P01236,Basic,2024-03-01,2025-09-07
P01236,Gold,2025-09-07,
P01237,Basic,2023-01-13,
P01238,Basic,2024-03-25,2025-09-14
P01238,Gold,2025-09-14,
P01239,Platinum,2023-01-09,
P01240,Basic,2023-09-24,
P01241,Basic,2023-08-28,
P01242,Basic,2024-06-13,
P01243,Basic,2024-03-06,
P01244,Basic,2023-02-08,
P01245,Basic,2023-04-30,
P01246,Basic,2024-03-01,
P01247,Basic,2024-04-04,
P01248,Basic,2024-04-04,
P01249,Basic,2024-11-28,
P01250,Basic,2024-03-05,
P01251,Gold,2023-09-11,
P01252,Basic,2023-01-03,
P01253,Basic,2023-09-24,2025-07-12
P01253,Gold,2025-07-12,
P01254,Basic,2023-10-14,2025-03-05
P01254,Gold,2025-03-05,
P01255,Basic,2024-08-13,
P01256,Basic,2024-07-11,
P01257,Basic,2024-06-17,2025-06-08
P01257,Gold,2025-06-08,
P01258,Basic,2023-10-04,2025-05-21
P01258,Gold,2025-05-21,
P01259,Platinum,2024-10-28,
P01260,Basic,2023-12-28,2025-07-19
P01260,Gold,2025-07-19,
P01261,Basic,2023-11-24,2025-05-10
P01261,Gold,2025-05-10,
P01262,Basic,2023-01-20,2025-04-12
P01262,Gold,2025-04-12,
P01263,Gold,2024-11-09,
P01264,Basic,2024-10-15,
P01265,Gold,2024-06-27,2025-06-16
P01265,Platinum,2025-06-16,
P01266,Basic,2024-04-21,
P01267,Basic,2023-12-23,
P01268,Basic,2023-03-02,
P01269,Basic,2024-05-28,
P01270,Basic,2024-09-05,
P01271,Basic,2024-09-06,
P01272,Basic,2023-04-10,
P01273,Basic,2024-11-09,
P01274,Basic,2024-10-21,
P01275,Gold,2023-09-16,2025-03-25
P01275,Platinum,2025-03-25,
P01276,Basic,2024-04-26,
P01277,Basic,2024-04-19,
P01278,Gold,2023-03-23,
P01279,Basic,2023-05-14,2025-07-10
P01279,Gold,2025-07-10,
P01280,Basic,2023-09-29,
P01281,Basic,2024-11-10,
P01282,Gold,2024-07-25,
P01283,Basic,2024-11-27,
P01284,Basic,2024-01-12,2025-05-30
P01284,Gold,2025-05-30,
P01285,Basic,2024-02-25,
P01286,Basic,2024-07-13,
P01287,Basic,2024-07-19,
P01288,Basic,2024-05-22,
P01289,Basic,2024-11-13,
P01290,Gold,2024-04-09,2025-05-26
P01290,Platinum,2025-05-26,
P01291,Basic,2024-07-16,
P01292,Gold,2024-05-12,2025-05-01
P01292,Platinum,2025-05-01,
P01293,Basic,2023-04-16,
P01294,Gold,2023-04-15,
P01295,Basic,2023-09-23,2025-10-20
P01295,Gold,2025-10-20,
P01296,Basic,2024-10-10,
P01297,Basic,2024-09-28,
P01298,Gold,2024-08-16,
P01299,Basic,2023-03-27,
P01300,Basic,2023-11-26,
P01301,Basic,2024-11-30,2025-05-20
P01301,Gold,2025-05-20,
P01302,Basic,2024-10-12,
P01303,Basic,2023-09-08,2025-09-25
P01303,Gold,2025-09-25,
P01304,Basic,2023-05-23,
P01305,Basic,2024-10-07,2025-10-22
P01305,Gold,2025-10-22,
P01306,Basic,2024-03-24,2025-10-08
P01306,Gold,2025-10-08,
P01307,Gold,2024-01-05,
P01308,Basic,2023-06-17,
P01309,Basic,2024-02-04,2025-07-21
P01309,Gold,2025-07-21,
P01310,Basic,2023-08-17,
P01311,Basic,2024-07-16,
P01312,Basic,2023-05-24,
P01313,Basic,2023-09-23,
P01314,Basic,2024-05-16,
P01315,Basic,2024-11-18,
P01316,Gold,2024-11-07,
P01317,Basic,2024-01-07,
P01318,Gold,2024-10-29,
P01319,Basic,2023-07-24,
P01320,Basic,2024-03-25,
P01321,Basic,2024-08-11,2025-05-21
P01321,Gold,2025-05-21,
P01322,Basic,2023-12-13,
P01323,Basic,2024-02-26,2025-10-28
P01323,Gold,2025-10-28,
P01324,Gold,2023-09-06,2025-09-29
P01324,Platinum,2025-09-29,
P01325,Basic,2024-02-12,
P01326,Basic,2023-01-14,
P01327,Basic,2023-03-07,
P01328,Platinum,2023-07-29,
P01329,Basic,2023-11-20,
P01330,Basic,2023-04-11,
P01331,Basic,2024-05-17,
P01332,Basic,2023-10-16,
P01333,Basic,2024-10-06,
P01334,Basic,2024-05-22,2025-10-27
P01334,Gold,2025-10-27,
P01335,Gold,2024-03-09,
P01336,Basic,2023-08-19,
P01337,Basic,2023-11-19,
P01338,Basic,2024-05-04,
P01339,Basic,2024-10-27,
P01340,Gold,2023-04-28,
P01341,Basic,2023-05-06,
P01342,Gold,2023-02-28,
P01343,Gold,2023-04-13,
P01344,Basic,2024-10-30,
P01345,Gold,2024-08-05,2025-03-08
P01345,Platinum,2025-03-08,
P01346,Basic,2023-01-19,
P01347,Basic,2023-02-25,2025-04-09
P01347,Gold,2025-04-09,
P01348,Basic,2023-08-15,
P01349,Gold,2023-09-04,
P01350,Gold,2024-10-29,
P01351,Basic,2023-02-23,
P01352,Platinum,2023-03-24,
P01353,Basic,2023-03-12,2025-07-14
P01353,Gold,2025-07-14,
P01354,Gold,2024-07-07,
P01355,Basic,2023-12-30,2025-04-01
P01355,Gold,2025-04-01,
P01356,Basic,2024-07-03,
P01357,Gold,2024-07-05,
P01358,Basic,2023-08-18,2025-04-17
P01358,Gold,2025-04-17,
P01359,Basic,2024-06-12,
P01360,Basic,2024-04-29,
P01361,Basic,2024-05-14,
P01362,Basic,2023-07-25,2025-06-25
P01362,Gold,2025-06-25,
P01363,Basic,2024-01-02,
P01364,Basic,2023-12-20,
P01365,Basic,2023-01-24,
P01366,Gold,2024-04-10,
P01367,Basic,2024-06-19,
P01368,Gold,2023-08-25,2025-09-13
P01368,Platinum,2025-09-13,
P01369,Basic,2023-08-22,2025-07-28
P01369,Gold,2025-07-28,
P01370,Basic,2024-11-01,
P01371,Basic,2024-01-11,
P01372,Basic,2023-12-15,
P01373,Gold,2023-12-14,
P01374,Gold,2023-11-02,
P01375,Basic,2023-03-15,
P01376,Basic,2023-07-12,
P01377,Basic,2023-02-24,
P01378,Basic,2024-05-01,2025-03-11
P01378,Gold,2025-03-11,
P01379,Basic,2023-07-18,
P01380,Gold,2023-02-22,2025-06-02
P01380,Platinum,2025-06-02,
P01381,Basic,2023-12-12,
P01382,Gold,2023-05-22,
P01383,Basic,2023-12-26,
P01384,Gold,2024-09-21,2025-10-08
P01384,Platinum,2025-10-08,
P01385,Gold,2023-09-09,
P01386,Basic,2024-01-03,
P01387,Basic,2024-04-17,
P01388,Platinum,2024-01-23,
P01389,Basic,2024-11-03,
P01390,Basic,2024-01-07,
P01391,Gold,2023-05-08,
P01392,Gold,2023-10-01,
P01393,Basic,2023-04-02,
P01394,Basic,2023-11-07,
P01395,Gold,2024-08-23,
P01396,Basic,2024-03-01,
P01397,Basic,2024-04-21,
P01398,Basic,2024-10-13,
P01399,Basic,2023-03-29,
P01400,Basic,2024-08-05,
P01401,Basic,2023-08-01,
P01402,Gold,2023-09-06,
P01403,Basic,2023-12-16,
P01404,Basic,2023-09-28,2025-05-26
P01404,Gold,2025-05-26,
P01405,Basic,2023-02-12,
P01406,Platinum,2024-09-26,
P01407,Basic,2024-05-12,2025-07-10
P01407,Gold,2025-07-10,
P01408,Basic,2024-02-03,2025-09-02
P01408,Gold,2025-09-02,
P01409,Basic,2023-02-09,2025-07-08
P01409,Gold,2025-07-08,
P01410,Basic,2023-02-20,
P01411,Basic,2023-05-20,
P01412,Basic,2024-08-21,2025-10-27
P01412,Gold,2025-10-27,
P01413,Basic,2024-04-15,
P01414,Basic,2024-11-11,2025-10-17
P01414,Gold,2025-10-17,
P01415,Basic,2024-09-13,
P01416,Basic,2023-04-26,
P01417,Basic,2024-06-11,
P01418,Basic,2023-05-10,
P01419,Basic,2024-05-20,
P01420,Basic,2024-06-26,2025-06-29
P01420,Gold,2025-06-29,
P01421,Basic,2024-07-11,
P01422,Gold,2024-04-27,2025-10-10
P01422,Platinum,2025-10-10,
P01423,Basic,2024-05-19,2025-06-01
P01423,Gold,2025-06-01,
P01424,Gold,2023-07-26,
P01425,Basic,2024-02-02,
P01426,Gold,2023-08-24,2025-10-19
P01426,Platinum,2025-10-19,
P01427,Basic,2024-11-09,
P01428,Basic,2023-07-16,
P01429,Gold,2023-01-17,2025-06-15
P01429,Platinum,2025-06-15,
P01430,Basic,2023-05-20,
P01431,Basic,2024-09-10,
P01432,Basic,2023-03-16,
P01433,Basic,2023-03-28,
P01434,Basic,2023-03-27,
P01435,Basic,2024-02-29,
P01436,Basic,2024-06-28,
P01437,Basic,2024-01-15,2025-10-07
P01437,Gold,2025-10-07,
P01438,Basic,2024-03-06,
P01439,Basic,2024-03-10,2025-06-18
P01439,Gold,2025-06-18,
P01440,Basic,2023-05-21,
P01441,Basic,2023-07-03,
P01442,Basic,2024-01-29,
P01443,Gold,2024-03-27,
P01444,Basic,2023-09-04,
P01445,Basic,2023-07-26,
P01446,Basic,2024-01-08,2025-09-22
P01446,Gold,2025-09-22,
P01447,Platinum,2023-05-02,
P01448,Gold,2024-11-12,
P01449,Basic,2023-01-11,
P01450,Gold,2024-03-31,
P01451,Gold,2024-08-29,
P01452,Basic,2023-12-05,
P01453,Basic,2023-11-22,
P01454,Basic,2024-05-25,
P01455,Basic,2023-12-17,
P01456,Basic,2023-07-23,
P01457,Basic,2024-11-13,
P01458,Basic,2024-10-27,
P01459,Basic,2023-02-10,2025-06-12
P01459,Gold,2025-06-12,
P01460,Basic,2024-06-15,
P01461,Gold,2023-01-30,2025-09-22
P01461,Platinum,2025-09-22,
P01462,Basic,2024-07-10,2025-07-25
P01462,Gold,2025-07-25,
P01463,Basic,2024-06-09,
P01464,Basic,2023-07-12,2025-04-29
P01464,Gold,2025-04-29,
P01465,Basic,2023-09-12,
P01466,Basic,2024-03-04,
P01467,Gold,2023-09-06,
P01468,Gold,2023-05-16,2025-09-21
P01468,Platinum,2025-09-21,
P01469,Basic,2024-02-27,
P01470,Basic,2024-08-07,
P01471,Basic,2024-10-10,2025-08-22
P01471,Gold,2025-08-22,
P01472,Basic,2023-10-05,
P01473,Basic,2024-06-24,2025-06-12
P01473,Gold,2025-06-12,
P01474,Gold,2024-08-27,
P01475,Gold,2023-12-01,2025-05-06
P01475,Platinum,2025-05-06,
P01476,Basic,2024-08-13,
P01477,Basic,2024-08-13,
P01478,Basic,2023-06-09,
P01479,Gold,2024-06-17,2025-07-13
P01479,Platinum,2025-07-13,
P01480,Basic,2024-09-26,2025-07-14
P01480,Gold,2025-07-14,
P01481,Basic,2023-02-21,
P01482,Basic,2023-03-06,
P01483,Basic,2024-09-30,
P01484,Basic,2024-08-23,
P01485,Basic,2023-03-28,2025-07-04
P01485,Gold,2025-07-04,
P01486,Basic,2024-09-08,
P01487,Gold,2023-05-28,
P01488,Platinum,2024-11-01,
P01489,Basic,2023-02-17,
P01490,Basic,2024-01-27,2025-09-10
P01490,Gold,2025-09-10,
P01491,Basic,2023-11-03,2025-04-18
P01491,Gold,2025-04-18,
P01492,Basic,2024-04-01,
P01493,Basic,2023-11-11,2025-09-04
P01493,Gold,2025-09-04,
P01494,Basic,2023-12-09,
P01495,Basic,2023-11-26,
P01496,Gold,2023-02-12,
P01497,Basic,2024-08-08,2025-06-17
P01497,Gold,2025-06-17,
P01498,Basic,2024-12-02,
P01499,Basic,2023-02-17,
P01500,Gold,2024-06-01,
P01501,Basic,2023-09-26,2025-05-30
P01501,Gold,2025-05-30,
P01502,Basic,2024-04-29,
P01503,Basic,2023-04-17,
P01504,Basic,2024-02-06,
P01505,Basic,2023-02-09,
P01506,Basic,2023-04-20,2025-10-20
P01506,Gold,2025-10-20,
P01507,Basic,2024-08-08,
P01508,Platinum,2024-06-23,
P01509,Basic,2023-11-13,
P01510,Basic,2024-03-28,
P01511,Gold,2024-11-28,
P01512,Basic,2024-09-06,
P01513,Gold,2023-12-20,2025-07-29
P01513,Platinum,2025-07-29,
P01514,Gold,2024-02-03,
P01515,Basic,2024-12-02,2025-05-23
P01515,Gold,2025-05-23,
P01516,Basic,2024-07-01,
P01517,Basic,2024-04-13,
P01518,Basic,2023-06-11,
P01519,Basic,2024-11-02,
P01520,Basic,2023-04-15,
P01521,Basic,2023-07-18,2025-06-19
P01521,Gold,2025-06-19,
P01522,Basic,2023-10-08,
P01523,Basic,2023-08-29,2025-08-02
P01523,Gold,2025-08-02,
P01524,Basic,2024-06-04,2025-04-17
P01524,Gold,2025-04-17,
P01525,Basic,2024-02-22,2025-08-07
P01525,Gold,2025-08-07,
P01526,Platinum,2024-06-14,
P01527,Basic,2024-06-11,
P01528,Gold,2023-12-04,
P01529,Gold,2024-09-24,
P01530,Gold,2023-11-16,
P01531,Basic,2023-07-31,
P01532,Gold,2024-03-14,
P01533,Basic,2023-04-21,
P01534,Basic,2023-09-06,
P01535,Basic,2024-11-24,
P01536,Basic,2023-05-24,
P01537,Basic,2023-02-20,
P01538,Basic,2023-07-25,
P01539,Basic,2024-01-29,
P01540,Basic,2024-01-23,2025-08-13
P01540,Gold,2025-08-13,
P01541,Basic,2023-11-03,2025-03-08
P01541,Gold,2025-03-08,
P01542,Basic,2023-07-18,
P01543,Gold,2023-07-08,
P01544,Gold,2024-06-07,
P01545,Basic,2024-07-14,2025-07-25
P01545,Gold,2025-07-25,
P01546,Gold,2024-09-12,
P01547,Basic,2024-08-01,2025-04-07
P01547,Gold,2025-04-07,
P01548,Basic,2024-07-08,
P01549,Basic,2024-06-17,
P01550,Basic,2023-04-03,
P01551,Basic,2024-07-21,2025-05-06
P01551,Gold,2025-05-06,
P01552,Basic,2024-04-20,
P01553,Basic,2023-12-29,
P01554,Basic,2023-10-04,
P01555,Basic,2023-01-05,
P01556,Basic,2024-08-29,
P01557,Basic,2023-06-01,2025-08-16
P01557,Gold,2025-08-16,
P01558,Basic,2023-12-03,
P01559,Basic,2023-02-17,
P01560,Basic,2023-05-19,
P01561,Basic,2023-01-30,
P01562,Basic,2023-06-07,
P01563,Basic,2023-06-03,2025-04-24
P01563,Gold,2025-04-24,
P01564,Basic,2023-03-23,
P01565,Basic,2023-02-09,
P01566,Basic,2023-11-24,
P01567,Basic,2023-05-31,
P01568,Gold,2024-03-19,2025-10-19
P01568,Platinum,2025-10-19,
P01569,Basic,2024-07-07,
P01570,Basic,2023-02-06,
P01571,Basic,2023-10-15,
P01572,Basic,2023-01-11,
P01573,Basic,2024-03-24,
P01574,Basic,2023-06-08,
P01575,Gold,2024-08-14,2025-09-03
P01575,Platinum,2025-09-03,
P01576,Platinum,2024-07-21,
P01577,Basic,2023-07-05,
P01578,Gold,2023-04-10,2025-05-29
P01578,Platinum,2025-05-29,
P01579,Basic,2024-06-15,
P01580,Basic,2024-03-16,2025-05-28
P01580,Gold,2025-05-28,
P01581,Basic,2024-04-07,
P01582,Basic,2023-05-30,
P01583,Gold,2024-03-01,
P01584,Basic,2023-12-19,
P01585,Basic,2023-08-02,
P01586,Basic,2024-09-28,
P01587,Basic,2023-01-25,
P01588,Basic,2024-01-19,
P01589,Basic,2023-08-25,
P01590,Basic,2023-09-03,
P01591,Basic,2023-12-11,
P01592,Basic,2023-05-30,
P01593,Basic,2023-04-15,
P01594,Basic,2024-06-16,
P01595,Basic,2024-07-18,
P01596,Basic,2023-06-30,
P01597,Basic,2024-03-04,
P01598,Basic,2024-09-24,
P01599,Basic,2023-02-26,
P01600,Gold,2023-10-07,
P01601,Basic,2023-12-19,2025-04-17
P01601,Gold,2025-04-17,
P01602,Gold,2023-12-15,
P01603,Basic,2023-12-12,
P01604,Basic,2024-06-03,2025-04-09
P01604,Gold,2025-04-09,
P01605,Basic,2023-07-31,
P01606,Basic,2023-04-09,
P01607,Basic,2024-03-17,
P01608,Basic,2024-11-29,
P01609,Gold,2023-04-13,2025-08-27
P01609,Platinum,2025-08-27,
P01610,Gold,2024-02-06,
P01611,Basic,2024-10-23,
P01612,Basic,2024-05-15,
P01613,Basic,2024-04-24,
P01614,Basic,2023-08-15,
P01615,Basic,2023-05-02,
P01616,Basic,2023-02-17,
P01617,Basic,2023-08-07,2025-08-27
P01617,Gold,2025-08-27,
P01618,Basic,2024-04-12,
P01619,Basic,2024-01-24,
P01620,Gold,2024-04-23,2025-05-13
P01620,Platinum,2025-05-13,
P01621,Basic,2024-01-11,
P01622,Platinum,2024-10-22,
P01623,Basic,2023-04-24,
P01624,Basic,2023-09-23,
P01625,Basic,2023-11-09,
P01626,Gold,2023-02-09,
P01627,Basic,2024-03-25,
P01628,Basic,2024-03-06,2025-05-17
P01628,Gold,2025-05-17,
P01629,Basic,2023-01-15,2025-06-21
P01629,Gold,2025-06-21,
P01630,Gold,2023-04-05,
P01631,Basic,2023-04-30,
P01632,Basic,2024-10-07,
P01633,Basic,2024-09-13,2025-07-30
P01633,Gold,2025-07-30,
P01634,Basic,2023-03-17,
P01635,Gold,2024-04-25,
P01636,Basic,2024-05-12,2025-04-25
P01636,Gold,2025-04-25,
P01637,Basic,2024-07-28,2025-10-14
P01637,Gold,2025-10-14,
P01638,Basic,2024-02-05,
P01639,Basic,2023-09-03,
P01640,Basic,2023-12-06,
P01641,Basic,2024-09-28,2025-09-02
P01641,Gold,2025-09-02,
P01642,Gold,2024-05-21,
P01643,Gold,2024-09-21,
P01644,Gold,2024-06-30,2025-08-17
P01644,Platinum,2025-08-17,
P01645,Basic,2024-11-09,2025-06-20
P01645,Gold,2025-06-20,
P01646,Gold,2023-10-19,
P01647,Platinum,2023-11-09,
P01648,Basic,2023-05-11,2025-08-27
P01648,Gold,2025-08-27,
P01649,Basic,2024-02-27,
P01650,Basic,2023-05-29,
P01651,Basic,2023-02-09,
P01652,Basic,2023-04-02,
P01653,Platinum,2024-11-12,
P01654,Basic,2023-03-31,
P01655,Basic,2024-04-06,
P01656,Basic,2024-06-15,
P01657,Basic,2023-01-02,2025-06-04
P01657,Gold,2025-06-04,
P01658,Basic,2023-12-10,
P01659,Basic,2023-07-19,
P01660,Basic,2023-04-23,
P01661,Basic,2024-09-22,
P01662,Gold,2023-07-02,
P01663,Basic,2023-03-19,
P01664,Basic,2024-10-27,
P01665,Basic,2024-07-15,
P01666,Basic,2024-08-15,
P01667,Basic,2024-05-12,
P01668,Basic,2023-04-25,2025-04-13
P01668,Gold,2025-04-13,
P01669,Basic,2023-09-24,2025-03-28
P01669,Gold,2025-03-28,
P01670,Basic,2023-11-30,
P01671,Basic,2024-08-20,
P01672,Basic,2024-07-15,2025-08-14
P01672,Gold,2025-08-14,
P01673,Basic,2024-05-15,
P01674,Basic,2023-05-25,2025-10-12
P01674,Gold,2025-10-12,
P01675,Basic,2024-02-22,
P01676,Basic,2023-08-01,2025-07-14
P01676,Gold,2025-07-14,
P01677,Basic,2023-03-30,
P01678,Basic,2024-01-17,
P01679,Gold,2023-01-14,2025-07-20
P01679,Platinum,2025-07-20,
P01680,Basic,2024-10-15,2025-05-29
P01680,Gold,2025-05-29,
P01681,Gold,2023-08-05,
P01682,Basic,2023-01-26,2025-10-13
P01682,Gold,2025-10-13,
P01683,Basic,2023-02-04,
P01684,Basic,2023-10-16,
P01685,Platinum,2024-03-17,
P01686,Basic,2024-02-16,
P01687,Basic,2024-02-23,2025-07-26
P01687,Gold,2025-07-26,
P01688,Basic,2023-08-04,
P01689,Basic,2023-10-23,
P01690,Basic,2024-07-23,
P01691,Basic,2024-12-01,2025-03-03
P01691,Gold,2025-03-03,
P01692,Basic,2024-05-26,
P01693,Basic,2023-07-07,
P01694,Gold,2023-12-06,
P01695,Basic,2023-12-30,
P01696,Basic,2023-09-17,
P01697,Basic,2023-10-05,
P01698,Basic,2023-01-06,
P01699,Basic,2024-01-12,2025-04-25
P01699,Gold,2025-04-25,
P01700,Gold,2023-04-12,2025-10-04
P01700,Platinum,2025-10-04,
P01701,Basic,2023-07-15,
P01702,Basic,2024-08-07,
P01703,Basic,2023-11-05,2025-08-21
P01703,Gold,2025-08-21,
P01704,Basic,2023-04-19,2025-03-06
P01704,Gold,2025-03-06,
P01705,Gold,2024-09-19,
P01706,Basic,2023-04-05,
P01707,Basic,2023-01-27,
P01708,Gold,2023-05-20,
P01709,Basic,2023-11-13,
P01710,Basic,2024-07-31,
P01711,Basic,2024-09-22,
P01712,Gold,2023-03-12,
P01713,Gold,2023-11-03,2025-06-01
P01713,Platinum,2025-06-01,
P01714,Basic,2023-02-26,2025-06-04
P01714,Gold,2025-06-04,
P01715,Gold,2024-08-07,
P01716,Gold,2023-10-18,2025-08-31
P01716,Platinum,2025-08-31,
P01717,Basic,2023-09-13,
P01718,Platinum,2024-04-08,
P01719,Basic,2024-11-12,
P01720,Basic,2023-08-08,2025-08-25
P01720,Gold,2025-08-25,
P01721,Basic,2023-08-21,
P01722,Basic,2024-08-23,2025-10-02
P01722,Gold,2025-10-02,
P01723,Basic,2023-01-28,
P01724,Basic,2023-12-25,2025-07-26
P01724,Gold,2025-07-26,
P01725,Platinum,2024-09-16,
P01726,Basic,2023-01-15,2025-03-19
P01726,Gold,2025-03-19,
P01727,Basic,2024-05-22,
P01728,Basic,2024-09-14,
P01729,Gold,2024-02-13,
P01730,Gold,2024-01-29,
P01731,Basic,2023-08-29,
P01732,Platinum,2023-02-01,
P01733,Basic,2024-02-23,
P01734,Gold,2024-03-18,
P01735,Basic,2023-05-14,2025-06-27
P01735,Gold,2025-06-27,
P01736,Basic,2024-11-09,2025-04-16
P01736,Gold,2025-04-16,
P01737,Basic,2023-02-19,
P01738,Gold,2023-10-06,
P01739,Basic,2023-01-17,2025-09-18
P01739,Gold,2025-09-18,
P01740,Basic,2023-12-11,
P01741,Gold,2023-01-27,2025-09-09
P01741,Platinum,2025-09-09,
P01742,Basic,2023-11-07,
P01743,Basic,2023-07-24,
P01744,Gold,2023-08-09,
P01745,Gold,2024-01-31,2025-07-05
P01745,Platinum,2025-07-05,
P01746,Gold,2024-07-24,
P01747,Basic,2023-08-10,2025-05-29
P01747,Gold,2025-05-29,
P01748,Platinum,2023-02-01,
P01749,Basic,2024-04-02,
P01750,Basic,2024-08-28,
P01751,Basic,2024-09-06,2025-08-05
P01751,Gold,2025-08-05,
P01752,Basic,2023-12-20,
P01753,Basic,2024-10-21,
P01754,Basic,2023-11-03,
P01755,Platinum,2023-03-23,
P01756,Basic,2024-05-07,
P01757,Basic,2023-08-27,
P01758,Basic,2023-02-07,
P01759,Basic,2023-02-11,
P01760,Basic,2024-08-12,
P01761,Gold,2024-07-24,2025-09-13
P01761,Platinum,2025-09-13,
P01762,Basic,2023-09-26,
P01763,Basic,2024-03-23,2025-03-04
P01763,Gold,2025-03-04,
P01764,Basic,2024-05-07,
P01765,Platinum,2024-03-12,
P01766,Basic,2024-08-18,
P01767,Basic,2023-06-28,
P01768,Basic,2023-11-19,
P01769,Basic,2024-01-09,
P01770,Basic,2024-01-31,2025-06-06
P01770,Gold,2025-06-06,
P01771,Gold,2024-09-21,
P01772,Basic,2023-03-12,
P01773,Basic,2023-05-06,2025-04-28
P01773,Gold,2025-04-28,
P01774,Basic,2023-09-19,2025-10-16
P01774,Gold,2025-10-16,
P01775,Gold,2024-03-30,
P01776,Basic,2023-07-21,
P01777,Basic,2023-08-15,
P01778,Gold,2023-10-18,
P01779,Gold,2023-05-07,
P01780,Basic,2024-06-11,
P01781,Basic,2024-09-28,
P01782,Basic,2024-03-03,
P01783,Basic,2024-05-08,2025-07-01
P01783,Gold,2025-07-01,
P01784,Gold,2024-12-02,2025-05-31
P01784,Platinum,2025-05-31,
P01785,Basic,2024-08-08,
P01786,Basic,2024-03-06,
P01787,Basic,2024-02-05,2025-08-15
P01787,Gold,2025-08-15,
P01788,Basic,2023-04-09,
P01789,Basic,2023-01-07,
P01790,Basic,2024-08-25,
P01791,Basic,2023-08-02,
P01792,Basic,2023-10-20,
P01793,Gold,2024-08-01,
P01794,Basic,2023-10-15,
P01795,Basic,2023-05-02,2025-07-25
P01795,Gold,2025-07-25,
P01796,Basic,2024-08-29,2025-04-18
P01796,Gold,2025-04-18,
P01797,Basic,2023-07-27,
P01798,Basic,2023-04-19,
P01799,Basic,2023-05-25,
P01800,Basic,2023-09-02,
P01801,Gold,2023-10-30,
P01802,Gold,2023-05-24,2025-05-22
P01802,Platinum,2025-05-22,
P01803,Basic,2023-08-09,
P01804,Basic,2024-07-11,
P01805,Basic,2023-07-22,
P01806,Gold,2023-10-08,
P01807,Gold,2023-03-25,
P01808,Basic,2024-07-08,
P01809,Basic,2024-11-21,
P01810,Basic,2023-05-05,
P01811,Basic,2023-11-29,2025-07-29
P01811,Gold,2025-07-29,
P01812,Basic,2023-12-01,
P01813,Gold,2024-04-07,2025-04-02
P01813,Platinum,2025-04-02,
P01814,Basic,2024-04-22,
P01815,Basic,2023-02-14,2025-10-20
P01815,Gold,2025-10-20,
P01816,Gold,2023-03-30,
P01817,Gold,2024-08-27,
P01818,Basic,2024-08-29,2025-06-23
P01818,Gold,2025-06-23,
P01819,Basic,2023-09-04,
P01820,Basic,2023-11-13,2025-09-09
P01820,Gold,2025-09-09,
P01821,Basic,2024-07-23,
P01822,Basic,2023-08-06,2025-07-20
P01822,Gold,2025-07-20,
P01823,Basic,2023-01-11,
P01824,Basic,2024-03-06,2025-06-19
P01824,Gold,2025-06-19,
P01825,Basic,2023-02-13,
P01826,Basic,2024-05-28,
P01827,Gold,2024-06-10,2025-03-31
P01827,Platinum,2025-03-31,
P01828,Basic,2024-09-26,
P01829,Gold,2023-02-16,
P01830,Basic,2023-04-04,2025-04-19
P01830,Gold,2025-04-19,
P01831,Basic,2023-09-13,
P01832,Basic,2023-05-31,2025-04-19
P01832,Gold,2025-04-19,
P01833,Basic,2024-07-10,
P01834,Gold,2023-03-17,
P01835,Basic,2023-10-25,
P01836,Basic,2023-07-08,
P01837,Basic,2024-05-15,
P01838,Gold,2023-03-01,
P01839,Basic,2024-08-01,
P01840,Basic,2023-09-15,
P01841,Basic,2024-03-29,2025-04-10
P01841,Gold,2025-04-10,
P01842,Basic,2023-08-27,
P01843,Basic,2024-08-03,
P01844,Basic,2023-11-22,
P01845,Basic,2024-10-26,
P01846,Basic,2024-04-18,
P01847,Basic,2023-03-07,
P01848,Basic,2023-12-23,
P01849,Basic,2023-05-21,
P01850,Basic,2023-08-15,
P01851,Basic,2023-06-09,
P01852,Gold,2023-05-18,
P01853,Gold,2023-07-09,
P01854,Basic,2024-04-27,
P01855,Gold,2024-01-12,
P01856,Gold,2024-04-17,2025-05-10
P01856,Platinum,2025-05-10,
P01857,Basic,2023-04-07,
P01858,Basic,2024-01-03,
P01859,Basic,2023-09-02,
P01860,Basic,2024-09-12,
P01861,Basic,2024-04-12,
P01862,Basic,2023-11-20,
P01863,Gold,2023-08-03,2025-04-26
P01863,Platinum,2025-04-26,
P01864,Basic,2024-02-25,
P01865,Basic,2024-09-02,
P01866,Gold,2023-01-18,
P01867,Basic,2024-09-18,2025-08-08
P01867,Gold,2025-08-08,
P01868,Basic,2023-12-10,2025-09-17
P01868,Gold,2025-09-17,
P01869,Basic,2023-03-20,
P01870,Basic,2024-09-29,2025-05-31
P01870,Gold,2025-05-31,
P01871,Gold,2024-04-10,
P01872,Basic,2024-04-06,
P01873,Basic,2024-01-20,
P01874,Basic,2023-09-06,
P01875,Basic,2023-11-19,
P01876,Basic,2023-09-07,
P01877,Gold,2023-06-03,
P01878,Basic,2023-09-18,2025-06-24
P01878,Gold,2025-06-24,
P01879,Basic,2023-06-27,
P01880,Basic,2023-02-05,
P01881,Basic,2023-01-13,
P01882,Basic,2024-01-11,
P01883,Basic,2024-09-12,
P01884,Gold,2024-03-18,
P01885,Basic,2024-06-11,
P01886,Basic,2023-01-14,
P01887,Basic,2023-03-14,2025-09-17
P01887,Gold,2025-09-17,
P01888,Basic,2023-08-17,2025-03-17
P01888,Gold,2025-03-17,
P01889,Basic,2024-05-25,
P01890,Basic,2024-08-17,
P01891,Platinum,2024-01-12,
P01892,Basic,2024-03-04,
P01893,Basic,2023-02-09,
P01894,Basic,2024-06-01,
P01895,Basic,2024-10-02,
P01896,Basic,2023-11-20,2025-10-27
P01896,Gold,2025-10-27,
P01897,Gold,2023-12-14,
P01898,Basic,2023-03-07,
P01899,Basic,2024-02-17,
P01900,Basic,2024-09-27,
P01901,Basic,2024-11-10,
P01902,Basic,2023-05-27,
P01903,Basic,2023-08-20,
P01904,Platinum,2023-12-22,
P01905,Basic,2023-07-20,
P01906,Basic,2024-06-19,2025-05-19
P01906,Gold,2025-05-19,
P01907,Gold,2023-03-23,
P01908,Basic,2023-02-19,2025-04-27
P01908,Gold,2025-04-27,
P01909,Basic,2023-03-31,
P01910,Basic,2024-09-29,
P01911,Basic,2024-05-27,
P01912,Gold,2024-11-26,
P01913,Basic,2023-08-13,
P01914,Gold,2023-07-18,
P01915,Platinum,2023-10-16,
P01916,Basic,2023-10-14,
P01917,Gold,2023-06-03,
P01918,Basic,2024-02-18,
P01919,Basic,2024-07-12,2025-04-14
P01919,Gold,2025-04-14,
P01920,Basic,2024-02-03,
P01921,Basic,2023-03-25,
P01922,Basic,2024-04-02,
P01923,Basic,2024-02-04,
P01924,Gold,2023-01-09,
P01925,Basic,2023-01-03,
P01926,Gold,2023-03-07,2025-09-20
P01926,Platinum,2025-09-20,
P01927,Basic,2024-07-25,
P01928,Basic,2024-02-17,
P01929,Basic,2023-11-06,
P01930,Basic,2023-06-30,
P01931,Basic,2023-06-10,2025-07-18
P01931,Gold,2025-07-18,
P01932,Basic,2023-03-29,2025-08-07
P01932,Gold,2025-08-07,
P01933,Basic,2023-02-11,
P01934,Basic,2024-07-28,2025-06-26
P01934,Gold,2025-06-26,
P01935,Basic,2024-07-01,2025-08-27
P01935,Gold,2025-08-27,
P01936,Platinum,2024-09-25,
P01937,Basic,2023-08-14,2025-08-24
P01937,Gold,2025-08-24,
P01938,Basic,2023-09-13,
P01939,Basic,2024-04-03,2025-06-20
P01939,Gold,2025-06-20,
P01940,Gold,2023-05-10,
P01941,Gold,2023-04-15,2025-06-02
P01941,Platinum,2025-06-02,
P01942,Basic,2023-08-23,2025-06-24
P01942,Gold,2025-06-24,
P01943,Basic,2024-06-15,
P01944,Gold,2023-03-11,
P01945,Basic,2024-04-21,
P01946,Gold,2024-10-19,
P01947,Basic,2024-01-21,
P01948,Basic,2024-10-12,
P01949,Gold,2023-07-19,
P01950,Basic,2024-02-10,2025-05-05
P01950,Gold,2025-05-05,
P01951,Basic,2023-07-14,2025-08-25
P01951,Gold,2025-08-25,
P01952,Basic,2024-01-25,
P01953,Gold,2024-10-27,
P01954,Basic,2024-10-05,2025-03-24
P01954,Gold,2025-03-24,
P01955,Basic,2024-04-27,
P01956,Basic,2024-07-01,
P01957,Basic,2024-09-30,
P01958,Platinum,2024-09-25,
P01959,Basic,2023-06-09,
P01960,Gold,2024-05-02,
P01961,Gold,2023-02-02,
P01962,Basic,2024-03-25,
P01963,Basic,2023-06-14,
P01964,Basic,2024-02-29,
P01965,Gold,2023-09-02,
P01966,Basic,2024-10-02,
P01967,Basic,2023-01-12,2025-04-20
P01967,Gold,2025-04-20,
P01968,Basic,2024-08-19,
P01969,Basic,2023-06-02,2025-10-13
P01969,Gold,2025-10-13,
P01970,Basic,2024-03-09,
P01971,Basic,2023-02-25,2025-05-06
P01971,Gold,2025-05-06,
P01972,Gold,2023-03-20,
P01973,Gold,2023-07-13,2025-07-21
P01973,Platinum,2025-07-21,
P01974,Basic,2023-05-19,
P01975,Basic,2023-02-25,
P01976,Basic,2023-01-08,
P01977,Basic,2023-08-10,
P01978,Basic,2024-01-10,
P01979,Basic,2023-09-22,2025-06-20
P01979,Gold,2025-06-20,
P01980,Gold,2024-05-03,2025-10-02
P01980,Platinum,2025-10-02,
P01981,Basic,2024-05-14,
P01982,Gold,2024-01-31,
P01983,Gold,2024-06-16,
P01984,Basic,2023-05-19,2025-07-07
P01984,Gold,2025-07-07,
P01985,Basic,2023-09-17,2025-09-16
P01985,Gold,2025-09-16,
P01986,Platinum,2023-05-18,
P01987,Basic,2023-01-23,
P01988,Basic,2024-08-31,2025-04-19
P01988,Gold,2025-04-19,
P01989,Basic,2023-07-16,
P01990,Basic,2023-03-18,2025-04-23
P01990,Gold,2025-04-23,
P01991,Basic,2024-03-08,
P01992,Basic,2023-04-29,2025-08-31
P01992,Gold,2025-08-31,
P01993,Basic,2023-09-23,2025-10-07
P01993,Gold,2025-10-07,
P01994,Basic,2023-09-13,
P01995,Basic,2023-06-07,2025-04-30
P01995,Gold,2025-04-30,
P01996,Basic,2024-10-07,
P01997,Gold,2023-05-29,2025-07-25
P01997,Platinum,2025-07-25,
P01998,Basic,2023-09-02,
P01999,Basic,2023-08-04,2025-09-16
P01999,Gold,2025-09-16,
P02000,Basic,2024-03-23,2025-06-21
P02000,Gold,2025-06-21,
P02001,Basic,2024-05-19,2025-06-05
P02001,Gold,2025-06-05,
P02002,Basic,2024-09-28,2025-04-07
P02002,Gold,2025-04-07,
P02003,Basic,2024-08-30,
P02004,Basic,2024-11-03,2025-08-09
P02004,Gold,2025-08-09,
P02005,Basic,2023-05-22,2025-03-14
P02005,Gold,2025-03-14,
P02006,Basic,2024-02-22,
P02007,Platinum,2023-06-05,
P02008,Basic,2024-03-27,
P02009,Basic,2023-07-31,
P02010,Basic,2023-07-23,
P02011,Basic,2023-05-22,
P02012,Basic,2024-07-07,2025-10-13
P02012,Gold,2025-10-13,
P02013,Gold,2024-01-26,
P02014,Basic,2023-05-09,
P02015,Basic,2024-01-23,2025-10-22
P02015,Gold,2025-10-22,
P02016,Basic,2024-10-09,
P02017,Gold,2024-02-25,
P02018,Basic,2024-08-15,
P02019,Basic,2024-07-30,
P02020,Platinum,2024-02-20,
P02021,Basic,2023-08-11,
P02022,Platinum,2024-08-12,
P02023,Basic,2024-09-11,
P02024,Basic,2024-05-20,
P02025,Platinum,2024-11-14,
P02026,Platinum,2023-04-13,
P02027,Basic,2023-07-27,
P02028,Basic,2024-04-18,
P02029,Gold,2024-05-07,
P02030,Basic,2024-01-01,
P02031,Basic,2024-03-23,
P02032,Basic,2023-10-22,
P02033,Basic,2023-01-10,2025-03-31
P02033,Gold,2025-03-31,
P02034,Basic,2023-02-22,
P02035,Gold,2024-08-22,
P02036,Basic,2024-10-21,
P02037,Basic,2023-07-27,
P02038,Basic,2024-10-04,
P02039,Gold,2024-06-30,
P02040,Basic,2024-03-12,2025-07-17
P02040,Gold,2025-07-17,
P02041,Basic,2023-02-05,
P02042,Basic,2023-10-11,
P02043,Basic,2023-12-04,
P02044,Gold,2023-06-09,
P02045,Basic,2023-07-18,2025-03-19
P02045,Gold,2025-03-19,
P02046,Basic,2024-07-18,
P02047,Gold,2023-03-31,
P02048,Gold,2023-10-16,
P02049,Basic,2024-05-01,2025-07-09
P02049,Gold,2025-07-09,
P02050,Basic,2024-05-03,
P02051,Basic,2023-03-24,
P02052,Gold,2024-05-11,
P02053,Basic,2024-08-02,
P02054,Basic,2023-06-24,2025-05-02
P02054,Gold,2025-05-02,
P02055,Basic,2023-08-30,
P02056,Platinum,2024-06-09,
P02057,Gold,2023-07-10,
P02058,Basic,2023-02-26,2025-04-21
P02058,Gold,2025-04-21,
P02059,Basic,2024-11-02,
P02060,Basic,2023-05-13,
P02061,Basic,2023-12-23,2025-06-07
P02061,Gold,2025-06-07,
P02062,Basic,2023-12-30,2025-05-29
P02062,Gold,2025-05-29,
P02063,Basic,2023-08-10,
P02064,Basic,2024-09-19,2025-05-22
P02064,Gold,2025-05-22,
P02065,Basic,2024-10-27,
P02066,Basic,2024-02-10,
P02067,Basic,2024-11-08,
P02068,Basic,2024-09-16,2025-09-30
P02068,Gold,2025-09-30,
P02069,Basic,2023-05-28,
P02070,Basic,2024-06-14,
P02071,Basic,2023-05-10,2025-06-15
P02071,Gold,2025-06-15,
P02072,Platinum,2024-03-24,
P02073,Basic,2024-03-30,
P02074,Basic,2023-12-28,
P02075,Basic,2024-05-14,
P02076,Basic,2024-06-28,
P02077,Basic,2024-10-29,2025-06-09
P02077,Gold,2025-06-09,
P02078,Gold,2024-10-07,
P02079,Basic,2024-10-22,2025-09-23
P02079,Gold,2025-09-23,
P02080,Basic,2024-11-02,
P02081,Basic,2023-10-27,2025-07-25
P02081,Gold,2025-07-25,
P02082,Basic,2024-07-11,
P02083,Gold,2023-09-15,
P02084,Platinum,2023-01-22,
P02085,Basic,2024-10-14,
P02086,Gold,2024-03-29,
P02087,Gold,2023-04-09,2025-04-11
P02087,Platinum,2025-04-11,
P02088,Basic,2023-12-15,
P02089,Basic,2024-05-07,
P02090,Basic,2023-02-24,
P02091,Gold,2023-05-11,2025-10-05
P02091,Platinum,2025-10-05,
P02092,Basic,2023-06-01,
P02093,Basic,2023-07-11,
P02094,Basic,2024-02-01,2025-03-28
P02094,Gold,2025-03-28,
P02095,Basic,2024-11-19,
P02096,Gold,2023-02-06,
P02097,Gold,2024-06-07,
P02098,Platinum,2023-09-23,
P02099,Gold,2023-11-02,
P02100,Basic,2023-11-11,2025-09-07
P02100,Gold,2025-09-07,
P02101,Basic,2023-12-12,2025-09-01
P02101,Gold,2025-09-01,
P02102,Basic,2023-01-22,
P02103,Gold,2024-01-22,2025-09-14
P02103,Platinum,2025-09-14,
P02104,Basic,2023-10-03,2025-06-04
P02104,Gold,2025-06-04,
P02105,Basic,2024-03-29,
P02106,Basic,2023-11-09,2025-07-13
P02106,Gold,2025-07-13,
P02107,Basic,2023-05-28,
P02108,Basic,2024-08-13,
P02109,Basic,2023-12-10,2025-09-23
P02109,Gold,2025-09-23,
P02110,Basic,2023-08-14,
P02111,Basic,2023-12-27,2025-09-06
P02111,Gold,2025-09-06,
P02112,Basic,2023-10-18,
P02113,Basic,2023-08-29,
P02114,Gold,2023-02-08,
P02115,Basic,2024-05-28,
P02116,Basic,2023-01-08,
P02117,Basic,2024-10-24,2025-07-28
P02117,Gold,2025-07-28,
P02118,Basic,2024-05-13,
P02119,Gold,2024-09-14,
P02120,Basic,2023-11-28,
P02121,Basic,2024-04-16,2025-03-28
P02121,Gold,2025-03-28,
P02122,Basic,2023-03-17,2025-07-29
P02122,Gold,2025-07-29,
P02123,Basic,2024-09-23,2025-08-10
P02123,Gold,2025-08-10,
P02124,Basic,2024-01-26,
P02125,Basic,2024-07-17,
P02126,Basic,2024-03-08,
P02127,Gold,2024-05-06,2025-03-28
P02127,Platinum,2025-03-28,
P02128,Basic,2023-03-18,
P02129,Basic,2024-05-19,
P02130,Platinum,2024-11-03,
P02131,Gold,2023-05-11,
P02132,Gold,2023-03-26,
P02133,Basic,2023-04-23,
P02134,Basic,2024-10-26,
P02135,Basic,2023-07-02,
P02136,Basic,2023-03-09,
P02137,Basic,2023-12-27,
P02138,Basic,2024-05-09,2025-09-29
P02138,Gold,2025-09-29,
P02139,Basic,2023-09-24,2025-10-23
P02139,Gold,2025-10-23,
P02140,Basic,2023-12-14,2025-10-15
P02140,Gold,2025-10-15,
P02141,Platinum,2023-09-17,
P02142,Platinum,2024-08-04,
P02143,Basic,2024-09-12,2025-06-23
P02143,Gold,2025-06-23,
P02144,Platinum,2023-06-06,
P02145,Basic,2024-03-04,
P02146,Gold,2024-02-07,
P02147,Basic,2024-06-13,
P02148,Basic,2023-08-21,
P02149,Basic,2024-04-09,2025-06-19
P02149,Gold,2025-06-19,
P02150,Basic,2024-01-19,
P02151,Gold,2023-02-18,2025-08-21
P02151,Platinum,2025-08-21,
P02152,Basic,2023-05-28,
P02153,Basic,2024-03-20,
P02154,Basic,2023-01-09,
P02155,Basic,2024-11-03,
P02156,Basic,2024-09-12,
P02157,Basic,2024-07-13,2025-03-29
P02157,Gold,2025-03-29,
P02158,Gold,2023-08-03,2025-10-22
P02158,Platinum,2025-10-22,
P02159,Basic,2023-10-28,
P02160,Basic,2023-07-05,
P02161,Basic,2024-01-26,
P02162,Basic,2024-11-26,
P02163,Basic,2023-12-17,
P02164,Basic,2024-11-09,2025-10-08
P02164,Gold,2025-10-08,
P02165,Basic,2023-11-24,
P02166,Platinum,2023-08-08,
P02167,Basic,2023-04-27,
P02168,Basic,2023-01-26,
P02169,Basic,2024-05-03,
P02170,Basic,2024-04-14,
P02171,Basic,2024-07-05,
P02172,Platinum,2023-11-10,
P02173,Gold,2024-03-23,
P02174,Basic,2024-10-26,
P02175,Gold,2023-06-22,
P02176,Basic,2023-03-06,
P02177,Basic,2024-03-01,
P02178,Basic,2023-11-30,
P02179,Gold,2023-04-30,
P02180,Basic,2023-03-28,
P02181,Gold,2024-05-31,
P02182,Basic,2024-04-26,
P02183,Basic,2023-05-03,
P02184,Platinum,2024-06-06,
P02185,Basic,2023-11-19,
P02186,Basic,2023-09-29,
P02187,Gold,2023-12-26,2025-09-07
P02187,Platinum,2025-09-07,
P02188,Basic,2024-01-03,2025-08-13
P02188,Gold,2025-08-13,
P02189,Basic,2023-11-26,2025-03-14
P02189,Gold,2025-03-14,
P02190,Basic,2024-03-21,
P02191,Basic,2024-01-05,
P02192,Gold,2024-11-02,2025-07-04
P02192,Platinum,2025-07-04,
P02193,Gold,2024-09-12,
P02194,Basic,2024-05-18,2025-05-26
P02194,Gold,2025-05-26,
P02195,Basic,2023-11-29,2025-03-30
P02195,Gold,2025-03-30,
P02196,Gold,2024-02-15,
P02197,Basic,2024-06-26,2025-04-23
P02197,Gold,2025-04-23,
P02198,Basic,2023-03-14,
P02199,Basic,2023-08-24,
P02200,Basic,2023-04-04,
P02201,Platinum,2024-05-13,
P02202,Gold,2024-05-02,
P02203,Gold,2023-06-27,
P02204,Gold,2023-06-25,
P02205,Basic,2024-03-19,2025-06-22
P02205,Gold,2025-06-22,
P02206,Basic,2023-09-22,2025-10-17
P02206,Gold,2025-10-17,
P02207,Basic,2023-04-30,
P02208,Basic,2024-02-07,2025-04-21
P02208,Gold,2025-04-21,
P02209,Basic,2023-07-09,
P02210,Basic,2024-03-15,2025-10-17
P02210,Gold,2025-10-17,
P02211,Basic,2023-09-08,
P02212,Platinum,2024-10-02,
P02213,Basic,2023-08-18,
P02214,Basic,2024-07-13,
P02215,Basic,2023-05-15,
P02216,Basic,2024-08-03,
P02217,Basic,2024-02-04,2025-06-08
P02217,Gold,2025-06-08,
P02218,Basic,2023-04-09,
P02219,Basic,2024-02-07,
P02220,Basic,2024-11-14,2025-05-04
P02220,Gold,2025-05-04,
P02221,Basic,2023-07-02,
P02222,Basic,2023-10-10,
P02223,Basic,2023-09-25,
P02224,Basic,2024-06-02,2025-04-18
P02224,Gold,2025-04-18,
P02225,Basic,2024-10-22,
P02226,Basic,2023-01-02,
P02227,Basic,2024-11-24,
P02228,Basic,2024-04-10,
P02229,Gold,2024-02-22,2025-03-29
P02229,Platinum,2025-03-29,
P02230,Basic,2024-07-07,
P02231,Basic,2023-02-11,2025-07-23
P02231,Gold,2025-07-23,
P02232,Basic,2024-11-09,
P02233,Basic,2023-06-08,2025-07-03
P02233,Gold,2025-07-03,
P02234,Gold,2024-07-17,
P02235,Gold,2024-08-16,
P02236,Basic,2023-03-13,
P02237,Basic,2023-02-01,2025-05-16
P02237,Gold,2025-05-16,
P02238,Basic,2023-07-09,2025-05-10
P02238,Gold,2025-05-10,
P02239,Basic,2024-06-29,
P02240,Basic,2023-11-08,
P02241,Basic,2024-04-08,2025-06-16
P02241,Gold,2025-06-16,
P02242,Gold,2023-06-27,
P02243,Gold,2023-07-23,
P02244,Basic,2023-12-04,
P02245,Basic,2024-09-30,
P02246,Basic,2024-01-11,
P02247,Basic,2023-06-05,2025-07-10
P02247,Gold,2025-07-10,
P02248,Platinum,2023-10-03,
P02249,Basic,2023-06-15,
P02250,Basic,2023-02-20,
P02251,Basic,2024-10-08,
P02252,Basic,2023-07-31,
P02253,Basic,2023-02-24,2025-04-20
P02253,Gold,2025-04-20,
P02254,Gold,2024-06-28,2025-07-28
P02254,Platinum,2025-07-28,
P02255,Basic,2023-10-23,2025-10-08
P02255,Gold,2025-10-08,
P02256,Basic,2023-02-07,2025-03-20
P02256,Gold,2025-03-20,
P02257,Basic,2023-04-07,
P02258,Gold,2024-09-07,
P02259,Basic,2024-02-02,
P02260,Basic,2024-10-23,
P02261,Basic,2024-11-30,
P02262,Basic,2023-01-08,2025-07-27
P02262,Gold,2025-07-27,
P02263,Gold,2023-03-07,2025-10-21
P02263,Platinum,2025-10-21,
P02264,Basic,2024-01-25,
P02265,Basic,2024-04-24,
P02266,Basic,2023-05-09,
P02267,Basic,2023-02-22,
P02268,Basic,2023-03-15,2025-05-20
P02268,Gold,2025-05-20,
P02269,Basic,2023-04-13,
P02270,Basic,2024-11-30,
P02271,Basic,2024-01-13,
P02272,Basic,2023-06-02,
P02273,Basic,2024-04-11,2025-09-06
P02273,Gold,2025-09-06,
P02274,Basic,2023-04-20,2025-08-19
P02274,Gold,2025-08-19,
P02275,Basic,2023-11-01,2025-05-11
P02275,Gold,2025-05-11,
P02276,Basic,2023-01-03,
P02277,Gold,2024-03-08,
P02278,Basic,2024-04-24,
P02279,Basic,2024-05-21,
P02280,Basic,2023-07-10,2025-07-25
P02280,Gold,2025-07-25,
P02281,Basic,2023-01-17,
P02282,Basic,2023-09-03,
P02283,Basic,2023-09-18,2025-05-15
P02283,Gold,2025-05-15,
P02284,Basic,2024-01-30,
P02285,Basic,2024-06-02,2025-06-24
P02285,Gold,2025-06-24,
P02286,Basic,2024-10-08,
P02287,Basic,2024-06-01,
P02288,Basic,2023-11-05,
P02289,Gold,2024-11-15,2025-06-27
P02289,Platinum,2025-06-27,
P02290,Basic,2024-05-01,
P02291,Basic,2024-10-18,
P02292,Basic,2024-10-05,
P02293,Basic,2023-04-02,
P02294,Gold,2023-03-22,2025-04-23
P02294,Platinum,2025-04-23,
P02295,Basic,2023-07-28,
P02296,Basic,2023-05-23,
P02297,Basic,2024-11-05,2025-10-23
P02297,Gold,2025-10-23,
P02298,Platinum,2024-01-22,
P02299,Basic,2023-12-26,2025-08-01
P02299,Gold,2025-08-01,
P02300,Gold,2024-07-05,2025-10-13
P02300,Platinum,2025-10-13,
P02301,Gold,2023-04-05,
P02302,Basic,2024-03-26,2025-09-26
P02302,Gold,2025-09-26,
P02303,Gold,2024-05-22,2025-07-03
P02303,Platinum,2025-07-03,
P02304,Basic,2023-04-01,
P02305,Basic,2024-05-17,2025-09-14
P02305,Gold,2025-09-14,
P02306,Basic,2023-06-16,2025-04-01
P02306,Gold,2025-04-01,
P02307,Basic,2023-04-18,
P02308,Basic,2024-07-05,
P02309,Basic,2023-03-16,
P02310,Basic,2023-01-09,2025-04-06
P02310,Gold,2025-04-06,
P02311,Basic,2024-11-01,
P02312,Basic,2023-10-05,
P02313,Gold,2024-08-04,
P02314,Gold,2024-06-09,
P02315,Basic,2023-08-22,2025-05-27
P02315,Gold,2025-05-27,
P02316,Basic,2024-08-07,2025-10-14
P02316,Gold,2025-10-14,
P02317,Basic,2023-05-07,
P02318,Gold,2024-06-29,2025-03-15
P02318,Platinum,2025-03-15,
P02319,Gold,2024-03-29,
P02320,Basic,2024-05-05,
P02321,Basic,2023-12-11,
P02322,Basic,2024-08-19,
P02323,Basic,2024-03-20,
P02324,Basic,2024-03-22,
P02325,Basic,2024-02-17,
P02326,Basic,2024-07-11,
P02327,Basic,2024-08-17,
P02328,Platinum,2024-06-29,
P02329,Basic,2023-03-02,
P02330,Basic,2023-05-31,
P02331,Basic,2023-02-11,
P02332,Gold,2024-04-23,
P02333,Basic,2023-07-04,
P02334,Gold,2023-05-13,2025-06-09
P02334,Platinum,2025-06-09,
P02335,Basic,2024-03-07,2025-03-08
P02335,Gold,2025-03-08,
P02336,Basic,2024-06-12,2025-10-14
P02336,Gold,2025-10-14,
P02337,Gold,2023-03-12,
P02338,Basic,2023-09-01,
P02339,Gold,2023-08-30,
P02340,Gold,2024-10-20,
P02341,Basic,2023-03-04,
P02342,Basic,2023-04-16,
P02343,Basic,2024-01-10,2025-06-11
P02343,Gold,2025-06-11,
P02344,Basic,2024-01-05,2025-04-24
P02344,Gold,2025-04-24,
P02345,Basic,2023-01-29,
P02346,Platinum,2023-05-28,
P02347,Basic,2024-02-11,
P02348,Basic,2023-06-12,
P02349,Basic,2023-05-16,2025-06-15
P02349,Gold,2025-06-15,
P02350,Basic,2024-05-19,
P02351,Gold,2023-10-21,
P02352,Gold,2023-02-09,2025-08-09
P02352,Platinum,2025-08-09,
P02353,Basic,2024-02-22,
P02354,Basic,2023-07-11,
P02355,Basic,2024-02-14,
P02356,Basic,2023-12-04,
P02357,Basic,2024-03-27,
P02358,Platinum,2024-01-27,
P02359,Basic,2024-01-10,
P02360,Basic,2023-12-12,
P02361,Basic,2023-12-18,
P02362,Basic,2024-05-31,
P02363,Gold,2023-03-14,
P02364,Basic,2024-01-25,
P02365,Basic,2023-06-03,2025-05-22
P02365,Gold,2025-05-22,
P02366,Basic,2024-03-22,2025-08-29
P02366,Gold,2025-08-29,
P02367,Basic,2023-10-17,2025-08-29
P02367,Gold,2025-08-29,
P02368,Gold,2023-10-09,2025-03-21
P02368,Platinum,2025-03-21,
P02369,Basic,2023-11-27,
P02370,Basic,2024-03-24,
P02371,Basic,2024-08-23,
P02372,Basic,2024-09-17,
P02373,Basic,2024-01-25,
P02374,Basic,2024-09-20,
P02375,Gold,2024-05-30,2025-09-04
P02375,Platinum,2025-09-04,
P02376,Basic,2023-03-23,2025-10-21
P02376,Gold,2025-10-21,
P02377,Basic,2024-04-04,
P02378,Basic,2023-03-19,
P02379,Basic,2023-03-17,
P02380,Gold,2024-04-04,2025-10-23
P02380,Platinum,2025-10-23,
P02381,Gold,2023-12-20,2025-04-09
P02381,Platinum,2025-04-09,
P02382,Basic,2024-06-09,
P02383,Basic,2023-03-13,
P02384,Basic,2024-09-15,
P02385,Gold,2023-01-19,
P02386,Basic,2023-07-16,
P02387,Basic,2023-02-03,2025-03-07
P02387,Gold,2025-03-07,
P02388,Basic,2023-10-28,2025-07-29
P02388,Gold,2025-07-29,
P02389,Basic,2024-05-18,
P02390,Gold,2023-07-26,2025-08-30
P02390,Platinum,2025-08-30,
P02391,Basic,2024-10-29,
P02392,Basic,2023-09-27,
P02393,Gold,2024-02-03,
P02394,Basic,2023-11-02,
P02395,Basic,2023-04-10,
P02396,Platinum,2023-05-20,
P02397,Gold,2023-05-13,
P02398,Basic,2023-03-09,
P02399,Basic,2023-05-11,
P02400,Basic,2023-11-03,
P02401,Basic,2023-10-22,
P02402,Gold,2024-02-20,
P02403,Basic,2023-08-29,2025-04-07
P02403,Gold,2025-04-07,
P02404,Basic,2023-03-01,
P02405,Basic,2023-10-03,
P02406,Basic,2023-09-03,
P02407,Basic,2023-07-24,
P02408,Basic,2023-05-20,
P02409,Gold,2023-09-06,
P02410,Basic,2024-05-08,
P02411,Basic,2023-05-18,2025-04-14
P02411,Gold,2025-04-14,
P02412,Basic,2023-06-29,
P02413,Basic,2023-03-04,2025-05-29
P02413,Gold,2025-05-29,
P02414,Basic,2023-11-07,2025-09-08
P02414,Gold,2025-09-08,
P02415,Basic,2023-05-14,2025-10-02
P02415,Gold,2025-10-02,
P02416,Gold,2024-01-29,
P02417,Basic,2023-05-01,
P02418,Gold,2023-03-25,2025-08-30
P02418,Platinum,2025-08-30,
P02419,Basic,2024-04-21,
P02420,Basic,2024-09-06,
P02421,Basic,2023-04-18,
P02422,Gold,2023-12-11,
P02423,Basic,2024-03-04,
P02424,Basic,2024-01-11,2025-08-10
P02424,Gold,2025-08-10,
P02425,Basic,2024-07-06,2025-06-21
P02425,Gold,2025-06-21,
P02426,Basic,2023-01-27,
P02427,Basic,2024-12-01,2025-07-03
P02427,Gold,2025-07-03,
P02428,Basic,2024-09-11,2025-05-07
P02428,Gold,2025-05-07,
P02429,Basic,2023-07-12,
P02430,Basic,2024-07-05,2025-06-28
P02430,Gold,2025-06-28,
P02431,Basic,2023-02-23,
P02432,Platinum,2023-08-19,
P02433,Basic,2023-05-02,2025-03-23
P02433,Gold,2025-03-23,
P02434,Gold,2023-04-11,
P02435,Gold,2024-06-03,
P02436,Basic,2024-03-27,
P02437,Basic,2023-02-12,2025-07-19
P02437,Gold,2025-07-19,
P02438,Platinum,2024-02-29,
P02439,Basic,2023-04-16,2025-06-28
P02439,Gold,2025-06-28,
P02440,Basic,2024-02-27,
P02441,Basic,2023-02-14,
P02442,Basic,2024-06-13,2025-10-02
P02442,Gold,2025-10-02,
P02443,Basic,2023-01-16,
P02444,Gold,2024-01-29,
P02445,Basic,2023-11-24,2025-05-20
P02445,Gold,2025-05-20,
P02446,Basic,2023-09-26,
P02447,Gold,2023-04-27,
P02448,Basic,2023-10-02,
P02449,Basic,2024-10-30,
P02450,Basic,2023-05-02,
P02451,Basic,2023-08-28,
P02452,Basic,2024-01-16,
P02453,Basic,2024-04-03,
P02454,Gold,2024-07-12,
P02455,Basic,2024-07-30,
P02456,Basic,2023-08-18,
P02457,Basic,2023-10-27,
P02458,Basic,2023-06-01,
P02459,Basic,2023-06-27,2025-04-02
P02459,Gold,2025-04-02,
P02460,Basic,2023-10-24,2025-10-17
P02460,Gold,2025-10-17,
P02461,Basic,2023-04-20,
P02462,Basic,2023-07-03,
P02463,Gold,2023-11-27,2025-07-17
P02463,Platinum,2025-07-17,
P02464,Basic,2024-04-26,
P02465,Basic,2023-05-11,
P02466,Platinum,2024-09-25,
P02467,Gold,2023-07-01,
P02468,Basic,2023-03-22,
P02469,Basic,2023-02-16,
P02470,Basic,2024-03-25,2025-09-14
P02470,Gold,2025-09-14,
P02471,Gold,2023-06-17,
P02472,Gold,2023-08-06,
P02473,Basic,2023-10-28,
P02474,Basic,2023-09-21,
P02475,Basic,2024-05-09,
P02476,Basic,2024-01-06,
P02477,Basic,2024-07-06,
P02478,Basic,2024-08-24,
P02479,Basic,2023-11-08,
P02480,Basic,2024-06-10,
P02481,Gold,2023-03-05,
P02482,Basic,2023-09-23,2025-04-22
P02482,Gold,2025-04-22,
P02483,Gold,2023-02-09,
P02484,Basic,2023-07-10,
P02485,Platinum,2023-06-30,
P02486,Basic,2024-09-13,
P02487,Basic,2023-08-25,2025-10-18
P02487,Gold,2025-10-18,
P02488,Basic,2023-07-08,2025-07-06
P02488,Gold,2025-07-06,
P02489,Basic,2024-09-12,
P02490,Basic,2024-07-19,
P02491,Basic,2023-08-03,
P02492,Gold,2024-01-30,2025-10-07
P02492,Platinum,2025-10-07,
P02493,Gold,2024-09-07,2025-08-23
P02493,Platinum,2025-08-23,
P02494,Basic,2024-05-04,
P02495,Basic,2024-03-16,
P02496,Platinum,2024-09-01,
P02497,Basic,2024-04-25,2025-05-27
P02497,Gold,2025-05-27,
P02498,Basic,2024-07-26,2025-04-18
P02498,Gold,2025-04-18,
P02499,Basic,2023-01-09,
P02500,Gold,2024-10-09,
P02501,Basic,2023-05-20,
P02502,Gold,2023-01-09,
P02503,Basic,2023-12-17,
P02504,Gold,2023-06-29,2025-04-08
P02504,Platinum,2025-04-08,
P02505,Gold,2024-08-04,
P02506,Basic,2023-05-11,2025-10-12
P02506,Gold,2025-10-12,
P02507,Basic,2023-07-02,
P02508,Basic,2024-11-24,
P02509,Basic,2023-03-10,
P02510,Basic,2023-05-18,2025-10-14
P02510,Gold,2025-10-14,
P02511,Basic,2023-11-05,
P02512,Basic,2023-12-06,
P02513,Basic,2023-08-19,
P02514,Basic,2024-07-15,
P02515,Basic,2023-08-31,
P02516,Basic,2023-04-20,2025-09-05
P02516,Gold,2025-09-05,
P02517,Basic,2023-11-18,2025-07-25
P02517,Gold,2025-07-25,
P02518,Basic,2023-11-29,
P02519,Basic,2023-01-13,2025-07-26
P02519,Gold,2025-07-26,
P02520,Basic,2024-07-15,
P02521,Gold,2023-04-04,
P02522,Basic,2024-03-15,
P02523,Gold,2024-03-19,
P02524,Basic,2023-08-07,
P02525,Basic,2023-11-30,
P02526,Basic,2023-08-09,
P02527,Gold,2024-08-27,
P02528,Basic,2024-05-27,
P02529,Basic,2024-01-11,
P02530,Basic,2023-01-10,
P02531,Basic,2023-10-17,2025-07-29
P02531,Gold,2025-07-29,
P02532,Basic,2023-03-01,
P02533,Basic,2023-08-08,
P02534,Platinum,2023-10-29,
P02535,Basic,2023-09-22,2025-10-21
P02535,Gold,2025-10-21,
P02536,Basic,2024-05-15,
P02537,Basic,2023-09-15,
P02538,Basic,2024-02-01,
P02539,Basic,2023-11-27,2025-09-29
P02539,Gold,2025-09-29,
P02540,Basic,2024-01-09,
P02541,Basic,2023-11-24,
P02542,Basic,2023-11-22,
P02543,Basic,2024-09-25,
P02544,Basic,2023-05-11,2025-09-14
P02544,Gold,2025-09-14,
P02545,Gold,2024-04-21,2025-05-18
P02545,Platinum,2025-05-18,
P02546,Basic,2024-08-30,
P02547,Basic,2024-03-03,2025-10-14
P02547,Gold,2025-10-14,
P02548,Basic,2023-10-30,
P02549,Basic,2024-08-09,
P02550,Basic,2023-01-28,
P02551,Gold,2023-03-30,
P02552,Basic,2023-07-26,
P02553,Basic,2023-07-07,
P02554,Basic,2023-03-10,
P02555,Basic,2024-06-23,2025-08-11
P02555,Gold,2025-08-11,
P02556,Basic,2023-02-19,
P02557,Basic,2024-08-25,
P02558,Basic,2024-04-17,
P02559,Basic,2023-06-18,2025-04-22
P02559,Gold,2025-04-22,
P02560,Basic,2023-03-29,2025-07-16
P02560,Gold,2025-07-16,
P02561,Basic,2023-06-27,2025-04-30
P02561,Gold,2025-04-30,
P02562,Basic,2024-11-28,
P02563,Basic,2024-08-27,2025-10-13
P02563,Gold,2025-10-13,
P02564,Basic,2023-10-30,
P02565,Basic,2024-03-06,2025-06-19
P02565,Gold,2025-06-19,
P02566,Basic,2024-03-18,
P02567,Platinum,2024-01-21,
P02568,Basic,2023-12-27,2025-04-24
P02568,Gold,2025-04-24,
P02569,Gold,2023-12-14,
P02570,Gold,2024-10-16,
P02571,Basic,2024-05-15,
P02572,Gold,2024-05-06,2025-10-27
P02572,Platinum,2025-10-27,
P02573,Gold,2023-03-25,
P02574,Basic,2023-12-02,
P02575,Basic,2023-08-08,2025-10-16
P02575,Gold,2025-10-16,
P02576,Basic,2024-02-04,
P02577,Basic,2023-09-14,
P02578,Basic,2024-02-15,
P02579,Gold,2023-10-24,
P02580,Basic,2024-02-25,
P02581,Basic,2023-10-16,
P02582,Gold,2024-10-06,
P02583,Basic,2023-08-30,
P02584,Basic,2024-06-24,2025-05-10
P02584,Gold,2025-05-10,
P02585,Basic,2023-11-04,2025-10-05
P02585,Gold,2025-10-05,
P02586,Gold,2024-09-15,
P02587,Basic,2023-08-10,
P02588,Basic,2023-12-22,
P02589,Basic,2024-08-09,
P02590,Basic,2023-12-28,
P02591,Basic,2023-06-25,
P02592,Gold,2024-04-10,
P02593,Basic,2024-12-02,
P02594,Basic,2024-08-01,
P02595,Gold,2023-02-23,
P02596,Basic,2023-07-09,
P02597,Gold,2023-06-01,
P02598,Basic,2023-02-13,
P02599,Gold,2023-11-25,
P02600,Basic,2023-04-26,2025-10-13
P02600,Gold,2025-10-13,
P02601,Basic,2023-01-12,
P02602,Basic,2024-03-30,
P02603,Gold,2023-11-03,
P02604,Gold,2023-01-11,
P02605,Basic,2024-04-25,
P02606,Basic,2024-06-22,
P02607,Gold,2024-08-19,2025-07-21
P02607,Platinum,2025-07-21,
P02608,Basic,2023-09-09,
P02609,Basic,2024-04-02,
P02610,Basic,2023-11-22,
P02611,Basic,2024-08-19,2025-06-28
P02611,Gold,2025-06-28,
P02612,Basic,2023-02-07,2025-10-10
P02612,Gold,2025-10-10,
P02613,Basic,2023-06-22,
P02614,Basic,2023-04-16,2025-05-16
P02614,Gold,2025-05-16,
P02615,Gold,2023-09-04,
P02616,Basic,2024-05-30,
P02617,Basic,2024-11-22,
P02618,Platinum,2024-06-30,
P02619,Basic,2024-01-13,
P02620,Basic,2024-01-15,2025-06-19
P02620,Gold,2025-06-19,
P02621,Basic,2023-11-28,
P02622,Basic,2023-06-15,
P02623,Basic,2024-10-04,
P02624,Basic,2023-12-09,
P02625,Platinum,2023-10-18,
P02626,Basic,2024-01-02,
P02627,Basic,2023-03-15,
P02628,Basic,2024-08-23,
P02629,Basic,2024-05-09,
P02630,Gold,2024-06-28,2025-05-21
P02630,Platinum,2025-05-21,
P02631,Basic,2024-10-30,
P02632,Basic,2023-02-02,
P02633,Basic,2024-06-11,
P02634,Basic,2024-05-31,
P02635,Basic,2023-05-04,2025-05-25
P02635,Gold,2025-05-25,
P02636,Basic,2023-09-25,2025-08-17
P02636,Gold,2025-08-17,
P02637,Basic,2024-08-21,
P02638,Basic,2023-11-11,2025-10-23
P02638,Gold,2025-10-23,
P02639,Basic,2024-11-26,
P02640,Basic,2023-08-05,2025-04-11
P02640,Gold,2025-04-11,
P02641,Basic,2024-04-15,
P02642,Basic,2024-11-24,
P02643,Basic,2024-07-28,
P02644,Basic,2024-03-17,
P02645,Basic,2024-03-17,2025-03-19
P02645,Gold,2025-03-19,
P02646,Basic,2023-10-13,
P02647,Gold,2023-03-12,
P02648,Gold,2023-01-17,2025-08-27
P02648,Platinum,2025-08-27,
P02649,Basic,2023-02-15,
P02650,Basic,2023-04-26,
P02651,Basic,2023-04-19,
P02652,Basic,2024-10-23,
P02653,Basic,2023-04-14,
P02654,Basic,2024-09-18,
P02655,Basic,2024-06-07,
P02656,Basic,2023-09-01,
P02657,Gold,2023-01-23,
P02658,Basic,2024-02-11,2025-04-06
P02658,Gold,2025-04-06,
P02659,Basic,2023-05-17,
P02660,Basic,2023-06-22,
P02661,Basic,2023-09-23,
P02662,Basic,2023-05-07,
P02663,Gold,2023-12-18,
P02664,Basic,2024-07-30,2025-07-09
P02664,Gold,2025-07-09,
P02665,Basic,2023-12-08,
P02666,Basic,2023-04-14,
P02667,Basic,2023-06-02,2025-07-10
P02667,Gold,2025-07-10,
P02668,Basic,2023-01-17,
P02669,Basic,2024-06-16,
P02670,Gold,2023-10-24,
P02671,Basic,2024-06-18,2025-10-11
P02671,Gold,2025-10-11,
P02672,Basic,2024-07-27,
P02673,Basic,2024-11-28,
P02674,Basic,2023-08-29,
P02675,Basic,2023-10-08,
P02676,Platinum,2024-03-07,
P02677,Basic,2023-09-07,2025-06-14
P02677,Gold,2025-06-14,
P02678,Basic,2023-01-28,
P02679,Basic,2024-03-07,
P02680,Basic,2023-11-03,
P02681,Basic,2023-03-01,
P02682,Gold,2023-02-22,2025-08-07
P02682,Platinum,2025-08-07,
P02683,Gold,2023-04-06,
P02684,Gold,2023-03-19,
P02685,Basic,2023-02-22,
P02686,Basic,2023-05-03,
P02687,Gold,2024-07-04,
P02688,Basic,2023-04-04,
P02689,Gold,2024-04-08,2025-06-22
P02689,Platinum,2025-06-22,
P02690,Basic,2023-01-22,
P02691,Basic,2024-03-25,2025-04-20
P02691,Gold,2025-04-20,
P02692,Basic,2024-07-14,
P02693,Basic,2023-05-05,
P02694,Gold,2023-04-17,
P02695,Basic,2023-05-30,2025-07-01
P02695,Gold,2025-07-01,
P02696,Basic,2024-11-14,
P02697,Basic,2023-06-22,
P02698,Gold,2024-02-09,2025-06-12
P02698,Platinum,2025-06-12,
P02699,Basic,2023-09-11,
P02700,Basic,2024-06-09,2025-07-29
P02700,Gold,2025-07-29,
P02701,Gold,2023-12-31,2025-10-24
P02701,Platinum,2025-10-24,
P02702,Basic,2024-07-29,2025-04-30
P02702,Gold,2025-04-30,
P02703,Gold,2023-06-18,
P02704,Basic,2023-01-15,
P02705,Basic,2024-09-06,2025-03-28
P02705,Gold,2025-03-28,
P02706,Basic,2024-06-21,2025-03-10
P02706,Gold,2025-03-10,
P02707,Basic,2023-07-17,
P02708,Gold,2024-02-05,
P02709,Basic,2023-12-25,
P02710,Basic,2023-09-26,
P02711,Gold,2023-02-16,
P02712,Gold,2023-05-23,
P02713,Basic,2023-12-27,2025-10-26
P02713,Gold,2025-10-26,
P02714,Gold,2023-05-18,
P02715,Basic,2023-10-14,
P02716,Basic,2024-10-24,
P02717,Gold,2023-02-04,
P02718,Basic,2023-01-22,
P02719,Basic,2023-01-17,
P02720,Gold,2023-09-20,
P02721,Basic,2023-12-03,2025-06-01
P02721,Gold,2025-06-01,
P02722,Basic,2023-04-07,2025-07-27
P02722,Gold,2025-07-27,
P02723,Basic,2024-09-24,
P02724,Basic,2024-07-11,
P02725,Basic,2024-04-15,
P02726,Basic,2024-08-20,
P02727,Platinum,2024-10-29,
P02728,Basic,2023-10-29,
P02729,Basic,2023-04-21,
P02730,Basic,2023-12-16,
P02731,Platinum,2024-06-25,
P02732,Basic,2024-05-12,2025-09-27
P02732,Gold,2025-09-27,
P02733,Basic,2023-01-22,
P02734,Gold,2024-05-08,2025-07-29
P02734,Platinum,2025-07-29,
P02735,Basic,2024-03-24,2025-06-03
P02735,Gold,2025-06-03,
P02736,Gold,2023-11-21,2025-05-05
P02736,Platinum,2025-05-05,
P02737,Basic,2024-05-18,2025-04-23
P02737,Gold,2025-04-23,
P02738,Basic,2023-10-29,
P02739,Basic,2024-04-06,2025-06-26
P02739,Gold,2025-06-26,
P02740,Basic,2023-08-11,
P02741,Basic,2024-05-07,2025-10-23
P02741,Gold,2025-10-23,
P02742,Basic,2024-04-13,
P02743,Basic,2024-08-27,2025-04-15
P02743,Gold,2025-04-15,
P02744,Basic,2023-12-16,
P02745,Basic,2023-09-09,
P02746,Gold,2023-03-19,2025-06-19
P02746,Platinum,2025-06-19,
P02747,Gold,2023-07-08,
P02748,Basic,2023-03-18,2025-07-02
P02748,Gold,2025-07-02,
P02749,Basic,2024-04-26,2025-07-18
P02749,Gold,2025-07-18,
P02750,Basic,2023-01-14,
P02751,Basic,2024-05-14,
P02752,Basic,2023-12-23,
P02753,Basic,2024-09-27,
P02754,Basic,2024-07-10,
P02755,Gold,2023-08-19,2025-06-11
P02755,Platinum,2025-06-11,
P02756,Platinum,2024-02-21,
P02757,Basic,2023-12-29,2025-04-22
P02757,Gold,2025-04-22,
P02758,Basic,2023-06-02,
P02759,Gold,2023-06-30,
P02760,Basic,2023-06-28,2025-07-14
P02760,Gold,2025-07-14,
P02761,Gold,2023-10-06,
P02762,Basic,2023-12-09,2025-07-05
P02762,Gold,2025-07-05,
P02763,Basic,2023-06-03,
P02764,Basic,2024-03-06,
P02765,Basic,2023-04-24,
P02766,Basic,2024-09-08,
P02767,Basic,2024-01-05,
P02768,Basic,2024-01-30,2025-09-01
P02768,Gold,2025-09-01,
P02769,Gold,2023-04-25,
P02770,Basic,2023-10-02,
P02771,Basic,2024-06-27,2025-07-29
P02771,Gold,2025-07-29,
P02772,Gold,2023-07-15,2025-06-06
P02772,Platinum,2025-06-06,
P02773,Basic,2024-06-29,
P02774,Basic,2024-06-17,
P02775,Basic,2024-11-09,
P02776,Basic,2023-09-12,
P02777,Basic,2023-12-08,
P02778,Basic,2023-06-13,
P02779,Gold,2023-05-16,2025-04-12
P02779,Platinum,2025-04-12,
P02780,Basic,2024-08-01,
P02781,Gold,2024-06-22,2025-08-04
P02781,Platinum,2025-08-04,
P02782,Gold,2023-06-05,
P02783,Basic,2024-09-13,
P02784,Basic,2023-07-22,
P02785,Basic,2024-02-23,
P02786,Basic,2023-09-08,
P02787,Basic,2024-04-01,
P02788,Platinum,2023-10-02,
P02789,Basic,2024-03-23,
P02790,Basic,2023-06-23,2025-03-03
P02790,Gold,2025-03-03,
P02791,Basic,2024-08-02,
P02792,Basic,2024-02-21,2025-06-04
P02792,Gold,2025-06-04,
P02793,Basic,2023-12-12,
P02794,Basic,2023-06-02,
P02795,Gold,2024-05-07,
P02796,Basic,2023-01-17,
P02797,Gold,2023-02-04,2025-05-23
P02797,Platinum,2025-05-23,
P02798,Gold,2023-06-11,
P02799,Basic,2024-03-25,
P02800,Basic,2023-01-14,
P02801,Basic,2023-10-16,2025-09-21
P02801,Gold,2025-09-21,
P02802,Gold,2024-11-29,
P02803,Gold,2023-05-19,2025-08-16
P02803,Platinum,2025-08-16,
P02804,Basic,2023-06-21,2025-05-03
P02804,Gold,2025-05-03,
P02805,Gold,2023-08-17,
P02806,Gold,2023-01-28,
P02807,Basic,2024-01-14,2025-10-14
P02807,Gold,2025-10-14,
P02808,Basic,2024-04-14,
P02809,Basic,2023-06-14,
P02810,Basic,2023-02-13,
P02811,Platinum,2024-01-09,
P02812,Gold,2023-08-31,
P02813,Gold,2023-04-20,2025-08-18
P02813,Platinum,2025-08-18,
P02814,Basic,2024-10-24,
P02815,Basic,2023-03-02,
P02816,Basic,2023-04-09,2025-10-19
P02816,Gold,2025-10-19,
P02817,Basic,2024-03-23,2025-08-02
P02817,Gold,2025-08-02,
P02818,Gold,2024-08-06,
P02819,Gold,2024-09-12,
P02820,Basic,2023-12-04,
P02821,Basic,2023-07-27,
P02822,Basic,2024-10-16,
P02823,Basic,2023-07-20,
P02824,Basic,2023-01-10,2025-08-19
P02824,Gold,2025-08-19,
P02825,Basic,2023-10-14,2025-07-06
P02825,Gold,2025-07-06,
P02826,Basic,2023-01-18,
P02827,Basic,2023-12-03,
P02828,Basic,2023-07-02,
P02829,Basic,2024-08-07,
P02830,Basic,2023-08-16,
P02831,Basic,2024-07-28,
P02832,Basic,2024-05-06,
P02833,Basic,2024-02-28,
P02834,Basic,2024-09-25,2025-06-05
P02834,Gold,2025-06-05,
P02835,Basic,2024-03-27,
P02836,Basic,2024-04-07,
P02837,Basic,2023-10-30,2025-06-11
P02837,Gold,2025-06-11,
P02838,Gold,2023-04-24,
P02839,Basic,2023-10-27,
P02840,Basic,2024-09-03,
P02841,Basic,2024-10-25,
P02842,Basic,2023-06-22,2025-08-26
P02842,Gold,2025-08-26,
P02843,Basic,2024-08-21,
P02844,Gold,2024-07-26,
P02845,Basic,2024-04-02,2025-10-01
P02845,Gold,2025-10-01,
P02846,Basic,2024-10-12,
P02847,Basic,2023-06-08,
P02848,Basic,2023-01-27,
P02849,Basic,2023-05-21,
P02850,Basic,2024-06-19,
P02851,Basic,2024-01-06,
P02852,Basic,2023-07-20,
P02853,Basic,2023-10-12,
P02854,Basic,2024-10-16,2025-05-08
P02854,Gold,2025-05-08,
P02855,Basic,2023-07-27,
P02856,Gold,2024-01-13,
P02857,Gold,2023-02-28,
P02858,Basic,2023-11-02,
P02859,Basic,2023-12-25,
P02860,Basic,2023-05-13,
P02861,Basic,2024-05-31,
P02862,Gold,2024-08-26,
P02863,Basic,2024-03-04,
P02864,Gold,2023-04-01,
P02865,Basic,2024-10-12,
P02866,Platinum,2024-05-20,
P02867,Basic,2023-11-18,
P02868,Basic,2024-03-30,
P02869,Basic,2024-08-01,
P02870,Platinum,2024-10-01,
P02871,Basic,2024-10-31,
P02872,Basic,2024-10-12,2025-10-22
P02872,Gold,2025-10-22,
P02873,Basic,2024-09-11,
P02874,Basic,2023-02-13,2025-03-09
P02874,Gold,2025-03-09,
P02875,Platinum,2024-04-08,
P02876,Basic,2024-05-16,
P02877,Gold,2023-04-20,
P02878,Basic,2024-09-17,
P02879,Basic,2024-03-14,
P02880,Basic,2023-01-31,2025-06-10
P02880,Gold,2025-06-10,
P02881,Platinum,2023-01-05,
P02882,Basic,2024-01-17,2025-05-28
P02882,Gold,2025-05-28,
P02883,Basic,2024-02-20,
P02884,Basic,2023-02-11,2025-04-05
P02884,Gold,2025-04-05,
P02885,Basic,2024-06-08,
P02886,Basic,2023-07-18,
P02887,Basic,2023-12-31,
P02888,Basic,2023-12-20,
P02889,Basic,2024-08-25,
P02890,Basic,2024-09-06,
P02891,Basic,2023-03-05,
P02892,Basic,2024-07-20,2025-05-19
P02892,Gold,2025-05-19,
P02893,Basic,2024-10-12,2025-10-19
P02893,Gold,2025-10-19,
P02894,Basic,2023-10-27,
P02895,Basic,2023-04-30,
P02896,Basic,2023-03-14,
P02897,Basic,2023-09-08,
P02898,Basic,2024-09-18,
P02899,Gold,2023-01-05,
P02900,Basic,2023-06-04,
P02901,Basic,2023-08-29,2025-04-11
P02901,Gold,2025-04-11,
P02902,Gold,2024-03-10,
P02903,Basic,2024-10-21,
P02904,Basic,2024-02-27,
P02905,Basic,2023-09-05,
P02906,Basic,2023-09-03,
P02907,Basic,2023-12-10,
P02908,Basic,2024-02-08,2025-03-17
P02908,Gold,2025-03-17,
P02909,Gold,2023-04-11,
P02910,Basic,2023-04-13,
P02911,Basic,2023-02-21,
P02912,Basic,2023-06-23,
P02913,Basic,2024-07-24,
P02914,Basic,2024-06-23,
P02915,Gold,2023-03-26,
P02916,Basic,2024-02-29,
P02917,Platinum,2024-01-14,
P02918,Gold,2024-12-02,
P02919,Basic,2024-02-26,
P02920,Basic,2023-11-09,
P02921,Basic,2023-03-13,2025-04-29
P02921,Gold,2025-04-29,
P02922,Basic,2023-11-06,
P02923,Basic,2024-04-12,2025-06-22
P02923,Gold,2025-06-22,
P02924,Basic,2023-04-25,2025-04-30
P02924,Gold,2025-04-30,
P02925,Basic,2023-10-03,2025-08-07
P02925,Gold,2025-08-07,
P02926,Basic,2024-08-22,2025-04-24
P02926,Gold,2025-04-24,
P02927,Gold,2024-07-14,
P02928,Basic,2023-09-02,2025-10-24
P02928,Gold,2025-10-24,
P02929,Basic,2023-06-25,
P02930,Basic,2023-11-28,
P02931,Basic,2024-11-09,
P02932,Basic,2023-03-21,
P02933,Basic,2023-09-15,
P02934,Basic,2024-01-19,
P02935,Basic,2023-04-17,
P02936,Basic,2024-06-26,
P02937,Gold,2023-09-25,
P02938,Basic,2024-06-09,
P02939,Basic,2024-07-31,2025-08-10
P02939,Gold,2025-08-10,
P02940,Basic,2024-02-25,2025-10-14
P02940,Gold,2025-10-14,
P02941,Gold,2023-07-13,
P02942,Gold,2023-01-23,2025-06-05
P02942,Platinum,2025-06-05,
P02943,Basic,2023-03-16,
P02944,Basic,2024-03-17,
P02945,Basic,2024-06-24,
P02946,Basic,2023-05-27,
P02947,Basic,2024-09-08,
P02948,Gold,2024-09-10,
P02949,Basic,2024-02-03,
P02950,Basic,2024-03-16,2025-03-11
P02950,Gold,2025-03-11,
P02951,Gold,2023-01-27,
P02952,Gold,2024-11-22,
P02953,Gold,2024-04-01,2025-03-05
P02953,Platinum,2025-03-05,
P02954,Basic,2023-04-24,
P02955,Platinum,2023-10-05,
P02956,Gold,2023-01-26,2025-05-10
P02956,Platinum,2025-05-10,
P02957,Basic,2023-07-20,2025-04-20
P02957,Gold,2025-04-20,
P02958,Basic,2023-11-27,
P02959,Platinum,2024-01-25,
P02960,Basic,2024-07-04,
P02961,Basic,2023-01-06,2025-04-07
P02961,Gold,2025-04-07,
P02962,Gold,2023-09-10,
P02963,Basic,2024-09-30,2025-09-11
P02963,Gold,2025-09-11,
P02964,Basic,2024-02-03,
P02965,Gold,2024-06-08,
P02966,Basic,2024-07-03,
P02967,Basic,2024-02-15,
P02968,Basic,2024-06-21,
P02969,Gold,2024-01-19,
P02970,Basic,2024-05-23,
P02971,Gold,2023-03-14,
P02972,Basic,2023-10-02,
P02973,Gold,2023-09-16,
P02974,Platinum,2024-10-22,
P02975,Basic,2024-02-19,
P02976,Basic,2024-11-02,
P02977,Basic,2024-01-31,
P02978,Gold,2023-06-29,
P02979,Basic,2023-12-07,
P02980,Basic,2023-05-10,
P02981,Basic,2024-01-21,
P02982,Basic,2024-06-27,2025-10-15
P02982,Gold,2025-10-15,
P02983,Basic,2024-03-15,
P02984,Basic,2023-12-31,2025-08-30
P02984,Gold,2025-08-30,
P02985,Gold,2024-03-18,2025-03-22
P02985,Platinum,2025-03-22,
P02986,Basic,2024-08-23,
P02987,Basic,2023-06-07,
P02988,Basic,2024-01-11,
P02989,Basic,2023-01-28,2025-10-18
P02989,Gold,2025-10-18,
P02990,Platinum,2023-05-30,
P02991,Basic,2024-03-09,
P02992,Basic,2024-06-28,
P02993,Basic,2023-08-31,
P02994,Basic,2024-11-18,
P02995,Basic,2023-11-15,
P02996,Basic,2023-09-20,
P02997,Gold,2023-04-09,
P02998,Basic,2023-03-28,
P02999,Basic,2024-01-14,
P03000,Basic,2024-11-01,
P03001,Basic,2024-08-31,2025-09-23
P03001,Gold,2025-09-23,
P03002,Basic,2024-11-19,
P03003,Basic,2023-12-17,
P03004,Basic,2023-09-17,
P03005,Gold,2023-08-26,
P03006,Gold,2024-08-22,
P03007,Basic,2024-08-07,
P03008,Basic,2024-09-14,2025-09-16
P03008,Gold,2025-09-16,
P03009,Basic,2024-08-07,
P03010,Gold,2023-10-16,
P03011,Basic,2024-11-15,
P03012,Basic,2023-06-05,
P03013,Basic,2023-10-17,
P03014,Basic,2024-11-13,2025-05-24
P03014,Gold,2025-05-24,
P03015,Basic,2023-04-05,
P03016,Basic,2024-08-05,
P03017,Basic,2024-07-12,
P03018,Basic,2023-01-23,2025-06-07
P03018,Gold,2025-06-07,
P03019,Basic,2023-10-12,
P03020,Gold,2023-07-08,2025-09-07
P03020,Platinum,2025-09-07,
P03021,Basic,2023-09-05,
P03022,Basic,2024-02-26,
P03023,Basic,2024-06-09,
P03024,Basic,2024-06-25,
P03025,Basic,2024-01-08,2025-08-14
P03025,Gold,2025-08-14,
P03026,Basic,2024-07-29,
P03027,Gold,2024-02-23,
P03028,Basic,2024-03-21,
P03029,Gold,2023-11-06,
P03030,Basic,2024-07-13,
P03031,Basic,2024-07-11,
P03032,Basic,2023-06-23,2025-04-27
P03032,Gold,2025-04-27,
P03033,Gold,2024-11-10,
P03034,Basic,2023-08-18,2025-10-03
P03034,Gold,2025-10-03,
P03035,Basic,2023-03-22,
P03036,Basic,2024-07-25,
P03037,Basic,2024-05-14,
P03038,Basic,2024-01-06,
P03039,Gold,2024-07-29,2025-10-19
P03039,Platinum,2025-10-19,
P03040,Basic,2023-03-10,
P03041,Gold,2024-05-27,
P03042,Basic,2023-03-26,
P03043,Basic,2023-06-10,
P03044,Basic,2024-07-23,2025-07-05
P03044,Gold,2025-07-05,
P03045,Basic,2024-05-10,
P03046,Gold,2024-07-14,
P03047,Gold,2024-06-27,
P03048,Basic,2024-03-24,
P03049,Basic,2024-07-19,
P03050,Basic,2024-06-03,
P03051,Basic,2023-07-01,
P03052,Basic,2023-11-20,
P03053,Basic,2024-01-11,
P03054,Basic,2023-08-17,
P03055,Basic,2024-04-16,
P03056,Basic,2023-03-05,2025-03-30
P03056,Gold,2025-03-30,
P03057,Basic,2023-06-03,2025-06-30
P03057,Gold,2025-06-30,
P03058,Platinum,2024-11-18,
P03059,Basic,2023-07-14,2025-05-12
P03059,Gold,2025-05-12,
P03060,Basic,2023-11-11,
P03061,Basic,2024-11-30,2025-06-21
P03061,Gold,2025-06-21,
P03062,Gold,2023-10-25,2025-09-11
P03062,Platinum,2025-09-11,
P03063,Basic,2023-07-28,2025-05-27
P03063,Gold,2025-05-27,
P03064,Basic,2024-01-14,
P03065,Basic,2024-12-01,
P03066,Basic,2024-01-17,
P03067,Basic,2024-01-21,2025-10-08
P03067,Gold,2025-10-08,
P03068,Basic,2024-05-04,
P03069,Basic,2023-12-21,
P03070,Gold,2024-01-03,
P03071,Basic,2023-09-18,
P03072,Basic,2024-04-30,
P03073,Basic,2024-06-01,
P03074,Basic,2023-08-16,
P03075,Basic,2024-02-21,
P03076,Basic,2024-08-22,
P03077,Basic,2024-08-04,
P03078,Basic,2023-08-25,
P03079,Platinum,2024-06-10,
P03080,Basic,2023-03-20,
P03081,Basic,2023-11-21,
P03082,Basic,2023-06-17,
P03083,Basic,2023-10-08,2025-04-24
P03083,Gold,2025-04-24,
P03084,Basic,2023-06-24,
P03085,Basic,2024-02-13,2025-08-09
P03085,Gold,2025-08-09,
P03086,Basic,2024-11-11,2025-05-09
P03086,Gold,2025-05-09,
P03087,Platinum,2023-09-23,
P03088,Gold,2024-08-07,
P03089,Basic,2024-08-28,
P03090,Basic,2023-03-22,
P03091,Basic,2024-10-28,
P03092,Basic,2023-05-13,
P03093,Basic,2024-10-16,2025-05-19
P03093,Gold,2025-05-19,
P03094,Basic,2024-11-05,
P03095,Gold,2023-07-27,
P03096,Basic,2023-12-14,
P03097,Gold,2023-07-15,
P03098,Basic,2023-10-26,
P03099,Basic,2023-06-10,
P03100,Basic,2024-06-18,
P03101,Basic,2024-07-15,
P03102,Basic,2024-02-13,
P03103,Basic,2024-08-26,2025-03-03
P03103,Gold,2025-03-03,
P03104,Basic,2024-08-21,2025-10-08
P03104,Gold,2025-10-08,
P03105,Gold,2024-07-21,2025-03-04
P03105,Platinum,2025-03-04,
P03106,Basic,2023-09-11,
P03107,Gold,2024-05-20,
P03108,Basic,2023-03-04,
P03109,Gold,2023-12-27,2025-05-04
P03109,Platinum,2025-05-04,
P03110,Basic,2023-02-04,2025-06-07
P03110,Gold,2025-06-07,
P03111,Basic,2024-08-05,
P03112,Basic,2024-09-11,
P03113,Basic,2023-09-13,2025-06-28
P03113,Gold,2025-06-28,
P03114,Basic,2024-10-12,
P03115,Basic,2024-06-19,2025-04-03
P03115,Gold,2025-04-03,
P03116,Basic,2024-08-27,
P03117,Platinum,2024-06-13,
P03118,Basic,2024-10-08,
P03119,Basic,2024-10-23,
P03120,Basic,2024-03-15,
P03121,Basic,2024-07-23,2025-09-09
P03121,Gold,2025-09-09,
P03122,Basic,2024-11-29,
P03123,Basic,2023-06-11,
P03124,Basic,2023-09-25,
P03125,Basic,2023-12-26,2025-04-27
P03125,Gold,2025-04-27,
P03126,Gold,2024-04-10,
P03127,Basic,2023-03-12,2025-05-25
P03127,Gold,2025-05-25,
P03128,Basic,2024-09-26,
P03129,Basic,2024-05-28,
P03130,Basic,2023-06-09,
P03131,Basic,2024-01-06,
P03132,Basic,2023-05-09,2025-07-21
P03132,Gold,2025-07-21,
P03133,Gold,2023-08-07,2025-03-07
P03133,Platinum,2025-03-07,
P03134,Basic,2023-08-28,
P03135,Basic,2024-01-22,
P03136,Basic,2023-10-09,
P03137,Basic,2024-10-19,
P03138,Basic,2024-03-31,
P03139,Basic,2024-07-09,
P03140,Basic,2023-11-22,
P03141,Basic,2024-04-04,
P03142,Basic,2024-08-06,2025-08-04
P03142,Gold,2025-08-04,
P03143,Gold,2023-07-17,
P03144,Basic,2024-04-11,
P03145,Basic,2023-02-16,2025-10-21
P03145,Gold,2025-10-21,
P03146,Basic,2024-08-22,
P03147,Basic,2024-07-13,
P03148,Basic,2024-07-14,
P03149,Basic,2023-09-10,
P03150,Basic,2024-10-01,
P03151,Basic,2023-04-13,2025-10-15
P03151,Gold,2025-10-15,
P03152,Gold,2023-10-05,
P03153,Gold,2024-05-16,
P03154,Gold,2023-06-05,
P03155,Basic,2024-08-18,
P03156,Basic,2024-11-24,
P03157,Basic,2023-01-02,2025-08-18
P03157,Gold,2025-08-18,
P03158,Basic,2023-04-12,
P03159,Gold,2024-05-17,
P03160,Basic,2024-09-14,
P03161,Basic,2023-03-20,
P03162,Basic,2024-12-02,
P03163,Basic,2024-03-23,
P03164,Basic,2023-01-02,
P03165,Basic,2023-08-11,
P03166,Basic,2023-11-11,
P03167,Basic,2023-07-28,2025-07-11
P03167,Gold,2025-07-11,
P03168,Gold,2023-09-20,
P03169,Gold,2024-08-02,
P03170,Gold,2024-02-11,2025-09-25
P03170,Platinum,2025-09-25,
P03171,Basic,2023-11-22,
P03172,Basic,2023-12-04,
P03173,Basic,2023-03-02,2025-07-08
P03173,Gold,2025-07-08,
P03174,Gold,2024-06-01,
P03175,Gold,2024-09-02,
P03176,Basic,2023-03-03,
P03177,Basic,2023-08-14,
P03178,Gold,2024-09-29,
P03179,Basic,2023-09-06,2025-06-29
P03179,Gold,2025-06-29,
P03180,Gold,2023-07-16,
P03181,Basic,2024-01-01,
P03182,Basic,2023-09-13,
P03183,Basic,2023-08-17,
P03184,Basic,2023-09-11,2025-10-04
P03184,Gold,2025-10-04,
P03185,Basic,2023-10-09,
P03186,Basic,2023-01-26,
P03187,Basic,2023-12-25,
P03188,Basic,2024-06-04,
P03189,Basic,2023-10-22,
P03190,Basic,2024-07-24,
P03191,Basic,2024-10-06,2025-10-23
P03191,Gold,2025-10-23,
P03192,Basic,2023-06-13,
P03193,Basic,2023-04-30,
P03194,Gold,2024-07-29,2025-03-19
P03194,Platinum,2025-03-19,
P03195,Basic,2023-01-29,2025-04-18
P03195,Gold,2025-04-18,
P03196,Basic,2023-05-22,2025-08-02
P03196,Gold,2025-08-02,
P03197,Gold,2023-11-21,
P03198,Gold,2023-01-22,
P03199,Basic,2023-04-20,
P03200,Basic,2024-07-20,
P03201,Basic,2023-03-13,2025-05-19
P03201,Gold,2025-05-19,
P03202,Gold,2024-06-16,
P03203,Gold,2023-12-29,
P03204,Basic,2024-03-02,2025-06-24
P03204,Gold,2025-06-24,
P03205,Basic,2023-04-26,
P03206,Gold,2023-03-27,
P03207,Basic,2024-09-05,
P03208,Platinum,2023-09-01,
P03209,Basic,2024-03-21,
P03210,Basic,2024-05-11,2025-07-11
P03210,Gold,2025-07-11,
P03211,Basic,2023-02-09,
P03212,Gold,2023-05-13,
P03213,Basic,2023-05-07,
P03214,Basic,2023-12-08,
P03215,Basic,2023-12-12,
P03216,Basic,2024-02-22,2025-03-08
P03216,Gold,2025-03-08,
P03217,Basic,2023-01-16,2025-09-18
P03217,Gold,2025-09-18,
P03218,Basic,2023-03-07,2025-10-03
P03218,Gold,2025-10-03,
P03219,Basic,2024-06-24,
P03220,Basic,2024-01-09,
P03221,Basic,2024-09-04,2025-07-02
P03221,Gold,2025-07-02,
P03222,Basic,2023-01-30,
P03223,Gold,2024-11-20,
P03224,Basic,2024-01-03,
P03225,Basic,2024-11-25,
P03226,Basic,2023-11-12,
P03227,Basic,2023-10-18,2025-03-24
P03227,Gold,2025-03-24,
P03228,Basic,2023-03-09,2025-07-04
P03228,Gold,2025-07-04,
P03229,Basic,2024-10-18,
P03230,Basic,2024-10-07,
P03231,Basic,2024-02-25,
P03232,Gold,2024-04-15,
P03233,Basic,2024-05-21,
P03234,Basic,2024-04-03,
P03235,Basic,2023-02-27,
P03236,Basic,2023-02-18,
P03237,Basic,2024-07-28,
P03238,Basic,2024-09-12,
P03239,Basic,2024-08-08,
P03240,Gold,2023-08-04,
P03241,Basic,2023-09-30,2025-09-28
P03241,Gold,2025-09-28,
P03242,Basic,2024-08-01,
P03243,Basic,2023-03-12,
P03244,Basic,2023-11-28,
P03245,Basic,2023-02-16,2025-03-04
P03245,Gold,2025-03-04,
P03246,Basic,2023-09-16,
P03247,Gold,2024-04-18,
P03248,Basic,2023-11-24,2025-10-02
P03248,Gold,2025-10-02,
P03249,Gold,2024-01-18,
P03250,Platinum,2024-01-21,
P03251,Basic,2023-02-13,
P03252,Gold,2023-11-28,
P03253,Basic,2023-06-03,
P03254,Basic,2024-01-06,
P03255,Basic,2023-04-02,
P03256,Basic,2024-02-03,
P03257,Basic,2024-01-20,2025-04-14
P03257,Gold,2025-04-14,
P03258,Gold,2023-04-17,2025-07-25
P03258,Platinum,2025-07-25,
P03259,Basic,2023-06-23,
P03260,Platinum,2023-10-07,
P03261,Basic,2023-09-04,
P03262,Basic,2024-09-29,
P03263,Platinum,2024-05-12,
P03264,Basic,2023-10-04,2025-05-30
P03264,Gold,2025-05-30,
P03265,Basic,2023-06-06,
P03266,Basic,2024-09-24,2025-10-13
P03266,Gold,2025-10-13,
P03267,Basic,2023-02-18,
P03268,Gold,2023-04-25,
P03269,Basic,2024-11-15,
P03270,Basic,2023-02-19,
P03271,Basic,2023-08-13,
P03272,Basic,2023-04-02,
P03273,Gold,2023-01-22,2025-06-03
P03273,Platinum,2025-06-03,
P03274,Platinum,2023-03-06,
P03275,Basic,2023-09-19,
P03276,Basic,2024-01-04,
P03277,Basic,2023-09-15,
P03278,Gold,2024-11-18,2025-03-02
P03278,Platinum,2025-03-02,
P03279,Basic,2024-08-14,
P03280,Basic,2024-08-05,
P03281,Gold,2023-05-31,
P03282,Gold,2024-10-19,
P03283,Basic,2024-11-07,2025-05-14
P03283,Gold,2025-05-14,
P03284,Basic,2024-03-26,2025-10-11
P03284,Gold,2025-10-11,
P03285,Basic,2023-04-04,2025-07-05
P03285,Gold,2025-07-05,
P03286,Basic,2024-01-27,
P03287,Platinum,2024-03-10,
P03288,Basic,2024-10-02,2025-09-19
P03288,Gold,2025-09-19,
P03289,Basic,2024-01-22,
P03290,Basic,2024-08-29,
P03291,Basic,2024-02-29,
P03292,Basic,2023-02-20,
P03293,Basic,2023-08-03,
P03294,Gold,2023-11-24,
P03295,Basic,2024-07-02,
P03296,Basic,2024-09-03,2025-07-17
P03296,Gold,2025-07-17,
P03297,Basic,2024-05-22,
P03298,Basic,2024-04-16,
P03299,Basic,2023-05-19,
P03300,Basic,2024-09-29,
P03301,Basic,2023-11-16,2025-04-25
P03301,Gold,2025-04-25,
P03302,Gold,2024-03-18,
P03303,Basic,2024-04-09,
P03304,Gold,2024-04-14,
P03305,Basic,2023-03-17,2025-08-02
P03305,Gold,2025-08-02,
P03306,Basic,2023-10-29,
P03307,Basic,2023-04-13,2025-09-02
P03307,Gold,2025-09-02,
P03308,Basic,2024-01-10,
P03309,Basic,2024-05-08,
P03310,Gold,2023-05-27,2025-08-18
P03310,Platinum,2025-08-18,
P03311,Basic,2024-08-30,
P03312,Basic,2023-05-21,
P03313,Basic,2023-04-23,
P03314,Basic,2024-04-26,2025-04-12
P03314,Gold,2025-04-12,
P03315,Basic,2023-11-10,2025-07-21
P03315,Gold,2025-07-21,
P03316,Basic,2024-10-26,
P03317,Basic,2024-08-16,
P03318,Basic,2024-02-17,
P03319,Basic,2024-06-26,
P03320,Gold,2024-05-15,
P03321,Basic,2023-01-22,2025-07-10
P03321,Gold,2025-07-10,
P03322,Basic,2024-06-17,
P03323,Gold,2024-11-04,
P03324,Basic,2023-08-08,
P03325,Gold,2023-10-08,
P03326,Basic,2023-05-13,
P03327,Basic,2023-05-27,2025-07-12
P03327,Gold,2025-07-12,
P03328,Basic,2024-03-30,2025-03-17
P03328,Gold,2025-03-17,
P03329,Basic,2023-02-21,
P03330,Basic,2024-08-11,
P03331,Basic,2024-07-29,
P03332,Basic,2024-10-31,2025-09-10
P03332,Gold,2025-09-10,
P03333,Basic,2023-03-31,2025-04-14
P03333,Gold,2025-04-14,
P03334,Basic,2023-12-03,
P03335,Basic,2024-06-02,
P03336,Basic,2023-10-29,2025-06-10
P03336,Gold,2025-06-10,
P03337,Basic,2023-05-09,
P03338,Basic,2024-03-02,2025-09-26
P03338,Gold,2025-09-26,
P03339,Basic,2023-02-07,2025-07-30
P03339,Gold,2025-07-30,
P03340,Basic,2024-11-08,
P03341,Basic,2023-01-02,
P03342,Basic,2023-05-20,
P03343,Basic,2024-11-24,
P03344,Gold,2023-11-07,
P03345,Basic,2024-06-18,2025-10-21
P03345,Gold,2025-10-21,
P03346,Basic,2023-06-19,
P03347,Basic,2024-11-24,
P03348,Basic,2024-09-21,
P03349,Basic,2024-08-04,2025-09-27
P03349,Gold,2025-09-27,
P03350,Gold,2024-08-20,
P03351,Gold,2023-08-18,
P03352,Basic,2024-07-08,
P03353,Basic,2024-01-07,
P03354,Basic,2024-09-26,
P03355,Gold,2024-04-21,
P03356,Basic,2023-03-05,
P03357,Basic,2023-05-31,
P03358,Basic,2024-03-16,
P03359,Basic,2023-09-29,2025-03-05
P03359,Gold,2025-03-05,
P03360,Basic,2023-02-10,
P03361,Basic,2024-09-08,2025-07-20
P03361,Gold,2025-07-20,
P03362,Basic,2024-07-25,
P03363,Basic,2023-03-27,
P03364,Platinum,2023-05-13,
P03365,Platinum,2023-12-16,
P03366,Basic,2023-09-29,
P03367,Basic,2024-09-06,2025-03-04
P03367,Gold,2025-03-04,
P03368,Basic,2023-07-22,
P03369,Basic,2024-01-17,2025-09-01
P03369,Gold,2025-09-01,
P03370,Basic,2023-12-28,
P03371,Basic,2024-11-04,2025-05-18
P03371,Gold,2025-05-18,
P03372,Basic,2024-09-09,2025-10-02
P03372,Gold,2025-10-02,
P03373,Gold,2024-10-04,
P03374,Platinum,2024-01-15,
P03375,Basic,2024-02-20,
P03376,Basic,2023-07-13,
P03377,Platinum,2024-08-12,
P03378,Basic,2023-01-07,2025-05-28
P03378,Gold,2025-05-28,
P03379,Basic,2023-01-23,
P03380,Basic,2023-07-06,
P03381,Basic,2023-10-20,
P03382,Gold,2024-06-28,
P03383,Basic,2023-07-26,
P03384,Basic,2024-04-12,
P03385,Basic,2024-02-14,2025-08-16
P03385,Gold,2025-08-16,
P03386,Basic,2024-02-21,
P03387,Basic,2023-07-04,
P03388,Basic,2024-01-23,
P03389,Basic,2024-07-24,
P03390,Basic,2024-10-06,
P03391,Basic,2024-11-19,
P03392,Basic,2023-04-05,
P03393,Basic,2024-02-02,
P03394,Basic,2023-07-04,2025-04-10
P03394,Gold,2025-04-10,
P03395,Basic,2024-06-01,
P03396,Basic,2024-03-01,
P03397,Basic,2024-08-09,
P03398,Gold,2024-11-03,
P03399,Basic,2023-08-22,2025-03-19
P03399,Gold,2025-03-19,
P03400,Basic,2024-01-13,2025-08-02
P03400,Gold,2025-08-02,
P03401,Basic,2023-05-08,
P03402,Basic,2024-09-05,
P03403,Gold,2023-01-25,
P03404,Gold,2023-09-23,
P03405,Basic,2024-09-11,
P03406,Basic,2024-10-05,
P03407,Basic,2023-03-18,
P03408,Gold,2024-11-19,
P03409,Basic,2024-07-31,
P03410,Basic,2024-06-11,
P03411,Basic,2023-01-05,
P03412,Basic,2023-10-20,2025-05-07
P03412,Gold,2025-05-07,
P03413,Basic,2023-10-23,
P03414,Basic,2023-11-20,2025-10-10
P03414,Gold,2025-10-10,
P03415,Gold,2024-08-09,
P03416,Basic,2024-11-05,
P03417,Gold,2023-02-13,
P03418,Basic,2024-07-21,
P03419,Gold,2023-06-13,
P03420,Basic,2024-11-25,
P03421,Basic,2023-01-13,2025-04-16
P03421,Gold,2025-04-16,
P03422,Basic,2024-02-23,
P03423,Platinum,2024-09-23,
P03424,Basic,2023-05-12,
P03425,Gold,2024-03-19,
P03426,Gold,2023-11-08,2025-04-20
P03426,Platinum,2025-04-20,
P03427,Basic,2023-02-22,2025-03-06
P03427,Gold,2025-03-06,
P03428,Basic,2024-05-16,2025-04-04
P03428,Gold,2025-04-04,
P03429,Basic,2023-12-22,
P03430,Basic,2024-11-29,2025-07-25
P03430,Gold,2025-07-25,
P03431,Gold,2023-06-02,
P03432,Gold,2024-05-23,
P03433,Basic,2024-06-05,2025-08-24
P03433,Gold,2025-08-24,
P03434,Basic,2023-02-05,
P03435,Basic,2024-11-02,
P03436,Basic,2024-02-06,
P03437,Gold,2023-10-02,
P03438,Basic,2023-04-19,
P03439,Basic,2024-11-03,
P03440,Basic,2024-06-11,
P03441,Platinum,2024-10-08,
P03442,Basic,2024-11-20,
P03443,Basic,2024-04-22,2025-06-23
P03443,Gold,2025-06-23,
P03444,Basic,2024-06-09,2025-05-04
P03444,Gold,2025-05-04,
P03445,Platinum,2024-01-06,
P03446,Basic,2024-05-16,2025-05-09
P03446,Gold,2025-05-09,
P03447,Basic,2023-08-16,
P03448,Basic,2023-05-30,
P03449,Basic,2024-06-06,
P03450,Platinum,2023-07-06,
P03451,Basic,2024-05-29,
P03452,Basic,2023-01-27,
P03453,Basic,2024-02-14,
P03454,Basic,2024-07-09,
P03455,Basic,2023-05-09,
P03456,Basic,2023-06-26,2025-06-05
P03456,Gold,2025-06-05,
P03457,Basic,2024-08-11,
P03458,Basic,2024-06-10,
P03459,Gold,2024-11-16,
P03460,Basic,2023-09-09,2025-07-10
P03460,Gold,2025-07-10,
P03461,Basic,2024-08-13,2025-05-11
P03461,Gold,2025-05-11,
P03462,Basic,2024-02-06,
P03463,Gold,2024-04-07,
P03464,Gold,2023-05-10,
P03465,Gold,2023-03-06,
P03466,Basic,2024-01-06,2025-05-03
P03466,Gold,2025-05-03,
P03467,Gold,2023-07-28,
P03468,Basic,2024-11-23,
P03469,Basic,2023-09-16,2025-10-20
P03469,Gold,2025-10-20,
P03470,Basic,2024-06-15,
P03471,Basic,2023-02-09,
P03472,Basic,2024-03-09,
P03473,Basic,2024-01-01,2025-07-20
P03473,Gold,2025-07-20,
P03474,Basic,2023-07-25,
P03475,Basic,2023-04-13,
P03476,Platinum,2024-02-05,
P03477,Basic,2024-03-11,2025-09-02
P03477,Gold,2025-09-02,
P03478,Basic,2024-05-31,2025-03-17
P03478,Gold,2025-03-17,
P03479,Basic,2023-03-30,2025-06-28
P03479,Gold,2025-06-28,
P03480,Basic,2024-10-24,
P03481,Basic,2023-06-11,
P03482,Basic,2024-09-29,2025-07-25
P03482,Gold,2025-07-25,
P03483,Gold,2023-10-14,2025-05-03
P03483,Platinum,2025-05-03,
P03484,Basic,2024-04-13,
P03485,Basic,2023-12-04,
P03486,Basic,2024-04-28,2025-04-17
P03486,Gold,2025-04-17,
P03487,Basic,2024-04-27,
P03488,Basic,2024-01-15,
P03489,Gold,2024-06-11,2025-09-20
P03489,Platinum,2025-09-20,
P03490,Basic,2023-07-16,
P03491,Basic,2024-07-24,2025-09-04
P03491,Gold,2025-09-04,
P03492,Basic,2023-08-29,
P03493,Basic,2023-05-11,
P03494,Basic,2023-10-31,
P03495,Basic,2024-06-29,2025-05-26
P03495,Gold,2025-05-26,
P03496,Gold,2024-08-10,
P03497,Basic,2023-07-24,
P03498,Basic,2024-02-26,
P03499,Basic,2024-02-06,
P03500,Basic,2024-10-24,
P03501,Basic,2023-03-19,
P03502,Gold,2024-08-06,
P03503,Basic,2024-05-06,
P03504,Basic,2024-06-20,
P03505,Basic,2023-10-14,
P03506,Basic,2024-09-12,2025-06-05
P03506,Gold,2025-06-05,
P03507,Gold,2024-10-16,
P03508,Basic,2024-06-22,
P03509,Gold,2024-04-24,2025-04-14
P03509,Platinum,2025-04-14,
P03510,Gold,2023-12-22,
P03511,Basic,2023-07-22,
P03512,Basic,2023-06-08,
P03513,Basic,2024-02-12,
P03514,Basic,2023-02-16,
P03515,Basic,2023-11-29,2025-05-12
P03515,Gold,2025-05-12,
P03516,Basic,2024-11-10,
P03517,Basic,2023-11-24,
P03518,Basic,2023-12-20,
P03519,Gold,2024-10-16,
P03520,Basic,2024-04-09,
P03521,Basic,2023-12-14,
P03522,Gold,2024-04-23,
P03523,Gold,2024-01-08,
P03524,Basic,2024-10-03,
P03525,Basic,2023-10-24,
P03526,Basic,2023-01-20,
P03527,Gold,2024-03-21,2025-10-22
P03527,Platinum,2025-10-22,
P03528,Gold,2024-05-22,
P03529,Gold,2024-09-04,
P03530,Basic,2023-03-11,
P03531,Basic,2024-08-12,
P03532,Gold,2024-04-16,
P03533,Basic,2023-02-27,2025-05-28
P03533,Gold,2025-05-28,
P03534,Basic,2024-01-07,
P03535,Basic,2023-09-22,
P03536,Basic,2023-03-28,
P03537,Basic,2024-07-28,2025-04-18
P03537,Gold,2025-04-18,
P03538,Basic,2023-09-12,2025-10-12
P03538,Gold,2025-10-12,
P03539,Basic,2023-04-27,2025-03-15
P03539,Gold,2025-03-15,
P03540,Basic,2023-09-20,2025-04-20
P03540,Gold,2025-04-20,
P03541,Basic,2024-11-16,
P03542,Basic,2024-03-03,
P03543,Basic,2023-06-01,
P03544,Gold,2023-06-22,
P03545,Basic,2024-07-13,
P03546,Basic,2024-07-27,
P03547,Basic,2023-02-21,2025-05-13
P03547,Gold,2025-05-13,
P03548,Basic,2023-12-13,2025-06-13
P03548,Gold,2025-06-13,
P03549,Basic,2024-09-09,2025-05-25
P03549,Gold,2025-05-25,
P03550,Basic,2024-04-15,
P03551,Basic,2023-12-05,
P03552,Gold,2024-08-10,
P03553,Gold,2024-11-20,2025-08-09
P03553,Platinum,2025-08-09,
P03554,Basic,2023-05-28,
P03555,Gold,2023-06-23,2025-05-13
P03555,Platinum,2025-05-13,
P03556,Basic,2023-03-12,2025-08-30
P03556,Gold,2025-08-30,
P03557,Basic,2023-08-18,2025-08-09
P03557,Gold,2025-08-09,
P03558,Basic,2023-07-22,2025-07-30
P03558,Gold,2025-07-30,
P03559,Basic,2023-10-08,
P03560,Basic,2024-04-19,
P03561,Basic,2024-03-01,
P03562,Basic,2023-06-30,
P03563,Basic,2023-03-04,
P03564,Basic,2023-04-17,2025-09-23
P03564,Gold,2025-09-23,
P03565,Basic,2023-09-16,
P03566,Gold,2024-07-03,
P03567,Gold,2024-02-19,2025-08-14
P03567,Platinum,2025-08-14,
P03568,Basic,2024-03-24,
P03569,Gold,2024-02-02,
P03570,Basic,2023-04-13,
P03571,Basic,2023-03-10,
P03572,Gold,2023-05-21,
P03573,Basic,2023-04-14,
P03574,Basic,2023-04-17,
P03575,Gold,2024-04-17,2025-10-22
P03575,Platinum,2025-10-22,
P03576,Basic,2023-12-04,
P03577,Basic,2023-12-22,2025-04-20
P03577,Gold,2025-04-20,
P03578,Basic,2024-06-20,
P03579,Basic,2024-08-01,
P03580,Basic,2023-05-30,
P03581,Basic,2024-01-17,
P03582,Gold,2023-03-24,
P03583,Basic,2023-10-06,
P03584,Platinum,2023-04-08,
P03585,Basic,2024-01-24,2025-04-22
P03585,Gold,2025-04-22,
P03586,Basic,2023-08-22,
P03587,Basic,2024-08-04,
P03588,Gold,2024-08-04,
P03589,Basic,2024-08-16,
P03590,Basic,2024-09-26,2025-10-25
P03590,Gold,2025-10-25,
P03591,Basic,2023-11-27,2025-06-19
P03591,Gold,2025-06-19,
P03592,Basic,2024-02-02,
P03593,Gold,2024-09-29,
P03594,Basic,2024-10-30,
P03595,Basic,2023-03-09,
P03596,Basic,2024-02-28,
P03597,Basic,2023-08-25,
P03598,Basic,2023-08-08,
P03599,Gold,2023-03-29,
P03600,Platinum,2023-04-22,
P03601,Basic,2023-11-17,
P03602,Basic,2024-10-29,2025-09-07
P03602,Gold,2025-09-07,
P03603,Basic,2024-05-23,2025-04-30
P03603,Gold,2025-04-30,
P03604,Basic,2024-08-19,
P03605,Basic,2024-01-15,
P03606,Basic,2023-11-12,
P03607,Basic,2023-11-05,2025-06-03
P03607,Gold,2025-06-03,
P03608,Gold,2024-04-24,
P03609,Basic,2023-07-17,
P03610,Basic,2024-04-02,
P03611,Basic,2023-12-04,
P03612,Basic,2023-06-14,
P03613,Gold,2024-02-21,2025-04-30
P03613,Platinum,2025-04-30,
P03614,Gold,2023-11-22,2025-07-03
P03614,Platinum,2025-07-03,
P03615,Basic,2024-11-19,
P03616,Basic,2024-07-24,
P03617,Basic,2023-09-09,
P03618,Basic,2023-01-02,
P03619,Gold,2023-04-02,
P03620,Gold,2024-11-01,
P03621,Basic,2024-05-28,
P03622,Basic,2024-09-16,
P03623,Basic,2024-04-24,
P03624,Basic,2023-06-20,
P03625,Basic,2024-07-13,
P03626,Basic,2023-11-01,
P03627,Basic,2023-06-30,
P03628,Basic,2023-04-27,2025-06-14
P03628,Gold,2025-06-14,
P03629,Gold,2023-02-09,
P03630,Platinum,2024-02-27,
P03631,Basic,2023-08-18,2025-04-14
P03631,Gold,2025-04-14,
P03632,Basic,2024-11-17,
P03633,Basic,2024-10-11,2025-10-21
P03633,Gold,2025-10-21,
P03634,Basic,2023-02-01,
P03635,Basic,2024-06-06,
P03636,Basic,2024-05-07,
P03637,Platinum,2023-12-17,
P03638,Basic,2023-05-08,2025-03-26
P03638,Gold,2025-03-26,
P03639,Platinum,2023-05-07,
P03640,Gold,2024-07-04,
P03641,Basic,2023-04-03,
P03642,Basic,2024-06-11,
P03643,Basic,2023-07-27,
P03644,Gold,2023-11-09,2025-06-01
P03644,Platinum,2025-06-01,
P03645,Platinum,2024-09-06,
P03646,Gold,2024-03-30,
P03647,Basic,2023-07-09,2025-07-19
P03647,Gold,2025-07-19,
P03648,Basic,2023-08-04,
P03649,Basic,2024-06-10,
P03650,Basic,2023-07-17,2025-08-11
P03650,Gold,2025-08-11,
P03651,Basic,2023-09-26,
P03652,Basic,2023-12-14,
P03653,Basic,2023-08-05,
P03654,Platinum,2023-09-20,
P03655,Platinum,2024-11-21,
P03656,Platinum,2023-10-19,
P03657,Basic,2024-04-07,
P03658,Basic,2023-11-19,
P03659,Basic,2023-02-02,
P03660,Basic,2023-09-30,
P03661,Gold,2023-04-07,
P03662,Basic,2023-07-08,
P03663,Basic,2023-09-09,2025-06-18
P03663,Gold,2025-06-18,
P03664,Basic,2023-07-24,
P03665,Platinum,2024-01-28,
P03666,Basic,2023-08-13,2025-04-30
P03666,Gold,2025-04-30,
P03667,Basic,2023-06-16,
P03668,Basic,2024-10-08,
P03669,Basic,2023-07-16,
P03670,Basic,2024-09-03,
P03671,Basic,2024-04-04,
P03672,Basic,2023-11-23,2025-09-30
P03672,Gold,2025-09-30,
P03673,Basic,2023-03-31,
P03674,Basic,2023-10-06,2025-06-08
P03674,Gold,2025-06-08,
P03675,Gold,2024-11-14,
P03676,Basic,2023-02-16,2025-05-26
P03676,Gold,2025-05-26,
P03677,Basic,2024-10-04,
P03678,Platinum,2024-03-07,
P03679,Basic,2024-07-30,2025-04-01
P03679,Gold,2025-04-01,
P03680,Gold,2023-05-08,
P03681,Basic,2023-02-18,
P03682,Basic,2023-02-16,
P03683,Basic,2023-01-29,
P03684,Basic,2023-12-16,
P03685,Basic,2024-08-14,
P03686,Basic,2024-03-13,2025-10-13
P03686,Gold,2025-10-13,
P03687,Basic,2024-03-18,2025-07-06
P03687,Gold,2025-07-06,
P03688,Platinum,2023-06-15,
P03689,Basic,2024-10-22,
P03690,Basic,2023-10-09,
P03691,Basic,2023-03-29,
P03692,Basic,2023-05-24,
P03693,Basic,2024-02-20,
P03694,Basic,2024-06-22,
P03695,Basic,2024-02-11,
P03696,Basic,2024-01-07,
P03697,Basic,2024-04-19,
P03698,Basic,2024-01-21,
P03699,Basic,2023-05-31,2025-04-21
P03699,Gold,2025-04-21,
P03700,Platinum,2024-10-27,
P03701,Basic,2024-11-25,
P03702,Basic,2024-11-24,2025-04-24
P03702,Gold,2025-04-24,
P03703,Basic,2023-04-10,2025-06-05
P03703,Gold,2025-06-05,
P03704,Basic,2023-10-13,
P03705,Basic,2024-09-06,
P03706,Gold,2024-05-06,
P03707,Basic,2024-04-25,2025-08-25
P03707,Gold,2025-08-25,
P03708,Basic,2024-02-01,
P03709,Basic,2024-07-12,2025-03-24
P03709,Gold,2025-03-24,
P03710,Gold,2024-09-13,
P03711,Platinum,2023-08-31,
P03712,Basic,2024-03-30,2025-07-11
P03712,Gold,2025-07-11,
P03713,Gold,2024-06-02,
P03714,Gold,2023-09-10,
P03715,Gold,2024-08-01,
P03716,Basic,2024-05-22,2025-04-07
P03716,Gold,2025-04-07,
P03717,Basic,2024-08-03,
P03718,Basic,2023-09-14,
P03719,Basic,2024-11-23,
P03720,Basic,2024-04-24,
P03721,Basic,2023-04-04,
P03722,Basic,2023-10-04,2025-05-16
P03722,Gold,2025-05-16,
P03723,Basic,2024-05-05,2025-08-29
P03723,Gold,2025-08-29,
P03724,Gold,2023-08-24,
P03725,Basic,2023-03-14,
P03726,Platinum,2023-04-26,
P03727,Basic,2023-12-09,
P03728,Basic,2024-06-29,2025-04-14
P03728,Gold,2025-04-14,
P03729,Basic,2023-02-28,
P03730,Gold,2024-08-11,
P03731,Basic,2024-03-13,2025-03-08
P03731,Gold,2025-03-08,
P03732,Basic,2024-09-29,2025-04-14
P03732,Gold,2025-04-14,
P03733,Basic,2023-11-22,
P03734,Basic,2023-09-25,2025-06-13
P03734,Gold,2025-06-13,
P03735,Basic,2024-11-28,
P03736,Basic,2023-04-27,
P03737,Basic,2024-02-28,
P03738,Basic,2023-12-13,
P03739,Basic,2024-08-13,
P03740,Basic,2023-07-19,
P03741,Gold,2023-08-23,
P03742,Basic,2023-06-11,
P03743,Gold,2024-11-28,2025-05-31
P03743,Platinum,2025-05-31,
P03744,Gold,2024-04-02,
P03745,Basic,2024-07-15,
P03746,Basic,2023-05-28,2025-03-15
P03746,Gold,2025-03-15,
P03747,Basic,2023-08-07,
P03748,Basic,2024-05-30,
P03749,Basic,2024-06-09,2025-07-26
P03749,Gold,2025-07-26,
P03750,Basic,2023-06-04,
P03751,Basic,2024-03-01,
P03752,Basic,2023-06-27,2025-04-14
P03752,Gold,2025-04-14,
P03753,Basic,2023-04-04,2025-04-19
P03753,Gold,2025-04-19,
P03754,Gold,2023-01-12,
P03755,Basic,2024-04-22,2025-10-02
P03755,Gold,2025-10-02,
P03756,Gold,2023-01-03,
P03757,Basic,2023-06-02,
P03758,Basic,2023-10-14,
P03759,Basic,2023-08-13,
P03760,Platinum,2024-01-10,
P03761,Basic,2023-12-17,
P03762,Basic,2023-05-26,
P03763,Basic,2023-06-30,
P03764,Basic,2024-09-12,2025-08-07
P03764,Gold,2025-08-07,
P03765,Basic,2024-04-27,
P03766,Basic,2023-11-29,
P03767,Gold,2024-09-30,
P03768,Gold,2024-02-21,
P03769,Basic,2023-03-24,
P03770,Platinum,2023-10-18,
P03771,Platinum,2023-04-29,
P03772,Gold,2023-10-08,
P03773,Basic,2023-08-15,
P03774,Basic,2024-04-16,
P03775,Basic,2023-07-17,
P03776,Platinum,2024-02-15,
P03777,Basic,2023-10-29,
P03778,Basic,2023-02-20,
P03779,Gold,2023-06-28,
P03780,Basic,2023-02-26,2025-04-20
P03780,Gold,2025-04-20,
P03781,Gold,2023-03-22,
P03782,Basic,2024-06-03,
P03783,Basic,2023-05-09,
P03784,Gold,2024-03-11,
P03785,Basic,2024-10-16,
P03786,Gold,2024-09-22,2025-05-17
P03786,Platinum,2025-05-17,
P03787,Basic,2023-05-06,
P03788,Basic,2024-03-19,2025-04-20
P03788,Gold,2025-04-20,
P03789,Basic,2023-07-02,
P03790,Basic,2023-04-16,
P03791,Basic,2024-03-10,
P03792,Basic,2023-10-12,2025-03-22
P03792,Gold,2025-03-22,
P03793,Basic,2024-03-21,
P03794,Basic,2024-06-22,
P03795,Basic,2024-11-03,
P03796,Basic,2024-11-11,
P03797,Basic,2023-06-16,
P03798,Gold,2023-06-17,
P03799,Gold,2024-08-23,
P03800,Basic,2024-03-13,
P03801,Basic,2024-10-14,
P03802,Basic,2023-06-22,
P03803,Gold,2024-03-31,
P03804,Platinum,2024-11-30,
P03805,Gold,2023-03-24,
P03806,Gold,2024-01-06,
P03807,Basic,2024-08-26,
P03808,Basic,2024-04-01,
P03809,Basic,2023-06-06,
P03810,Gold,2023-07-08,2025-08-30
P03810,Platinum,2025-08-30,
P03811,Basic,2023-04-06,2025-07-06
P03811,Gold,2025-07-06,
P03812,Basic,2024-08-27,
P03813,Basic,2023-07-24,
P03814,Basic,2023-06-15,2025-04-07
P03814,Gold,2025-04-07,
P03815,Basic,2023-09-07,2025-04-19
P03815,Gold,2025-04-19,
P03816,Basic,2024-05-03,
P03817,Basic,2024-05-14,
P03818,Basic,2023-04-20,
P03819,Basic,2024-03-08,
P03820,Basic,2023-01-07,
P03821,Gold,2024-09-05,2025-03-28
P03821,Platinum,2025-03-28,
P03822,Basic,2024-09-05,2025-08-23
P03822,Gold,2025-08-23,
P03823,Basic,2024-07-09,
P03824,Basic,2024-04-15,
P03825,Platinum,2023-10-24,
P03826,Basic,2024-01-02,
P03827,Platinum,2023-05-17,
P03828,Basic,2023-06-11,
P03829,Basic,2023-11-19,
P03830,Basic,2024-07-08,2025-06-27
P03830,Gold,2025-06-27,
P03831,Gold,2024-02-02,
P03832,Gold,2023-09-15,2025-09-02
P03832,Platinum,2025-09-02,
P03833,Basic,2024-09-02,
P03834,Gold,2024-11-01,2025-09-06
P03834,Platinum,2025-09-06,
P03835,Basic,2024-11-10,
P03836,Basic,2023-09-15,
P03837,Basic,2024-04-09,
P03838,Basic,2023-09-13,2025-08-20
P03838,Gold,2025-08-20,
P03839,Basic,2024-02-10,
P03840,Basic,2023-10-06,
P03841,Platinum,2024-08-08,
P03842,Basic,2024-02-24,2025-10-01
P03842,Gold,2025-10-01,
P03843,Basic,2023-08-01,2025-10-13
P03843,Gold,2025-10-13,
P03844,Basic,2024-06-17,2025-03-11
P03844,Gold,2025-03-11,
P03845,Basic,2023-12-05,
P03846,Basic,2023-06-25,
P03847,Basic,2024-01-21,2025-04-30
P03847,Gold,2025-04-30,
P03848,Basic,2023-11-17,
P03849,Gold,2024-07-13,
P03850,Basic,2024-06-24,
P03851,Basic,2023-12-06,
P03852,Basic,2024-10-13,
P03853,Basic,2023-12-07,
P03854,Basic,2023-05-25,
P03855,Basic,2023-02-03,2025-06-23
P03855,Gold,2025-06-23,
P03856,Basic,2024-05-20,
P03857,Platinum,2023-05-15,
P03858,Basic,2023-10-12,
P03859,Platinum,2023-02-11,
P03860,Basic,2023-12-22,
P03861,Gold,2023-11-18,
P03862,Basic,2023-10-21,
P03863,Basic,2024-10-20,
P03864,Basic,2023-07-14,2025-08-02
P03864,Gold,2025-08-02,
P03865,Basic,2023-09-28,
P03866,Basic,2024-08-01,
P03867,Basic,2024-02-18,
P03868,Basic,2024-09-20,
P03869,Gold,2023-06-30,2025-08-29
P03869,Platinum,2025-08-29,
P03870,Basic,2023-02-17,2025-08-15
P03870,Gold,2025-08-15,
P03871,Basic,2023-06-15,
P03872,Gold,2023-09-19,
P03873,Basic,2024-08-28,
P03874,Gold,2023-10-25,
P03875,Basic,2024-06-07,
P03876,Basic,2023-09-28,
P03877,Basic,2023-04-26,
P03878,Basic,2023-09-03,
P03879,Basic,2023-02-08,
P03880,Gold,2023-03-13,
P03881,Basic,2024-10-18,
P03882,Gold,2024-09-01,
P03883,Basic,2023-07-15,
P03884,Basic,2024-05-15,2025-07-11
P03884,Gold,2025-07-11,
P03885,Gold,2023-02-27,
P03886,Basic,2024-07-17,2025-04-11
P03886,Gold,2025-04-11,
P03887,Basic,2023-09-26,2025-04-23
P03887,Gold,2025-04-23,
P03888,Basic,2023-10-21,2025-04-16
P03888,Gold,2025-04-16,
P03889,Basic,2023-04-08,2025-09-15
P03889,Gold,2025-09-15,
P03890,Basic,2024-03-28,2025-06-23
P03890,Gold,2025-06-23,
P03891,Basic,2023-03-20,
P03892,Basic,2023-03-02,
P03893,Basic,2024-10-05,
P03894,Basic,2024-03-26,
P03895,Gold,2023-12-19,
P03896,Platinum,2023-12-12,
P03897,Gold,2024-11-23,
P03898,Basic,2024-05-28,2025-05-13
P03898,Gold,2025-05-13,
P03899,Basic,2023-01-24,
P03900,Gold,2024-06-12,
P03901,Basic,2024-02-25,2025-03-15
P03901,Gold,2025-03-15,
P03902,Basic,2024-10-03,
P03903,Gold,2024-01-13,
P03904,Basic,2023-06-01,
P03905,Gold,2024-07-03,
P03906,Basic,2024-08-22,
P03907,Gold,2024-01-29,
P03908,Basic,2023-01-12,
P03909,Basic,2024-04-12,2025-08-27
P03909,Gold,2025-08-27,
P03910,Basic,2023-09-18,
P03911,Basic,2024-02-17,
P03912,Basic,2024-08-09,
P03913,Basic,2023-02-20,
P03914,Gold,2024-10-17,
P03915,Gold,2024-06-17,2025-03-10
P03915,Platinum,2025-03-10,
P03916,Basic,2023-04-23,
P03917,Basic,2023-03-18,
P03918,Basic,2024-09-19,
P03919,Gold,2024-05-26,2025-09-16
P03919,Platinum,2025-09-16,
P03920,Platinum,2023-06-27,
P03921,Basic,2023-05-21,
P03922,Basic,2024-04-06,2025-07-04
P03922,Gold,2025-07-04,
P03923,Basic,2023-03-24,2025-09-13
P03923,Gold,2025-09-13,
P03924,Basic,2024-10-29,2025-08-08
P03924,Gold,2025-08-08,
P03925,Basic,2023-05-31,
P03926,Basic,2023-10-31,
P03927,Gold,2023-06-09,
P03928,Gold,2023-11-21,
P03929,Gold,2024-02-23,
P03930,Gold,2023-10-17,
P03931,Basic,2024-03-22,2025-08-11
P03931,Gold,2025-08-11,
P03932,Basic,2024-02-10,
P03933,Basic,2023-05-24,
P03934,Basic,2024-10-11,
P03935,Basic,2024-07-06,
P03936,Basic,2023-05-09,
P03937,Basic,2023-02-23,2025-07-14
P03937,Gold,2025-07-14,
P03938,Basic,2023-10-31,
P03939,Basic,2023-07-04,
P03940,Basic,2023-08-01,
P03941,Basic,2023-02-01,
P03942,Basic,2023-02-26,
P03943,Basic,2023-06-01,
P03944,Basic,2024-10-31,
P03945,Basic,2023-10-10,
P03946,Basic,2024-03-20,
P03947,Basic,2024-06-05,
P03948,Basic,2024-07-22,
P03949,Basic,2024-06-22,2025-04-13
P03949,Gold,2025-04-13,
P03950,Basic,2023-11-22,
P03951,Gold,2023-03-23,2025-09-18
P03951,Platinum,2025-09-18,
P03952,Basic,2023-04-27,
P03953,Gold,2023-08-03,
P03954,Basic,2023-12-02,
P03955,Basic,2024-10-12,
P03956,Gold,2024-10-25,
P03957,Basic,2024-08-31,
P03958,Basic,2023-06-13,
P03959,Gold,2024-10-12,
P03960,Basic,2024-10-20,2025-06-12
P03960,Gold,2025-06-12,
P03961,Basic,2023-05-06,2025-08-17
P03961,Gold,2025-08-17,
P03962,Gold,2023-11-30,
P03963,Basic,2024-09-22,
P03964,Basic,2024-04-17,2025-06-01
P03964,Gold,2025-06-01,
P03965,Basic,2024-08-08,
P03966,Basic,2024-06-09,
P03967,Basic,2024-04-09,
P03968,Basic,2023-12-13,2025-07-31
P03968,Gold,2025-07-31,
P03969,Basic,2024-06-29,2025-07-22
P03969,Gold,2025-07-22,
P03970,Basic,2023-02-22,
P03971,Basic,2023-02-09,
P03972,Basic,2024-08-16,
P03973,Basic,2024-09-19,
P03974,Basic,2024-07-29,
P03975,Platinum,2023-12-20,
P03976,Basic,2023-07-20,
P03977,Basic,2024-08-11,
P03978,Basic,2023-03-18,2025-09-08
P03978,Gold,2025-09-08,
P03979,Gold,2024-10-28,
P03980,Gold,2024-09-22,
P03981,Gold,2023-01-15,
P03982,Basic,2023-08-10,
P03983,Basic,2024-10-18,2025-09-09
P03983,Gold,2025-09-09,
P03984,Basic,2023-05-29,
P03985,Basic,2023-04-29,
P03986,Basic,2023-09-14,
P03987,Basic,2024-03-21,
P03988,Basic,2024-06-07,2025-06-28
P03988,Gold,2025-06-28,
P03989,Platinum,2023-01-22,
P03990,Basic,2024-01-08,
P03991,Basic,2024-11-04,
P03992,Gold,2023-11-30,
P03993,Gold,2024-06-14,
P03994,Basic,2023-01-22,
P03995,Gold,2024-06-07,
P03996,Basic,2023-03-03,
P03997,Basic,2023-12-25,
P03998,Platinum,2023-04-23,
P03999,Basic,2023-09-28,
P04000,Basic,2023-03-17,
