trip_id,route_id,bus_fleet_id,scheduled_departure_ts,scheduled_arrival_ts
TRIP-000001,RTE-09,BUS-035,2025-03-22 06:00:00,2025-03-22 13:49:00
TRIP-000002,RTE-10,BUS-036,2025-03-22 18:00:00,2025-03-23 02:41:00
TRIP-000003,RTE-06,BUS-044,2025-12-08 06:00:00,2025-12-08 09:36:00
TRIP-000004,RTE-07,BUS-042,2025-12-08 12:00:00,2025-12-08 21:42:00
TRIP-000005,RTE-16,BUS-052,2025-02-08 18:00:00,2025-02-09 01:34:00
TRIP-000006,RTE-17,BUS-035,2025-02-09 06:00:00,2025-02-09 08:39:00
TRIP-000007,RTE-18,BUS-038,2025-02-09 12:00:00,2025-02-09 21:00:00
TRIP-000008,RTE-24,BUS-028,2025-12-08 06:00:00,2025-12-08 17:14:00
TRIP-000009,RTE-25,BUS-049,2025-12-08 18:00:00,2025-12-09 03:38:00
TRIP-000010,RTE-25,BUS-054,2025-06-08 06:00:00,2025-06-08 15:38:00
TRIP-000011,RTE-04,BUS-071,2025-10-08 12:00:00,2025-10-08 18:03:00
TRIP-000012,RTE-18,BUS-043,2025-06-08 12:00:00,2025-06-08 21:00:00
TRIP-000013,RTE-19,BUS-001,2025-06-09 00:00:00,2025-06-09 03:11:00
TRIP-000014,RTE-16,BUS-078,2025-04-08 12:00:00,2025-04-08 19:34:00
TRIP-000015,RTE-17,BUS-052,2025-04-09 00:00:00,2025-04-09 02:39:00
TRIP-000016,RTE-11,BUS-002,2025-05-22 06:00:00,2025-05-22 14:14:00
TRIP-000017,RTE-12,BUS-044,2025-05-22 18:00:00,2025-05-22 22:27:00
TRIP-000018,RTE-13,BUS-034,2025-05-23 00:00:00,2025-05-23 06:37:00
TRIP-000019,RTE-14,BUS-019,2025-04-08 06:00:00,2025-04-08 18:02:00
TRIP-000020,RTE-15,BUS-038,2025-04-08 18:00:00,2025-04-08 23:11:00
TRIP-000021,RTE-16,BUS-064,2025-04-09 00:00:00,2025-04-09 07:34:00
TRIP-000022,RTE-06,BUS-080,2025-06-08 18:00:00,2025-06-08 21:36:00
TRIP-000023,RTE-07,BUS-022,2025-06-09 00:00:00,2025-06-09 09:42:00
TRIP-000024,RTE-08,BUS-065,2025-06-09 12:00:00,2025-06-09 18:05:00
TRIP-000025,RTE-19,BUS-043,2025-10-08 18:00:00,2025-10-08 21:11:00
TRIP-000026,RTE-20,BUS-001,2025-10-09 00:00:00,2025-10-09 06:10:00
TRIP-000027,RTE-21,BUS-015,2025-10-09 06:00:00,2025-10-09 14:11:00
TRIP-000028,RTE-18,BUS-009,2025-07-08 12:00:00,2025-07-08 21:00:00
TRIP-000029,RTE-19,BUS-035,2025-07-09 00:00:00,2025-07-09 03:11:00
TRIP-000030,RTE-26,BUS-073,2025-10-08 06:00:00,2025-10-08 10:00:00
TRIP-000031,RTE-05,BUS-079,2025-10-08 12:00:00,2025-10-09 00:23:00
TRIP-000032,RTE-03,BUS-005,2025-12-22 18:00:00,2025-12-22 21:02:00
TRIP-000033,RTE-07,BUS-022,2025-06-22 12:00:00,2025-06-22 21:42:00
TRIP-000034,RTE-08,BUS-008,2025-06-23 00:00:00,2025-06-23 06:05:00
TRIP-000035,RTE-16,BUS-043,2025-07-22 18:00:00,2025-07-23 01:34:00
TRIP-000036,RTE-17,BUS-006,2025-07-23 06:00:00,2025-07-23 08:39:00
TRIP-000037,RTE-10,BUS-010,2025-02-22 12:00:00,2025-02-22 20:41:00
TRIP-000038,RTE-20,BUS-010,2025-06-08 18:00:00,2025-06-09 00:10:00
TRIP-000039,RTE-21,BUS-065,2025-06-09 00:00:00,2025-06-09 08:11:00
TRIP-000040,RTE-20,BUS-037,2025-07-08 12:00:00,2025-07-08 18:10:00
TRIP-000041,RTE-21,BUS-038,2025-07-08 18:00:00,2025-07-09 02:11:00
TRIP-000042,RTE-06,BUS-005,2025-12-22 06:00:00,2025-12-22 09:36:00
TRIP-000043,RTE-07,BUS-048,2025-12-22 12:00:00,2025-12-22 21:42:00
TRIP-000044,RTE-08,BUS-017,2025-12-23 00:00:00,2025-12-23 06:05:00
TRIP-000045,RTE-06,BUS-047,2025-03-22 06:00:00,2025-03-22 09:36:00
TRIP-000046,RTE-07,BUS-073,2025-03-22 12:00:00,2025-03-22 21:42:00
TRIP-000047,RTE-16,BUS-031,2025-07-08 12:00:00,2025-07-08 19:34:00
TRIP-000048,RTE-17,BUS-022,2025-07-09 00:00:00,2025-07-09 02:39:00
TRIP-000049,RTE-19,BUS-079,2025-07-22 06:00:00,2025-07-22 09:11:00
TRIP-000050,RTE-30,BUS-040,2025-07-22 12:00:00,2025-07-23 00:25:00
TRIP-000051,RTE-22,BUS-025,2025-06-22 06:00:00,2025-06-22 12:10:00
TRIP-000052,RTE-04,BUS-061,2025-02-22 18:00:00,2025-02-23 00:03:00
TRIP-000053,RTE-05,BUS-006,2025-02-23 00:00:00,2025-02-23 12:23:00
TRIP-000054,RTE-21,BUS-009,2025-09-08 18:00:00,2025-09-09 02:11:00
TRIP-000055,RTE-22,BUS-060,2025-09-09 06:00:00,2025-09-09 12:10:00
TRIP-000056,RTE-23,BUS-005,2025-09-09 12:00:00,2025-09-09 19:32:00
TRIP-000057,RTE-14,BUS-035,2025-07-08 12:00:00,2025-07-09 00:02:00
TRIP-000058,RTE-29,BUS-079,2025-07-09 00:00:00,2025-07-09 10:43:00
TRIP-000059,RTE-20,BUS-014,2025-07-09 12:00:00,2025-07-09 18:10:00
TRIP-000060,RTE-13,BUS-036,2025-04-22 18:00:00,2025-04-23 00:37:00
TRIP-000061,RTE-14,BUS-014,2025-04-23 06:00:00,2025-04-23 18:02:00
TRIP-000062,RTE-21,BUS-047,2025-09-08 12:00:00,2025-09-08 20:11:00
TRIP-000063,RTE-22,BUS-005,2025-09-09 00:00:00,2025-09-09 06:10:00
TRIP-000064,RTE-23,BUS-063,2025-09-09 06:00:00,2025-09-09 13:32:00
TRIP-000065,RTE-02,BUS-019,2025-07-08 12:00:00,2025-07-08 14:46:00
TRIP-000066,RTE-21,BUS-074,2025-06-08 06:00:00,2025-06-08 14:11:00
TRIP-000067,RTE-22,BUS-008,2025-06-08 18:00:00,2025-06-09 00:10:00
TRIP-000068,RTE-15,BUS-021,2025-12-08 12:00:00,2025-12-08 17:11:00
TRIP-000069,RTE-06,BUS-080,2025-11-22 06:00:00,2025-11-22 09:36:00
TRIP-000070,RTE-07,BUS-011,2025-11-22 12:00:00,2025-11-22 21:42:00
TRIP-000071,RTE-08,BUS-022,2025-11-23 00:00:00,2025-11-23 06:05:00
TRIP-000072,RTE-09,BUS-008,2025-02-08 06:00:00,2025-02-08 13:49:00
TRIP-000073,RTE-28,BUS-048,2025-02-08 18:00:00,2025-02-09 02:59:00
TRIP-000074,RTE-29,BUS-037,2025-02-09 06:00:00,2025-02-09 16:43:00
TRIP-000075,RTE-11,BUS-054,2025-10-08 18:00:00,2025-10-09 02:14:00
TRIP-000076,RTE-12,BUS-071,2025-10-09 06:00:00,2025-10-09 10:27:00
TRIP-000077,RTE-04,BUS-065,2025-02-22 12:00:00,2025-02-22 18:03:00
TRIP-000078,RTE-23,BUS-056,2025-01-08 18:00:00,2025-01-09 01:32:00
TRIP-000079,RTE-24,BUS-021,2025-01-09 06:00:00,2025-01-09 17:14:00
TRIP-000080,RTE-12,BUS-054,2025-04-22 12:00:00,2025-04-22 16:27:00
TRIP-000081,RTE-20,BUS-008,2025-11-22 12:00:00,2025-11-22 18:10:00
TRIP-000082,RTE-21,BUS-001,2025-11-22 18:00:00,2025-11-23 02:11:00
TRIP-000083,RTE-26,BUS-063,2025-06-08 12:00:00,2025-06-08 16:00:00
TRIP-000084,RTE-05,BUS-025,2025-06-08 18:00:00,2025-06-09 06:23:00
TRIP-000085,RTE-07,BUS-076,2025-12-22 18:00:00,2025-12-23 03:42:00
TRIP-000086,RTE-08,BUS-002,2025-12-23 06:00:00,2025-12-23 12:05:00
TRIP-000087,RTE-28,BUS-006,2025-05-22 18:00:00,2025-05-23 02:59:00
TRIP-000088,RTE-29,BUS-032,2025-05-23 06:00:00,2025-05-23 16:43:00
TRIP-000089,RTE-20,BUS-018,2025-05-23 18:00:00,2025-05-24 00:10:00
TRIP-000090,RTE-19,BUS-072,2025-07-08 06:00:00,2025-07-08 09:11:00
TRIP-000091,RTE-12,BUS-066,2025-12-22 18:00:00,2025-12-22 22:27:00
TRIP-000092,RTE-13,BUS-073,2025-12-23 00:00:00,2025-12-23 06:37:00
TRIP-000093,RTE-03,BUS-079,2025-11-22 12:00:00,2025-11-22 15:02:00
TRIP-000094,RTE-29,BUS-045,2025-06-22 06:00:00,2025-06-22 16:43:00
TRIP-000095,RTE-30,BUS-047,2025-06-22 18:00:00,2025-06-23 06:25:00
TRIP-000096,RTE-13,BUS-026,2025-11-08 06:00:00,2025-11-08 12:37:00
TRIP-000097,RTE-14,BUS-072,2025-11-08 18:00:00,2025-11-09 06:02:00
TRIP-000098,RTE-23,BUS-072,2025-12-08 12:00:00,2025-12-08 19:32:00
TRIP-000099,RTE-24,BUS-011,2025-12-09 00:00:00,2025-12-09 11:14:00
TRIP-000100,RTE-22,BUS-004,2025-01-08 12:00:00,2025-01-08 18:10:00
TRIP-000101,RTE-04,BUS-037,2025-07-08 12:00:00,2025-07-08 18:03:00
TRIP-000102,RTE-05,BUS-043,2025-07-08 18:00:00,2025-07-09 06:23:00
TRIP-000103,RTE-06,BUS-075,2025-07-09 06:00:00,2025-07-09 09:36:00
TRIP-000104,RTE-11,BUS-056,2025-10-08 06:00:00,2025-10-08 14:14:00
TRIP-000105,RTE-12,BUS-039,2025-10-08 18:00:00,2025-10-08 22:27:00
TRIP-000106,RTE-05,BUS-036,2025-08-08 18:00:00,2025-08-09 06:23:00
TRIP-000107,RTE-03,BUS-074,2025-07-08 18:00:00,2025-07-08 21:02:00
TRIP-000108,RTE-04,BUS-075,2025-07-09 00:00:00,2025-07-09 06:03:00
TRIP-000109,RTE-22,BUS-039,2025-03-08 06:00:00,2025-03-08 12:10:00
TRIP-000110,RTE-23,BUS-054,2025-03-08 12:00:00,2025-03-08 19:32:00
TRIP-000111,RTE-15,BUS-059,2025-11-08 06:00:00,2025-11-08 11:11:00
TRIP-000112,RTE-16,BUS-007,2025-11-08 12:00:00,2025-11-08 19:34:00
TRIP-000113,RTE-21,BUS-020,2025-07-22 12:00:00,2025-07-22 20:11:00
TRIP-000114,RTE-25,BUS-080,2025-07-22 18:00:00,2025-07-23 03:38:00
TRIP-000115,RTE-26,BUS-002,2025-07-23 06:00:00,2025-07-23 10:00:00
TRIP-000116,RTE-01,BUS-078,2025-03-08 12:00:00,2025-03-08 19:44:00
TRIP-000117,RTE-29,BUS-008,2025-07-08 12:00:00,2025-07-08 22:43:00
TRIP-000118,RTE-30,BUS-037,2025-07-09 00:00:00,2025-07-09 12:25:00
TRIP-000119,RTE-20,BUS-041,2025-07-22 06:00:00,2025-07-22 12:10:00
TRIP-000120,RTE-09,BUS-043,2025-11-08 06:00:00,2025-11-08 13:49:00
TRIP-000121,RTE-10,BUS-063,2025-11-08 18:00:00,2025-11-09 02:41:00
TRIP-000122,RTE-24,BUS-030,2025-10-22 06:00:00,2025-10-22 17:14:00
TRIP-000123,RTE-08,BUS-054,2025-06-08 12:00:00,2025-06-08 18:05:00
TRIP-000124,RTE-09,BUS-022,2025-06-08 18:00:00,2025-06-09 01:49:00
TRIP-000125,RTE-28,BUS-065,2025-06-09 06:00:00,2025-06-09 14:59:00
TRIP-000126,RTE-16,BUS-025,2025-06-08 12:00:00,2025-06-08 19:34:00
TRIP-000127,RTE-21,BUS-041,2025-07-08 06:00:00,2025-07-08 14:11:00
TRIP-000128,RTE-22,BUS-071,2025-07-08 18:00:00,2025-07-09 00:10:00
TRIP-000129,RTE-18,BUS-041,2025-09-22 12:00:00,2025-09-22 21:00:00
TRIP-000130,RTE-19,BUS-016,2025-09-23 00:00:00,2025-09-23 03:11:00
TRIP-000131,RTE-30,BUS-009,2025-09-23 06:00:00,2025-09-23 18:25:00
TRIP-000132,RTE-23,BUS-015,2025-04-08 06:00:00,2025-04-08 13:32:00
TRIP-000133,RTE-24,BUS-002,2025-04-08 18:00:00,2025-04-09 05:14:00
TRIP-000134,RTE-21,BUS-034,2025-08-08 12:00:00,2025-08-08 20:11:00
TRIP-000135,RTE-22,BUS-045,2025-08-09 00:00:00,2025-08-09 06:10:00
TRIP-000136,RTE-23,BUS-014,2025-08-09 06:00:00,2025-08-09 13:32:00
TRIP-000137,RTE-03,BUS-036,2025-12-22 06:00:00,2025-12-22 09:02:00
TRIP-000138,RTE-04,BUS-062,2025-12-22 12:00:00,2025-12-22 18:03:00
TRIP-000139,RTE-05,BUS-022,2025-12-22 18:00:00,2025-12-23 06:23:00
TRIP-000140,RTE-22,BUS-013,2025-12-22 06:00:00,2025-12-22 12:10:00
TRIP-000141,RTE-06,BUS-020,2025-06-08 06:00:00,2025-06-08 09:36:00
TRIP-000142,RTE-07,BUS-039,2025-06-08 12:00:00,2025-06-08 21:42:00
TRIP-000143,RTE-28,BUS-035,2025-09-08 06:00:00,2025-09-08 14:59:00
TRIP-000144,RTE-29,BUS-030,2025-09-08 18:00:00,2025-09-09 04:43:00
TRIP-000145,RTE-25,BUS-048,2025-01-08 06:00:00,2025-01-08 15:38:00
TRIP-000146,RTE-26,BUS-039,2025-01-08 18:00:00,2025-01-08 22:00:00
TRIP-000147,RTE-27,BUS-006,2025-01-09 00:00:00,2025-01-09 11:39:00
TRIP-000148,RTE-05,BUS-043,2025-10-08 06:00:00,2025-10-08 18:23:00
TRIP-000149,RTE-06,BUS-015,2025-10-08 18:00:00,2025-10-08 21:36:00
TRIP-000150,RTE-14,BUS-036,2025-07-22 06:00:00,2025-07-22 18:02:00
TRIP-000151,RTE-12,BUS-045,2025-07-08 18:00:00,2025-07-08 22:27:00
TRIP-000152,RTE-13,BUS-069,2025-07-09 00:00:00,2025-07-09 06:37:00
TRIP-000153,RTE-09,BUS-056,2025-06-08 06:00:00,2025-06-08 13:49:00
TRIP-000154,RTE-13,BUS-004,2025-10-22 06:00:00,2025-10-22 12:37:00
TRIP-000155,RTE-14,BUS-073,2025-10-22 18:00:00,2025-10-23 06:02:00
TRIP-000156,RTE-29,BUS-010,2025-10-23 06:00:00,2025-10-23 16:43:00
TRIP-000157,RTE-11,BUS-049,2025-11-22 12:00:00,2025-11-22 20:14:00
TRIP-000158,RTE-12,BUS-017,2025-11-23 00:00:00,2025-11-23 04:27:00
TRIP-000159,RTE-13,BUS-048,2025-11-23 06:00:00,2025-11-23 12:37:00
TRIP-000160,RTE-28,BUS-032,2025-07-22 12:00:00,2025-07-22 20:59:00
TRIP-000161,RTE-02,BUS-024,2025-06-08 12:00:00,2025-06-08 14:46:00
TRIP-000162,RTE-03,BUS-064,2025-06-08 18:00:00,2025-06-08 21:02:00
TRIP-000163,RTE-09,BUS-071,2025-06-22 12:00:00,2025-06-22 19:49:00
TRIP-000164,RTE-23,BUS-023,2025-10-08 06:00:00,2025-10-08 13:32:00
TRIP-000165,RTE-24,BUS-050,2025-10-08 18:00:00,2025-10-09 05:14:00
TRIP-000166,RTE-22,BUS-016,2025-06-22 12:00:00,2025-06-22 18:10:00
TRIP-000167,RTE-23,BUS-045,2025-06-22 18:00:00,2025-06-23 01:32:00
TRIP-000168,RTE-17,BUS-037,2025-06-22 12:00:00,2025-06-22 14:39:00
TRIP-000169,RTE-18,BUS-034,2025-06-22 18:00:00,2025-06-23 03:00:00
TRIP-000170,RTE-19,BUS-035,2025-06-23 06:00:00,2025-06-23 09:11:00
TRIP-000171,RTE-23,BUS-019,2025-07-09 00:00:00,2025-07-09 07:32:00
TRIP-000172,RTE-24,BUS-057,2025-07-09 12:00:00,2025-07-09 23:14:00
TRIP-000173,RTE-24,BUS-037,2025-05-22 18:00:00,2025-05-23 05:14:00
TRIP-000174,RTE-27,BUS-045,2025-12-22 18:00:00,2025-12-23 05:39:00
TRIP-000175,RTE-23,BUS-076,2025-12-22 18:00:00,2025-12-23 01:32:00
TRIP-000176,RTE-24,BUS-042,2025-12-23 06:00:00,2025-12-23 17:14:00
TRIP-000177,RTE-28,BUS-047,2025-08-08 12:00:00,2025-08-08 20:59:00
TRIP-000178,RTE-06,BUS-041,2025-08-08 12:00:00,2025-08-08 15:36:00
TRIP-000179,RTE-07,BUS-054,2025-08-08 18:00:00,2025-08-09 03:42:00
TRIP-000180,RTE-17,BUS-021,2025-08-22 18:00:00,2025-08-22 20:39:00
TRIP-000181,RTE-26,BUS-029,2025-06-22 18:00:00,2025-06-22 22:00:00
TRIP-000182,RTE-05,BUS-018,2025-06-23 00:00:00,2025-06-23 12:23:00
TRIP-000183,RTE-11,BUS-053,2025-11-08 18:00:00,2025-11-09 02:14:00
TRIP-000184,RTE-12,BUS-015,2025-11-09 06:00:00,2025-11-09 10:27:00
TRIP-000185,RTE-27,BUS-061,2025-07-08 12:00:00,2025-07-08 23:39:00
TRIP-000186,RTE-14,BUS-072,2025-10-08 18:00:00,2025-10-09 06:02:00
TRIP-000187,RTE-29,BUS-049,2025-10-09 06:00:00,2025-10-09 16:43:00
TRIP-000188,RTE-20,BUS-025,2025-10-09 18:00:00,2025-10-10 00:10:00
TRIP-000189,RTE-04,BUS-017,2025-07-08 06:00:00,2025-07-08 12:03:00
TRIP-000190,RTE-05,BUS-070,2025-07-08 12:00:00,2025-07-09 00:23:00
TRIP-000191,RTE-18,BUS-071,2025-06-22 12:00:00,2025-06-22 21:00:00
TRIP-000192,RTE-09,BUS-064,2025-11-22 18:00:00,2025-11-23 01:49:00
TRIP-000193,RTE-10,BUS-010,2025-11-23 06:00:00,2025-11-23 14:41:00
TRIP-000194,RTE-11,BUS-060,2025-11-23 18:00:00,2025-11-24 02:14:00
TRIP-000195,RTE-06,BUS-001,2025-02-22 06:00:00,2025-02-22 09:36:00
TRIP-000196,RTE-07,BUS-067,2025-02-22 12:00:00,2025-02-22 21:42:00
TRIP-000197,RTE-08,BUS-030,2025-02-23 00:00:00,2025-02-23 06:05:00
TRIP-000198,RTE-17,BUS-063,2025-11-22 06:00:00,2025-11-22 08:39:00
TRIP-000199,RTE-18,BUS-015,2025-11-22 12:00:00,2025-11-22 21:00:00
TRIP-000200,RTE-19,BUS-035,2025-11-23 00:00:00,2025-11-23 03:11:00
TRIP-000201,RTE-15,BUS-038,2025-07-08 06:00:00,2025-07-08 11:11:00
TRIP-000202,RTE-11,BUS-044,2025-06-22 18:00:00,2025-06-23 02:14:00
TRIP-000203,RTE-12,BUS-019,2025-06-23 06:00:00,2025-06-23 10:27:00
TRIP-000204,RTE-13,BUS-050,2025-06-23 12:00:00,2025-06-23 18:37:00
TRIP-000205,RTE-24,BUS-049,2025-07-08 12:00:00,2025-07-08 23:14:00
TRIP-000206,RTE-25,BUS-080,2025-07-09 00:00:00,2025-07-09 09:38:00
TRIP-000207,RTE-01,BUS-017,2025-07-09 12:00:00,2025-07-09 19:44:00
TRIP-000208,RTE-16,BUS-054,2025-12-08 18:00:00,2025-12-09 01:34:00
TRIP-000209,RTE-17,BUS-002,2025-12-09 06:00:00,2025-12-09 08:39:00
TRIP-000210,RTE-12,BUS-023,2025-07-22 18:00:00,2025-07-22 22:27:00
TRIP-000211,RTE-06,BUS-068,2025-12-22 18:00:00,2025-12-22 21:36:00
TRIP-000212,RTE-07,BUS-054,2025-12-23 00:00:00,2025-12-23 09:42:00
TRIP-000213,RTE-26,BUS-043,2025-12-08 12:00:00,2025-12-08 16:00:00
TRIP-000214,RTE-16,BUS-004,2025-01-08 12:00:00,2025-01-08 19:34:00
TRIP-000215,RTE-17,BUS-001,2025-01-09 00:00:00,2025-01-09 02:39:00
TRIP-000216,RTE-25,BUS-065,2025-06-08 12:00:00,2025-06-08 21:38:00
TRIP-000217,RTE-14,BUS-014,2025-10-22 12:00:00,2025-10-23 00:02:00
TRIP-000218,RTE-29,BUS-032,2025-10-23 00:00:00,2025-10-23 10:43:00
TRIP-000219,RTE-13,BUS-007,2025-09-08 18:00:00,2025-09-09 00:37:00
TRIP-000220,RTE-14,BUS-008,2025-09-09 06:00:00,2025-09-09 18:02:00
TRIP-000221,RTE-22,BUS-078,2025-01-08 06:00:00,2025-01-08 12:10:00
TRIP-000222,RTE-23,BUS-052,2025-01-08 12:00:00,2025-01-08 19:32:00
TRIP-000223,RTE-24,BUS-010,2025-01-09 00:00:00,2025-01-09 11:14:00
TRIP-000224,RTE-02,BUS-004,2025-06-08 06:00:00,2025-06-08 08:46:00
TRIP-000225,RTE-03,BUS-069,2025-06-08 12:00:00,2025-06-08 15:02:00
TRIP-000226,RTE-30,BUS-058,2025-08-08 12:00:00,2025-08-09 00:25:00
TRIP-000227,RTE-25,BUS-049,2025-08-09 00:00:00,2025-08-09 09:38:00
TRIP-000228,RTE-26,BUS-009,2025-08-09 12:00:00,2025-08-09 16:00:00
TRIP-000229,RTE-14,BUS-048,2025-06-08 18:00:00,2025-06-09 06:02:00
TRIP-000230,RTE-15,BUS-024,2025-06-09 06:00:00,2025-06-09 11:11:00
TRIP-000231,RTE-11,BUS-011,2025-09-08 12:00:00,2025-09-08 20:14:00
TRIP-000232,RTE-12,BUS-060,2025-09-09 00:00:00,2025-09-09 04:27:00
TRIP-000233,RTE-18,BUS-031,2025-02-08 06:00:00,2025-02-08 15:00:00
TRIP-000234,RTE-19,BUS-067,2025-02-08 18:00:00,2025-02-08 21:11:00
TRIP-000235,RTE-30,BUS-018,2025-02-09 00:00:00,2025-02-09 12:25:00
TRIP-000236,RTE-14,BUS-022,2025-05-08 18:00:00,2025-05-09 06:02:00
TRIP-000237,RTE-15,BUS-067,2025-05-09 06:00:00,2025-05-09 11:11:00
TRIP-000238,RTE-08,BUS-024,2025-10-22 06:00:00,2025-10-22 12:05:00
TRIP-000239,RTE-08,BUS-029,2025-07-08 12:00:00,2025-07-08 18:05:00
TRIP-000240,RTE-09,BUS-016,2025-07-08 18:00:00,2025-07-09 01:49:00
TRIP-000241,RTE-25,BUS-033,2025-08-22 06:00:00,2025-08-22 15:38:00
TRIP-000242,RTE-09,BUS-031,2025-10-22 18:00:00,2025-10-23 01:49:00
TRIP-000243,RTE-28,BUS-038,2025-10-23 06:00:00,2025-10-23 14:59:00
TRIP-000244,RTE-15,BUS-024,2025-09-22 18:00:00,2025-09-22 23:11:00
TRIP-000245,RTE-16,BUS-011,2025-09-23 00:00:00,2025-09-23 07:34:00
TRIP-000246,RTE-17,BUS-026,2025-09-23 12:00:00,2025-09-23 14:39:00
TRIP-000247,RTE-13,BUS-048,2025-08-08 18:00:00,2025-08-09 00:37:00
TRIP-000248,RTE-14,BUS-067,2025-01-22 12:00:00,2025-01-23 00:02:00
TRIP-000249,RTE-15,BUS-057,2025-01-23 00:00:00,2025-01-23 05:11:00
TRIP-000250,RTE-16,BUS-025,2025-01-23 06:00:00,2025-01-23 13:34:00
TRIP-000251,RTE-16,BUS-009,2025-10-08 12:00:00,2025-10-08 19:34:00
TRIP-000252,RTE-17,BUS-071,2025-10-09 00:00:00,2025-10-09 02:39:00
TRIP-000253,RTE-18,BUS-037,2025-10-09 06:00:00,2025-10-09 15:00:00
TRIP-000254,RTE-20,BUS-054,2025-06-22 12:00:00,2025-06-22 18:10:00
TRIP-000255,RTE-21,BUS-013,2025-06-22 18:00:00,2025-06-23 02:11:00
TRIP-000256,RTE-24,BUS-032,2025-06-22 12:00:00,2025-06-22 23:14:00
TRIP-000257,RTE-25,BUS-009,2025-06-23 00:00:00,2025-06-23 09:38:00
TRIP-000258,RTE-12,BUS-032,2025-07-08 12:00:00,2025-07-08 16:27:00
TRIP-000259,RTE-13,BUS-074,2025-07-08 18:00:00,2025-07-09 00:37:00
TRIP-000260,RTE-21,BUS-035,2025-12-08 12:00:00,2025-12-08 20:11:00
TRIP-000261,RTE-11,BUS-041,2025-12-08 12:00:00,2025-12-08 20:14:00
TRIP-000262,RTE-12,BUS-041,2025-12-09 00:00:00,2025-12-09 04:27:00
TRIP-000263,RTE-13,BUS-059,2025-12-09 06:00:00,2025-12-09 12:37:00
TRIP-000264,RTE-23,BUS-020,2025-01-08 06:00:00,2025-01-08 13:32:00
TRIP-000265,RTE-24,BUS-020,2025-01-08 18:00:00,2025-01-09 05:14:00
TRIP-000266,RTE-02,BUS-058,2025-09-22 12:00:00,2025-09-22 14:46:00
TRIP-000267,RTE-14,BUS-008,2025-03-08 06:00:00,2025-03-08 18:02:00
TRIP-000268,RTE-21,BUS-078,2025-11-22 12:00:00,2025-11-22 20:11:00
TRIP-000269,RTE-26,BUS-073,2025-05-22 06:00:00,2025-05-22 10:00:00
TRIP-000270,RTE-27,BUS-029,2025-05-22 12:00:00,2025-05-22 23:39:00
TRIP-000271,RTE-11,BUS-036,2025-06-22 12:00:00,2025-06-22 20:14:00
TRIP-000272,RTE-12,BUS-054,2025-06-23 00:00:00,2025-06-23 04:27:00
TRIP-000273,RTE-13,BUS-034,2025-06-23 06:00:00,2025-06-23 12:37:00
TRIP-000274,RTE-12,BUS-011,2025-10-08 12:00:00,2025-10-08 16:27:00
TRIP-000275,RTE-13,BUS-059,2025-10-08 18:00:00,2025-10-09 00:37:00
TRIP-000276,RTE-03,BUS-010,2025-07-22 06:00:00,2025-07-22 09:02:00
TRIP-000277,RTE-13,BUS-025,2025-07-23 00:00:00,2025-07-23 06:37:00
TRIP-000278,RTE-08,BUS-001,2025-07-08 06:00:00,2025-07-08 12:05:00
TRIP-000279,RTE-09,BUS-049,2025-07-08 12:00:00,2025-07-08 19:49:00
TRIP-000280,RTE-02,BUS-019,2025-01-08 18:00:00,2025-01-08 20:46:00
TRIP-000281,RTE-03,BUS-020,2025-01-09 00:00:00,2025-01-09 03:02:00
TRIP-000282,RTE-28,BUS-053,2025-07-08 06:00:00,2025-07-08 14:59:00
TRIP-000283,RTE-15,BUS-079,2025-07-08 18:00:00,2025-07-08 23:11:00
TRIP-000284,RTE-28,BUS-048,2025-08-08 18:00:00,2025-08-09 02:59:00
TRIP-000285,RTE-26,BUS-069,2025-06-22 06:00:00,2025-06-22 10:00:00
TRIP-000286,RTE-05,BUS-024,2025-06-22 12:00:00,2025-06-23 00:23:00
TRIP-000287,RTE-19,BUS-071,2025-01-08 18:00:00,2025-01-08 21:11:00
TRIP-000288,RTE-20,BUS-004,2025-01-09 00:00:00,2025-01-09 06:10:00
TRIP-000289,RTE-21,BUS-041,2025-01-09 06:00:00,2025-01-09 14:11:00
TRIP-000290,RTE-11,BUS-069,2025-12-22 12:00:00,2025-12-22 20:14:00
TRIP-000291,RTE-12,BUS-021,2025-12-23 00:00:00,2025-12-23 04:27:00
TRIP-000292,RTE-13,BUS-075,2025-12-23 06:00:00,2025-12-23 12:37:00
TRIP-000293,RTE-05,BUS-002,2025-08-22 18:00:00,2025-08-23 06:23:00
TRIP-000294,RTE-24,BUS-017,2025-03-09 00:00:00,2025-03-09 11:14:00
TRIP-000295,RTE-25,BUS-072,2025-03-09 12:00:00,2025-03-09 21:38:00
TRIP-000296,RTE-11,BUS-040,2025-04-08 18:00:00,2025-04-09 02:14:00
TRIP-000297,RTE-12,BUS-063,2025-04-09 06:00:00,2025-04-09 10:27:00
TRIP-000298,RTE-17,BUS-022,2025-01-08 06:00:00,2025-01-08 08:39:00
TRIP-000299,RTE-18,BUS-052,2025-01-08 12:00:00,2025-01-08 21:00:00
TRIP-000300,RTE-15,BUS-013,2025-11-08 12:00:00,2025-11-08 17:11:00
TRIP-000301,RTE-12,BUS-048,2025-12-08 18:00:00,2025-12-08 22:27:00
TRIP-000302,RTE-13,BUS-018,2025-12-09 00:00:00,2025-12-09 06:37:00
TRIP-000303,RTE-16,BUS-038,2025-10-22 06:00:00,2025-10-22 13:34:00
TRIP-000304,RTE-17,BUS-040,2025-10-22 18:00:00,2025-10-22 20:39:00
TRIP-000305,RTE-18,BUS-025,2025-10-23 00:00:00,2025-10-23 09:00:00
TRIP-000306,RTE-14,BUS-038,2025-07-22 18:00:00,2025-07-23 06:02:00
TRIP-000307,RTE-15,BUS-070,2025-07-23 06:00:00,2025-07-23 11:11:00
TRIP-000308,RTE-16,BUS-013,2025-07-23 12:00:00,2025-07-23 19:34:00
TRIP-000309,RTE-09,BUS-047,2025-09-08 18:00:00,2025-09-09 01:49:00
TRIP-000310,RTE-06,BUS-023,2025-12-23 06:00:00,2025-12-23 09:36:00
TRIP-000311,RTE-26,BUS-030,2025-05-08 06:00:00,2025-05-08 10:00:00
TRIP-000312,RTE-27,BUS-023,2025-05-08 12:00:00,2025-05-08 23:39:00
TRIP-000313,RTE-29,BUS-067,2025-10-08 12:00:00,2025-10-08 22:43:00
TRIP-000314,RTE-08,BUS-034,2025-12-22 12:00:00,2025-12-22 18:05:00
TRIP-000315,RTE-09,BUS-066,2025-12-22 18:00:00,2025-12-23 01:49:00
TRIP-000316,RTE-10,BUS-022,2025-12-23 06:00:00,2025-12-23 14:41:00
TRIP-000317,RTE-11,BUS-015,2025-07-08 12:00:00,2025-07-08 20:14:00
TRIP-000318,RTE-12,BUS-058,2025-07-09 00:00:00,2025-07-09 04:27:00
TRIP-000319,RTE-25,BUS-054,2025-07-23 00:00:00,2025-07-23 09:38:00
TRIP-000320,RTE-26,BUS-013,2025-07-23 12:00:00,2025-07-23 16:00:00
TRIP-000321,RTE-09,BUS-005,2025-12-22 12:00:00,2025-12-22 19:49:00
TRIP-000322,RTE-20,BUS-006,2025-11-23 06:00:00,2025-11-23 12:10:00
TRIP-000323,RTE-23,BUS-062,2025-04-22 12:00:00,2025-04-22 19:32:00
TRIP-000324,RTE-24,BUS-034,2025-04-23 00:00:00,2025-04-23 11:14:00
TRIP-000325,RTE-07,BUS-023,2025-01-08 06:00:00,2025-01-08 15:42:00
TRIP-000326,RTE-08,BUS-077,2025-01-08 18:00:00,2025-01-09 00:05:00
TRIP-000327,RTE-28,BUS-018,2025-06-22 06:00:00,2025-06-22 14:59:00
TRIP-000328,RTE-29,BUS-009,2025-06-22 18:00:00,2025-06-23 04:43:00
TRIP-000329,RTE-27,BUS-005,2025-10-22 12:00:00,2025-10-22 23:39:00
TRIP-000330,RTE-10,BUS-079,2025-12-22 12:00:00,2025-12-22 20:41:00
TRIP-000331,RTE-11,BUS-026,2025-12-23 00:00:00,2025-12-23 08:14:00
TRIP-000332,RTE-04,BUS-071,2025-11-22 18:00:00,2025-11-23 00:03:00
TRIP-000333,RTE-13,BUS-047,2025-03-22 18:00:00,2025-03-23 00:37:00
TRIP-000334,RTE-14,BUS-036,2025-03-23 06:00:00,2025-03-23 18:02:00
TRIP-000335,RTE-21,BUS-066,2025-10-22 12:00:00,2025-10-22 20:11:00
TRIP-000336,RTE-22,BUS-052,2025-10-23 00:00:00,2025-10-23 06:10:00
TRIP-000337,RTE-02,BUS-061,2025-08-22 12:00:00,2025-08-22 14:46:00
TRIP-000338,RTE-03,BUS-020,2025-08-22 18:00:00,2025-08-22 21:02:00
TRIP-000339,RTE-13,BUS-039,2025-06-22 06:00:00,2025-06-22 12:37:00
TRIP-000340,RTE-14,BUS-048,2025-06-22 18:00:00,2025-06-23 06:02:00
TRIP-000341,RTE-07,BUS-037,2025-04-08 06:00:00,2025-04-08 15:42:00
TRIP-000342,RTE-08,BUS-078,2025-04-08 18:00:00,2025-04-09 00:05:00
TRIP-000343,RTE-22,BUS-052,2025-12-09 00:00:00,2025-12-09 06:10:00
TRIP-000344,RTE-29,BUS-080,2025-06-08 06:00:00,2025-06-08 16:43:00
TRIP-000345,RTE-30,BUS-020,2025-06-08 18:00:00,2025-06-09 06:25:00
TRIP-000346,RTE-25,BUS-068,2025-06-09 06:00:00,2025-06-09 15:38:00
TRIP-000347,RTE-03,BUS-008,2025-09-22 18:00:00,2025-09-22 21:02:00
TRIP-000348,RTE-04,BUS-078,2025-09-23 00:00:00,2025-09-23 06:03:00
TRIP-000349,RTE-16,BUS-063,2025-06-09 12:00:00,2025-06-09 19:34:00
TRIP-000350,RTE-19,BUS-020,2025-11-08 12:00:00,2025-11-08 15:11:00
TRIP-000351,RTE-02,BUS-007,2025-02-22 12:00:00,2025-02-22 14:46:00
TRIP-000352,RTE-03,BUS-047,2025-02-22 18:00:00,2025-02-22 21:02:00
TRIP-000353,RTE-06,BUS-063,2025-11-22 12:00:00,2025-11-22 15:36:00
TRIP-000354,RTE-07,BUS-015,2025-11-22 18:00:00,2025-11-23 03:42:00
TRIP-000355,RTE-27,BUS-023,2025-08-22 06:00:00,2025-08-22 17:39:00
TRIP-000356,RTE-10,BUS-079,2025-08-22 18:00:00,2025-08-23 02:41:00
TRIP-000357,RTE-11,BUS-058,2025-08-23 06:00:00,2025-08-23 14:14:00
TRIP-000358,RTE-22,BUS-005,2025-09-22 12:00:00,2025-09-22 18:10:00
TRIP-000359,RTE-09,BUS-028,2025-06-08 12:00:00,2025-06-08 19:49:00
TRIP-000360,RTE-10,BUS-040,2025-06-09 00:00:00,2025-06-09 08:41:00
TRIP-000361,RTE-11,BUS-024,2025-07-22 12:00:00,2025-07-22 20:14:00
TRIP-000362,RTE-12,BUS-071,2025-07-23 00:00:00,2025-07-23 04:27:00
TRIP-000363,RTE-26,BUS-035,2025-06-08 18:00:00,2025-06-08 22:00:00
TRIP-000364,RTE-05,BUS-025,2025-06-09 00:00:00,2025-06-09 12:23:00
TRIP-000365,RTE-06,BUS-039,2025-06-09 12:00:00,2025-06-09 15:36:00
TRIP-000366,RTE-17,BUS-075,2025-07-08 12:00:00,2025-07-08 14:39:00
TRIP-000367,RTE-18,BUS-015,2025-07-08 18:00:00,2025-07-09 03:00:00
TRIP-000368,RTE-22,BUS-063,2025-07-23 00:00:00,2025-07-23 06:10:00
TRIP-000369,RTE-23,BUS-025,2025-07-23 06:00:00,2025-07-23 13:32:00
TRIP-000370,RTE-13,BUS-070,2025-06-22 12:00:00,2025-06-22 18:37:00
TRIP-000371,RTE-14,BUS-026,2025-06-23 00:00:00,2025-06-23 12:02:00
TRIP-000372,RTE-17,BUS-060,2025-07-22 12:00:00,2025-07-22 14:39:00
TRIP-000373,RTE-06,BUS-077,2025-12-22 12:00:00,2025-12-22 15:36:00
TRIP-000374,RTE-26,BUS-078,2025-12-08 06:00:00,2025-12-08 10:00:00
TRIP-000375,RTE-07,BUS-060,2025-07-08 12:00:00,2025-07-08 21:42:00
TRIP-000376,RTE-08,BUS-074,2025-07-09 00:00:00,2025-07-09 06:05:00
TRIP-000377,RTE-12,BUS-009,2025-09-22 06:00:00,2025-09-22 10:27:00
TRIP-000378,RTE-12,BUS-070,2025-12-23 12:00:00,2025-12-23 16:27:00
TRIP-000379,RTE-23,BUS-045,2025-04-22 18:00:00,2025-04-23 01:32:00
TRIP-000380,RTE-24,BUS-024,2025-04-23 06:00:00,2025-04-23 17:14:00
TRIP-000381,RTE-09,BUS-008,2025-10-22 06:00:00,2025-10-22 13:49:00
TRIP-000382,RTE-18,BUS-008,2025-07-22 18:00:00,2025-07-23 03:00:00
TRIP-000383,RTE-29,BUS-053,2025-04-08 18:00:00,2025-04-09 04:43:00
TRIP-000384,RTE-30,BUS-067,2025-04-09 06:00:00,2025-04-09 18:25:00
TRIP-000385,RTE-13,BUS-047,2025-08-22 12:00:00,2025-08-22 18:37:00
TRIP-000386,RTE-14,BUS-017,2025-08-23 00:00:00,2025-08-23 12:02:00
TRIP-000387,RTE-22,BUS-017,2025-12-08 18:00:00,2025-12-09 00:10:00
TRIP-000388,RTE-23,BUS-008,2025-12-09 00:00:00,2025-12-09 07:32:00
TRIP-000389,RTE-24,BUS-042,2025-12-09 12:00:00,2025-12-09 23:14:00
TRIP-000390,RTE-13,BUS-020,2025-01-08 12:00:00,2025-01-08 18:37:00
TRIP-000391,RTE-13,BUS-075,2025-07-08 06:00:00,2025-07-08 12:37:00
TRIP-000392,RTE-14,BUS-048,2025-07-08 18:00:00,2025-07-09 06:02:00
TRIP-000393,RTE-15,BUS-060,2025-07-09 06:00:00,2025-07-09 11:11:00
TRIP-000394,RTE-06,BUS-035,2025-06-08 12:00:00,2025-06-08 15:36:00
TRIP-000395,RTE-07,BUS-053,2025-06-08 18:00:00,2025-06-09 03:42:00
TRIP-000396,RTE-24,BUS-019,2025-09-22 12:00:00,2025-09-22 23:14:00
TRIP-000397,RTE-25,BUS-072,2025-09-23 00:00:00,2025-09-23 09:38:00
TRIP-000398,RTE-21,BUS-013,2025-12-08 06:00:00,2025-12-08 14:11:00
TRIP-000399,RTE-16,BUS-078,2025-11-22 12:00:00,2025-11-22 19:34:00
TRIP-000400,RTE-17,BUS-045,2025-11-23 00:00:00,2025-11-23 02:39:00
TRIP-000401,RTE-02,BUS-068,2025-09-08 12:00:00,2025-09-08 14:46:00
TRIP-000402,RTE-03,BUS-036,2025-09-08 18:00:00,2025-09-08 21:02:00
TRIP-000403,RTE-04,BUS-050,2025-09-09 00:00:00,2025-09-09 06:03:00
TRIP-000404,RTE-21,BUS-056,2025-06-22 06:00:00,2025-06-22 14:11:00
TRIP-000405,RTE-22,BUS-001,2025-06-22 18:00:00,2025-06-23 00:10:00
TRIP-000406,RTE-28,BUS-062,2025-09-08 18:00:00,2025-09-09 02:59:00
TRIP-000407,RTE-15,BUS-010,2025-09-09 06:00:00,2025-09-09 11:11:00
TRIP-000408,RTE-16,BUS-056,2025-06-08 06:00:00,2025-06-08 13:34:00
TRIP-000409,RTE-30,BUS-035,2025-06-08 06:00:00,2025-06-08 18:25:00
TRIP-000410,RTE-25,BUS-008,2025-06-08 18:00:00,2025-06-09 03:38:00
TRIP-000411,RTE-26,BUS-019,2025-06-09 06:00:00,2025-06-09 10:00:00
TRIP-000412,RTE-03,BUS-057,2025-02-08 06:00:00,2025-02-08 09:02:00
TRIP-000413,RTE-24,BUS-014,2025-11-22 12:00:00,2025-11-22 23:14:00
TRIP-000414,RTE-25,BUS-029,2025-11-23 00:00:00,2025-11-23 09:38:00
TRIP-000415,RTE-01,BUS-008,2025-11-23 12:00:00,2025-11-23 19:44:00
TRIP-000416,RTE-17,BUS-025,2025-07-22 18:00:00,2025-07-22 20:39:00
TRIP-000417,RTE-18,BUS-076,2025-07-23 00:00:00,2025-07-23 09:00:00
TRIP-000418,RTE-19,BUS-025,2025-07-23 12:00:00,2025-07-23 15:11:00
TRIP-000419,RTE-12,BUS-035,2025-03-08 06:00:00,2025-03-08 10:27:00
TRIP-000420,RTE-13,BUS-060,2025-03-08 12:00:00,2025-03-08 18:37:00
TRIP-000421,RTE-14,BUS-073,2025-05-22 06:00:00,2025-05-22 18:02:00
TRIP-000422,RTE-29,BUS-039,2025-05-22 18:00:00,2025-05-23 04:43:00
TRIP-000423,RTE-04,BUS-026,2025-08-08 12:00:00,2025-08-08 18:03:00
TRIP-000424,RTE-14,BUS-038,2025-08-22 18:00:00,2025-08-23 06:02:00
TRIP-000425,RTE-05,BUS-066,2025-08-22 12:00:00,2025-08-23 00:23:00
TRIP-000426,RTE-06,BUS-033,2025-08-23 00:00:00,2025-08-23 03:36:00
TRIP-000427,RTE-19,BUS-039,2025-07-09 06:00:00,2025-07-09 09:11:00
TRIP-000428,RTE-18,BUS-015,2025-06-08 06:00:00,2025-06-08 15:00:00
TRIP-000429,RTE-19,BUS-026,2025-06-08 18:00:00,2025-06-08 21:11:00
TRIP-000430,RTE-30,BUS-068,2025-06-09 00:00:00,2025-06-09 12:25:00
TRIP-000431,RTE-08,BUS-017,2025-09-08 18:00:00,2025-09-09 00:05:00
TRIP-000432,RTE-09,BUS-004,2025-09-09 00:00:00,2025-09-09 07:49:00
TRIP-000433,RTE-11,BUS-035,2025-01-08 06:00:00,2025-01-08 14:14:00
TRIP-000434,RTE-12,BUS-008,2025-01-08 18:00:00,2025-01-08 22:27:00
TRIP-000435,RTE-14,BUS-029,2025-11-08 12:00:00,2025-11-09 00:02:00
TRIP-000436,RTE-26,BUS-024,2025-03-08 06:00:00,2025-03-08 10:00:00
TRIP-000437,RTE-27,BUS-004,2025-03-08 12:00:00,2025-03-08 23:39:00
TRIP-000438,RTE-25,BUS-068,2025-07-08 12:00:00,2025-07-08 21:38:00
TRIP-000439,RTE-14,BUS-065,2025-07-09 06:00:00,2025-07-09 18:02:00
TRIP-000440,RTE-15,BUS-049,2025-07-09 18:00:00,2025-07-09 23:11:00
TRIP-000441,RTE-14,BUS-007,2025-10-08 06:00:00,2025-10-08 18:02:00
TRIP-000442,RTE-15,BUS-010,2025-10-08 18:00:00,2025-10-08 23:11:00
TRIP-000443,RTE-28,BUS-009,2025-10-22 12:00:00,2025-10-22 20:59:00
TRIP-000444,RTE-15,BUS-023,2025-10-23 00:00:00,2025-10-23 05:11:00
TRIP-000445,RTE-03,BUS-070,2025-08-22 12:00:00,2025-08-22 15:02:00
TRIP-000446,RTE-04,BUS-019,2025-08-22 18:00:00,2025-08-23 00:03:00
TRIP-000447,RTE-03,BUS-066,2025-04-22 12:00:00,2025-04-22 15:02:00
TRIP-000448,RTE-04,BUS-018,2025-04-22 18:00:00,2025-04-23 00:03:00
TRIP-000449,RTE-12,BUS-022,2025-06-08 12:00:00,2025-06-08 16:27:00
TRIP-000450,RTE-13,BUS-042,2025-06-08 18:00:00,2025-06-09 00:37:00
TRIP-000451,RTE-21,BUS-017,2025-07-22 18:00:00,2025-07-23 02:11:00
TRIP-000452,RTE-22,BUS-016,2025-07-23 06:00:00,2025-07-23 12:10:00
TRIP-000453,RTE-17,BUS-004,2025-04-22 18:00:00,2025-04-22 20:39:00
TRIP-000454,RTE-18,BUS-067,2025-04-23 00:00:00,2025-04-23 09:00:00
TRIP-000455,RTE-19,BUS-005,2025-06-08 06:00:00,2025-06-08 09:11:00
TRIP-000456,RTE-30,BUS-017,2025-06-08 12:00:00,2025-06-09 00:25:00
TRIP-000457,RTE-23,BUS-024,2025-08-22 06:00:00,2025-08-22 13:32:00
TRIP-000458,RTE-24,BUS-059,2025-08-22 18:00:00,2025-08-23 05:14:00
TRIP-000459,RTE-25,BUS-001,2025-08-23 06:00:00,2025-08-23 15:38:00
TRIP-000460,RTE-15,BUS-031,2025-06-23 06:00:00,2025-06-23 11:11:00
TRIP-000461,RTE-21,BUS-005,2025-07-22 06:00:00,2025-07-22 14:11:00
TRIP-000462,RTE-22,BUS-071,2025-07-22 18:00:00,2025-07-23 00:10:00
TRIP-000463,RTE-01,BUS-022,2025-12-22 12:00:00,2025-12-22 19:44:00
TRIP-000464,RTE-02,BUS-019,2025-12-23 00:00:00,2025-12-23 02:46:00
TRIP-000465,RTE-03,BUS-044,2025-12-23 06:00:00,2025-12-23 09:02:00
TRIP-000466,RTE-05,BUS-028,2025-12-22 12:00:00,2025-12-23 00:23:00
TRIP-000467,RTE-19,BUS-006,2025-07-23 06:00:00,2025-07-23 09:11:00
TRIP-000468,RTE-22,BUS-050,2025-03-08 18:00:00,2025-03-09 00:10:00
TRIP-000469,RTE-23,BUS-034,2025-03-09 00:00:00,2025-03-09 07:32:00
TRIP-000470,RTE-16,BUS-011,2025-02-22 06:00:00,2025-02-22 13:34:00
TRIP-000471,RTE-17,BUS-056,2025-02-22 18:00:00,2025-02-22 20:39:00
TRIP-000472,RTE-08,BUS-072,2025-05-22 06:00:00,2025-05-22 12:05:00
TRIP-000473,RTE-09,BUS-073,2025-05-22 12:00:00,2025-05-22 19:49:00
TRIP-000474,RTE-10,BUS-034,2025-05-23 00:00:00,2025-05-23 08:41:00
TRIP-000475,RTE-11,BUS-025,2025-03-08 12:00:00,2025-03-08 20:14:00
TRIP-000476,RTE-06,BUS-079,2025-04-22 18:00:00,2025-04-22 21:36:00
TRIP-000477,RTE-01,BUS-008,2025-04-08 06:00:00,2025-04-08 13:44:00
TRIP-000478,RTE-02,BUS-070,2025-04-08 18:00:00,2025-04-08 20:46:00
TRIP-000479,RTE-02,BUS-050,2025-02-08 06:00:00,2025-02-08 08:46:00
TRIP-000480,RTE-03,BUS-060,2025-02-08 12:00:00,2025-02-08 15:02:00
TRIP-000481,RTE-04,BUS-038,2025-05-22 12:00:00,2025-05-22 18:03:00
TRIP-000482,RTE-05,BUS-049,2025-05-22 18:00:00,2025-05-23 06:23:00
TRIP-000483,RTE-06,BUS-064,2025-05-23 06:00:00,2025-05-23 09:36:00
TRIP-000484,RTE-14,BUS-078,2025-12-08 06:00:00,2025-12-08 18:02:00
TRIP-000485,RTE-15,BUS-071,2025-12-08 18:00:00,2025-12-08 23:11:00
TRIP-000486,RTE-22,BUS-002,2025-11-22 06:00:00,2025-11-22 12:10:00
TRIP-000487,RTE-23,BUS-049,2025-11-22 12:00:00,2025-11-22 19:32:00
TRIP-000488,RTE-24,BUS-018,2025-11-23 00:00:00,2025-11-23 11:14:00
TRIP-000489,RTE-24,BUS-026,2025-11-22 18:00:00,2025-11-23 05:14:00
TRIP-000490,RTE-11,BUS-004,2025-02-23 00:00:00,2025-02-23 08:14:00
TRIP-000491,RTE-10,BUS-060,2025-06-22 12:00:00,2025-06-22 20:41:00
TRIP-000492,RTE-11,BUS-016,2025-06-23 00:00:00,2025-06-23 08:14:00
TRIP-000493,RTE-12,BUS-059,2025-06-23 12:00:00,2025-06-23 16:27:00
TRIP-000494,RTE-12,BUS-023,2025-03-22 12:00:00,2025-03-22 16:27:00
TRIP-000495,RTE-18,BUS-054,2025-04-08 12:00:00,2025-04-08 21:00:00
TRIP-000496,RTE-19,BUS-062,2025-04-09 00:00:00,2025-04-09 03:11:00
TRIP-000497,RTE-20,BUS-013,2025-04-09 06:00:00,2025-04-09 12:10:00
TRIP-000498,RTE-29,BUS-042,2025-12-22 12:00:00,2025-12-22 22:43:00
TRIP-000499,RTE-30,BUS-016,2025-12-23 00:00:00,2025-12-23 12:25:00
TRIP-000500,RTE-25,BUS-006,2025-12-23 12:00:00,2025-12-23 21:38:00
TRIP-000501,RTE-29,BUS-052,2025-12-08 12:00:00,2025-12-08 22:43:00
TRIP-000502,RTE-20,BUS-079,2025-12-09 00:00:00,2025-12-09 06:10:00
TRIP-000503,RTE-21,BUS-061,2025-12-09 06:00:00,2025-12-09 14:11:00
TRIP-000504,RTE-30,BUS-043,2025-12-08 12:00:00,2025-12-09 00:25:00
TRIP-000505,RTE-21,BUS-025,2025-04-22 12:00:00,2025-04-22 20:11:00
TRIP-000506,RTE-22,BUS-043,2025-04-23 00:00:00,2025-04-23 06:10:00
TRIP-000507,RTE-23,BUS-014,2025-04-23 06:00:00,2025-04-23 13:32:00
TRIP-000508,RTE-12,BUS-067,2025-10-22 06:00:00,2025-10-22 10:27:00
TRIP-000509,RTE-16,BUS-036,2025-12-22 12:00:00,2025-12-22 19:34:00
TRIP-000510,RTE-17,BUS-005,2025-12-23 00:00:00,2025-12-23 02:39:00
TRIP-000511,RTE-18,BUS-041,2025-08-22 18:00:00,2025-08-23 03:00:00
TRIP-000512,RTE-19,BUS-002,2025-08-23 06:00:00,2025-08-23 09:11:00
TRIP-000513,RTE-09,BUS-039,2025-08-08 06:00:00,2025-08-08 13:49:00
TRIP-000514,RTE-10,BUS-069,2025-08-08 18:00:00,2025-08-09 02:41:00
TRIP-000515,RTE-25,BUS-065,2025-03-22 06:00:00,2025-03-22 15:38:00
TRIP-000516,RTE-01,BUS-007,2025-03-22 18:00:00,2025-03-23 01:44:00
TRIP-000517,RTE-22,BUS-038,2025-06-08 12:00:00,2025-06-08 18:10:00
TRIP-000518,RTE-23,BUS-039,2025-06-08 18:00:00,2025-06-09 01:32:00
TRIP-000519,RTE-10,BUS-008,2025-12-22 06:00:00,2025-12-22 14:41:00
TRIP-000520,RTE-11,BUS-075,2025-12-22 18:00:00,2025-12-23 02:14:00
TRIP-000521,RTE-30,BUS-060,2025-04-08 18:00:00,2025-04-09 06:25:00
TRIP-000522,RTE-25,BUS-063,2025-04-09 06:00:00,2025-04-09 15:38:00
TRIP-000523,RTE-26,BUS-028,2025-04-09 18:00:00,2025-04-09 22:00:00
TRIP-000524,RTE-09,BUS-072,2025-02-08 12:00:00,2025-02-08 19:49:00
TRIP-000525,RTE-28,BUS-037,2025-02-09 00:00:00,2025-02-09 08:59:00
TRIP-000526,RTE-24,BUS-058,2025-02-22 12:00:00,2025-02-22 23:14:00
TRIP-000527,RTE-16,BUS-009,2025-01-08 18:00:00,2025-01-09 01:34:00
TRIP-000528,RTE-07,BUS-008,2025-03-08 12:00:00,2025-03-08 21:42:00
TRIP-000529,RTE-18,BUS-062,2025-10-08 18:00:00,2025-10-09 03:00:00
TRIP-000530,RTE-19,BUS-043,2025-10-09 06:00:00,2025-10-09 09:11:00
TRIP-000531,RTE-19,BUS-014,2025-01-08 06:00:00,2025-01-08 09:11:00
TRIP-000532,RTE-23,BUS-028,2025-12-22 12:00:00,2025-12-22 19:32:00
TRIP-000533,RTE-24,BUS-022,2025-12-23 00:00:00,2025-12-23 11:14:00
TRIP-000534,RTE-21,BUS-063,2025-01-08 06:00:00,2025-01-08 14:11:00
TRIP-000535,RTE-08,BUS-018,2025-09-08 06:00:00,2025-09-08 12:05:00
TRIP-000536,RTE-09,BUS-069,2025-09-08 12:00:00,2025-09-08 19:49:00
TRIP-000537,RTE-28,BUS-054,2025-09-09 00:00:00,2025-09-09 08:59:00
TRIP-000538,RTE-19,BUS-011,2025-08-08 06:00:00,2025-08-08 09:11:00
TRIP-000539,RTE-28,BUS-047,2025-11-08 12:00:00,2025-11-08 20:59:00
TRIP-000540,RTE-29,BUS-077,2025-11-09 00:00:00,2025-11-09 10:43:00
TRIP-000541,RTE-06,BUS-016,2025-03-22 12:00:00,2025-03-22 15:36:00
TRIP-000542,RTE-07,BUS-057,2025-03-22 18:00:00,2025-03-23 03:42:00
TRIP-000543,RTE-25,BUS-063,2025-10-09 06:00:00,2025-10-09 15:38:00
TRIP-000544,RTE-26,BUS-079,2025-10-09 18:00:00,2025-10-09 22:00:00
TRIP-000545,RTE-05,BUS-077,2025-11-23 00:00:00,2025-11-23 12:23:00
TRIP-000546,RTE-25,BUS-035,2025-02-08 06:00:00,2025-02-08 15:38:00
TRIP-000547,RTE-25,BUS-054,2025-01-09 06:00:00,2025-01-09 15:38:00
TRIP-000548,RTE-09,BUS-016,2025-08-22 12:00:00,2025-08-22 19:49:00
TRIP-000549,RTE-28,BUS-059,2025-08-23 00:00:00,2025-08-23 08:59:00
TRIP-000550,RTE-27,BUS-039,2025-12-08 18:00:00,2025-12-09 05:39:00
TRIP-000551,RTE-28,BUS-025,2025-12-09 06:00:00,2025-12-09 14:59:00
TRIP-000552,RTE-04,BUS-025,2025-06-08 06:00:00,2025-06-08 12:03:00
TRIP-000553,RTE-05,BUS-056,2025-06-08 12:00:00,2025-06-09 00:23:00
TRIP-000554,RTE-21,BUS-058,2025-05-08 06:00:00,2025-05-08 14:11:00
TRIP-000555,RTE-22,BUS-073,2025-05-08 18:00:00,2025-05-09 00:10:00
TRIP-000556,RTE-12,BUS-049,2025-12-23 06:00:00,2025-12-23 10:27:00
TRIP-000557,RTE-29,BUS-075,2025-12-08 18:00:00,2025-12-09 04:43:00
TRIP-000558,RTE-13,BUS-064,2025-07-22 06:00:00,2025-07-22 12:37:00
TRIP-000559,RTE-13,BUS-008,2025-05-08 12:00:00,2025-05-08 18:37:00
TRIP-000560,RTE-15,BUS-020,2025-08-08 06:00:00,2025-08-08 11:11:00
TRIP-000561,RTE-16,BUS-033,2025-08-08 12:00:00,2025-08-08 19:34:00
TRIP-000562,RTE-17,BUS-050,2025-08-09 00:00:00,2025-08-09 02:39:00
TRIP-000563,RTE-10,BUS-015,2025-03-09 00:00:00,2025-03-09 08:41:00
TRIP-000564,RTE-21,BUS-043,2025-08-08 06:00:00,2025-08-08 14:11:00
TRIP-000565,RTE-22,BUS-038,2025-08-08 18:00:00,2025-08-09 00:10:00
TRIP-000566,RTE-18,BUS-037,2025-07-08 06:00:00,2025-07-08 15:00:00
TRIP-000567,RTE-19,BUS-067,2025-07-08 18:00:00,2025-07-08 21:11:00
TRIP-000568,RTE-15,BUS-056,2025-02-08 06:00:00,2025-02-08 11:11:00
TRIP-000569,RTE-25,BUS-076,2025-05-08 06:00:00,2025-05-08 15:38:00
TRIP-000570,RTE-26,BUS-057,2025-05-08 18:00:00,2025-05-08 22:00:00
TRIP-000571,RTE-27,BUS-014,2025-05-09 00:00:00,2025-05-09 11:39:00
TRIP-000572,RTE-19,BUS-065,2025-06-22 06:00:00,2025-06-22 09:11:00
TRIP-000573,RTE-30,BUS-076,2025-06-22 12:00:00,2025-06-23 00:25:00
TRIP-000574,RTE-23,BUS-035,2025-09-22 12:00:00,2025-09-22 19:32:00
TRIP-000575,RTE-24,BUS-014,2025-09-23 00:00:00,2025-09-23 11:14:00
TRIP-000576,RTE-23,BUS-073,2025-07-08 12:00:00,2025-07-08 19:32:00
TRIP-000577,RTE-07,BUS-076,2025-06-22 06:00:00,2025-06-22 15:42:00
TRIP-000578,RTE-15,BUS-037,2025-11-08 18:00:00,2025-11-08 23:11:00
TRIP-000579,RTE-22,BUS-023,2025-04-22 18:00:00,2025-04-23 00:10:00
TRIP-000580,RTE-23,BUS-006,2025-04-23 00:00:00,2025-04-23 07:32:00
TRIP-000581,RTE-03,BUS-030,2025-06-08 06:00:00,2025-06-08 09:02:00
TRIP-000582,RTE-04,BUS-022,2025-06-08 12:00:00,2025-06-08 18:03:00
TRIP-000583,RTE-18,BUS-071,2025-11-22 18:00:00,2025-11-23 03:00:00
TRIP-000584,RTE-17,BUS-037,2025-08-08 18:00:00,2025-08-08 20:39:00
TRIP-000585,RTE-18,BUS-078,2025-08-09 00:00:00,2025-08-09 09:00:00
TRIP-000586,RTE-19,BUS-037,2025-08-09 12:00:00,2025-08-09 15:11:00
TRIP-000587,RTE-08,BUS-075,2025-11-22 18:00:00,2025-11-23 00:05:00
TRIP-000588,RTE-21,BUS-065,2025-05-22 06:00:00,2025-05-22 14:11:00
TRIP-000589,RTE-22,BUS-031,2025-05-22 18:00:00,2025-05-23 00:10:00
TRIP-000590,RTE-26,BUS-069,2025-03-22 18:00:00,2025-03-22 22:00:00
TRIP-000591,RTE-07,BUS-037,2025-05-22 06:00:00,2025-05-22 15:42:00
TRIP-000592,RTE-09,BUS-042,2025-06-22 18:00:00,2025-06-23 01:49:00
TRIP-000593,RTE-10,BUS-052,2025-06-23 06:00:00,2025-06-23 14:41:00
TRIP-000594,RTE-07,BUS-053,2025-11-08 12:00:00,2025-11-08 21:42:00
TRIP-000595,RTE-20,BUS-008,2025-03-22 18:00:00,2025-03-23 00:10:00
TRIP-000596,RTE-21,BUS-059,2025-03-23 00:00:00,2025-03-23 08:11:00
TRIP-000597,RTE-06,BUS-074,2025-08-08 06:00:00,2025-08-08 09:36:00
TRIP-000598,RTE-07,BUS-079,2025-08-08 12:00:00,2025-08-08 21:42:00
TRIP-000599,RTE-18,BUS-076,2025-06-22 06:00:00,2025-06-22 15:00:00
TRIP-000600,RTE-19,BUS-031,2025-06-22 18:00:00,2025-06-22 21:11:00
TRIP-000601,RTE-21,BUS-002,2025-01-22 06:00:00,2025-01-22 14:11:00
TRIP-000602,RTE-22,BUS-053,2025-01-22 18:00:00,2025-01-23 00:10:00
TRIP-000603,RTE-14,BUS-031,2025-06-09 06:00:00,2025-06-09 18:02:00
TRIP-000604,RTE-08,BUS-063,2025-09-22 06:00:00,2025-09-22 12:05:00
TRIP-000605,RTE-09,BUS-049,2025-09-22 12:00:00,2025-09-22 19:49:00
TRIP-000606,RTE-05,BUS-054,2025-04-22 06:00:00,2025-04-22 18:23:00
TRIP-000607,RTE-07,BUS-013,2025-04-23 00:00:00,2025-04-23 09:42:00
TRIP-000608,RTE-22,BUS-070,2025-08-22 18:00:00,2025-08-23 00:10:00
TRIP-000609,RTE-23,BUS-047,2025-08-23 00:00:00,2025-08-23 07:32:00
TRIP-000610,RTE-19,BUS-030,2025-06-22 12:00:00,2025-06-22 15:11:00
TRIP-000611,RTE-28,BUS-050,2025-12-08 06:00:00,2025-12-08 14:59:00
TRIP-000612,RTE-06,BUS-030,2025-03-08 06:00:00,2025-03-08 09:36:00
TRIP-000613,RTE-07,BUS-029,2025-03-22 06:00:00,2025-03-22 15:42:00
TRIP-000614,RTE-08,BUS-050,2025-03-22 18:00:00,2025-03-23 00:05:00
TRIP-000615,RTE-09,BUS-036,2025-03-23 00:00:00,2025-03-23 07:49:00
TRIP-000616,RTE-26,BUS-068,2025-12-22 12:00:00,2025-12-22 16:00:00
TRIP-000617,RTE-28,BUS-004,2025-06-08 18:00:00,2025-06-09 02:59:00
TRIP-000618,RTE-11,BUS-053,2025-05-22 12:00:00,2025-05-22 20:14:00
TRIP-000619,RTE-12,BUS-037,2025-05-23 00:00:00,2025-05-23 04:27:00
TRIP-000620,RTE-09,BUS-069,2025-07-09 06:00:00,2025-07-09 13:49:00
TRIP-000621,RTE-07,BUS-057,2025-09-22 12:00:00,2025-09-22 21:42:00
TRIP-000622,RTE-08,BUS-080,2025-09-23 00:00:00,2025-09-23 06:05:00
TRIP-000623,RTE-09,BUS-016,2025-09-23 06:00:00,2025-09-23 13:49:00
TRIP-000624,RTE-28,BUS-067,2025-12-22 06:00:00,2025-12-22 14:59:00
TRIP-000625,RTE-29,BUS-057,2025-12-22 18:00:00,2025-12-23 04:43:00
TRIP-000626,RTE-13,BUS-059,2025-12-22 06:00:00,2025-12-22 12:37:00
TRIP-000627,RTE-14,BUS-025,2025-12-22 18:00:00,2025-12-23 06:02:00
TRIP-000628,RTE-14,BUS-037,2025-06-08 12:00:00,2025-06-09 00:02:00
TRIP-000629,RTE-27,BUS-018,2025-06-08 18:00:00,2025-06-09 05:39:00
TRIP-000630,RTE-19,BUS-062,2025-07-08 12:00:00,2025-07-08 15:11:00
TRIP-000631,RTE-20,BUS-056,2025-07-08 18:00:00,2025-07-09 00:10:00
TRIP-000632,RTE-25,BUS-060,2025-02-08 18:00:00,2025-02-09 03:38:00
TRIP-000633,RTE-01,BUS-037,2025-02-09 06:00:00,2025-02-09 13:44:00
TRIP-000634,RTE-02,BUS-028,2025-02-09 18:00:00,2025-02-09 20:46:00
TRIP-000635,RTE-26,BUS-069,2025-07-22 12:00:00,2025-07-22 16:00:00
TRIP-000636,RTE-03,BUS-042,2025-05-22 12:00:00,2025-05-22 15:02:00
TRIP-000637,RTE-04,BUS-022,2025-05-22 18:00:00,2025-05-23 00:03:00
TRIP-000638,RTE-05,BUS-074,2025-05-23 00:00:00,2025-05-23 12:23:00
TRIP-000639,RTE-18,BUS-078,2025-08-08 18:00:00,2025-08-09 03:00:00
TRIP-000640,RTE-19,BUS-025,2025-08-09 06:00:00,2025-08-09 09:11:00
TRIP-000641,RTE-30,BUS-031,2025-08-09 12:00:00,2025-08-10 00:25:00
TRIP-000642,RTE-10,BUS-075,2025-07-22 06:00:00,2025-07-22 14:41:00
TRIP-000643,RTE-11,BUS-015,2025-07-22 18:00:00,2025-07-23 02:14:00
TRIP-000644,RTE-12,BUS-036,2025-12-08 06:00:00,2025-12-08 10:27:00
TRIP-000645,RTE-13,BUS-017,2025-12-08 12:00:00,2025-12-08 18:37:00
TRIP-000646,RTE-23,BUS-048,2025-07-23 12:00:00,2025-07-23 19:32:00
TRIP-000647,RTE-20,BUS-001,2025-10-08 12:00:00,2025-10-08 18:10:00
TRIP-000648,RTE-21,BUS-037,2025-10-08 18:00:00,2025-10-09 02:11:00
TRIP-000649,RTE-15,BUS-024,2025-05-08 06:00:00,2025-05-08 11:11:00
TRIP-000650,RTE-16,BUS-033,2025-05-08 12:00:00,2025-05-08 19:34:00
TRIP-000651,RTE-17,BUS-058,2025-05-09 00:00:00,2025-05-09 02:39:00
TRIP-000652,RTE-02,BUS-024,2025-03-22 18:00:00,2025-03-22 20:46:00
TRIP-000653,RTE-02,BUS-039,2025-10-08 18:00:00,2025-10-08 20:46:00
TRIP-000654,RTE-03,BUS-013,2025-10-09 00:00:00,2025-10-09 03:02:00
TRIP-000655,RTE-02,BUS-015,2025-12-08 18:00:00,2025-12-08 20:46:00
TRIP-000656,RTE-03,BUS-006,2025-12-09 00:00:00,2025-12-09 03:02:00
TRIP-000657,RTE-04,BUS-006,2025-12-09 06:00:00,2025-12-09 12:03:00
TRIP-000658,RTE-24,BUS-056,2025-08-22 06:00:00,2025-08-22 17:14:00
TRIP-000659,RTE-25,BUS-053,2025-08-22 18:00:00,2025-08-23 03:38:00
TRIP-000660,RTE-01,BUS-042,2025-08-23 06:00:00,2025-08-23 13:44:00
TRIP-000661,RTE-06,BUS-072,2025-07-22 18:00:00,2025-07-22 21:36:00
TRIP-000662,RTE-07,BUS-014,2025-07-23 00:00:00,2025-07-23 09:42:00
TRIP-000663,RTE-06,BUS-038,2025-12-08 18:00:00,2025-12-08 21:36:00
TRIP-000664,RTE-07,BUS-032,2025-12-09 00:00:00,2025-12-09 09:42:00
TRIP-000665,RTE-23,BUS-077,2025-03-22 18:00:00,2025-03-23 01:32:00
TRIP-000666,RTE-24,BUS-042,2025-03-23 06:00:00,2025-03-23 17:14:00
TRIP-000667,RTE-15,BUS-060,2025-11-22 06:00:00,2025-11-22 11:11:00
TRIP-000668,RTE-08,BUS-022,2025-12-22 06:00:00,2025-12-22 12:05:00
TRIP-000669,RTE-03,BUS-045,2025-12-08 18:00:00,2025-12-08 21:02:00
TRIP-000670,RTE-04,BUS-011,2025-12-09 00:00:00,2025-12-09 06:03:00
TRIP-000671,RTE-18,BUS-042,2025-09-08 12:00:00,2025-09-08 21:00:00
TRIP-000672,RTE-16,BUS-011,2025-11-08 06:00:00,2025-11-08 13:34:00
TRIP-000673,RTE-17,BUS-026,2025-11-08 18:00:00,2025-11-08 20:39:00
TRIP-000674,RTE-18,BUS-011,2025-11-09 00:00:00,2025-11-09 09:00:00
TRIP-000675,RTE-21,BUS-077,2025-08-08 18:00:00,2025-08-09 02:11:00
TRIP-000676,RTE-23,BUS-014,2025-05-22 12:00:00,2025-05-22 19:32:00
TRIP-000677,RTE-29,BUS-030,2025-07-22 06:00:00,2025-07-22 16:43:00
TRIP-000678,RTE-20,BUS-049,2025-07-22 18:00:00,2025-07-23 00:10:00
TRIP-000679,RTE-11,BUS-022,2025-08-08 18:00:00,2025-08-09 02:14:00
TRIP-000680,RTE-21,BUS-044,2025-12-22 12:00:00,2025-12-22 20:11:00
TRIP-000681,RTE-22,BUS-034,2025-12-23 00:00:00,2025-12-23 06:10:00
TRIP-000682,RTE-23,BUS-017,2025-12-23 06:00:00,2025-12-23 13:32:00
TRIP-000683,RTE-16,BUS-074,2025-03-08 06:00:00,2025-03-08 13:34:00
TRIP-000684,RTE-17,BUS-053,2025-03-08 18:00:00,2025-03-08 20:39:00
TRIP-000685,RTE-18,BUS-041,2025-03-09 00:00:00,2025-03-09 09:00:00
TRIP-000686,RTE-01,BUS-076,2025-06-09 00:00:00,2025-06-09 07:44:00
TRIP-000687,RTE-29,BUS-009,2025-12-23 06:00:00,2025-12-23 16:43:00
TRIP-000688,RTE-10,BUS-004,2025-06-22 18:00:00,2025-06-23 02:41:00
TRIP-000689,RTE-11,BUS-045,2025-06-23 06:00:00,2025-06-23 14:14:00
TRIP-000690,RTE-08,BUS-011,2025-06-09 06:00:00,2025-06-09 12:05:00
TRIP-000691,RTE-12,BUS-058,2025-02-08 06:00:00,2025-02-08 10:27:00
TRIP-000692,RTE-13,BUS-005,2025-02-08 12:00:00,2025-02-08 18:37:00
TRIP-000693,RTE-02,BUS-073,2025-07-22 12:00:00,2025-07-22 14:46:00
TRIP-000694,RTE-03,BUS-068,2025-07-22 18:00:00,2025-07-22 21:02:00
TRIP-000695,RTE-14,BUS-066,2025-12-08 12:00:00,2025-12-09 00:02:00
TRIP-000696,RTE-06,BUS-074,2025-05-23 12:00:00,2025-05-23 15:36:00
TRIP-000697,RTE-24,BUS-021,2025-06-23 06:00:00,2025-06-23 17:14:00
TRIP-000698,RTE-30,BUS-054,2025-12-22 06:00:00,2025-12-22 18:25:00
TRIP-000699,RTE-25,BUS-074,2025-12-22 18:00:00,2025-12-23 03:38:00
TRIP-000700,RTE-01,BUS-022,2025-12-23 06:00:00,2025-12-23 13:44:00
TRIP-000701,RTE-16,BUS-076,2025-06-22 06:00:00,2025-06-22 13:34:00
TRIP-000702,RTE-17,BUS-015,2025-06-22 18:00:00,2025-06-22 20:39:00
TRIP-000703,RTE-06,BUS-016,2025-10-22 12:00:00,2025-10-22 15:36:00
TRIP-000704,RTE-07,BUS-032,2025-10-22 18:00:00,2025-10-23 03:42:00
TRIP-000705,RTE-24,BUS-054,2025-03-22 06:00:00,2025-03-22 17:14:00
TRIP-000706,RTE-25,BUS-050,2025-03-22 18:00:00,2025-03-23 03:38:00
TRIP-000707,RTE-19,BUS-005,2025-01-08 12:00:00,2025-01-08 15:11:00
TRIP-000708,RTE-23,BUS-064,2025-11-08 12:00:00,2025-11-08 19:32:00
TRIP-000709,RTE-24,BUS-074,2025-11-09 00:00:00,2025-11-09 11:14:00
TRIP-000710,RTE-24,BUS-056,2025-06-22 06:00:00,2025-06-22 17:14:00
TRIP-000711,RTE-08,BUS-024,2025-01-08 12:00:00,2025-01-08 18:05:00
TRIP-000712,RTE-09,BUS-065,2025-01-08 18:00:00,2025-01-09 01:49:00
TRIP-000713,RTE-19,BUS-042,2025-06-08 12:00:00,2025-06-08 15:11:00
TRIP-000714,RTE-22,BUS-039,2025-12-08 12:00:00,2025-12-08 18:10:00
TRIP-000715,RTE-23,BUS-062,2025-12-08 18:00:00,2025-12-09 01:32:00
TRIP-000716,RTE-12,BUS-064,2025-09-22 18:00:00,2025-09-22 22:27:00
TRIP-000717,RTE-13,BUS-080,2025-09-23 00:00:00,2025-09-23 06:37:00
TRIP-000718,RTE-12,BUS-039,2025-05-08 18:00:00,2025-05-08 22:27:00
TRIP-000719,RTE-07,BUS-022,2025-12-22 06:00:00,2025-12-22 15:42:00
TRIP-000720,RTE-24,BUS-029,2025-08-08 12:00:00,2025-08-08 23:14:00
TRIP-000721,RTE-15,BUS-042,2025-05-22 12:00:00,2025-05-22 17:11:00
TRIP-000722,RTE-25,BUS-009,2025-07-08 06:00:00,2025-07-08 15:38:00
TRIP-000723,RTE-15,BUS-057,2025-11-22 12:00:00,2025-11-22 17:11:00
TRIP-000724,RTE-04,BUS-037,2025-05-08 12:00:00,2025-05-08 18:03:00
TRIP-000725,RTE-27,BUS-064,2025-05-08 18:00:00,2025-05-09 05:39:00
TRIP-000726,RTE-24,BUS-030,2025-06-08 06:00:00,2025-06-08 17:14:00
TRIP-000727,RTE-27,BUS-074,2025-06-22 12:00:00,2025-06-22 23:39:00
TRIP-000728,RTE-10,BUS-015,2025-06-23 00:00:00,2025-06-23 08:41:00
TRIP-000729,RTE-08,BUS-033,2025-05-08 18:00:00,2025-05-09 00:05:00
TRIP-000730,RTE-16,BUS-033,2025-01-22 18:00:00,2025-01-23 01:34:00
TRIP-000731,RTE-17,BUS-069,2025-01-23 06:00:00,2025-01-23 08:39:00
TRIP-000732,RTE-18,BUS-006,2025-01-23 12:00:00,2025-01-23 21:00:00
TRIP-000733,RTE-29,BUS-064,2025-12-22 06:00:00,2025-12-22 16:43:00
TRIP-000734,RTE-20,BUS-039,2025-12-22 18:00:00,2025-12-23 00:10:00
TRIP-000735,RTE-10,BUS-005,2025-06-08 18:00:00,2025-06-09 02:41:00
TRIP-000736,RTE-11,BUS-080,2025-06-09 06:00:00,2025-06-09 14:14:00
TRIP-000737,RTE-08,BUS-032,2025-09-22 12:00:00,2025-09-22 18:05:00
TRIP-000738,RTE-09,BUS-004,2025-09-22 18:00:00,2025-09-23 01:49:00
TRIP-000739,RTE-10,BUS-014,2025-09-23 06:00:00,2025-09-23 14:41:00
TRIP-000740,RTE-25,BUS-038,2025-09-08 12:00:00,2025-09-08 21:38:00
TRIP-000741,RTE-01,BUS-015,2025-09-09 00:00:00,2025-09-09 07:44:00
TRIP-000742,RTE-02,BUS-045,2025-09-09 12:00:00,2025-09-09 14:46:00
TRIP-000743,RTE-04,BUS-068,2025-07-08 18:00:00,2025-07-09 00:03:00
TRIP-000744,RTE-27,BUS-035,2025-07-09 00:00:00,2025-07-09 11:39:00
TRIP-000745,RTE-10,BUS-061,2025-07-09 12:00:00,2025-07-09 20:41:00
TRIP-000746,RTE-18,BUS-067,2025-06-08 18:00:00,2025-06-09 03:00:00
TRIP-000747,RTE-19,BUS-073,2025-06-09 06:00:00,2025-06-09 09:11:00
TRIP-000748,RTE-20,BUS-039,2025-06-09 12:00:00,2025-06-09 18:10:00
TRIP-000749,RTE-04,BUS-035,2025-03-08 06:00:00,2025-03-08 12:03:00
TRIP-000750,RTE-05,BUS-005,2025-03-08 12:00:00,2025-03-09 00:23:00
TRIP-000751,RTE-06,BUS-031,2025-09-08 06:00:00,2025-09-08 09:36:00
TRIP-000752,RTE-07,BUS-061,2025-09-08 12:00:00,2025-09-08 21:42:00
TRIP-000753,RTE-13,BUS-023,2025-12-08 18:00:00,2025-12-09 00:37:00
TRIP-000754,RTE-14,BUS-033,2025-12-09 06:00:00,2025-12-09 18:02:00
TRIP-000755,RTE-14,BUS-008,2025-02-22 12:00:00,2025-02-23 00:02:00
TRIP-000756,RTE-29,BUS-006,2025-02-23 00:00:00,2025-02-23 10:43:00
TRIP-000757,RTE-20,BUS-017,2025-02-23 12:00:00,2025-02-23 18:10:00
TRIP-000758,RTE-30,BUS-052,2025-12-22 12:00:00,2025-12-23 00:25:00
TRIP-000759,RTE-25,BUS-062,2025-12-23 00:00:00,2025-12-23 09:38:00
TRIP-000760,RTE-26,BUS-001,2025-12-23 12:00:00,2025-12-23 16:00:00
TRIP-000761,RTE-21,BUS-020,2025-11-08 18:00:00,2025-11-09 02:11:00
TRIP-000762,RTE-22,BUS-070,2025-11-09 06:00:00,2025-11-09 12:10:00
TRIP-000763,RTE-29,BUS-079,2025-07-22 12:00:00,2025-07-22 22:43:00
TRIP-000764,RTE-18,BUS-016,2025-01-22 06:00:00,2025-01-22 15:00:00
TRIP-000765,RTE-19,BUS-041,2025-01-22 18:00:00,2025-01-22 21:11:00
TRIP-000766,RTE-09,BUS-042,2025-11-22 06:00:00,2025-11-22 13:49:00
TRIP-000767,RTE-23,BUS-032,2025-01-22 06:00:00,2025-01-22 13:32:00
TRIP-000768,RTE-07,BUS-005,2025-08-22 18:00:00,2025-08-23 03:42:00
TRIP-000769,RTE-08,BUS-077,2025-08-23 06:00:00,2025-08-23 12:05:00
TRIP-000770,RTE-09,BUS-065,2025-08-23 12:00:00,2025-08-23 19:49:00
TRIP-000771,RTE-19,BUS-065,2025-02-08 12:00:00,2025-02-08 15:11:00
TRIP-000772,RTE-30,BUS-059,2025-02-08 18:00:00,2025-02-09 06:25:00
TRIP-000773,RTE-10,BUS-045,2025-12-23 00:00:00,2025-12-23 08:41:00
TRIP-000774,RTE-02,BUS-015,2025-04-08 12:00:00,2025-04-08 14:46:00
TRIP-000775,RTE-03,BUS-009,2025-04-08 18:00:00,2025-04-08 21:02:00
TRIP-000776,RTE-22,BUS-036,2025-07-08 06:00:00,2025-07-08 12:10:00
TRIP-000777,RTE-29,BUS-039,2025-12-09 00:00:00,2025-12-09 10:43:00
TRIP-000778,RTE-22,BUS-022,2025-03-22 06:00:00,2025-03-22 12:10:00
TRIP-000779,RTE-27,BUS-024,2025-07-08 18:00:00,2025-07-09 05:39:00
TRIP-000780,RTE-28,BUS-067,2025-07-09 06:00:00,2025-07-09 14:59:00
TRIP-000781,RTE-19,BUS-001,2025-04-22 12:00:00,2025-04-22 15:11:00
TRIP-000782,RTE-22,BUS-057,2025-11-08 12:00:00,2025-11-08 18:10:00
TRIP-000783,RTE-23,BUS-063,2025-11-08 18:00:00,2025-11-09 01:32:00
TRIP-000784,RTE-24,BUS-036,2025-11-09 06:00:00,2025-11-09 17:14:00
TRIP-000785,RTE-24,BUS-048,2025-01-08 06:00:00,2025-01-08 17:14:00
TRIP-000786,RTE-25,BUS-052,2025-01-08 18:00:00,2025-01-09 03:38:00
TRIP-000787,RTE-26,BUS-060,2025-01-09 06:00:00,2025-01-09 10:00:00
TRIP-000788,RTE-23,BUS-045,2025-05-08 12:00:00,2025-05-08 19:32:00
TRIP-000789,RTE-24,BUS-017,2025-05-09 00:00:00,2025-05-09 11:14:00
TRIP-000790,RTE-25,BUS-068,2025-05-09 12:00:00,2025-05-09 21:38:00
TRIP-000791,RTE-08,BUS-039,2025-03-09 00:00:00,2025-03-09 06:05:00
TRIP-000792,RTE-09,BUS-032,2025-03-09 06:00:00,2025-03-09 13:49:00
TRIP-000793,RTE-14,BUS-019,2025-03-22 18:00:00,2025-03-23 06:02:00
TRIP-000794,RTE-29,BUS-032,2025-03-23 06:00:00,2025-03-23 16:43:00
TRIP-000795,RTE-19,BUS-050,2025-12-22 12:00:00,2025-12-22 15:11:00
TRIP-000796,RTE-30,BUS-032,2025-12-22 18:00:00,2025-12-23 06:25:00
TRIP-000797,RTE-25,BUS-026,2025-12-23 06:00:00,2025-12-23 15:38:00
TRIP-000798,RTE-27,BUS-019,2025-04-08 18:00:00,2025-04-09 05:39:00
TRIP-000799,RTE-02,BUS-060,2025-12-22 12:00:00,2025-12-22 14:46:00
TRIP-000800,RTE-25,BUS-059,2025-06-22 06:00:00,2025-06-22 15:38:00
TRIP-000801,RTE-01,BUS-038,2025-06-22 18:00:00,2025-06-23 01:44:00
TRIP-000802,RTE-14,BUS-072,2025-08-08 12:00:00,2025-08-09 00:02:00
TRIP-000803,RTE-15,BUS-049,2025-08-09 00:00:00,2025-08-09 05:11:00
TRIP-000804,RTE-16,BUS-015,2025-08-09 06:00:00,2025-08-09 13:34:00
TRIP-000805,RTE-07,BUS-010,2025-07-22 12:00:00,2025-07-22 21:42:00
TRIP-000806,RTE-08,BUS-070,2025-07-23 00:00:00,2025-07-23 06:05:00
TRIP-000807,RTE-09,BUS-065,2025-03-08 12:00:00,2025-03-08 19:49:00
TRIP-000808,RTE-09,BUS-009,2025-12-08 12:00:00,2025-12-08 19:49:00
TRIP-000809,RTE-04,BUS-035,2025-12-22 06:00:00,2025-12-22 12:03:00
TRIP-000810,RTE-27,BUS-073,2025-12-22 12:00:00,2025-12-22 23:39:00
TRIP-000811,RTE-15,BUS-063,2025-10-22 12:00:00,2025-10-22 17:11:00
TRIP-000812,RTE-16,BUS-011,2025-10-22 18:00:00,2025-10-23 01:34:00
TRIP-000813,RTE-17,BUS-031,2025-10-23 06:00:00,2025-10-23 08:39:00
TRIP-000814,RTE-24,BUS-066,2025-10-08 06:00:00,2025-10-08 17:14:00
TRIP-000815,RTE-25,BUS-047,2025-10-08 18:00:00,2025-10-09 03:38:00
TRIP-000816,RTE-20,BUS-035,2025-07-08 06:00:00,2025-07-08 12:10:00
TRIP-000817,RTE-21,BUS-063,2025-07-08 12:00:00,2025-07-08 20:11:00
TRIP-000818,RTE-17,BUS-056,2025-09-08 12:00:00,2025-09-08 14:39:00
TRIP-000819,RTE-10,BUS-079,2025-06-09 06:00:00,2025-06-09 14:41:00
TRIP-000820,RTE-10,BUS-022,2025-05-22 18:00:00,2025-05-23 02:41:00
TRIP-000821,RTE-11,BUS-010,2025-05-23 06:00:00,2025-05-23 14:14:00
TRIP-000822,RTE-12,BUS-057,2025-05-23 18:00:00,2025-05-23 22:27:00
TRIP-000823,RTE-16,BUS-005,2025-07-09 00:00:00,2025-07-09 07:34:00
TRIP-000824,RTE-08,BUS-050,2025-02-08 06:00:00,2025-02-08 12:05:00
TRIP-000825,RTE-18,BUS-036,2025-10-08 06:00:00,2025-10-08 15:00:00
TRIP-000826,RTE-30,BUS-005,2025-10-09 00:00:00,2025-10-09 12:25:00
TRIP-000827,RTE-03,BUS-010,2025-06-22 06:00:00,2025-06-22 09:02:00
TRIP-000828,RTE-12,BUS-039,2025-12-08 12:00:00,2025-12-08 16:27:00
TRIP-000829,RTE-22,BUS-042,2025-03-08 12:00:00,2025-03-08 18:10:00
TRIP-000830,RTE-26,BUS-070,2025-11-22 06:00:00,2025-11-22 10:00:00
TRIP-000831,RTE-05,BUS-019,2025-11-22 12:00:00,2025-11-23 00:23:00
TRIP-000832,RTE-06,BUS-069,2025-11-23 00:00:00,2025-11-23 03:36:00
TRIP-000833,RTE-09,BUS-013,2025-04-22 06:00:00,2025-04-22 13:49:00
TRIP-000834,RTE-28,BUS-048,2025-04-22 18:00:00,2025-04-23 02:59:00
TRIP-000835,RTE-16,BUS-022,2025-07-08 18:00:00,2025-07-09 01:34:00
TRIP-000836,RTE-10,BUS-049,2025-06-22 06:00:00,2025-06-22 14:41:00
TRIP-000837,RTE-24,BUS-061,2025-09-08 18:00:00,2025-09-09 05:14:00
TRIP-000838,RTE-25,BUS-069,2025-09-09 06:00:00,2025-09-09 15:38:00
TRIP-000839,RTE-03,BUS-034,2025-03-22 18:00:00,2025-03-22 21:02:00
TRIP-000840,RTE-18,BUS-044,2025-02-22 06:00:00,2025-02-22 15:00:00
TRIP-000841,RTE-19,BUS-009,2025-02-22 18:00:00,2025-02-22 21:11:00
TRIP-000842,RTE-07,BUS-015,2025-01-22 06:00:00,2025-01-22 15:42:00
TRIP-000843,RTE-08,BUS-064,2025-01-22 18:00:00,2025-01-23 00:05:00
TRIP-000844,RTE-19,BUS-011,2025-07-22 12:00:00,2025-07-22 15:11:00
TRIP-000845,RTE-20,BUS-025,2025-02-22 12:00:00,2025-02-22 18:10:00
TRIP-000846,RTE-21,BUS-052,2025-02-22 18:00:00,2025-02-23 02:11:00
TRIP-000847,RTE-24,BUS-025,2025-07-08 06:00:00,2025-07-08 17:14:00
TRIP-000848,RTE-17,BUS-036,2025-12-22 12:00:00,2025-12-22 14:39:00
TRIP-000849,RTE-18,BUS-023,2025-12-22 18:00:00,2025-12-23 03:00:00
TRIP-000850,RTE-19,BUS-007,2025-12-23 06:00:00,2025-12-23 09:11:00
TRIP-000851,RTE-20,BUS-054,2025-06-23 00:00:00,2025-06-23 06:10:00
TRIP-000852,RTE-06,BUS-038,2025-10-08 06:00:00,2025-10-08 09:36:00
TRIP-000853,RTE-07,BUS-039,2025-10-08 12:00:00,2025-10-08 21:42:00
TRIP-000854,RTE-02,BUS-042,2025-08-08 18:00:00,2025-08-08 20:46:00
TRIP-000855,RTE-03,BUS-035,2025-08-09 00:00:00,2025-08-09 03:02:00
TRIP-000856,RTE-04,BUS-010,2025-08-09 06:00:00,2025-08-09 12:03:00
TRIP-000857,RTE-23,BUS-029,2025-07-22 06:00:00,2025-07-22 13:32:00
TRIP-000858,RTE-24,BUS-026,2025-07-22 18:00:00,2025-07-23 05:14:00
TRIP-000859,RTE-11,BUS-034,2025-08-22 12:00:00,2025-08-22 20:14:00
TRIP-000860,RTE-23,BUS-021,2025-03-08 18:00:00,2025-03-09 01:32:00
TRIP-000861,RTE-24,BUS-071,2025-03-09 06:00:00,2025-03-09 17:14:00
TRIP-000862,RTE-03,BUS-077,2025-03-22 12:00:00,2025-03-22 15:02:00
TRIP-000863,RTE-04,BUS-037,2025-03-22 18:00:00,2025-03-23 00:03:00
TRIP-000864,RTE-26,BUS-034,2025-12-22 06:00:00,2025-12-22 10:00:00
TRIP-000865,RTE-06,BUS-079,2025-12-23 00:00:00,2025-12-23 03:36:00
TRIP-000866,RTE-07,BUS-066,2025-06-08 06:00:00,2025-06-08 15:42:00
TRIP-000867,RTE-03,BUS-016,2025-06-22 18:00:00,2025-06-22 21:02:00
TRIP-000868,RTE-04,BUS-004,2025-06-23 00:00:00,2025-06-23 06:03:00
TRIP-000869,RTE-05,BUS-011,2025-06-23 06:00:00,2025-06-23 18:23:00
TRIP-000870,RTE-12,BUS-035,2025-06-08 18:00:00,2025-06-08 22:27:00
TRIP-000871,RTE-13,BUS-043,2025-06-09 00:00:00,2025-06-09 06:37:00
TRIP-000872,RTE-14,BUS-009,2025-06-09 12:00:00,2025-06-10 00:02:00
TRIP-000873,RTE-20,BUS-074,2025-01-08 12:00:00,2025-01-08 18:10:00
TRIP-000874,RTE-21,BUS-068,2025-01-08 18:00:00,2025-01-09 02:11:00
TRIP-000875,RTE-08,BUS-068,2025-06-08 18:00:00,2025-06-09 00:05:00
TRIP-000876,RTE-26,BUS-036,2025-05-08 12:00:00,2025-05-08 16:00:00
TRIP-000877,RTE-05,BUS-005,2025-05-08 18:00:00,2025-05-09 06:23:00
TRIP-000878,RTE-30,BUS-014,2025-05-22 12:00:00,2025-05-23 00:25:00
TRIP-000879,RTE-25,BUS-010,2025-05-23 00:00:00,2025-05-23 09:38:00
TRIP-000880,RTE-01,BUS-007,2025-05-23 12:00:00,2025-05-23 19:44:00
TRIP-000881,RTE-08,BUS-068,2025-07-08 18:00:00,2025-07-09 00:05:00
TRIP-000882,RTE-09,BUS-018,2025-07-09 00:00:00,2025-07-09 07:49:00
TRIP-000883,RTE-28,BUS-061,2025-07-09 12:00:00,2025-07-09 20:59:00
TRIP-000884,RTE-18,BUS-015,2025-03-22 12:00:00,2025-03-22 21:00:00
TRIP-000885,RTE-07,BUS-079,2025-12-23 12:00:00,2025-12-23 21:42:00
TRIP-000886,RTE-05,BUS-013,2025-12-08 12:00:00,2025-12-09 00:23:00
TRIP-000887,RTE-06,BUS-005,2025-04-22 12:00:00,2025-04-22 15:36:00
TRIP-000888,RTE-22,BUS-057,2025-06-08 06:00:00,2025-06-08 12:10:00
TRIP-000889,RTE-23,BUS-025,2025-06-08 12:00:00,2025-06-08 19:32:00
TRIP-000890,RTE-25,BUS-030,2025-03-08 06:00:00,2025-03-08 15:38:00
TRIP-000891,RTE-01,BUS-022,2025-03-08 18:00:00,2025-03-09 01:44:00
TRIP-000892,RTE-21,BUS-016,2025-05-08 12:00:00,2025-05-08 20:11:00
TRIP-000893,RTE-22,BUS-080,2025-05-09 00:00:00,2025-05-09 06:10:00
TRIP-000894,RTE-23,BUS-058,2025-05-09 06:00:00,2025-05-09 13:32:00
TRIP-000895,RTE-24,BUS-064,2025-04-22 06:00:00,2025-04-22 17:14:00
TRIP-000896,RTE-25,BUS-064,2025-04-22 18:00:00,2025-04-23 03:38:00
TRIP-000897,RTE-08,BUS-034,2025-04-22 12:00:00,2025-04-22 18:05:00
TRIP-000898,RTE-09,BUS-007,2025-04-22 18:00:00,2025-04-23 01:49:00
TRIP-000899,RTE-20,BUS-037,2025-12-23 00:00:00,2025-12-23 06:10:00
TRIP-000900,RTE-01,BUS-078,2025-06-09 06:00:00,2025-06-09 13:44:00
TRIP-000901,RTE-02,BUS-054,2025-06-09 18:00:00,2025-06-09 20:46:00
TRIP-000902,RTE-11,BUS-056,2025-12-22 06:00:00,2025-12-22 14:14:00
TRIP-000903,RTE-15,BUS-009,2025-08-23 06:00:00,2025-08-23 11:11:00
TRIP-000904,RTE-15,BUS-080,2025-01-08 06:00:00,2025-01-08 11:11:00
TRIP-000905,RTE-16,BUS-060,2025-04-22 12:00:00,2025-04-22 19:34:00
TRIP-000906,RTE-17,BUS-062,2025-04-23 00:00:00,2025-04-23 02:39:00
TRIP-000907,RTE-18,BUS-038,2025-04-23 06:00:00,2025-04-23 15:00:00
TRIP-000908,RTE-06,BUS-002,2025-07-08 06:00:00,2025-07-08 09:36:00
TRIP-000909,RTE-23,BUS-044,2025-12-09 06:00:00,2025-12-09 13:32:00
TRIP-000910,RTE-14,BUS-058,2025-04-22 06:00:00,2025-04-22 18:02:00
TRIP-000911,RTE-15,BUS-040,2025-04-22 18:00:00,2025-04-22 23:11:00
TRIP-000912,RTE-16,BUS-006,2025-04-23 00:00:00,2025-04-23 07:34:00
TRIP-000913,RTE-29,BUS-030,2025-07-09 18:00:00,2025-07-10 04:43:00
TRIP-000914,RTE-24,BUS-065,2025-06-08 12:00:00,2025-06-08 23:14:00
TRIP-000915,RTE-25,BUS-043,2025-06-09 00:00:00,2025-06-09 09:38:00
TRIP-000916,RTE-26,BUS-037,2025-06-09 12:00:00,2025-06-09 16:00:00
TRIP-000917,RTE-13,BUS-014,2025-07-22 12:00:00,2025-07-22 18:37:00
TRIP-000918,RTE-10,BUS-039,2025-12-09 00:00:00,2025-12-09 08:41:00
TRIP-000919,RTE-24,BUS-061,2025-11-08 06:00:00,2025-11-08 17:14:00
TRIP-000920,RTE-25,BUS-074,2025-11-08 18:00:00,2025-11-09 03:38:00
TRIP-000921,RTE-26,BUS-022,2025-11-09 06:00:00,2025-11-09 10:00:00
TRIP-000922,RTE-04,BUS-008,2025-12-08 12:00:00,2025-12-08 18:03:00
TRIP-000923,RTE-26,BUS-071,2025-04-22 06:00:00,2025-04-22 10:00:00
TRIP-000924,RTE-05,BUS-018,2025-04-22 12:00:00,2025-04-23 00:23:00
TRIP-000925,RTE-23,BUS-041,2025-06-22 12:00:00,2025-06-22 19:32:00
TRIP-000926,RTE-24,BUS-017,2025-06-23 00:00:00,2025-06-23 11:14:00
TRIP-000927,RTE-04,BUS-020,2025-10-08 06:00:00,2025-10-08 12:03:00
TRIP-000928,RTE-26,BUS-010,2025-07-08 06:00:00,2025-07-08 10:00:00
TRIP-000929,RTE-09,BUS-065,2025-03-08 06:00:00,2025-03-08 13:49:00
TRIP-000930,RTE-10,BUS-016,2025-03-08 18:00:00,2025-03-09 02:41:00
TRIP-000931,RTE-11,BUS-056,2025-03-09 06:00:00,2025-03-09 14:14:00
TRIP-000932,RTE-19,BUS-019,2025-08-08 12:00:00,2025-08-08 15:11:00
TRIP-000933,RTE-01,BUS-068,2025-07-08 12:00:00,2025-07-08 19:44:00
TRIP-000934,RTE-02,BUS-001,2025-07-09 00:00:00,2025-07-09 02:46:00
TRIP-000935,RTE-27,BUS-008,2025-06-23 00:00:00,2025-06-23 11:39:00
TRIP-000936,RTE-05,BUS-063,2025-05-22 06:00:00,2025-05-22 18:23:00
TRIP-000937,RTE-06,BUS-025,2025-05-22 18:00:00,2025-05-22 21:36:00
TRIP-000938,RTE-20,BUS-050,2025-06-08 12:00:00,2025-06-08 18:10:00
TRIP-000939,RTE-08,BUS-033,2025-11-08 06:00:00,2025-11-08 12:05:00
TRIP-000940,RTE-09,BUS-037,2025-11-08 12:00:00,2025-11-08 19:49:00
TRIP-000941,RTE-28,BUS-015,2025-05-23 00:00:00,2025-05-23 08:59:00
TRIP-000942,RTE-20,BUS-067,2025-08-22 06:00:00,2025-08-22 12:10:00
TRIP-000943,RTE-11,BUS-029,2025-12-23 18:00:00,2025-12-24 02:14:00
TRIP-000944,RTE-23,BUS-045,2025-07-22 18:00:00,2025-07-23 01:32:00
TRIP-000945,RTE-24,BUS-043,2025-07-23 06:00:00,2025-07-23 17:14:00
TRIP-000946,RTE-03,BUS-028,2025-01-08 12:00:00,2025-01-08 15:02:00
TRIP-000947,RTE-04,BUS-079,2025-01-08 18:00:00,2025-01-09 00:03:00
TRIP-000948,RTE-24,BUS-059,2025-02-22 06:00:00,2025-02-22 17:14:00
TRIP-000949,RTE-25,BUS-030,2025-02-22 18:00:00,2025-02-23 03:38:00
TRIP-000950,RTE-26,BUS-050,2025-05-22 12:00:00,2025-05-22 16:00:00
TRIP-000951,RTE-17,BUS-023,2025-11-08 06:00:00,2025-11-08 08:39:00
TRIP-000952,RTE-03,BUS-005,2025-01-08 18:00:00,2025-01-08 21:02:00
TRIP-000953,RTE-04,BUS-062,2025-01-09 00:00:00,2025-01-09 06:03:00
TRIP-000954,RTE-24,BUS-058,2025-05-22 12:00:00,2025-05-22 23:14:00
TRIP-000955,RTE-21,BUS-022,2025-03-08 06:00:00,2025-03-08 14:11:00
TRIP-000956,RTE-25,BUS-064,2025-02-22 12:00:00,2025-02-22 21:38:00
TRIP-000957,RTE-01,BUS-049,2025-02-23 00:00:00,2025-02-23 07:44:00
TRIP-000958,RTE-19,BUS-047,2025-04-22 06:00:00,2025-04-22 09:11:00
TRIP-000959,RTE-19,BUS-038,2025-03-08 18:00:00,2025-03-08 21:11:00
TRIP-000960,RTE-20,BUS-001,2025-03-09 00:00:00,2025-03-09 06:10:00
TRIP-000961,RTE-14,BUS-020,2025-11-22 06:00:00,2025-11-22 18:02:00
TRIP-000962,RTE-18,BUS-018,2025-05-08 12:00:00,2025-05-08 21:00:00
TRIP-000963,RTE-23,BUS-010,2025-02-22 06:00:00,2025-02-22 13:32:00
TRIP-000964,RTE-24,BUS-009,2025-02-22 18:00:00,2025-02-23 05:14:00
TRIP-000965,RTE-13,BUS-076,2025-11-22 18:00:00,2025-11-23 00:37:00
TRIP-000966,RTE-14,BUS-010,2025-11-23 06:00:00,2025-11-23 18:02:00
TRIP-000967,RTE-15,BUS-074,2025-11-23 18:00:00,2025-11-23 23:11:00
TRIP-000968,RTE-12,BUS-058,2025-06-22 12:00:00,2025-06-22 16:27:00
TRIP-000969,RTE-13,BUS-050,2025-06-22 18:00:00,2025-06-23 00:37:00
TRIP-000970,RTE-14,BUS-078,2025-06-23 06:00:00,2025-06-23 18:02:00
TRIP-000971,RTE-17,BUS-049,2025-12-08 18:00:00,2025-12-08 20:39:00
TRIP-000972,RTE-18,BUS-024,2025-12-09 00:00:00,2025-12-09 09:00:00
TRIP-000973,RTE-10,BUS-006,2025-07-08 06:00:00,2025-07-08 14:41:00
TRIP-000974,RTE-11,BUS-062,2025-07-08 18:00:00,2025-07-09 02:14:00
TRIP-000975,RTE-13,BUS-042,2025-03-22 06:00:00,2025-03-22 12:37:00
TRIP-000976,RTE-20,BUS-002,2025-07-22 12:00:00,2025-07-22 18:10:00
TRIP-000977,RTE-28,BUS-017,2025-07-09 00:00:00,2025-07-09 08:59:00
TRIP-000978,RTE-29,BUS-066,2025-07-09 12:00:00,2025-07-09 22:43:00
TRIP-000979,RTE-22,BUS-026,2025-02-08 18:00:00,2025-02-09 00:10:00
TRIP-000980,RTE-23,BUS-038,2025-02-09 00:00:00,2025-02-09 07:32:00
TRIP-000981,RTE-16,BUS-075,2025-03-08 12:00:00,2025-03-08 19:34:00
TRIP-000982,RTE-17,BUS-013,2025-07-08 06:00:00,2025-07-08 08:39:00
TRIP-000983,RTE-13,BUS-075,2025-06-08 12:00:00,2025-06-08 18:37:00
TRIP-000984,RTE-14,BUS-024,2025-06-09 00:00:00,2025-06-09 12:02:00
TRIP-000985,RTE-01,BUS-009,2025-06-09 12:00:00,2025-06-09 19:44:00
TRIP-000986,RTE-26,BUS-070,2025-07-22 06:00:00,2025-07-22 10:00:00
TRIP-000987,RTE-05,BUS-034,2025-07-22 12:00:00,2025-07-23 00:23:00
TRIP-000988,RTE-10,BUS-054,2025-05-08 06:00:00,2025-05-08 14:41:00
TRIP-000989,RTE-11,BUS-002,2025-05-08 18:00:00,2025-05-09 02:14:00
TRIP-000990,RTE-12,BUS-070,2025-05-09 06:00:00,2025-05-09 10:27:00
TRIP-000991,RTE-23,BUS-074,2025-11-08 06:00:00,2025-11-08 13:32:00
TRIP-000992,RTE-24,BUS-002,2025-11-08 18:00:00,2025-11-09 05:14:00
TRIP-000993,RTE-24,BUS-072,2025-12-09 06:00:00,2025-12-09 17:14:00
TRIP-000994,RTE-11,BUS-043,2025-02-08 06:00:00,2025-02-08 14:14:00
TRIP-000995,RTE-08,BUS-020,2025-07-22 06:00:00,2025-07-22 12:05:00
TRIP-000996,RTE-09,BUS-080,2025-07-22 12:00:00,2025-07-22 19:49:00
TRIP-000997,RTE-19,BUS-001,2025-06-23 00:00:00,2025-06-23 03:11:00
TRIP-000998,RTE-25,BUS-004,2025-10-08 06:00:00,2025-10-08 15:38:00
TRIP-000999,RTE-20,BUS-039,2025-02-08 18:00:00,2025-02-09 00:10:00
TRIP-001000,RTE-21,BUS-066,2025-02-09 00:00:00,2025-02-09 08:11:00
TRIP-001001,RTE-25,BUS-010,2025-10-22 18:00:00,2025-10-23 03:38:00
TRIP-001002,RTE-01,BUS-004,2025-10-23 06:00:00,2025-10-23 13:44:00
TRIP-001003,RTE-15,BUS-071,2025-03-22 06:00:00,2025-03-22 11:11:00
TRIP-001004,RTE-16,BUS-022,2025-03-22 12:00:00,2025-03-22 19:34:00
TRIP-001005,RTE-17,BUS-004,2025-03-23 00:00:00,2025-03-23 02:39:00
TRIP-001006,RTE-02,BUS-050,2025-02-22 18:00:00,2025-02-22 20:46:00
TRIP-001007,RTE-04,BUS-077,2025-12-08 06:00:00,2025-12-08 12:03:00
TRIP-001008,RTE-27,BUS-001,2025-12-08 12:00:00,2025-12-08 23:39:00
TRIP-001009,RTE-29,BUS-067,2025-01-08 12:00:00,2025-01-08 22:43:00
TRIP-001010,RTE-04,BUS-047,2025-06-09 00:00:00,2025-06-09 06:03:00
TRIP-001011,RTE-12,BUS-017,2025-12-22 12:00:00,2025-12-22 16:27:00
TRIP-001012,RTE-13,BUS-007,2025-12-22 18:00:00,2025-12-23 00:37:00
TRIP-001013,RTE-23,BUS-077,2025-07-23 00:00:00,2025-07-23 07:32:00
TRIP-001014,RTE-08,BUS-038,2025-06-22 12:00:00,2025-06-22 18:05:00
TRIP-001015,RTE-12,BUS-061,2025-11-08 06:00:00,2025-11-08 10:27:00
TRIP-001016,RTE-23,BUS-043,2025-08-08 18:00:00,2025-08-09 01:32:00
TRIP-001017,RTE-24,BUS-074,2025-08-09 06:00:00,2025-08-09 17:14:00
TRIP-001018,RTE-25,BUS-080,2025-08-09 18:00:00,2025-08-10 03:38:00
TRIP-001019,RTE-08,BUS-033,2025-06-22 06:00:00,2025-06-22 12:05:00
TRIP-001020,RTE-26,BUS-053,2025-03-08 12:00:00,2025-03-08 16:00:00
TRIP-001021,RTE-15,BUS-019,2025-12-09 00:00:00,2025-12-09 05:11:00
TRIP-001022,RTE-16,BUS-040,2025-12-09 06:00:00,2025-12-09 13:34:00
TRIP-001023,RTE-18,BUS-079,2025-04-08 06:00:00,2025-04-08 15:00:00
TRIP-001024,RTE-19,BUS-035,2025-04-08 18:00:00,2025-04-08 21:11:00
TRIP-001025,RTE-05,BUS-062,2025-09-08 18:00:00,2025-09-09 06:23:00
TRIP-001026,RTE-06,BUS-039,2025-09-09 06:00:00,2025-09-09 09:36:00
TRIP-001027,RTE-03,BUS-017,2025-07-08 06:00:00,2025-07-08 09:02:00
TRIP-001028,RTE-02,BUS-008,2025-07-22 06:00:00,2025-07-22 08:46:00
TRIP-001029,RTE-21,BUS-029,2025-08-22 18:00:00,2025-08-23 02:11:00
TRIP-001030,RTE-22,BUS-021,2025-08-23 06:00:00,2025-08-23 12:10:00
TRIP-001031,RTE-23,BUS-069,2025-08-23 12:00:00,2025-08-23 19:32:00
TRIP-001032,RTE-11,BUS-014,2025-12-08 18:00:00,2025-12-09 02:14:00
TRIP-001033,RTE-25,BUS-075,2025-08-08 12:00:00,2025-08-08 21:38:00
TRIP-001034,RTE-01,BUS-016,2025-08-09 00:00:00,2025-08-09 07:44:00
TRIP-001035,RTE-23,BUS-028,2025-07-08 06:00:00,2025-07-08 13:32:00
TRIP-001036,RTE-07,BUS-035,2025-05-08 12:00:00,2025-05-08 21:42:00
TRIP-001037,RTE-08,BUS-078,2025-05-09 00:00:00,2025-05-09 06:05:00
TRIP-001038,RTE-18,BUS-035,2025-11-08 18:00:00,2025-11-09 03:00:00
TRIP-001039,RTE-19,BUS-022,2025-11-09 06:00:00,2025-11-09 09:11:00
TRIP-001040,RTE-12,BUS-071,2025-07-08 06:00:00,2025-07-08 10:27:00
TRIP-001041,RTE-13,BUS-067,2025-07-08 12:00:00,2025-07-08 18:37:00
TRIP-001042,RTE-14,BUS-079,2025-07-09 00:00:00,2025-07-09 12:02:00
TRIP-001043,RTE-08,BUS-020,2025-08-22 18:00:00,2025-08-23 00:05:00
TRIP-001044,RTE-09,BUS-070,2025-08-23 00:00:00,2025-08-23 07:49:00
TRIP-001045,RTE-10,BUS-049,2025-01-22 06:00:00,2025-01-22 14:41:00
TRIP-001046,RTE-11,BUS-014,2025-01-22 18:00:00,2025-01-23 02:14:00
TRIP-001047,RTE-12,BUS-024,2025-01-23 06:00:00,2025-01-23 10:27:00
TRIP-001048,RTE-16,BUS-047,2025-12-22 06:00:00,2025-12-22 13:34:00
TRIP-001049,RTE-17,BUS-022,2025-12-22 18:00:00,2025-12-22 20:39:00
TRIP-001050,RTE-17,BUS-010,2025-01-22 06:00:00,2025-01-22 08:39:00
TRIP-001051,RTE-18,BUS-033,2025-01-22 12:00:00,2025-01-22 21:00:00
TRIP-001052,RTE-19,BUS-079,2025-01-23 00:00:00,2025-01-23 03:11:00
TRIP-001053,RTE-08,BUS-033,2025-10-09 00:00:00,2025-10-09 06:05:00
TRIP-001054,RTE-14,BUS-038,2025-12-23 12:00:00,2025-12-24 00:02:00
TRIP-001055,RTE-15,BUS-032,2025-07-22 18:00:00,2025-07-22 23:11:00
TRIP-001056,RTE-16,BUS-011,2025-07-23 00:00:00,2025-07-23 07:34:00
TRIP-001057,RTE-15,BUS-042,2025-02-23 00:00:00,2025-02-23 05:11:00
TRIP-001058,RTE-19,BUS-057,2025-03-23 00:00:00,2025-03-23 03:11:00
TRIP-001059,RTE-06,BUS-050,2025-03-08 12:00:00,2025-03-08 15:36:00
TRIP-001060,RTE-07,BUS-057,2025-03-08 18:00:00,2025-03-09 03:42:00
TRIP-001061,RTE-07,BUS-048,2025-01-22 12:00:00,2025-01-22 21:42:00
TRIP-001062,RTE-08,BUS-029,2025-01-23 00:00:00,2025-01-23 06:05:00
TRIP-001063,RTE-20,BUS-043,2025-04-22 12:00:00,2025-04-22 18:10:00
TRIP-001064,RTE-21,BUS-059,2025-04-22 18:00:00,2025-04-23 02:11:00
TRIP-001065,RTE-07,BUS-018,2025-04-08 12:00:00,2025-04-08 21:42:00
TRIP-001066,RTE-08,BUS-005,2025-04-09 00:00:00,2025-04-09 06:05:00
TRIP-001067,RTE-09,BUS-050,2025-04-09 06:00:00,2025-04-09 13:49:00
TRIP-001068,RTE-05,BUS-021,2025-12-08 06:00:00,2025-12-08 18:23:00
TRIP-001069,RTE-05,BUS-019,2025-05-22 12:00:00,2025-05-23 00:23:00
TRIP-001070,RTE-27,BUS-034,2025-11-08 18:00:00,2025-11-09 05:39:00
TRIP-001071,RTE-10,BUS-061,2025-11-09 06:00:00,2025-11-09 14:41:00
TRIP-001072,RTE-27,BUS-053,2025-02-22 06:00:00,2025-02-22 17:39:00
TRIP-001073,RTE-07,BUS-045,2025-11-23 06:00:00,2025-11-23 15:42:00
TRIP-001074,RTE-24,BUS-016,2025-02-08 12:00:00,2025-02-08 23:14:00
TRIP-001075,RTE-25,BUS-047,2025-02-09 00:00:00,2025-02-09 09:38:00
TRIP-001076,RTE-29,BUS-036,2025-06-23 06:00:00,2025-06-23 16:43:00
TRIP-001077,RTE-18,BUS-021,2025-07-23 12:00:00,2025-07-23 21:00:00
TRIP-001078,RTE-23,BUS-062,2025-05-08 06:00:00,2025-05-08 13:32:00
TRIP-001079,RTE-24,BUS-021,2025-05-08 18:00:00,2025-05-09 05:14:00
TRIP-001080,RTE-01,BUS-044,2025-04-23 06:00:00,2025-04-23 13:44:00
TRIP-001081,RTE-02,BUS-035,2025-04-23 18:00:00,2025-04-23 20:46:00
TRIP-001082,RTE-07,BUS-028,2025-07-08 06:00:00,2025-07-08 15:42:00
TRIP-001083,RTE-25,BUS-022,2025-03-08 12:00:00,2025-03-08 21:38:00
TRIP-001084,RTE-19,BUS-028,2025-09-08 12:00:00,2025-09-08 15:11:00
TRIP-001085,RTE-30,BUS-028,2025-09-08 18:00:00,2025-09-09 06:25:00
TRIP-001086,RTE-04,BUS-011,2025-02-08 06:00:00,2025-02-08 12:03:00
TRIP-001087,RTE-10,BUS-062,2025-12-08 12:00:00,2025-12-08 20:41:00
TRIP-001088,RTE-11,BUS-040,2025-12-09 00:00:00,2025-12-09 08:14:00
TRIP-001089,RTE-21,BUS-002,2025-12-08 18:00:00,2025-12-09 02:11:00
TRIP-001090,RTE-22,BUS-039,2025-12-09 06:00:00,2025-12-09 12:10:00
TRIP-001091,RTE-05,BUS-079,2025-02-08 06:00:00,2025-02-08 18:23:00
TRIP-001092,RTE-08,BUS-054,2025-06-09 00:00:00,2025-06-09 06:05:00
TRIP-001093,RTE-25,BUS-054,2025-02-09 06:00:00,2025-02-09 15:38:00
TRIP-001094,RTE-09,BUS-075,2025-08-08 18:00:00,2025-08-09 01:49:00
TRIP-001095,RTE-28,BUS-010,2025-08-09 06:00:00,2025-08-09 14:59:00
TRIP-001096,RTE-28,BUS-043,2025-06-23 00:00:00,2025-06-23 08:59:00
TRIP-001097,RTE-11,BUS-040,2025-03-22 18:00:00,2025-03-23 02:14:00
TRIP-001098,RTE-12,BUS-071,2025-03-23 06:00:00,2025-03-23 10:27:00
TRIP-001099,RTE-13,BUS-057,2025-03-23 12:00:00,2025-03-23 18:37:00
TRIP-001100,RTE-01,BUS-056,2025-06-08 06:00:00,2025-06-08 13:44:00
TRIP-001101,RTE-21,BUS-036,2025-05-22 18:00:00,2025-05-23 02:11:00
TRIP-001102,RTE-22,BUS-073,2025-05-23 06:00:00,2025-05-23 12:10:00
TRIP-001103,RTE-01,BUS-017,2025-12-08 18:00:00,2025-12-09 01:44:00
TRIP-001104,RTE-02,BUS-005,2025-12-09 06:00:00,2025-12-09 08:46:00
TRIP-001105,RTE-22,BUS-013,2025-07-22 06:00:00,2025-07-22 12:10:00
TRIP-001106,RTE-23,BUS-001,2025-07-22 12:00:00,2025-07-22 19:32:00
TRIP-001107,RTE-22,BUS-030,2025-07-22 12:00:00,2025-07-22 18:10:00
TRIP-001108,RTE-18,BUS-001,2025-12-08 06:00:00,2025-12-08 15:00:00
TRIP-001109,RTE-17,BUS-014,2025-09-22 12:00:00,2025-09-22 14:39:00
TRIP-001110,RTE-18,BUS-056,2025-09-22 18:00:00,2025-09-23 03:00:00
TRIP-001111,RTE-19,BUS-022,2025-09-23 06:00:00,2025-09-23 09:11:00
TRIP-001112,RTE-09,BUS-053,2025-06-09 00:00:00,2025-06-09 07:49:00
TRIP-001113,RTE-16,BUS-036,2025-09-08 12:00:00,2025-09-08 19:34:00
TRIP-001114,RTE-17,BUS-011,2025-07-09 06:00:00,2025-07-09 08:39:00
TRIP-001115,RTE-22,BUS-054,2025-11-23 00:00:00,2025-11-23 06:10:00
TRIP-001116,RTE-04,BUS-001,2025-06-22 12:00:00,2025-06-22 18:03:00
TRIP-001117,RTE-17,BUS-033,2025-05-08 18:00:00,2025-05-08 20:39:00
TRIP-001118,RTE-18,BUS-029,2025-05-09 00:00:00,2025-05-09 09:00:00
TRIP-001119,RTE-03,BUS-042,2025-08-22 06:00:00,2025-08-22 09:02:00
TRIP-001120,RTE-04,BUS-021,2025-08-22 12:00:00,2025-08-22 18:03:00
TRIP-001121,RTE-19,BUS-022,2025-05-08 06:00:00,2025-05-08 09:11:00
TRIP-001122,RTE-20,BUS-029,2025-05-08 12:00:00,2025-05-08 18:10:00
TRIP-001123,RTE-21,BUS-078,2025-05-08 18:00:00,2025-05-09 02:11:00
TRIP-001124,RTE-08,BUS-064,2025-10-22 12:00:00,2025-10-22 18:05:00
TRIP-001125,RTE-06,BUS-037,2025-04-08 12:00:00,2025-04-08 15:36:00
TRIP-001126,RTE-07,BUS-069,2025-04-08 18:00:00,2025-04-09 03:42:00
TRIP-001127,RTE-08,BUS-026,2025-04-09 06:00:00,2025-04-09 12:05:00
TRIP-001128,RTE-14,BUS-047,2025-09-08 12:00:00,2025-09-09 00:02:00
TRIP-001129,RTE-15,BUS-061,2025-09-09 00:00:00,2025-09-09 05:11:00
TRIP-001130,RTE-03,BUS-029,2025-10-08 12:00:00,2025-10-08 15:02:00
TRIP-001131,RTE-04,BUS-002,2025-10-08 18:00:00,2025-10-09 00:03:00
TRIP-001132,RTE-27,BUS-054,2025-10-09 00:00:00,2025-10-09 11:39:00
TRIP-001133,RTE-13,BUS-006,2025-12-22 12:00:00,2025-12-22 18:37:00
TRIP-001134,RTE-14,BUS-041,2025-12-23 00:00:00,2025-12-23 12:02:00
TRIP-001135,RTE-24,BUS-013,2025-07-22 06:00:00,2025-07-22 17:14:00
TRIP-001136,RTE-11,BUS-064,2025-03-22 12:00:00,2025-03-22 20:14:00
TRIP-001137,RTE-12,BUS-025,2025-03-23 00:00:00,2025-03-23 04:27:00
TRIP-001138,RTE-01,BUS-068,2025-06-23 12:00:00,2025-06-23 19:44:00
TRIP-001139,RTE-04,BUS-011,2025-01-08 06:00:00,2025-01-08 12:03:00
TRIP-001140,RTE-05,BUS-076,2025-01-08 12:00:00,2025-01-09 00:23:00
TRIP-001141,RTE-11,BUS-022,2025-06-08 06:00:00,2025-06-08 14:14:00
TRIP-001142,RTE-09,BUS-014,2025-10-08 06:00:00,2025-10-08 13:49:00
TRIP-001143,RTE-28,BUS-001,2025-10-08 18:00:00,2025-10-09 02:59:00
TRIP-001144,RTE-08,BUS-056,2025-11-22 06:00:00,2025-11-22 12:05:00
TRIP-001145,RTE-03,BUS-063,2025-07-22 12:00:00,2025-07-22 15:02:00
TRIP-001146,RTE-15,BUS-037,2025-06-22 12:00:00,2025-06-22 17:11:00
TRIP-001147,RTE-16,BUS-024,2025-06-22 18:00:00,2025-06-23 01:34:00
TRIP-001148,RTE-08,BUS-065,2025-01-08 06:00:00,2025-01-08 12:05:00
TRIP-001149,RTE-09,BUS-041,2025-01-08 12:00:00,2025-01-08 19:49:00
TRIP-001150,RTE-10,BUS-078,2025-01-09 00:00:00,2025-01-09 08:41:00
TRIP-001151,RTE-11,BUS-033,2025-12-08 06:00:00,2025-12-08 14:14:00
TRIP-001152,RTE-21,BUS-042,2025-06-08 12:00:00,2025-06-08 20:11:00
TRIP-001153,RTE-22,BUS-041,2025-06-09 00:00:00,2025-06-09 06:10:00
TRIP-001154,RTE-13,BUS-077,2025-09-22 06:00:00,2025-09-22 12:37:00
TRIP-001155,RTE-14,BUS-045,2025-09-22 18:00:00,2025-09-23 06:02:00
TRIP-001156,RTE-12,BUS-063,2025-04-22 06:00:00,2025-04-22 10:27:00
TRIP-001157,RTE-13,BUS-006,2025-04-22 12:00:00,2025-04-22 18:37:00
TRIP-001158,RTE-02,BUS-024,2025-08-08 06:00:00,2025-08-08 08:46:00
TRIP-001159,RTE-03,BUS-074,2025-08-08 12:00:00,2025-08-08 15:02:00
TRIP-001160,RTE-08,BUS-010,2025-01-22 06:00:00,2025-01-22 12:05:00
TRIP-001161,RTE-09,BUS-028,2025-01-22 12:00:00,2025-01-22 19:49:00
TRIP-001162,RTE-07,BUS-032,2025-07-08 18:00:00,2025-07-09 03:42:00
TRIP-001163,RTE-04,BUS-019,2025-01-09 06:00:00,2025-01-09 12:03:00
TRIP-001164,RTE-08,BUS-016,2025-12-22 18:00:00,2025-12-23 00:05:00
TRIP-001165,RTE-09,BUS-038,2025-12-23 00:00:00,2025-12-23 07:49:00
TRIP-001166,RTE-11,BUS-018,2025-04-22 12:00:00,2025-04-22 20:14:00
TRIP-001167,RTE-12,BUS-009,2025-04-23 00:00:00,2025-04-23 04:27:00
TRIP-001168,RTE-13,BUS-035,2025-04-23 06:00:00,2025-04-23 12:37:00
TRIP-001169,RTE-04,BUS-062,2025-12-23 00:00:00,2025-12-23 06:03:00
TRIP-001170,RTE-26,BUS-060,2025-04-22 12:00:00,2025-04-22 16:00:00
TRIP-001171,RTE-27,BUS-029,2025-04-22 18:00:00,2025-04-23 05:39:00
TRIP-001172,RTE-06,BUS-078,2025-09-08 12:00:00,2025-09-08 15:36:00
TRIP-001173,RTE-17,BUS-011,2025-08-22 06:00:00,2025-08-22 08:39:00
TRIP-001174,RTE-18,BUS-073,2025-08-22 12:00:00,2025-08-22 21:00:00
TRIP-001175,RTE-19,BUS-014,2025-08-23 00:00:00,2025-08-23 03:11:00
TRIP-001176,RTE-16,BUS-005,2025-09-22 06:00:00,2025-09-22 13:34:00
TRIP-001177,RTE-17,BUS-016,2025-09-22 18:00:00,2025-09-22 20:39:00
TRIP-001178,RTE-18,BUS-059,2025-09-23 00:00:00,2025-09-23 09:00:00
TRIP-001179,RTE-06,BUS-077,2025-04-08 06:00:00,2025-04-08 09:36:00
TRIP-001180,RTE-08,BUS-061,2025-05-08 12:00:00,2025-05-08 18:05:00
TRIP-001181,RTE-09,BUS-036,2025-05-08 18:00:00,2025-05-09 01:49:00
TRIP-001182,RTE-28,BUS-080,2025-05-09 06:00:00,2025-05-09 14:59:00
TRIP-001183,RTE-16,BUS-010,2025-07-22 06:00:00,2025-07-22 13:34:00
TRIP-001184,RTE-04,BUS-010,2025-04-08 12:00:00,2025-04-08 18:03:00
TRIP-001185,RTE-05,BUS-002,2025-04-08 18:00:00,2025-04-09 06:23:00
TRIP-001186,RTE-13,BUS-014,2025-03-08 06:00:00,2025-03-08 12:37:00
TRIP-001187,RTE-14,BUS-075,2025-03-08 18:00:00,2025-03-09 06:02:00
TRIP-001188,RTE-04,BUS-068,2025-07-22 12:00:00,2025-07-22 18:03:00
TRIP-001189,RTE-27,BUS-044,2025-07-22 18:00:00,2025-07-23 05:39:00
TRIP-001190,RTE-04,BUS-063,2025-09-22 18:00:00,2025-09-23 00:03:00
TRIP-001191,RTE-27,BUS-008,2025-09-23 00:00:00,2025-09-23 11:39:00
TRIP-001192,RTE-28,BUS-010,2025-09-23 12:00:00,2025-09-23 20:59:00
TRIP-001193,RTE-24,BUS-022,2025-08-22 12:00:00,2025-08-22 23:14:00
TRIP-001194,RTE-02,BUS-074,2025-07-08 06:00:00,2025-07-08 08:46:00
TRIP-001195,RTE-03,BUS-069,2025-07-08 12:00:00,2025-07-08 15:02:00
TRIP-001196,RTE-02,BUS-039,2025-01-22 12:00:00,2025-01-22 14:46:00
TRIP-001197,RTE-03,BUS-001,2025-01-22 18:00:00,2025-01-22 21:02:00
TRIP-001198,RTE-04,BUS-005,2025-01-23 00:00:00,2025-01-23 06:03:00
TRIP-001199,RTE-14,BUS-004,2025-07-22 12:00:00,2025-07-23 00:02:00
TRIP-001200,RTE-15,BUS-032,2025-07-23 00:00:00,2025-07-23 05:11:00
TRIP-001201,RTE-23,BUS-033,2025-03-22 12:00:00,2025-03-22 19:32:00
TRIP-001202,RTE-24,BUS-036,2025-03-23 00:00:00,2025-03-23 11:14:00
TRIP-001203,RTE-02,BUS-075,2025-12-08 12:00:00,2025-12-08 14:46:00
TRIP-001204,RTE-18,BUS-040,2025-04-22 06:00:00,2025-04-22 15:00:00
TRIP-001205,RTE-19,BUS-079,2025-04-22 18:00:00,2025-04-22 21:11:00
TRIP-001206,RTE-15,BUS-050,2025-05-08 12:00:00,2025-05-08 17:11:00
TRIP-001207,RTE-17,BUS-014,2025-06-08 06:00:00,2025-06-08 08:39:00
TRIP-001208,RTE-20,BUS-008,2025-12-08 12:00:00,2025-12-08 18:10:00
TRIP-001209,RTE-27,BUS-023,2025-12-22 06:00:00,2025-12-22 17:39:00
TRIP-001210,RTE-10,BUS-026,2025-12-22 18:00:00,2025-12-23 02:41:00
TRIP-001211,RTE-22,BUS-017,2025-10-22 12:00:00,2025-10-22 18:10:00
TRIP-001212,RTE-12,BUS-026,2025-02-22 12:00:00,2025-02-22 16:27:00
TRIP-001213,RTE-13,BUS-074,2025-02-22 18:00:00,2025-02-23 00:37:00
TRIP-001214,RTE-14,BUS-030,2025-10-09 06:00:00,2025-10-09 18:02:00
TRIP-001215,RTE-24,BUS-077,2025-11-22 06:00:00,2025-11-22 17:14:00
TRIP-001216,RTE-25,BUS-034,2025-11-22 18:00:00,2025-11-23 03:38:00
TRIP-001217,RTE-26,BUS-061,2025-11-23 06:00:00,2025-11-23 10:00:00
TRIP-001218,RTE-03,BUS-022,2025-09-08 12:00:00,2025-09-08 15:02:00
TRIP-001219,RTE-04,BUS-047,2025-09-08 18:00:00,2025-09-09 00:03:00
TRIP-001220,RTE-24,BUS-045,2025-05-23 00:00:00,2025-05-23 11:14:00
TRIP-001221,RTE-24,BUS-056,2025-04-08 06:00:00,2025-04-08 17:14:00
TRIP-001222,RTE-12,BUS-050,2025-08-08 12:00:00,2025-08-08 16:27:00
TRIP-001223,RTE-29,BUS-022,2025-04-22 12:00:00,2025-04-22 22:43:00
TRIP-001224,RTE-28,BUS-030,2025-09-23 06:00:00,2025-09-23 14:59:00
TRIP-001225,RTE-01,BUS-065,2025-09-22 12:00:00,2025-09-22 19:44:00
TRIP-001226,RTE-02,BUS-002,2025-09-23 00:00:00,2025-09-23 02:46:00
TRIP-001227,RTE-30,BUS-034,2025-06-22 06:00:00,2025-06-22 18:25:00
TRIP-001228,RTE-25,BUS-040,2025-06-22 18:00:00,2025-06-23 03:38:00
TRIP-001229,RTE-26,BUS-017,2025-06-23 06:00:00,2025-06-23 10:00:00
TRIP-001230,RTE-04,BUS-026,2025-02-22 06:00:00,2025-02-22 12:03:00
TRIP-001231,RTE-05,BUS-035,2025-02-22 12:00:00,2025-02-23 00:23:00
TRIP-001232,RTE-02,BUS-059,2025-05-08 06:00:00,2025-05-08 08:46:00
TRIP-001233,RTE-03,BUS-079,2025-05-08 12:00:00,2025-05-08 15:02:00
TRIP-001234,RTE-14,BUS-058,2025-05-08 06:00:00,2025-05-08 18:02:00
TRIP-001235,RTE-29,BUS-053,2025-05-08 18:00:00,2025-05-09 04:43:00
TRIP-001236,RTE-30,BUS-014,2025-05-09 06:00:00,2025-05-09 18:25:00
TRIP-001237,RTE-22,BUS-043,2025-12-22 18:00:00,2025-12-23 00:10:00
TRIP-001238,RTE-22,BUS-004,2025-10-08 18:00:00,2025-10-09 00:10:00
TRIP-001239,RTE-23,BUS-002,2025-10-09 00:00:00,2025-10-09 07:32:00
TRIP-001240,RTE-24,BUS-026,2025-10-09 12:00:00,2025-10-09 23:14:00
TRIP-001241,RTE-15,BUS-018,2025-01-08 12:00:00,2025-01-08 17:11:00
TRIP-001242,RTE-16,BUS-069,2025-06-08 18:00:00,2025-06-09 01:34:00
TRIP-001243,RTE-17,BUS-071,2025-06-09 06:00:00,2025-06-09 08:39:00
TRIP-001244,RTE-18,BUS-063,2025-06-09 12:00:00,2025-06-09 21:00:00
TRIP-001245,RTE-12,BUS-042,2025-08-22 06:00:00,2025-08-22 10:27:00
TRIP-001246,RTE-02,BUS-015,2025-05-22 12:00:00,2025-05-22 14:46:00
TRIP-001247,RTE-03,BUS-080,2025-05-22 18:00:00,2025-05-22 21:02:00
TRIP-001248,RTE-14,BUS-056,2025-09-22 12:00:00,2025-09-23 00:02:00
TRIP-001249,RTE-16,BUS-017,2025-07-22 12:00:00,2025-07-22 19:34:00
TRIP-001250,RTE-01,BUS-014,2025-06-22 06:00:00,2025-06-22 13:44:00
TRIP-001251,RTE-19,BUS-007,2025-11-08 18:00:00,2025-11-08 21:11:00
TRIP-001252,RTE-13,BUS-023,2025-06-08 06:00:00,2025-06-08 12:37:00
TRIP-001253,RTE-28,BUS-057,2025-05-09 00:00:00,2025-05-09 08:59:00
TRIP-001254,RTE-15,BUS-063,2025-05-09 12:00:00,2025-05-09 17:11:00
TRIP-001255,RTE-09,BUS-062,2025-01-23 00:00:00,2025-01-23 07:49:00
TRIP-001256,RTE-05,BUS-042,2025-11-08 12:00:00,2025-11-09 00:23:00
TRIP-001257,RTE-09,BUS-050,2025-07-08 06:00:00,2025-07-08 13:49:00
TRIP-001258,RTE-10,BUS-018,2025-07-08 18:00:00,2025-07-09 02:41:00
TRIP-001259,RTE-11,BUS-057,2025-07-09 06:00:00,2025-07-09 14:14:00
TRIP-001260,RTE-11,BUS-071,2025-02-08 18:00:00,2025-02-09 02:14:00
TRIP-001261,RTE-12,BUS-042,2025-02-09 06:00:00,2025-02-09 10:27:00
TRIP-001262,RTE-06,BUS-064,2025-07-08 12:00:00,2025-07-08 15:36:00
TRIP-001263,RTE-30,BUS-042,2025-01-08 12:00:00,2025-01-09 00:25:00
TRIP-001264,RTE-23,BUS-024,2025-06-23 00:00:00,2025-06-23 07:32:00
TRIP-001265,RTE-06,BUS-071,2025-05-23 00:00:00,2025-05-23 03:36:00
TRIP-001266,RTE-13,BUS-021,2025-01-09 00:00:00,2025-01-09 06:37:00
TRIP-001267,RTE-11,BUS-017,2025-01-22 12:00:00,2025-01-22 20:14:00
TRIP-001268,RTE-12,BUS-024,2025-01-23 00:00:00,2025-01-23 04:27:00
TRIP-001269,RTE-13,BUS-053,2025-01-23 06:00:00,2025-01-23 12:37:00
TRIP-001270,RTE-05,BUS-028,2025-02-08 12:00:00,2025-02-09 00:23:00
TRIP-001271,RTE-06,BUS-044,2025-02-09 00:00:00,2025-02-09 03:36:00
TRIP-001272,RTE-07,BUS-042,2025-02-09 06:00:00,2025-02-09 15:42:00
TRIP-001273,RTE-12,BUS-035,2025-12-22 06:00:00,2025-12-22 10:27:00
TRIP-001274,RTE-17,BUS-023,2025-06-09 00:00:00,2025-06-09 02:39:00
TRIP-001275,RTE-29,BUS-033,2025-06-09 06:00:00,2025-06-09 16:43:00
TRIP-001276,RTE-20,BUS-057,2025-06-09 18:00:00,2025-06-10 00:10:00
TRIP-001277,RTE-25,BUS-045,2025-05-23 06:00:00,2025-05-23 15:38:00
TRIP-001278,RTE-06,BUS-008,2025-11-08 06:00:00,2025-11-08 09:36:00
TRIP-001279,RTE-28,BUS-066,2025-04-08 12:00:00,2025-04-08 20:59:00
TRIP-001280,RTE-15,BUS-036,2025-04-09 00:00:00,2025-04-09 05:11:00
TRIP-001281,RTE-16,BUS-034,2025-03-22 18:00:00,2025-03-23 01:34:00
TRIP-001282,RTE-17,BUS-042,2025-03-23 06:00:00,2025-03-23 08:39:00
TRIP-001283,RTE-19,BUS-076,2025-10-22 12:00:00,2025-10-22 15:11:00
TRIP-001284,RTE-22,BUS-018,2025-04-22 06:00:00,2025-04-22 12:10:00
TRIP-001285,RTE-22,BUS-009,2025-09-08 06:00:00,2025-09-08 12:10:00
TRIP-001286,RTE-23,BUS-001,2025-09-08 12:00:00,2025-09-08 19:32:00
TRIP-001287,RTE-13,BUS-035,2025-12-08 06:00:00,2025-12-08 12:37:00
TRIP-001288,RTE-14,BUS-065,2025-12-08 18:00:00,2025-12-09 06:02:00
TRIP-001289,RTE-30,BUS-008,2025-07-22 06:00:00,2025-07-22 18:25:00
TRIP-001290,RTE-23,BUS-079,2025-12-08 06:00:00,2025-12-08 13:32:00
TRIP-001291,RTE-24,BUS-073,2025-12-08 18:00:00,2025-12-09 05:14:00
TRIP-001292,RTE-14,BUS-038,2025-05-22 18:00:00,2025-05-23 06:02:00
TRIP-001293,RTE-15,BUS-070,2025-05-23 06:00:00,2025-05-23 11:11:00
TRIP-001294,RTE-27,BUS-032,2025-04-08 12:00:00,2025-04-08 23:39:00
TRIP-001295,RTE-10,BUS-052,2025-04-09 00:00:00,2025-04-09 08:41:00
TRIP-001296,RTE-10,BUS-068,2025-10-23 06:00:00,2025-10-23 14:41:00
TRIP-001297,RTE-08,BUS-028,2025-11-22 12:00:00,2025-11-22 18:05:00
TRIP-001298,RTE-09,BUS-016,2025-12-22 06:00:00,2025-12-22 13:49:00
TRIP-001299,RTE-13,BUS-079,2025-03-22 12:00:00,2025-03-22 18:37:00
TRIP-001300,RTE-27,BUS-078,2025-06-08 12:00:00,2025-06-08 23:39:00
TRIP-001301,RTE-21,BUS-048,2025-12-22 18:00:00,2025-12-23 02:11:00
TRIP-001302,RTE-22,BUS-045,2025-12-23 06:00:00,2025-12-23 12:10:00
TRIP-001303,RTE-17,BUS-021,2025-06-08 18:00:00,2025-06-08 20:39:00
TRIP-001304,RTE-18,BUS-065,2025-06-09 00:00:00,2025-06-09 09:00:00
TRIP-001305,RTE-21,BUS-025,2025-10-22 06:00:00,2025-10-22 14:11:00
TRIP-001306,RTE-22,BUS-041,2025-10-22 18:00:00,2025-10-23 00:10:00
TRIP-001307,RTE-23,BUS-028,2025-10-23 00:00:00,2025-10-23 07:32:00
TRIP-001308,RTE-17,BUS-043,2025-05-08 06:00:00,2025-05-08 08:39:00
TRIP-001309,RTE-10,BUS-038,2025-11-22 12:00:00,2025-11-22 20:41:00
TRIP-001310,RTE-11,BUS-062,2025-11-23 00:00:00,2025-11-23 08:14:00
TRIP-001311,RTE-22,BUS-042,2025-12-08 06:00:00,2025-12-08 12:10:00
TRIP-001312,RTE-02,BUS-073,2025-12-22 18:00:00,2025-12-22 20:46:00
TRIP-001313,RTE-03,BUS-007,2025-12-23 00:00:00,2025-12-23 03:02:00
TRIP-001314,RTE-14,BUS-001,2025-08-08 06:00:00,2025-08-08 18:02:00
TRIP-001315,RTE-29,BUS-032,2025-08-08 18:00:00,2025-08-09 04:43:00
TRIP-001316,RTE-30,BUS-078,2025-08-09 06:00:00,2025-08-09 18:25:00
TRIP-001317,RTE-11,BUS-028,2025-01-22 06:00:00,2025-01-22 14:14:00
TRIP-001318,RTE-29,BUS-009,2025-03-22 06:00:00,2025-03-22 16:43:00
TRIP-001319,RTE-30,BUS-064,2025-03-22 18:00:00,2025-03-23 06:25:00
TRIP-001320,RTE-25,BUS-080,2025-03-23 06:00:00,2025-03-23 15:38:00
TRIP-001321,RTE-26,BUS-075,2025-02-08 18:00:00,2025-02-08 22:00:00
TRIP-001322,RTE-05,BUS-079,2025-02-09 00:00:00,2025-02-09 12:23:00
TRIP-001323,RTE-02,BUS-022,2025-12-23 18:00:00,2025-12-23 20:46:00
TRIP-001324,RTE-06,BUS-070,2025-06-22 12:00:00,2025-06-22 15:36:00
TRIP-001325,RTE-07,BUS-064,2025-06-22 18:00:00,2025-06-23 03:42:00
TRIP-001326,RTE-01,BUS-057,2025-09-22 18:00:00,2025-09-23 01:44:00
TRIP-001327,RTE-22,BUS-047,2025-02-22 06:00:00,2025-02-22 12:10:00
TRIP-001328,RTE-23,BUS-024,2025-02-22 12:00:00,2025-02-22 19:32:00
TRIP-001329,RTE-12,BUS-001,2025-01-22 06:00:00,2025-01-22 10:27:00
TRIP-001330,RTE-13,BUS-033,2025-01-22 12:00:00,2025-01-22 18:37:00
TRIP-001331,RTE-18,BUS-053,2025-05-08 18:00:00,2025-05-09 03:00:00
TRIP-001332,RTE-19,BUS-058,2025-05-09 06:00:00,2025-05-09 09:11:00
TRIP-001333,RTE-20,BUS-021,2025-08-09 12:00:00,2025-08-09 18:10:00
TRIP-001334,RTE-22,BUS-030,2025-06-09 12:00:00,2025-06-09 18:10:00
TRIP-001335,RTE-30,BUS-049,2025-01-08 18:00:00,2025-01-09 06:25:00
TRIP-001336,RTE-24,BUS-032,2025-04-22 18:00:00,2025-04-23 05:14:00
TRIP-001337,RTE-08,BUS-011,2025-02-22 12:00:00,2025-02-22 18:05:00
TRIP-001338,RTE-09,BUS-006,2025-02-22 18:00:00,2025-02-23 01:49:00
TRIP-001339,RTE-10,BUS-074,2025-02-23 06:00:00,2025-02-23 14:41:00
TRIP-001340,RTE-02,BUS-056,2025-03-22 06:00:00,2025-03-22 08:46:00
TRIP-001341,RTE-06,BUS-048,2025-02-08 18:00:00,2025-02-08 21:36:00
TRIP-001342,RTE-11,BUS-062,2025-04-22 18:00:00,2025-04-23 02:14:00
TRIP-001343,RTE-16,BUS-004,2025-02-22 12:00:00,2025-02-22 19:34:00
TRIP-001344,RTE-17,BUS-017,2025-02-23 00:00:00,2025-02-23 02:39:00
TRIP-001345,RTE-18,BUS-043,2025-02-23 06:00:00,2025-02-23 15:00:00
TRIP-001346,RTE-17,BUS-004,2025-09-08 06:00:00,2025-09-08 08:39:00
TRIP-001347,RTE-28,BUS-060,2025-07-23 00:00:00,2025-07-23 08:59:00
TRIP-001348,RTE-29,BUS-040,2025-08-09 00:00:00,2025-08-09 10:43:00
TRIP-001349,RTE-15,BUS-061,2025-05-08 18:00:00,2025-05-08 23:11:00
TRIP-001350,RTE-15,BUS-080,2025-02-22 12:00:00,2025-02-22 17:11:00
TRIP-001351,RTE-16,BUS-069,2025-02-22 18:00:00,2025-02-23 01:34:00
TRIP-001352,RTE-06,BUS-060,2025-05-08 12:00:00,2025-05-08 15:36:00
TRIP-001353,RTE-10,BUS-038,2025-07-23 00:00:00,2025-07-23 08:41:00
TRIP-001354,RTE-18,BUS-076,2025-12-22 12:00:00,2025-12-22 21:00:00
TRIP-001355,RTE-19,BUS-013,2025-12-23 00:00:00,2025-12-23 03:11:00
TRIP-001356,RTE-30,BUS-022,2025-12-23 06:00:00,2025-12-23 18:25:00
TRIP-001357,RTE-05,BUS-049,2025-07-09 06:00:00,2025-07-09 18:23:00
TRIP-001358,RTE-03,BUS-058,2025-11-08 12:00:00,2025-11-08 15:02:00
TRIP-001359,RTE-04,BUS-069,2025-11-08 18:00:00,2025-11-09 00:03:00
TRIP-001360,RTE-04,BUS-013,2025-10-22 06:00:00,2025-10-22 12:03:00
TRIP-001361,RTE-05,BUS-010,2025-10-22 12:00:00,2025-10-23 00:23:00
TRIP-001362,RTE-06,BUS-068,2025-10-23 00:00:00,2025-10-23 03:36:00
TRIP-001363,RTE-12,BUS-033,2025-07-23 06:00:00,2025-07-23 10:27:00
TRIP-001364,RTE-30,BUS-076,2025-07-08 06:00:00,2025-07-08 18:25:00
TRIP-001365,RTE-25,BUS-034,2025-07-08 18:00:00,2025-07-09 03:38:00
TRIP-001366,RTE-14,BUS-071,2025-07-23 12:00:00,2025-07-24 00:02:00
TRIP-001367,RTE-04,BUS-066,2025-08-08 06:00:00,2025-08-08 12:03:00
TRIP-001368,RTE-27,BUS-006,2025-08-08 12:00:00,2025-08-08 23:39:00
TRIP-001369,RTE-29,BUS-014,2025-06-23 18:00:00,2025-06-24 04:43:00
TRIP-001370,RTE-01,BUS-075,2025-08-22 06:00:00,2025-08-22 13:44:00
TRIP-001371,RTE-12,BUS-023,2025-05-22 06:00:00,2025-05-22 10:27:00
TRIP-001372,RTE-13,BUS-070,2025-05-22 12:00:00,2025-05-22 18:37:00
TRIP-001373,RTE-23,BUS-005,2025-11-22 18:00:00,2025-11-23 01:32:00
TRIP-001374,RTE-24,BUS-057,2025-11-23 06:00:00,2025-11-23 17:14:00
TRIP-001375,RTE-08,BUS-005,2025-06-08 06:00:00,2025-06-08 12:05:00
TRIP-001376,RTE-28,BUS-016,2025-06-09 00:00:00,2025-06-09 08:59:00
TRIP-001377,RTE-29,BUS-021,2025-11-08 06:00:00,2025-11-08 16:43:00
TRIP-001378,RTE-30,BUS-069,2025-11-08 18:00:00,2025-11-09 06:25:00
TRIP-001379,RTE-25,BUS-061,2025-11-09 06:00:00,2025-11-09 15:38:00
TRIP-001380,RTE-26,BUS-026,2025-03-09 00:00:00,2025-03-09 04:00:00
TRIP-001381,RTE-03,BUS-009,2025-12-22 12:00:00,2025-12-22 15:02:00
TRIP-001382,RTE-28,BUS-037,2025-09-23 00:00:00,2025-09-23 08:59:00
TRIP-001383,RTE-04,BUS-037,2025-04-08 06:00:00,2025-04-08 12:03:00
TRIP-001384,RTE-05,BUS-016,2025-04-08 12:00:00,2025-04-09 00:23:00
TRIP-001385,RTE-12,BUS-034,2025-08-23 00:00:00,2025-08-23 04:27:00
TRIP-001386,RTE-13,BUS-070,2025-08-23 06:00:00,2025-08-23 12:37:00
TRIP-001387,RTE-17,BUS-038,2025-12-08 06:00:00,2025-12-08 08:39:00
TRIP-001388,RTE-18,BUS-023,2025-12-08 12:00:00,2025-12-08 21:00:00
TRIP-001389,RTE-08,BUS-053,2025-08-08 06:00:00,2025-08-08 12:05:00
TRIP-001390,RTE-09,BUS-018,2025-08-08 12:00:00,2025-08-08 19:49:00
TRIP-001391,RTE-16,BUS-076,2025-06-22 12:00:00,2025-06-22 19:34:00
TRIP-001392,RTE-17,BUS-058,2025-06-23 00:00:00,2025-06-23 02:39:00
TRIP-001393,RTE-13,BUS-014,2025-09-22 12:00:00,2025-09-22 18:37:00
TRIP-001394,RTE-14,BUS-030,2025-09-23 00:00:00,2025-09-23 12:02:00
TRIP-001395,RTE-05,BUS-080,2025-01-22 06:00:00,2025-01-22 18:23:00
TRIP-001396,RTE-05,BUS-044,2025-04-23 00:00:00,2025-04-23 12:23:00
TRIP-001397,RTE-04,BUS-035,2025-06-08 18:00:00,2025-06-09 00:03:00
TRIP-001398,RTE-09,BUS-047,2025-10-22 12:00:00,2025-10-22 19:49:00
TRIP-001399,RTE-03,BUS-041,2025-12-08 06:00:00,2025-12-08 09:02:00
TRIP-001400,RTE-28,BUS-045,2025-08-22 12:00:00,2025-08-22 20:59:00
TRIP-001401,RTE-29,BUS-052,2025-08-23 00:00:00,2025-08-23 10:43:00
TRIP-001402,RTE-08,BUS-069,2025-11-09 00:00:00,2025-11-09 06:05:00
TRIP-001403,RTE-19,BUS-056,2025-03-08 06:00:00,2025-03-08 09:11:00
TRIP-001404,RTE-20,BUS-079,2025-03-08 12:00:00,2025-03-08 18:10:00
TRIP-001405,RTE-02,BUS-062,2025-12-22 06:00:00,2025-12-22 08:46:00
TRIP-001406,RTE-19,BUS-015,2025-05-09 12:00:00,2025-05-09 15:11:00
TRIP-001407,RTE-03,BUS-028,2025-02-22 12:00:00,2025-02-22 15:02:00
TRIP-001408,RTE-21,BUS-060,2025-06-23 06:00:00,2025-06-23 14:11:00
TRIP-001409,RTE-21,BUS-023,2025-09-22 12:00:00,2025-09-22 20:11:00
TRIP-001410,RTE-05,BUS-069,2025-12-22 06:00:00,2025-12-22 18:23:00
TRIP-001411,RTE-07,BUS-004,2025-08-08 06:00:00,2025-08-08 15:42:00
TRIP-001412,RTE-08,BUS-020,2025-08-08 18:00:00,2025-08-09 00:05:00
TRIP-001413,RTE-09,BUS-038,2025-08-09 00:00:00,2025-08-09 07:49:00
TRIP-001414,RTE-24,BUS-070,2025-01-22 06:00:00,2025-01-22 17:14:00
TRIP-001415,RTE-23,BUS-014,2025-12-22 06:00:00,2025-12-22 13:32:00
TRIP-001416,RTE-24,BUS-018,2025-12-22 18:00:00,2025-12-23 05:14:00
TRIP-001417,RTE-16,BUS-073,2025-05-08 18:00:00,2025-05-09 01:34:00
TRIP-001418,RTE-17,BUS-063,2025-05-09 06:00:00,2025-05-09 08:39:00
TRIP-001419,RTE-18,BUS-038,2025-05-09 12:00:00,2025-05-09 21:00:00
TRIP-001420,RTE-18,BUS-047,2025-12-23 06:00:00,2025-12-23 15:00:00
TRIP-001421,RTE-18,BUS-017,2025-09-22 06:00:00,2025-09-22 15:00:00
TRIP-001422,RTE-19,BUS-069,2025-09-22 18:00:00,2025-09-22 21:11:00
TRIP-001423,RTE-14,BUS-034,2025-07-23 00:00:00,2025-07-23 12:02:00
TRIP-001424,RTE-29,BUS-072,2025-07-23 12:00:00,2025-07-23 22:43:00
TRIP-001425,RTE-26,BUS-007,2025-10-08 12:00:00,2025-10-08 16:00:00
TRIP-001426,RTE-14,BUS-011,2025-09-22 06:00:00,2025-09-22 18:02:00
TRIP-001427,RTE-13,BUS-011,2025-04-08 06:00:00,2025-04-08 12:37:00
TRIP-001428,RTE-14,BUS-061,2025-04-08 18:00:00,2025-04-09 06:02:00
TRIP-001429,RTE-29,BUS-040,2025-04-09 06:00:00,2025-04-09 16:43:00
TRIP-001430,RTE-13,BUS-061,2025-05-09 12:00:00,2025-05-09 18:37:00
TRIP-001431,RTE-02,BUS-040,2025-01-08 06:00:00,2025-01-08 08:46:00
TRIP-001432,RTE-06,BUS-068,2025-07-22 12:00:00,2025-07-22 15:36:00
TRIP-001433,RTE-10,BUS-034,2025-12-08 18:00:00,2025-12-09 02:41:00
TRIP-001434,RTE-11,BUS-028,2025-12-09 06:00:00,2025-12-09 14:14:00
TRIP-001435,RTE-12,BUS-047,2025-12-09 18:00:00,2025-12-09 22:27:00
TRIP-001436,RTE-12,BUS-076,2025-04-08 12:00:00,2025-04-08 16:27:00
TRIP-001437,RTE-13,BUS-065,2025-04-08 18:00:00,2025-04-09 00:37:00
TRIP-001438,RTE-14,BUS-063,2025-04-09 06:00:00,2025-04-09 18:02:00
TRIP-001439,RTE-19,BUS-052,2025-05-22 12:00:00,2025-05-22 15:11:00
TRIP-001440,RTE-30,BUS-015,2025-05-22 18:00:00,2025-05-23 06:25:00
TRIP-001441,RTE-09,BUS-022,2025-07-22 06:00:00,2025-07-22 13:49:00
TRIP-001442,RTE-10,BUS-006,2025-07-22 18:00:00,2025-07-23 02:41:00
TRIP-001443,RTE-11,BUS-068,2025-07-23 06:00:00,2025-07-23 14:14:00
TRIP-001444,RTE-22,BUS-001,2025-07-08 12:00:00,2025-07-08 18:10:00
TRIP-001445,RTE-15,BUS-014,2025-09-08 12:00:00,2025-09-08 17:11:00
TRIP-001446,RTE-16,BUS-035,2025-09-08 18:00:00,2025-09-09 01:34:00
TRIP-001447,RTE-11,BUS-079,2025-08-22 06:00:00,2025-08-22 14:14:00
TRIP-001448,RTE-04,BUS-076,2025-06-22 06:00:00,2025-06-22 12:03:00
TRIP-001449,RTE-17,BUS-022,2025-10-08 18:00:00,2025-10-08 20:39:00
TRIP-001450,RTE-18,BUS-035,2025-10-09 00:00:00,2025-10-09 09:00:00
TRIP-001451,RTE-19,BUS-060,2025-10-09 12:00:00,2025-10-09 15:11:00
TRIP-001452,RTE-06,BUS-067,2025-01-22 18:00:00,2025-01-22 21:36:00
TRIP-001453,RTE-07,BUS-024,2025-01-23 00:00:00,2025-01-23 09:42:00
TRIP-001454,RTE-02,BUS-013,2025-05-08 12:00:00,2025-05-08 14:46:00
TRIP-001455,RTE-03,BUS-022,2025-05-08 18:00:00,2025-05-08 21:02:00
TRIP-001456,RTE-30,BUS-043,2025-05-22 06:00:00,2025-05-22 18:25:00
TRIP-001457,RTE-25,BUS-030,2025-05-22 18:00:00,2025-05-23 03:38:00
TRIP-001458,RTE-23,BUS-035,2025-06-08 06:00:00,2025-06-08 13:32:00
TRIP-001459,RTE-24,BUS-063,2025-06-08 18:00:00,2025-06-09 05:14:00
TRIP-001460,RTE-27,BUS-056,2025-09-22 12:00:00,2025-09-22 23:39:00
TRIP-001461,RTE-14,BUS-053,2025-09-08 06:00:00,2025-09-08 18:02:00
TRIP-001462,RTE-23,BUS-009,2025-07-08 18:00:00,2025-07-09 01:32:00
TRIP-001463,RTE-27,BUS-036,2025-07-22 12:00:00,2025-07-22 23:39:00
TRIP-001464,RTE-18,BUS-063,2025-08-08 06:00:00,2025-08-08 15:00:00
TRIP-001465,RTE-19,BUS-033,2025-08-08 18:00:00,2025-08-08 21:11:00
TRIP-001466,RTE-04,BUS-043,2025-07-22 06:00:00,2025-07-22 12:03:00
TRIP-001467,RTE-12,BUS-075,2025-07-22 12:00:00,2025-07-22 16:27:00
TRIP-001468,RTE-13,BUS-013,2025-07-22 18:00:00,2025-07-23 00:37:00
TRIP-001469,RTE-28,BUS-030,2025-07-08 18:00:00,2025-07-09 02:59:00
TRIP-001470,RTE-18,BUS-047,2025-03-08 12:00:00,2025-03-08 21:00:00
TRIP-001471,RTE-19,BUS-060,2025-03-09 00:00:00,2025-03-09 03:11:00
TRIP-001472,RTE-15,BUS-066,2025-10-23 06:00:00,2025-10-23 11:11:00
TRIP-001473,RTE-11,BUS-034,2025-11-08 12:00:00,2025-11-08 20:14:00
TRIP-001474,RTE-12,BUS-008,2025-11-09 00:00:00,2025-11-09 04:27:00
TRIP-001475,RTE-08,BUS-008,2025-08-08 12:00:00,2025-08-08 18:05:00
TRIP-001476,RTE-08,BUS-077,2025-10-23 06:00:00,2025-10-23 12:05:00
TRIP-001477,RTE-05,BUS-078,2025-06-22 18:00:00,2025-06-23 06:23:00
TRIP-001478,RTE-04,BUS-042,2025-01-22 12:00:00,2025-01-22 18:03:00
TRIP-001479,RTE-27,BUS-059,2025-01-22 18:00:00,2025-01-23 05:39:00
TRIP-001480,RTE-01,BUS-071,2025-06-08 18:00:00,2025-06-09 01:44:00
TRIP-001481,RTE-11,BUS-049,2025-07-08 06:00:00,2025-07-08 14:14:00
TRIP-001482,RTE-02,BUS-033,2025-03-09 00:00:00,2025-03-09 02:46:00
TRIP-001483,RTE-02,BUS-059,2025-06-22 18:00:00,2025-06-22 20:46:00
TRIP-001484,RTE-18,BUS-058,2025-12-23 00:00:00,2025-12-23 09:00:00
TRIP-001485,RTE-15,BUS-009,2025-10-22 06:00:00,2025-10-22 11:11:00
TRIP-001486,RTE-16,BUS-036,2025-10-22 12:00:00,2025-10-22 19:34:00
TRIP-001487,RTE-30,BUS-010,2025-06-23 06:00:00,2025-06-23 18:25:00
TRIP-001488,RTE-13,BUS-058,2025-05-08 06:00:00,2025-05-08 12:37:00
TRIP-001489,RTE-16,BUS-008,2025-01-22 06:00:00,2025-01-22 13:34:00
TRIP-001490,RTE-17,BUS-033,2025-01-22 18:00:00,2025-01-22 20:39:00
TRIP-001491,RTE-25,BUS-054,2025-07-22 12:00:00,2025-07-22 21:38:00
TRIP-001492,RTE-29,BUS-040,2025-12-09 06:00:00,2025-12-09 16:43:00
TRIP-001493,RTE-30,BUS-053,2025-12-09 18:00:00,2025-12-10 06:25:00
TRIP-001494,RTE-25,BUS-035,2025-05-22 12:00:00,2025-05-22 21:38:00
TRIP-001495,RTE-01,BUS-030,2025-05-23 00:00:00,2025-05-23 07:44:00
TRIP-001496,RTE-16,BUS-011,2025-12-22 18:00:00,2025-12-23 01:34:00
TRIP-001497,RTE-17,BUS-004,2025-12-23 06:00:00,2025-12-23 08:39:00
TRIP-001498,RTE-04,BUS-060,2025-07-22 18:00:00,2025-07-23 00:03:00
TRIP-001499,RTE-12,BUS-038,2025-08-22 12:00:00,2025-08-22 16:27:00
TRIP-001500,RTE-28,BUS-038,2025-12-22 12:00:00,2025-12-22 20:59:00
TRIP-001501,RTE-07,BUS-070,2025-01-22 18:00:00,2025-01-23 03:42:00
TRIP-001502,RTE-08,BUS-053,2025-01-23 06:00:00,2025-01-23 12:05:00
TRIP-001503,RTE-09,BUS-007,2025-01-23 12:00:00,2025-01-23 19:49:00
TRIP-001504,RTE-02,BUS-030,2025-05-22 06:00:00,2025-05-22 08:46:00
TRIP-001505,RTE-18,BUS-057,2025-09-08 18:00:00,2025-09-09 03:00:00
TRIP-001506,RTE-19,BUS-037,2025-12-08 18:00:00,2025-12-08 21:11:00
TRIP-001507,RTE-28,BUS-052,2025-01-22 18:00:00,2025-01-23 02:59:00
TRIP-001508,RTE-16,BUS-033,2025-05-22 18:00:00,2025-05-23 01:34:00
TRIP-001509,RTE-25,BUS-072,2025-12-23 18:00:00,2025-12-24 03:38:00
TRIP-001510,RTE-08,BUS-010,2025-06-22 18:00:00,2025-06-23 00:05:00
TRIP-001511,RTE-24,BUS-008,2025-02-23 00:00:00,2025-02-23 11:14:00
TRIP-001512,RTE-22,BUS-064,2025-04-08 06:00:00,2025-04-08 12:10:00
TRIP-001513,RTE-23,BUS-016,2025-04-08 12:00:00,2025-04-08 19:32:00
TRIP-001514,RTE-05,BUS-076,2025-07-22 18:00:00,2025-07-23 06:23:00
TRIP-001515,RTE-06,BUS-010,2025-07-23 06:00:00,2025-07-23 09:36:00
TRIP-001516,RTE-09,BUS-017,2025-09-22 06:00:00,2025-09-22 13:49:00
TRIP-001517,RTE-28,BUS-022,2025-09-22 18:00:00,2025-09-23 02:59:00
TRIP-001518,RTE-15,BUS-049,2025-09-23 06:00:00,2025-09-23 11:11:00
TRIP-001519,RTE-22,BUS-071,2025-05-08 12:00:00,2025-05-08 18:10:00
TRIP-001520,RTE-23,BUS-066,2025-05-08 18:00:00,2025-05-09 01:32:00
TRIP-001521,RTE-24,BUS-076,2025-05-09 06:00:00,2025-05-09 17:14:00
TRIP-001522,RTE-13,BUS-025,2025-11-08 12:00:00,2025-11-08 18:37:00
TRIP-001523,RTE-14,BUS-039,2025-11-09 00:00:00,2025-11-09 12:02:00
TRIP-001524,RTE-22,BUS-008,2025-10-08 12:00:00,2025-10-08 18:10:00
TRIP-001525,RTE-23,BUS-078,2025-10-08 18:00:00,2025-10-09 01:32:00
TRIP-001526,RTE-29,BUS-005,2025-06-08 12:00:00,2025-06-08 22:43:00
TRIP-001527,RTE-11,BUS-071,2025-09-22 18:00:00,2025-09-23 02:14:00
TRIP-001528,RTE-06,BUS-029,2025-05-22 12:00:00,2025-05-22 15:36:00
TRIP-001529,RTE-07,BUS-004,2025-05-22 18:00:00,2025-05-23 03:42:00
TRIP-001530,RTE-30,BUS-042,2025-12-08 06:00:00,2025-12-08 18:25:00
TRIP-001531,RTE-03,BUS-040,2025-06-22 12:00:00,2025-06-22 15:02:00
TRIP-001532,RTE-04,BUS-061,2025-06-22 18:00:00,2025-06-23 00:03:00
TRIP-001533,RTE-28,BUS-022,2025-12-08 18:00:00,2025-12-09 02:59:00
TRIP-001534,RTE-05,BUS-040,2025-12-08 18:00:00,2025-12-09 06:23:00
TRIP-001535,RTE-22,BUS-038,2025-11-08 06:00:00,2025-11-08 12:10:00
TRIP-001536,RTE-15,BUS-013,2025-12-23 00:00:00,2025-12-23 05:11:00
TRIP-001537,RTE-18,BUS-045,2025-03-08 06:00:00,2025-03-08 15:00:00
TRIP-001538,RTE-30,BUS-025,2025-07-08 18:00:00,2025-07-09 06:25:00
TRIP-001539,RTE-25,BUS-006,2025-07-09 06:00:00,2025-07-09 15:38:00
TRIP-001540,RTE-24,BUS-009,2025-06-09 00:00:00,2025-06-09 11:14:00
TRIP-001541,RTE-25,BUS-066,2025-06-09 12:00:00,2025-06-09 21:38:00
TRIP-001542,RTE-19,BUS-067,2025-11-08 06:00:00,2025-11-08 09:11:00
TRIP-001543,RTE-30,BUS-064,2025-11-08 12:00:00,2025-11-09 00:25:00
TRIP-001544,RTE-14,BUS-070,2025-12-09 00:00:00,2025-12-09 12:02:00
TRIP-001545,RTE-16,BUS-075,2025-05-22 06:00:00,2025-05-22 13:34:00
TRIP-001546,RTE-03,BUS-068,2025-11-08 18:00:00,2025-11-08 21:02:00
TRIP-001547,RTE-04,BUS-062,2025-11-09 00:00:00,2025-11-09 06:03:00
TRIP-001548,RTE-22,BUS-048,2025-01-22 12:00:00,2025-01-22 18:10:00
TRIP-001549,RTE-22,BUS-049,2025-05-22 06:00:00,2025-05-22 12:10:00
TRIP-001550,RTE-20,BUS-016,2025-07-09 00:00:00,2025-07-09 06:10:00
TRIP-001551,RTE-21,BUS-062,2025-07-09 06:00:00,2025-07-09 14:11:00
TRIP-001552,RTE-07,BUS-050,2025-05-08 18:00:00,2025-05-09 03:42:00
TRIP-001553,RTE-08,BUS-072,2025-05-09 06:00:00,2025-05-09 12:05:00
TRIP-001554,RTE-23,BUS-013,2025-02-08 12:00:00,2025-02-08 19:32:00
TRIP-001555,RTE-24,BUS-013,2025-02-09 00:00:00,2025-02-09 11:14:00
TRIP-001556,RTE-16,BUS-033,2025-01-22 12:00:00,2025-01-22 19:34:00
TRIP-001557,RTE-17,BUS-033,2025-01-23 00:00:00,2025-01-23 02:39:00
TRIP-001558,RTE-18,BUS-047,2025-01-23 06:00:00,2025-01-23 15:00:00
TRIP-001559,RTE-24,BUS-080,2025-04-08 12:00:00,2025-04-08 23:14:00
TRIP-001560,RTE-25,BUS-079,2025-04-09 00:00:00,2025-04-09 09:38:00
TRIP-001561,RTE-01,BUS-007,2025-04-09 12:00:00,2025-04-09 19:44:00
TRIP-001562,RTE-20,BUS-021,2025-05-22 06:00:00,2025-05-22 12:10:00
TRIP-001563,RTE-21,BUS-026,2025-05-22 12:00:00,2025-05-22 20:11:00
TRIP-001564,RTE-22,BUS-007,2025-05-23 00:00:00,2025-05-23 06:10:00
TRIP-001565,RTE-03,BUS-016,2025-08-08 06:00:00,2025-08-08 09:02:00
TRIP-001566,RTE-28,BUS-038,2025-07-22 18:00:00,2025-07-23 02:59:00
TRIP-001567,RTE-18,BUS-059,2025-08-22 06:00:00,2025-08-22 15:00:00
TRIP-001568,RTE-19,BUS-061,2025-08-22 18:00:00,2025-08-22 21:11:00
TRIP-001569,RTE-20,BUS-048,2025-08-23 00:00:00,2025-08-23 06:10:00
TRIP-001570,RTE-10,BUS-067,2025-07-09 00:00:00,2025-07-09 08:41:00
TRIP-001571,RTE-06,BUS-040,2025-02-08 12:00:00,2025-02-08 15:36:00
TRIP-001572,RTE-07,BUS-059,2025-02-08 18:00:00,2025-02-09 03:42:00
TRIP-001573,RTE-13,BUS-074,2025-03-08 18:00:00,2025-03-09 00:37:00
TRIP-001574,RTE-29,BUS-068,2025-07-22 18:00:00,2025-07-23 04:43:00
TRIP-001575,RTE-26,BUS-010,2025-07-09 06:00:00,2025-07-09 10:00:00
TRIP-001576,RTE-10,BUS-064,2025-07-09 06:00:00,2025-07-09 14:41:00
TRIP-001577,RTE-20,BUS-075,2025-03-22 06:00:00,2025-03-22 12:10:00
TRIP-001578,RTE-16,BUS-021,2025-12-08 06:00:00,2025-12-08 13:34:00
TRIP-001579,RTE-17,BUS-031,2025-01-08 12:00:00,2025-01-08 14:39:00
TRIP-001580,RTE-12,BUS-030,2025-05-08 12:00:00,2025-05-08 16:27:00
TRIP-001581,RTE-13,BUS-050,2025-05-08 18:00:00,2025-05-09 00:37:00
TRIP-001582,RTE-07,BUS-080,2025-02-08 06:00:00,2025-02-08 15:42:00
TRIP-001583,RTE-08,BUS-007,2025-02-08 18:00:00,2025-02-09 00:05:00
TRIP-001584,RTE-14,BUS-020,2025-12-22 12:00:00,2025-12-23 00:02:00
TRIP-001585,RTE-16,BUS-053,2025-12-23 06:00:00,2025-12-23 13:34:00
TRIP-001586,RTE-29,BUS-034,2025-04-22 18:00:00,2025-04-23 04:43:00
TRIP-001587,RTE-30,BUS-048,2025-04-23 06:00:00,2025-04-23 18:25:00
TRIP-001588,RTE-21,BUS-054,2025-11-08 06:00:00,2025-11-08 14:11:00
TRIP-001589,RTE-22,BUS-013,2025-11-08 18:00:00,2025-11-09 00:10:00
TRIP-001590,RTE-23,BUS-049,2025-11-09 00:00:00,2025-11-09 07:32:00
TRIP-001591,RTE-08,BUS-072,2025-04-08 12:00:00,2025-04-08 18:05:00
TRIP-001592,RTE-09,BUS-005,2025-04-08 18:00:00,2025-04-09 01:49:00
TRIP-001593,RTE-24,BUS-005,2025-12-22 12:00:00,2025-12-22 23:14:00
TRIP-001594,RTE-28,BUS-067,2025-06-08 12:00:00,2025-06-08 20:59:00
TRIP-001595,RTE-15,BUS-042,2025-06-09 00:00:00,2025-06-09 05:11:00
TRIP-001596,RTE-16,BUS-010,2025-06-09 06:00:00,2025-06-09 13:34:00
TRIP-001597,RTE-05,BUS-029,2025-09-22 12:00:00,2025-09-23 00:23:00
TRIP-001598,RTE-06,BUS-018,2025-09-23 00:00:00,2025-09-23 03:36:00
TRIP-001599,RTE-27,BUS-039,2025-02-08 12:00:00,2025-02-08 23:39:00
TRIP-001600,RTE-22,BUS-062,2025-08-08 12:00:00,2025-08-08 18:10:00
TRIP-001601,RTE-10,BUS-042,2025-09-22 12:00:00,2025-09-22 20:41:00
TRIP-001602,RTE-11,BUS-006,2025-09-23 00:00:00,2025-09-23 08:14:00
TRIP-001603,RTE-18,BUS-026,2025-10-22 12:00:00,2025-10-22 21:00:00
TRIP-001604,RTE-19,BUS-035,2025-10-23 00:00:00,2025-10-23 03:11:00
TRIP-001605,RTE-19,BUS-061,2025-12-22 06:00:00,2025-12-22 09:11:00
TRIP-001606,RTE-20,BUS-070,2025-12-22 12:00:00,2025-12-22 18:10:00
TRIP-001607,RTE-15,BUS-002,2025-07-09 00:00:00,2025-07-09 05:11:00
TRIP-001608,RTE-16,BUS-009,2025-07-09 06:00:00,2025-07-09 13:34:00
TRIP-001609,RTE-18,BUS-067,2025-02-08 12:00:00,2025-02-08 21:00:00
TRIP-001610,RTE-19,BUS-010,2025-02-09 00:00:00,2025-02-09 03:11:00
TRIP-001611,RTE-27,BUS-060,2025-06-22 18:00:00,2025-06-23 05:39:00
TRIP-001612,RTE-19,BUS-052,2025-08-22 12:00:00,2025-08-22 15:11:00
TRIP-001613,RTE-30,BUS-035,2025-08-22 18:00:00,2025-08-23 06:25:00
TRIP-001614,RTE-28,BUS-032,2025-07-22 06:00:00,2025-07-22 14:59:00
TRIP-001615,RTE-06,BUS-021,2025-12-08 12:00:00,2025-12-08 15:36:00
TRIP-001616,RTE-07,BUS-047,2025-02-08 12:00:00,2025-02-08 21:42:00
TRIP-001617,RTE-08,BUS-053,2025-02-09 00:00:00,2025-02-09 06:05:00
TRIP-001618,RTE-14,BUS-045,2025-02-09 00:00:00,2025-02-09 12:02:00
TRIP-001619,RTE-29,BUS-026,2025-02-09 12:00:00,2025-02-09 22:43:00
TRIP-001620,RTE-06,BUS-017,2025-07-22 06:00:00,2025-07-22 09:36:00
TRIP-001621,RTE-24,BUS-018,2025-02-08 06:00:00,2025-02-08 17:14:00
TRIP-001622,RTE-14,BUS-077,2025-04-22 18:00:00,2025-04-23 06:02:00
TRIP-001623,RTE-12,BUS-071,2025-01-08 06:00:00,2025-01-08 10:27:00
TRIP-001624,RTE-14,BUS-025,2025-12-22 06:00:00,2025-12-22 18:02:00
TRIP-001625,RTE-25,BUS-019,2025-01-22 06:00:00,2025-01-22 15:38:00
TRIP-001626,RTE-29,BUS-026,2025-03-09 06:00:00,2025-03-09 16:43:00
TRIP-001627,RTE-06,BUS-077,2025-02-22 12:00:00,2025-02-22 15:36:00
TRIP-001628,RTE-03,BUS-034,2025-06-23 00:00:00,2025-06-23 03:02:00
TRIP-001629,RTE-04,BUS-047,2025-06-23 06:00:00,2025-06-23 12:03:00
TRIP-001630,RTE-12,BUS-057,2025-07-22 06:00:00,2025-07-22 10:27:00
TRIP-001631,RTE-04,BUS-069,2025-12-23 06:00:00,2025-12-23 12:03:00
TRIP-001632,RTE-04,BUS-040,2025-05-09 00:00:00,2025-05-09 06:03:00
TRIP-001633,RTE-05,BUS-001,2025-05-09 06:00:00,2025-05-09 18:23:00
TRIP-001634,RTE-28,BUS-070,2025-12-23 06:00:00,2025-12-23 14:59:00
TRIP-001635,RTE-29,BUS-072,2025-12-23 18:00:00,2025-12-24 04:43:00
TRIP-001636,RTE-15,BUS-020,2025-06-23 12:00:00,2025-06-23 17:11:00
TRIP-001637,RTE-09,BUS-007,2025-05-22 06:00:00,2025-05-22 13:49:00
TRIP-001638,RTE-11,BUS-002,2025-06-23 18:00:00,2025-06-24 02:14:00
TRIP-001639,RTE-02,BUS-022,2025-11-22 06:00:00,2025-11-22 08:46:00
TRIP-001640,RTE-30,BUS-078,2025-05-08 06:00:00,2025-05-08 18:25:00
TRIP-001641,RTE-25,BUS-049,2025-05-08 18:00:00,2025-05-09 03:38:00
TRIP-001642,RTE-26,BUS-001,2025-05-09 06:00:00,2025-05-09 10:00:00
TRIP-001643,RTE-18,BUS-001,2025-06-23 00:00:00,2025-06-23 09:00:00
TRIP-001644,RTE-12,BUS-037,2025-03-22 06:00:00,2025-03-22 10:27:00
TRIP-001645,RTE-14,BUS-059,2025-03-23 00:00:00,2025-03-23 12:02:00
TRIP-001646,RTE-24,BUS-048,2025-09-22 06:00:00,2025-09-22 17:14:00
TRIP-001647,RTE-25,BUS-063,2025-09-22 18:00:00,2025-09-23 03:38:00
TRIP-001648,RTE-24,BUS-018,2025-12-22 06:00:00,2025-12-22 17:14:00
TRIP-001649,RTE-06,BUS-050,2025-12-09 06:00:00,2025-12-09 09:36:00
TRIP-001650,RTE-07,BUS-064,2025-12-08 18:00:00,2025-12-09 03:42:00
TRIP-001651,RTE-21,BUS-049,2025-10-22 18:00:00,2025-10-23 02:11:00
TRIP-001652,RTE-22,BUS-058,2025-10-23 06:00:00,2025-10-23 12:10:00
TRIP-001653,RTE-12,BUS-077,2025-02-08 18:00:00,2025-02-08 22:27:00
TRIP-001654,RTE-02,BUS-078,2025-03-09 06:00:00,2025-03-09 08:46:00
TRIP-001655,RTE-07,BUS-048,2025-12-08 06:00:00,2025-12-08 15:42:00
TRIP-001656,RTE-30,BUS-071,2025-03-09 00:00:00,2025-03-09 12:25:00
TRIP-001657,RTE-06,BUS-040,2025-04-22 06:00:00,2025-04-22 09:36:00
TRIP-001658,RTE-04,BUS-070,2025-01-22 06:00:00,2025-01-22 12:03:00
TRIP-001659,RTE-05,BUS-023,2025-01-22 12:00:00,2025-01-23 00:23:00
TRIP-001660,RTE-06,BUS-033,2025-01-23 00:00:00,2025-01-23 03:36:00
TRIP-001661,RTE-13,BUS-050,2025-11-22 12:00:00,2025-11-22 18:37:00
TRIP-001662,RTE-14,BUS-032,2025-11-23 00:00:00,2025-11-23 12:02:00
TRIP-001663,RTE-04,BUS-025,2025-05-08 18:00:00,2025-05-09 00:03:00
TRIP-001664,RTE-05,BUS-033,2025-04-22 18:00:00,2025-04-23 06:23:00
TRIP-001665,RTE-06,BUS-006,2025-04-23 06:00:00,2025-04-23 09:36:00
TRIP-001666,RTE-16,BUS-058,2025-03-22 06:00:00,2025-03-22 13:34:00
TRIP-001667,RTE-17,BUS-019,2025-03-22 18:00:00,2025-03-22 20:39:00
TRIP-001668,RTE-18,BUS-065,2025-03-23 00:00:00,2025-03-23 09:00:00
TRIP-001669,RTE-25,BUS-013,2025-10-22 06:00:00,2025-10-22 15:38:00
TRIP-001670,RTE-01,BUS-063,2025-10-22 18:00:00,2025-10-23 01:44:00
TRIP-001671,RTE-22,BUS-045,2025-09-23 00:00:00,2025-09-23 06:10:00
TRIP-001672,RTE-23,BUS-028,2025-09-23 06:00:00,2025-09-23 13:32:00
TRIP-001673,RTE-07,BUS-070,2025-02-09 00:00:00,2025-02-09 09:42:00
TRIP-001674,RTE-08,BUS-061,2025-02-09 12:00:00,2025-02-09 18:05:00
TRIP-001675,RTE-01,BUS-032,2025-11-09 06:00:00,2025-11-09 13:44:00
TRIP-001676,RTE-02,BUS-047,2025-11-09 18:00:00,2025-11-09 20:46:00
TRIP-001677,RTE-28,BUS-017,2025-06-22 12:00:00,2025-06-22 20:59:00
TRIP-001678,RTE-29,BUS-001,2025-06-23 00:00:00,2025-06-23 10:43:00
TRIP-001679,RTE-30,BUS-019,2025-06-23 12:00:00,2025-06-24 00:25:00
TRIP-001680,RTE-19,BUS-074,2025-10-08 12:00:00,2025-10-08 15:11:00
TRIP-001681,RTE-20,BUS-009,2025-10-08 18:00:00,2025-10-09 00:10:00
TRIP-001682,RTE-23,BUS-040,2025-10-22 06:00:00,2025-10-22 13:32:00
TRIP-001683,RTE-24,BUS-029,2025-10-22 18:00:00,2025-10-23 05:14:00
TRIP-001684,RTE-08,BUS-028,2025-02-09 06:00:00,2025-02-09 12:05:00
TRIP-001685,RTE-09,BUS-052,2025-02-09 12:00:00,2025-02-09 19:49:00
TRIP-001686,RTE-01,BUS-063,2025-08-22 18:00:00,2025-08-23 01:44:00
TRIP-001687,RTE-14,BUS-032,2025-04-08 12:00:00,2025-04-09 00:02:00
TRIP-001688,RTE-16,BUS-033,2025-04-09 06:00:00,2025-04-09 13:34:00
TRIP-001689,RTE-24,BUS-080,2025-11-08 12:00:00,2025-11-08 23:14:00
TRIP-001690,RTE-25,BUS-029,2025-11-09 00:00:00,2025-11-09 09:38:00
TRIP-001691,RTE-26,BUS-039,2025-11-09 12:00:00,2025-11-09 16:00:00
TRIP-001692,RTE-22,BUS-009,2025-07-09 00:00:00,2025-07-09 06:10:00
TRIP-001693,RTE-21,BUS-075,2025-02-08 12:00:00,2025-02-08 20:11:00
TRIP-001694,RTE-22,BUS-040,2025-02-09 00:00:00,2025-02-09 06:10:00
TRIP-001695,RTE-19,BUS-075,2025-12-08 06:00:00,2025-12-08 09:11:00
TRIP-001696,RTE-17,BUS-054,2025-12-08 12:00:00,2025-12-08 14:39:00
TRIP-001697,RTE-18,BUS-047,2025-12-08 18:00:00,2025-12-09 03:00:00
TRIP-001698,RTE-14,BUS-024,2025-04-22 12:00:00,2025-04-23 00:02:00
TRIP-001699,RTE-17,BUS-009,2025-09-09 00:00:00,2025-09-09 02:39:00
TRIP-001700,RTE-18,BUS-016,2025-09-09 06:00:00,2025-09-09 15:00:00
TRIP-001701,RTE-08,BUS-007,2025-10-08 12:00:00,2025-10-08 18:05:00
TRIP-001702,RTE-09,BUS-040,2025-10-08 18:00:00,2025-10-09 01:49:00
TRIP-001703,RTE-24,BUS-033,2025-05-22 06:00:00,2025-05-22 17:14:00
TRIP-001704,RTE-04,BUS-043,2025-11-22 12:00:00,2025-11-22 18:03:00
TRIP-001705,RTE-21,BUS-034,2025-04-22 06:00:00,2025-04-22 14:11:00
TRIP-001706,RTE-08,BUS-005,2025-09-09 00:00:00,2025-09-09 06:05:00
TRIP-001707,RTE-15,BUS-060,2025-12-22 12:00:00,2025-12-22 17:11:00
TRIP-001708,RTE-20,BUS-017,2025-12-09 18:00:00,2025-12-10 00:10:00
TRIP-001709,RTE-23,BUS-029,2025-01-22 18:00:00,2025-01-23 01:32:00
TRIP-001710,RTE-24,BUS-002,2025-01-23 06:00:00,2025-01-23 17:14:00
TRIP-001711,RTE-25,BUS-025,2025-01-23 18:00:00,2025-01-24 03:38:00
TRIP-001712,RTE-21,BUS-008,2025-02-22 12:00:00,2025-02-22 20:11:00
TRIP-001713,RTE-22,BUS-059,2025-02-23 00:00:00,2025-02-23 06:10:00
TRIP-001714,RTE-17,BUS-073,2025-02-08 12:00:00,2025-02-08 14:39:00
TRIP-001715,RTE-18,BUS-079,2025-02-08 18:00:00,2025-02-09 03:00:00
TRIP-001716,RTE-24,BUS-036,2025-01-08 12:00:00,2025-01-08 23:14:00
TRIP-001717,RTE-25,BUS-010,2025-01-08 12:00:00,2025-01-08 21:38:00
TRIP-001718,RTE-01,BUS-023,2025-01-09 00:00:00,2025-01-09 07:44:00
TRIP-001719,RTE-08,BUS-017,2025-03-08 06:00:00,2025-03-08 12:05:00
TRIP-001720,RTE-28,BUS-079,2025-03-09 00:00:00,2025-03-09 08:59:00
TRIP-001721,RTE-25,BUS-029,2025-10-22 12:00:00,2025-10-22 21:38:00
TRIP-001722,RTE-26,BUS-063,2025-10-23 00:00:00,2025-10-23 04:00:00
TRIP-001723,RTE-20,BUS-037,2025-03-08 06:00:00,2025-03-08 12:10:00
TRIP-001724,RTE-21,BUS-001,2025-03-08 18:00:00,2025-03-09 02:11:00
TRIP-001725,RTE-22,BUS-037,2025-03-09 06:00:00,2025-03-09 12:10:00
TRIP-001726,RTE-26,BUS-045,2025-06-08 06:00:00,2025-06-08 10:00:00
TRIP-001727,RTE-05,BUS-065,2025-05-08 12:00:00,2025-05-09 00:23:00
TRIP-001728,RTE-26,BUS-061,2025-07-22 18:00:00,2025-07-22 22:00:00
TRIP-001729,RTE-24,BUS-053,2025-06-09 06:00:00,2025-06-09 17:14:00
TRIP-001730,RTE-25,BUS-001,2025-06-09 18:00:00,2025-06-10 03:38:00
TRIP-001731,RTE-25,BUS-011,2025-01-22 12:00:00,2025-01-22 21:38:00
TRIP-001732,RTE-26,BUS-080,2025-01-23 00:00:00,2025-01-23 04:00:00
TRIP-001733,RTE-09,BUS-036,2025-05-22 18:00:00,2025-05-23 01:49:00
TRIP-001734,RTE-28,BUS-025,2025-05-23 06:00:00,2025-05-23 14:59:00
TRIP-001735,RTE-15,BUS-073,2025-05-23 18:00:00,2025-05-23 23:11:00
TRIP-001736,RTE-09,BUS-011,2025-06-09 12:00:00,2025-06-09 19:49:00
TRIP-001737,RTE-07,BUS-001,2025-07-22 06:00:00,2025-07-22 15:42:00
TRIP-001738,RTE-04,BUS-004,2025-03-22 06:00:00,2025-03-22 12:03:00
TRIP-001739,RTE-29,BUS-002,2025-08-08 06:00:00,2025-08-08 16:43:00
TRIP-001740,RTE-30,BUS-022,2025-08-08 18:00:00,2025-08-09 06:25:00
TRIP-001741,RTE-25,BUS-014,2025-08-09 06:00:00,2025-08-09 15:38:00
TRIP-001742,RTE-15,BUS-006,2025-08-22 06:00:00,2025-08-22 11:11:00
TRIP-001743,RTE-14,BUS-059,2025-01-23 00:00:00,2025-01-23 12:02:00
TRIP-001744,RTE-08,BUS-011,2025-12-08 18:00:00,2025-12-09 00:05:00
TRIP-001745,RTE-10,BUS-065,2025-04-22 06:00:00,2025-04-22 14:41:00
TRIP-001746,RTE-12,BUS-006,2025-04-23 06:00:00,2025-04-23 10:27:00
TRIP-001747,RTE-15,BUS-063,2025-01-22 12:00:00,2025-01-22 17:11:00
TRIP-001748,RTE-15,BUS-047,2025-08-23 00:00:00,2025-08-23 05:11:00
TRIP-001749,RTE-14,BUS-008,2025-08-22 06:00:00,2025-08-22 18:02:00
TRIP-001750,RTE-10,BUS-050,2025-10-09 06:00:00,2025-10-09 14:41:00
TRIP-001751,RTE-11,BUS-052,2025-10-09 18:00:00,2025-10-10 02:14:00
TRIP-001752,RTE-11,BUS-052,2025-09-22 06:00:00,2025-09-22 14:14:00
TRIP-001753,RTE-20,BUS-057,2025-06-08 06:00:00,2025-06-08 12:10:00
TRIP-001754,RTE-29,BUS-030,2025-06-09 00:00:00,2025-06-09 10:43:00
TRIP-001755,RTE-17,BUS-061,2025-10-22 12:00:00,2025-10-22 14:39:00
TRIP-001756,RTE-18,BUS-007,2025-10-22 18:00:00,2025-10-23 03:00:00
TRIP-001757,RTE-10,BUS-077,2025-09-23 00:00:00,2025-09-23 08:41:00
TRIP-001758,RTE-11,BUS-032,2025-09-23 12:00:00,2025-09-23 20:14:00
TRIP-001759,RTE-20,BUS-044,2025-12-22 06:00:00,2025-12-22 12:10:00
TRIP-001760,RTE-19,BUS-059,2025-09-22 06:00:00,2025-09-22 09:11:00
TRIP-001761,RTE-20,BUS-032,2025-09-22 12:00:00,2025-09-22 18:10:00
TRIP-001762,RTE-20,BUS-063,2025-07-23 12:00:00,2025-07-23 18:10:00
TRIP-001763,RTE-29,BUS-070,2025-10-22 12:00:00,2025-10-22 22:43:00
TRIP-001764,RTE-20,BUS-004,2025-10-23 00:00:00,2025-10-23 06:10:00
TRIP-001765,RTE-21,BUS-021,2025-10-23 06:00:00,2025-10-23 14:11:00
TRIP-001766,RTE-11,BUS-061,2025-07-22 06:00:00,2025-07-22 14:14:00
TRIP-001767,RTE-20,BUS-073,2025-11-08 12:00:00,2025-11-08 18:10:00
TRIP-001768,RTE-27,BUS-007,2025-02-22 18:00:00,2025-02-23 05:39:00
TRIP-001769,RTE-28,BUS-031,2025-01-09 00:00:00,2025-01-09 08:59:00
TRIP-001770,RTE-07,BUS-010,2025-09-22 06:00:00,2025-09-22 15:42:00
TRIP-001771,RTE-08,BUS-010,2025-09-22 18:00:00,2025-09-23 00:05:00
TRIP-001772,RTE-11,BUS-053,2025-01-08 12:00:00,2025-01-08 20:14:00
TRIP-001773,RTE-18,BUS-056,2025-11-08 12:00:00,2025-11-08 21:00:00
TRIP-001774,RTE-19,BUS-052,2025-11-09 00:00:00,2025-11-09 03:11:00
TRIP-001775,RTE-17,BUS-076,2025-04-08 18:00:00,2025-04-08 20:39:00
TRIP-001776,RTE-18,BUS-026,2025-04-09 00:00:00,2025-04-09 09:00:00
TRIP-001777,RTE-30,BUS-016,2025-07-08 12:00:00,2025-07-09 00:25:00
TRIP-001778,RTE-17,BUS-002,2025-08-08 12:00:00,2025-08-08 14:39:00
TRIP-001779,RTE-24,BUS-063,2025-07-09 00:00:00,2025-07-09 11:14:00
TRIP-001780,RTE-14,BUS-023,2025-03-09 06:00:00,2025-03-09 18:02:00
TRIP-001781,RTE-15,BUS-048,2025-03-09 18:00:00,2025-03-09 23:11:00
TRIP-001782,RTE-16,BUS-057,2025-08-22 12:00:00,2025-08-22 19:34:00
TRIP-001783,RTE-26,BUS-049,2025-03-23 06:00:00,2025-03-23 10:00:00
TRIP-001784,RTE-27,BUS-023,2025-03-23 12:00:00,2025-03-23 23:39:00
TRIP-001785,RTE-16,BUS-054,2025-08-08 18:00:00,2025-08-09 01:34:00
TRIP-001786,RTE-17,BUS-039,2025-08-09 06:00:00,2025-08-09 08:39:00
TRIP-001787,RTE-09,BUS-057,2025-06-09 06:00:00,2025-06-09 13:49:00
TRIP-001788,RTE-30,BUS-004,2025-10-08 12:00:00,2025-10-09 00:25:00
TRIP-001789,RTE-25,BUS-017,2025-10-09 00:00:00,2025-10-09 09:38:00
TRIP-001790,RTE-16,BUS-054,2025-12-08 12:00:00,2025-12-08 19:34:00
TRIP-001791,RTE-09,BUS-044,2025-12-23 12:00:00,2025-12-23 19:49:00
TRIP-001792,RTE-17,BUS-049,2025-11-22 12:00:00,2025-11-22 14:39:00
TRIP-001793,RTE-02,BUS-024,2025-06-22 12:00:00,2025-06-22 14:46:00
TRIP-001794,RTE-01,BUS-044,2025-07-08 18:00:00,2025-07-09 01:44:00
TRIP-001795,RTE-10,BUS-022,2025-08-23 00:00:00,2025-08-23 08:41:00
TRIP-001796,RTE-16,BUS-009,2025-04-08 06:00:00,2025-04-08 13:34:00
TRIP-001797,RTE-06,BUS-029,2025-08-23 06:00:00,2025-08-23 09:36:00
TRIP-001798,RTE-07,BUS-037,2025-08-23 12:00:00,2025-08-23 21:42:00
TRIP-001799,RTE-20,BUS-074,2025-06-22 06:00:00,2025-06-22 12:10:00
TRIP-001800,RTE-26,BUS-016,2025-06-23 12:00:00,2025-06-23 16:00:00
TRIP-001801,RTE-08,BUS-042,2025-09-08 12:00:00,2025-09-08 18:05:00
TRIP-001802,RTE-10,BUS-052,2025-09-09 06:00:00,2025-09-09 14:41:00
TRIP-001803,RTE-21,BUS-030,2025-04-08 12:00:00,2025-04-08 20:11:00
TRIP-001804,RTE-28,BUS-019,2025-03-08 12:00:00,2025-03-08 20:59:00
TRIP-001805,RTE-15,BUS-050,2025-03-09 00:00:00,2025-03-09 05:11:00
TRIP-001806,RTE-29,BUS-007,2025-07-09 06:00:00,2025-07-09 16:43:00
TRIP-001807,RTE-30,BUS-009,2025-07-22 18:00:00,2025-07-23 06:25:00
TRIP-001808,RTE-25,BUS-050,2025-12-08 12:00:00,2025-12-08 21:38:00
TRIP-001809,RTE-26,BUS-041,2025-12-09 00:00:00,2025-12-09 04:00:00
TRIP-001810,RTE-21,BUS-007,2025-06-08 18:00:00,2025-06-09 02:11:00
TRIP-001811,RTE-30,BUS-040,2025-12-09 00:00:00,2025-12-09 12:25:00
TRIP-001812,RTE-20,BUS-006,2025-04-08 18:00:00,2025-04-09 00:10:00
TRIP-001813,RTE-21,BUS-079,2025-04-09 00:00:00,2025-04-09 08:11:00
TRIP-001814,RTE-06,BUS-029,2025-06-22 06:00:00,2025-06-22 09:36:00
TRIP-001815,RTE-10,BUS-042,2025-06-08 06:00:00,2025-06-08 14:41:00
TRIP-001816,RTE-11,BUS-015,2025-06-08 18:00:00,2025-06-09 02:14:00
TRIP-001817,RTE-24,BUS-006,2025-06-22 18:00:00,2025-06-23 05:14:00
TRIP-001818,RTE-25,BUS-037,2025-06-23 06:00:00,2025-06-23 15:38:00
TRIP-001819,RTE-08,BUS-044,2025-12-08 12:00:00,2025-12-08 18:05:00
TRIP-001820,RTE-19,BUS-016,2025-02-08 06:00:00,2025-02-08 09:11:00
TRIP-001821,RTE-20,BUS-016,2025-02-08 12:00:00,2025-02-08 18:10:00
TRIP-001822,RTE-29,BUS-066,2025-09-23 00:00:00,2025-09-23 10:43:00
TRIP-001823,RTE-20,BUS-067,2025-09-23 12:00:00,2025-09-23 18:10:00
TRIP-001824,RTE-02,BUS-070,2025-04-08 06:00:00,2025-04-08 08:46:00
TRIP-001825,RTE-03,BUS-070,2025-04-08 12:00:00,2025-04-08 15:02:00
TRIP-001826,RTE-28,BUS-059,2025-06-23 06:00:00,2025-06-23 14:59:00
TRIP-001827,RTE-09,BUS-071,2025-02-22 06:00:00,2025-02-22 13:49:00
TRIP-001828,RTE-02,BUS-011,2025-06-08 18:00:00,2025-06-08 20:46:00
TRIP-001829,RTE-02,BUS-058,2025-07-22 18:00:00,2025-07-22 20:46:00
TRIP-001830,RTE-03,BUS-008,2025-07-23 00:00:00,2025-07-23 03:02:00
TRIP-001831,RTE-26,BUS-028,2025-03-22 12:00:00,2025-03-22 16:00:00
TRIP-001832,RTE-27,BUS-028,2025-03-22 18:00:00,2025-03-23 05:39:00
TRIP-001833,RTE-10,BUS-074,2025-03-23 06:00:00,2025-03-23 14:41:00
TRIP-001834,RTE-25,BUS-071,2025-12-22 06:00:00,2025-12-22 15:38:00
TRIP-001835,RTE-01,BUS-034,2025-12-22 18:00:00,2025-12-23 01:44:00
TRIP-001836,RTE-02,BUS-032,2025-12-23 06:00:00,2025-12-23 08:46:00
TRIP-001837,RTE-08,BUS-008,2025-11-08 12:00:00,2025-11-08 18:05:00
TRIP-001838,RTE-09,BUS-064,2025-11-08 18:00:00,2025-11-09 01:49:00
TRIP-001839,RTE-08,BUS-029,2025-03-08 18:00:00,2025-03-09 00:05:00
TRIP-001840,RTE-09,BUS-034,2025-03-09 00:00:00,2025-03-09 07:49:00
TRIP-001841,RTE-08,BUS-034,2025-07-09 06:00:00,2025-07-09 12:05:00
TRIP-001842,RTE-09,BUS-032,2025-07-09 12:00:00,2025-07-09 19:49:00
TRIP-001843,RTE-19,BUS-031,2025-03-22 12:00:00,2025-03-22 15:11:00
TRIP-001844,RTE-08,BUS-039,2025-03-23 00:00:00,2025-03-23 06:05:00
TRIP-001845,RTE-23,BUS-057,2025-10-23 06:00:00,2025-10-23 13:32:00
TRIP-001846,RTE-12,BUS-022,2025-05-08 06:00:00,2025-05-08 10:27:00
TRIP-001847,RTE-07,BUS-026,2025-10-22 06:00:00,2025-10-22 15:42:00
TRIP-001848,RTE-08,BUS-014,2025-10-22 18:00:00,2025-10-23 00:05:00
TRIP-001849,RTE-17,BUS-074,2025-08-22 12:00:00,2025-08-22 14:39:00
TRIP-001850,RTE-25,BUS-043,2025-03-22 12:00:00,2025-03-22 21:38:00
TRIP-001851,RTE-26,BUS-068,2025-03-23 00:00:00,2025-03-23 04:00:00
TRIP-001852,RTE-05,BUS-034,2025-03-23 06:00:00,2025-03-23 18:23:00
TRIP-001853,RTE-28,BUS-079,2025-12-08 12:00:00,2025-12-08 20:59:00
TRIP-001854,RTE-25,BUS-052,2025-07-23 06:00:00,2025-07-23 15:38:00
TRIP-001855,RTE-04,BUS-030,2025-05-08 06:00:00,2025-05-08 12:03:00
TRIP-001856,RTE-08,BUS-010,2025-08-22 12:00:00,2025-08-22 18:05:00
TRIP-001857,RTE-09,BUS-057,2025-08-22 18:00:00,2025-08-23 01:49:00
TRIP-001858,RTE-12,BUS-010,2025-07-09 06:00:00,2025-07-09 10:27:00
TRIP-001859,RTE-10,BUS-039,2025-09-09 00:00:00,2025-09-09 08:41:00
TRIP-001860,RTE-01,BUS-033,2025-09-08 12:00:00,2025-09-08 19:44:00
TRIP-001861,RTE-02,BUS-017,2025-09-09 00:00:00,2025-09-09 02:46:00
TRIP-001862,RTE-03,BUS-011,2025-09-09 06:00:00,2025-09-09 09:02:00
TRIP-001863,RTE-07,BUS-048,2025-12-23 06:00:00,2025-12-23 15:42:00
TRIP-001864,RTE-27,BUS-021,2025-06-23 06:00:00,2025-06-23 17:39:00
TRIP-001865,RTE-18,BUS-011,2025-07-22 12:00:00,2025-07-22 21:00:00
TRIP-001866,RTE-19,BUS-075,2025-07-23 00:00:00,2025-07-23 03:11:00
TRIP-001867,RTE-12,BUS-004,2025-01-09 00:00:00,2025-01-09 04:27:00
TRIP-001868,RTE-13,BUS-017,2025-01-09 06:00:00,2025-01-09 12:37:00
TRIP-001869,RTE-02,BUS-056,2025-11-08 06:00:00,2025-11-08 08:46:00
TRIP-001870,RTE-20,BUS-068,2025-02-08 06:00:00,2025-02-08 12:10:00
TRIP-001871,RTE-08,BUS-078,2025-12-08 06:00:00,2025-12-08 12:05:00
TRIP-001872,RTE-03,BUS-052,2025-12-08 12:00:00,2025-12-08 15:02:00
TRIP-001873,RTE-04,BUS-072,2025-12-08 18:00:00,2025-12-09 00:03:00
TRIP-001874,RTE-04,BUS-072,2025-08-08 18:00:00,2025-08-09 00:03:00
TRIP-001875,RTE-05,BUS-010,2025-08-09 00:00:00,2025-08-09 12:23:00
TRIP-001876,RTE-06,BUS-047,2025-08-09 12:00:00,2025-08-09 15:36:00
TRIP-001877,RTE-06,BUS-002,2025-01-22 06:00:00,2025-01-22 09:36:00
TRIP-001878,RTE-15,BUS-059,2025-12-09 06:00:00,2025-12-09 11:11:00
TRIP-001879,RTE-27,BUS-006,2025-11-23 00:00:00,2025-11-23 11:39:00
TRIP-001880,RTE-24,BUS-023,2025-07-23 00:00:00,2025-07-23 11:14:00
TRIP-001881,RTE-02,BUS-038,2025-09-08 06:00:00,2025-09-08 08:46:00
TRIP-001882,RTE-09,BUS-053,2025-12-08 18:00:00,2025-12-09 01:49:00
TRIP-001883,RTE-15,BUS-013,2025-03-22 12:00:00,2025-03-22 17:11:00
TRIP-001884,RTE-30,BUS-038,2025-03-08 06:00:00,2025-03-08 18:25:00
TRIP-001885,RTE-25,BUS-044,2025-03-08 18:00:00,2025-03-09 03:38:00
TRIP-001886,RTE-26,BUS-049,2025-12-09 06:00:00,2025-12-09 10:00:00
TRIP-001887,RTE-14,BUS-078,2025-06-22 06:00:00,2025-06-22 18:02:00
TRIP-001888,RTE-15,BUS-078,2025-06-22 18:00:00,2025-06-22 23:11:00
TRIP-001889,RTE-16,BUS-056,2025-06-23 00:00:00,2025-06-23 07:34:00
TRIP-001890,RTE-20,BUS-010,2025-06-23 06:00:00,2025-06-23 12:10:00
TRIP-001891,RTE-27,BUS-019,2025-02-08 06:00:00,2025-02-08 17:39:00
TRIP-001892,RTE-10,BUS-018,2025-02-08 18:00:00,2025-02-09 02:41:00
TRIP-001893,RTE-11,BUS-063,2025-02-09 06:00:00,2025-02-09 14:14:00
TRIP-001894,RTE-09,BUS-022,2025-11-23 06:00:00,2025-11-23 13:49:00
TRIP-001895,RTE-17,BUS-032,2025-07-08 18:00:00,2025-07-08 20:39:00
TRIP-001896,RTE-18,BUS-016,2025-07-09 00:00:00,2025-07-09 09:00:00
TRIP-001897,RTE-06,BUS-033,2025-01-08 06:00:00,2025-01-08 09:36:00
TRIP-001898,RTE-07,BUS-057,2025-01-08 12:00:00,2025-01-08 21:42:00
TRIP-001899,RTE-08,BUS-016,2025-01-09 00:00:00,2025-01-09 06:05:00
TRIP-001900,RTE-14,BUS-013,2025-05-22 12:00:00,2025-05-23 00:02:00
TRIP-001901,RTE-12,BUS-029,2025-04-22 18:00:00,2025-04-22 22:27:00
TRIP-001902,RTE-13,BUS-021,2025-04-23 00:00:00,2025-04-23 06:37:00
TRIP-001903,RTE-14,BUS-007,2025-05-09 06:00:00,2025-05-09 18:02:00
TRIP-001904,RTE-05,BUS-070,2025-09-23 00:00:00,2025-09-23 12:23:00
TRIP-001905,RTE-09,BUS-077,2025-01-09 06:00:00,2025-01-09 13:49:00
TRIP-001906,RTE-02,BUS-044,2025-10-08 12:00:00,2025-10-08 14:46:00
TRIP-001907,RTE-03,BUS-050,2025-10-08 18:00:00,2025-10-08 21:02:00
TRIP-001908,RTE-29,BUS-061,2025-06-22 12:00:00,2025-06-22 22:43:00
TRIP-001909,RTE-18,BUS-018,2025-10-08 12:00:00,2025-10-08 21:00:00
TRIP-001910,RTE-23,BUS-060,2025-08-22 12:00:00,2025-08-22 19:32:00
TRIP-001911,RTE-10,BUS-011,2025-04-09 06:00:00,2025-04-09 14:41:00
TRIP-001912,RTE-11,BUS-038,2025-04-09 18:00:00,2025-04-10 02:14:00
TRIP-001913,RTE-16,BUS-061,2025-10-09 00:00:00,2025-10-09 07:34:00
TRIP-001914,RTE-01,BUS-005,2025-01-08 06:00:00,2025-01-08 13:44:00
TRIP-001915,RTE-15,BUS-070,2025-12-23 06:00:00,2025-12-23 11:11:00
TRIP-001916,RTE-17,BUS-066,2025-10-23 00:00:00,2025-10-23 02:39:00
TRIP-001917,RTE-18,BUS-049,2025-10-23 06:00:00,2025-10-23 15:00:00
TRIP-001918,RTE-09,BUS-049,2025-07-22 18:00:00,2025-07-23 01:49:00
TRIP-001919,RTE-10,BUS-025,2025-07-23 06:00:00,2025-07-23 14:41:00
TRIP-001920,RTE-29,BUS-056,2025-10-08 18:00:00,2025-10-09 04:43:00
TRIP-001921,RTE-30,BUS-047,2025-10-09 06:00:00,2025-10-09 18:25:00
TRIP-001922,RTE-04,BUS-056,2025-10-09 06:00:00,2025-10-09 12:03:00
TRIP-001923,RTE-16,BUS-022,2025-07-09 12:00:00,2025-07-09 19:34:00
TRIP-001924,RTE-26,BUS-017,2025-11-08 12:00:00,2025-11-08 16:00:00
TRIP-001925,RTE-05,BUS-044,2025-11-08 18:00:00,2025-11-09 06:23:00
TRIP-001926,RTE-06,BUS-073,2025-11-09 06:00:00,2025-11-09 09:36:00
TRIP-001927,RTE-22,BUS-001,2025-10-22 06:00:00,2025-10-22 12:10:00
TRIP-001928,RTE-23,BUS-073,2025-10-22 12:00:00,2025-10-22 19:32:00
TRIP-001929,RTE-11,BUS-066,2025-12-09 12:00:00,2025-12-09 20:14:00
TRIP-001930,RTE-17,BUS-071,2025-07-22 06:00:00,2025-07-22 08:39:00
TRIP-001931,RTE-25,BUS-032,2025-12-22 12:00:00,2025-12-22 21:38:00
TRIP-001932,RTE-16,BUS-064,2025-02-08 06:00:00,2025-02-08 13:34:00
TRIP-001933,RTE-05,BUS-037,2025-11-23 12:00:00,2025-11-24 00:23:00
TRIP-001934,RTE-15,BUS-005,2025-10-08 12:00:00,2025-10-08 17:11:00
TRIP-001935,RTE-09,BUS-006,2025-10-08 12:00:00,2025-10-08 19:49:00
TRIP-001936,RTE-10,BUS-028,2025-10-09 00:00:00,2025-10-09 08:41:00
TRIP-001937,RTE-11,BUS-069,2025-10-09 12:00:00,2025-10-09 20:14:00
TRIP-001938,RTE-03,BUS-017,2025-10-22 06:00:00,2025-10-22 09:02:00
TRIP-001939,RTE-04,BUS-048,2025-10-22 12:00:00,2025-10-22 18:03:00
TRIP-001940,RTE-05,BUS-062,2025-10-22 18:00:00,2025-10-23 06:23:00
TRIP-001941,RTE-05,BUS-002,2025-12-09 00:00:00,2025-12-09 12:23:00
TRIP-001942,RTE-29,BUS-044,2025-08-22 12:00:00,2025-08-22 22:43:00
TRIP-001943,RTE-30,BUS-056,2025-08-23 00:00:00,2025-08-23 12:25:00
TRIP-001944,RTE-13,BUS-076,2025-07-23 12:00:00,2025-07-23 18:37:00
TRIP-001945,RTE-30,BUS-010,2025-01-23 00:00:00,2025-01-23 12:25:00
TRIP-001946,RTE-25,BUS-068,2025-01-23 12:00:00,2025-01-23 21:38:00
TRIP-001947,RTE-29,BUS-010,2025-06-23 12:00:00,2025-06-23 22:43:00
TRIP-001948,RTE-04,BUS-037,2025-05-22 06:00:00,2025-05-22 12:03:00
TRIP-001949,RTE-10,BUS-056,2025-09-08 06:00:00,2025-09-08 14:41:00
TRIP-001950,RTE-11,BUS-032,2025-09-08 18:00:00,2025-09-09 02:14:00
TRIP-001951,RTE-12,BUS-026,2025-09-09 06:00:00,2025-09-09 10:27:00
TRIP-001952,RTE-20,BUS-024,2025-09-23 00:00:00,2025-09-23 06:10:00
TRIP-001953,RTE-19,BUS-017,2025-09-08 06:00:00,2025-09-08 09:11:00
TRIP-001954,RTE-20,BUS-074,2025-09-08 12:00:00,2025-09-08 18:10:00
TRIP-001955,RTE-29,BUS-020,2025-02-22 18:00:00,2025-02-23 04:43:00
TRIP-001956,RTE-20,BUS-070,2025-02-23 06:00:00,2025-02-23 12:10:00
TRIP-001957,RTE-21,BUS-061,2025-02-23 12:00:00,2025-02-23 20:11:00
TRIP-001958,RTE-01,BUS-030,2025-07-08 06:00:00,2025-07-08 13:44:00
TRIP-001959,RTE-02,BUS-057,2025-07-08 18:00:00,2025-07-08 20:46:00
TRIP-001960,RTE-29,BUS-024,2025-08-08 12:00:00,2025-08-08 22:43:00
TRIP-001961,RTE-20,BUS-004,2025-08-09 00:00:00,2025-08-09 06:10:00
TRIP-001962,RTE-25,BUS-040,2025-12-08 06:00:00,2025-12-08 15:38:00
TRIP-001963,RTE-26,BUS-078,2025-12-08 18:00:00,2025-12-08 22:00:00
TRIP-001964,RTE-08,BUS-056,2025-12-09 00:00:00,2025-12-09 06:05:00
TRIP-001965,RTE-26,BUS-005,2025-02-22 12:00:00,2025-02-22 16:00:00
TRIP-001966,RTE-28,BUS-066,2025-02-23 06:00:00,2025-02-23 14:59:00
TRIP-001967,RTE-09,BUS-053,2025-09-09 06:00:00,2025-09-09 13:49:00
TRIP-001968,RTE-04,BUS-077,2025-03-08 12:00:00,2025-03-08 18:03:00
TRIP-001969,RTE-27,BUS-053,2025-03-08 18:00:00,2025-03-09 05:39:00
TRIP-001970,RTE-10,BUS-024,2025-03-09 06:00:00,2025-03-09 14:41:00
TRIP-001971,RTE-22,BUS-031,2025-04-08 12:00:00,2025-04-08 18:10:00
TRIP-001972,RTE-23,BUS-024,2025-04-08 18:00:00,2025-04-09 01:32:00
TRIP-001973,RTE-10,BUS-001,2025-10-08 18:00:00,2025-10-09 02:41:00
TRIP-001974,RTE-23,BUS-031,2025-09-22 18:00:00,2025-09-23 01:32:00
TRIP-001975,RTE-13,BUS-070,2025-11-22 06:00:00,2025-11-22 12:37:00
TRIP-001976,RTE-28,BUS-043,2025-04-22 06:00:00,2025-04-22 14:59:00
TRIP-001977,RTE-12,BUS-037,2025-09-23 06:00:00,2025-09-23 10:27:00
TRIP-001978,RTE-13,BUS-058,2025-09-23 12:00:00,2025-09-23 18:37:00
TRIP-001979,RTE-27,BUS-002,2025-02-22 12:00:00,2025-02-22 23:39:00
TRIP-001980,RTE-28,BUS-043,2025-02-23 00:00:00,2025-02-23 08:59:00
TRIP-001981,RTE-21,BUS-011,2025-03-08 12:00:00,2025-03-08 20:11:00
TRIP-001982,RTE-10,BUS-026,2025-02-22 18:00:00,2025-02-23 02:41:00
TRIP-001983,RTE-11,BUS-035,2025-02-23 06:00:00,2025-02-23 14:14:00
TRIP-001984,RTE-08,BUS-030,2025-07-22 12:00:00,2025-07-22 18:05:00
TRIP-001985,RTE-25,BUS-056,2025-04-08 18:00:00,2025-04-09 03:38:00
TRIP-001986,RTE-12,BUS-060,2025-04-08 18:00:00,2025-04-08 22:27:00
TRIP-001987,RTE-13,BUS-067,2025-04-09 00:00:00,2025-04-09 06:37:00
TRIP-001988,RTE-18,BUS-034,2025-01-08 18:00:00,2025-01-09 03:00:00
TRIP-001989,RTE-19,BUS-050,2025-01-09 06:00:00,2025-01-09 09:11:00
TRIP-001990,RTE-19,BUS-061,2025-12-22 18:00:00,2025-12-22 21:11:00
TRIP-001991,RTE-15,BUS-044,2025-09-22 12:00:00,2025-09-22 17:11:00
TRIP-001992,RTE-16,BUS-062,2025-09-22 18:00:00,2025-09-23 01:34:00
TRIP-001993,RTE-17,BUS-077,2025-09-23 06:00:00,2025-09-23 08:39:00
TRIP-001994,RTE-29,BUS-069,2025-03-08 18:00:00,2025-03-09 04:43:00
TRIP-001995,RTE-30,BUS-007,2025-03-09 06:00:00,2025-03-09 18:25:00
TRIP-001996,RTE-17,BUS-063,2025-03-22 12:00:00,2025-03-22 14:39:00
TRIP-001997,RTE-18,BUS-069,2025-03-22 18:00:00,2025-03-23 03:00:00
TRIP-001998,RTE-19,BUS-014,2025-03-23 06:00:00,2025-03-23 09:11:00
TRIP-001999,RTE-16,BUS-009,2025-05-09 00:00:00,2025-05-09 07:34:00
TRIP-002000,RTE-27,BUS-002,2025-12-08 06:00:00,2025-12-08 17:39:00
TRIP-002001,RTE-25,BUS-021,2025-04-22 12:00:00,2025-04-22 21:38:00
TRIP-002002,RTE-18,BUS-022,2025-04-08 18:00:00,2025-04-09 03:00:00
TRIP-002003,RTE-19,BUS-017,2025-04-09 06:00:00,2025-04-09 09:11:00
TRIP-002004,RTE-20,BUS-025,2025-09-08 06:00:00,2025-09-08 12:10:00
TRIP-002005,RTE-01,BUS-057,2025-10-22 06:00:00,2025-10-22 13:44:00
TRIP-002006,RTE-02,BUS-062,2025-10-22 18:00:00,2025-10-22 20:46:00
TRIP-002007,RTE-25,BUS-004,2025-06-23 12:00:00,2025-06-23 21:38:00
TRIP-002008,RTE-16,BUS-020,2025-03-08 18:00:00,2025-03-09 01:34:00
TRIP-002009,RTE-17,BUS-066,2025-03-09 06:00:00,2025-03-09 08:39:00
TRIP-002010,RTE-08,BUS-044,2025-03-08 12:00:00,2025-03-08 18:05:00
TRIP-002011,RTE-09,BUS-061,2025-03-08 18:00:00,2025-03-09 01:49:00
TRIP-002012,RTE-28,BUS-065,2025-03-09 06:00:00,2025-03-09 14:59:00
TRIP-002013,RTE-26,BUS-002,2025-03-22 06:00:00,2025-03-22 10:00:00
TRIP-002014,RTE-04,BUS-062,2025-02-08 18:00:00,2025-02-09 00:03:00
TRIP-002015,RTE-27,BUS-072,2025-03-22 12:00:00,2025-03-22 23:39:00
TRIP-002016,RTE-28,BUS-071,2025-03-23 00:00:00,2025-03-23 08:59:00
TRIP-002017,RTE-01,BUS-020,2025-06-08 12:00:00,2025-06-08 19:44:00
TRIP-002018,RTE-13,BUS-031,2025-11-08 18:00:00,2025-11-09 00:37:00
TRIP-002019,RTE-14,BUS-022,2025-11-09 06:00:00,2025-11-09 18:02:00
TRIP-002020,RTE-29,BUS-052,2025-11-09 18:00:00,2025-11-10 04:43:00
TRIP-002021,RTE-14,BUS-064,2025-01-22 06:00:00,2025-01-22 18:02:00
TRIP-002022,RTE-15,BUS-011,2025-01-22 18:00:00,2025-01-22 23:11:00
TRIP-002023,RTE-15,BUS-010,2025-09-08 18:00:00,2025-09-08 23:11:00
TRIP-002024,RTE-21,BUS-048,2025-08-22 06:00:00,2025-08-22 14:11:00
TRIP-002025,RTE-02,BUS-052,2025-04-22 12:00:00,2025-04-22 14:46:00
TRIP-002026,RTE-03,BUS-005,2025-04-22 18:00:00,2025-04-22 21:02:00
TRIP-002027,RTE-04,BUS-024,2025-04-23 00:00:00,2025-04-23 06:03:00
TRIP-002028,RTE-26,BUS-044,2025-08-23 06:00:00,2025-08-23 10:00:00
TRIP-002029,RTE-25,BUS-063,2025-01-09 00:00:00,2025-01-09 09:38:00
TRIP-002030,RTE-26,BUS-031,2025-01-09 12:00:00,2025-01-09 16:00:00
TRIP-002031,RTE-27,BUS-050,2025-03-08 06:00:00,2025-03-08 17:39:00
TRIP-002032,RTE-14,BUS-074,2025-02-08 12:00:00,2025-02-09 00:02:00
TRIP-002033,RTE-29,BUS-020,2025-02-09 00:00:00,2025-02-09 10:43:00
TRIP-002034,RTE-20,BUS-007,2025-12-08 06:00:00,2025-12-08 12:10:00
TRIP-002035,RTE-23,BUS-065,2025-11-22 06:00:00,2025-11-22 13:32:00
TRIP-002036,RTE-25,BUS-059,2025-11-23 06:00:00,2025-11-23 15:38:00
TRIP-002037,RTE-14,BUS-033,2025-02-08 06:00:00,2025-02-08 18:02:00
TRIP-002038,RTE-15,BUS-048,2025-02-08 18:00:00,2025-02-08 23:11:00
TRIP-002039,RTE-03,BUS-079,2025-09-22 12:00:00,2025-09-22 15:02:00
TRIP-002040,RTE-05,BUS-037,2025-07-08 06:00:00,2025-07-08 18:23:00
TRIP-002041,RTE-06,BUS-030,2025-07-08 18:00:00,2025-07-08 21:36:00
TRIP-002042,RTE-16,BUS-042,2025-11-08 18:00:00,2025-11-09 01:34:00
TRIP-002043,RTE-17,BUS-020,2025-11-09 06:00:00,2025-11-09 08:39:00
TRIP-002044,RTE-12,BUS-053,2025-06-09 06:00:00,2025-06-09 10:27:00
TRIP-002045,RTE-13,BUS-045,2025-06-09 12:00:00,2025-06-09 18:37:00
TRIP-002046,RTE-19,BUS-067,2025-12-09 06:00:00,2025-12-09 09:11:00
TRIP-002047,RTE-01,BUS-010,2025-04-09 06:00:00,2025-04-09 13:44:00
TRIP-002048,RTE-28,BUS-067,2025-10-09 00:00:00,2025-10-09 08:59:00
TRIP-002049,RTE-21,BUS-008,2025-02-08 18:00:00,2025-02-09 02:11:00
TRIP-002050,RTE-22,BUS-043,2025-02-09 06:00:00,2025-02-09 12:10:00
TRIP-002051,RTE-23,BUS-031,2025-02-09 12:00:00,2025-02-09 19:32:00
TRIP-002052,RTE-06,BUS-043,2025-08-22 06:00:00,2025-08-22 09:36:00
TRIP-002053,RTE-29,BUS-076,2025-06-09 18:00:00,2025-06-10 04:43:00
TRIP-002054,RTE-01,BUS-029,2025-05-23 18:00:00,2025-05-24 01:44:00
TRIP-002055,RTE-17,BUS-002,2025-04-08 06:00:00,2025-04-08 08:39:00
TRIP-002056,RTE-28,BUS-019,2025-04-23 06:00:00,2025-04-23 14:59:00
TRIP-002057,RTE-02,BUS-039,2025-12-08 06:00:00,2025-12-08 08:46:00
TRIP-002058,RTE-28,BUS-006,2025-05-08 18:00:00,2025-05-09 02:59:00
TRIP-002059,RTE-22,BUS-053,2025-02-22 18:00:00,2025-02-23 00:10:00
TRIP-002060,RTE-23,BUS-047,2025-02-23 00:00:00,2025-02-23 07:32:00
TRIP-002061,RTE-24,BUS-053,2025-02-23 12:00:00,2025-02-23 23:14:00
TRIP-002062,RTE-10,BUS-058,2025-05-22 06:00:00,2025-05-22 14:41:00
TRIP-002063,RTE-11,BUS-033,2025-05-22 18:00:00,2025-05-23 02:14:00
TRIP-002064,RTE-21,BUS-006,2025-06-22 12:00:00,2025-06-22 20:11:00
TRIP-002065,RTE-03,BUS-077,2025-05-08 06:00:00,2025-05-08 09:02:00
TRIP-002066,RTE-06,BUS-053,2025-04-23 12:00:00,2025-04-23 15:36:00
TRIP-002067,RTE-23,BUS-073,2025-10-22 18:00:00,2025-10-23 01:32:00
TRIP-002068,RTE-24,BUS-001,2025-10-23 06:00:00,2025-10-23 17:14:00
TRIP-002069,RTE-28,BUS-029,2025-01-08 18:00:00,2025-01-09 02:59:00
TRIP-002070,RTE-29,BUS-057,2025-01-09 06:00:00,2025-01-09 16:43:00
TRIP-002071,RTE-28,BUS-038,2025-05-22 06:00:00,2025-05-22 14:59:00
TRIP-002072,RTE-28,BUS-016,2025-01-23 00:00:00,2025-01-23 08:59:00
TRIP-002073,RTE-16,BUS-007,2025-09-08 06:00:00,2025-09-08 13:34:00
TRIP-002074,RTE-17,BUS-073,2025-09-08 18:00:00,2025-09-08 20:39:00
TRIP-002075,RTE-18,BUS-016,2025-09-09 00:00:00,2025-09-09 09:00:00
TRIP-002076,RTE-17,BUS-077,2025-05-22 06:00:00,2025-05-22 08:39:00
TRIP-002077,RTE-18,BUS-070,2025-05-22 12:00:00,2025-05-22 21:00:00
TRIP-002078,RTE-25,BUS-022,2025-04-08 12:00:00,2025-04-08 21:38:00
TRIP-002079,RTE-01,BUS-023,2025-04-09 00:00:00,2025-04-09 07:44:00
TRIP-002080,RTE-02,BUS-058,2025-04-09 12:00:00,2025-04-09 14:46:00
TRIP-002081,RTE-06,BUS-061,2025-09-22 06:00:00,2025-09-22 09:36:00
TRIP-002082,RTE-02,BUS-023,2025-06-22 06:00:00,2025-06-22 08:46:00
TRIP-002083,RTE-02,BUS-038,2025-06-23 06:00:00,2025-06-23 08:46:00
TRIP-002084,RTE-03,BUS-008,2025-06-23 12:00:00,2025-06-23 15:02:00
TRIP-002085,RTE-07,BUS-006,2025-01-08 18:00:00,2025-01-09 03:42:00
TRIP-002086,RTE-08,BUS-041,2025-01-09 06:00:00,2025-01-09 12:05:00
TRIP-002087,RTE-24,BUS-040,2025-07-08 18:00:00,2025-07-09 05:14:00
TRIP-002088,RTE-12,BUS-044,2025-09-08 18:00:00,2025-09-08 22:27:00
TRIP-002089,RTE-06,BUS-013,2025-07-09 00:00:00,2025-07-09 03:36:00
TRIP-002090,RTE-09,BUS-031,2025-06-23 00:00:00,2025-06-23 07:49:00
TRIP-002091,RTE-29,BUS-070,2025-04-08 12:00:00,2025-04-08 22:43:00
TRIP-002092,RTE-20,BUS-043,2025-04-09 00:00:00,2025-04-09 06:10:00
TRIP-002093,RTE-21,BUS-022,2025-04-09 06:00:00,2025-04-09 14:11:00
TRIP-002094,RTE-25,BUS-019,2025-06-23 18:00:00,2025-06-24 03:38:00
TRIP-002095,RTE-04,BUS-049,2025-12-22 18:00:00,2025-12-23 00:03:00
TRIP-002096,RTE-28,BUS-017,2025-10-23 00:00:00,2025-10-23 08:59:00
TRIP-002097,RTE-25,BUS-062,2025-06-22 12:00:00,2025-06-22 21:38:00
TRIP-002098,RTE-26,BUS-045,2025-06-23 00:00:00,2025-06-23 04:00:00
TRIP-002099,RTE-07,BUS-022,2025-08-22 12:00:00,2025-08-22 21:42:00
TRIP-002100,RTE-08,BUS-076,2025-08-23 00:00:00,2025-08-23 06:05:00
TRIP-002101,RTE-28,BUS-077,2025-02-22 06:00:00,2025-02-22 14:59:00
TRIP-002102,RTE-01,BUS-007,2025-10-08 12:00:00,2025-10-08 19:44:00
TRIP-002103,RTE-02,BUS-039,2025-10-09 00:00:00,2025-10-09 02:46:00
TRIP-002104,RTE-25,BUS-031,2025-07-09 12:00:00,2025-07-09 21:38:00
TRIP-002105,RTE-22,BUS-021,2025-06-23 00:00:00,2025-06-23 06:10:00
TRIP-002106,RTE-24,BUS-068,2025-05-08 12:00:00,2025-05-08 23:14:00
TRIP-002107,RTE-10,BUS-011,2025-12-08 06:00:00,2025-12-08 14:41:00
TRIP-002108,RTE-19,BUS-073,2025-05-08 18:00:00,2025-05-08 21:11:00
TRIP-002109,RTE-20,BUS-019,2025-05-09 00:00:00,2025-05-09 06:10:00
TRIP-002110,RTE-26,BUS-021,2025-11-22 18:00:00,2025-11-22 22:00:00
TRIP-002111,RTE-06,BUS-001,2025-11-23 12:00:00,2025-11-23 15:36:00
TRIP-002112,RTE-17,BUS-080,2025-05-23 06:00:00,2025-05-23 08:39:00
TRIP-002113,RTE-17,BUS-020,2025-10-08 12:00:00,2025-10-08 14:39:00
TRIP-002114,RTE-18,BUS-073,2025-12-22 06:00:00,2025-12-22 15:00:00
TRIP-002115,RTE-20,BUS-002,2025-03-09 06:00:00,2025-03-09 12:10:00
TRIP-002116,RTE-15,BUS-017,2025-12-22 18:00:00,2025-12-22 23:11:00
TRIP-002117,RTE-16,BUS-016,2025-12-23 00:00:00,2025-12-23 07:34:00
TRIP-002118,RTE-17,BUS-026,2025-03-09 00:00:00,2025-03-09 02:39:00
TRIP-002119,RTE-03,BUS-026,2025-11-22 06:00:00,2025-11-22 09:02:00
TRIP-002120,RTE-05,BUS-045,2025-01-08 18:00:00,2025-01-09 06:23:00
TRIP-002121,RTE-06,BUS-072,2025-01-09 06:00:00,2025-01-09 09:36:00
TRIP-002122,RTE-02,BUS-072,2025-04-22 06:00:00,2025-04-22 08:46:00
TRIP-002123,RTE-09,BUS-017,2025-03-22 12:00:00,2025-03-22 19:49:00
TRIP-002124,RTE-10,BUS-036,2025-03-23 00:00:00,2025-03-23 08:41:00
TRIP-002125,RTE-27,BUS-002,2025-12-23 00:00:00,2025-12-23 11:39:00
TRIP-002126,RTE-28,BUS-009,2025-11-22 12:00:00,2025-11-22 20:59:00
TRIP-002127,RTE-07,BUS-062,2025-07-22 18:00:00,2025-07-23 03:42:00
TRIP-002128,RTE-08,BUS-013,2025-07-23 06:00:00,2025-07-23 12:05:00
TRIP-002129,RTE-15,BUS-072,2025-04-23 00:00:00,2025-04-23 05:11:00
TRIP-002130,RTE-16,BUS-052,2025-04-23 06:00:00,2025-04-23 13:34:00
TRIP-002131,RTE-01,BUS-072,2025-04-22 12:00:00,2025-04-22 19:44:00
TRIP-002132,RTE-22,BUS-001,2025-12-22 12:00:00,2025-12-22 18:10:00
TRIP-002133,RTE-23,BUS-077,2025-06-23 06:00:00,2025-06-23 13:32:00
TRIP-002134,RTE-25,BUS-022,2025-07-22 06:00:00,2025-07-22 15:38:00
TRIP-002135,RTE-01,BUS-039,2025-07-22 18:00:00,2025-07-23 01:44:00
TRIP-002136,RTE-13,BUS-058,2025-08-22 18:00:00,2025-08-23 00:37:00
TRIP-002137,RTE-05,BUS-045,2025-03-08 18:00:00,2025-03-09 06:23:00
TRIP-002138,RTE-24,BUS-047,2025-09-08 12:00:00,2025-09-08 23:14:00
TRIP-002139,RTE-25,BUS-036,2025-09-09 00:00:00,2025-09-09 09:38:00
TRIP-002140,RTE-09,BUS-079,2025-05-09 06:00:00,2025-05-09 13:49:00
TRIP-002141,RTE-05,BUS-014,2025-06-22 06:00:00,2025-06-22 18:23:00
TRIP-002142,RTE-05,BUS-041,2025-11-22 18:00:00,2025-11-23 06:23:00
TRIP-002143,RTE-05,BUS-006,2025-03-08 06:00:00,2025-03-08 18:23:00
TRIP-002144,RTE-06,BUS-042,2025-03-08 18:00:00,2025-03-08 21:36:00
TRIP-002145,RTE-07,BUS-076,2025-03-09 00:00:00,2025-03-09 09:42:00
TRIP-002146,RTE-30,BUS-042,2025-01-22 18:00:00,2025-01-23 06:25:00
TRIP-002147,RTE-25,BUS-057,2025-01-23 06:00:00,2025-01-23 15:38:00
TRIP-002148,RTE-19,BUS-033,2025-05-08 12:00:00,2025-05-08 15:11:00
TRIP-002149,RTE-30,BUS-061,2025-05-08 18:00:00,2025-05-09 06:25:00
TRIP-002150,RTE-04,BUS-036,2025-09-22 06:00:00,2025-09-22 12:03:00
TRIP-002151,RTE-07,BUS-077,2025-09-09 12:00:00,2025-09-09 21:42:00
TRIP-002152,RTE-22,BUS-007,2025-05-22 12:00:00,2025-05-22 18:10:00
TRIP-002153,RTE-23,BUS-079,2025-05-22 18:00:00,2025-05-23 01:32:00
TRIP-002154,RTE-24,BUS-034,2025-05-23 06:00:00,2025-05-23 17:14:00
TRIP-002155,RTE-09,BUS-041,2025-05-09 00:00:00,2025-05-09 07:49:00
TRIP-002156,RTE-14,BUS-075,2025-11-08 06:00:00,2025-11-08 18:02:00
TRIP-002157,RTE-24,BUS-009,2025-07-22 12:00:00,2025-07-22 23:14:00
TRIP-002158,RTE-01,BUS-078,2025-01-08 18:00:00,2025-01-09 01:44:00
TRIP-002159,RTE-25,BUS-024,2025-12-09 12:00:00,2025-12-09 21:38:00
TRIP-002160,RTE-22,BUS-008,2025-09-08 12:00:00,2025-09-08 18:10:00
TRIP-002161,RTE-29,BUS-052,2025-01-22 18:00:00,2025-01-23 04:43:00
TRIP-002162,RTE-20,BUS-018,2025-01-23 06:00:00,2025-01-23 12:10:00
TRIP-002163,RTE-24,BUS-033,2025-08-08 06:00:00,2025-08-08 17:14:00
TRIP-002164,RTE-25,BUS-061,2025-08-08 18:00:00,2025-08-09 03:38:00
TRIP-002165,RTE-30,BUS-075,2025-02-23 00:00:00,2025-02-23 12:25:00
TRIP-002166,RTE-27,BUS-028,2025-09-09 00:00:00,2025-09-09 11:39:00
TRIP-002167,RTE-05,BUS-069,2025-01-09 00:00:00,2025-01-09 12:23:00
TRIP-002168,RTE-06,BUS-072,2025-01-09 12:00:00,2025-01-09 15:36:00
TRIP-002169,RTE-22,BUS-058,2025-05-09 06:00:00,2025-05-09 12:10:00
TRIP-002170,RTE-14,BUS-011,2025-11-22 18:00:00,2025-11-23 06:02:00
TRIP-002171,RTE-29,BUS-039,2025-11-23 06:00:00,2025-11-23 16:43:00
TRIP-002172,RTE-15,BUS-032,2025-07-08 12:00:00,2025-07-08 17:11:00
TRIP-002173,RTE-25,BUS-002,2025-02-08 12:00:00,2025-02-08 21:38:00
TRIP-002174,RTE-26,BUS-033,2025-02-09 00:00:00,2025-02-09 04:00:00
TRIP-002175,RTE-26,BUS-029,2025-07-23 00:00:00,2025-07-23 04:00:00
TRIP-002176,RTE-27,BUS-053,2025-07-23 06:00:00,2025-07-23 17:39:00
TRIP-002177,RTE-04,BUS-067,2025-07-23 06:00:00,2025-07-23 12:03:00
TRIP-002178,RTE-23,BUS-001,2025-10-08 12:00:00,2025-10-08 19:32:00
TRIP-002179,RTE-24,BUS-045,2025-10-09 00:00:00,2025-10-09 11:14:00
TRIP-002180,RTE-25,BUS-033,2025-10-09 12:00:00,2025-10-09 21:38:00
TRIP-002181,RTE-11,BUS-050,2025-07-23 12:00:00,2025-07-23 20:14:00
TRIP-002182,RTE-25,BUS-016,2025-09-23 12:00:00,2025-09-23 21:38:00
TRIP-002183,RTE-10,BUS-026,2025-04-22 18:00:00,2025-04-23 02:41:00
TRIP-002184,RTE-11,BUS-023,2025-04-23 06:00:00,2025-04-23 14:14:00
TRIP-002185,RTE-12,BUS-067,2025-04-23 18:00:00,2025-04-23 22:27:00
TRIP-002186,RTE-02,BUS-016,2025-10-22 12:00:00,2025-10-22 14:46:00
TRIP-002187,RTE-03,BUS-056,2025-10-22 18:00:00,2025-10-22 21:02:00
TRIP-002188,RTE-29,BUS-064,2025-09-22 06:00:00,2025-09-22 16:43:00
TRIP-002189,RTE-20,BUS-068,2025-09-22 18:00:00,2025-09-23 00:10:00
TRIP-002190,RTE-25,BUS-010,2025-02-23 00:00:00,2025-02-23 09:38:00
TRIP-002191,RTE-02,BUS-026,2025-03-08 18:00:00,2025-03-08 20:46:00
TRIP-002192,RTE-23,BUS-056,2025-09-08 18:00:00,2025-09-09 01:32:00
TRIP-002193,RTE-24,BUS-025,2025-09-09 06:00:00,2025-09-09 17:14:00
TRIP-002194,RTE-25,BUS-002,2025-09-09 18:00:00,2025-09-10 03:38:00
TRIP-002195,RTE-10,BUS-034,2025-07-22 12:00:00,2025-07-22 20:41:00
TRIP-002196,RTE-11,BUS-034,2025-07-23 00:00:00,2025-07-23 08:14:00
TRIP-002197,RTE-21,BUS-028,2025-10-08 12:00:00,2025-10-08 20:11:00
TRIP-002198,RTE-22,BUS-034,2025-10-09 00:00:00,2025-10-09 06:10:00
TRIP-002199,RTE-11,BUS-077,2025-07-09 12:00:00,2025-07-09 20:14:00
TRIP-002200,RTE-01,BUS-076,2025-12-08 06:00:00,2025-12-08 13:44:00
TRIP-002201,RTE-12,BUS-008,2025-03-08 18:00:00,2025-03-08 22:27:00
TRIP-002202,RTE-25,BUS-074,2025-08-08 06:00:00,2025-08-08 15:38:00
TRIP-002203,RTE-26,BUS-010,2025-08-08 18:00:00,2025-08-08 22:00:00
TRIP-002204,RTE-27,BUS-072,2025-08-09 00:00:00,2025-08-09 11:39:00
TRIP-002205,RTE-16,BUS-009,2025-04-08 18:00:00,2025-04-09 01:34:00
TRIP-002206,RTE-17,BUS-008,2025-04-09 06:00:00,2025-04-09 08:39:00
TRIP-002207,RTE-12,BUS-042,2025-08-23 18:00:00,2025-08-23 22:27:00
TRIP-002208,RTE-14,BUS-013,2025-08-09 06:00:00,2025-08-09 18:02:00
TRIP-002209,RTE-06,BUS-009,2025-06-22 18:00:00,2025-06-22 21:36:00
TRIP-002210,RTE-07,BUS-043,2025-06-23 00:00:00,2025-06-23 09:42:00
TRIP-002211,RTE-25,BUS-049,2025-09-08 18:00:00,2025-09-09 03:38:00
TRIP-002212,RTE-08,BUS-047,2025-12-09 06:00:00,2025-12-09 12:05:00
TRIP-002213,RTE-09,BUS-014,2025-12-09 12:00:00,2025-12-09 19:49:00
TRIP-002214,RTE-16,BUS-021,2025-12-09 00:00:00,2025-12-09 07:34:00
TRIP-002215,RTE-26,BUS-061,2025-09-08 18:00:00,2025-09-08 22:00:00
TRIP-002216,RTE-10,BUS-016,2025-09-09 12:00:00,2025-09-09 20:41:00
TRIP-002217,RTE-12,BUS-059,2025-12-09 06:00:00,2025-12-09 10:27:00
TRIP-002218,RTE-09,BUS-040,2025-12-08 06:00:00,2025-12-08 13:49:00
TRIP-002219,RTE-16,BUS-028,2025-01-08 06:00:00,2025-01-08 13:34:00
TRIP-002220,RTE-04,BUS-080,2025-03-08 18:00:00,2025-03-09 00:03:00
TRIP-002221,RTE-27,BUS-023,2025-03-09 00:00:00,2025-03-09 11:39:00
TRIP-002222,RTE-17,BUS-075,2025-11-09 00:00:00,2025-11-09 02:39:00
TRIP-002223,RTE-24,BUS-008,2025-03-08 12:00:00,2025-03-08 23:14:00
TRIP-002224,RTE-25,BUS-076,2025-03-09 00:00:00,2025-03-09 09:38:00
TRIP-002225,RTE-03,BUS-058,2025-04-22 06:00:00,2025-04-22 09:02:00
TRIP-002226,RTE-04,BUS-007,2025-04-22 12:00:00,2025-04-22 18:03:00
TRIP-002227,RTE-14,BUS-039,2025-12-23 06:00:00,2025-12-23 18:02:00
TRIP-002228,RTE-05,BUS-065,2025-03-23 00:00:00,2025-03-23 12:23:00
TRIP-002229,RTE-19,BUS-076,2025-10-23 06:00:00,2025-10-23 09:11:00
TRIP-002230,RTE-04,BUS-019,2025-07-23 00:00:00,2025-07-23 06:03:00
TRIP-002231,RTE-10,BUS-009,2025-08-09 06:00:00,2025-08-09 14:41:00
TRIP-002232,RTE-30,BUS-010,2025-03-22 12:00:00,2025-03-23 00:25:00
TRIP-002233,RTE-04,BUS-053,2025-09-08 06:00:00,2025-09-08 12:03:00
TRIP-002234,RTE-05,BUS-009,2025-09-08 12:00:00,2025-09-09 00:23:00
TRIP-002235,RTE-13,BUS-076,2025-01-08 18:00:00,2025-01-09 00:37:00
TRIP-002236,RTE-14,BUS-017,2025-01-09 06:00:00,2025-01-09 18:02:00
TRIP-002237,RTE-17,BUS-029,2025-07-23 00:00:00,2025-07-23 02:39:00
TRIP-002238,RTE-18,BUS-029,2025-07-23 06:00:00,2025-07-23 15:00:00
TRIP-002239,RTE-25,BUS-024,2025-02-23 06:00:00,2025-02-23 15:38:00
TRIP-002240,RTE-03,BUS-061,2025-06-09 00:00:00,2025-06-09 03:02:00
TRIP-002241,RTE-11,BUS-028,2025-03-22 06:00:00,2025-03-22 14:14:00
TRIP-002242,RTE-12,BUS-041,2025-03-22 18:00:00,2025-03-22 22:27:00
TRIP-002243,RTE-13,BUS-072,2025-03-23 00:00:00,2025-03-23 06:37:00
TRIP-002244,RTE-18,BUS-009,2025-07-22 06:00:00,2025-07-22 15:00:00
TRIP-002245,RTE-19,BUS-002,2025-07-22 18:00:00,2025-07-22 21:11:00
TRIP-002246,RTE-30,BUS-010,2025-07-23 00:00:00,2025-07-23 12:25:00
TRIP-002247,RTE-07,BUS-035,2025-11-22 06:00:00,2025-11-22 15:42:00
TRIP-002248,RTE-09,BUS-058,2025-11-23 00:00:00,2025-11-23 07:49:00
TRIP-002249,RTE-02,BUS-062,2025-03-08 12:00:00,2025-03-08 14:46:00
TRIP-002250,RTE-03,BUS-013,2025-03-08 18:00:00,2025-03-08 21:02:00
TRIP-002251,RTE-04,BUS-013,2025-03-09 00:00:00,2025-03-09 06:03:00
TRIP-002252,RTE-01,BUS-040,2025-05-08 06:00:00,2025-05-08 13:44:00
TRIP-002253,RTE-29,BUS-050,2025-07-08 18:00:00,2025-07-09 04:43:00
TRIP-002254,RTE-13,BUS-043,2025-02-22 12:00:00,2025-02-22 18:37:00
TRIP-002255,RTE-14,BUS-050,2025-02-23 00:00:00,2025-02-23 12:02:00
TRIP-002256,RTE-24,BUS-039,2025-07-09 06:00:00,2025-07-09 17:14:00
TRIP-002257,RTE-26,BUS-034,2025-12-23 06:00:00,2025-12-23 10:00:00
TRIP-002258,RTE-04,BUS-029,2025-04-08 18:00:00,2025-04-09 00:03:00
TRIP-002259,RTE-12,BUS-029,2025-10-22 18:00:00,2025-10-22 22:27:00
TRIP-002260,RTE-13,BUS-040,2025-10-23 00:00:00,2025-10-23 06:37:00
TRIP-002261,RTE-12,BUS-004,2025-08-08 18:00:00,2025-08-08 22:27:00
TRIP-002262,RTE-13,BUS-058,2025-08-09 00:00:00,2025-08-09 06:37:00
TRIP-002263,RTE-20,BUS-052,2025-08-22 18:00:00,2025-08-23 00:10:00
TRIP-002264,RTE-21,BUS-017,2025-08-23 00:00:00,2025-08-23 08:11:00
TRIP-002265,RTE-30,BUS-018,2025-12-23 18:00:00,2025-12-24 06:25:00
TRIP-002266,RTE-01,BUS-021,2025-12-23 18:00:00,2025-12-24 01:44:00
TRIP-002267,RTE-05,BUS-004,2025-02-22 18:00:00,2025-02-23 06:23:00
TRIP-002268,RTE-06,BUS-049,2025-02-23 06:00:00,2025-02-23 09:36:00
TRIP-002269,RTE-02,BUS-009,2025-01-22 06:00:00,2025-01-22 08:46:00
TRIP-002270,RTE-03,BUS-024,2025-01-22 06:00:00,2025-01-22 09:02:00
TRIP-002271,RTE-06,BUS-069,2025-02-23 00:00:00,2025-02-23 03:36:00
TRIP-002272,RTE-07,BUS-030,2025-08-22 06:00:00,2025-08-22 15:42:00
TRIP-002273,RTE-15,BUS-023,2025-03-08 12:00:00,2025-03-08 17:11:00
TRIP-002274,RTE-25,BUS-024,2025-11-22 06:00:00,2025-11-22 15:38:00
TRIP-002275,RTE-14,BUS-013,2025-06-22 12:00:00,2025-06-23 00:02:00
TRIP-002276,RTE-05,BUS-078,2025-08-08 12:00:00,2025-08-09 00:23:00
TRIP-002277,RTE-06,BUS-064,2025-08-09 00:00:00,2025-08-09 03:36:00
TRIP-002278,RTE-27,BUS-045,2025-07-23 00:00:00,2025-07-23 11:39:00
TRIP-002279,RTE-06,BUS-014,2025-10-08 12:00:00,2025-10-08 15:36:00
TRIP-002280,RTE-07,BUS-048,2025-10-08 18:00:00,2025-10-09 03:42:00
TRIP-002281,RTE-08,BUS-005,2025-10-09 06:00:00,2025-10-09 12:05:00
TRIP-002282,RTE-26,BUS-044,2025-10-22 06:00:00,2025-10-22 10:00:00
TRIP-002283,RTE-06,BUS-030,2025-09-22 12:00:00,2025-09-22 15:36:00
TRIP-002284,RTE-07,BUS-022,2025-09-22 18:00:00,2025-09-23 03:42:00
TRIP-002285,RTE-01,BUS-047,2025-01-23 00:00:00,2025-01-23 07:44:00
TRIP-002286,RTE-06,BUS-036,2025-01-08 12:00:00,2025-01-08 15:36:00
TRIP-002287,RTE-03,BUS-011,2025-10-22 12:00:00,2025-10-22 15:02:00
TRIP-002288,RTE-11,BUS-044,2025-06-22 06:00:00,2025-06-22 14:14:00
TRIP-002289,RTE-12,BUS-065,2025-06-22 18:00:00,2025-06-22 22:27:00
TRIP-002290,RTE-13,BUS-059,2025-06-23 00:00:00,2025-06-23 06:37:00
TRIP-002291,RTE-29,BUS-066,2025-12-23 00:00:00,2025-12-23 10:43:00
TRIP-002292,RTE-08,BUS-076,2025-04-08 06:00:00,2025-04-08 12:05:00
TRIP-002293,RTE-02,BUS-080,2025-04-23 00:00:00,2025-04-23 02:46:00
TRIP-002294,RTE-17,BUS-071,2025-12-09 00:00:00,2025-12-09 02:39:00
TRIP-002295,RTE-01,BUS-024,2025-09-08 18:00:00,2025-09-09 01:44:00
TRIP-002296,RTE-02,BUS-073,2025-09-09 06:00:00,2025-09-09 08:46:00
TRIP-002297,RTE-03,BUS-052,2025-09-09 12:00:00,2025-09-09 15:02:00
TRIP-002298,RTE-19,BUS-044,2025-12-23 12:00:00,2025-12-23 15:11:00
TRIP-002299,RTE-17,BUS-048,2025-12-22 06:00:00,2025-12-22 08:39:00
TRIP-002300,RTE-09,BUS-074,2025-01-23 06:00:00,2025-01-23 13:49:00
TRIP-002301,RTE-26,BUS-005,2025-01-08 12:00:00,2025-01-08 16:00:00
TRIP-002302,RTE-17,BUS-044,2025-01-22 12:00:00,2025-01-22 14:39:00
TRIP-002303,RTE-18,BUS-033,2025-01-22 18:00:00,2025-01-23 03:00:00
TRIP-002304,RTE-29,BUS-011,2025-11-22 18:00:00,2025-11-23 04:43:00
TRIP-002305,RTE-30,BUS-076,2025-11-23 06:00:00,2025-11-23 18:25:00
TRIP-002306,RTE-20,BUS-022,2025-04-22 18:00:00,2025-04-23 00:10:00
TRIP-002307,RTE-21,BUS-064,2025-04-23 00:00:00,2025-04-23 08:11:00
TRIP-002308,RTE-20,BUS-035,2025-03-08 18:00:00,2025-03-09 00:10:00
TRIP-002309,RTE-21,BUS-077,2025-03-09 00:00:00,2025-03-09 08:11:00
TRIP-002310,RTE-11,BUS-063,2025-06-23 12:00:00,2025-06-23 20:14:00
TRIP-002311,RTE-11,BUS-066,2025-03-23 12:00:00,2025-03-23 20:14:00
TRIP-002312,RTE-29,BUS-070,2025-03-22 18:00:00,2025-03-23 04:43:00
TRIP-002313,RTE-20,BUS-040,2025-12-08 18:00:00,2025-12-09 00:10:00
TRIP-002314,RTE-21,BUS-070,2025-12-09 00:00:00,2025-12-09 08:11:00
TRIP-002315,RTE-22,BUS-024,2025-02-08 12:00:00,2025-02-08 18:10:00
TRIP-002316,RTE-29,BUS-007,2025-03-08 12:00:00,2025-03-08 22:43:00
TRIP-002317,RTE-14,BUS-040,2025-01-08 12:00:00,2025-01-09 00:02:00
TRIP-002318,RTE-15,BUS-050,2025-01-09 00:00:00,2025-01-09 05:11:00
TRIP-002319,RTE-25,BUS-071,2025-07-09 18:00:00,2025-07-10 03:38:00
TRIP-002320,RTE-08,BUS-025,2025-03-22 12:00:00,2025-03-22 18:05:00
TRIP-002321,RTE-09,BUS-054,2025-03-22 18:00:00,2025-03-23 01:49:00
TRIP-002322,RTE-18,BUS-022,2025-03-23 06:00:00,2025-03-23 15:00:00
TRIP-002323,RTE-15,BUS-050,2025-01-22 06:00:00,2025-01-22 11:11:00
TRIP-002324,RTE-27,BUS-016,2025-06-22 06:00:00,2025-06-22 17:39:00
TRIP-002325,RTE-13,BUS-056,2025-02-08 06:00:00,2025-02-08 12:37:00
TRIP-002326,RTE-06,BUS-034,2025-12-09 00:00:00,2025-12-09 03:36:00
TRIP-002327,RTE-28,BUS-002,2025-05-22 12:00:00,2025-05-22 20:59:00
TRIP-002328,RTE-29,BUS-073,2025-05-23 00:00:00,2025-05-23 10:43:00
TRIP-002329,RTE-06,BUS-028,2025-11-08 18:00:00,2025-11-08 21:36:00
TRIP-002330,RTE-29,BUS-007,2025-08-23 06:00:00,2025-08-23 16:43:00
TRIP-002331,RTE-21,BUS-013,2025-11-23 12:00:00,2025-11-23 20:11:00
TRIP-002332,RTE-23,BUS-061,2025-07-09 06:00:00,2025-07-09 13:32:00
TRIP-002333,RTE-27,BUS-029,2025-07-22 06:00:00,2025-07-22 17:39:00
TRIP-002334,RTE-22,BUS-039,2025-03-22 18:00:00,2025-03-23 00:10:00
TRIP-002335,RTE-23,BUS-022,2025-03-23 00:00:00,2025-03-23 07:32:00
TRIP-002336,RTE-04,BUS-007,2025-01-08 12:00:00,2025-01-08 18:03:00
TRIP-002337,RTE-25,BUS-077,2025-03-23 00:00:00,2025-03-23 09:38:00
TRIP-002338,RTE-26,BUS-011,2025-07-08 12:00:00,2025-07-08 16:00:00
TRIP-002339,RTE-26,BUS-020,2025-02-09 06:00:00,2025-02-09 10:00:00
TRIP-002340,RTE-25,BUS-047,2025-09-22 06:00:00,2025-09-22 15:38:00
TRIP-002341,RTE-06,BUS-042,2025-11-22 18:00:00,2025-11-22 21:36:00
TRIP-002342,RTE-07,BUS-071,2025-11-23 00:00:00,2025-11-23 09:42:00
TRIP-002343,RTE-14,BUS-063,2025-05-23 00:00:00,2025-05-23 12:02:00
TRIP-002344,RTE-10,BUS-036,2025-03-23 12:00:00,2025-03-23 20:41:00
TRIP-002345,RTE-30,BUS-073,2025-03-08 12:00:00,2025-03-09 00:25:00
TRIP-002346,RTE-21,BUS-079,2025-09-22 18:00:00,2025-09-23 02:11:00
TRIP-002347,RTE-22,BUS-017,2025-09-23 06:00:00,2025-09-23 12:10:00
TRIP-002348,RTE-23,BUS-048,2025-09-23 12:00:00,2025-09-23 19:32:00
TRIP-002349,RTE-06,BUS-007,2025-01-09 00:00:00,2025-01-09 03:36:00
TRIP-002350,RTE-06,BUS-057,2025-02-08 06:00:00,2025-02-08 09:36:00
TRIP-002351,RTE-12,BUS-045,2025-06-22 06:00:00,2025-06-22 10:27:00
TRIP-002352,RTE-03,BUS-044,2025-10-08 06:00:00,2025-10-08 09:02:00
TRIP-002353,RTE-19,BUS-077,2025-07-09 12:00:00,2025-07-09 15:11:00
TRIP-002354,RTE-11,BUS-042,2025-03-08 06:00:00,2025-03-08 14:14:00
TRIP-002355,RTE-01,BUS-042,2025-02-08 06:00:00,2025-02-08 13:44:00
TRIP-002356,RTE-02,BUS-074,2025-02-08 18:00:00,2025-02-08 20:46:00
TRIP-002357,RTE-02,BUS-032,2025-08-22 18:00:00,2025-08-22 20:46:00
TRIP-002358,RTE-07,BUS-033,2025-04-22 18:00:00,2025-04-23 03:42:00
TRIP-002359,RTE-20,BUS-058,2025-06-09 00:00:00,2025-06-09 06:10:00
TRIP-002360,RTE-07,BUS-001,2025-05-08 06:00:00,2025-05-08 15:42:00
TRIP-002361,RTE-04,BUS-011,2025-04-22 06:00:00,2025-04-22 12:03:00
TRIP-002362,RTE-28,BUS-060,2025-10-22 18:00:00,2025-10-23 02:59:00
TRIP-002363,RTE-08,BUS-035,2025-01-22 12:00:00,2025-01-22 18:05:00
TRIP-002364,RTE-14,BUS-002,2025-01-09 12:00:00,2025-01-10 00:02:00
TRIP-002365,RTE-13,BUS-064,2025-04-09 12:00:00,2025-04-09 18:37:00
TRIP-002366,RTE-29,BUS-040,2025-09-22 12:00:00,2025-09-22 22:43:00
TRIP-002367,RTE-30,BUS-008,2025-09-23 00:00:00,2025-09-23 12:25:00
TRIP-002368,RTE-09,BUS-045,2025-04-22 12:00:00,2025-04-22 19:49:00
TRIP-002369,RTE-10,BUS-068,2025-04-23 00:00:00,2025-04-23 08:41:00
TRIP-002370,RTE-06,BUS-007,2025-05-08 18:00:00,2025-05-08 21:36:00
TRIP-002371,RTE-07,BUS-009,2025-05-09 00:00:00,2025-05-09 09:42:00
TRIP-002372,RTE-15,BUS-072,2025-06-23 00:00:00,2025-06-23 05:11:00
TRIP-002373,RTE-14,BUS-010,2025-01-08 06:00:00,2025-01-08 18:02:00
TRIP-002374,RTE-25,BUS-038,2025-11-09 18:00:00,2025-11-10 03:38:00
TRIP-002375,RTE-22,BUS-045,2025-11-22 12:00:00,2025-11-22 18:10:00
TRIP-002376,RTE-28,BUS-078,2025-12-22 18:00:00,2025-12-23 02:59:00
TRIP-002377,RTE-26,BUS-034,2025-01-22 18:00:00,2025-01-22 22:00:00
TRIP-002378,RTE-05,BUS-077,2025-01-23 00:00:00,2025-01-23 12:23:00
TRIP-002379,RTE-16,BUS-022,2025-08-08 06:00:00,2025-08-08 13:34:00
TRIP-002380,RTE-26,BUS-015,2025-07-08 18:00:00,2025-07-08 22:00:00
TRIP-002381,RTE-24,BUS-009,2025-09-08 06:00:00,2025-09-08 17:14:00
TRIP-002382,RTE-26,BUS-059,2025-09-09 06:00:00,2025-09-09 10:00:00
TRIP-002383,RTE-05,BUS-006,2025-07-23 00:00:00,2025-07-23 12:23:00
TRIP-002384,RTE-06,BUS-070,2025-07-23 12:00:00,2025-07-23 15:36:00
TRIP-002385,RTE-30,BUS-040,2025-11-08 06:00:00,2025-11-08 18:25:00
TRIP-002386,RTE-11,BUS-072,2025-04-23 12:00:00,2025-04-23 20:14:00
TRIP-002387,RTE-24,BUS-008,2025-12-08 12:00:00,2025-12-08 23:14:00
TRIP-002388,RTE-29,BUS-018,2025-06-09 12:00:00,2025-06-09 22:43:00
TRIP-002389,RTE-01,BUS-062,2025-06-23 06:00:00,2025-06-23 13:44:00
TRIP-002390,RTE-12,BUS-063,2025-04-08 06:00:00,2025-04-08 10:27:00
TRIP-002391,RTE-06,BUS-043,2025-01-22 12:00:00,2025-01-22 15:36:00
TRIP-002392,RTE-08,BUS-039,2025-06-23 06:00:00,2025-06-23 12:05:00
TRIP-002393,RTE-09,BUS-066,2025-06-23 12:00:00,2025-06-23 19:49:00
TRIP-002394,RTE-26,BUS-058,2025-02-22 06:00:00,2025-02-22 10:00:00
TRIP-002395,RTE-15,BUS-043,2025-06-09 18:00:00,2025-06-09 23:11:00
TRIP-002396,RTE-23,BUS-034,2025-08-08 12:00:00,2025-08-08 19:32:00
TRIP-002397,RTE-24,BUS-053,2025-08-09 00:00:00,2025-08-09 11:14:00
TRIP-002398,RTE-15,BUS-075,2025-05-23 00:00:00,2025-05-23 05:11:00
TRIP-002399,RTE-05,BUS-044,2025-09-22 06:00:00,2025-09-22 18:23:00
TRIP-002400,RTE-06,BUS-074,2025-09-22 18:00:00,2025-09-22 21:36:00
TRIP-002401,RTE-07,BUS-040,2025-09-23 00:00:00,2025-09-23 09:42:00
TRIP-002402,RTE-09,BUS-037,2025-06-22 06:00:00,2025-06-22 13:49:00
TRIP-002403,RTE-13,BUS-032,2025-10-09 00:00:00,2025-10-09 06:37:00
TRIP-002404,RTE-27,BUS-039,2025-09-08 12:00:00,2025-09-08 23:39:00
TRIP-002405,RTE-11,BUS-034,2025-09-09 12:00:00,2025-09-09 20:14:00
TRIP-002406,RTE-18,BUS-048,2025-08-08 12:00:00,2025-08-08 21:00:00
TRIP-002407,RTE-19,BUS-063,2025-08-09 00:00:00,2025-08-09 03:11:00
TRIP-002408,RTE-14,BUS-069,2025-05-09 00:00:00,2025-05-09 12:02:00
TRIP-002409,RTE-18,BUS-002,2025-05-22 18:00:00,2025-05-23 03:00:00
TRIP-002410,RTE-05,BUS-004,2025-01-22 18:00:00,2025-01-23 06:23:00
TRIP-002411,RTE-06,BUS-013,2025-01-23 06:00:00,2025-01-23 09:36:00
TRIP-002412,RTE-07,BUS-079,2025-01-23 12:00:00,2025-01-23 21:42:00
TRIP-002413,RTE-23,BUS-074,2025-02-09 06:00:00,2025-02-09 13:32:00
TRIP-002414,RTE-10,BUS-014,2025-01-08 06:00:00,2025-01-08 14:41:00
TRIP-002415,RTE-11,BUS-059,2025-01-08 18:00:00,2025-01-09 02:14:00
TRIP-002416,RTE-12,BUS-052,2025-01-09 06:00:00,2025-01-09 10:27:00
TRIP-002417,RTE-14,BUS-057,2025-08-22 12:00:00,2025-08-23 00:02:00
TRIP-002418,RTE-01,BUS-015,2025-11-09 12:00:00,2025-11-09 19:44:00
TRIP-002419,RTE-26,BUS-047,2025-05-23 18:00:00,2025-05-23 22:00:00
TRIP-002420,RTE-10,BUS-007,2025-11-22 18:00:00,2025-11-23 02:41:00
TRIP-002421,RTE-11,BUS-008,2025-11-23 06:00:00,2025-11-23 14:14:00
TRIP-002422,RTE-01,BUS-078,2025-12-23 12:00:00,2025-12-23 19:44:00
TRIP-002423,RTE-24,BUS-074,2025-04-23 12:00:00,2025-04-23 23:14:00
TRIP-002424,RTE-01,BUS-047,2025-12-08 12:00:00,2025-12-08 19:44:00
TRIP-002425,RTE-02,BUS-007,2025-12-09 00:00:00,2025-12-09 02:46:00
TRIP-002426,RTE-03,BUS-043,2025-12-09 06:00:00,2025-12-09 09:02:00
TRIP-002427,RTE-04,BUS-043,2025-11-22 06:00:00,2025-11-22 12:03:00
TRIP-002428,RTE-22,BUS-010,2025-10-08 06:00:00,2025-10-08 12:10:00
TRIP-002429,RTE-28,BUS-018,2025-12-23 00:00:00,2025-12-23 08:59:00
TRIP-002430,RTE-29,BUS-057,2025-12-23 12:00:00,2025-12-23 22:43:00
TRIP-002431,RTE-29,BUS-035,2025-04-23 00:00:00,2025-04-23 10:43:00
TRIP-002432,RTE-18,BUS-036,2025-09-08 06:00:00,2025-09-08 15:00:00
TRIP-002433,RTE-19,BUS-011,2025-09-08 18:00:00,2025-09-08 21:11:00
TRIP-002434,RTE-19,BUS-063,2025-11-09 12:00:00,2025-11-09 15:11:00
TRIP-002435,RTE-14,BUS-014,2025-03-09 00:00:00,2025-03-09 12:02:00
TRIP-002436,RTE-19,BUS-047,2025-12-09 00:00:00,2025-12-09 03:11:00
TRIP-002437,RTE-30,BUS-024,2025-10-22 12:00:00,2025-10-23 00:25:00
TRIP-002438,RTE-25,BUS-039,2025-10-23 00:00:00,2025-10-23 09:38:00
TRIP-002439,RTE-25,BUS-072,2025-04-08 06:00:00,2025-04-08 15:38:00
TRIP-002440,RTE-01,BUS-079,2025-04-08 18:00:00,2025-04-09 01:44:00
TRIP-002441,RTE-03,BUS-039,2025-09-22 06:00:00,2025-09-22 09:02:00
TRIP-002442,RTE-04,BUS-056,2025-09-22 12:00:00,2025-09-22 18:03:00
TRIP-002443,RTE-05,BUS-025,2025-09-22 18:00:00,2025-09-23 06:23:00
TRIP-002444,RTE-20,BUS-029,2025-08-23 06:00:00,2025-08-23 12:10:00
TRIP-002445,RTE-21,BUS-013,2025-01-22 18:00:00,2025-01-23 02:11:00
TRIP-002446,RTE-22,BUS-026,2025-01-23 06:00:00,2025-01-23 12:10:00
TRIP-002447,RTE-18,BUS-008,2025-04-09 06:00:00,2025-04-09 15:00:00
TRIP-002448,RTE-19,BUS-079,2025-03-22 18:00:00,2025-03-22 21:11:00
TRIP-002449,RTE-15,BUS-009,2025-02-22 18:00:00,2025-02-22 23:11:00
TRIP-002450,RTE-16,BUS-038,2025-02-23 00:00:00,2025-02-23 07:34:00
TRIP-002451,RTE-17,BUS-016,2025-02-23 12:00:00,2025-02-23 14:39:00
TRIP-002452,RTE-13,BUS-032,2025-09-08 06:00:00,2025-09-08 12:37:00
TRIP-002453,RTE-14,BUS-054,2025-09-08 18:00:00,2025-09-09 06:02:00
TRIP-002454,RTE-30,BUS-047,2025-05-23 12:00:00,2025-05-24 00:25:00
TRIP-002455,RTE-14,BUS-009,2025-07-23 06:00:00,2025-07-23 18:02:00
TRIP-002456,RTE-18,BUS-008,2025-08-09 12:00:00,2025-08-09 21:00:00
TRIP-002457,RTE-03,BUS-062,2025-01-22 12:00:00,2025-01-22 15:02:00
TRIP-002458,RTE-04,BUS-039,2025-01-22 18:00:00,2025-01-23 00:03:00
TRIP-002459,RTE-15,BUS-078,2025-07-22 06:00:00,2025-07-22 11:11:00
TRIP-002460,RTE-20,BUS-049,2025-12-09 06:00:00,2025-12-09 12:10:00
TRIP-002461,RTE-12,BUS-038,2025-01-22 18:00:00,2025-01-22 22:27:00
TRIP-002462,RTE-13,BUS-075,2025-01-23 00:00:00,2025-01-23 06:37:00
TRIP-002463,RTE-30,BUS-052,2025-01-08 06:00:00,2025-01-08 18:25:00
TRIP-002464,RTE-02,BUS-001,2025-06-09 00:00:00,2025-06-09 02:46:00
TRIP-002465,RTE-25,BUS-070,2025-02-09 12:00:00,2025-02-09 21:38:00
TRIP-002466,RTE-07,BUS-067,2025-12-09 12:00:00,2025-12-09 21:42:00
TRIP-002467,RTE-30,BUS-069,2025-08-09 00:00:00,2025-08-09 12:25:00
TRIP-002468,RTE-10,BUS-052,2025-12-09 06:00:00,2025-12-09 14:41:00
TRIP-002469,RTE-03,BUS-074,2025-09-08 06:00:00,2025-09-08 09:02:00
TRIP-002470,RTE-04,BUS-013,2025-09-08 12:00:00,2025-09-08 18:03:00
TRIP-002471,RTE-05,BUS-062,2025-03-22 12:00:00,2025-03-23 00:23:00
TRIP-002472,RTE-03,BUS-033,2025-04-08 06:00:00,2025-04-08 09:02:00
TRIP-002473,RTE-26,BUS-042,2025-07-09 12:00:00,2025-07-09 16:00:00
TRIP-002474,RTE-02,BUS-075,2025-10-23 06:00:00,2025-10-23 08:46:00
TRIP-002475,RTE-19,BUS-060,2025-03-22 06:00:00,2025-03-22 09:11:00
TRIP-002476,RTE-20,BUS-048,2025-03-22 12:00:00,2025-03-22 18:10:00
TRIP-002477,RTE-20,BUS-045,2025-02-22 06:00:00,2025-02-22 12:10:00
TRIP-002478,RTE-24,BUS-034,2025-10-22 12:00:00,2025-10-22 23:14:00
TRIP-002479,RTE-15,BUS-035,2025-11-22 18:00:00,2025-11-22 23:11:00
TRIP-002480,RTE-01,BUS-053,2025-09-22 06:00:00,2025-09-22 13:44:00
TRIP-002481,RTE-02,BUS-032,2025-09-22 18:00:00,2025-09-22 20:46:00
TRIP-002482,RTE-28,BUS-025,2025-02-22 18:00:00,2025-02-23 02:59:00
TRIP-002483,RTE-15,BUS-001,2025-02-23 06:00:00,2025-02-23 11:11:00
TRIP-002484,RTE-16,BUS-015,2025-02-23 12:00:00,2025-02-23 19:34:00
TRIP-002485,RTE-07,BUS-022,2025-07-09 00:00:00,2025-07-09 09:42:00
TRIP-002486,RTE-07,BUS-078,2025-09-08 06:00:00,2025-09-08 15:42:00
TRIP-002487,RTE-06,BUS-015,2025-04-09 00:00:00,2025-04-09 03:36:00
TRIP-002488,RTE-30,BUS-043,2025-06-23 00:00:00,2025-06-23 12:25:00
TRIP-002489,RTE-30,BUS-049,2025-10-08 06:00:00,2025-10-08 18:25:00
TRIP-002490,RTE-16,BUS-004,2025-12-09 12:00:00,2025-12-09 19:34:00
TRIP-002491,RTE-16,BUS-060,2025-08-22 06:00:00,2025-08-22 13:34:00
TRIP-002492,RTE-19,BUS-013,2025-02-22 12:00:00,2025-02-22 15:11:00
TRIP-002493,RTE-30,BUS-002,2025-02-22 18:00:00,2025-02-23 06:25:00
TRIP-002494,RTE-13,BUS-021,2025-10-08 12:00:00,2025-10-08 18:37:00
TRIP-002495,RTE-22,BUS-056,2025-11-23 06:00:00,2025-11-23 12:10:00
TRIP-002496,RTE-23,BUS-073,2025-11-23 12:00:00,2025-11-23 19:32:00
TRIP-002497,RTE-16,BUS-078,2025-04-22 18:00:00,2025-04-23 01:34:00
TRIP-002498,RTE-20,BUS-047,2025-11-09 06:00:00,2025-11-09 12:10:00
TRIP-002499,RTE-22,BUS-063,2025-06-09 06:00:00,2025-06-09 12:10:00
TRIP-002500,RTE-22,BUS-049,2025-08-22 12:00:00,2025-08-22 18:10:00
TRIP-002501,RTE-23,BUS-016,2025-08-22 18:00:00,2025-08-23 01:32:00
TRIP-002502,RTE-24,BUS-033,2025-08-23 06:00:00,2025-08-23 17:14:00
TRIP-002503,RTE-23,BUS-078,2025-02-08 06:00:00,2025-02-08 13:32:00
TRIP-002504,RTE-24,BUS-065,2025-02-08 18:00:00,2025-02-09 05:14:00
TRIP-002505,RTE-05,BUS-048,2025-12-23 00:00:00,2025-12-23 12:23:00
TRIP-002506,RTE-13,BUS-019,2025-04-22 06:00:00,2025-04-22 12:37:00
TRIP-002507,RTE-05,BUS-022,2025-06-08 06:00:00,2025-06-08 18:23:00
TRIP-002508,RTE-10,BUS-016,2025-10-08 06:00:00,2025-10-08 14:41:00
TRIP-002509,RTE-29,BUS-048,2025-12-08 06:00:00,2025-12-08 16:43:00
TRIP-002510,RTE-30,BUS-077,2025-12-08 18:00:00,2025-12-09 06:25:00
TRIP-002511,RTE-26,BUS-019,2025-05-23 12:00:00,2025-05-23 16:00:00
TRIP-002512,RTE-26,BUS-007,2025-02-23 00:00:00,2025-02-23 04:00:00
TRIP-002513,RTE-30,BUS-065,2025-01-22 06:00:00,2025-01-22 18:25:00
TRIP-002514,RTE-25,BUS-054,2025-01-22 18:00:00,2025-01-23 03:38:00
TRIP-002515,RTE-01,BUS-060,2025-01-23 06:00:00,2025-01-23 13:44:00
TRIP-002516,RTE-12,BUS-019,2025-09-08 06:00:00,2025-09-08 10:27:00
TRIP-002517,RTE-13,BUS-020,2025-09-08 12:00:00,2025-09-08 18:37:00
TRIP-002518,RTE-01,BUS-058,2025-10-22 12:00:00,2025-10-22 19:44:00
TRIP-002519,RTE-28,BUS-077,2025-09-09 06:00:00,2025-09-09 14:59:00
TRIP-002520,RTE-01,BUS-008,2025-08-08 06:00:00,2025-08-08 13:44:00
TRIP-002521,RTE-01,BUS-049,2025-01-22 18:00:00,2025-01-23 01:44:00
TRIP-002522,RTE-20,BUS-038,2025-07-23 06:00:00,2025-07-23 12:10:00
TRIP-002523,RTE-14,BUS-068,2025-01-09 00:00:00,2025-01-09 12:02:00
TRIP-002524,RTE-15,BUS-071,2025-12-09 12:00:00,2025-12-09 17:11:00
TRIP-002525,RTE-29,BUS-062,2025-09-09 06:00:00,2025-09-09 16:43:00
TRIP-002526,RTE-19,BUS-034,2025-05-23 00:00:00,2025-05-23 03:11:00
TRIP-002527,RTE-04,BUS-028,2025-10-22 18:00:00,2025-10-23 00:03:00
TRIP-002528,RTE-17,BUS-031,2025-11-22 18:00:00,2025-11-22 20:39:00
TRIP-002529,RTE-07,BUS-043,2025-11-08 06:00:00,2025-11-08 15:42:00
TRIP-002530,RTE-08,BUS-025,2025-11-08 18:00:00,2025-11-09 00:05:00
TRIP-002531,RTE-09,BUS-038,2025-11-09 00:00:00,2025-11-09 07:49:00
TRIP-002532,RTE-09,BUS-052,2025-10-23 00:00:00,2025-10-23 07:49:00
TRIP-002533,RTE-28,BUS-043,2025-07-23 12:00:00,2025-07-23 20:59:00
TRIP-002534,RTE-05,BUS-038,2025-07-23 06:00:00,2025-07-23 18:23:00
TRIP-002535,RTE-26,BUS-035,2025-01-23 06:00:00,2025-01-23 10:00:00
TRIP-002536,RTE-27,BUS-024,2025-01-23 12:00:00,2025-01-23 23:39:00
TRIP-002537,RTE-28,BUS-044,2025-08-09 00:00:00,2025-08-09 08:59:00
TRIP-002538,RTE-27,BUS-032,2025-08-22 18:00:00,2025-08-23 05:39:00
TRIP-002539,RTE-28,BUS-007,2025-08-23 06:00:00,2025-08-23 14:59:00
TRIP-002540,RTE-29,BUS-031,2025-08-23 18:00:00,2025-08-24 04:43:00
TRIP-002541,RTE-28,BUS-058,2025-06-22 18:00:00,2025-06-23 02:59:00
TRIP-002542,RTE-15,BUS-015,2025-06-08 12:00:00,2025-06-08 17:11:00
TRIP-002543,RTE-05,BUS-026,2025-03-22 18:00:00,2025-03-23 06:23:00
TRIP-002544,RTE-06,BUS-040,2025-03-23 06:00:00,2025-03-23 09:36:00
TRIP-002545,RTE-07,BUS-025,2025-03-23 12:00:00,2025-03-23 21:42:00
TRIP-002546,RTE-20,BUS-006,2025-12-23 12:00:00,2025-12-23 18:10:00
TRIP-002547,RTE-09,BUS-025,2025-10-09 12:00:00,2025-10-09 19:49:00
TRIP-002548,RTE-11,BUS-008,2025-08-08 12:00:00,2025-08-08 20:14:00
TRIP-002549,RTE-12,BUS-054,2025-08-09 00:00:00,2025-08-09 04:27:00
TRIP-002550,RTE-05,BUS-026,2025-04-08 06:00:00,2025-04-08 18:23:00
TRIP-002551,RTE-06,BUS-031,2025-04-08 18:00:00,2025-04-08 21:36:00
TRIP-002552,RTE-07,BUS-067,2025-04-09 00:00:00,2025-04-09 09:42:00
TRIP-002553,RTE-25,BUS-044,2025-05-08 12:00:00,2025-05-08 21:38:00
TRIP-002554,RTE-01,BUS-011,2025-05-09 00:00:00,2025-05-09 07:44:00
TRIP-002555,RTE-28,BUS-034,2025-11-08 18:00:00,2025-11-09 02:59:00
TRIP-002556,RTE-29,BUS-037,2025-11-09 06:00:00,2025-11-09 16:43:00
TRIP-002557,RTE-25,BUS-063,2025-05-23 18:00:00,2025-05-24 03:38:00
TRIP-002558,RTE-23,BUS-029,2025-06-09 06:00:00,2025-06-09 13:32:00
TRIP-002559,RTE-26,BUS-028,2025-01-22 12:00:00,2025-01-22 16:00:00
TRIP-002560,RTE-02,BUS-029,2025-01-09 06:00:00,2025-01-09 08:46:00
TRIP-002561,RTE-23,BUS-040,2025-06-09 00:00:00,2025-06-09 07:32:00
TRIP-002562,RTE-27,BUS-070,2025-12-23 06:00:00,2025-12-23 17:39:00
TRIP-002563,RTE-07,BUS-029,2025-05-23 00:00:00,2025-05-23 09:42:00
TRIP-002564,RTE-10,BUS-078,2025-08-09 00:00:00,2025-08-09 08:41:00
TRIP-002565,RTE-11,BUS-011,2025-08-09 12:00:00,2025-08-09 20:14:00
TRIP-002566,RTE-26,BUS-007,2025-09-23 06:00:00,2025-09-23 10:00:00
TRIP-002567,RTE-29,BUS-054,2025-02-08 06:00:00,2025-02-08 16:43:00
TRIP-002568,RTE-20,BUS-002,2025-07-23 00:00:00,2025-07-23 06:10:00
TRIP-002569,RTE-16,BUS-068,2025-08-22 18:00:00,2025-08-23 01:34:00
TRIP-002570,RTE-17,BUS-077,2025-08-23 06:00:00,2025-08-23 08:39:00
TRIP-002571,RTE-18,BUS-078,2025-08-23 12:00:00,2025-08-23 21:00:00
TRIP-002572,RTE-28,BUS-036,2025-07-23 06:00:00,2025-07-23 14:59:00
TRIP-002573,RTE-30,BUS-011,2025-09-22 12:00:00,2025-09-23 00:25:00
TRIP-002574,RTE-28,BUS-045,2025-07-08 12:00:00,2025-07-08 20:59:00
TRIP-002575,RTE-21,BUS-041,2025-08-09 06:00:00,2025-08-09 14:11:00
TRIP-002576,RTE-07,BUS-067,2025-12-09 06:00:00,2025-12-09 15:42:00
TRIP-002577,RTE-17,BUS-066,2025-05-22 12:00:00,2025-05-22 14:39:00
TRIP-002578,RTE-02,BUS-077,2025-10-22 06:00:00,2025-10-22 08:46:00
TRIP-002579,RTE-12,BUS-059,2025-11-08 12:00:00,2025-11-08 16:27:00
TRIP-002580,RTE-29,BUS-037,2025-12-09 12:00:00,2025-12-09 22:43:00
TRIP-002581,RTE-28,BUS-004,2025-05-09 12:00:00,2025-05-09 20:59:00
TRIP-002582,RTE-30,BUS-050,2025-01-22 12:00:00,2025-01-23 00:25:00
TRIP-002583,RTE-17,BUS-042,2025-06-23 06:00:00,2025-06-23 08:39:00
TRIP-002584,RTE-22,BUS-011,2025-04-09 12:00:00,2025-04-09 18:10:00
TRIP-002585,RTE-02,BUS-022,2025-11-08 12:00:00,2025-11-08 14:46:00
TRIP-002586,RTE-18,BUS-001,2025-11-23 06:00:00,2025-11-23 15:00:00
TRIP-002587,RTE-15,BUS-053,2025-12-23 12:00:00,2025-12-23 17:11:00
TRIP-002588,RTE-21,BUS-038,2025-03-22 12:00:00,2025-03-22 20:11:00
TRIP-002589,RTE-29,BUS-005,2025-09-22 18:00:00,2025-09-23 04:43:00
TRIP-002590,RTE-22,BUS-026,2025-07-09 06:00:00,2025-07-09 12:10:00
TRIP-002591,RTE-07,BUS-024,2025-11-09 00:00:00,2025-11-09 09:42:00
TRIP-002592,RTE-11,BUS-044,2025-09-08 06:00:00,2025-09-08 14:14:00
TRIP-002593,RTE-05,BUS-053,2025-08-23 00:00:00,2025-08-23 12:23:00
TRIP-002594,RTE-28,BUS-060,2025-04-09 00:00:00,2025-04-09 08:59:00
TRIP-002595,RTE-01,BUS-069,2025-07-22 12:00:00,2025-07-22 19:44:00
TRIP-002596,RTE-02,BUS-005,2025-07-23 00:00:00,2025-07-23 02:46:00
TRIP-002597,RTE-06,BUS-024,2025-06-23 00:00:00,2025-06-23 03:36:00
TRIP-002598,RTE-12,BUS-032,2025-07-23 12:00:00,2025-07-23 16:27:00
TRIP-002599,RTE-19,BUS-045,2025-12-08 12:00:00,2025-12-08 15:11:00
TRIP-002600,RTE-14,BUS-021,2025-07-08 06:00:00,2025-07-08 18:02:00
TRIP-002601,RTE-25,BUS-025,2025-12-09 00:00:00,2025-12-09 09:38:00
TRIP-002602,RTE-01,BUS-007,2025-12-09 12:00:00,2025-12-09 19:44:00
TRIP-002603,RTE-10,BUS-026,2025-07-08 12:00:00,2025-07-08 20:41:00
TRIP-002604,RTE-11,BUS-028,2025-07-09 00:00:00,2025-07-09 08:14:00
TRIP-002605,RTE-27,BUS-011,2025-12-09 00:00:00,2025-12-09 11:39:00
TRIP-002606,RTE-15,BUS-064,2025-07-22 12:00:00,2025-07-22 17:11:00
TRIP-002607,RTE-20,BUS-057,2025-12-09 12:00:00,2025-12-09 18:10:00
TRIP-002608,RTE-07,BUS-067,2025-05-22 12:00:00,2025-05-22 21:42:00
TRIP-002609,RTE-08,BUS-007,2025-05-23 00:00:00,2025-05-23 06:05:00
TRIP-002610,RTE-09,BUS-037,2025-05-23 06:00:00,2025-05-23 13:49:00
TRIP-002611,RTE-26,BUS-011,2025-09-08 06:00:00,2025-09-08 10:00:00
TRIP-002612,RTE-15,BUS-076,2025-05-22 18:00:00,2025-05-22 23:11:00
TRIP-002613,RTE-16,BUS-042,2025-05-23 00:00:00,2025-05-23 07:34:00
TRIP-002614,RTE-17,BUS-024,2025-05-23 12:00:00,2025-05-23 14:39:00
TRIP-002615,RTE-29,BUS-037,2025-04-09 00:00:00,2025-04-09 10:43:00
TRIP-002616,RTE-27,BUS-008,2025-10-22 06:00:00,2025-10-22 17:39:00
TRIP-002617,RTE-02,BUS-005,2025-07-09 06:00:00,2025-07-09 08:46:00
TRIP-002618,RTE-19,BUS-034,2025-09-09 06:00:00,2025-09-09 09:11:00
TRIP-002619,RTE-30,BUS-071,2025-07-23 06:00:00,2025-07-23 18:25:00
TRIP-002620,RTE-25,BUS-018,2025-07-23 18:00:00,2025-07-24 03:38:00
TRIP-002621,RTE-26,BUS-048,2025-10-08 18:00:00,2025-10-08 22:00:00
TRIP-002622,RTE-05,BUS-010,2025-10-09 00:00:00,2025-10-09 12:23:00
TRIP-002623,RTE-01,BUS-041,2025-02-08 12:00:00,2025-02-08 19:44:00
TRIP-002624,RTE-02,BUS-023,2025-02-09 00:00:00,2025-02-09 02:46:00
TRIP-002625,RTE-18,BUS-075,2025-03-22 06:00:00,2025-03-22 15:00:00
TRIP-002626,RTE-20,BUS-001,2025-04-23 00:00:00,2025-04-23 06:10:00
TRIP-002627,RTE-21,BUS-002,2025-04-23 06:00:00,2025-04-23 14:11:00
TRIP-002628,RTE-24,BUS-033,2025-09-23 06:00:00,2025-09-23 17:14:00
TRIP-002629,RTE-15,BUS-047,2025-02-22 06:00:00,2025-02-22 11:11:00
TRIP-002630,RTE-02,BUS-058,2025-08-08 12:00:00,2025-08-08 14:46:00
TRIP-002631,RTE-03,BUS-047,2025-08-08 18:00:00,2025-08-08 21:02:00
TRIP-002632,RTE-23,BUS-017,2025-12-23 00:00:00,2025-12-23 07:32:00
TRIP-002633,RTE-02,BUS-041,2025-03-08 06:00:00,2025-03-08 08:46:00
TRIP-002634,RTE-06,BUS-010,2025-02-22 18:00:00,2025-02-22 21:36:00
TRIP-002635,RTE-02,BUS-057,2025-08-22 06:00:00,2025-08-22 08:46:00
TRIP-002636,RTE-30,BUS-018,2025-06-09 12:00:00,2025-06-10 00:25:00
TRIP-002637,RTE-25,BUS-057,2025-11-08 06:00:00,2025-11-08 15:38:00
TRIP-002638,RTE-19,BUS-077,2025-10-08 06:00:00,2025-10-08 09:11:00
TRIP-002639,RTE-28,BUS-038,2025-10-22 06:00:00,2025-10-22 14:59:00
TRIP-002640,RTE-29,BUS-040,2025-10-22 18:00:00,2025-10-23 04:43:00
TRIP-002641,RTE-12,BUS-068,2025-11-22 18:00:00,2025-11-22 22:27:00
TRIP-002642,RTE-13,BUS-054,2025-11-23 00:00:00,2025-11-23 06:37:00
TRIP-002643,RTE-09,BUS-040,2025-02-08 18:00:00,2025-02-09 01:49:00
TRIP-002644,RTE-10,BUS-019,2025-02-09 06:00:00,2025-02-09 14:41:00
TRIP-002645,RTE-22,BUS-062,2025-03-23 00:00:00,2025-03-23 06:10:00
TRIP-002646,RTE-17,BUS-001,2025-06-22 06:00:00,2025-06-22 08:39:00
TRIP-002647,RTE-05,BUS-022,2025-09-08 06:00:00,2025-09-08 18:23:00
TRIP-002648,RTE-06,BUS-080,2025-09-08 18:00:00,2025-09-08 21:36:00
TRIP-002649,RTE-04,BUS-048,2025-02-23 00:00:00,2025-02-23 06:03:00
TRIP-002650,RTE-16,BUS-074,2025-05-22 12:00:00,2025-05-22 19:34:00
TRIP-002651,RTE-17,BUS-026,2025-05-23 00:00:00,2025-05-23 02:39:00
TRIP-002652,RTE-18,BUS-019,2025-05-23 06:00:00,2025-05-23 15:00:00
TRIP-002653,RTE-22,BUS-006,2025-01-09 06:00:00,2025-01-09 12:10:00
TRIP-002654,RTE-23,BUS-045,2025-06-22 06:00:00,2025-06-22 13:32:00
TRIP-002655,RTE-10,BUS-062,2025-03-22 12:00:00,2025-03-22 20:41:00
TRIP-002656,RTE-11,BUS-040,2025-03-23 00:00:00,2025-03-23 08:14:00
TRIP-002657,RTE-26,BUS-034,2025-11-23 12:00:00,2025-11-23 16:00:00
TRIP-002658,RTE-10,BUS-044,2025-10-08 12:00:00,2025-10-08 20:41:00
TRIP-002659,RTE-11,BUS-060,2025-10-09 00:00:00,2025-10-09 08:14:00
TRIP-002660,RTE-28,BUS-068,2025-10-08 06:00:00,2025-10-08 14:59:00
TRIP-002661,RTE-20,BUS-072,2025-10-09 06:00:00,2025-10-09 12:10:00
TRIP-002662,RTE-17,BUS-021,2025-10-08 06:00:00,2025-10-08 08:39:00
TRIP-002663,RTE-25,BUS-024,2025-02-22 06:00:00,2025-02-22 15:38:00
TRIP-002664,RTE-26,BUS-009,2025-02-22 18:00:00,2025-02-22 22:00:00
TRIP-002665,RTE-28,BUS-058,2025-04-23 00:00:00,2025-04-23 08:59:00
TRIP-002666,RTE-17,BUS-029,2025-04-08 12:00:00,2025-04-08 14:39:00
TRIP-002667,RTE-11,BUS-057,2025-10-09 06:00:00,2025-10-09 14:14:00
TRIP-002668,RTE-12,BUS-069,2025-10-09 18:00:00,2025-10-09 22:27:00
TRIP-002669,RTE-21,BUS-056,2025-12-22 06:00:00,2025-12-22 14:11:00
TRIP-002670,RTE-24,BUS-018,2025-09-09 00:00:00,2025-09-09 11:14:00
TRIP-002671,RTE-25,BUS-068,2025-09-09 12:00:00,2025-09-09 21:38:00
TRIP-002672,RTE-19,BUS-075,2025-04-09 12:00:00,2025-04-09 15:11:00
TRIP-002673,RTE-29,BUS-074,2025-02-08 18:00:00,2025-02-09 04:43:00
TRIP-002674,RTE-29,BUS-021,2025-02-22 06:00:00,2025-02-22 16:43:00
TRIP-002675,RTE-08,BUS-043,2025-03-09 06:00:00,2025-03-09 12:05:00
TRIP-002676,RTE-20,BUS-038,2025-08-08 06:00:00,2025-08-08 12:10:00
TRIP-002677,RTE-17,BUS-018,2025-02-08 18:00:00,2025-02-08 20:39:00
TRIP-002678,RTE-18,BUS-026,2025-02-09 00:00:00,2025-02-09 09:00:00
TRIP-002679,RTE-25,BUS-031,2025-12-09 18:00:00,2025-12-10 03:38:00
TRIP-002680,RTE-21,BUS-031,2025-07-09 00:00:00,2025-07-09 08:11:00
TRIP-002681,RTE-28,BUS-072,2025-10-08 12:00:00,2025-10-08 20:59:00
TRIP-002682,RTE-15,BUS-028,2025-10-09 00:00:00,2025-10-09 05:11:00
TRIP-002683,RTE-01,BUS-065,2025-04-08 12:00:00,2025-04-08 19:44:00
TRIP-002684,RTE-02,BUS-007,2025-04-09 00:00:00,2025-04-09 02:46:00
TRIP-002685,RTE-29,BUS-016,2025-07-23 06:00:00,2025-07-23 16:43:00
TRIP-002686,RTE-25,BUS-057,2025-12-09 06:00:00,2025-12-09 15:38:00
TRIP-002687,RTE-05,BUS-036,2025-07-09 00:00:00,2025-07-09 12:23:00
TRIP-002688,RTE-29,BUS-014,2025-03-08 06:00:00,2025-03-08 16:43:00
TRIP-002689,RTE-10,BUS-006,2025-03-08 06:00:00,2025-03-08 14:41:00
TRIP-002690,RTE-11,BUS-077,2025-03-08 18:00:00,2025-03-09 02:14:00
TRIP-002691,RTE-25,BUS-056,2025-05-09 06:00:00,2025-05-09 15:38:00
TRIP-002692,RTE-13,BUS-004,2025-10-08 06:00:00,2025-10-08 12:37:00
TRIP-002693,RTE-09,BUS-035,2025-04-08 12:00:00,2025-04-08 19:49:00
TRIP-002694,RTE-23,BUS-059,2025-09-22 06:00:00,2025-09-22 13:32:00
TRIP-002695,RTE-24,BUS-035,2025-09-22 18:00:00,2025-09-23 05:14:00
TRIP-002696,RTE-11,BUS-021,2025-02-08 12:00:00,2025-02-08 20:14:00
TRIP-002697,RTE-12,BUS-038,2025-02-09 00:00:00,2025-02-09 04:27:00
TRIP-002698,RTE-13,BUS-042,2025-02-09 06:00:00,2025-02-09 12:37:00
TRIP-002699,RTE-17,BUS-007,2025-06-08 12:00:00,2025-06-08 14:39:00
TRIP-002700,RTE-11,BUS-011,2025-02-22 18:00:00,2025-02-23 02:14:00
TRIP-002701,RTE-12,BUS-030,2025-02-23 06:00:00,2025-02-23 10:27:00
TRIP-002702,RTE-16,BUS-026,2025-09-23 12:00:00,2025-09-23 19:34:00
TRIP-002703,RTE-08,BUS-040,2025-11-09 12:00:00,2025-11-09 18:05:00
TRIP-002704,RTE-27,BUS-041,2025-03-23 00:00:00,2025-03-23 11:39:00
TRIP-002705,RTE-28,BUS-042,2025-03-23 12:00:00,2025-03-23 20:59:00
TRIP-002706,RTE-11,BUS-077,2025-04-22 06:00:00,2025-04-22 14:14:00
TRIP-002707,RTE-15,BUS-008,2025-06-08 06:00:00,2025-06-08 11:11:00
TRIP-002708,RTE-05,BUS-008,2025-10-23 00:00:00,2025-10-23 12:23:00
TRIP-002709,RTE-06,BUS-010,2025-10-23 12:00:00,2025-10-23 15:36:00
TRIP-002710,RTE-27,BUS-044,2025-09-08 18:00:00,2025-09-09 05:39:00
TRIP-002711,RTE-05,BUS-040,2025-05-09 00:00:00,2025-05-09 12:23:00
TRIP-002712,RTE-15,BUS-075,2025-06-22 06:00:00,2025-06-22 11:11:00
TRIP-002713,RTE-28,BUS-073,2025-01-08 12:00:00,2025-01-08 20:59:00
TRIP-002714,RTE-17,BUS-062,2025-08-08 06:00:00,2025-08-08 08:39:00
TRIP-002715,RTE-01,BUS-024,2025-10-23 00:00:00,2025-10-23 07:44:00
TRIP-002716,RTE-09,BUS-073,2025-01-08 06:00:00,2025-01-08 13:49:00
TRIP-002717,RTE-16,BUS-032,2025-11-22 06:00:00,2025-11-22 13:34:00
TRIP-002718,RTE-01,BUS-049,2025-01-08 12:00:00,2025-01-08 19:44:00
TRIP-002719,RTE-04,BUS-044,2025-03-22 12:00:00,2025-03-22 18:03:00
TRIP-002720,RTE-25,BUS-078,2025-11-22 12:00:00,2025-11-22 21:38:00
TRIP-002721,RTE-26,BUS-074,2025-11-23 00:00:00,2025-11-23 04:00:00
TRIP-002722,RTE-05,BUS-080,2025-11-23 06:00:00,2025-11-23 18:23:00
TRIP-002723,RTE-26,BUS-033,2025-01-08 06:00:00,2025-01-08 10:00:00
TRIP-002724,RTE-21,BUS-013,2025-11-22 06:00:00,2025-11-22 14:11:00
TRIP-002725,RTE-22,BUS-050,2025-11-22 18:00:00,2025-11-23 00:10:00
TRIP-002726,RTE-17,BUS-072,2025-09-09 06:00:00,2025-09-09 08:39:00
TRIP-002727,RTE-18,BUS-063,2025-09-09 12:00:00,2025-09-09 21:00:00
TRIP-002728,RTE-08,BUS-019,2025-12-23 12:00:00,2025-12-23 18:05:00
TRIP-002729,RTE-20,BUS-071,2025-11-22 18:00:00,2025-11-23 00:10:00
TRIP-002730,RTE-21,BUS-078,2025-11-23 00:00:00,2025-11-23 08:11:00
TRIP-002731,RTE-15,BUS-016,2025-09-22 06:00:00,2025-09-22 11:11:00
TRIP-002732,RTE-19,BUS-029,2025-02-22 06:00:00,2025-02-22 09:11:00
TRIP-002733,RTE-03,BUS-019,2025-07-09 00:00:00,2025-07-09 03:02:00
TRIP-002734,RTE-04,BUS-073,2025-07-09 06:00:00,2025-07-09 12:03:00
TRIP-002735,RTE-12,BUS-052,2025-11-22 12:00:00,2025-11-22 16:27:00
TRIP-002736,RTE-02,BUS-002,2025-04-22 18:00:00,2025-04-22 20:46:00
TRIP-002737,RTE-03,BUS-048,2025-04-23 00:00:00,2025-04-23 03:02:00
TRIP-002738,RTE-05,BUS-015,2025-10-08 18:00:00,2025-10-09 06:23:00
TRIP-002739,RTE-01,BUS-017,2025-10-09 12:00:00,2025-10-09 19:44:00
TRIP-002740,RTE-10,BUS-080,2025-11-08 06:00:00,2025-11-08 14:41:00
TRIP-002741,RTE-26,BUS-057,2025-12-09 12:00:00,2025-12-09 16:00:00
TRIP-002742,RTE-03,BUS-001,2025-07-09 12:00:00,2025-07-09 15:02:00
TRIP-002743,RTE-09,BUS-023,2025-11-09 06:00:00,2025-11-09 13:49:00
TRIP-002744,RTE-11,BUS-006,2025-02-22 06:00:00,2025-02-22 14:14:00
TRIP-002745,RTE-12,BUS-020,2025-02-22 18:00:00,2025-02-22 22:27:00
TRIP-002746,RTE-29,BUS-058,2025-09-23 06:00:00,2025-09-23 16:43:00
TRIP-002747,RTE-08,BUS-077,2025-02-08 12:00:00,2025-02-08 18:05:00
TRIP-002748,RTE-22,BUS-054,2025-04-09 00:00:00,2025-04-09 06:10:00
TRIP-002749,RTE-29,BUS-050,2025-01-23 12:00:00,2025-01-23 22:43:00
TRIP-002750,RTE-14,BUS-065,2025-03-08 12:00:00,2025-03-09 00:02:00
TRIP-002751,RTE-29,BUS-017,2025-03-09 00:00:00,2025-03-09 10:43:00
TRIP-002752,RTE-20,BUS-066,2025-03-09 12:00:00,2025-03-09 18:10:00
TRIP-002753,RTE-08,BUS-080,2025-05-22 18:00:00,2025-05-23 00:05:00
TRIP-002754,RTE-09,BUS-054,2025-05-23 00:00:00,2025-05-23 07:49:00
TRIP-002755,RTE-28,BUS-016,2025-05-23 12:00:00,2025-05-23 20:59:00
TRIP-002756,RTE-25,BUS-065,2025-05-23 12:00:00,2025-05-23 21:38:00
TRIP-002757,RTE-30,BUS-015,2025-10-22 18:00:00,2025-10-23 06:25:00
TRIP-002758,RTE-11,BUS-030,2025-02-22 12:00:00,2025-02-22 20:14:00
TRIP-002759,RTE-12,BUS-044,2025-02-23 00:00:00,2025-02-23 04:27:00
TRIP-002760,RTE-18,BUS-074,2025-04-22 12:00:00,2025-04-22 21:00:00
TRIP-002761,RTE-19,BUS-034,2025-04-23 00:00:00,2025-04-23 03:11:00
TRIP-002762,RTE-30,BUS-068,2025-06-09 18:00:00,2025-06-10 06:25:00
TRIP-002763,RTE-12,BUS-054,2025-07-23 18:00:00,2025-07-23 22:27:00
TRIP-002764,RTE-01,BUS-074,2025-02-23 12:00:00,2025-02-23 19:44:00
TRIP-002765,RTE-09,BUS-061,2025-11-22 12:00:00,2025-11-22 19:49:00
TRIP-002766,RTE-20,BUS-040,2025-11-09 12:00:00,2025-11-09 18:10:00
TRIP-002767,RTE-19,BUS-058,2025-05-23 06:00:00,2025-05-23 09:11:00
TRIP-002768,RTE-20,BUS-070,2025-05-23 12:00:00,2025-05-23 18:10:00
TRIP-002769,RTE-24,BUS-064,2025-04-09 06:00:00,2025-04-09 17:14:00
TRIP-002770,RTE-01,BUS-009,2025-03-22 06:00:00,2025-03-22 13:44:00
TRIP-002771,RTE-03,BUS-052,2025-03-23 00:00:00,2025-03-23 03:02:00
TRIP-002772,RTE-17,BUS-039,2025-02-22 06:00:00,2025-02-22 08:39:00
TRIP-002773,RTE-18,BUS-018,2025-02-22 12:00:00,2025-02-22 21:00:00
TRIP-002774,RTE-19,BUS-001,2025-02-23 00:00:00,2025-02-23 03:11:00
TRIP-002775,RTE-01,BUS-075,2025-03-23 06:00:00,2025-03-23 13:44:00
TRIP-002776,RTE-29,BUS-066,2025-11-22 06:00:00,2025-11-22 16:43:00
TRIP-002777,RTE-18,BUS-028,2025-11-22 06:00:00,2025-11-22 15:00:00
TRIP-002778,RTE-24,BUS-025,2025-10-23 00:00:00,2025-10-23 11:14:00
TRIP-002779,RTE-16,BUS-040,2025-10-08 06:00:00,2025-10-08 13:34:00
TRIP-002780,RTE-04,BUS-035,2025-10-09 00:00:00,2025-10-09 06:03:00
TRIP-002781,RTE-01,BUS-068,2025-06-23 18:00:00,2025-06-24 01:44:00
TRIP-002782,RTE-13,BUS-043,2025-08-22 06:00:00,2025-08-22 12:37:00
TRIP-002783,RTE-19,BUS-052,2025-05-09 00:00:00,2025-05-09 03:11:00
TRIP-002784,RTE-01,BUS-066,2025-08-08 18:00:00,2025-08-09 01:44:00
TRIP-002785,RTE-08,BUS-032,2025-11-23 06:00:00,2025-11-23 12:05:00
TRIP-002786,RTE-22,BUS-022,2025-05-08 06:00:00,2025-05-08 12:10:00
TRIP-002787,RTE-13,BUS-079,2025-05-22 18:00:00,2025-05-23 00:37:00
TRIP-002788,RTE-14,BUS-067,2025-05-23 06:00:00,2025-05-23 18:02:00
TRIP-002789,RTE-29,BUS-080,2025-05-23 18:00:00,2025-05-24 04:43:00
TRIP-002790,RTE-15,BUS-068,2025-03-23 06:00:00,2025-03-23 11:11:00
TRIP-002791,RTE-01,BUS-013,2025-06-22 12:00:00,2025-06-22 19:44:00
TRIP-002792,RTE-14,BUS-011,2025-06-08 06:00:00,2025-06-08 18:02:00
TRIP-002793,RTE-15,BUS-065,2025-06-08 18:00:00,2025-06-08 23:11:00
TRIP-002794,RTE-25,BUS-018,2025-09-23 06:00:00,2025-09-23 15:38:00
TRIP-002795,RTE-10,BUS-062,2025-04-23 06:00:00,2025-04-23 14:41:00
TRIP-002796,RTE-01,BUS-001,2025-03-22 12:00:00,2025-03-22 19:44:00
TRIP-002797,RTE-02,BUS-067,2025-03-23 00:00:00,2025-03-23 02:46:00
TRIP-002798,RTE-03,BUS-040,2025-03-23 06:00:00,2025-03-23 09:02:00
TRIP-002799,RTE-16,BUS-045,2025-07-08 06:00:00,2025-07-08 13:34:00
TRIP-002800,RTE-21,BUS-067,2025-04-08 18:00:00,2025-04-09 02:11:00
TRIP-002801,RTE-22,BUS-020,2025-04-09 06:00:00,2025-04-09 12:10:00
TRIP-002802,RTE-23,BUS-030,2025-04-09 12:00:00,2025-04-09 19:32:00
TRIP-002803,RTE-28,BUS-044,2025-06-23 12:00:00,2025-06-23 20:59:00
TRIP-002804,RTE-26,BUS-053,2025-09-22 18:00:00,2025-09-22 22:00:00
TRIP-002805,RTE-22,BUS-030,2025-02-08 06:00:00,2025-02-08 12:10:00
TRIP-002806,RTE-26,BUS-015,2025-03-08 18:00:00,2025-03-08 22:00:00
TRIP-002807,RTE-08,BUS-069,2025-10-08 06:00:00,2025-10-08 12:05:00
TRIP-002808,RTE-22,BUS-021,2025-03-22 12:00:00,2025-03-22 18:10:00
TRIP-002809,RTE-30,BUS-067,2025-04-23 00:00:00,2025-04-23 12:25:00
TRIP-002810,RTE-27,BUS-078,2025-01-08 12:00:00,2025-01-08 23:39:00
TRIP-002811,RTE-25,BUS-018,2025-11-08 12:00:00,2025-11-08 21:38:00
TRIP-002812,RTE-01,BUS-019,2025-11-09 00:00:00,2025-11-09 07:44:00
TRIP-002813,RTE-02,BUS-021,2025-11-09 12:00:00,2025-11-09 14:46:00
TRIP-002814,RTE-17,BUS-006,2025-04-22 06:00:00,2025-04-22 08:39:00
TRIP-002815,RTE-15,BUS-030,2025-12-08 06:00:00,2025-12-08 11:11:00
TRIP-002816,RTE-10,BUS-018,2025-06-08 12:00:00,2025-06-08 20:41:00
TRIP-002817,RTE-11,BUS-073,2025-06-09 00:00:00,2025-06-09 08:14:00
TRIP-002818,RTE-04,BUS-028,2025-11-08 06:00:00,2025-11-08 12:03:00
TRIP-002819,RTE-02,BUS-065,2025-02-08 12:00:00,2025-02-08 14:46:00
TRIP-002820,RTE-03,BUS-058,2025-02-08 18:00:00,2025-02-08 21:02:00
TRIP-002821,RTE-04,BUS-039,2025-02-09 00:00:00,2025-02-09 06:03:00
TRIP-002822,RTE-10,BUS-030,2025-02-09 00:00:00,2025-02-09 08:41:00
TRIP-002823,RTE-17,BUS-036,2025-03-08 06:00:00,2025-03-08 08:39:00
TRIP-002824,RTE-29,BUS-065,2025-10-08 06:00:00,2025-10-08 16:43:00
TRIP-002825,RTE-30,BUS-039,2025-10-08 18:00:00,2025-10-09 06:25:00
TRIP-002826,RTE-02,BUS-047,2025-10-08 06:00:00,2025-10-08 08:46:00
TRIP-002827,RTE-12,BUS-001,2025-02-23 18:00:00,2025-02-23 22:27:00
TRIP-002828,RTE-05,BUS-024,2025-11-09 00:00:00,2025-11-09 12:23:00
TRIP-002829,RTE-03,BUS-029,2025-03-22 06:00:00,2025-03-22 09:02:00
TRIP-002830,RTE-02,BUS-007,2025-02-22 06:00:00,2025-02-22 08:46:00
TRIP-002831,RTE-13,BUS-016,2025-02-22 06:00:00,2025-02-22 12:37:00
TRIP-002832,RTE-19,BUS-017,2025-03-09 12:00:00,2025-03-09 15:11:00
TRIP-002833,RTE-16,BUS-006,2025-03-09 06:00:00,2025-03-09 13:34:00
TRIP-002834,RTE-13,BUS-034,2025-10-22 12:00:00,2025-10-22 18:37:00
TRIP-002835,RTE-14,BUS-034,2025-10-23 00:00:00,2025-10-23 12:02:00
TRIP-002836,RTE-20,BUS-060,2025-07-23 18:00:00,2025-07-24 00:10:00
TRIP-002837,RTE-09,BUS-061,2025-05-08 06:00:00,2025-05-08 13:49:00
TRIP-002838,RTE-10,BUS-042,2025-05-08 18:00:00,2025-05-09 02:41:00
TRIP-002839,RTE-11,BUS-044,2025-05-09 06:00:00,2025-05-09 14:14:00
TRIP-002840,RTE-07,BUS-047,2025-07-09 12:00:00,2025-07-09 21:42:00
TRIP-002841,RTE-11,BUS-042,2025-10-08 12:00:00,2025-10-08 20:14:00
TRIP-002842,RTE-12,BUS-007,2025-10-09 00:00:00,2025-10-09 04:27:00
TRIP-002843,RTE-15,BUS-016,2025-03-09 12:00:00,2025-03-09 17:11:00
TRIP-002844,RTE-24,BUS-015,2025-03-22 18:00:00,2025-03-23 05:14:00
TRIP-002845,RTE-01,BUS-078,2025-03-23 18:00:00,2025-03-24 01:44:00
TRIP-002846,RTE-12,BUS-033,2025-02-08 12:00:00,2025-02-08 16:27:00
TRIP-002847,RTE-13,BUS-043,2025-02-08 18:00:00,2025-02-09 00:37:00
TRIP-002848,RTE-14,BUS-039,2025-02-22 06:00:00,2025-02-22 18:02:00
TRIP-002849,RTE-29,BUS-071,2025-07-23 00:00:00,2025-07-23 10:43:00
TRIP-002850,RTE-09,BUS-031,2025-01-22 18:00:00,2025-01-23 01:49:00
TRIP-002851,RTE-01,BUS-049,2025-02-22 18:00:00,2025-02-23 01:44:00
TRIP-002852,RTE-02,BUS-038,2025-02-23 06:00:00,2025-02-23 08:46:00
TRIP-002853,RTE-19,BUS-038,2025-02-09 06:00:00,2025-02-09 09:11:00
TRIP-002854,RTE-14,BUS-019,2025-02-22 18:00:00,2025-02-23 06:02:00
TRIP-002855,RTE-01,BUS-044,2025-08-09 06:00:00,2025-08-09 13:44:00
TRIP-002856,RTE-06,BUS-021,2025-09-09 00:00:00,2025-09-09 03:36:00
TRIP-002857,RTE-12,BUS-014,2025-02-22 06:00:00,2025-02-22 10:27:00
TRIP-002858,RTE-08,BUS-035,2025-08-09 00:00:00,2025-08-09 06:05:00
TRIP-002859,RTE-09,BUS-057,2025-03-23 06:00:00,2025-03-23 13:49:00
TRIP-002860,RTE-24,BUS-054,2025-03-08 06:00:00,2025-03-08 17:14:00
TRIP-002861,RTE-19,BUS-063,2025-11-22 06:00:00,2025-11-22 09:11:00
TRIP-002862,RTE-15,BUS-011,2025-05-22 06:00:00,2025-05-22 11:11:00
TRIP-002863,RTE-08,BUS-063,2025-05-23 06:00:00,2025-05-23 12:05:00
TRIP-002864,RTE-12,BUS-010,2025-11-08 18:00:00,2025-11-08 22:27:00
TRIP-002865,RTE-12,BUS-056,2025-09-22 12:00:00,2025-09-22 16:27:00
TRIP-002866,RTE-13,BUS-060,2025-09-22 18:00:00,2025-09-23 00:37:00
TRIP-002867,RTE-14,BUS-017,2025-09-23 06:00:00,2025-09-23 18:02:00
TRIP-002868,RTE-20,BUS-068,2025-10-22 12:00:00,2025-10-22 18:10:00
TRIP-002869,RTE-09,BUS-017,2025-08-22 06:00:00,2025-08-22 13:49:00
TRIP-002870,RTE-28,BUS-009,2025-08-22 18:00:00,2025-08-23 02:59:00
TRIP-002871,RTE-06,BUS-078,2025-06-09 00:00:00,2025-06-09 03:36:00
TRIP-002872,RTE-18,BUS-024,2025-12-23 12:00:00,2025-12-23 21:00:00
TRIP-002873,RTE-21,BUS-068,2025-03-22 18:00:00,2025-03-23 02:11:00
TRIP-002874,RTE-22,BUS-068,2025-03-23 06:00:00,2025-03-23 12:10:00
TRIP-002875,RTE-02,BUS-009,2025-08-23 06:00:00,2025-08-23 08:46:00
TRIP-002876,RTE-03,BUS-009,2025-08-23 12:00:00,2025-08-23 15:02:00
TRIP-002877,RTE-28,BUS-035,2025-11-08 06:00:00,2025-11-08 14:59:00
TRIP-002878,RTE-16,BUS-011,2025-11-09 00:00:00,2025-11-09 07:34:00
TRIP-002879,RTE-19,BUS-042,2025-10-09 00:00:00,2025-10-09 03:11:00
TRIP-002880,RTE-21,BUS-044,2025-11-08 12:00:00,2025-11-08 20:11:00
TRIP-002881,RTE-22,BUS-039,2025-11-09 00:00:00,2025-11-09 06:10:00
TRIP-002882,RTE-20,BUS-024,2025-02-22 18:00:00,2025-02-23 00:10:00
TRIP-002883,RTE-21,BUS-066,2025-02-23 00:00:00,2025-02-23 08:11:00
TRIP-002884,RTE-14,BUS-033,2025-06-23 12:00:00,2025-06-24 00:02:00
TRIP-002885,RTE-29,BUS-074,2025-02-22 12:00:00,2025-02-22 22:43:00
TRIP-002886,RTE-20,BUS-001,2025-02-23 00:00:00,2025-02-23 06:10:00
TRIP-002887,RTE-21,BUS-016,2025-02-23 06:00:00,2025-02-23 14:11:00
TRIP-002888,RTE-15,BUS-034,2025-08-22 18:00:00,2025-08-22 23:11:00
TRIP-002889,RTE-11,BUS-064,2025-05-08 06:00:00,2025-05-08 14:14:00
TRIP-002890,RTE-27,BUS-075,2025-01-22 06:00:00,2025-01-22 17:39:00
TRIP-002891,RTE-10,BUS-079,2025-01-22 18:00:00,2025-01-23 02:41:00
TRIP-002892,RTE-24,BUS-060,2025-08-23 12:00:00,2025-08-23 23:14:00
TRIP-002893,RTE-09,BUS-037,2025-12-09 00:00:00,2025-12-09 07:49:00
TRIP-002894,RTE-06,BUS-042,2025-10-22 06:00:00,2025-10-22 09:36:00
TRIP-002895,RTE-25,BUS-007,2025-08-09 12:00:00,2025-08-09 21:38:00
TRIP-002896,RTE-01,BUS-070,2025-04-22 18:00:00,2025-04-23 01:44:00
TRIP-002897,RTE-02,BUS-066,2025-04-23 06:00:00,2025-04-23 08:46:00
TRIP-002898,RTE-03,BUS-076,2025-04-23 12:00:00,2025-04-23 15:02:00
TRIP-002899,RTE-14,BUS-010,2025-02-08 18:00:00,2025-02-09 06:02:00
TRIP-002900,RTE-15,BUS-032,2025-02-09 06:00:00,2025-02-09 11:11:00
TRIP-002901,RTE-15,BUS-064,2025-07-23 12:00:00,2025-07-23 17:11:00
TRIP-002902,RTE-17,BUS-056,2025-09-22 06:00:00,2025-09-22 08:39:00
TRIP-002903,RTE-30,BUS-040,2025-08-08 06:00:00,2025-08-08 18:25:00
TRIP-002904,RTE-08,BUS-031,2025-05-22 12:00:00,2025-05-22 18:05:00
TRIP-002905,RTE-08,BUS-021,2025-07-22 18:00:00,2025-07-23 00:05:00
TRIP-002906,RTE-19,BUS-028,2025-01-23 06:00:00,2025-01-23 09:11:00
TRIP-002907,RTE-06,BUS-053,2025-08-08 18:00:00,2025-08-08 21:36:00
TRIP-002908,RTE-07,BUS-049,2025-08-09 00:00:00,2025-08-09 09:42:00
TRIP-002909,RTE-18,BUS-036,2025-03-08 18:00:00,2025-03-09 03:00:00
TRIP-002910,RTE-19,BUS-039,2025-03-09 06:00:00,2025-03-09 09:11:00
TRIP-002911,RTE-26,BUS-040,2025-12-23 00:00:00,2025-12-23 04:00:00
TRIP-002912,RTE-01,BUS-010,2025-02-22 06:00:00,2025-02-22 13:44:00
TRIP-002913,RTE-03,BUS-067,2025-02-23 00:00:00,2025-02-23 03:02:00
TRIP-002914,RTE-11,BUS-026,2025-10-22 18:00:00,2025-10-23 02:14:00
TRIP-002915,RTE-12,BUS-040,2025-10-23 06:00:00,2025-10-23 10:27:00
TRIP-002916,RTE-18,BUS-073,2025-10-22 06:00:00,2025-10-22 15:00:00
TRIP-002917,RTE-19,BUS-032,2025-10-22 18:00:00,2025-10-22 21:11:00
TRIP-002918,RTE-20,BUS-043,2025-10-22 06:00:00,2025-10-22 12:10:00
TRIP-002919,RTE-28,BUS-025,2025-11-09 06:00:00,2025-11-09 14:59:00
TRIP-002920,RTE-11,BUS-034,2025-12-23 12:00:00,2025-12-23 20:14:00
TRIP-002921,RTE-05,BUS-014,2025-12-23 06:00:00,2025-12-23 18:23:00
TRIP-002922,RTE-11,BUS-064,2025-06-08 12:00:00,2025-06-08 20:14:00
TRIP-002923,RTE-12,BUS-054,2025-06-09 00:00:00,2025-06-09 04:27:00
TRIP-002924,RTE-27,BUS-019,2025-05-22 06:00:00,2025-05-22 17:39:00
TRIP-002925,RTE-10,BUS-077,2025-06-23 12:00:00,2025-06-23 20:41:00
TRIP-002926,RTE-15,BUS-019,2025-01-08 18:00:00,2025-01-08 23:11:00
TRIP-002927,RTE-06,BUS-067,2025-11-08 12:00:00,2025-11-08 15:36:00
TRIP-002928,RTE-07,BUS-075,2025-11-08 18:00:00,2025-11-09 03:42:00
TRIP-002929,RTE-08,BUS-045,2025-11-09 06:00:00,2025-11-09 12:05:00
TRIP-002930,RTE-14,BUS-052,2025-03-23 12:00:00,2025-03-24 00:02:00
TRIP-002931,RTE-19,BUS-057,2025-12-09 12:00:00,2025-12-09 15:11:00
TRIP-002932,RTE-08,BUS-008,2025-04-22 06:00:00,2025-04-22 12:05:00
TRIP-002933,RTE-27,BUS-011,2025-11-22 18:00:00,2025-11-23 05:39:00
TRIP-002934,RTE-16,BUS-037,2025-08-23 06:00:00,2025-08-23 13:34:00
TRIP-002935,RTE-30,BUS-048,2025-08-23 06:00:00,2025-08-23 18:25:00
TRIP-002936,RTE-17,BUS-048,2025-10-22 06:00:00,2025-10-22 08:39:00
TRIP-002937,RTE-17,BUS-014,2025-02-23 06:00:00,2025-02-23 08:39:00
TRIP-002938,RTE-03,BUS-002,2025-11-08 06:00:00,2025-11-08 09:02:00
TRIP-002939,RTE-04,BUS-011,2025-11-08 12:00:00,2025-11-08 18:03:00
TRIP-002940,RTE-30,BUS-029,2025-11-22 18:00:00,2025-11-23 06:25:00
TRIP-002941,RTE-06,BUS-035,2025-03-22 18:00:00,2025-03-22 21:36:00
TRIP-002942,RTE-07,BUS-035,2025-03-23 00:00:00,2025-03-23 09:42:00
TRIP-002943,RTE-09,BUS-067,2025-07-23 00:00:00,2025-07-23 07:49:00
TRIP-002944,RTE-23,BUS-016,2025-04-22 06:00:00,2025-04-22 13:32:00
TRIP-002945,RTE-09,BUS-035,2025-10-09 06:00:00,2025-10-09 13:49:00
TRIP-002946,RTE-15,BUS-020,2025-08-08 18:00:00,2025-08-08 23:11:00
TRIP-002947,RTE-16,BUS-028,2025-08-09 00:00:00,2025-08-09 07:34:00
TRIP-002948,RTE-02,BUS-042,2025-03-22 12:00:00,2025-03-22 14:46:00
TRIP-002949,RTE-28,BUS-007,2025-03-23 06:00:00,2025-03-23 14:59:00
TRIP-002950,RTE-15,BUS-041,2025-03-23 18:00:00,2025-03-23 23:11:00
TRIP-002951,RTE-13,BUS-023,2025-08-08 06:00:00,2025-08-08 12:37:00
TRIP-002952,RTE-19,BUS-026,2025-10-22 06:00:00,2025-10-22 09:11:00
TRIP-002953,RTE-30,BUS-030,2025-04-09 00:00:00,2025-04-09 12:25:00
TRIP-002954,RTE-18,BUS-042,2025-09-23 12:00:00,2025-09-23 21:00:00
TRIP-002955,RTE-02,BUS-062,2025-09-08 18:00:00,2025-09-08 20:46:00
TRIP-002956,RTE-03,BUS-028,2025-09-09 00:00:00,2025-09-09 03:02:00
TRIP-002957,RTE-07,BUS-029,2025-02-22 06:00:00,2025-02-22 15:42:00
TRIP-002958,RTE-08,BUS-021,2025-02-22 18:00:00,2025-02-23 00:05:00
TRIP-002959,RTE-27,BUS-049,2025-04-22 12:00:00,2025-04-22 23:39:00
TRIP-002960,RTE-02,BUS-018,2025-01-23 12:00:00,2025-01-23 14:46:00
TRIP-002961,RTE-27,BUS-053,2025-09-22 18:00:00,2025-09-23 05:39:00
TRIP-002962,RTE-13,BUS-078,2025-04-08 12:00:00,2025-04-08 18:37:00
TRIP-002963,RTE-23,BUS-031,2025-09-08 06:00:00,2025-09-08 13:32:00
TRIP-002964,RTE-23,BUS-040,2025-05-22 06:00:00,2025-05-22 13:32:00
TRIP-002965,RTE-11,BUS-025,2025-06-09 12:00:00,2025-06-09 20:14:00
TRIP-002966,RTE-08,BUS-017,2025-03-22 06:00:00,2025-03-22 12:05:00
TRIP-002967,RTE-09,BUS-063,2025-07-23 06:00:00,2025-07-23 13:49:00
TRIP-002968,RTE-04,BUS-067,2025-08-23 00:00:00,2025-08-23 06:03:00
TRIP-002969,RTE-23,BUS-060,2025-10-09 06:00:00,2025-10-09 13:32:00
TRIP-002970,RTE-01,BUS-004,2025-02-09 18:00:00,2025-02-10 01:44:00
TRIP-002971,RTE-22,BUS-028,2025-01-08 18:00:00,2025-01-09 00:10:00
TRIP-002972,RTE-23,BUS-079,2025-01-09 00:00:00,2025-01-09 07:32:00
TRIP-002973,RTE-09,BUS-007,2025-04-08 06:00:00,2025-04-08 13:49:00
TRIP-002974,RTE-10,BUS-026,2025-04-08 18:00:00,2025-04-09 02:41:00
TRIP-002975,RTE-25,BUS-013,2025-04-23 12:00:00,2025-04-23 21:38:00
TRIP-002976,RTE-16,BUS-065,2025-02-09 00:00:00,2025-02-09 07:34:00
TRIP-002977,RTE-16,BUS-058,2025-10-08 18:00:00,2025-10-09 01:34:00
TRIP-002978,RTE-17,BUS-057,2025-10-09 06:00:00,2025-10-09 08:39:00
TRIP-002979,RTE-20,BUS-006,2025-11-08 18:00:00,2025-11-09 00:10:00
TRIP-002980,RTE-21,BUS-067,2025-11-09 00:00:00,2025-11-09 08:11:00
TRIP-002981,RTE-27,BUS-057,2025-11-22 12:00:00,2025-11-22 23:39:00
TRIP-002982,RTE-13,BUS-002,2025-07-09 12:00:00,2025-07-09 18:37:00
TRIP-002983,RTE-03,BUS-073,2025-03-09 00:00:00,2025-03-09 03:02:00
TRIP-002984,RTE-04,BUS-011,2025-03-09 06:00:00,2025-03-09 12:03:00
TRIP-002985,RTE-20,BUS-025,2025-08-08 18:00:00,2025-08-09 00:10:00
TRIP-002986,RTE-21,BUS-044,2025-08-09 00:00:00,2025-08-09 08:11:00
TRIP-002987,RTE-01,BUS-080,2025-07-22 06:00:00,2025-07-22 13:44:00
TRIP-002988,RTE-30,BUS-054,2025-09-08 12:00:00,2025-09-09 00:25:00
TRIP-002989,RTE-21,BUS-014,2025-12-23 06:00:00,2025-12-23 14:11:00
TRIP-002990,RTE-20,BUS-050,2025-03-23 00:00:00,2025-03-23 06:10:00
TRIP-002991,RTE-11,BUS-038,2025-09-22 12:00:00,2025-09-22 20:14:00
TRIP-002992,RTE-12,BUS-006,2025-09-23 00:00:00,2025-09-23 04:27:00
TRIP-002993,RTE-28,BUS-007,2025-11-23 00:00:00,2025-11-23 08:59:00
TRIP-002994,RTE-19,BUS-062,2025-11-22 18:00:00,2025-11-22 21:11:00
TRIP-002995,RTE-20,BUS-076,2025-06-22 18:00:00,2025-06-23 00:10:00
TRIP-002996,RTE-03,BUS-039,2025-11-22 18:00:00,2025-11-22 21:02:00
TRIP-002997,RTE-04,BUS-068,2025-11-23 00:00:00,2025-11-23 06:03:00
TRIP-002998,RTE-19,BUS-018,2025-01-22 12:00:00,2025-01-22 15:11:00
TRIP-002999,RTE-20,BUS-058,2025-01-22 18:00:00,2025-01-23 00:10:00
TRIP-003000,RTE-29,BUS-078,2025-05-08 06:00:00,2025-05-08 16:43:00
TRIP-003001,RTE-11,BUS-041,2025-10-22 06:00:00,2025-10-22 14:14:00
TRIP-003002,RTE-13,BUS-061,2025-12-23 12:00:00,2025-12-23 18:37:00
TRIP-003003,RTE-27,BUS-015,2025-11-23 06:00:00,2025-11-23 17:39:00
TRIP-003004,RTE-20,BUS-049,2025-05-23 06:00:00,2025-05-23 12:10:00
TRIP-003005,RTE-26,BUS-071,2025-09-09 18:00:00,2025-09-09 22:00:00
TRIP-003006,RTE-18,BUS-006,2025-11-23 00:00:00,2025-11-23 09:00:00
TRIP-003007,RTE-19,BUS-010,2025-11-23 12:00:00,2025-11-23 15:11:00
TRIP-003008,RTE-22,BUS-040,2025-06-23 06:00:00,2025-06-23 12:10:00
TRIP-003009,RTE-27,BUS-043,2025-04-23 00:00:00,2025-04-23 11:39:00
TRIP-003010,RTE-29,BUS-072,2025-11-08 18:00:00,2025-11-09 04:43:00
TRIP-003011,RTE-10,BUS-021,2025-07-23 12:00:00,2025-07-23 20:41:00
TRIP-003012,RTE-13,BUS-034,2025-09-09 12:00:00,2025-09-09 18:37:00
TRIP-003013,RTE-14,BUS-039,2025-03-22 12:00:00,2025-03-23 00:02:00
TRIP-003014,RTE-15,BUS-017,2025-03-23 00:00:00,2025-03-23 05:11:00
TRIP-003015,RTE-16,BUS-060,2025-03-23 06:00:00,2025-03-23 13:34:00
TRIP-003016,RTE-06,BUS-008,2025-11-09 12:00:00,2025-11-09 15:36:00
TRIP-003017,RTE-21,BUS-058,2025-02-22 06:00:00,2025-02-22 14:11:00
TRIP-003018,RTE-19,BUS-006,2025-11-22 12:00:00,2025-11-22 15:11:00
TRIP-003019,RTE-12,BUS-035,2025-08-08 06:00:00,2025-08-08 10:27:00
TRIP-003020,RTE-10,BUS-016,2025-08-23 06:00:00,2025-08-23 14:41:00
TRIP-003021,RTE-12,BUS-025,2025-06-08 06:00:00,2025-06-08 10:27:00
TRIP-003022,RTE-21,BUS-035,2025-06-09 06:00:00,2025-06-09 14:11:00
TRIP-003023,RTE-30,BUS-065,2025-07-23 12:00:00,2025-07-24 00:25:00
TRIP-003024,RTE-20,BUS-029,2025-05-22 12:00:00,2025-05-22 18:10:00
TRIP-003025,RTE-07,BUS-011,2025-10-22 12:00:00,2025-10-22 21:42:00
TRIP-003026,RTE-08,BUS-043,2025-10-23 00:00:00,2025-10-23 06:05:00
TRIP-003027,RTE-09,BUS-039,2025-02-23 06:00:00,2025-02-23 13:49:00
TRIP-003028,RTE-01,BUS-069,2025-01-09 18:00:00,2025-01-10 01:44:00
TRIP-003029,RTE-17,BUS-011,2025-04-22 12:00:00,2025-04-22 14:39:00
TRIP-003030,RTE-18,BUS-049,2025-04-22 18:00:00,2025-04-23 03:00:00
TRIP-003031,RTE-05,BUS-030,2025-01-08 06:00:00,2025-01-08 18:23:00
TRIP-003032,RTE-05,BUS-068,2025-02-23 06:00:00,2025-02-23 18:23:00
TRIP-003033,RTE-17,BUS-011,2025-01-08 18:00:00,2025-01-08 20:39:00
TRIP-003034,RTE-18,BUS-035,2025-01-09 00:00:00,2025-01-09 09:00:00
TRIP-003035,RTE-09,BUS-024,2025-02-22 12:00:00,2025-02-22 19:49:00
TRIP-003036,RTE-10,BUS-034,2025-02-23 00:00:00,2025-02-23 08:41:00
TRIP-003037,RTE-11,BUS-048,2025-02-23 12:00:00,2025-02-23 20:14:00
TRIP-003038,RTE-30,BUS-064,2025-11-22 12:00:00,2025-11-23 00:25:00
TRIP-003039,RTE-01,BUS-007,2025-05-23 06:00:00,2025-05-23 13:44:00
TRIP-003040,RTE-12,BUS-074,2025-12-09 12:00:00,2025-12-09 16:27:00
TRIP-003041,RTE-21,BUS-041,2025-01-08 12:00:00,2025-01-08 20:11:00
TRIP-003042,RTE-22,BUS-068,2025-01-09 00:00:00,2025-01-09 06:10:00
TRIP-003043,RTE-28,BUS-052,2025-03-08 06:00:00,2025-03-08 14:59:00
TRIP-003044,RTE-03,BUS-072,2025-05-22 06:00:00,2025-05-22 09:02:00
TRIP-003045,RTE-30,BUS-030,2025-04-22 18:00:00,2025-04-23 06:25:00
TRIP-003046,RTE-12,BUS-010,2025-05-22 12:00:00,2025-05-22 16:27:00
TRIP-003047,RTE-05,BUS-014,2025-12-09 12:00:00,2025-12-10 00:23:00
TRIP-003048,RTE-28,BUS-025,2025-09-09 12:00:00,2025-09-09 20:59:00
TRIP-003049,RTE-08,BUS-052,2025-07-23 12:00:00,2025-07-23 18:05:00
TRIP-003050,RTE-15,BUS-073,2025-02-09 12:00:00,2025-02-09 17:11:00
TRIP-003051,RTE-20,BUS-060,2025-09-08 18:00:00,2025-09-09 00:10:00
TRIP-003052,RTE-21,BUS-009,2025-09-09 00:00:00,2025-09-09 08:11:00
TRIP-003053,RTE-17,BUS-064,2025-05-22 18:00:00,2025-05-22 20:39:00
TRIP-003054,RTE-15,BUS-048,2025-11-09 00:00:00,2025-11-09 05:11:00
TRIP-003055,RTE-02,BUS-053,2025-05-08 18:00:00,2025-05-08 20:46:00
TRIP-003056,RTE-02,BUS-043,2025-04-09 06:00:00,2025-04-09 08:46:00
TRIP-003057,RTE-03,BUS-020,2025-04-09 12:00:00,2025-04-09 15:02:00
TRIP-003058,RTE-09,BUS-042,2025-12-23 06:00:00,2025-12-23 13:49:00
TRIP-003059,RTE-11,BUS-067,2025-04-08 12:00:00,2025-04-08 20:14:00
TRIP-003060,RTE-12,BUS-061,2025-04-09 00:00:00,2025-04-09 04:27:00
TRIP-003061,RTE-30,BUS-059,2025-05-08 12:00:00,2025-05-09 00:25:00
TRIP-003062,RTE-01,BUS-066,2025-10-08 06:00:00,2025-10-08 13:44:00
TRIP-003063,RTE-01,BUS-071,2025-02-08 18:00:00,2025-02-09 01:44:00
TRIP-003064,RTE-02,BUS-005,2025-02-09 06:00:00,2025-02-09 08:46:00
TRIP-003065,RTE-03,BUS-021,2025-02-09 12:00:00,2025-02-09 15:02:00
TRIP-003066,RTE-12,BUS-056,2025-03-08 12:00:00,2025-03-08 16:27:00
TRIP-003067,RTE-23,BUS-035,2025-02-23 06:00:00,2025-02-23 13:32:00
TRIP-003068,RTE-22,BUS-061,2025-09-22 18:00:00,2025-09-23 00:10:00
TRIP-003069,RTE-23,BUS-007,2025-09-23 00:00:00,2025-09-23 07:32:00
TRIP-003070,RTE-26,BUS-040,2025-08-22 12:00:00,2025-08-22 16:00:00
TRIP-003071,RTE-20,BUS-058,2025-10-08 06:00:00,2025-10-08 12:10:00
TRIP-003072,RTE-14,BUS-017,2025-02-23 06:00:00,2025-02-23 18:02:00
TRIP-003073,RTE-26,BUS-078,2025-05-23 00:00:00,2025-05-23 04:00:00
TRIP-003074,RTE-14,BUS-013,2025-04-23 00:00:00,2025-04-23 12:02:00
TRIP-003075,RTE-21,BUS-044,2025-03-22 06:00:00,2025-03-22 14:11:00
TRIP-003076,RTE-07,BUS-021,2025-09-09 00:00:00,2025-09-09 09:42:00
TRIP-003077,RTE-27,BUS-032,2025-11-08 12:00:00,2025-11-08 23:39:00
TRIP-003078,RTE-21,BUS-001,2025-04-08 06:00:00,2025-04-08 14:11:00
TRIP-003079,RTE-22,BUS-013,2025-04-08 18:00:00,2025-04-09 00:10:00
TRIP-003080,RTE-23,BUS-013,2025-04-09 00:00:00,2025-04-09 07:32:00
TRIP-003081,RTE-15,BUS-075,2025-03-08 18:00:00,2025-03-08 23:11:00
TRIP-003082,RTE-16,BUS-066,2025-03-09 00:00:00,2025-03-09 07:34:00
TRIP-003083,RTE-17,BUS-068,2025-03-09 12:00:00,2025-03-09 14:39:00
TRIP-003084,RTE-22,BUS-028,2025-02-23 06:00:00,2025-02-23 12:10:00
TRIP-003085,RTE-06,BUS-028,2025-04-09 06:00:00,2025-04-09 09:36:00
TRIP-003086,RTE-15,BUS-071,2025-11-23 12:00:00,2025-11-23 17:11:00
TRIP-003087,RTE-02,BUS-070,2025-02-23 12:00:00,2025-02-23 14:46:00
TRIP-003088,RTE-20,BUS-049,2025-12-23 06:00:00,2025-12-23 12:10:00
TRIP-003089,RTE-21,BUS-059,2025-12-23 12:00:00,2025-12-23 20:11:00
TRIP-003090,RTE-19,BUS-062,2025-11-23 06:00:00,2025-11-23 09:11:00
TRIP-003091,RTE-13,BUS-014,2025-05-23 06:00:00,2025-05-23 12:37:00
TRIP-003092,RTE-11,BUS-074,2025-01-23 06:00:00,2025-01-23 14:14:00
TRIP-003093,RTE-30,BUS-075,2025-04-22 12:00:00,2025-04-23 00:25:00
TRIP-003094,RTE-19,BUS-074,2025-01-22 06:00:00,2025-01-22 09:11:00
TRIP-003095,RTE-24,BUS-065,2025-05-08 06:00:00,2025-05-08 17:14:00
TRIP-003096,RTE-11,BUS-029,2025-11-22 18:00:00,2025-11-23 02:14:00
TRIP-003097,RTE-12,BUS-020,2025-11-23 06:00:00,2025-11-23 10:27:00
TRIP-003098,RTE-15,BUS-036,2025-11-23 06:00:00,2025-11-23 11:11:00
TRIP-003099,RTE-16,BUS-013,2025-11-23 12:00:00,2025-11-23 19:34:00
TRIP-003100,RTE-01,BUS-039,2025-05-09 18:00:00,2025-05-10 01:44:00
TRIP-003101,RTE-04,BUS-065,2025-02-08 12:00:00,2025-02-08 18:03:00
TRIP-003102,RTE-27,BUS-044,2025-02-08 18:00:00,2025-02-09 05:39:00
TRIP-003103,RTE-22,BUS-028,2025-10-09 06:00:00,2025-10-09 12:10:00
TRIP-003104,RTE-01,BUS-077,2025-12-22 06:00:00,2025-12-22 13:44:00
TRIP-003105,RTE-27,BUS-018,2025-06-09 00:00:00,2025-06-09 11:39:00
TRIP-003106,RTE-12,BUS-006,2025-08-22 18:00:00,2025-08-22 22:27:00
TRIP-003107,RTE-29,BUS-063,2025-04-08 06:00:00,2025-04-08 16:43:00
TRIP-003108,RTE-26,BUS-035,2025-12-09 18:00:00,2025-12-09 22:00:00
TRIP-003109,RTE-25,BUS-014,2025-04-22 06:00:00,2025-04-22 15:38:00
TRIP-003110,RTE-26,BUS-045,2025-04-22 18:00:00,2025-04-22 22:00:00
TRIP-003111,RTE-08,BUS-068,2025-04-23 06:00:00,2025-04-23 12:05:00
TRIP-003112,RTE-30,BUS-022,2025-03-22 06:00:00,2025-03-22 18:25:00
TRIP-003113,RTE-18,BUS-001,2025-07-09 06:00:00,2025-07-09 15:00:00
TRIP-003114,RTE-21,BUS-060,2025-07-23 00:00:00,2025-07-23 08:11:00
TRIP-003115,RTE-09,BUS-067,2025-09-23 00:00:00,2025-09-23 07:49:00
TRIP-003116,RTE-25,BUS-062,2025-08-22 12:00:00,2025-08-22 21:38:00
TRIP-003117,RTE-26,BUS-058,2025-08-23 00:00:00,2025-08-23 04:00:00
TRIP-003118,RTE-05,BUS-053,2025-08-23 06:00:00,2025-08-23 18:23:00
TRIP-003119,RTE-29,BUS-069,2025-08-09 06:00:00,2025-08-09 16:43:00
TRIP-003120,RTE-22,BUS-080,2025-01-22 06:00:00,2025-01-22 12:10:00
TRIP-003121,RTE-19,BUS-070,2025-08-22 06:00:00,2025-08-22 09:11:00
TRIP-003122,RTE-30,BUS-007,2025-08-22 12:00:00,2025-08-23 00:25:00
TRIP-003123,RTE-18,BUS-014,2025-02-23 00:00:00,2025-02-23 09:00:00
TRIP-003124,RTE-13,BUS-068,2025-07-23 06:00:00,2025-07-23 12:37:00
TRIP-003125,RTE-21,BUS-041,2025-12-23 00:00:00,2025-12-23 08:11:00
TRIP-003126,RTE-25,BUS-007,2025-10-23 06:00:00,2025-10-23 15:38:00
TRIP-003127,RTE-26,BUS-047,2025-10-23 18:00:00,2025-10-23 22:00:00
TRIP-003128,RTE-27,BUS-019,2025-09-22 06:00:00,2025-09-22 17:39:00
TRIP-003129,RTE-10,BUS-043,2025-09-22 18:00:00,2025-09-23 02:41:00
TRIP-003130,RTE-30,BUS-031,2025-10-23 00:00:00,2025-10-23 12:25:00
TRIP-003131,RTE-12,BUS-021,2025-03-09 06:00:00,2025-03-09 10:27:00
TRIP-003132,RTE-13,BUS-053,2025-03-09 12:00:00,2025-03-09 18:37:00
TRIP-003133,RTE-01,BUS-058,2025-11-22 12:00:00,2025-11-22 19:44:00
TRIP-003134,RTE-02,BUS-010,2025-09-22 06:00:00,2025-09-22 08:46:00
TRIP-003135,RTE-12,BUS-076,2025-11-23 12:00:00,2025-11-23 16:27:00
TRIP-003136,RTE-18,BUS-022,2025-08-23 00:00:00,2025-08-23 09:00:00
TRIP-003137,RTE-03,BUS-014,2025-02-22 06:00:00,2025-02-22 09:02:00
TRIP-003138,RTE-24,BUS-038,2025-01-22 18:00:00,2025-01-23 05:14:00
TRIP-003139,RTE-15,BUS-014,2025-04-23 06:00:00,2025-04-23 11:11:00
TRIP-003140,RTE-01,BUS-014,2025-09-09 06:00:00,2025-09-09 13:44:00
TRIP-003141,RTE-17,BUS-058,2025-07-23 12:00:00,2025-07-23 14:39:00
TRIP-003142,RTE-21,BUS-044,2025-01-23 00:00:00,2025-01-23 08:11:00
TRIP-003143,RTE-26,BUS-039,2025-01-22 06:00:00,2025-01-22 10:00:00
TRIP-003144,RTE-26,BUS-062,2025-09-23 12:00:00,2025-09-23 16:00:00
TRIP-003145,RTE-14,BUS-071,2025-04-09 12:00:00,2025-04-10 00:02:00
TRIP-003146,RTE-27,BUS-050,2025-10-08 18:00:00,2025-10-09 05:39:00
TRIP-003147,RTE-24,BUS-028,2025-08-23 00:00:00,2025-08-23 11:14:00
TRIP-003148,RTE-02,BUS-026,2025-01-22 18:00:00,2025-01-22 20:46:00
TRIP-003149,RTE-26,BUS-006,2025-07-09 00:00:00,2025-07-09 04:00:00
TRIP-003150,RTE-13,BUS-067,2025-11-09 00:00:00,2025-11-09 06:37:00
TRIP-003151,RTE-29,BUS-015,2025-01-08 18:00:00,2025-01-09 04:43:00
TRIP-003152,RTE-05,BUS-031,2025-02-22 06:00:00,2025-02-22 18:23:00
TRIP-003153,RTE-18,BUS-023,2025-01-23 00:00:00,2025-01-23 09:00:00
TRIP-003154,RTE-22,BUS-050,2025-02-22 12:00:00,2025-02-22 18:10:00
TRIP-003155,RTE-23,BUS-054,2025-02-22 18:00:00,2025-02-23 01:32:00
TRIP-003156,RTE-24,BUS-011,2025-02-23 06:00:00,2025-02-23 17:14:00
TRIP-003157,RTE-14,BUS-037,2025-05-08 12:00:00,2025-05-09 00:02:00
TRIP-003158,RTE-29,BUS-075,2025-05-09 00:00:00,2025-05-09 10:43:00
TRIP-003159,RTE-30,BUS-041,2025-05-09 12:00:00,2025-05-10 00:25:00
TRIP-003160,RTE-20,BUS-007,2025-01-08 18:00:00,2025-01-09 00:10:00
TRIP-003161,RTE-24,BUS-061,2025-04-09 12:00:00,2025-04-09 23:14:00
TRIP-003162,RTE-05,BUS-059,2025-11-22 06:00:00,2025-11-22 18:23:00
TRIP-003163,RTE-23,BUS-039,2025-02-08 18:00:00,2025-02-09 01:32:00
TRIP-003164,RTE-01,BUS-033,2025-08-08 12:00:00,2025-08-08 19:44:00
TRIP-003165,RTE-02,BUS-031,2025-08-09 00:00:00,2025-08-09 02:46:00
TRIP-003166,RTE-09,BUS-009,2025-02-09 00:00:00,2025-02-09 07:49:00
TRIP-003167,RTE-13,BUS-076,2025-01-22 06:00:00,2025-01-22 12:37:00
TRIP-003168,RTE-14,BUS-077,2025-01-22 18:00:00,2025-01-23 06:02:00
TRIP-003169,RTE-09,BUS-067,2025-08-09 06:00:00,2025-08-09 13:49:00
TRIP-003170,RTE-27,BUS-042,2025-07-08 06:00:00,2025-07-08 17:39:00
TRIP-003171,RTE-06,BUS-042,2025-11-23 06:00:00,2025-11-23 09:36:00
TRIP-003172,RTE-23,BUS-020,2025-10-09 12:00:00,2025-10-09 19:32:00
TRIP-003173,RTE-07,BUS-047,2025-04-09 12:00:00,2025-04-09 21:42:00
TRIP-003174,RTE-16,BUS-028,2025-06-09 00:00:00,2025-06-09 07:34:00
TRIP-003175,RTE-11,BUS-080,2025-07-09 18:00:00,2025-07-10 02:14:00
TRIP-003176,RTE-10,BUS-034,2025-11-22 06:00:00,2025-11-22 14:41:00
TRIP-003177,RTE-11,BUS-044,2025-04-09 12:00:00,2025-04-09 20:14:00
TRIP-003178,RTE-10,BUS-068,2025-06-09 12:00:00,2025-06-09 20:41:00
TRIP-003179,RTE-22,BUS-066,2025-08-22 06:00:00,2025-08-22 12:10:00
TRIP-003180,RTE-09,BUS-049,2025-06-23 06:00:00,2025-06-23 13:49:00
TRIP-003181,RTE-15,BUS-043,2025-02-08 12:00:00,2025-02-08 17:11:00
TRIP-003182,RTE-09,BUS-063,2025-01-22 06:00:00,2025-01-22 13:49:00
TRIP-003183,RTE-18,BUS-039,2025-11-08 06:00:00,2025-11-08 15:00:00
TRIP-003184,RTE-30,BUS-063,2025-11-09 00:00:00,2025-11-09 12:25:00
TRIP-003185,RTE-16,BUS-017,2025-01-09 00:00:00,2025-01-09 07:34:00
TRIP-003186,RTE-20,BUS-074,2025-02-09 06:00:00,2025-02-09 12:10:00
TRIP-003187,RTE-26,BUS-032,2025-02-23 12:00:00,2025-02-23 16:00:00
TRIP-003188,RTE-03,BUS-050,2025-12-23 12:00:00,2025-12-23 15:02:00
TRIP-003189,RTE-10,BUS-025,2025-12-09 12:00:00,2025-12-09 20:41:00
TRIP-003190,RTE-16,BUS-035,2025-11-22 18:00:00,2025-11-23 01:34:00
TRIP-003191,RTE-17,BUS-002,2025-11-23 06:00:00,2025-11-23 08:39:00
TRIP-003192,RTE-03,BUS-068,2025-09-23 00:00:00,2025-09-23 03:02:00
TRIP-003193,RTE-24,BUS-080,2025-04-22 12:00:00,2025-04-22 23:14:00
TRIP-003194,RTE-09,BUS-062,2025-12-09 06:00:00,2025-12-09 13:49:00
TRIP-003195,RTE-26,BUS-066,2025-05-09 18:00:00,2025-05-09 22:00:00
TRIP-003196,RTE-15,BUS-038,2025-10-22 18:00:00,2025-10-22 23:11:00
TRIP-003197,RTE-16,BUS-048,2025-10-23 00:00:00,2025-10-23 07:34:00
TRIP-003198,RTE-27,BUS-025,2025-08-08 18:00:00,2025-08-09 05:39:00
TRIP-003199,RTE-15,BUS-052,2025-04-08 12:00:00,2025-04-08 17:11:00
TRIP-003200,RTE-27,BUS-050,2025-11-08 06:00:00,2025-11-08 17:39:00
TRIP-003201,RTE-11,BUS-017,2025-11-09 06:00:00,2025-11-09 14:14:00
TRIP-003202,RTE-24,BUS-043,2025-01-22 12:00:00,2025-01-22 23:14:00
TRIP-003203,RTE-25,BUS-061,2025-01-23 00:00:00,2025-01-23 09:38:00
TRIP-003204,RTE-21,BUS-035,2025-01-22 12:00:00,2025-01-22 20:11:00
TRIP-003205,RTE-22,BUS-031,2025-01-23 00:00:00,2025-01-23 06:10:00
TRIP-003206,RTE-23,BUS-035,2025-01-23 06:00:00,2025-01-23 13:32:00
TRIP-003207,RTE-02,BUS-016,2025-01-23 06:00:00,2025-01-23 08:46:00
TRIP-003208,RTE-03,BUS-041,2025-01-23 12:00:00,2025-01-23 15:02:00
TRIP-003209,RTE-26,BUS-024,2025-04-23 06:00:00,2025-04-23 10:00:00
TRIP-003210,RTE-02,BUS-045,2025-05-22 18:00:00,2025-05-22 20:46:00
TRIP-003211,RTE-26,BUS-079,2025-11-08 06:00:00,2025-11-08 10:00:00
TRIP-003212,RTE-06,BUS-076,2025-02-23 12:00:00,2025-02-23 15:36:00
TRIP-003213,RTE-25,BUS-002,2025-10-08 12:00:00,2025-10-08 21:38:00
TRIP-003214,RTE-16,BUS-034,2025-08-23 00:00:00,2025-08-23 07:34:00
TRIP-003215,RTE-27,BUS-028,2025-12-09 06:00:00,2025-12-09 17:39:00
TRIP-003216,RTE-14,BUS-021,2025-10-22 06:00:00,2025-10-22 18:02:00
TRIP-003217,RTE-30,BUS-056,2025-10-23 12:00:00,2025-10-24 00:25:00
TRIP-003218,RTE-02,BUS-017,2025-09-23 06:00:00,2025-09-23 08:46:00
TRIP-003219,RTE-08,BUS-001,2025-02-22 06:00:00,2025-02-22 12:05:00
TRIP-003220,RTE-26,BUS-025,2025-12-22 18:00:00,2025-12-22 22:00:00
TRIP-003221,RTE-15,BUS-052,2025-12-09 18:00:00,2025-12-09 23:11:00
TRIP-003222,RTE-15,BUS-010,2025-12-23 18:00:00,2025-12-23 23:11:00
TRIP-003223,RTE-11,BUS-059,2025-11-08 06:00:00,2025-11-08 14:14:00
TRIP-003224,RTE-19,BUS-062,2025-09-09 00:00:00,2025-09-09 03:11:00
TRIP-003225,RTE-14,BUS-014,2025-02-09 06:00:00,2025-02-09 18:02:00
TRIP-003226,RTE-30,BUS-039,2025-03-23 00:00:00,2025-03-23 12:25:00
TRIP-003227,RTE-25,BUS-063,2025-03-23 12:00:00,2025-03-23 21:38:00
TRIP-003228,RTE-07,BUS-064,2025-02-23 06:00:00,2025-02-23 15:42:00
TRIP-003229,RTE-25,BUS-050,2025-05-09 18:00:00,2025-05-10 03:38:00
TRIP-003230,RTE-17,BUS-014,2025-02-22 12:00:00,2025-02-22 14:39:00
TRIP-003231,RTE-18,BUS-041,2025-02-22 18:00:00,2025-02-23 03:00:00
TRIP-003232,RTE-18,BUS-004,2025-05-23 00:00:00,2025-05-23 09:00:00
TRIP-003233,RTE-03,BUS-025,2025-10-23 12:00:00,2025-10-23 15:02:00
TRIP-003234,RTE-24,BUS-069,2025-10-09 06:00:00,2025-10-09 17:14:00
TRIP-003235,RTE-25,BUS-011,2025-10-09 18:00:00,2025-10-10 03:38:00
TRIP-003236,RTE-05,BUS-026,2025-09-09 00:00:00,2025-09-09 12:23:00
TRIP-003237,RTE-24,BUS-071,2025-03-22 12:00:00,2025-03-22 23:14:00
TRIP-003238,RTE-02,BUS-042,2025-11-22 12:00:00,2025-11-22 14:46:00
TRIP-003239,RTE-01,BUS-063,2025-12-23 00:00:00,2025-12-23 07:44:00
TRIP-003240,RTE-02,BUS-024,2025-12-23 12:00:00,2025-12-23 14:46:00
TRIP-003241,RTE-29,BUS-065,2025-02-23 06:00:00,2025-02-23 16:43:00
TRIP-003242,RTE-01,BUS-068,2025-01-23 18:00:00,2025-01-24 01:44:00
TRIP-003243,RTE-21,BUS-034,2025-08-22 12:00:00,2025-08-22 20:11:00
TRIP-003244,RTE-22,BUS-001,2025-08-23 00:00:00,2025-08-23 06:10:00
TRIP-003245,RTE-28,BUS-057,2025-02-08 12:00:00,2025-02-08 20:59:00
TRIP-003246,RTE-30,BUS-013,2025-02-22 06:00:00,2025-02-22 18:25:00
TRIP-003247,RTE-17,BUS-039,2025-01-09 06:00:00,2025-01-09 08:39:00
TRIP-003248,RTE-20,BUS-020,2025-07-09 06:00:00,2025-07-09 12:10:00
TRIP-003249,RTE-14,BUS-013,2025-10-09 00:00:00,2025-10-09 12:02:00
TRIP-003250,RTE-28,BUS-069,2025-10-09 06:00:00,2025-10-09 14:59:00
TRIP-003251,RTE-27,BUS-037,2025-05-22 18:00:00,2025-05-23 05:39:00
TRIP-003252,RTE-10,BUS-007,2025-05-23 06:00:00,2025-05-23 14:41:00
TRIP-003253,RTE-29,BUS-049,2025-11-22 12:00:00,2025-11-22 22:43:00
TRIP-003254,RTE-30,BUS-049,2025-11-23 00:00:00,2025-11-23 12:25:00
TRIP-003255,RTE-01,BUS-010,2025-07-23 06:00:00,2025-07-23 13:44:00
TRIP-003256,RTE-14,BUS-004,2025-08-08 18:00:00,2025-08-09 06:02:00
TRIP-003257,RTE-28,BUS-023,2025-03-08 18:00:00,2025-03-09 02:59:00
TRIP-003258,RTE-08,BUS-021,2025-03-23 06:00:00,2025-03-23 12:05:00
TRIP-003259,RTE-09,BUS-064,2025-03-23 12:00:00,2025-03-23 19:49:00
TRIP-003260,RTE-02,BUS-079,2025-07-23 06:00:00,2025-07-23 08:46:00
TRIP-003261,RTE-03,BUS-032,2025-07-23 12:00:00,2025-07-23 15:02:00
TRIP-003262,RTE-13,BUS-014,2025-08-08 12:00:00,2025-08-08 18:37:00
TRIP-003263,RTE-14,BUS-070,2025-08-09 00:00:00,2025-08-09 12:02:00
TRIP-003264,RTE-29,BUS-041,2025-08-09 12:00:00,2025-08-09 22:43:00
TRIP-003265,RTE-12,BUS-053,2025-07-09 18:00:00,2025-07-09 22:27:00
TRIP-003266,RTE-29,BUS-049,2025-01-09 00:00:00,2025-01-09 10:43:00
TRIP-003267,RTE-07,BUS-043,2025-10-08 06:00:00,2025-10-08 15:42:00
TRIP-003268,RTE-08,BUS-013,2025-10-08 18:00:00,2025-10-09 00:05:00
TRIP-003269,RTE-09,BUS-069,2025-10-09 00:00:00,2025-10-09 07:49:00
TRIP-003270,RTE-17,BUS-044,2025-11-09 12:00:00,2025-11-09 14:39:00
TRIP-003271,RTE-12,BUS-063,2025-10-08 06:00:00,2025-10-08 10:27:00
TRIP-003272,RTE-25,BUS-011,2025-05-22 06:00:00,2025-05-22 15:38:00
TRIP-003273,RTE-01,BUS-073,2025-05-22 18:00:00,2025-05-23 01:44:00
TRIP-003274,RTE-02,BUS-054,2025-05-23 06:00:00,2025-05-23 08:46:00
TRIP-003275,RTE-10,BUS-061,2025-11-08 12:00:00,2025-11-08 20:41:00
TRIP-003276,RTE-01,BUS-062,2025-03-08 06:00:00,2025-03-08 13:44:00
TRIP-003277,RTE-12,BUS-060,2025-06-09 18:00:00,2025-06-09 22:27:00
TRIP-003278,RTE-21,BUS-057,2025-02-08 06:00:00,2025-02-08 14:11:00
TRIP-003279,RTE-01,BUS-058,2025-04-23 00:00:00,2025-04-23 07:44:00
TRIP-003280,RTE-02,BUS-025,2025-01-08 12:00:00,2025-01-08 14:46:00
TRIP-003281,RTE-17,BUS-072,2025-08-23 00:00:00,2025-08-23 02:39:00
TRIP-003282,RTE-24,BUS-076,2025-07-23 12:00:00,2025-07-23 23:14:00
TRIP-003283,RTE-05,BUS-043,2025-03-22 06:00:00,2025-03-22 18:23:00
TRIP-003284,RTE-21,BUS-016,2025-01-09 00:00:00,2025-01-09 08:11:00
TRIP-003285,RTE-06,BUS-001,2025-06-23 06:00:00,2025-06-23 09:36:00
TRIP-003286,RTE-14,BUS-005,2025-04-09 00:00:00,2025-04-09 12:02:00
TRIP-003287,RTE-13,BUS-002,2025-05-09 00:00:00,2025-05-09 06:37:00
TRIP-003288,RTE-02,BUS-024,2025-05-09 12:00:00,2025-05-09 14:46:00
TRIP-003289,RTE-10,BUS-047,2025-11-23 00:00:00,2025-11-23 08:41:00
TRIP-003290,RTE-24,BUS-059,2025-04-09 00:00:00,2025-04-09 11:14:00
TRIP-003291,RTE-22,BUS-028,2025-02-23 12:00:00,2025-02-23 18:10:00
TRIP-003292,RTE-01,BUS-039,2025-05-22 12:00:00,2025-05-22 19:44:00
TRIP-003293,RTE-02,BUS-076,2025-05-23 00:00:00,2025-05-23 02:46:00
TRIP-003294,RTE-26,BUS-059,2025-08-09 06:00:00,2025-08-09 10:00:00
TRIP-003295,RTE-12,BUS-014,2025-05-23 06:00:00,2025-05-23 10:27:00
TRIP-003296,RTE-13,BUS-028,2025-03-09 00:00:00,2025-03-09 06:37:00
TRIP-003297,RTE-13,BUS-045,2025-01-22 18:00:00,2025-01-23 00:37:00
TRIP-003298,RTE-14,BUS-065,2025-01-23 06:00:00,2025-01-23 18:02:00
TRIP-003299,RTE-11,BUS-024,2025-05-08 12:00:00,2025-05-08 20:14:00
TRIP-003300,RTE-12,BUS-060,2025-05-09 00:00:00,2025-05-09 04:27:00
TRIP-003301,RTE-13,BUS-064,2025-05-09 06:00:00,2025-05-09 12:37:00
TRIP-003302,RTE-19,BUS-049,2025-04-08 12:00:00,2025-04-08 15:11:00
TRIP-003303,RTE-07,BUS-075,2025-02-22 18:00:00,2025-02-23 03:42:00
TRIP-003304,RTE-01,BUS-040,2025-07-09 06:00:00,2025-07-09 13:44:00
TRIP-003305,RTE-19,BUS-080,2025-04-23 06:00:00,2025-04-23 09:11:00
TRIP-003306,RTE-28,BUS-001,2025-01-22 06:00:00,2025-01-22 14:59:00
TRIP-003307,RTE-22,BUS-058,2025-09-22 06:00:00,2025-09-22 12:10:00
TRIP-003308,RTE-01,BUS-039,2025-12-09 00:00:00,2025-12-09 07:44:00
TRIP-003309,RTE-02,BUS-075,2025-12-09 12:00:00,2025-12-09 14:46:00
TRIP-003310,RTE-12,BUS-072,2025-11-23 18:00:00,2025-11-23 22:27:00
TRIP-003311,RTE-22,BUS-024,2025-04-22 12:00:00,2025-04-22 18:10:00
TRIP-003312,RTE-18,BUS-035,2025-03-09 12:00:00,2025-03-09 21:00:00
TRIP-003313,RTE-29,BUS-049,2025-11-08 12:00:00,2025-11-08 22:43:00
TRIP-003314,RTE-20,BUS-039,2025-11-09 00:00:00,2025-11-09 06:10:00
TRIP-003315,RTE-05,BUS-053,2025-07-22 06:00:00,2025-07-22 18:23:00
TRIP-003316,RTE-29,BUS-039,2025-05-23 12:00:00,2025-05-23 22:43:00
TRIP-003317,RTE-04,BUS-078,2025-05-23 00:00:00,2025-05-23 06:03:00
TRIP-003318,RTE-28,BUS-019,2025-09-08 12:00:00,2025-09-08 20:59:00
TRIP-003319,RTE-06,BUS-052,2025-08-09 06:00:00,2025-08-09 09:36:00
TRIP-003320,RTE-01,BUS-009,2025-02-09 00:00:00,2025-02-09 07:44:00
TRIP-003321,RTE-02,BUS-006,2025-02-09 12:00:00,2025-02-09 14:46:00
TRIP-003322,RTE-29,BUS-041,2025-01-22 06:00:00,2025-01-22 16:43:00
TRIP-003323,RTE-09,BUS-076,2025-04-09 00:00:00,2025-04-09 07:49:00
TRIP-003324,RTE-28,BUS-033,2025-04-09 12:00:00,2025-04-09 20:59:00
TRIP-003325,RTE-05,BUS-078,2025-10-22 06:00:00,2025-10-22 18:23:00
TRIP-003326,RTE-06,BUS-047,2025-10-22 18:00:00,2025-10-22 21:36:00
TRIP-003327,RTE-10,BUS-028,2025-12-23 12:00:00,2025-12-23 20:41:00
TRIP-003328,RTE-10,BUS-045,2025-03-08 12:00:00,2025-03-08 20:41:00
TRIP-003329,RTE-27,BUS-021,2025-03-22 06:00:00,2025-03-22 17:39:00
TRIP-003330,RTE-02,BUS-062,2025-11-08 18:00:00,2025-11-08 20:46:00
TRIP-003331,RTE-03,BUS-076,2025-11-09 00:00:00,2025-11-09 03:02:00
TRIP-003332,RTE-04,BUS-066,2025-11-09 06:00:00,2025-11-09 12:03:00
TRIP-003333,RTE-22,BUS-058,2025-08-09 12:00:00,2025-08-09 18:10:00
TRIP-003334,RTE-26,BUS-042,2025-07-09 18:00:00,2025-07-09 22:00:00
TRIP-003335,RTE-09,BUS-054,2025-03-09 12:00:00,2025-03-09 19:49:00
TRIP-003336,RTE-20,BUS-058,2025-10-23 06:00:00,2025-10-23 12:10:00
TRIP-003337,RTE-15,BUS-064,2025-04-09 06:00:00,2025-04-09 11:11:00
TRIP-003338,RTE-01,BUS-010,2025-05-08 18:00:00,2025-05-09 01:44:00
TRIP-003339,RTE-22,BUS-079,2025-12-09 12:00:00,2025-12-09 18:10:00
TRIP-003340,RTE-06,BUS-044,2025-07-23 00:00:00,2025-07-23 03:36:00
TRIP-003341,RTE-27,BUS-066,2025-01-22 12:00:00,2025-01-22 23:39:00
TRIP-003342,RTE-14,BUS-020,2025-12-09 12:00:00,2025-12-10 00:02:00
TRIP-003343,RTE-07,BUS-015,2025-10-23 00:00:00,2025-10-23 09:42:00
TRIP-003344,RTE-01,BUS-005,2025-03-23 00:00:00,2025-03-23 07:44:00
TRIP-003345,RTE-11,BUS-009,2025-02-09 12:00:00,2025-02-09 20:14:00
TRIP-003346,RTE-06,BUS-002,2025-08-22 12:00:00,2025-08-22 15:36:00
TRIP-003347,RTE-30,BUS-035,2025-12-09 06:00:00,2025-12-09 18:25:00
TRIP-003348,RTE-30,BUS-013,2025-11-22 06:00:00,2025-11-22 18:25:00
TRIP-003349,RTE-13,BUS-021,2025-02-23 06:00:00,2025-02-23 12:37:00
TRIP-003350,RTE-28,BUS-016,2025-09-22 12:00:00,2025-09-22 20:59:00
TRIP-003351,RTE-15,BUS-065,2025-09-23 00:00:00,2025-09-23 05:11:00
TRIP-003352,RTE-26,BUS-080,2025-04-23 00:00:00,2025-04-23 04:00:00
TRIP-003353,RTE-05,BUS-044,2025-04-23 06:00:00,2025-04-23 18:23:00
TRIP-003354,RTE-23,BUS-075,2025-07-09 12:00:00,2025-07-09 19:32:00
TRIP-003355,RTE-30,BUS-020,2025-03-09 18:00:00,2025-03-10 06:25:00
TRIP-003356,RTE-07,BUS-037,2025-03-08 06:00:00,2025-03-08 15:42:00
TRIP-003357,RTE-07,BUS-076,2025-06-23 06:00:00,2025-06-23 15:42:00
TRIP-003358,RTE-08,BUS-035,2025-08-09 06:00:00,2025-08-09 12:05:00
TRIP-003359,RTE-09,BUS-061,2025-08-09 12:00:00,2025-08-09 19:49:00
TRIP-003360,RTE-20,BUS-062,2025-02-09 00:00:00,2025-02-09 06:10:00
TRIP-003361,RTE-07,BUS-068,2025-06-09 06:00:00,2025-06-09 15:42:00
TRIP-003362,RTE-18,BUS-067,2025-06-09 06:00:00,2025-06-09 15:00:00
TRIP-003363,RTE-14,BUS-054,2025-01-08 18:00:00,2025-01-09 06:02:00
TRIP-003364,RTE-01,BUS-065,2025-05-08 12:00:00,2025-05-08 19:44:00
TRIP-003365,RTE-03,BUS-028,2025-04-09 00:00:00,2025-04-09 03:02:00
TRIP-003366,RTE-12,BUS-054,2025-01-22 12:00:00,2025-01-22 16:27:00
TRIP-003367,RTE-05,BUS-034,2025-04-09 00:00:00,2025-04-09 12:23:00
TRIP-003368,RTE-27,BUS-073,2025-06-08 06:00:00,2025-06-08 17:39:00
TRIP-003369,RTE-26,BUS-065,2025-04-09 06:00:00,2025-04-09 10:00:00
TRIP-003370,RTE-10,BUS-078,2025-08-22 06:00:00,2025-08-22 14:41:00
TRIP-003371,RTE-11,BUS-001,2025-08-22 18:00:00,2025-08-23 02:14:00
TRIP-003372,RTE-22,BUS-074,2025-11-23 12:00:00,2025-11-23 18:10:00
TRIP-003373,RTE-10,BUS-069,2025-04-22 12:00:00,2025-04-22 20:41:00
TRIP-003374,RTE-10,BUS-039,2025-08-22 12:00:00,2025-08-22 20:41:00
TRIP-003375,RTE-07,BUS-030,2025-01-09 06:00:00,2025-01-09 15:42:00
TRIP-003376,RTE-30,BUS-064,2025-02-22 12:00:00,2025-02-23 00:25:00
TRIP-003377,RTE-25,BUS-007,2025-07-23 12:00:00,2025-07-23 21:38:00
TRIP-003378,RTE-13,BUS-077,2025-10-22 18:00:00,2025-10-23 00:37:00
TRIP-003379,RTE-14,BUS-047,2025-10-23 06:00:00,2025-10-23 18:02:00
TRIP-003380,RTE-22,BUS-015,2025-08-23 12:00:00,2025-08-23 18:10:00
TRIP-003381,RTE-29,BUS-068,2025-04-09 18:00:00,2025-04-10 04:43:00
TRIP-003382,RTE-28,BUS-030,2025-01-08 06:00:00,2025-01-08 14:59:00
TRIP-003383,RTE-30,BUS-056,2025-01-09 06:00:00,2025-01-09 18:25:00
TRIP-003384,RTE-27,BUS-029,2025-11-09 00:00:00,2025-11-09 11:39:00
TRIP-003385,RTE-05,BUS-013,2025-08-22 06:00:00,2025-08-22 18:23:00
TRIP-003386,RTE-06,BUS-074,2025-08-22 18:00:00,2025-08-22 21:36:00
TRIP-003387,RTE-07,BUS-061,2025-08-23 00:00:00,2025-08-23 09:42:00
TRIP-003388,RTE-01,BUS-015,2025-11-08 18:00:00,2025-11-09 01:44:00
TRIP-003389,RTE-21,BUS-036,2025-09-08 06:00:00,2025-09-08 14:11:00
TRIP-003390,RTE-22,BUS-030,2025-09-08 18:00:00,2025-09-09 00:10:00
TRIP-003391,RTE-23,BUS-052,2025-09-09 00:00:00,2025-09-09 07:32:00
TRIP-003392,RTE-01,BUS-032,2025-09-08 06:00:00,2025-09-08 13:44:00
TRIP-003393,RTE-17,BUS-073,2025-05-08 12:00:00,2025-05-08 14:39:00
TRIP-003394,RTE-01,BUS-036,2025-03-09 12:00:00,2025-03-09 19:44:00
TRIP-003395,RTE-09,BUS-038,2025-05-23 12:00:00,2025-05-23 19:49:00
TRIP-003396,RTE-21,BUS-062,2025-09-22 06:00:00,2025-09-22 14:11:00
TRIP-003397,RTE-15,BUS-026,2025-12-22 06:00:00,2025-12-22 11:11:00
TRIP-003398,RTE-15,BUS-080,2025-01-09 06:00:00,2025-01-09 11:11:00
TRIP-003399,RTE-16,BUS-050,2025-01-09 12:00:00,2025-01-09 19:34:00
TRIP-003400,RTE-12,BUS-079,2025-11-09 18:00:00,2025-11-09 22:27:00
TRIP-003401,RTE-06,BUS-022,2025-05-22 06:00:00,2025-05-22 09:36:00
TRIP-003402,RTE-06,BUS-075,2025-04-23 00:00:00,2025-04-23 03:36:00
TRIP-003403,RTE-07,BUS-033,2025-04-23 06:00:00,2025-04-23 15:42:00
TRIP-003404,RTE-07,BUS-056,2025-04-22 12:00:00,2025-04-22 21:42:00
TRIP-003405,RTE-08,BUS-022,2025-04-23 00:00:00,2025-04-23 06:05:00
TRIP-003406,RTE-24,BUS-071,2025-03-08 18:00:00,2025-03-09 05:14:00
TRIP-003407,RTE-25,BUS-024,2025-03-09 06:00:00,2025-03-09 15:38:00
TRIP-003408,RTE-15,BUS-075,2025-03-08 06:00:00,2025-03-08 11:11:00
TRIP-003409,RTE-09,BUS-011,2025-09-08 06:00:00,2025-09-08 13:49:00
TRIP-003410,RTE-10,BUS-063,2025-09-08 18:00:00,2025-09-09 02:41:00
TRIP-003411,RTE-03,BUS-080,2025-01-08 06:00:00,2025-01-08 09:02:00
TRIP-003412,RTE-27,BUS-013,2025-01-08 18:00:00,2025-01-09 05:39:00
TRIP-003413,RTE-28,BUS-079,2025-12-09 00:00:00,2025-12-09 08:59:00
TRIP-003414,RTE-01,BUS-019,2025-10-23 18:00:00,2025-10-24 01:44:00
TRIP-003415,RTE-24,BUS-022,2025-02-09 12:00:00,2025-02-09 23:14:00
TRIP-003416,RTE-04,BUS-008,2025-10-23 00:00:00,2025-10-23 06:03:00
TRIP-003417,RTE-19,BUS-001,2025-08-23 12:00:00,2025-08-23 15:11:00
TRIP-003418,RTE-23,BUS-075,2025-12-23 12:00:00,2025-12-23 19:32:00
TRIP-003419,RTE-23,BUS-004,2025-04-09 06:00:00,2025-04-09 13:32:00
TRIP-003420,RTE-25,BUS-029,2025-03-09 18:00:00,2025-03-10 03:38:00
TRIP-003421,RTE-12,BUS-058,2025-09-23 12:00:00,2025-09-23 16:27:00
TRIP-003422,RTE-10,BUS-079,2025-02-08 06:00:00,2025-02-08 14:41:00
TRIP-003423,RTE-26,BUS-017,2025-04-08 12:00:00,2025-04-08 16:00:00
TRIP-003424,RTE-28,BUS-056,2025-04-09 06:00:00,2025-04-09 14:59:00
TRIP-003425,RTE-23,BUS-068,2025-08-09 00:00:00,2025-08-09 07:32:00
TRIP-003426,RTE-25,BUS-056,2025-04-23 06:00:00,2025-04-23 15:38:00
TRIP-003427,RTE-03,BUS-014,2025-03-08 12:00:00,2025-03-08 15:02:00
TRIP-003428,RTE-11,BUS-052,2025-11-09 00:00:00,2025-11-09 08:14:00
TRIP-003429,RTE-12,BUS-019,2025-11-09 12:00:00,2025-11-09 16:27:00
TRIP-003430,RTE-05,BUS-053,2025-09-23 06:00:00,2025-09-23 18:23:00
TRIP-003431,RTE-26,BUS-059,2025-08-08 06:00:00,2025-08-08 10:00:00
TRIP-003432,RTE-13,BUS-078,2025-05-22 06:00:00,2025-05-22 12:37:00
TRIP-003433,RTE-27,BUS-058,2025-10-22 18:00:00,2025-10-23 05:39:00
TRIP-003434,RTE-11,BUS-067,2025-10-23 18:00:00,2025-10-24 02:14:00
TRIP-003435,RTE-01,BUS-033,2025-07-09 00:00:00,2025-07-09 07:44:00
TRIP-003436,RTE-02,BUS-066,2025-11-22 18:00:00,2025-11-22 20:46:00
TRIP-003437,RTE-03,BUS-030,2025-11-23 00:00:00,2025-11-23 03:02:00
TRIP-003438,RTE-04,BUS-015,2025-11-23 06:00:00,2025-11-23 12:03:00
TRIP-003439,RTE-06,BUS-019,2025-03-09 00:00:00,2025-03-09 03:36:00
TRIP-003440,RTE-26,BUS-065,2025-10-23 06:00:00,2025-10-23 10:00:00
TRIP-003441,RTE-02,BUS-072,2025-06-09 06:00:00,2025-06-09 08:46:00
TRIP-003442,RTE-03,BUS-058,2025-06-09 12:00:00,2025-06-09 15:02:00
TRIP-003443,RTE-24,BUS-029,2025-06-23 12:00:00,2025-06-23 23:14:00
TRIP-003444,RTE-12,BUS-019,2025-09-08 12:00:00,2025-09-08 16:27:00
TRIP-003445,RTE-30,BUS-060,2025-02-09 06:00:00,2025-02-09 18:25:00
TRIP-003446,RTE-19,BUS-050,2025-05-22 18:00:00,2025-05-22 21:11:00
TRIP-003447,RTE-20,BUS-072,2025-05-23 00:00:00,2025-05-23 06:10:00
TRIP-003448,RTE-17,BUS-013,2025-10-09 12:00:00,2025-10-09 14:39:00
TRIP-003449,RTE-10,BUS-071,2025-11-09 12:00:00,2025-11-09 20:41:00
TRIP-003450,RTE-26,BUS-078,2025-01-23 12:00:00,2025-01-23 16:00:00
TRIP-003451,RTE-14,BUS-041,2025-07-09 12:00:00,2025-07-10 00:02:00
TRIP-003452,RTE-08,BUS-043,2025-08-22 06:00:00,2025-08-22 12:05:00
TRIP-003453,RTE-09,BUS-070,2025-05-08 12:00:00,2025-05-08 19:49:00
TRIP-003454,RTE-10,BUS-007,2025-05-09 00:00:00,2025-05-09 08:41:00
TRIP-003455,RTE-01,BUS-049,2025-09-23 06:00:00,2025-09-23 13:44:00
TRIP-003456,RTE-01,BUS-035,2025-12-09 06:00:00,2025-12-09 13:44:00
TRIP-003457,RTE-16,BUS-073,2025-07-23 06:00:00,2025-07-23 13:34:00
TRIP-003458,RTE-04,BUS-059,2025-08-22 06:00:00,2025-08-22 12:03:00
TRIP-003459,RTE-18,BUS-048,2025-05-22 06:00:00,2025-05-22 15:00:00
TRIP-003460,RTE-05,BUS-068,2025-05-08 06:00:00,2025-05-08 18:23:00
TRIP-003461,RTE-30,BUS-005,2025-02-08 06:00:00,2025-02-08 18:25:00
TRIP-003462,RTE-28,BUS-063,2025-08-08 06:00:00,2025-08-08 14:59:00
TRIP-003463,RTE-17,BUS-061,2025-03-08 12:00:00,2025-03-08 14:39:00
TRIP-003464,RTE-01,BUS-002,2025-12-09 18:00:00,2025-12-10 01:44:00
TRIP-003465,RTE-16,BUS-045,2025-09-22 12:00:00,2025-09-22 19:34:00
TRIP-003466,RTE-17,BUS-024,2025-09-23 00:00:00,2025-09-23 02:39:00
TRIP-003467,RTE-29,BUS-006,2025-09-08 12:00:00,2025-09-08 22:43:00
TRIP-003468,RTE-10,BUS-059,2025-11-09 00:00:00,2025-11-09 08:41:00
TRIP-003469,RTE-01,BUS-052,2025-01-22 12:00:00,2025-01-22 19:44:00
TRIP-003470,RTE-02,BUS-053,2025-01-23 00:00:00,2025-01-23 02:46:00
TRIP-003471,RTE-03,BUS-010,2025-01-23 06:00:00,2025-01-23 09:02:00
TRIP-003472,RTE-16,BUS-036,2025-02-08 12:00:00,2025-02-08 19:34:00
TRIP-003473,RTE-12,BUS-017,2025-03-09 00:00:00,2025-03-09 04:27:00
TRIP-003474,RTE-13,BUS-033,2025-03-09 06:00:00,2025-03-09 12:37:00
TRIP-003475,RTE-30,BUS-067,2025-01-23 06:00:00,2025-01-23 18:25:00
TRIP-003476,RTE-02,BUS-004,2025-05-09 06:00:00,2025-05-09 08:46:00
TRIP-003477,RTE-17,BUS-023,2025-03-22 06:00:00,2025-03-22 08:39:00
TRIP-003478,RTE-08,BUS-052,2025-07-09 12:00:00,2025-07-09 18:05:00
TRIP-003479,RTE-29,BUS-070,2025-09-09 18:00:00,2025-09-10 04:43:00
TRIP-003480,RTE-13,BUS-072,2025-11-23 12:00:00,2025-11-23 18:37:00
TRIP-003481,RTE-04,BUS-009,2025-03-23 00:00:00,2025-03-23 06:03:00
TRIP-003482,RTE-19,BUS-050,2025-09-22 12:00:00,2025-09-22 15:11:00
TRIP-003483,RTE-12,BUS-059,2025-01-08 12:00:00,2025-01-08 16:27:00
TRIP-003484,RTE-29,BUS-028,2025-01-08 06:00:00,2025-01-08 16:43:00
TRIP-003485,RTE-20,BUS-028,2025-03-23 12:00:00,2025-03-23 18:10:00
TRIP-003486,RTE-26,BUS-052,2025-02-08 06:00:00,2025-02-08 10:00:00
TRIP-003487,RTE-08,BUS-006,2025-04-22 18:00:00,2025-04-23 00:05:00
TRIP-003488,RTE-09,BUS-009,2025-04-23 00:00:00,2025-04-23 07:49:00
TRIP-003489,RTE-20,BUS-041,2025-06-23 12:00:00,2025-06-23 18:10:00
TRIP-003490,RTE-23,BUS-004,2025-05-09 00:00:00,2025-05-09 07:32:00
TRIP-003491,RTE-10,BUS-064,2025-01-09 06:00:00,2025-01-09 14:41:00
TRIP-003492,RTE-01,BUS-006,2025-07-09 18:00:00,2025-07-10 01:44:00
TRIP-003493,RTE-03,BUS-054,2025-02-09 00:00:00,2025-02-09 03:02:00
TRIP-003494,RTE-04,BUS-073,2025-02-09 06:00:00,2025-02-09 12:03:00
TRIP-003495,RTE-15,BUS-030,2025-10-23 12:00:00,2025-10-23 17:11:00
TRIP-003496,RTE-20,BUS-048,2025-04-23 06:00:00,2025-04-23 12:10:00
TRIP-003497,RTE-15,BUS-014,2025-08-09 06:00:00,2025-08-09 11:11:00
TRIP-003498,RTE-16,BUS-040,2025-08-09 12:00:00,2025-08-09 19:34:00
TRIP-003499,RTE-23,BUS-072,2025-11-23 00:00:00,2025-11-23 07:32:00
TRIP-003500,RTE-02,BUS-026,2025-07-09 18:00:00,2025-07-09 20:46:00
TRIP-003501,RTE-14,BUS-069,2025-05-09 12:00:00,2025-05-10 00:02:00
TRIP-003502,RTE-15,BUS-070,2025-11-09 06:00:00,2025-11-09 11:11:00
TRIP-003503,RTE-21,BUS-075,2025-10-09 00:00:00,2025-10-09 08:11:00
TRIP-003504,RTE-21,BUS-068,2025-06-23 00:00:00,2025-06-23 08:11:00
TRIP-003505,RTE-28,BUS-036,2025-11-22 06:00:00,2025-11-22 14:59:00
TRIP-003506,RTE-29,BUS-062,2025-04-22 06:00:00,2025-04-22 16:43:00
TRIP-003507,RTE-18,BUS-018,2025-09-23 06:00:00,2025-09-23 15:00:00
TRIP-003508,RTE-13,BUS-056,2025-07-09 06:00:00,2025-07-09 12:37:00
TRIP-003509,RTE-10,BUS-015,2025-08-08 12:00:00,2025-08-08 20:41:00
TRIP-003510,RTE-11,BUS-036,2025-08-09 00:00:00,2025-08-09 08:14:00
TRIP-003511,RTE-17,BUS-001,2025-02-08 06:00:00,2025-02-08 08:39:00
TRIP-003512,RTE-05,BUS-065,2025-06-23 12:00:00,2025-06-24 00:23:00
TRIP-003513,RTE-07,BUS-031,2025-10-09 00:00:00,2025-10-09 09:42:00
TRIP-003514,RTE-28,BUS-033,2025-01-23 12:00:00,2025-01-23 20:59:00
TRIP-003515,RTE-26,BUS-005,2025-04-08 18:00:00,2025-04-08 22:00:00
TRIP-003516,RTE-06,BUS-080,2025-04-09 12:00:00,2025-04-09 15:36:00
TRIP-003517,RTE-29,BUS-066,2025-06-08 18:00:00,2025-06-09 04:43:00
TRIP-003518,RTE-06,BUS-016,2025-05-08 06:00:00,2025-05-08 09:36:00
TRIP-003519,RTE-15,BUS-041,2025-10-08 06:00:00,2025-10-08 11:11:00
TRIP-003520,RTE-25,BUS-062,2025-08-23 12:00:00,2025-08-23 21:38:00
TRIP-003521,RTE-20,BUS-010,2025-09-23 06:00:00,2025-09-23 12:10:00
TRIP-003522,RTE-10,BUS-060,2025-08-08 06:00:00,2025-08-08 14:41:00
TRIP-003523,RTE-12,BUS-043,2025-08-09 06:00:00,2025-08-09 10:27:00
TRIP-003524,RTE-10,BUS-032,2025-10-23 00:00:00,2025-10-23 08:41:00
TRIP-003525,RTE-11,BUS-074,2025-10-23 12:00:00,2025-10-23 20:14:00
TRIP-003526,RTE-30,BUS-078,2025-09-08 06:00:00,2025-09-08 18:25:00
TRIP-003527,RTE-26,BUS-009,2025-10-22 18:00:00,2025-10-22 22:00:00
TRIP-003528,RTE-27,BUS-011,2025-10-23 00:00:00,2025-10-23 11:39:00
TRIP-003529,RTE-19,BUS-049,2025-04-08 06:00:00,2025-04-08 09:11:00
TRIP-003530,RTE-30,BUS-022,2025-04-08 12:00:00,2025-04-09 00:25:00
TRIP-003531,RTE-01,BUS-078,2025-06-09 18:00:00,2025-06-10 01:44:00
TRIP-003532,RTE-01,BUS-008,2025-05-22 06:00:00,2025-05-22 13:44:00
TRIP-003533,RTE-13,BUS-058,2025-11-09 12:00:00,2025-11-09 18:37:00
TRIP-003534,RTE-07,BUS-017,2025-07-09 06:00:00,2025-07-09 15:42:00
TRIP-003535,RTE-11,BUS-011,2025-09-09 18:00:00,2025-09-10 02:14:00
TRIP-003536,RTE-17,BUS-054,2025-11-08 12:00:00,2025-11-08 14:39:00
TRIP-003537,RTE-22,BUS-054,2025-07-23 12:00:00,2025-07-23 18:10:00
TRIP-003538,RTE-28,BUS-024,2025-01-09 06:00:00,2025-01-09 14:59:00
TRIP-003539,RTE-27,BUS-069,2025-04-08 06:00:00,2025-04-08 17:39:00
TRIP-003540,RTE-11,BUS-037,2025-04-09 06:00:00,2025-04-09 14:14:00
TRIP-003541,RTE-25,BUS-080,2025-11-23 12:00:00,2025-11-23 21:38:00
TRIP-003542,RTE-16,BUS-010,2025-06-23 06:00:00,2025-06-23 13:34:00
TRIP-003543,RTE-01,BUS-072,2025-08-09 12:00:00,2025-08-09 19:44:00
TRIP-003544,RTE-03,BUS-020,2025-10-23 00:00:00,2025-10-23 03:02:00
TRIP-003545,RTE-04,BUS-006,2025-10-23 06:00:00,2025-10-23 12:03:00
TRIP-003546,RTE-15,BUS-002,2025-11-23 00:00:00,2025-11-23 05:11:00
TRIP-003547,RTE-16,BUS-067,2025-11-23 06:00:00,2025-11-23 13:34:00
TRIP-003548,RTE-26,BUS-072,2025-03-23 12:00:00,2025-03-23 16:00:00
TRIP-003549,RTE-20,BUS-030,2025-01-23 00:00:00,2025-01-23 06:10:00
TRIP-003550,RTE-21,BUS-068,2025-01-23 06:00:00,2025-01-23 14:11:00
TRIP-003551,RTE-26,BUS-075,2025-06-09 00:00:00,2025-06-09 04:00:00
TRIP-003552,RTE-28,BUS-070,2025-11-09 00:00:00,2025-11-09 08:59:00
TRIP-003553,RTE-07,BUS-075,2025-02-23 00:00:00,2025-02-23 09:42:00
TRIP-003554,RTE-27,BUS-035,2025-10-08 12:00:00,2025-10-08 23:39:00
TRIP-003555,RTE-12,BUS-024,2025-10-22 12:00:00,2025-10-22 16:27:00
TRIP-003556,RTE-20,BUS-033,2025-11-23 00:00:00,2025-11-23 06:10:00
TRIP-003557,RTE-20,BUS-011,2025-10-22 18:00:00,2025-10-23 00:10:00
TRIP-003558,RTE-26,BUS-072,2025-06-23 18:00:00,2025-06-23 22:00:00
TRIP-003559,RTE-30,BUS-013,2025-11-09 18:00:00,2025-11-10 06:25:00
TRIP-003560,RTE-13,BUS-020,2025-08-23 00:00:00,2025-08-23 06:37:00
TRIP-003561,RTE-14,BUS-044,2025-08-23 12:00:00,2025-08-24 00:02:00
TRIP-003562,RTE-30,BUS-078,2025-05-09 00:00:00,2025-05-09 12:25:00
TRIP-003563,RTE-27,BUS-042,2025-07-23 12:00:00,2025-07-23 23:39:00
TRIP-003564,RTE-18,BUS-079,2025-07-09 12:00:00,2025-07-09 21:00:00
TRIP-003565,RTE-18,BUS-060,2025-12-09 12:00:00,2025-12-09 21:00:00
TRIP-003566,RTE-09,BUS-035,2025-07-23 12:00:00,2025-07-23 19:49:00
TRIP-003567,RTE-27,BUS-060,2025-02-23 00:00:00,2025-02-23 11:39:00
TRIP-003568,RTE-12,BUS-076,2025-02-23 12:00:00,2025-02-23 16:27:00
TRIP-003569,RTE-03,BUS-063,2025-06-09 06:00:00,2025-06-09 09:02:00
TRIP-003570,RTE-15,BUS-072,2025-05-09 00:00:00,2025-05-09 05:11:00
TRIP-003571,RTE-16,BUS-002,2025-05-09 06:00:00,2025-05-09 13:34:00
TRIP-003572,RTE-20,BUS-011,2025-05-09 06:00:00,2025-05-09 12:10:00
TRIP-003573,RTE-26,BUS-008,2025-03-09 18:00:00,2025-03-09 22:00:00
TRIP-003574,RTE-01,BUS-052,2025-03-09 00:00:00,2025-03-09 07:44:00
TRIP-003575,RTE-20,BUS-053,2025-08-08 12:00:00,2025-08-08 18:10:00
TRIP-003576,RTE-25,BUS-078,2025-10-23 18:00:00,2025-10-24 03:38:00
TRIP-003577,RTE-26,BUS-052,2025-08-08 12:00:00,2025-08-08 16:00:00
TRIP-003578,RTE-30,BUS-029,2025-05-23 06:00:00,2025-05-23 18:25:00
TRIP-003579,RTE-26,BUS-007,2025-09-22 12:00:00,2025-09-22 16:00:00
TRIP-003580,RTE-15,BUS-008,2025-07-09 12:00:00,2025-07-09 17:11:00
TRIP-003581,RTE-14,BUS-062,2025-05-23 12:00:00,2025-05-24 00:02:00
TRIP-003582,RTE-03,BUS-075,2025-03-09 06:00:00,2025-03-09 09:02:00
TRIP-003583,RTE-10,BUS-011,2025-10-22 06:00:00,2025-10-22 14:41:00
TRIP-003584,RTE-11,BUS-015,2025-05-09 12:00:00,2025-05-09 20:14:00
TRIP-003585,RTE-23,BUS-040,2025-06-09 12:00:00,2025-06-09 19:32:00
TRIP-003586,RTE-28,BUS-071,2025-12-23 12:00:00,2025-12-23 20:59:00
TRIP-003587,RTE-26,BUS-039,2025-12-23 18:00:00,2025-12-23 22:00:00
TRIP-003588,RTE-03,BUS-005,2025-03-08 06:00:00,2025-03-08 09:02:00
TRIP-003589,RTE-10,BUS-043,2025-05-22 12:00:00,2025-05-22 20:41:00
TRIP-003590,RTE-11,BUS-057,2025-05-23 00:00:00,2025-05-23 08:14:00
TRIP-003591,RTE-06,BUS-011,2025-09-09 12:00:00,2025-09-09 15:36:00
TRIP-003592,RTE-22,BUS-073,2025-12-23 12:00:00,2025-12-23 18:10:00
TRIP-003593,RTE-18,BUS-071,2025-05-08 06:00:00,2025-05-08 15:00:00
TRIP-003594,RTE-16,BUS-011,2025-05-08 06:00:00,2025-05-08 13:34:00
TRIP-003595,RTE-30,BUS-042,2025-09-22 06:00:00,2025-09-22 18:25:00
TRIP-003596,RTE-21,BUS-050,2025-07-23 06:00:00,2025-07-23 14:11:00
TRIP-003597,RTE-20,BUS-007,2025-08-23 12:00:00,2025-08-23 18:10:00
TRIP-003598,RTE-20,BUS-038,2025-05-08 18:00:00,2025-05-09 00:10:00
TRIP-003599,RTE-11,BUS-047,2025-11-22 06:00:00,2025-11-22 14:14:00
TRIP-003600,RTE-29,BUS-032,2025-08-22 06:00:00,2025-08-22 16:43:00
TRIP-003601,RTE-26,BUS-054,2025-06-09 18:00:00,2025-06-09 22:00:00
TRIP-003602,RTE-23,BUS-022,2025-08-08 06:00:00,2025-08-08 13:32:00
TRIP-003603,RTE-24,BUS-009,2025-08-08 18:00:00,2025-08-09 05:14:00
TRIP-003604,RTE-10,BUS-032,2025-01-08 12:00:00,2025-01-08 20:41:00
TRIP-003605,RTE-11,BUS-056,2025-01-09 00:00:00,2025-01-09 08:14:00
TRIP-003606,RTE-12,BUS-068,2025-01-09 12:00:00,2025-01-09 16:27:00
TRIP-003607,RTE-12,BUS-075,2025-03-09 18:00:00,2025-03-09 22:27:00
TRIP-003608,RTE-26,BUS-009,2025-05-22 18:00:00,2025-05-22 22:00:00
TRIP-003609,RTE-10,BUS-025,2025-01-23 00:00:00,2025-01-23 08:41:00
TRIP-003610,RTE-11,BUS-059,2025-01-23 12:00:00,2025-01-23 20:14:00
TRIP-003611,RTE-02,BUS-061,2025-07-23 18:00:00,2025-07-23 20:46:00
TRIP-003612,RTE-03,BUS-024,2025-07-23 06:00:00,2025-07-23 09:02:00
TRIP-003613,RTE-16,BUS-001,2025-06-23 12:00:00,2025-06-23 19:34:00
TRIP-003614,RTE-15,BUS-018,2025-04-22 06:00:00,2025-04-22 11:11:00
TRIP-003615,RTE-06,BUS-035,2025-06-09 06:00:00,2025-06-09 09:36:00
TRIP-003616,RTE-07,BUS-015,2025-07-23 06:00:00,2025-07-23 15:42:00
TRIP-003617,RTE-23,BUS-057,2025-11-09 06:00:00,2025-11-09 13:32:00
TRIP-003618,RTE-26,BUS-075,2025-08-22 18:00:00,2025-08-22 22:00:00
TRIP-003619,RTE-26,BUS-029,2025-01-09 00:00:00,2025-01-09 04:00:00
TRIP-003620,RTE-27,BUS-063,2025-01-09 06:00:00,2025-01-09 17:39:00
TRIP-003621,RTE-01,BUS-069,2025-05-09 06:00:00,2025-05-09 13:44:00
TRIP-003622,RTE-02,BUS-076,2025-05-09 18:00:00,2025-05-09 20:46:00
TRIP-003623,RTE-20,BUS-022,2025-06-09 06:00:00,2025-06-09 12:10:00
TRIP-003624,RTE-15,BUS-004,2025-01-09 12:00:00,2025-01-09 17:11:00
TRIP-003625,RTE-13,BUS-068,2025-09-09 00:00:00,2025-09-09 06:37:00
TRIP-003626,RTE-23,BUS-070,2025-03-08 06:00:00,2025-03-08 13:32:00
TRIP-003627,RTE-17,BUS-065,2025-04-23 06:00:00,2025-04-23 08:39:00
TRIP-003628,RTE-01,BUS-071,2025-08-22 12:00:00,2025-08-22 19:44:00
TRIP-003629,RTE-02,BUS-018,2025-08-23 00:00:00,2025-08-23 02:46:00
TRIP-003630,RTE-03,BUS-064,2025-08-23 06:00:00,2025-08-23 09:02:00
TRIP-003631,RTE-28,BUS-004,2025-01-23 06:00:00,2025-01-23 14:59:00
TRIP-003632,RTE-23,BUS-014,2025-11-23 06:00:00,2025-11-23 13:32:00
TRIP-003633,RTE-01,BUS-006,2025-07-23 00:00:00,2025-07-23 07:44:00
TRIP-003634,RTE-02,BUS-016,2025-07-23 12:00:00,2025-07-23 14:46:00
TRIP-003635,RTE-16,BUS-059,2025-10-23 06:00:00,2025-10-23 13:34:00
TRIP-003636,RTE-13,BUS-019,2025-09-23 06:00:00,2025-09-23 12:37:00
TRIP-003637,RTE-30,BUS-039,2025-02-08 12:00:00,2025-02-09 00:25:00
TRIP-003638,RTE-12,BUS-043,2025-03-23 12:00:00,2025-03-23 16:27:00
TRIP-003639,RTE-26,BUS-013,2025-07-23 18:00:00,2025-07-23 22:00:00
TRIP-003640,RTE-02,BUS-053,2025-06-09 12:00:00,2025-06-09 14:46:00
TRIP-003641,RTE-21,BUS-036,2025-05-09 06:00:00,2025-05-09 14:11:00
TRIP-003642,RTE-19,BUS-033,2025-05-22 06:00:00,2025-05-22 09:11:00
TRIP-003643,RTE-26,BUS-071,2025-05-09 00:00:00,2025-05-09 04:00:00
TRIP-003644,RTE-27,BUS-078,2025-05-09 06:00:00,2025-05-09 17:39:00
TRIP-003645,RTE-09,BUS-024,2025-02-23 00:00:00,2025-02-23 07:49:00
TRIP-003646,RTE-07,BUS-059,2025-04-23 12:00:00,2025-04-23 21:42:00
TRIP-003647,RTE-30,BUS-067,2025-03-09 12:00:00,2025-03-10 00:25:00
TRIP-003648,RTE-05,BUS-044,2025-11-08 06:00:00,2025-11-08 18:23:00
TRIP-003649,RTE-27,BUS-065,2025-02-23 06:00:00,2025-02-23 17:39:00
TRIP-003650,RTE-26,BUS-026,2025-02-09 12:00:00,2025-02-09 16:00:00
TRIP-003651,RTE-20,BUS-044,2025-05-09 12:00:00,2025-05-09 18:10:00
TRIP-003652,RTE-04,BUS-017,2025-08-09 00:00:00,2025-08-09 06:03:00
TRIP-003653,RTE-05,BUS-063,2025-08-09 06:00:00,2025-08-09 18:23:00
TRIP-003654,RTE-25,BUS-076,2025-09-23 18:00:00,2025-09-24 03:38:00
TRIP-003655,RTE-26,BUS-064,2025-11-08 18:00:00,2025-11-08 22:00:00
TRIP-003656,RTE-27,BUS-044,2025-11-23 12:00:00,2025-11-23 23:39:00
TRIP-003657,RTE-06,BUS-038,2025-06-23 12:00:00,2025-06-23 15:36:00
TRIP-003658,RTE-20,BUS-053,2025-11-08 06:00:00,2025-11-08 12:10:00
TRIP-003659,RTE-15,BUS-078,2025-02-09 00:00:00,2025-02-09 05:11:00
TRIP-003660,RTE-28,BUS-039,2025-03-22 06:00:00,2025-03-22 14:59:00
TRIP-003661,RTE-06,BUS-062,2025-06-23 18:00:00,2025-06-23 21:36:00
TRIP-003662,RTE-11,BUS-060,2025-03-09 18:00:00,2025-03-10 02:14:00
TRIP-003663,RTE-01,BUS-070,2025-11-23 00:00:00,2025-11-23 07:44:00
TRIP-003664,RTE-13,BUS-064,2025-06-09 06:00:00,2025-06-09 12:37:00
TRIP-003665,RTE-11,BUS-061,2025-12-23 06:00:00,2025-12-23 14:14:00
TRIP-003666,RTE-12,BUS-049,2025-12-23 18:00:00,2025-12-23 22:27:00
TRIP-003667,RTE-15,BUS-007,2025-01-23 06:00:00,2025-01-23 11:11:00
TRIP-003668,RTE-16,BUS-070,2025-01-23 12:00:00,2025-01-23 19:34:00
TRIP-003669,RTE-02,BUS-018,2025-03-23 06:00:00,2025-03-23 08:46:00
TRIP-003670,RTE-05,BUS-077,2025-03-09 00:00:00,2025-03-09 12:23:00
TRIP-003671,RTE-08,BUS-068,2025-06-23 12:00:00,2025-06-23 18:05:00
TRIP-003672,RTE-26,BUS-072,2025-11-22 12:00:00,2025-11-22 16:00:00
TRIP-003673,RTE-01,BUS-009,2025-03-23 12:00:00,2025-03-23 19:44:00
TRIP-003674,RTE-23,BUS-011,2025-06-23 12:00:00,2025-06-23 19:32:00
TRIP-003675,RTE-24,BUS-008,2025-09-09 12:00:00,2025-09-09 23:14:00
TRIP-003676,RTE-15,BUS-013,2025-11-09 12:00:00,2025-11-09 17:11:00
TRIP-003677,RTE-15,BUS-019,2025-05-23 12:00:00,2025-05-23 17:11:00
TRIP-003678,RTE-05,BUS-039,2025-08-08 06:00:00,2025-08-08 18:23:00
TRIP-003679,RTE-20,BUS-066,2025-12-23 18:00:00,2025-12-24 00:10:00
TRIP-003680,RTE-24,BUS-054,2025-09-23 12:00:00,2025-09-23 23:14:00
TRIP-003681,RTE-08,BUS-034,2025-11-23 12:00:00,2025-11-23 18:05:00
TRIP-003682,RTE-27,BUS-030,2025-09-08 06:00:00,2025-09-08 17:39:00
TRIP-003683,RTE-13,BUS-043,2025-05-23 12:00:00,2025-05-23 18:37:00
TRIP-003684,RTE-14,BUS-025,2025-08-23 06:00:00,2025-08-23 18:02:00
TRIP-003685,RTE-10,BUS-068,2025-02-08 12:00:00,2025-02-08 20:41:00
TRIP-003686,RTE-11,BUS-004,2025-02-09 00:00:00,2025-02-09 08:14:00
TRIP-003687,RTE-10,BUS-059,2025-05-09 06:00:00,2025-05-09 14:41:00
TRIP-003688,RTE-07,BUS-024,2025-09-08 18:00:00,2025-09-09 03:42:00
TRIP-003689,RTE-08,BUS-024,2025-09-09 06:00:00,2025-09-09 12:05:00
TRIP-003690,RTE-23,BUS-008,2025-02-23 12:00:00,2025-02-23 19:32:00
TRIP-003691,RTE-19,BUS-050,2025-05-23 12:00:00,2025-05-23 15:11:00
TRIP-003692,RTE-10,BUS-058,2025-08-09 12:00:00,2025-08-09 20:41:00
TRIP-003693,RTE-25,BUS-023,2025-01-09 18:00:00,2025-01-10 03:38:00
TRIP-003694,RTE-20,BUS-021,2025-01-22 06:00:00,2025-01-22 12:10:00
TRIP-003695,RTE-21,BUS-032,2025-10-08 06:00:00,2025-10-08 14:11:00
TRIP-003696,RTE-19,BUS-043,2025-03-23 12:00:00,2025-03-23 15:11:00
TRIP-003697,RTE-11,BUS-001,2025-04-08 06:00:00,2025-04-08 14:14:00
TRIP-003698,RTE-26,BUS-036,2025-09-22 06:00:00,2025-09-22 10:00:00
TRIP-003699,RTE-26,BUS-070,2025-06-22 12:00:00,2025-06-22 16:00:00
TRIP-003700,RTE-10,BUS-006,2025-10-22 12:00:00,2025-10-22 20:41:00
TRIP-003701,RTE-11,BUS-074,2025-10-23 00:00:00,2025-10-23 08:14:00
TRIP-003702,RTE-24,BUS-068,2025-03-09 12:00:00,2025-03-09 23:14:00
TRIP-003703,RTE-27,BUS-038,2025-08-09 12:00:00,2025-08-09 23:39:00
TRIP-003704,RTE-03,BUS-047,2025-03-09 12:00:00,2025-03-09 15:02:00
TRIP-003705,RTE-27,BUS-008,2025-02-09 00:00:00,2025-02-09 11:39:00
TRIP-003706,RTE-22,BUS-044,2025-06-23 12:00:00,2025-06-23 18:10:00
TRIP-003707,RTE-26,BUS-059,2025-05-23 06:00:00,2025-05-23 10:00:00
TRIP-003708,RTE-06,BUS-067,2025-07-09 12:00:00,2025-07-09 15:36:00
TRIP-003709,RTE-04,BUS-029,2025-04-09 00:00:00,2025-04-09 06:03:00
TRIP-003710,RTE-03,BUS-068,2025-01-23 00:00:00,2025-01-23 03:02:00
TRIP-003711,RTE-10,BUS-078,2025-01-08 18:00:00,2025-01-09 02:41:00
TRIP-003712,RTE-11,BUS-033,2025-01-09 06:00:00,2025-01-09 14:14:00
TRIP-003713,RTE-29,BUS-053,2025-05-22 12:00:00,2025-05-22 22:43:00
TRIP-003714,RTE-02,BUS-033,2025-11-23 00:00:00,2025-11-23 02:46:00
TRIP-003715,RTE-11,BUS-023,2025-08-08 06:00:00,2025-08-08 14:14:00
TRIP-003716,RTE-10,BUS-039,2025-05-08 12:00:00,2025-05-08 20:41:00
TRIP-003717,RTE-11,BUS-001,2025-05-09 00:00:00,2025-05-09 08:14:00
TRIP-003718,RTE-12,BUS-010,2025-05-09 12:00:00,2025-05-09 16:27:00
TRIP-003719,RTE-10,BUS-077,2025-09-22 06:00:00,2025-09-22 14:41:00
TRIP-003720,RTE-25,BUS-067,2025-05-09 00:00:00,2025-05-09 09:38:00
TRIP-003721,RTE-30,BUS-004,2025-04-23 12:00:00,2025-04-24 00:25:00
TRIP-003722,RTE-20,BUS-043,2025-04-08 06:00:00,2025-04-08 12:10:00
TRIP-003723,RTE-07,BUS-056,2025-06-09 12:00:00,2025-06-09 21:42:00
TRIP-003724,RTE-28,BUS-028,2025-06-08 06:00:00,2025-06-08 14:59:00
TRIP-003725,RTE-27,BUS-054,2025-01-23 06:00:00,2025-01-23 17:39:00
TRIP-003726,RTE-18,BUS-063,2025-06-23 12:00:00,2025-06-23 21:00:00
TRIP-003727,RTE-29,BUS-023,2025-10-09 12:00:00,2025-10-09 22:43:00
TRIP-003728,RTE-25,BUS-060,2025-08-23 00:00:00,2025-08-23 09:38:00
TRIP-003729,RTE-15,BUS-047,2025-08-08 12:00:00,2025-08-08 17:11:00
TRIP-003730,RTE-20,BUS-067,2025-01-22 12:00:00,2025-01-22 18:10:00
TRIP-003731,RTE-30,BUS-037,2025-02-09 12:00:00,2025-02-10 00:25:00
TRIP-003732,RTE-12,BUS-013,2025-05-23 12:00:00,2025-05-23 16:27:00
TRIP-003733,RTE-25,BUS-034,2025-04-09 12:00:00,2025-04-09 21:38:00
TRIP-003734,RTE-28,BUS-039,2025-08-22 06:00:00,2025-08-22 14:59:00
TRIP-003735,RTE-21,BUS-073,2025-09-23 00:00:00,2025-09-23 08:11:00
TRIP-003736,RTE-09,BUS-072,2025-10-23 12:00:00,2025-10-23 19:49:00
TRIP-003737,RTE-25,BUS-062,2025-08-23 18:00:00,2025-08-24 03:38:00
TRIP-003738,RTE-06,BUS-007,2025-10-23 06:00:00,2025-10-23 09:36:00
TRIP-003739,RTE-07,BUS-042,2025-10-23 12:00:00,2025-10-23 21:42:00
TRIP-003740,RTE-16,BUS-034,2025-04-22 06:00:00,2025-04-22 13:34:00
TRIP-003741,RTE-29,BUS-048,2025-07-08 06:00:00,2025-07-08 16:43:00
TRIP-003742,RTE-03,BUS-065,2025-07-09 06:00:00,2025-07-09 09:02:00
TRIP-003743,RTE-29,BUS-080,2025-04-23 06:00:00,2025-04-23 16:43:00
TRIP-003744,RTE-05,BUS-080,2025-02-09 06:00:00,2025-02-09 18:23:00
TRIP-003745,RTE-16,BUS-029,2025-10-09 06:00:00,2025-10-09 13:34:00
TRIP-003746,RTE-09,BUS-044,2025-01-09 00:00:00,2025-01-09 07:49:00
TRIP-003747,RTE-10,BUS-049,2025-01-09 12:00:00,2025-01-09 20:41:00
TRIP-003748,RTE-10,BUS-064,2025-01-23 06:00:00,2025-01-23 14:41:00
TRIP-003749,RTE-07,BUS-042,2025-11-09 12:00:00,2025-11-09 21:42:00
TRIP-003750,RTE-27,BUS-072,2025-06-09 06:00:00,2025-06-09 17:39:00
TRIP-003751,RTE-29,BUS-042,2025-01-23 06:00:00,2025-01-23 16:43:00
TRIP-003752,RTE-29,BUS-020,2025-07-23 18:00:00,2025-07-24 04:43:00
TRIP-003753,RTE-28,BUS-044,2025-05-08 06:00:00,2025-05-08 14:59:00
TRIP-003754,RTE-29,BUS-044,2025-01-22 12:00:00,2025-01-22 22:43:00
TRIP-003755,RTE-28,BUS-038,2025-11-22 18:00:00,2025-11-23 02:59:00
TRIP-003756,RTE-27,BUS-044,2025-08-23 00:00:00,2025-08-23 11:39:00
TRIP-003757,RTE-14,BUS-002,2025-03-22 06:00:00,2025-03-22 18:02:00
TRIP-003758,RTE-16,BUS-038,2025-05-23 06:00:00,2025-05-23 13:34:00
TRIP-003759,RTE-15,BUS-057,2025-04-23 18:00:00,2025-04-23 23:11:00
TRIP-003760,RTE-27,BUS-004,2025-01-23 00:00:00,2025-01-23 11:39:00
TRIP-003761,RTE-08,BUS-029,2025-05-09 12:00:00,2025-05-09 18:05:00
TRIP-003762,RTE-05,BUS-061,2025-02-08 18:00:00,2025-02-09 06:23:00
TRIP-003763,RTE-06,BUS-063,2025-02-09 06:00:00,2025-02-09 09:36:00
TRIP-003764,RTE-14,BUS-037,2025-09-23 12:00:00,2025-09-24 00:02:00
TRIP-003765,RTE-23,BUS-050,2025-01-22 12:00:00,2025-01-22 19:32:00
TRIP-003766,RTE-06,BUS-010,2025-10-09 06:00:00,2025-10-09 09:36:00
TRIP-003767,RTE-28,BUS-029,2025-06-09 12:00:00,2025-06-09 20:59:00
TRIP-003768,RTE-06,BUS-063,2025-12-23 12:00:00,2025-12-23 15:36:00
TRIP-003769,RTE-04,BUS-070,2025-02-23 06:00:00,2025-02-23 12:03:00
TRIP-003770,RTE-18,BUS-040,2025-08-23 06:00:00,2025-08-23 15:00:00
TRIP-003771,RTE-26,BUS-010,2025-02-23 06:00:00,2025-02-23 10:00:00
TRIP-003772,RTE-11,BUS-004,2025-03-09 00:00:00,2025-03-09 08:14:00
TRIP-003773,RTE-12,BUS-078,2025-03-09 12:00:00,2025-03-09 16:27:00
TRIP-003774,RTE-02,BUS-028,2025-05-09 00:00:00,2025-05-09 02:46:00
TRIP-003775,RTE-28,BUS-059,2025-04-08 06:00:00,2025-04-08 14:59:00
TRIP-003776,RTE-01,BUS-080,2025-05-09 12:00:00,2025-05-09 19:44:00
TRIP-003777,RTE-22,BUS-062,2025-10-09 12:00:00,2025-10-09 18:10:00
TRIP-003778,RTE-08,BUS-013,2025-12-09 12:00:00,2025-12-09 18:05:00
TRIP-003779,RTE-01,BUS-014,2025-01-09 06:00:00,2025-01-09 13:44:00
TRIP-003780,RTE-24,BUS-014,2025-02-09 06:00:00,2025-02-09 17:14:00
TRIP-003781,RTE-25,BUS-050,2025-02-09 18:00:00,2025-02-10 03:38:00
TRIP-003782,RTE-27,BUS-043,2025-10-08 06:00:00,2025-10-08 17:39:00
TRIP-003783,RTE-19,BUS-007,2025-01-09 12:00:00,2025-01-09 15:11:00
TRIP-003784,RTE-25,BUS-028,2025-11-23 18:00:00,2025-11-24 03:38:00
TRIP-003785,RTE-27,BUS-005,2025-04-09 12:00:00,2025-04-09 23:39:00
TRIP-003786,RTE-15,BUS-060,2025-04-09 12:00:00,2025-04-09 17:11:00
TRIP-003787,RTE-25,BUS-079,2025-09-22 12:00:00,2025-09-22 21:38:00
TRIP-003788,RTE-01,BUS-025,2025-09-23 00:00:00,2025-09-23 07:44:00
TRIP-003789,RTE-02,BUS-063,2025-09-23 12:00:00,2025-09-23 14:46:00
TRIP-003790,RTE-01,BUS-045,2025-08-23 18:00:00,2025-08-24 01:44:00
TRIP-003791,RTE-24,BUS-075,2025-11-09 12:00:00,2025-11-09 23:14:00
TRIP-003792,RTE-10,BUS-061,2025-08-23 12:00:00,2025-08-23 20:41:00
TRIP-003793,RTE-28,BUS-007,2025-05-08 12:00:00,2025-05-08 20:59:00
TRIP-003794,RTE-23,BUS-063,2025-11-09 12:00:00,2025-11-09 19:32:00
TRIP-003795,RTE-30,BUS-020,2025-07-09 18:00:00,2025-07-10 06:25:00
TRIP-003796,RTE-30,BUS-004,2025-03-08 18:00:00,2025-03-09 06:25:00
TRIP-003797,RTE-01,BUS-016,2025-11-22 18:00:00,2025-11-23 01:44:00
TRIP-003798,RTE-16,BUS-028,2025-01-23 00:00:00,2025-01-23 07:34:00
TRIP-003799,RTE-10,BUS-019,2025-01-22 12:00:00,2025-01-22 20:41:00
TRIP-003800,RTE-11,BUS-011,2025-01-23 00:00:00,2025-01-23 08:14:00
TRIP-003801,RTE-18,BUS-075,2025-01-08 06:00:00,2025-01-08 15:00:00
TRIP-003802,RTE-15,BUS-013,2025-08-23 12:00:00,2025-08-23 17:11:00
TRIP-003803,RTE-29,BUS-018,2025-03-23 12:00:00,2025-03-23 22:43:00
TRIP-003804,RTE-08,BUS-054,2025-04-23 12:00:00,2025-04-23 18:05:00
TRIP-003805,RTE-27,BUS-011,2025-03-09 06:00:00,2025-03-09 17:39:00
TRIP-003806,RTE-01,BUS-059,2025-10-08 18:00:00,2025-10-09 01:44:00
TRIP-003807,RTE-02,BUS-039,2025-10-09 06:00:00,2025-10-09 08:46:00
TRIP-003808,RTE-03,BUS-080,2025-10-09 12:00:00,2025-10-09 15:02:00
TRIP-003809,RTE-20,BUS-072,2025-04-22 06:00:00,2025-04-22 12:10:00
TRIP-003810,RTE-24,BUS-039,2025-10-08 12:00:00,2025-10-08 23:14:00
TRIP-003811,RTE-26,BUS-048,2025-10-09 12:00:00,2025-10-09 16:00:00
TRIP-003812,RTE-16,BUS-063,2025-05-09 12:00:00,2025-05-09 19:34:00
TRIP-003813,RTE-21,BUS-021,2025-05-23 12:00:00,2025-05-23 20:11:00
TRIP-003814,RTE-21,BUS-078,2025-03-09 06:00:00,2025-03-09 14:11:00
TRIP-003815,RTE-12,BUS-041,2025-06-09 12:00:00,2025-06-09 16:27:00
TRIP-003816,RTE-30,BUS-036,2025-08-23 12:00:00,2025-08-24 00:25:00
TRIP-003817,RTE-04,BUS-071,2025-04-09 06:00:00,2025-04-09 12:03:00
TRIP-003818,RTE-20,BUS-074,2025-02-09 12:00:00,2025-02-09 18:10:00
TRIP-003819,RTE-21,BUS-064,2025-05-09 00:00:00,2025-05-09 08:11:00
TRIP-003820,RTE-03,BUS-057,2025-05-09 06:00:00,2025-05-09 09:02:00
TRIP-003821,RTE-08,BUS-031,2025-02-23 06:00:00,2025-02-23 12:05:00
TRIP-003822,RTE-03,BUS-062,2025-05-23 00:00:00,2025-05-23 03:02:00
TRIP-003823,RTE-15,BUS-032,2025-08-22 12:00:00,2025-08-22 17:11:00
TRIP-003824,RTE-06,BUS-054,2025-12-09 12:00:00,2025-12-09 15:36:00
TRIP-003825,RTE-01,BUS-052,2025-11-09 18:00:00,2025-11-10 01:44:00
TRIP-003826,RTE-28,BUS-014,2025-02-08 06:00:00,2025-02-08 14:59:00
TRIP-003827,RTE-05,BUS-030,2025-03-09 06:00:00,2025-03-09 18:23:00
TRIP-003828,RTE-27,BUS-073,2025-07-09 06:00:00,2025-07-09 17:39:00
TRIP-003829,RTE-30,BUS-021,2025-09-09 00:00:00,2025-09-09 12:25:00
TRIP-003830,RTE-06,BUS-054,2025-10-09 00:00:00,2025-10-09 03:36:00
TRIP-003831,RTE-15,BUS-060,2025-02-23 18:00:00,2025-02-23 23:11:00
TRIP-003832,RTE-06,BUS-004,2025-03-23 00:00:00,2025-03-23 03:36:00
TRIP-003833,RTE-16,BUS-059,2025-11-23 00:00:00,2025-11-23 07:34:00
TRIP-003834,RTE-01,BUS-017,2025-02-22 12:00:00,2025-02-22 19:44:00
TRIP-003835,RTE-02,BUS-001,2025-02-23 00:00:00,2025-02-23 02:46:00
TRIP-003836,RTE-03,BUS-072,2025-02-23 06:00:00,2025-02-23 09:02:00
TRIP-003837,RTE-30,BUS-030,2025-05-23 00:00:00,2025-05-23 12:25:00
TRIP-003838,RTE-13,BUS-033,2025-01-08 06:00:00,2025-01-08 12:37:00
TRIP-003839,RTE-30,BUS-018,2025-07-09 06:00:00,2025-07-09 18:25:00
TRIP-003840,RTE-28,BUS-031,2025-11-23 06:00:00,2025-11-23 14:59:00
TRIP-003841,RTE-30,BUS-014,2025-09-22 18:00:00,2025-09-23 06:25:00
TRIP-003842,RTE-20,BUS-074,2025-09-09 18:00:00,2025-09-10 00:10:00
TRIP-003843,RTE-26,BUS-033,2025-08-09 18:00:00,2025-08-09 22:00:00
TRIP-003844,RTE-06,BUS-016,2025-02-09 12:00:00,2025-02-09 15:36:00
TRIP-003845,RTE-13,BUS-072,2025-02-09 00:00:00,2025-02-09 06:37:00
TRIP-003846,RTE-29,BUS-080,2025-05-08 12:00:00,2025-05-08 22:43:00
TRIP-003847,RTE-29,BUS-023,2025-09-09 00:00:00,2025-09-09 10:43:00
TRIP-003848,RTE-02,BUS-011,2025-11-23 06:00:00,2025-11-23 08:46:00
TRIP-003849,RTE-26,BUS-009,2025-04-09 12:00:00,2025-04-09 16:00:00
TRIP-003850,RTE-26,BUS-020,2025-08-22 06:00:00,2025-08-22 10:00:00
TRIP-003851,RTE-01,BUS-076,2025-06-23 00:00:00,2025-06-23 07:44:00
TRIP-003852,RTE-02,BUS-065,2025-06-23 12:00:00,2025-06-23 14:46:00
TRIP-003853,RTE-14,BUS-070,2025-09-09 00:00:00,2025-09-09 12:02:00
TRIP-003854,RTE-02,BUS-008,2025-08-09 06:00:00,2025-08-09 08:46:00
TRIP-003855,RTE-03,BUS-005,2025-08-09 12:00:00,2025-08-09 15:02:00
TRIP-003856,RTE-01,BUS-004,2025-04-23 18:00:00,2025-04-24 01:44:00
TRIP-003857,RTE-15,BUS-016,2025-06-09 12:00:00,2025-06-09 17:11:00
TRIP-003858,RTE-27,BUS-069,2025-08-22 12:00:00,2025-08-22 23:39:00
TRIP-003859,RTE-29,BUS-064,2025-04-09 12:00:00,2025-04-09 22:43:00
TRIP-003860,RTE-08,BUS-025,2025-05-08 06:00:00,2025-05-08 12:05:00
TRIP-003861,RTE-23,BUS-040,2025-05-23 00:00:00,2025-05-23 07:32:00
TRIP-003862,RTE-09,BUS-058,2025-05-09 12:00:00,2025-05-09 19:49:00
TRIP-003863,RTE-06,BUS-021,2025-01-08 18:00:00,2025-01-08 21:36:00
TRIP-003864,RTE-07,BUS-049,2025-01-09 00:00:00,2025-01-09 09:42:00
TRIP-003865,RTE-02,BUS-052,2025-01-09 00:00:00,2025-01-09 02:46:00
TRIP-003866,RTE-03,BUS-009,2025-01-09 06:00:00,2025-01-09 09:02:00
TRIP-003867,RTE-30,BUS-079,2025-11-09 12:00:00,2025-11-10 00:25:00
TRIP-003868,RTE-28,BUS-002,2025-03-22 12:00:00,2025-03-22 20:59:00
TRIP-003869,RTE-03,BUS-043,2025-05-09 12:00:00,2025-05-09 15:02:00
TRIP-003870,RTE-25,BUS-031,2025-04-23 00:00:00,2025-04-23 09:38:00
TRIP-003871,RTE-20,BUS-014,2025-04-08 12:00:00,2025-04-08 18:10:00
TRIP-003872,RTE-26,BUS-022,2025-04-08 06:00:00,2025-04-08 10:00:00
TRIP-003873,RTE-29,BUS-031,2025-11-09 12:00:00,2025-11-09 22:43:00
TRIP-003874,RTE-25,BUS-061,2025-02-23 18:00:00,2025-02-24 03:38:00
TRIP-003875,RTE-08,BUS-047,2025-01-23 12:00:00,2025-01-23 18:05:00
TRIP-003876,RTE-01,BUS-075,2025-07-23 12:00:00,2025-07-23 19:44:00
TRIP-003877,RTE-27,BUS-058,2025-11-22 06:00:00,2025-11-22 17:39:00
TRIP-003878,RTE-16,BUS-011,2025-11-09 12:00:00,2025-11-09 19:34:00
TRIP-003879,RTE-08,BUS-070,2025-08-23 12:00:00,2025-08-23 18:05:00
TRIP-003880,RTE-11,BUS-037,2025-01-09 18:00:00,2025-01-10 02:14:00
TRIP-003881,RTE-15,BUS-080,2025-03-22 18:00:00,2025-03-22 23:11:00
TRIP-003882,RTE-17,BUS-013,2025-12-23 12:00:00,2025-12-23 14:39:00
TRIP-003883,RTE-06,BUS-032,2025-10-09 12:00:00,2025-10-09 15:36:00
TRIP-003884,RTE-06,BUS-073,2025-09-23 06:00:00,2025-09-23 09:36:00
TRIP-003885,RTE-20,BUS-042,2025-06-23 18:00:00,2025-06-24 00:10:00
TRIP-003886,RTE-25,BUS-022,2025-03-23 18:00:00,2025-03-24 03:38:00
TRIP-003887,RTE-29,BUS-071,2025-01-23 00:00:00,2025-01-23 10:43:00
TRIP-003888,RTE-20,BUS-054,2025-01-23 12:00:00,2025-01-23 18:10:00
TRIP-003889,RTE-29,BUS-026,2025-12-24 00:00:00,2025-12-24 10:43:00
TRIP-003890,RTE-01,BUS-045,2025-11-23 06:00:00,2025-11-23 13:44:00
TRIP-003891,RTE-02,BUS-066,2025-11-23 18:00:00,2025-11-23 20:46:00
TRIP-003892,RTE-28,BUS-069,2025-04-08 18:00:00,2025-04-09 02:59:00
TRIP-003893,RTE-22,BUS-041,2025-08-09 06:00:00,2025-08-09 12:10:00
TRIP-003894,RTE-23,BUS-041,2025-08-09 12:00:00,2025-08-09 19:32:00
TRIP-003895,RTE-01,BUS-054,2025-01-09 12:00:00,2025-01-09 19:44:00
TRIP-003896,RTE-30,BUS-068,2025-01-09 00:00:00,2025-01-09 12:25:00
TRIP-003897,RTE-05,BUS-018,2025-11-09 06:00:00,2025-11-09 18:23:00
TRIP-003898,RTE-05,BUS-023,2025-04-09 12:00:00,2025-04-10 00:23:00
TRIP-003899,RTE-07,BUS-047,2025-04-22 06:00:00,2025-04-22 15:42:00
TRIP-003900,RTE-19,BUS-030,2025-04-23 12:00:00,2025-04-23 15:11:00
TRIP-003901,RTE-27,BUS-011,2025-05-23 00:00:00,2025-05-23 11:39:00
TRIP-003902,RTE-28,BUS-054,2025-09-22 06:00:00,2025-09-22 14:59:00
TRIP-003903,RTE-15,BUS-050,2025-10-09 06:00:00,2025-10-09 11:11:00
TRIP-003904,RTE-26,BUS-025,2025-01-09 18:00:00,2025-01-09 22:00:00
TRIP-003905,RTE-17,BUS-014,2025-02-09 00:00:00,2025-02-09 02:39:00
TRIP-003906,RTE-18,BUS-061,2025-02-09 06:00:00,2025-02-09 15:00:00
TRIP-003907,RTE-02,BUS-043,2025-11-09 06:00:00,2025-11-09 08:46:00
TRIP-003908,RTE-19,BUS-007,2025-03-08 12:00:00,2025-03-08 15:11:00
TRIP-003909,RTE-29,BUS-077,2025-08-22 18:00:00,2025-08-23 04:43:00
TRIP-003910,RTE-15,BUS-064,2025-09-09 18:00:00,2025-09-09 23:11:00
TRIP-003911,RTE-01,BUS-045,2025-03-09 06:00:00,2025-03-09 13:44:00
TRIP-003912,RTE-29,BUS-036,2025-10-09 18:00:00,2025-10-10 04:43:00
TRIP-003913,RTE-30,BUS-077,2025-10-22 06:00:00,2025-10-22 18:25:00
TRIP-003914,RTE-18,BUS-078,2025-06-23 06:00:00,2025-06-23 15:00:00
TRIP-003915,RTE-12,BUS-039,2025-01-23 12:00:00,2025-01-23 16:27:00
TRIP-003916,RTE-05,BUS-060,2025-01-23 12:00:00,2025-01-24 00:23:00
TRIP-003917,RTE-13,BUS-029,2025-04-09 06:00:00,2025-04-09 12:37:00
TRIP-003918,RTE-24,BUS-077,2025-01-23 00:00:00,2025-01-23 11:14:00
TRIP-003919,RTE-20,BUS-070,2025-09-23 18:00:00,2025-09-24 00:10:00
TRIP-003920,RTE-17,BUS-070,2025-08-09 12:00:00,2025-08-09 14:39:00
TRIP-003921,RTE-29,BUS-043,2025-10-09 00:00:00,2025-10-09 10:43:00
TRIP-003922,RTE-20,BUS-066,2025-10-09 12:00:00,2025-10-09 18:10:00
TRIP-003923,RTE-07,BUS-004,2025-05-23 06:00:00,2025-05-23 15:42:00
TRIP-003924,RTE-25,BUS-007,2025-10-23 12:00:00,2025-10-23 21:38:00
TRIP-003925,RTE-23,BUS-007,2025-03-23 06:00:00,2025-03-23 13:32:00
TRIP-003926,RTE-11,BUS-041,2025-01-23 18:00:00,2025-01-24 02:14:00
TRIP-003927,RTE-12,BUS-029,2025-07-09 12:00:00,2025-07-09 16:27:00
TRIP-003928,RTE-02,BUS-024,2025-06-10 00:00:00,2025-06-10 02:46:00
TRIP-003929,RTE-20,BUS-023,2025-01-08 06:00:00,2025-01-08 12:10:00
TRIP-003930,RTE-20,BUS-078,2025-05-22 18:00:00,2025-05-23 00:10:00
TRIP-003931,RTE-09,BUS-006,2025-02-09 06:00:00,2025-02-09 13:49:00
TRIP-003932,RTE-06,BUS-078,2025-01-23 12:00:00,2025-01-23 15:36:00
TRIP-003933,RTE-03,BUS-059,2025-09-23 12:00:00,2025-09-23 15:02:00
TRIP-003934,RTE-11,BUS-010,2025-07-23 18:00:00,2025-07-24 02:14:00
TRIP-003935,RTE-30,BUS-054,2025-08-22 06:00:00,2025-08-22 18:25:00
TRIP-003936,RTE-27,BUS-026,2025-04-09 00:00:00,2025-04-09 11:39:00
TRIP-003937,RTE-20,BUS-061,2025-03-23 06:00:00,2025-03-23 12:10:00
TRIP-003938,RTE-03,BUS-049,2025-08-23 00:00:00,2025-08-23 03:02:00
TRIP-003939,RTE-03,BUS-072,2025-05-23 06:00:00,2025-05-23 09:02:00
TRIP-003940,RTE-12,BUS-045,2025-11-22 06:00:00,2025-11-22 10:27:00
TRIP-003941,RTE-08,BUS-008,2025-03-23 12:00:00,2025-03-23 18:05:00
TRIP-003942,RTE-25,BUS-044,2025-04-23 18:00:00,2025-04-24 03:38:00
TRIP-003943,RTE-05,BUS-060,2025-07-23 12:00:00,2025-07-24 00:23:00
TRIP-003944,RTE-13,BUS-056,2025-10-23 12:00:00,2025-10-23 18:37:00
TRIP-003945,RTE-26,BUS-023,2025-04-23 18:00:00,2025-04-23 22:00:00
TRIP-003946,RTE-02,BUS-013,2025-07-09 12:00:00,2025-07-09 14:46:00
TRIP-003947,RTE-16,BUS-053,2025-02-09 06:00:00,2025-02-09 13:34:00
TRIP-003948,RTE-27,BUS-061,2025-09-23 06:00:00,2025-09-23 17:39:00
TRIP-003949,RTE-10,BUS-022,2025-10-22 18:00:00,2025-10-23 02:41:00
TRIP-003950,RTE-30,BUS-047,2025-12-23 12:00:00,2025-12-24 00:25:00
TRIP-003951,RTE-24,BUS-008,2025-01-09 12:00:00,2025-01-09 23:14:00
TRIP-003952,RTE-11,BUS-061,2025-01-09 12:00:00,2025-01-09 20:14:00
TRIP-003953,RTE-18,BUS-049,2025-12-09 06:00:00,2025-12-09 15:00:00
TRIP-003954,RTE-30,BUS-007,2025-07-23 18:00:00,2025-07-24 06:25:00
TRIP-003955,RTE-10,BUS-034,2025-02-23 12:00:00,2025-02-23 20:41:00
TRIP-003956,RTE-26,BUS-041,2025-10-22 12:00:00,2025-10-22 16:00:00
TRIP-003957,RTE-19,BUS-080,2025-02-23 06:00:00,2025-02-23 09:11:00
TRIP-003958,RTE-15,BUS-031,2025-09-23 18:00:00,2025-09-23 23:11:00
TRIP-003959,RTE-30,BUS-065,2025-12-09 12:00:00,2025-12-10 00:25:00
TRIP-003960,RTE-14,BUS-043,2025-11-09 12:00:00,2025-11-10 00:02:00
TRIP-003961,RTE-20,BUS-002,2025-09-09 00:00:00,2025-09-09 06:10:00
TRIP-003962,RTE-21,BUS-018,2025-09-09 06:00:00,2025-09-09 14:11:00
TRIP-003963,RTE-29,BUS-080,2025-05-09 06:00:00,2025-05-09 16:43:00
TRIP-003964,RTE-20,BUS-033,2025-05-09 18:00:00,2025-05-10 00:10:00
TRIP-003965,RTE-20,BUS-007,2025-01-09 12:00:00,2025-01-09 18:10:00
TRIP-003966,RTE-26,BUS-044,2025-10-23 12:00:00,2025-10-23 16:00:00
TRIP-003967,RTE-05,BUS-054,2025-06-09 06:00:00,2025-06-09 18:23:00
TRIP-003968,RTE-24,BUS-001,2025-12-23 12:00:00,2025-12-23 23:14:00
TRIP-003969,RTE-25,BUS-076,2025-12-24 00:00:00,2025-12-24 09:38:00
TRIP-003970,RTE-15,BUS-062,2025-06-23 18:00:00,2025-06-23 23:11:00
TRIP-003971,RTE-05,BUS-073,2025-08-09 12:00:00,2025-08-10 00:23:00
TRIP-003972,RTE-05,BUS-062,2025-04-09 06:00:00,2025-04-09 18:23:00
TRIP-003973,RTE-17,BUS-062,2025-06-09 12:00:00,2025-06-09 14:39:00
TRIP-003974,RTE-06,BUS-011,2025-09-23 12:00:00,2025-09-23 15:36:00
TRIP-003975,RTE-20,BUS-005,2025-11-22 06:00:00,2025-11-22 12:10:00
TRIP-003976,RTE-01,BUS-019,2025-11-08 12:00:00,2025-11-08 19:44:00
TRIP-003977,RTE-02,BUS-059,2025-11-09 00:00:00,2025-11-09 02:46:00
TRIP-003978,RTE-03,BUS-052,2025-11-09 06:00:00,2025-11-09 09:02:00
TRIP-003979,RTE-29,BUS-011,2025-09-23 12:00:00,2025-09-23 22:43:00
TRIP-003980,RTE-25,BUS-059,2025-09-08 06:00:00,2025-09-08 15:38:00
TRIP-003981,RTE-28,BUS-080,2025-07-23 18:00:00,2025-07-24 02:59:00
TRIP-003982,RTE-01,BUS-023,2025-08-23 12:00:00,2025-08-23 19:44:00
TRIP-003983,RTE-17,BUS-050,2025-07-09 12:00:00,2025-07-09 14:39:00
TRIP-003984,RTE-10,BUS-041,2025-04-09 12:00:00,2025-04-09 20:41:00
TRIP-003985,RTE-29,BUS-001,2025-05-22 06:00:00,2025-05-22 16:43:00
TRIP-003986,RTE-28,BUS-053,2025-03-22 18:00:00,2025-03-23 02:59:00
TRIP-003987,RTE-14,BUS-071,2025-09-09 12:00:00,2025-09-10 00:02:00
TRIP-003988,RTE-28,BUS-038,2025-02-09 06:00:00,2025-02-09 14:59:00
TRIP-003989,RTE-10,BUS-045,2025-04-08 06:00:00,2025-04-08 14:41:00
TRIP-003990,RTE-28,BUS-075,2025-10-23 12:00:00,2025-10-23 20:59:00
TRIP-003991,RTE-13,BUS-048,2025-02-09 12:00:00,2025-02-09 18:37:00
TRIP-003992,RTE-11,BUS-020,2025-04-23 00:00:00,2025-04-23 08:14:00
TRIP-003993,RTE-12,BUS-060,2025-04-23 12:00:00,2025-04-23 16:27:00
TRIP-003994,RTE-14,BUS-057,2025-11-22 12:00:00,2025-11-23 00:02:00
TRIP-003995,RTE-27,BUS-030,2025-05-08 06:00:00,2025-05-08 17:39:00
TRIP-003996,RTE-20,BUS-039,2025-05-08 06:00:00,2025-05-08 12:10:00
TRIP-003997,RTE-20,BUS-017,2025-08-22 12:00:00,2025-08-22 18:10:00
TRIP-003998,RTE-10,BUS-047,2025-09-08 12:00:00,2025-09-08 20:41:00
TRIP-003999,RTE-12,BUS-036,2025-02-09 18:00:00,2025-02-09 22:27:00
TRIP-004000,RTE-13,BUS-014,2025-12-09 12:00:00,2025-12-09 18:37:00
TRIP-004001,RTE-22,BUS-019,2025-07-09 12:00:00,2025-07-09 18:10:00
TRIP-004002,RTE-24,BUS-037,2025-06-09 12:00:00,2025-06-09 23:14:00
TRIP-004003,RTE-01,BUS-047,2025-11-22 06:00:00,2025-11-22 13:44:00
TRIP-004004,RTE-05,BUS-061,2025-10-23 06:00:00,2025-10-23 18:23:00
TRIP-004005,RTE-16,BUS-020,2025-03-23 12:00:00,2025-03-23 19:34:00
TRIP-004006,RTE-26,BUS-069,2025-08-23 18:00:00,2025-08-23 22:00:00
TRIP-004007,RTE-26,BUS-041,2025-08-09 00:00:00,2025-08-09 04:00:00
TRIP-004008,RTE-12,BUS-070,2025-01-09 18:00:00,2025-01-09 22:27:00
TRIP-004009,RTE-29,BUS-021,2025-03-22 12:00:00,2025-03-22 22:43:00
TRIP-004010,RTE-04,BUS-074,2025-09-23 06:00:00,2025-09-23 12:03:00
TRIP-004011,RTE-01,BUS-009,2025-10-23 12:00:00,2025-10-23 19:44:00
TRIP-004012,RTE-21,BUS-009,2025-07-09 12:00:00,2025-07-09 20:11:00
TRIP-004013,RTE-08,BUS-026,2025-10-23 12:00:00,2025-10-23 18:05:00
TRIP-004014,RTE-14,BUS-068,2025-10-08 12:00:00,2025-10-09 00:02:00
TRIP-004015,RTE-16,BUS-076,2025-09-09 00:00:00,2025-09-09 07:34:00
TRIP-004016,RTE-15,BUS-035,2025-08-23 18:00:00,2025-08-23 23:11:00
TRIP-004017,RTE-11,BUS-071,2025-11-09 18:00:00,2025-11-10 02:14:00
TRIP-004018,RTE-03,BUS-062,2025-05-09 00:00:00,2025-05-09 03:02:00
