trip_id,actual_departure_ts,actual_arrival_ts,departure_delay_minutes,arrival_delay_minutes,disruption_reason,severity_level
TRIP-000001,2025-03-22 06:09:00,2025-03-22 13:49:00,9,0,,
TRIP-000002,2025-03-22 18:00:00,2025-03-23 02:41:00,0,0,,
TRIP-000003,2025-12-08 06:00:00,2025-12-08 10:12:00,0,36,,
TRIP-000004,2025-12-08 12:32:00,2025-12-08 22:06:00,32,24,,
TRIP-000005,2025-02-08 18:28:00,2025-02-09 01:54:00,28,20,,
TRIP-000006,2025-02-09 06:19:00,2025-02-09 08:57:00,19,18,,
TRIP-000007,2025-02-09 12:05:00,2025-02-09 21:00:00,5,0,,
TRIP-000008,2025-12-08 06:02:00,2025-12-08 17:19:00,2,5,,
TRIP-000009,2025-12-08 18:29:00,2025-12-09 04:22:00,29,44,,
TRIP-000010,2025-06-08 06:00:00,2025-06-08 15:38:00,0,0,,
TRIP-000011,2025-10-08 12:00:00,2025-10-08 18:14:00,0,11,,
TRIP-000012,2025-06-08 12:08:00,2025-06-08 21:06:00,8,6,,
TRIP-000013,2025-06-09 00:46:00,2025-06-09 04:10:00,46,59,,
TRIP-000014,2025-04-08 12:11:00,2025-04-08 19:57:00,11,23,,
TRIP-000015,2025-04-09 00:26:00,2025-04-09 03:09:00,26,30,,
TRIP-000016,2025-05-22 06:28:00,2025-05-22 14:43:00,28,29,,
TRIP-000017,2025-05-22 18:19:00,2025-05-22 22:52:00,19,25,,
TRIP-000018,2025-05-23 00:03:00,2025-05-23 06:42:00,3,5,,
TRIP-000019,2025-04-08 06:10:00,2025-04-08 18:36:00,10,34,,
TRIP-000020,2025-04-08 18:26:00,2025-04-08 23:53:00,26,42,,
TRIP-000021,2025-04-09 00:00:00,2025-04-09 07:52:00,0,18,,
TRIP-000022,2025-06-08 18:46:00,2025-06-08 22:21:00,46,45,,
TRIP-000023,2025-06-09 00:00:00,2025-06-09 09:42:00,0,0,,
TRIP-000024,2025-06-09 12:00:00,2025-06-09 18:05:00,0,0,,
TRIP-000025,2025-10-08 18:15:00,2025-10-08 21:11:00,15,0,,
TRIP-000026,2025-10-09 00:00:00,2025-10-09 06:25:00,0,15,,
TRIP-000027,2025-10-09 06:00:00,2025-10-09 14:17:00,0,6,,
TRIP-000028,2025-07-08 12:02:00,2025-07-08 21:29:00,2,29,,
TRIP-000029,2025-07-09 00:22:00,2025-07-09 03:29:00,22,18,,
TRIP-000030,2025-10-08 06:00:00,2025-10-08 10:00:00,0,0,,
TRIP-000031,2025-10-08 12:00:00,2025-10-09 00:43:00,0,20,,
TRIP-000032,2025-12-22 18:39:00,2025-12-22 22:08:00,39,66,,
TRIP-000033,2025-06-22 12:15:00,2025-06-22 21:53:00,15,11,,
TRIP-000034,2025-06-23 00:12:00,2025-06-23 06:07:00,12,2,,
TRIP-000035,2025-07-22 18:11:00,2025-07-23 01:40:00,11,6,,
TRIP-000036,2025-07-23 06:12:00,2025-07-23 08:44:00,12,5,,
TRIP-000037,2025-02-22 12:20:00,2025-02-22 21:26:00,20,45,,
TRIP-000038,2025-06-08 18:05:00,2025-06-09 00:10:00,5,0,,
TRIP-000039,2025-06-09 00:00:00,2025-06-09 08:37:00,0,26,,
TRIP-000040,2025-07-08 12:07:00,2025-07-08 18:42:00,7,32,,
TRIP-000041,2025-07-08 18:44:00,2025-07-09 03:21:00,44,70,,
TRIP-000042,2025-12-22 06:08:00,2025-12-22 09:45:00,8,9,,
TRIP-000043,2025-12-22 12:11:00,2025-12-22 22:27:00,11,45,,
TRIP-000044,2025-12-23 00:17:00,2025-12-23 07:20:00,17,75,,
TRIP-000045,2025-03-22 06:20:00,2025-03-22 09:46:00,20,10,,
TRIP-000046,2025-03-22 12:09:00,2025-03-22 21:42:00,9,0,,
TRIP-000047,2025-07-08 12:41:00,2025-07-08 20:50:00,41,76,,
TRIP-000048,2025-07-09 00:29:00,2025-07-09 03:30:00,29,51,,
TRIP-000049,2025-07-22 06:27:00,2025-07-22 10:09:00,27,58,,
TRIP-000050,2025-07-22 12:28:00,2025-07-23 00:25:00,28,0,,
TRIP-000051,2025-06-22 06:19:00,2025-06-22 12:11:00,19,1,,
TRIP-000052,2025-02-22 18:07:00,2025-02-23 00:03:00,7,0,,
TRIP-000053,2025-02-23 00:36:00,2025-02-23 12:48:00,36,25,,
TRIP-000054,2025-09-08 18:37:00,2025-09-09 03:08:00,37,57,,
TRIP-000055,2025-09-09 06:02:00,2025-09-09 12:34:00,2,24,,
TRIP-000056,2025-09-09 12:36:00,2025-09-09 20:39:00,36,67,,
TRIP-000057,2025-07-08 12:46:00,2025-07-09 01:25:00,46,83,,
TRIP-000058,2025-07-09 00:00:00,2025-07-09 10:50:00,0,7,,
TRIP-000059,2025-07-09 12:00:00,2025-07-09 18:32:00,0,22,,
TRIP-000060,2025-04-22 18:23:00,2025-04-23 01:02:00,23,25,,
TRIP-000061,2025-04-23 06:00:00,2025-04-23 18:42:00,0,40,,
TRIP-000062,2025-09-08 12:00:00,2025-09-08 20:11:00,0,0,,
TRIP-000063,2025-09-09 00:04:00,2025-09-09 06:10:00,4,0,,
TRIP-000064,2025-09-09 06:32:00,2025-09-09 13:37:00,32,5,,
TRIP-000065,2025-07-08 12:00:00,2025-07-08 15:11:00,0,25,,
TRIP-000066,2025-06-08 06:00:00,2025-06-08 14:11:00,0,0,,
TRIP-000067,2025-06-08 18:08:00,2025-06-09 00:20:00,8,10,,
TRIP-000068,2025-12-08 12:06:00,2025-12-08 17:12:00,6,1,,
TRIP-000069,2025-11-22 06:07:00,2025-11-22 09:36:00,7,0,,
TRIP-000070,2025-11-22 12:00:00,2025-11-22 22:01:00,0,19,,
TRIP-000071,2025-11-23 00:29:00,2025-11-23 08:36:00,29,151,Kerusakan Mesin,Medium
TRIP-000072,2025-02-08 06:06:00,2025-02-08 14:15:00,6,26,,
TRIP-000073,2025-02-08 18:00:00,2025-02-09 02:59:00,0,0,,
TRIP-000074,2025-02-09 06:17:00,2025-02-09 16:43:00,17,0,,
TRIP-000075,2025-10-08 18:20:00,2025-10-09 02:52:00,20,38,,
TRIP-000076,2025-10-09 06:15:00,2025-10-09 10:27:00,15,0,,
TRIP-000077,2025-02-22 12:00:00,2025-02-22 18:26:00,0,23,,
TRIP-000078,2025-01-08 18:18:00,2025-01-09 01:32:00,18,0,,
TRIP-000079,2025-01-09 06:15:00,2025-01-09 17:25:00,15,11,,
TRIP-000080,2025-04-22 12:00:00,2025-04-22 16:44:00,0,17,,
TRIP-000081,2025-11-22 12:08:00,2025-11-22 18:41:00,8,31,,
TRIP-000082,2025-11-22 18:23:00,2025-11-23 02:40:00,23,29,,
TRIP-000083,2025-06-08 12:00:00,2025-06-08 16:28:00,0,28,,
TRIP-000084,2025-06-08 18:43:00,2025-06-09 06:55:00,43,32,,
TRIP-000085,2025-12-22 18:10:00,2025-12-23 03:52:00,10,10,,
TRIP-000086,2025-12-23 06:14:00,2025-12-23 12:25:00,14,20,,
TRIP-000087,2025-05-22 18:02:00,2025-05-23 03:35:00,2,36,,
TRIP-000088,2025-05-23 06:07:00,2025-05-23 16:49:00,7,6,,
TRIP-000089,2025-05-23 18:00:00,2025-05-24 00:10:00,0,0,,
TRIP-000090,2025-07-08 06:08:00,2025-07-08 09:55:00,8,44,,
TRIP-000091,2025-12-22 18:10:00,2025-12-22 22:43:00,10,16,,
TRIP-000092,2025-12-23 00:14:00,2025-12-23 06:46:00,14,9,,
TRIP-000093,2025-11-22 12:07:00,2025-11-22 15:37:00,7,35,,
TRIP-000094,2025-06-22 06:10:00,2025-06-22 16:43:00,10,0,,
TRIP-000095,2025-06-22 18:00:00,2025-06-23 06:38:00,0,13,,
TRIP-000096,2025-11-08 06:19:00,2025-11-08 12:40:00,19,3,,
TRIP-000097,2025-11-08 18:35:00,2025-11-09 06:29:00,35,27,,
TRIP-000098,2025-12-08 12:24:00,2025-12-08 19:36:00,24,4,,
TRIP-000099,2025-12-09 00:28:00,2025-12-09 11:58:00,28,44,,
TRIP-000100,2025-01-08 12:00:00,2025-01-08 18:21:00,0,11,,
TRIP-000101,2025-07-08 12:04:00,2025-07-08 18:09:00,4,6,,
TRIP-000102,2025-07-08 18:00:00,2025-07-09 06:30:00,0,7,,
TRIP-000103,2025-07-09 06:00:00,2025-07-09 10:41:00,0,65,,
TRIP-000104,2025-10-08 06:40:00,2025-10-08 14:59:00,40,45,,
TRIP-000105,2025-10-08 18:04:00,2025-10-08 23:07:00,4,40,,
TRIP-000106,2025-08-08 18:04:00,2025-08-09 06:23:00,4,0,,
TRIP-000107,2025-07-08 18:02:00,2025-07-08 21:02:00,2,0,,
TRIP-000108,2025-07-09 00:09:00,2025-07-09 06:03:00,9,0,,
TRIP-000109,2025-03-08 06:00:00,2025-03-08 12:10:00,0,0,,
TRIP-000110,2025-03-08 12:31:00,2025-03-08 20:05:00,31,33,,
TRIP-000111,2025-11-08 06:25:00,2025-11-08 11:11:00,25,0,,
TRIP-000112,2025-11-08 12:01:00,2025-11-08 19:47:00,1,13,,
TRIP-000113,2025-07-22 12:00:00,2025-07-22 20:11:00,0,0,,
TRIP-000114,2025-07-22 18:00:00,2025-07-23 03:38:00,0,0,,
TRIP-000115,2025-07-23 06:15:00,2025-07-23 10:05:00,15,5,,
TRIP-000116,2025-03-08 12:04:00,2025-03-08 19:47:00,4,3,,
TRIP-000117,2025-07-08 12:00:00,2025-07-08 22:47:00,0,4,,
TRIP-000118,2025-07-09 00:38:00,2025-07-09 13:04:00,38,39,,
TRIP-000119,2025-07-22 06:40:00,2025-07-22 12:45:00,40,35,,
TRIP-000120,2025-11-08 06:19:00,2025-11-08 14:52:00,19,63,,
TRIP-000121,2025-11-08 18:00:00,2025-11-09 02:41:00,0,0,,
TRIP-000122,2025-10-22 06:12:00,2025-10-22 17:23:00,12,9,,
TRIP-000123,2025-06-08 12:00:00,2025-06-08 18:05:00,0,0,,
TRIP-000124,2025-06-08 18:00:00,2025-06-09 01:49:00,0,0,,
TRIP-000125,2025-06-09 06:35:00,2025-06-09 15:43:00,35,44,,
TRIP-000126,2025-06-08 12:00:00,2025-06-08 19:34:00,0,0,,
TRIP-000127,2025-07-08 06:40:00,2025-07-08 14:56:00,40,45,,
TRIP-000128,2025-07-08 18:10:00,2025-07-09 00:41:00,10,31,,
TRIP-000129,2025-09-22 12:04:00,2025-09-22 21:09:00,4,9,,
TRIP-000130,2025-09-23 00:06:00,2025-09-23 03:20:00,6,9,,
TRIP-000131,2025-09-23 06:31:00,2025-09-23 18:33:00,31,8,,
TRIP-000132,2025-04-08 06:24:00,2025-04-08 14:09:00,24,37,,
TRIP-000133,2025-04-08 18:12:00,2025-04-09 05:46:00,12,32,,
TRIP-000134,2025-08-08 12:29:00,2025-08-08 21:04:00,29,53,,
TRIP-000135,2025-08-09 00:28:00,2025-08-09 06:41:00,28,31,,
TRIP-000136,2025-08-09 06:50:00,2025-08-09 14:25:00,50,53,,
TRIP-000137,2025-12-22 06:15:00,2025-12-22 09:58:00,15,56,,
TRIP-000138,2025-12-22 12:17:00,2025-12-22 18:39:00,17,36,,
TRIP-000139,2025-12-22 18:02:00,2025-12-23 06:23:00,2,0,,
TRIP-000140,2025-12-22 06:00:00,2025-12-22 12:10:00,0,0,,
TRIP-000141,2025-06-08 06:00:00,2025-06-08 09:36:00,0,0,,
TRIP-000142,2025-06-08 12:36:00,2025-06-08 22:26:00,36,44,,
TRIP-000143,2025-09-08 06:34:00,2025-09-08 18:03:00,34,184,Kerusakan Mesin,High
TRIP-000144,2025-09-08 18:00:00,2025-09-09 05:09:00,0,26,,
TRIP-000145,2025-01-08 06:00:00,2025-01-08 16:02:00,0,24,,
TRIP-000146,2025-01-08 18:27:00,2025-01-08 22:10:00,27,10,,
TRIP-000147,2025-01-09 00:00:00,2025-01-09 12:02:00,0,23,,
TRIP-000148,2025-10-08 06:00:00,2025-10-08 18:47:00,0,24,,
TRIP-000149,2025-10-08 18:10:00,2025-10-08 21:36:00,10,0,,
TRIP-000150,2025-07-22 06:00:00,2025-07-22 18:22:00,0,20,,
TRIP-000151,2025-07-08 18:38:00,2025-07-08 23:16:00,38,49,,
TRIP-000152,2025-07-09 00:11:00,2025-07-09 07:00:00,11,23,,
TRIP-000153,2025-06-08 06:40:00,2025-06-08 14:24:00,40,35,,
TRIP-000154,2025-10-22 06:00:00,2025-10-22 12:37:00,0,0,,
TRIP-000155,2025-10-22 18:00:00,2025-10-23 06:02:00,0,0,,
TRIP-000156,2025-10-23 06:00:00,2025-10-23 17:29:00,0,46,,
TRIP-000157,2025-11-22 12:07:00,2025-11-22 20:27:00,7,13,,
TRIP-000158,2025-11-23 00:00:00,2025-11-23 04:29:00,0,2,,
TRIP-000159,2025-11-23 06:14:00,2025-11-23 12:38:00,14,1,,
TRIP-000160,2025-07-22 12:13:00,2025-07-22 21:01:00,13,2,,
TRIP-000161,2025-06-08 12:06:00,2025-06-08 15:14:00,6,28,,
TRIP-000162,2025-06-08 18:29:00,2025-06-08 22:03:00,29,61,,
TRIP-000163,2025-06-22 12:18:00,2025-06-22 20:12:00,18,23,,
TRIP-000164,2025-10-08 06:00:00,2025-10-08 13:32:00,0,0,,
TRIP-000165,2025-10-08 18:00:00,2025-10-09 05:24:00,0,10,,
TRIP-000166,2025-06-22 12:22:00,2025-06-22 18:39:00,22,29,,
TRIP-000167,2025-06-22 18:00:00,2025-06-23 01:45:00,0,13,,
TRIP-000168,2025-06-22 12:18:00,2025-06-22 15:15:00,18,36,,
TRIP-000169,2025-06-22 18:45:00,2025-06-23 04:08:00,45,68,,
TRIP-000170,2025-06-23 06:00:00,2025-06-23 09:20:00,0,9,,
TRIP-000171,2025-07-09 00:20:00,2025-07-09 07:52:00,20,20,,
TRIP-000172,2025-07-09 12:00:00,2025-07-09 23:32:00,0,18,,
TRIP-000173,2025-05-22 18:00:00,2025-05-23 05:31:00,0,17,,
TRIP-000174,2025-12-22 18:39:00,2025-12-23 06:33:00,39,54,,
TRIP-000175,2025-12-22 18:00:00,2025-12-23 02:03:00,0,31,,
TRIP-000176,2025-12-23 06:09:00,2025-12-23 17:14:00,9,0,,
TRIP-000177,2025-08-08 12:20:00,2025-08-08 21:22:00,20,23,,
TRIP-000178,2025-08-08 12:16:00,2025-08-08 16:26:00,16,50,,
TRIP-000179,2025-08-08 18:00:00,2025-08-09 04:03:00,0,21,,
TRIP-000180,2025-08-22 18:02:00,2025-08-22 20:43:00,2,4,,
TRIP-000181,2025-06-22 18:01:00,2025-06-22 22:00:00,1,0,,
TRIP-000182,2025-06-23 00:23:00,2025-06-23 13:30:00,23,67,,
TRIP-000183,2025-11-08 18:19:00,2025-11-09 02:26:00,19,12,,
TRIP-000184,2025-11-09 06:00:00,2025-11-09 10:27:00,0,0,,
TRIP-000185,2025-07-08 12:15:00,2025-07-08 23:42:00,15,3,,
TRIP-000186,2025-10-08 18:42:00,2025-10-09 06:02:00,42,0,,
TRIP-000187,2025-10-09 06:00:00,2025-10-09 16:43:00,0,0,,
TRIP-000188,2025-10-09 18:06:00,2025-10-10 00:35:00,6,25,,
TRIP-000189,2025-07-08 06:21:00,2025-07-08 12:35:00,21,32,,
TRIP-000190,2025-07-08 12:33:00,2025-07-09 01:24:00,33,61,,
TRIP-000191,2025-06-22 12:18:00,2025-06-22 21:07:00,18,7,,
TRIP-000192,2025-11-22 18:00:00,2025-11-23 02:22:00,0,33,,
TRIP-000193,2025-11-23 06:00:00,2025-11-23 14:51:00,0,10,,
TRIP-000194,2025-11-23 18:00:00,2025-11-24 02:14:00,0,0,,
TRIP-000195,2025-02-22 06:00:00,2025-02-22 10:01:00,0,25,,
TRIP-000196,2025-02-22 12:14:00,2025-02-22 22:01:00,14,19,,
TRIP-000197,2025-02-23 00:11:00,2025-02-23 06:09:00,11,4,,
TRIP-000198,2025-11-22 06:00:00,2025-11-22 08:39:00,0,0,,
TRIP-000199,2025-11-22 12:00:00,2025-11-22 21:04:00,0,4,,
TRIP-000200,2025-11-23 00:30:00,2025-11-23 03:17:00,30,6,,
TRIP-000201,2025-07-08 06:16:00,2025-07-08 11:26:00,16,15,,
TRIP-000202,2025-06-22 18:14:00,2025-06-23 02:14:00,14,0,,
TRIP-000203,2025-06-23 06:00:00,2025-06-23 10:30:00,0,3,,
TRIP-000204,2025-06-23 12:02:00,2025-06-23 18:43:00,2,6,,
TRIP-000205,2025-07-08 12:00:00,2025-07-08 23:14:00,0,0,,
TRIP-000206,2025-07-09 00:20:00,2025-07-09 09:38:00,20,0,,
TRIP-000207,2025-07-09 12:16:00,2025-07-09 19:44:00,16,0,,
TRIP-000208,2025-12-08 18:12:00,2025-12-09 01:34:00,12,0,,
TRIP-000209,2025-12-09 06:31:00,2025-12-09 08:58:00,31,19,,
TRIP-000210,2025-07-22 18:01:00,2025-07-23 03:03:00,1,276,Kemacetan,High
TRIP-000211,2025-12-22 18:36:00,2025-12-22 22:16:00,36,40,,
TRIP-000212,2025-12-23 00:04:00,2025-12-23 09:43:00,4,1,,
TRIP-000213,2025-12-08 12:15:00,2025-12-08 16:26:00,15,26,,
TRIP-000214,2025-01-08 12:12:00,2025-01-08 20:04:00,12,30,,
TRIP-000215,2025-01-09 00:30:00,2025-01-09 03:07:00,30,28,,
TRIP-000216,2025-06-08 12:00:00,2025-06-08 21:58:00,0,20,,
TRIP-000217,2025-10-22 12:00:00,2025-10-23 00:36:00,0,34,,
TRIP-000218,2025-10-23 00:00:00,2025-10-23 10:43:00,0,0,,
TRIP-000219,2025-09-08 18:02:00,2025-09-09 00:37:00,2,0,,
TRIP-000220,2025-09-09 06:14:00,2025-09-09 18:14:00,14,12,,
TRIP-000221,2025-01-08 06:01:00,2025-01-08 12:10:00,1,0,,
TRIP-000222,2025-01-08 12:00:00,2025-01-08 19:36:00,0,4,,
TRIP-000223,2025-01-09 00:00:00,2025-01-09 11:14:00,0,0,,
TRIP-000224,2025-06-08 06:00:00,2025-06-08 08:46:00,0,0,,
TRIP-000225,2025-06-08 12:05:00,2025-06-08 15:20:00,5,18,,
TRIP-000226,2025-08-08 12:19:00,2025-08-09 00:41:00,19,16,,
TRIP-000227,2025-08-09 00:00:00,2025-08-09 14:09:00,0,271,Kerusakan Mesin,High
TRIP-000228,2025-08-09 12:00:00,2025-08-09 16:17:00,0,17,,
TRIP-000229,2025-06-08 18:00:00,2025-06-09 06:02:00,0,0,,
TRIP-000230,2025-06-09 06:40:00,2025-06-09 11:48:00,40,37,,
TRIP-000231,2025-09-08 12:00:00,2025-09-08 20:30:00,0,16,,
TRIP-000232,2025-09-09 00:35:00,2025-09-09 04:37:00,35,10,,
TRIP-000233,2025-02-08 06:16:00,2025-02-08 15:50:00,16,50,,
TRIP-000234,2025-02-08 18:21:00,2025-02-08 21:42:00,21,31,,
TRIP-000235,2025-02-09 00:15:00,2025-02-09 13:26:00,15,61,,
TRIP-000236,2025-05-08 18:00:00,2025-05-09 06:02:00,0,0,,
TRIP-000237,2025-05-09 06:48:00,2025-05-09 11:24:00,48,13,,
TRIP-000238,2025-10-22 06:22:00,2025-10-22 12:57:00,22,52,,
TRIP-000239,2025-07-08 12:29:00,2025-07-08 18:43:00,29,38,,
TRIP-000240,2025-07-08 18:01:00,2025-07-09 02:09:00,1,20,,
TRIP-000241,2025-08-22 06:36:00,2025-08-22 16:45:00,36,67,,
TRIP-000242,2025-10-22 18:25:00,2025-10-23 01:56:00,25,7,,
TRIP-000243,2025-10-23 06:07:00,2025-10-23 15:26:00,7,27,,
TRIP-000244,2025-09-22 18:09:00,2025-09-22 23:54:00,9,43,,
TRIP-000245,2025-09-23 00:00:00,2025-09-23 07:34:00,0,0,,
TRIP-000246,2025-09-23 12:13:00,2025-09-23 15:18:00,13,39,,
TRIP-000247,2025-08-08 18:00:00,2025-08-09 00:50:00,0,13,,
TRIP-000248,2025-01-22 12:04:00,2025-01-23 00:11:00,4,9,,
TRIP-000249,2025-01-23 00:26:00,2025-01-23 05:53:00,26,42,,
TRIP-000250,2025-01-23 06:00:00,2025-01-23 13:34:00,0,0,,
TRIP-000251,2025-10-08 12:13:00,2025-10-08 19:34:00,13,0,,
TRIP-000252,2025-10-09 00:03:00,2025-10-09 03:05:00,3,26,,
TRIP-000253,2025-10-09 06:11:00,2025-10-09 15:10:00,11,10,,
TRIP-000254,2025-06-22 12:07:00,2025-06-22 18:27:00,7,17,,
TRIP-000255,2025-06-22 18:09:00,2025-06-23 02:23:00,9,12,,
TRIP-000256,2025-06-22 12:37:00,2025-06-22 23:48:00,37,34,,
TRIP-000257,2025-06-23 00:12:00,2025-06-23 09:58:00,12,20,,
TRIP-000258,2025-07-08 12:24:00,2025-07-08 16:27:00,24,0,,
TRIP-000259,2025-07-08 18:12:00,2025-07-09 00:52:00,12,15,,
TRIP-000260,2025-12-08 12:44:00,2025-12-08 20:52:00,44,41,,
TRIP-000261,2025-12-08 12:07:00,2025-12-08 20:24:00,7,10,,
TRIP-000262,2025-12-09 00:00:00,2025-12-09 05:04:00,0,37,,
TRIP-000263,2025-12-09 06:26:00,2025-12-09 13:25:00,26,48,,
TRIP-000264,2025-01-08 06:08:00,2025-01-08 13:46:00,8,14,,
TRIP-000265,2025-01-08 18:05:00,2025-01-09 05:32:00,5,18,,
TRIP-000266,2025-09-22 12:08:00,2025-09-22 14:46:00,8,0,,
TRIP-000267,2025-03-08 06:02:00,2025-03-08 18:02:00,2,0,,
TRIP-000268,2025-11-22 12:00:00,2025-11-22 20:32:00,0,21,,
TRIP-000269,2025-05-22 06:35:00,2025-05-22 10:39:00,35,39,,
TRIP-000270,2025-05-22 12:13:00,2025-05-23 00:24:00,13,45,,
TRIP-000271,2025-06-22 12:28:00,2025-06-22 20:51:00,28,37,,
TRIP-000272,2025-06-23 00:19:00,2025-06-23 04:38:00,19,11,,
TRIP-000273,2025-06-23 06:00:00,2025-06-23 12:37:00,0,0,,
TRIP-000274,2025-10-08 12:13:00,2025-10-08 16:27:00,13,0,,
TRIP-000275,2025-10-08 18:00:00,2025-10-09 00:37:00,0,0,,
TRIP-000276,2025-07-22 06:35:00,2025-07-22 09:39:00,35,37,,
TRIP-000277,2025-07-23 00:00:00,2025-07-23 06:37:00,0,0,,
TRIP-000278,2025-07-08 06:19:00,2025-07-08 12:16:00,19,11,,
TRIP-000279,2025-07-08 12:10:00,2025-07-08 20:01:00,10,12,,
TRIP-000280,2025-01-08 18:00:00,2025-01-08 20:46:00,0,0,,
TRIP-000281,2025-01-09 00:16:00,2025-01-09 03:55:00,16,53,,
TRIP-000282,2025-07-08 06:12:00,2025-07-08 15:17:00,12,18,,
TRIP-000283,2025-07-08 18:13:00,2025-07-08 23:36:00,13,25,,
TRIP-000284,2025-08-08 18:41:00,2025-08-09 04:06:00,41,67,,
TRIP-000285,2025-06-22 06:16:00,2025-06-22 11:04:00,16,64,,
TRIP-000286,2025-06-22 12:31:00,2025-06-23 00:50:00,31,27,,
TRIP-000287,2025-01-08 18:22:00,2025-01-08 21:59:00,22,48,,
TRIP-000288,2025-01-09 00:00:00,2025-01-09 06:10:00,0,0,,
TRIP-000289,2025-01-09 06:00:00,2025-01-09 14:11:00,0,0,,
TRIP-000290,2025-12-22 12:00:00,2025-12-22 20:34:00,0,20,,
TRIP-000291,2025-12-23 00:10:00,2025-12-23 04:57:00,10,30,,
TRIP-000292,2025-12-23 06:38:00,2025-12-23 13:31:00,38,54,,
TRIP-000293,2025-08-22 18:15:00,2025-08-23 06:26:00,15,3,,
TRIP-000294,2025-03-09 00:05:00,2025-03-09 11:50:00,5,36,,
TRIP-000295,2025-03-09 12:47:00,2025-03-09 22:37:00,47,59,,
TRIP-000296,2025-04-08 18:21:00,2025-04-09 03:16:00,21,62,,
TRIP-000297,2025-04-09 06:28:00,2025-04-09 11:01:00,28,34,,
TRIP-000298,2025-01-08 06:00:00,2025-01-08 09:07:00,0,28,,
TRIP-000299,2025-01-08 12:00:00,2025-01-08 21:21:00,0,21,,
TRIP-000300,2025-11-08 12:27:00,2025-11-08 18:03:00,27,52,,
TRIP-000301,2025-12-08 18:00:00,2025-12-08 23:01:00,0,34,,
TRIP-000302,2025-12-09 00:00:00,2025-12-09 07:08:00,0,31,,
TRIP-000303,2025-10-22 06:19:00,2025-10-22 14:26:00,19,52,,
TRIP-000304,2025-10-22 18:00:00,2025-10-22 21:10:00,0,31,,
TRIP-000305,2025-10-23 00:02:00,2025-10-23 09:48:00,2,48,,
TRIP-000306,2025-07-22 18:13:00,2025-07-23 06:39:00,13,37,,
TRIP-000307,2025-07-23 06:40:00,2025-07-23 12:32:00,40,81,,
TRIP-000308,2025-07-23 12:30:00,2025-07-23 20:30:00,30,56,,
TRIP-000309,2025-09-08 18:00:00,2025-09-09 03:58:00,0,129,Kemacetan,Medium
TRIP-000310,2025-12-23 06:31:00,2025-12-23 09:43:00,31,7,,
TRIP-000311,2025-05-08 06:28:00,2025-05-08 11:11:00,28,71,,
TRIP-000312,2025-05-08 12:35:00,2025-05-09 00:39:00,35,60,,
TRIP-000313,2025-10-08 12:18:00,2025-10-08 23:28:00,18,45,,
TRIP-000314,2025-12-22 12:16:00,2025-12-22 18:09:00,16,4,,
TRIP-000315,2025-12-22 18:00:00,2025-12-23 01:49:00,0,0,,
TRIP-000316,2025-12-23 06:17:00,2025-12-23 14:56:00,17,15,,
TRIP-000317,2025-07-08 12:11:00,2025-07-08 20:30:00,11,16,,
TRIP-000318,2025-07-09 00:00:00,2025-07-09 04:27:00,0,0,,
TRIP-000319,2025-07-23 00:25:00,2025-07-23 10:11:00,25,33,,
TRIP-000320,2025-07-23 12:07:00,2025-07-23 16:03:00,7,3,,
TRIP-000321,2025-12-22 12:00:00,2025-12-22 20:02:00,0,13,,
TRIP-000322,2025-11-23 06:15:00,2025-11-23 12:51:00,15,41,,
TRIP-000323,2025-04-22 12:00:00,2025-04-22 19:32:00,0,0,,
TRIP-000324,2025-04-23 00:00:00,2025-04-23 11:22:00,0,8,,
TRIP-000325,2025-01-08 06:15:00,2025-01-08 15:57:00,15,15,,
TRIP-000326,2025-01-08 18:24:00,2025-01-09 00:14:00,24,9,,
TRIP-000327,2025-06-22 06:00:00,2025-06-22 14:59:00,0,0,,
TRIP-000328,2025-06-22 18:00:00,2025-06-23 04:43:00,0,0,,
TRIP-000329,2025-10-22 12:10:00,2025-10-23 01:39:00,10,120,Kerusakan Mesin,Medium
TRIP-000330,2025-12-22 12:09:00,2025-12-22 20:52:00,9,11,,
TRIP-000331,2025-12-23 00:32:00,2025-12-23 09:04:00,32,50,,
TRIP-000332,2025-11-22 18:17:00,2025-11-23 00:46:00,17,43,,
TRIP-000333,2025-03-22 18:12:00,2025-03-23 01:06:00,12,29,,
TRIP-000334,2025-03-23 06:00:00,2025-03-23 18:02:00,0,0,,
TRIP-000335,2025-10-22 12:07:00,2025-10-22 20:21:00,7,10,,
TRIP-000336,2025-10-23 00:08:00,2025-10-23 06:10:00,8,0,,
TRIP-000337,2025-08-22 12:15:00,2025-08-22 15:04:00,15,18,,
TRIP-000338,2025-08-22 18:07:00,2025-08-22 21:21:00,7,19,,
TRIP-000339,2025-06-22 06:15:00,2025-06-22 12:56:00,15,19,,
TRIP-000340,2025-06-22 18:28:00,2025-06-23 07:01:00,28,59,,
TRIP-000341,2025-04-08 06:20:00,2025-04-08 16:09:00,20,27,,
TRIP-000342,2025-04-08 18:08:00,2025-04-09 00:07:00,8,2,,
TRIP-000343,2025-12-09 00:06:00,2025-12-09 06:10:00,6,0,,
TRIP-000344,2025-06-08 06:29:00,2025-06-08 17:51:00,29,68,,
TRIP-000345,2025-06-08 18:00:00,2025-06-09 06:25:00,0,0,,
TRIP-000346,2025-06-09 06:17:00,2025-06-09 16:05:00,17,27,,
TRIP-000347,2025-09-22 18:32:00,2025-09-22 21:19:00,32,17,,
TRIP-000348,2025-09-23 00:00:00,2025-09-23 06:09:00,0,6,,
TRIP-000349,2025-06-09 12:20:00,2025-06-09 20:48:00,20,74,,
TRIP-000350,2025-11-08 12:00:00,2025-11-08 15:11:00,0,0,,
TRIP-000351,2025-02-22 12:38:00,2025-02-22 15:39:00,38,53,,
TRIP-000352,2025-02-22 18:00:00,2025-02-22 21:02:00,0,0,,
TRIP-000353,2025-11-22 12:00:00,2025-11-22 16:05:00,0,29,,
TRIP-000354,2025-11-22 18:30:00,2025-11-23 03:58:00,30,16,,
TRIP-000355,2025-08-22 06:00:00,2025-08-22 17:39:00,0,0,,
TRIP-000356,2025-08-22 18:00:00,2025-08-23 02:41:00,0,0,,
TRIP-000357,2025-08-23 06:00:00,2025-08-23 14:42:00,0,28,,
TRIP-000358,2025-09-22 12:05:00,2025-09-22 18:21:00,5,11,,
TRIP-000359,2025-06-08 12:08:00,2025-06-08 20:24:00,8,35,,
TRIP-000360,2025-06-09 00:16:00,2025-06-09 09:21:00,16,40,,
TRIP-000361,2025-07-22 12:24:00,2025-07-22 20:19:00,24,5,,
TRIP-000362,2025-07-23 00:00:00,2025-07-23 04:27:00,0,0,,
TRIP-000363,2025-06-08 18:00:00,2025-06-08 22:00:00,0,0,,
TRIP-000364,2025-06-09 00:21:00,2025-06-09 12:59:00,21,36,,
TRIP-000365,2025-06-09 12:07:00,2025-06-09 15:48:00,7,12,,
TRIP-000366,2025-07-08 12:01:00,2025-07-08 14:39:00,1,0,,
TRIP-000367,2025-07-08 18:38:00,2025-07-09 03:35:00,38,35,,
TRIP-000368,2025-07-23 00:04:00,2025-07-23 06:10:00,4,0,,
TRIP-000369,2025-07-23 06:14:00,2025-07-23 14:08:00,14,36,,
TRIP-000370,2025-06-22 12:00:00,2025-06-22 18:58:00,0,21,,
TRIP-000371,2025-06-23 00:00:00,2025-06-23 12:09:00,0,7,,
TRIP-000372,2025-07-22 12:00:00,2025-07-22 14:45:00,0,6,,
TRIP-000373,2025-12-22 12:04:00,2025-12-22 15:53:00,4,17,,
TRIP-000374,2025-12-08 06:21:00,2025-12-08 10:31:00,21,31,,
TRIP-000375,2025-07-08 12:00:00,2025-07-08 21:42:00,0,0,,
TRIP-000376,2025-07-09 00:00:00,2025-07-09 06:05:00,0,0,,
TRIP-000377,2025-09-22 06:26:00,2025-09-22 10:52:00,26,25,,
TRIP-000378,2025-12-23 12:05:00,2025-12-23 16:39:00,5,12,,
TRIP-000379,2025-04-22 18:00:00,2025-04-23 01:36:00,0,4,,
TRIP-000380,2025-04-23 06:21:00,2025-04-23 17:36:00,21,22,,
TRIP-000381,2025-10-22 06:05:00,2025-10-22 14:06:00,5,17,,
TRIP-000382,2025-07-22 18:00:00,2025-07-23 03:00:00,0,0,,
TRIP-000383,2025-04-08 18:00:00,2025-04-09 04:43:00,0,0,,
TRIP-000384,2025-04-09 06:00:00,2025-04-09 18:28:00,0,3,,
TRIP-000385,2025-08-22 12:16:00,2025-08-22 19:23:00,16,46,,
TRIP-000386,2025-08-23 00:04:00,2025-08-23 12:02:00,4,0,,
TRIP-000387,2025-12-08 18:00:00,2025-12-09 00:35:00,0,25,,
TRIP-000388,2025-12-09 00:00:00,2025-12-09 07:32:00,0,0,,
TRIP-000389,2025-12-09 12:00:00,2025-12-09 23:47:00,0,33,,
TRIP-000390,2025-01-08 12:13:00,2025-01-08 18:59:00,13,22,,
TRIP-000391,2025-07-08 06:08:00,2025-07-08 13:04:00,8,27,,
TRIP-000392,2025-07-08 18:00:00,2025-07-09 06:16:00,0,14,,
TRIP-000393,2025-07-09 06:18:00,2025-07-09 11:26:00,18,15,,
TRIP-000394,2025-06-08 12:00:00,2025-06-08 16:00:00,0,24,,
TRIP-000395,2025-06-08 18:07:00,2025-06-09 03:42:00,7,0,,
TRIP-000396,2025-09-22 12:18:00,2025-09-23 00:06:00,18,52,,
TRIP-000397,2025-09-23 00:17:00,2025-09-23 10:43:00,17,65,,
TRIP-000398,2025-12-08 06:20:00,2025-12-08 14:49:00,20,38,,
TRIP-000399,2025-11-22 12:03:00,2025-11-22 19:34:00,3,0,,
TRIP-000400,2025-11-23 00:16:00,2025-11-23 03:11:00,16,32,,
TRIP-000401,2025-09-08 12:33:00,2025-09-08 16:05:00,33,79,,
TRIP-000402,2025-09-08 18:00:00,2025-09-08 21:09:00,0,7,,
TRIP-000403,2025-09-09 00:21:00,2025-09-09 06:52:00,21,49,,
TRIP-000404,2025-06-22 06:15:00,2025-06-22 14:11:00,15,0,,
TRIP-000405,2025-06-22 18:14:00,2025-06-23 00:24:00,14,14,,
TRIP-000406,2025-09-08 18:19:00,2025-09-09 02:59:00,19,0,,
TRIP-000407,2025-09-09 06:00:00,2025-09-09 11:13:00,0,2,,
TRIP-000408,2025-06-08 06:27:00,2025-06-08 13:34:00,27,0,,
TRIP-000409,2025-06-08 06:01:00,2025-06-08 18:32:00,1,7,,
TRIP-000410,2025-06-08 18:24:00,2025-06-09 03:49:00,24,11,,
TRIP-000411,2025-06-09 06:30:00,2025-06-09 10:23:00,30,23,,
TRIP-000412,2025-02-08 06:31:00,2025-02-08 09:29:00,31,27,,
TRIP-000413,2025-11-22 12:00:00,2025-11-22 23:14:00,0,0,,
TRIP-000414,2025-11-23 00:00:00,2025-11-23 09:41:00,0,3,,
TRIP-000415,2025-11-23 12:13:00,2025-11-23 19:49:00,13,5,,
TRIP-000416,2025-07-22 18:02:00,2025-07-22 20:43:00,2,4,,
TRIP-000417,2025-07-23 00:00:00,2025-07-23 09:00:00,0,0,,
TRIP-000418,2025-07-23 12:00:00,2025-07-23 15:41:00,0,30,,
TRIP-000419,2025-03-08 06:20:00,2025-03-08 11:01:00,20,34,,
TRIP-000420,2025-03-08 12:00:00,2025-03-08 18:37:00,0,0,,
TRIP-000421,2025-05-22 06:13:00,2025-05-22 19:06:00,13,64,,
TRIP-000422,2025-05-22 18:44:00,2025-05-23 05:51:00,44,68,,
TRIP-000423,2025-08-08 12:14:00,2025-08-08 18:03:00,14,0,,
TRIP-000424,2025-08-22 18:39:00,2025-08-23 06:52:00,39,50,,
TRIP-000425,2025-08-22 12:23:00,2025-08-23 00:23:00,23,0,,
TRIP-000426,2025-08-23 00:19:00,2025-08-23 04:32:00,19,56,,
TRIP-000427,2025-07-09 06:43:00,2025-07-09 10:06:00,43,55,,
TRIP-000428,2025-06-08 06:23:00,2025-06-08 15:00:00,23,0,,
TRIP-000429,2025-06-08 18:04:00,2025-06-08 21:42:00,4,31,,
TRIP-000430,2025-06-09 00:46:00,2025-06-09 12:35:00,46,10,,
TRIP-000431,2025-09-08 18:12:00,2025-09-09 00:29:00,12,24,,
TRIP-000432,2025-09-09 00:15:00,2025-09-09 07:49:00,15,0,,
TRIP-000433,2025-01-08 06:08:00,2025-01-08 14:14:00,8,0,,
TRIP-000434,2025-01-08 18:03:00,2025-01-08 22:56:00,3,29,,
TRIP-000435,2025-11-08 12:37:00,2025-11-09 00:34:00,37,32,,
TRIP-000436,2025-03-08 06:30:00,2025-03-08 10:38:00,30,38,,
TRIP-000437,2025-03-08 12:00:00,2025-03-08 23:39:00,0,0,,
TRIP-000438,2025-07-08 12:13:00,2025-07-08 22:14:00,13,36,,
TRIP-000439,2025-07-09 06:00:00,2025-07-09 18:07:00,0,5,,
TRIP-000440,2025-07-09 18:47:00,2025-07-10 00:48:00,47,97,,
TRIP-000441,2025-10-08 06:40:00,2025-10-08 19:02:00,40,60,,
TRIP-000442,2025-10-08 18:36:00,2025-10-09 00:06:00,36,55,,
TRIP-000443,2025-10-22 12:33:00,2025-10-23 00:42:00,33,223,Kerusakan Mesin,High
TRIP-000444,2025-10-23 00:00:00,2025-10-23 05:11:00,0,0,,
TRIP-000445,2025-08-22 12:17:00,2025-08-22 15:34:00,17,32,,
TRIP-000446,2025-08-22 18:27:00,2025-08-23 00:58:00,27,55,,
TRIP-000447,2025-04-22 12:34:00,2025-04-22 15:24:00,34,22,,
TRIP-000448,2025-04-22 18:00:00,2025-04-23 00:27:00,0,24,,
TRIP-000449,2025-06-08 12:33:00,2025-06-08 16:55:00,33,28,,
TRIP-000450,2025-06-08 18:00:00,2025-06-09 00:50:00,0,13,,
TRIP-000451,2025-07-22 18:00:00,2025-07-23 02:20:00,0,9,,
TRIP-000452,2025-07-23 06:00:00,2025-07-23 12:24:00,0,14,,
TRIP-000453,2025-04-22 18:00:00,2025-04-22 20:39:00,0,0,,
TRIP-000454,2025-04-23 00:21:00,2025-04-23 09:45:00,21,45,,
TRIP-000455,2025-06-08 06:19:00,2025-06-08 09:31:00,19,20,,
TRIP-000456,2025-06-08 12:12:00,2025-06-09 01:44:00,12,79,,
TRIP-000457,2025-08-22 06:33:00,2025-08-22 14:33:00,33,61,,
TRIP-000458,2025-08-22 18:18:00,2025-08-23 05:47:00,18,33,,
TRIP-000459,2025-08-23 06:12:00,2025-08-23 15:48:00,12,10,,
TRIP-000460,2025-06-23 06:18:00,2025-06-23 11:57:00,18,46,,
TRIP-000461,2025-07-22 06:16:00,2025-07-22 14:48:00,16,37,,
TRIP-000462,2025-07-22 18:33:00,2025-07-23 00:13:00,33,3,,
TRIP-000463,2025-12-22 12:39:00,2025-12-22 19:52:00,39,8,,
TRIP-000464,2025-12-23 00:48:00,2025-12-23 04:02:00,48,76,,
TRIP-000465,2025-12-23 06:30:00,2025-12-23 09:37:00,30,35,,
TRIP-000466,2025-12-22 12:00:00,2025-12-23 00:23:00,0,0,,
TRIP-000467,2025-07-23 06:14:00,2025-07-23 09:11:00,14,0,,
TRIP-000468,2025-03-08 18:20:00,2025-03-09 00:50:00,20,40,,
TRIP-000469,2025-03-09 00:34:00,2025-03-09 08:27:00,34,55,,
TRIP-000470,2025-02-22 06:00:00,2025-02-22 13:38:00,0,4,,
TRIP-000471,2025-02-22 18:00:00,2025-02-22 20:39:00,0,0,,
TRIP-000472,2025-05-22 06:00:00,2025-05-22 12:09:00,0,4,,
TRIP-000473,2025-05-22 12:47:00,2025-05-22 20:50:00,47,61,,
TRIP-000474,2025-05-23 00:12:00,2025-05-23 08:45:00,12,4,,
TRIP-000475,2025-03-08 12:00:00,2025-03-08 20:22:00,0,8,,
TRIP-000476,2025-04-22 18:20:00,2025-04-22 22:10:00,20,34,,
TRIP-000477,2025-04-08 06:00:00,2025-04-08 13:50:00,0,6,,
TRIP-000478,2025-04-08 18:07:00,2025-04-08 21:34:00,7,48,,
TRIP-000479,2025-02-08 06:00:00,2025-02-08 08:46:00,0,0,,
TRIP-000480,2025-02-08 12:00:00,2025-02-08 15:09:00,0,7,,
TRIP-000481,2025-05-22 12:00:00,2025-05-22 18:03:00,0,0,,
TRIP-000482,2025-05-22 18:10:00,2025-05-23 07:19:00,10,56,,
TRIP-000483,2025-05-23 06:16:00,2025-05-23 09:36:00,16,0,,
TRIP-000484,2025-12-08 06:12:00,2025-12-08 18:07:00,12,5,,
TRIP-000485,2025-12-08 18:30:00,2025-12-08 23:58:00,30,47,,
TRIP-000486,2025-11-22 06:22:00,2025-11-22 12:21:00,22,11,,
TRIP-000487,2025-11-22 12:03:00,2025-11-22 19:32:00,3,0,,
TRIP-000488,2025-11-23 00:03:00,2025-11-23 12:01:00,3,47,,
TRIP-000489,2025-11-22 18:14:00,2025-11-23 05:20:00,14,6,,
TRIP-000490,2025-02-23 00:26:00,2025-02-23 08:53:00,26,39,,
TRIP-000491,2025-06-22 12:09:00,2025-06-22 21:01:00,9,20,,
TRIP-000492,2025-06-23 00:00:00,2025-06-23 08:14:00,0,0,,
TRIP-000493,2025-06-23 12:03:00,2025-06-23 16:53:00,3,26,,
TRIP-000494,2025-03-22 12:00:00,2025-03-22 16:27:00,0,0,,
TRIP-000495,2025-04-08 12:00:00,2025-04-08 21:26:00,0,26,,
TRIP-000496,2025-04-09 00:01:00,2025-04-09 03:11:00,1,0,,
TRIP-000497,2025-04-09 06:13:00,2025-04-09 12:31:00,13,21,,
TRIP-000498,2025-12-22 12:17:00,2025-12-22 23:50:00,17,67,,
TRIP-000499,2025-12-23 00:19:00,2025-12-23 12:48:00,19,23,,
TRIP-000500,2025-12-23 12:43:00,2025-12-23 22:33:00,43,55,,
TRIP-000501,2025-12-08 12:05:00,2025-12-08 22:59:00,5,16,,
TRIP-000502,2025-12-09 00:00:00,2025-12-09 06:15:00,0,5,,
TRIP-000503,2025-12-09 06:00:00,2025-12-09 14:11:00,0,0,,
TRIP-000504,2025-12-08 12:00:00,2025-12-09 00:25:00,0,0,,
TRIP-000505,2025-04-22 12:17:00,2025-04-22 20:11:00,17,0,,
TRIP-000506,2025-04-23 00:00:00,2025-04-23 06:45:00,0,35,,
TRIP-000507,2025-04-23 06:16:00,2025-04-23 13:39:00,16,7,,
TRIP-000508,2025-10-22 06:01:00,2025-10-22 10:27:00,1,0,,
TRIP-000509,2025-12-22 12:00:00,2025-12-22 20:01:00,0,27,,
TRIP-000510,2025-12-23 00:00:00,2025-12-23 02:39:00,0,0,,
TRIP-000511,2025-08-22 18:23:00,2025-08-23 03:55:00,23,55,,
TRIP-000512,2025-08-23 06:27:00,2025-08-23 09:11:00,27,0,,
TRIP-000513,2025-08-08 06:00:00,2025-08-08 13:49:00,0,0,,
TRIP-000514,2025-08-08 18:20:00,2025-08-09 02:41:00,20,0,,
TRIP-000515,2025-03-22 06:00:00,2025-03-22 16:09:00,0,31,,
TRIP-000516,2025-03-22 18:00:00,2025-03-23 01:44:00,0,0,,
TRIP-000517,2025-06-08 12:19:00,2025-06-08 18:10:00,19,0,,
TRIP-000518,2025-06-08 18:00:00,2025-06-09 01:40:00,0,8,,
TRIP-000519,2025-12-22 06:26:00,2025-12-22 15:13:00,26,32,,
TRIP-000520,2025-12-22 18:14:00,2025-12-23 02:55:00,14,41,,
TRIP-000521,2025-04-08 18:10:00,2025-04-09 07:04:00,10,39,,
TRIP-000522,2025-04-09 06:00:00,2025-04-09 15:38:00,0,0,,
TRIP-000523,2025-04-09 18:03:00,2025-04-09 22:00:00,3,0,,
TRIP-000524,2025-02-08 12:09:00,2025-02-08 19:49:00,9,0,,
TRIP-000525,2025-02-09 00:38:00,2025-02-09 09:28:00,38,29,,
TRIP-000526,2025-02-22 12:35:00,2025-02-22 23:39:00,35,25,,
TRIP-000527,2025-01-08 18:27:00,2025-01-09 02:09:00,27,35,,
TRIP-000528,2025-03-08 12:03:00,2025-03-08 22:23:00,3,41,,
TRIP-000529,2025-10-08 18:00:00,2025-10-09 03:00:00,0,0,,
TRIP-000530,2025-10-09 06:13:00,2025-10-09 09:35:00,13,24,,
TRIP-000531,2025-01-08 06:00:00,2025-01-08 09:26:00,0,15,,
TRIP-000532,2025-12-22 12:07:00,2025-12-22 19:32:00,7,0,,
TRIP-000533,2025-12-23 00:31:00,2025-12-23 11:23:00,31,9,,
TRIP-000534,2025-01-08 06:00:00,2025-01-08 14:22:00,0,11,,
TRIP-000535,2025-09-08 06:28:00,2025-09-08 12:50:00,28,45,,
TRIP-000536,2025-09-08 12:00:00,2025-09-08 20:24:00,0,35,,
TRIP-000537,2025-09-09 00:19:00,2025-09-09 09:52:00,19,53,,
TRIP-000538,2025-08-08 06:23:00,2025-08-08 09:57:00,23,46,,
TRIP-000539,2025-11-08 12:30:00,2025-11-08 20:59:00,30,0,,
TRIP-000540,2025-11-09 00:46:00,2025-11-09 11:49:00,46,66,,
TRIP-000541,2025-03-22 12:00:00,2025-03-22 15:36:00,0,0,,
TRIP-000542,2025-03-22 18:13:00,2025-03-23 03:52:00,13,10,,
TRIP-000543,2025-10-09 06:11:00,2025-10-09 15:38:00,11,0,,
TRIP-000544,2025-10-09 18:10:00,2025-10-09 22:13:00,10,13,,
TRIP-000545,2025-11-23 00:17:00,2025-11-23 12:39:00,17,16,,
TRIP-000546,2025-02-08 06:31:00,2025-02-08 16:19:00,31,41,,
TRIP-000547,2025-01-09 06:02:00,2025-01-09 15:38:00,2,0,,
TRIP-000548,2025-08-22 12:24:00,2025-08-22 20:10:00,24,21,,
TRIP-000549,2025-08-23 00:06:00,2025-08-23 08:59:00,6,0,,
TRIP-000550,2025-12-08 18:40:00,2025-12-09 06:20:00,40,41,,
TRIP-000551,2025-12-09 06:00:00,2025-12-09 14:59:00,0,0,,
TRIP-000552,2025-06-08 06:19:00,2025-06-08 12:39:00,19,36,,
TRIP-000553,2025-06-08 12:00:00,2025-06-09 00:23:00,0,0,,
TRIP-000554,2025-05-08 06:13:00,2025-05-08 14:46:00,13,35,,
TRIP-000555,2025-05-08 18:30:00,2025-05-09 00:29:00,30,19,,
TRIP-000556,2025-12-23 06:38:00,2025-12-23 11:10:00,38,43,,
TRIP-000557,2025-12-08 18:20:00,2025-12-09 04:56:00,20,13,,
TRIP-000558,2025-07-22 06:12:00,2025-07-22 13:36:00,12,59,,
TRIP-000559,2025-05-08 12:24:00,2025-05-08 19:34:00,24,57,,
TRIP-000560,2025-08-08 06:00:00,2025-08-08 11:35:00,0,24,,
TRIP-000561,2025-08-08 12:21:00,2025-08-08 20:24:00,21,50,,
TRIP-000562,2025-08-09 00:10:00,2025-08-09 03:05:00,10,26,,
TRIP-000563,2025-03-09 00:55:00,2025-03-09 10:04:00,55,83,,
TRIP-000564,2025-08-08 06:00:00,2025-08-08 14:25:00,0,14,,
TRIP-000565,2025-08-08 18:21:00,2025-08-09 00:49:00,21,39,,
TRIP-000566,2025-07-08 06:18:00,2025-07-08 15:35:00,18,35,,
TRIP-000567,2025-07-08 18:26:00,2025-07-08 21:29:00,26,18,,
TRIP-000568,2025-02-08 06:00:00,2025-02-08 11:11:00,0,0,,
TRIP-000569,2025-05-08 06:00:00,2025-05-08 15:52:00,0,14,,
TRIP-000570,2025-05-08 18:00:00,2025-05-08 22:24:00,0,24,,
TRIP-000571,2025-05-09 00:02:00,2025-05-09 12:08:00,2,29,,
TRIP-000572,2025-06-22 06:21:00,2025-06-22 09:33:00,21,22,,
TRIP-000573,2025-06-22 12:15:00,2025-06-23 00:57:00,15,32,,
TRIP-000574,2025-09-22 12:08:00,2025-09-22 19:51:00,8,19,,
TRIP-000575,2025-09-23 00:00:00,2025-09-23 11:30:00,0,16,,
TRIP-000576,2025-07-08 12:14:00,2025-07-08 19:34:00,14,2,,
TRIP-000577,2025-06-22 06:41:00,2025-06-22 16:14:00,41,32,,
TRIP-000578,2025-11-08 18:00:00,2025-11-08 23:11:00,0,0,,
TRIP-000579,2025-04-22 18:40:00,2025-04-23 04:14:00,40,244,Kemacetan,High
TRIP-000580,2025-04-23 00:00:00,2025-04-23 07:34:00,0,2,,
TRIP-000581,2025-06-08 06:06:00,2025-06-08 09:02:00,6,0,,
TRIP-000582,2025-06-08 12:12:00,2025-06-08 18:03:00,12,0,,
TRIP-000583,2025-11-22 18:01:00,2025-11-23 03:16:00,1,16,,
TRIP-000584,2025-08-08 18:38:00,2025-08-08 21:27:00,38,48,,
TRIP-000585,2025-08-09 00:03:00,2025-08-09 09:25:00,3,25,,
TRIP-000586,2025-08-09 12:17:00,2025-08-09 15:26:00,17,15,,
TRIP-000587,2025-11-22 18:00:00,2025-11-23 00:13:00,0,8,,
TRIP-000588,2025-05-22 06:27:00,2025-05-22 14:32:00,27,21,,
TRIP-000589,2025-05-22 18:37:00,2025-05-23 00:34:00,37,24,,
TRIP-000590,2025-03-22 18:23:00,2025-03-22 22:20:00,23,20,,
TRIP-000591,2025-05-22 06:00:00,2025-05-22 15:42:00,0,0,,
TRIP-000592,2025-06-22 18:26:00,2025-06-23 01:56:00,26,7,,
TRIP-000593,2025-06-23 06:00:00,2025-06-23 14:50:00,0,9,,
TRIP-000594,2025-11-08 12:19:00,2025-11-08 22:22:00,19,40,,
TRIP-000595,2025-03-22 18:14:00,2025-03-23 00:10:00,14,0,,
TRIP-000596,2025-03-23 00:43:00,2025-03-23 09:26:00,43,75,,
TRIP-000597,2025-08-08 06:16:00,2025-08-08 09:36:00,16,0,,
TRIP-000598,2025-08-08 12:00:00,2025-08-08 21:56:00,0,14,,
TRIP-000599,2025-06-22 06:43:00,2025-06-22 16:21:00,43,81,,
TRIP-000600,2025-06-22 18:00:00,2025-06-22 21:45:00,0,34,,
TRIP-000601,2025-01-22 06:34:00,2025-01-22 15:00:00,34,49,,
TRIP-000602,2025-01-22 18:24:00,2025-01-23 00:21:00,24,11,,
TRIP-000603,2025-06-09 06:06:00,2025-06-09 18:34:00,6,32,,
TRIP-000604,2025-09-22 06:22:00,2025-09-22 12:16:00,22,11,,
TRIP-000605,2025-09-22 12:00:00,2025-09-22 20:09:00,0,20,,
TRIP-000606,2025-04-22 06:04:00,2025-04-22 18:45:00,4,22,,
TRIP-000607,2025-04-23 00:14:00,2025-04-23 10:21:00,14,39,,
TRIP-000608,2025-08-22 18:06:00,2025-08-23 00:10:00,6,0,,
TRIP-000609,2025-08-23 00:13:00,2025-08-23 07:55:00,13,23,,
TRIP-000610,2025-06-22 12:11:00,2025-06-22 15:22:00,11,11,,
TRIP-000611,2025-12-08 06:05:00,2025-12-08 15:20:00,5,21,,
TRIP-000612,2025-03-08 06:58:00,2025-03-08 10:40:00,58,64,,
TRIP-000613,2025-03-22 06:18:00,2025-03-22 16:29:00,18,47,,
TRIP-000614,2025-03-22 18:00:00,2025-03-23 00:05:00,0,0,,
TRIP-000615,2025-03-23 00:36:00,2025-03-23 08:15:00,36,26,,
TRIP-000616,2025-12-22 12:00:00,2025-12-22 16:05:00,0,5,,
TRIP-000617,2025-06-08 18:28:00,2025-06-09 03:11:00,28,12,,
TRIP-000618,2025-05-22 12:23:00,2025-05-22 20:45:00,23,31,,
TRIP-000619,2025-05-23 00:06:00,2025-05-23 05:04:00,6,37,,
TRIP-000620,2025-07-09 06:00:00,2025-07-09 13:49:00,0,0,,
TRIP-000621,2025-09-22 12:26:00,2025-09-22 21:58:00,26,16,,
TRIP-000622,2025-09-23 00:16:00,2025-09-23 06:49:00,16,44,,
TRIP-000623,2025-09-23 06:26:00,2025-09-23 13:56:00,26,7,,
TRIP-000624,2025-12-22 06:08:00,2025-12-22 14:59:00,8,0,,
TRIP-000625,2025-12-22 18:40:00,2025-12-23 05:03:00,40,20,,
TRIP-000626,2025-12-22 06:20:00,2025-12-22 13:22:00,20,45,,
TRIP-000627,2025-12-22 18:46:00,2025-12-23 07:17:00,46,75,,
TRIP-000628,2025-06-08 12:10:00,2025-06-09 00:30:00,10,28,,
TRIP-000629,2025-06-08 18:20:00,2025-06-09 06:10:00,20,31,,
TRIP-000630,2025-07-08 12:00:00,2025-07-08 15:11:00,0,0,,
TRIP-000631,2025-07-08 18:00:00,2025-07-09 00:10:00,0,0,,
TRIP-000632,2025-02-08 18:05:00,2025-02-09 03:55:00,5,17,,
TRIP-000633,2025-02-09 06:00:00,2025-02-09 13:44:00,0,0,,
TRIP-000634,2025-02-09 18:06:00,2025-02-09 20:50:00,6,4,,
TRIP-000635,2025-07-22 12:02:00,2025-07-22 16:21:00,2,21,,
TRIP-000636,2025-05-22 12:19:00,2025-05-22 15:02:00,19,0,,
TRIP-000637,2025-05-22 18:14:00,2025-05-23 00:25:00,14,22,,
TRIP-000638,2025-05-23 00:13:00,2025-05-23 12:34:00,13,11,,
TRIP-000639,2025-08-08 18:47:00,2025-08-09 04:35:00,47,95,,
TRIP-000640,2025-08-09 06:49:00,2025-08-09 13:26:00,49,255,Kerusakan Mesin,High
TRIP-000641,2025-08-09 12:00:00,2025-08-10 00:36:00,0,11,,
TRIP-000642,2025-07-22 06:20:00,2025-07-22 15:11:00,20,30,,
TRIP-000643,2025-07-22 18:37:00,2025-07-23 03:22:00,37,68,,
TRIP-000644,2025-12-08 06:00:00,2025-12-08 10:31:00,0,4,,
TRIP-000645,2025-12-08 12:34:00,2025-12-08 18:48:00,34,11,,
TRIP-000646,2025-07-23 12:28:00,2025-07-23 20:20:00,28,48,,
TRIP-000647,2025-10-08 12:00:00,2025-10-08 18:10:00,0,0,,
TRIP-000648,2025-10-08 18:18:00,2025-10-09 02:58:00,18,47,,
TRIP-000649,2025-05-08 06:18:00,2025-05-08 12:32:00,18,81,,
TRIP-000650,2025-05-08 12:00:00,2025-05-08 19:34:00,0,0,,
TRIP-000651,2025-05-09 00:41:00,2025-05-09 04:35:00,41,116,,
TRIP-000652,2025-03-22 18:15:00,2025-03-22 20:56:00,15,10,,
TRIP-000653,2025-10-08 18:10:00,2025-10-08 20:50:00,10,4,,
TRIP-000654,2025-10-09 00:03:00,2025-10-09 03:19:00,3,17,,
TRIP-000655,2025-12-08 18:15:00,2025-12-08 20:59:00,15,13,,
TRIP-000656,2025-12-09 00:00:00,2025-12-09 03:11:00,0,9,,
TRIP-000657,2025-12-09 06:22:00,2025-12-09 15:41:00,22,218,Kemacetan,High
TRIP-000658,2025-08-22 06:23:00,2025-08-22 18:04:00,23,50,,
TRIP-000659,2025-08-22 18:18:00,2025-08-23 03:38:00,18,0,,
TRIP-000660,2025-08-23 06:40:00,2025-08-23 14:06:00,40,22,,
TRIP-000661,2025-07-22 18:00:00,2025-07-22 22:05:00,0,29,,
TRIP-000662,2025-07-23 00:02:00,2025-07-23 09:42:00,2,0,,
TRIP-000663,2025-12-08 18:46:00,2025-12-08 22:38:00,46,62,,
TRIP-000664,2025-12-09 00:03:00,2025-12-09 09:48:00,3,6,,
TRIP-000665,2025-03-22 18:00:00,2025-03-23 01:32:00,0,0,,
TRIP-000666,2025-03-23 06:39:00,2025-03-23 17:14:00,39,0,,
TRIP-000667,2025-11-22 06:16:00,2025-11-22 11:41:00,16,30,,
TRIP-000668,2025-12-22 06:00:00,2025-12-22 12:19:00,0,14,,
TRIP-000669,2025-12-08 18:27:00,2025-12-08 22:00:00,27,58,,
TRIP-000670,2025-12-09 00:33:00,2025-12-09 07:03:00,33,60,,
TRIP-000671,2025-09-08 12:20:00,2025-09-08 21:19:00,20,19,,
TRIP-000672,2025-11-08 06:11:00,2025-11-08 13:34:00,11,0,,
TRIP-000673,2025-11-08 18:34:00,2025-11-08 21:19:00,34,40,,
TRIP-000674,2025-11-09 00:21:00,2025-11-09 09:00:00,21,0,,
TRIP-000675,2025-08-08 18:00:00,2025-08-09 02:11:00,0,0,,
TRIP-000676,2025-05-22 12:13:00,2025-05-22 19:44:00,13,12,,
TRIP-000677,2025-07-22 06:38:00,2025-07-22 17:26:00,38,43,,
TRIP-000678,2025-07-22 18:00:00,2025-07-23 00:24:00,0,14,,
TRIP-000679,2025-08-08 18:15:00,2025-08-09 02:26:00,15,12,,
TRIP-000680,2025-12-22 12:04:00,2025-12-22 20:11:00,4,0,,
TRIP-000681,2025-12-23 00:44:00,2025-12-23 06:48:00,44,38,,
TRIP-000682,2025-12-23 06:00:00,2025-12-23 14:24:00,0,52,,
TRIP-000683,2025-03-08 06:14:00,2025-03-08 14:43:00,14,69,,
TRIP-000684,2025-03-08 18:32:00,2025-03-08 21:31:00,32,52,,
TRIP-000685,2025-03-09 00:00:00,2025-03-09 09:35:00,0,35,,
TRIP-000686,2025-06-09 00:00:00,2025-06-09 07:47:00,0,3,,
TRIP-000687,2025-12-23 06:11:00,2025-12-23 17:27:00,11,44,,
TRIP-000688,2025-06-22 18:12:00,2025-06-23 02:41:00,12,0,,
TRIP-000689,2025-06-23 06:07:00,2025-06-23 14:32:00,7,18,,
TRIP-000690,2025-06-09 06:00:00,2025-06-09 12:40:00,0,35,,
TRIP-000691,2025-02-08 06:00:00,2025-02-08 10:27:00,0,0,,
TRIP-000692,2025-02-08 12:00:00,2025-02-08 18:39:00,0,2,,
TRIP-000693,2025-07-22 12:37:00,2025-07-22 15:24:00,37,38,,
TRIP-000694,2025-07-22 18:00:00,2025-07-22 21:07:00,0,5,,
TRIP-000695,2025-12-08 12:15:00,2025-12-09 00:11:00,15,9,,
TRIP-000696,2025-05-23 12:14:00,2025-05-23 16:04:00,14,28,,
TRIP-000697,2025-06-23 06:28:00,2025-06-23 18:02:00,28,48,,
TRIP-000698,2025-12-22 06:08:00,2025-12-22 18:34:00,8,9,,
TRIP-000699,2025-12-22 18:12:00,2025-12-23 04:01:00,12,23,,
TRIP-000700,2025-12-23 06:40:00,2025-12-23 14:11:00,40,27,,
TRIP-000701,2025-06-22 06:09:00,2025-06-22 14:03:00,9,29,,
TRIP-000702,2025-06-22 18:23:00,2025-06-22 21:20:00,23,41,,
TRIP-000703,2025-10-22 12:07:00,2025-10-22 18:06:00,7,150,Kerusakan Mesin,Medium
TRIP-000704,2025-10-22 18:00:00,2025-10-23 03:56:00,0,14,,
TRIP-000705,2025-03-22 06:00:00,2025-03-22 18:05:00,0,51,,
TRIP-000706,2025-03-22 18:14:00,2025-03-23 04:12:00,14,34,,
TRIP-000707,2025-01-08 12:26:00,2025-01-08 16:29:00,26,78,,
TRIP-000708,2025-11-08 12:07:00,2025-11-08 19:33:00,7,1,,
TRIP-000709,2025-11-09 00:26:00,2025-11-09 12:18:00,26,64,,
TRIP-000710,2025-06-22 06:05:00,2025-06-22 17:47:00,5,33,,
TRIP-000711,2025-01-08 12:10:00,2025-01-08 18:47:00,10,42,,
TRIP-000712,2025-01-08 18:09:00,2025-01-09 01:49:00,9,0,,
TRIP-000713,2025-06-08 12:16:00,2025-06-08 15:57:00,16,46,,
TRIP-000714,2025-12-08 12:01:00,2025-12-08 18:10:00,1,0,,
TRIP-000715,2025-12-08 18:09:00,2025-12-09 01:52:00,9,20,,
TRIP-000716,2025-09-22 18:27:00,2025-09-22 23:21:00,27,54,,
TRIP-000717,2025-09-23 00:25:00,2025-09-23 07:26:00,25,49,,
TRIP-000718,2025-05-08 18:27:00,2025-05-08 23:08:00,27,41,,
TRIP-000719,2025-12-22 06:42:00,2025-12-22 16:16:00,42,34,,
TRIP-000720,2025-08-08 12:03:00,2025-08-08 23:14:00,3,0,,
TRIP-000721,2025-05-22 12:00:00,2025-05-22 17:11:00,0,0,,
TRIP-000722,2025-07-08 06:27:00,2025-07-08 16:31:00,27,53,,
TRIP-000723,2025-11-22 12:00:00,2025-11-22 17:32:00,0,21,,
TRIP-000724,2025-05-08 12:12:00,2025-05-08 18:03:00,12,0,,
TRIP-000725,2025-05-08 18:00:00,2025-05-09 05:42:00,0,3,,
TRIP-000726,2025-06-08 06:00:00,2025-06-08 17:14:00,0,0,,
TRIP-000727,2025-06-22 12:37:00,2025-06-23 00:28:00,37,49,,
TRIP-000728,2025-06-23 00:00:00,2025-06-23 08:41:00,0,0,,
TRIP-000729,2025-05-08 18:00:00,2025-05-09 00:07:00,0,2,,
TRIP-000730,2025-01-22 18:16:00,2025-01-23 01:34:00,16,0,,
TRIP-000731,2025-01-23 06:00:00,2025-01-23 08:41:00,0,2,,
TRIP-000732,2025-01-23 12:22:00,2025-01-23 21:00:00,22,0,,
TRIP-000733,2025-12-22 06:27:00,2025-12-22 17:49:00,27,66,,
TRIP-000734,2025-12-22 18:00:00,2025-12-23 00:10:00,0,0,,
TRIP-000735,2025-06-08 18:16:00,2025-06-09 03:14:00,16,33,,
TRIP-000736,2025-06-09 06:00:00,2025-06-09 14:36:00,0,22,,
TRIP-000737,2025-09-22 12:12:00,2025-09-22 18:16:00,12,11,,
TRIP-000738,2025-09-22 18:18:00,2025-09-23 01:49:00,18,0,,
TRIP-000739,2025-09-23 06:18:00,2025-09-23 15:12:00,18,31,,
TRIP-000740,2025-09-08 12:00:00,2025-09-08 21:52:00,0,14,,
TRIP-000741,2025-09-09 00:22:00,2025-09-09 07:44:00,22,0,,
TRIP-000742,2025-09-09 12:20:00,2025-09-09 15:41:00,20,55,,
TRIP-000743,2025-07-08 18:23:00,2025-07-09 00:45:00,23,42,,
TRIP-000744,2025-07-09 00:54:00,2025-07-09 13:43:00,54,124,,
TRIP-000745,2025-07-09 12:19:00,2025-07-09 21:17:00,19,36,,
TRIP-000746,2025-06-08 18:24:00,2025-06-09 05:49:00,24,169,Cuaca,Medium
TRIP-000747,2025-06-09 06:00:00,2025-06-09 09:11:00,0,0,,
TRIP-000748,2025-06-09 12:40:00,2025-06-09 18:55:00,40,45,,
TRIP-000749,2025-03-08 06:24:00,2025-03-08 12:49:00,24,46,,
TRIP-000750,2025-03-08 12:09:00,2025-03-09 00:36:00,9,13,,
TRIP-000751,2025-09-08 06:00:00,2025-09-08 09:36:00,0,0,,
TRIP-000752,2025-09-08 12:00:00,2025-09-08 22:24:00,0,42,,
TRIP-000753,2025-12-08 18:25:00,2025-12-09 01:28:00,25,51,,
TRIP-000754,2025-12-09 06:16:00,2025-12-09 18:42:00,16,40,,
TRIP-000755,2025-02-22 12:14:00,2025-02-23 00:34:00,14,32,,
TRIP-000756,2025-02-23 00:23:00,2025-02-23 10:43:00,23,0,,
TRIP-000757,2025-02-23 12:15:00,2025-02-23 18:42:00,15,32,,
TRIP-000758,2025-12-22 12:17:00,2025-12-23 00:28:00,17,3,,
TRIP-000759,2025-12-23 00:03:00,2025-12-23 12:48:00,3,190,Kemacetan,High
TRIP-000760,2025-12-23 12:38:00,2025-12-23 16:18:00,38,18,,
TRIP-000761,2025-11-08 18:02:00,2025-11-09 02:23:00,2,12,,
TRIP-000762,2025-11-09 06:01:00,2025-11-09 12:22:00,1,12,,
TRIP-000763,2025-07-22 12:00:00,2025-07-22 23:23:00,0,40,,
TRIP-000764,2025-01-22 06:00:00,2025-01-22 15:09:00,0,9,,
TRIP-000765,2025-01-22 18:07:00,2025-01-22 21:30:00,7,19,,
TRIP-000766,2025-11-22 06:08:00,2025-11-22 14:01:00,8,12,,
TRIP-000767,2025-01-22 06:42:00,2025-01-22 14:13:00,42,41,,
TRIP-000768,2025-08-22 18:00:00,2025-08-23 03:42:00,0,0,,
TRIP-000769,2025-08-23 06:00:00,2025-08-23 12:30:00,0,25,,
TRIP-000770,2025-08-23 12:00:00,2025-08-23 20:06:00,0,17,,
TRIP-000771,2025-02-08 12:35:00,2025-02-08 15:38:00,35,27,,
TRIP-000772,2025-02-08 18:00:00,2025-02-09 06:25:00,0,0,,
TRIP-000773,2025-12-23 00:08:00,2025-12-23 09:14:00,8,33,,
TRIP-000774,2025-04-08 12:19:00,2025-04-08 15:18:00,19,32,,
TRIP-000775,2025-04-08 18:12:00,2025-04-08 21:48:00,12,46,,
TRIP-000776,2025-07-08 06:01:00,2025-07-08 12:10:00,1,0,,
TRIP-000777,2025-12-09 00:27:00,2025-12-09 15:27:00,27,284,Kerusakan Mesin,High
TRIP-000778,2025-03-22 06:26:00,2025-03-22 16:00:00,26,230,Kerusakan Mesin,High
TRIP-000779,2025-07-08 18:17:00,2025-07-09 06:08:00,17,29,,
TRIP-000780,2025-07-09 06:23:00,2025-07-09 15:30:00,23,31,,
TRIP-000781,2025-04-22 12:25:00,2025-04-22 15:25:00,25,14,,
TRIP-000782,2025-11-08 12:33:00,2025-11-08 18:47:00,33,37,,
TRIP-000783,2025-11-08 18:21:00,2025-11-09 01:47:00,21,15,,
TRIP-000784,2025-11-09 06:32:00,2025-11-09 18:20:00,32,66,,
TRIP-000785,2025-01-08 06:02:00,2025-01-08 17:14:00,2,0,,
TRIP-000786,2025-01-08 18:00:00,2025-01-09 03:38:00,0,0,,
TRIP-000787,2025-01-09 06:00:00,2025-01-09 10:14:00,0,14,,
TRIP-000788,2025-05-08 12:00:00,2025-05-08 19:32:00,0,0,,
TRIP-000789,2025-05-09 00:00:00,2025-05-09 11:14:00,0,0,,
TRIP-000790,2025-05-09 12:08:00,2025-05-09 21:59:00,8,21,,
TRIP-000791,2025-03-09 00:00:00,2025-03-09 06:20:00,0,15,,
TRIP-000792,2025-03-09 06:04:00,2025-03-09 14:00:00,4,11,,
TRIP-000793,2025-03-22 18:03:00,2025-03-23 06:34:00,3,32,,
TRIP-000794,2025-03-23 06:14:00,2025-03-23 17:04:00,14,21,,
TRIP-000795,2025-12-22 12:00:00,2025-12-22 15:35:00,0,24,,
TRIP-000796,2025-12-22 18:10:00,2025-12-23 07:16:00,10,51,,
TRIP-000797,2025-12-23 06:07:00,2025-12-23 15:55:00,7,17,,
TRIP-000798,2025-04-08 18:00:00,2025-04-09 05:40:00,0,1,,
TRIP-000799,2025-12-22 12:00:00,2025-12-22 15:19:00,0,33,,
TRIP-000800,2025-06-22 06:19:00,2025-06-22 16:02:00,19,24,,
TRIP-000801,2025-06-22 18:15:00,2025-06-23 02:14:00,15,30,,
TRIP-000802,2025-08-08 12:11:00,2025-08-09 00:02:00,11,0,,
TRIP-000803,2025-08-09 00:41:00,2025-08-09 06:02:00,41,51,,
TRIP-000804,2025-08-09 06:44:00,2025-08-09 14:28:00,44,54,,
TRIP-000805,2025-07-22 12:00:00,2025-07-22 22:10:00,0,28,,
TRIP-000806,2025-07-23 00:00:00,2025-07-23 06:38:00,0,33,,
TRIP-000807,2025-03-08 12:01:00,2025-03-08 20:06:00,1,17,,
TRIP-000808,2025-12-08 12:46:00,2025-12-08 21:02:00,46,73,,
TRIP-000809,2025-12-22 06:11:00,2025-12-22 12:13:00,11,10,,
TRIP-000810,2025-12-22 12:00:00,2025-12-22 23:39:00,0,0,,
TRIP-000811,2025-10-22 12:00:00,2025-10-22 17:51:00,0,40,,
TRIP-000812,2025-10-22 18:36:00,2025-10-23 02:28:00,36,54,,
TRIP-000813,2025-10-23 06:30:00,2025-10-23 09:26:00,30,47,,
TRIP-000814,2025-10-08 06:00:00,2025-10-08 17:14:00,0,0,,
TRIP-000815,2025-10-08 18:00:00,2025-10-09 03:38:00,0,0,,
TRIP-000816,2025-07-08 06:00:00,2025-07-08 12:10:00,0,0,,
TRIP-000817,2025-07-08 12:33:00,2025-07-08 20:48:00,33,37,,
TRIP-000818,2025-09-08 12:12:00,2025-09-08 15:01:00,12,22,,
TRIP-000819,2025-06-09 06:06:00,2025-06-09 14:41:00,6,0,,
TRIP-000820,2025-05-22 18:00:00,2025-05-23 03:03:00,0,22,,
TRIP-000821,2025-05-23 06:26:00,2025-05-23 14:15:00,26,1,,
TRIP-000822,2025-05-23 18:21:00,2025-05-23 22:29:00,21,2,,
TRIP-000823,2025-07-09 00:33:00,2025-07-09 08:03:00,33,29,,
TRIP-000824,2025-02-08 06:46:00,2025-02-08 13:04:00,46,59,,
TRIP-000825,2025-10-08 06:22:00,2025-10-08 15:45:00,22,45,,
TRIP-000826,2025-10-09 00:00:00,2025-10-09 12:25:00,0,0,,
TRIP-000827,2025-06-22 06:24:00,2025-06-22 09:27:00,24,25,,
TRIP-000828,2025-12-08 12:00:00,2025-12-08 16:36:00,0,9,,
TRIP-000829,2025-03-08 12:19:00,2025-03-08 18:39:00,19,29,,
TRIP-000830,2025-11-22 06:15:00,2025-11-22 10:13:00,15,13,,
TRIP-000831,2025-11-22 12:03:00,2025-11-23 00:40:00,3,17,,
TRIP-000832,2025-11-23 00:04:00,2025-11-23 04:13:00,4,37,,
TRIP-000833,2025-04-22 06:27:00,2025-04-22 14:10:00,27,21,,
TRIP-000834,2025-04-22 18:07:00,2025-04-23 02:59:00,7,0,,
TRIP-000835,2025-07-08 18:15:00,2025-07-09 05:47:00,15,253,Cuaca,High
TRIP-000836,2025-06-22 06:24:00,2025-06-22 15:32:00,24,51,,
TRIP-000837,2025-09-08 18:19:00,2025-09-09 05:34:00,19,20,,
TRIP-000838,2025-09-09 06:04:00,2025-09-09 15:53:00,4,15,,
TRIP-000839,2025-03-22 18:21:00,2025-03-22 21:48:00,21,46,,
TRIP-000840,2025-02-22 06:35:00,2025-02-22 15:52:00,35,52,,
TRIP-000841,2025-02-22 18:34:00,2025-02-22 22:21:00,34,70,,
TRIP-000842,2025-01-22 06:00:00,2025-01-22 15:42:00,0,0,,
TRIP-000843,2025-01-22 18:00:00,2025-01-23 00:11:00,0,6,,
TRIP-000844,2025-07-22 12:32:00,2025-07-22 16:05:00,32,54,,
TRIP-000845,2025-02-22 12:22:00,2025-02-22 18:29:00,22,19,,
TRIP-000846,2025-02-22 18:07:00,2025-02-23 02:50:00,7,39,,
TRIP-000847,2025-07-08 06:17:00,2025-07-08 17:25:00,17,11,,
TRIP-000848,2025-12-22 12:00:00,2025-12-22 14:39:00,0,0,,
TRIP-000849,2025-12-22 18:00:00,2025-12-23 03:00:00,0,0,,
TRIP-000850,2025-12-23 06:00:00,2025-12-23 09:31:00,0,20,,
TRIP-000851,2025-06-23 00:15:00,2025-06-23 06:39:00,15,29,,
TRIP-000852,2025-10-08 06:11:00,2025-10-08 09:55:00,11,19,,
TRIP-000853,2025-10-08 12:00:00,2025-10-08 21:47:00,0,5,,
TRIP-000854,2025-08-08 18:00:00,2025-08-08 21:06:00,0,20,,
TRIP-000855,2025-08-09 00:10:00,2025-08-09 06:16:00,10,194,Kerusakan Mesin,High
TRIP-000856,2025-08-09 06:00:00,2025-08-09 12:03:00,0,0,,
TRIP-000857,2025-07-22 06:16:00,2025-07-22 13:32:00,16,0,,
TRIP-000858,2025-07-22 18:00:00,2025-07-23 05:14:00,0,0,,
TRIP-000859,2025-08-22 12:23:00,2025-08-22 21:08:00,23,54,,
TRIP-000860,2025-03-08 18:00:00,2025-03-09 01:41:00,0,9,,
TRIP-000861,2025-03-09 06:00:00,2025-03-09 17:33:00,0,19,,
TRIP-000862,2025-03-22 12:28:00,2025-03-22 15:02:00,28,0,,
TRIP-000863,2025-03-22 18:15:00,2025-03-23 00:35:00,15,32,,
TRIP-000864,2025-12-22 06:00:00,2025-12-22 10:39:00,0,39,,
TRIP-000865,2025-12-23 00:00:00,2025-12-23 03:37:00,0,1,,
TRIP-000866,2025-06-08 06:00:00,2025-06-08 16:11:00,0,29,,
TRIP-000867,2025-06-22 18:00:00,2025-06-22 21:11:00,0,9,,
TRIP-000868,2025-06-23 00:41:00,2025-06-23 06:40:00,41,37,,
TRIP-000869,2025-06-23 06:04:00,2025-06-23 19:21:00,4,58,,
TRIP-000870,2025-06-08 18:00:00,2025-06-08 22:28:00,0,1,,
TRIP-000871,2025-06-09 00:08:00,2025-06-09 07:08:00,8,31,,
TRIP-000872,2025-06-09 12:01:00,2025-06-10 00:02:00,1,0,,
TRIP-000873,2025-01-08 12:21:00,2025-01-08 18:10:00,21,0,,
TRIP-000874,2025-01-08 18:18:00,2025-01-09 02:11:00,18,0,,
TRIP-000875,2025-06-08 18:06:00,2025-06-09 00:05:00,6,0,,
TRIP-000876,2025-05-08 12:05:00,2025-05-08 16:31:00,5,31,,
TRIP-000877,2025-05-08 18:00:00,2025-05-09 06:29:00,0,6,,
TRIP-000878,2025-05-22 12:40:00,2025-05-23 00:42:00,40,17,,
TRIP-000879,2025-05-23 00:00:00,2025-05-23 09:40:00,0,2,,
TRIP-000880,2025-05-23 12:04:00,2025-05-23 20:10:00,4,26,,
TRIP-000881,2025-07-08 18:05:00,2025-07-09 00:48:00,5,43,,
TRIP-000882,2025-07-09 00:00:00,2025-07-09 07:51:00,0,2,,
TRIP-000883,2025-07-09 12:00:00,2025-07-09 20:59:00,0,0,,
TRIP-000884,2025-03-22 12:00:00,2025-03-22 21:13:00,0,13,,
TRIP-000885,2025-12-23 12:10:00,2025-12-23 21:42:00,10,0,,
TRIP-000886,2025-12-08 12:32:00,2025-12-09 01:14:00,32,51,,
TRIP-000887,2025-04-22 12:29:00,2025-04-22 16:24:00,29,48,,
TRIP-000888,2025-06-08 06:20:00,2025-06-08 16:48:00,20,278,Kerusakan Mesin,High
TRIP-000889,2025-06-08 12:09:00,2025-06-08 19:36:00,9,4,,
TRIP-000890,2025-03-08 06:00:00,2025-03-08 16:09:00,0,31,,
TRIP-000891,2025-03-08 18:21:00,2025-03-09 02:08:00,21,24,,
TRIP-000892,2025-05-08 12:23:00,2025-05-09 00:04:00,23,233,Kerusakan Mesin,High
TRIP-000893,2025-05-09 00:00:00,2025-05-09 06:26:00,0,16,,
TRIP-000894,2025-05-09 06:31:00,2025-05-09 14:12:00,31,40,,
TRIP-000895,2025-04-22 06:00:00,2025-04-22 17:42:00,0,28,,
TRIP-000896,2025-04-22 18:01:00,2025-04-23 03:38:00,1,0,,
TRIP-000897,2025-04-22 12:21:00,2025-04-22 18:06:00,21,1,,
TRIP-000898,2025-04-22 18:31:00,2025-04-23 02:40:00,31,51,,
TRIP-000899,2025-12-23 00:12:00,2025-12-23 06:38:00,12,28,,
TRIP-000900,2025-06-09 06:06:00,2025-06-09 14:00:00,6,16,,
TRIP-000901,2025-06-09 18:00:00,2025-06-09 20:46:00,0,0,,
TRIP-000902,2025-12-22 06:29:00,2025-12-22 15:08:00,29,54,,
TRIP-000903,2025-08-23 06:30:00,2025-08-23 11:47:00,30,36,,
TRIP-000904,2025-01-08 06:19:00,2025-01-08 11:42:00,19,31,,
TRIP-000905,2025-04-22 12:08:00,2025-04-22 23:02:00,8,208,Kerusakan Mesin,High
TRIP-000906,2025-04-23 00:26:00,2025-04-23 03:00:00,26,21,,
TRIP-000907,2025-04-23 06:26:00,2025-04-23 17:00:00,26,120,Kerusakan Mesin,Medium
TRIP-000908,2025-07-08 06:14:00,2025-07-08 09:36:00,14,0,,
TRIP-000909,2025-12-09 06:26:00,2025-12-09 13:49:00,26,17,,
TRIP-000910,2025-04-22 06:37:00,2025-04-22 18:47:00,37,45,,
TRIP-000911,2025-04-22 18:24:00,2025-04-23 00:30:00,24,79,,
TRIP-000912,2025-04-23 00:12:00,2025-04-23 07:36:00,12,2,,
TRIP-000913,2025-07-09 18:07:00,2025-07-10 04:47:00,7,4,,
TRIP-000914,2025-06-08 12:27:00,2025-06-09 00:02:00,27,48,,
TRIP-000915,2025-06-09 00:00:00,2025-06-09 09:38:00,0,0,,
TRIP-000916,2025-06-09 12:01:00,2025-06-09 16:00:00,1,0,,
TRIP-000917,2025-07-22 12:30:00,2025-07-22 19:05:00,30,28,,
TRIP-000918,2025-12-09 00:17:00,2025-12-09 09:01:00,17,20,,
TRIP-000919,2025-11-08 06:05:00,2025-11-08 17:57:00,5,43,,
TRIP-000920,2025-11-08 18:11:00,2025-11-09 06:15:00,11,157,Kerusakan Mesin,Medium
TRIP-000921,2025-11-09 06:00:00,2025-11-09 10:00:00,0,0,,
TRIP-000922,2025-12-08 12:29:00,2025-12-08 18:35:00,29,32,,
TRIP-000923,2025-04-22 06:20:00,2025-04-22 14:00:00,20,240,Kemacetan,High
TRIP-000924,2025-04-22 12:07:00,2025-04-23 00:23:00,7,0,,
TRIP-000925,2025-06-22 12:13:00,2025-06-22 19:47:00,13,15,,
TRIP-000926,2025-06-23 00:33:00,2025-06-23 11:41:00,33,27,,
TRIP-000927,2025-10-08 06:22:00,2025-10-08 12:18:00,22,15,,
TRIP-000928,2025-07-08 06:00:00,2025-07-08 10:00:00,0,0,,
TRIP-000929,2025-03-08 06:24:00,2025-03-08 13:50:00,24,1,,
TRIP-000930,2025-03-08 18:00:00,2025-03-09 02:41:00,0,0,,
TRIP-000931,2025-03-09 06:29:00,2025-03-09 14:30:00,29,16,,
TRIP-000932,2025-08-08 12:00:00,2025-08-08 15:11:00,0,0,,
TRIP-000933,2025-07-08 12:07:00,2025-07-08 19:44:00,7,0,,
TRIP-000934,2025-07-09 00:32:00,2025-07-09 03:12:00,32,26,,
TRIP-000935,2025-06-23 00:24:00,2025-06-23 12:16:00,24,37,,
TRIP-000936,2025-05-22 06:05:00,2025-05-22 18:23:00,5,0,,
TRIP-000937,2025-05-22 18:17:00,2025-05-22 22:06:00,17,30,,
TRIP-000938,2025-06-08 12:00:00,2025-06-08 18:30:00,0,20,,
TRIP-000939,2025-11-08 06:00:00,2025-11-08 12:05:00,0,0,,
TRIP-000940,2025-11-08 12:35:00,2025-11-08 20:32:00,35,43,,
TRIP-000941,2025-05-23 00:00:00,2025-05-23 09:36:00,0,37,,
TRIP-000942,2025-08-22 06:17:00,2025-08-22 12:33:00,17,23,,
TRIP-000943,2025-12-23 18:00:00,2025-12-24 02:34:00,0,20,,
TRIP-000944,2025-07-22 18:39:00,2025-07-23 02:14:00,39,42,,
TRIP-000945,2025-07-23 06:00:00,2025-07-23 17:14:00,0,0,,
TRIP-000946,2025-01-08 12:11:00,2025-01-08 15:10:00,11,8,,
TRIP-000947,2025-01-08 18:00:00,2025-01-09 00:24:00,0,21,,
TRIP-000948,2025-02-22 06:14:00,2025-02-22 18:04:00,14,50,,
TRIP-000949,2025-02-22 18:17:00,2025-02-23 03:58:00,17,20,,
TRIP-000950,2025-05-22 12:00:00,2025-05-22 16:07:00,0,7,,
TRIP-000951,2025-11-08 06:00:00,2025-11-08 09:01:00,0,22,,
TRIP-000952,2025-01-08 18:15:00,2025-01-08 21:18:00,15,16,,
TRIP-000953,2025-01-09 00:00:00,2025-01-09 06:12:00,0,9,,
TRIP-000954,2025-05-22 12:01:00,2025-05-22 23:41:00,1,27,,
TRIP-000955,2025-03-08 06:28:00,2025-03-08 14:34:00,28,23,,
TRIP-000956,2025-02-22 12:05:00,2025-02-23 00:33:00,5,175,Kerusakan Mesin,Medium
TRIP-000957,2025-02-23 00:18:00,2025-02-23 08:01:00,18,17,,
TRIP-000958,2025-04-22 06:13:00,2025-04-22 09:11:00,13,0,,
TRIP-000959,2025-03-08 18:29:00,2025-03-08 21:47:00,29,36,,
TRIP-000960,2025-03-09 00:10:00,2025-03-09 06:10:00,10,0,,
TRIP-000961,2025-11-22 06:00:00,2025-11-22 18:02:00,0,0,,
TRIP-000962,2025-05-08 12:33:00,2025-05-08 21:28:00,33,28,,
TRIP-000963,2025-02-22 06:00:00,2025-02-22 13:32:00,0,0,,
TRIP-000964,2025-02-22 18:14:00,2025-02-23 05:38:00,14,24,,
TRIP-000965,2025-11-22 18:30:00,2025-11-23 00:58:00,30,21,,
TRIP-000966,2025-11-23 06:00:00,2025-11-23 18:03:00,0,1,,
TRIP-000967,2025-11-23 18:00:00,2025-11-23 23:22:00,0,11,,
TRIP-000968,2025-06-22 12:16:00,2025-06-22 16:57:00,16,30,,
TRIP-000969,2025-06-22 18:11:00,2025-06-23 01:42:00,11,65,,
TRIP-000970,2025-06-23 06:00:00,2025-06-23 21:45:00,0,223,Kerusakan Mesin,High
TRIP-000971,2025-12-08 18:00:00,2025-12-08 20:39:00,0,0,,
TRIP-000972,2025-12-09 00:00:00,2025-12-09 09:00:00,0,0,,
TRIP-000973,2025-07-08 06:00:00,2025-07-08 14:41:00,0,0,,
TRIP-000974,2025-07-08 18:12:00,2025-07-09 02:25:00,12,11,,
TRIP-000975,2025-03-22 06:03:00,2025-03-22 12:37:00,3,0,,
TRIP-000976,2025-07-22 12:00:00,2025-07-22 18:10:00,0,0,,
TRIP-000977,2025-07-09 00:21:00,2025-07-09 09:26:00,21,27,,
TRIP-000978,2025-07-09 12:18:00,2025-07-09 23:00:00,18,17,,
TRIP-000979,2025-02-08 18:16:00,2025-02-09 00:47:00,16,37,,
TRIP-000980,2025-02-09 00:00:00,2025-02-09 07:32:00,0,0,,
TRIP-000981,2025-03-08 12:15:00,2025-03-08 19:41:00,15,7,,
TRIP-000982,2025-07-08 06:32:00,2025-07-08 09:43:00,32,64,,
TRIP-000983,2025-06-08 12:00:00,2025-06-08 18:41:00,0,4,,
TRIP-000984,2025-06-09 00:34:00,2025-06-09 12:54:00,34,52,,
TRIP-000985,2025-06-09 12:09:00,2025-06-09 19:44:00,9,0,,
TRIP-000986,2025-07-22 06:26:00,2025-07-22 10:00:00,26,0,,
TRIP-000987,2025-07-22 12:00:00,2025-07-23 00:36:00,0,13,,
TRIP-000988,2025-05-08 06:07:00,2025-05-08 14:52:00,7,11,,
TRIP-000989,2025-05-08 18:31:00,2025-05-09 02:43:00,31,29,,
TRIP-000990,2025-05-09 06:00:00,2025-05-09 10:27:00,0,0,,
TRIP-000991,2025-11-08 06:00:00,2025-11-08 13:32:00,0,0,,
TRIP-000992,2025-11-08 18:40:00,2025-11-09 06:05:00,40,51,,
TRIP-000993,2025-12-09 06:26:00,2025-12-09 17:57:00,26,43,,
TRIP-000994,2025-02-08 06:04:00,2025-02-08 15:06:00,4,52,,
TRIP-000995,2025-07-22 06:00:00,2025-07-22 12:06:00,0,1,,
TRIP-000996,2025-07-22 12:16:00,2025-07-22 20:08:00,16,19,,
TRIP-000997,2025-06-23 00:08:00,2025-06-23 03:33:00,8,22,,
TRIP-000998,2025-10-08 06:02:00,2025-10-08 15:38:00,2,0,,
TRIP-000999,2025-02-08 18:14:00,2025-02-09 00:10:00,14,0,,
TRIP-001000,2025-02-09 00:03:00,2025-02-09 08:37:00,3,26,,
TRIP-001001,2025-10-22 18:00:00,2025-10-23 03:39:00,0,1,,
TRIP-001002,2025-10-23 06:00:00,2025-10-23 14:04:00,0,20,,
TRIP-001003,2025-03-22 06:00:00,2025-03-22 11:39:00,0,28,,
TRIP-001004,2025-03-22 12:05:00,2025-03-22 20:00:00,5,26,,
TRIP-001005,2025-03-23 00:22:00,2025-03-23 02:54:00,22,15,,
TRIP-001006,2025-02-22 18:00:00,2025-02-22 21:04:00,0,18,,
TRIP-001007,2025-12-08 06:10:00,2025-12-08 12:17:00,10,14,,
TRIP-001008,2025-12-08 12:27:00,2025-12-09 00:10:00,27,31,,
TRIP-001009,2025-01-08 12:00:00,2025-01-08 22:49:00,0,6,,
TRIP-001010,2025-06-09 00:32:00,2025-06-09 06:03:00,32,0,,
TRIP-001011,2025-12-22 12:00:00,2025-12-22 16:27:00,0,0,,
TRIP-001012,2025-12-22 18:06:00,2025-12-23 01:26:00,6,49,,
TRIP-001013,2025-07-23 00:21:00,2025-07-23 08:04:00,21,32,,
TRIP-001014,2025-06-22 12:14:00,2025-06-22 18:05:00,14,0,,
TRIP-001015,2025-11-08 06:11:00,2025-11-08 10:42:00,11,15,,
TRIP-001016,2025-08-08 18:00:00,2025-08-09 01:35:00,0,3,,
TRIP-001017,2025-08-09 06:25:00,2025-08-09 17:50:00,25,36,,
TRIP-001018,2025-08-09 18:25:00,2025-08-10 04:01:00,25,23,,
TRIP-001019,2025-06-22 06:00:00,2025-06-22 12:05:00,0,0,,
TRIP-001020,2025-03-08 12:15:00,2025-03-08 16:15:00,15,15,,
TRIP-001021,2025-12-09 00:00:00,2025-12-09 05:11:00,0,0,,
TRIP-001022,2025-12-09 06:00:00,2025-12-09 13:34:00,0,0,,
TRIP-001023,2025-04-08 06:00:00,2025-04-08 15:27:00,0,27,,
TRIP-001024,2025-04-08 18:00:00,2025-04-08 21:25:00,0,14,,
TRIP-001025,2025-09-08 18:32:00,2025-09-09 06:52:00,32,29,,
TRIP-001026,2025-09-09 06:11:00,2025-09-09 10:11:00,11,35,,
TRIP-001027,2025-07-08 06:00:00,2025-07-08 09:02:00,0,0,,
TRIP-001028,2025-07-22 06:24:00,2025-07-22 08:59:00,24,13,,
TRIP-001029,2025-08-22 18:04:00,2025-08-23 02:28:00,4,17,,
TRIP-001030,2025-08-23 06:33:00,2025-08-23 12:48:00,33,38,,
TRIP-001031,2025-08-23 12:00:00,2025-08-23 19:52:00,0,20,,
TRIP-001032,2025-12-08 18:12:00,2025-12-09 02:47:00,12,33,,
TRIP-001033,2025-08-08 12:27:00,2025-08-08 21:45:00,27,7,,
TRIP-001034,2025-08-09 00:35:00,2025-08-09 08:28:00,35,44,,
TRIP-001035,2025-07-08 06:04:00,2025-07-08 13:33:00,4,1,,
TRIP-001036,2025-05-08 12:00:00,2025-05-08 21:42:00,0,0,,
TRIP-001037,2025-05-09 00:20:00,2025-05-09 06:30:00,20,25,,
TRIP-001038,2025-11-08 18:29:00,2025-11-09 03:49:00,29,49,,
TRIP-001039,2025-11-09 06:43:00,2025-11-09 09:21:00,43,10,,
TRIP-001040,2025-07-08 06:13:00,2025-07-08 11:16:00,13,49,,
TRIP-001041,2025-07-08 12:29:00,2025-07-08 19:17:00,29,40,,
TRIP-001042,2025-07-09 00:00:00,2025-07-09 12:02:00,0,0,,
TRIP-001043,2025-08-22 18:12:00,2025-08-23 00:30:00,12,25,,
TRIP-001044,2025-08-23 00:00:00,2025-08-23 08:25:00,0,36,,
TRIP-001045,2025-01-22 06:21:00,2025-01-22 14:59:00,21,18,,
TRIP-001046,2025-01-22 18:00:00,2025-01-23 02:14:00,0,0,,
TRIP-001047,2025-01-23 06:00:00,2025-01-23 10:27:00,0,0,,
TRIP-001048,2025-12-22 06:05:00,2025-12-22 13:34:00,5,0,,
TRIP-001049,2025-12-22 18:22:00,2025-12-22 20:44:00,22,5,,
TRIP-001050,2025-01-22 06:00:00,2025-01-22 08:39:00,0,0,,
TRIP-001051,2025-01-22 12:16:00,2025-01-22 21:42:00,16,42,,
TRIP-001052,2025-01-23 00:27:00,2025-01-23 03:59:00,27,48,,
TRIP-001053,2025-10-09 00:31:00,2025-10-09 06:21:00,31,16,,
TRIP-001054,2025-12-23 12:27:00,2025-12-24 01:04:00,27,62,,
TRIP-001055,2025-07-22 18:30:00,2025-07-22 23:53:00,30,42,,
TRIP-001056,2025-07-23 00:16:00,2025-07-23 08:10:00,16,36,,
TRIP-001057,2025-02-23 00:00:00,2025-02-23 05:11:00,0,0,,
TRIP-001058,2025-03-23 00:00:00,2025-03-23 07:14:00,0,243,Kerusakan Mesin,High
TRIP-001059,2025-03-08 12:05:00,2025-03-08 15:36:00,5,0,,
TRIP-001060,2025-03-08 18:00:00,2025-03-09 03:42:00,0,0,,
TRIP-001061,2025-01-22 12:06:00,2025-01-22 21:57:00,6,15,,
TRIP-001062,2025-01-23 00:07:00,2025-01-23 06:30:00,7,25,,
TRIP-001063,2025-04-22 12:00:00,2025-04-22 18:10:00,0,0,,
TRIP-001064,2025-04-22 18:00:00,2025-04-23 02:11:00,0,0,,
TRIP-001065,2025-04-08 12:15:00,2025-04-08 22:30:00,15,48,,
TRIP-001066,2025-04-09 00:06:00,2025-04-09 06:17:00,6,12,,
TRIP-001067,2025-04-09 06:30:00,2025-04-09 14:26:00,30,37,,
TRIP-001068,2025-12-08 06:19:00,2025-12-08 18:44:00,19,21,,
TRIP-001069,2025-05-22 12:01:00,2025-05-23 00:23:00,1,0,,
TRIP-001070,2025-11-08 18:00:00,2025-11-09 05:39:00,0,0,,
TRIP-001071,2025-11-09 06:00:00,2025-11-09 14:42:00,0,1,,
TRIP-001072,2025-02-22 06:00:00,2025-02-22 17:49:00,0,10,,
TRIP-001073,2025-11-23 06:10:00,2025-11-23 16:07:00,10,25,,
TRIP-001074,2025-02-08 12:10:00,2025-02-08 23:54:00,10,40,,
TRIP-001075,2025-02-09 00:23:00,2025-02-09 10:31:00,23,53,,
TRIP-001076,2025-06-23 06:17:00,2025-06-23 17:02:00,17,19,,
TRIP-001077,2025-07-23 12:23:00,2025-07-24 01:08:00,23,248,Kerusakan Mesin,High
TRIP-001078,2025-05-08 06:28:00,2025-05-08 14:49:00,28,77,,
TRIP-001079,2025-05-08 18:09:00,2025-05-09 05:26:00,9,12,,
TRIP-001080,2025-04-23 06:00:00,2025-04-23 13:48:00,0,4,,
TRIP-001081,2025-04-23 18:17:00,2025-04-23 21:27:00,17,41,,
TRIP-001082,2025-07-08 06:00:00,2025-07-08 15:42:00,0,0,,
TRIP-001083,2025-03-08 12:22:00,2025-03-08 22:14:00,22,36,,
TRIP-001084,2025-09-08 12:15:00,2025-09-08 15:59:00,15,48,,
TRIP-001085,2025-09-08 18:07:00,2025-09-09 07:06:00,7,41,,
TRIP-001086,2025-02-08 06:44:00,2025-02-08 13:01:00,44,58,,
TRIP-001087,2025-12-08 12:30:00,2025-12-08 21:07:00,30,26,,
TRIP-001088,2025-12-09 00:00:00,2025-12-09 08:43:00,0,29,,
TRIP-001089,2025-12-08 18:00:00,2025-12-09 02:20:00,0,9,,
TRIP-001090,2025-12-09 06:15:00,2025-12-09 13:01:00,15,51,,
TRIP-001091,2025-02-08 06:34:00,2025-02-08 19:01:00,34,38,,
TRIP-001092,2025-06-09 00:15:00,2025-06-09 06:05:00,15,0,,
TRIP-001093,2025-02-09 06:00:00,2025-02-09 15:54:00,0,16,,
TRIP-001094,2025-08-08 18:10:00,2025-08-09 02:21:00,10,32,,
TRIP-001095,2025-08-09 06:00:00,2025-08-09 14:59:00,0,0,,
TRIP-001096,2025-06-23 00:11:00,2025-06-23 08:59:00,11,0,,
TRIP-001097,2025-03-22 18:12:00,2025-03-23 02:31:00,12,17,,
TRIP-001098,2025-03-23 06:04:00,2025-03-23 10:33:00,4,6,,
TRIP-001099,2025-03-23 12:00:00,2025-03-23 18:37:00,0,0,,
TRIP-001100,2025-06-08 06:05:00,2025-06-08 14:02:00,5,18,,
TRIP-001101,2025-05-22 18:00:00,2025-05-23 02:38:00,0,27,,
TRIP-001102,2025-05-23 06:18:00,2025-05-23 12:30:00,18,20,,
TRIP-001103,2025-12-08 18:28:00,2025-12-09 02:39:00,28,55,,
TRIP-001104,2025-12-09 06:23:00,2025-12-09 09:32:00,23,46,,
TRIP-001105,2025-07-22 06:25:00,2025-07-22 16:10:00,25,240,Kemacetan,High
TRIP-001106,2025-07-22 12:00:00,2025-07-22 19:45:00,0,13,,
TRIP-001107,2025-07-22 12:02:00,2025-07-22 18:14:00,2,4,,
TRIP-001108,2025-12-08 06:00:00,2025-12-08 15:04:00,0,4,,
TRIP-001109,2025-09-22 12:00:00,2025-09-22 14:39:00,0,0,,
TRIP-001110,2025-09-22 18:00:00,2025-09-23 03:05:00,0,5,,
TRIP-001111,2025-09-23 06:00:00,2025-09-23 09:29:00,0,18,,
TRIP-001112,2025-06-09 00:38:00,2025-06-09 08:06:00,38,17,,
TRIP-001113,2025-09-08 12:08:00,2025-09-08 19:56:00,8,22,,
TRIP-001114,2025-07-09 06:08:00,2025-07-09 08:51:00,8,12,,
TRIP-001115,2025-11-23 00:17:00,2025-11-23 06:10:00,17,0,,
TRIP-001116,2025-06-22 12:00:00,2025-06-22 18:03:00,0,0,,
TRIP-001117,2025-05-08 18:00:00,2025-05-08 21:18:00,0,39,,
TRIP-001118,2025-05-09 00:00:00,2025-05-09 09:18:00,0,18,,
TRIP-001119,2025-08-22 06:28:00,2025-08-22 09:28:00,28,26,,
TRIP-001120,2025-08-22 12:44:00,2025-08-22 19:04:00,44,61,,
TRIP-001121,2025-05-08 06:21:00,2025-05-08 09:46:00,21,35,,
TRIP-001122,2025-05-08 12:00:00,2025-05-08 18:38:00,0,28,,
TRIP-001123,2025-05-08 18:00:00,2025-05-09 02:11:00,0,0,,
TRIP-001124,2025-10-22 12:23:00,2025-10-22 18:44:00,23,39,,
TRIP-001125,2025-04-08 12:20:00,2025-04-08 15:44:00,20,8,,
TRIP-001126,2025-04-08 18:01:00,2025-04-09 04:17:00,1,35,,
TRIP-001127,2025-04-09 06:07:00,2025-04-09 12:25:00,7,20,,
TRIP-001128,2025-09-08 12:00:00,2025-09-09 00:22:00,0,20,,
TRIP-001129,2025-09-09 00:00:00,2025-09-09 05:11:00,0,0,,
TRIP-001130,2025-10-08 12:00:00,2025-10-08 15:21:00,0,19,,
TRIP-001131,2025-10-08 18:14:00,2025-10-09 00:40:00,14,37,,
TRIP-001132,2025-10-09 00:00:00,2025-10-09 12:25:00,0,46,,
TRIP-001133,2025-12-22 12:03:00,2025-12-22 19:12:00,3,35,,
TRIP-001134,2025-12-23 00:13:00,2025-12-23 12:09:00,13,7,,
TRIP-001135,2025-07-22 06:30:00,2025-07-22 17:30:00,30,16,,
TRIP-001136,2025-03-22 12:03:00,2025-03-22 20:36:00,3,22,,
TRIP-001137,2025-03-23 00:13:00,2025-03-23 05:22:00,13,55,,
TRIP-001138,2025-06-23 12:28:00,2025-06-23 20:32:00,28,48,,
TRIP-001139,2025-01-08 06:00:00,2025-01-08 12:23:00,0,20,,
TRIP-001140,2025-01-08 12:31:00,2025-01-09 01:24:00,31,61,,
TRIP-001141,2025-06-08 06:23:00,2025-06-08 14:14:00,23,0,,
TRIP-001142,2025-10-08 06:17:00,2025-10-08 14:24:00,17,35,,
TRIP-001143,2025-10-08 18:00:00,2025-10-09 02:59:00,0,0,,
TRIP-001144,2025-11-22 06:26:00,2025-11-22 12:26:00,26,21,,
TRIP-001145,2025-07-22 12:00:00,2025-07-22 15:02:00,0,0,,
TRIP-001146,2025-06-22 12:32:00,2025-06-22 18:00:00,32,49,,
TRIP-001147,2025-06-22 18:20:00,2025-06-23 02:25:00,20,51,,
TRIP-001148,2025-01-08 06:28:00,2025-01-08 12:05:00,28,0,,
TRIP-001149,2025-01-08 12:00:00,2025-01-08 19:49:00,0,0,,
TRIP-001150,2025-01-09 00:50:00,2025-01-09 09:17:00,50,36,,
TRIP-001151,2025-12-08 06:00:00,2025-12-08 14:22:00,0,8,,
TRIP-001152,2025-06-08 12:23:00,2025-06-08 20:27:00,23,16,,
TRIP-001153,2025-06-09 00:37:00,2025-06-09 07:14:00,37,64,,
TRIP-001154,2025-09-22 06:00:00,2025-09-22 12:37:00,0,0,,
TRIP-001155,2025-09-22 18:03:00,2025-09-23 09:40:00,3,218,Kemacetan,High
TRIP-001156,2025-04-22 06:02:00,2025-04-22 10:32:00,2,5,,
TRIP-001157,2025-04-22 12:25:00,2025-04-22 18:48:00,25,11,,
TRIP-001158,2025-08-08 06:11:00,2025-08-08 09:49:00,11,63,,
TRIP-001159,2025-08-08 12:00:00,2025-08-08 15:10:00,0,8,,
TRIP-001160,2025-01-22 06:00:00,2025-01-22 12:05:00,0,0,,
TRIP-001161,2025-01-22 12:25:00,2025-01-22 20:11:00,25,22,,
TRIP-001162,2025-07-08 18:15:00,2025-07-09 04:14:00,15,32,,
TRIP-001163,2025-01-09 06:22:00,2025-01-09 12:41:00,22,38,,
TRIP-001164,2025-12-22 18:03:00,2025-12-23 00:27:00,3,22,,
TRIP-001165,2025-12-23 00:22:00,2025-12-23 08:29:00,22,40,,
TRIP-001166,2025-04-22 12:00:00,2025-04-22 20:14:00,0,0,,
TRIP-001167,2025-04-23 00:31:00,2025-04-23 05:03:00,31,36,,
TRIP-001168,2025-04-23 06:22:00,2025-04-23 12:45:00,22,8,,
TRIP-001169,2025-12-23 00:06:00,2025-12-23 06:45:00,6,42,,
TRIP-001170,2025-04-22 12:00:00,2025-04-22 16:00:00,0,0,,
TRIP-001171,2025-04-22 18:00:00,2025-04-23 05:39:00,0,0,,
TRIP-001172,2025-09-08 12:38:00,2025-09-08 16:48:00,38,72,,
TRIP-001173,2025-08-22 06:05:00,2025-08-22 08:45:00,5,6,,
TRIP-001174,2025-08-22 12:32:00,2025-08-22 21:36:00,32,36,,
TRIP-001175,2025-08-23 00:20:00,2025-08-23 03:33:00,20,22,,
TRIP-001176,2025-09-22 06:00:00,2025-09-22 13:34:00,0,0,,
TRIP-001177,2025-09-22 18:15:00,2025-09-22 20:58:00,15,19,,
TRIP-001178,2025-09-23 00:13:00,2025-09-23 09:07:00,13,7,,
TRIP-001179,2025-04-08 06:29:00,2025-04-08 10:07:00,29,31,,
TRIP-001180,2025-05-08 12:00:00,2025-05-08 18:05:00,0,0,,
TRIP-001181,2025-05-08 18:00:00,2025-05-09 01:49:00,0,0,,
TRIP-001182,2025-05-09 06:18:00,2025-05-09 15:16:00,18,17,,
TRIP-001183,2025-07-22 06:26:00,2025-07-22 13:38:00,26,4,,
TRIP-001184,2025-04-08 12:31:00,2025-04-08 18:39:00,31,36,,
TRIP-001185,2025-04-08 18:03:00,2025-04-09 06:50:00,3,27,,
TRIP-001186,2025-03-08 06:11:00,2025-03-08 13:32:00,11,55,,
TRIP-001187,2025-03-08 18:00:00,2025-03-09 06:02:00,0,0,,
TRIP-001188,2025-07-22 12:00:00,2025-07-22 18:17:00,0,14,,
TRIP-001189,2025-07-22 18:21:00,2025-07-23 06:23:00,21,44,,
TRIP-001190,2025-09-22 18:00:00,2025-09-23 00:13:00,0,10,,
TRIP-001191,2025-09-23 00:00:00,2025-09-23 11:39:00,0,0,,
TRIP-001192,2025-09-23 12:15:00,2025-09-23 21:42:00,15,43,,
TRIP-001193,2025-08-22 12:11:00,2025-08-22 23:31:00,11,17,,
TRIP-001194,2025-07-08 06:04:00,2025-07-08 08:57:00,4,11,,
TRIP-001195,2025-07-08 12:15:00,2025-07-08 15:25:00,15,23,,
TRIP-001196,2025-01-22 12:04:00,2025-01-22 14:50:00,4,4,,
TRIP-001197,2025-01-22 18:31:00,2025-01-22 22:15:00,31,73,,
TRIP-001198,2025-01-23 00:08:00,2025-01-23 06:03:00,8,0,,
TRIP-001199,2025-07-22 12:03:00,2025-07-23 00:02:00,3,0,,
TRIP-001200,2025-07-23 00:01:00,2025-07-23 06:04:00,1,53,,
TRIP-001201,2025-03-22 12:01:00,2025-03-22 19:34:00,1,2,,
TRIP-001202,2025-03-23 00:20:00,2025-03-23 11:20:00,20,6,,
TRIP-001203,2025-12-08 12:19:00,2025-12-08 14:51:00,19,5,,
TRIP-001204,2025-04-22 06:56:00,2025-04-22 16:24:00,56,84,,
TRIP-001205,2025-04-22 18:37:00,2025-04-22 21:59:00,37,48,,
TRIP-001206,2025-05-08 12:13:00,2025-05-08 17:11:00,13,0,,
TRIP-001207,2025-06-08 06:00:00,2025-06-08 08:59:00,0,20,,
TRIP-001208,2025-12-08 12:18:00,2025-12-08 18:40:00,18,30,,
TRIP-001209,2025-12-22 06:00:00,2025-12-22 17:39:00,0,0,,
TRIP-001210,2025-12-22 18:00:00,2025-12-23 03:30:00,0,49,,
TRIP-001211,2025-10-22 12:11:00,2025-10-22 18:33:00,11,23,,
TRIP-001212,2025-02-22 12:00:00,2025-02-22 16:27:00,0,0,,
TRIP-001213,2025-02-22 18:32:00,2025-02-23 01:23:00,32,46,,
TRIP-001214,2025-10-09 06:35:00,2025-10-09 18:52:00,35,50,,
TRIP-001215,2025-11-22 06:16:00,2025-11-22 17:14:00,16,0,,
TRIP-001216,2025-11-22 18:02:00,2025-11-23 04:15:00,2,37,,
TRIP-001217,2025-11-23 06:12:00,2025-11-23 10:12:00,12,12,,
TRIP-001218,2025-09-08 12:00:00,2025-09-08 15:11:00,0,9,,
TRIP-001219,2025-09-08 18:15:00,2025-09-09 00:20:00,15,17,,
TRIP-001220,2025-05-23 00:15:00,2025-05-23 11:16:00,15,2,,
TRIP-001221,2025-04-08 06:13:00,2025-04-08 17:14:00,13,0,,
TRIP-001222,2025-08-08 12:05:00,2025-08-08 16:27:00,5,0,,
TRIP-001223,2025-04-22 12:00:00,2025-04-22 22:43:00,0,0,,
TRIP-001224,2025-09-23 06:20:00,2025-09-23 15:05:00,20,6,,
TRIP-001225,2025-09-22 12:08:00,2025-09-22 19:44:00,8,0,,
TRIP-001226,2025-09-23 00:00:00,2025-09-23 02:54:00,0,8,,
TRIP-001227,2025-06-22 06:05:00,2025-06-22 18:25:00,5,0,,
TRIP-001228,2025-06-22 18:47:00,2025-06-23 05:02:00,47,84,,
TRIP-001229,2025-06-23 06:00:00,2025-06-23 10:16:00,0,16,,
TRIP-001230,2025-02-22 06:00:00,2025-02-22 12:14:00,0,11,,
TRIP-001231,2025-02-22 12:12:00,2025-02-23 01:00:00,12,37,,
TRIP-001232,2025-05-08 06:50:00,2025-05-08 09:35:00,50,49,,
TRIP-001233,2025-05-08 12:51:00,2025-05-08 16:11:00,51,69,,
TRIP-001234,2025-05-08 06:00:00,2025-05-08 18:30:00,0,28,,
TRIP-001235,2025-05-08 18:00:00,2025-05-09 04:43:00,0,0,,
TRIP-001236,2025-05-09 06:14:00,2025-05-09 18:53:00,14,28,,
TRIP-001237,2025-12-22 18:09:00,2025-12-23 01:09:00,9,59,,
TRIP-001238,2025-10-08 18:18:00,2025-10-09 00:34:00,18,24,,
TRIP-001239,2025-10-09 00:00:00,2025-10-09 07:32:00,0,0,,
TRIP-001240,2025-10-09 12:00:00,2025-10-09 23:14:00,0,0,,
TRIP-001241,2025-01-08 12:00:00,2025-01-08 17:18:00,0,7,,
TRIP-001242,2025-06-08 18:05:00,2025-06-09 01:56:00,5,22,,
TRIP-001243,2025-06-09 06:11:00,2025-06-09 08:53:00,11,14,,
TRIP-001244,2025-06-09 12:00:00,2025-06-09 21:07:00,0,7,,
TRIP-001245,2025-08-22 06:25:00,2025-08-22 11:20:00,25,53,,
TRIP-001246,2025-05-22 12:21:00,2025-05-22 15:13:00,21,27,,
TRIP-001247,2025-05-22 18:29:00,2025-05-22 21:55:00,29,53,,
TRIP-001248,2025-09-22 12:09:00,2025-09-23 00:07:00,9,5,,
TRIP-001249,2025-07-22 12:00:00,2025-07-22 19:35:00,0,1,,
TRIP-001250,2025-06-22 06:00:00,2025-06-22 13:50:00,0,6,,
TRIP-001251,2025-11-08 18:20:00,2025-11-08 21:11:00,20,0,,
TRIP-001252,2025-06-08 06:26:00,2025-06-08 17:10:00,26,273,Kerusakan Mesin,High
TRIP-001253,2025-05-09 00:14:00,2025-05-09 09:19:00,14,20,,
TRIP-001254,2025-05-09 12:28:00,2025-05-09 17:54:00,28,43,,
TRIP-001255,2025-01-23 00:00:00,2025-01-23 08:00:00,0,11,,
TRIP-001256,2025-11-08 12:14:00,2025-11-09 05:10:00,14,287,Kemacetan,High
TRIP-001257,2025-07-08 06:44:00,2025-07-08 14:29:00,44,40,,
TRIP-001258,2025-07-08 18:00:00,2025-07-09 02:41:00,0,0,,
TRIP-001259,2025-07-09 06:27:00,2025-07-09 14:49:00,27,35,,
TRIP-001260,2025-02-08 18:15:00,2025-02-09 02:20:00,15,6,,
TRIP-001261,2025-02-09 06:29:00,2025-02-09 11:05:00,29,38,,
TRIP-001262,2025-07-08 12:07:00,2025-07-08 15:36:00,7,0,,
TRIP-001263,2025-01-08 12:07:00,2025-01-09 03:28:00,7,183,Kemacetan,High
TRIP-001264,2025-06-23 00:05:00,2025-06-23 07:57:00,5,25,,
TRIP-001265,2025-05-23 00:27:00,2025-05-23 03:45:00,27,9,,
TRIP-001266,2025-01-09 00:22:00,2025-01-09 09:00:00,22,143,Kemacetan,Medium
TRIP-001267,2025-01-22 12:04:00,2025-01-22 20:14:00,4,0,,
TRIP-001268,2025-01-23 00:18:00,2025-01-23 05:16:00,18,49,,
TRIP-001269,2025-01-23 06:19:00,2025-01-23 13:11:00,19,34,,
TRIP-001270,2025-02-08 12:13:00,2025-02-09 00:49:00,13,26,,
TRIP-001271,2025-02-09 00:37:00,2025-02-09 03:53:00,37,17,,
TRIP-001272,2025-02-09 06:23:00,2025-02-09 16:15:00,23,33,,
TRIP-001273,2025-12-22 06:17:00,2025-12-22 10:41:00,17,14,,
TRIP-001274,2025-06-09 00:09:00,2025-06-09 03:31:00,9,52,,
TRIP-001275,2025-06-09 06:09:00,2025-06-09 17:28:00,9,45,,
TRIP-001276,2025-06-09 18:17:00,2025-06-10 00:10:00,17,0,,
TRIP-001277,2025-05-23 06:46:00,2025-05-23 16:34:00,46,56,,
TRIP-001278,2025-11-08 06:13:00,2025-11-08 09:36:00,13,0,,
TRIP-001279,2025-04-08 12:48:00,2025-04-08 21:24:00,48,25,,
TRIP-001280,2025-04-09 00:30:00,2025-04-09 06:03:00,30,52,,
TRIP-001281,2025-03-22 18:00:00,2025-03-23 01:34:00,0,0,,
TRIP-001282,2025-03-23 06:43:00,2025-03-23 09:40:00,43,61,,
TRIP-001283,2025-10-22 13:07:00,2025-10-22 16:30:00,67,79,,
TRIP-001284,2025-04-22 06:20:00,2025-04-22 12:40:00,20,30,,
TRIP-001285,2025-09-08 06:19:00,2025-09-08 12:39:00,19,29,,
TRIP-001286,2025-09-08 12:25:00,2025-09-08 21:17:00,25,105,,
TRIP-001287,2025-12-08 06:00:00,2025-12-08 13:23:00,0,46,,
TRIP-001288,2025-12-08 18:16:00,2025-12-09 06:02:00,16,0,,
TRIP-001289,2025-07-22 06:00:00,2025-07-22 18:38:00,0,13,,
TRIP-001290,2025-12-08 06:12:00,2025-12-08 13:59:00,12,27,,
TRIP-001291,2025-12-08 18:06:00,2025-12-09 05:40:00,6,26,,
TRIP-001292,2025-05-22 18:18:00,2025-05-23 06:02:00,18,0,,
TRIP-001293,2025-05-23 06:00:00,2025-05-23 11:11:00,0,0,,
TRIP-001294,2025-04-08 12:00:00,2025-04-08 23:39:00,0,0,,
TRIP-001295,2025-04-09 00:07:00,2025-04-09 08:59:00,7,18,,
TRIP-001296,2025-10-23 06:22:00,2025-10-23 15:21:00,22,40,,
TRIP-001297,2025-11-22 12:00:00,2025-11-22 18:25:00,0,20,,
TRIP-001298,2025-12-22 06:00:00,2025-12-22 14:03:00,0,14,,
TRIP-001299,2025-03-22 12:04:00,2025-03-22 18:48:00,4,11,,
TRIP-001300,2025-06-08 12:22:00,2025-06-08 23:46:00,22,7,,
TRIP-001301,2025-12-22 18:34:00,2025-12-23 03:01:00,34,50,,
TRIP-001302,2025-12-23 06:23:00,2025-12-23 12:55:00,23,45,,
TRIP-001303,2025-06-08 18:00:00,2025-06-08 20:54:00,0,15,,
TRIP-001304,2025-06-09 00:31:00,2025-06-09 09:56:00,31,56,,
TRIP-001305,2025-10-22 06:00:00,2025-10-22 14:11:00,0,0,,
TRIP-001306,2025-10-22 18:31:00,2025-10-23 00:59:00,31,49,,
TRIP-001307,2025-10-23 00:00:00,2025-10-23 07:32:00,0,0,,
TRIP-001308,2025-05-08 06:00:00,2025-05-08 08:46:00,0,7,,
TRIP-001309,2025-11-22 12:00:00,2025-11-22 20:41:00,0,0,,
TRIP-001310,2025-11-23 00:22:00,2025-11-23 08:56:00,22,42,,
TRIP-001311,2025-12-08 06:27:00,2025-12-08 12:17:00,27,7,,
TRIP-001312,2025-12-22 18:10:00,2025-12-22 21:08:00,10,22,,
TRIP-001313,2025-12-23 00:24:00,2025-12-23 03:06:00,24,4,,
TRIP-001314,2025-08-08 06:09:00,2025-08-08 18:54:00,9,52,,
TRIP-001315,2025-08-08 18:37:00,2025-08-09 05:12:00,37,29,,
TRIP-001316,2025-08-09 06:19:00,2025-08-09 18:25:00,19,0,,
TRIP-001317,2025-01-22 06:02:00,2025-01-22 15:05:00,2,51,,
TRIP-001318,2025-03-22 06:34:00,2025-03-22 16:59:00,34,16,,
TRIP-001319,2025-03-22 18:07:00,2025-03-23 06:54:00,7,29,,
TRIP-001320,2025-03-23 06:33:00,2025-03-23 15:41:00,33,3,,
TRIP-001321,2025-02-08 18:00:00,2025-02-08 22:00:00,0,0,,
TRIP-001322,2025-02-09 00:16:00,2025-02-09 12:37:00,16,14,,
TRIP-001323,2025-12-23 18:21:00,2025-12-23 21:46:00,21,60,,
TRIP-001324,2025-06-22 12:19:00,2025-06-22 16:18:00,19,42,,
TRIP-001325,2025-06-22 18:10:00,2025-06-23 03:42:00,10,0,,
TRIP-001326,2025-09-22 18:02:00,2025-09-23 01:44:00,2,0,,
TRIP-001327,2025-02-22 06:18:00,2025-02-22 12:35:00,18,25,,
TRIP-001328,2025-02-22 12:00:00,2025-02-22 19:44:00,0,12,,
TRIP-001329,2025-01-22 06:00:00,2025-01-22 10:27:00,0,0,,
TRIP-001330,2025-01-22 12:19:00,2025-01-22 19:21:00,19,44,,
TRIP-001331,2025-05-08 18:00:00,2025-05-09 03:19:00,0,19,,
TRIP-001332,2025-05-09 06:07:00,2025-05-09 09:39:00,7,28,,
TRIP-001333,2025-08-09 12:43:00,2025-08-09 19:12:00,43,62,,
TRIP-001334,2025-06-09 12:00:00,2025-06-09 18:35:00,0,25,,
TRIP-001335,2025-01-08 18:00:00,2025-01-09 06:25:00,0,0,,
TRIP-001336,2025-04-22 18:34:00,2025-04-23 06:02:00,34,48,,
TRIP-001337,2025-02-22 12:11:00,2025-02-22 18:42:00,11,37,,
TRIP-001338,2025-02-22 18:13:00,2025-02-23 02:00:00,13,11,,
TRIP-001339,2025-02-23 06:34:00,2025-02-23 15:19:00,34,38,,
TRIP-001340,2025-03-22 06:27:00,2025-03-22 09:24:00,27,38,,
TRIP-001341,2025-02-08 18:00:00,2025-02-08 21:36:00,0,0,,
TRIP-001342,2025-04-22 18:00:00,2025-04-23 02:24:00,0,10,,
TRIP-001343,2025-02-22 12:05:00,2025-02-22 19:42:00,5,8,,
TRIP-001344,2025-02-23 00:00:00,2025-02-23 03:06:00,0,27,,
TRIP-001345,2025-02-23 06:00:00,2025-02-23 15:07:00,0,7,,
TRIP-001346,2025-09-08 06:00:00,2025-09-08 08:39:00,0,0,,
TRIP-001347,2025-07-23 00:29:00,2025-07-23 09:13:00,29,14,,
TRIP-001348,2025-08-09 00:03:00,2025-08-09 10:51:00,3,8,,
TRIP-001349,2025-05-08 18:23:00,2025-05-08 23:50:00,23,39,,
TRIP-001350,2025-02-22 12:03:00,2025-02-22 17:16:00,3,5,,
TRIP-001351,2025-02-22 18:02:00,2025-02-23 02:17:00,2,43,,
TRIP-001352,2025-05-08 12:00:00,2025-05-08 15:51:00,0,15,,
TRIP-001353,2025-07-23 00:00:00,2025-07-23 08:41:00,0,0,,
TRIP-001354,2025-12-22 12:19:00,2025-12-22 21:39:00,19,39,,
TRIP-001355,2025-12-23 00:37:00,2025-12-23 03:31:00,37,20,,
TRIP-001356,2025-12-23 06:25:00,2025-12-23 18:51:00,25,26,,
TRIP-001357,2025-07-09 06:16:00,2025-07-09 19:05:00,16,42,,
TRIP-001358,2025-11-08 12:00:00,2025-11-08 15:27:00,0,25,,
TRIP-001359,2025-11-08 18:24:00,2025-11-09 00:41:00,24,38,,
TRIP-001360,2025-10-22 06:20:00,2025-10-22 12:57:00,20,54,,
TRIP-001361,2025-10-22 12:00:00,2025-10-23 00:23:00,0,0,,
TRIP-001362,2025-10-23 00:30:00,2025-10-23 03:46:00,30,10,,
TRIP-001363,2025-07-23 06:00:00,2025-07-23 11:07:00,0,40,,
TRIP-001364,2025-07-08 06:01:00,2025-07-08 18:41:00,1,16,,
TRIP-001365,2025-07-08 18:07:00,2025-07-09 04:02:00,7,24,,
TRIP-001366,2025-07-23 12:16:00,2025-07-24 00:10:00,16,8,,
TRIP-001367,2025-08-08 06:00:00,2025-08-08 12:17:00,0,14,,
TRIP-001368,2025-08-08 12:17:00,2025-08-09 00:20:00,17,41,,
TRIP-001369,2025-06-23 18:02:00,2025-06-24 05:02:00,2,19,,
TRIP-001370,2025-08-22 06:23:00,2025-08-22 13:52:00,23,8,,
TRIP-001371,2025-05-22 06:23:00,2025-05-22 11:00:00,23,33,,
TRIP-001372,2025-05-22 12:17:00,2025-05-22 19:26:00,17,49,,
TRIP-001373,2025-11-22 18:00:00,2025-11-23 01:37:00,0,5,,
TRIP-001374,2025-11-23 06:18:00,2025-11-23 17:39:00,18,25,,
TRIP-001375,2025-06-08 06:00:00,2025-06-08 12:05:00,0,0,,
TRIP-001376,2025-06-09 00:30:00,2025-06-09 11:19:00,30,140,Kemacetan,Medium
TRIP-001377,2025-11-08 06:10:00,2025-11-08 17:16:00,10,33,,
TRIP-001378,2025-11-08 18:00:00,2025-11-09 06:34:00,0,9,,
TRIP-001379,2025-11-09 06:00:00,2025-11-09 15:38:00,0,0,,
TRIP-001380,2025-03-09 00:30:00,2025-03-09 05:12:00,30,72,,
TRIP-001381,2025-12-22 12:19:00,2025-12-22 15:42:00,19,40,,
TRIP-001382,2025-09-23 00:38:00,2025-09-23 12:42:00,38,223,Kemacetan,High
TRIP-001383,2025-04-08 06:24:00,2025-04-08 12:27:00,24,24,,
TRIP-001384,2025-04-08 12:22:00,2025-04-09 00:29:00,22,6,,
TRIP-001385,2025-08-23 00:29:00,2025-08-23 05:28:00,29,61,,
TRIP-001386,2025-08-23 06:28:00,2025-08-23 13:07:00,28,30,,
TRIP-001387,2025-12-08 06:41:00,2025-12-08 09:36:00,41,57,,
TRIP-001388,2025-12-08 12:00:00,2025-12-08 21:00:00,0,0,,
TRIP-001389,2025-08-08 06:08:00,2025-08-08 12:16:00,8,11,,
TRIP-001390,2025-08-08 12:14:00,2025-08-08 20:12:00,14,23,,
TRIP-001391,2025-06-22 12:13:00,2025-06-22 19:34:00,13,0,,
TRIP-001392,2025-06-23 00:00:00,2025-06-23 02:39:00,0,0,,
TRIP-001393,2025-09-22 12:15:00,2025-09-22 18:42:00,15,5,,
TRIP-001394,2025-09-23 00:00:00,2025-09-23 12:26:00,0,24,,
TRIP-001395,2025-01-22 06:00:00,2025-01-22 18:23:00,0,0,,
TRIP-001396,2025-04-23 00:00:00,2025-04-23 12:23:00,0,0,,
TRIP-001397,2025-06-08 18:45:00,2025-06-09 04:53:00,45,290,Kerusakan Mesin,High
TRIP-001398,2025-10-22 12:40:00,2025-10-22 20:43:00,40,54,,
TRIP-001399,2025-12-08 06:05:00,2025-12-08 09:09:00,5,7,,
TRIP-001400,2025-08-22 12:15:00,2025-08-22 21:33:00,15,34,,
TRIP-001401,2025-08-23 00:19:00,2025-08-23 11:01:00,19,18,,
TRIP-001402,2025-11-09 00:27:00,2025-11-09 06:05:00,27,0,,
TRIP-001403,2025-03-08 06:24:00,2025-03-08 10:31:00,24,80,,
TRIP-001404,2025-03-08 12:17:00,2025-03-08 18:44:00,17,34,,
TRIP-001405,2025-12-22 06:00:00,2025-12-22 09:06:00,0,20,,
TRIP-001406,2025-05-09 12:25:00,2025-05-09 15:43:00,25,32,,
TRIP-001407,2025-02-22 12:10:00,2025-02-22 15:17:00,10,15,,
TRIP-001408,2025-06-23 06:26:00,2025-06-23 14:46:00,26,35,,
TRIP-001409,2025-09-22 12:23:00,2025-09-22 20:27:00,23,16,,
TRIP-001410,2025-12-22 06:00:00,2025-12-22 18:50:00,0,27,,
TRIP-001411,2025-08-08 06:12:00,2025-08-08 15:54:00,12,12,,
TRIP-001412,2025-08-08 18:27:00,2025-08-09 00:44:00,27,39,,
TRIP-001413,2025-08-09 00:06:00,2025-08-09 08:18:00,6,29,,
TRIP-001414,2025-01-22 06:33:00,2025-01-22 17:44:00,33,30,,
TRIP-001415,2025-12-22 06:09:00,2025-12-22 14:00:00,9,28,,
TRIP-001416,2025-12-22 18:00:00,2025-12-23 05:14:00,0,0,,
TRIP-001417,2025-05-08 18:32:00,2025-05-09 01:59:00,32,25,,
TRIP-001418,2025-05-09 06:24:00,2025-05-09 08:59:00,24,20,,
TRIP-001419,2025-05-09 12:41:00,2025-05-09 22:06:00,41,66,,
TRIP-001420,2025-12-23 06:10:00,2025-12-23 15:22:00,10,22,,
TRIP-001421,2025-09-22 06:03:00,2025-09-22 15:33:00,3,33,,
TRIP-001422,2025-09-22 18:39:00,2025-09-22 22:12:00,39,61,,
TRIP-001423,2025-07-23 00:13:00,2025-07-23 12:31:00,13,29,,
TRIP-001424,2025-07-23 12:08:00,2025-07-23 22:52:00,8,9,,
TRIP-001425,2025-10-08 12:23:00,2025-10-08 16:27:00,23,27,,
TRIP-001426,2025-09-22 06:00:00,2025-09-22 18:02:00,0,0,,
TRIP-001427,2025-04-08 06:18:00,2025-04-08 12:46:00,18,9,,
TRIP-001428,2025-04-08 18:47:00,2025-04-09 06:58:00,47,56,,
TRIP-001429,2025-04-09 06:26:00,2025-04-09 17:32:00,26,49,,
TRIP-001430,2025-05-09 12:23:00,2025-05-09 18:57:00,23,20,,
TRIP-001431,2025-01-08 06:00:00,2025-01-08 08:46:00,0,0,,
TRIP-001432,2025-07-22 12:23:00,2025-07-22 15:56:00,23,20,,
TRIP-001433,2025-12-08 18:00:00,2025-12-09 02:41:00,0,0,,
TRIP-001434,2025-12-09 06:20:00,2025-12-09 14:49:00,20,35,,
TRIP-001435,2025-12-09 18:18:00,2025-12-09 22:40:00,18,13,,
TRIP-001436,2025-04-08 12:11:00,2025-04-08 16:30:00,11,3,,
TRIP-001437,2025-04-08 18:18:00,2025-04-09 01:13:00,18,36,,
TRIP-001438,2025-04-09 06:36:00,2025-04-09 19:05:00,36,63,,
TRIP-001439,2025-05-22 12:36:00,2025-05-22 16:09:00,36,58,,
TRIP-001440,2025-05-22 18:00:00,2025-05-23 06:25:00,0,0,,
TRIP-001441,2025-07-22 06:19:00,2025-07-22 14:31:00,19,42,,
TRIP-001442,2025-07-22 18:03:00,2025-07-23 02:41:00,3,0,,
TRIP-001443,2025-07-23 06:23:00,2025-07-23 15:30:00,23,76,,
TRIP-001444,2025-07-08 12:00:00,2025-07-08 18:10:00,0,0,,
TRIP-001445,2025-09-08 12:06:00,2025-09-08 17:11:00,6,0,,
TRIP-001446,2025-09-08 18:23:00,2025-09-09 01:58:00,23,24,,
TRIP-001447,2025-08-22 06:00:00,2025-08-22 14:14:00,0,0,,
TRIP-001448,2025-06-22 06:04:00,2025-06-22 12:04:00,4,1,,
TRIP-001449,2025-10-08 18:16:00,2025-10-08 21:37:00,16,58,,
TRIP-001450,2025-10-09 00:00:00,2025-10-09 09:00:00,0,0,,
TRIP-001451,2025-10-09 12:00:00,2025-10-09 15:34:00,0,23,,
TRIP-001452,2025-01-22 18:00:00,2025-01-22 22:33:00,0,57,,
TRIP-001453,2025-01-23 00:20:00,2025-01-23 10:26:00,20,44,,
TRIP-001454,2025-05-08 12:00:00,2025-05-08 14:46:00,0,0,,
TRIP-001455,2025-05-08 18:28:00,2025-05-08 21:44:00,28,42,,
TRIP-001456,2025-05-22 06:23:00,2025-05-22 19:19:00,23,54,,
TRIP-001457,2025-05-22 18:25:00,2025-05-23 03:39:00,25,1,,
TRIP-001458,2025-06-08 06:15:00,2025-06-08 13:52:00,15,20,,
TRIP-001459,2025-06-08 18:13:00,2025-06-09 05:46:00,13,32,,
TRIP-001460,2025-09-22 12:00:00,2025-09-22 23:39:00,0,0,,
TRIP-001461,2025-09-08 06:00:00,2025-09-08 18:02:00,0,0,,
TRIP-001462,2025-07-08 18:00:00,2025-07-09 01:38:00,0,6,,
TRIP-001463,2025-07-22 12:00:00,2025-07-22 23:53:00,0,14,,
TRIP-001464,2025-08-08 06:04:00,2025-08-08 15:00:00,4,0,,
TRIP-001465,2025-08-08 18:19:00,2025-08-08 21:24:00,19,13,,
TRIP-001466,2025-07-22 06:49:00,2025-07-22 13:07:00,49,64,,
TRIP-001467,2025-07-22 12:04:00,2025-07-22 16:27:00,4,0,,
TRIP-001468,2025-07-22 18:00:00,2025-07-23 00:37:00,0,0,,
TRIP-001469,2025-07-08 18:02:00,2025-07-09 06:44:00,2,225,Kemacetan,High
TRIP-001470,2025-03-08 12:34:00,2025-03-08 21:51:00,34,51,,
TRIP-001471,2025-03-09 00:02:00,2025-03-09 03:26:00,2,15,,
TRIP-001472,2025-10-23 06:59:00,2025-10-23 11:49:00,59,38,,
TRIP-001473,2025-11-08 12:26:00,2025-11-08 21:06:00,26,52,,
TRIP-001474,2025-11-09 00:25:00,2025-11-09 05:25:00,25,58,,
TRIP-001475,2025-08-08 12:48:00,2025-08-08 18:44:00,48,39,,
TRIP-001476,2025-10-23 06:19:00,2025-10-23 12:05:00,19,0,,
TRIP-001477,2025-06-22 18:34:00,2025-06-23 06:41:00,34,18,,
TRIP-001478,2025-01-22 12:21:00,2025-01-22 18:22:00,21,19,,
TRIP-001479,2025-01-22 18:29:00,2025-01-23 05:39:00,29,0,,
TRIP-001480,2025-06-08 18:10:00,2025-06-09 02:36:00,10,52,,
TRIP-001481,2025-07-08 06:00:00,2025-07-08 14:14:00,0,0,,
TRIP-001482,2025-03-09 00:42:00,2025-03-09 03:04:00,42,18,,
TRIP-001483,2025-06-22 18:16:00,2025-06-22 20:46:00,16,0,,
TRIP-001484,2025-12-23 00:34:00,2025-12-23 09:19:00,34,19,,
TRIP-001485,2025-10-22 06:24:00,2025-10-22 11:15:00,24,4,,
TRIP-001486,2025-10-22 12:11:00,2025-10-22 19:34:00,11,0,,
TRIP-001487,2025-06-23 06:00:00,2025-06-23 18:36:00,0,11,,
TRIP-001488,2025-05-08 06:10:00,2025-05-08 13:06:00,10,29,,
TRIP-001489,2025-01-22 06:04:00,2025-01-22 14:06:00,4,32,,
TRIP-001490,2025-01-22 18:24:00,2025-01-22 21:02:00,24,23,,
TRIP-001491,2025-07-22 12:08:00,2025-07-22 21:53:00,8,15,,
TRIP-001492,2025-12-09 06:18:00,2025-12-09 16:56:00,18,13,,
TRIP-001493,2025-12-09 18:11:00,2025-12-10 06:25:00,11,0,,
TRIP-001494,2025-05-22 12:36:00,2025-05-22 22:38:00,36,60,,
TRIP-001495,2025-05-23 00:33:00,2025-05-23 08:04:00,33,20,,
TRIP-001496,2025-12-22 18:01:00,2025-12-23 02:00:00,1,26,,
TRIP-001497,2025-12-23 06:09:00,2025-12-23 09:08:00,9,29,,
TRIP-001498,2025-07-22 18:16:00,2025-07-23 00:26:00,16,23,,
TRIP-001499,2025-08-22 12:20:00,2025-08-22 16:51:00,20,24,,
TRIP-001500,2025-12-22 12:00:00,2025-12-22 21:09:00,0,10,,
TRIP-001501,2025-01-22 18:16:00,2025-01-23 03:42:00,16,0,,
TRIP-001502,2025-01-23 06:14:00,2025-01-23 12:39:00,14,34,,
TRIP-001503,2025-01-23 12:15:00,2025-01-23 20:23:00,15,34,,
TRIP-001504,2025-05-22 06:03:00,2025-05-22 12:15:00,3,209,Kemacetan,High
TRIP-001505,2025-09-08 18:20:00,2025-09-09 03:12:00,20,12,,
TRIP-001506,2025-12-08 18:27:00,2025-12-08 21:32:00,27,21,,
TRIP-001507,2025-01-22 18:00:00,2025-01-23 02:59:00,0,0,,
TRIP-001508,2025-05-22 18:00:00,2025-05-23 01:34:00,0,0,,
TRIP-001509,2025-12-23 18:00:00,2025-12-24 03:46:00,0,8,,
TRIP-001510,2025-06-22 18:17:00,2025-06-23 00:31:00,17,26,,
TRIP-001511,2025-02-23 00:15:00,2025-02-23 11:40:00,15,26,,
TRIP-001512,2025-04-08 06:06:00,2025-04-08 12:10:00,6,0,,
TRIP-001513,2025-04-08 12:14:00,2025-04-08 19:33:00,14,1,,
TRIP-001514,2025-07-22 18:31:00,2025-07-23 06:43:00,31,20,,
TRIP-001515,2025-07-23 06:01:00,2025-07-23 09:46:00,1,10,,
TRIP-001516,2025-09-22 06:00:00,2025-09-22 14:14:00,0,25,,
TRIP-001517,2025-09-22 18:27:00,2025-09-23 03:35:00,27,36,,
TRIP-001518,2025-09-23 06:36:00,2025-09-23 11:47:00,36,36,,
TRIP-001519,2025-05-08 12:00:00,2025-05-08 18:29:00,0,19,,
TRIP-001520,2025-05-08 18:03:00,2025-05-09 01:34:00,3,2,,
TRIP-001521,2025-05-09 07:22:00,2025-05-09 18:31:00,82,77,,
TRIP-001522,2025-11-08 12:00:00,2025-11-08 18:40:00,0,3,,
TRIP-001523,2025-11-09 00:19:00,2025-11-09 12:47:00,19,45,,
TRIP-001524,2025-10-08 12:18:00,2025-10-08 18:15:00,18,5,,
TRIP-001525,2025-10-08 18:00:00,2025-10-09 01:43:00,0,11,,
TRIP-001526,2025-06-08 12:11:00,2025-06-08 23:00:00,11,17,,
TRIP-001527,2025-09-22 18:30:00,2025-09-23 02:23:00,30,9,,
TRIP-001528,2025-05-22 12:19:00,2025-05-22 15:39:00,19,3,,
TRIP-001529,2025-05-22 18:00:00,2025-05-23 03:45:00,0,3,,
TRIP-001530,2025-12-08 06:06:00,2025-12-08 18:29:00,6,4,,
TRIP-001531,2025-06-22 12:15:00,2025-06-22 15:29:00,15,27,,
TRIP-001532,2025-06-22 18:26:00,2025-06-23 00:31:00,26,28,,
TRIP-001533,2025-12-08 18:54:00,2025-12-09 05:18:00,54,139,Kemacetan,Medium
TRIP-001534,2025-12-08 18:22:00,2025-12-09 06:54:00,22,31,,
TRIP-001535,2025-11-08 06:05:00,2025-11-08 12:10:00,5,0,,
TRIP-001536,2025-12-23 00:09:00,2025-12-23 05:11:00,9,0,,
TRIP-001537,2025-03-08 06:25:00,2025-03-08 15:19:00,25,19,,
TRIP-001538,2025-07-08 18:00:00,2025-07-09 06:25:00,0,0,,
TRIP-001539,2025-07-09 06:14:00,2025-07-09 16:13:00,14,35,,
TRIP-001540,2025-06-09 00:18:00,2025-06-09 15:32:00,18,258,Kerusakan Mesin,High
TRIP-001541,2025-06-09 12:28:00,2025-06-09 22:21:00,28,43,,
TRIP-001542,2025-11-08 06:31:00,2025-11-08 09:43:00,31,32,,
TRIP-001543,2025-11-08 12:05:00,2025-11-09 00:42:00,5,17,,
TRIP-001544,2025-12-09 00:12:00,2025-12-09 12:12:00,12,10,,
TRIP-001545,2025-05-22 06:35:00,2025-05-22 14:10:00,35,36,,
TRIP-001546,2025-11-08 18:19:00,2025-11-08 21:37:00,19,35,,
TRIP-001547,2025-11-09 00:27:00,2025-11-09 07:24:00,27,81,,
TRIP-001548,2025-01-22 12:00:00,2025-01-22 18:18:00,0,8,,
TRIP-001549,2025-05-22 06:10:00,2025-05-22 12:36:00,10,26,,
TRIP-001550,2025-07-09 00:01:00,2025-07-09 06:13:00,1,3,,
TRIP-001551,2025-07-09 06:00:00,2025-07-09 14:26:00,0,15,,
TRIP-001552,2025-05-08 18:04:00,2025-05-09 03:42:00,4,0,,
TRIP-001553,2025-05-09 06:00:00,2025-05-09 12:05:00,0,0,,
TRIP-001554,2025-02-08 12:00:00,2025-02-08 19:32:00,0,0,,
TRIP-001555,2025-02-09 00:04:00,2025-02-09 11:14:00,4,0,,
TRIP-001556,2025-01-22 12:00:00,2025-01-22 19:47:00,0,13,,
TRIP-001557,2025-01-23 00:18:00,2025-01-23 03:09:00,18,30,,
TRIP-001558,2025-01-23 06:16:00,2025-01-23 15:30:00,16,30,,
TRIP-001559,2025-04-08 12:11:00,2025-04-08 23:40:00,11,26,,
TRIP-001560,2025-04-09 00:00:00,2025-04-09 09:38:00,0,0,,
TRIP-001561,2025-04-09 12:09:00,2025-04-09 19:51:00,9,7,,
TRIP-001562,2025-05-22 06:23:00,2025-05-22 12:10:00,23,0,,
TRIP-001563,2025-05-22 12:19:00,2025-05-22 20:24:00,19,13,,
TRIP-001564,2025-05-23 00:00:00,2025-05-23 06:16:00,0,6,,
TRIP-001565,2025-08-08 06:00:00,2025-08-08 09:02:00,0,0,,
TRIP-001566,2025-07-22 18:00:00,2025-07-23 03:15:00,0,16,,
TRIP-001567,2025-08-22 06:00:00,2025-08-22 15:00:00,0,0,,
TRIP-001568,2025-08-22 18:07:00,2025-08-22 21:11:00,7,0,,
TRIP-001569,2025-08-23 00:15:00,2025-08-23 06:19:00,15,9,,
TRIP-001570,2025-07-09 00:26:00,2025-07-09 09:21:00,26,40,,
TRIP-001571,2025-02-08 12:20:00,2025-02-08 19:01:00,20,205,Kerusakan Mesin,High
TRIP-001572,2025-02-08 18:50:00,2025-02-09 05:10:00,50,88,,
TRIP-001573,2025-03-08 18:00:00,2025-03-09 00:51:00,0,14,,
TRIP-001574,2025-07-22 18:28:00,2025-07-23 04:50:00,28,7,,
TRIP-001575,2025-07-09 06:00:00,2025-07-09 10:09:00,0,9,,
TRIP-001576,2025-07-09 06:00:00,2025-07-09 14:41:00,0,0,,
TRIP-001577,2025-03-22 06:14:00,2025-03-22 12:32:00,14,22,,
TRIP-001578,2025-12-08 06:02:00,2025-12-08 13:34:00,2,0,,
TRIP-001579,2025-01-08 12:29:00,2025-01-08 15:27:00,29,48,,
TRIP-001580,2025-05-08 12:00:00,2025-05-08 16:27:00,0,0,,
TRIP-001581,2025-05-08 18:35:00,2025-05-09 01:16:00,35,39,,
TRIP-001582,2025-02-08 06:05:00,2025-02-08 15:55:00,5,13,,
TRIP-001583,2025-02-08 18:00:00,2025-02-09 00:14:00,0,9,,
TRIP-001584,2025-12-22 12:12:00,2025-12-23 00:02:00,12,0,,
TRIP-001585,2025-12-23 06:00:00,2025-12-23 14:09:00,0,35,,
TRIP-001586,2025-04-22 18:13:00,2025-04-23 04:43:00,13,0,,
TRIP-001587,2025-04-23 06:00:00,2025-04-23 19:01:00,0,36,,
TRIP-001588,2025-11-08 06:28:00,2025-11-08 15:31:00,28,80,,
TRIP-001589,2025-11-08 18:00:00,2025-11-09 00:19:00,0,9,,
TRIP-001590,2025-11-09 00:00:00,2025-11-09 07:32:00,0,0,,
TRIP-001591,2025-04-08 12:00:00,2025-04-08 18:05:00,0,0,,
TRIP-001592,2025-04-08 18:20:00,2025-04-09 02:33:00,20,44,,
TRIP-001593,2025-12-22 12:08:00,2025-12-22 23:43:00,8,29,,
TRIP-001594,2025-06-08 12:31:00,2025-06-08 21:38:00,31,39,,
TRIP-001595,2025-06-09 00:00:00,2025-06-09 05:35:00,0,24,,
TRIP-001596,2025-06-09 06:17:00,2025-06-09 13:56:00,17,22,,
TRIP-001597,2025-09-22 12:12:00,2025-09-23 00:23:00,12,0,,
TRIP-001598,2025-09-23 00:53:00,2025-09-23 04:53:00,53,77,,
TRIP-001599,2025-02-08 12:00:00,2025-02-08 23:39:00,0,0,,
TRIP-001600,2025-08-08 12:20:00,2025-08-08 18:54:00,20,44,,
TRIP-001601,2025-09-22 12:00:00,2025-09-22 20:45:00,0,4,,
TRIP-001602,2025-09-23 00:00:00,2025-09-23 08:14:00,0,0,,
TRIP-001603,2025-10-22 12:00:00,2025-10-22 21:24:00,0,24,,
TRIP-001604,2025-10-23 00:08:00,2025-10-23 03:13:00,8,2,,
TRIP-001605,2025-12-22 06:01:00,2025-12-22 09:14:00,1,3,,
TRIP-001606,2025-12-22 12:09:00,2025-12-22 18:13:00,9,3,,
TRIP-001607,2025-07-09 00:00:00,2025-07-09 05:34:00,0,23,,
TRIP-001608,2025-07-09 06:23:00,2025-07-09 13:51:00,23,17,,
TRIP-001609,2025-02-08 12:00:00,2025-02-08 21:44:00,0,44,,
TRIP-001610,2025-02-09 00:15:00,2025-02-09 03:21:00,15,10,,
TRIP-001611,2025-06-22 18:14:00,2025-06-23 06:13:00,14,34,,
TRIP-001612,2025-08-22 12:00:00,2025-08-22 15:11:00,0,0,,
TRIP-001613,2025-08-22 18:00:00,2025-08-23 06:30:00,0,5,,
TRIP-001614,2025-07-22 06:22:00,2025-07-22 15:45:00,22,46,,
TRIP-001615,2025-12-08 12:00:00,2025-12-08 15:36:00,0,0,,
TRIP-001616,2025-02-08 12:33:00,2025-02-08 22:24:00,33,42,,
TRIP-001617,2025-02-09 00:07:00,2025-02-09 06:07:00,7,2,,
TRIP-001618,2025-02-09 00:00:00,2025-02-09 16:51:00,0,289,Kemacetan,High
TRIP-001619,2025-02-09 12:00:00,2025-02-09 23:14:00,0,31,,
TRIP-001620,2025-07-22 06:25:00,2025-07-22 09:59:00,25,23,,
TRIP-001621,2025-02-08 06:13:00,2025-02-08 18:04:00,13,50,,
TRIP-001622,2025-04-22 18:34:00,2025-04-23 07:16:00,34,74,,
TRIP-001623,2025-01-08 06:00:00,2025-01-08 10:27:00,0,0,,
TRIP-001624,2025-12-22 06:05:00,2025-12-22 18:02:00,5,0,,
TRIP-001625,2025-01-22 06:53:00,2025-01-22 16:26:00,53,48,,
TRIP-001626,2025-03-09 06:23:00,2025-03-09 17:13:00,23,30,,
TRIP-001627,2025-02-22 12:36:00,2025-02-22 16:24:00,36,48,,
TRIP-001628,2025-06-23 00:16:00,2025-06-23 03:51:00,16,49,,
TRIP-001629,2025-06-23 06:07:00,2025-06-23 12:14:00,7,11,,
TRIP-001630,2025-07-22 06:19:00,2025-07-22 11:06:00,19,39,,
TRIP-001631,2025-12-23 06:00:00,2025-12-23 12:35:00,0,32,,
TRIP-001632,2025-05-09 00:00:00,2025-05-09 06:03:00,0,0,,
TRIP-001633,2025-05-09 06:17:00,2025-05-09 18:23:00,17,0,,
TRIP-001634,2025-12-23 06:05:00,2025-12-23 19:04:00,5,245,Kemacetan,High
TRIP-001635,2025-12-23 18:15:00,2025-12-24 05:45:00,15,62,,
TRIP-001636,2025-06-23 12:07:00,2025-06-23 17:11:00,7,0,,
TRIP-001637,2025-05-22 06:05:00,2025-05-22 14:03:00,5,14,,
TRIP-001638,2025-06-23 18:27:00,2025-06-24 02:14:00,27,0,,
TRIP-001639,2025-11-22 06:02:00,2025-11-22 08:46:00,2,0,,
TRIP-001640,2025-05-08 06:17:00,2025-05-08 18:50:00,17,25,,
TRIP-001641,2025-05-08 18:00:00,2025-05-09 03:54:00,0,16,,
TRIP-001642,2025-05-09 06:00:00,2025-05-09 10:21:00,0,21,,
TRIP-001643,2025-06-23 00:38:00,2025-06-23 09:35:00,38,35,,
TRIP-001644,2025-03-22 06:08:00,2025-03-22 10:56:00,8,29,,
TRIP-001645,2025-03-23 00:00:00,2025-03-23 12:20:00,0,18,,
TRIP-001646,2025-09-22 06:32:00,2025-09-22 17:32:00,32,18,,
TRIP-001647,2025-09-22 18:06:00,2025-09-23 03:42:00,6,4,,
TRIP-001648,2025-12-22 06:25:00,2025-12-22 17:41:00,25,27,,
TRIP-001649,2025-12-09 06:06:00,2025-12-09 09:54:00,6,18,,
TRIP-001650,2025-12-08 18:11:00,2025-12-09 04:43:00,11,61,,
TRIP-001651,2025-10-22 18:00:00,2025-10-23 02:17:00,0,6,,
TRIP-001652,2025-10-23 06:14:00,2025-10-23 12:22:00,14,12,,
TRIP-001653,2025-02-08 18:00:00,2025-02-08 22:37:00,0,10,,
TRIP-001654,2025-03-09 06:04:00,2025-03-09 08:46:00,4,0,,
TRIP-001655,2025-12-08 06:03:00,2025-12-08 16:10:00,3,28,,
TRIP-001656,2025-03-09 00:33:00,2025-03-09 13:08:00,33,43,,
TRIP-001657,2025-04-22 06:00:00,2025-04-22 09:36:00,0,0,,
TRIP-001658,2025-01-22 06:26:00,2025-01-22 12:37:00,26,34,,
TRIP-001659,2025-01-22 12:40:00,2025-01-23 00:53:00,40,30,,
TRIP-001660,2025-01-23 00:16:00,2025-01-23 04:13:00,16,37,,
TRIP-001661,2025-11-22 12:00:00,2025-11-22 18:50:00,0,13,,
TRIP-001662,2025-11-23 00:00:00,2025-11-23 12:02:00,0,0,,
TRIP-001663,2025-05-08 18:34:00,2025-05-09 00:59:00,34,56,,
TRIP-001664,2025-04-22 18:19:00,2025-04-23 06:50:00,19,27,,
TRIP-001665,2025-04-23 06:11:00,2025-04-23 10:18:00,11,42,,
TRIP-001666,2025-03-22 06:00:00,2025-03-22 14:04:00,0,30,,
TRIP-001667,2025-03-22 18:42:00,2025-03-22 22:00:00,42,81,,
TRIP-001668,2025-03-23 00:00:00,2025-03-23 09:02:00,0,2,,
TRIP-001669,2025-10-22 06:00:00,2025-10-22 15:38:00,0,0,,
TRIP-001670,2025-10-22 18:00:00,2025-10-23 02:08:00,0,24,,
TRIP-001671,2025-09-23 00:06:00,2025-09-23 06:19:00,6,9,,
TRIP-001672,2025-09-23 06:00:00,2025-09-23 13:49:00,0,17,,
TRIP-001673,2025-02-09 00:30:00,2025-02-09 10:04:00,30,22,,
TRIP-001674,2025-02-09 12:00:00,2025-02-09 18:05:00,0,0,,
TRIP-001675,2025-11-09 06:00:00,2025-11-09 13:44:00,0,0,,
TRIP-001676,2025-11-09 18:04:00,2025-11-09 20:46:00,4,0,,
TRIP-001677,2025-06-22 12:49:00,2025-06-22 22:01:00,49,62,,
TRIP-001678,2025-06-23 00:05:00,2025-06-23 10:53:00,5,10,,
TRIP-001679,2025-06-23 12:00:00,2025-06-24 00:25:00,0,0,,
TRIP-001680,2025-10-08 12:10:00,2025-10-08 15:23:00,10,12,,
TRIP-001681,2025-10-08 18:06:00,2025-10-09 00:17:00,6,7,,
TRIP-001682,2025-10-22 06:25:00,2025-10-22 13:42:00,25,10,,
TRIP-001683,2025-10-22 18:00:00,2025-10-23 05:14:00,0,0,,
TRIP-001684,2025-02-09 06:29:00,2025-02-09 12:48:00,29,43,,
TRIP-001685,2025-02-09 12:15:00,2025-02-09 20:32:00,15,43,,
TRIP-001686,2025-08-22 18:11:00,2025-08-23 01:55:00,11,11,,
TRIP-001687,2025-04-08 12:00:00,2025-04-09 00:02:00,0,0,,
TRIP-001688,2025-04-09 06:27:00,2025-04-09 13:53:00,27,19,,
TRIP-001689,2025-11-08 12:35:00,2025-11-08 23:56:00,35,42,,
TRIP-001690,2025-11-09 00:16:00,2025-11-09 09:51:00,16,13,,
TRIP-001691,2025-11-09 12:17:00,2025-11-09 16:34:00,17,34,,
TRIP-001692,2025-07-09 00:00:00,2025-07-09 06:31:00,0,21,,
TRIP-001693,2025-02-08 12:10:00,2025-02-08 20:13:00,10,2,,
TRIP-001694,2025-02-09 00:00:00,2025-02-09 06:10:00,0,0,,
TRIP-001695,2025-12-08 06:03:00,2025-12-08 09:11:00,3,0,,
TRIP-001696,2025-12-08 12:38:00,2025-12-08 15:27:00,38,48,,
TRIP-001697,2025-12-08 18:03:00,2025-12-09 03:00:00,3,0,,
TRIP-001698,2025-04-22 12:15:00,2025-04-23 00:28:00,15,26,,
TRIP-001699,2025-09-09 00:23:00,2025-09-09 02:39:00,23,0,,
TRIP-001700,2025-09-09 06:30:00,2025-09-09 15:43:00,30,43,,
TRIP-001701,2025-10-08 12:41:00,2025-10-08 19:18:00,41,73,,
TRIP-001702,2025-10-08 18:04:00,2025-10-09 02:25:00,4,36,,
TRIP-001703,2025-05-22 06:30:00,2025-05-22 17:14:00,30,0,,
TRIP-001704,2025-11-22 12:00:00,2025-11-22 18:08:00,0,5,,
TRIP-001705,2025-04-22 06:00:00,2025-04-22 14:11:00,0,0,,
TRIP-001706,2025-09-09 00:00:00,2025-09-09 10:55:00,0,290,Cuaca,High
TRIP-001707,2025-12-22 12:32:00,2025-12-22 18:16:00,32,65,,
TRIP-001708,2025-12-09 18:39:00,2025-12-10 00:36:00,39,26,,
TRIP-001709,2025-01-22 18:17:00,2025-01-23 01:33:00,17,1,,
TRIP-001710,2025-01-23 06:38:00,2025-01-23 18:02:00,38,48,,
TRIP-001711,2025-01-23 18:07:00,2025-01-24 03:38:00,7,0,,
TRIP-001712,2025-02-22 12:08:00,2025-02-22 20:31:00,8,20,,
TRIP-001713,2025-02-23 00:09:00,2025-02-23 06:40:00,9,30,,
TRIP-001714,2025-02-08 12:06:00,2025-02-08 14:53:00,6,14,,
TRIP-001715,2025-02-08 18:02:00,2025-02-09 03:00:00,2,0,,
TRIP-001716,2025-01-08 12:05:00,2025-01-08 23:14:00,5,0,,
TRIP-001717,2025-01-08 12:00:00,2025-01-08 21:57:00,0,19,,
TRIP-001718,2025-01-09 00:28:00,2025-01-09 08:30:00,28,46,,
TRIP-001719,2025-03-08 06:28:00,2025-03-08 12:44:00,28,39,,
TRIP-001720,2025-03-09 00:00:00,2025-03-09 09:07:00,0,8,,
TRIP-001721,2025-10-22 12:22:00,2025-10-22 21:49:00,22,11,,
TRIP-001722,2025-10-23 00:21:00,2025-10-23 04:38:00,21,38,,
TRIP-001723,2025-03-08 06:00:00,2025-03-08 12:50:00,0,40,,
TRIP-001724,2025-03-08 18:00:00,2025-03-09 02:11:00,0,0,,
TRIP-001725,2025-03-09 06:03:00,2025-03-09 12:36:00,3,26,,
TRIP-001726,2025-06-08 06:04:00,2025-06-08 10:35:00,4,35,,
TRIP-001727,2025-05-08 12:01:00,2025-05-09 00:23:00,1,0,,
TRIP-001728,2025-07-22 18:21:00,2025-07-22 22:48:00,21,48,,
TRIP-001729,2025-06-09 06:29:00,2025-06-09 17:16:00,29,2,,
TRIP-001730,2025-06-09 18:00:00,2025-06-10 03:38:00,0,0,,
TRIP-001731,2025-01-22 12:16:00,2025-01-22 22:02:00,16,24,,
TRIP-001732,2025-01-23 00:13:00,2025-01-23 04:00:00,13,0,,
TRIP-001733,2025-05-22 18:05:00,2025-05-23 01:50:00,5,1,,
TRIP-001734,2025-05-23 06:14:00,2025-05-23 16:16:00,14,77,,
TRIP-001735,2025-05-23 18:59:00,2025-05-24 00:12:00,59,61,,
TRIP-001736,2025-06-09 12:09:00,2025-06-09 19:49:00,9,0,,
TRIP-001737,2025-07-22 06:04:00,2025-07-22 15:42:00,4,0,,
TRIP-001738,2025-03-22 06:01:00,2025-03-22 12:24:00,1,21,,
TRIP-001739,2025-08-08 06:38:00,2025-08-08 17:04:00,38,21,,
TRIP-001740,2025-08-08 18:42:00,2025-08-09 07:22:00,42,57,,
TRIP-001741,2025-08-09 06:00:00,2025-08-09 15:38:00,0,0,,
TRIP-001742,2025-08-22 06:15:00,2025-08-22 11:35:00,15,24,,
TRIP-001743,2025-01-23 00:14:00,2025-01-23 12:02:00,14,0,,
TRIP-001744,2025-12-08 18:00:00,2025-12-09 00:05:00,0,0,,
TRIP-001745,2025-04-22 06:10:00,2025-04-22 14:57:00,10,16,,
TRIP-001746,2025-04-23 06:21:00,2025-04-23 10:45:00,21,18,,
TRIP-001747,2025-01-22 12:00:00,2025-01-22 17:11:00,0,0,,
TRIP-001748,2025-08-23 00:34:00,2025-08-23 05:42:00,34,31,,
TRIP-001749,2025-08-22 06:15:00,2025-08-22 18:02:00,15,0,,
TRIP-001750,2025-10-09 06:32:00,2025-10-09 15:43:00,32,62,,
TRIP-001751,2025-10-09 18:20:00,2025-10-10 02:57:00,20,43,,
TRIP-001752,2025-09-22 06:15:00,2025-09-22 14:15:00,15,1,,
TRIP-001753,2025-06-08 06:27:00,2025-06-08 13:26:00,27,76,,
TRIP-001754,2025-06-09 00:00:00,2025-06-09 11:11:00,0,28,,
TRIP-001755,2025-10-22 12:00:00,2025-10-22 14:57:00,0,18,,
TRIP-001756,2025-10-22 18:22:00,2025-10-23 03:36:00,22,36,,
TRIP-001757,2025-09-23 00:22:00,2025-09-23 08:57:00,22,16,,
TRIP-001758,2025-09-23 12:13:00,2025-09-23 20:24:00,13,10,,
TRIP-001759,2025-12-22 06:00:00,2025-12-22 13:07:00,0,57,,
TRIP-001760,2025-09-22 06:38:00,2025-09-22 09:38:00,38,27,,
TRIP-001761,2025-09-22 12:03:00,2025-09-22 18:26:00,3,16,,
TRIP-001762,2025-07-23 12:36:00,2025-07-23 18:55:00,36,45,,
TRIP-001763,2025-10-22 12:05:00,2025-10-22 22:56:00,5,13,,
TRIP-001764,2025-10-23 00:30:00,2025-10-23 06:39:00,30,29,,
TRIP-001765,2025-10-23 06:25:00,2025-10-23 17:25:00,25,194,Kerusakan Mesin,High
TRIP-001766,2025-07-22 06:00:00,2025-07-22 14:14:00,0,0,,
TRIP-001767,2025-11-08 12:18:00,2025-11-08 18:33:00,18,23,,
TRIP-001768,2025-02-22 18:00:00,2025-02-23 05:39:00,0,0,,
TRIP-001769,2025-01-09 00:01:00,2025-01-09 08:59:00,1,0,,
TRIP-001770,2025-09-22 06:13:00,2025-09-22 16:46:00,13,64,,
TRIP-001771,2025-09-22 18:04:00,2025-09-23 00:42:00,4,37,,
TRIP-001772,2025-01-08 12:00:00,2025-01-08 20:23:00,0,9,,
TRIP-001773,2025-11-08 12:02:00,2025-11-08 21:00:00,2,0,,
TRIP-001774,2025-11-09 00:16:00,2025-11-09 03:49:00,16,38,,
TRIP-001775,2025-04-08 18:09:00,2025-04-08 21:01:00,9,22,,
TRIP-001776,2025-04-09 00:21:00,2025-04-09 09:37:00,21,37,,
TRIP-001777,2025-07-08 12:01:00,2025-07-09 00:25:00,1,0,,
TRIP-001778,2025-08-08 12:12:00,2025-08-08 14:54:00,12,15,,
TRIP-001779,2025-07-09 00:05:00,2025-07-09 11:19:00,5,5,,
TRIP-001780,2025-03-09 06:24:00,2025-03-09 18:47:00,24,45,,
TRIP-001781,2025-03-09 18:00:00,2025-03-09 23:12:00,0,1,,
TRIP-001782,2025-08-22 12:00:00,2025-08-22 19:36:00,0,2,,
TRIP-001783,2025-03-23 06:33:00,2025-03-23 10:28:00,33,28,,
TRIP-001784,2025-03-23 12:00:00,2025-03-23 23:51:00,0,12,,
TRIP-001785,2025-08-08 18:26:00,2025-08-09 02:34:00,26,60,,
TRIP-001786,2025-08-09 06:16:00,2025-08-09 08:59:00,16,20,,
TRIP-001787,2025-06-09 06:31:00,2025-06-09 14:07:00,31,18,,
TRIP-001788,2025-10-08 12:22:00,2025-10-09 00:54:00,22,29,,
TRIP-001789,2025-10-09 00:00:00,2025-10-09 10:04:00,0,26,,
TRIP-001790,2025-12-08 12:00:00,2025-12-08 19:34:00,0,0,,
TRIP-001791,2025-12-23 12:16:00,2025-12-23 20:25:00,16,36,,
TRIP-001792,2025-11-22 12:00:00,2025-11-22 14:39:00,0,0,,
TRIP-001793,2025-06-22 12:09:00,2025-06-22 14:50:00,9,4,,
TRIP-001794,2025-07-08 18:00:00,2025-07-09 02:11:00,0,27,,
TRIP-001795,2025-08-23 00:19:00,2025-08-23 08:41:00,19,0,,
TRIP-001796,2025-04-08 06:00:00,2025-04-08 14:12:00,0,38,,
TRIP-001797,2025-08-23 06:00:00,2025-08-23 09:36:00,0,0,,
TRIP-001798,2025-08-23 12:14:00,2025-08-23 21:49:00,14,7,,
TRIP-001799,2025-06-22 06:05:00,2025-06-22 12:32:00,5,22,,
TRIP-001800,2025-06-23 12:00:00,2025-06-23 16:28:00,0,28,,
TRIP-001801,2025-09-08 12:00:00,2025-09-08 18:05:00,0,0,,
TRIP-001802,2025-09-09 06:25:00,2025-09-09 15:36:00,25,55,,
TRIP-001803,2025-04-08 12:00:00,2025-04-08 20:28:00,0,17,,
TRIP-001804,2025-03-08 12:00:00,2025-03-08 21:27:00,0,28,,
TRIP-001805,2025-03-09 00:24:00,2025-03-09 05:31:00,24,20,,
TRIP-001806,2025-07-09 06:09:00,2025-07-09 16:43:00,9,0,,
TRIP-001807,2025-07-22 18:08:00,2025-07-23 06:25:00,8,0,,
TRIP-001808,2025-12-08 12:17:00,2025-12-08 22:15:00,17,37,,
TRIP-001809,2025-12-09 00:19:00,2025-12-09 04:12:00,19,12,,
TRIP-001810,2025-06-08 18:00:00,2025-06-09 02:11:00,0,0,,
TRIP-001811,2025-12-09 00:07:00,2025-12-09 12:55:00,7,30,,
TRIP-001812,2025-04-08 18:33:00,2025-04-09 00:48:00,33,38,,
TRIP-001813,2025-04-09 00:03:00,2025-04-09 08:11:00,3,0,,
TRIP-001814,2025-06-22 06:04:00,2025-06-22 09:36:00,4,0,,
TRIP-001815,2025-06-08 06:00:00,2025-06-08 15:01:00,0,20,,
TRIP-001816,2025-06-08 18:00:00,2025-06-09 02:14:00,0,0,,
TRIP-001817,2025-06-22 18:00:00,2025-06-23 05:19:00,0,5,,
TRIP-001818,2025-06-23 06:05:00,2025-06-23 16:03:00,5,25,,
TRIP-001819,2025-12-08 12:57:00,2025-12-08 19:00:00,57,55,,
TRIP-001820,2025-02-08 06:02:00,2025-02-08 09:18:00,2,7,,
TRIP-001821,2025-02-08 12:09:00,2025-02-08 18:36:00,9,26,,
TRIP-001822,2025-09-23 00:18:00,2025-09-23 11:17:00,18,34,,
TRIP-001823,2025-09-23 12:24:00,2025-09-23 20:47:00,24,157,Kerusakan Mesin,Medium
TRIP-001824,2025-04-08 06:00:00,2025-04-08 09:14:00,0,28,,
TRIP-001825,2025-04-08 12:00:00,2025-04-08 15:23:00,0,21,,
TRIP-001826,2025-06-23 06:16:00,2025-06-23 15:35:00,16,36,,
TRIP-001827,2025-02-22 06:00:00,2025-02-22 13:49:00,0,0,,
TRIP-001828,2025-06-08 18:00:00,2025-06-08 20:58:00,0,12,,
TRIP-001829,2025-07-22 18:00:00,2025-07-22 21:08:00,0,22,,
TRIP-001830,2025-07-23 00:00:00,2025-07-23 03:26:00,0,24,,
TRIP-001831,2025-03-22 12:04:00,2025-03-22 16:25:00,4,25,,
TRIP-001832,2025-03-22 18:04:00,2025-03-23 06:03:00,4,24,,
TRIP-001833,2025-03-23 06:34:00,2025-03-23 15:14:00,34,33,,
TRIP-001834,2025-12-22 06:00:00,2025-12-22 15:41:00,0,3,,
TRIP-001835,2025-12-22 18:48:00,2025-12-23 02:51:00,48,67,,
TRIP-001836,2025-12-23 06:00:00,2025-12-23 08:54:00,0,8,,
TRIP-001837,2025-11-08 12:20:00,2025-11-08 18:49:00,20,44,,
TRIP-001838,2025-11-08 18:21:00,2025-11-09 01:55:00,21,6,,
TRIP-001839,2025-03-08 18:08:00,2025-03-09 00:19:00,8,14,,
TRIP-001840,2025-03-09 00:16:00,2025-03-09 07:49:00,16,0,,
TRIP-001841,2025-07-09 06:07:00,2025-07-09 12:07:00,7,2,,
TRIP-001842,2025-07-09 12:19:00,2025-07-09 20:09:00,19,20,,
TRIP-001843,2025-03-22 12:12:00,2025-03-22 15:36:00,12,25,,
TRIP-001844,2025-03-23 00:34:00,2025-03-23 06:38:00,34,33,,
TRIP-001845,2025-10-23 06:14:00,2025-10-23 13:57:00,14,25,,
TRIP-001846,2025-05-08 06:00:00,2025-05-08 10:27:00,0,0,,
TRIP-001847,2025-10-22 06:06:00,2025-10-22 16:25:00,6,43,,
TRIP-001848,2025-10-22 18:25:00,2025-10-23 00:43:00,25,38,,
TRIP-001849,2025-08-22 12:00:00,2025-08-22 15:11:00,0,32,,
TRIP-001850,2025-03-22 12:18:00,2025-03-22 22:13:00,18,35,,
TRIP-001851,2025-03-23 00:00:00,2025-03-23 04:32:00,0,32,,
TRIP-001852,2025-03-23 06:00:00,2025-03-23 18:23:00,0,0,,
TRIP-001853,2025-12-08 12:12:00,2025-12-08 20:59:00,12,0,,
TRIP-001854,2025-07-23 06:00:00,2025-07-23 15:40:00,0,2,,
TRIP-001855,2025-05-08 06:00:00,2025-05-08 12:12:00,0,9,,
TRIP-001856,2025-08-22 12:07:00,2025-08-22 18:17:00,7,12,,
TRIP-001857,2025-08-22 18:25:00,2025-08-23 04:40:00,25,171,Kerusakan Mesin,Medium
TRIP-001858,2025-07-09 06:00:00,2025-07-09 10:27:00,0,0,,
TRIP-001859,2025-09-09 00:04:00,2025-09-09 08:41:00,4,0,,
TRIP-001860,2025-09-08 12:34:00,2025-09-08 23:30:00,34,226,Kerusakan Mesin,High
TRIP-001861,2025-09-09 00:00:00,2025-09-09 02:46:00,0,0,,
TRIP-001862,2025-09-09 06:08:00,2025-09-09 09:02:00,8,0,,
TRIP-001863,2025-12-23 06:16:00,2025-12-23 16:07:00,16,25,,
TRIP-001864,2025-06-23 06:10:00,2025-06-23 18:07:00,10,28,,
TRIP-001865,2025-07-22 12:32:00,2025-07-22 21:25:00,32,25,,
TRIP-001866,2025-07-23 00:12:00,2025-07-23 03:13:00,12,2,,
TRIP-001867,2025-01-09 00:48:00,2025-01-09 06:11:00,48,104,,
TRIP-001868,2025-01-09 06:08:00,2025-01-09 12:37:00,8,0,,
TRIP-001869,2025-11-08 06:00:00,2025-11-08 08:46:00,0,0,,
TRIP-001870,2025-02-08 06:00:00,2025-02-08 12:41:00,0,31,,
TRIP-001871,2025-12-08 06:28:00,2025-12-08 12:36:00,28,31,,
TRIP-001872,2025-12-08 12:23:00,2025-12-08 15:33:00,23,31,,
TRIP-001873,2025-12-08 18:08:00,2025-12-09 00:31:00,8,28,,
TRIP-001874,2025-08-08 18:14:00,2025-08-09 00:03:00,14,0,,
TRIP-001875,2025-08-09 00:02:00,2025-08-09 12:25:00,2,2,,
TRIP-001876,2025-08-09 12:41:00,2025-08-09 15:36:00,41,0,,
TRIP-001877,2025-01-22 06:16:00,2025-01-22 09:52:00,16,16,,
TRIP-001878,2025-12-09 06:01:00,2025-12-09 11:11:00,1,0,,
TRIP-001879,2025-11-23 00:03:00,2025-11-23 11:43:00,3,4,,
TRIP-001880,2025-07-23 00:05:00,2025-07-23 11:32:00,5,18,,
TRIP-001881,2025-09-08 06:25:00,2025-09-08 09:06:00,25,20,,
TRIP-001882,2025-12-08 18:07:00,2025-12-09 02:07:00,7,18,,
TRIP-001883,2025-03-22 12:14:00,2025-03-22 17:11:00,14,0,,
TRIP-001884,2025-03-08 06:04:00,2025-03-08 18:51:00,4,26,,
TRIP-001885,2025-03-08 18:12:00,2025-03-09 03:38:00,12,0,,
TRIP-001886,2025-12-09 06:06:00,2025-12-09 10:51:00,6,51,,
TRIP-001887,2025-06-22 06:00:00,2025-06-22 18:02:00,0,0,,
TRIP-001888,2025-06-22 18:25:00,2025-06-22 23:32:00,25,21,,
TRIP-001889,2025-06-23 00:22:00,2025-06-23 08:27:00,22,53,,
TRIP-001890,2025-06-23 06:00:00,2025-06-23 12:10:00,0,0,,
TRIP-001891,2025-02-08 06:00:00,2025-02-08 17:39:00,0,0,,
TRIP-001892,2025-02-08 18:00:00,2025-02-09 02:56:00,0,15,,
TRIP-001893,2025-02-09 06:19:00,2025-02-09 14:53:00,19,39,,
TRIP-001894,2025-11-23 06:42:00,2025-11-23 14:33:00,42,44,,
TRIP-001895,2025-07-08 18:27:00,2025-07-08 21:40:00,27,61,,
TRIP-001896,2025-07-09 00:00:00,2025-07-09 09:08:00,0,8,,
TRIP-001897,2025-01-08 06:10:00,2025-01-08 09:58:00,10,22,,
TRIP-001898,2025-01-08 12:31:00,2025-01-09 00:00:00,31,138,Kemacetan,Medium
TRIP-001899,2025-01-09 00:19:00,2025-01-09 06:06:00,19,1,,
TRIP-001900,2025-05-22 12:18:00,2025-05-23 00:20:00,18,18,,
TRIP-001901,2025-04-22 18:27:00,2025-04-22 22:49:00,27,22,,
TRIP-001902,2025-04-23 00:05:00,2025-04-23 06:58:00,5,21,,
TRIP-001903,2025-05-09 06:20:00,2025-05-09 18:20:00,20,18,,
TRIP-001904,2025-09-23 00:58:00,2025-09-23 13:23:00,58,60,,
TRIP-001905,2025-01-09 06:30:00,2025-01-09 14:02:00,30,13,,
TRIP-001906,2025-10-08 12:05:00,2025-10-08 14:46:00,5,0,,
TRIP-001907,2025-10-08 18:00:00,2025-10-08 21:14:00,0,12,,
TRIP-001908,2025-06-22 12:11:00,2025-06-22 22:54:00,11,11,,
TRIP-001909,2025-10-08 12:40:00,2025-10-08 21:30:00,40,30,,
TRIP-001910,2025-08-22 12:19:00,2025-08-22 20:14:00,19,42,,
TRIP-001911,2025-04-09 06:15:00,2025-04-09 14:57:00,15,16,,
TRIP-001912,2025-04-09 18:22:00,2025-04-10 02:30:00,22,16,,
TRIP-001913,2025-10-09 00:38:00,2025-10-09 08:41:00,38,67,,
TRIP-001914,2025-01-08 06:09:00,2025-01-08 14:17:00,9,33,,
TRIP-001915,2025-12-23 06:18:00,2025-12-23 11:35:00,18,24,,
TRIP-001916,2025-10-23 00:16:00,2025-10-23 03:30:00,16,51,,
TRIP-001917,2025-10-23 06:25:00,2025-10-23 15:11:00,25,11,,
TRIP-001918,2025-07-22 18:12:00,2025-07-23 01:49:00,12,0,,
TRIP-001919,2025-07-23 06:14:00,2025-07-23 14:49:00,14,8,,
TRIP-001920,2025-10-08 18:26:00,2025-10-09 04:43:00,26,0,,
TRIP-001921,2025-10-09 06:37:00,2025-10-09 19:21:00,37,56,,
TRIP-001922,2025-10-09 06:34:00,2025-10-09 12:29:00,34,26,,
TRIP-001923,2025-07-09 12:16:00,2025-07-09 19:36:00,16,2,,
TRIP-001924,2025-11-08 12:00:00,2025-11-08 16:16:00,0,16,,
TRIP-001925,2025-11-08 18:10:00,2025-11-09 06:23:00,10,0,,
TRIP-001926,2025-11-09 06:00:00,2025-11-09 09:36:00,0,0,,
TRIP-001927,2025-10-22 06:00:00,2025-10-22 12:10:00,0,0,,
TRIP-001928,2025-10-22 12:04:00,2025-10-22 19:36:00,4,4,,
TRIP-001929,2025-12-09 12:00:00,2025-12-09 20:42:00,0,28,,
TRIP-001930,2025-07-22 06:37:00,2025-07-22 09:40:00,37,61,,
TRIP-001931,2025-12-22 12:00:00,2025-12-22 21:38:00,0,0,,
TRIP-001932,2025-02-08 06:00:00,2025-02-08 13:45:00,0,11,,
TRIP-001933,2025-11-23 12:25:00,2025-11-24 00:33:00,25,10,,
TRIP-001934,2025-10-08 12:37:00,2025-10-08 17:58:00,37,47,,
TRIP-001935,2025-10-08 12:20:00,2025-10-08 20:10:00,20,21,,
TRIP-001936,2025-10-09 00:44:00,2025-10-09 09:54:00,44,73,,
TRIP-001937,2025-10-09 12:30:00,2025-10-09 20:55:00,30,41,,
TRIP-001938,2025-10-22 06:27:00,2025-10-22 09:41:00,27,39,,
TRIP-001939,2025-10-22 12:00:00,2025-10-22 18:19:00,0,16,,
TRIP-001940,2025-10-22 18:00:00,2025-10-23 06:23:00,0,0,,
TRIP-001941,2025-12-09 00:00:00,2025-12-09 12:23:00,0,0,,
TRIP-001942,2025-08-22 12:29:00,2025-08-22 23:01:00,29,18,,
TRIP-001943,2025-08-23 00:00:00,2025-08-23 12:25:00,0,0,,
TRIP-001944,2025-07-23 12:29:00,2025-07-23 19:15:00,29,38,,
TRIP-001945,2025-01-23 00:18:00,2025-01-23 13:21:00,18,56,,
TRIP-001946,2025-01-23 12:35:00,2025-01-23 22:19:00,35,41,,
TRIP-001947,2025-06-23 12:19:00,2025-06-23 23:02:00,19,19,,
TRIP-001948,2025-05-22 06:16:00,2025-05-22 12:03:00,16,0,,
TRIP-001949,2025-09-08 06:12:00,2025-09-08 15:30:00,12,49,,
TRIP-001950,2025-09-08 18:00:00,2025-09-09 02:14:00,0,0,,
TRIP-001951,2025-09-09 06:28:00,2025-09-09 11:00:00,28,33,,
TRIP-001952,2025-09-23 00:10:00,2025-09-23 06:26:00,10,16,,
TRIP-001953,2025-09-08 06:20:00,2025-09-08 09:27:00,20,16,,
TRIP-001954,2025-09-08 12:13:00,2025-09-08 18:58:00,13,48,,
TRIP-001955,2025-02-22 18:00:00,2025-02-23 04:43:00,0,0,,
TRIP-001956,2025-02-23 06:00:00,2025-02-23 12:13:00,0,3,,
TRIP-001957,2025-02-23 12:20:00,2025-02-23 20:31:00,20,20,,
TRIP-001958,2025-07-08 06:10:00,2025-07-08 13:44:00,10,0,,
TRIP-001959,2025-07-08 18:04:00,2025-07-08 20:54:00,4,8,,
TRIP-001960,2025-08-08 12:14:00,2025-08-08 22:43:00,14,0,,
TRIP-001961,2025-08-09 00:00:00,2025-08-09 06:10:00,0,0,,
TRIP-001962,2025-12-08 06:24:00,2025-12-08 16:35:00,24,57,,
TRIP-001963,2025-12-08 18:32:00,2025-12-08 22:39:00,32,39,,
TRIP-001964,2025-12-09 00:00:00,2025-12-09 06:05:00,0,0,,
TRIP-001965,2025-02-22 12:01:00,2025-02-22 16:00:00,1,0,,
TRIP-001966,2025-02-23 06:26:00,2025-02-23 15:29:00,26,30,,
TRIP-001967,2025-09-09 06:05:00,2025-09-09 13:54:00,5,5,,
TRIP-001968,2025-03-08 12:00:00,2025-03-08 18:03:00,0,0,,
TRIP-001969,2025-03-08 18:10:00,2025-03-09 05:56:00,10,17,,
TRIP-001970,2025-03-09 06:00:00,2025-03-09 14:41:00,0,0,,
TRIP-001971,2025-04-08 12:10:00,2025-04-08 18:36:00,10,26,,
TRIP-001972,2025-04-08 18:07:00,2025-04-09 02:04:00,7,32,,
TRIP-001973,2025-10-08 18:10:00,2025-10-09 02:55:00,10,14,,
TRIP-001974,2025-09-22 18:24:00,2025-09-23 01:59:00,24,27,,
TRIP-001975,2025-11-22 06:22:00,2025-11-22 13:11:00,22,34,,
TRIP-001976,2025-04-22 06:33:00,2025-04-22 15:11:00,33,12,,
TRIP-001977,2025-09-23 06:31:00,2025-09-23 10:32:00,31,5,,
TRIP-001978,2025-09-23 12:50:00,2025-09-23 19:29:00,50,52,,
TRIP-001979,2025-02-22 12:01:00,2025-02-23 00:09:00,1,30,,
TRIP-001980,2025-02-23 00:17:00,2025-02-23 09:01:00,17,2,,
TRIP-001981,2025-03-08 12:00:00,2025-03-08 20:11:00,0,0,,
TRIP-001982,2025-02-22 18:30:00,2025-02-23 02:51:00,30,10,,
TRIP-001983,2025-02-23 06:21:00,2025-02-23 14:14:00,21,0,,
TRIP-001984,2025-07-22 12:00:00,2025-07-22 18:21:00,0,16,,
TRIP-001985,2025-04-08 18:04:00,2025-04-09 03:38:00,4,0,,
TRIP-001986,2025-04-08 18:00:00,2025-04-08 22:27:00,0,0,,
TRIP-001987,2025-04-09 00:50:00,2025-04-09 07:08:00,50,31,,
TRIP-001988,2025-01-08 18:16:00,2025-01-09 03:12:00,16,12,,
TRIP-001989,2025-01-09 06:28:00,2025-01-09 09:11:00,28,0,,
TRIP-001990,2025-12-22 18:00:00,2025-12-22 21:20:00,0,9,,
TRIP-001991,2025-09-22 12:00:00,2025-09-22 17:28:00,0,17,,
TRIP-001992,2025-09-22 18:09:00,2025-09-23 01:37:00,9,3,,
TRIP-001993,2025-09-23 06:00:00,2025-09-23 08:39:00,0,0,,
TRIP-001994,2025-03-08 18:00:00,2025-03-09 04:43:00,0,0,,
TRIP-001995,2025-03-09 06:06:00,2025-03-09 19:10:00,6,45,,
TRIP-001996,2025-03-22 12:00:00,2025-03-22 14:39:00,0,0,,
TRIP-001997,2025-03-22 18:00:00,2025-03-23 03:00:00,0,0,,
TRIP-001998,2025-03-23 06:25:00,2025-03-23 09:44:00,25,33,,
TRIP-001999,2025-05-09 00:11:00,2025-05-09 08:14:00,11,40,,
TRIP-002000,2025-12-08 06:11:00,2025-12-08 18:00:00,11,21,,
TRIP-002001,2025-04-22 12:28:00,2025-04-22 22:17:00,28,39,,
TRIP-002002,2025-04-08 18:00:00,2025-04-09 03:06:00,0,6,,
TRIP-002003,2025-04-09 06:16:00,2025-04-09 09:23:00,16,12,,
TRIP-002004,2025-09-08 06:07:00,2025-09-08 12:10:00,7,0,,
TRIP-002005,2025-10-22 06:15:00,2025-10-22 13:44:00,15,0,,
TRIP-002006,2025-10-22 18:10:00,2025-10-22 21:03:00,10,17,,
TRIP-002007,2025-06-23 12:25:00,2025-06-23 21:51:00,25,13,,
TRIP-002008,2025-03-08 18:00:00,2025-03-09 01:49:00,0,15,,
TRIP-002009,2025-03-09 06:23:00,2025-03-09 09:02:00,23,23,,
TRIP-002010,2025-03-08 12:03:00,2025-03-08 18:10:00,3,5,,
TRIP-002011,2025-03-08 18:14:00,2025-03-09 01:49:00,14,0,,
TRIP-002012,2025-03-09 06:07:00,2025-03-09 15:35:00,7,36,,
TRIP-002013,2025-03-22 06:00:00,2025-03-22 10:33:00,0,33,,
TRIP-002014,2025-02-08 18:04:00,2025-02-09 04:20:00,4,257,Kemacetan,High
TRIP-002015,2025-03-22 12:28:00,2025-03-22 23:56:00,28,17,,
TRIP-002016,2025-03-23 00:00:00,2025-03-23 08:59:00,0,0,,
TRIP-002017,2025-06-08 12:17:00,2025-06-08 20:56:00,17,72,,
TRIP-002018,2025-11-08 18:07:00,2025-11-09 03:11:00,7,154,Kemacetan,Medium
TRIP-002019,2025-11-09 06:00:00,2025-11-09 18:10:00,0,8,,
TRIP-002020,2025-11-09 18:12:00,2025-11-10 05:20:00,12,37,,
TRIP-002021,2025-01-22 06:00:00,2025-01-22 18:14:00,0,12,,
TRIP-002022,2025-01-22 18:17:00,2025-01-22 23:11:00,17,0,,
TRIP-002023,2025-09-08 18:07:00,2025-09-08 23:32:00,7,21,,
TRIP-002024,2025-08-22 06:13:00,2025-08-22 14:41:00,13,30,,
TRIP-002025,2025-04-22 12:00:00,2025-04-22 15:01:00,0,15,,
TRIP-002026,2025-04-22 18:51:00,2025-04-22 21:55:00,51,53,,
TRIP-002027,2025-04-23 00:33:00,2025-04-23 06:08:00,33,5,,
TRIP-002028,2025-08-23 06:13:00,2025-08-23 10:25:00,13,25,,
TRIP-002029,2025-01-09 00:00:00,2025-01-09 09:43:00,0,5,,
TRIP-002030,2025-01-09 12:11:00,2025-01-09 16:00:00,11,0,,
TRIP-002031,2025-03-08 06:12:00,2025-03-08 17:39:00,12,0,,
TRIP-002032,2025-02-08 12:17:00,2025-02-09 00:46:00,17,44,,
TRIP-002033,2025-02-09 00:08:00,2025-02-09 10:54:00,8,11,,
TRIP-002034,2025-12-08 06:17:00,2025-12-08 12:28:00,17,18,,
TRIP-002035,2025-11-22 06:30:00,2025-11-22 13:56:00,30,24,,
TRIP-002036,2025-11-23 06:00:00,2025-11-23 16:02:00,0,24,,
TRIP-002037,2025-02-08 06:48:00,2025-02-08 19:22:00,48,80,,
TRIP-002038,2025-02-08 18:00:00,2025-02-08 23:36:00,0,25,,
TRIP-002039,2025-09-22 12:22:00,2025-09-22 15:11:00,22,9,,
TRIP-002040,2025-07-08 06:07:00,2025-07-08 18:45:00,7,22,,
TRIP-002041,2025-07-08 18:01:00,2025-07-08 21:47:00,1,11,,
TRIP-002042,2025-11-08 18:17:00,2025-11-09 01:57:00,17,23,,
TRIP-002043,2025-11-09 06:00:00,2025-11-09 08:42:00,0,3,,
TRIP-002044,2025-06-09 06:59:00,2025-06-09 11:26:00,59,59,,
TRIP-002045,2025-06-09 12:34:00,2025-06-09 19:32:00,34,55,,
TRIP-002046,2025-12-09 06:21:00,2025-12-09 09:48:00,21,37,,
TRIP-002047,2025-04-09 06:00:00,2025-04-09 13:44:00,0,0,,
TRIP-002048,2025-10-09 00:29:00,2025-10-09 09:20:00,29,21,,
TRIP-002049,2025-02-08 18:01:00,2025-02-09 03:11:00,1,60,,
TRIP-002050,2025-02-09 06:20:00,2025-02-09 12:59:00,20,49,,
TRIP-002051,2025-02-09 12:00:00,2025-02-09 19:32:00,0,0,,
TRIP-002052,2025-08-22 06:03:00,2025-08-22 09:47:00,3,11,,
TRIP-002053,2025-06-09 18:29:00,2025-06-10 05:44:00,29,61,,
TRIP-002054,2025-05-23 18:18:00,2025-05-24 02:42:00,18,58,,
TRIP-002055,2025-04-08 06:36:00,2025-04-08 09:10:00,36,31,,
TRIP-002056,2025-04-23 06:11:00,2025-04-23 14:59:00,11,0,,
TRIP-002057,2025-12-08 06:11:00,2025-12-08 09:24:00,11,38,,
TRIP-002058,2025-05-08 18:11:00,2025-05-09 06:34:00,11,215,Kerusakan Mesin,High
TRIP-002059,2025-02-22 18:00:00,2025-02-23 00:30:00,0,20,,
TRIP-002060,2025-02-23 00:27:00,2025-02-23 08:29:00,27,57,,
TRIP-002061,2025-02-23 12:13:00,2025-02-24 00:00:00,13,46,,
TRIP-002062,2025-05-22 06:31:00,2025-05-22 15:34:00,31,53,,
TRIP-002063,2025-05-22 18:11:00,2025-05-23 02:14:00,11,0,,
TRIP-002064,2025-06-22 12:00:00,2025-06-22 20:11:00,0,0,,
TRIP-002065,2025-05-08 06:25:00,2025-05-08 09:54:00,25,52,,
TRIP-002066,2025-04-23 12:14:00,2025-04-23 16:13:00,14,37,,
TRIP-002067,2025-10-22 18:36:00,2025-10-23 02:36:00,36,64,,
TRIP-002068,2025-10-23 06:03:00,2025-10-23 17:44:00,3,30,,
TRIP-002069,2025-01-08 18:00:00,2025-01-09 03:01:00,0,2,,
TRIP-002070,2025-01-09 06:15:00,2025-01-09 16:51:00,15,8,,
TRIP-002071,2025-05-22 06:00:00,2025-05-22 15:07:00,0,8,,
TRIP-002072,2025-01-23 00:00:00,2025-01-23 09:32:00,0,33,,
TRIP-002073,2025-09-08 06:00:00,2025-09-08 13:34:00,0,0,,
TRIP-002074,2025-09-08 18:40:00,2025-09-08 21:48:00,40,69,,
TRIP-002075,2025-09-09 00:00:00,2025-09-09 09:00:00,0,0,,
TRIP-002076,2025-05-22 06:00:00,2025-05-22 08:39:00,0,0,,
TRIP-002077,2025-05-22 12:00:00,2025-05-22 21:03:00,0,3,,
TRIP-002078,2025-04-08 12:05:00,2025-04-08 21:49:00,5,11,,
TRIP-002079,2025-04-09 00:05:00,2025-04-09 07:48:00,5,4,,
TRIP-002080,2025-04-09 12:05:00,2025-04-09 14:46:00,5,0,,
TRIP-002081,2025-09-22 06:22:00,2025-09-22 09:42:00,22,6,,
TRIP-002082,2025-06-22 06:14:00,2025-06-22 09:05:00,14,19,,
TRIP-002083,2025-06-23 06:26:00,2025-06-23 09:24:00,26,38,,
TRIP-002084,2025-06-23 12:24:00,2025-06-23 15:44:00,24,42,,
TRIP-002085,2025-01-08 18:38:00,2025-01-09 04:29:00,38,47,,
TRIP-002086,2025-01-09 06:42:00,2025-01-09 12:42:00,42,37,,
TRIP-002087,2025-07-08 18:00:00,2025-07-09 05:24:00,0,10,,
TRIP-002088,2025-09-08 18:33:00,2025-09-08 22:46:00,33,19,,
TRIP-002089,2025-07-09 00:39:00,2025-07-09 04:25:00,39,49,,
TRIP-002090,2025-06-23 00:18:00,2025-06-23 11:26:00,18,217,Kemacetan,High
TRIP-002091,2025-04-08 12:17:00,2025-04-08 23:03:00,17,20,,
TRIP-002092,2025-04-09 00:07:00,2025-04-09 06:38:00,7,28,,
TRIP-002093,2025-04-09 06:20:00,2025-04-09 14:47:00,20,36,,
TRIP-002094,2025-06-23 18:17:00,2025-06-24 03:55:00,17,17,,
TRIP-002095,2025-12-22 18:00:00,2025-12-23 00:09:00,0,6,,
TRIP-002096,2025-10-23 00:23:00,2025-10-23 08:59:00,23,0,,
TRIP-002097,2025-06-22 12:13:00,2025-06-22 21:38:00,13,0,,
TRIP-002098,2025-06-23 00:00:00,2025-06-23 04:00:00,0,0,,
TRIP-002099,2025-08-22 12:11:00,2025-08-22 21:54:00,11,12,,
TRIP-002100,2025-08-23 00:00:00,2025-08-23 06:43:00,0,38,,
TRIP-002101,2025-02-22 06:01:00,2025-02-22 15:03:00,1,4,,
TRIP-002102,2025-10-08 12:22:00,2025-10-08 20:18:00,22,34,,
TRIP-002103,2025-10-09 00:11:00,2025-10-09 02:46:00,11,0,,
TRIP-002104,2025-07-09 12:25:00,2025-07-09 22:36:00,25,58,,
TRIP-002105,2025-06-23 00:15:00,2025-06-23 06:55:00,15,45,,
TRIP-002106,2025-05-08 12:06:00,2025-05-08 23:14:00,6,0,,
TRIP-002107,2025-12-08 06:06:00,2025-12-08 14:55:00,6,14,,
TRIP-002108,2025-05-08 18:07:00,2025-05-08 21:56:00,7,45,,
TRIP-002109,2025-05-09 00:36:00,2025-05-09 06:57:00,36,47,,
TRIP-002110,2025-11-22 18:00:00,2025-11-22 22:01:00,0,1,,
TRIP-002111,2025-11-23 12:04:00,2025-11-23 15:57:00,4,21,,
TRIP-002112,2025-05-23 06:00:00,2025-05-23 08:39:00,0,0,,
TRIP-002113,2025-10-08 12:12:00,2025-10-08 15:35:00,12,56,,
TRIP-002114,2025-12-22 06:19:00,2025-12-22 15:17:00,19,17,,
TRIP-002115,2025-03-09 06:00:00,2025-03-09 12:39:00,0,29,,
TRIP-002116,2025-12-22 18:00:00,2025-12-22 23:11:00,0,0,,
TRIP-002117,2025-12-23 00:26:00,2025-12-23 08:10:00,26,36,,
TRIP-002118,2025-03-09 00:08:00,2025-03-09 02:50:00,8,11,,
TRIP-002119,2025-11-22 06:02:00,2025-11-22 09:19:00,2,17,,
TRIP-002120,2025-01-08 18:45:00,2025-01-09 07:21:00,45,58,,
TRIP-002121,2025-01-09 06:55:00,2025-01-09 10:25:00,55,49,,
TRIP-002122,2025-04-22 06:00:00,2025-04-22 08:46:00,0,0,,
TRIP-002123,2025-03-22 12:09:00,2025-03-22 20:15:00,9,26,,
TRIP-002124,2025-03-23 00:00:00,2025-03-23 08:41:00,0,0,,
TRIP-002125,2025-12-23 00:13:00,2025-12-23 11:39:00,13,0,,
TRIP-002126,2025-11-22 12:13:00,2025-11-22 21:11:00,13,12,,
TRIP-002127,2025-07-22 18:13:00,2025-07-23 04:10:00,13,28,,
TRIP-002128,2025-07-23 06:00:00,2025-07-23 12:05:00,0,0,,
TRIP-002129,2025-04-23 00:14:00,2025-04-23 05:59:00,14,48,,
TRIP-002130,2025-04-23 06:21:00,2025-04-23 13:39:00,21,5,,
TRIP-002131,2025-04-22 12:06:00,2025-04-22 20:02:00,6,18,,
TRIP-002132,2025-12-22 12:00:00,2025-12-22 18:10:00,0,0,,
TRIP-002133,2025-06-23 06:10:00,2025-06-23 13:32:00,10,0,,
TRIP-002134,2025-07-22 06:14:00,2025-07-22 16:12:00,14,34,,
TRIP-002135,2025-07-22 18:00:00,2025-07-23 01:44:00,0,0,,
TRIP-002136,2025-08-22 18:11:00,2025-08-23 01:05:00,11,28,,
TRIP-002137,2025-03-08 18:20:00,2025-03-09 07:16:00,20,53,,
TRIP-002138,2025-09-08 12:21:00,2025-09-08 23:33:00,21,19,,
TRIP-002139,2025-09-09 00:35:00,2025-09-09 09:46:00,35,8,,
TRIP-002140,2025-05-09 07:00:00,2025-05-09 14:35:00,60,46,,
TRIP-002141,2025-06-22 06:03:00,2025-06-22 18:32:00,3,9,,
TRIP-002142,2025-11-22 18:00:00,2025-11-23 06:55:00,0,32,,
TRIP-002143,2025-03-08 06:42:00,2025-03-08 19:53:00,42,90,,
TRIP-002144,2025-03-08 18:00:00,2025-03-08 23:47:00,0,131,Kerusakan Mesin,Medium
TRIP-002145,2025-03-09 00:25:00,2025-03-09 10:21:00,25,39,,
TRIP-002146,2025-01-22 18:35:00,2025-01-23 06:42:00,35,17,,
TRIP-002147,2025-01-23 06:14:00,2025-01-23 15:38:00,14,0,,
TRIP-002148,2025-05-08 12:00:00,2025-05-08 15:39:00,0,28,,
TRIP-002149,2025-05-08 18:05:00,2025-05-09 06:25:00,5,0,,
TRIP-002150,2025-09-22 06:31:00,2025-09-22 12:29:00,31,26,,
TRIP-002151,2025-09-09 12:29:00,2025-09-09 22:16:00,29,34,,
TRIP-002152,2025-05-22 12:17:00,2025-05-22 18:16:00,17,6,,
TRIP-002153,2025-05-22 18:04:00,2025-05-23 02:08:00,4,36,,
TRIP-002154,2025-05-23 06:12:00,2025-05-23 17:38:00,12,24,,
TRIP-002155,2025-05-09 00:00:00,2025-05-09 07:49:00,0,0,,
TRIP-002156,2025-11-08 06:17:00,2025-11-08 18:04:00,17,2,,
TRIP-002157,2025-07-22 12:00:00,2025-07-22 23:26:00,0,12,,
TRIP-002158,2025-01-08 18:00:00,2025-01-09 02:04:00,0,20,,
TRIP-002159,2025-12-09 12:16:00,2025-12-09 21:48:00,16,10,,
TRIP-002160,2025-09-08 12:00:00,2025-09-08 18:10:00,0,0,,
TRIP-002161,2025-01-22 18:30:00,2025-01-23 05:07:00,30,24,,
TRIP-002162,2025-01-23 06:05:00,2025-01-23 12:10:00,5,0,,
TRIP-002163,2025-08-08 06:19:00,2025-08-08 17:49:00,19,35,,
TRIP-002164,2025-08-08 18:00:00,2025-08-09 03:38:00,0,0,,
TRIP-002165,2025-02-23 00:00:00,2025-02-23 12:25:00,0,0,,
TRIP-002166,2025-09-09 00:24:00,2025-09-09 13:03:00,24,84,,
TRIP-002167,2025-01-09 00:00:00,2025-01-09 12:30:00,0,7,,
TRIP-002168,2025-01-09 12:12:00,2025-01-09 15:50:00,12,14,,
TRIP-002169,2025-05-09 06:17:00,2025-05-09 12:45:00,17,35,,
TRIP-002170,2025-11-22 18:26:00,2025-11-23 06:55:00,26,53,,
TRIP-002171,2025-11-23 06:07:00,2025-11-23 16:53:00,7,10,,
TRIP-002172,2025-07-08 12:00:00,2025-07-08 17:58:00,0,47,,
TRIP-002173,2025-02-08 12:01:00,2025-02-08 21:38:00,1,0,,
TRIP-002174,2025-02-09 00:12:00,2025-02-09 04:07:00,12,7,,
TRIP-002175,2025-07-23 00:01:00,2025-07-23 04:27:00,1,27,,
TRIP-002176,2025-07-23 06:00:00,2025-07-23 18:24:00,0,45,,
TRIP-002177,2025-07-23 06:00:00,2025-07-23 12:34:00,0,31,,
TRIP-002178,2025-10-08 12:20:00,2025-10-08 19:47:00,20,15,,
TRIP-002179,2025-10-09 00:00:00,2025-10-09 15:40:00,0,266,Cuaca,High
TRIP-002180,2025-10-09 12:11:00,2025-10-09 21:38:00,11,0,,
TRIP-002181,2025-07-23 12:12:00,2025-07-23 20:14:00,12,0,,
TRIP-002182,2025-09-23 12:22:00,2025-09-23 21:53:00,22,15,,
TRIP-002183,2025-04-22 18:35:00,2025-04-23 03:12:00,35,31,,
TRIP-002184,2025-04-23 06:00:00,2025-04-23 14:14:00,0,0,,
TRIP-002185,2025-04-23 18:13:00,2025-04-23 22:49:00,13,22,,
TRIP-002186,2025-10-22 12:03:00,2025-10-22 14:47:00,3,1,,
TRIP-002187,2025-10-22 18:07:00,2025-10-22 21:22:00,7,20,,
TRIP-002188,2025-09-22 06:00:00,2025-09-22 17:05:00,0,22,,
TRIP-002189,2025-09-22 18:36:00,2025-09-23 04:04:00,36,234,Kemacetan,High
TRIP-002190,2025-02-23 00:36:00,2025-02-23 10:43:00,36,65,,
TRIP-002191,2025-03-08 18:00:00,2025-03-08 23:07:00,0,141,Cuaca,Medium
TRIP-002192,2025-09-08 18:00:00,2025-09-09 01:32:00,0,0,,
TRIP-002193,2025-09-09 06:00:00,2025-09-09 17:36:00,0,22,,
TRIP-002194,2025-09-09 18:00:00,2025-09-10 03:48:00,0,10,,
TRIP-002195,2025-07-22 12:00:00,2025-07-22 21:24:00,0,43,,
TRIP-002196,2025-07-23 00:38:00,2025-07-23 08:49:00,38,35,,
TRIP-002197,2025-10-08 12:24:00,2025-10-08 20:41:00,24,30,,
TRIP-002198,2025-10-09 00:31:00,2025-10-09 07:10:00,31,60,,
TRIP-002199,2025-07-09 12:22:00,2025-07-09 20:22:00,22,8,,
TRIP-002200,2025-12-08 06:04:00,2025-12-08 13:44:00,4,0,,
TRIP-002201,2025-03-08 18:00:00,2025-03-08 22:34:00,0,7,,
TRIP-002202,2025-08-08 06:25:00,2025-08-08 16:26:00,25,48,,
TRIP-002203,2025-08-08 18:00:00,2025-08-08 22:06:00,0,6,,
TRIP-002204,2025-08-09 00:18:00,2025-08-09 12:13:00,18,34,,
TRIP-002205,2025-04-08 18:02:00,2025-04-09 01:42:00,2,8,,
TRIP-002206,2025-04-09 06:35:00,2025-04-09 09:27:00,35,48,,
TRIP-002207,2025-08-23 18:09:00,2025-08-23 22:54:00,9,27,,
TRIP-002208,2025-08-09 06:14:00,2025-08-09 18:29:00,14,27,,
TRIP-002209,2025-06-22 18:00:00,2025-06-22 21:54:00,0,18,,
TRIP-002210,2025-06-23 00:06:00,2025-06-23 09:53:00,6,11,,
TRIP-002211,2025-09-08 18:12:00,2025-09-09 03:55:00,12,17,,
TRIP-002212,2025-12-09 06:00:00,2025-12-09 12:05:00,0,0,,
TRIP-002213,2025-12-09 12:44:00,2025-12-09 20:07:00,44,18,,
TRIP-002214,2025-12-09 00:12:00,2025-12-09 11:08:00,12,214,Kerusakan Mesin,High
TRIP-002215,2025-09-08 18:17:00,2025-09-08 22:37:00,17,37,,
TRIP-002216,2025-09-09 12:33:00,2025-09-09 21:56:00,33,75,,
TRIP-002217,2025-12-09 06:18:00,2025-12-09 11:12:00,18,45,,
TRIP-002218,2025-12-08 06:00:00,2025-12-08 13:49:00,0,0,,
TRIP-002219,2025-01-08 06:23:00,2025-01-08 14:08:00,23,34,,
TRIP-002220,2025-03-08 18:18:00,2025-03-09 00:21:00,18,18,,
TRIP-002221,2025-03-09 00:00:00,2025-03-09 11:58:00,0,19,,
TRIP-002222,2025-11-09 00:06:00,2025-11-09 03:07:00,6,28,,
TRIP-002223,2025-03-08 12:00:00,2025-03-08 23:14:00,0,0,,
TRIP-002224,2025-03-09 00:38:00,2025-03-09 11:01:00,38,83,,
TRIP-002225,2025-04-22 06:16:00,2025-04-22 09:02:00,16,0,,
TRIP-002226,2025-04-22 12:01:00,2025-04-22 18:14:00,1,11,,
TRIP-002227,2025-12-23 06:06:00,2025-12-23 18:05:00,6,3,,
TRIP-002228,2025-03-23 00:16:00,2025-03-23 12:41:00,16,18,,
TRIP-002229,2025-10-23 06:00:00,2025-10-23 09:44:00,0,33,,
TRIP-002230,2025-07-23 00:21:00,2025-07-23 06:53:00,21,50,,
TRIP-002231,2025-08-09 06:38:00,2025-08-09 15:35:00,38,54,,
TRIP-002232,2025-03-22 12:19:00,2025-03-23 00:25:00,19,0,,
TRIP-002233,2025-09-08 06:00:00,2025-09-08 12:03:00,0,0,,
TRIP-002234,2025-09-08 12:07:00,2025-09-09 00:50:00,7,27,,
TRIP-002235,2025-01-08 18:35:00,2025-01-09 01:27:00,35,50,,
TRIP-002236,2025-01-09 06:00:00,2025-01-09 18:02:00,0,0,,
TRIP-002237,2025-07-23 00:00:00,2025-07-23 02:48:00,0,9,,
TRIP-002238,2025-07-23 06:28:00,2025-07-23 15:45:00,28,45,,
TRIP-002239,2025-02-23 06:18:00,2025-02-23 16:11:00,18,33,,
TRIP-002240,2025-06-09 00:31:00,2025-06-09 03:48:00,31,46,,
TRIP-002241,2025-03-22 06:04:00,2025-03-22 14:14:00,4,0,,
TRIP-002242,2025-03-22 18:00:00,2025-03-22 22:59:00,0,32,,
TRIP-002243,2025-03-23 00:06:00,2025-03-23 06:37:00,6,0,,
TRIP-002244,2025-07-22 06:33:00,2025-07-22 15:00:00,33,0,,
TRIP-002245,2025-07-22 18:00:00,2025-07-22 21:15:00,0,4,,
TRIP-002246,2025-07-23 00:17:00,2025-07-23 12:57:00,17,32,,
TRIP-002247,2025-11-22 06:05:00,2025-11-22 15:59:00,5,17,,
TRIP-002248,2025-11-23 00:05:00,2025-11-23 07:49:00,5,0,,
TRIP-002249,2025-03-08 12:18:00,2025-03-08 15:34:00,18,48,,
TRIP-002250,2025-03-08 18:00:00,2025-03-08 21:36:00,0,34,,
TRIP-002251,2025-03-09 00:28:00,2025-03-09 06:37:00,28,34,,
TRIP-002252,2025-05-08 06:50:00,2025-05-08 15:23:00,50,99,,
TRIP-002253,2025-07-08 18:30:00,2025-07-09 05:10:00,30,27,,
TRIP-002254,2025-02-22 12:19:00,2025-02-22 18:50:00,19,13,,
TRIP-002255,2025-02-23 00:00:00,2025-02-23 12:02:00,0,0,,
TRIP-002256,2025-07-09 06:00:00,2025-07-09 17:33:00,0,19,,
TRIP-002257,2025-12-23 06:00:00,2025-12-23 10:02:00,0,2,,
TRIP-002258,2025-04-08 18:40:00,2025-04-09 00:38:00,40,35,,
TRIP-002259,2025-10-22 18:02:00,2025-10-22 23:16:00,2,49,,
TRIP-002260,2025-10-23 00:00:00,2025-10-23 06:37:00,0,0,,
TRIP-002261,2025-08-08 18:36:00,2025-08-08 22:59:00,36,32,,
TRIP-002262,2025-08-09 00:14:00,2025-08-09 06:48:00,14,11,,
TRIP-002263,2025-08-22 18:46:00,2025-08-23 00:35:00,46,25,,
TRIP-002264,2025-08-23 00:32:00,2025-08-23 09:01:00,32,50,,
TRIP-002265,2025-12-23 18:02:00,2025-12-24 06:41:00,2,16,,
TRIP-002266,2025-12-23 18:26:00,2025-12-24 02:11:00,26,27,,
TRIP-002267,2025-02-22 18:33:00,2025-02-23 07:21:00,33,58,,
TRIP-002268,2025-02-23 06:53:00,2025-02-23 10:33:00,53,57,,
TRIP-002269,2025-01-22 06:33:00,2025-01-22 11:50:00,33,184,Kerusakan Mesin,High
TRIP-002270,2025-01-22 06:00:00,2025-01-22 09:02:00,0,0,,
TRIP-002271,2025-02-23 00:00:00,2025-02-23 03:36:00,0,0,,
TRIP-002272,2025-08-22 06:45:00,2025-08-22 16:32:00,45,50,,
TRIP-002273,2025-03-08 12:39:00,2025-03-08 17:39:00,39,28,,
TRIP-002274,2025-11-22 06:08:00,2025-11-22 16:29:00,8,51,,
TRIP-002275,2025-06-22 12:00:00,2025-06-23 00:02:00,0,0,,
TRIP-002276,2025-08-08 12:22:00,2025-08-09 00:52:00,22,29,,
TRIP-002277,2025-08-09 00:00:00,2025-08-09 03:36:00,0,0,,
TRIP-002278,2025-07-23 00:00:00,2025-07-23 11:55:00,0,16,,
TRIP-002279,2025-10-08 12:27:00,2025-10-08 15:54:00,27,18,,
TRIP-002280,2025-10-08 18:23:00,2025-10-09 04:22:00,23,40,,
TRIP-002281,2025-10-09 06:11:00,2025-10-09 12:05:00,11,0,,
TRIP-002282,2025-10-22 06:47:00,2025-10-22 10:53:00,47,53,,
TRIP-002283,2025-09-22 12:10:00,2025-09-22 15:40:00,10,4,,
TRIP-002284,2025-09-22 18:00:00,2025-09-23 04:08:00,0,26,,
TRIP-002285,2025-01-23 00:28:00,2025-01-23 08:19:00,28,35,,
TRIP-002286,2025-01-08 12:12:00,2025-01-08 16:12:00,12,36,,
TRIP-002287,2025-10-22 12:19:00,2025-10-22 15:37:00,19,35,,
TRIP-002288,2025-06-22 06:17:00,2025-06-22 15:04:00,17,50,,
TRIP-002289,2025-06-22 18:23:00,2025-06-22 23:12:00,23,45,,
TRIP-002290,2025-06-23 00:00:00,2025-06-23 06:48:00,0,11,,
TRIP-002291,2025-12-23 00:01:00,2025-12-23 10:43:00,1,0,,
TRIP-002292,2025-04-08 06:00:00,2025-04-08 12:05:00,0,0,,
TRIP-002293,2025-04-23 00:08:00,2025-04-23 03:36:00,8,50,,
TRIP-002294,2025-12-09 00:00:00,2025-12-09 03:19:00,0,40,,
TRIP-002295,2025-09-08 18:25:00,2025-09-09 02:26:00,25,42,,
TRIP-002296,2025-09-09 06:06:00,2025-09-09 09:11:00,6,25,,
TRIP-002297,2025-09-09 12:06:00,2025-09-09 15:05:00,6,3,,
TRIP-002298,2025-12-23 12:00:00,2025-12-23 15:22:00,0,11,,
TRIP-002299,2025-12-22 06:29:00,2025-12-22 09:18:00,29,39,,
TRIP-002300,2025-01-23 06:00:00,2025-01-23 13:54:00,0,5,,
TRIP-002301,2025-01-08 12:37:00,2025-01-08 16:23:00,37,23,,
TRIP-002302,2025-01-22 12:12:00,2025-01-22 14:40:00,12,1,,
TRIP-002303,2025-01-22 18:25:00,2025-01-23 03:55:00,25,55,,
TRIP-002304,2025-11-22 18:00:00,2025-11-23 05:23:00,0,40,,
TRIP-002305,2025-11-23 06:00:00,2025-11-23 18:50:00,0,25,,
TRIP-002306,2025-04-22 18:01:00,2025-04-23 00:10:00,1,0,,
TRIP-002307,2025-04-23 00:27:00,2025-04-23 08:19:00,27,8,,
TRIP-002308,2025-03-08 18:53:00,2025-03-09 01:55:00,53,105,,
TRIP-002309,2025-03-09 00:44:00,2025-03-09 09:32:00,44,81,,
TRIP-002310,2025-06-23 12:00:00,2025-06-23 20:43:00,0,29,,
TRIP-002311,2025-03-23 12:30:00,2025-03-23 22:53:00,30,159,Cuaca,Medium
TRIP-002312,2025-03-22 18:28:00,2025-03-23 05:04:00,28,21,,
TRIP-002313,2025-12-08 18:00:00,2025-12-09 00:10:00,0,0,,
TRIP-002314,2025-12-09 00:01:00,2025-12-09 08:39:00,1,28,,
TRIP-002315,2025-02-08 12:10:00,2025-02-08 18:25:00,10,15,,
TRIP-002316,2025-03-08 12:03:00,2025-03-09 02:22:00,3,219,Kerusakan Mesin,High
TRIP-002317,2025-01-08 12:27:00,2025-01-09 00:28:00,27,26,,
TRIP-002318,2025-01-09 00:26:00,2025-01-09 06:10:00,26,59,,
TRIP-002319,2025-07-09 18:00:00,2025-07-10 03:56:00,0,18,,
TRIP-002320,2025-03-22 12:26:00,2025-03-22 19:03:00,26,58,,
TRIP-002321,2025-03-22 18:17:00,2025-03-23 03:58:00,17,129,Kerusakan Mesin,Medium
TRIP-002322,2025-03-23 06:23:00,2025-03-23 15:23:00,23,23,,
TRIP-002323,2025-01-22 06:08:00,2025-01-22 11:18:00,8,7,,
TRIP-002324,2025-06-22 06:03:00,2025-06-22 18:31:00,3,52,,
TRIP-002325,2025-02-08 06:04:00,2025-02-08 12:37:00,4,0,,
TRIP-002326,2025-12-09 00:12:00,2025-12-09 04:07:00,12,31,,
TRIP-002327,2025-05-22 12:41:00,2025-05-22 21:40:00,41,41,,
TRIP-002328,2025-05-23 00:07:00,2025-05-23 11:34:00,7,51,,
TRIP-002329,2025-11-08 18:18:00,2025-11-08 22:28:00,18,52,,
TRIP-002330,2025-08-23 06:00:00,2025-08-23 16:51:00,0,8,,
TRIP-002331,2025-11-23 12:06:00,2025-11-23 20:41:00,6,30,,
TRIP-002332,2025-07-09 06:23:00,2025-07-09 14:33:00,23,61,,
TRIP-002333,2025-07-22 06:00:00,2025-07-22 17:45:00,0,6,,
TRIP-002334,2025-03-22 18:13:00,2025-03-23 00:10:00,13,0,,
TRIP-002335,2025-03-23 00:27:00,2025-03-23 08:40:00,27,68,,
TRIP-002336,2025-01-08 12:13:00,2025-01-08 18:30:00,13,27,,
TRIP-002337,2025-03-23 00:03:00,2025-03-23 09:38:00,3,0,,
TRIP-002338,2025-07-08 12:06:00,2025-07-08 16:14:00,6,14,,
TRIP-002339,2025-02-09 06:19:00,2025-02-09 10:27:00,19,27,,
TRIP-002340,2025-09-22 06:25:00,2025-09-22 16:23:00,25,45,,
TRIP-002341,2025-11-22 18:00:00,2025-11-22 21:36:00,0,0,,
TRIP-002342,2025-11-23 00:05:00,2025-11-23 09:42:00,5,0,,
TRIP-002343,2025-05-23 00:14:00,2025-05-23 12:27:00,14,25,,
TRIP-002344,2025-03-23 12:14:00,2025-03-23 20:50:00,14,9,,
TRIP-002345,2025-03-08 12:17:00,2025-03-09 00:50:00,17,25,,
TRIP-002346,2025-09-22 18:10:00,2025-09-23 02:28:00,10,17,,
TRIP-002347,2025-09-23 06:12:00,2025-09-23 12:16:00,12,6,,
TRIP-002348,2025-09-23 12:00:00,2025-09-23 19:32:00,0,0,,
TRIP-002349,2025-01-09 00:06:00,2025-01-09 03:50:00,6,14,,
TRIP-002350,2025-02-08 06:29:00,2025-02-08 10:50:00,29,74,,
TRIP-002351,2025-06-22 06:02:00,2025-06-22 10:40:00,2,13,,
TRIP-002352,2025-10-08 06:00:00,2025-10-08 09:02:00,0,0,,
TRIP-002353,2025-07-09 12:04:00,2025-07-09 15:51:00,4,40,,
TRIP-002354,2025-03-08 06:09:00,2025-03-08 14:14:00,9,0,,
TRIP-002355,2025-02-08 06:19:00,2025-02-08 14:06:00,19,22,,
TRIP-002356,2025-02-08 18:22:00,2025-02-08 21:27:00,22,41,,
TRIP-002357,2025-08-22 18:21:00,2025-08-22 20:51:00,21,5,,
TRIP-002358,2025-04-22 18:06:00,2025-04-23 04:11:00,6,29,,
TRIP-002359,2025-06-09 00:20:00,2025-06-09 06:26:00,20,16,,
TRIP-002360,2025-05-08 06:17:00,2025-05-08 16:12:00,17,30,,
TRIP-002361,2025-04-22 06:09:00,2025-04-22 12:20:00,9,17,,
TRIP-002362,2025-10-22 18:07:00,2025-10-23 03:08:00,7,9,,
TRIP-002363,2025-01-22 12:46:00,2025-01-22 22:33:00,46,268,Kemacetan,High
TRIP-002364,2025-01-09 12:00:00,2025-01-10 00:02:00,0,0,,
TRIP-002365,2025-04-09 12:16:00,2025-04-09 18:37:00,16,0,,
TRIP-002366,2025-09-22 12:20:00,2025-09-22 22:45:00,20,2,,
TRIP-002367,2025-09-23 00:06:00,2025-09-23 12:25:00,6,0,,
TRIP-002368,2025-04-22 12:31:00,2025-04-22 20:17:00,31,28,,
TRIP-002369,2025-04-23 00:21:00,2025-04-23 09:23:00,21,42,,
TRIP-002370,2025-05-08 18:26:00,2025-05-08 22:20:00,26,44,,
TRIP-002371,2025-05-09 00:00:00,2025-05-09 10:25:00,0,43,,
TRIP-002372,2025-06-23 00:14:00,2025-06-23 05:25:00,14,14,,
TRIP-002373,2025-01-08 06:00:00,2025-01-08 18:19:00,0,17,,
TRIP-002374,2025-11-09 18:37:00,2025-11-10 03:58:00,37,20,,
TRIP-002375,2025-11-22 12:25:00,2025-11-22 18:37:00,25,27,,
TRIP-002376,2025-12-22 18:00:00,2025-12-23 03:00:00,0,1,,
TRIP-002377,2025-01-22 18:15:00,2025-01-22 22:05:00,15,5,,
TRIP-002378,2025-01-23 00:01:00,2025-01-23 12:23:00,1,0,,
TRIP-002379,2025-08-08 06:04:00,2025-08-08 13:45:00,4,11,,
TRIP-002380,2025-07-08 18:00:00,2025-07-08 22:04:00,0,4,,
TRIP-002381,2025-09-08 06:00:00,2025-09-08 17:42:00,0,28,,
TRIP-002382,2025-09-09 06:19:00,2025-09-09 10:27:00,19,27,,
TRIP-002383,2025-07-23 00:00:00,2025-07-23 12:23:00,0,0,,
TRIP-002384,2025-07-23 12:00:00,2025-07-23 15:36:00,0,0,,
TRIP-002385,2025-11-08 06:17:00,2025-11-08 18:40:00,17,15,,
TRIP-002386,2025-04-23 12:19:00,2025-04-23 20:31:00,19,17,,
TRIP-002387,2025-12-08 12:18:00,2025-12-08 23:43:00,18,29,,
TRIP-002388,2025-06-09 12:58:00,2025-06-09 23:28:00,58,45,,
TRIP-002389,2025-06-23 06:01:00,2025-06-23 13:44:00,1,0,,
TRIP-002390,2025-04-08 06:00:00,2025-04-08 10:41:00,0,14,,
TRIP-002391,2025-01-22 12:47:00,2025-01-22 16:30:00,47,54,,
TRIP-002392,2025-06-23 06:37:00,2025-06-23 12:42:00,37,37,,
TRIP-002393,2025-06-23 12:13:00,2025-06-23 19:49:00,13,0,,
TRIP-002394,2025-02-22 06:06:00,2025-02-22 10:00:00,6,0,,
TRIP-002395,2025-06-09 18:05:00,2025-06-09 23:25:00,5,14,,
TRIP-002396,2025-08-08 12:07:00,2025-08-08 19:52:00,7,20,,
TRIP-002397,2025-08-09 00:12:00,2025-08-09 15:13:00,12,239,Kerusakan Mesin,High
TRIP-002398,2025-05-23 00:50:00,2025-05-23 05:38:00,50,27,,
TRIP-002399,2025-09-22 06:10:00,2025-09-22 18:23:00,10,0,,
TRIP-002400,2025-09-22 18:07:00,2025-09-22 21:57:00,7,21,,
TRIP-002401,2025-09-23 00:00:00,2025-09-23 09:49:00,0,7,,
TRIP-002402,2025-06-22 06:00:00,2025-06-22 13:49:00,0,0,,
TRIP-002403,2025-10-09 00:01:00,2025-10-09 11:25:00,1,288,Cuaca,High
TRIP-002404,2025-09-08 12:21:00,2025-09-08 23:50:00,21,11,,
TRIP-002405,2025-09-09 12:00:00,2025-09-09 20:14:00,0,0,,
TRIP-002406,2025-08-08 12:00:00,2025-08-08 21:00:00,0,0,,
TRIP-002407,2025-08-09 00:12:00,2025-08-09 03:11:00,12,0,,
TRIP-002408,2025-05-09 00:34:00,2025-05-09 13:16:00,34,74,,
TRIP-002409,2025-05-22 18:00:00,2025-05-23 03:02:00,0,2,,
TRIP-002410,2025-01-22 18:00:00,2025-01-23 06:37:00,0,14,,
TRIP-002411,2025-01-23 06:00:00,2025-01-23 09:36:00,0,0,,
TRIP-002412,2025-01-23 12:43:00,2025-01-23 22:00:00,43,18,,
TRIP-002413,2025-02-09 06:13:00,2025-02-09 13:42:00,13,10,,
TRIP-002414,2025-01-08 06:08:00,2025-01-08 14:45:00,8,4,,
TRIP-002415,2025-01-08 19:04:00,2025-01-09 03:57:00,64,103,,
TRIP-002416,2025-01-09 06:07:00,2025-01-09 10:27:00,7,0,,
TRIP-002417,2025-08-22 12:36:00,2025-08-23 00:35:00,36,33,,
TRIP-002418,2025-11-09 12:00:00,2025-11-09 19:44:00,0,0,,
TRIP-002419,2025-05-23 18:25:00,2025-05-23 22:26:00,25,26,,
TRIP-002420,2025-11-22 18:14:00,2025-11-23 02:41:00,14,0,,
TRIP-002421,2025-11-23 06:00:00,2025-11-23 14:14:00,0,0,,
TRIP-002422,2025-12-23 12:16:00,2025-12-23 20:07:00,16,23,,
TRIP-002423,2025-04-23 12:19:00,2025-04-23 23:14:00,19,0,,
TRIP-002424,2025-12-08 12:30:00,2025-12-08 20:17:00,30,33,,
TRIP-002425,2025-12-09 00:07:00,2025-12-09 03:28:00,7,42,,
TRIP-002426,2025-12-09 06:05:00,2025-12-09 09:07:00,5,5,,
TRIP-002427,2025-11-22 06:14:00,2025-11-22 12:16:00,14,13,,
TRIP-002428,2025-10-08 06:00:00,2025-10-08 12:16:00,0,6,,
TRIP-002429,2025-12-23 00:00:00,2025-12-23 09:08:00,0,9,,
TRIP-002430,2025-12-23 12:06:00,2025-12-24 03:25:00,6,282,Kemacetan,High
TRIP-002431,2025-04-23 00:12:00,2025-04-23 11:07:00,12,24,,
TRIP-002432,2025-09-08 06:00:00,2025-09-08 15:00:00,0,0,,
TRIP-002433,2025-09-08 18:15:00,2025-09-08 21:47:00,15,36,,
TRIP-002434,2025-11-09 13:00:00,2025-11-09 16:23:00,60,72,,
TRIP-002435,2025-03-09 00:07:00,2025-03-09 12:40:00,7,38,,
TRIP-002436,2025-12-09 00:00:00,2025-12-09 03:21:00,0,10,,
TRIP-002437,2025-10-22 12:00:00,2025-10-23 02:58:00,0,153,Kerusakan Mesin,Medium
TRIP-002438,2025-10-23 00:16:00,2025-10-23 10:12:00,16,34,,
TRIP-002439,2025-04-08 06:00:00,2025-04-08 15:38:00,0,0,,
TRIP-002440,2025-04-08 18:30:00,2025-04-09 02:58:00,30,74,,
TRIP-002441,2025-09-22 06:05:00,2025-09-22 09:13:00,5,11,,
TRIP-002442,2025-09-22 12:20:00,2025-09-22 18:53:00,20,50,,
TRIP-002443,2025-09-22 18:42:00,2025-09-23 07:14:00,42,51,,
TRIP-002444,2025-08-23 06:28:00,2025-08-23 12:17:00,28,7,,
TRIP-002445,2025-01-22 18:01:00,2025-01-23 02:11:00,1,0,,
TRIP-002446,2025-01-23 06:38:00,2025-01-23 12:46:00,38,36,,
TRIP-002447,2025-04-09 06:02:00,2025-04-09 15:02:00,2,2,,
TRIP-002448,2025-03-22 18:33:00,2025-03-22 21:34:00,33,23,,
TRIP-002449,2025-02-22 18:29:00,2025-02-22 23:28:00,29,17,,
TRIP-002450,2025-02-23 00:19:00,2025-02-23 07:34:00,19,0,,
TRIP-002451,2025-02-23 12:09:00,2025-02-23 14:51:00,9,12,,
TRIP-002452,2025-09-08 06:00:00,2025-09-08 12:37:00,0,0,,
TRIP-002453,2025-09-08 18:21:00,2025-09-09 06:19:00,21,17,,
TRIP-002454,2025-05-23 12:51:00,2025-05-24 01:41:00,51,76,,
TRIP-002455,2025-07-23 06:00:00,2025-07-23 18:05:00,0,3,,
TRIP-002456,2025-08-09 12:08:00,2025-08-09 21:27:00,8,27,,
TRIP-002457,2025-01-22 12:17:00,2025-01-22 15:20:00,17,18,,
TRIP-002458,2025-01-22 18:16:00,2025-01-23 00:08:00,16,5,,
TRIP-002459,2025-07-22 06:52:00,2025-07-22 12:10:00,52,59,,
TRIP-002460,2025-12-09 06:00:00,2025-12-09 12:35:00,0,25,,
TRIP-002461,2025-01-22 18:00:00,2025-01-22 22:28:00,0,1,,
TRIP-002462,2025-01-23 00:37:00,2025-01-23 07:42:00,37,65,,
TRIP-002463,2025-01-08 06:16:00,2025-01-08 18:25:00,16,0,,
TRIP-002464,2025-06-09 00:00:00,2025-06-09 03:03:00,0,17,,
TRIP-002465,2025-02-09 12:00:00,2025-02-09 21:49:00,0,11,,
TRIP-002466,2025-12-09 12:03:00,2025-12-09 21:42:00,3,0,,
TRIP-002467,2025-08-09 00:00:00,2025-08-09 12:25:00,0,0,,
TRIP-002468,2025-12-09 06:13:00,2025-12-09 15:05:00,13,24,,
TRIP-002469,2025-09-08 06:25:00,2025-09-08 09:39:00,25,37,,
TRIP-002470,2025-09-08 12:00:00,2025-09-08 18:10:00,0,7,,
TRIP-002471,2025-03-22 12:00:00,2025-03-23 00:28:00,0,5,,
TRIP-002472,2025-04-08 06:00:00,2025-04-08 09:02:00,0,0,,
TRIP-002473,2025-07-09 12:00:00,2025-07-09 16:00:00,0,0,,
TRIP-002474,2025-10-23 06:01:00,2025-10-23 08:51:00,1,5,,
TRIP-002475,2025-03-22 06:16:00,2025-03-22 09:11:00,16,0,,
TRIP-002476,2025-03-22 12:00:00,2025-03-22 18:10:00,0,0,,
TRIP-002477,2025-02-22 06:00:00,2025-02-22 14:57:00,0,167,Cuaca,Medium
TRIP-002478,2025-10-22 12:23:00,2025-10-22 23:30:00,23,16,,
TRIP-002479,2025-11-22 18:18:00,2025-11-23 00:26:00,18,75,,
TRIP-002480,2025-09-22 06:08:00,2025-09-22 14:03:00,8,19,,
TRIP-002481,2025-09-22 18:10:00,2025-09-22 21:09:00,10,23,,
TRIP-002482,2025-02-22 18:23:00,2025-02-23 03:45:00,23,46,,
TRIP-002483,2025-02-23 06:45:00,2025-02-23 12:09:00,45,58,,
TRIP-002484,2025-02-23 12:00:00,2025-02-23 19:54:00,0,20,,
TRIP-002485,2025-07-09 00:07:00,2025-07-09 09:46:00,7,4,,
TRIP-002486,2025-09-08 06:00:00,2025-09-08 16:02:00,0,20,,
TRIP-002487,2025-04-09 00:00:00,2025-04-09 03:41:00,0,5,,
TRIP-002488,2025-06-23 00:00:00,2025-06-23 12:56:00,0,31,,
TRIP-002489,2025-10-08 06:13:00,2025-10-08 18:53:00,13,28,,
TRIP-002490,2025-12-09 12:39:00,2025-12-09 20:38:00,39,64,,
TRIP-002491,2025-08-22 06:04:00,2025-08-22 13:34:00,4,0,,
TRIP-002492,2025-02-22 12:18:00,2025-02-22 15:11:00,18,0,,
TRIP-002493,2025-02-22 18:07:00,2025-02-23 07:16:00,7,51,,
TRIP-002494,2025-10-08 12:07:00,2025-10-08 18:57:00,7,20,,
TRIP-002495,2025-11-23 06:00:00,2025-11-23 12:13:00,0,3,,
TRIP-002496,2025-11-23 12:00:00,2025-11-23 20:00:00,0,28,,
TRIP-002497,2025-04-22 18:00:00,2025-04-23 01:34:00,0,0,,
TRIP-002498,2025-11-09 06:24:00,2025-11-09 12:45:00,24,35,,
TRIP-002499,2025-06-09 06:00:00,2025-06-09 12:10:00,0,0,,
TRIP-002500,2025-08-22 12:29:00,2025-08-22 19:02:00,29,52,,
TRIP-002501,2025-08-22 18:16:00,2025-08-23 01:38:00,16,6,,
TRIP-002502,2025-08-23 06:18:00,2025-08-23 18:11:00,18,57,,
TRIP-002503,2025-02-08 06:24:00,2025-02-08 13:56:00,24,24,,
TRIP-002504,2025-02-08 18:15:00,2025-02-09 05:44:00,15,30,,
TRIP-002505,2025-12-23 00:00:00,2025-12-23 12:23:00,0,0,,
TRIP-002506,2025-04-22 06:17:00,2025-04-22 13:09:00,17,32,,
TRIP-002507,2025-06-08 06:00:00,2025-06-08 18:23:00,0,0,,
TRIP-002508,2025-10-08 06:24:00,2025-10-08 14:59:00,24,18,,
TRIP-002509,2025-12-08 06:17:00,2025-12-08 16:43:00,17,0,,
TRIP-002510,2025-12-08 18:42:00,2025-12-09 07:05:00,42,40,,
TRIP-002511,2025-05-23 12:09:00,2025-05-23 16:17:00,9,17,,
TRIP-002512,2025-02-23 00:26:00,2025-02-23 04:00:00,26,0,,
TRIP-002513,2025-01-22 06:23:00,2025-01-22 18:47:00,23,22,,
TRIP-002514,2025-01-22 18:03:00,2025-01-23 03:43:00,3,5,,
TRIP-002515,2025-01-23 06:36:00,2025-01-23 14:40:00,36,56,,
TRIP-002516,2025-09-08 06:00:00,2025-09-08 10:27:00,0,0,,
TRIP-002517,2025-09-08 12:00:00,2025-09-08 19:09:00,0,32,,
TRIP-002518,2025-10-22 12:35:00,2025-10-22 20:31:00,35,47,,
TRIP-002519,2025-09-09 06:45:00,2025-09-09 15:50:00,45,51,,
TRIP-002520,2025-08-08 06:00:00,2025-08-08 13:44:00,0,0,,
TRIP-002521,2025-01-22 18:16:00,2025-01-23 01:44:00,16,0,,
TRIP-002522,2025-07-23 06:09:00,2025-07-23 12:10:00,9,0,,
TRIP-002523,2025-01-09 00:32:00,2025-01-09 12:55:00,32,53,,
TRIP-002524,2025-12-09 12:00:00,2025-12-09 17:38:00,0,27,,
TRIP-002525,2025-09-09 06:02:00,2025-09-09 16:57:00,2,14,,
TRIP-002526,2025-05-23 00:00:00,2025-05-23 03:27:00,0,16,,
TRIP-002527,2025-10-22 18:12:00,2025-10-23 00:07:00,12,4,,
TRIP-002528,2025-11-22 18:00:00,2025-11-22 20:47:00,0,8,,
TRIP-002529,2025-11-08 06:00:00,2025-11-08 15:47:00,0,5,,
TRIP-002530,2025-11-08 18:21:00,2025-11-09 00:32:00,21,27,,
TRIP-002531,2025-11-09 00:00:00,2025-11-09 11:28:00,0,219,Kemacetan,High
TRIP-002532,2025-10-23 00:23:00,2025-10-23 08:49:00,23,60,,
TRIP-002533,2025-07-23 12:10:00,2025-07-23 21:28:00,10,29,,
TRIP-002534,2025-07-23 06:16:00,2025-07-23 18:40:00,16,17,,
TRIP-002535,2025-01-23 06:04:00,2025-01-23 11:02:00,4,62,,
TRIP-002536,2025-01-23 12:00:00,2025-01-24 00:18:00,0,39,,
TRIP-002537,2025-08-09 00:00:00,2025-08-09 09:03:00,0,4,,
TRIP-002538,2025-08-22 18:25:00,2025-08-23 05:56:00,25,17,,
TRIP-002539,2025-08-23 06:00:00,2025-08-23 14:59:00,0,0,,
TRIP-002540,2025-08-23 18:40:00,2025-08-24 05:06:00,40,23,,
TRIP-002541,2025-06-22 18:28:00,2025-06-23 03:39:00,28,40,,
TRIP-002542,2025-06-08 12:00:00,2025-06-08 17:47:00,0,36,,
TRIP-002543,2025-03-22 18:13:00,2025-03-23 06:55:00,13,32,,
TRIP-002544,2025-03-23 06:00:00,2025-03-23 09:36:00,0,0,,
TRIP-002545,2025-03-23 12:26:00,2025-03-23 21:58:00,26,16,,
TRIP-002546,2025-12-23 12:49:00,2025-12-23 19:30:00,49,80,,
TRIP-002547,2025-10-09 12:27:00,2025-10-09 19:49:00,27,0,,
TRIP-002548,2025-08-08 12:31:00,2025-08-08 20:32:00,31,18,,
TRIP-002549,2025-08-09 00:00:00,2025-08-09 04:27:00,0,0,,
TRIP-002550,2025-04-08 06:00:00,2025-04-08 18:29:00,0,6,,
TRIP-002551,2025-04-08 18:00:00,2025-04-08 21:36:00,0,0,,
TRIP-002552,2025-04-09 00:25:00,2025-04-09 10:27:00,25,45,,
TRIP-002553,2025-05-08 12:00:00,2025-05-08 22:02:00,0,24,,
TRIP-002554,2025-05-09 00:08:00,2025-05-09 07:50:00,8,6,,
TRIP-002555,2025-11-08 18:15:00,2025-11-09 03:51:00,15,52,,
TRIP-002556,2025-11-09 06:25:00,2025-11-09 17:29:00,25,46,,
TRIP-002557,2025-05-23 18:17:00,2025-05-24 04:24:00,17,46,,
TRIP-002558,2025-06-09 06:00:00,2025-06-09 13:58:00,0,26,,
TRIP-002559,2025-01-22 12:53:00,2025-01-22 16:37:00,53,37,,
TRIP-002560,2025-01-09 06:00:00,2025-01-09 08:46:00,0,0,,
TRIP-002561,2025-06-09 00:31:00,2025-06-09 08:24:00,31,52,,
TRIP-002562,2025-12-23 06:20:00,2025-12-23 17:50:00,20,11,,
TRIP-002563,2025-05-23 00:09:00,2025-05-23 09:55:00,9,13,,
TRIP-002564,2025-08-09 00:00:00,2025-08-09 08:50:00,0,9,,
TRIP-002565,2025-08-09 12:07:00,2025-08-09 20:41:00,7,27,,
TRIP-002566,2025-09-23 06:00:00,2025-09-23 10:00:00,0,0,,
TRIP-002567,2025-02-08 06:00:00,2025-02-08 17:22:00,0,39,,
TRIP-002568,2025-07-23 00:17:00,2025-07-23 06:38:00,17,28,,
TRIP-002569,2025-08-22 18:04:00,2025-08-23 01:57:00,4,23,,
TRIP-002570,2025-08-23 06:32:00,2025-08-23 09:27:00,32,48,,
TRIP-002571,2025-08-23 12:00:00,2025-08-23 21:00:00,0,0,,
TRIP-002572,2025-07-23 06:23:00,2025-07-23 15:26:00,23,27,,
TRIP-002573,2025-09-22 12:01:00,2025-09-23 00:55:00,1,30,,
TRIP-002574,2025-07-08 12:00:00,2025-07-08 20:59:00,0,0,,
TRIP-002575,2025-08-09 06:05:00,2025-08-09 14:11:00,5,0,,
TRIP-002576,2025-12-09 06:00:00,2025-12-09 15:51:00,0,9,,
TRIP-002577,2025-05-22 12:02:00,2025-05-22 14:40:00,2,1,,
TRIP-002578,2025-10-22 06:40:00,2025-10-22 09:31:00,40,45,,
TRIP-002579,2025-11-08 12:00:00,2025-11-08 16:27:00,0,0,,
TRIP-002580,2025-12-09 12:12:00,2025-12-09 22:57:00,12,14,,
TRIP-002581,2025-05-09 12:37:00,2025-05-09 21:50:00,37,51,,
TRIP-002582,2025-01-22 12:12:00,2025-01-23 00:52:00,12,27,,
TRIP-002583,2025-06-23 06:15:00,2025-06-23 08:51:00,15,12,,
TRIP-002584,2025-04-09 12:01:00,2025-04-09 18:18:00,1,8,,
TRIP-002585,2025-11-08 12:31:00,2025-11-08 15:50:00,31,64,,
TRIP-002586,2025-11-23 06:00:00,2025-11-23 15:00:00,0,0,,
TRIP-002587,2025-12-23 12:00:00,2025-12-23 17:12:00,0,1,,
TRIP-002588,2025-03-22 12:00:00,2025-03-22 20:16:00,0,5,,
TRIP-002589,2025-09-22 18:27:00,2025-09-23 05:38:00,27,55,,
TRIP-002590,2025-07-09 06:21:00,2025-07-09 12:28:00,21,18,,
TRIP-002591,2025-11-09 00:02:00,2025-11-09 09:42:00,2,0,,
TRIP-002592,2025-09-08 06:21:00,2025-09-08 14:48:00,21,34,,
TRIP-002593,2025-08-23 00:04:00,2025-08-23 12:44:00,4,21,,
TRIP-002594,2025-04-09 00:00:00,2025-04-09 09:29:00,0,30,,
TRIP-002595,2025-07-22 12:38:00,2025-07-22 20:41:00,38,57,,
TRIP-002596,2025-07-23 00:17:00,2025-07-23 03:21:00,17,35,,
TRIP-002597,2025-06-23 00:09:00,2025-06-23 03:36:00,9,0,,
TRIP-002598,2025-07-23 12:00:00,2025-07-23 16:49:00,0,22,,
TRIP-002599,2025-12-08 12:00:00,2025-12-08 15:32:00,0,21,,
TRIP-002600,2025-07-08 06:00:00,2025-07-08 18:02:00,0,0,,
TRIP-002601,2025-12-09 00:29:00,2025-12-09 09:38:00,29,0,,
TRIP-002602,2025-12-09 12:00:00,2025-12-09 19:44:00,0,0,,
TRIP-002603,2025-07-08 12:36:00,2025-07-08 21:21:00,36,40,,
TRIP-002604,2025-07-09 00:00:00,2025-07-09 08:14:00,0,0,,
TRIP-002605,2025-12-09 00:00:00,2025-12-09 11:46:00,0,7,,
TRIP-002606,2025-07-22 12:00:00,2025-07-22 17:11:00,0,0,,
TRIP-002607,2025-12-09 12:27:00,2025-12-09 19:08:00,27,58,,
TRIP-002608,2025-05-22 12:00:00,2025-05-22 22:10:00,0,28,,
TRIP-002609,2025-05-23 00:14:00,2025-05-23 06:16:00,14,11,,
TRIP-002610,2025-05-23 06:15:00,2025-05-23 14:22:00,15,33,,
TRIP-002611,2025-09-08 06:30:00,2025-09-08 11:06:00,30,66,,
TRIP-002612,2025-05-22 18:00:00,2025-05-22 23:11:00,0,0,,
TRIP-002613,2025-05-23 00:30:00,2025-05-23 07:52:00,30,18,,
TRIP-002614,2025-05-23 12:15:00,2025-05-23 15:50:00,15,71,,
TRIP-002615,2025-04-09 00:19:00,2025-04-09 11:30:00,19,47,,
TRIP-002616,2025-10-22 06:30:00,2025-10-22 18:16:00,30,37,,
TRIP-002617,2025-07-09 06:49:00,2025-07-09 09:27:00,49,41,,
TRIP-002618,2025-09-09 06:00:00,2025-09-09 09:28:00,0,17,,
TRIP-002619,2025-07-23 06:00:00,2025-07-23 18:25:00,0,0,,
TRIP-002620,2025-07-23 18:44:00,2025-07-24 04:36:00,44,58,,
TRIP-002621,2025-10-08 18:22:00,2025-10-08 23:19:00,22,79,,
TRIP-002622,2025-10-09 00:09:00,2025-10-09 12:27:00,9,4,,
TRIP-002623,2025-02-08 12:38:00,2025-02-08 20:34:00,38,50,,
TRIP-002624,2025-02-09 00:00:00,2025-02-09 02:46:00,0,0,,
TRIP-002625,2025-03-22 06:11:00,2025-03-22 15:00:00,11,0,,
TRIP-002626,2025-04-23 00:00:00,2025-04-23 06:29:00,0,19,,
TRIP-002627,2025-04-23 06:43:00,2025-04-23 14:28:00,43,17,,
TRIP-002628,2025-09-23 06:22:00,2025-09-23 17:36:00,22,22,,
TRIP-002629,2025-02-22 06:06:00,2025-02-22 11:16:00,6,5,,
TRIP-002630,2025-08-08 12:00:00,2025-08-08 14:46:00,0,0,,
TRIP-002631,2025-08-08 18:00:00,2025-08-08 21:02:00,0,0,,
TRIP-002632,2025-12-23 00:00:00,2025-12-23 09:41:00,0,129,Kerusakan Mesin,Medium
TRIP-002633,2025-03-08 06:00:00,2025-03-08 08:46:00,0,0,,
TRIP-002634,2025-02-22 18:12:00,2025-02-22 21:55:00,12,19,,
TRIP-002635,2025-08-22 06:29:00,2025-08-22 08:46:00,29,0,,
TRIP-002636,2025-06-09 12:10:00,2025-06-10 00:25:00,10,0,,
TRIP-002637,2025-11-08 06:26:00,2025-11-08 16:16:00,26,38,,
TRIP-002638,2025-10-08 06:03:00,2025-10-08 09:55:00,3,44,,
TRIP-002639,2025-10-22 06:15:00,2025-10-22 15:32:00,15,33,,
TRIP-002640,2025-10-22 18:37:00,2025-10-23 05:18:00,37,35,,
TRIP-002641,2025-11-22 18:00:00,2025-11-22 22:29:00,0,2,,
TRIP-002642,2025-11-23 00:29:00,2025-11-23 06:43:00,29,6,,
TRIP-002643,2025-02-08 18:00:00,2025-02-09 02:19:00,0,30,,
TRIP-002644,2025-02-09 06:35:00,2025-02-09 15:07:00,35,26,,
TRIP-002645,2025-03-23 00:29:00,2025-03-23 07:32:00,29,82,,
TRIP-002646,2025-06-22 06:01:00,2025-06-22 08:42:00,1,3,,
TRIP-002647,2025-09-08 06:00:00,2025-09-08 18:23:00,0,0,,
TRIP-002648,2025-09-08 18:06:00,2025-09-08 21:36:00,6,0,,
TRIP-002649,2025-02-23 00:08:00,2025-02-23 06:17:00,8,14,,
TRIP-002650,2025-05-22 12:00:00,2025-05-22 19:34:00,0,0,,
TRIP-002651,2025-05-23 00:00:00,2025-05-23 02:39:00,0,0,,
TRIP-002652,2025-05-23 06:12:00,2025-05-23 15:00:00,12,0,,
TRIP-002653,2025-01-09 06:12:00,2025-01-09 12:27:00,12,17,,
TRIP-002654,2025-06-22 06:18:00,2025-06-22 13:59:00,18,27,,
TRIP-002655,2025-03-22 12:16:00,2025-03-22 20:46:00,16,5,,
TRIP-002656,2025-03-23 00:31:00,2025-03-23 09:08:00,31,54,,
TRIP-002657,2025-11-23 12:05:00,2025-11-23 16:11:00,5,11,,
TRIP-002658,2025-10-08 12:00:00,2025-10-08 21:13:00,0,32,,
TRIP-002659,2025-10-09 00:03:00,2025-10-09 08:14:00,3,0,,
TRIP-002660,2025-10-08 06:13:00,2025-10-08 15:30:00,13,31,,
TRIP-002661,2025-10-09 06:25:00,2025-10-09 12:52:00,25,42,,
TRIP-002662,2025-10-08 06:00:00,2025-10-08 08:48:00,0,9,,
TRIP-002663,2025-02-22 06:24:00,2025-02-22 15:50:00,24,12,,
TRIP-002664,2025-02-22 18:27:00,2025-02-22 23:04:00,27,64,,
TRIP-002665,2025-04-23 00:47:00,2025-04-23 09:43:00,47,44,,
TRIP-002666,2025-04-08 12:01:00,2025-04-08 14:39:00,1,0,,
TRIP-002667,2025-10-09 06:00:00,2025-10-09 14:14:00,0,0,,
TRIP-002668,2025-10-09 18:53:00,2025-10-09 23:28:00,53,61,,
TRIP-002669,2025-12-22 06:06:00,2025-12-22 14:27:00,6,16,,
TRIP-002670,2025-09-09 00:00:00,2025-09-09 11:33:00,0,19,,
TRIP-002671,2025-09-09 12:21:00,2025-09-09 21:50:00,21,12,,
TRIP-002672,2025-04-09 12:00:00,2025-04-09 19:02:00,0,231,Kemacetan,High
TRIP-002673,2025-02-08 18:21:00,2025-02-09 04:43:00,21,0,,
TRIP-002674,2025-02-22 06:02:00,2025-02-22 17:05:00,2,22,,
TRIP-002675,2025-03-09 06:03:00,2025-03-09 12:24:00,3,19,,
TRIP-002676,2025-08-08 06:04:00,2025-08-08 12:19:00,4,9,,
TRIP-002677,2025-02-08 18:00:00,2025-02-08 20:39:00,0,0,,
TRIP-002678,2025-02-09 00:39:00,2025-02-09 09:35:00,39,35,,
TRIP-002679,2025-12-09 18:00:00,2025-12-10 03:38:00,0,0,,
TRIP-002680,2025-07-09 00:01:00,2025-07-09 08:57:00,1,46,,
TRIP-002681,2025-10-08 12:09:00,2025-10-08 22:00:00,9,61,,
TRIP-002682,2025-10-09 00:28:00,2025-10-09 07:13:00,28,122,Kerusakan Mesin,Medium
TRIP-002683,2025-04-08 12:05:00,2025-04-08 19:44:00,5,0,,
TRIP-002684,2025-04-09 00:01:00,2025-04-09 03:18:00,1,32,,
TRIP-002685,2025-07-23 06:03:00,2025-07-23 16:45:00,3,2,,
TRIP-002686,2025-12-09 06:34:00,2025-12-09 16:25:00,34,47,,
TRIP-002687,2025-07-09 00:00:00,2025-07-09 12:23:00,0,0,,
TRIP-002688,2025-03-08 06:00:00,2025-03-08 17:26:00,0,43,,
TRIP-002689,2025-03-08 06:00:00,2025-03-08 14:41:00,0,0,,
TRIP-002690,2025-03-08 18:17:00,2025-03-09 02:30:00,17,16,,
TRIP-002691,2025-05-09 06:00:00,2025-05-09 15:42:00,0,4,,
TRIP-002692,2025-10-08 06:00:00,2025-10-08 12:46:00,0,9,,
TRIP-002693,2025-04-08 12:00:00,2025-04-08 19:50:00,0,1,,
TRIP-002694,2025-09-22 06:34:00,2025-09-22 18:14:00,34,282,Kemacetan,High
TRIP-002695,2025-09-22 18:06:00,2025-09-23 08:25:00,6,191,Kerusakan Mesin,High
TRIP-002696,2025-02-08 12:24:00,2025-02-08 20:30:00,24,16,,
TRIP-002697,2025-02-09 00:00:00,2025-02-09 04:46:00,0,19,,
TRIP-002698,2025-02-09 06:31:00,2025-02-09 13:18:00,31,41,,
TRIP-002699,2025-06-08 12:00:00,2025-06-08 15:04:00,0,25,,
TRIP-002700,2025-02-22 18:31:00,2025-02-23 02:54:00,31,40,,
TRIP-002701,2025-02-23 06:01:00,2025-02-23 10:27:00,1,0,,
TRIP-002702,2025-09-23 12:02:00,2025-09-23 19:59:00,2,25,,
TRIP-002703,2025-11-09 12:19:00,2025-11-09 18:38:00,19,33,,
TRIP-002704,2025-03-23 00:26:00,2025-03-23 12:28:00,26,49,,
TRIP-002705,2025-03-23 12:21:00,2025-03-23 21:03:00,21,4,,
TRIP-002706,2025-04-22 06:00:00,2025-04-22 14:14:00,0,0,,
TRIP-002707,2025-06-08 06:38:00,2025-06-08 11:58:00,38,47,,
TRIP-002708,2025-10-23 00:00:00,2025-10-23 12:43:00,0,20,,
TRIP-002709,2025-10-23 12:26:00,2025-10-23 16:14:00,26,38,,
TRIP-002710,2025-09-08 18:42:00,2025-09-09 06:40:00,42,61,,
TRIP-002711,2025-05-09 00:06:00,2025-05-09 12:31:00,6,8,,
TRIP-002712,2025-06-22 06:22:00,2025-06-22 11:35:00,22,24,,
TRIP-002713,2025-01-08 12:01:00,2025-01-08 20:59:00,1,0,,
TRIP-002714,2025-08-08 06:00:00,2025-08-08 09:25:00,0,46,,
TRIP-002715,2025-10-23 00:33:00,2025-10-23 08:40:00,33,56,,
TRIP-002716,2025-01-08 06:09:00,2025-01-08 14:07:00,9,18,,
TRIP-002717,2025-11-22 06:29:00,2025-11-22 13:57:00,29,23,,
TRIP-002718,2025-01-08 12:16:00,2025-01-08 20:24:00,16,40,,
TRIP-002719,2025-03-22 12:42:00,2025-03-22 19:09:00,42,66,,
TRIP-002720,2025-11-22 12:12:00,2025-11-22 21:43:00,12,5,,
TRIP-002721,2025-11-23 00:00:00,2025-11-23 04:00:00,0,0,,
TRIP-002722,2025-11-23 06:37:00,2025-11-23 18:52:00,37,29,,
TRIP-002723,2025-01-08 06:11:00,2025-01-08 10:12:00,11,12,,
TRIP-002724,2025-11-22 06:04:00,2025-11-22 14:36:00,4,25,,
TRIP-002725,2025-11-22 18:05:00,2025-11-23 00:10:00,5,0,,
TRIP-002726,2025-09-09 06:19:00,2025-09-09 09:31:00,19,52,,
TRIP-002727,2025-09-09 12:00:00,2025-09-09 23:53:00,0,173,Cuaca,Medium
TRIP-002728,2025-12-23 12:24:00,2025-12-23 18:05:00,24,0,,
TRIP-002729,2025-11-22 18:00:00,2025-11-23 03:53:00,0,223,Cuaca,High
TRIP-002730,2025-11-23 00:06:00,2025-11-23 08:11:00,6,0,,
TRIP-002731,2025-09-22 06:23:00,2025-09-22 11:32:00,23,21,,
TRIP-002732,2025-02-22 06:50:00,2025-02-22 10:46:00,50,95,,
TRIP-002733,2025-07-09 00:00:00,2025-07-09 03:09:00,0,7,,
TRIP-002734,2025-07-09 06:00:00,2025-07-09 12:03:00,0,0,,
TRIP-002735,2025-11-22 12:00:00,2025-11-22 16:40:00,0,13,,
TRIP-002736,2025-04-22 18:31:00,2025-04-22 21:10:00,31,24,,
TRIP-002737,2025-04-23 00:34:00,2025-04-23 03:28:00,34,26,,
TRIP-002738,2025-10-08 18:23:00,2025-10-09 06:44:00,23,21,,
TRIP-002739,2025-10-09 12:37:00,2025-10-09 20:46:00,37,62,,
TRIP-002740,2025-11-08 06:23:00,2025-11-08 14:52:00,23,11,,
TRIP-002741,2025-12-09 12:07:00,2025-12-09 16:08:00,7,8,,
TRIP-002742,2025-07-09 12:07:00,2025-07-09 15:02:00,7,0,,
TRIP-002743,2025-11-09 06:00:00,2025-11-09 14:24:00,0,35,,
TRIP-002744,2025-02-22 06:06:00,2025-02-22 14:22:00,6,8,,
TRIP-002745,2025-02-22 18:09:00,2025-02-22 22:42:00,9,15,,
TRIP-002746,2025-09-23 06:00:00,2025-09-23 17:17:00,0,34,,
TRIP-002747,2025-02-08 12:24:00,2025-02-08 18:14:00,24,9,,
TRIP-002748,2025-04-09 00:15:00,2025-04-09 07:01:00,15,51,,
TRIP-002749,2025-01-23 12:00:00,2025-01-23 23:02:00,0,19,,
TRIP-002750,2025-03-08 12:00:00,2025-03-09 00:18:00,0,16,,
TRIP-002751,2025-03-09 00:25:00,2025-03-09 11:43:00,25,60,,
TRIP-002752,2025-03-09 12:33:00,2025-03-09 18:42:00,33,32,,
TRIP-002753,2025-05-22 18:32:00,2025-05-23 00:39:00,32,34,,
TRIP-002754,2025-05-23 00:34:00,2025-05-23 08:32:00,34,43,,
TRIP-002755,2025-05-23 12:13:00,2025-05-23 21:36:00,13,37,,
TRIP-002756,2025-05-23 12:22:00,2025-05-23 22:10:00,22,32,,
TRIP-002757,2025-10-22 18:00:00,2025-10-23 06:25:00,0,0,,
TRIP-002758,2025-02-22 12:15:00,2025-02-22 20:45:00,15,31,,
TRIP-002759,2025-02-23 00:18:00,2025-02-23 04:27:00,18,0,,
TRIP-002760,2025-04-22 12:06:00,2025-04-22 21:10:00,6,10,,
TRIP-002761,2025-04-23 00:00:00,2025-04-23 03:15:00,0,4,,
TRIP-002762,2025-06-09 18:00:00,2025-06-10 06:25:00,0,0,,
TRIP-002763,2025-07-23 18:14:00,2025-07-23 23:31:00,14,64,,
TRIP-002764,2025-02-23 12:34:00,2025-02-23 20:15:00,34,31,,
TRIP-002765,2025-11-22 12:00:00,2025-11-22 19:49:00,0,0,,
TRIP-002766,2025-11-09 12:00:00,2025-11-09 18:10:00,0,0,,
TRIP-002767,2025-05-23 06:22:00,2025-05-23 09:44:00,22,33,,
TRIP-002768,2025-05-23 12:26:00,2025-05-23 18:55:00,26,45,,
TRIP-002769,2025-04-09 06:17:00,2025-04-09 18:00:00,17,46,,
TRIP-002770,2025-03-22 06:00:00,2025-03-22 14:03:00,0,19,,
TRIP-002771,2025-03-23 00:24:00,2025-03-23 03:30:00,24,28,,
TRIP-002772,2025-02-22 06:00:00,2025-02-22 08:39:00,0,0,,
TRIP-002773,2025-02-22 12:05:00,2025-02-22 21:04:00,5,4,,
TRIP-002774,2025-02-23 00:17:00,2025-02-23 03:19:00,17,8,,
TRIP-002775,2025-03-23 06:00:00,2025-03-23 14:02:00,0,18,,
TRIP-002776,2025-11-22 06:13:00,2025-11-22 17:09:00,13,26,,
TRIP-002777,2025-11-22 06:03:00,2025-11-22 15:09:00,3,9,,
TRIP-002778,2025-10-23 00:01:00,2025-10-23 11:14:00,1,0,,
TRIP-002779,2025-10-08 06:00:00,2025-10-08 14:15:00,0,41,,
TRIP-002780,2025-10-09 00:00:00,2025-10-09 06:24:00,0,21,,
TRIP-002781,2025-06-23 18:00:00,2025-06-24 02:05:00,0,21,,
TRIP-002782,2025-08-22 06:31:00,2025-08-22 12:57:00,31,20,,
TRIP-002783,2025-05-09 00:26:00,2025-05-09 03:26:00,26,15,,
TRIP-002784,2025-08-08 18:00:00,2025-08-09 01:59:00,0,15,,
TRIP-002785,2025-11-23 06:04:00,2025-11-23 12:05:00,4,0,,
TRIP-002786,2025-05-08 06:06:00,2025-05-08 12:18:00,6,8,,
TRIP-002787,2025-05-22 18:52:00,2025-05-23 02:10:00,52,93,,
TRIP-002788,2025-05-23 06:00:00,2025-05-23 18:07:00,0,5,,
TRIP-002789,2025-05-23 18:00:00,2025-05-24 04:43:00,0,0,,
TRIP-002790,2025-03-23 06:25:00,2025-03-23 11:29:00,25,18,,
TRIP-002791,2025-06-22 12:00:00,2025-06-22 19:57:00,0,13,,
TRIP-002792,2025-06-08 06:08:00,2025-06-08 18:11:00,8,9,,
TRIP-002793,2025-06-08 18:30:00,2025-06-08 23:59:00,30,48,,
TRIP-002794,2025-09-23 06:36:00,2025-09-23 16:17:00,36,39,,
TRIP-002795,2025-04-23 06:12:00,2025-04-23 15:01:00,12,20,,
TRIP-002796,2025-03-22 12:02:00,2025-03-22 20:24:00,2,40,,
TRIP-002797,2025-03-23 00:21:00,2025-03-23 02:57:00,21,11,,
TRIP-002798,2025-03-23 06:00:00,2025-03-23 09:02:00,0,0,,
TRIP-002799,2025-07-08 06:00:00,2025-07-08 13:34:00,0,0,,
TRIP-002800,2025-04-08 18:00:00,2025-04-09 02:20:00,0,9,,
TRIP-002801,2025-04-09 06:29:00,2025-04-09 12:53:00,29,43,,
TRIP-002802,2025-04-09 12:14:00,2025-04-09 19:32:00,14,0,,
TRIP-002803,2025-06-23 12:05:00,2025-06-23 21:00:00,5,1,,
TRIP-002804,2025-09-22 18:00:00,2025-09-22 22:00:00,0,0,,
TRIP-002805,2025-02-08 06:39:00,2025-02-08 13:11:00,39,61,,
TRIP-002806,2025-03-08 18:17:00,2025-03-08 22:17:00,17,17,,
TRIP-002807,2025-10-08 06:07:00,2025-10-08 12:05:00,7,0,,
TRIP-002808,2025-03-22 12:00:00,2025-03-22 18:10:00,0,0,,
TRIP-002809,2025-04-23 00:16:00,2025-04-23 12:59:00,16,34,,
TRIP-002810,2025-01-08 12:13:00,2025-01-08 23:42:00,13,3,,
TRIP-002811,2025-11-08 12:26:00,2025-11-08 22:02:00,26,24,,
TRIP-002812,2025-11-09 00:00:00,2025-11-09 07:44:00,0,0,,
TRIP-002813,2025-11-09 12:00:00,2025-11-09 15:22:00,0,36,,
TRIP-002814,2025-04-22 06:01:00,2025-04-22 09:16:00,1,37,,
TRIP-002815,2025-12-08 06:17:00,2025-12-08 11:53:00,17,42,,
TRIP-002816,2025-06-08 12:04:00,2025-06-08 21:16:00,4,35,,
TRIP-002817,2025-06-09 00:14:00,2025-06-09 08:14:00,14,0,,
TRIP-002818,2025-11-08 06:04:00,2025-11-08 12:03:00,4,0,,
TRIP-002819,2025-02-08 12:03:00,2025-02-08 15:06:00,3,20,,
TRIP-002820,2025-02-08 18:00:00,2025-02-08 21:02:00,0,0,,
TRIP-002821,2025-02-09 00:39:00,2025-02-09 07:10:00,39,67,,
TRIP-002822,2025-02-09 00:20:00,2025-02-09 08:47:00,20,6,,
TRIP-002823,2025-03-08 06:00:00,2025-03-08 08:39:00,0,0,,
TRIP-002824,2025-10-08 06:06:00,2025-10-08 17:01:00,6,18,,
TRIP-002825,2025-10-08 18:25:00,2025-10-09 07:09:00,25,44,,
TRIP-002826,2025-10-08 06:00:00,2025-10-08 08:57:00,0,11,,
TRIP-002827,2025-02-23 18:41:00,2025-02-23 23:07:00,41,40,,
TRIP-002828,2025-11-09 00:00:00,2025-11-09 12:23:00,0,0,,
TRIP-002829,2025-03-22 06:00:00,2025-03-22 09:22:00,0,20,,
TRIP-002830,2025-02-22 06:28:00,2025-02-22 09:30:00,28,44,,
TRIP-002831,2025-02-22 06:00:00,2025-02-22 12:37:00,0,0,,
TRIP-002832,2025-03-09 12:00:00,2025-03-09 15:11:00,0,0,,
TRIP-002833,2025-03-09 06:29:00,2025-03-09 13:57:00,29,23,,
TRIP-002834,2025-10-22 12:43:00,2025-10-22 19:52:00,43,75,,
TRIP-002835,2025-10-23 00:41:00,2025-10-23 12:45:00,41,43,,
TRIP-002836,2025-07-23 18:27:00,2025-07-24 00:52:00,27,42,,
TRIP-002837,2025-05-08 06:00:00,2025-05-08 13:55:00,0,6,,
TRIP-002838,2025-05-08 18:10:00,2025-05-09 03:25:00,10,44,,
TRIP-002839,2025-05-09 06:03:00,2025-05-09 14:14:00,3,0,,
TRIP-002840,2025-07-09 12:24:00,2025-07-09 22:36:00,24,54,,
TRIP-002841,2025-10-08 12:00:00,2025-10-08 20:14:00,0,0,,
TRIP-002842,2025-10-09 00:11:00,2025-10-09 04:27:00,11,0,,
TRIP-002843,2025-03-09 12:50:00,2025-03-09 17:59:00,50,48,,
TRIP-002844,2025-03-22 18:25:00,2025-03-23 06:08:00,25,54,,
TRIP-002845,2025-03-23 18:20:00,2025-03-24 02:10:00,20,26,,
TRIP-002846,2025-02-08 12:10:00,2025-02-08 16:40:00,10,13,,
TRIP-002847,2025-02-08 18:00:00,2025-02-09 00:37:00,0,0,,
TRIP-002848,2025-02-22 06:17:00,2025-02-22 19:03:00,17,61,,
TRIP-002849,2025-07-23 00:01:00,2025-07-23 11:19:00,1,36,,
TRIP-002850,2025-01-22 18:00:00,2025-01-23 01:49:00,0,0,,
TRIP-002851,2025-02-22 18:00:00,2025-02-23 02:00:00,0,16,,
TRIP-002852,2025-02-23 06:00:00,2025-02-23 08:49:00,0,3,,
TRIP-002853,2025-02-09 06:26:00,2025-02-09 10:05:00,26,54,,
TRIP-002854,2025-02-22 18:06:00,2025-02-23 06:02:00,6,0,,
TRIP-002855,2025-08-09 06:03:00,2025-08-09 13:44:00,3,0,,
TRIP-002856,2025-09-09 00:27:00,2025-09-09 04:59:00,27,83,,
TRIP-002857,2025-02-22 06:19:00,2025-02-22 10:31:00,19,4,,
TRIP-002858,2025-08-09 00:02:00,2025-08-09 06:05:00,2,0,,
TRIP-002859,2025-03-23 06:00:00,2025-03-23 13:49:00,0,0,,
TRIP-002860,2025-03-08 06:12:00,2025-03-08 17:14:00,12,0,,
TRIP-002861,2025-11-22 06:16:00,2025-11-22 09:30:00,16,19,,
TRIP-002862,2025-05-22 06:12:00,2025-05-22 12:07:00,12,56,,
TRIP-002863,2025-05-23 06:14:00,2025-05-23 12:19:00,14,14,,
TRIP-002864,2025-11-08 18:00:00,2025-11-08 22:38:00,0,11,,
TRIP-002865,2025-09-22 12:51:00,2025-09-22 17:05:00,51,38,,
TRIP-002866,2025-09-22 18:49:00,2025-09-23 01:43:00,49,66,,
TRIP-002867,2025-09-23 06:11:00,2025-09-23 18:26:00,11,24,,
TRIP-002868,2025-10-22 12:00:00,2025-10-22 18:10:00,0,0,,
TRIP-002869,2025-08-22 06:29:00,2025-08-22 14:28:00,29,39,,
TRIP-002870,2025-08-22 18:29:00,2025-08-23 03:27:00,29,28,,
TRIP-002871,2025-06-09 00:23:00,2025-06-09 04:15:00,23,39,,
TRIP-002872,2025-12-23 12:30:00,2025-12-23 21:47:00,30,47,,
TRIP-002873,2025-03-22 18:16:00,2025-03-23 02:30:00,16,19,,
TRIP-002874,2025-03-23 06:00:00,2025-03-23 12:32:00,0,22,,
TRIP-002875,2025-08-23 06:00:00,2025-08-23 09:13:00,0,27,,
TRIP-002876,2025-08-23 12:30:00,2025-08-23 15:53:00,30,51,,
TRIP-002877,2025-11-08 06:07:00,2025-11-08 15:10:00,7,11,,
TRIP-002878,2025-11-09 00:15:00,2025-11-09 07:49:00,15,15,,
TRIP-002879,2025-10-09 00:22:00,2025-10-09 03:48:00,22,37,,
TRIP-002880,2025-11-08 12:11:00,2025-11-08 20:11:00,11,0,,
TRIP-002881,2025-11-09 00:13:00,2025-11-09 06:32:00,13,22,,
TRIP-002882,2025-02-22 18:10:00,2025-02-23 02:57:00,10,167,Kerusakan Mesin,Medium
TRIP-002883,2025-02-23 00:00:00,2025-02-23 08:22:00,0,11,,
TRIP-002884,2025-06-23 12:20:00,2025-06-24 00:50:00,20,48,,
TRIP-002885,2025-02-22 12:02:00,2025-02-22 22:43:00,2,0,,
TRIP-002886,2025-02-23 00:00:00,2025-02-23 06:24:00,0,14,,
TRIP-002887,2025-02-23 06:00:00,2025-02-23 14:11:00,0,0,,
TRIP-002888,2025-08-22 18:13:00,2025-08-22 23:11:00,13,0,,
TRIP-002889,2025-05-08 06:05:00,2025-05-08 14:24:00,5,10,,
TRIP-002890,2025-01-22 06:32:00,2025-01-22 18:05:00,32,26,,
TRIP-002891,2025-01-22 18:10:00,2025-01-23 03:10:00,10,29,,
TRIP-002892,2025-08-23 12:12:00,2025-08-23 23:14:00,12,0,,
TRIP-002893,2025-12-09 00:00:00,2025-12-09 08:19:00,0,30,,
TRIP-002894,2025-10-22 06:00:00,2025-10-22 09:36:00,0,0,,
TRIP-002895,2025-08-09 12:05:00,2025-08-09 22:18:00,5,40,,
TRIP-002896,2025-04-22 18:00:00,2025-04-23 02:15:00,0,31,,
TRIP-002897,2025-04-23 06:03:00,2025-04-23 08:46:00,3,0,,
TRIP-002898,2025-04-23 12:00:00,2025-04-23 15:15:00,0,13,,
TRIP-002899,2025-02-08 18:00:00,2025-02-09 06:02:00,0,0,,
TRIP-002900,2025-02-09 06:00:00,2025-02-09 11:12:00,0,1,,
TRIP-002901,2025-07-23 12:24:00,2025-07-23 17:11:00,24,0,,
TRIP-002902,2025-09-22 06:21:00,2025-09-22 09:15:00,21,36,,
TRIP-002903,2025-08-08 06:01:00,2025-08-08 18:38:00,1,13,,
TRIP-002904,2025-05-22 12:06:00,2025-05-22 18:05:00,6,0,,
TRIP-002905,2025-07-22 18:23:00,2025-07-23 00:21:00,23,16,,
TRIP-002906,2025-01-23 06:00:00,2025-01-23 09:14:00,0,3,,
TRIP-002907,2025-08-08 18:00:00,2025-08-08 21:36:00,0,0,,
TRIP-002908,2025-08-09 00:10:00,2025-08-09 10:12:00,10,30,,
TRIP-002909,2025-03-08 18:02:00,2025-03-09 03:13:00,2,13,,
TRIP-002910,2025-03-09 06:12:00,2025-03-09 09:25:00,12,14,,
TRIP-002911,2025-12-23 00:22:00,2025-12-23 04:25:00,22,25,,
TRIP-002912,2025-02-22 06:00:00,2025-02-22 13:52:00,0,8,,
TRIP-002913,2025-02-23 00:43:00,2025-02-23 04:10:00,43,68,,
TRIP-002914,2025-10-22 18:01:00,2025-10-23 02:33:00,1,19,,
TRIP-002915,2025-10-23 06:01:00,2025-10-23 10:47:00,1,20,,
TRIP-002916,2025-10-22 06:25:00,2025-10-22 15:20:00,25,20,,
TRIP-002917,2025-10-22 18:20:00,2025-10-22 21:52:00,20,41,,
TRIP-002918,2025-10-22 06:18:00,2025-10-22 12:23:00,18,13,,
TRIP-002919,2025-11-09 06:09:00,2025-11-09 14:59:00,9,0,,
TRIP-002920,2025-12-23 12:00:00,2025-12-23 20:14:00,0,0,,
TRIP-002921,2025-12-23 06:08:00,2025-12-23 18:23:00,8,0,,
TRIP-002922,2025-06-08 12:15:00,2025-06-08 20:22:00,15,8,,
TRIP-002923,2025-06-09 00:00:00,2025-06-09 04:27:00,0,0,,
TRIP-002924,2025-05-22 06:32:00,2025-05-22 18:30:00,32,51,,
TRIP-002925,2025-06-23 12:00:00,2025-06-23 20:41:00,0,0,,
TRIP-002926,2025-01-08 18:11:00,2025-01-08 23:11:00,11,0,,
TRIP-002927,2025-11-08 12:56:00,2025-11-08 17:05:00,56,89,,
TRIP-002928,2025-11-08 18:28:00,2025-11-09 04:11:00,28,29,,
TRIP-002929,2025-11-09 06:00:00,2025-11-09 12:36:00,0,31,,
TRIP-002930,2025-03-23 12:00:00,2025-03-24 00:02:00,0,0,,
TRIP-002931,2025-12-09 12:00:00,2025-12-09 15:11:00,0,0,,
TRIP-002932,2025-04-22 06:04:00,2025-04-22 12:09:00,4,4,,
TRIP-002933,2025-11-22 18:00:00,2025-11-23 05:39:00,0,0,,
TRIP-002934,2025-08-23 06:19:00,2025-08-23 14:04:00,19,30,,
TRIP-002935,2025-08-23 06:11:00,2025-08-23 18:33:00,11,8,,
TRIP-002936,2025-10-22 06:18:00,2025-10-22 08:44:00,18,5,,
TRIP-002937,2025-02-23 06:00:00,2025-02-23 08:39:00,0,0,,
TRIP-002938,2025-11-08 06:06:00,2025-11-08 09:24:00,6,22,,
TRIP-002939,2025-11-08 12:00:00,2025-11-08 18:29:00,0,26,,
TRIP-002940,2025-11-22 18:27:00,2025-11-23 06:42:00,27,17,,
TRIP-002941,2025-03-22 18:55:00,2025-03-22 22:23:00,55,47,,
TRIP-002942,2025-03-23 00:07:00,2025-03-23 09:42:00,7,0,,
TRIP-002943,2025-07-23 00:18:00,2025-07-23 07:49:00,18,0,,
TRIP-002944,2025-04-22 06:22:00,2025-04-22 14:01:00,22,29,,
TRIP-002945,2025-10-09 06:17:00,2025-10-09 13:49:00,17,0,,
TRIP-002946,2025-08-08 18:00:00,2025-08-08 23:11:00,0,0,,
TRIP-002947,2025-08-09 00:32:00,2025-08-09 08:22:00,32,48,,
TRIP-002948,2025-03-22 12:20:00,2025-03-22 14:46:00,20,0,,
TRIP-002949,2025-03-23 06:03:00,2025-03-23 15:06:00,3,7,,
TRIP-002950,2025-03-23 18:48:00,2025-03-24 00:44:00,48,93,,
TRIP-002951,2025-08-08 06:02:00,2025-08-08 12:44:00,2,7,,
TRIP-002952,2025-10-22 06:19:00,2025-10-22 09:14:00,19,3,,
TRIP-002953,2025-04-09 00:00:00,2025-04-09 12:36:00,0,11,,
TRIP-002954,2025-09-23 12:17:00,2025-09-23 21:57:00,17,57,,
TRIP-002955,2025-09-08 18:03:00,2025-09-08 21:40:00,3,54,,
TRIP-002956,2025-09-09 00:00:00,2025-09-09 03:02:00,0,0,,
TRIP-002957,2025-02-22 06:06:00,2025-02-22 15:43:00,6,1,,
TRIP-002958,2025-02-22 18:15:00,2025-02-23 02:52:00,15,167,Kerusakan Mesin,Medium
TRIP-002959,2025-04-22 12:23:00,2025-04-22 23:54:00,23,15,,
TRIP-002960,2025-01-23 12:22:00,2025-01-23 15:00:00,22,14,,
TRIP-002961,2025-09-22 18:35:00,2025-09-23 06:16:00,35,37,,
TRIP-002962,2025-04-08 12:00:00,2025-04-08 18:37:00,0,0,,
TRIP-002963,2025-09-08 06:00:00,2025-09-08 13:32:00,0,0,,
TRIP-002964,2025-05-22 06:37:00,2025-05-22 14:36:00,37,64,,
TRIP-002965,2025-06-09 12:00:00,2025-06-09 20:14:00,0,0,,
TRIP-002966,2025-03-22 06:16:00,2025-03-22 16:47:00,16,282,Kerusakan Mesin,High
TRIP-002967,2025-07-23 06:25:00,2025-07-23 14:00:00,25,11,,
TRIP-002968,2025-08-23 00:38:00,2025-08-23 07:17:00,38,74,,
TRIP-002969,2025-10-09 06:00:00,2025-10-09 13:58:00,0,26,,
TRIP-002970,2025-02-09 18:00:00,2025-02-10 04:42:00,0,178,Kemacetan,Medium
TRIP-002971,2025-01-08 18:00:00,2025-01-09 00:10:00,0,0,,
TRIP-002972,2025-01-09 00:00:00,2025-01-09 07:46:00,0,14,,
TRIP-002973,2025-04-08 06:05:00,2025-04-08 14:23:00,5,34,,
TRIP-002974,2025-04-08 18:01:00,2025-04-09 02:41:00,1,0,,
TRIP-002975,2025-04-23 12:13:00,2025-04-23 21:57:00,13,19,,
TRIP-002976,2025-02-09 00:00:00,2025-02-09 08:15:00,0,41,,
TRIP-002977,2025-10-08 18:00:00,2025-10-09 01:45:00,0,11,,
TRIP-002978,2025-10-09 06:00:00,2025-10-09 08:44:00,0,5,,
TRIP-002979,2025-11-08 18:27:00,2025-11-09 01:10:00,27,60,,
TRIP-002980,2025-11-09 00:00:00,2025-11-09 08:15:00,0,4,,
TRIP-002981,2025-11-22 12:00:00,2025-11-22 23:56:00,0,17,,
TRIP-002982,2025-07-09 12:02:00,2025-07-09 18:37:00,2,0,,
TRIP-002983,2025-03-09 00:29:00,2025-03-09 03:46:00,29,44,,
TRIP-002984,2025-03-09 06:24:00,2025-03-09 12:38:00,24,35,,
TRIP-002985,2025-08-08 18:05:00,2025-08-09 00:10:00,5,0,,
TRIP-002986,2025-08-09 00:09:00,2025-08-09 08:38:00,9,27,,
TRIP-002987,2025-07-22 06:00:00,2025-07-22 13:44:00,0,0,,
TRIP-002988,2025-09-08 12:18:00,2025-09-09 01:21:00,18,56,,
TRIP-002989,2025-12-23 06:35:00,2025-12-23 14:34:00,35,23,,
TRIP-002990,2025-03-23 00:15:00,2025-03-23 07:00:00,15,50,,
TRIP-002991,2025-09-22 12:07:00,2025-09-22 20:35:00,7,21,,
TRIP-002992,2025-09-23 00:30:00,2025-09-23 05:06:00,30,39,,
TRIP-002993,2025-11-23 00:00:00,2025-11-23 08:59:00,0,0,,
TRIP-002994,2025-11-22 18:15:00,2025-11-22 21:45:00,15,34,,
TRIP-002995,2025-06-22 18:19:00,2025-06-23 00:10:00,19,0,,
TRIP-002996,2025-11-22 18:06:00,2025-11-22 21:02:00,6,0,,
TRIP-002997,2025-11-23 00:00:00,2025-11-23 06:03:00,0,0,,
TRIP-002998,2025-01-22 12:00:00,2025-01-22 15:21:00,0,10,,
TRIP-002999,2025-01-22 18:00:00,2025-01-23 03:46:00,0,216,Cuaca,High
TRIP-003000,2025-05-08 06:00:00,2025-05-08 16:49:00,0,6,,
TRIP-003001,2025-10-22 06:11:00,2025-10-22 14:14:00,11,0,,
TRIP-003002,2025-12-23 12:00:00,2025-12-23 18:37:00,0,0,,
TRIP-003003,2025-11-23 06:35:00,2025-11-23 18:46:00,35,67,,
TRIP-003004,2025-05-23 06:39:00,2025-05-23 12:44:00,39,34,,
TRIP-003005,2025-09-09 18:30:00,2025-09-09 22:22:00,30,22,,
TRIP-003006,2025-11-23 00:02:00,2025-11-23 09:00:00,2,0,,
TRIP-003007,2025-11-23 12:00:00,2025-11-23 15:45:00,0,34,,
TRIP-003008,2025-06-23 06:26:00,2025-06-23 12:44:00,26,34,,
TRIP-003009,2025-04-23 00:00:00,2025-04-23 11:47:00,0,8,,
TRIP-003010,2025-11-08 18:00:00,2025-11-09 04:43:00,0,0,,
TRIP-003011,2025-07-23 12:24:00,2025-07-23 20:44:00,24,3,,
TRIP-003012,2025-09-09 12:15:00,2025-09-09 18:55:00,15,18,,
TRIP-003013,2025-03-22 12:12:00,2025-03-23 00:51:00,12,49,,
TRIP-003014,2025-03-23 00:00:00,2025-03-23 05:39:00,0,28,,
TRIP-003015,2025-03-23 06:00:00,2025-03-23 13:43:00,0,9,,
TRIP-003016,2025-11-09 12:42:00,2025-11-09 16:40:00,42,64,,
TRIP-003017,2025-02-22 06:00:00,2025-02-22 14:40:00,0,29,,
TRIP-003018,2025-11-22 12:19:00,2025-11-22 15:11:00,19,0,,
TRIP-003019,2025-08-08 06:20:00,2025-08-08 10:39:00,20,12,,
TRIP-003020,2025-08-23 06:15:00,2025-08-23 15:34:00,15,53,,
TRIP-003021,2025-06-08 06:23:00,2025-06-08 10:46:00,23,19,,
TRIP-003022,2025-06-09 06:00:00,2025-06-09 14:14:00,0,3,,
TRIP-003023,2025-07-23 12:35:00,2025-07-24 00:54:00,35,29,,
TRIP-003024,2025-05-22 12:00:00,2025-05-22 18:10:00,0,0,,
TRIP-003025,2025-10-22 12:44:00,2025-10-22 22:36:00,44,54,,
TRIP-003026,2025-10-23 00:11:00,2025-10-23 06:05:00,11,0,,
TRIP-003027,2025-02-23 06:01:00,2025-02-23 13:57:00,1,8,,
TRIP-003028,2025-01-09 18:04:00,2025-01-10 01:44:00,4,0,,
TRIP-003029,2025-04-22 12:05:00,2025-04-22 15:01:00,5,22,,
TRIP-003030,2025-04-22 18:00:00,2025-04-23 03:00:00,0,0,,
TRIP-003031,2025-01-08 06:00:00,2025-01-08 18:23:00,0,0,,
TRIP-003032,2025-02-23 06:04:00,2025-02-23 19:00:00,4,37,,
TRIP-003033,2025-01-08 18:00:00,2025-01-09 00:54:00,0,255,Kerusakan Mesin,High
TRIP-003034,2025-01-09 00:22:00,2025-01-09 09:20:00,22,20,,
TRIP-003035,2025-02-22 12:00:00,2025-02-22 20:00:00,0,11,,
TRIP-003036,2025-02-23 00:30:00,2025-02-23 09:11:00,30,30,,
TRIP-003037,2025-02-23 12:35:00,2025-02-23 21:02:00,35,48,,
TRIP-003038,2025-11-22 12:28:00,2025-11-23 01:32:00,28,67,,
TRIP-003039,2025-05-23 06:32:00,2025-05-23 14:35:00,32,51,,
TRIP-003040,2025-12-09 12:07:00,2025-12-09 16:27:00,7,0,,
TRIP-003041,2025-01-08 12:07:00,2025-01-09 00:58:00,7,287,Kerusakan Mesin,High
TRIP-003042,2025-01-09 00:00:00,2025-01-09 06:10:00,0,0,,
TRIP-003043,2025-03-08 06:09:00,2025-03-08 15:00:00,9,1,,
TRIP-003044,2025-05-22 06:06:00,2025-05-22 09:02:00,6,0,,
TRIP-003045,2025-04-22 18:19:00,2025-04-23 06:41:00,19,16,,
TRIP-003046,2025-05-22 12:00:00,2025-05-22 16:27:00,0,0,,
TRIP-003047,2025-12-09 12:00:00,2025-12-10 00:35:00,0,12,,
TRIP-003048,2025-09-09 12:00:00,2025-09-09 21:54:00,0,55,,
TRIP-003049,2025-07-23 12:06:00,2025-07-23 18:32:00,6,27,,
TRIP-003050,2025-02-09 12:00:00,2025-02-09 17:16:00,0,5,,
TRIP-003051,2025-09-08 18:00:00,2025-09-09 00:10:00,0,0,,
TRIP-003052,2025-09-09 00:00:00,2025-09-09 08:13:00,0,2,,
TRIP-003053,2025-05-22 18:22:00,2025-05-22 20:39:00,22,0,,
TRIP-003054,2025-11-09 00:06:00,2025-11-09 05:49:00,6,38,,
TRIP-003055,2025-05-08 18:34:00,2025-05-08 22:08:00,34,82,,
TRIP-003056,2025-04-09 06:17:00,2025-04-09 08:57:00,17,11,,
TRIP-003057,2025-04-09 12:30:00,2025-04-09 15:12:00,30,10,,
TRIP-003058,2025-12-23 06:15:00,2025-12-23 14:06:00,15,17,,
TRIP-003059,2025-04-08 12:23:00,2025-04-08 20:37:00,23,23,,
TRIP-003060,2025-04-09 00:07:00,2025-04-09 04:39:00,7,12,,
TRIP-003061,2025-05-08 12:08:00,2025-05-09 00:54:00,8,29,,
TRIP-003062,2025-10-08 06:39:00,2025-10-08 14:34:00,39,50,,
TRIP-003063,2025-02-08 18:04:00,2025-02-09 01:44:00,4,0,,
TRIP-003064,2025-02-09 06:34:00,2025-02-09 09:31:00,34,45,,
TRIP-003065,2025-02-09 12:21:00,2025-02-09 15:03:00,21,1,,
TRIP-003066,2025-03-08 12:04:00,2025-03-08 17:02:00,4,35,,
TRIP-003067,2025-02-23 06:13:00,2025-02-23 13:57:00,13,25,,
TRIP-003068,2025-09-22 18:07:00,2025-09-23 00:10:00,7,0,,
TRIP-003069,2025-09-23 00:08:00,2025-09-23 07:47:00,8,15,,
TRIP-003070,2025-08-22 12:08:00,2025-08-22 16:06:00,8,6,,
TRIP-003071,2025-10-08 06:09:00,2025-10-08 12:11:00,9,1,,
TRIP-003072,2025-02-23 06:00:00,2025-02-23 18:36:00,0,34,,
TRIP-003073,2025-05-23 00:07:00,2025-05-23 04:02:00,7,2,,
TRIP-003074,2025-04-23 00:31:00,2025-04-23 12:41:00,31,39,,
TRIP-003075,2025-03-22 06:26:00,2025-03-22 15:36:00,26,85,,
TRIP-003076,2025-09-09 00:33:00,2025-09-09 10:33:00,33,51,,
TRIP-003077,2025-11-08 12:14:00,2025-11-09 00:01:00,14,22,,
TRIP-003078,2025-04-08 06:40:00,2025-04-08 14:58:00,40,47,,
TRIP-003079,2025-04-08 18:25:00,2025-04-09 01:10:00,25,60,,
TRIP-003080,2025-04-09 00:29:00,2025-04-09 08:20:00,29,48,,
TRIP-003081,2025-03-08 18:00:00,2025-03-08 23:18:00,0,7,,
TRIP-003082,2025-03-09 00:23:00,2025-03-09 08:08:00,23,34,,
TRIP-003083,2025-03-09 12:11:00,2025-03-09 14:41:00,11,2,,
TRIP-003084,2025-02-23 06:27:00,2025-02-23 12:34:00,27,24,,
TRIP-003085,2025-04-09 06:15:00,2025-04-09 10:14:00,15,38,,
TRIP-003086,2025-11-23 12:15:00,2025-11-23 17:11:00,15,0,,
TRIP-003087,2025-02-23 12:33:00,2025-02-23 15:23:00,33,37,,
TRIP-003088,2025-12-23 06:00:00,2025-12-23 13:03:00,0,53,,
TRIP-003089,2025-12-23 12:12:00,2025-12-23 20:36:00,12,25,,
TRIP-003090,2025-11-23 06:00:00,2025-11-23 09:14:00,0,3,,
TRIP-003091,2025-05-23 06:47:00,2025-05-23 13:14:00,47,37,,
TRIP-003092,2025-01-23 06:00:00,2025-01-23 14:22:00,0,8,,
TRIP-003093,2025-04-22 12:04:00,2025-04-23 00:55:00,4,30,,
TRIP-003094,2025-01-22 06:00:00,2025-01-22 09:16:00,0,5,,
TRIP-003095,2025-05-08 06:00:00,2025-05-08 17:22:00,0,8,,
TRIP-003096,2025-11-22 18:13:00,2025-11-23 02:39:00,13,25,,
TRIP-003097,2025-11-23 06:13:00,2025-11-23 10:27:00,13,0,,
TRIP-003098,2025-11-23 06:06:00,2025-11-23 11:49:00,6,38,,
TRIP-003099,2025-11-23 12:24:00,2025-11-23 19:39:00,24,5,,
TRIP-003100,2025-05-09 18:00:00,2025-05-10 01:44:00,0,0,,
TRIP-003101,2025-02-08 12:00:00,2025-02-08 18:03:00,0,0,,
TRIP-003102,2025-02-08 18:02:00,2025-02-09 05:39:00,2,0,,
TRIP-003103,2025-10-09 06:08:00,2025-10-09 12:21:00,8,11,,
TRIP-003104,2025-12-22 06:14:00,2025-12-22 14:18:00,14,34,,
TRIP-003105,2025-06-09 00:00:00,2025-06-09 11:47:00,0,8,,
TRIP-003106,2025-08-22 18:22:00,2025-08-22 23:01:00,22,34,,
TRIP-003107,2025-04-08 06:04:00,2025-04-08 16:43:00,4,0,,
TRIP-003108,2025-12-09 18:27:00,2025-12-09 23:00:00,27,60,,
TRIP-003109,2025-04-22 06:25:00,2025-04-22 16:20:00,25,42,,
TRIP-003110,2025-04-22 18:00:00,2025-04-22 22:00:00,0,0,,
TRIP-003111,2025-04-23 06:21:00,2025-04-23 12:05:00,21,0,,
TRIP-003112,2025-03-22 06:31:00,2025-03-22 19:33:00,31,68,,
TRIP-003113,2025-07-09 06:00:00,2025-07-09 15:02:00,0,2,,
TRIP-003114,2025-07-23 00:27:00,2025-07-23 08:45:00,27,34,,
TRIP-003115,2025-09-23 00:13:00,2025-09-23 07:55:00,13,6,,
TRIP-003116,2025-08-22 12:13:00,2025-08-22 22:15:00,13,37,,
TRIP-003117,2025-08-23 00:00:00,2025-08-23 04:28:00,0,28,,
TRIP-003118,2025-08-23 06:00:00,2025-08-23 18:34:00,0,11,,
TRIP-003119,2025-08-09 06:00:00,2025-08-09 16:43:00,0,0,,
TRIP-003120,2025-01-22 06:00:00,2025-01-22 12:10:00,0,0,,
TRIP-003121,2025-08-22 06:11:00,2025-08-22 09:11:00,11,0,,
TRIP-003122,2025-08-22 12:02:00,2025-08-23 00:27:00,2,2,,
TRIP-003123,2025-02-23 00:00:00,2025-02-23 09:08:00,0,8,,
TRIP-003124,2025-07-23 06:10:00,2025-07-23 13:22:00,10,45,,
TRIP-003125,2025-12-23 00:12:00,2025-12-23 08:39:00,12,28,,
TRIP-003126,2025-10-23 06:26:00,2025-10-23 16:09:00,26,31,,
TRIP-003127,2025-10-23 18:00:00,2025-10-23 22:00:00,0,0,,
TRIP-003128,2025-09-22 06:24:00,2025-09-22 17:39:00,24,0,,
TRIP-003129,2025-09-22 18:22:00,2025-09-23 03:30:00,22,49,,
TRIP-003130,2025-10-23 00:14:00,2025-10-23 13:23:00,14,58,,
TRIP-003131,2025-03-09 06:00:00,2025-03-09 13:37:00,0,190,Kemacetan,High
TRIP-003132,2025-03-09 12:10:00,2025-03-09 18:58:00,10,21,,
TRIP-003133,2025-11-22 12:10:00,2025-11-22 20:05:00,10,21,,
TRIP-003134,2025-09-22 06:23:00,2025-09-22 09:32:00,23,46,,
TRIP-003135,2025-11-23 12:06:00,2025-11-23 16:43:00,6,16,,
TRIP-003136,2025-08-23 00:20:00,2025-08-23 09:41:00,20,41,,
TRIP-003137,2025-02-22 06:28:00,2025-02-22 09:34:00,28,32,,
TRIP-003138,2025-01-22 18:32:00,2025-01-23 05:55:00,32,41,,
TRIP-003139,2025-04-23 06:06:00,2025-04-23 11:30:00,6,19,,
TRIP-003140,2025-09-09 06:18:00,2025-09-09 14:43:00,18,59,,
TRIP-003141,2025-07-23 12:19:00,2025-07-23 15:54:00,19,75,,
TRIP-003142,2025-01-23 00:00:00,2025-01-23 08:11:00,0,0,,
TRIP-003143,2025-01-22 06:30:00,2025-01-22 10:48:00,30,48,,
TRIP-003144,2025-09-23 12:00:00,2025-09-23 16:09:00,0,9,,
TRIP-003145,2025-04-09 12:07:00,2025-04-10 00:02:00,7,0,,
TRIP-003146,2025-10-08 18:36:00,2025-10-09 06:15:00,36,36,,
TRIP-003147,2025-08-23 00:42:00,2025-08-23 11:56:00,42,42,,
TRIP-003148,2025-01-22 18:20:00,2025-01-22 20:46:00,20,0,,
TRIP-003149,2025-07-09 00:14:00,2025-07-09 04:14:00,14,14,,
TRIP-003150,2025-11-09 00:20:00,2025-11-09 07:51:00,20,74,,
TRIP-003151,2025-01-08 18:00:00,2025-01-09 04:43:00,0,0,,
TRIP-003152,2025-02-22 06:00:00,2025-02-22 18:23:00,0,0,,
TRIP-003153,2025-01-23 00:00:00,2025-01-23 09:04:00,0,4,,
TRIP-003154,2025-02-22 12:05:00,2025-02-22 18:10:00,5,0,,
TRIP-003155,2025-02-22 18:00:00,2025-02-23 01:32:00,0,0,,
TRIP-003156,2025-02-23 06:14:00,2025-02-23 17:14:00,14,0,,
TRIP-003157,2025-05-08 12:00:00,2025-05-09 00:30:00,0,28,,
TRIP-003158,2025-05-09 00:09:00,2025-05-09 10:56:00,9,13,,
TRIP-003159,2025-05-09 12:39:00,2025-05-10 01:08:00,39,43,,
TRIP-003160,2025-01-08 18:52:00,2025-01-09 00:31:00,52,21,,
TRIP-003161,2025-04-09 12:00:00,2025-04-09 23:16:00,0,2,,
TRIP-003162,2025-11-22 06:15:00,2025-11-22 18:35:00,15,12,,
TRIP-003163,2025-02-08 18:00:00,2025-02-09 01:32:00,0,0,,
TRIP-003164,2025-08-08 12:11:00,2025-08-08 19:44:00,11,0,,
TRIP-003165,2025-08-09 00:00:00,2025-08-09 02:46:00,0,0,,
TRIP-003166,2025-02-09 00:00:00,2025-02-09 07:49:00,0,0,,
TRIP-003167,2025-01-22 06:11:00,2025-01-22 13:22:00,11,45,,
TRIP-003168,2025-01-22 18:00:00,2025-01-23 06:35:00,0,33,,
TRIP-003169,2025-08-09 06:48:00,2025-08-09 14:36:00,48,47,,
TRIP-003170,2025-07-08 06:01:00,2025-07-08 17:39:00,1,0,,
TRIP-003171,2025-11-23 06:00:00,2025-11-23 09:46:00,0,10,,
TRIP-003172,2025-10-09 12:10:00,2025-10-09 19:39:00,10,7,,
TRIP-003173,2025-04-09 12:19:00,2025-04-09 21:54:00,19,12,,
TRIP-003174,2025-06-09 00:05:00,2025-06-09 08:06:00,5,32,,
TRIP-003175,2025-07-09 18:20:00,2025-07-10 03:04:00,20,50,,
TRIP-003176,2025-11-22 06:54:00,2025-11-22 15:29:00,54,48,,
TRIP-003177,2025-04-09 12:23:00,2025-04-09 20:32:00,23,18,,
TRIP-003178,2025-06-09 12:08:00,2025-06-09 21:01:00,8,20,,
TRIP-003179,2025-08-22 06:00:00,2025-08-22 12:10:00,0,0,,
TRIP-003180,2025-06-23 06:00:00,2025-06-23 14:14:00,0,25,,
TRIP-003181,2025-02-08 12:28:00,2025-02-08 17:39:00,28,28,,
TRIP-003182,2025-01-22 06:28:00,2025-01-22 14:28:00,28,39,,
TRIP-003183,2025-11-08 06:33:00,2025-11-08 15:38:00,33,38,,
TRIP-003184,2025-11-09 00:00:00,2025-11-09 12:25:00,0,0,,
TRIP-003185,2025-01-09 00:17:00,2025-01-09 08:15:00,17,41,,
TRIP-003186,2025-02-09 06:09:00,2025-02-09 12:29:00,9,19,,
TRIP-003187,2025-02-23 12:00:00,2025-02-23 16:06:00,0,6,,
TRIP-003188,2025-12-23 12:00:00,2025-12-23 15:39:00,0,37,,
TRIP-003189,2025-12-09 12:00:00,2025-12-09 21:03:00,0,22,,
TRIP-003190,2025-11-22 18:04:00,2025-11-23 01:58:00,4,24,,
TRIP-003191,2025-11-23 06:27:00,2025-11-23 09:18:00,27,39,,
TRIP-003192,2025-09-23 00:19:00,2025-09-23 03:14:00,19,12,,
TRIP-003193,2025-04-22 12:10:00,2025-04-22 23:22:00,10,8,,
TRIP-003194,2025-12-09 06:46:00,2025-12-09 14:22:00,46,33,,
TRIP-003195,2025-05-09 18:24:00,2025-05-09 22:02:00,24,2,,
TRIP-003196,2025-10-22 18:22:00,2025-10-22 23:15:00,22,4,,
TRIP-003197,2025-10-23 00:00:00,2025-10-23 07:34:00,0,0,,
TRIP-003198,2025-08-08 18:22:00,2025-08-09 05:39:00,22,0,,
TRIP-003199,2025-04-08 12:00:00,2025-04-08 17:11:00,0,0,,
TRIP-003200,2025-11-08 06:08:00,2025-11-08 18:22:00,8,43,,
TRIP-003201,2025-11-09 06:00:00,2025-11-09 14:14:00,0,0,,
TRIP-003202,2025-01-22 12:31:00,2025-01-22 23:14:00,31,0,,
TRIP-003203,2025-01-23 00:04:00,2025-01-23 09:38:00,4,0,,
TRIP-003204,2025-01-22 12:00:00,2025-01-22 20:19:00,0,8,,
TRIP-003205,2025-01-23 00:19:00,2025-01-23 06:59:00,19,49,,
TRIP-003206,2025-01-23 06:30:00,2025-01-23 14:33:00,30,61,,
TRIP-003207,2025-01-23 06:03:00,2025-01-23 09:11:00,3,25,,
TRIP-003208,2025-01-23 12:00:00,2025-01-23 15:02:00,0,0,,
TRIP-003209,2025-04-23 06:07:00,2025-04-23 10:04:00,7,4,,
TRIP-003210,2025-05-22 18:15:00,2025-05-22 20:56:00,15,10,,
TRIP-003211,2025-11-08 06:27:00,2025-11-08 10:25:00,27,25,,
TRIP-003212,2025-02-23 12:33:00,2025-02-23 15:54:00,33,18,,
TRIP-003213,2025-10-08 12:07:00,2025-10-08 21:53:00,7,15,,
TRIP-003214,2025-08-23 00:52:00,2025-08-23 08:05:00,52,31,,
TRIP-003215,2025-12-09 06:00:00,2025-12-09 17:40:00,0,1,,
TRIP-003216,2025-10-22 06:22:00,2025-10-22 18:11:00,22,9,,
TRIP-003217,2025-10-23 12:14:00,2025-10-24 00:45:00,14,20,,
TRIP-003218,2025-09-23 06:00:00,2025-09-23 08:55:00,0,9,,
TRIP-003219,2025-02-22 06:00:00,2025-02-22 12:05:00,0,0,,
TRIP-003220,2025-12-22 18:00:00,2025-12-22 22:29:00,0,29,,
TRIP-003221,2025-12-09 18:17:00,2025-12-10 00:02:00,17,51,,
TRIP-003222,2025-12-23 18:00:00,2025-12-23 23:28:00,0,17,,
TRIP-003223,2025-11-08 06:26:00,2025-11-08 14:32:00,26,18,,
TRIP-003224,2025-09-09 00:12:00,2025-09-09 03:30:00,12,19,,
TRIP-003225,2025-02-09 06:00:00,2025-02-09 18:09:00,0,7,,
TRIP-003226,2025-03-23 00:00:00,2025-03-23 12:56:00,0,31,,
TRIP-003227,2025-03-23 12:00:00,2025-03-23 22:10:00,0,32,,
TRIP-003228,2025-02-23 06:12:00,2025-02-23 15:59:00,12,17,,
TRIP-003229,2025-05-09 18:24:00,2025-05-10 03:48:00,24,10,,
TRIP-003230,2025-02-22 12:05:00,2025-02-22 15:45:00,5,66,,
TRIP-003231,2025-02-22 18:08:00,2025-02-23 03:39:00,8,39,,
TRIP-003232,2025-05-23 00:13:00,2025-05-23 09:10:00,13,10,,
TRIP-003233,2025-10-23 12:00:00,2025-10-23 15:30:00,0,28,,
TRIP-003234,2025-10-09 06:20:00,2025-10-09 17:35:00,20,21,,
TRIP-003235,2025-10-09 18:00:00,2025-10-10 03:38:00,0,0,,
TRIP-003236,2025-09-09 00:30:00,2025-09-09 13:04:00,30,41,,
TRIP-003237,2025-03-22 12:02:00,2025-03-22 23:14:00,2,0,,
TRIP-003238,2025-11-22 12:23:00,2025-11-22 16:50:00,23,124,Kerusakan Mesin,Medium
TRIP-003239,2025-12-23 00:30:00,2025-12-23 08:42:00,30,58,,
TRIP-003240,2025-12-23 12:13:00,2025-12-23 14:53:00,13,7,,
TRIP-003241,2025-02-23 06:07:00,2025-02-23 17:04:00,7,21,,
TRIP-003242,2025-01-23 18:00:00,2025-01-24 01:51:00,0,7,,
TRIP-003243,2025-08-22 12:00:00,2025-08-22 20:49:00,0,38,,
TRIP-003244,2025-08-23 00:04:00,2025-08-23 06:10:00,4,0,,
TRIP-003245,2025-02-08 12:08:00,2025-02-08 21:40:00,8,41,,
TRIP-003246,2025-02-22 06:18:00,2025-02-22 18:48:00,18,23,,
TRIP-003247,2025-01-09 06:03:00,2025-01-09 09:12:00,3,33,,
TRIP-003248,2025-07-09 06:19:00,2025-07-09 12:27:00,19,17,,
TRIP-003249,2025-10-09 00:24:00,2025-10-09 12:39:00,24,37,,
TRIP-003250,2025-10-09 06:07:00,2025-10-09 15:12:00,7,13,,
TRIP-003251,2025-05-22 18:04:00,2025-05-23 06:14:00,4,35,,
TRIP-003252,2025-05-23 06:00:00,2025-05-23 14:54:00,0,13,,
TRIP-003253,2025-11-22 12:00:00,2025-11-22 22:45:00,0,2,,
TRIP-003254,2025-11-23 00:13:00,2025-11-23 12:39:00,13,14,,
TRIP-003255,2025-07-23 06:18:00,2025-07-23 14:08:00,18,24,,
TRIP-003256,2025-08-08 18:37:00,2025-08-09 06:36:00,37,34,,
TRIP-003257,2025-03-08 18:00:00,2025-03-09 03:07:00,0,8,,
TRIP-003258,2025-03-23 06:00:00,2025-03-23 12:05:00,0,0,,
TRIP-003259,2025-03-23 12:09:00,2025-03-23 20:01:00,9,12,,
TRIP-003260,2025-07-23 06:16:00,2025-07-23 08:46:00,16,0,,
TRIP-003261,2025-07-23 12:00:00,2025-07-23 15:24:00,0,22,,
TRIP-003262,2025-08-08 12:16:00,2025-08-08 18:37:00,16,0,,
TRIP-003263,2025-08-09 00:21:00,2025-08-09 12:26:00,21,24,,
TRIP-003264,2025-08-09 12:41:00,2025-08-09 23:03:00,41,20,,
TRIP-003265,2025-07-09 18:00:00,2025-07-09 22:36:00,0,9,,
TRIP-003266,2025-01-09 00:17:00,2025-01-09 10:51:00,17,8,,
TRIP-003267,2025-10-08 06:27:00,2025-10-08 16:07:00,27,25,,
TRIP-003268,2025-10-08 18:06:00,2025-10-09 00:13:00,6,8,,
TRIP-003269,2025-10-09 00:13:00,2025-10-09 08:00:00,13,11,,
TRIP-003270,2025-11-09 12:00:00,2025-11-09 14:39:00,0,0,,
TRIP-003271,2025-10-08 06:15:00,2025-10-08 11:06:00,15,39,,
TRIP-003272,2025-05-22 06:00:00,2025-05-22 15:38:00,0,0,,
TRIP-003273,2025-05-22 18:12:00,2025-05-23 02:04:00,12,20,,
TRIP-003274,2025-05-23 06:11:00,2025-05-23 08:46:00,11,0,,
TRIP-003275,2025-11-08 12:24:00,2025-11-08 20:50:00,24,9,,
TRIP-003276,2025-03-08 06:57:00,2025-03-08 15:10:00,57,86,,
TRIP-003277,2025-06-09 18:02:00,2025-06-09 22:27:00,2,0,,
TRIP-003278,2025-02-08 06:00:00,2025-02-08 14:28:00,0,17,,
TRIP-003279,2025-04-23 00:00:00,2025-04-23 07:44:00,0,0,,
TRIP-003280,2025-01-08 12:06:00,2025-01-08 14:46:00,6,0,,
TRIP-003281,2025-08-23 00:00:00,2025-08-23 02:49:00,0,10,,
TRIP-003282,2025-07-23 12:07:00,2025-07-23 23:14:00,7,0,,
TRIP-003283,2025-03-22 06:27:00,2025-03-22 19:23:00,27,60,,
TRIP-003284,2025-01-09 00:18:00,2025-01-09 08:11:00,18,0,,
TRIP-003285,2025-06-23 06:02:00,2025-06-23 09:51:00,2,15,,
TRIP-003286,2025-04-09 00:17:00,2025-04-09 12:06:00,17,4,,
TRIP-003287,2025-05-09 00:03:00,2025-05-09 06:41:00,3,4,,
TRIP-003288,2025-05-09 12:00:00,2025-05-09 14:46:00,0,0,,
TRIP-003289,2025-11-23 00:19:00,2025-11-23 09:04:00,19,23,,
TRIP-003290,2025-04-09 00:00:00,2025-04-09 11:22:00,0,8,,
TRIP-003291,2025-02-23 12:47:00,2025-02-23 19:05:00,47,55,,
TRIP-003292,2025-05-22 12:00:00,2025-05-22 20:04:00,0,20,,
TRIP-003293,2025-05-23 00:27:00,2025-05-23 02:53:00,27,7,,
TRIP-003294,2025-08-09 06:45:00,2025-08-09 11:16:00,45,76,,
TRIP-003295,2025-05-23 06:00:00,2025-05-23 11:12:00,0,45,,
TRIP-003296,2025-03-09 00:32:00,2025-03-09 07:52:00,32,75,,
TRIP-003297,2025-01-22 18:02:00,2025-01-23 00:37:00,2,0,,
TRIP-003298,2025-01-23 06:00:00,2025-01-23 18:34:00,0,32,,
TRIP-003299,2025-05-08 12:15:00,2025-05-08 20:32:00,15,18,,
TRIP-003300,2025-05-09 00:31:00,2025-05-09 04:54:00,31,27,,
TRIP-003301,2025-05-09 06:26:00,2025-05-09 12:37:00,26,0,,
TRIP-003302,2025-04-08 12:35:00,2025-04-08 16:09:00,35,58,,
TRIP-003303,2025-02-22 18:15:00,2025-02-23 04:04:00,15,22,,
TRIP-003304,2025-07-09 06:01:00,2025-07-09 14:18:00,1,34,,
TRIP-003305,2025-04-23 06:19:00,2025-04-23 09:43:00,19,32,,
TRIP-003306,2025-01-22 06:03:00,2025-01-22 15:17:00,3,18,,
TRIP-003307,2025-09-22 06:00:00,2025-09-22 12:33:00,0,23,,
TRIP-003308,2025-12-09 00:00:00,2025-12-09 07:53:00,0,9,,
TRIP-003309,2025-12-09 12:28:00,2025-12-09 15:00:00,28,14,,
TRIP-003310,2025-11-23 18:00:00,2025-11-23 22:36:00,0,9,,
TRIP-003311,2025-04-22 12:32:00,2025-04-22 18:28:00,32,18,,
TRIP-003312,2025-03-09 12:13:00,2025-03-09 21:19:00,13,19,,
TRIP-003313,2025-11-08 12:00:00,2025-11-08 22:44:00,0,1,,
TRIP-003314,2025-11-09 00:00:00,2025-11-09 06:50:00,0,40,,
TRIP-003315,2025-07-22 06:02:00,2025-07-22 18:26:00,2,3,,
TRIP-003316,2025-05-23 12:00:00,2025-05-23 23:18:00,0,35,,
TRIP-003317,2025-05-23 00:13:00,2025-05-23 10:05:00,13,242,Cuaca,High
TRIP-003318,2025-09-08 12:07:00,2025-09-08 21:08:00,7,9,,
TRIP-003319,2025-08-09 06:20:00,2025-08-09 12:56:00,20,200,Kemacetan,High
TRIP-003320,2025-02-09 00:03:00,2025-02-09 07:44:00,3,0,,
TRIP-003321,2025-02-09 12:19:00,2025-02-09 15:35:00,19,49,,
TRIP-003322,2025-01-22 06:01:00,2025-01-22 16:48:00,1,5,,
TRIP-003323,2025-04-09 00:00:00,2025-04-09 07:57:00,0,8,,
TRIP-003324,2025-04-09 12:00:00,2025-04-09 21:13:00,0,14,,
TRIP-003325,2025-10-22 06:03:00,2025-10-22 18:23:00,3,0,,
TRIP-003326,2025-10-22 18:00:00,2025-10-22 21:36:00,0,0,,
TRIP-003327,2025-12-23 12:02:00,2025-12-23 20:54:00,2,13,,
TRIP-003328,2025-03-08 12:42:00,2025-03-08 21:09:00,42,28,,
TRIP-003329,2025-03-22 06:19:00,2025-03-22 17:50:00,19,11,,
TRIP-003330,2025-11-08 18:05:00,2025-11-08 20:46:00,5,0,,
TRIP-003331,2025-11-09 00:00:00,2025-11-09 03:02:00,0,0,,
TRIP-003332,2025-11-09 06:08:00,2025-11-09 12:22:00,8,19,,
TRIP-003333,2025-08-09 12:03:00,2025-08-09 18:18:00,3,8,,
TRIP-003334,2025-07-09 18:11:00,2025-07-09 22:46:00,11,46,,
TRIP-003335,2025-03-09 12:23:00,2025-03-09 20:05:00,23,16,,
TRIP-003336,2025-10-23 06:05:00,2025-10-23 12:10:00,5,0,,
TRIP-003337,2025-04-09 06:07:00,2025-04-09 11:29:00,7,18,,
TRIP-003338,2025-05-08 18:00:00,2025-05-09 01:44:00,0,0,,
TRIP-003339,2025-12-09 12:31:00,2025-12-09 19:08:00,31,58,,
TRIP-003340,2025-07-23 00:06:00,2025-07-23 03:36:00,6,0,,
TRIP-003341,2025-01-22 12:00:00,2025-01-22 23:57:00,0,18,,
TRIP-003342,2025-12-09 12:51:00,2025-12-10 00:50:00,51,48,,
TRIP-003343,2025-10-23 00:00:00,2025-10-23 09:58:00,0,16,,
TRIP-003344,2025-03-23 00:35:00,2025-03-23 08:46:00,35,62,,
TRIP-003345,2025-02-09 12:00:00,2025-02-09 20:27:00,0,13,,
TRIP-003346,2025-08-22 12:10:00,2025-08-22 15:58:00,10,22,,
TRIP-003347,2025-12-09 06:13:00,2025-12-09 19:07:00,13,42,,
TRIP-003348,2025-11-22 06:19:00,2025-11-22 18:33:00,19,8,,
TRIP-003349,2025-02-23 06:15:00,2025-02-23 12:45:00,15,8,,
TRIP-003350,2025-09-22 12:25:00,2025-09-22 20:59:00,25,0,,
TRIP-003351,2025-09-23 00:43:00,2025-09-23 05:51:00,43,40,,
TRIP-003352,2025-04-23 00:10:00,2025-04-23 04:09:00,10,9,,
TRIP-003353,2025-04-23 06:32:00,2025-04-23 19:12:00,32,49,,
TRIP-003354,2025-07-09 12:15:00,2025-07-09 20:30:00,15,58,,
TRIP-003355,2025-03-09 18:30:00,2025-03-10 06:49:00,30,24,,
TRIP-003356,2025-03-08 06:00:00,2025-03-08 16:01:00,0,19,,
TRIP-003357,2025-06-23 06:07:00,2025-06-23 15:42:00,7,0,,
TRIP-003358,2025-08-09 06:01:00,2025-08-09 12:12:00,1,7,,
TRIP-003359,2025-08-09 12:15:00,2025-08-09 20:15:00,15,26,,
TRIP-003360,2025-02-09 00:04:00,2025-02-09 06:10:00,4,0,,
TRIP-003361,2025-06-09 06:10:00,2025-06-09 15:42:00,10,0,,
TRIP-003362,2025-06-09 06:23:00,2025-06-09 15:41:00,23,41,,
TRIP-003363,2025-01-08 18:11:00,2025-01-09 06:21:00,11,19,,
TRIP-003364,2025-05-08 12:50:00,2025-05-08 20:20:00,50,36,,
TRIP-003365,2025-04-09 00:05:00,2025-04-09 03:02:00,5,0,,
TRIP-003366,2025-01-22 12:08:00,2025-01-22 16:27:00,8,0,,
TRIP-003367,2025-04-09 00:10:00,2025-04-09 12:30:00,10,7,,
TRIP-003368,2025-06-08 06:19:00,2025-06-08 17:48:00,19,9,,
TRIP-003369,2025-04-09 06:00:00,2025-04-09 10:14:00,0,14,,
TRIP-003370,2025-08-22 06:19:00,2025-08-22 15:13:00,19,32,,
TRIP-003371,2025-08-22 18:13:00,2025-08-23 02:35:00,13,21,,
TRIP-003372,2025-11-23 12:00:00,2025-11-23 18:10:00,0,0,,
TRIP-003373,2025-04-22 12:21:00,2025-04-22 20:51:00,21,10,,
TRIP-003374,2025-08-22 12:11:00,2025-08-22 21:04:00,11,23,,
TRIP-003375,2025-01-09 06:03:00,2025-01-09 15:42:00,3,0,,
TRIP-003376,2025-02-22 12:00:00,2025-02-23 00:25:00,0,0,,
TRIP-003377,2025-07-23 12:12:00,2025-07-23 21:51:00,12,13,,
TRIP-003378,2025-10-22 18:15:00,2025-10-23 04:54:00,15,257,Kemacetan,High
TRIP-003379,2025-10-23 06:00:00,2025-10-23 18:10:00,0,8,,
TRIP-003380,2025-08-23 12:00:00,2025-08-23 22:41:00,0,271,Kerusakan Mesin,High
TRIP-003381,2025-04-09 18:32:00,2025-04-10 04:48:00,32,5,,
TRIP-003382,2025-01-08 06:21:00,2025-01-08 15:43:00,21,44,,
TRIP-003383,2025-01-09 06:00:00,2025-01-09 18:25:00,0,0,,
TRIP-003384,2025-11-09 00:03:00,2025-11-09 12:11:00,3,32,,
TRIP-003385,2025-08-22 06:22:00,2025-08-22 18:34:00,22,11,,
TRIP-003386,2025-08-22 18:11:00,2025-08-22 22:11:00,11,35,,
TRIP-003387,2025-08-23 00:21:00,2025-08-23 10:12:00,21,30,,
TRIP-003388,2025-11-08 18:00:00,2025-11-09 01:53:00,0,9,,
TRIP-003389,2025-09-08 06:36:00,2025-09-08 14:39:00,36,28,,
TRIP-003390,2025-09-08 18:16:00,2025-09-09 00:11:00,16,1,,
TRIP-003391,2025-09-09 00:21:00,2025-09-09 08:06:00,21,34,,
TRIP-003392,2025-09-08 06:00:00,2025-09-08 13:55:00,0,11,,
TRIP-003393,2025-05-08 12:19:00,2025-05-08 14:44:00,19,5,,
TRIP-003394,2025-03-09 12:00:00,2025-03-09 20:10:00,0,26,,
TRIP-003395,2025-05-23 12:02:00,2025-05-23 19:49:00,2,0,,
TRIP-003396,2025-09-22 06:30:00,2025-09-22 14:49:00,30,38,,
TRIP-003397,2025-12-22 06:13:00,2025-12-22 11:34:00,13,23,,
TRIP-003398,2025-01-09 06:13:00,2025-01-09 11:40:00,13,29,,
TRIP-003399,2025-01-09 12:01:00,2025-01-09 19:34:00,1,0,,
TRIP-003400,2025-11-09 18:05:00,2025-11-10 00:47:00,5,140,Kerusakan Mesin,Medium
TRIP-003401,2025-05-22 06:00:00,2025-05-22 09:49:00,0,13,,
TRIP-003402,2025-04-23 00:33:00,2025-04-23 04:04:00,33,28,,
TRIP-003403,2025-04-23 06:10:00,2025-04-23 16:27:00,10,45,,
TRIP-003404,2025-04-22 12:26:00,2025-04-22 22:31:00,26,49,,
TRIP-003405,2025-04-23 00:10:00,2025-04-23 06:05:00,10,0,,
TRIP-003406,2025-03-08 18:00:00,2025-03-09 05:14:00,0,0,,
TRIP-003407,2025-03-09 06:00:00,2025-03-09 15:55:00,0,17,,
TRIP-003408,2025-03-08 06:20:00,2025-03-08 11:43:00,20,32,,
TRIP-003409,2025-09-08 06:14:00,2025-09-08 13:49:00,14,0,,
TRIP-003410,2025-09-08 18:13:00,2025-09-09 02:57:00,13,16,,
TRIP-003411,2025-01-08 06:00:00,2025-01-08 09:27:00,0,25,,
TRIP-003412,2025-01-08 18:12:00,2025-01-09 09:34:00,12,235,Kerusakan Mesin,High
TRIP-003413,2025-12-09 00:00:00,2025-12-09 08:59:00,0,0,,
TRIP-003414,2025-10-23 18:00:00,2025-10-24 02:11:00,0,27,,
TRIP-003415,2025-02-09 12:00:00,2025-02-09 23:14:00,0,0,,
TRIP-003416,2025-10-23 00:00:00,2025-10-23 06:03:00,0,0,,
TRIP-003417,2025-08-23 12:06:00,2025-08-23 15:11:00,6,0,,
TRIP-003418,2025-12-23 12:00:00,2025-12-23 19:49:00,0,17,,
TRIP-003419,2025-04-09 06:02:00,2025-04-09 13:38:00,2,6,,
TRIP-003420,2025-03-09 18:30:00,2025-03-10 03:38:00,30,0,,
TRIP-003421,2025-09-23 12:44:00,2025-09-23 17:23:00,44,56,,
TRIP-003422,2025-02-08 06:00:00,2025-02-08 14:43:00,0,2,,
TRIP-003423,2025-04-08 12:00:00,2025-04-08 16:00:00,0,0,,
TRIP-003424,2025-04-09 06:32:00,2025-04-09 16:21:00,32,82,,
TRIP-003425,2025-08-09 00:28:00,2025-08-09 08:05:00,28,33,,
TRIP-003426,2025-04-23 06:30:00,2025-04-23 16:30:00,30,52,,
TRIP-003427,2025-03-08 12:00:00,2025-03-08 15:08:00,0,6,,
TRIP-003428,2025-11-09 00:26:00,2025-11-09 08:27:00,26,13,,
TRIP-003429,2025-11-09 12:09:00,2025-11-09 16:27:00,9,0,,
TRIP-003430,2025-09-23 06:34:00,2025-09-23 19:13:00,34,50,,
TRIP-003431,2025-08-08 06:07:00,2025-08-08 10:14:00,7,14,,
TRIP-003432,2025-05-22 06:01:00,2025-05-22 12:40:00,1,3,,
TRIP-003433,2025-10-22 18:00:00,2025-10-23 05:39:00,0,0,,
TRIP-003434,2025-10-23 18:00:00,2025-10-24 02:21:00,0,7,,
TRIP-003435,2025-07-09 00:12:00,2025-07-09 08:22:00,12,38,,
TRIP-003436,2025-11-22 18:21:00,2025-11-22 21:16:00,21,30,,
TRIP-003437,2025-11-23 00:43:00,2025-11-23 03:29:00,43,27,,
TRIP-003438,2025-11-23 06:18:00,2025-11-23 12:28:00,18,25,,
TRIP-003439,2025-03-09 00:09:00,2025-03-09 04:30:00,9,54,,
TRIP-003440,2025-10-23 06:17:00,2025-10-23 10:04:00,17,4,,
TRIP-003441,2025-06-09 06:09:00,2025-06-09 08:56:00,9,10,,
TRIP-003442,2025-06-09 12:00:00,2025-06-09 15:02:00,0,0,,
TRIP-003443,2025-06-23 12:00:00,2025-06-23 23:25:00,0,11,,
TRIP-003444,2025-09-08 12:00:00,2025-09-08 16:55:00,0,28,,
TRIP-003445,2025-02-09 06:00:00,2025-02-09 18:39:00,0,14,,
TRIP-003446,2025-05-22 18:03:00,2025-05-22 21:42:00,3,31,,
TRIP-003447,2025-05-23 00:00:00,2025-05-23 06:13:00,0,3,,
TRIP-003448,2025-10-09 12:31:00,2025-10-09 14:39:00,31,0,,
TRIP-003449,2025-11-09 12:00:00,2025-11-09 20:41:00,0,0,,
TRIP-003450,2025-01-23 12:22:00,2025-01-23 16:33:00,22,33,,
TRIP-003451,2025-07-09 12:01:00,2025-07-10 00:02:00,1,0,,
TRIP-003452,2025-08-22 07:10:00,2025-08-22 12:55:00,70,50,,
TRIP-003453,2025-05-08 12:22:00,2025-05-08 20:25:00,22,36,,
TRIP-003454,2025-05-09 00:01:00,2025-05-09 13:11:00,1,270,Kerusakan Mesin,High
TRIP-003455,2025-09-23 06:01:00,2025-09-23 13:44:00,1,0,,
TRIP-003456,2025-12-09 06:00:00,2025-12-09 13:44:00,0,0,,
TRIP-003457,2025-07-23 06:00:00,2025-07-23 13:44:00,0,10,,
TRIP-003458,2025-08-22 06:22:00,2025-08-22 12:03:00,22,0,,
TRIP-003459,2025-05-22 06:19:00,2025-05-22 15:34:00,19,34,,
TRIP-003460,2025-05-08 06:42:00,2025-05-08 19:19:00,42,56,,
TRIP-003461,2025-02-08 06:00:00,2025-02-08 18:36:00,0,11,,
TRIP-003462,2025-08-08 06:42:00,2025-08-08 15:42:00,42,43,,
TRIP-003463,2025-03-08 12:18:00,2025-03-08 14:39:00,18,0,,
TRIP-003464,2025-12-09 18:01:00,2025-12-10 01:44:00,1,0,,
TRIP-003465,2025-09-22 12:17:00,2025-09-22 19:57:00,17,23,,
TRIP-003466,2025-09-23 00:37:00,2025-09-23 02:57:00,37,18,,
TRIP-003467,2025-09-08 12:13:00,2025-09-08 23:07:00,13,24,,
TRIP-003468,2025-11-09 00:24:00,2025-11-09 09:10:00,24,29,,
TRIP-003469,2025-01-22 12:14:00,2025-01-22 19:59:00,14,15,,
TRIP-003470,2025-01-23 00:25:00,2025-01-23 03:27:00,25,41,,
TRIP-003471,2025-01-23 06:28:00,2025-01-23 09:09:00,28,7,,
TRIP-003472,2025-02-08 12:23:00,2025-02-08 19:34:00,23,0,,
TRIP-003473,2025-03-09 00:26:00,2025-03-09 04:52:00,26,25,,
TRIP-003474,2025-03-09 06:08:00,2025-03-09 12:37:00,8,0,,
TRIP-003475,2025-01-23 06:17:00,2025-01-23 18:47:00,17,22,,
TRIP-003476,2025-05-09 06:01:00,2025-05-09 08:46:00,1,0,,
TRIP-003477,2025-03-22 06:14:00,2025-03-22 08:52:00,14,13,,
TRIP-003478,2025-07-09 12:39:00,2025-07-09 18:05:00,39,0,,
TRIP-003479,2025-09-09 18:10:00,2025-09-10 05:19:00,10,36,,
TRIP-003480,2025-11-23 12:00:00,2025-11-23 18:37:00,0,0,,
TRIP-003481,2025-03-23 00:37:00,2025-03-23 06:45:00,37,42,,
TRIP-003482,2025-09-22 12:13:00,2025-09-22 15:14:00,13,3,,
TRIP-003483,2025-01-08 12:00:00,2025-01-08 17:00:00,0,33,,
TRIP-003484,2025-01-08 06:07:00,2025-01-08 16:43:00,7,0,,
TRIP-003485,2025-03-23 12:45:00,2025-03-23 19:20:00,45,70,,
TRIP-003486,2025-02-08 06:28:00,2025-02-08 10:41:00,28,41,,
TRIP-003487,2025-04-22 18:10:00,2025-04-23 00:05:00,10,0,,
TRIP-003488,2025-04-23 00:00:00,2025-04-23 07:49:00,0,0,,
TRIP-003489,2025-06-23 12:00:00,2025-06-23 18:10:00,0,0,,
TRIP-003490,2025-05-09 00:00:00,2025-05-09 07:51:00,0,19,,
TRIP-003491,2025-01-09 06:00:00,2025-01-09 19:04:00,0,263,Kemacetan,High
TRIP-003492,2025-07-09 18:29:00,2025-07-10 02:42:00,29,58,,
TRIP-003493,2025-02-09 00:47:00,2025-02-09 03:59:00,47,57,,
TRIP-003494,2025-02-09 06:53:00,2025-02-09 13:26:00,53,83,,
TRIP-003495,2025-10-23 12:09:00,2025-10-23 19:21:00,9,130,Kerusakan Mesin,Medium
TRIP-003496,2025-04-23 06:05:00,2025-04-23 12:16:00,5,6,,
TRIP-003497,2025-08-09 06:00:00,2025-08-09 11:11:00,0,0,,
TRIP-003498,2025-08-09 12:04:00,2025-08-09 19:43:00,4,9,,
TRIP-003499,2025-11-23 00:18:00,2025-11-23 08:21:00,18,49,,
TRIP-003500,2025-07-09 18:34:00,2025-07-09 21:03:00,34,17,,
TRIP-003501,2025-05-09 12:42:00,2025-05-10 00:58:00,42,56,,
TRIP-003502,2025-11-09 06:18:00,2025-11-09 11:56:00,18,45,,
TRIP-003503,2025-10-09 00:00:00,2025-10-09 08:22:00,0,11,,
TRIP-003504,2025-06-23 00:00:00,2025-06-23 08:11:00,0,0,,
TRIP-003505,2025-11-22 06:15:00,2025-11-22 16:04:00,15,65,,
TRIP-003506,2025-04-22 06:15:00,2025-04-22 16:54:00,15,11,,
TRIP-003507,2025-09-23 06:29:00,2025-09-23 15:45:00,29,45,,
TRIP-003508,2025-07-09 06:19:00,2025-07-09 12:37:00,19,0,,
TRIP-003509,2025-08-08 12:00:00,2025-08-08 20:41:00,0,0,,
TRIP-003510,2025-08-09 00:05:00,2025-08-09 08:14:00,5,0,,
TRIP-003511,2025-02-08 06:20:00,2025-02-08 08:55:00,20,16,,
TRIP-003512,2025-06-23 12:22:00,2025-06-24 00:48:00,22,25,,
TRIP-003513,2025-10-09 00:06:00,2025-10-09 10:32:00,6,50,,
TRIP-003514,2025-01-23 12:30:00,2025-01-23 21:16:00,30,17,,
TRIP-003515,2025-04-08 18:26:00,2025-04-08 22:02:00,26,2,,
TRIP-003516,2025-04-09 12:26:00,2025-04-09 16:27:00,26,51,,
TRIP-003517,2025-06-08 18:52:00,2025-06-09 06:06:00,52,83,,
TRIP-003518,2025-05-08 06:11:00,2025-05-08 09:51:00,11,15,,
TRIP-003519,2025-10-08 06:30:00,2025-10-08 12:04:00,30,53,,
TRIP-003520,2025-08-23 12:20:00,2025-08-23 22:12:00,20,34,,
TRIP-003521,2025-09-23 06:16:00,2025-09-23 12:40:00,16,30,,
TRIP-003522,2025-08-08 06:15:00,2025-08-08 14:51:00,15,10,,
TRIP-003523,2025-08-09 06:00:00,2025-08-09 11:21:00,0,54,,
TRIP-003524,2025-10-23 00:27:00,2025-10-23 09:04:00,27,23,,
TRIP-003525,2025-10-23 12:23:00,2025-10-23 20:28:00,23,14,,
TRIP-003526,2025-09-08 06:13:00,2025-09-08 18:28:00,13,3,,
TRIP-003527,2025-10-22 18:00:00,2025-10-22 22:28:00,0,28,,
TRIP-003528,2025-10-23 00:01:00,2025-10-23 11:39:00,1,0,,
TRIP-003529,2025-04-08 06:29:00,2025-04-08 09:36:00,29,25,,
TRIP-003530,2025-04-08 12:32:00,2025-04-09 00:58:00,32,33,,
TRIP-003531,2025-06-09 18:19:00,2025-06-10 02:22:00,19,38,,
TRIP-003532,2025-05-22 06:06:00,2025-05-22 13:52:00,6,8,,
TRIP-003533,2025-11-09 12:24:00,2025-11-09 19:24:00,24,47,,
TRIP-003534,2025-07-09 06:02:00,2025-07-09 15:42:00,2,0,,
TRIP-003535,2025-09-09 18:02:00,2025-09-10 02:14:00,2,0,,
TRIP-003536,2025-11-08 12:18:00,2025-11-08 14:53:00,18,14,,
TRIP-003537,2025-07-23 12:27:00,2025-07-23 18:29:00,27,19,,
TRIP-003538,2025-01-09 06:31:00,2025-01-09 15:49:00,31,50,,
TRIP-003539,2025-04-08 06:15:00,2025-04-08 18:06:00,15,27,,
TRIP-003540,2025-04-09 06:31:00,2025-04-09 14:58:00,31,44,,
TRIP-003541,2025-11-23 12:06:00,2025-11-23 21:50:00,6,12,,
TRIP-003542,2025-06-23 06:20:00,2025-06-23 13:34:00,20,0,,
TRIP-003543,2025-08-09 12:10:00,2025-08-09 20:06:00,10,22,,
TRIP-003544,2025-10-23 00:14:00,2025-10-23 03:39:00,14,37,,
TRIP-003545,2025-10-23 06:32:00,2025-10-23 12:59:00,32,56,,
TRIP-003546,2025-11-23 00:00:00,2025-11-23 05:38:00,0,27,,
TRIP-003547,2025-11-23 06:03:00,2025-11-23 13:34:00,3,0,,
TRIP-003548,2025-03-23 12:30:00,2025-03-23 16:51:00,30,51,,
TRIP-003549,2025-01-23 00:03:00,2025-01-23 06:20:00,3,10,,
TRIP-003550,2025-01-23 06:00:00,2025-01-23 14:23:00,0,12,,
TRIP-003551,2025-06-09 00:32:00,2025-06-09 04:37:00,32,37,,
TRIP-003552,2025-11-09 00:29:00,2025-11-09 09:39:00,29,40,,
TRIP-003553,2025-02-23 00:00:00,2025-02-23 09:53:00,0,11,,
TRIP-003554,2025-10-08 12:00:00,2025-10-08 23:39:00,0,0,,
TRIP-003555,2025-10-22 12:00:00,2025-10-22 16:27:00,0,0,,
TRIP-003556,2025-11-23 00:00:00,2025-11-23 06:31:00,0,21,,
TRIP-003557,2025-10-22 18:00:00,2025-10-23 00:12:00,0,2,,
TRIP-003558,2025-06-23 18:00:00,2025-06-23 22:07:00,0,7,,
TRIP-003559,2025-11-09 18:24:00,2025-11-10 07:04:00,24,39,,
TRIP-003560,2025-08-23 00:06:00,2025-08-23 06:58:00,6,21,,
TRIP-003561,2025-08-23 12:00:00,2025-08-24 00:08:00,0,6,,
TRIP-003562,2025-05-09 00:12:00,2025-05-09 12:56:00,12,31,,
TRIP-003563,2025-07-23 12:01:00,2025-07-23 23:39:00,1,0,,
TRIP-003564,2025-07-09 12:00:00,2025-07-09 21:04:00,0,4,,
TRIP-003565,2025-12-09 12:06:00,2025-12-09 21:00:00,6,0,,
TRIP-003566,2025-07-23 12:24:00,2025-07-23 20:53:00,24,64,,
TRIP-003567,2025-02-23 00:00:00,2025-02-23 11:58:00,0,19,,
TRIP-003568,2025-02-23 12:13:00,2025-02-23 16:31:00,13,4,,
TRIP-003569,2025-06-09 06:07:00,2025-06-09 09:04:00,7,2,,
TRIP-003570,2025-05-09 00:00:00,2025-05-09 05:11:00,0,0,,
TRIP-003571,2025-05-09 06:00:00,2025-05-09 13:34:00,0,0,,
TRIP-003572,2025-05-09 06:04:00,2025-05-09 12:24:00,4,14,,
TRIP-003573,2025-03-09 18:01:00,2025-03-09 22:00:00,1,0,,
TRIP-003574,2025-03-09 00:00:00,2025-03-09 07:51:00,0,7,,
TRIP-003575,2025-08-08 12:00:00,2025-08-08 18:17:00,0,7,,
TRIP-003576,2025-10-23 18:18:00,2025-10-24 03:39:00,18,1,,
TRIP-003577,2025-08-08 12:11:00,2025-08-08 16:35:00,11,35,,
TRIP-003578,2025-05-23 06:00:00,2025-05-23 18:27:00,0,2,,
TRIP-003579,2025-09-22 12:32:00,2025-09-22 16:42:00,32,42,,
TRIP-003580,2025-07-09 12:00:00,2025-07-09 17:15:00,0,4,,
TRIP-003581,2025-05-23 12:00:00,2025-05-24 00:15:00,0,13,,
TRIP-003582,2025-03-09 06:26:00,2025-03-09 09:16:00,26,14,,
TRIP-003583,2025-10-22 06:00:00,2025-10-22 14:41:00,0,0,,
TRIP-003584,2025-05-09 12:41:00,2025-05-09 21:37:00,41,83,,
TRIP-003585,2025-06-09 12:00:00,2025-06-09 19:32:00,0,0,,
TRIP-003586,2025-12-23 12:00:00,2025-12-23 20:59:00,0,0,,
TRIP-003587,2025-12-23 18:05:00,2025-12-23 22:03:00,5,3,,
TRIP-003588,2025-03-08 06:11:00,2025-03-08 09:02:00,11,0,,
TRIP-003589,2025-05-22 12:00:00,2025-05-22 21:01:00,0,20,,
TRIP-003590,2025-05-23 00:00:00,2025-05-23 08:40:00,0,26,,
TRIP-003591,2025-09-09 12:01:00,2025-09-09 15:37:00,1,1,,
TRIP-003592,2025-12-23 12:00:00,2025-12-23 18:10:00,0,0,,
TRIP-003593,2025-05-08 06:00:00,2025-05-08 15:25:00,0,25,,
TRIP-003594,2025-05-08 06:02:00,2025-05-08 14:00:00,2,26,,
TRIP-003595,2025-09-22 06:08:00,2025-09-22 18:33:00,8,8,,
TRIP-003596,2025-07-23 06:43:00,2025-07-23 14:22:00,43,11,,
TRIP-003597,2025-08-23 12:00:00,2025-08-23 18:14:00,0,4,,
TRIP-003598,2025-05-08 18:00:00,2025-05-09 00:10:00,0,0,,
TRIP-003599,2025-11-22 06:13:00,2025-11-22 14:27:00,13,13,,
TRIP-003600,2025-08-22 06:00:00,2025-08-22 17:08:00,0,25,,
TRIP-003601,2025-06-09 18:06:00,2025-06-09 22:18:00,6,18,,
TRIP-003602,2025-08-08 06:19:00,2025-08-08 14:07:00,19,35,,
TRIP-003603,2025-08-08 18:00:00,2025-08-09 05:14:00,0,0,,
TRIP-003604,2025-01-08 12:00:00,2025-01-08 20:41:00,0,0,,
TRIP-003605,2025-01-09 00:00:00,2025-01-09 08:15:00,0,1,,
TRIP-003606,2025-01-09 12:19:00,2025-01-09 16:29:00,19,2,,
TRIP-003607,2025-03-09 18:00:00,2025-03-09 22:27:00,0,0,,
TRIP-003608,2025-05-22 18:14:00,2025-05-22 22:00:00,14,0,,
TRIP-003609,2025-01-23 00:29:00,2025-01-23 09:09:00,29,28,,
TRIP-003610,2025-01-23 12:42:00,2025-01-23 21:36:00,42,82,,
TRIP-003611,2025-07-23 18:00:00,2025-07-23 20:46:00,0,0,,
TRIP-003612,2025-07-23 06:11:00,2025-07-23 09:18:00,11,16,,
TRIP-003613,2025-06-23 12:21:00,2025-06-23 20:17:00,21,43,,
TRIP-003614,2025-04-22 06:02:00,2025-04-22 11:11:00,2,0,,
TRIP-003615,2025-06-09 06:20:00,2025-06-09 09:46:00,20,10,,
TRIP-003616,2025-07-23 06:00:00,2025-07-23 16:32:00,0,50,,
TRIP-003617,2025-11-09 06:28:00,2025-11-09 13:39:00,28,7,,
TRIP-003618,2025-08-22 18:00:00,2025-08-22 22:51:00,0,51,,
TRIP-003619,2025-01-09 00:22:00,2025-01-09 04:25:00,22,25,,
TRIP-003620,2025-01-09 06:13:00,2025-01-09 20:58:00,13,199,Kerusakan Mesin,High
TRIP-003621,2025-05-09 06:00:00,2025-05-09 14:19:00,0,35,,
TRIP-003622,2025-05-09 18:28:00,2025-05-09 21:20:00,28,34,,
TRIP-003623,2025-06-09 06:09:00,2025-06-09 12:18:00,9,8,,
TRIP-003624,2025-01-09 12:13:00,2025-01-09 18:15:00,13,64,,
TRIP-003625,2025-09-09 00:16:00,2025-09-09 07:14:00,16,37,,
TRIP-003626,2025-03-08 06:13:00,2025-03-08 14:00:00,13,28,,
TRIP-003627,2025-04-23 06:23:00,2025-04-23 08:48:00,23,9,,
TRIP-003628,2025-08-22 12:33:00,2025-08-22 20:44:00,33,60,,
TRIP-003629,2025-08-23 00:00:00,2025-08-23 02:46:00,0,0,,
TRIP-003630,2025-08-23 06:18:00,2025-08-23 09:33:00,18,31,,
TRIP-003631,2025-01-23 06:01:00,2025-01-23 14:59:00,1,0,,
TRIP-003632,2025-11-23 06:05:00,2025-11-23 13:41:00,5,9,,
TRIP-003633,2025-07-23 00:12:00,2025-07-23 08:06:00,12,22,,
TRIP-003634,2025-07-23 12:38:00,2025-07-23 15:43:00,38,57,,
TRIP-003635,2025-10-23 06:25:00,2025-10-23 14:14:00,25,40,,
TRIP-003636,2025-09-23 06:15:00,2025-09-23 13:10:00,15,33,,
TRIP-003637,2025-02-08 12:29:00,2025-02-09 00:29:00,29,4,,
TRIP-003638,2025-03-23 12:15:00,2025-03-23 16:58:00,15,31,,
TRIP-003639,2025-07-23 18:42:00,2025-07-23 23:18:00,42,78,,
TRIP-003640,2025-06-09 12:00:00,2025-06-09 14:46:00,0,0,,
TRIP-003641,2025-05-09 06:00:00,2025-05-09 14:11:00,0,0,,
TRIP-003642,2025-05-22 06:00:00,2025-05-22 09:18:00,0,7,,
TRIP-003643,2025-05-09 00:34:00,2025-05-09 05:24:00,34,84,,
TRIP-003644,2025-05-09 06:00:00,2025-05-09 17:39:00,0,0,,
TRIP-003645,2025-02-23 00:03:00,2025-02-23 07:49:00,3,0,,
TRIP-003646,2025-04-23 12:30:00,2025-04-23 22:16:00,30,34,,
TRIP-003647,2025-03-09 12:00:00,2025-03-10 00:26:00,0,1,,
TRIP-003648,2025-11-08 06:12:00,2025-11-08 19:16:00,12,53,,
TRIP-003649,2025-02-23 06:23:00,2025-02-23 17:53:00,23,14,,
TRIP-003650,2025-02-09 12:00:00,2025-02-09 16:00:00,0,0,,
TRIP-003651,2025-05-09 12:24:00,2025-05-09 18:17:00,24,7,,
TRIP-003652,2025-08-09 00:17:00,2025-08-09 06:18:00,17,15,,
TRIP-003653,2025-08-09 06:00:00,2025-08-09 18:26:00,0,3,,
TRIP-003654,2025-09-23 18:39:00,2025-09-24 04:33:00,39,55,,
TRIP-003655,2025-11-08 18:27:00,2025-11-08 22:38:00,27,38,,
TRIP-003656,2025-11-23 12:20:00,2025-11-24 00:04:00,20,25,,
TRIP-003657,2025-06-23 12:00:00,2025-06-23 15:37:00,0,1,,
TRIP-003658,2025-11-08 06:00:00,2025-11-08 12:27:00,0,17,,
TRIP-003659,2025-02-09 00:20:00,2025-02-09 06:09:00,20,58,,
TRIP-003660,2025-03-22 06:00:00,2025-03-22 14:59:00,0,0,,
TRIP-003661,2025-06-23 18:10:00,2025-06-23 21:42:00,10,6,,
TRIP-003662,2025-03-09 18:13:00,2025-03-10 02:43:00,13,29,,
TRIP-003663,2025-11-23 00:32:00,2025-11-23 08:31:00,32,47,,
TRIP-003664,2025-06-09 06:06:00,2025-06-09 12:37:00,6,0,,
TRIP-003665,2025-12-23 06:00:00,2025-12-23 14:19:00,0,5,,
TRIP-003666,2025-12-23 18:00:00,2025-12-23 22:29:00,0,2,,
TRIP-003667,2025-01-23 06:12:00,2025-01-23 11:52:00,12,41,,
TRIP-003668,2025-01-23 12:09:00,2025-01-23 19:43:00,9,9,,
TRIP-003669,2025-03-23 06:13:00,2025-03-23 08:48:00,13,2,,
TRIP-003670,2025-03-09 00:00:00,2025-03-09 13:34:00,0,71,,
TRIP-003671,2025-06-23 12:00:00,2025-06-23 18:12:00,0,7,,
TRIP-003672,2025-11-22 12:39:00,2025-11-22 16:55:00,39,55,,
TRIP-003673,2025-03-23 12:40:00,2025-03-23 20:25:00,40,41,,
TRIP-003674,2025-06-23 12:00:00,2025-06-23 20:13:00,0,41,,
TRIP-003675,2025-09-09 12:00:00,2025-09-09 23:14:00,0,0,,
TRIP-003676,2025-11-09 12:13:00,2025-11-09 18:16:00,13,65,,
TRIP-003677,2025-05-23 12:16:00,2025-05-23 17:59:00,16,48,,
TRIP-003678,2025-08-08 06:07:00,2025-08-08 19:06:00,7,43,,
TRIP-003679,2025-12-23 18:19:00,2025-12-24 01:13:00,19,63,,
TRIP-003680,2025-09-23 12:05:00,2025-09-23 23:15:00,5,1,,
TRIP-003681,2025-11-23 12:26:00,2025-11-23 18:26:00,26,21,,
TRIP-003682,2025-09-08 06:18:00,2025-09-08 18:54:00,18,75,,
TRIP-003683,2025-05-23 12:00:00,2025-05-23 19:00:00,0,23,,
TRIP-003684,2025-08-23 06:16:00,2025-08-23 18:27:00,16,25,,
TRIP-003685,2025-02-08 12:00:00,2025-02-08 21:20:00,0,39,,
TRIP-003686,2025-02-09 00:21:00,2025-02-09 09:13:00,21,59,,
TRIP-003687,2025-05-09 06:05:00,2025-05-09 14:41:00,5,0,,
TRIP-003688,2025-09-08 18:00:00,2025-09-09 03:45:00,0,3,,
TRIP-003689,2025-09-09 06:05:00,2025-09-09 12:05:00,5,0,,
TRIP-003690,2025-02-23 12:29:00,2025-02-23 19:32:00,29,0,,
TRIP-003691,2025-05-23 12:15:00,2025-05-23 15:11:00,15,0,,
TRIP-003692,2025-08-09 12:08:00,2025-08-09 21:07:00,8,26,,
TRIP-003693,2025-01-09 18:19:00,2025-01-10 03:38:00,19,0,,
TRIP-003694,2025-01-22 06:12:00,2025-01-22 12:22:00,12,12,,
TRIP-003695,2025-10-08 06:00:00,2025-10-08 14:30:00,0,19,,
TRIP-003696,2025-03-23 12:13:00,2025-03-23 15:21:00,13,10,,
TRIP-003697,2025-04-08 06:00:00,2025-04-08 14:23:00,0,9,,
TRIP-003698,2025-09-22 06:00:00,2025-09-22 10:08:00,0,8,,
TRIP-003699,2025-06-22 12:21:00,2025-06-22 16:10:00,21,10,,
TRIP-003700,2025-10-22 12:19:00,2025-10-22 20:43:00,19,2,,
TRIP-003701,2025-10-23 00:21:00,2025-10-23 08:14:00,21,0,,
TRIP-003702,2025-03-09 12:00:00,2025-03-09 23:41:00,0,27,,
TRIP-003703,2025-08-09 12:01:00,2025-08-09 23:56:00,1,17,,
TRIP-003704,2025-03-09 12:06:00,2025-03-09 15:11:00,6,9,,
TRIP-003705,2025-02-09 00:06:00,2025-02-09 12:12:00,6,33,,
TRIP-003706,2025-06-23 12:32:00,2025-06-23 18:24:00,32,14,,
TRIP-003707,2025-05-23 06:04:00,2025-05-23 10:28:00,4,28,,
TRIP-003708,2025-07-09 12:23:00,2025-07-09 16:05:00,23,29,,
TRIP-003709,2025-04-09 00:16:00,2025-04-09 06:33:00,16,30,,
TRIP-003710,2025-01-23 00:00:00,2025-01-23 03:41:00,0,39,,
TRIP-003711,2025-01-08 18:00:00,2025-01-09 02:41:00,0,0,,
TRIP-003712,2025-01-09 06:26:00,2025-01-09 14:20:00,26,6,,
TRIP-003713,2025-05-22 12:11:00,2025-05-22 23:39:00,11,56,,
TRIP-003714,2025-11-23 00:33:00,2025-11-23 02:50:00,33,4,,
TRIP-003715,2025-08-08 06:00:00,2025-08-08 14:32:00,0,18,,
TRIP-003716,2025-05-08 12:00:00,2025-05-08 20:41:00,0,0,,
TRIP-003717,2025-05-09 00:00:00,2025-05-09 08:18:00,0,4,,
TRIP-003718,2025-05-09 12:00:00,2025-05-09 18:53:00,0,146,Kerusakan Mesin,Medium
TRIP-003719,2025-09-22 06:26:00,2025-09-22 15:26:00,26,45,,
TRIP-003720,2025-05-09 00:08:00,2025-05-09 09:58:00,8,20,,
TRIP-003721,2025-04-23 12:04:00,2025-04-24 01:05:00,4,40,,
TRIP-003722,2025-04-08 06:34:00,2025-04-08 12:44:00,34,34,,
TRIP-003723,2025-06-09 12:31:00,2025-06-09 21:54:00,31,12,,
TRIP-003724,2025-06-08 06:26:00,2025-06-08 15:20:00,26,21,,
TRIP-003725,2025-01-23 06:00:00,2025-01-23 17:39:00,0,0,,
TRIP-003726,2025-06-23 12:27:00,2025-06-23 21:46:00,27,46,,
TRIP-003727,2025-10-09 12:20:00,2025-10-09 23:07:00,20,24,,
TRIP-003728,2025-08-23 00:00:00,2025-08-23 09:41:00,0,3,,
TRIP-003729,2025-08-08 12:00:00,2025-08-08 17:11:00,0,0,,
TRIP-003730,2025-01-22 12:24:00,2025-01-22 18:10:00,24,0,,
TRIP-003731,2025-02-09 12:29:00,2025-02-10 00:26:00,29,1,,
TRIP-003732,2025-05-23 12:11:00,2025-05-23 16:35:00,11,8,,
TRIP-003733,2025-04-09 12:10:00,2025-04-09 21:38:00,10,0,,
TRIP-003734,2025-08-22 06:00:00,2025-08-22 15:30:00,0,31,,
TRIP-003735,2025-09-23 00:22:00,2025-09-23 08:40:00,22,29,,
TRIP-003736,2025-10-23 12:00:00,2025-10-23 19:57:00,0,8,,
TRIP-003737,2025-08-23 18:17:00,2025-08-24 04:25:00,17,47,,
TRIP-003738,2025-10-23 06:08:00,2025-10-23 09:36:00,8,0,,
TRIP-003739,2025-10-23 12:20:00,2025-10-23 21:51:00,20,9,,
TRIP-003740,2025-04-22 06:00:00,2025-04-22 13:40:00,0,6,,
TRIP-003741,2025-07-08 06:00:00,2025-07-08 16:43:00,0,0,,
TRIP-003742,2025-07-09 06:31:00,2025-07-09 09:22:00,31,20,,
TRIP-003743,2025-04-23 06:06:00,2025-04-23 16:43:00,6,0,,
TRIP-003744,2025-02-09 06:11:00,2025-02-09 18:26:00,11,3,,
TRIP-003745,2025-10-09 06:19:00,2025-10-09 14:19:00,19,45,,
TRIP-003746,2025-01-09 00:39:00,2025-01-09 08:24:00,39,35,,
TRIP-003747,2025-01-09 12:20:00,2025-01-09 21:15:00,20,34,,
TRIP-003748,2025-01-23 06:35:00,2025-01-23 15:26:00,35,45,,
TRIP-003749,2025-11-09 12:00:00,2025-11-09 21:44:00,0,2,,
TRIP-003750,2025-06-09 06:09:00,2025-06-09 17:39:00,9,0,,
TRIP-003751,2025-01-23 06:18:00,2025-01-23 17:12:00,18,29,,
TRIP-003752,2025-07-23 18:00:00,2025-07-24 05:06:00,0,23,,
TRIP-003753,2025-05-08 06:04:00,2025-05-08 15:22:00,4,23,,
TRIP-003754,2025-01-22 12:05:00,2025-01-22 23:08:00,5,25,,
TRIP-003755,2025-11-22 18:03:00,2025-11-23 02:59:00,3,0,,
TRIP-003756,2025-08-23 00:36:00,2025-08-23 12:22:00,36,43,,
TRIP-003757,2025-03-22 06:00:00,2025-03-22 18:02:00,0,0,,
TRIP-003758,2025-05-23 06:10:00,2025-05-23 14:07:00,10,33,,
TRIP-003759,2025-04-23 18:25:00,2025-04-23 23:56:00,25,45,,
TRIP-003760,2025-01-23 00:11:00,2025-01-23 11:44:00,11,5,,
TRIP-003761,2025-05-09 12:19:00,2025-05-09 18:33:00,19,28,,
TRIP-003762,2025-02-08 18:24:00,2025-02-09 07:05:00,24,42,,
TRIP-003763,2025-02-09 06:04:00,2025-02-09 13:36:00,4,240,Kerusakan Mesin,High
TRIP-003764,2025-09-23 12:01:00,2025-09-24 00:14:00,1,12,,
TRIP-003765,2025-01-22 12:00:00,2025-01-22 19:32:00,0,0,,
TRIP-003766,2025-10-09 06:29:00,2025-10-09 10:21:00,29,45,,
TRIP-003767,2025-06-09 12:13:00,2025-06-09 20:59:00,13,0,,
TRIP-003768,2025-12-23 12:10:00,2025-12-23 16:29:00,10,53,,
TRIP-003769,2025-02-23 06:00:00,2025-02-23 12:03:00,0,0,,
TRIP-003770,2025-08-23 06:26:00,2025-08-23 16:07:00,26,67,,
TRIP-003771,2025-02-23 06:00:00,2025-02-23 10:04:00,0,4,,
TRIP-003772,2025-03-09 00:06:00,2025-03-09 08:17:00,6,3,,
TRIP-003773,2025-03-09 12:45:00,2025-03-09 16:56:00,45,29,,
TRIP-003774,2025-05-09 00:00:00,2025-05-09 03:05:00,0,19,,
TRIP-003775,2025-04-08 06:06:00,2025-04-08 15:31:00,6,32,,
TRIP-003776,2025-05-09 12:27:00,2025-05-09 20:05:00,27,21,,
TRIP-003777,2025-10-09 12:20:00,2025-10-09 18:32:00,20,22,,
TRIP-003778,2025-12-09 12:51:00,2025-12-09 19:12:00,51,67,,
TRIP-003779,2025-01-09 06:00:00,2025-01-09 13:52:00,0,8,,
TRIP-003780,2025-02-09 06:13:00,2025-02-09 17:49:00,13,35,,
TRIP-003781,2025-02-09 18:23:00,2025-02-10 03:57:00,23,19,,
TRIP-003782,2025-10-08 06:49:00,2025-10-08 18:53:00,49,74,,
TRIP-003783,2025-01-09 12:08:00,2025-01-09 15:11:00,8,0,,
TRIP-003784,2025-11-23 18:22:00,2025-11-24 03:38:00,22,0,,
TRIP-003785,2025-04-09 12:00:00,2025-04-09 23:53:00,0,14,,
TRIP-003786,2025-04-09 12:29:00,2025-04-09 17:55:00,29,44,,
TRIP-003787,2025-09-22 12:37:00,2025-09-22 22:18:00,37,40,,
TRIP-003788,2025-09-23 00:25:00,2025-09-23 07:53:00,25,9,,
TRIP-003789,2025-09-23 12:43:00,2025-09-23 15:20:00,43,34,,
TRIP-003790,2025-08-23 18:45:00,2025-08-24 02:16:00,45,32,,
TRIP-003791,2025-11-09 12:23:00,2025-11-09 23:45:00,23,31,,
TRIP-003792,2025-08-23 12:23:00,2025-08-23 20:54:00,23,13,,
TRIP-003793,2025-05-08 12:18:00,2025-05-08 21:43:00,18,44,,
TRIP-003794,2025-11-09 12:30:00,2025-11-09 20:27:00,30,55,,
TRIP-003795,2025-07-09 18:36:00,2025-07-10 07:18:00,36,53,,
TRIP-003796,2025-03-08 18:37:00,2025-03-09 08:47:00,37,142,Kerusakan Mesin,Medium
TRIP-003797,2025-11-22 18:00:00,2025-11-23 01:52:00,0,8,,
TRIP-003798,2025-01-23 00:02:00,2025-01-23 11:41:00,2,247,Kerusakan Mesin,High
TRIP-003799,2025-01-22 12:15:00,2025-01-22 21:02:00,15,21,,
TRIP-003800,2025-01-23 00:10:00,2025-01-23 08:30:00,10,16,,
TRIP-003801,2025-01-08 06:10:00,2025-01-08 15:14:00,10,14,,
TRIP-003802,2025-08-23 12:31:00,2025-08-23 17:40:00,31,29,,
TRIP-003803,2025-03-23 12:09:00,2025-03-23 23:10:00,9,27,,
TRIP-003804,2025-04-23 12:00:00,2025-04-23 18:06:00,0,1,,
TRIP-003805,2025-03-09 06:29:00,2025-03-09 18:02:00,29,23,,
TRIP-003806,2025-10-08 18:17:00,2025-10-09 01:52:00,17,8,,
TRIP-003807,2025-10-09 06:06:00,2025-10-09 09:15:00,6,29,,
TRIP-003808,2025-10-09 12:24:00,2025-10-09 15:53:00,24,51,,
TRIP-003809,2025-04-22 06:00:00,2025-04-22 12:10:00,0,0,,
TRIP-003810,2025-10-08 12:11:00,2025-10-08 23:14:00,11,0,,
TRIP-003811,2025-10-09 12:22:00,2025-10-09 16:34:00,22,34,,
TRIP-003812,2025-05-09 12:00:00,2025-05-09 19:34:00,0,0,,
TRIP-003813,2025-05-23 12:00:00,2025-05-23 20:36:00,0,25,,
TRIP-003814,2025-03-09 06:06:00,2025-03-09 14:11:00,6,0,,
TRIP-003815,2025-06-09 12:00:00,2025-06-09 16:27:00,0,0,,
TRIP-003816,2025-08-23 12:15:00,2025-08-24 00:26:00,15,1,,
TRIP-003817,2025-04-09 06:00:00,2025-04-09 12:32:00,0,29,,
TRIP-003818,2025-02-09 12:36:00,2025-02-09 19:25:00,36,75,,
TRIP-003819,2025-05-09 00:06:00,2025-05-09 08:29:00,6,18,,
TRIP-003820,2025-05-09 06:00:00,2025-05-09 09:02:00,0,0,,
TRIP-003821,2025-02-23 06:12:00,2025-02-23 12:08:00,12,3,,
TRIP-003822,2025-05-23 00:19:00,2025-05-23 03:02:00,19,0,,
TRIP-003823,2025-08-22 12:24:00,2025-08-22 17:16:00,24,5,,
TRIP-003824,2025-12-09 12:00:00,2025-12-09 15:36:00,0,0,,
TRIP-003825,2025-11-09 18:00:00,2025-11-10 02:07:00,0,23,,
TRIP-003826,2025-02-08 06:08:00,2025-02-08 14:59:00,8,0,,
TRIP-003827,2025-03-09 06:00:00,2025-03-09 18:23:00,0,0,,
TRIP-003828,2025-07-09 06:26:00,2025-07-09 18:03:00,26,24,,
TRIP-003829,2025-09-09 00:00:00,2025-09-09 12:49:00,0,24,,
TRIP-003830,2025-10-09 00:14:00,2025-10-09 04:20:00,14,44,,
TRIP-003831,2025-02-23 18:24:00,2025-02-23 23:38:00,24,27,,
TRIP-003832,2025-03-23 00:18:00,2025-03-23 04:10:00,18,34,,
TRIP-003833,2025-11-23 00:00:00,2025-11-23 07:41:00,0,7,,
TRIP-003834,2025-02-22 12:13:00,2025-02-22 19:58:00,13,14,,
TRIP-003835,2025-02-23 00:01:00,2025-02-23 07:26:00,1,280,Cuaca,High
TRIP-003836,2025-02-23 06:00:00,2025-02-23 09:16:00,0,14,,
TRIP-003837,2025-05-23 00:06:00,2025-05-23 13:19:00,6,54,,
TRIP-003838,2025-01-08 06:34:00,2025-01-08 13:02:00,34,25,,
TRIP-003839,2025-07-09 06:24:00,2025-07-09 20:59:00,24,154,Kerusakan Mesin,Medium
TRIP-003840,2025-11-23 06:04:00,2025-11-23 15:24:00,4,25,,
TRIP-003841,2025-09-22 18:00:00,2025-09-23 06:28:00,0,3,,
TRIP-003842,2025-09-09 18:00:00,2025-09-10 00:19:00,0,9,,
TRIP-003843,2025-08-09 18:20:00,2025-08-09 22:03:00,20,3,,
TRIP-003844,2025-02-09 12:30:00,2025-02-09 16:11:00,30,35,,
TRIP-003845,2025-02-09 00:02:00,2025-02-09 06:37:00,2,0,,
TRIP-003846,2025-05-08 12:17:00,2025-05-08 22:56:00,17,13,,
TRIP-003847,2025-09-09 00:19:00,2025-09-09 11:17:00,19,34,,
TRIP-003848,2025-11-23 06:25:00,2025-11-23 09:27:00,25,41,,
TRIP-003849,2025-04-09 12:27:00,2025-04-09 16:52:00,27,52,,
TRIP-003850,2025-08-22 06:39:00,2025-08-22 10:29:00,39,29,,
TRIP-003851,2025-06-23 00:00:00,2025-06-23 08:09:00,0,25,,
TRIP-003852,2025-06-23 12:00:00,2025-06-23 15:14:00,0,28,,
TRIP-003853,2025-09-09 00:09:00,2025-09-09 12:16:00,9,14,,
TRIP-003854,2025-08-09 06:00:00,2025-08-09 08:58:00,0,12,,
TRIP-003855,2025-08-09 12:00:00,2025-08-09 15:02:00,0,0,,
TRIP-003856,2025-04-23 18:00:00,2025-04-24 01:44:00,0,0,,
TRIP-003857,2025-06-09 12:00:00,2025-06-09 17:51:00,0,40,,
TRIP-003858,2025-08-22 12:00:00,2025-08-23 00:14:00,0,35,,
TRIP-003859,2025-04-09 12:05:00,2025-04-09 23:05:00,5,22,,
TRIP-003860,2025-05-08 06:15:00,2025-05-08 12:50:00,15,45,,
TRIP-003861,2025-05-23 00:59:00,2025-05-23 08:16:00,59,44,,
TRIP-003862,2025-05-09 12:35:00,2025-05-09 20:40:00,35,51,,
TRIP-003863,2025-01-08 18:31:00,2025-01-08 22:24:00,31,48,,
TRIP-003864,2025-01-09 00:00:00,2025-01-09 10:12:00,0,30,,
TRIP-003865,2025-01-09 00:31:00,2025-01-09 03:35:00,31,49,,
TRIP-003866,2025-01-09 06:14:00,2025-01-09 09:25:00,14,23,,
TRIP-003867,2025-11-09 12:00:00,2025-11-10 00:25:00,0,0,,
TRIP-003868,2025-03-22 12:29:00,2025-03-22 21:18:00,29,19,,
TRIP-003869,2025-05-09 12:23:00,2025-05-09 15:07:00,23,5,,
TRIP-003870,2025-04-23 00:00:00,2025-04-23 10:03:00,0,25,,
TRIP-003871,2025-04-08 12:12:00,2025-04-08 18:49:00,12,39,,
TRIP-003872,2025-04-08 06:23:00,2025-04-08 10:24:00,23,24,,
TRIP-003873,2025-11-09 12:14:00,2025-11-09 23:50:00,14,67,,
TRIP-003874,2025-02-23 18:05:00,2025-02-24 03:38:00,5,0,,
TRIP-003875,2025-01-23 12:25:00,2025-01-23 18:06:00,25,1,,
TRIP-003876,2025-07-23 12:00:00,2025-07-23 19:44:00,0,0,,
TRIP-003877,2025-11-22 06:01:00,2025-11-22 21:56:00,1,257,Kemacetan,High
TRIP-003878,2025-11-09 12:07:00,2025-11-09 20:06:00,7,32,,
TRIP-003879,2025-08-23 12:00:00,2025-08-23 18:18:00,0,13,,
TRIP-003880,2025-01-09 18:29:00,2025-01-10 03:08:00,29,54,,
TRIP-003881,2025-03-22 18:34:00,2025-03-22 23:20:00,34,9,,
TRIP-003882,2025-12-23 12:29:00,2025-12-23 15:07:00,29,28,,
TRIP-003883,2025-10-09 12:10:00,2025-10-09 16:03:00,10,27,,
TRIP-003884,2025-09-23 06:05:00,2025-09-23 10:08:00,5,32,,
TRIP-003885,2025-06-23 18:13:00,2025-06-24 00:25:00,13,15,,
TRIP-003886,2025-03-23 18:00:00,2025-03-24 04:00:00,0,22,,
TRIP-003887,2025-01-23 00:07:00,2025-01-23 10:54:00,7,11,,
TRIP-003888,2025-01-23 12:00:00,2025-01-23 18:40:00,0,30,,
TRIP-003889,2025-12-24 00:38:00,2025-12-24 11:21:00,38,38,,
TRIP-003890,2025-11-23 06:15:00,2025-11-23 14:09:00,15,25,,
TRIP-003891,2025-11-23 18:00:00,2025-11-23 20:46:00,0,0,,
TRIP-003892,2025-04-08 18:21:00,2025-04-09 03:21:00,21,22,,
TRIP-003893,2025-08-09 06:07:00,2025-08-09 12:10:00,7,0,,
TRIP-003894,2025-08-09 13:04:00,2025-08-09 20:26:00,64,54,,
TRIP-003895,2025-01-09 12:18:00,2025-01-09 20:21:00,18,37,,
TRIP-003896,2025-01-09 00:00:00,2025-01-09 12:25:00,0,0,,
TRIP-003897,2025-11-09 06:21:00,2025-11-09 18:27:00,21,4,,
TRIP-003898,2025-04-09 12:29:00,2025-04-10 01:20:00,29,57,,
TRIP-003899,2025-04-22 06:22:00,2025-04-22 16:01:00,22,19,,
TRIP-003900,2025-04-23 12:13:00,2025-04-23 19:40:00,13,269,Kerusakan Mesin,High
TRIP-003901,2025-05-23 00:41:00,2025-05-23 11:55:00,41,16,,
TRIP-003902,2025-09-22 06:28:00,2025-09-22 15:23:00,28,24,,
TRIP-003903,2025-10-09 06:07:00,2025-10-09 13:57:00,7,166,Kemacetan,Medium
TRIP-003904,2025-01-09 18:37:00,2025-01-09 22:26:00,37,26,,
TRIP-003905,2025-02-09 00:30:00,2025-02-09 02:39:00,30,0,,
TRIP-003906,2025-02-09 06:36:00,2025-02-09 15:30:00,36,30,,
TRIP-003907,2025-11-09 06:23:00,2025-11-09 09:28:00,23,42,,
TRIP-003908,2025-03-08 12:00:00,2025-03-08 15:11:00,0,0,,
TRIP-003909,2025-08-22 18:06:00,2025-08-23 04:43:00,6,0,,
TRIP-003910,2025-09-09 18:20:00,2025-09-10 00:04:00,20,53,,
TRIP-003911,2025-03-09 06:14:00,2025-03-09 13:44:00,14,0,,
TRIP-003912,2025-10-09 18:12:00,2025-10-10 05:26:00,12,43,,
TRIP-003913,2025-10-22 06:06:00,2025-10-22 18:47:00,6,22,,
TRIP-003914,2025-06-23 06:01:00,2025-06-23 15:33:00,1,33,,
TRIP-003915,2025-01-23 12:18:00,2025-01-23 17:05:00,18,38,,
TRIP-003916,2025-01-23 12:00:00,2025-01-24 00:25:00,0,2,,
TRIP-003917,2025-04-09 06:00:00,2025-04-09 12:51:00,0,14,,
TRIP-003918,2025-01-23 00:00:00,2025-01-23 11:14:00,0,0,,
TRIP-003919,2025-09-23 18:32:00,2025-09-24 00:38:00,32,28,,
TRIP-003920,2025-08-09 12:08:00,2025-08-09 14:39:00,8,0,,
TRIP-003921,2025-10-09 00:00:00,2025-10-09 11:12:00,0,29,,
TRIP-003922,2025-10-09 12:26:00,2025-10-09 18:16:00,26,6,,
TRIP-003923,2025-05-23 06:06:00,2025-05-23 15:59:00,6,17,,
TRIP-003924,2025-10-23 12:09:00,2025-10-23 22:00:00,9,22,,
TRIP-003925,2025-03-23 06:00:00,2025-03-23 13:33:00,0,1,,
TRIP-003926,2025-01-23 18:06:00,2025-01-24 02:16:00,6,2,,
TRIP-003927,2025-07-09 12:01:00,2025-07-09 16:27:00,1,0,,
TRIP-003928,2025-06-10 00:01:00,2025-06-10 02:46:00,1,0,,
TRIP-003929,2025-01-08 06:09:00,2025-01-08 12:51:00,9,41,,
TRIP-003930,2025-05-22 18:25:00,2025-05-23 00:27:00,25,17,,
TRIP-003931,2025-02-09 06:19:00,2025-02-09 14:08:00,19,19,,
TRIP-003932,2025-01-23 12:29:00,2025-01-23 16:17:00,29,41,,
TRIP-003933,2025-09-23 12:08:00,2025-09-23 15:25:00,8,23,,
TRIP-003934,2025-07-23 18:35:00,2025-07-24 02:59:00,35,45,,
TRIP-003935,2025-08-22 06:30:00,2025-08-22 18:25:00,30,0,,
TRIP-003936,2025-04-09 00:14:00,2025-04-09 11:51:00,14,12,,
TRIP-003937,2025-03-23 06:00:00,2025-03-23 12:31:00,0,21,,
TRIP-003938,2025-08-23 00:00:00,2025-08-23 03:02:00,0,0,,
TRIP-003939,2025-05-23 06:08:00,2025-05-23 09:02:00,8,0,,
TRIP-003940,2025-11-22 06:01:00,2025-11-22 10:42:00,1,15,,
TRIP-003941,2025-03-23 12:09:00,2025-03-23 18:51:00,9,46,,
TRIP-003942,2025-04-23 18:00:00,2025-04-24 03:46:00,0,8,,
TRIP-003943,2025-07-23 12:29:00,2025-07-24 01:24:00,29,61,,
TRIP-003944,2025-10-23 12:00:00,2025-10-23 18:54:00,0,17,,
TRIP-003945,2025-04-23 18:00:00,2025-04-23 22:13:00,0,13,,
TRIP-003946,2025-07-09 12:10:00,2025-07-09 15:10:00,10,24,,
TRIP-003947,2025-02-09 06:22:00,2025-02-09 14:28:00,22,54,,
TRIP-003948,2025-09-23 06:09:00,2025-09-23 17:50:00,9,11,,
TRIP-003949,2025-10-22 18:06:00,2025-10-23 02:41:00,6,0,,
TRIP-003950,2025-12-23 12:43:00,2025-12-24 01:43:00,43,78,,
TRIP-003951,2025-01-09 12:00:00,2025-01-09 23:25:00,0,11,,
TRIP-003952,2025-01-09 12:15:00,2025-01-09 20:29:00,15,15,,
TRIP-003953,2025-12-09 06:00:00,2025-12-09 15:14:00,0,14,,
TRIP-003954,2025-07-23 18:13:00,2025-07-24 06:35:00,13,10,,
TRIP-003955,2025-02-23 12:00:00,2025-02-23 20:41:00,0,0,,
TRIP-003956,2025-10-22 12:00:00,2025-10-22 18:42:00,0,162,Kerusakan Mesin,Medium
TRIP-003957,2025-02-23 06:00:00,2025-02-23 09:19:00,0,8,,
TRIP-003958,2025-09-23 18:03:00,2025-09-23 23:24:00,3,13,,
TRIP-003959,2025-12-09 12:16:00,2025-12-10 01:06:00,16,41,,
TRIP-003960,2025-11-09 12:27:00,2025-11-10 00:07:00,27,5,,
TRIP-003961,2025-09-09 00:00:00,2025-09-09 06:37:00,0,27,,
TRIP-003962,2025-09-09 06:00:00,2025-09-09 14:36:00,0,25,,
TRIP-003963,2025-05-09 06:28:00,2025-05-09 17:39:00,28,56,,
TRIP-003964,2025-05-09 18:15:00,2025-05-10 00:31:00,15,21,,
TRIP-003965,2025-01-09 12:29:00,2025-01-09 18:48:00,29,38,,
TRIP-003966,2025-10-23 12:33:00,2025-10-23 17:05:00,33,65,,
TRIP-003967,2025-06-09 06:00:00,2025-06-09 18:54:00,0,31,,
TRIP-003968,2025-12-23 12:00:00,2025-12-23 23:14:00,0,0,,
TRIP-003969,2025-12-24 00:00:00,2025-12-24 09:38:00,0,0,,
TRIP-003970,2025-06-23 18:00:00,2025-06-23 23:11:00,0,0,,
TRIP-003971,2025-08-09 12:24:00,2025-08-10 01:05:00,24,42,,
TRIP-003972,2025-04-09 06:14:00,2025-04-09 18:38:00,14,15,,
TRIP-003973,2025-06-09 12:30:00,2025-06-09 14:50:00,30,11,,
TRIP-003974,2025-09-23 12:00:00,2025-09-23 15:36:00,0,0,,
TRIP-003975,2025-11-22 06:00:00,2025-11-22 12:14:00,0,4,,
TRIP-003976,2025-11-08 12:14:00,2025-11-08 20:06:00,14,22,,
TRIP-003977,2025-11-09 00:00:00,2025-11-09 02:46:00,0,0,,
TRIP-003978,2025-11-09 06:00:00,2025-11-09 09:30:00,0,28,,
TRIP-003979,2025-09-23 12:32:00,2025-09-23 22:43:00,32,0,,
TRIP-003980,2025-09-08 06:00:00,2025-09-08 15:47:00,0,9,,
TRIP-003981,2025-07-23 18:15:00,2025-07-24 03:33:00,15,34,,
TRIP-003982,2025-08-23 12:00:00,2025-08-23 19:44:00,0,0,,
TRIP-003983,2025-07-09 12:00:00,2025-07-09 15:00:00,0,21,,
TRIP-003984,2025-04-09 12:00:00,2025-04-09 21:07:00,0,26,,
TRIP-003985,2025-05-22 07:02:00,2025-05-22 18:22:00,62,99,,
TRIP-003986,2025-03-22 18:08:00,2025-03-23 03:08:00,8,9,,
TRIP-003987,2025-09-09 12:10:00,2025-09-10 00:14:00,10,12,,
TRIP-003988,2025-02-09 06:25:00,2025-02-09 15:18:00,25,19,,
TRIP-003989,2025-04-08 06:12:00,2025-04-08 15:19:00,12,38,,
TRIP-003990,2025-10-23 12:00:00,2025-10-23 21:21:00,0,22,,
TRIP-003991,2025-02-09 12:00:00,2025-02-09 18:49:00,0,12,,
TRIP-003992,2025-04-23 00:20:00,2025-04-23 08:31:00,20,17,,
TRIP-003993,2025-04-23 12:08:00,2025-04-23 17:15:00,8,48,,
TRIP-003994,2025-11-22 12:20:00,2025-11-23 01:08:00,20,66,,
TRIP-003995,2025-05-08 06:01:00,2025-05-08 17:45:00,1,6,,
TRIP-003996,2025-05-08 06:00:00,2025-05-08 12:19:00,0,9,,
TRIP-003997,2025-08-22 12:12:00,2025-08-22 18:24:00,12,14,,
TRIP-003998,2025-09-08 12:04:00,2025-09-08 20:41:00,4,0,,
TRIP-003999,2025-02-09 18:00:00,2025-02-09 22:29:00,0,2,,
TRIP-004000,2025-12-09 12:28:00,2025-12-09 18:48:00,28,11,,
TRIP-004001,2025-07-09 12:00:00,2025-07-09 18:27:00,0,17,,
TRIP-004002,2025-06-09 12:01:00,2025-06-09 23:14:00,1,0,,
TRIP-004003,2025-11-22 06:09:00,2025-11-22 13:44:00,9,0,,
TRIP-004004,2025-10-23 06:10:00,2025-10-23 18:23:00,10,0,,
TRIP-004005,2025-03-23 12:00:00,2025-03-23 19:34:00,0,0,,
TRIP-004006,2025-08-23 18:21:00,2025-08-23 22:07:00,21,7,,
TRIP-004007,2025-08-09 00:31:00,2025-08-09 04:20:00,31,20,,
TRIP-004008,2025-01-09 18:16:00,2025-01-09 22:48:00,16,21,,
TRIP-004009,2025-03-22 12:58:00,2025-03-22 23:36:00,58,53,,
TRIP-004010,2025-09-23 06:00:00,2025-09-23 12:03:00,0,0,,
TRIP-004011,2025-10-23 12:55:00,2025-10-23 20:01:00,55,17,,
TRIP-004012,2025-07-09 12:08:00,2025-07-09 20:36:00,8,25,,
TRIP-004013,2025-10-23 12:09:00,2025-10-23 18:45:00,9,40,,
TRIP-004014,2025-10-08 12:05:00,2025-10-09 00:10:00,5,8,,
TRIP-004015,2025-09-09 00:13:00,2025-09-09 07:45:00,13,11,,
TRIP-004016,2025-08-23 18:00:00,2025-08-23 23:13:00,0,2,,
TRIP-004017,2025-11-09 18:17:00,2025-11-10 02:30:00,17,16,,
TRIP-004018,2025-05-09 00:28:00,2025-05-09 03:39:00,28,37,,
