loyalty_transaction_id,passenger_id,transaction_ts,transaction_type,points_transacted,points_balance_after,reference_id
LTX-0000001,P03859,2025-02-20 09:00:00,EARN,39,39,BKG-000001
LTX-0000002,P03859,2025-06-22 09:00:00,EARN,27,66,BKG-003803
LTX-0000003,P03859,2025-07-10 09:00:00,EARN,42,108,BKG-007100
LTX-0000004,P03859,2025-08-26 09:00:00,EARN,16,124,BKG-007082
LTX-0000005,P03103,2025-07-28 09:00:00,EARN,40,40,BKG-007177
LTX-0000006,P03103,2025-11-08 09:00:00,EARN,38,78,BKG-000002
LTX-0000007,P02445,2025-01-12 09:00:00,EARN,52,52,BKG-000003
LTX-0000008,P02445,2025-03-18 09:00:00,EARN,28,80,BKG-000279
LTX-0000009,P02445,2025-06-01 09:00:00,EARN,27,107,BKG-003504
LTX-0000010,P02445,2025-06-06 09:00:00,EARN,64,171,BKG-010645
LTX-0000011,P03966,2025-09-26 09:00:00,EARN,7,7,BKG-004338
LTX-0000012,P03966,2025-10-06 09:00:00,EARN,20,27,BKG-011089
LTX-0000013,P03966,2025-10-06 18:00:00,REDEEM,-20,7,BKG-011089
LTX-0000014,P03966,2025-11-11 09:00:00,EARN,60,67,BKG-000004
LTX-0000015,P00259,2025-05-20 09:00:00,EARN,43,43,BKG-000005
LTX-0000016,P00259,2025-08-29 09:00:00,EARN,63,106,BKG-002920
LTX-0000017,P00259,2025-09-27 09:00:00,EARN,18,124,BKG-001422
LTX-0000018,P00259,2025-10-14 09:00:00,EARN,14,138,BKG-006719
LTX-0000019,P03735,2025-02-03 09:00:00,EARN,62,62,BKG-010289
LTX-0000020,P03735,2025-02-10 09:00:00,EARN,70,132,BKG-003259
LTX-0000021,P03735,2025-10-01 09:00:00,EARN,17,149,BKG-000006
LTX-0000022,P03735,2025-11-28 09:00:00,EARN,40,189,BKG-001572
LTX-0000023,P03735,2025-12-05 09:00:00,EARN,41,230,BKG-009937
LTX-0000024,P01426,2025-01-11 09:00:00,EARN,16,16,BKG-009918
LTX-0000025,P01426,2025-05-17 09:00:00,EARN,45,61,BKG-000007
LTX-0000026,P01426,2025-08-18 09:00:00,EARN,16,77,BKG-011778
LTX-0000027,P02880,2025-03-29 09:00:00,EARN,27,27,BKG-000008
LTX-0000028,P02880,2025-06-02 09:00:00,EARN,42,69,BKG-006776
LTX-0000029,P00604,2025-04-30 09:00:00,EARN,46,46,BKG-000009
LTX-0000030,P02016,2025-03-03 09:00:00,EARN,69,69,BKG-002696
LTX-0000031,P02016,2025-03-03 18:00:00,REDEEM,-20,49,BKG-002696
LTX-0000032,P02016,2025-03-13 09:00:00,EARN,62,111,BKG-000010
LTX-0000033,P02016,2025-11-09 09:00:00,EARN,66,177,BKG-005641
LTX-0000034,P02016,2025-11-13 09:00:00,EARN,18,195,BKG-002067
LTX-0000035,P01618,2025-05-30 09:00:00,EARN,61,61,BKG-000011
LTX-0000036,P01618,2025-12-16 09:00:00,EARN,50,111,BKG-004551
LTX-0000037,P01205,2025-05-11 09:00:00,EARN,34,34,BKG-007396
LTX-0000038,P01205,2025-05-24 09:00:00,EARN,53,87,BKG-008908
LTX-0000039,P01205,2025-09-21 09:00:00,EARN,72,159,BKG-002736
LTX-0000040,P01205,2025-09-26 09:00:00,EARN,43,202,BKG-000012
LTX-0000041,P00522,2025-03-01 09:00:00,EARN,42,42,BKG-008230
LTX-0000042,P00522,2025-05-16 09:00:00,EARN,28,70,BKG-002709
LTX-0000043,P00522,2025-06-16 09:00:00,EARN,36,106,BKG-000013
LTX-0000044,P00522,2025-11-26 09:00:00,EARN,10,116,BKG-002581
LTX-0000045,P01174,2024-12-29 09:00:00,EARN,18,18,BKG-011787
LTX-0000046,P01174,2025-03-25 09:00:00,EARN,18,36,BKG-005973
LTX-0000047,P01174,2025-09-26 09:00:00,EARN,55,91,BKG-000014
LTX-0000048,P02661,2025-05-23 09:00:00,EARN,10,10,BKG-001090
LTX-0000049,P02661,2025-05-23 18:00:00,REDEEM,-10,0,BKG-001090
LTX-0000050,P02661,2025-06-18 09:00:00,EARN,22,22,BKG-002160
LTX-0000051,P02661,2025-06-18 18:00:00,REDEEM,-10,12,BKG-002160
LTX-0000052,P02661,2025-07-02 09:00:00,EARN,44,56,BKG-003660
LTX-0000053,P02661,2025-11-29 09:00:00,EARN,22,78,BKG-012230
LTX-0000054,P02661,2025-12-17 09:00:00,EARN,12,90,BKG-000015
LTX-0000055,P03194,2025-01-16 09:00:00,EARN,34,34,BKG-011191
LTX-0000056,P03194,2025-04-20 09:00:00,EARN,44,78,BKG-007792
LTX-0000057,P03194,2025-05-24 09:00:00,EARN,43,121,BKG-000350
LTX-0000058,P03194,2025-06-09 09:00:00,EARN,62,183,BKG-000016
LTX-0000059,P03194,2025-06-28 09:00:00,EARN,86,269,BKG-004751
LTX-0000060,P00012,2025-03-05 09:00:00,EARN,14,14,BKG-008423
LTX-0000061,P00012,2025-05-27 09:00:00,EARN,7,21,BKG-000326
LTX-0000062,P00012,2025-07-08 09:00:00,EARN,39,60,BKG-000017
LTX-0000063,P00012,2025-07-08 18:00:00,REDEEM,-30,30,BKG-000017
LTX-0000064,P00012,2025-07-12 09:00:00,EARN,63,93,BKG-000378
LTX-0000065,P00012,2025-09-11 09:00:00,EARN,69,162,BKG-003209
LTX-0000066,P02987,2025-02-05 09:00:00,EARN,26,26,BKG-000018
LTX-0000067,P02987,2025-06-05 09:00:00,EARN,19,45,BKG-000119
LTX-0000068,P02987,2025-06-23 09:00:00,EARN,20,65,BKG-003574
LTX-0000069,P00261,2025-06-02 09:00:00,EARN,46,46,BKG-000019
LTX-0000070,P03318,2025-04-15 09:00:00,EARN,57,57,BKG-012341
LTX-0000071,P03318,2025-06-17 09:00:00,EARN,41,98,BKG-000020
LTX-0000072,P03318,2025-07-18 09:00:00,EARN,27,125,BKG-002131
LTX-0000073,P03318,2025-12-16 09:00:00,EARN,45,170,BKG-004886
LTX-0000074,P01144,2025-02-25 09:00:00,EARN,46,46,BKG-006316
LTX-0000075,P01144,2025-06-10 09:00:00,EARN,87,133,BKG-002687
LTX-0000076,P01144,2025-06-13 09:00:00,EARN,78,211,BKG-002870
LTX-0000077,P01144,2025-10-26 09:00:00,EARN,46,257,BKG-010126
LTX-0000078,P01144,2025-10-26 18:00:00,REDEEM,-30,227,BKG-010126
LTX-0000079,P01144,2025-12-13 09:00:00,EARN,57,284,BKG-000021
LTX-0000080,P01478,2025-01-18 09:00:00,EARN,10,10,BKG-007992
LTX-0000081,P01478,2025-03-13 09:00:00,EARN,48,58,BKG-000022
LTX-0000082,P01478,2025-05-22 09:00:00,EARN,48,106,BKG-001344
LTX-0000083,P01478,2025-06-26 09:00:00,EARN,82,188,BKG-006532
LTX-0000084,P02038,2025-05-17 09:00:00,EARN,58,58,BKG-004951
LTX-0000085,P02038,2025-06-20 09:00:00,EARN,32,90,BKG-000023
LTX-0000086,P02038,2025-06-20 18:00:00,REDEEM,-10,80,BKG-000023
LTX-0000087,P02038,2025-07-08 09:00:00,EARN,30,110,BKG-009192
LTX-0000088,P00350,2025-03-29 09:00:00,EARN,38,38,BKG-008141
LTX-0000089,P00350,2025-05-25 09:00:00,EARN,25,63,BKG-000718
LTX-0000090,P00350,2025-05-27 09:00:00,EARN,30,93,BKG-006418
LTX-0000091,P00350,2025-06-22 09:00:00,EARN,60,153,BKG-010895
LTX-0000092,P00350,2025-07-21 09:00:00,EARN,53,206,BKG-000024
LTX-0000093,P00350,2025-12-18 09:00:00,EARN,34,240,BKG-009151
LTX-0000094,P00229,2025-02-14 09:00:00,EARN,41,41,BKG-011340
LTX-0000095,P00229,2025-03-10 09:00:00,EARN,31,72,BKG-008523
LTX-0000096,P00229,2025-06-20 09:00:00,EARN,25,97,BKG-000025
LTX-0000097,P00229,2025-06-27 09:00:00,EARN,28,125,BKG-000244
LTX-0000098,P00229,2025-09-19 09:00:00,EARN,42,167,BKG-006232
LTX-0000099,P00229,2025-10-24 09:00:00,EARN,10,177,BKG-012274
LTX-0000100,P00229,2025-11-22 09:00:00,EARN,19,196,BKG-001295
LTX-0000101,P00559,2025-02-07 09:00:00,EARN,75,75,BKG-000026
LTX-0000102,P00559,2025-11-24 09:00:00,EARN,40,115,BKG-004784
LTX-0000103,P00559,2025-12-02 09:00:00,EARN,72,187,BKG-008005
LTX-0000104,P00121,2025-05-02 09:00:00,EARN,16,16,BKG-006982
LTX-0000105,P00121,2025-12-19 09:00:00,EARN,12,28,BKG-000027
LTX-0000106,P00121,2025-12-19 18:00:00,REDEEM,-20,8,BKG-000027
LTX-0000107,P01407,2025-02-01 09:00:00,EARN,40,40,BKG-011275
LTX-0000108,P01407,2025-04-23 09:00:00,EARN,34,74,BKG-001139
LTX-0000109,P01407,2025-05-25 09:00:00,EARN,10,84,BKG-002758
LTX-0000110,P01407,2025-06-15 09:00:00,EARN,71,155,BKG-004473
LTX-0000111,P01407,2025-06-29 09:00:00,EARN,60,215,BKG-001187
LTX-0000112,P01407,2025-08-27 09:00:00,EARN,56,271,BKG-000028
LTX-0000113,P02454,2025-02-21 09:00:00,EARN,28,28,BKG-011314
LTX-0000114,P02454,2025-06-19 09:00:00,EARN,87,115,BKG-000029
LTX-0000115,P02454,2025-07-10 09:00:00,EARN,32,147,BKG-006059
LTX-0000116,P02454,2025-08-29 09:00:00,EARN,33,180,BKG-012295
LTX-0000117,P02454,2025-09-24 09:00:00,EARN,11,191,BKG-008361
LTX-0000118,P03676,2025-03-23 09:00:00,EARN,40,40,BKG-000030
LTX-0000119,P03676,2025-03-23 18:00:00,REDEEM,-30,10,BKG-000030
LTX-0000120,P03676,2025-10-28 09:00:00,EARN,45,55,BKG-005173
LTX-0000121,P03676,2025-11-03 09:00:00,EARN,16,71,BKG-002358
LTX-0000122,P03676,2025-11-15 09:00:00,EARN,37,108,BKG-003623
LTX-0000123,P03608,2025-05-27 09:00:00,EARN,10,10,BKG-000358
LTX-0000124,P03608,2025-08-10 09:00:00,EARN,63,73,BKG-000031
LTX-0000125,P03608,2025-12-06 09:00:00,EARN,19,92,BKG-012241
LTX-0000126,P02077,2025-04-21 09:00:00,EARN,51,51,BKG-012101
LTX-0000127,P02077,2025-05-13 09:00:00,EARN,66,117,BKG-010352
LTX-0000128,P02077,2025-05-13 18:00:00,REDEEM,-10,107,BKG-010352
LTX-0000129,P02077,2025-06-28 09:00:00,EARN,8,115,BKG-000032
LTX-0000130,P02077,2025-07-03 09:00:00,EARN,48,163,BKG-002409
LTX-0000131,P02077,2025-07-21 09:00:00,EARN,75,238,BKG-012334
LTX-0000132,P02077,2025-08-05 09:00:00,EARN,55,293,BKG-003650
LTX-0000133,P02682,2025-06-01 09:00:00,EARN,59,59,BKG-000033
LTX-0000134,P02965,2025-02-25 09:00:00,EARN,60,60,BKG-004408
LTX-0000135,P02965,2025-03-03 09:00:00,EARN,38,98,BKG-007895
LTX-0000136,P02965,2025-08-03 09:00:00,EARN,30,128,BKG-011581
LTX-0000137,P02965,2025-10-20 09:00:00,EARN,107,235,BKG-000986
LTX-0000138,P02965,2025-11-09 09:00:00,EARN,24,259,BKG-000034
LTX-0000139,P03778,2025-03-11 09:00:00,EARN,8,8,BKG-005400
LTX-0000140,P03778,2025-08-15 09:00:00,EARN,25,33,BKG-007465
LTX-0000141,P03778,2025-10-28 09:00:00,EARN,44,77,BKG-000035
LTX-0000142,P03778,2025-11-03 09:00:00,EARN,38,115,BKG-005731
LTX-0000143,P03778,2025-11-04 09:00:00,EARN,34,149,BKG-011003
LTX-0000144,P03778,2025-11-04 18:00:00,REDEEM,-10,139,BKG-011003
LTX-0000145,P03778,2025-12-04 09:00:00,EARN,48,187,BKG-007422
LTX-0000146,P03097,2025-01-15 09:00:00,EARN,78,78,BKG-000036
LTX-0000147,P03097,2025-04-28 09:00:00,EARN,10,88,BKG-009323
LTX-0000148,P03097,2025-05-20 09:00:00,EARN,57,145,BKG-008537
LTX-0000149,P03097,2025-08-18 09:00:00,EARN,18,163,BKG-011060
LTX-0000150,P03097,2025-11-12 09:00:00,EARN,19,182,BKG-001239
LTX-0000151,P03097,2025-11-17 09:00:00,EARN,116,298,BKG-006968
LTX-0000152,P03097,2025-12-03 09:00:00,EARN,53,351,BKG-011716
LTX-0000153,P01640,2025-04-10 09:00:00,EARN,20,20,BKG-000965
LTX-0000154,P01640,2025-10-05 09:00:00,EARN,45,65,BKG-000037
LTX-0000155,P01640,2025-10-07 09:00:00,EARN,30,95,BKG-004962
LTX-0000156,P02088,2025-02-11 09:00:00,EARN,14,14,BKG-000038
LTX-0000157,P02088,2025-06-19 09:00:00,EARN,27,41,BKG-010443
LTX-0000158,P02088,2025-07-21 09:00:00,EARN,48,89,BKG-011743
LTX-0000159,P02088,2025-10-13 09:00:00,EARN,47,136,BKG-001001
LTX-0000160,P03224,2025-01-02 09:00:00,EARN,60,60,BKG-000039
LTX-0000161,P03224,2025-03-21 09:00:00,EARN,22,82,BKG-007164
LTX-0000162,P03224,2025-03-21 18:00:00,REDEEM,-20,62,BKG-007164
LTX-0000163,P03224,2025-03-23 09:00:00,EARN,47,109,BKG-007139
LTX-0000164,P03224,2025-07-12 09:00:00,EARN,88,197,BKG-007727
LTX-0000165,P03224,2025-08-25 09:00:00,EARN,47,244,BKG-012160
LTX-0000166,P03224,2025-10-01 09:00:00,EARN,7,251,BKG-002170
LTX-0000167,P03004,2025-01-14 09:00:00,EARN,42,42,BKG-004760
LTX-0000168,P03004,2025-04-13 09:00:00,EARN,28,70,BKG-000040
LTX-0000169,P03004,2025-05-25 09:00:00,EARN,65,135,BKG-012377
LTX-0000170,P03004,2025-12-02 09:00:00,EARN,41,176,BKG-006142
LTX-0000171,P03269,2025-02-01 09:00:00,EARN,13,13,BKG-006237
LTX-0000172,P03269,2025-02-07 09:00:00,EARN,28,41,BKG-012265
LTX-0000173,P03269,2025-07-05 09:00:00,EARN,32,73,BKG-012055
LTX-0000174,P03269,2025-10-13 09:00:00,EARN,44,117,BKG-003502
LTX-0000175,P03269,2025-11-02 09:00:00,EARN,50,167,BKG-000041
LTX-0000176,P03269,2025-12-01 09:00:00,EARN,67,234,BKG-010502
LTX-0000177,P02900,2025-05-24 09:00:00,EARN,61,61,BKG-000042
LTX-0000178,P02900,2025-05-29 09:00:00,EARN,36,97,BKG-000996
LTX-0000179,P02900,2025-05-29 18:00:00,REDEEM,-10,87,BKG-000996
LTX-0000180,P02900,2025-12-03 09:00:00,EARN,81,168,BKG-005066
LTX-0000181,P00093,2024-12-22 09:00:00,EARN,52,52,BKG-011347
LTX-0000182,P00093,2025-03-19 09:00:00,EARN,44,96,BKG-003141
LTX-0000183,P00093,2025-05-25 09:00:00,EARN,54,150,BKG-010128
LTX-0000184,P00093,2025-05-27 09:00:00,EARN,93,243,BKG-006733
LTX-0000185,P00093,2025-09-20 09:00:00,EARN,28,271,BKG-005294
LTX-0000186,P00093,2025-12-09 09:00:00,EARN,47,318,BKG-000043
LTX-0000187,P00539,2025-01-30 09:00:00,EARN,54,54,BKG-006384
LTX-0000188,P00539,2025-04-29 09:00:00,EARN,98,152,BKG-000044
LTX-0000189,P00760,2025-06-30 09:00:00,EARN,52,52,BKG-005271
LTX-0000190,P00760,2025-07-02 09:00:00,EARN,28,80,BKG-012141
LTX-0000191,P00760,2025-07-07 09:00:00,EARN,10,90,BKG-000045
LTX-0000192,P00760,2025-08-22 09:00:00,EARN,18,108,BKG-005837
LTX-0000193,P03901,2025-12-17 09:00:00,EARN,50,50,BKG-000046
LTX-0000194,P03763,2025-06-01 09:00:00,EARN,86,86,BKG-011863
LTX-0000195,P03763,2025-07-12 09:00:00,EARN,72,158,BKG-005947
LTX-0000196,P03763,2025-08-17 09:00:00,EARN,31,189,BKG-012399
LTX-0000197,P03763,2025-11-11 09:00:00,EARN,10,199,BKG-000047
LTX-0000198,P01837,2025-05-09 09:00:00,EARN,27,27,BKG-001000
LTX-0000199,P01837,2025-06-13 09:00:00,EARN,76,103,BKG-000048
LTX-0000200,P01837,2025-08-10 09:00:00,EARN,12,115,BKG-001830
LTX-0000201,P01837,2025-11-12 09:00:00,EARN,12,127,BKG-010218
LTX-0000202,P01837,2025-11-27 09:00:00,EARN,68,195,BKG-011872
LTX-0000203,P01969,2024-12-31 09:00:00,EARN,28,28,BKG-009420
LTX-0000204,P01969,2025-01-10 09:00:00,EARN,30,58,BKG-000465
LTX-0000205,P01969,2025-01-12 09:00:00,EARN,36,94,BKG-003483
LTX-0000206,P01969,2025-06-25 09:00:00,EARN,17,111,BKG-006950
LTX-0000207,P01969,2025-07-05 09:00:00,EARN,45,156,BKG-010370
LTX-0000208,P01969,2025-09-16 09:00:00,EARN,42,198,BKG-006673
LTX-0000209,P01969,2025-10-09 09:00:00,EARN,40,238,BKG-000049
LTX-0000210,P01969,2025-11-12 09:00:00,EARN,20,258,BKG-011042
LTX-0000211,P01969,2025-12-20 09:00:00,EARN,47,305,BKG-009265
LTX-0000212,P03984,2025-01-04 09:00:00,EARN,26,26,BKG-005672
LTX-0000213,P03984,2025-02-22 09:00:00,EARN,22,48,BKG-005965
LTX-0000214,P03984,2025-11-11 09:00:00,EARN,46,94,BKG-000050
LTX-0000215,P00854,2024-12-18 09:00:00,EARN,37,37,BKG-000051
LTX-0000216,P02447,2025-06-27 09:00:00,EARN,72,72,BKG-000052
LTX-0000217,P00789,2025-10-01 09:00:00,EARN,26,26,BKG-000053
LTX-0000218,P00789,2025-11-27 09:00:00,EARN,38,64,BKG-011054
LTX-0000219,P02386,2025-02-05 09:00:00,EARN,39,39,BKG-002146
LTX-0000220,P02386,2025-05-08 09:00:00,EARN,14,53,BKG-003071
LTX-0000221,P02386,2025-07-03 09:00:00,EARN,50,103,BKG-009009
LTX-0000222,P02386,2025-07-28 09:00:00,EARN,30,133,BKG-000054
LTX-0000223,P00370,2025-02-03 09:00:00,EARN,71,71,BKG-000123
LTX-0000224,P00370,2025-02-03 18:00:00,REDEEM,-20,51,BKG-000123
LTX-0000225,P00370,2025-05-08 09:00:00,EARN,10,61,BKG-006858
LTX-0000226,P00370,2025-06-10 09:00:00,EARN,19,80,BKG-008366
LTX-0000227,P00370,2025-06-10 18:00:00,REDEEM,-10,70,BKG-008366
LTX-0000228,P00370,2025-06-16 09:00:00,EARN,53,123,BKG-011579
LTX-0000229,P00370,2025-07-04 09:00:00,EARN,41,164,BKG-000055
LTX-0000230,P00370,2025-07-06 09:00:00,EARN,40,204,BKG-000734
LTX-0000231,P00370,2025-07-10 09:00:00,EARN,53,257,BKG-004287
LTX-0000232,P03650,2025-02-12 09:00:00,EARN,32,32,BKG-009838
LTX-0000233,P03650,2025-02-17 09:00:00,EARN,42,74,BKG-000056
LTX-0000234,P03650,2025-11-21 09:00:00,EARN,11,85,BKG-000438
LTX-0000235,P01498,2025-06-15 09:00:00,EARN,83,83,BKG-004543
LTX-0000236,P01498,2025-06-16 09:00:00,EARN,26,109,BKG-011692
LTX-0000237,P01498,2025-06-16 18:00:00,REDEEM,-20,89,BKG-011692
LTX-0000238,P01498,2025-06-17 09:00:00,EARN,67,156,BKG-002281
LTX-0000239,P01498,2025-08-07 09:00:00,EARN,43,199,BKG-007230
LTX-0000240,P01498,2025-08-17 09:00:00,EARN,24,223,BKG-006981
LTX-0000241,P01498,2025-08-17 18:00:00,REDEEM,-20,203,BKG-006981
LTX-0000242,P01498,2025-10-20 09:00:00,EARN,33,236,BKG-000057
LTX-0000243,P00383,2025-06-08 09:00:00,EARN,43,43,BKG-005557
LTX-0000244,P00383,2025-07-17 09:00:00,EARN,21,64,BKG-000058
LTX-0000245,P02861,2025-02-04 09:00:00,EARN,46,46,BKG-003882
LTX-0000246,P02861,2025-03-25 09:00:00,EARN,37,83,BKG-007166
LTX-0000247,P02861,2025-04-19 09:00:00,EARN,42,125,BKG-007994
LTX-0000248,P02861,2025-04-29 09:00:00,EARN,32,157,BKG-006434
LTX-0000249,P02861,2025-07-16 09:00:00,EARN,37,194,BKG-000059
LTX-0000250,P02861,2025-10-01 09:00:00,EARN,76,270,BKG-008575
LTX-0000251,P02861,2025-10-01 18:00:00,REDEEM,-10,260,BKG-008575
LTX-0000252,P02861,2025-12-05 09:00:00,EARN,72,332,BKG-009229
LTX-0000253,P00122,2024-12-30 09:00:00,EARN,26,26,BKG-005198
LTX-0000254,P00122,2025-01-14 09:00:00,EARN,44,70,BKG-004242
LTX-0000255,P00122,2025-02-07 09:00:00,EARN,16,86,BKG-000060
LTX-0000256,P00122,2025-04-28 09:00:00,EARN,68,154,BKG-001067
LTX-0000257,P00122,2025-05-14 09:00:00,EARN,70,224,BKG-011308
LTX-0000258,P00122,2025-05-14 18:00:00,REDEEM,-30,194,BKG-011308
LTX-0000259,P00122,2025-10-10 09:00:00,EARN,9,203,BKG-010826
LTX-0000260,P00122,2025-10-10 18:00:00,REDEEM,-10,193,BKG-010826
LTX-0000261,P00122,2025-11-19 09:00:00,EARN,46,239,BKG-010971
LTX-0000262,P01770,2025-03-23 09:00:00,EARN,6,6,BKG-010335
LTX-0000263,P01770,2025-06-18 09:00:00,EARN,44,50,BKG-012412
LTX-0000264,P01770,2025-07-04 09:00:00,EARN,84,134,BKG-002636
LTX-0000265,P01770,2025-07-06 09:00:00,EARN,88,222,BKG-000061
LTX-0000266,P01770,2025-10-20 09:00:00,EARN,60,282,BKG-012235
LTX-0000267,P01330,2025-02-16 09:00:00,EARN,37,37,BKG-008948
LTX-0000268,P01330,2025-05-03 09:00:00,EARN,39,76,BKG-009085
LTX-0000269,P01330,2025-07-06 09:00:00,EARN,39,115,BKG-000062
LTX-0000270,P01387,2025-02-06 09:00:00,EARN,46,46,BKG-007460
LTX-0000271,P01387,2025-05-29 09:00:00,EARN,68,114,BKG-003035
LTX-0000272,P01387,2025-05-29 18:00:00,REDEEM,-20,94,BKG-003035
LTX-0000273,P01387,2025-06-02 09:00:00,EARN,59,153,BKG-005489
LTX-0000274,P01387,2025-10-11 09:00:00,EARN,49,202,BKG-000063
LTX-0000275,P01387,2025-12-12 09:00:00,EARN,53,255,BKG-004883
LTX-0000276,P02463,2025-05-30 09:00:00,EARN,44,44,BKG-004612
LTX-0000277,P02463,2025-06-22 09:00:00,EARN,47,91,BKG-003185
LTX-0000278,P02463,2025-06-26 09:00:00,EARN,26,117,BKG-009677
LTX-0000279,P02463,2025-10-02 09:00:00,EARN,26,143,BKG-000064
LTX-0000280,P00627,2025-05-31 09:00:00,EARN,82,82,BKG-000065
LTX-0000281,P01075,2025-05-25 09:00:00,EARN,29,29,BKG-000066
LTX-0000282,P01075,2025-05-29 09:00:00,EARN,45,74,BKG-008234
LTX-0000283,P01075,2025-07-03 09:00:00,EARN,28,102,BKG-010511
LTX-0000284,P02884,2024-12-10 09:00:00,EARN,30,30,BKG-000114
LTX-0000285,P02884,2025-06-17 09:00:00,EARN,45,75,BKG-000067
LTX-0000286,P02884,2025-11-09 09:00:00,EARN,12,87,BKG-003793
LTX-0000287,P02517,2025-02-13 09:00:00,EARN,28,28,BKG-009248
LTX-0000288,P02517,2025-03-05 09:00:00,EARN,14,42,BKG-011726
LTX-0000289,P02517,2025-03-20 09:00:00,EARN,58,100,BKG-003090
LTX-0000290,P02517,2025-03-20 18:00:00,REDEEM,-20,80,BKG-003090
LTX-0000291,P02517,2025-05-11 09:00:00,EARN,46,126,BKG-003744
LTX-0000292,P02517,2025-06-16 09:00:00,EARN,19,145,BKG-010507
LTX-0000293,P02517,2025-07-15 09:00:00,EARN,54,199,BKG-000963
LTX-0000294,P02517,2025-09-08 09:00:00,EARN,61,260,BKG-000068
LTX-0000295,P02517,2025-09-08 18:00:00,REDEEM,-10,250,BKG-000068
LTX-0000296,P00806,2024-12-23 09:00:00,EARN,24,24,BKG-003124
LTX-0000297,P00806,2025-02-07 09:00:00,EARN,50,74,BKG-006856
LTX-0000298,P00806,2025-02-07 18:00:00,REDEEM,-30,44,BKG-006856
LTX-0000299,P00806,2025-03-27 09:00:00,EARN,42,86,BKG-000069
LTX-0000300,P00806,2025-03-27 18:00:00,REDEEM,-30,56,BKG-000069
LTX-0000301,P00806,2025-05-17 09:00:00,EARN,59,115,BKG-002601
LTX-0000302,P00806,2025-06-23 09:00:00,EARN,36,151,BKG-001986
LTX-0000303,P00806,2025-06-29 09:00:00,EARN,35,186,BKG-007657
LTX-0000304,P00806,2025-07-27 09:00:00,EARN,56,242,BKG-002593
LTX-0000305,P00806,2025-11-19 09:00:00,EARN,28,270,BKG-003439
LTX-0000306,P00717,2025-08-04 09:00:00,EARN,50,50,BKG-000070
LTX-0000307,P00717,2025-09-28 09:00:00,EARN,62,112,BKG-004433
LTX-0000308,P00717,2025-11-22 09:00:00,EARN,76,188,BKG-010607
LTX-0000309,P01726,2025-03-30 09:00:00,EARN,26,26,BKG-004568
LTX-0000310,P01726,2025-06-16 09:00:00,EARN,38,64,BKG-001580
LTX-0000311,P01726,2025-06-22 09:00:00,EARN,85,149,BKG-008065
LTX-0000312,P01726,2025-09-01 09:00:00,EARN,34,183,BKG-010323
LTX-0000313,P01726,2025-11-30 09:00:00,EARN,73,256,BKG-000071
LTX-0000314,P01358,2025-02-24 09:00:00,EARN,44,44,BKG-009693
LTX-0000315,P01358,2025-03-05 09:00:00,EARN,20,64,BKG-006927
LTX-0000316,P01358,2025-06-01 09:00:00,EARN,30,94,BKG-010313
LTX-0000317,P01358,2025-12-01 09:00:00,EARN,19,113,BKG-000072
LTX-0000318,P01148,2025-05-25 09:00:00,EARN,37,37,BKG-000073
LTX-0000319,P01148,2025-08-16 09:00:00,EARN,48,85,BKG-010974
LTX-0000320,P00236,2025-02-21 09:00:00,EARN,6,6,BKG-000957
LTX-0000321,P00236,2025-06-15 09:00:00,EARN,58,64,BKG-004625
LTX-0000322,P00236,2025-07-19 09:00:00,EARN,41,105,BKG-003121
LTX-0000323,P00236,2025-08-17 09:00:00,EARN,44,149,BKG-000074
LTX-0000324,P00236,2025-11-19 09:00:00,EARN,47,196,BKG-000283
LTX-0000325,P01394,2025-01-06 09:00:00,EARN,79,79,BKG-000075
LTX-0000326,P01394,2025-10-24 09:00:00,EARN,41,120,BKG-004202
LTX-0000327,P01394,2025-11-09 09:00:00,EARN,73,193,BKG-001701
LTX-0000328,P00188,2025-02-27 09:00:00,EARN,34,34,BKG-012105
LTX-0000329,P00188,2025-03-17 09:00:00,EARN,55,89,BKG-011701
LTX-0000330,P00188,2025-04-25 09:00:00,EARN,37,126,BKG-010121
LTX-0000331,P00188,2025-05-03 09:00:00,EARN,37,163,BKG-011106
LTX-0000332,P00188,2025-06-13 09:00:00,EARN,44,207,BKG-012097
LTX-0000333,P00188,2025-07-15 09:00:00,EARN,44,251,BKG-010127
LTX-0000334,P00188,2025-07-15 18:00:00,REDEEM,-30,221,BKG-010127
LTX-0000335,P00188,2025-09-18 09:00:00,EARN,42,263,BKG-000076
LTX-0000336,P02743,2025-01-20 09:00:00,EARN,35,35,BKG-011724
LTX-0000337,P02743,2025-01-30 09:00:00,EARN,14,49,BKG-005693
LTX-0000338,P02743,2025-05-31 09:00:00,EARN,58,107,BKG-000492
LTX-0000339,P02743,2025-06-12 09:00:00,EARN,75,182,BKG-002385
LTX-0000340,P02743,2025-06-27 09:00:00,EARN,30,212,BKG-000077
LTX-0000341,P02743,2025-07-11 09:00:00,EARN,39,251,BKG-004038
LTX-0000342,P02743,2025-11-21 09:00:00,EARN,23,274,BKG-002352
LTX-0000343,P03504,2025-06-12 09:00:00,EARN,72,72,BKG-010786
LTX-0000344,P03504,2025-06-16 09:00:00,EARN,26,98,BKG-011237
LTX-0000345,P03504,2025-07-04 09:00:00,EARN,30,128,BKG-000078
LTX-0000346,P03504,2025-11-04 09:00:00,EARN,63,191,BKG-007187
LTX-0000347,P02080,2025-02-04 09:00:00,EARN,40,40,BKG-002754
LTX-0000348,P02080,2025-02-04 18:00:00,REDEEM,-10,30,BKG-002754
LTX-0000349,P02080,2025-03-31 09:00:00,EARN,60,90,BKG-010112
LTX-0000350,P02080,2025-06-02 09:00:00,EARN,22,112,BKG-000079
LTX-0000351,P02080,2025-08-18 09:00:00,EARN,80,192,BKG-004082
LTX-0000352,P03150,2025-01-10 09:00:00,EARN,31,31,BKG-006383
LTX-0000353,P03150,2025-03-24 09:00:00,EARN,45,76,BKG-001890
LTX-0000354,P03150,2025-05-28 09:00:00,EARN,65,141,BKG-011444
LTX-0000355,P03150,2025-06-25 09:00:00,EARN,73,214,BKG-008903
LTX-0000356,P03150,2025-10-06 09:00:00,EARN,92,306,BKG-000080
LTX-0000357,P03150,2025-12-08 09:00:00,EARN,44,350,BKG-004903
LTX-0000358,P03328,2025-06-13 09:00:00,EARN,72,72,BKG-008756
LTX-0000359,P03328,2025-06-20 09:00:00,EARN,62,134,BKG-007231
LTX-0000360,P03328,2025-09-22 09:00:00,EARN,37,171,BKG-009316
LTX-0000361,P03328,2025-11-14 09:00:00,EARN,48,219,BKG-006045
LTX-0000362,P03328,2025-11-20 09:00:00,EARN,45,264,BKG-000081
LTX-0000363,P00401,2025-06-22 09:00:00,EARN,38,38,BKG-000082
LTX-0000364,P01222,2025-05-28 09:00:00,EARN,25,25,BKG-000083
LTX-0000365,P01222,2025-09-14 09:00:00,EARN,33,58,BKG-002599
LTX-0000366,P01222,2025-11-19 09:00:00,EARN,44,102,BKG-005817
LTX-0000367,P01222,2025-11-19 18:00:00,REDEEM,-10,92,BKG-005817
LTX-0000368,P00211,2025-05-31 09:00:00,EARN,28,28,BKG-000084
LTX-0000369,P00211,2025-07-25 09:00:00,EARN,63,91,BKG-010456
LTX-0000370,P00211,2025-09-28 09:00:00,EARN,8,99,BKG-010628
LTX-0000371,P00211,2025-12-14 09:00:00,EARN,40,139,BKG-005299
LTX-0000372,P02921,2025-09-18 09:00:00,EARN,38,38,BKG-000085
LTX-0000373,P03473,2025-04-05 09:00:00,EARN,36,36,BKG-001706
LTX-0000374,P03473,2025-06-21 09:00:00,EARN,40,76,BKG-000086
LTX-0000375,P00825,2025-05-30 09:00:00,EARN,43,43,BKG-000087
LTX-0000376,P00825,2025-06-04 09:00:00,EARN,36,79,BKG-008646
LTX-0000377,P00825,2025-08-27 09:00:00,EARN,29,108,BKG-001843
LTX-0000378,P00825,2025-12-13 09:00:00,EARN,46,154,BKG-011223
LTX-0000379,P00881,2025-07-07 09:00:00,EARN,75,75,BKG-000088
LTX-0000380,P02501,2025-01-30 09:00:00,EARN,44,44,BKG-008371
LTX-0000381,P02501,2025-03-15 09:00:00,EARN,48,92,BKG-003196
LTX-0000382,P02501,2025-04-26 09:00:00,EARN,30,122,BKG-003985
LTX-0000383,P02501,2025-04-29 09:00:00,EARN,29,151,BKG-001956
LTX-0000384,P02501,2025-05-04 09:00:00,EARN,26,177,BKG-000089
LTX-0000385,P02501,2025-10-12 09:00:00,EARN,18,195,BKG-006552
LTX-0000386,P02501,2025-10-12 18:00:00,REDEEM,-30,165,BKG-006552
LTX-0000387,P02501,2025-11-11 09:00:00,EARN,33,198,BKG-000393
LTX-0000388,P02501,2025-11-28 09:00:00,EARN,67,265,BKG-001490
LTX-0000389,P00064,2025-01-16 09:00:00,EARN,52,52,BKG-010305
LTX-0000390,P00064,2025-06-11 09:00:00,EARN,31,83,BKG-007486
LTX-0000391,P00064,2025-06-11 18:00:00,REDEEM,-30,53,BKG-007486
LTX-0000392,P00064,2025-12-03 09:00:00,EARN,48,101,BKG-000090
LTX-0000393,P00267,2025-05-09 09:00:00,EARN,34,34,BKG-004261
LTX-0000394,P00267,2025-10-25 09:00:00,EARN,49,83,BKG-009464
LTX-0000395,P00267,2025-12-02 09:00:00,EARN,60,143,BKG-000091
LTX-0000396,P01312,2025-12-05 09:00:00,EARN,53,53,BKG-000092
LTX-0000397,P03988,2025-07-12 09:00:00,EARN,26,26,BKG-000093
LTX-0000398,P02113,2025-05-14 09:00:00,EARN,80,80,BKG-006063
LTX-0000399,P02113,2025-06-21 09:00:00,EARN,100,180,BKG-001837
LTX-0000400,P02113,2025-06-24 09:00:00,EARN,60,240,BKG-009068
LTX-0000401,P02113,2025-07-04 09:00:00,EARN,9,249,BKG-003345
LTX-0000402,P02113,2025-07-30 09:00:00,EARN,46,295,BKG-000094
LTX-0000403,P02113,2025-07-30 18:00:00,REDEEM,-20,275,BKG-000094
LTX-0000404,P02113,2025-12-07 09:00:00,EARN,50,325,BKG-011095
LTX-0000405,P02113,2025-12-11 09:00:00,EARN,50,375,BKG-012457
LTX-0000406,P02327,2025-05-05 09:00:00,EARN,25,25,BKG-006068
LTX-0000407,P02327,2025-05-12 09:00:00,EARN,22,47,BKG-000095
LTX-0000408,P02327,2025-06-27 09:00:00,EARN,53,100,BKG-010150
LTX-0000409,P02327,2025-07-18 09:00:00,EARN,9,109,BKG-011152
LTX-0000410,P01030,2025-02-11 09:00:00,EARN,78,78,BKG-000159
LTX-0000411,P01030,2025-06-02 09:00:00,EARN,45,123,BKG-000096
LTX-0000412,P01030,2025-12-10 09:00:00,EARN,41,164,BKG-003014
LTX-0000413,P02892,2025-02-12 09:00:00,EARN,30,30,BKG-011105
LTX-0000414,P02892,2025-04-24 09:00:00,EARN,8,38,BKG-000852
LTX-0000415,P02892,2025-04-24 18:00:00,REDEEM,-10,28,BKG-000852
LTX-0000416,P02892,2025-08-20 09:00:00,EARN,9,37,BKG-000097
LTX-0000417,P02892,2025-09-03 09:00:00,EARN,55,92,BKG-001328
LTX-0000418,P02892,2025-10-26 09:00:00,EARN,60,152,BKG-006352
LTX-0000419,P02892,2025-11-19 09:00:00,EARN,39,191,BKG-001571
LTX-0000420,P02892,2025-11-24 09:00:00,EARN,37,228,BKG-003669
LTX-0000421,P02892,2025-11-24 18:00:00,REDEEM,-10,218,BKG-003669
LTX-0000422,P03052,2025-05-27 09:00:00,EARN,41,41,BKG-008448
LTX-0000423,P03052,2025-05-29 09:00:00,EARN,48,89,BKG-000640
LTX-0000424,P03052,2025-06-21 09:00:00,EARN,55,144,BKG-000098
LTX-0000425,P03052,2025-06-21 18:00:00,REDEEM,-20,124,BKG-000098
LTX-0000426,P03052,2025-11-05 09:00:00,EARN,13,137,BKG-010028
LTX-0000427,P03052,2025-11-05 18:00:00,REDEEM,-10,127,BKG-010028
LTX-0000428,P03052,2025-11-19 09:00:00,EARN,18,145,BKG-008195
LTX-0000429,P03052,2025-11-22 09:00:00,EARN,75,220,BKG-009145
LTX-0000430,P00330,2025-05-29 09:00:00,EARN,28,28,BKG-004674
LTX-0000431,P00330,2025-10-18 09:00:00,EARN,28,56,BKG-000099
LTX-0000432,P02960,2025-01-09 09:00:00,EARN,22,22,BKG-000645
LTX-0000433,P02960,2025-05-16 09:00:00,EARN,27,49,BKG-008596
LTX-0000434,P02960,2025-05-28 09:00:00,EARN,38,87,BKG-001420
LTX-0000435,P02960,2025-06-24 09:00:00,EARN,52,139,BKG-000100
LTX-0000436,P02960,2025-10-05 09:00:00,EARN,46,185,BKG-009417
LTX-0000437,P01292,2025-01-04 09:00:00,EARN,32,32,BKG-007726
LTX-0000438,P01292,2025-01-04 18:00:00,REDEEM,-20,12,BKG-007726
LTX-0000439,P01292,2025-02-20 09:00:00,EARN,38,50,BKG-003783
LTX-0000440,P01292,2025-07-24 09:00:00,EARN,37,87,BKG-000348
LTX-0000441,P01292,2025-07-24 09:00:00,EARN,24,111,BKG-008181
LTX-0000442,P01292,2025-09-30 09:00:00,EARN,71,182,BKG-000101
LTX-0000443,P01292,2025-11-25 09:00:00,EARN,53,235,BKG-011867
LTX-0000444,P03183,2025-05-15 09:00:00,EARN,50,50,BKG-003106
LTX-0000445,P03183,2025-06-08 09:00:00,EARN,42,92,BKG-000138
LTX-0000446,P03183,2025-06-21 09:00:00,EARN,48,140,BKG-000102
LTX-0000447,P03183,2025-06-22 09:00:00,EARN,20,160,BKG-009942
LTX-0000448,P03183,2025-09-21 09:00:00,EARN,58,218,BKG-005998
LTX-0000449,P02178,2025-01-17 09:00:00,EARN,24,24,BKG-005348
LTX-0000450,P02178,2025-06-09 09:00:00,EARN,60,84,BKG-011276
LTX-0000451,P02178,2025-06-18 09:00:00,EARN,31,115,BKG-000103
LTX-0000452,P00223,2025-09-21 09:00:00,EARN,59,59,BKG-008730
LTX-0000453,P00223,2025-10-28 09:00:00,EARN,69,128,BKG-000104
LTX-0000454,P01136,2025-02-04 09:00:00,EARN,50,50,BKG-000105
LTX-0000455,P01136,2025-03-10 09:00:00,EARN,62,112,BKG-005104
LTX-0000456,P01136,2025-05-29 09:00:00,EARN,48,160,BKG-007267
LTX-0000457,P00666,2025-03-24 09:00:00,EARN,29,29,BKG-006741
LTX-0000458,P00666,2025-10-27 09:00:00,EARN,38,67,BKG-000106
LTX-0000459,P00666,2025-11-09 09:00:00,EARN,40,107,BKG-003307
LTX-0000460,P00868,2025-06-10 09:00:00,EARN,47,47,BKG-000107
LTX-0000461,P00868,2025-08-07 09:00:00,EARN,28,75,BKG-001045
LTX-0000462,P01610,2025-05-27 09:00:00,EARN,19,19,BKG-001710
LTX-0000463,P01610,2025-05-27 18:00:00,REDEEM,-10,9,BKG-001710
LTX-0000464,P01610,2025-05-29 09:00:00,EARN,59,68,BKG-000108
LTX-0000465,P01610,2025-07-22 09:00:00,EARN,51,119,BKG-012002
LTX-0000466,P01610,2025-11-16 09:00:00,EARN,61,180,BKG-003773
LTX-0000467,P02078,2025-01-04 09:00:00,EARN,34,34,BKG-000429
LTX-0000468,P02078,2025-06-09 09:00:00,EARN,70,104,BKG-010562
LTX-0000469,P02078,2025-06-29 09:00:00,EARN,82,186,BKG-000109
LTX-0000470,P02078,2025-09-10 09:00:00,EARN,58,244,BKG-001642
LTX-0000471,P02078,2025-12-07 09:00:00,EARN,64,308,BKG-008808
LTX-0000472,P01004,2025-01-13 09:00:00,EARN,68,68,BKG-008944
LTX-0000473,P01004,2025-03-14 09:00:00,EARN,38,106,BKG-011776
LTX-0000474,P01004,2025-05-29 09:00:00,EARN,65,171,BKG-002903
LTX-0000475,P01004,2025-05-29 18:00:00,REDEEM,-20,151,BKG-002903
LTX-0000476,P01004,2025-06-08 09:00:00,EARN,45,196,BKG-010764
LTX-0000477,P01004,2025-08-04 09:00:00,EARN,24,220,BKG-005129
LTX-0000478,P01004,2025-11-20 09:00:00,EARN,64,284,BKG-000110
LTX-0000479,P02043,2025-06-15 09:00:00,EARN,80,80,BKG-011323
LTX-0000480,P02043,2025-06-22 09:00:00,EARN,12,92,BKG-000111
LTX-0000481,P02043,2025-09-20 09:00:00,EARN,40,132,BKG-006804
LTX-0000482,P02043,2025-10-11 09:00:00,EARN,45,177,BKG-007459
LTX-0000483,P02808,2025-02-11 09:00:00,EARN,99,99,BKG-012001
LTX-0000484,P02808,2025-02-17 09:00:00,EARN,38,137,BKG-011719
LTX-0000485,P02808,2025-03-10 09:00:00,EARN,39,176,BKG-003272
LTX-0000486,P02808,2025-04-12 09:00:00,EARN,70,246,BKG-001668
LTX-0000487,P02808,2025-04-29 09:00:00,EARN,55,301,BKG-009344
LTX-0000488,P02808,2025-06-05 09:00:00,EARN,52,353,BKG-002788
LTX-0000489,P02808,2025-12-21 09:00:00,EARN,55,408,BKG-000112
LTX-0000490,P02559,2025-12-04 09:00:00,EARN,15,15,BKG-000113
LTX-0000491,P01653,2025-05-20 09:00:00,EARN,27,27,BKG-000115
LTX-0000492,P01653,2025-06-12 09:00:00,EARN,54,81,BKG-000768
LTX-0000493,P01653,2025-06-25 09:00:00,EARN,79,160,BKG-010939
LTX-0000494,P01653,2025-06-25 18:00:00,REDEEM,-30,130,BKG-010939
LTX-0000495,P01653,2025-07-23 09:00:00,EARN,37,167,BKG-006620
LTX-0000496,P01653,2025-08-30 09:00:00,EARN,59,226,BKG-008170
LTX-0000497,P01653,2025-11-26 09:00:00,EARN,53,279,BKG-004959
LTX-0000498,P01653,2025-12-03 09:00:00,EARN,34,313,BKG-009667
LTX-0000499,P01871,2025-03-24 09:00:00,EARN,57,57,BKG-001575
LTX-0000500,P01871,2025-06-09 09:00:00,EARN,21,78,BKG-010855
LTX-0000501,P01871,2025-08-03 09:00:00,EARN,60,138,BKG-011715
LTX-0000502,P01871,2025-08-29 09:00:00,EARN,34,172,BKG-005653
LTX-0000503,P01871,2025-09-24 09:00:00,EARN,64,236,BKG-000116
LTX-0000504,P01658,2024-12-31 09:00:00,EARN,25,25,BKG-011100
LTX-0000505,P01658,2025-06-24 09:00:00,EARN,43,68,BKG-010060
LTX-0000506,P01658,2025-06-27 09:00:00,EARN,28,96,BKG-011241
LTX-0000507,P01658,2025-08-18 09:00:00,EARN,58,154,BKG-000117
LTX-0000508,P01658,2025-08-25 09:00:00,EARN,16,170,BKG-010165
LTX-0000509,P03403,2024-12-22 09:00:00,EARN,69,69,BKG-000118
LTX-0000510,P03403,2024-12-22 18:00:00,REDEEM,-10,59,BKG-000118
LTX-0000511,P03403,2025-08-17 09:00:00,EARN,33,92,BKG-009048
LTX-0000512,P03403,2025-08-17 18:00:00,REDEEM,-30,62,BKG-009048
LTX-0000513,P03403,2025-11-01 09:00:00,EARN,33,95,BKG-006023
LTX-0000514,P01644,2025-02-14 09:00:00,EARN,28,28,BKG-006663
LTX-0000515,P01644,2025-04-08 09:00:00,EARN,78,106,BKG-009613
LTX-0000516,P01644,2025-05-27 09:00:00,EARN,73,179,BKG-005588
LTX-0000517,P01644,2025-06-06 09:00:00,EARN,61,240,BKG-001257
LTX-0000518,P01644,2025-06-20 09:00:00,EARN,58,298,BKG-008649
LTX-0000519,P01644,2025-07-11 09:00:00,EARN,62,360,BKG-000120
LTX-0000520,P01644,2025-08-23 09:00:00,EARN,27,387,BKG-009443
LTX-0000521,P01644,2025-11-22 09:00:00,EARN,72,459,BKG-005379
LTX-0000522,P01644,2025-11-24 09:00:00,EARN,43,502,BKG-008122
LTX-0000523,P01644,2025-12-08 09:00:00,EARN,48,550,BKG-001615
LTX-0000524,P01644,2025-12-08 18:00:00,REDEEM,-10,540,BKG-001615
LTX-0000525,P03736,2025-04-04 09:00:00,EARN,42,42,BKG-011395
LTX-0000526,P03736,2025-05-16 09:00:00,EARN,63,105,BKG-000121
LTX-0000527,P03736,2025-06-10 09:00:00,EARN,18,123,BKG-007129
LTX-0000528,P03736,2025-06-12 09:00:00,EARN,46,169,BKG-003487
LTX-0000529,P03736,2025-07-19 09:00:00,EARN,65,234,BKG-006333
LTX-0000530,P02607,2025-03-11 09:00:00,EARN,42,42,BKG-003806
LTX-0000531,P02607,2025-03-15 09:00:00,EARN,38,80,BKG-003759
LTX-0000532,P02607,2025-03-15 18:00:00,REDEEM,-20,60,BKG-003759
LTX-0000533,P02607,2025-05-21 09:00:00,EARN,31,91,BKG-004064
LTX-0000534,P02607,2025-09-07 09:00:00,EARN,28,119,BKG-000122
LTX-0000535,P02607,2025-11-20 09:00:00,EARN,51,170,BKG-011184
LTX-0000536,P03694,2025-03-18 09:00:00,EARN,16,16,BKG-006793
LTX-0000537,P03694,2025-04-13 09:00:00,EARN,47,63,BKG-000124
LTX-0000538,P03694,2025-04-13 18:00:00,REDEEM,-20,43,BKG-000124
LTX-0000539,P03694,2025-06-19 09:00:00,EARN,33,76,BKG-008370
LTX-0000540,P03694,2025-08-08 09:00:00,EARN,27,103,BKG-007776
LTX-0000541,P03632,2025-03-16 09:00:00,EARN,36,36,BKG-011161
LTX-0000542,P03632,2025-03-16 18:00:00,REDEEM,-20,16,BKG-011161
LTX-0000543,P03632,2025-12-15 09:00:00,EARN,56,72,BKG-000125
LTX-0000544,P00495,2025-03-11 09:00:00,EARN,34,34,BKG-005677
LTX-0000545,P00495,2025-04-06 09:00:00,EARN,49,83,BKG-009074
LTX-0000546,P00495,2025-06-28 09:00:00,EARN,63,146,BKG-007943
LTX-0000547,P00495,2025-10-14 09:00:00,EARN,24,170,BKG-000126
LTX-0000548,P00495,2025-11-30 09:00:00,EARN,10,180,BKG-003560
LTX-0000549,P00747,2025-07-17 09:00:00,EARN,34,34,BKG-000127
LTX-0000550,P00747,2025-10-11 09:00:00,EARN,25,59,BKG-003883
LTX-0000551,P00747,2025-11-16 09:00:00,EARN,12,71,BKG-006133
LTX-0000552,P00747,2025-11-23 09:00:00,EARN,68,139,BKG-005487
LTX-0000553,P00747,2025-11-23 18:00:00,REDEEM,-30,109,BKG-005487
LTX-0000554,P00593,2025-06-12 09:00:00,EARN,41,41,BKG-008177
LTX-0000555,P00593,2025-06-12 18:00:00,REDEEM,-20,21,BKG-008177
LTX-0000556,P00593,2025-06-25 09:00:00,EARN,37,58,BKG-000128
LTX-0000557,P00593,2025-07-06 09:00:00,EARN,56,114,BKG-008094
LTX-0000558,P00593,2025-08-10 09:00:00,EARN,36,150,BKG-010699
LTX-0000559,P00593,2025-10-26 09:00:00,EARN,23,173,BKG-004985
LTX-0000560,P00593,2025-12-02 09:00:00,EARN,68,241,BKG-007116
LTX-0000561,P00032,2025-02-10 09:00:00,EARN,44,44,BKG-008300
LTX-0000562,P00032,2025-07-31 09:00:00,EARN,21,65,BKG-000129
LTX-0000563,P00032,2025-09-30 09:00:00,EARN,28,93,BKG-008137
LTX-0000564,P00032,2025-12-01 09:00:00,EARN,46,139,BKG-002905
LTX-0000565,P03073,2025-06-23 09:00:00,EARN,49,49,BKG-008168
LTX-0000566,P03073,2025-06-23 18:00:00,REDEEM,-30,19,BKG-008168
LTX-0000567,P03073,2025-07-09 09:00:00,EARN,49,68,BKG-006369
LTX-0000568,P03073,2025-10-19 09:00:00,EARN,37,105,BKG-000130
LTX-0000569,P03073,2025-11-21 09:00:00,EARN,8,113,BKG-005844
LTX-0000570,P02295,2025-07-07 09:00:00,EARN,65,65,BKG-011408
LTX-0000571,P02295,2025-08-08 09:00:00,EARN,66,131,BKG-007089
LTX-0000572,P02295,2025-08-17 09:00:00,EARN,36,167,BKG-008398
LTX-0000573,P02295,2025-08-27 09:00:00,EARN,46,213,BKG-000131
LTX-0000574,P02742,2025-06-12 09:00:00,EARN,43,43,BKG-004901
LTX-0000575,P02742,2025-06-16 09:00:00,EARN,49,92,BKG-001825
LTX-0000576,P02742,2025-07-10 09:00:00,EARN,48,140,BKG-002234
LTX-0000577,P02742,2025-07-29 09:00:00,EARN,19,159,BKG-000132
LTX-0000578,P02742,2025-07-29 18:00:00,REDEEM,-20,139,BKG-000132
LTX-0000579,P02742,2025-09-17 09:00:00,EARN,66,205,BKG-011230
LTX-0000580,P02683,2024-12-26 09:00:00,EARN,68,68,BKG-000133
LTX-0000581,P02683,2025-09-14 09:00:00,EARN,60,128,BKG-009251
LTX-0000582,P03456,2025-05-28 09:00:00,EARN,26,26,BKG-000134
LTX-0000583,P03456,2025-06-17 09:00:00,EARN,48,74,BKG-007914
LTX-0000584,P03456,2025-09-25 09:00:00,EARN,16,90,BKG-000817
LTX-0000585,P03456,2025-10-25 09:00:00,EARN,80,170,BKG-004053
LTX-0000586,P03456,2025-11-18 09:00:00,EARN,31,201,BKG-009502
LTX-0000587,P03164,2025-02-05 09:00:00,EARN,66,66,BKG-011150
LTX-0000588,P03164,2025-02-22 09:00:00,EARN,58,124,BKG-009435
LTX-0000589,P03164,2025-05-18 09:00:00,EARN,104,228,BKG-005825
LTX-0000590,P03164,2025-05-19 09:00:00,EARN,31,259,BKG-000980
LTX-0000591,P03164,2025-06-29 09:00:00,EARN,53,312,BKG-001712
LTX-0000592,P03164,2025-09-21 09:00:00,EARN,48,360,BKG-000135
LTX-0000593,P03164,2025-12-01 09:00:00,EARN,57,417,BKG-001463
LTX-0000594,P03635,2025-06-04 09:00:00,EARN,54,54,BKG-000136
LTX-0000595,P03395,2025-02-06 09:00:00,EARN,84,84,BKG-009759
LTX-0000596,P03395,2025-02-06 18:00:00,REDEEM,-10,74,BKG-009759
LTX-0000597,P03395,2025-02-13 09:00:00,EARN,34,108,BKG-001884
LTX-0000598,P03395,2025-06-04 09:00:00,EARN,73,181,BKG-000137
LTX-0000599,P03395,2025-06-30 09:00:00,EARN,54,235,BKG-000208
LTX-0000600,P03395,2025-06-30 18:00:00,REDEEM,-10,225,BKG-000208
LTX-0000601,P03294,2025-03-28 09:00:00,EARN,49,49,BKG-000783
LTX-0000602,P03294,2025-11-25 09:00:00,EARN,20,69,BKG-000139
LTX-0000603,P03223,2024-12-31 09:00:00,EARN,45,45,BKG-002261
LTX-0000604,P03223,2025-02-25 09:00:00,EARN,49,94,BKG-003720
LTX-0000605,P03223,2025-05-30 09:00:00,EARN,38,132,BKG-010515
LTX-0000606,P03223,2025-08-20 09:00:00,EARN,41,173,BKG-009481
LTX-0000607,P03223,2025-10-09 09:00:00,EARN,48,221,BKG-001888
LTX-0000608,P03223,2025-10-27 09:00:00,EARN,73,294,BKG-004283
LTX-0000609,P03223,2025-10-27 18:00:00,REDEEM,-30,264,BKG-004283
LTX-0000610,P03223,2025-12-03 09:00:00,EARN,52,316,BKG-000140
LTX-0000611,P03047,2024-12-29 09:00:00,EARN,42,42,BKG-000141
LTX-0000612,P03047,2025-06-25 09:00:00,EARN,58,100,BKG-010240
LTX-0000613,P03478,2025-05-28 09:00:00,EARN,92,92,BKG-009015
LTX-0000614,P03478,2025-07-04 09:00:00,EARN,49,141,BKG-003899
LTX-0000615,P03478,2025-09-12 09:00:00,EARN,6,147,BKG-000142
LTX-0000616,P03478,2025-11-27 09:00:00,EARN,24,171,BKG-005297
LTX-0000617,P01352,2025-02-21 09:00:00,EARN,43,43,BKG-000143
LTX-0000618,P01352,2025-02-26 09:00:00,EARN,14,57,BKG-011663
LTX-0000619,P01352,2025-09-08 09:00:00,EARN,68,125,BKG-009961
LTX-0000620,P01352,2025-09-08 18:00:00,REDEEM,-20,105,BKG-009961
LTX-0000621,P01352,2025-09-12 09:00:00,EARN,36,141,BKG-006795
LTX-0000622,P00428,2024-12-23 09:00:00,EARN,44,44,BKG-012209
LTX-0000623,P00428,2025-07-09 09:00:00,EARN,15,59,BKG-006282
LTX-0000624,P00428,2025-08-11 09:00:00,EARN,41,100,BKG-002435
LTX-0000625,P00428,2025-11-05 09:00:00,EARN,16,116,BKG-000144
LTX-0000626,P00428,2025-11-28 09:00:00,EARN,101,217,BKG-010034
LTX-0000627,P01538,2025-05-20 09:00:00,EARN,43,43,BKG-000145
LTX-0000628,P01538,2025-05-20 18:00:00,REDEEM,-10,33,BKG-000145
LTX-0000629,P01538,2025-10-27 09:00:00,EARN,16,49,BKG-000879
LTX-0000630,P01538,2025-12-07 09:00:00,EARN,38,87,BKG-009046
LTX-0000631,P03672,2025-06-16 09:00:00,EARN,61,61,BKG-000146
LTX-0000632,P03672,2025-07-22 09:00:00,EARN,31,92,BKG-000534
LTX-0000633,P01540,2025-06-16 09:00:00,EARN,86,86,BKG-001711
LTX-0000634,P01540,2025-10-04 09:00:00,EARN,26,112,BKG-000147
LTX-0000635,P00511,2025-06-23 09:00:00,EARN,11,11,BKG-000148
LTX-0000636,P00511,2025-07-14 09:00:00,EARN,10,21,BKG-000524
LTX-0000637,P02933,2025-01-22 09:00:00,EARN,57,57,BKG-011866
LTX-0000638,P02933,2025-01-23 09:00:00,EARN,38,95,BKG-007942
LTX-0000639,P02933,2025-06-28 09:00:00,EARN,32,127,BKG-000149
LTX-0000640,P02933,2025-06-28 18:00:00,REDEEM,-10,117,BKG-000149
LTX-0000641,P02933,2025-06-29 09:00:00,EARN,64,181,BKG-002157
LTX-0000642,P03980,2025-02-13 09:00:00,EARN,65,65,BKG-003634
LTX-0000643,P03980,2025-02-19 09:00:00,EARN,54,119,BKG-009088
LTX-0000644,P03980,2025-03-11 09:00:00,EARN,14,133,BKG-007849
LTX-0000645,P03980,2025-05-11 09:00:00,EARN,28,161,BKG-005543
LTX-0000646,P03980,2025-05-25 09:00:00,EARN,21,182,BKG-008235
LTX-0000647,P03980,2025-06-23 09:00:00,EARN,41,223,BKG-000150
LTX-0000648,P03980,2025-08-01 09:00:00,EARN,53,276,BKG-004524
LTX-0000649,P03980,2025-10-02 09:00:00,EARN,36,312,BKG-007535
LTX-0000650,P03663,2024-12-23 09:00:00,EARN,14,14,BKG-000151
LTX-0000651,P03663,2025-01-05 09:00:00,EARN,30,44,BKG-004509
LTX-0000652,P03663,2025-01-05 18:00:00,REDEEM,-10,34,BKG-004509
LTX-0000653,P03663,2025-07-05 09:00:00,EARN,94,128,BKG-008961
LTX-0000654,P03663,2025-11-05 09:00:00,EARN,82,210,BKG-007356
LTX-0000655,P03663,2025-12-07 09:00:00,EARN,57,267,BKG-001831
LTX-0000656,P03203,2025-06-08 09:00:00,EARN,40,40,BKG-000152
LTX-0000657,P03203,2025-06-23 09:00:00,EARN,43,83,BKG-006764
LTX-0000658,P03203,2025-08-20 09:00:00,EARN,37,120,BKG-010133
LTX-0000659,P03203,2025-11-21 09:00:00,EARN,59,179,BKG-010057
LTX-0000660,P03203,2025-11-22 09:00:00,EARN,53,232,BKG-001203
LTX-0000661,P01211,2025-01-21 09:00:00,EARN,12,12,BKG-000329
LTX-0000662,P01211,2025-05-29 09:00:00,EARN,105,117,BKG-007275
LTX-0000663,P01211,2025-07-14 09:00:00,EARN,26,143,BKG-000153
LTX-0000664,P01211,2025-11-16 09:00:00,EARN,80,223,BKG-011154
LTX-0000665,P02822,2025-03-04 09:00:00,EARN,54,54,BKG-009312
LTX-0000666,P02822,2025-06-02 09:00:00,EARN,70,124,BKG-000154
LTX-0000667,P02822,2025-07-06 09:00:00,EARN,54,178,BKG-000379
LTX-0000668,P03521,2025-03-24 09:00:00,EARN,54,54,BKG-010433
LTX-0000669,P03521,2025-03-24 18:00:00,REDEEM,-10,44,BKG-010433
LTX-0000670,P03521,2025-06-12 09:00:00,EARN,27,71,BKG-000155
LTX-0000671,P03521,2025-07-16 09:00:00,EARN,50,121,BKG-007262
LTX-0000672,P03850,2024-12-31 09:00:00,EARN,48,48,BKG-000156
LTX-0000673,P00274,2025-06-18 09:00:00,EARN,68,68,BKG-011248
LTX-0000674,P00274,2025-07-09 09:00:00,EARN,60,128,BKG-005989
LTX-0000675,P00274,2025-07-15 09:00:00,EARN,53,181,BKG-001279
LTX-0000676,P00274,2025-12-10 09:00:00,EARN,65,246,BKG-000157
LTX-0000677,P00274,2025-12-18 09:00:00,EARN,19,265,BKG-008291
LTX-0000678,P02158,2025-06-20 09:00:00,EARN,59,59,BKG-007066
LTX-0000679,P02158,2025-07-24 09:00:00,EARN,29,88,BKG-011586
LTX-0000680,P02158,2025-07-24 18:00:00,REDEEM,-30,58,BKG-011586
LTX-0000681,P02158,2025-07-28 09:00:00,EARN,30,88,BKG-000158
LTX-0000682,P02158,2025-12-07 09:00:00,EARN,31,119,BKG-000380
LTX-0000683,P02830,2025-06-09 09:00:00,EARN,45,45,BKG-000160
LTX-0000684,P02830,2025-07-05 09:00:00,EARN,67,112,BKG-005410
LTX-0000685,P01928,2025-03-30 09:00:00,EARN,36,36,BKG-000161
LTX-0000686,P01928,2025-05-31 09:00:00,EARN,9,45,BKG-012218
LTX-0000687,P01928,2025-11-16 09:00:00,EARN,49,94,BKG-009944
LTX-0000688,P02209,2024-12-09 09:00:00,EARN,35,35,BKG-000162
LTX-0000689,P00622,2025-10-14 09:00:00,EARN,12,12,BKG-000163
LTX-0000690,P00622,2025-12-01 09:00:00,EARN,50,62,BKG-001973
LTX-0000691,P00622,2025-12-06 09:00:00,EARN,27,89,BKG-000396
LTX-0000692,P00553,2025-02-21 09:00:00,EARN,38,38,BKG-000164
LTX-0000693,P00553,2025-02-22 09:00:00,EARN,54,92,BKG-009303
LTX-0000694,P02195,2025-02-01 09:00:00,EARN,23,23,BKG-002985
LTX-0000695,P02195,2025-03-06 09:00:00,EARN,27,50,BKG-000233
LTX-0000696,P02195,2025-07-11 09:00:00,EARN,28,78,BKG-008679
LTX-0000697,P02195,2025-11-14 09:00:00,EARN,37,115,BKG-000165
LTX-0000698,P03987,2025-06-16 09:00:00,EARN,100,100,BKG-003525
LTX-0000699,P03987,2025-07-15 09:00:00,EARN,95,195,BKG-008155
LTX-0000700,P03987,2025-07-16 09:00:00,EARN,42,237,BKG-003583
LTX-0000701,P03987,2025-09-23 09:00:00,EARN,49,286,BKG-000166
LTX-0000702,P03987,2025-12-18 09:00:00,EARN,63,349,BKG-000301
LTX-0000703,P03987,2025-12-19 09:00:00,EARN,65,414,BKG-007975
LTX-0000704,P02594,2025-04-08 09:00:00,EARN,31,31,BKG-000167
LTX-0000705,P02594,2025-04-16 09:00:00,EARN,37,68,BKG-000774
LTX-0000706,P00807,2025-03-09 09:00:00,EARN,38,38,BKG-002800
LTX-0000707,P00807,2025-04-21 09:00:00,EARN,45,83,BKG-001284
LTX-0000708,P00807,2025-06-22 09:00:00,EARN,9,92,BKG-007681
LTX-0000709,P00807,2025-06-27 09:00:00,EARN,68,160,BKG-000168
LTX-0000710,P00807,2025-07-08 09:00:00,EARN,12,172,BKG-001481
LTX-0000711,P00807,2025-07-08 18:00:00,REDEEM,-10,162,BKG-001481
LTX-0000712,P00807,2025-11-04 09:00:00,EARN,31,193,BKG-005148
LTX-0000713,P00807,2025-11-30 09:00:00,EARN,81,274,BKG-003854
LTX-0000714,P00807,2025-11-30 18:00:00,REDEEM,-20,254,BKG-003854
LTX-0000715,P02261,2025-08-15 09:00:00,EARN,23,23,BKG-000169
LTX-0000716,P02261,2025-08-17 09:00:00,EARN,44,67,BKG-009089
LTX-0000717,P02261,2025-08-17 18:00:00,REDEEM,-20,47,BKG-009089
LTX-0000718,P01814,2025-05-18 09:00:00,EARN,47,47,BKG-003265
LTX-0000719,P01814,2025-09-19 09:00:00,EARN,60,107,BKG-002475
LTX-0000720,P01814,2025-12-16 09:00:00,EARN,78,185,BKG-000170
LTX-0000721,P01814,2025-12-19 09:00:00,EARN,45,230,BKG-001182
LTX-0000722,P00386,2025-03-09 09:00:00,EARN,25,25,BKG-003040
LTX-0000723,P00386,2025-04-28 09:00:00,EARN,34,59,BKG-000171
LTX-0000724,P00386,2025-07-06 09:00:00,EARN,116,175,BKG-003372
LTX-0000725,P00386,2025-07-06 09:00:00,EARN,59,234,BKG-004012
LTX-0000726,P00386,2025-07-30 09:00:00,EARN,48,282,BKG-010439
LTX-0000727,P00386,2025-11-24 09:00:00,EARN,25,307,BKG-009779
LTX-0000728,P00406,2024-12-27 09:00:00,EARN,50,50,BKG-006539
LTX-0000729,P00406,2025-05-20 09:00:00,EARN,24,74,BKG-010120
LTX-0000730,P00406,2025-09-16 09:00:00,EARN,62,136,BKG-000172
LTX-0000731,P00406,2025-09-16 18:00:00,REDEEM,-20,116,BKG-000172
LTX-0000732,P00406,2025-09-30 09:00:00,EARN,68,184,BKG-008353
LTX-0000733,P01329,2025-04-04 09:00:00,EARN,14,14,BKG-005042
LTX-0000734,P01329,2025-08-07 09:00:00,EARN,57,71,BKG-000493
LTX-0000735,P01329,2025-08-21 09:00:00,EARN,22,93,BKG-005380
LTX-0000736,P01329,2025-12-21 09:00:00,EARN,85,178,BKG-000173
LTX-0000737,P00478,2025-01-13 09:00:00,EARN,47,47,BKG-007204
LTX-0000738,P00478,2025-06-09 09:00:00,EARN,40,87,BKG-007397
LTX-0000739,P00478,2025-06-09 18:00:00,REDEEM,-20,67,BKG-007397
LTX-0000740,P00478,2025-06-12 09:00:00,EARN,41,108,BKG-007790
LTX-0000741,P00478,2025-06-21 09:00:00,EARN,38,146,BKG-008620
LTX-0000742,P00478,2025-06-29 09:00:00,EARN,35,181,BKG-000174
LTX-0000743,P00478,2025-08-19 09:00:00,EARN,36,217,BKG-006430
LTX-0000744,P01867,2024-12-13 09:00:00,EARN,71,71,BKG-001740
LTX-0000745,P01867,2025-06-24 09:00:00,EARN,97,168,BKG-000175
LTX-0000746,P01867,2025-06-24 09:00:00,EARN,38,206,BKG-010990
LTX-0000747,P01867,2025-10-17 09:00:00,EARN,86,292,BKG-001506
LTX-0000748,P01241,2025-05-13 09:00:00,EARN,22,22,BKG-001046
LTX-0000749,P01241,2025-08-23 09:00:00,EARN,26,48,BKG-004993
LTX-0000750,P01241,2025-08-23 18:00:00,REDEEM,-30,18,BKG-004993
LTX-0000751,P01241,2025-12-11 09:00:00,EARN,28,46,BKG-000176
LTX-0000752,P01241,2025-12-11 18:00:00,REDEEM,-30,16,BKG-000176
LTX-0000753,P01241,2025-12-21 09:00:00,EARN,104,120,BKG-002448
LTX-0000754,P03794,2024-12-11 09:00:00,EARN,47,47,BKG-002290
LTX-0000755,P03794,2025-06-27 09:00:00,EARN,17,64,BKG-000750
LTX-0000756,P03794,2025-06-28 09:00:00,EARN,29,93,BKG-009413
LTX-0000757,P03794,2025-07-07 09:00:00,EARN,47,140,BKG-004036
LTX-0000758,P03794,2025-11-21 09:00:00,EARN,58,198,BKG-000177
LTX-0000759,P02443,2025-03-02 09:00:00,EARN,9,9,BKG-000360
LTX-0000760,P02443,2025-03-30 09:00:00,EARN,44,53,BKG-000178
LTX-0000761,P02443,2025-06-13 09:00:00,EARN,79,132,BKG-001593
LTX-0000762,P02443,2025-06-13 18:00:00,REDEEM,-10,122,BKG-001593
LTX-0000763,P02443,2025-08-31 09:00:00,EARN,45,167,BKG-011560
LTX-0000764,P02443,2025-10-26 09:00:00,EARN,40,207,BKG-003355
LTX-0000765,P02443,2025-12-10 09:00:00,EARN,70,277,BKG-011714
LTX-0000766,P03501,2025-01-04 09:00:00,EARN,44,44,BKG-000179
LTX-0000767,P03501,2025-06-20 09:00:00,EARN,61,105,BKG-012369
LTX-0000768,P03501,2025-06-24 09:00:00,EARN,41,146,BKG-011080
LTX-0000769,P03501,2025-07-16 09:00:00,EARN,15,161,BKG-002503
LTX-0000770,P03501,2025-07-16 18:00:00,REDEEM,-30,131,BKG-002503
LTX-0000771,P03501,2025-07-18 09:00:00,EARN,10,141,BKG-012197
LTX-0000772,P03699,2024-12-17 09:00:00,EARN,56,56,BKG-011360
LTX-0000773,P03699,2025-06-05 09:00:00,EARN,61,117,BKG-000180
LTX-0000774,P03699,2025-08-11 09:00:00,EARN,45,162,BKG-004208
LTX-0000775,P03699,2025-12-13 09:00:00,EARN,20,182,BKG-000868
LTX-0000776,P03699,2025-12-13 18:00:00,REDEEM,-10,172,BKG-000868
LTX-0000777,P02279,2025-02-19 09:00:00,EARN,8,8,BKG-011462
LTX-0000778,P02279,2025-02-23 09:00:00,EARN,42,50,BKG-000653
LTX-0000779,P02279,2025-02-23 18:00:00,REDEEM,-20,30,BKG-000653
LTX-0000780,P02279,2025-07-29 09:00:00,EARN,65,95,BKG-005124
LTX-0000781,P02279,2025-07-29 18:00:00,REDEEM,-30,65,BKG-005124
LTX-0000782,P02279,2025-10-19 09:00:00,EARN,32,97,BKG-000181
LTX-0000783,P02279,2025-10-24 09:00:00,EARN,63,160,BKG-005362
LTX-0000784,P01753,2024-12-23 09:00:00,EARN,40,40,BKG-012194
LTX-0000785,P01753,2025-05-09 09:00:00,EARN,16,56,BKG-004626
LTX-0000786,P01753,2025-06-03 09:00:00,EARN,37,93,BKG-006841
LTX-0000787,P01753,2025-07-05 09:00:00,EARN,35,128,BKG-012292
LTX-0000788,P01753,2025-07-21 09:00:00,EARN,26,154,BKG-010776
LTX-0000789,P01753,2025-12-15 09:00:00,EARN,51,205,BKG-000182
LTX-0000790,P02760,2025-03-09 09:00:00,EARN,51,51,BKG-004111
LTX-0000791,P02760,2025-07-17 09:00:00,EARN,35,86,BKG-000462
LTX-0000792,P02760,2025-11-02 09:00:00,EARN,25,111,BKG-000183
LTX-0000793,P02760,2025-11-02 18:00:00,REDEEM,-30,81,BKG-000183
LTX-0000794,P02760,2025-11-15 09:00:00,EARN,57,138,BKG-003188
LTX-0000795,P02760,2025-11-15 18:00:00,REDEEM,-10,128,BKG-003188
LTX-0000796,P02760,2025-11-23 09:00:00,EARN,37,165,BKG-001685
LTX-0000797,P01274,2025-03-05 09:00:00,EARN,44,44,BKG-000184
LTX-0000798,P01274,2025-05-15 09:00:00,EARN,27,71,BKG-005687
LTX-0000799,P01274,2025-05-25 09:00:00,EARN,76,147,BKG-010524
LTX-0000800,P03231,2025-06-22 09:00:00,EARN,47,47,BKG-012470
LTX-0000801,P03231,2025-07-05 09:00:00,EARN,32,79,BKG-011972
LTX-0000802,P03231,2025-10-16 09:00:00,EARN,50,129,BKG-000185
LTX-0000803,P03231,2025-11-07 09:00:00,EARN,80,209,BKG-002772
LTX-0000804,P03231,2025-11-07 18:00:00,REDEEM,-10,199,BKG-002772
LTX-0000805,P01032,2024-12-18 09:00:00,EARN,17,17,BKG-001014
LTX-0000806,P01032,2025-02-10 09:00:00,EARN,34,51,BKG-001673
LTX-0000807,P01032,2025-06-08 09:00:00,EARN,47,98,BKG-008768
LTX-0000808,P01032,2025-08-18 09:00:00,EARN,17,115,BKG-000186
LTX-0000809,P02061,2024-12-10 09:00:00,EARN,64,64,BKG-007333
LTX-0000810,P02061,2025-05-29 09:00:00,EARN,53,117,BKG-000187
LTX-0000811,P02061,2025-05-29 18:00:00,REDEEM,-30,87,BKG-000187
LTX-0000812,P02061,2025-08-29 09:00:00,EARN,31,118,BKG-010935
LTX-0000813,P02061,2025-12-11 09:00:00,EARN,52,170,BKG-004949
LTX-0000814,P00150,2025-01-17 09:00:00,EARN,41,41,BKG-001364
LTX-0000815,P00150,2025-03-26 09:00:00,EARN,36,77,BKG-000188
LTX-0000816,P00150,2025-06-19 09:00:00,EARN,124,201,BKG-008362
LTX-0000817,P00150,2025-06-30 09:00:00,EARN,60,261,BKG-007498
LTX-0000818,P00150,2025-10-01 09:00:00,EARN,27,288,BKG-002856
LTX-0000819,P00150,2025-10-02 09:00:00,EARN,61,349,BKG-000973
LTX-0000820,P00150,2025-12-15 09:00:00,EARN,74,423,BKG-007021
LTX-0000821,P00150,2025-12-15 18:00:00,REDEEM,-30,393,BKG-007021
LTX-0000822,P03192,2025-02-06 09:00:00,EARN,38,38,BKG-004673
LTX-0000823,P03192,2025-05-30 09:00:00,EARN,25,63,BKG-001662
LTX-0000824,P03192,2025-09-21 09:00:00,EARN,10,73,BKG-006924
LTX-0000825,P03192,2025-09-22 09:00:00,EARN,67,140,BKG-008789
LTX-0000826,P03192,2025-12-06 09:00:00,EARN,41,181,BKG-000189
LTX-0000827,P03131,2025-04-24 09:00:00,EARN,25,25,BKG-002046
LTX-0000828,P03131,2025-05-22 09:00:00,EARN,96,121,BKG-000190
LTX-0000829,P03131,2025-05-26 09:00:00,EARN,28,149,BKG-001496
LTX-0000830,P00399,2025-07-04 09:00:00,EARN,47,47,BKG-004061
LTX-0000831,P00399,2025-09-13 09:00:00,EARN,28,75,BKG-000191
LTX-0000832,P00399,2025-11-19 09:00:00,EARN,30,105,BKG-007513
LTX-0000833,P00399,2025-11-19 18:00:00,REDEEM,-10,95,BKG-007513
LTX-0000834,P00399,2025-11-25 09:00:00,EARN,23,118,BKG-000359
LTX-0000835,P01225,2025-05-25 09:00:00,EARN,83,83,BKG-000192
LTX-0000836,P01225,2025-07-07 09:00:00,EARN,63,146,BKG-009504
LTX-0000837,P01225,2025-09-13 09:00:00,EARN,24,170,BKG-001136
LTX-0000838,P01225,2025-12-09 09:00:00,EARN,20,190,BKG-005625
LTX-0000839,P02196,2025-06-05 09:00:00,EARN,54,54,BKG-007964
LTX-0000840,P02196,2025-06-13 09:00:00,EARN,32,86,BKG-000590
LTX-0000841,P02196,2025-06-23 09:00:00,EARN,43,129,BKG-005711
LTX-0000842,P02196,2025-10-09 09:00:00,EARN,8,137,BKG-000193
LTX-0000843,P02196,2025-12-14 09:00:00,EARN,79,216,BKG-009440
LTX-0000844,P02196,2025-12-14 18:00:00,REDEEM,-10,206,BKG-009440
LTX-0000845,P02392,2025-01-24 09:00:00,EARN,16,16,BKG-000194
LTX-0000846,P02392,2025-03-30 09:00:00,EARN,74,90,BKG-011202
LTX-0000847,P02392,2025-05-21 09:00:00,EARN,56,146,BKG-012232
LTX-0000848,P02392,2025-11-24 09:00:00,EARN,67,213,BKG-006479
LTX-0000849,P02392,2025-11-24 18:00:00,REDEEM,-20,193,BKG-006479
LTX-0000850,P03582,2025-02-24 09:00:00,EARN,59,59,BKG-007926
LTX-0000851,P03582,2025-06-09 09:00:00,EARN,12,71,BKG-012076
LTX-0000852,P03582,2025-11-09 09:00:00,EARN,33,104,BKG-000195
LTX-0000853,P03170,2025-08-28 09:00:00,EARN,46,46,BKG-002264
LTX-0000854,P03170,2025-12-12 09:00:00,EARN,63,109,BKG-000196
LTX-0000855,P00523,2025-03-12 09:00:00,EARN,18,18,BKG-005835
LTX-0000856,P00523,2025-06-21 09:00:00,EARN,47,65,BKG-004118
LTX-0000857,P00523,2025-08-09 09:00:00,EARN,71,136,BKG-000197
LTX-0000858,P00523,2025-08-17 09:00:00,EARN,32,168,BKG-000748
LTX-0000859,P00523,2025-12-20 09:00:00,EARN,47,215,BKG-009081
LTX-0000860,P00384,2025-03-06 09:00:00,EARN,52,52,BKG-008705
LTX-0000861,P00384,2025-04-16 09:00:00,EARN,40,92,BKG-009802
LTX-0000862,P00384,2025-09-02 09:00:00,EARN,20,112,BKG-000198
LTX-0000863,P00384,2025-09-02 18:00:00,REDEEM,-30,82,BKG-000198
LTX-0000864,P00384,2025-11-17 09:00:00,EARN,38,120,BKG-004584
LTX-0000865,P00517,2025-02-14 09:00:00,EARN,6,6,BKG-012258
LTX-0000866,P00517,2025-05-14 09:00:00,EARN,52,58,BKG-000199
LTX-0000867,P00517,2025-06-30 09:00:00,EARN,47,105,BKG-001551
LTX-0000868,P03315,2025-06-03 09:00:00,EARN,26,26,BKG-005684
LTX-0000869,P03315,2025-06-15 09:00:00,EARN,44,70,BKG-003989
LTX-0000870,P03315,2025-06-21 09:00:00,EARN,73,143,BKG-001564
LTX-0000871,P03315,2025-07-03 09:00:00,EARN,54,197,BKG-000200
LTX-0000872,P03315,2025-12-14 09:00:00,EARN,20,217,BKG-007815
LTX-0000873,P01663,2025-05-20 09:00:00,EARN,68,68,BKG-000201
LTX-0000874,P01663,2025-06-09 09:00:00,EARN,54,122,BKG-000901
LTX-0000875,P01663,2025-07-16 09:00:00,EARN,33,155,BKG-003460
LTX-0000876,P02104,2025-04-02 09:00:00,EARN,20,20,BKG-009552
LTX-0000877,P02104,2025-06-13 09:00:00,EARN,56,76,BKG-005586
LTX-0000878,P02104,2025-06-15 09:00:00,EARN,35,111,BKG-000202
LTX-0000879,P02104,2025-06-15 18:00:00,REDEEM,-10,101,BKG-000202
LTX-0000880,P02104,2025-07-06 09:00:00,EARN,51,152,BKG-010255
LTX-0000881,P02104,2025-07-24 09:00:00,EARN,34,186,BKG-010010
LTX-0000882,P02104,2025-09-25 09:00:00,EARN,26,212,BKG-007338
LTX-0000883,P02104,2025-11-18 09:00:00,EARN,95,307,BKG-003202
LTX-0000884,P02104,2025-11-18 18:00:00,REDEEM,-10,297,BKG-003202
LTX-0000885,P02104,2025-11-26 09:00:00,EARN,91,388,BKG-001538
LTX-0000886,P01694,2025-05-28 09:00:00,EARN,30,30,BKG-002059
LTX-0000887,P01694,2025-07-02 09:00:00,EARN,70,100,BKG-000203
LTX-0000888,P01694,2025-07-17 09:00:00,EARN,48,148,BKG-003370
LTX-0000889,P01694,2025-11-25 09:00:00,EARN,88,236,BKG-001326
LTX-0000890,P01694,2025-12-08 09:00:00,EARN,60,296,BKG-001957
LTX-0000891,P00033,2025-01-18 09:00:00,EARN,55,55,BKG-010682
LTX-0000892,P00033,2025-05-27 09:00:00,EARN,48,103,BKG-000204
LTX-0000893,P00033,2025-05-29 09:00:00,EARN,17,120,BKG-010905
LTX-0000894,P00033,2025-05-29 18:00:00,REDEEM,-30,90,BKG-010905
LTX-0000895,P00033,2025-11-25 09:00:00,EARN,82,172,BKG-011145
LTX-0000896,P00648,2025-07-05 09:00:00,EARN,55,55,BKG-010350
LTX-0000897,P00648,2025-07-05 18:00:00,REDEEM,-10,45,BKG-010350
LTX-0000898,P00648,2025-07-13 09:00:00,EARN,9,54,BKG-000205
LTX-0000899,P00648,2025-11-09 09:00:00,EARN,21,75,BKG-001399
LTX-0000900,P02139,2025-04-12 09:00:00,EARN,55,55,BKG-010583
LTX-0000901,P02139,2025-04-20 09:00:00,EARN,78,133,BKG-010956
LTX-0000902,P02139,2025-06-05 09:00:00,EARN,95,228,BKG-003741
LTX-0000903,P02139,2025-07-13 09:00:00,EARN,48,276,BKG-002011
LTX-0000904,P02139,2025-12-03 09:00:00,EARN,80,356,BKG-007247
LTX-0000905,P02139,2025-12-14 09:00:00,EARN,61,417,BKG-000206
LTX-0000906,P03306,2025-01-07 09:00:00,EARN,42,42,BKG-000949
LTX-0000907,P03306,2025-06-22 09:00:00,EARN,45,87,BKG-004829
LTX-0000908,P03306,2025-09-17 09:00:00,EARN,57,144,BKG-003351
LTX-0000909,P03306,2025-11-09 09:00:00,EARN,46,190,BKG-002472
LTX-0000910,P03306,2025-11-29 09:00:00,EARN,12,202,BKG-000207
LTX-0000911,P03306,2025-12-04 09:00:00,EARN,58,260,BKG-001877
LTX-0000912,P03306,2025-12-04 09:00:00,EARN,77,337,BKG-011181
LTX-0000913,P03607,2025-07-21 09:00:00,EARN,76,76,BKG-004508
LTX-0000914,P03607,2025-09-05 09:00:00,EARN,10,86,BKG-000209
LTX-0000915,P01202,2025-03-28 09:00:00,EARN,26,26,BKG-002029
LTX-0000916,P01202,2025-03-28 18:00:00,REDEEM,-10,16,BKG-002029
LTX-0000917,P01202,2025-04-18 09:00:00,EARN,88,104,BKG-006477
LTX-0000918,P01202,2025-06-13 09:00:00,EARN,47,151,BKG-007385
LTX-0000919,P01202,2025-07-15 09:00:00,EARN,36,187,BKG-003841
LTX-0000920,P01202,2025-08-12 09:00:00,EARN,28,215,BKG-001942
LTX-0000921,P01202,2025-10-07 09:00:00,EARN,12,227,BKG-006248
LTX-0000922,P01202,2025-11-07 09:00:00,EARN,37,264,BKG-000889
LTX-0000923,P01202,2025-12-21 09:00:00,EARN,66,330,BKG-000210
LTX-0000924,P03302,2025-04-09 09:00:00,EARN,60,60,BKG-000211
LTX-0000925,P03302,2025-08-29 09:00:00,EARN,13,73,BKG-003348
LTX-0000926,P03302,2025-08-29 18:00:00,REDEEM,-20,53,BKG-003348
LTX-0000927,P01433,2025-03-24 09:00:00,EARN,26,26,BKG-003884
LTX-0000928,P01433,2025-06-28 09:00:00,EARN,68,94,BKG-001633
LTX-0000929,P01433,2025-10-14 09:00:00,EARN,31,125,BKG-000212
LTX-0000930,P01433,2025-11-27 09:00:00,EARN,96,221,BKG-009834
LTX-0000931,P01433,2025-11-28 09:00:00,EARN,90,311,BKG-008941
LTX-0000932,P02359,2025-04-26 09:00:00,EARN,39,39,BKG-006463
LTX-0000933,P02359,2025-06-27 09:00:00,EARN,45,84,BKG-003432
LTX-0000934,P02359,2025-07-21 09:00:00,EARN,53,137,BKG-000213
LTX-0000935,P02359,2025-12-04 09:00:00,EARN,38,175,BKG-005604
LTX-0000936,P02359,2025-12-04 18:00:00,REDEEM,-10,165,BKG-005604
LTX-0000937,P02359,2025-12-18 09:00:00,EARN,37,202,BKG-002901
LTX-0000938,P03693,2025-01-01 09:00:00,EARN,36,36,BKG-000688
LTX-0000939,P03693,2025-02-15 09:00:00,EARN,31,67,BKG-008610
LTX-0000940,P03693,2025-04-02 09:00:00,EARN,85,152,BKG-000214
LTX-0000941,P03693,2025-09-16 09:00:00,EARN,42,194,BKG-001134
LTX-0000942,P00983,2025-07-23 09:00:00,EARN,42,42,BKG-000215
LTX-0000943,P02737,2025-02-26 09:00:00,EARN,32,32,BKG-009605
LTX-0000944,P02737,2025-10-25 09:00:00,EARN,63,95,BKG-003143
LTX-0000945,P02737,2025-11-08 09:00:00,EARN,76,171,BKG-000216
LTX-0000946,P01765,2024-12-21 09:00:00,EARN,13,13,BKG-000217
LTX-0000947,P01765,2024-12-30 09:00:00,EARN,36,49,BKG-005448
LTX-0000948,P01765,2025-07-04 09:00:00,EARN,39,88,BKG-008902
LTX-0000949,P01765,2025-11-29 09:00:00,EARN,26,114,BKG-004515
LTX-0000950,P03000,2025-06-26 09:00:00,EARN,98,98,BKG-001517
LTX-0000951,P03000,2025-07-04 09:00:00,EARN,79,177,BKG-000218
LTX-0000952,P03000,2025-07-04 09:00:00,EARN,91,268,BKG-003491
LTX-0000953,P02671,2025-03-23 09:00:00,EARN,45,45,BKG-000992
LTX-0000954,P02671,2025-05-19 09:00:00,EARN,62,107,BKG-001174
LTX-0000955,P02671,2025-06-04 09:00:00,EARN,37,144,BKG-000219
LTX-0000956,P02671,2025-10-27 09:00:00,EARN,11,155,BKG-003597
LTX-0000957,P00555,2025-09-04 09:00:00,EARN,50,50,BKG-000220
LTX-0000958,P03826,2025-02-04 09:00:00,EARN,46,46,BKG-001488
LTX-0000959,P03826,2025-10-01 09:00:00,EARN,50,96,BKG-007658
LTX-0000960,P03826,2025-12-04 09:00:00,EARN,41,137,BKG-000221
LTX-0000961,P03826,2025-12-11 09:00:00,EARN,43,180,BKG-005054
LTX-0000962,P02898,2025-01-14 09:00:00,EARN,30,30,BKG-001720
LTX-0000963,P02898,2025-07-01 09:00:00,EARN,33,63,BKG-009077
LTX-0000964,P02898,2025-07-07 09:00:00,EARN,18,81,BKG-003442
LTX-0000965,P02898,2025-07-13 09:00:00,EARN,46,127,BKG-001098
LTX-0000966,P02898,2025-11-12 09:00:00,EARN,12,139,BKG-002891
LTX-0000967,P02898,2025-11-20 09:00:00,EARN,24,163,BKG-000222
LTX-0000968,P01260,2025-08-26 09:00:00,EARN,27,27,BKG-000223
LTX-0000969,P01260,2025-09-06 09:00:00,EARN,13,40,BKG-003925
LTX-0000970,P01260,2025-10-21 09:00:00,EARN,18,58,BKG-009293
LTX-0000971,P01260,2025-11-30 09:00:00,EARN,19,77,BKG-010072
LTX-0000972,P02923,2025-03-09 09:00:00,EARN,27,27,BKG-002892
LTX-0000973,P02923,2025-03-22 09:00:00,EARN,29,56,BKG-002654
LTX-0000974,P02923,2025-03-22 18:00:00,REDEEM,-30,26,BKG-002654
LTX-0000975,P02923,2025-05-23 09:00:00,EARN,43,69,BKG-000224
LTX-0000976,P02162,2025-07-05 09:00:00,EARN,62,62,BKG-003947
LTX-0000977,P02162,2025-07-07 09:00:00,EARN,112,174,BKG-007213
LTX-0000978,P02162,2025-08-13 09:00:00,EARN,42,216,BKG-000225
LTX-0000979,P02162,2025-11-06 09:00:00,EARN,26,242,BKG-004354
LTX-0000980,P03549,2025-01-03 09:00:00,EARN,37,37,BKG-009678
LTX-0000981,P03549,2025-02-21 09:00:00,EARN,38,75,BKG-006404
LTX-0000982,P03549,2025-02-21 18:00:00,REDEEM,-10,65,BKG-006404
LTX-0000983,P03549,2025-03-09 09:00:00,EARN,58,123,BKG-009646
LTX-0000984,P03549,2025-05-28 09:00:00,EARN,35,158,BKG-010491
LTX-0000985,P03549,2025-09-29 09:00:00,EARN,28,186,BKG-000226
LTX-0000986,P02232,2025-05-20 09:00:00,EARN,23,23,BKG-000227
LTX-0000987,P02232,2025-10-15 09:00:00,EARN,69,92,BKG-002380
LTX-0000988,P02232,2025-10-15 18:00:00,REDEEM,-20,72,BKG-002380
LTX-0000989,P02232,2025-11-26 09:00:00,EARN,36,108,BKG-003929
LTX-0000990,P03804,2025-05-27 09:00:00,EARN,98,98,BKG-000228
LTX-0000991,P03804,2025-06-27 09:00:00,EARN,71,169,BKG-011078
LTX-0000992,P00823,2025-01-14 09:00:00,EARN,8,8,BKG-000229
LTX-0000993,P00823,2025-02-20 09:00:00,EARN,62,70,BKG-001778
LTX-0000994,P00823,2025-06-22 09:00:00,EARN,48,118,BKG-003717
LTX-0000995,P00823,2025-12-05 09:00:00,EARN,66,184,BKG-002137
LTX-0000996,P02348,2025-06-06 09:00:00,EARN,37,37,BKG-001085
LTX-0000997,P02348,2025-07-10 09:00:00,EARN,48,85,BKG-000230
LTX-0000998,P02348,2025-12-02 09:00:00,EARN,15,100,BKG-007311
LTX-0000999,P02348,2025-12-05 09:00:00,EARN,8,108,BKG-006665
LTX-0001000,P02348,2025-12-05 18:00:00,REDEEM,-10,98,BKG-006665
LTX-0001001,P02720,2025-01-20 09:00:00,EARN,20,20,BKG-011099
LTX-0001002,P02720,2025-08-01 09:00:00,EARN,32,52,BKG-006188
LTX-0001003,P02720,2025-10-30 09:00:00,EARN,80,132,BKG-000231
LTX-0001004,P02720,2025-11-09 09:00:00,EARN,59,191,BKG-002513
LTX-0001005,P02950,2025-01-29 09:00:00,EARN,58,58,BKG-011188
LTX-0001006,P02950,2025-03-24 09:00:00,EARN,60,118,BKG-002876
LTX-0001007,P02950,2025-05-27 09:00:00,EARN,29,147,BKG-012366
LTX-0001008,P02950,2025-06-04 09:00:00,EARN,69,216,BKG-000278
LTX-0001009,P02950,2025-06-30 09:00:00,EARN,52,268,BKG-000232
LTX-0001010,P02950,2025-07-20 09:00:00,EARN,9,277,BKG-004081
LTX-0001011,P02950,2025-07-24 09:00:00,EARN,28,305,BKG-007673
LTX-0001012,P00780,2025-01-27 09:00:00,EARN,42,42,BKG-003208
LTX-0001013,P00780,2025-01-27 18:00:00,REDEEM,-30,12,BKG-003208
LTX-0001014,P00780,2025-05-03 09:00:00,EARN,61,73,BKG-000234
LTX-0001015,P00780,2025-05-03 18:00:00,REDEEM,-30,43,BKG-000234
LTX-0001016,P03013,2025-04-28 09:00:00,EARN,47,47,BKG-008484
LTX-0001017,P03013,2025-07-21 09:00:00,EARN,14,61,BKG-000235
LTX-0001018,P03013,2025-07-23 09:00:00,EARN,19,80,BKG-010393
LTX-0001019,P03013,2025-08-29 09:00:00,EARN,71,151,BKG-001758
LTX-0001020,P03013,2025-10-12 09:00:00,EARN,59,210,BKG-003404
LTX-0001021,P03013,2025-12-18 09:00:00,EARN,60,270,BKG-004084
LTX-0001022,P03189,2025-06-10 09:00:00,EARN,9,9,BKG-010153
LTX-0001023,P03189,2025-06-26 09:00:00,EARN,41,50,BKG-010122
LTX-0001024,P03189,2025-08-16 09:00:00,EARN,23,73,BKG-000236
LTX-0001025,P03189,2025-08-19 09:00:00,EARN,68,141,BKG-000389
LTX-0001026,P03189,2025-08-19 18:00:00,REDEEM,-20,121,BKG-000389
LTX-0001027,P03189,2025-12-07 09:00:00,EARN,93,214,BKG-000460
LTX-0001028,P03116,2025-03-25 09:00:00,EARN,45,45,BKG-006638
LTX-0001029,P03116,2025-06-14 09:00:00,EARN,25,70,BKG-001449
LTX-0001030,P03116,2025-06-14 18:00:00,REDEEM,-20,50,BKG-001449
LTX-0001031,P03116,2025-06-24 09:00:00,EARN,70,120,BKG-000576
LTX-0001032,P03116,2025-07-02 09:00:00,EARN,63,183,BKG-010618
LTX-0001033,P03116,2025-08-05 09:00:00,EARN,54,237,BKG-000237
LTX-0001034,P03116,2025-10-17 09:00:00,EARN,30,267,BKG-001093
LTX-0001035,P03116,2025-11-25 09:00:00,EARN,15,282,BKG-005443
LTX-0001036,P03116,2025-12-06 09:00:00,EARN,68,350,BKG-006951
LTX-0001037,P01619,2025-02-02 09:00:00,EARN,14,14,BKG-006717
LTX-0001038,P01619,2025-03-11 09:00:00,EARN,78,92,BKG-008565
LTX-0001039,P01619,2025-05-22 09:00:00,EARN,11,103,BKG-006338
LTX-0001040,P01619,2025-06-15 09:00:00,EARN,32,135,BKG-000238
LTX-0001041,P01619,2025-08-20 09:00:00,EARN,8,143,BKG-011422
LTX-0001042,P01619,2025-09-28 09:00:00,EARN,54,197,BKG-006148
LTX-0001043,P01619,2025-10-16 09:00:00,EARN,28,225,BKG-001780
LTX-0001044,P01619,2025-10-16 18:00:00,REDEEM,-30,195,BKG-001780
LTX-0001045,P00239,2025-05-12 09:00:00,EARN,74,74,BKG-000239
LTX-0001046,P00239,2025-07-07 09:00:00,EARN,75,149,BKG-009072
LTX-0001047,P00239,2025-07-12 09:00:00,EARN,56,205,BKG-008758
LTX-0001048,P00239,2025-07-17 09:00:00,EARN,60,265,BKG-005801
LTX-0001049,P03453,2025-02-26 09:00:00,EARN,50,50,BKG-000243
LTX-0001050,P03453,2025-08-19 09:00:00,EARN,37,87,BKG-000240
LTX-0001051,P03453,2025-12-11 09:00:00,EARN,85,172,BKG-005345
LTX-0001052,P00961,2024-12-23 09:00:00,EARN,36,36,BKG-000241
LTX-0001053,P00961,2025-05-29 09:00:00,EARN,86,122,BKG-001863
LTX-0001054,P00961,2025-06-20 09:00:00,EARN,41,163,BKG-012411
LTX-0001055,P00961,2025-07-02 09:00:00,EARN,53,216,BKG-001577
LTX-0001056,P02436,2024-12-23 09:00:00,EARN,41,41,BKG-011306
LTX-0001057,P02436,2025-02-22 09:00:00,EARN,79,120,BKG-003993
LTX-0001058,P02436,2025-07-12 09:00:00,EARN,64,184,BKG-006122
LTX-0001059,P02436,2025-10-15 09:00:00,EARN,53,237,BKG-002182
LTX-0001060,P02436,2025-10-25 09:00:00,EARN,25,262,BKG-000242
LTX-0001061,P03929,2025-05-07 09:00:00,EARN,18,18,BKG-000840
LTX-0001062,P03929,2025-07-06 09:00:00,EARN,61,79,BKG-000245
LTX-0001063,P03929,2025-08-19 09:00:00,EARN,19,98,BKG-001941
LTX-0001064,P03929,2025-11-27 09:00:00,EARN,61,159,BKG-004149
LTX-0001065,P03929,2025-11-29 09:00:00,EARN,67,226,BKG-000569
LTX-0001066,P03929,2025-11-29 18:00:00,REDEEM,-10,216,BKG-000569
LTX-0001067,P01012,2025-01-02 09:00:00,EARN,28,28,BKG-003123
LTX-0001068,P01012,2025-02-03 09:00:00,EARN,16,44,BKG-011648
LTX-0001069,P01012,2025-02-05 09:00:00,EARN,55,99,BKG-008506
LTX-0001070,P01012,2025-06-14 09:00:00,EARN,50,149,BKG-003913
LTX-0001071,P01012,2025-06-14 18:00:00,REDEEM,-10,139,BKG-003913
LTX-0001072,P01012,2025-06-25 09:00:00,EARN,64,203,BKG-011418
LTX-0001073,P01012,2025-08-19 09:00:00,EARN,8,211,BKG-005217
LTX-0001074,P01012,2025-09-14 09:00:00,EARN,41,252,BKG-000246
LTX-0001075,P01012,2025-11-26 09:00:00,EARN,71,323,BKG-004003
LTX-0001076,P03710,2025-09-29 09:00:00,EARN,35,35,BKG-006671
LTX-0001077,P03710,2025-09-29 18:00:00,REDEEM,-10,25,BKG-006671
LTX-0001078,P03710,2025-10-14 09:00:00,EARN,34,59,BKG-000247
LTX-0001079,P03710,2025-11-18 09:00:00,EARN,27,86,BKG-009906
LTX-0001080,P00193,2025-05-06 09:00:00,EARN,64,64,BKG-000642
LTX-0001081,P00193,2025-07-26 09:00:00,EARN,54,118,BKG-005949
LTX-0001082,P00193,2025-07-26 18:00:00,REDEEM,-10,108,BKG-005949
LTX-0001083,P00193,2025-08-31 09:00:00,EARN,66,174,BKG-010339
LTX-0001084,P00193,2025-11-12 09:00:00,EARN,17,191,BKG-000248
LTX-0001085,P00193,2025-11-21 09:00:00,EARN,45,236,BKG-010923
LTX-0001086,P00193,2025-11-28 09:00:00,EARN,12,248,BKG-007925
LTX-0001087,P00193,2025-11-28 18:00:00,REDEEM,-20,228,BKG-007925
LTX-0001088,P00836,2025-05-23 09:00:00,EARN,66,66,BKG-000249
LTX-0001089,P00836,2025-07-01 09:00:00,EARN,70,136,BKG-008013
LTX-0001090,P00836,2025-07-31 09:00:00,EARN,69,205,BKG-004562
LTX-0001091,P00836,2025-08-01 09:00:00,EARN,33,238,BKG-012043
LTX-0001092,P00836,2025-08-12 09:00:00,EARN,24,262,BKG-002965
LTX-0001093,P00980,2025-02-27 09:00:00,EARN,48,48,BKG-006686
LTX-0001094,P00980,2025-08-13 09:00:00,EARN,22,70,BKG-000250
LTX-0001095,P00980,2025-10-16 09:00:00,EARN,47,117,BKG-006125
LTX-0001096,P00980,2025-10-16 09:00:00,EARN,33,150,BKG-006182
LTX-0001097,P00149,2025-01-10 09:00:00,EARN,46,46,BKG-003714
LTX-0001098,P00149,2025-01-31 09:00:00,EARN,71,117,BKG-000251
LTX-0001099,P00149,2025-02-03 09:00:00,EARN,9,126,BKG-011898
LTX-0001100,P00149,2025-06-19 09:00:00,EARN,12,138,BKG-005381
LTX-0001101,P00149,2025-06-19 18:00:00,REDEEM,-30,108,BKG-005381
LTX-0001102,P00149,2025-11-22 09:00:00,EARN,76,184,BKG-008604
LTX-0001103,P00149,2025-11-25 09:00:00,EARN,74,258,BKG-006005
LTX-0001104,P00149,2025-12-05 09:00:00,EARN,68,326,BKG-011841
LTX-0001105,P02573,2025-02-07 09:00:00,EARN,53,53,BKG-008125
LTX-0001106,P02573,2025-03-24 09:00:00,EARN,30,83,BKG-000252
LTX-0001107,P02573,2025-05-31 09:00:00,EARN,55,138,BKG-001083
LTX-0001108,P02573,2025-07-27 09:00:00,EARN,65,203,BKG-010922
LTX-0001109,P03017,2025-02-18 09:00:00,EARN,42,42,BKG-011905
LTX-0001110,P03017,2025-05-12 09:00:00,EARN,76,118,BKG-011387
LTX-0001111,P03017,2025-05-12 18:00:00,REDEEM,-20,98,BKG-011387
LTX-0001112,P03017,2025-06-21 09:00:00,EARN,20,118,BKG-000253
LTX-0001113,P03017,2025-11-25 09:00:00,EARN,88,206,BKG-002123
LTX-0001114,P03017,2025-12-14 09:00:00,EARN,46,252,BKG-008338
LTX-0001115,P01182,2025-05-18 09:00:00,EARN,62,62,BKG-000254
LTX-0001116,P01182,2025-10-13 09:00:00,EARN,8,70,BKG-000855
LTX-0001117,P01612,2025-05-13 09:00:00,EARN,29,29,BKG-000255
LTX-0001118,P03790,2025-02-10 09:00:00,EARN,8,8,BKG-011112
LTX-0001119,P03790,2025-07-02 09:00:00,EARN,41,49,BKG-000256
LTX-0001120,P03790,2025-11-12 09:00:00,EARN,18,67,BKG-008633
LTX-0001121,P01564,2025-01-11 09:00:00,EARN,40,40,BKG-007320
LTX-0001122,P01564,2025-02-05 09:00:00,EARN,34,74,BKG-004156
LTX-0001123,P01564,2025-04-02 09:00:00,EARN,12,86,BKG-012130
LTX-0001124,P01564,2025-04-02 18:00:00,REDEEM,-10,76,BKG-012130
LTX-0001125,P01564,2025-04-14 09:00:00,EARN,31,107,BKG-000257
LTX-0001126,P01564,2025-05-26 09:00:00,EARN,41,148,BKG-001372
LTX-0001127,P03981,2025-05-25 09:00:00,EARN,41,41,BKG-005602
LTX-0001128,P03981,2025-06-07 09:00:00,EARN,50,91,BKG-000258
LTX-0001129,P03981,2025-11-24 09:00:00,EARN,25,116,BKG-009959
LTX-0001130,P00653,2025-06-24 09:00:00,EARN,54,54,BKG-012213
LTX-0001131,P00653,2025-07-03 09:00:00,EARN,37,91,BKG-007556
LTX-0001132,P00653,2025-08-11 09:00:00,EARN,90,181,BKG-000259
LTX-0001133,P00653,2025-10-15 09:00:00,EARN,73,254,BKG-010827
LTX-0001134,P00199,2025-05-28 09:00:00,EARN,32,32,BKG-003212
LTX-0001135,P00199,2025-06-16 09:00:00,EARN,50,82,BKG-000260
LTX-0001136,P00199,2025-07-16 09:00:00,EARN,12,94,BKG-003735
LTX-0001137,P00199,2025-11-15 09:00:00,EARN,79,173,BKG-007079
LTX-0001138,P00062,2025-02-28 09:00:00,EARN,7,7,BKG-005918
LTX-0001139,P00062,2025-06-08 09:00:00,EARN,33,40,BKG-001183
LTX-0001140,P00062,2025-06-09 09:00:00,EARN,43,83,BKG-005364
LTX-0001141,P00062,2025-06-24 09:00:00,EARN,51,134,BKG-000261
LTX-0001142,P00062,2025-06-27 09:00:00,EARN,19,153,BKG-007008
LTX-0001143,P00062,2025-07-12 09:00:00,EARN,22,175,BKG-005571
LTX-0001144,P00062,2025-12-05 09:00:00,EARN,80,255,BKG-003507
LTX-0001145,P00851,2025-01-09 09:00:00,EARN,55,55,BKG-001924
LTX-0001146,P00851,2025-03-16 09:00:00,EARN,47,102,BKG-006866
LTX-0001147,P00851,2025-03-16 18:00:00,REDEEM,-10,92,BKG-006866
LTX-0001148,P00851,2025-06-22 09:00:00,EARN,46,138,BKG-011253
LTX-0001149,P00851,2025-06-22 18:00:00,REDEEM,-20,118,BKG-011253
LTX-0001150,P00851,2025-11-14 09:00:00,EARN,43,161,BKG-006166
LTX-0001151,P00851,2025-11-14 18:00:00,REDEEM,-30,131,BKG-006166
LTX-0001152,P00851,2025-11-24 09:00:00,EARN,47,178,BKG-000262
LTX-0001153,P03039,2025-09-13 09:00:00,EARN,88,88,BKG-001501
LTX-0001154,P03039,2025-09-13 18:00:00,REDEEM,-10,78,BKG-001501
LTX-0001155,P03039,2025-12-17 09:00:00,EARN,41,119,BKG-000263
LTX-0001156,P03879,2025-01-18 09:00:00,EARN,23,23,BKG-007376
LTX-0001157,P03879,2025-06-30 09:00:00,EARN,55,78,BKG-000264
LTX-0001158,P03879,2025-07-08 09:00:00,EARN,42,120,BKG-003441
LTX-0001159,P03879,2025-07-08 18:00:00,REDEEM,-30,90,BKG-003441
LTX-0001160,P03879,2025-07-22 09:00:00,EARN,32,122,BKG-005886
LTX-0001161,P02033,2025-02-27 09:00:00,EARN,33,33,BKG-000265
LTX-0001162,P02033,2025-04-16 09:00:00,EARN,55,88,BKG-002381
LTX-0001163,P02033,2025-10-06 09:00:00,EARN,32,120,BKG-002454
LTX-0001164,P03523,2024-12-11 09:00:00,EARN,6,6,BKG-001193
LTX-0001165,P03523,2025-01-31 09:00:00,EARN,23,29,BKG-000266
LTX-0001166,P01305,2025-05-26 09:00:00,EARN,62,62,BKG-000267
LTX-0001167,P01305,2025-05-26 18:00:00,REDEEM,-20,42,BKG-000267
LTX-0001168,P01305,2025-06-11 09:00:00,EARN,19,61,BKG-004297
LTX-0001169,P01305,2025-07-05 09:00:00,EARN,34,95,BKG-002179
LTX-0001170,P01305,2025-07-05 18:00:00,REDEEM,-20,75,BKG-002179
LTX-0001171,P01305,2025-07-19 09:00:00,EARN,38,113,BKG-000795
LTX-0001172,P01305,2025-07-19 18:00:00,REDEEM,-30,83,BKG-000795
LTX-0001173,P03310,2025-04-26 09:00:00,EARN,59,59,BKG-000268
LTX-0001174,P03310,2025-05-16 09:00:00,EARN,23,82,BKG-002227
LTX-0001175,P03310,2025-11-26 09:00:00,EARN,57,139,BKG-007228
LTX-0001176,P03486,2025-01-14 09:00:00,EARN,36,36,BKG-006077
LTX-0001177,P03486,2025-02-08 09:00:00,EARN,22,58,BKG-000269
LTX-0001178,P03486,2025-11-18 09:00:00,EARN,42,100,BKG-005466
LTX-0001179,P00322,2025-04-10 09:00:00,EARN,11,11,BKG-000270
LTX-0001180,P00322,2025-05-10 09:00:00,EARN,13,24,BKG-009468
LTX-0001181,P00322,2025-09-01 09:00:00,EARN,23,47,BKG-007789
LTX-0001182,P03392,2025-03-20 09:00:00,EARN,37,37,BKG-000271
LTX-0001183,P01097,2025-01-12 09:00:00,EARN,15,15,BKG-000272
LTX-0001184,P01097,2025-06-09 09:00:00,EARN,68,83,BKG-007850
LTX-0001185,P03634,2025-05-03 09:00:00,EARN,53,53,BKG-000273
LTX-0001186,P03634,2025-05-15 09:00:00,EARN,16,69,BKG-009339
LTX-0001187,P03634,2025-06-17 09:00:00,EARN,100,169,BKG-001298
LTX-0001188,P01840,2024-12-27 09:00:00,EARN,27,27,BKG-011417
LTX-0001189,P01840,2025-07-15 09:00:00,EARN,61,88,BKG-001889
LTX-0001190,P01840,2025-11-14 09:00:00,EARN,12,100,BKG-011662
LTX-0001191,P01840,2025-11-29 09:00:00,EARN,47,147,BKG-000274
LTX-0001192,P02069,2025-04-22 09:00:00,EARN,14,14,BKG-004100
LTX-0001193,P02069,2025-05-09 09:00:00,EARN,123,137,BKG-005789
LTX-0001194,P02069,2025-05-09 18:00:00,REDEEM,-10,127,BKG-005789
LTX-0001195,P02069,2025-06-23 09:00:00,EARN,59,186,BKG-009921
LTX-0001196,P02069,2025-06-23 18:00:00,REDEEM,-30,156,BKG-009921
LTX-0001197,P02069,2025-06-30 09:00:00,EARN,43,199,BKG-001989
LTX-0001198,P02069,2025-06-30 18:00:00,REDEEM,-10,189,BKG-001989
LTX-0001199,P02069,2025-07-04 09:00:00,EARN,33,222,BKG-005404
LTX-0001200,P02069,2025-11-13 09:00:00,EARN,65,287,BKG-000275
LTX-0001201,P01763,2025-03-23 09:00:00,EARN,63,63,BKG-010132
LTX-0001202,P01763,2025-10-05 09:00:00,EARN,30,93,BKG-003653
LTX-0001203,P01763,2025-10-05 18:00:00,REDEEM,-10,83,BKG-003653
LTX-0001204,P01763,2025-11-13 09:00:00,EARN,26,109,BKG-000276
LTX-0001205,P02775,2025-01-23 09:00:00,EARN,50,50,BKG-000277
LTX-0001206,P02775,2025-07-13 09:00:00,EARN,79,129,BKG-009811
LTX-0001207,P02775,2025-09-07 09:00:00,EARN,28,157,BKG-003302
LTX-0001208,P03810,2025-02-12 09:00:00,EARN,58,58,BKG-009146
LTX-0001209,P03810,2025-03-01 09:00:00,EARN,59,117,BKG-002519
LTX-0001210,P03810,2025-03-25 09:00:00,EARN,64,181,BKG-000280
LTX-0001211,P03810,2025-03-25 18:00:00,REDEEM,-20,161,BKG-000280
LTX-0001212,P03810,2025-06-25 09:00:00,EARN,44,205,BKG-002897
LTX-0001213,P03810,2025-11-13 09:00:00,EARN,12,217,BKG-004101
LTX-0001214,P03810,2025-11-13 18:00:00,REDEEM,-10,207,BKG-004101
LTX-0001215,P03810,2025-11-29 09:00:00,EARN,62,269,BKG-005197
LTX-0001216,P01721,2024-12-29 09:00:00,EARN,58,58,BKG-009404
LTX-0001217,P01721,2025-03-05 09:00:00,EARN,41,99,BKG-006600
LTX-0001218,P01721,2025-04-05 09:00:00,EARN,69,168,BKG-008286
LTX-0001219,P01721,2025-04-05 18:00:00,REDEEM,-30,138,BKG-008286
LTX-0001220,P01721,2025-07-26 09:00:00,EARN,24,162,BKG-000915
LTX-0001221,P01721,2025-08-25 09:00:00,EARN,14,176,BKG-001636
LTX-0001222,P01721,2025-12-01 09:00:00,EARN,43,219,BKG-009266
LTX-0001223,P01721,2025-12-02 09:00:00,EARN,115,334,BKG-000281
LTX-0001224,P01721,2025-12-13 09:00:00,EARN,9,343,BKG-000932
LTX-0001225,P01721,2025-12-13 18:00:00,REDEEM,-20,323,BKG-000932
LTX-0001226,P03466,2025-05-13 09:00:00,EARN,29,29,BKG-012040
LTX-0001227,P03466,2025-07-05 09:00:00,EARN,21,50,BKG-002233
LTX-0001228,P03466,2025-07-05 18:00:00,REDEEM,-30,20,BKG-002233
LTX-0001229,P03466,2025-07-19 09:00:00,EARN,47,67,BKG-001613
LTX-0001230,P03466,2025-10-18 09:00:00,EARN,45,112,BKG-009227
LTX-0001231,P03466,2025-11-30 09:00:00,EARN,87,199,BKG-000282
LTX-0001232,P01001,2025-07-09 09:00:00,EARN,63,63,BKG-008590
LTX-0001233,P01001,2025-12-07 09:00:00,EARN,45,108,BKG-000284
LTX-0001234,P02949,2025-02-17 09:00:00,EARN,70,70,BKG-008706
LTX-0001235,P02949,2025-03-18 09:00:00,EARN,53,123,BKG-009142
LTX-0001236,P02949,2025-04-14 09:00:00,EARN,59,182,BKG-000285
LTX-0001237,P02492,2025-02-17 09:00:00,EARN,50,50,BKG-007607
LTX-0001238,P02492,2025-02-19 09:00:00,EARN,16,66,BKG-003702
LTX-0001239,P02492,2025-09-28 09:00:00,EARN,12,78,BKG-000286
LTX-0001240,P02492,2025-12-01 09:00:00,EARN,37,115,BKG-004665
LTX-0001241,P02492,2025-12-20 09:00:00,EARN,85,200,BKG-008718
LTX-0001242,P01550,2025-01-27 09:00:00,EARN,38,38,BKG-010196
LTX-0001243,P01550,2025-11-22 09:00:00,EARN,31,69,BKG-000287
LTX-0001244,P01550,2025-12-03 09:00:00,EARN,43,112,BKG-003821
LTX-0001245,P03629,2025-02-14 09:00:00,EARN,6,6,BKG-010908
LTX-0001246,P03629,2025-04-01 09:00:00,EARN,41,47,BKG-001751
LTX-0001247,P03629,2025-08-11 09:00:00,EARN,27,74,BKG-000288
LTX-0001248,P03629,2025-11-11 09:00:00,EARN,53,127,BKG-000644
LTX-0001249,P01176,2025-07-25 09:00:00,EARN,37,37,BKG-000289
LTX-0001250,P01176,2025-11-23 09:00:00,EARN,18,55,BKG-009459
LTX-0001251,P02663,2025-01-29 09:00:00,EARN,41,41,BKG-009928
LTX-0001252,P02663,2025-01-29 18:00:00,REDEEM,-10,31,BKG-009928
LTX-0001253,P02663,2025-03-11 09:00:00,EARN,42,73,BKG-000290
LTX-0001254,P02663,2025-07-18 09:00:00,EARN,84,157,BKG-011120
LTX-0001255,P02663,2025-11-28 09:00:00,EARN,35,192,BKG-003917
LTX-0001256,P02663,2025-11-28 18:00:00,REDEEM,-20,172,BKG-003917
LTX-0001257,P02663,2025-12-16 09:00:00,EARN,38,210,BKG-009370
LTX-0001258,P01632,2025-04-21 09:00:00,EARN,42,42,BKG-003369
LTX-0001259,P01632,2025-05-19 09:00:00,EARN,45,87,BKG-008529
LTX-0001260,P01632,2025-05-19 18:00:00,REDEEM,-10,77,BKG-008529
LTX-0001261,P01632,2025-05-24 09:00:00,EARN,40,117,BKG-000291
LTX-0001262,P01632,2025-05-24 18:00:00,REDEEM,-10,107,BKG-000291
LTX-0001263,P01632,2025-07-02 09:00:00,EARN,13,120,BKG-007613
LTX-0001264,P01632,2025-07-31 09:00:00,EARN,84,204,BKG-003786
LTX-0001265,P01632,2025-12-17 09:00:00,EARN,47,251,BKG-006151
LTX-0001266,P02265,2025-07-11 09:00:00,EARN,20,20,BKG-007276
LTX-0001267,P02265,2025-12-10 09:00:00,EARN,70,90,BKG-000292
LTX-0001268,P02265,2025-12-19 09:00:00,EARN,25,115,BKG-002391
LTX-0001269,P02096,2025-03-23 09:00:00,EARN,77,77,BKG-000293
LTX-0001270,P02096,2025-06-04 09:00:00,EARN,46,123,BKG-006422
LTX-0001271,P03983,2025-10-23 09:00:00,EARN,28,28,BKG-006488
LTX-0001272,P03983,2025-11-15 09:00:00,EARN,40,68,BKG-000294
LTX-0001273,P01849,2025-01-10 09:00:00,EARN,39,39,BKG-000295
LTX-0001274,P01849,2025-07-11 09:00:00,EARN,54,93,BKG-010293
LTX-0001275,P01849,2025-11-30 09:00:00,EARN,43,136,BKG-011976
LTX-0001276,P00989,2025-01-26 09:00:00,EARN,26,26,BKG-000296
LTX-0001277,P00989,2025-03-03 09:00:00,EARN,34,60,BKG-006963
LTX-0001278,P00989,2025-06-25 09:00:00,EARN,25,85,BKG-002504
LTX-0001279,P00989,2025-07-29 09:00:00,EARN,41,126,BKG-005407
LTX-0001280,P00989,2025-07-29 18:00:00,REDEEM,-20,106,BKG-005407
LTX-0001281,P00989,2025-09-16 09:00:00,EARN,9,115,BKG-009999
LTX-0001282,P00989,2025-09-21 09:00:00,EARN,48,163,BKG-001211
LTX-0001283,P02465,2025-01-03 09:00:00,EARN,18,18,BKG-000297
LTX-0001284,P02465,2025-06-03 09:00:00,EARN,36,54,BKG-003581
LTX-0001285,P02465,2025-09-02 09:00:00,EARN,21,75,BKG-006512
LTX-0001286,P02465,2025-10-11 09:00:00,EARN,40,115,BKG-002997
LTX-0001287,P02465,2025-11-27 09:00:00,EARN,36,151,BKG-006249
LTX-0001288,P02465,2025-11-27 18:00:00,REDEEM,-30,121,BKG-006249
LTX-0001289,P01276,2025-03-01 09:00:00,EARN,24,24,BKG-000634
LTX-0001290,P01276,2025-03-07 09:00:00,EARN,37,61,BKG-000298
LTX-0001291,P01276,2025-03-19 09:00:00,EARN,10,71,BKG-005850
LTX-0001292,P01276,2025-05-26 09:00:00,EARN,84,155,BKG-006985
LTX-0001293,P01276,2025-05-26 18:00:00,REDEEM,-10,145,BKG-006985
LTX-0001294,P02825,2025-05-31 09:00:00,EARN,12,12,BKG-003434
LTX-0001295,P02825,2025-10-03 09:00:00,EARN,36,48,BKG-000299
LTX-0001296,P02825,2025-12-16 09:00:00,EARN,72,120,BKG-003380
LTX-0001297,P03639,2024-12-16 09:00:00,EARN,7,7,BKG-000300
LTX-0001298,P03639,2025-06-05 09:00:00,EARN,45,52,BKG-002836
LTX-0001299,P03639,2025-10-14 09:00:00,EARN,25,77,BKG-007531
LTX-0001300,P03071,2024-12-30 09:00:00,EARN,19,19,BKG-000302
LTX-0001301,P03071,2025-07-18 09:00:00,EARN,20,39,BKG-002431
LTX-0001302,P03071,2025-07-18 18:00:00,REDEEM,-10,29,BKG-002431
LTX-0001303,P03071,2025-12-06 09:00:00,EARN,76,105,BKG-006652
LTX-0001304,P00906,2025-04-13 09:00:00,EARN,40,40,BKG-001703
LTX-0001305,P00906,2025-05-30 09:00:00,EARN,36,76,BKG-006799
LTX-0001306,P00906,2025-05-30 18:00:00,REDEEM,-10,66,BKG-006799
LTX-0001307,P00906,2025-06-20 09:00:00,EARN,38,104,BKG-003074
LTX-0001308,P00906,2025-07-01 09:00:00,EARN,38,142,BKG-008921
LTX-0001309,P00906,2025-07-01 18:00:00,REDEEM,-30,112,BKG-008921
LTX-0001310,P00906,2025-10-09 09:00:00,EARN,26,138,BKG-007933
LTX-0001311,P00906,2025-10-29 09:00:00,EARN,28,166,BKG-010111
LTX-0001312,P00906,2025-11-10 09:00:00,EARN,50,216,BKG-003987
LTX-0001313,P00906,2025-12-01 09:00:00,EARN,20,236,BKG-000303
LTX-0001314,P00906,2025-12-16 09:00:00,EARN,42,278,BKG-008643
LTX-0001315,P03793,2025-06-15 09:00:00,EARN,91,91,BKG-000477
LTX-0001316,P03793,2025-06-15 18:00:00,REDEEM,-20,71,BKG-000477
LTX-0001317,P03793,2025-08-12 09:00:00,EARN,72,143,BKG-000304
LTX-0001318,P03793,2025-10-13 09:00:00,EARN,44,187,BKG-003408
LTX-0001319,P03053,2025-07-16 09:00:00,EARN,51,51,BKG-002094
LTX-0001320,P03053,2025-07-17 09:00:00,EARN,60,111,BKG-000305
LTX-0001321,P03053,2025-11-17 09:00:00,EARN,32,143,BKG-005849
LTX-0001322,P00456,2025-05-01 09:00:00,EARN,27,27,BKG-011236
LTX-0001323,P00456,2025-06-04 09:00:00,EARN,22,49,BKG-002387
LTX-0001324,P00456,2025-06-04 18:00:00,REDEEM,-20,29,BKG-002387
LTX-0001325,P00456,2025-06-05 09:00:00,EARN,39,68,BKG-006094
LTX-0001326,P00456,2025-07-07 09:00:00,EARN,65,133,BKG-010996
LTX-0001327,P00456,2025-10-19 09:00:00,EARN,68,201,BKG-000306
LTX-0001328,P00205,2025-01-16 09:00:00,EARN,39,39,BKG-001922
LTX-0001329,P00205,2025-03-16 09:00:00,EARN,31,70,BKG-000307
LTX-0001330,P01068,2025-05-21 09:00:00,EARN,88,88,BKG-000886
LTX-0001331,P01068,2025-06-11 09:00:00,EARN,17,105,BKG-006209
LTX-0001332,P01068,2025-09-14 09:00:00,EARN,68,173,BKG-000308
LTX-0001333,P03196,2025-06-23 09:00:00,EARN,39,39,BKG-009065
LTX-0001334,P03196,2025-10-27 09:00:00,EARN,69,108,BKG-000309
LTX-0001335,P03196,2025-10-27 18:00:00,REDEEM,-30,78,BKG-000309
LTX-0001336,P03196,2025-12-08 09:00:00,EARN,47,125,BKG-011296
LTX-0001337,P03529,2025-01-10 09:00:00,EARN,24,24,BKG-000310
LTX-0001338,P03529,2025-05-25 09:00:00,EARN,70,94,BKG-008468
LTX-0001339,P03529,2025-12-21 09:00:00,EARN,112,206,BKG-000575
LTX-0001340,P01963,2024-12-31 09:00:00,EARN,74,74,BKG-000311
LTX-0001341,P01963,2024-12-31 18:00:00,REDEEM,-30,44,BKG-000311
LTX-0001342,P01963,2025-10-05 09:00:00,EARN,73,117,BKG-007426
LTX-0001343,P01963,2025-10-13 09:00:00,EARN,70,187,BKG-006318
LTX-0001344,P00279,2025-04-30 09:00:00,EARN,29,29,BKG-012482
LTX-0001345,P00279,2025-06-10 09:00:00,EARN,84,113,BKG-002753
LTX-0001346,P00279,2025-08-17 09:00:00,EARN,42,155,BKG-000312
LTX-0001347,P00279,2025-08-17 18:00:00,REDEEM,-20,135,BKG-000312
LTX-0001348,P02040,2025-05-30 09:00:00,EARN,36,36,BKG-012119
LTX-0001349,P02040,2025-07-16 09:00:00,EARN,42,78,BKG-002588
LTX-0001350,P02040,2025-08-15 09:00:00,EARN,37,115,BKG-006969
LTX-0001351,P02040,2025-10-26 09:00:00,EARN,21,136,BKG-003893
LTX-0001352,P02040,2025-10-30 09:00:00,EARN,18,154,BKG-009138
LTX-0001353,P02040,2025-11-18 09:00:00,EARN,62,216,BKG-000313
LTX-0001354,P02040,2025-12-09 09:00:00,EARN,48,264,BKG-009195
LTX-0001355,P03432,2025-05-02 09:00:00,EARN,16,16,BKG-011698
LTX-0001356,P03432,2025-06-09 09:00:00,EARN,50,66,BKG-000314
LTX-0001357,P00294,2025-05-20 09:00:00,EARN,58,58,BKG-000315
LTX-0001358,P00294,2025-06-21 09:00:00,EARN,47,105,BKG-009860
LTX-0001359,P00294,2025-10-02 09:00:00,EARN,48,153,BKG-008295
LTX-0001360,P00294,2025-11-29 09:00:00,EARN,82,235,BKG-005252
LTX-0001361,P02585,2025-05-14 09:00:00,EARN,67,67,BKG-001964
LTX-0001362,P02585,2025-05-26 09:00:00,EARN,40,107,BKG-000316
LTX-0001363,P02585,2025-07-05 09:00:00,EARN,43,150,BKG-001495
LTX-0001364,P02585,2025-07-13 09:00:00,EARN,17,167,BKG-008093
LTX-0001365,P02585,2025-08-11 09:00:00,EARN,40,207,BKG-009377
LTX-0001366,P02585,2025-08-11 18:00:00,REDEEM,-30,177,BKG-009377
LTX-0001367,P01600,2025-04-09 09:00:00,EARN,45,45,BKG-000317
LTX-0001368,P01600,2025-04-09 18:00:00,REDEEM,-30,15,BKG-000317
LTX-0001369,P01600,2025-09-27 09:00:00,EARN,95,110,BKG-012262
LTX-0001370,P01600,2025-12-16 09:00:00,EARN,88,198,BKG-009545
LTX-0001371,P00424,2024-12-27 09:00:00,EARN,52,52,BKG-004528
LTX-0001372,P00424,2025-05-23 09:00:00,EARN,65,117,BKG-011910
LTX-0001373,P00424,2025-06-16 09:00:00,EARN,83,200,BKG-001190
LTX-0001374,P00424,2025-06-24 09:00:00,EARN,45,245,BKG-001423
LTX-0001375,P00424,2025-06-30 09:00:00,EARN,50,295,BKG-000318
LTX-0001376,P00424,2025-08-24 09:00:00,EARN,73,368,BKG-002057
LTX-0001377,P00781,2025-11-25 09:00:00,EARN,82,82,BKG-000319
LTX-0001378,P00781,2025-11-25 18:00:00,REDEEM,-10,72,BKG-000319
LTX-0001379,P00182,2025-02-13 09:00:00,EARN,23,23,BKG-004803
LTX-0001380,P00182,2025-05-27 09:00:00,EARN,21,44,BKG-002877
LTX-0001381,P00182,2025-06-10 09:00:00,EARN,44,88,BKG-001421
LTX-0001382,P00182,2025-06-23 09:00:00,EARN,25,113,BKG-008439
LTX-0001383,P00182,2025-08-14 09:00:00,EARN,24,137,BKG-006420
LTX-0001384,P00182,2025-11-25 09:00:00,EARN,64,201,BKG-000320
LTX-0001385,P00182,2025-12-15 09:00:00,EARN,39,240,BKG-010324
LTX-0001386,P00231,2024-12-13 09:00:00,EARN,22,22,BKG-011278
LTX-0001387,P00231,2025-01-13 09:00:00,EARN,74,96,BKG-000928
LTX-0001388,P00231,2025-04-25 09:00:00,EARN,16,112,BKG-009373
LTX-0001389,P00231,2025-05-06 09:00:00,EARN,48,160,BKG-004823
LTX-0001390,P00231,2025-06-07 09:00:00,EARN,39,199,BKG-008613
LTX-0001391,P00231,2025-07-10 09:00:00,EARN,53,252,BKG-000321
LTX-0001392,P00231,2025-07-19 09:00:00,EARN,38,290,BKG-001799
LTX-0001393,P00231,2025-12-03 09:00:00,EARN,41,331,BKG-012000
LTX-0001394,P02507,2025-05-01 09:00:00,EARN,25,25,BKG-000322
LTX-0001395,P02507,2025-09-24 09:00:00,EARN,16,41,BKG-001589
LTX-0001396,P02507,2025-11-15 09:00:00,EARN,47,88,BKG-006172
LTX-0001397,P00138,2025-04-01 09:00:00,EARN,33,33,BKG-005665
LTX-0001398,P00138,2025-05-25 09:00:00,EARN,60,93,BKG-008250
LTX-0001399,P00138,2025-05-25 18:00:00,REDEEM,-10,83,BKG-008250
LTX-0001400,P00138,2025-08-05 09:00:00,EARN,38,121,BKG-000323
LTX-0001401,P00138,2025-09-07 09:00:00,EARN,28,149,BKG-009483
LTX-0001402,P00138,2025-09-07 18:00:00,REDEEM,-30,119,BKG-009483
LTX-0001403,P00138,2025-11-28 09:00:00,EARN,61,180,BKG-009958
LTX-0001404,P00138,2025-11-28 18:00:00,REDEEM,-10,170,BKG-009958
LTX-0001405,P00138,2025-12-20 09:00:00,EARN,74,244,BKG-007543
LTX-0001406,P00138,2025-12-20 18:00:00,REDEEM,-10,234,BKG-007543
LTX-0001407,P00138,2025-12-21 09:00:00,EARN,43,277,BKG-009639
LTX-0001408,P03002,2025-02-12 09:00:00,EARN,63,63,BKG-000324
LTX-0001409,P01074,2025-02-07 09:00:00,EARN,34,34,BKG-004195
LTX-0001410,P01074,2025-04-04 09:00:00,EARN,14,48,BKG-005444
LTX-0001411,P01074,2025-05-14 09:00:00,EARN,12,60,BKG-002440
LTX-0001412,P01074,2025-06-24 09:00:00,EARN,40,100,BKG-002214
LTX-0001413,P01074,2025-07-14 09:00:00,EARN,36,136,BKG-000325
LTX-0001414,P01074,2025-07-14 18:00:00,REDEEM,-20,116,BKG-000325
LTX-0001415,P01074,2025-10-04 09:00:00,EARN,54,170,BKG-008126
LTX-0001416,P01074,2025-10-04 18:00:00,REDEEM,-20,150,BKG-008126
LTX-0001417,P03814,2025-03-29 09:00:00,EARN,76,76,BKG-002455
LTX-0001418,P03814,2025-06-28 09:00:00,EARN,76,152,BKG-000327
LTX-0001419,P03814,2025-08-09 09:00:00,EARN,90,242,BKG-008148
LTX-0001420,P01994,2025-02-11 09:00:00,EARN,32,32,BKG-000328
LTX-0001421,P01994,2025-07-21 09:00:00,EARN,79,111,BKG-003656
LTX-0001422,P01994,2025-09-10 09:00:00,EARN,34,145,BKG-010921
LTX-0001423,P01024,2025-01-16 09:00:00,EARN,27,27,BKG-011026
LTX-0001424,P01024,2025-03-12 09:00:00,EARN,42,69,BKG-005244
LTX-0001425,P01024,2025-03-12 18:00:00,REDEEM,-10,59,BKG-005244
LTX-0001426,P01024,2025-04-13 09:00:00,EARN,59,118,BKG-000330
LTX-0001427,P01024,2025-05-28 09:00:00,EARN,30,148,BKG-007434
LTX-0001428,P01024,2025-06-20 09:00:00,EARN,26,174,BKG-008940
LTX-0001429,P01024,2025-11-11 09:00:00,EARN,29,203,BKG-001729
LTX-0001430,P03348,2025-03-05 09:00:00,EARN,29,29,BKG-010848
LTX-0001431,P03348,2025-06-04 09:00:00,EARN,55,84,BKG-008068
LTX-0001432,P03348,2025-06-04 18:00:00,REDEEM,-20,64,BKG-008068
LTX-0001433,P03348,2025-06-17 09:00:00,EARN,57,121,BKG-000331
LTX-0001434,P03348,2025-06-17 18:00:00,REDEEM,-30,91,BKG-000331
LTX-0001435,P01369,2025-05-28 09:00:00,EARN,68,68,BKG-001573
LTX-0001436,P01369,2025-06-24 09:00:00,EARN,53,121,BKG-005811
LTX-0001437,P01369,2025-09-10 09:00:00,EARN,40,161,BKG-000332
LTX-0001438,P00831,2024-12-13 09:00:00,EARN,24,24,BKG-003568
LTX-0001439,P00831,2025-06-19 09:00:00,EARN,32,56,BKG-000333
LTX-0001440,P00831,2025-09-09 09:00:00,EARN,17,73,BKG-002384
LTX-0001441,P00831,2025-09-09 18:00:00,REDEEM,-20,53,BKG-002384
LTX-0001442,P00831,2025-10-05 09:00:00,EARN,23,76,BKG-011257
LTX-0001443,P01056,2025-06-01 09:00:00,EARN,33,33,BKG-000334
LTX-0001444,P01056,2025-06-01 18:00:00,REDEEM,-10,23,BKG-000334
LTX-0001445,P01056,2025-09-09 09:00:00,EARN,71,94,BKG-000509
LTX-0001446,P02537,2025-01-13 09:00:00,EARN,48,48,BKG-001556
LTX-0001447,P02537,2025-03-19 09:00:00,EARN,38,86,BKG-007405
LTX-0001448,P02537,2025-09-01 09:00:00,EARN,46,132,BKG-007472
LTX-0001449,P02537,2025-10-21 09:00:00,EARN,12,144,BKG-000335
LTX-0001450,P02537,2025-12-03 09:00:00,EARN,25,169,BKG-011941
LTX-0001451,P00566,2025-04-14 09:00:00,EARN,44,44,BKG-000336
LTX-0001452,P00566,2025-10-04 09:00:00,EARN,36,80,BKG-011073
LTX-0001453,P03799,2025-05-15 09:00:00,EARN,76,76,BKG-000337
LTX-0001454,P03799,2025-07-01 09:00:00,EARN,93,169,BKG-011297
LTX-0001455,P03799,2025-07-20 09:00:00,EARN,67,236,BKG-003684
LTX-0001456,P03799,2025-07-21 09:00:00,EARN,17,253,BKG-011749
LTX-0001457,P02263,2025-01-24 09:00:00,EARN,29,29,BKG-008984
LTX-0001458,P02263,2025-03-18 09:00:00,EARN,31,60,BKG-012238
LTX-0001459,P02263,2025-04-05 09:00:00,EARN,53,113,BKG-000567
LTX-0001460,P02263,2025-04-07 09:00:00,EARN,17,130,BKG-006198
LTX-0001461,P02263,2025-06-09 09:00:00,EARN,34,164,BKG-009160
LTX-0001462,P02263,2025-11-03 09:00:00,EARN,26,190,BKG-000338
LTX-0001463,P02263,2025-11-03 18:00:00,REDEEM,-20,170,BKG-000338
LTX-0001464,P02820,2025-07-24 09:00:00,EARN,36,36,BKG-000339
LTX-0001465,P03753,2025-02-06 09:00:00,EARN,81,81,BKG-011675
LTX-0001466,P03753,2025-11-13 09:00:00,EARN,18,99,BKG-000340
LTX-0001467,P03753,2025-11-21 09:00:00,EARN,58,157,BKG-012283
LTX-0001468,P03898,2025-01-18 09:00:00,EARN,23,23,BKG-003160
LTX-0001469,P03898,2025-04-24 09:00:00,EARN,34,57,BKG-000341
LTX-0001470,P00809,2025-03-04 09:00:00,EARN,34,34,BKG-000342
LTX-0001471,P00809,2025-12-19 09:00:00,EARN,22,56,BKG-000917
LTX-0001472,P02254,2025-01-04 09:00:00,EARN,54,54,BKG-006002
LTX-0001473,P02254,2025-05-18 09:00:00,EARN,20,74,BKG-000343
LTX-0001474,P02254,2025-06-30 09:00:00,EARN,56,130,BKG-007097
LTX-0001475,P02254,2025-06-30 18:00:00,REDEEM,-30,100,BKG-007097
LTX-0001476,P02254,2025-10-09 09:00:00,EARN,15,115,BKG-006732
LTX-0001477,P02254,2025-11-06 09:00:00,EARN,46,161,BKG-003338
LTX-0001478,P00535,2025-03-21 09:00:00,EARN,50,50,BKG-010728
LTX-0001479,P00535,2025-06-21 09:00:00,EARN,48,98,BKG-000344
LTX-0001480,P00535,2025-12-16 09:00:00,EARN,47,145,BKG-012128
LTX-0001481,P00535,2025-12-16 18:00:00,REDEEM,-10,135,BKG-012128
LTX-0001482,P01541,2025-04-03 09:00:00,EARN,44,44,BKG-001663
LTX-0001483,P01541,2025-04-20 09:00:00,EARN,43,87,BKG-006218
LTX-0001484,P01541,2025-10-02 09:00:00,EARN,35,122,BKG-008555
LTX-0001485,P01541,2025-11-10 09:00:00,EARN,56,178,BKG-000345
LTX-0001486,P01021,2025-07-04 09:00:00,EARN,65,65,BKG-002608
LTX-0001487,P01021,2025-10-12 09:00:00,EARN,22,87,BKG-000346
LTX-0001488,P02299,2025-03-11 09:00:00,EARN,50,50,BKG-000347
LTX-0001489,P02299,2025-03-13 09:00:00,EARN,55,105,BKG-005898
LTX-0001490,P02299,2025-05-14 09:00:00,EARN,68,173,BKG-007359
LTX-0001491,P02299,2025-06-25 09:00:00,EARN,63,236,BKG-003183
LTX-0001492,P02299,2025-07-25 09:00:00,EARN,30,266,BKG-006269
LTX-0001493,P02299,2025-11-30 09:00:00,EARN,44,310,BKG-001868
LTX-0001494,P01138,2025-06-20 09:00:00,EARN,41,41,BKG-011894
LTX-0001495,P01138,2025-06-20 18:00:00,REDEEM,-20,21,BKG-011894
LTX-0001496,P01138,2025-09-20 09:00:00,EARN,26,47,BKG-000349
LTX-0001497,P00071,2025-05-09 09:00:00,EARN,9,9,BKG-000351
LTX-0001498,P00071,2025-12-12 09:00:00,EARN,56,65,BKG-002020
LTX-0001499,P00071,2025-12-19 09:00:00,EARN,32,97,BKG-006064
LTX-0001500,P00558,2025-01-04 09:00:00,EARN,34,34,BKG-000352
LTX-0001501,P00558,2025-05-04 09:00:00,EARN,65,99,BKG-002521
LTX-0001502,P00558,2025-06-04 09:00:00,EARN,54,153,BKG-001061
LTX-0001503,P00558,2025-06-04 18:00:00,REDEEM,-20,133,BKG-001061
LTX-0001504,P00558,2025-07-03 09:00:00,EARN,47,180,BKG-005432
LTX-0001505,P00558,2025-11-13 09:00:00,EARN,66,246,BKG-002575
LTX-0001506,P03253,2025-04-06 09:00:00,EARN,22,22,BKG-011474
LTX-0001507,P03253,2025-05-03 09:00:00,EARN,37,59,BKG-005318
LTX-0001508,P03253,2025-05-13 09:00:00,EARN,60,119,BKG-000353
LTX-0001509,P03253,2025-08-31 09:00:00,EARN,50,169,BKG-012054
LTX-0001510,P01072,2025-01-14 09:00:00,EARN,51,51,BKG-006135
LTX-0001511,P01072,2025-02-15 09:00:00,EARN,25,76,BKG-009555
LTX-0001512,P01072,2025-07-03 09:00:00,EARN,18,94,BKG-003906
LTX-0001513,P01072,2025-09-03 09:00:00,EARN,33,127,BKG-000354
LTX-0001514,P03323,2025-06-06 09:00:00,EARN,41,41,BKG-002611
LTX-0001515,P03323,2025-06-07 09:00:00,EARN,59,100,BKG-005883
LTX-0001516,P03323,2025-06-07 18:00:00,REDEEM,-30,70,BKG-005883
LTX-0001517,P03323,2025-06-19 09:00:00,EARN,19,89,BKG-005335
LTX-0001518,P03323,2025-08-04 09:00:00,EARN,17,106,BKG-000355
LTX-0001519,P03323,2025-08-04 18:00:00,REDEEM,-30,76,BKG-000355
LTX-0001520,P03323,2025-08-31 09:00:00,EARN,57,133,BKG-009966
LTX-0001521,P00889,2025-01-01 09:00:00,EARN,36,36,BKG-006888
LTX-0001522,P00889,2025-04-17 09:00:00,EARN,84,120,BKG-000356
LTX-0001523,P00889,2025-05-31 09:00:00,EARN,67,187,BKG-011970
LTX-0001524,P00889,2025-10-13 09:00:00,EARN,18,205,BKG-002628
LTX-0001525,P00889,2025-12-14 09:00:00,EARN,73,278,BKG-002113
LTX-0001526,P03472,2025-02-21 09:00:00,EARN,48,48,BKG-006745
LTX-0001527,P03472,2025-03-29 09:00:00,EARN,24,72,BKG-004862
LTX-0001528,P03472,2025-08-04 09:00:00,EARN,35,107,BKG-000357
LTX-0001529,P03472,2025-10-01 09:00:00,EARN,32,139,BKG-006522
LTX-0001530,P03935,2025-01-20 09:00:00,EARN,63,63,BKG-010400
LTX-0001531,P03935,2025-01-30 09:00:00,EARN,57,120,BKG-010188
LTX-0001532,P03935,2025-03-01 09:00:00,EARN,52,172,BKG-000361
LTX-0001533,P03935,2025-03-02 09:00:00,EARN,28,200,BKG-009699
LTX-0001534,P03935,2025-05-03 09:00:00,EARN,33,233,BKG-010890
LTX-0001535,P03935,2025-05-03 18:00:00,REDEEM,-10,223,BKG-010890
LTX-0001536,P03935,2025-07-27 09:00:00,EARN,55,278,BKG-011553
LTX-0001537,P02187,2025-01-10 09:00:00,EARN,14,14,BKG-008051
LTX-0001538,P02187,2025-06-10 09:00:00,EARN,56,70,BKG-002973
LTX-0001539,P02187,2025-12-02 09:00:00,EARN,11,81,BKG-000362
LTX-0001540,P01098,2025-02-07 09:00:00,EARN,36,36,BKG-001892
LTX-0001541,P01098,2025-02-07 18:00:00,REDEEM,-30,6,BKG-001892
LTX-0001542,P01098,2025-03-15 09:00:00,EARN,63,69,BKG-010050
LTX-0001543,P01098,2025-05-10 09:00:00,EARN,28,97,BKG-000363
LTX-0001544,P01098,2025-06-11 09:00:00,EARN,72,169,BKG-004936
LTX-0001545,P01098,2025-07-01 09:00:00,EARN,38,207,BKG-002257
LTX-0001546,P01098,2025-11-16 09:00:00,EARN,63,270,BKG-002014
LTX-0001547,P00216,2025-05-04 09:00:00,EARN,28,28,BKG-000364
LTX-0001548,P00216,2025-05-04 18:00:00,REDEEM,-10,18,BKG-000364
LTX-0001549,P00216,2025-05-27 09:00:00,EARN,26,44,BKG-005093
LTX-0001550,P00216,2025-06-05 09:00:00,EARN,23,67,BKG-010155
LTX-0001551,P00216,2025-06-18 09:00:00,EARN,62,129,BKG-000518
LTX-0001552,P00216,2025-08-12 09:00:00,EARN,56,185,BKG-008450
LTX-0001553,P02479,2025-07-19 09:00:00,EARN,12,12,BKG-007390
LTX-0001554,P02479,2025-11-26 09:00:00,EARN,70,82,BKG-000365
LTX-0001555,P02686,2025-05-24 09:00:00,EARN,47,47,BKG-009666
LTX-0001556,P02686,2025-07-02 09:00:00,EARN,58,105,BKG-007094
LTX-0001557,P02686,2025-07-27 09:00:00,EARN,43,148,BKG-006789
LTX-0001558,P02686,2025-11-21 09:00:00,EARN,31,179,BKG-000366
LTX-0001559,P02961,2025-06-01 09:00:00,EARN,75,75,BKG-008222
LTX-0001560,P02961,2025-06-01 18:00:00,REDEEM,-20,55,BKG-008222
LTX-0001561,P02961,2025-07-05 09:00:00,EARN,72,127,BKG-000367
LTX-0001562,P02961,2025-07-29 09:00:00,EARN,42,169,BKG-009418
LTX-0001563,P02961,2025-08-29 09:00:00,EARN,19,188,BKG-000741
LTX-0001564,P02961,2025-08-29 18:00:00,REDEEM,-10,178,BKG-000741
LTX-0001565,P01432,2025-05-07 09:00:00,EARN,40,40,BKG-003983
LTX-0001566,P01432,2025-06-09 09:00:00,EARN,69,109,BKG-006885
LTX-0001567,P01432,2025-07-15 09:00:00,EARN,28,137,BKG-008045
LTX-0001568,P01432,2025-09-10 09:00:00,EARN,54,191,BKG-000368
LTX-0001569,P01432,2025-09-10 18:00:00,REDEEM,-30,161,BKG-000368
LTX-0001570,P02030,2025-03-02 09:00:00,EARN,82,82,BKG-004357
LTX-0001571,P02030,2025-04-26 09:00:00,EARN,40,122,BKG-001794
LTX-0001572,P02030,2025-05-08 09:00:00,EARN,40,162,BKG-011736
LTX-0001573,P02030,2025-05-16 09:00:00,EARN,35,197,BKG-009174
LTX-0001574,P02030,2025-05-17 09:00:00,EARN,54,251,BKG-011221
LTX-0001575,P02030,2025-07-01 09:00:00,EARN,39,290,BKG-005769
LTX-0001576,P02030,2025-12-06 09:00:00,EARN,61,351,BKG-000369
LTX-0001577,P02030,2025-12-20 09:00:00,EARN,12,363,BKG-005511
LTX-0001578,P01773,2025-04-25 09:00:00,EARN,49,49,BKG-000592
LTX-0001579,P01773,2025-05-02 09:00:00,EARN,40,89,BKG-005746
LTX-0001580,P01773,2025-05-21 09:00:00,EARN,41,130,BKG-001813
LTX-0001581,P01773,2025-05-21 18:00:00,REDEEM,-20,110,BKG-001813
LTX-0001582,P01773,2025-06-09 09:00:00,EARN,14,124,BKG-003795
LTX-0001583,P01773,2025-06-09 18:00:00,REDEEM,-20,104,BKG-003795
LTX-0001584,P01773,2025-06-14 09:00:00,EARN,41,145,BKG-005544
LTX-0001585,P01773,2025-11-28 09:00:00,EARN,31,176,BKG-000370
LTX-0001586,P00311,2024-12-11 09:00:00,EARN,62,62,BKG-008574
LTX-0001587,P00311,2025-02-21 09:00:00,EARN,51,113,BKG-005371
LTX-0001588,P00311,2025-05-02 09:00:00,EARN,9,122,BKG-007983
LTX-0001589,P00311,2025-06-29 09:00:00,EARN,60,182,BKG-011769
LTX-0001590,P00311,2025-07-18 09:00:00,EARN,39,221,BKG-009463
LTX-0001591,P00311,2025-11-16 09:00:00,EARN,38,259,BKG-003576
LTX-0001592,P00311,2025-12-07 09:00:00,EARN,60,319,BKG-000371
LTX-0001593,P02253,2025-06-03 09:00:00,EARN,30,30,BKG-000372
LTX-0001594,P02253,2025-06-24 09:00:00,EARN,9,39,BKG-004818
LTX-0001595,P02253,2025-08-25 09:00:00,EARN,22,61,BKG-011005
LTX-0001596,P02253,2025-11-17 09:00:00,EARN,13,74,BKG-006304
LTX-0001597,P02253,2025-12-03 09:00:00,EARN,28,102,BKG-004826
LTX-0001598,P01265,2025-01-02 09:00:00,EARN,9,9,BKG-003022
LTX-0001599,P01265,2025-05-12 09:00:00,EARN,60,69,BKG-000373
LTX-0001600,P01265,2025-09-10 09:00:00,EARN,70,139,BKG-008759
LTX-0001601,P00679,2025-04-25 09:00:00,EARN,26,26,BKG-011240
LTX-0001602,P00679,2025-05-18 09:00:00,EARN,29,55,BKG-006503
LTX-0001603,P00679,2025-06-08 09:00:00,EARN,40,95,BKG-005787
LTX-0001604,P00679,2025-06-27 09:00:00,EARN,29,124,BKG-000374
LTX-0001605,P00679,2025-10-28 09:00:00,EARN,63,187,BKG-005186
LTX-0001606,P02101,2024-12-26 09:00:00,EARN,25,25,BKG-006753
LTX-0001607,P02101,2024-12-26 18:00:00,REDEEM,-20,5,BKG-006753
LTX-0001608,P02101,2024-12-31 09:00:00,EARN,31,36,BKG-010446
LTX-0001609,P02101,2024-12-31 18:00:00,REDEEM,-10,26,BKG-010446
LTX-0001610,P02101,2025-01-28 09:00:00,EARN,50,76,BKG-000375
LTX-0001611,P02101,2025-02-07 09:00:00,EARN,37,113,BKG-001224
LTX-0001612,P01825,2025-05-10 09:00:00,EARN,54,54,BKG-012115
LTX-0001613,P01825,2025-05-14 09:00:00,EARN,28,82,BKG-011788
LTX-0001614,P01825,2025-06-11 09:00:00,EARN,25,107,BKG-001984
LTX-0001615,P01825,2025-07-18 09:00:00,EARN,12,119,BKG-000376
LTX-0001616,P01825,2025-10-11 09:00:00,EARN,7,126,BKG-008490
LTX-0001617,P01825,2025-10-24 09:00:00,EARN,42,168,BKG-008475
LTX-0001618,P01965,2024-12-20 09:00:00,EARN,50,50,BKG-012455
LTX-0001619,P01965,2025-05-20 09:00:00,EARN,64,114,BKG-000377
LTX-0001620,P01965,2025-07-22 09:00:00,EARN,38,152,BKG-012260
LTX-0001621,P00970,2025-07-22 09:00:00,EARN,29,29,BKG-002368
LTX-0001622,P00970,2025-12-06 09:00:00,EARN,28,57,BKG-000381
LTX-0001623,P00346,2025-03-20 09:00:00,EARN,45,45,BKG-003214
LTX-0001624,P00346,2025-03-20 18:00:00,REDEEM,-10,35,BKG-003214
LTX-0001625,P00346,2025-06-28 09:00:00,EARN,47,82,BKG-009105
LTX-0001626,P00346,2025-06-30 09:00:00,EARN,65,147,BKG-000382
LTX-0001627,P00580,2025-01-14 09:00:00,EARN,35,35,BKG-001097
LTX-0001628,P00580,2025-04-29 09:00:00,EARN,49,84,BKG-007955
LTX-0001629,P00580,2025-05-12 09:00:00,EARN,61,145,BKG-003045
LTX-0001630,P00580,2025-05-23 09:00:00,EARN,46,191,BKG-000383
LTX-0001631,P00453,2024-12-14 09:00:00,EARN,34,34,BKG-010844
LTX-0001632,P00453,2025-06-01 09:00:00,EARN,87,121,BKG-007081
LTX-0001633,P00453,2025-06-02 09:00:00,EARN,21,142,BKG-007832
LTX-0001634,P00453,2025-06-11 09:00:00,EARN,53,195,BKG-009674
LTX-0001635,P00453,2025-07-15 09:00:00,EARN,78,273,BKG-011992
LTX-0001636,P00453,2025-09-25 09:00:00,EARN,36,309,BKG-000384
LTX-0001637,P00453,2025-11-13 09:00:00,EARN,15,324,BKG-003406
LTX-0001638,P00453,2025-11-13 18:00:00,REDEEM,-10,314,BKG-003406
LTX-0001639,P03888,2025-04-26 09:00:00,EARN,42,42,BKG-000385
LTX-0001640,P03888,2025-04-26 18:00:00,REDEEM,-20,22,BKG-000385
LTX-0001641,P03888,2025-07-04 09:00:00,EARN,14,36,BKG-007122
LTX-0001642,P03888,2025-08-18 09:00:00,EARN,51,87,BKG-001817
LTX-0001643,P03888,2025-11-24 09:00:00,EARN,88,175,BKG-007636
LTX-0001644,P01145,2025-01-26 09:00:00,EARN,45,45,BKG-011405
LTX-0001645,P01145,2025-01-26 18:00:00,REDEEM,-20,25,BKG-011405
LTX-0001646,P01145,2025-02-26 09:00:00,EARN,11,36,BKG-000386
LTX-0001647,P01145,2025-04-12 09:00:00,EARN,50,86,BKG-012450
LTX-0001648,P01145,2025-06-06 09:00:00,EARN,52,138,BKG-003810
LTX-0001649,P01145,2025-07-26 09:00:00,EARN,29,167,BKG-000400
LTX-0001650,P01145,2025-11-13 09:00:00,EARN,81,248,BKG-009406
LTX-0001651,P01145,2025-11-13 18:00:00,REDEEM,-20,228,BKG-009406
LTX-0001652,P02894,2025-02-24 09:00:00,EARN,32,32,BKG-007479
LTX-0001653,P02894,2025-03-14 09:00:00,EARN,62,94,BKG-007970
LTX-0001654,P02894,2025-04-05 09:00:00,EARN,53,147,BKG-004799
LTX-0001655,P02894,2025-04-05 18:00:00,REDEEM,-30,117,BKG-004799
LTX-0001656,P02894,2025-05-26 09:00:00,EARN,36,153,BKG-000772
LTX-0001657,P02894,2025-05-26 18:00:00,REDEEM,-20,133,BKG-000772
LTX-0001658,P02894,2025-07-13 09:00:00,EARN,41,174,BKG-004624
LTX-0001659,P02894,2025-09-29 09:00:00,EARN,14,188,BKG-000387
LTX-0001660,P02894,2025-11-11 09:00:00,EARN,17,205,BKG-008132
LTX-0001661,P02894,2025-11-11 18:00:00,REDEEM,-10,195,BKG-008132
LTX-0001662,P00847,2025-05-16 09:00:00,EARN,37,37,BKG-002898
LTX-0001663,P00847,2025-10-04 09:00:00,EARN,46,83,BKG-008905
LTX-0001664,P00847,2025-11-26 09:00:00,EARN,48,131,BKG-000388
LTX-0001665,P02527,2025-06-25 09:00:00,EARN,37,37,BKG-000390
LTX-0001666,P02527,2025-06-29 09:00:00,EARN,72,109,BKG-010910
LTX-0001667,P02527,2025-08-26 09:00:00,EARN,75,184,BKG-011448
LTX-0001668,P02527,2025-09-28 09:00:00,EARN,54,238,BKG-008360
LTX-0001669,P02527,2025-10-27 09:00:00,EARN,40,278,BKG-005447
LTX-0001670,P01392,2025-05-12 09:00:00,EARN,16,16,BKG-006257
LTX-0001671,P01392,2025-09-28 09:00:00,EARN,10,26,BKG-008215
LTX-0001672,P01392,2025-11-10 09:00:00,EARN,49,75,BKG-000391
LTX-0001673,P01392,2025-12-02 09:00:00,EARN,40,115,BKG-004080
LTX-0001674,P01392,2025-12-06 09:00:00,EARN,15,130,BKG-007813
LTX-0001675,P03797,2025-02-23 09:00:00,EARN,48,48,BKG-000392
LTX-0001676,P03797,2025-06-17 09:00:00,EARN,92,140,BKG-005033
LTX-0001677,P03797,2025-11-17 09:00:00,EARN,53,193,BKG-002062
LTX-0001678,P03797,2025-11-17 09:00:00,EARN,38,231,BKG-010492
LTX-0001679,P03883,2024-12-23 09:00:00,EARN,66,66,BKG-006275
LTX-0001680,P03883,2025-12-02 09:00:00,EARN,49,115,BKG-000394
LTX-0001681,P03575,2025-02-13 09:00:00,EARN,71,71,BKG-011008
LTX-0001682,P03575,2025-05-10 09:00:00,EARN,45,116,BKG-012228
LTX-0001683,P03575,2025-05-14 09:00:00,EARN,38,154,BKG-003875
LTX-0001684,P03575,2025-11-22 09:00:00,EARN,65,219,BKG-000395
LTX-0001685,P03575,2025-11-29 09:00:00,EARN,33,252,BKG-011038
LTX-0001686,P03575,2025-12-12 09:00:00,EARN,30,282,BKG-002695
LTX-0001687,P01938,2025-08-27 09:00:00,EARN,20,20,BKG-000397
LTX-0001688,P01938,2025-11-16 09:00:00,EARN,63,83,BKG-004513
LTX-0001689,P03176,2025-04-03 09:00:00,EARN,18,18,BKG-009381
LTX-0001690,P03176,2025-06-30 09:00:00,EARN,57,75,BKG-007703
LTX-0001691,P03176,2025-07-06 09:00:00,EARN,64,139,BKG-001832
LTX-0001692,P03176,2025-09-10 09:00:00,EARN,32,171,BKG-006303
LTX-0001693,P03176,2025-10-20 09:00:00,EARN,47,218,BKG-000398
LTX-0001694,P03332,2025-05-14 09:00:00,EARN,37,37,BKG-000399
LTX-0001695,P03332,2025-07-03 09:00:00,EARN,99,136,BKG-008352
LTX-0001696,P03332,2025-11-12 09:00:00,EARN,60,196,BKG-009748
LTX-0001697,P00652,2025-04-01 09:00:00,EARN,20,20,BKG-009845
LTX-0001698,P00652,2025-04-30 09:00:00,EARN,16,36,BKG-000401
LTX-0001699,P00652,2025-05-10 09:00:00,EARN,24,60,BKG-010926
LTX-0001700,P00652,2025-07-04 09:00:00,EARN,66,126,BKG-001747
LTX-0001701,P00652,2025-07-04 18:00:00,REDEEM,-20,106,BKG-001747
LTX-0001702,P02138,2025-07-05 09:00:00,EARN,49,49,BKG-000402
LTX-0001703,P02138,2025-07-07 09:00:00,EARN,25,74,BKG-010703
LTX-0001704,P02138,2025-07-12 09:00:00,EARN,23,97,BKG-002746
LTX-0001705,P02138,2025-08-03 09:00:00,EARN,55,152,BKG-004487
LTX-0001706,P02138,2025-12-01 09:00:00,EARN,25,177,BKG-004893
LTX-0001707,P00612,2025-04-03 09:00:00,EARN,72,72,BKG-005660
LTX-0001708,P00612,2025-07-16 09:00:00,EARN,24,96,BKG-000403
LTX-0001709,P00612,2025-07-16 18:00:00,REDEEM,-10,86,BKG-000403
LTX-0001710,P00612,2025-09-01 09:00:00,EARN,45,131,BKG-009880
LTX-0001711,P00612,2025-09-01 18:00:00,REDEEM,-30,101,BKG-009880
LTX-0001712,P02756,2025-05-10 09:00:00,EARN,33,33,BKG-010777
LTX-0001713,P02756,2025-06-27 09:00:00,EARN,61,94,BKG-005065
LTX-0001714,P02756,2025-06-27 18:00:00,REDEEM,-30,64,BKG-005065
LTX-0001715,P02756,2025-11-23 09:00:00,EARN,66,130,BKG-000404
LTX-0001716,P00209,2024-12-23 09:00:00,EARN,62,62,BKG-006486
LTX-0001717,P00209,2025-02-14 09:00:00,EARN,49,111,BKG-000405
LTX-0001718,P00209,2025-02-14 18:00:00,REDEEM,-30,81,BKG-000405
LTX-0001719,P00209,2025-07-20 09:00:00,EARN,40,121,BKG-006457
LTX-0001720,P03090,2025-01-05 09:00:00,EARN,9,9,BKG-003256
LTX-0001721,P03090,2025-03-01 09:00:00,EARN,30,39,BKG-010690
LTX-0001722,P03090,2025-05-27 09:00:00,EARN,33,72,BKG-000596
LTX-0001723,P03090,2025-06-03 09:00:00,EARN,56,128,BKG-000406
LTX-0001724,P03090,2025-11-13 09:00:00,EARN,28,156,BKG-012507
LTX-0001725,P03627,2025-01-14 09:00:00,EARN,33,33,BKG-000633
LTX-0001726,P03627,2025-12-16 09:00:00,EARN,90,123,BKG-000407
LTX-0001727,P03627,2025-12-16 18:00:00,REDEEM,-30,93,BKG-000407
LTX-0001728,P02256,2025-05-26 09:00:00,EARN,84,84,BKG-010755
LTX-0001729,P02256,2025-06-03 09:00:00,EARN,11,95,BKG-009643
LTX-0001730,P02256,2025-06-03 18:00:00,REDEEM,-20,75,BKG-009643
LTX-0001731,P02256,2025-06-14 09:00:00,EARN,54,129,BKG-000408
LTX-0001732,P02256,2025-06-14 18:00:00,REDEEM,-10,119,BKG-000408
LTX-0001733,P01488,2025-01-30 09:00:00,EARN,66,66,BKG-007495
LTX-0001734,P01488,2025-02-23 09:00:00,EARN,44,110,BKG-005872
LTX-0001735,P01488,2025-05-14 09:00:00,EARN,29,139,BKG-005230
LTX-0001736,P01488,2025-06-06 09:00:00,EARN,41,180,BKG-000409
LTX-0001737,P01488,2025-06-12 09:00:00,EARN,22,202,BKG-007506
LTX-0001738,P01488,2025-06-12 18:00:00,REDEEM,-20,182,BKG-007506
LTX-0001739,P01488,2025-11-15 09:00:00,EARN,35,217,BKG-004135
LTX-0001740,P01488,2025-11-23 09:00:00,EARN,63,280,BKG-006643
LTX-0001741,P01254,2025-01-30 09:00:00,EARN,28,28,BKG-000410
LTX-0001742,P01254,2025-05-18 09:00:00,EARN,68,96,BKG-011167
LTX-0001743,P01254,2025-06-03 09:00:00,EARN,79,175,BKG-008061
LTX-0001744,P01254,2025-11-28 09:00:00,EARN,64,239,BKG-007491
LTX-0001745,P01254,2025-12-21 09:00:00,EARN,33,272,BKG-001682
LTX-0001746,P00643,2025-03-19 09:00:00,EARN,59,59,BKG-006889
LTX-0001747,P00643,2025-07-01 09:00:00,EARN,60,119,BKG-000411
LTX-0001748,P02444,2025-01-01 09:00:00,EARN,47,47,BKG-001086
LTX-0001749,P02444,2025-01-09 09:00:00,EARN,22,69,BKG-011847
LTX-0001750,P02444,2025-07-11 09:00:00,EARN,22,91,BKG-000412
LTX-0001751,P02444,2025-08-06 09:00:00,EARN,74,165,BKG-008416
LTX-0001752,P03434,2025-01-12 09:00:00,EARN,10,10,BKG-001657
LTX-0001753,P03434,2025-02-06 09:00:00,EARN,25,35,BKG-004863
LTX-0001754,P03434,2025-02-17 09:00:00,EARN,38,73,BKG-001681
LTX-0001755,P03434,2025-02-17 18:00:00,REDEEM,-10,63,BKG-001681
LTX-0001756,P03434,2025-10-05 09:00:00,EARN,70,133,BKG-006018
LTX-0001757,P03434,2025-11-14 09:00:00,EARN,51,184,BKG-000413
LTX-0001758,P03434,2025-12-04 09:00:00,EARN,60,244,BKG-011364
LTX-0001759,P03434,2025-12-04 18:00:00,REDEEM,-10,234,BKG-011364
LTX-0001760,P01026,2025-05-13 09:00:00,EARN,67,67,BKG-000414
LTX-0001761,P01026,2025-06-02 09:00:00,EARN,13,80,BKG-007304
LTX-0001762,P02242,2025-04-20 09:00:00,EARN,48,48,BKG-003728
LTX-0001763,P02242,2025-05-22 09:00:00,EARN,53,101,BKG-002394
LTX-0001764,P02242,2025-06-05 09:00:00,EARN,72,173,BKG-000415
LTX-0001765,P02242,2025-06-15 09:00:00,EARN,36,209,BKG-000458
LTX-0001766,P02242,2025-06-18 09:00:00,EARN,88,297,BKG-008118
LTX-0001767,P02242,2025-12-05 09:00:00,EARN,68,365,BKG-011490
LTX-0001768,P03177,2025-06-05 09:00:00,EARN,19,19,BKG-000416
LTX-0001769,P03177,2025-06-10 09:00:00,EARN,36,55,BKG-011580
LTX-0001770,P03177,2025-07-07 09:00:00,EARN,58,113,BKG-010160
LTX-0001771,P03177,2025-09-17 09:00:00,EARN,37,150,BKG-010879
LTX-0001772,P03630,2025-05-18 09:00:00,EARN,76,76,BKG-002762
LTX-0001773,P03630,2025-06-07 09:00:00,EARN,41,117,BKG-009579
LTX-0001774,P03630,2025-07-15 09:00:00,EARN,28,145,BKG-006230
LTX-0001775,P03630,2025-08-15 09:00:00,EARN,53,198,BKG-007485
LTX-0001776,P03630,2025-08-20 09:00:00,EARN,42,240,BKG-004776
LTX-0001777,P03630,2025-08-26 09:00:00,EARN,44,284,BKG-001836
LTX-0001778,P03630,2025-08-26 18:00:00,REDEEM,-10,274,BKG-001836
LTX-0001779,P03630,2025-09-21 09:00:00,EARN,62,336,BKG-011954
LTX-0001780,P03630,2025-09-28 09:00:00,EARN,73,409,BKG-002580
LTX-0001781,P03630,2025-11-06 09:00:00,EARN,64,473,BKG-002207
LTX-0001782,P03630,2025-12-19 09:00:00,EARN,126,599,BKG-000417
LTX-0001783,P03461,2025-03-05 09:00:00,EARN,29,29,BKG-006408
LTX-0001784,P03461,2025-05-31 09:00:00,EARN,36,65,BKG-000418
LTX-0001785,P03461,2025-10-28 09:00:00,EARN,57,122,BKG-009816
LTX-0001786,P00670,2025-06-04 09:00:00,EARN,54,54,BKG-000620
LTX-0001787,P00670,2025-10-02 09:00:00,EARN,43,97,BKG-000419
LTX-0001788,P00670,2025-10-07 09:00:00,EARN,44,141,BKG-008245
LTX-0001789,P00670,2025-11-30 09:00:00,EARN,68,209,BKG-000791
LTX-0001790,P00225,2025-03-05 09:00:00,EARN,67,67,BKG-000420
LTX-0001791,P00225,2025-07-21 09:00:00,EARN,51,118,BKG-003543
LTX-0001792,P00225,2025-11-19 09:00:00,EARN,29,147,BKG-008817
LTX-0001793,P01885,2024-12-21 09:00:00,EARN,9,9,BKG-000421
LTX-0001794,P01885,2025-05-21 09:00:00,EARN,41,50,BKG-001606
LTX-0001795,P01885,2025-09-28 09:00:00,EARN,30,80,BKG-000649
LTX-0001796,P01885,2025-11-02 09:00:00,EARN,8,88,BKG-001253
LTX-0001797,P01885,2025-11-28 09:00:00,EARN,29,117,BKG-003639
LTX-0001798,P00650,2025-06-25 09:00:00,EARN,63,63,BKG-006078
LTX-0001799,P00650,2025-06-29 09:00:00,EARN,41,104,BKG-003037
LTX-0001800,P00650,2025-10-31 09:00:00,EARN,53,157,BKG-000422
LTX-0001801,P03163,2025-01-13 09:00:00,EARN,6,6,BKG-004564
LTX-0001802,P03163,2025-02-05 09:00:00,EARN,30,36,BKG-011122
LTX-0001803,P03163,2025-03-17 09:00:00,EARN,36,72,BKG-001560
LTX-0001804,P03163,2025-03-17 18:00:00,REDEEM,-20,52,BKG-001560
LTX-0001805,P03163,2025-06-08 09:00:00,EARN,31,83,BKG-000423
LTX-0001806,P03163,2025-06-25 09:00:00,EARN,11,94,BKG-001484
LTX-0001807,P01758,2024-12-28 09:00:00,EARN,42,42,BKG-000424
LTX-0001808,P01758,2025-08-09 09:00:00,EARN,76,118,BKG-008866
LTX-0001809,P01758,2025-09-27 09:00:00,EARN,22,140,BKG-007076
LTX-0001810,P02152,2024-12-27 09:00:00,EARN,40,40,BKG-004919
LTX-0001811,P02152,2025-05-27 09:00:00,EARN,48,88,BKG-003317
LTX-0001812,P02152,2025-05-27 18:00:00,REDEEM,-30,58,BKG-003317
LTX-0001813,P02152,2025-06-05 09:00:00,EARN,54,112,BKG-008856
LTX-0001814,P02152,2025-06-20 09:00:00,EARN,17,129,BKG-000425
LTX-0001815,P02152,2025-06-20 18:00:00,REDEEM,-30,99,BKG-000425
LTX-0001816,P02152,2025-08-12 09:00:00,EARN,13,112,BKG-004248
LTX-0001817,P02152,2025-11-26 09:00:00,EARN,39,151,BKG-011781
LTX-0001818,P00875,2025-02-19 09:00:00,EARN,15,15,BKG-010384
LTX-0001819,P00875,2025-04-07 09:00:00,EARN,57,72,BKG-009878
LTX-0001820,P00875,2025-06-13 09:00:00,EARN,7,79,BKG-000426
LTX-0001821,P00191,2025-05-13 09:00:00,EARN,56,56,BKG-000427
LTX-0001822,P00191,2025-11-13 09:00:00,EARN,29,85,BKG-002872
LTX-0001823,P00191,2025-12-04 09:00:00,EARN,36,121,BKG-006672
LTX-0001824,P00321,2025-02-13 09:00:00,EARN,48,48,BKG-000615
LTX-0001825,P00321,2025-03-22 09:00:00,EARN,54,102,BKG-006664
LTX-0001826,P00321,2025-03-23 09:00:00,EARN,72,174,BKG-000428
LTX-0001827,P00321,2025-06-02 09:00:00,EARN,41,215,BKG-010968
LTX-0001828,P00321,2025-06-02 18:00:00,REDEEM,-30,185,BKG-010968
LTX-0001829,P00321,2025-06-25 09:00:00,EARN,50,235,BKG-007240
LTX-0001830,P00321,2025-12-08 09:00:00,EARN,78,313,BKG-004432
LTX-0001831,P01656,2025-06-26 09:00:00,EARN,54,54,BKG-000430
LTX-0001832,P01656,2025-12-01 09:00:00,EARN,70,124,BKG-008894
LTX-0001833,P01112,2025-03-18 09:00:00,EARN,71,71,BKG-004723
LTX-0001834,P01112,2025-05-26 09:00:00,EARN,39,110,BKG-010056
LTX-0001835,P01112,2025-10-25 09:00:00,EARN,52,162,BKG-003940
LTX-0001836,P01112,2025-11-28 09:00:00,EARN,45,207,BKG-000431
LTX-0001837,P01207,2025-08-29 09:00:00,EARN,27,27,BKG-000432
LTX-0001838,P02927,2025-02-12 09:00:00,EARN,6,6,BKG-007004
LTX-0001839,P02927,2025-03-06 09:00:00,EARN,19,25,BKG-006952
LTX-0001840,P02927,2025-04-18 09:00:00,EARN,27,52,BKG-001859
LTX-0001841,P02927,2025-05-06 09:00:00,EARN,9,61,BKG-000433
LTX-0001842,P02927,2025-06-04 09:00:00,EARN,54,115,BKG-002808
LTX-0001843,P02927,2025-06-04 09:00:00,EARN,92,207,BKG-003833
LTX-0001844,P02927,2025-06-04 18:00:00,REDEEM,-30,177,BKG-002808
LTX-0001845,P02927,2025-07-05 09:00:00,EARN,7,184,BKG-008672
LTX-0001846,P02927,2025-07-05 09:00:00,EARN,50,234,BKG-010542
LTX-0001847,P02927,2025-07-05 18:00:00,REDEEM,-20,214,BKG-010542
LTX-0001848,P02927,2025-09-10 09:00:00,EARN,47,261,BKG-003970
LTX-0001849,P02927,2025-12-09 09:00:00,EARN,61,322,BKG-006661
LTX-0001850,P02131,2025-05-14 09:00:00,EARN,33,33,BKG-005027
LTX-0001851,P02131,2025-07-06 09:00:00,EARN,36,69,BKG-000836
LTX-0001852,P02131,2025-07-06 18:00:00,REDEEM,-10,59,BKG-000836
LTX-0001853,P02131,2025-11-29 09:00:00,EARN,33,92,BKG-000434
LTX-0001854,P02131,2025-12-18 09:00:00,EARN,64,156,BKG-002213
LTX-0001855,P01463,2025-05-28 09:00:00,EARN,27,27,BKG-004498
LTX-0001856,P01463,2025-06-23 09:00:00,EARN,11,38,BKG-005374
LTX-0001857,P01463,2025-08-06 09:00:00,EARN,47,85,BKG-000435
LTX-0001858,P01463,2025-08-06 18:00:00,REDEEM,-10,75,BKG-000435
LTX-0001859,P01463,2025-09-07 09:00:00,EARN,54,129,BKG-001292
LTX-0001860,P01463,2025-11-28 09:00:00,EARN,58,187,BKG-012389
LTX-0001861,P01463,2025-11-28 18:00:00,REDEEM,-10,177,BKG-012389
LTX-0001862,P00943,2025-01-05 09:00:00,EARN,65,65,BKG-011102
LTX-0001863,P00943,2025-05-06 09:00:00,EARN,12,77,BKG-000436
LTX-0001864,P00943,2025-05-26 09:00:00,EARN,56,133,BKG-005601
LTX-0001865,P00943,2025-05-31 09:00:00,EARN,60,193,BKG-002173
LTX-0001866,P00943,2025-07-16 09:00:00,EARN,76,269,BKG-002644
LTX-0001867,P00943,2025-10-05 09:00:00,EARN,37,306,BKG-004811
LTX-0001868,P00943,2025-10-05 18:00:00,REDEEM,-10,296,BKG-004811
LTX-0001869,P00943,2025-10-12 09:00:00,EARN,42,338,BKG-008742
LTX-0001870,P00943,2025-10-12 18:00:00,REDEEM,-30,308,BKG-008742
LTX-0001871,P00800,2025-07-03 09:00:00,EARN,28,28,BKG-000437
LTX-0001872,P00800,2025-08-26 09:00:00,EARN,34,62,BKG-010840
LTX-0001873,P00974,2025-01-18 09:00:00,EARN,40,40,BKG-004830
LTX-0001874,P00974,2025-04-10 09:00:00,EARN,42,82,BKG-000439
LTX-0001875,P00974,2025-06-07 09:00:00,EARN,13,95,BKG-011748
LTX-0001876,P00974,2025-09-21 09:00:00,EARN,28,123,BKG-003517
LTX-0001877,P00974,2025-12-02 09:00:00,EARN,51,174,BKG-005709
LTX-0001878,P01801,2025-02-20 09:00:00,EARN,6,6,BKG-012463
LTX-0001879,P01801,2025-03-16 09:00:00,EARN,30,36,BKG-003472
LTX-0001880,P01801,2025-03-16 18:00:00,REDEEM,-30,6,BKG-003472
LTX-0001881,P01801,2025-03-28 09:00:00,EARN,17,23,BKG-003135
LTX-0001882,P01801,2025-05-28 09:00:00,EARN,79,102,BKG-000440
LTX-0001883,P01801,2025-05-28 09:00:00,EARN,32,134,BKG-005023
LTX-0001884,P01801,2025-05-28 18:00:00,REDEEM,-10,124,BKG-000440
LTX-0001885,P01801,2025-09-17 09:00:00,EARN,27,151,BKG-006154
LTX-0001886,P01801,2025-11-04 09:00:00,EARN,36,187,BKG-009233
LTX-0001887,P01801,2025-12-09 09:00:00,EARN,39,226,BKG-008548
LTX-0001888,P01101,2025-01-12 09:00:00,EARN,33,33,BKG-002393
LTX-0001889,P01101,2025-06-19 09:00:00,EARN,63,96,BKG-000441
LTX-0001890,P03626,2024-12-18 09:00:00,EARN,21,21,BKG-011857
LTX-0001891,P03626,2025-03-03 09:00:00,EARN,23,44,BKG-003603
LTX-0001892,P03626,2025-05-07 09:00:00,EARN,14,58,BKG-000442
LTX-0001893,P03626,2025-06-05 09:00:00,EARN,91,149,BKG-005932
LTX-0001894,P03626,2025-06-29 09:00:00,EARN,61,210,BKG-002520
LTX-0001895,P03626,2025-06-29 18:00:00,REDEEM,-30,180,BKG-002520
LTX-0001896,P03626,2025-07-06 09:00:00,EARN,54,234,BKG-005199
LTX-0001897,P03626,2025-07-06 18:00:00,REDEEM,-20,214,BKG-005199
LTX-0001898,P00765,2025-01-03 09:00:00,EARN,57,57,BKG-010635
LTX-0001899,P00765,2025-01-13 09:00:00,EARN,59,116,BKG-000443
LTX-0001900,P00765,2025-05-01 09:00:00,EARN,53,169,BKG-008329
LTX-0001901,P00765,2025-11-14 09:00:00,EARN,37,206,BKG-011880
LTX-0001902,P00108,2025-05-11 09:00:00,EARN,16,16,BKG-004102
LTX-0001903,P00108,2025-06-17 09:00:00,EARN,73,89,BKG-006091
LTX-0001904,P00108,2025-06-17 18:00:00,REDEEM,-30,59,BKG-006091
LTX-0001905,P00108,2025-11-30 09:00:00,EARN,57,116,BKG-000444
LTX-0001906,P01040,2025-05-24 09:00:00,EARN,54,54,BKG-000445
LTX-0001907,P02194,2025-06-10 09:00:00,EARN,68,68,BKG-002597
LTX-0001908,P02194,2025-09-03 09:00:00,EARN,68,136,BKG-000446
LTX-0001909,P02106,2025-04-12 09:00:00,EARN,49,49,BKG-008883
LTX-0001910,P02106,2025-11-29 09:00:00,EARN,22,71,BKG-000447
LTX-0001911,P03475,2025-03-31 09:00:00,EARN,76,76,BKG-009079
LTX-0001912,P03475,2025-08-24 09:00:00,EARN,49,125,BKG-000448
LTX-0001913,P03475,2025-10-09 09:00:00,EARN,18,143,BKG-001365
LTX-0001914,P03475,2025-10-09 18:00:00,REDEEM,-10,133,BKG-001365
LTX-0001915,P03475,2025-10-17 09:00:00,EARN,32,165,BKG-003725
LTX-0001916,P01971,2025-01-29 09:00:00,EARN,44,44,BKG-005908
LTX-0001917,P01971,2025-06-27 09:00:00,EARN,90,134,BKG-000449
LTX-0001918,P01971,2025-12-05 09:00:00,EARN,33,167,BKG-002569
LTX-0001919,P03886,2025-05-21 09:00:00,EARN,69,69,BKG-000450
LTX-0001920,P03886,2025-08-21 09:00:00,EARN,57,126,BKG-009008
LTX-0001921,P03886,2025-10-12 09:00:00,EARN,32,158,BKG-006573
LTX-0001922,P00743,2025-04-29 09:00:00,EARN,25,25,BKG-008058
LTX-0001923,P00743,2025-06-11 09:00:00,EARN,38,63,BKG-000451
LTX-0001924,P00743,2025-06-11 18:00:00,REDEEM,-30,33,BKG-000451
LTX-0001925,P00743,2025-10-27 09:00:00,EARN,19,52,BKG-011543
LTX-0001926,P00277,2025-02-22 09:00:00,EARN,47,47,BKG-000452
LTX-0001927,P00277,2025-06-17 09:00:00,EARN,26,73,BKG-004225
LTX-0001928,P00277,2025-10-24 09:00:00,EARN,49,122,BKG-008455
LTX-0001929,P02155,2024-12-30 09:00:00,EARN,65,65,BKG-012250
LTX-0001930,P02155,2024-12-30 18:00:00,REDEEM,-30,35,BKG-012250
LTX-0001931,P02155,2025-01-05 09:00:00,EARN,11,46,BKG-006238
LTX-0001932,P02155,2025-05-30 09:00:00,EARN,87,133,BKG-005494
LTX-0001933,P02155,2025-08-23 09:00:00,EARN,8,141,BKG-003726
LTX-0001934,P02155,2025-12-06 09:00:00,EARN,40,181,BKG-000453
LTX-0001935,P00840,2025-08-06 09:00:00,EARN,44,44,BKG-010752
LTX-0001936,P00840,2025-08-11 09:00:00,EARN,46,90,BKG-000454
LTX-0001937,P00840,2025-08-11 18:00:00,REDEEM,-10,80,BKG-000454
LTX-0001938,P00840,2025-11-26 09:00:00,EARN,44,124,BKG-003158
LTX-0001939,P00840,2025-12-13 09:00:00,EARN,42,166,BKG-008239
LTX-0001940,P00693,2025-01-27 09:00:00,EARN,10,10,BKG-000455
LTX-0001941,P00693,2025-06-21 09:00:00,EARN,38,48,BKG-001128
LTX-0001942,P00693,2025-12-18 09:00:00,EARN,48,96,BKG-011986
LTX-0001943,P02193,2025-02-25 09:00:00,EARN,30,30,BKG-000714
LTX-0001944,P02193,2025-07-01 09:00:00,EARN,36,66,BKG-009823
LTX-0001945,P02193,2025-09-10 09:00:00,EARN,69,135,BKG-002586
LTX-0001946,P02193,2025-11-28 09:00:00,EARN,48,183,BKG-000456
LTX-0001947,P02193,2025-11-28 18:00:00,REDEEM,-10,173,BKG-000456
LTX-0001948,P00004,2025-01-19 09:00:00,EARN,69,69,BKG-008854
LTX-0001949,P00004,2025-02-16 09:00:00,EARN,28,97,BKG-002976
LTX-0001950,P00004,2025-03-04 09:00:00,EARN,28,125,BKG-004243
LTX-0001951,P00004,2025-06-12 09:00:00,EARN,42,167,BKG-000457
LTX-0001952,P00004,2025-06-12 18:00:00,REDEEM,-20,147,BKG-000457
LTX-0001953,P03229,2025-02-02 09:00:00,EARN,91,91,BKG-000459
LTX-0001954,P03229,2025-10-03 09:00:00,EARN,19,110,BKG-005134
LTX-0001955,P03229,2025-11-14 09:00:00,EARN,70,180,BKG-004750
LTX-0001956,P03229,2025-11-14 18:00:00,REDEEM,-10,170,BKG-004750
LTX-0001957,P03229,2025-12-06 09:00:00,EARN,22,192,BKG-001498
LTX-0001958,P02943,2025-01-10 09:00:00,EARN,16,16,BKG-003657
LTX-0001959,P02943,2025-02-03 09:00:00,EARN,45,61,BKG-007987
LTX-0001960,P02943,2025-05-15 09:00:00,EARN,56,117,BKG-009298
LTX-0001961,P02943,2025-10-14 09:00:00,EARN,30,147,BKG-000461
LTX-0001962,P02943,2025-11-23 09:00:00,EARN,74,221,BKG-001734
LTX-0001963,P02828,2025-02-23 09:00:00,EARN,58,58,BKG-002956
LTX-0001964,P02828,2025-05-28 09:00:00,EARN,18,76,BKG-000463
LTX-0001965,P02828,2025-09-21 09:00:00,EARN,24,100,BKG-005392
LTX-0001966,P00718,2024-12-25 09:00:00,EARN,52,52,BKG-001946
LTX-0001967,P00718,2025-02-21 09:00:00,EARN,33,85,BKG-011453
LTX-0001968,P00718,2025-07-17 09:00:00,EARN,37,122,BKG-000464
LTX-0001969,P00718,2025-11-10 09:00:00,EARN,32,154,BKG-003138
LTX-0001970,P00756,2025-04-05 09:00:00,EARN,53,53,BKG-006346
LTX-0001971,P00756,2025-04-05 18:00:00,REDEEM,-10,43,BKG-006346
LTX-0001972,P00756,2025-10-25 09:00:00,EARN,18,61,BKG-000466
LTX-0001973,P00756,2025-11-29 09:00:00,EARN,25,86,BKG-004175
LTX-0001974,P00756,2025-11-29 09:00:00,EARN,35,121,BKG-010469
LTX-0001975,P00756,2025-11-29 18:00:00,REDEEM,-20,101,BKG-010469
LTX-0001976,P02268,2025-06-30 09:00:00,EARN,26,26,BKG-000467
LTX-0001977,P02268,2025-06-30 18:00:00,REDEEM,-20,6,BKG-000467
LTX-0001978,P02268,2025-11-27 09:00:00,EARN,41,47,BKG-000705
LTX-0001979,P01921,2024-12-29 09:00:00,EARN,28,28,BKG-000468
LTX-0001980,P01921,2025-02-14 09:00:00,EARN,50,78,BKG-003181
LTX-0001981,P01921,2025-02-23 09:00:00,EARN,71,149,BKG-008090
LTX-0001982,P01921,2025-05-10 09:00:00,EARN,36,185,BKG-009216
LTX-0001983,P01921,2025-06-09 09:00:00,EARN,54,239,BKG-001269
LTX-0001984,P03031,2025-06-03 09:00:00,EARN,69,69,BKG-010949
LTX-0001985,P03031,2025-06-29 09:00:00,EARN,41,110,BKG-006378
LTX-0001986,P03031,2025-07-21 09:00:00,EARN,56,166,BKG-011641
LTX-0001987,P03031,2025-08-20 09:00:00,EARN,66,232,BKG-000469
LTX-0001988,P03031,2025-10-07 09:00:00,EARN,38,270,BKG-009627
LTX-0001989,P03031,2025-11-16 09:00:00,EARN,15,285,BKG-009719
LTX-0001990,P03031,2025-12-14 09:00:00,EARN,81,366,BKG-002370
LTX-0001991,P01255,2025-01-09 09:00:00,EARN,47,47,BKG-000470
LTX-0001992,P01255,2025-06-26 09:00:00,EARN,17,64,BKG-008225
LTX-0001993,P01255,2025-06-26 18:00:00,REDEEM,-20,44,BKG-008225
LTX-0001994,P01497,2025-11-24 09:00:00,EARN,14,14,BKG-011627
LTX-0001995,P01497,2025-11-24 18:00:00,REDEEM,-10,4,BKG-011627
LTX-0001996,P01497,2025-12-11 09:00:00,EARN,70,74,BKG-000471
LTX-0001997,P01442,2025-01-14 09:00:00,EARN,55,55,BKG-007889
LTX-0001998,P01442,2025-03-21 09:00:00,EARN,14,69,BKG-000472
LTX-0001999,P01442,2025-06-13 09:00:00,EARN,41,110,BKG-008878
LTX-0002000,P01442,2025-07-07 09:00:00,EARN,22,132,BKG-005826
LTX-0002001,P01442,2025-11-09 09:00:00,EARN,50,182,BKG-002889
LTX-0002002,P01442,2025-11-13 09:00:00,EARN,81,263,BKG-003724
LTX-0002003,P02755,2025-04-09 09:00:00,EARN,16,16,BKG-010035
LTX-0002004,P02755,2025-05-10 09:00:00,EARN,36,52,BKG-001821
LTX-0002005,P02755,2025-05-10 18:00:00,REDEEM,-10,42,BKG-001821
LTX-0002006,P02755,2025-06-28 09:00:00,EARN,92,134,BKG-005867
LTX-0002007,P02755,2025-10-31 09:00:00,EARN,47,181,BKG-000473
LTX-0002008,P02755,2025-11-24 09:00:00,EARN,54,235,BKG-002202
LTX-0002009,P02713,2025-06-22 09:00:00,EARN,65,65,BKG-006213
LTX-0002010,P02713,2025-07-03 09:00:00,EARN,53,118,BKG-000474
LTX-0002011,P02713,2025-08-13 09:00:00,EARN,40,158,BKG-008644
LTX-0002012,P01633,2025-05-14 09:00:00,EARN,54,54,BKG-006181
LTX-0002013,P01633,2025-11-18 09:00:00,EARN,81,135,BKG-000475
LTX-0002014,P01633,2025-12-01 09:00:00,EARN,30,165,BKG-009190
LTX-0002015,P01779,2024-12-16 09:00:00,EARN,28,28,BKG-006145
LTX-0002016,P01779,2025-03-06 09:00:00,EARN,20,48,BKG-000476
LTX-0002017,P01779,2025-07-11 09:00:00,EARN,50,98,BKG-012477
LTX-0002018,P01779,2025-07-15 09:00:00,EARN,47,145,BKG-008228
LTX-0002019,P01779,2025-10-24 09:00:00,EARN,38,183,BKG-007610
LTX-0002020,P02558,2025-05-10 09:00:00,EARN,45,45,BKG-008405
LTX-0002021,P02558,2025-07-02 09:00:00,EARN,25,70,BKG-000478
LTX-0002022,P02558,2025-11-26 09:00:00,EARN,56,126,BKG-008602
LTX-0002023,P02558,2025-11-30 09:00:00,EARN,42,168,BKG-009604
LTX-0002024,P01647,2025-06-01 09:00:00,EARN,33,33,BKG-010965
LTX-0002025,P01647,2025-07-14 09:00:00,EARN,50,83,BKG-000479
LTX-0002026,P01647,2025-07-14 18:00:00,REDEEM,-20,63,BKG-000479
LTX-0002027,P00869,2025-04-15 09:00:00,EARN,28,28,BKG-000480
LTX-0002028,P00869,2025-06-30 09:00:00,EARN,37,65,BKG-004228
LTX-0002029,P00869,2025-08-06 09:00:00,EARN,18,83,BKG-007133
LTX-0002030,P00869,2025-08-06 18:00:00,REDEEM,-10,73,BKG-007133
LTX-0002031,P00905,2025-04-04 09:00:00,EARN,10,10,BKG-000481
LTX-0002032,P00905,2025-05-28 09:00:00,EARN,62,72,BKG-005719
LTX-0002033,P00905,2025-06-25 09:00:00,EARN,38,110,BKG-005551
LTX-0002034,P00905,2025-06-25 18:00:00,REDEEM,-30,80,BKG-005551
LTX-0002035,P00905,2025-11-17 09:00:00,EARN,77,157,BKG-005079
LTX-0002036,P00324,2025-02-20 09:00:00,EARN,44,44,BKG-006854
LTX-0002037,P00324,2025-02-20 18:00:00,REDEEM,-20,24,BKG-006854
LTX-0002038,P00324,2025-02-22 09:00:00,EARN,55,79,BKG-001570
LTX-0002039,P00324,2025-03-18 09:00:00,EARN,40,119,BKG-006357
LTX-0002040,P00324,2025-10-25 09:00:00,EARN,60,179,BKG-000482
LTX-0002041,P01237,2024-12-30 09:00:00,EARN,71,71,BKG-000483
LTX-0002042,P01237,2025-08-04 09:00:00,EARN,26,97,BKG-007489
LTX-0002043,P01237,2025-08-10 09:00:00,EARN,42,139,BKG-006583
LTX-0002044,P01237,2025-08-25 09:00:00,EARN,36,175,BKG-008218
LTX-0002045,P03063,2025-01-09 09:00:00,EARN,32,32,BKG-005470
LTX-0002046,P03063,2025-04-06 09:00:00,EARN,40,72,BKG-004389
LTX-0002047,P03063,2025-04-06 18:00:00,REDEEM,-30,42,BKG-004389
LTX-0002048,P03063,2025-04-14 09:00:00,EARN,60,102,BKG-000484
LTX-0002049,P03063,2025-05-29 09:00:00,EARN,58,160,BKG-004573
LTX-0002050,P03063,2025-06-11 09:00:00,EARN,44,204,BKG-009994
LTX-0002051,P03063,2025-06-11 18:00:00,REDEEM,-10,194,BKG-009994
LTX-0002052,P03063,2025-11-27 09:00:00,EARN,59,253,BKG-008930
LTX-0002053,P00318,2025-03-07 09:00:00,EARN,82,82,BKG-000485
LTX-0002054,P00318,2025-07-04 09:00:00,EARN,33,115,BKG-004518
LTX-0002055,P00318,2025-11-26 09:00:00,EARN,38,153,BKG-005891
LTX-0002056,P00245,2025-02-26 09:00:00,EARN,64,64,BKG-000486
LTX-0002057,P00245,2025-05-03 09:00:00,EARN,18,82,BKG-010159
LTX-0002058,P00245,2025-06-17 09:00:00,EARN,100,182,BKG-010328
LTX-0002059,P03876,2025-01-20 09:00:00,EARN,47,47,BKG-006702
LTX-0002060,P03876,2025-03-03 09:00:00,EARN,51,98,BKG-001409
LTX-0002061,P03876,2025-07-05 09:00:00,EARN,60,158,BKG-011985
LTX-0002062,P03876,2025-07-05 18:00:00,REDEEM,-10,148,BKG-011985
LTX-0002063,P03876,2025-07-17 09:00:00,EARN,118,266,BKG-004442
LTX-0002064,P03876,2025-09-15 09:00:00,EARN,46,312,BKG-010884
LTX-0002065,P03876,2025-09-15 18:00:00,REDEEM,-30,282,BKG-010884
LTX-0002066,P03876,2025-12-16 09:00:00,EARN,102,384,BKG-000487
LTX-0002067,P03876,2025-12-16 18:00:00,REDEEM,-20,364,BKG-000487
LTX-0002068,P02520,2025-05-10 09:00:00,EARN,66,66,BKG-005866
LTX-0002069,P02520,2025-06-20 09:00:00,EARN,6,72,BKG-011072
LTX-0002070,P02520,2025-07-06 09:00:00,EARN,22,94,BKG-000488
LTX-0002071,P02520,2025-07-07 09:00:00,EARN,23,117,BKG-007905
LTX-0002072,P02520,2025-09-17 09:00:00,EARN,8,125,BKG-009661
LTX-0002073,P02520,2025-12-10 09:00:00,EARN,45,170,BKG-008573
LTX-0002074,P00079,2025-03-20 09:00:00,EARN,24,24,BKG-000489
LTX-0002075,P00079,2025-06-07 09:00:00,EARN,41,65,BKG-008426
LTX-0002076,P00079,2025-11-29 09:00:00,EARN,43,108,BKG-001782
LTX-0002077,P00079,2025-11-29 18:00:00,REDEEM,-30,78,BKG-001782
LTX-0002078,P00079,2025-12-09 09:00:00,EARN,21,99,BKG-009769
LTX-0002079,P00079,2025-12-09 18:00:00,REDEEM,-20,79,BKG-009769
LTX-0002080,P00079,2025-12-19 09:00:00,EARN,37,116,BKG-012285
LTX-0002081,P03765,2025-05-20 09:00:00,EARN,15,15,BKG-009874
LTX-0002082,P03765,2025-07-21 09:00:00,EARN,51,66,BKG-002991
LTX-0002083,P03765,2025-10-12 09:00:00,EARN,22,88,BKG-006564
LTX-0002084,P03765,2025-10-12 18:00:00,REDEEM,-10,78,BKG-006564
LTX-0002085,P03765,2025-12-10 09:00:00,EARN,9,87,BKG-000490
LTX-0002086,P03765,2025-12-10 18:00:00,REDEEM,-20,67,BKG-000490
LTX-0002087,P02325,2025-04-22 09:00:00,EARN,57,57,BKG-009647
LTX-0002088,P02325,2025-05-28 09:00:00,EARN,59,116,BKG-011393
LTX-0002089,P02325,2025-06-08 09:00:00,EARN,68,184,BKG-012365
LTX-0002090,P02325,2025-07-04 09:00:00,EARN,60,244,BKG-000491
LTX-0002091,P02325,2025-07-10 09:00:00,EARN,39,283,BKG-009536
LTX-0002092,P02325,2025-10-10 09:00:00,EARN,104,387,BKG-003228
LTX-0002093,P02642,2025-04-26 09:00:00,EARN,6,6,BKG-011162
LTX-0002094,P02642,2025-06-20 09:00:00,EARN,29,35,BKG-005441
LTX-0002095,P02642,2025-07-05 09:00:00,EARN,50,85,BKG-000494
LTX-0002096,P02642,2025-07-05 18:00:00,REDEEM,-30,55,BKG-000494
LTX-0002097,P02642,2025-08-20 09:00:00,EARN,69,124,BKG-010927
LTX-0002098,P02642,2025-11-10 09:00:00,EARN,10,134,BKG-005473
LTX-0002099,P02642,2025-11-20 09:00:00,EARN,33,167,BKG-007888
LTX-0002100,P02912,2024-12-09 09:00:00,EARN,37,37,BKG-000495
LTX-0002101,P02912,2025-05-19 09:00:00,EARN,51,88,BKG-003857
LTX-0002102,P02912,2025-06-25 09:00:00,EARN,12,100,BKG-009389
LTX-0002103,P02912,2025-06-25 18:00:00,REDEEM,-20,80,BKG-009389
LTX-0002104,P02752,2025-01-19 09:00:00,EARN,40,40,BKG-010674
LTX-0002105,P02752,2025-01-30 09:00:00,EARN,24,64,BKG-010871
LTX-0002106,P02752,2025-02-16 09:00:00,EARN,18,82,BKG-000496
LTX-0002107,P02752,2025-11-30 09:00:00,EARN,30,112,BKG-002364
LTX-0002108,P01080,2025-05-26 09:00:00,EARN,28,28,BKG-000497
LTX-0002109,P01080,2025-07-09 09:00:00,EARN,43,71,BKG-007980
LTX-0002110,P00678,2025-01-05 09:00:00,EARN,41,41,BKG-002305
LTX-0002111,P00678,2025-07-17 09:00:00,EARN,51,92,BKG-012074
LTX-0002112,P00678,2025-07-20 09:00:00,EARN,11,103,BKG-004708
LTX-0002113,P00678,2025-11-11 09:00:00,EARN,21,124,BKG-000498
LTX-0002114,P02025,2025-01-22 09:00:00,EARN,14,14,BKG-010093
LTX-0002115,P02025,2025-01-22 18:00:00,REDEEM,-10,4,BKG-010093
LTX-0002116,P02025,2025-02-21 09:00:00,EARN,90,94,BKG-005778
LTX-0002117,P02025,2025-05-21 09:00:00,EARN,94,188,BKG-007090
LTX-0002118,P02025,2025-07-10 09:00:00,EARN,56,244,BKG-008344
LTX-0002119,P02025,2025-07-10 18:00:00,REDEEM,-20,224,BKG-008344
LTX-0002120,P02025,2025-09-02 09:00:00,EARN,21,245,BKG-003944
LTX-0002121,P02025,2025-12-06 09:00:00,EARN,51,296,BKG-003400
LTX-0002122,P02025,2025-12-13 09:00:00,EARN,70,366,BKG-000499
LTX-0002123,P01339,2025-02-18 09:00:00,EARN,52,52,BKG-007603
LTX-0002124,P01339,2025-03-16 09:00:00,EARN,55,107,BKG-006349
LTX-0002125,P01339,2025-05-26 09:00:00,EARN,11,118,BKG-000500
LTX-0002126,P01339,2025-05-29 09:00:00,EARN,37,155,BKG-011169
LTX-0002127,P01339,2025-06-02 09:00:00,EARN,17,172,BKG-004181
LTX-0002128,P01339,2025-07-09 09:00:00,EARN,41,213,BKG-002155
LTX-0002129,P03585,2024-12-31 09:00:00,EARN,68,68,BKG-005597
LTX-0002130,P03585,2025-10-06 09:00:00,EARN,41,109,BKG-000501
LTX-0002131,P03976,2025-07-11 09:00:00,EARN,61,61,BKG-008873
LTX-0002132,P03976,2025-09-24 09:00:00,EARN,66,127,BKG-000502
LTX-0002133,P00422,2025-03-27 09:00:00,EARN,60,60,BKG-001197
LTX-0002134,P00422,2025-05-26 09:00:00,EARN,62,122,BKG-001050
LTX-0002135,P00422,2025-06-08 09:00:00,EARN,43,165,BKG-000503
LTX-0002136,P00422,2025-08-04 09:00:00,EARN,56,221,BKG-003966
LTX-0002137,P00422,2025-12-15 09:00:00,EARN,33,254,BKG-008990
LTX-0002138,P01986,2025-06-21 09:00:00,EARN,86,86,BKG-007678
LTX-0002139,P01986,2025-08-16 09:00:00,EARN,6,92,BKG-000504
LTX-0002140,P01986,2025-11-19 09:00:00,EARN,71,163,BKG-005861
LTX-0002141,P02181,2025-01-28 09:00:00,EARN,40,40,BKG-004637
LTX-0002142,P02181,2025-03-27 09:00:00,EARN,25,65,BKG-007198
LTX-0002143,P02181,2025-05-13 09:00:00,EARN,63,128,BKG-001060
LTX-0002144,P02181,2025-05-27 09:00:00,EARN,58,186,BKG-000505
LTX-0002145,P02181,2025-07-24 09:00:00,EARN,70,256,BKG-009618
LTX-0002146,P02181,2025-09-15 09:00:00,EARN,33,289,BKG-005580
LTX-0002147,P02181,2025-11-22 09:00:00,EARN,25,314,BKG-007510
LTX-0002148,P01036,2025-05-03 09:00:00,EARN,60,60,BKG-000506
LTX-0002149,P01036,2025-10-18 09:00:00,EARN,37,97,BKG-007193
LTX-0002150,P01036,2025-11-06 09:00:00,EARN,54,151,BKG-004020
LTX-0002151,P01036,2025-12-02 09:00:00,EARN,30,181,BKG-011117
LTX-0002152,P02000,2025-06-20 09:00:00,EARN,47,47,BKG-000507
LTX-0002153,P03326,2025-01-15 09:00:00,EARN,14,14,BKG-000508
LTX-0002154,P03326,2025-01-24 09:00:00,EARN,33,47,BKG-003387
LTX-0002155,P03326,2025-06-16 09:00:00,EARN,75,122,BKG-010489
LTX-0002156,P03326,2025-12-06 09:00:00,EARN,60,182,BKG-011686
LTX-0002157,P02020,2025-06-09 09:00:00,EARN,54,54,BKG-002781
LTX-0002158,P02020,2025-06-17 09:00:00,EARN,41,95,BKG-000510
LTX-0002159,P02020,2025-10-29 09:00:00,EARN,47,142,BKG-000888
LTX-0002160,P02020,2025-11-20 09:00:00,EARN,79,221,BKG-009888
LTX-0002161,P02020,2025-12-07 09:00:00,EARN,74,295,BKG-007765
LTX-0002162,P02678,2025-03-20 09:00:00,EARN,40,40,BKG-010731
LTX-0002163,P02678,2025-03-20 18:00:00,REDEEM,-20,20,BKG-010731
LTX-0002164,P02678,2025-05-22 09:00:00,EARN,74,94,BKG-006852
LTX-0002165,P02678,2025-06-08 09:00:00,EARN,10,104,BKG-000511
LTX-0002166,P02678,2025-11-25 09:00:00,EARN,33,137,BKG-006196
LTX-0002167,P01360,2025-01-30 09:00:00,EARN,52,52,BKG-001671
LTX-0002168,P01360,2025-08-03 09:00:00,EARN,48,100,BKG-010387
LTX-0002169,P01360,2025-09-18 09:00:00,EARN,24,124,BKG-001132
LTX-0002170,P01360,2025-11-15 09:00:00,EARN,57,181,BKG-000512
LTX-0002171,P01360,2025-11-17 09:00:00,EARN,40,221,BKG-007721
LTX-0002172,P02999,2025-02-21 09:00:00,EARN,26,26,BKG-005233
LTX-0002173,P02999,2025-02-25 09:00:00,EARN,16,42,BKG-000513
LTX-0002174,P02999,2025-05-31 09:00:00,EARN,42,84,BKG-002658
LTX-0002175,P02999,2025-09-28 09:00:00,EARN,70,154,BKG-007644
LTX-0002176,P02618,2025-05-20 09:00:00,EARN,64,64,BKG-000514
LTX-0002177,P02618,2025-05-20 18:00:00,REDEEM,-10,54,BKG-000514
LTX-0002178,P02618,2025-10-07 09:00:00,EARN,7,61,BKG-010147
LTX-0002179,P02618,2025-11-27 09:00:00,EARN,17,78,BKG-006492
LTX-0002180,P00369,2025-04-08 09:00:00,EARN,51,51,BKG-007499
LTX-0002181,P00369,2025-05-25 09:00:00,EARN,61,112,BKG-001530
LTX-0002182,P00369,2025-06-02 09:00:00,EARN,35,147,BKG-006069
LTX-0002183,P00369,2025-07-04 09:00:00,EARN,39,186,BKG-005822
LTX-0002184,P00369,2025-11-09 09:00:00,EARN,49,235,BKG-000515
LTX-0002185,P01708,2025-04-02 09:00:00,EARN,45,45,BKG-000516
LTX-0002186,P01708,2025-05-23 09:00:00,EARN,54,99,BKG-004488
LTX-0002187,P01708,2025-06-25 09:00:00,EARN,51,150,BKG-007341
LTX-0002188,P01708,2025-07-16 09:00:00,EARN,20,170,BKG-005865
LTX-0002189,P01708,2025-09-08 09:00:00,EARN,25,195,BKG-003068
LTX-0002190,P01708,2025-12-10 09:00:00,EARN,60,255,BKG-008822
LTX-0002191,P02418,2025-01-07 09:00:00,EARN,54,54,BKG-011850
LTX-0002192,P02418,2025-06-11 09:00:00,EARN,27,81,BKG-000517
LTX-0002193,P02418,2025-06-11 18:00:00,REDEEM,-20,61,BKG-000517
LTX-0002194,P02418,2025-12-17 09:00:00,EARN,60,121,BKG-004767
LTX-0002195,P02418,2025-12-17 18:00:00,REDEEM,-20,101,BKG-004767
LTX-0002196,P03258,2024-12-18 09:00:00,EARN,38,38,BKG-008964
LTX-0002197,P03258,2025-08-09 09:00:00,EARN,67,105,BKG-000519
LTX-0002198,P03258,2025-11-25 09:00:00,EARN,22,127,BKG-006183
LTX-0002199,P01119,2025-02-20 09:00:00,EARN,7,7,BKG-000520
LTX-0002200,P01119,2025-09-19 09:00:00,EARN,54,61,BKG-003834
LTX-0002201,P01119,2025-11-11 09:00:00,EARN,45,106,BKG-001184
LTX-0002202,P02415,2025-01-26 09:00:00,EARN,36,36,BKG-000521
LTX-0002203,P02415,2025-05-10 09:00:00,EARN,42,78,BKG-002315
LTX-0002204,P02415,2025-05-18 09:00:00,EARN,27,105,BKG-011690
LTX-0002205,P02415,2025-07-23 09:00:00,EARN,60,165,BKG-006754
LTX-0002206,P02415,2025-11-09 09:00:00,EARN,73,238,BKG-000898
LTX-0002207,P02415,2025-11-09 18:00:00,REDEEM,-30,208,BKG-000898
LTX-0002208,P00791,2025-10-12 09:00:00,EARN,25,25,BKG-000522
LTX-0002209,P00036,2025-01-01 09:00:00,EARN,36,36,BKG-000523
LTX-0002210,P00036,2025-05-03 09:00:00,EARN,57,93,BKG-007752
LTX-0002211,P00036,2025-11-09 09:00:00,EARN,20,113,BKG-011807
LTX-0002212,P00036,2025-12-06 09:00:00,EARN,26,139,BKG-006655
LTX-0002213,P02700,2025-01-27 09:00:00,EARN,6,6,BKG-003391
LTX-0002214,P02700,2025-01-29 09:00:00,EARN,40,46,BKG-000525
LTX-0002215,P02700,2025-02-28 09:00:00,EARN,33,79,BKG-006321
LTX-0002216,P02700,2025-05-22 09:00:00,EARN,87,166,BKG-008661
LTX-0002217,P02700,2025-05-30 09:00:00,EARN,75,241,BKG-001141
LTX-0002218,P02700,2025-09-19 09:00:00,EARN,20,261,BKG-009412
LTX-0002219,P02700,2025-12-09 09:00:00,EARN,83,344,BKG-006385
LTX-0002220,P01853,2025-04-23 09:00:00,EARN,59,59,BKG-004969
LTX-0002221,P01853,2025-06-01 09:00:00,EARN,20,79,BKG-009770
LTX-0002222,P01853,2025-06-10 09:00:00,EARN,39,118,BKG-000526
LTX-0002223,P01853,2025-08-31 09:00:00,EARN,34,152,BKG-002162
LTX-0002224,P03815,2024-12-13 09:00:00,EARN,87,87,BKG-010103
LTX-0002225,P03815,2024-12-13 18:00:00,REDEEM,-20,67,BKG-010103
LTX-0002226,P03815,2025-05-28 09:00:00,EARN,18,85,BKG-000593
LTX-0002227,P03815,2025-05-28 18:00:00,REDEEM,-20,65,BKG-000593
LTX-0002228,P03815,2025-06-25 09:00:00,EARN,19,84,BKG-004289
LTX-0002229,P03815,2025-09-02 09:00:00,EARN,59,143,BKG-002285
LTX-0002230,P03815,2025-09-15 09:00:00,EARN,20,163,BKG-006679
LTX-0002231,P03815,2025-12-11 09:00:00,EARN,43,206,BKG-000527
LTX-0002232,P01750,2025-05-31 09:00:00,EARN,76,76,BKG-000528
LTX-0002233,P01750,2025-06-14 09:00:00,EARN,31,107,BKG-004379
LTX-0002234,P01750,2025-11-13 09:00:00,EARN,35,142,BKG-007799
LTX-0002235,P01230,2025-03-28 09:00:00,EARN,44,44,BKG-005533
LTX-0002236,P01230,2025-04-09 09:00:00,EARN,66,110,BKG-008709
LTX-0002237,P01230,2025-07-11 09:00:00,EARN,41,151,BKG-004344
LTX-0002238,P01230,2025-09-20 09:00:00,EARN,31,182,BKG-000529
LTX-0002239,P01230,2025-09-26 09:00:00,EARN,14,196,BKG-006362
LTX-0002240,P01877,2025-02-16 09:00:00,EARN,40,40,BKG-011482
LTX-0002241,P01877,2025-05-09 09:00:00,EARN,23,63,BKG-002215
LTX-0002242,P01877,2025-07-19 09:00:00,EARN,31,94,BKG-000530
LTX-0002243,P01877,2025-09-21 09:00:00,EARN,16,110,BKG-002066
LTX-0002244,P01877,2025-12-13 09:00:00,EARN,109,219,BKG-008367
LTX-0002245,P03975,2025-05-09 09:00:00,EARN,48,48,BKG-005114
LTX-0002246,P03975,2025-05-09 18:00:00,REDEEM,-30,18,BKG-005114
LTX-0002247,P03975,2025-06-26 09:00:00,EARN,51,69,BKG-000531
LTX-0002248,P03975,2025-07-04 09:00:00,EARN,22,91,BKG-010807
LTX-0002249,P03975,2025-07-04 18:00:00,REDEEM,-20,71,BKG-010807
LTX-0002250,P03975,2025-12-19 09:00:00,EARN,35,106,BKG-010088
LTX-0002251,P02648,2025-05-09 09:00:00,EARN,18,18,BKG-000532
LTX-0002252,P02648,2025-08-30 09:00:00,EARN,23,41,BKG-005260
LTX-0002253,P03603,2025-03-29 09:00:00,EARN,33,33,BKG-008315
LTX-0002254,P03603,2025-03-29 18:00:00,REDEEM,-30,3,BKG-008315
LTX-0002255,P03603,2025-06-10 09:00:00,EARN,99,102,BKG-001909
LTX-0002256,P03603,2025-09-15 09:00:00,EARN,64,166,BKG-001370
LTX-0002257,P03603,2025-11-25 09:00:00,EARN,74,240,BKG-008033
LTX-0002258,P03603,2025-11-26 09:00:00,EARN,46,286,BKG-000533
LTX-0002259,P03603,2025-11-26 18:00:00,REDEEM,-20,266,BKG-000533
LTX-0002260,P01884,2025-07-29 09:00:00,EARN,19,19,BKG-000535
LTX-0002261,P01884,2025-08-14 09:00:00,EARN,42,61,BKG-005559
LTX-0002262,P01884,2025-11-27 09:00:00,EARN,100,161,BKG-005515
LTX-0002263,P01884,2025-11-27 18:00:00,REDEEM,-10,151,BKG-005515
LTX-0002264,P01193,2025-02-25 09:00:00,EARN,76,76,BKG-000536
LTX-0002265,P01193,2025-02-25 18:00:00,REDEEM,-30,46,BKG-000536
LTX-0002266,P01193,2025-03-11 09:00:00,EARN,42,88,BKG-003696
LTX-0002267,P01193,2025-12-03 09:00:00,EARN,48,136,BKG-006394
LTX-0002268,P01193,2025-12-11 09:00:00,EARN,53,189,BKG-004400
LTX-0002269,P03943,2025-05-04 09:00:00,EARN,13,13,BKG-000537
LTX-0002270,P03943,2025-06-16 09:00:00,EARN,20,33,BKG-003126
LTX-0002271,P03943,2025-06-16 18:00:00,REDEEM,-20,13,BKG-003126
LTX-0002272,P03943,2025-06-27 09:00:00,EARN,53,66,BKG-008124
LTX-0002273,P01875,2025-02-28 09:00:00,EARN,25,25,BKG-000538
LTX-0002274,P01875,2025-07-07 09:00:00,EARN,47,72,BKG-008320
LTX-0002275,P01875,2025-07-07 09:00:00,EARN,10,82,BKG-011268
LTX-0002276,P01875,2025-07-12 09:00:00,EARN,53,135,BKG-009969
LTX-0002277,P00613,2025-06-06 09:00:00,EARN,24,24,BKG-007431
LTX-0002278,P00613,2025-11-05 09:00:00,EARN,57,81,BKG-002995
LTX-0002279,P00613,2025-12-14 09:00:00,EARN,71,152,BKG-000539
LTX-0002280,P00222,2025-05-15 09:00:00,EARN,42,42,BKG-000540
LTX-0002281,P00222,2025-06-18 09:00:00,EARN,36,78,BKG-006473
LTX-0002282,P00222,2025-07-08 09:00:00,EARN,53,131,BKG-000780
LTX-0002283,P00222,2025-07-14 09:00:00,EARN,83,214,BKG-012148
LTX-0002284,P03281,2025-06-12 09:00:00,EARN,60,60,BKG-000541
LTX-0002285,P03281,2025-12-06 09:00:00,EARN,46,106,BKG-002262
LTX-0002286,P03281,2025-12-08 09:00:00,EARN,63,169,BKG-010559
LTX-0002287,P02204,2025-01-31 09:00:00,EARN,37,37,BKG-004640
LTX-0002288,P02204,2025-02-03 09:00:00,EARN,69,106,BKG-001226
LTX-0002289,P02204,2025-06-04 09:00:00,EARN,65,171,BKG-000542
LTX-0002290,P02204,2025-06-29 09:00:00,EARN,70,241,BKG-006614
LTX-0002291,P01688,2024-12-29 09:00:00,EARN,38,38,BKG-000543
LTX-0002292,P01688,2025-01-29 09:00:00,EARN,61,99,BKG-005151
LTX-0002293,P01688,2025-01-29 18:00:00,REDEEM,-10,89,BKG-005151
LTX-0002294,P01688,2025-05-06 09:00:00,EARN,64,153,BKG-010166
LTX-0002295,P01688,2025-10-24 09:00:00,EARN,57,210,BKG-011074
LTX-0002296,P01688,2025-12-17 09:00:00,EARN,37,247,BKG-005889
LTX-0002297,P01688,2025-12-17 18:00:00,REDEEM,-20,227,BKG-005889
LTX-0002298,P02503,2025-04-12 09:00:00,EARN,60,60,BKG-007242
LTX-0002299,P02503,2025-05-13 09:00:00,EARN,31,91,BKG-004233
LTX-0002300,P02503,2025-06-07 09:00:00,EARN,61,152,BKG-000544
LTX-0002301,P02503,2025-09-10 09:00:00,EARN,26,178,BKG-006162
LTX-0002302,P03334,2025-04-21 09:00:00,EARN,48,48,BKG-000545
LTX-0002303,P00999,2025-04-23 09:00:00,EARN,71,71,BKG-000546
LTX-0002304,P00999,2025-04-23 18:00:00,REDEEM,-30,41,BKG-000546
LTX-0002305,P00999,2025-09-11 09:00:00,EARN,57,98,BKG-008963
LTX-0002306,P00999,2025-11-28 09:00:00,EARN,33,131,BKG-009140
LTX-0002307,P00999,2025-12-17 09:00:00,EARN,18,149,BKG-006116
LTX-0002308,P00990,2025-01-12 09:00:00,EARN,50,50,BKG-011207
LTX-0002309,P00990,2025-05-31 09:00:00,EARN,60,110,BKG-000547
LTX-0002310,P00990,2025-06-07 09:00:00,EARN,29,139,BKG-010621
LTX-0002311,P00990,2025-09-23 09:00:00,EARN,48,187,BKG-001610
LTX-0002312,P00990,2025-10-16 09:00:00,EARN,59,246,BKG-001198
LTX-0002313,P00990,2025-12-03 09:00:00,EARN,43,289,BKG-002943
LTX-0002314,P02749,2025-01-31 09:00:00,EARN,46,46,BKG-011433
LTX-0002315,P02749,2025-07-02 09:00:00,EARN,83,129,BKG-000548
LTX-0002316,P03307,2025-03-24 09:00:00,EARN,11,11,BKG-006994
LTX-0002317,P03307,2025-06-21 09:00:00,EARN,12,23,BKG-000549
LTX-0002318,P03307,2025-11-25 09:00:00,EARN,41,64,BKG-005326
LTX-0002319,P01501,2025-03-13 09:00:00,EARN,22,22,BKG-000550
LTX-0002320,P01501,2025-05-21 09:00:00,EARN,79,101,BKG-007165
LTX-0002321,P01501,2025-10-26 09:00:00,EARN,49,150,BKG-012266
LTX-0002322,P01501,2025-10-26 18:00:00,REDEEM,-20,130,BKG-012266
LTX-0002323,P02058,2025-02-21 09:00:00,EARN,56,56,BKG-005168
LTX-0002324,P02058,2025-03-04 09:00:00,EARN,54,110,BKG-002532
LTX-0002325,P02058,2025-06-14 09:00:00,EARN,32,142,BKG-007865
LTX-0002326,P02058,2025-11-28 09:00:00,EARN,89,231,BKG-000551
LTX-0002327,P03759,2025-02-17 09:00:00,EARN,16,16,BKG-007621
LTX-0002328,P03759,2025-02-24 09:00:00,EARN,83,99,BKG-001920
LTX-0002329,P03759,2025-06-30 09:00:00,EARN,40,139,BKG-010394
LTX-0002330,P03759,2025-11-20 09:00:00,EARN,36,175,BKG-000552
LTX-0002331,P03759,2025-11-20 18:00:00,REDEEM,-10,165,BKG-000552
LTX-0002332,P01335,2025-03-26 09:00:00,EARN,11,11,BKG-000553
LTX-0002333,P01335,2025-05-27 09:00:00,EARN,9,20,BKG-001683
LTX-0002334,P01335,2025-05-27 18:00:00,REDEEM,-20,0,BKG-001683
LTX-0002335,P01335,2025-08-24 09:00:00,EARN,18,18,BKG-010148
LTX-0002336,P00733,2025-01-18 09:00:00,EARN,47,47,BKG-009379
LTX-0002337,P00733,2025-05-09 09:00:00,EARN,45,92,BKG-000554
LTX-0002338,P00733,2025-05-30 09:00:00,EARN,23,115,BKG-002428
LTX-0002339,P00733,2025-08-11 09:00:00,EARN,22,137,BKG-008382
LTX-0002340,P00733,2025-11-22 09:00:00,EARN,74,211,BKG-011065
LTX-0002341,P00733,2025-11-27 09:00:00,EARN,14,225,BKG-002814
LTX-0002342,P01578,2025-02-28 09:00:00,EARN,44,44,BKG-000555
LTX-0002343,P01578,2025-11-10 09:00:00,EARN,23,67,BKG-012066
LTX-0002344,P03572,2025-03-30 09:00:00,EARN,36,36,BKG-010868
LTX-0002345,P03572,2025-03-30 18:00:00,REDEEM,-20,16,BKG-010868
LTX-0002346,P03572,2025-04-25 09:00:00,EARN,45,61,BKG-000556
LTX-0002347,P03572,2025-06-08 09:00:00,EARN,47,108,BKG-002130
LTX-0002348,P03572,2025-07-20 09:00:00,EARN,66,174,BKG-000974
LTX-0002349,P03572,2025-08-14 09:00:00,EARN,18,192,BKG-012373
LTX-0002350,P00158,2025-02-06 09:00:00,EARN,35,35,BKG-006851
LTX-0002351,P00158,2025-03-01 09:00:00,EARN,43,78,BKG-012116
LTX-0002352,P00158,2025-03-25 09:00:00,EARN,56,134,BKG-000557
LTX-0002353,P00158,2025-05-15 09:00:00,EARN,19,153,BKG-006739
LTX-0002354,P00158,2025-10-29 09:00:00,EARN,80,233,BKG-001860
LTX-0002355,P00932,2025-03-12 09:00:00,EARN,16,16,BKG-005223
LTX-0002356,P00932,2025-04-19 09:00:00,EARN,33,49,BKG-000558
LTX-0002357,P00932,2025-06-07 09:00:00,EARN,44,93,BKG-001291
LTX-0002358,P00932,2025-12-20 09:00:00,EARN,55,148,BKG-006649
LTX-0002359,P02514,2025-02-01 09:00:00,EARN,14,14,BKG-000717
LTX-0002360,P02514,2025-05-04 09:00:00,EARN,24,38,BKG-000559
LTX-0002361,P02514,2025-05-04 18:00:00,REDEEM,-10,28,BKG-000559
LTX-0002362,P02514,2025-08-13 09:00:00,EARN,50,78,BKG-008556
LTX-0002363,P02514,2025-11-19 09:00:00,EARN,41,119,BKG-005758
LTX-0002364,P02276,2025-05-20 09:00:00,EARN,31,31,BKG-010617
LTX-0002365,P02276,2025-06-15 09:00:00,EARN,43,74,BKG-004679
LTX-0002366,P02276,2025-06-21 09:00:00,EARN,69,143,BKG-011989
LTX-0002367,P02276,2025-09-04 09:00:00,EARN,42,185,BKG-000560
LTX-0002368,P02276,2025-09-04 09:00:00,EARN,30,215,BKG-001448
LTX-0002369,P02276,2025-11-08 09:00:00,EARN,7,222,BKG-004649
LTX-0002370,P02276,2025-12-03 09:00:00,EARN,68,290,BKG-001871
LTX-0002371,P01399,2025-04-17 09:00:00,EARN,30,30,BKG-005740
LTX-0002372,P01399,2025-05-11 09:00:00,EARN,12,42,BKG-004530
LTX-0002373,P01399,2025-06-30 09:00:00,EARN,111,153,BKG-009512
LTX-0002374,P01399,2025-11-13 09:00:00,EARN,47,200,BKG-004630
LTX-0002375,P01399,2025-12-17 09:00:00,EARN,49,249,BKG-000561
LTX-0002376,P01399,2025-12-21 09:00:00,EARN,43,292,BKG-008297
LTX-0002377,P03738,2025-01-02 09:00:00,EARN,38,38,BKG-001654
LTX-0002378,P03738,2025-05-11 09:00:00,EARN,31,69,BKG-009449
LTX-0002379,P03738,2025-06-07 09:00:00,EARN,75,144,BKG-000562
LTX-0002380,P03738,2025-08-10 09:00:00,EARN,31,175,BKG-011639
LTX-0002381,P03738,2025-09-14 09:00:00,EARN,18,193,BKG-011805
LTX-0002382,P03738,2025-09-14 18:00:00,REDEEM,-20,173,BKG-011805
LTX-0002383,P02097,2024-12-24 09:00:00,EARN,80,80,BKG-003386
LTX-0002384,P02097,2025-01-04 09:00:00,EARN,54,134,BKG-001276
LTX-0002385,P02097,2025-12-14 09:00:00,EARN,66,200,BKG-000563
LTX-0002386,P01298,2025-03-06 09:00:00,EARN,42,42,BKG-007427
LTX-0002387,P01298,2025-07-21 09:00:00,EARN,19,61,BKG-001346
LTX-0002388,P01298,2025-07-28 09:00:00,EARN,38,99,BKG-000564
LTX-0002389,P01298,2025-08-15 09:00:00,EARN,75,174,BKG-006530
LTX-0002390,P01298,2025-08-15 18:00:00,REDEEM,-10,164,BKG-006530
LTX-0002391,P01298,2025-12-16 09:00:00,EARN,31,195,BKG-004876
LTX-0002392,P01711,2025-01-31 09:00:00,EARN,47,47,BKG-003149
LTX-0002393,P01711,2025-03-24 09:00:00,EARN,27,74,BKG-004507
LTX-0002394,P01711,2025-07-17 09:00:00,EARN,35,109,BKG-000565
LTX-0002395,P01711,2025-11-30 09:00:00,EARN,22,131,BKG-005570
LTX-0002396,P00067,2024-12-25 09:00:00,EARN,35,35,BKG-000566
LTX-0002397,P00067,2025-11-26 09:00:00,EARN,44,79,BKG-009945
LTX-0002398,P00067,2025-12-13 09:00:00,EARN,46,125,BKG-003704
LTX-0002399,P02768,2025-02-23 09:00:00,EARN,39,39,BKG-008518
LTX-0002400,P02768,2025-04-24 09:00:00,EARN,26,65,BKG-004866
LTX-0002401,P02768,2025-06-14 09:00:00,EARN,44,109,BKG-000568
LTX-0002402,P02768,2025-11-22 09:00:00,EARN,33,142,BKG-000831
LTX-0002403,P03945,2025-01-22 09:00:00,EARN,28,28,BKG-003032
LTX-0002404,P03945,2025-02-16 09:00:00,EARN,33,61,BKG-001516
LTX-0002405,P03945,2025-02-16 18:00:00,REDEEM,-20,41,BKG-001516
LTX-0002406,P03945,2025-04-12 09:00:00,EARN,70,111,BKG-000570
LTX-0002407,P03945,2025-06-23 09:00:00,EARN,46,157,BKG-004765
LTX-0002408,P03188,2025-05-06 09:00:00,EARN,48,48,BKG-010407
LTX-0002409,P03188,2025-06-17 09:00:00,EARN,27,75,BKG-001648
LTX-0002410,P03188,2025-07-30 09:00:00,EARN,46,121,BKG-000571
LTX-0002411,P03188,2025-12-16 09:00:00,EARN,23,144,BKG-010894
LTX-0002412,P02695,2025-04-19 09:00:00,EARN,57,57,BKG-010206
LTX-0002413,P02695,2025-05-21 09:00:00,EARN,6,63,BKG-002277
LTX-0002414,P02695,2025-05-21 18:00:00,REDEEM,-10,53,BKG-002277
LTX-0002415,P02695,2025-07-02 09:00:00,EARN,11,64,BKG-009732
LTX-0002416,P02695,2025-07-03 09:00:00,EARN,79,143,BKG-000572
LTX-0002417,P02695,2025-08-17 09:00:00,EARN,94,237,BKG-005305
LTX-0002418,P02832,2025-02-05 09:00:00,EARN,26,26,BKG-002298
LTX-0002419,P02832,2025-03-12 09:00:00,EARN,44,70,BKG-000573
LTX-0002420,P02832,2025-06-26 09:00:00,EARN,14,84,BKG-005805
LTX-0002421,P02832,2025-07-05 09:00:00,EARN,79,163,BKG-008047
LTX-0002422,P02832,2025-09-28 09:00:00,EARN,57,220,BKG-010812
LTX-0002423,P02314,2025-05-27 09:00:00,EARN,79,79,BKG-000574
LTX-0002424,P02314,2025-06-19 09:00:00,EARN,33,112,BKG-001393
LTX-0002425,P02314,2025-09-06 09:00:00,EARN,25,137,BKG-010500
LTX-0002426,P02314,2025-09-07 09:00:00,EARN,45,182,BKG-008651
LTX-0002427,P02314,2025-12-10 09:00:00,EARN,15,197,BKG-005798
LTX-0002428,P03589,2025-02-10 09:00:00,EARN,8,8,BKG-009256
LTX-0002429,P03589,2025-05-24 09:00:00,EARN,31,39,BKG-000577
LTX-0002430,P03589,2025-05-24 18:00:00,REDEEM,-30,9,BKG-000577
LTX-0002431,P03589,2025-11-11 09:00:00,EARN,40,49,BKG-006217
LTX-0002432,P01476,2025-03-04 09:00:00,EARN,26,26,BKG-007744
LTX-0002433,P01476,2025-06-26 09:00:00,EARN,18,44,BKG-000578
LTX-0002434,P01476,2025-12-07 09:00:00,EARN,93,137,BKG-004398
LTX-0002435,P02277,2025-07-13 09:00:00,EARN,24,24,BKG-005539
LTX-0002436,P02277,2025-12-07 09:00:00,EARN,42,66,BKG-000579
LTX-0002437,P02260,2025-04-10 09:00:00,EARN,12,12,BKG-009749
LTX-0002438,P02260,2025-08-14 09:00:00,EARN,47,59,BKG-005113
LTX-0002439,P02260,2025-08-21 09:00:00,EARN,52,111,BKG-008437
LTX-0002440,P02260,2025-11-04 09:00:00,EARN,86,197,BKG-000580
LTX-0002441,P03262,2024-12-12 09:00:00,EARN,56,56,BKG-011839
LTX-0002442,P03262,2025-05-24 09:00:00,EARN,88,144,BKG-009327
LTX-0002443,P03262,2025-11-11 09:00:00,EARN,67,211,BKG-006314
LTX-0002444,P03262,2025-11-11 18:00:00,REDEEM,-10,201,BKG-006314
LTX-0002445,P03262,2025-11-14 09:00:00,EARN,41,242,BKG-009935
LTX-0002446,P03262,2025-11-28 09:00:00,EARN,12,254,BKG-000581
LTX-0002447,P02458,2025-05-12 09:00:00,EARN,78,78,BKG-009380
LTX-0002448,P02458,2025-05-19 09:00:00,EARN,69,147,BKG-000582
LTX-0002449,P02458,2025-05-19 18:00:00,REDEEM,-20,127,BKG-000582
LTX-0002450,P02458,2025-05-25 09:00:00,EARN,29,156,BKG-009002
LTX-0002451,P02458,2025-10-07 09:00:00,EARN,47,203,BKG-005402
LTX-0002452,P01911,2025-02-15 09:00:00,EARN,44,44,BKG-005119
LTX-0002453,P01911,2025-11-18 09:00:00,EARN,54,98,BKG-000583
LTX-0002454,P01911,2025-11-18 18:00:00,REDEEM,-30,68,BKG-000583
LTX-0002455,P00154,2025-04-02 09:00:00,EARN,50,50,BKG-000584
LTX-0002456,P00154,2025-10-04 09:00:00,EARN,90,140,BKG-005463
LTX-0002457,P00154,2025-12-07 09:00:00,EARN,44,184,BKG-008835
LTX-0002458,P00389,2025-02-13 09:00:00,EARN,56,56,BKG-000603
LTX-0002459,P00389,2025-04-20 09:00:00,EARN,30,86,BKG-005343
LTX-0002460,P00389,2025-05-26 09:00:00,EARN,46,132,BKG-000585
LTX-0002461,P00389,2025-06-17 09:00:00,EARN,39,171,BKG-009239
LTX-0002462,P00389,2025-11-28 09:00:00,EARN,11,182,BKG-001923
LTX-0002463,P01551,2025-09-03 09:00:00,EARN,39,39,BKG-009332
LTX-0002464,P01551,2025-09-25 09:00:00,EARN,47,86,BKG-000586
LTX-0002465,P00430,2025-06-18 09:00:00,EARN,15,15,BKG-000587
LTX-0002466,P00430,2025-06-23 09:00:00,EARN,58,73,BKG-007098
LTX-0002467,P00430,2025-06-25 09:00:00,EARN,33,106,BKG-009005
LTX-0002468,P00430,2025-06-25 18:00:00,REDEEM,-30,76,BKG-009005
LTX-0002469,P00430,2025-06-26 09:00:00,EARN,66,142,BKG-008836
LTX-0002470,P02990,2025-01-22 09:00:00,EARN,18,18,BKG-006030
LTX-0002471,P02990,2025-02-23 09:00:00,EARN,55,73,BKG-000588
LTX-0002472,P02990,2025-02-23 18:00:00,REDEEM,-20,53,BKG-000588
LTX-0002473,P02990,2025-03-19 09:00:00,EARN,34,87,BKG-003095
LTX-0002474,P02656,2025-01-23 09:00:00,EARN,57,57,BKG-009751
LTX-0002475,P02656,2025-04-05 09:00:00,EARN,16,73,BKG-011519
LTX-0002476,P02656,2025-04-05 18:00:00,REDEEM,-20,53,BKG-011519
LTX-0002477,P02656,2025-06-09 09:00:00,EARN,61,114,BKG-007235
LTX-0002478,P02656,2025-06-25 09:00:00,EARN,35,149,BKG-009262
LTX-0002479,P02656,2025-07-26 09:00:00,EARN,8,157,BKG-000589
LTX-0002480,P01232,2025-05-18 09:00:00,EARN,34,34,BKG-006086
LTX-0002481,P01232,2025-05-30 09:00:00,EARN,64,98,BKG-000591
LTX-0002482,P01232,2025-06-28 09:00:00,EARN,32,130,BKG-002595
LTX-0002483,P03950,2025-04-10 09:00:00,EARN,47,47,BKG-000594
LTX-0002484,P03950,2025-09-13 09:00:00,EARN,36,83,BKG-003293
LTX-0002485,P02759,2025-06-23 09:00:00,EARN,54,54,BKG-000595
LTX-0002486,P01666,2025-05-14 09:00:00,EARN,54,54,BKG-008782
LTX-0002487,P01666,2025-05-14 18:00:00,REDEEM,-10,44,BKG-008782
LTX-0002488,P01666,2025-10-15 09:00:00,EARN,33,77,BKG-000597
LTX-0002489,P01666,2025-10-15 18:00:00,REDEEM,-20,57,BKG-000597
LTX-0002490,P01666,2025-10-16 09:00:00,EARN,73,130,BKG-010904
LTX-0002491,P01745,2025-05-09 09:00:00,EARN,66,66,BKG-000598
LTX-0002492,P01745,2025-07-16 09:00:00,EARN,57,123,BKG-008149
LTX-0002493,P00534,2025-01-27 09:00:00,EARN,25,25,BKG-005467
LTX-0002494,P00534,2025-01-27 18:00:00,REDEEM,-20,5,BKG-005467
LTX-0002495,P00534,2025-02-05 09:00:00,EARN,74,79,BKG-006797
LTX-0002496,P00534,2025-04-04 09:00:00,EARN,32,111,BKG-007118
LTX-0002497,P00534,2025-06-04 09:00:00,EARN,12,123,BKG-005976
LTX-0002498,P00534,2025-08-06 09:00:00,EARN,46,169,BKG-010475
LTX-0002499,P00534,2025-08-06 18:00:00,REDEEM,-10,159,BKG-010475
LTX-0002500,P00534,2025-08-12 09:00:00,EARN,21,180,BKG-000599
LTX-0002501,P02604,2025-10-06 09:00:00,EARN,36,36,BKG-008275
LTX-0002502,P02604,2025-11-25 09:00:00,EARN,82,118,BKG-000600
LTX-0002503,P02604,2025-11-25 18:00:00,REDEEM,-30,88,BKG-000600
LTX-0002504,P00820,2025-06-22 09:00:00,EARN,58,58,BKG-000601
LTX-0002505,P00820,2025-06-22 18:00:00,REDEEM,-20,38,BKG-000601
LTX-0002506,P00820,2025-09-27 09:00:00,EARN,36,74,BKG-001523
LTX-0002507,P00820,2025-11-22 09:00:00,EARN,127,201,BKG-011267
LTX-0002508,P00899,2024-12-09 09:00:00,EARN,28,28,BKG-000602
LTX-0002509,P03385,2025-04-23 09:00:00,EARN,10,10,BKG-011292
LTX-0002510,P03385,2025-05-14 09:00:00,EARN,52,62,BKG-000604
LTX-0002511,P03385,2025-05-19 09:00:00,EARN,39,101,BKG-012124
LTX-0002512,P03385,2025-06-06 09:00:00,EARN,41,142,BKG-008128
LTX-0002513,P03385,2025-06-08 09:00:00,EARN,32,174,BKG-011740
LTX-0002514,P03385,2025-07-07 09:00:00,EARN,39,213,BKG-001748
LTX-0002515,P00210,2025-06-14 09:00:00,EARN,43,43,BKG-000658
LTX-0002516,P00210,2025-08-22 09:00:00,EARN,29,72,BKG-011155
LTX-0002517,P00210,2025-09-22 09:00:00,EARN,70,142,BKG-006504
LTX-0002518,P00210,2025-11-07 09:00:00,EARN,6,148,BKG-000605
LTX-0002519,P00210,2025-11-18 09:00:00,EARN,17,165,BKG-009511
LTX-0002520,P02667,2025-06-09 09:00:00,EARN,66,66,BKG-002711
LTX-0002521,P02667,2025-07-21 09:00:00,EARN,26,92,BKG-000606
LTX-0002522,P01415,2025-02-25 09:00:00,EARN,9,9,BKG-000607
LTX-0002523,P01415,2025-06-08 09:00:00,EARN,51,60,BKG-002362
LTX-0002524,P01415,2025-06-16 09:00:00,EARN,122,182,BKG-012243
LTX-0002525,P01415,2025-07-07 09:00:00,EARN,88,270,BKG-001043
LTX-0002526,P02863,2025-04-14 09:00:00,EARN,28,28,BKG-002343
LTX-0002527,P02863,2025-06-11 09:00:00,EARN,11,39,BKG-012416
LTX-0002528,P02863,2025-11-12 09:00:00,EARN,67,106,BKG-009276
LTX-0002529,P02863,2025-11-12 18:00:00,REDEEM,-30,76,BKG-009276
LTX-0002530,P02863,2025-11-29 09:00:00,EARN,17,93,BKG-000608
LTX-0002531,P02982,2025-01-02 09:00:00,EARN,11,11,BKG-000609
LTX-0002532,P02982,2025-11-04 09:00:00,EARN,57,68,BKG-003927
LTX-0002533,P01934,2024-12-23 09:00:00,EARN,28,28,BKG-000610
LTX-0002534,P02021,2025-01-07 09:00:00,EARN,31,31,BKG-000611
LTX-0002535,P02200,2025-05-04 09:00:00,EARN,23,23,BKG-000612
LTX-0002536,P02200,2025-07-29 09:00:00,EARN,13,36,BKG-009519
LTX-0002537,P02225,2025-04-14 09:00:00,EARN,18,18,BKG-005757
LTX-0002538,P02225,2025-06-02 09:00:00,EARN,63,81,BKG-006258
LTX-0002539,P02225,2025-06-11 09:00:00,EARN,81,162,BKG-000613
LTX-0002540,P02225,2025-08-10 09:00:00,EARN,63,225,BKG-004416
LTX-0002541,P00021,2025-02-28 09:00:00,EARN,20,20,BKG-000614
LTX-0002542,P00021,2025-06-06 09:00:00,EARN,20,40,BKG-012100
LTX-0002543,P00021,2025-07-02 09:00:00,EARN,35,75,BKG-006622
LTX-0002544,P00021,2025-09-29 09:00:00,EARN,36,111,BKG-000690
LTX-0002545,P01706,2025-01-13 09:00:00,EARN,52,52,BKG-005383
LTX-0002546,P01706,2025-01-13 18:00:00,REDEEM,-20,32,BKG-005383
LTX-0002547,P01706,2025-04-05 09:00:00,EARN,10,42,BKG-000616
LTX-0002548,P01706,2025-04-08 09:00:00,EARN,40,82,BKG-012336
LTX-0002549,P01706,2025-04-25 09:00:00,EARN,11,93,BKG-004834
LTX-0002550,P01706,2025-09-13 09:00:00,EARN,44,137,BKG-004542
LTX-0002551,P01706,2025-11-23 09:00:00,EARN,60,197,BKG-012500
LTX-0002552,P00226,2025-06-07 09:00:00,EARN,35,35,BKG-000617
LTX-0002553,P00226,2025-11-26 09:00:00,EARN,33,68,BKG-011262
LTX-0002554,P01100,2025-05-07 09:00:00,EARN,29,29,BKG-000618
LTX-0002555,P01100,2025-05-26 09:00:00,EARN,28,57,BKG-011919
LTX-0002556,P01484,2025-02-15 09:00:00,EARN,29,29,BKG-000619
LTX-0002557,P01484,2025-02-22 09:00:00,EARN,25,54,BKG-009659
LTX-0002558,P01484,2025-08-19 09:00:00,EARN,39,93,BKG-009934
LTX-0002559,P01484,2025-11-11 09:00:00,EARN,27,120,BKG-011900
LTX-0002560,P01484,2025-11-11 18:00:00,REDEEM,-30,90,BKG-011900
LTX-0002561,P01300,2024-12-24 09:00:00,EARN,28,28,BKG-008471
LTX-0002562,P01300,2025-06-08 09:00:00,EARN,75,103,BKG-006917
LTX-0002563,P01300,2025-07-13 09:00:00,EARN,25,128,BKG-006559
LTX-0002564,P01300,2025-12-20 09:00:00,EARN,42,170,BKG-000621
LTX-0002565,P03662,2025-01-19 09:00:00,EARN,24,24,BKG-008198
LTX-0002566,P03662,2025-10-29 09:00:00,EARN,25,49,BKG-000622
LTX-0002567,P01357,2025-04-15 09:00:00,EARN,27,27,BKG-000623
LTX-0002568,P01357,2025-06-24 09:00:00,EARN,53,80,BKG-002659
LTX-0002569,P01357,2025-06-27 09:00:00,EARN,46,126,BKG-004076
LTX-0002570,P01357,2025-06-27 18:00:00,REDEEM,-10,116,BKG-004076
LTX-0002571,P02931,2025-02-05 09:00:00,EARN,46,46,BKG-000624
LTX-0002572,P02931,2025-05-21 09:00:00,EARN,26,72,BKG-007838
LTX-0002573,P02931,2025-07-12 09:00:00,EARN,50,122,BKG-010025
LTX-0002574,P02931,2025-07-12 18:00:00,REDEEM,-20,102,BKG-010025
LTX-0002575,P00181,2025-09-29 09:00:00,EARN,52,52,BKG-002934
LTX-0002576,P00181,2025-10-03 09:00:00,EARN,78,130,BKG-010107
LTX-0002577,P00181,2025-11-15 09:00:00,EARN,63,193,BKG-000625
LTX-0002578,P00282,2025-06-07 09:00:00,EARN,54,54,BKG-000626
LTX-0002579,P00282,2025-11-30 09:00:00,EARN,35,89,BKG-007219
LTX-0002580,P02060,2025-06-01 09:00:00,EARN,68,68,BKG-004632
LTX-0002581,P02060,2025-06-01 18:00:00,REDEEM,-20,48,BKG-004632
LTX-0002582,P02060,2025-08-03 09:00:00,EARN,10,58,BKG-005966
LTX-0002583,P02060,2025-12-04 09:00:00,EARN,51,109,BKG-000627
LTX-0002584,P02060,2025-12-21 09:00:00,EARN,12,121,BKG-004851
LTX-0002585,P03368,2025-03-21 09:00:00,EARN,22,22,BKG-008606
LTX-0002586,P03368,2025-05-10 09:00:00,EARN,41,63,BKG-007272
LTX-0002587,P03368,2025-06-23 09:00:00,EARN,70,133,BKG-000628
LTX-0002588,P03368,2025-07-24 09:00:00,EARN,44,177,BKG-004701
LTX-0002589,P03368,2025-12-04 09:00:00,EARN,49,226,BKG-005706
LTX-0002590,P03368,2025-12-21 09:00:00,EARN,102,328,BKG-004642
LTX-0002591,P01493,2025-06-24 09:00:00,EARN,65,65,BKG-000629
LTX-0002592,P01493,2025-08-24 09:00:00,EARN,73,138,BKG-007270
LTX-0002593,P01493,2025-09-02 09:00:00,EARN,38,176,BKG-003218
LTX-0002594,P01493,2025-09-02 18:00:00,REDEEM,-10,166,BKG-003218
LTX-0002595,P02380,2025-02-20 09:00:00,EARN,40,40,BKG-000630
LTX-0002596,P02380,2025-05-12 09:00:00,EARN,36,76,BKG-006945
LTX-0002597,P02380,2025-05-12 18:00:00,REDEEM,-20,56,BKG-006945
LTX-0002598,P02380,2025-12-12 09:00:00,EARN,70,126,BKG-003590
LTX-0002599,P02380,2025-12-13 09:00:00,EARN,58,184,BKG-011412
LTX-0002600,P02380,2025-12-13 18:00:00,REDEEM,-10,174,BKG-011412
LTX-0002601,P02651,2024-12-24 09:00:00,EARN,42,42,BKG-005324
LTX-0002602,P02651,2025-01-22 09:00:00,EARN,56,98,BKG-007969
LTX-0002603,P02651,2025-05-09 09:00:00,EARN,45,143,BKG-012333
LTX-0002604,P02651,2025-05-14 09:00:00,EARN,72,215,BKG-004980
LTX-0002605,P02651,2025-05-30 09:00:00,EARN,50,265,BKG-004780
LTX-0002606,P02651,2025-07-02 09:00:00,EARN,54,319,BKG-000631
LTX-0002607,P02651,2025-09-04 09:00:00,EARN,51,370,BKG-001371
LTX-0002608,P02651,2025-10-01 09:00:00,EARN,48,418,BKG-010425
LTX-0002609,P03458,2025-06-17 09:00:00,EARN,128,128,BKG-000632
LTX-0002610,P00366,2025-01-20 09:00:00,EARN,31,31,BKG-011496
LTX-0002611,P00366,2025-01-20 18:00:00,REDEEM,-30,1,BKG-011496
LTX-0002612,P00366,2025-06-01 09:00:00,EARN,23,24,BKG-002630
LTX-0002613,P00366,2025-06-15 09:00:00,EARN,33,57,BKG-000635
LTX-0002614,P00366,2025-09-21 09:00:00,EARN,20,77,BKG-001997
LTX-0002615,P00366,2025-11-26 09:00:00,EARN,31,108,BKG-003111
LTX-0002616,P02935,2025-01-17 09:00:00,EARN,16,16,BKG-009826
LTX-0002617,P02935,2025-05-29 09:00:00,EARN,70,86,BKG-000636
LTX-0002618,P02935,2025-06-06 09:00:00,EARN,59,145,BKG-004746
LTX-0002619,P02935,2025-09-18 09:00:00,EARN,49,194,BKG-001669
LTX-0002620,P02509,2025-04-24 09:00:00,EARN,101,101,BKG-007483
LTX-0002621,P02509,2025-11-03 09:00:00,EARN,49,150,BKG-000637
LTX-0002622,P00911,2025-06-06 09:00:00,EARN,33,33,BKG-000681
LTX-0002623,P00911,2025-06-09 09:00:00,EARN,43,76,BKG-011259
LTX-0002624,P00911,2025-06-21 09:00:00,EARN,28,104,BKG-000638
LTX-0002625,P00911,2025-08-26 09:00:00,EARN,50,154,BKG-003861
LTX-0002626,P00911,2025-10-27 09:00:00,EARN,76,230,BKG-010266
LTX-0002627,P01073,2025-05-21 09:00:00,EARN,95,95,BKG-000639
LTX-0002628,P01073,2025-09-04 09:00:00,EARN,71,166,BKG-010796
LTX-0002629,P00243,2025-04-19 09:00:00,EARN,47,47,BKG-004813
LTX-0002630,P00243,2025-04-19 18:00:00,REDEEM,-30,17,BKG-004813
LTX-0002631,P00243,2025-04-28 09:00:00,EARN,55,72,BKG-011549
LTX-0002632,P00243,2025-05-19 09:00:00,EARN,38,110,BKG-004381
LTX-0002633,P00243,2025-07-15 09:00:00,EARN,48,158,BKG-000641
LTX-0002634,P02633,2025-02-18 09:00:00,EARN,47,47,BKG-006336
LTX-0002635,P02633,2025-04-16 09:00:00,EARN,42,89,BKG-010713
LTX-0002636,P02633,2025-05-07 09:00:00,EARN,66,155,BKG-005146
LTX-0002637,P02633,2025-06-26 09:00:00,EARN,16,171,BKG-004911
LTX-0002638,P02633,2025-10-12 09:00:00,EARN,46,217,BKG-000643
LTX-0002639,P02633,2025-11-03 09:00:00,EARN,63,280,BKG-006270
LTX-0002640,P02633,2025-12-05 09:00:00,EARN,36,316,BKG-006746
LTX-0002641,P03734,2025-07-06 09:00:00,EARN,39,39,BKG-000646
LTX-0002642,P03734,2025-11-09 09:00:00,EARN,33,72,BKG-007532
LTX-0002643,P03734,2025-11-30 09:00:00,EARN,37,109,BKG-009890
LTX-0002644,P00290,2025-06-06 09:00:00,EARN,64,64,BKG-006484
LTX-0002645,P00290,2025-06-14 09:00:00,EARN,43,107,BKG-000647
LTX-0002646,P00290,2025-06-14 18:00:00,REDEEM,-20,87,BKG-000647
LTX-0002647,P00290,2025-07-31 09:00:00,EARN,45,132,BKG-002255
LTX-0002648,P00290,2025-11-26 09:00:00,EARN,12,144,BKG-001971
LTX-0002649,P01025,2025-05-17 09:00:00,EARN,39,39,BKG-007445
LTX-0002650,P01025,2025-06-19 09:00:00,EARN,65,104,BKG-000648
LTX-0002651,P01025,2025-07-12 09:00:00,EARN,45,149,BKG-009242
LTX-0002652,P01025,2025-11-29 09:00:00,EARN,37,186,BKG-007121
LTX-0002653,P01025,2025-12-17 09:00:00,EARN,68,254,BKG-002432
LTX-0002654,P01532,2025-02-06 09:00:00,EARN,46,46,BKG-000650
LTX-0002655,P01532,2025-06-12 09:00:00,EARN,58,104,BKG-008691
LTX-0002656,P02670,2025-01-10 09:00:00,EARN,28,28,BKG-009129
LTX-0002657,P02670,2025-06-17 09:00:00,EARN,90,118,BKG-007078
LTX-0002658,P02670,2025-10-20 09:00:00,EARN,70,188,BKG-000651
LTX-0002659,P02670,2025-11-15 09:00:00,EARN,9,197,BKG-003797
LTX-0002660,P02330,2025-05-28 09:00:00,EARN,58,58,BKG-005690
LTX-0002661,P02330,2025-12-21 09:00:00,EARN,48,106,BKG-000652
LTX-0002662,P00283,2025-02-12 09:00:00,EARN,6,6,BKG-000654
LTX-0002663,P00283,2025-05-02 09:00:00,EARN,47,53,BKG-003823
LTX-0002664,P00283,2025-05-02 18:00:00,REDEEM,-10,43,BKG-003823
LTX-0002665,P00283,2025-06-09 09:00:00,EARN,63,106,BKG-006624
LTX-0002666,P01967,2025-06-22 09:00:00,EARN,78,78,BKG-001030
LTX-0002667,P01967,2025-10-07 09:00:00,EARN,80,158,BKG-010567
LTX-0002668,P01967,2025-11-12 09:00:00,EARN,68,226,BKG-000655
LTX-0002669,P01967,2025-11-12 18:00:00,REDEEM,-10,216,BKG-000655
LTX-0002670,P00405,2025-01-01 09:00:00,EARN,52,52,BKG-000656
LTX-0002671,P00405,2025-09-01 09:00:00,EARN,32,84,BKG-005349
LTX-0002672,P00405,2025-11-30 09:00:00,EARN,16,100,BKG-001764
LTX-0002673,P00405,2025-11-30 18:00:00,REDEEM,-30,70,BKG-001764
LTX-0002674,P00964,2025-01-26 09:00:00,EARN,40,40,BKG-007628
LTX-0002675,P00964,2025-01-26 18:00:00,REDEEM,-20,20,BKG-007628
LTX-0002676,P00964,2025-05-21 09:00:00,EARN,32,52,BKG-000657
LTX-0002677,P00964,2025-09-05 09:00:00,EARN,6,58,BKG-010975
LTX-0002678,P00964,2025-09-05 18:00:00,REDEEM,-20,38,BKG-010975
LTX-0002679,P00964,2025-10-07 09:00:00,EARN,24,62,BKG-005465
LTX-0002680,P00964,2025-11-21 09:00:00,EARN,58,120,BKG-006696
LTX-0002681,P00964,2025-11-21 18:00:00,REDEEM,-20,100,BKG-006696
LTX-0002682,P01438,2025-01-25 09:00:00,EARN,57,57,BKG-009325
LTX-0002683,P01438,2025-03-02 09:00:00,EARN,31,88,BKG-002926
LTX-0002684,P01438,2025-05-16 09:00:00,EARN,29,117,BKG-011721
LTX-0002685,P01438,2025-05-16 18:00:00,REDEEM,-10,107,BKG-011721
LTX-0002686,P01438,2025-06-06 09:00:00,EARN,84,191,BKG-006474
LTX-0002687,P01438,2025-06-23 09:00:00,EARN,57,248,BKG-005415
LTX-0002688,P01438,2025-06-25 09:00:00,EARN,32,280,BKG-011140
LTX-0002689,P01438,2025-12-17 09:00:00,EARN,30,310,BKG-000659
LTX-0002690,P01224,2025-06-13 09:00:00,EARN,44,44,BKG-004989
LTX-0002691,P01224,2025-07-01 09:00:00,EARN,58,102,BKG-000660
LTX-0002692,P00581,2025-02-12 09:00:00,EARN,69,69,BKG-007207
LTX-0002693,P00581,2025-02-12 18:00:00,REDEEM,-30,39,BKG-007207
LTX-0002694,P00581,2025-02-13 09:00:00,EARN,18,57,BKG-007605
LTX-0002695,P00581,2025-03-20 09:00:00,EARN,16,73,BKG-006403
LTX-0002696,P00581,2025-05-27 09:00:00,EARN,34,107,BKG-003516
LTX-0002697,P00581,2025-05-31 09:00:00,EARN,47,154,BKG-011951
LTX-0002698,P00581,2025-06-11 09:00:00,EARN,10,164,BKG-000661
LTX-0002699,P00581,2025-07-06 09:00:00,EARN,112,276,BKG-011141
LTX-0002700,P00581,2025-08-18 09:00:00,EARN,8,284,BKG-007622
LTX-0002701,P00581,2025-10-04 09:00:00,EARN,76,360,BKG-011039
LTX-0002702,P00581,2025-12-05 09:00:00,EARN,8,368,BKG-005991
LTX-0002703,P01799,2024-12-12 09:00:00,EARN,40,40,BKG-010619
LTX-0002704,P01799,2025-05-25 09:00:00,EARN,16,56,BKG-000662
LTX-0002705,P01799,2025-05-30 09:00:00,EARN,8,64,BKG-008862
LTX-0002706,P01799,2025-06-09 09:00:00,EARN,23,87,BKG-009490
LTX-0002707,P01799,2025-11-08 09:00:00,EARN,7,94,BKG-006585
LTX-0002708,P00935,2025-02-10 09:00:00,EARN,17,17,BKG-009499
LTX-0002709,P00935,2025-02-10 18:00:00,REDEEM,-10,7,BKG-009499
LTX-0002710,P00935,2025-10-14 09:00:00,EARN,15,22,BKG-000663
LTX-0002711,P01716,2025-02-16 09:00:00,EARN,48,48,BKG-010304
LTX-0002712,P01716,2025-07-21 09:00:00,EARN,77,125,BKG-000664
LTX-0002713,P02120,2025-04-09 09:00:00,EARN,39,39,BKG-000786
LTX-0002714,P02120,2025-05-24 09:00:00,EARN,45,84,BKG-000665
LTX-0002715,P02120,2025-11-28 09:00:00,EARN,10,94,BKG-007660
LTX-0002716,P03840,2025-01-25 09:00:00,EARN,46,46,BKG-000944
LTX-0002717,P03840,2025-02-24 09:00:00,EARN,9,55,BKG-000666
LTX-0002718,P03840,2025-09-26 09:00:00,EARN,58,113,BKG-001427
LTX-0002719,P03840,2025-10-26 09:00:00,EARN,73,186,BKG-012226
LTX-0002720,P00203,2025-06-13 09:00:00,EARN,79,79,BKG-007662
LTX-0002721,P00203,2025-07-05 09:00:00,EARN,88,167,BKG-009348
LTX-0002722,P00203,2025-12-05 09:00:00,EARN,95,262,BKG-000667
LTX-0002723,P03102,2025-10-30 09:00:00,EARN,36,36,BKG-011283
LTX-0002724,P03102,2025-11-22 09:00:00,EARN,31,67,BKG-000668
LTX-0002725,P03415,2025-01-23 09:00:00,EARN,39,39,BKG-000669
LTX-0002726,P03415,2025-04-29 09:00:00,EARN,10,49,BKG-002810
LTX-0002727,P03415,2025-05-04 09:00:00,EARN,68,117,BKG-007497
LTX-0002728,P03415,2025-06-18 09:00:00,EARN,73,190,BKG-009853
LTX-0002729,P03415,2025-06-18 18:00:00,REDEEM,-20,170,BKG-009853
LTX-0002730,P03415,2025-11-05 09:00:00,EARN,38,208,BKG-008202
LTX-0002731,P03415,2025-12-04 09:00:00,EARN,36,244,BKG-002859
LTX-0002732,P00101,2025-03-24 09:00:00,EARN,65,65,BKG-001807
LTX-0002733,P00101,2025-03-24 18:00:00,REDEEM,-30,35,BKG-001807
LTX-0002734,P00101,2025-05-24 09:00:00,EARN,41,76,BKG-000670
LTX-0002735,P00101,2025-05-24 18:00:00,REDEEM,-10,66,BKG-000670
LTX-0002736,P00101,2025-05-27 09:00:00,EARN,32,98,BKG-002508
LTX-0002737,P00101,2025-09-07 09:00:00,EARN,45,143,BKG-004870
LTX-0002738,P00101,2025-12-08 09:00:00,EARN,72,215,BKG-003046
LTX-0002739,P03267,2025-01-31 09:00:00,EARN,23,23,BKG-006557
LTX-0002740,P03267,2025-03-23 09:00:00,EARN,36,59,BKG-000671
LTX-0002741,P03267,2025-05-28 09:00:00,EARN,43,102,BKG-005674
LTX-0002742,P03267,2025-06-08 09:00:00,EARN,41,143,BKG-011764
LTX-0002743,P03267,2025-06-10 09:00:00,EARN,96,239,BKG-007690
LTX-0002744,P02653,2025-02-10 09:00:00,EARN,84,84,BKG-012462
LTX-0002745,P02653,2025-05-17 09:00:00,EARN,99,183,BKG-004382
LTX-0002746,P02653,2025-06-07 09:00:00,EARN,22,205,BKG-009637
LTX-0002747,P02653,2025-07-21 09:00:00,EARN,51,256,BKG-002253
LTX-0002748,P02653,2025-07-29 09:00:00,EARN,66,322,BKG-002512
LTX-0002749,P02653,2025-08-22 09:00:00,EARN,47,369,BKG-000672
LTX-0002750,P01583,2025-06-12 09:00:00,EARN,9,9,BKG-000673
LTX-0002751,P01583,2025-06-21 09:00:00,EARN,17,26,BKG-003746
LTX-0002752,P01583,2025-08-12 09:00:00,EARN,62,88,BKG-002414
LTX-0002753,P01583,2025-11-08 09:00:00,EARN,40,128,BKG-009744
LTX-0002754,P03613,2025-05-28 09:00:00,EARN,37,37,BKG-000674
LTX-0002755,P03613,2025-07-08 09:00:00,EARN,20,57,BKG-007060
LTX-0002756,P03613,2025-09-29 09:00:00,EARN,43,100,BKG-011897
LTX-0002757,P03613,2025-10-27 09:00:00,EARN,69,169,BKG-006160
LTX-0002758,P03495,2025-06-24 09:00:00,EARN,35,35,BKG-012191
LTX-0002759,P03495,2025-07-21 09:00:00,EARN,13,48,BKG-000675
LTX-0002760,P00270,2025-05-30 09:00:00,EARN,12,12,BKG-003028
LTX-0002761,P00270,2025-06-02 09:00:00,EARN,19,31,BKG-004133
LTX-0002762,P00270,2025-06-21 09:00:00,EARN,47,78,BKG-009383
LTX-0002763,P00270,2025-08-02 09:00:00,EARN,59,137,BKG-000676
LTX-0002764,P00270,2025-11-24 09:00:00,EARN,51,188,BKG-009044
LTX-0002765,P00694,2025-01-15 09:00:00,EARN,66,66,BKG-009788
LTX-0002766,P00694,2025-05-26 09:00:00,EARN,60,126,BKG-010575
LTX-0002767,P00694,2025-06-11 09:00:00,EARN,47,173,BKG-000677
LTX-0002768,P00694,2025-07-12 09:00:00,EARN,73,246,BKG-010173
LTX-0002769,P00694,2025-10-12 09:00:00,EARN,40,286,BKG-010044
LTX-0002770,P00694,2025-10-12 18:00:00,REDEEM,-10,276,BKG-010044
LTX-0002771,P00694,2025-10-17 09:00:00,EARN,39,315,BKG-007391
LTX-0002772,P00694,2025-10-17 18:00:00,REDEEM,-10,305,BKG-007391
LTX-0002773,P00694,2025-12-01 09:00:00,EARN,44,349,BKG-012469
LTX-0002774,P03376,2025-06-15 09:00:00,EARN,36,36,BKG-006294
LTX-0002775,P03376,2025-11-11 09:00:00,EARN,23,59,BKG-000678
LTX-0002776,P01317,2025-03-25 09:00:00,EARN,35,35,BKG-005603
LTX-0002777,P01317,2025-06-26 09:00:00,EARN,20,55,BKG-012021
LTX-0002778,P01317,2025-07-11 09:00:00,EARN,48,103,BKG-000679
LTX-0002779,P01317,2025-07-11 18:00:00,REDEEM,-30,73,BKG-000679
LTX-0002780,P01317,2025-11-30 09:00:00,EARN,24,97,BKG-002751
LTX-0002781,P01910,2025-01-25 09:00:00,EARN,30,30,BKG-008345
LTX-0002782,P01910,2025-06-30 09:00:00,EARN,25,55,BKG-000680
LTX-0002783,P02399,2025-01-27 09:00:00,EARN,49,49,BKG-000961
LTX-0002784,P02399,2025-01-27 18:00:00,REDEEM,-30,19,BKG-000961
LTX-0002785,P02399,2025-04-08 09:00:00,EARN,32,51,BKG-000682
LTX-0002786,P02399,2025-07-07 09:00:00,EARN,31,82,BKG-010310
LTX-0002787,P02399,2025-07-12 09:00:00,EARN,54,136,BKG-010251
LTX-0002788,P02399,2025-11-02 09:00:00,EARN,42,178,BKG-005245
LTX-0002789,P03516,2025-05-29 09:00:00,EARN,18,18,BKG-007843
LTX-0002790,P03516,2025-07-15 09:00:00,EARN,35,53,BKG-000708
LTX-0002791,P03516,2025-10-26 09:00:00,EARN,30,83,BKG-000683
LTX-0002792,P03704,2025-02-27 09:00:00,EARN,29,29,BKG-012035
LTX-0002793,P03704,2025-06-04 09:00:00,EARN,10,39,BKG-010476
LTX-0002794,P03704,2025-06-04 18:00:00,REDEEM,-10,29,BKG-010476
LTX-0002795,P03704,2025-07-01 09:00:00,EARN,44,73,BKG-012112
LTX-0002796,P03704,2025-07-01 18:00:00,REDEEM,-30,43,BKG-012112
LTX-0002797,P03704,2025-07-07 09:00:00,EARN,68,111,BKG-000684
LTX-0002798,P01244,2025-01-06 09:00:00,EARN,28,28,BKG-004129
LTX-0002799,P01244,2025-05-25 09:00:00,EARN,27,55,BKG-007442
LTX-0002800,P01244,2025-05-30 09:00:00,EARN,52,107,BKG-010933
LTX-0002801,P01244,2025-05-30 18:00:00,REDEEM,-10,97,BKG-010933
LTX-0002802,P01244,2025-06-12 09:00:00,EARN,62,159,BKG-012319
LTX-0002803,P01244,2025-06-12 18:00:00,REDEEM,-30,129,BKG-012319
LTX-0002804,P01244,2025-06-28 09:00:00,EARN,43,172,BKG-004150
LTX-0002805,P01244,2025-08-13 09:00:00,EARN,31,203,BKG-000685
LTX-0002806,P01244,2025-09-04 09:00:00,EARN,16,219,BKG-009910
LTX-0002807,P01244,2025-11-26 09:00:00,EARN,12,231,BKG-009984
LTX-0002808,P01244,2025-12-19 09:00:00,EARN,23,254,BKG-000807
LTX-0002809,P00143,2025-01-14 09:00:00,EARN,74,74,BKG-010710
LTX-0002810,P00143,2025-01-15 09:00:00,EARN,56,130,BKG-000686
LTX-0002811,P00143,2025-04-08 09:00:00,EARN,47,177,BKG-006239
LTX-0002812,P00143,2025-04-08 18:00:00,REDEEM,-30,147,BKG-006239
LTX-0002813,P00143,2025-11-27 09:00:00,EARN,41,188,BKG-009126
LTX-0002814,P03014,2025-02-05 09:00:00,EARN,61,61,BKG-001208
LTX-0002815,P03014,2025-04-01 09:00:00,EARN,40,101,BKG-003128
LTX-0002816,P03014,2025-07-29 09:00:00,EARN,60,161,BKG-001021
LTX-0002817,P03014,2025-12-09 09:00:00,EARN,36,197,BKG-000687
LTX-0002818,P03014,2025-12-09 18:00:00,REDEEM,-10,187,BKG-000687
LTX-0002819,P02129,2025-03-26 09:00:00,EARN,57,57,BKG-011703
LTX-0002820,P02129,2025-05-14 09:00:00,EARN,63,120,BKG-001591
LTX-0002821,P02129,2025-05-29 09:00:00,EARN,48,168,BKG-001305
LTX-0002822,P02129,2025-06-07 09:00:00,EARN,61,229,BKG-010925
LTX-0002823,P02129,2025-06-21 09:00:00,EARN,22,251,BKG-000689
LTX-0002824,P02129,2025-07-17 09:00:00,EARN,71,322,BKG-011377
LTX-0002825,P02129,2025-11-14 09:00:00,EARN,43,365,BKG-006462
LTX-0002826,P02915,2025-06-22 09:00:00,EARN,37,37,BKG-000691
LTX-0002827,P02915,2025-10-02 09:00:00,EARN,40,77,BKG-005606
LTX-0002828,P02915,2025-11-19 09:00:00,EARN,45,122,BKG-004664
LTX-0002829,P03865,2025-02-05 09:00:00,EARN,44,44,BKG-004260
LTX-0002830,P03865,2025-04-24 09:00:00,EARN,12,56,BKG-004174
LTX-0002831,P03865,2025-05-08 09:00:00,EARN,10,66,BKG-008657
LTX-0002832,P03865,2025-11-20 09:00:00,EARN,34,100,BKG-010853
LTX-0002833,P03865,2025-12-12 09:00:00,EARN,76,176,BKG-000692
LTX-0002834,P01571,2025-06-28 09:00:00,EARN,43,43,BKG-000693
LTX-0002835,P01571,2025-06-29 09:00:00,EARN,118,161,BKG-006930
LTX-0002836,P02518,2025-02-05 09:00:00,EARN,55,55,BKG-000694
LTX-0002837,P02518,2025-02-22 09:00:00,EARN,36,91,BKG-006141
LTX-0002838,P02518,2025-05-09 09:00:00,EARN,23,114,BKG-011476
LTX-0002839,P02518,2025-06-19 09:00:00,EARN,22,136,BKG-008648
LTX-0002840,P02518,2025-07-13 09:00:00,EARN,32,168,BKG-010237
LTX-0002841,P02518,2025-11-06 09:00:00,EARN,24,192,BKG-002930
LTX-0002842,P01861,2025-01-03 09:00:00,EARN,28,28,BKG-008694
LTX-0002843,P01861,2025-03-15 09:00:00,EARN,27,55,BKG-000695
LTX-0002844,P01861,2025-10-20 09:00:00,EARN,55,110,BKG-003758
LTX-0002845,P02270,2024-12-10 09:00:00,EARN,14,14,BKG-009447
LTX-0002846,P02270,2025-02-27 09:00:00,EARN,31,45,BKG-000696
LTX-0002847,P02270,2025-04-16 09:00:00,EARN,37,82,BKG-006847
LTX-0002848,P02270,2025-08-28 09:00:00,EARN,85,167,BKG-009458
LTX-0002849,P01664,2025-01-17 09:00:00,EARN,42,42,BKG-000697
LTX-0002850,P01664,2025-05-27 09:00:00,EARN,7,49,BKG-009098
LTX-0002851,P01664,2025-06-16 09:00:00,EARN,7,56,BKG-008444
LTX-0002852,P00479,2025-03-26 09:00:00,EARN,58,58,BKG-002963
LTX-0002853,P00479,2025-04-13 09:00:00,EARN,26,84,BKG-004273
LTX-0002854,P00479,2025-04-16 09:00:00,EARN,38,122,BKG-000698
LTX-0002855,P00479,2025-06-20 09:00:00,EARN,43,165,BKG-004409
LTX-0002856,P02210,2025-03-16 09:00:00,EARN,36,36,BKG-001312
LTX-0002857,P02210,2025-03-24 09:00:00,EARN,60,96,BKG-000699
LTX-0002858,P02210,2025-06-11 09:00:00,EARN,41,137,BKG-012461
LTX-0002859,P02210,2025-07-04 09:00:00,EARN,65,202,BKG-003312
LTX-0002860,P02210,2025-07-06 09:00:00,EARN,29,231,BKG-011299
LTX-0002861,P02210,2025-10-16 09:00:00,EARN,38,269,BKG-010597
LTX-0002862,P02210,2025-10-25 09:00:00,EARN,60,329,BKG-005017
LTX-0002863,P02210,2025-12-09 09:00:00,EARN,43,372,BKG-003847
LTX-0002864,P00095,2025-11-20 09:00:00,EARN,55,55,BKG-000700
LTX-0002865,P02425,2025-05-18 09:00:00,EARN,43,43,BKG-000701
LTX-0002866,P02425,2025-05-18 18:00:00,REDEEM,-20,23,BKG-000701
LTX-0002867,P02425,2025-05-30 09:00:00,EARN,7,30,BKG-009476
LTX-0002868,P02425,2025-06-07 09:00:00,EARN,61,91,BKG-002714
LTX-0002869,P01037,2025-05-01 09:00:00,EARN,41,41,BKG-004008
LTX-0002870,P01037,2025-05-03 09:00:00,EARN,29,70,BKG-004782
LTX-0002871,P01037,2025-06-20 09:00:00,EARN,48,118,BKG-011958
LTX-0002872,P01037,2025-08-07 09:00:00,EARN,55,173,BKG-009286
LTX-0002873,P01037,2025-10-17 09:00:00,EARN,57,230,BKG-000702
LTX-0002874,P02395,2025-01-28 09:00:00,EARN,26,26,BKG-000703
LTX-0002875,P02395,2025-03-03 09:00:00,EARN,50,76,BKG-006874
LTX-0002876,P02395,2025-04-01 09:00:00,EARN,50,126,BKG-001678
LTX-0002877,P02395,2025-06-01 09:00:00,EARN,58,184,BKG-004024
LTX-0002878,P02395,2025-06-27 09:00:00,EARN,86,270,BKG-009282
LTX-0002879,P02395,2025-07-04 09:00:00,EARN,107,377,BKG-010322
LTX-0002880,P02395,2025-07-07 09:00:00,EARN,17,394,BKG-003078
LTX-0002881,P03389,2025-01-02 09:00:00,EARN,42,42,BKG-009621
LTX-0002882,P03389,2025-11-20 09:00:00,EARN,61,103,BKG-000704
LTX-0002883,P02631,2025-06-22 09:00:00,EARN,36,36,BKG-010047
LTX-0002884,P02631,2025-11-12 09:00:00,EARN,49,85,BKG-000706
LTX-0002885,P02631,2025-11-12 18:00:00,REDEEM,-20,65,BKG-000706
LTX-0002886,P02631,2025-12-06 09:00:00,EARN,50,115,BKG-011389
LTX-0002887,P01107,2025-01-22 09:00:00,EARN,55,55,BKG-000707
LTX-0002888,P01107,2025-04-11 09:00:00,EARN,22,77,BKG-004806
LTX-0002889,P01107,2025-06-17 09:00:00,EARN,36,113,BKG-000742
LTX-0002890,P01107,2025-08-28 09:00:00,EARN,42,155,BKG-011564
LTX-0002891,P01574,2025-06-04 09:00:00,EARN,11,11,BKG-001389
LTX-0002892,P01574,2025-06-06 09:00:00,EARN,86,97,BKG-000709
LTX-0002893,P02579,2025-01-23 09:00:00,EARN,68,68,BKG-012449
LTX-0002894,P02579,2025-06-16 09:00:00,EARN,95,163,BKG-005765
LTX-0002895,P02579,2025-06-22 09:00:00,EARN,80,243,BKG-000710
LTX-0002896,P02543,2025-05-05 09:00:00,EARN,61,61,BKG-000711
LTX-0002897,P02543,2025-06-02 09:00:00,EARN,61,122,BKG-010683
LTX-0002898,P03282,2025-03-11 09:00:00,EARN,55,55,BKG-002621
LTX-0002899,P03282,2025-04-17 09:00:00,EARN,56,111,BKG-000712
LTX-0002900,P03282,2025-07-16 09:00:00,EARN,11,122,BKG-003745
LTX-0002901,P03282,2025-12-06 09:00:00,EARN,30,152,BKG-009948
LTX-0002902,P00371,2025-01-07 09:00:00,EARN,31,31,BKG-007053
LTX-0002903,P00371,2025-05-13 09:00:00,EARN,63,94,BKG-005493
LTX-0002904,P00371,2025-06-08 09:00:00,EARN,61,155,BKG-005639
LTX-0002905,P00371,2025-07-07 09:00:00,EARN,50,205,BKG-000713
LTX-0002906,P00371,2025-07-07 18:00:00,REDEEM,-30,175,BKG-000713
LTX-0002907,P01559,2025-05-28 09:00:00,EARN,39,39,BKG-011811
LTX-0002908,P01559,2025-06-16 09:00:00,EARN,83,122,BKG-010073
LTX-0002909,P01559,2025-06-28 09:00:00,EARN,15,137,BKG-004855
LTX-0002910,P01559,2025-07-08 09:00:00,EARN,53,190,BKG-011111
LTX-0002911,P01559,2025-09-06 09:00:00,EARN,53,243,BKG-004859
LTX-0002912,P01559,2025-09-06 18:00:00,REDEEM,-10,233,BKG-004859
LTX-0002913,P01559,2025-11-15 09:00:00,EARN,9,242,BKG-009294
LTX-0002914,P01559,2025-11-22 09:00:00,EARN,33,275,BKG-011254
LTX-0002915,P01559,2025-12-07 09:00:00,EARN,44,319,BKG-011518
LTX-0002916,P01559,2025-12-10 09:00:00,EARN,70,389,BKG-000715
LTX-0002917,P01590,2025-08-12 09:00:00,EARN,66,66,BKG-000716
LTX-0002918,P02228,2025-12-07 09:00:00,EARN,60,60,BKG-000719
LTX-0002919,P01417,2025-04-02 09:00:00,EARN,35,35,BKG-009538
LTX-0002920,P01417,2025-10-04 09:00:00,EARN,61,96,BKG-008200
LTX-0002921,P01417,2025-11-14 09:00:00,EARN,67,163,BKG-005068
LTX-0002922,P01417,2025-11-26 09:00:00,EARN,41,204,BKG-000720
LTX-0002923,P01135,2025-01-30 09:00:00,EARN,36,36,BKG-000721
LTX-0002924,P01135,2025-05-17 09:00:00,EARN,48,84,BKG-009837
LTX-0002925,P01135,2025-07-16 09:00:00,EARN,51,135,BKG-004201
LTX-0002926,P01135,2025-08-09 09:00:00,EARN,25,160,BKG-002619
LTX-0002927,P01135,2025-09-14 09:00:00,EARN,40,200,BKG-004496
LTX-0002928,P01135,2025-12-10 09:00:00,EARN,22,222,BKG-003304
LTX-0002929,P00541,2025-05-15 09:00:00,EARN,63,63,BKG-000722
LTX-0002930,P00541,2025-06-29 09:00:00,EARN,62,125,BKG-007625
LTX-0002931,P00736,2025-01-12 09:00:00,EARN,7,7,BKG-006465
LTX-0002932,P00736,2025-01-21 09:00:00,EARN,87,94,BKG-000723
LTX-0002933,P00736,2025-01-21 18:00:00,REDEEM,-20,74,BKG-000723
LTX-0002934,P00736,2025-06-29 09:00:00,EARN,72,146,BKG-006784
LTX-0002935,P00736,2025-08-15 09:00:00,EARN,66,212,BKG-006610
LTX-0002936,P00485,2025-02-20 09:00:00,EARN,34,34,BKG-000724
LTX-0002937,P02262,2025-06-11 09:00:00,EARN,23,23,BKG-000725
LTX-0002938,P02262,2025-07-17 09:00:00,EARN,31,54,BKG-005236
LTX-0002939,P00826,2025-05-18 09:00:00,EARN,72,72,BKG-007441
LTX-0002940,P00826,2025-05-18 18:00:00,REDEEM,-30,42,BKG-007441
LTX-0002941,P00826,2025-06-30 09:00:00,EARN,62,104,BKG-008965
LTX-0002942,P00826,2025-07-13 09:00:00,EARN,47,151,BKG-000726
LTX-0002943,P00826,2025-09-12 09:00:00,EARN,18,169,BKG-004850
LTX-0002944,P00826,2025-11-17 09:00:00,EARN,66,235,BKG-011245
LTX-0002945,P02738,2025-02-04 09:00:00,EARN,74,74,BKG-005671
LTX-0002946,P02738,2025-06-01 09:00:00,EARN,53,127,BKG-000727
LTX-0002947,P02738,2025-06-10 09:00:00,EARN,39,166,BKG-001533
LTX-0002948,P02738,2025-11-24 09:00:00,EARN,41,207,BKG-003190
LTX-0002949,P02738,2025-11-24 18:00:00,REDEEM,-30,177,BKG-003190
LTX-0002950,P01920,2025-02-27 09:00:00,EARN,6,6,BKG-007732
LTX-0002951,P01920,2025-03-14 09:00:00,EARN,51,57,BKG-000728
LTX-0002952,P01920,2025-06-01 09:00:00,EARN,52,109,BKG-002865
LTX-0002953,P01920,2025-07-04 09:00:00,EARN,12,121,BKG-010212
LTX-0002954,P01920,2025-09-11 09:00:00,EARN,21,142,BKG-011541
LTX-0002955,P01920,2025-10-02 09:00:00,EARN,46,188,BKG-009485
LTX-0002956,P02783,2025-03-04 09:00:00,EARN,49,49,BKG-003552
LTX-0002957,P02783,2025-05-30 09:00:00,EARN,22,71,BKG-000729
LTX-0002958,P02783,2025-11-08 09:00:00,EARN,77,148,BKG-004705
LTX-0002959,P03070,2025-04-25 09:00:00,EARN,45,45,BKG-000730
LTX-0002960,P03070,2025-06-10 09:00:00,EARN,70,115,BKG-007819
LTX-0002961,P03412,2025-03-03 09:00:00,EARN,40,40,BKG-005921
LTX-0002962,P03412,2025-05-17 09:00:00,EARN,30,70,BKG-012419
LTX-0002963,P03412,2025-05-27 09:00:00,EARN,61,131,BKG-000731
LTX-0002964,P03412,2025-10-23 09:00:00,EARN,14,145,BKG-011082
LTX-0002965,P03412,2025-10-23 18:00:00,REDEEM,-10,135,BKG-011082
LTX-0002966,P03412,2025-12-07 09:00:00,EARN,18,153,BKG-003723
LTX-0002967,P00347,2025-12-05 09:00:00,EARN,34,34,BKG-002828
LTX-0002968,P00347,2025-12-07 09:00:00,EARN,29,63,BKG-000732
LTX-0002969,P02280,2025-01-12 09:00:00,EARN,49,49,BKG-010177
LTX-0002970,P02280,2025-05-21 09:00:00,EARN,41,90,BKG-008918
LTX-0002971,P02280,2025-06-27 09:00:00,EARN,42,132,BKG-000733
LTX-0002972,P01349,2025-04-16 09:00:00,EARN,17,17,BKG-005153
LTX-0002973,P01349,2025-06-28 09:00:00,EARN,47,64,BKG-009926
LTX-0002974,P01349,2025-07-05 09:00:00,EARN,9,73,BKG-004096
LTX-0002975,P01349,2025-11-26 09:00:00,EARN,33,106,BKG-000735
LTX-0002976,P01349,2025-11-26 09:00:00,EARN,68,174,BKG-004406
LTX-0002977,P03768,2025-06-13 09:00:00,EARN,49,49,BKG-010115
LTX-0002978,P03768,2025-09-04 09:00:00,EARN,38,87,BKG-000736
LTX-0002979,P01968,2025-02-09 09:00:00,EARN,30,30,BKG-006110
LTX-0002980,P01968,2025-04-23 09:00:00,EARN,43,73,BKG-011967
LTX-0002981,P01968,2025-05-27 09:00:00,EARN,31,104,BKG-000737
LTX-0002982,P01968,2025-09-28 09:00:00,EARN,54,158,BKG-003503
LTX-0002983,P02393,2024-12-17 09:00:00,EARN,50,50,BKG-012185
LTX-0002984,P02393,2025-05-20 09:00:00,EARN,35,85,BKG-000738
LTX-0002985,P02393,2025-06-02 09:00:00,EARN,30,115,BKG-003856
LTX-0002986,P02393,2025-11-08 09:00:00,EARN,48,163,BKG-004006
LTX-0002987,P02393,2025-12-20 09:00:00,EARN,45,208,BKG-012415
LTX-0002988,P02297,2024-12-28 09:00:00,EARN,18,18,BKG-008420
LTX-0002989,P02297,2025-05-11 09:00:00,EARN,12,30,BKG-000739
LTX-0002990,P02297,2025-06-30 09:00:00,EARN,78,108,BKG-002702
LTX-0002991,P02297,2025-07-18 09:00:00,EARN,50,158,BKG-008249
LTX-0002992,P02297,2025-10-19 09:00:00,EARN,32,190,BKG-010986
LTX-0002993,P02297,2025-11-28 09:00:00,EARN,31,221,BKG-008561
LTX-0002994,P02166,2025-06-25 09:00:00,EARN,100,100,BKG-000740
LTX-0002995,P02166,2025-07-19 09:00:00,EARN,9,109,BKG-010109
LTX-0002996,P02166,2025-08-03 09:00:00,EARN,48,157,BKG-007581
LTX-0002997,P00087,2025-02-25 09:00:00,EARN,50,50,BKG-007653
LTX-0002998,P00087,2025-03-12 09:00:00,EARN,11,61,BKG-002390
LTX-0002999,P00087,2025-04-10 09:00:00,EARN,61,122,BKG-001361
LTX-0003000,P00087,2025-06-16 09:00:00,EARN,35,157,BKG-011682
LTX-0003001,P00087,2025-11-11 09:00:00,EARN,45,202,BKG-000743
LTX-0003002,P02564,2025-02-19 09:00:00,EARN,56,56,BKG-002097
LTX-0003003,P02564,2025-04-21 09:00:00,EARN,20,76,BKG-001875
LTX-0003004,P02564,2025-06-28 09:00:00,EARN,23,99,BKG-000744
LTX-0003005,P02564,2025-11-12 09:00:00,EARN,9,108,BKG-010200
LTX-0003006,P02564,2025-11-30 09:00:00,EARN,61,169,BKG-004453
LTX-0003007,P01826,2025-02-17 09:00:00,EARN,73,73,BKG-004736
LTX-0003008,P01826,2025-02-20 09:00:00,EARN,24,97,BKG-007259
LTX-0003009,P01826,2025-06-08 09:00:00,EARN,33,130,BKG-000745
LTX-0003010,P01826,2025-06-08 18:00:00,REDEEM,-20,110,BKG-000745
LTX-0003011,P01826,2025-06-11 09:00:00,EARN,54,164,BKG-004198
LTX-0003012,P01826,2025-06-11 18:00:00,REDEEM,-10,154,BKG-004198
LTX-0003013,P01826,2025-12-02 09:00:00,EARN,82,236,BKG-002260
LTX-0003014,P03235,2025-01-20 09:00:00,EARN,44,44,BKG-008440
LTX-0003015,P03235,2025-05-17 09:00:00,EARN,43,87,BKG-000746
LTX-0003016,P03235,2025-11-16 09:00:00,EARN,26,113,BKG-007770
LTX-0003017,P00301,2025-01-06 09:00:00,EARN,33,33,BKG-006132
LTX-0003018,P00301,2025-04-27 09:00:00,EARN,28,61,BKG-000747
LTX-0003019,P00301,2025-06-24 09:00:00,EARN,39,100,BKG-008403
LTX-0003020,P00301,2025-11-07 09:00:00,EARN,56,156,BKG-007879
LTX-0003021,P03173,2025-04-28 09:00:00,EARN,80,80,BKG-008655
LTX-0003022,P03173,2025-07-15 09:00:00,EARN,28,108,BKG-009287
LTX-0003023,P03173,2025-11-18 09:00:00,EARN,84,192,BKG-000749
LTX-0003024,P01727,2025-02-11 09:00:00,EARN,39,39,BKG-007952
LTX-0003025,P01727,2025-04-14 09:00:00,EARN,44,83,BKG-000751
LTX-0003026,P01727,2025-09-23 09:00:00,EARN,14,97,BKG-003229
LTX-0003027,P00917,2024-12-11 09:00:00,EARN,44,44,BKG-009940
LTX-0003028,P00917,2025-03-19 09:00:00,EARN,21,65,BKG-001191
LTX-0003029,P00917,2025-06-28 09:00:00,EARN,51,116,BKG-009436
LTX-0003030,P00917,2025-10-01 09:00:00,EARN,18,134,BKG-000752
LTX-0003031,P02086,2025-01-24 09:00:00,EARN,36,36,BKG-008327
LTX-0003032,P02086,2025-03-23 09:00:00,EARN,45,81,BKG-000753
LTX-0003033,P02086,2025-05-31 09:00:00,EARN,39,120,BKG-008301
LTX-0003034,P02086,2025-09-17 09:00:00,EARN,55,175,BKG-005268
LTX-0003035,P02086,2025-09-17 18:00:00,REDEEM,-30,145,BKG-005268
LTX-0003036,P02086,2025-11-14 09:00:00,EARN,42,187,BKG-003294
LTX-0003037,P01735,2025-01-25 09:00:00,EARN,53,53,BKG-000754
LTX-0003038,P01735,2025-03-09 09:00:00,EARN,65,118,BKG-004692
LTX-0003039,P01735,2025-05-28 09:00:00,EARN,70,188,BKG-003278
LTX-0003040,P01735,2025-07-14 09:00:00,EARN,33,221,BKG-012398
LTX-0003041,P01735,2025-08-09 09:00:00,EARN,67,288,BKG-006887
LTX-0003042,P01735,2025-08-15 09:00:00,EARN,57,345,BKG-005414
LTX-0003043,P01735,2025-09-17 09:00:00,EARN,19,364,BKG-006659
LTX-0003044,P02879,2025-02-02 09:00:00,EARN,44,44,BKG-005946
LTX-0003045,P02879,2025-03-14 09:00:00,EARN,36,80,BKG-001334
LTX-0003046,P02879,2025-06-28 09:00:00,EARN,47,127,BKG-002855
LTX-0003047,P02879,2025-07-15 09:00:00,EARN,71,198,BKG-009343
LTX-0003048,P02879,2025-09-06 09:00:00,EARN,47,245,BKG-000755
LTX-0003049,P02879,2025-12-02 09:00:00,EARN,50,295,BKG-005063
LTX-0003050,P02879,2025-12-02 18:00:00,REDEEM,-10,285,BKG-005063
LTX-0003051,P02879,2025-12-10 09:00:00,EARN,9,294,BKG-004234
LTX-0003052,P02879,2025-12-14 09:00:00,EARN,43,337,BKG-002124
LTX-0003053,P03272,2025-09-09 09:00:00,EARN,66,66,BKG-000756
LTX-0003054,P02402,2025-03-31 09:00:00,EARN,24,24,BKG-010532
LTX-0003055,P02402,2025-06-13 09:00:00,EARN,48,72,BKG-003320
LTX-0003056,P02402,2025-06-25 09:00:00,EARN,44,116,BKG-008486
LTX-0003057,P02402,2025-08-07 09:00:00,EARN,28,144,BKG-011711
LTX-0003058,P02402,2025-08-07 18:00:00,REDEEM,-20,124,BKG-011711
LTX-0003059,P02402,2025-11-27 09:00:00,EARN,58,182,BKG-000757
LTX-0003060,P03915,2025-05-21 09:00:00,EARN,70,70,BKG-004769
LTX-0003061,P03915,2025-06-03 09:00:00,EARN,34,104,BKG-009841
LTX-0003062,P03915,2025-06-03 18:00:00,REDEEM,-20,84,BKG-009841
LTX-0003063,P03915,2025-07-10 09:00:00,EARN,60,144,BKG-000758
LTX-0003064,P03915,2025-08-17 09:00:00,EARN,45,189,BKG-011346
LTX-0003065,P03915,2025-09-24 09:00:00,EARN,66,255,BKG-003061
LTX-0003066,P03915,2025-12-16 09:00:00,EARN,51,306,BKG-006502
LTX-0003067,P01332,2025-03-07 09:00:00,EARN,34,34,BKG-000759
LTX-0003068,P01332,2025-09-04 09:00:00,EARN,78,112,BKG-012093
LTX-0003069,P01332,2025-09-12 09:00:00,EARN,43,155,BKG-010924
LTX-0003070,P01332,2025-10-31 09:00:00,EARN,66,221,BKG-005612
LTX-0003071,P00923,2025-01-07 09:00:00,EARN,55,55,BKG-009584
LTX-0003072,P00923,2025-06-20 09:00:00,EARN,103,158,BKG-000760
LTX-0003073,P00923,2025-07-11 09:00:00,EARN,73,231,BKG-001524
LTX-0003074,P00923,2025-07-21 09:00:00,EARN,29,260,BKG-008435
LTX-0003075,P03470,2024-12-24 09:00:00,EARN,52,52,BKG-000761
LTX-0003076,P03470,2025-08-04 09:00:00,EARN,59,111,BKG-011573
LTX-0003077,P03470,2025-10-02 09:00:00,EARN,33,144,BKG-002978
LTX-0003078,P00009,2025-03-08 09:00:00,EARN,19,19,BKG-003350
LTX-0003079,P00009,2025-06-27 09:00:00,EARN,38,57,BKG-000762
LTX-0003080,P00009,2025-06-28 09:00:00,EARN,24,81,BKG-005904
LTX-0003081,P00009,2025-08-13 09:00:00,EARN,14,95,BKG-008116
LTX-0003082,P00009,2025-08-16 09:00:00,EARN,22,117,BKG-010676
LTX-0003083,P00009,2025-11-22 09:00:00,EARN,29,146,BKG-006687
LTX-0003084,P00446,2025-02-28 09:00:00,EARN,6,6,BKG-004996
LTX-0003085,P00446,2025-06-07 09:00:00,EARN,63,69,BKG-000763
LTX-0003086,P02146,2025-02-01 09:00:00,EARN,17,17,BKG-004060
LTX-0003087,P02146,2025-02-01 18:00:00,REDEEM,-10,7,BKG-004060
LTX-0003088,P02146,2025-03-18 09:00:00,EARN,27,34,BKG-003383
LTX-0003089,P02146,2025-05-04 09:00:00,EARN,8,42,BKG-004929
LTX-0003090,P02146,2025-10-01 09:00:00,EARN,45,87,BKG-000764
LTX-0003091,P02146,2025-10-25 09:00:00,EARN,18,105,BKG-006081
LTX-0003092,P02146,2025-12-04 09:00:00,EARN,42,147,BKG-003515
LTX-0003093,P02146,2025-12-04 18:00:00,REDEEM,-30,117,BKG-003515
LTX-0003094,P00133,2025-02-28 09:00:00,EARN,28,28,BKG-000765
LTX-0003095,P00133,2025-04-22 09:00:00,EARN,30,58,BKG-005125
LTX-0003096,P00133,2025-07-01 09:00:00,EARN,34,92,BKG-004158
LTX-0003097,P02324,2025-01-11 09:00:00,EARN,15,15,BKG-006187
LTX-0003098,P02324,2025-05-15 09:00:00,EARN,76,91,BKG-003962
LTX-0003099,P02324,2025-10-28 09:00:00,EARN,14,105,BKG-000766
LTX-0003100,P02324,2025-12-03 09:00:00,EARN,76,181,BKG-009650
LTX-0003101,P00777,2024-12-28 09:00:00,EARN,26,26,BKG-001118
LTX-0003102,P00777,2025-05-02 09:00:00,EARN,25,51,BKG-007484
LTX-0003103,P00777,2025-05-02 18:00:00,REDEEM,-10,41,BKG-007484
LTX-0003104,P00777,2025-05-03 09:00:00,EARN,36,77,BKG-012484
LTX-0003105,P00777,2025-06-28 09:00:00,EARN,25,102,BKG-000767
LTX-0003106,P00777,2025-12-04 09:00:00,EARN,54,156,BKG-003016
LTX-0003107,P02629,2025-02-18 09:00:00,EARN,20,20,BKG-001627
LTX-0003108,P02629,2025-06-17 09:00:00,EARN,40,60,BKG-009757
LTX-0003109,P02629,2025-06-18 09:00:00,EARN,56,116,BKG-012196
LTX-0003110,P02629,2025-11-13 09:00:00,EARN,41,157,BKG-000769
LTX-0003111,P03153,2024-12-31 09:00:00,EARN,51,51,BKG-000770
LTX-0003112,P03153,2025-06-07 09:00:00,EARN,65,116,BKG-008877
LTX-0003113,P03642,2025-01-01 09:00:00,EARN,13,13,BKG-009041
LTX-0003114,P03642,2025-04-18 09:00:00,EARN,58,71,BKG-004585
LTX-0003115,P03642,2025-06-30 09:00:00,EARN,73,144,BKG-012075
LTX-0003116,P03642,2025-11-23 09:00:00,EARN,30,174,BKG-005513
LTX-0003117,P03642,2025-11-27 09:00:00,EARN,60,234,BKG-000771
LTX-0003118,P02362,2025-03-30 09:00:00,EARN,35,35,BKG-003924
LTX-0003119,P02362,2025-06-03 09:00:00,EARN,46,81,BKG-004885
LTX-0003120,P02362,2025-09-12 09:00:00,EARN,51,132,BKG-000773
LTX-0003121,P01977,2025-03-20 09:00:00,EARN,34,34,BKG-007915
LTX-0003122,P01977,2025-05-12 09:00:00,EARN,26,60,BKG-010589
LTX-0003123,P01977,2025-06-23 09:00:00,EARN,41,101,BKG-007565
LTX-0003124,P01977,2025-07-15 09:00:00,EARN,20,121,BKG-000775
LTX-0003125,P02112,2025-06-27 09:00:00,EARN,33,33,BKG-000776
LTX-0003126,P02112,2025-07-04 09:00:00,EARN,19,52,BKG-008397
LTX-0003127,P02112,2025-12-07 09:00:00,EARN,35,87,BKG-007624
LTX-0003128,P01063,2024-12-29 09:00:00,EARN,39,39,BKG-000777
LTX-0003129,P01063,2025-02-23 09:00:00,EARN,38,77,BKG-002027
LTX-0003130,P01129,2025-06-18 09:00:00,EARN,44,44,BKG-000778
LTX-0003131,P01129,2025-07-27 09:00:00,EARN,37,81,BKG-011952
LTX-0003132,P00642,2025-01-02 09:00:00,EARN,29,29,BKG-000779
LTX-0003133,P00642,2025-04-12 09:00:00,EARN,16,45,BKG-003192
LTX-0003134,P00642,2025-10-26 09:00:00,EARN,43,88,BKG-007446
LTX-0003135,P01446,2025-06-03 09:00:00,EARN,40,40,BKG-007005
LTX-0003136,P01446,2025-07-01 09:00:00,EARN,23,63,BKG-000781
LTX-0003137,P01446,2025-07-11 09:00:00,EARN,33,96,BKG-012210
LTX-0003138,P01446,2025-08-02 09:00:00,EARN,24,120,BKG-008379
LTX-0003139,P01446,2025-08-02 18:00:00,REDEEM,-20,100,BKG-008379
LTX-0003140,P02612,2025-02-27 09:00:00,EARN,36,36,BKG-012442
LTX-0003141,P02612,2025-05-18 09:00:00,EARN,66,102,BKG-003226
LTX-0003142,P02612,2025-10-15 09:00:00,EARN,47,149,BKG-001147
LTX-0003143,P02612,2025-10-24 09:00:00,EARN,46,195,BKG-007549
LTX-0003144,P02612,2025-11-27 09:00:00,EARN,83,278,BKG-006898
LTX-0003145,P02612,2025-11-28 09:00:00,EARN,37,315,BKG-000782
LTX-0003146,P02612,2025-12-03 09:00:00,EARN,29,344,BKG-009130
LTX-0003147,P00755,2025-02-10 09:00:00,EARN,59,59,BKG-010152
LTX-0003148,P00755,2025-07-10 09:00:00,EARN,18,77,BKG-005227
LTX-0003149,P00755,2025-11-14 09:00:00,EARN,54,131,BKG-012354
LTX-0003150,P00755,2025-11-24 09:00:00,EARN,30,161,BKG-000784
LTX-0003151,P03555,2025-03-26 09:00:00,EARN,30,30,BKG-000785
LTX-0003152,P03555,2025-12-20 09:00:00,EARN,36,66,BKG-012103
LTX-0003153,P00257,2025-06-26 09:00:00,EARN,60,60,BKG-002292
LTX-0003154,P00257,2025-06-26 18:00:00,REDEEM,-20,40,BKG-002292
LTX-0003155,P00257,2025-06-30 09:00:00,EARN,45,85,BKG-002024
LTX-0003156,P00257,2025-09-03 09:00:00,EARN,8,93,BKG-000787
LTX-0003157,P00192,2025-06-08 09:00:00,EARN,70,70,BKG-011608
LTX-0003158,P00192,2025-07-15 09:00:00,EARN,7,77,BKG-005572
LTX-0003159,P00192,2025-07-15 18:00:00,REDEEM,-10,67,BKG-005572
LTX-0003160,P00192,2025-08-01 09:00:00,EARN,51,118,BKG-000788
LTX-0003161,P00192,2025-08-21 09:00:00,EARN,44,162,BKG-007755
LTX-0003162,P00192,2025-12-02 09:00:00,EARN,42,204,BKG-003361
LTX-0003163,P00433,2025-02-13 09:00:00,EARN,72,72,BKG-011070
LTX-0003164,P00433,2025-02-13 18:00:00,REDEEM,-30,42,BKG-011070
LTX-0003165,P00433,2025-05-18 09:00:00,EARN,91,133,BKG-010170
LTX-0003166,P00433,2025-06-07 09:00:00,EARN,36,169,BKG-000789
LTX-0003167,P01364,2025-03-18 09:00:00,EARN,58,58,BKG-006645
LTX-0003168,P01364,2025-08-30 09:00:00,EARN,57,115,BKG-000790
LTX-0003169,P00190,2024-12-26 09:00:00,EARN,25,25,BKG-005686
LTX-0003170,P00190,2024-12-26 18:00:00,REDEEM,-10,15,BKG-005686
LTX-0003171,P00190,2025-01-18 09:00:00,EARN,28,43,BKG-004362
LTX-0003172,P00190,2025-04-04 09:00:00,EARN,15,58,BKG-000792
LTX-0003173,P00190,2025-04-04 18:00:00,REDEEM,-10,48,BKG-000792
LTX-0003174,P00190,2025-05-23 09:00:00,EARN,41,89,BKG-003647
LTX-0003175,P01880,2025-01-30 09:00:00,EARN,50,50,BKG-011819
LTX-0003176,P01880,2025-04-21 09:00:00,EARN,20,70,BKG-005475
LTX-0003177,P01880,2025-11-17 09:00:00,EARN,40,110,BKG-003281
LTX-0003178,P01880,2025-11-27 09:00:00,EARN,30,140,BKG-000793
LTX-0003179,P00995,2025-04-11 09:00:00,EARN,64,64,BKG-000794
LTX-0003180,P00995,2025-04-19 09:00:00,EARN,24,88,BKG-002065
LTX-0003181,P00995,2025-04-19 18:00:00,REDEEM,-20,68,BKG-002065
LTX-0003182,P00995,2025-06-17 09:00:00,EARN,34,102,BKG-007504
LTX-0003183,P00995,2025-06-26 09:00:00,EARN,47,149,BKG-010435
LTX-0003184,P00995,2025-09-24 09:00:00,EARN,19,168,BKG-003082
LTX-0003185,P02562,2025-03-11 09:00:00,EARN,78,78,BKG-004557
LTX-0003186,P02562,2025-04-01 09:00:00,EARN,44,122,BKG-000796
LTX-0003187,P01424,2025-05-21 09:00:00,EARN,42,42,BKG-000797
LTX-0003188,P01424,2025-05-21 18:00:00,REDEEM,-20,22,BKG-000797
LTX-0003189,P01424,2025-07-16 09:00:00,EARN,15,37,BKG-002191
LTX-0003190,P01424,2025-11-22 09:00:00,EARN,60,97,BKG-011016
LTX-0003191,P03285,2024-12-16 09:00:00,EARN,13,13,BKG-007724
LTX-0003192,P03285,2024-12-16 18:00:00,REDEEM,-10,3,BKG-007724
LTX-0003193,P03285,2025-03-04 09:00:00,EARN,42,45,BKG-000798
LTX-0003194,P03285,2025-05-12 09:00:00,EARN,34,79,BKG-004443
LTX-0003195,P03285,2025-06-02 09:00:00,EARN,60,139,BKG-001865
LTX-0003196,P03285,2025-07-09 09:00:00,EARN,18,157,BKG-004527
LTX-0003197,P03285,2025-09-20 09:00:00,EARN,6,163,BKG-009012
LTX-0003198,P00630,2025-06-12 09:00:00,EARN,30,30,BKG-002293
LTX-0003199,P00630,2025-07-16 09:00:00,EARN,56,86,BKG-008267
LTX-0003200,P00630,2025-11-27 09:00:00,EARN,61,147,BKG-009314
LTX-0003201,P00630,2025-12-04 09:00:00,EARN,30,177,BKG-000799
LTX-0003202,P00630,2025-12-04 18:00:00,REDEEM,-30,147,BKG-000799
LTX-0003203,P00438,2024-12-16 09:00:00,EARN,64,64,BKG-011822
LTX-0003204,P00438,2025-05-29 09:00:00,EARN,57,121,BKG-011599
LTX-0003205,P00438,2025-06-29 09:00:00,EARN,61,182,BKG-000800
LTX-0003206,P00438,2025-07-05 09:00:00,EARN,40,222,BKG-004482
LTX-0003207,P00438,2025-07-05 18:00:00,REDEEM,-30,192,BKG-004482
LTX-0003208,P03787,2025-05-14 09:00:00,EARN,27,27,BKG-001008
LTX-0003209,P03787,2025-05-17 09:00:00,EARN,42,69,BKG-001129
LTX-0003210,P03787,2025-06-25 09:00:00,EARN,26,95,BKG-007161
LTX-0003211,P03787,2025-08-16 09:00:00,EARN,24,119,BKG-003177
LTX-0003212,P03787,2025-09-12 09:00:00,EARN,79,198,BKG-000801
LTX-0003213,P03787,2025-12-05 09:00:00,EARN,82,280,BKG-005697
LTX-0003214,P00677,2024-12-30 09:00:00,EARN,47,47,BKG-011352
LTX-0003215,P00677,2025-05-26 09:00:00,EARN,53,100,BKG-002618
LTX-0003216,P00677,2025-06-16 09:00:00,EARN,21,121,BKG-008254
LTX-0003217,P00677,2025-07-23 09:00:00,EARN,66,187,BKG-003881
LTX-0003218,P00677,2025-08-08 09:00:00,EARN,32,219,BKG-000802
LTX-0003219,P00677,2025-09-24 09:00:00,EARN,41,260,BKG-010508
LTX-0003220,P00677,2025-10-27 09:00:00,EARN,29,289,BKG-005745
LTX-0003221,P00677,2025-11-18 09:00:00,EARN,24,313,BKG-009634
LTX-0003222,P00086,2025-06-06 09:00:00,EARN,78,78,BKG-001878
LTX-0003223,P00086,2025-06-23 09:00:00,EARN,19,97,BKG-000803
LTX-0003224,P00086,2025-07-19 09:00:00,EARN,38,135,BKG-005986
LTX-0003225,P00086,2025-07-21 09:00:00,EARN,30,165,BKG-009219
LTX-0003226,P03911,2024-12-30 09:00:00,EARN,34,34,BKG-000804
LTX-0003227,P03911,2025-06-28 09:00:00,EARN,43,77,BKG-001084
LTX-0003228,P03911,2025-06-28 18:00:00,REDEEM,-30,47,BKG-001084
LTX-0003229,P00140,2024-12-31 09:00:00,EARN,39,39,BKG-001874
LTX-0003230,P00140,2025-05-07 09:00:00,EARN,56,95,BKG-008526
LTX-0003231,P00140,2025-05-19 09:00:00,EARN,33,128,BKG-003459
LTX-0003232,P00140,2025-05-19 18:00:00,REDEEM,-30,98,BKG-003459
LTX-0003233,P00140,2025-06-07 09:00:00,EARN,41,139,BKG-004093
LTX-0003234,P00140,2025-07-12 09:00:00,EARN,57,196,BKG-000805
LTX-0003235,P00140,2025-12-03 09:00:00,EARN,95,291,BKG-004545
LTX-0003236,P02430,2025-02-08 09:00:00,EARN,38,38,BKG-001343
LTX-0003237,P02430,2025-02-26 09:00:00,EARN,63,101,BKG-000806
LTX-0003238,P02430,2025-06-02 09:00:00,EARN,7,108,BKG-002396
LTX-0003239,P02430,2025-06-02 18:00:00,REDEEM,-30,78,BKG-002396
LTX-0003240,P02430,2025-12-13 09:00:00,EARN,51,129,BKG-001476
LTX-0003241,P02430,2025-12-13 18:00:00,REDEEM,-20,109,BKG-001476
LTX-0003242,P01547,2025-02-08 09:00:00,EARN,40,40,BKG-002399
LTX-0003243,P01547,2025-05-07 09:00:00,EARN,8,48,BKG-004979
LTX-0003244,P01547,2025-11-22 09:00:00,EARN,19,67,BKG-000808
LTX-0003245,P03413,2025-03-29 09:00:00,EARN,38,38,BKG-000809
LTX-0003246,P03413,2025-06-06 09:00:00,EARN,57,95,BKG-003800
LTX-0003247,P03413,2025-06-06 18:00:00,REDEEM,-30,65,BKG-003800
LTX-0003248,P03413,2025-07-18 09:00:00,EARN,48,113,BKG-006466
LTX-0003249,P03098,2025-01-16 09:00:00,EARN,30,30,BKG-002774
LTX-0003250,P03098,2025-04-21 09:00:00,EARN,12,42,BKG-000810
LTX-0003251,P01586,2024-12-23 09:00:00,EARN,27,27,BKG-007293
LTX-0003252,P01586,2024-12-23 18:00:00,REDEEM,-10,17,BKG-007293
LTX-0003253,P01586,2025-02-24 09:00:00,EARN,16,33,BKG-002023
LTX-0003254,P01586,2025-06-03 09:00:00,EARN,6,39,BKG-000811
LTX-0003255,P01586,2025-06-03 18:00:00,REDEEM,-10,29,BKG-000811
LTX-0003256,P01586,2025-07-15 09:00:00,EARN,56,85,BKG-002684
LTX-0003257,P01586,2025-07-20 09:00:00,EARN,40,125,BKG-006637
LTX-0003258,P01586,2025-07-26 09:00:00,EARN,38,163,BKG-005334
LTX-0003259,P01586,2025-09-26 09:00:00,EARN,44,207,BKG-001665
LTX-0003260,P01586,2025-10-20 09:00:00,EARN,47,254,BKG-010403
LTX-0003261,P03020,2025-01-11 09:00:00,EARN,6,6,BKG-000812
LTX-0003262,P03020,2025-05-29 09:00:00,EARN,47,53,BKG-003605
LTX-0003263,P03020,2025-06-06 09:00:00,EARN,45,98,BKG-001325
LTX-0003264,P03319,2025-05-01 09:00:00,EARN,15,15,BKG-010953
LTX-0003265,P03319,2025-11-19 09:00:00,EARN,54,69,BKG-000813
LTX-0003266,P03208,2025-08-13 09:00:00,EARN,16,16,BKG-009563
LTX-0003267,P03208,2025-12-03 09:00:00,EARN,32,48,BKG-000994
LTX-0003268,P03208,2025-12-21 09:00:00,EARN,56,104,BKG-000814
LTX-0003269,P01622,2025-02-07 09:00:00,EARN,26,26,BKG-005915
LTX-0003270,P01622,2025-03-13 09:00:00,EARN,63,89,BKG-007332
LTX-0003271,P01622,2025-04-26 09:00:00,EARN,71,160,BKG-008325
LTX-0003272,P01622,2025-05-28 09:00:00,EARN,34,194,BKG-005022
LTX-0003273,P01622,2025-06-05 09:00:00,EARN,29,223,BKG-000815
LTX-0003274,P01622,2025-07-01 09:00:00,EARN,75,298,BKG-010089
LTX-0003275,P01974,2025-02-27 09:00:00,EARN,36,36,BKG-000816
LTX-0003276,P01974,2025-06-21 09:00:00,EARN,100,136,BKG-010316
LTX-0003277,P01974,2025-06-21 18:00:00,REDEEM,-10,126,BKG-010316
LTX-0003278,P00483,2025-02-05 09:00:00,EARN,28,28,BKG-000818
LTX-0003279,P00483,2025-04-16 09:00:00,EARN,67,95,BKG-004954
LTX-0003280,P00483,2025-04-28 09:00:00,EARN,56,151,BKG-004480
LTX-0003281,P00483,2025-04-28 18:00:00,REDEEM,-20,131,BKG-004480
LTX-0003282,P00483,2025-07-07 09:00:00,EARN,12,143,BKG-004588
LTX-0003283,P00483,2025-11-18 09:00:00,EARN,33,176,BKG-007464
LTX-0003284,P00483,2025-11-18 09:00:00,EARN,18,194,BKG-010149
LTX-0003285,P02596,2025-05-01 09:00:00,EARN,60,60,BKG-009866
LTX-0003286,P02596,2025-06-30 09:00:00,EARN,24,84,BKG-011139
LTX-0003287,P02596,2025-07-11 09:00:00,EARN,54,138,BKG-004373
LTX-0003288,P02596,2025-10-07 09:00:00,EARN,54,192,BKG-000819
LTX-0003289,P02596,2025-11-06 09:00:00,EARN,14,206,BKG-004995
LTX-0003290,P02596,2025-11-14 09:00:00,EARN,17,223,BKG-006527
LTX-0003291,P00056,2025-04-19 09:00:00,EARN,37,37,BKG-003743
LTX-0003292,P00056,2025-06-15 09:00:00,EARN,32,69,BKG-001225
LTX-0003293,P00056,2025-09-07 09:00:00,EARN,42,111,BKG-008374
LTX-0003294,P00056,2025-10-25 09:00:00,EARN,85,196,BKG-000820
LTX-0003295,P00056,2025-11-26 09:00:00,EARN,34,230,BKG-009374
LTX-0003296,P00337,2025-08-31 09:00:00,EARN,28,28,BKG-000821
LTX-0003297,P00337,2025-12-08 09:00:00,EARN,44,72,BKG-010952
LTX-0003298,P00337,2025-12-08 18:00:00,REDEEM,-30,42,BKG-010952
LTX-0003299,P02428,2025-02-20 09:00:00,EARN,47,47,BKG-002989
LTX-0003300,P02428,2025-11-18 09:00:00,EARN,74,121,BKG-000822
LTX-0003301,P02428,2025-11-18 18:00:00,REDEEM,-20,101,BKG-000822
LTX-0003302,P00379,2025-05-07 09:00:00,EARN,42,42,BKG-000823
LTX-0003303,P00379,2025-07-03 09:00:00,EARN,54,96,BKG-004244
LTX-0003304,P00808,2025-01-03 09:00:00,EARN,35,35,BKG-011378
LTX-0003305,P00808,2025-05-30 09:00:00,EARN,49,84,BKG-005752
LTX-0003306,P00808,2025-06-18 09:00:00,EARN,69,153,BKG-000824
LTX-0003307,P00808,2025-07-01 09:00:00,EARN,26,179,BKG-011298
LTX-0003308,P00808,2025-08-01 09:00:00,EARN,45,224,BKG-010768
LTX-0003309,P00808,2025-09-08 09:00:00,EARN,51,275,BKG-006540
LTX-0003310,P00808,2025-10-13 09:00:00,EARN,75,350,BKG-008442
LTX-0003311,P03024,2025-07-07 09:00:00,EARN,20,20,BKG-000825
LTX-0003312,P03024,2025-08-10 09:00:00,EARN,59,79,BKG-001733
LTX-0003313,P03024,2025-09-27 09:00:00,EARN,47,126,BKG-004182
LTX-0003314,P00434,2025-04-03 09:00:00,EARN,36,36,BKG-000826
LTX-0003315,P01657,2025-01-15 09:00:00,EARN,23,23,BKG-011607
LTX-0003316,P01657,2025-03-13 09:00:00,EARN,26,49,BKG-000827
LTX-0003317,P01657,2025-04-23 09:00:00,EARN,59,108,BKG-008028
LTX-0003318,P01657,2025-07-05 09:00:00,EARN,42,150,BKG-009238
LTX-0003319,P01657,2025-07-05 18:00:00,REDEEM,-20,130,BKG-009238
LTX-0003320,P01657,2025-11-22 09:00:00,EARN,63,193,BKG-004779
LTX-0003321,P01657,2025-11-25 09:00:00,EARN,55,248,BKG-007779
LTX-0003322,P01657,2025-12-19 09:00:00,EARN,17,265,BKG-012503
LTX-0003323,P00907,2025-02-24 09:00:00,EARN,44,44,BKG-000828
LTX-0003324,P00907,2025-08-13 09:00:00,EARN,33,77,BKG-006014
LTX-0003325,P00907,2025-11-02 09:00:00,EARN,51,128,BKG-005256
LTX-0003326,P00907,2025-11-02 18:00:00,REDEEM,-10,118,BKG-005256
LTX-0003327,P00907,2025-11-29 09:00:00,EARN,54,172,BKG-004650
LTX-0003328,P00907,2025-12-16 09:00:00,EARN,10,182,BKG-003064
LTX-0003329,P00454,2024-12-27 09:00:00,EARN,23,23,BKG-001599
LTX-0003330,P00454,2025-03-30 09:00:00,EARN,12,35,BKG-005939
LTX-0003331,P00454,2025-07-07 09:00:00,EARN,10,45,BKG-001500
LTX-0003332,P00454,2025-07-18 09:00:00,EARN,28,73,BKG-000829
LTX-0003333,P00454,2025-11-23 09:00:00,EARN,46,119,BKG-011114
LTX-0003334,P03161,2025-04-13 09:00:00,EARN,29,29,BKG-000830
LTX-0003335,P03161,2025-11-15 09:00:00,EARN,36,65,BKG-002111
LTX-0003336,P00579,2025-05-28 09:00:00,EARN,45,45,BKG-001674
LTX-0003337,P00579,2025-05-28 18:00:00,REDEEM,-20,25,BKG-001674
LTX-0003338,P00579,2025-08-26 09:00:00,EARN,68,93,BKG-000832
LTX-0003339,P00579,2025-11-11 09:00:00,EARN,55,148,BKG-004874
LTX-0003340,P01217,2025-05-26 09:00:00,EARN,75,75,BKG-000833
LTX-0003341,P01217,2025-06-03 09:00:00,EARN,94,169,BKG-009724
LTX-0003342,P01217,2025-07-20 09:00:00,EARN,46,215,BKG-010380
LTX-0003343,P01217,2025-10-25 09:00:00,EARN,47,262,BKG-005996
LTX-0003344,P03605,2025-03-29 09:00:00,EARN,33,33,BKG-000834
LTX-0003345,P03605,2025-06-22 09:00:00,EARN,53,86,BKG-004864
LTX-0003346,P03605,2025-06-23 09:00:00,EARN,71,157,BKG-002138
LTX-0003347,P03605,2025-07-11 09:00:00,EARN,45,202,BKG-003029
LTX-0003348,P00744,2025-05-07 09:00:00,EARN,32,32,BKG-001791
LTX-0003349,P00744,2025-05-27 09:00:00,EARN,43,75,BKG-004667
LTX-0003350,P00744,2025-06-16 09:00:00,EARN,77,152,BKG-000835
LTX-0003351,P00744,2025-07-04 09:00:00,EARN,33,185,BKG-008386
LTX-0003352,P00744,2025-09-01 09:00:00,EARN,28,213,BKG-003136
LTX-0003353,P02632,2025-04-20 09:00:00,EARN,56,56,BKG-006574
LTX-0003354,P02632,2025-05-25 09:00:00,EARN,48,104,BKG-004085
LTX-0003355,P02632,2025-09-04 09:00:00,EARN,25,129,BKG-000837
LTX-0003356,P02632,2025-09-20 09:00:00,EARN,24,153,BKG-000849
LTX-0003357,P00068,2025-06-18 09:00:00,EARN,85,85,BKG-000838
LTX-0003358,P00068,2025-10-31 09:00:00,EARN,16,101,BKG-008716
LTX-0003359,P03400,2025-02-11 09:00:00,EARN,45,45,BKG-000839
LTX-0003360,P03400,2025-04-03 09:00:00,EARN,55,100,BKG-006886
LTX-0003361,P03400,2025-06-17 09:00:00,EARN,22,122,BKG-008659
LTX-0003362,P03400,2025-08-13 09:00:00,EARN,62,184,BKG-001373
LTX-0003363,P03400,2025-09-08 09:00:00,EARN,23,207,BKG-008785
LTX-0003364,P03506,2025-03-19 09:00:00,EARN,44,44,BKG-006960
LTX-0003365,P03506,2025-04-11 09:00:00,EARN,81,125,BKG-000841
LTX-0003366,P03553,2025-02-12 09:00:00,EARN,57,57,BKG-011977
LTX-0003367,P03553,2025-08-01 09:00:00,EARN,36,93,BKG-012139
LTX-0003368,P03553,2025-10-17 09:00:00,EARN,47,140,BKG-011584
LTX-0003369,P03553,2025-11-03 09:00:00,EARN,8,148,BKG-011359
LTX-0003370,P03553,2025-12-20 09:00:00,EARN,25,173,BKG-000842
LTX-0003371,P01503,2025-09-15 09:00:00,EARN,63,63,BKG-000843
LTX-0003372,P01503,2025-09-15 18:00:00,REDEEM,-10,53,BKG-000843
LTX-0003373,P00240,2025-01-02 09:00:00,EARN,35,35,BKG-000844
LTX-0003374,P00240,2025-07-21 09:00:00,EARN,13,48,BKG-002790
LTX-0003375,P00240,2025-11-26 09:00:00,EARN,100,148,BKG-002604
LTX-0003376,P00240,2025-11-29 09:00:00,EARN,26,174,BKG-009411
LTX-0003377,P01948,2025-05-26 09:00:00,EARN,65,65,BKG-000845
LTX-0003378,P01948,2025-05-26 18:00:00,REDEEM,-30,35,BKG-000845
LTX-0003379,P02287,2025-05-20 09:00:00,EARN,53,53,BKG-012104
LTX-0003380,P02287,2025-06-21 09:00:00,EARN,29,82,BKG-012164
LTX-0003381,P02287,2025-08-16 09:00:00,EARN,10,92,BKG-000846
LTX-0003382,P02287,2025-12-20 09:00:00,EARN,42,134,BKG-009883
LTX-0003383,P01689,2025-05-02 09:00:00,EARN,13,13,BKG-000847
LTX-0003384,P01689,2025-12-06 09:00:00,EARN,9,22,BKG-009114
LTX-0003385,P01455,2025-06-24 09:00:00,EARN,77,77,BKG-000848
LTX-0003386,P01455,2025-08-16 09:00:00,EARN,83,160,BKG-009317
LTX-0003387,P01455,2025-08-16 18:00:00,REDEEM,-30,130,BKG-009317
LTX-0003388,P01455,2025-10-03 09:00:00,EARN,30,160,BKG-009524
LTX-0003389,P03931,2024-12-29 09:00:00,EARN,46,46,BKG-005856
LTX-0003390,P03931,2024-12-29 18:00:00,REDEEM,-20,26,BKG-005856
LTX-0003391,P03931,2025-07-04 09:00:00,EARN,23,49,BKG-000850
LTX-0003392,P02366,2025-05-26 09:00:00,EARN,60,60,BKG-000851
LTX-0003393,P02366,2025-06-12 09:00:00,EARN,20,80,BKG-002919
LTX-0003394,P00570,2025-06-18 09:00:00,EARN,37,37,BKG-000853
LTX-0003395,P00570,2025-09-02 09:00:00,EARN,26,63,BKG-011845
LTX-0003396,P00570,2025-09-02 18:00:00,REDEEM,-30,33,BKG-011845
LTX-0003397,P00096,2025-05-27 09:00:00,EARN,20,20,BKG-000854
LTX-0003398,P00096,2025-07-24 09:00:00,EARN,23,43,BKG-003296
LTX-0003399,P00096,2025-11-20 09:00:00,EARN,72,115,BKG-008512
LTX-0003400,P00096,2025-11-20 18:00:00,REDEEM,-30,85,BKG-008512
LTX-0003401,P00096,2025-11-21 09:00:00,EARN,25,110,BKG-006899
LTX-0003402,P02172,2025-01-24 09:00:00,EARN,32,32,BKG-003242
LTX-0003403,P02172,2025-05-25 09:00:00,EARN,56,88,BKG-000856
LTX-0003404,P02172,2025-08-17 09:00:00,EARN,48,136,BKG-008183
LTX-0003405,P02172,2025-12-02 09:00:00,EARN,55,191,BKG-006320
LTX-0003406,P02172,2025-12-02 18:00:00,REDEEM,-20,171,BKG-006320
LTX-0003407,P02172,2025-12-11 09:00:00,EARN,18,189,BKG-004027
LTX-0003408,P03212,2025-04-21 09:00:00,EARN,56,56,BKG-000857
LTX-0003409,P03212,2025-05-10 09:00:00,EARN,56,112,BKG-009635
LTX-0003410,P03212,2025-06-05 09:00:00,EARN,47,159,BKG-005287
LTX-0003411,P03212,2025-06-25 09:00:00,EARN,36,195,BKG-001471
LTX-0003412,P03212,2025-07-02 09:00:00,EARN,56,251,BKG-008016
LTX-0003413,P03212,2025-12-20 09:00:00,EARN,23,274,BKG-009427
LTX-0003414,P03212,2025-12-21 09:00:00,EARN,10,284,BKG-007940
LTX-0003415,P01076,2025-01-16 09:00:00,EARN,56,56,BKG-000858
LTX-0003416,P01076,2025-05-28 09:00:00,EARN,60,116,BKG-006139
LTX-0003417,P01076,2025-06-26 09:00:00,EARN,43,159,BKG-008233
LTX-0003418,P01076,2025-09-29 09:00:00,EARN,66,225,BKG-006892
LTX-0003419,P01076,2025-09-29 18:00:00,REDEEM,-30,195,BKG-006892
LTX-0003420,P01076,2025-11-22 09:00:00,EARN,39,234,BKG-012483
LTX-0003421,P00249,2025-08-19 09:00:00,EARN,17,17,BKG-005658
LTX-0003422,P00249,2025-11-04 09:00:00,EARN,30,47,BKG-000859
LTX-0003423,P00249,2025-11-04 18:00:00,REDEEM,-10,37,BKG-000859
LTX-0003424,P01577,2025-02-22 09:00:00,EARN,47,47,BKG-006815
LTX-0003425,P01577,2025-06-26 09:00:00,EARN,76,123,BKG-000860
LTX-0003426,P01577,2025-11-20 09:00:00,EARN,16,139,BKG-006973
LTX-0003427,P01630,2025-04-19 09:00:00,EARN,18,18,BKG-012246
LTX-0003428,P01630,2025-12-05 09:00:00,EARN,37,55,BKG-000861
LTX-0003429,P00951,2025-05-07 09:00:00,EARN,54,54,BKG-000862
LTX-0003430,P00951,2025-08-13 09:00:00,EARN,22,76,BKG-004555
LTX-0003431,P00951,2025-11-17 09:00:00,EARN,23,99,BKG-009255
LTX-0003432,P03996,2025-01-13 09:00:00,EARN,34,34,BKG-000863
LTX-0003433,P03996,2025-04-11 09:00:00,EARN,30,64,BKG-011335
LTX-0003434,P03996,2025-06-26 09:00:00,EARN,37,101,BKG-008401
LTX-0003435,P03996,2025-08-05 09:00:00,EARN,14,115,BKG-002554
LTX-0003436,P03996,2025-08-23 09:00:00,EARN,41,156,BKG-004413
LTX-0003437,P02150,2025-06-12 09:00:00,EARN,70,70,BKG-001574
LTX-0003438,P02150,2025-06-14 09:00:00,EARN,52,122,BKG-000864
LTX-0003439,P02175,2024-12-14 09:00:00,EARN,36,36,BKG-000865
LTX-0003440,P02175,2024-12-14 18:00:00,REDEEM,-10,26,BKG-000865
LTX-0003441,P02175,2025-07-09 09:00:00,EARN,103,129,BKG-006547
LTX-0003442,P02175,2025-07-09 18:00:00,REDEEM,-10,119,BKG-006547
LTX-0003443,P01458,2025-06-01 09:00:00,EARN,46,46,BKG-009990
LTX-0003444,P01458,2025-07-02 09:00:00,EARN,35,81,BKG-000866
LTX-0003445,P01863,2025-01-08 09:00:00,EARN,54,54,BKG-006222
LTX-0003446,P01863,2025-05-27 09:00:00,EARN,41,95,BKG-009623
LTX-0003447,P01863,2025-07-16 09:00:00,EARN,36,131,BKG-002429
LTX-0003448,P01863,2025-11-30 09:00:00,EARN,26,157,BKG-000867
LTX-0003449,P00681,2025-02-04 09:00:00,EARN,42,42,BKG-000869
LTX-0003450,P00681,2025-02-04 18:00:00,REDEEM,-20,22,BKG-000869
LTX-0003451,P00681,2025-03-03 09:00:00,EARN,54,76,BKG-004272
LTX-0003452,P00069,2025-02-21 09:00:00,EARN,76,76,BKG-010068
LTX-0003453,P00069,2025-04-02 09:00:00,EARN,31,107,BKG-002164
LTX-0003454,P00069,2025-05-09 09:00:00,EARN,20,127,BKG-003753
LTX-0003455,P00069,2025-06-10 09:00:00,EARN,65,192,BKG-000870
LTX-0003456,P00069,2025-08-07 09:00:00,EARN,39,231,BKG-005370
LTX-0003457,P01575,2025-03-05 09:00:00,EARN,91,91,BKG-007482
LTX-0003458,P01575,2025-06-16 09:00:00,EARN,71,162,BKG-005263
LTX-0003459,P01575,2025-08-18 09:00:00,EARN,32,194,BKG-000871
LTX-0003460,P01318,2025-01-09 09:00:00,EARN,33,33,BKG-005377
LTX-0003461,P01318,2025-04-24 09:00:00,EARN,16,49,BKG-008777
LTX-0003462,P01318,2025-06-21 09:00:00,EARN,79,128,BKG-000872
LTX-0003463,P01318,2025-09-16 09:00:00,EARN,35,163,BKG-004511
LTX-0003464,P00017,2025-03-17 09:00:00,EARN,46,46,BKG-002232
LTX-0003465,P00017,2025-04-04 09:00:00,EARN,54,100,BKG-003379
LTX-0003466,P00017,2025-04-22 09:00:00,EARN,41,141,BKG-000873
LTX-0003467,P00017,2025-11-24 09:00:00,EARN,88,229,BKG-005032
LTX-0003468,P00017,2025-12-06 09:00:00,EARN,63,292,BKG-010943
LTX-0003469,P03783,2025-01-07 09:00:00,EARN,42,42,BKG-000874
LTX-0003470,P03783,2025-01-07 18:00:00,REDEEM,-10,32,BKG-000874
LTX-0003471,P03783,2025-01-19 09:00:00,EARN,10,42,BKG-004583
LTX-0003472,P03783,2025-01-29 09:00:00,EARN,33,75,BKG-009329
LTX-0003473,P03783,2025-01-29 18:00:00,REDEEM,-30,45,BKG-009329
LTX-0003474,P03783,2025-06-02 09:00:00,EARN,22,67,BKG-007917
LTX-0003475,P03783,2025-08-01 09:00:00,EARN,16,83,BKG-001354
LTX-0003476,P02621,2025-05-10 09:00:00,EARN,37,37,BKG-000875
LTX-0003477,P02621,2025-06-12 09:00:00,EARN,32,69,BKG-011961
LTX-0003478,P02621,2025-06-12 18:00:00,REDEEM,-30,39,BKG-011961
LTX-0003479,P03658,2025-01-13 09:00:00,EARN,51,51,BKG-000876
LTX-0003480,P03658,2025-03-30 09:00:00,EARN,43,94,BKG-005922
LTX-0003481,P03658,2025-04-15 09:00:00,EARN,49,143,BKG-010198
LTX-0003482,P03658,2025-07-01 09:00:00,EARN,48,191,BKG-009254
LTX-0003483,P03700,2024-12-29 09:00:00,EARN,35,35,BKG-000877
LTX-0003484,P00302,2025-06-11 09:00:00,EARN,69,69,BKG-000878
LTX-0003485,P00302,2025-08-28 09:00:00,EARN,72,141,BKG-002010
LTX-0003486,P03546,2025-01-15 09:00:00,EARN,71,71,BKG-000880
LTX-0003487,P03546,2025-04-21 09:00:00,EARN,39,110,BKG-002404
LTX-0003488,P03546,2025-06-10 09:00:00,EARN,42,152,BKG-004366
LTX-0003489,P03546,2025-06-10 18:00:00,REDEEM,-10,142,BKG-004366
LTX-0003490,P02067,2025-04-10 09:00:00,EARN,50,50,BKG-000881
LTX-0003491,P02067,2025-04-10 18:00:00,REDEEM,-20,30,BKG-000881
LTX-0003492,P02067,2025-06-30 09:00:00,EARN,64,94,BKG-006337
LTX-0003493,P02067,2025-07-31 09:00:00,EARN,56,150,BKG-001382
LTX-0003494,P02067,2025-09-08 09:00:00,EARN,56,206,BKG-012370
LTX-0003495,P02067,2025-10-15 09:00:00,EARN,48,254,BKG-001078
LTX-0003496,P02067,2025-10-15 18:00:00,REDEEM,-20,234,BKG-001078
LTX-0003497,P02067,2025-11-29 09:00:00,EARN,60,294,BKG-002077
LTX-0003498,P02067,2025-11-29 18:00:00,REDEEM,-30,264,BKG-002077
LTX-0003499,P00115,2025-01-17 09:00:00,EARN,62,62,BKG-007217
LTX-0003500,P00115,2025-12-13 09:00:00,EARN,10,72,BKG-000882
LTX-0003501,P02967,2025-05-20 09:00:00,EARN,36,36,BKG-000883
LTX-0003502,P02967,2025-05-24 09:00:00,EARN,22,58,BKG-006724
LTX-0003503,P02967,2025-06-04 09:00:00,EARN,35,93,BKG-004083
LTX-0003504,P01872,2025-01-18 09:00:00,EARN,32,32,BKG-000884
LTX-0003505,P01872,2025-06-14 09:00:00,EARN,46,78,BKG-002777
LTX-0003506,P01584,2025-06-07 09:00:00,EARN,26,26,BKG-000885
LTX-0003507,P01584,2025-07-12 09:00:00,EARN,80,106,BKG-001138
LTX-0003508,P01584,2025-08-02 09:00:00,EARN,44,150,BKG-002085
LTX-0003509,P01584,2025-09-20 09:00:00,EARN,72,222,BKG-007507
LTX-0003510,P01584,2025-10-21 09:00:00,EARN,55,277,BKG-002244
LTX-0003511,P01584,2025-12-05 09:00:00,EARN,37,314,BKG-008935
LTX-0003512,P01869,2025-01-25 09:00:00,EARN,66,66,BKG-005170
LTX-0003513,P01869,2025-01-25 18:00:00,REDEEM,-30,36,BKG-005170
LTX-0003514,P01869,2025-04-06 09:00:00,EARN,37,73,BKG-004681
LTX-0003515,P01869,2025-04-06 18:00:00,REDEEM,-30,43,BKG-004681
LTX-0003516,P01869,2025-05-09 09:00:00,EARN,47,90,BKG-000887
LTX-0003517,P01869,2025-05-22 09:00:00,EARN,55,145,BKG-007365
LTX-0003518,P01869,2025-05-22 18:00:00,REDEEM,-10,135,BKG-007365
LTX-0003519,P01869,2025-06-12 09:00:00,EARN,56,191,BKG-003932
LTX-0003520,P01869,2025-07-20 09:00:00,EARN,8,199,BKG-011620
LTX-0003521,P01869,2025-09-19 09:00:00,EARN,29,228,BKG-001605
LTX-0003522,P02029,2025-03-31 09:00:00,EARN,48,48,BKG-000890
LTX-0003523,P02029,2025-04-19 09:00:00,EARN,37,85,BKG-006323
LTX-0003524,P02029,2025-04-19 18:00:00,REDEEM,-30,55,BKG-006323
LTX-0003525,P02029,2025-11-19 09:00:00,EARN,54,109,BKG-010129
LTX-0003526,P02230,2025-02-21 09:00:00,EARN,58,58,BKG-002496
LTX-0003527,P02230,2025-02-24 09:00:00,EARN,24,82,BKG-000891
LTX-0003528,P02230,2025-10-16 09:00:00,EARN,8,90,BKG-008559
LTX-0003529,P00706,2025-05-16 09:00:00,EARN,48,48,BKG-002119
LTX-0003530,P00706,2025-06-08 09:00:00,EARN,72,120,BKG-000892
LTX-0003531,P00706,2025-08-24 09:00:00,EARN,8,128,BKG-007982
LTX-0003532,P00706,2025-11-09 09:00:00,EARN,51,179,BKG-005078
LTX-0003533,P02578,2025-04-10 09:00:00,EARN,53,53,BKG-005006
LTX-0003534,P02578,2025-05-21 09:00:00,EARN,23,76,BKG-001582
LTX-0003535,P02578,2025-06-22 09:00:00,EARN,32,108,BKG-010270
LTX-0003536,P02578,2025-09-25 09:00:00,EARN,10,118,BKG-000893
LTX-0003537,P02578,2025-10-22 09:00:00,EARN,15,133,BKG-011876
LTX-0003538,P02578,2025-12-18 09:00:00,EARN,26,159,BKG-001910
LTX-0003539,P02578,2025-12-18 18:00:00,REDEEM,-20,139,BKG-001910
LTX-0003540,P03917,2025-02-21 09:00:00,EARN,71,71,BKG-003513
LTX-0003541,P03917,2025-03-27 09:00:00,EARN,41,112,BKG-000894
LTX-0003542,P03917,2025-07-16 09:00:00,EARN,79,191,BKG-009720
LTX-0003543,P02467,2025-04-22 09:00:00,EARN,33,33,BKG-003154
LTX-0003544,P02467,2025-04-22 18:00:00,REDEEM,-10,23,BKG-003154
LTX-0003545,P02467,2025-07-04 09:00:00,EARN,28,51,BKG-001173
LTX-0003546,P02467,2025-07-04 09:00:00,EARN,51,102,BKG-005107
LTX-0003547,P02467,2025-07-04 18:00:00,REDEEM,-10,92,BKG-005107
LTX-0003548,P02467,2025-08-17 09:00:00,EARN,33,125,BKG-000895
LTX-0003549,P01567,2024-12-27 09:00:00,EARN,21,21,BKG-001687
LTX-0003550,P01567,2025-02-22 09:00:00,EARN,34,55,BKG-007417
LTX-0003551,P01567,2025-04-21 09:00:00,EARN,11,66,BKG-002079
LTX-0003552,P01567,2025-12-06 09:00:00,EARN,48,114,BKG-000896
LTX-0003553,P00286,2025-03-19 09:00:00,EARN,8,8,BKG-011774
LTX-0003554,P00286,2025-06-02 09:00:00,EARN,40,48,BKG-007368
LTX-0003555,P00286,2025-07-09 09:00:00,EARN,92,140,BKG-000897
LTX-0003556,P00286,2025-10-18 09:00:00,EARN,32,172,BKG-010445
LTX-0003557,P00286,2025-11-29 09:00:00,EARN,35,207,BKG-001109
LTX-0003558,P00286,2025-12-04 09:00:00,EARN,32,239,BKG-001590
LTX-0003559,P03378,2025-05-09 09:00:00,EARN,34,34,BKG-000899
LTX-0003560,P03378,2025-06-27 09:00:00,EARN,97,131,BKG-005212
LTX-0003561,P03344,2025-03-16 09:00:00,EARN,66,66,BKG-000900
LTX-0003562,P03344,2025-05-29 09:00:00,EARN,88,154,BKG-009979
LTX-0003563,P03344,2025-06-17 09:00:00,EARN,75,229,BKG-012460
LTX-0003564,P01975,2025-03-28 09:00:00,EARN,29,29,BKG-010751
LTX-0003565,P01975,2025-09-10 09:00:00,EARN,40,69,BKG-005127
LTX-0003566,P01975,2025-10-16 09:00:00,EARN,37,106,BKG-000902
LTX-0003567,P03320,2025-05-31 09:00:00,EARN,60,60,BKG-005449
LTX-0003568,P03320,2025-05-31 18:00:00,REDEEM,-20,40,BKG-005449
LTX-0003569,P03320,2025-06-07 09:00:00,EARN,64,104,BKG-008967
LTX-0003570,P03320,2025-06-27 09:00:00,EARN,33,137,BKG-003436
LTX-0003571,P03320,2025-11-11 09:00:00,EARN,39,176,BKG-000903
LTX-0003572,P03465,2025-04-15 09:00:00,EARN,75,75,BKG-006051
LTX-0003573,P03465,2025-04-15 18:00:00,REDEEM,-30,45,BKG-006051
LTX-0003574,P03465,2025-06-10 09:00:00,EARN,86,131,BKG-007557
LTX-0003575,P03465,2025-11-26 09:00:00,EARN,96,227,BKG-002893
LTX-0003576,P03465,2025-11-27 09:00:00,EARN,47,274,BKG-000904
LTX-0003577,P03465,2025-12-04 09:00:00,EARN,45,319,BKG-005355
LTX-0003578,P03465,2025-12-06 09:00:00,EARN,47,366,BKG-011747
LTX-0003579,P00944,2025-02-06 09:00:00,EARN,41,41,BKG-001270
LTX-0003580,P00944,2025-06-01 09:00:00,EARN,105,146,BKG-010549
LTX-0003581,P00944,2025-06-01 18:00:00,REDEEM,-10,136,BKG-010549
LTX-0003582,P00944,2025-12-06 09:00:00,EARN,74,210,BKG-005803
LTX-0003583,P00944,2025-12-17 09:00:00,EARN,50,260,BKG-000905
LTX-0003584,P01212,2025-03-21 09:00:00,EARN,19,19,BKG-000906
LTX-0003585,P01212,2025-07-17 09:00:00,EARN,78,97,BKG-010342
LTX-0003586,P01212,2025-12-16 09:00:00,EARN,99,196,BKG-002662
LTX-0003587,P00941,2025-04-20 09:00:00,EARN,58,58,BKG-006967
LTX-0003588,P00941,2025-05-20 09:00:00,EARN,31,89,BKG-008283
LTX-0003589,P00941,2025-05-21 09:00:00,EARN,53,142,BKG-000907
LTX-0003590,P00941,2025-05-24 09:00:00,EARN,22,164,BKG-001696
LTX-0003591,P00941,2025-06-25 09:00:00,EARN,70,234,BKG-012291
LTX-0003592,P00941,2025-07-15 09:00:00,EARN,89,323,BKG-009514
LTX-0003593,P00941,2025-10-24 09:00:00,EARN,42,365,BKG-003813
LTX-0003594,P00941,2025-12-07 09:00:00,EARN,28,393,BKG-004889
LTX-0003595,P03489,2025-01-13 09:00:00,EARN,32,32,BKG-000908
LTX-0003596,P03489,2025-06-15 09:00:00,EARN,45,77,BKG-003992
LTX-0003597,P03489,2025-07-02 09:00:00,EARN,21,98,BKG-007347
LTX-0003598,P03489,2025-07-06 09:00:00,EARN,19,117,BKG-003129
LTX-0003599,P03489,2025-07-18 09:00:00,EARN,65,182,BKG-004090
LTX-0003600,P03489,2025-11-11 09:00:00,EARN,54,236,BKG-010860
LTX-0003601,P03489,2025-12-02 09:00:00,EARN,51,287,BKG-005285
LTX-0003602,P02201,2025-06-25 09:00:00,EARN,35,35,BKG-000909
LTX-0003603,P02201,2025-07-05 09:00:00,EARN,100,135,BKG-002167
LTX-0003604,P02201,2025-09-01 09:00:00,EARN,24,159,BKG-009237
LTX-0003605,P02201,2025-11-15 09:00:00,EARN,19,178,BKG-002159
LTX-0003606,P02201,2025-11-26 09:00:00,EARN,54,232,BKG-007991
LTX-0003607,P02201,2025-12-07 09:00:00,EARN,61,293,BKG-006786
LTX-0003608,P03707,2025-02-12 09:00:00,EARN,8,8,BKG-007179
LTX-0003609,P03707,2025-03-30 09:00:00,EARN,36,44,BKG-003244
LTX-0003610,P03707,2025-09-17 09:00:00,EARN,12,56,BKG-005491
LTX-0003611,P03707,2025-10-29 09:00:00,EARN,20,76,BKG-000910
LTX-0003612,P01333,2025-01-24 09:00:00,EARN,18,18,BKG-007546
LTX-0003613,P01333,2025-06-01 09:00:00,EARN,65,83,BKG-012286
LTX-0003614,P01333,2025-12-13 09:00:00,EARN,46,129,BKG-000911
LTX-0003615,P02691,2025-03-10 09:00:00,EARN,69,69,BKG-008806
LTX-0003616,P02691,2025-04-05 09:00:00,EARN,38,107,BKG-008186
LTX-0003617,P02691,2025-06-09 09:00:00,EARN,20,127,BKG-000912
LTX-0003618,P02691,2025-06-09 18:00:00,REDEEM,-20,107,BKG-000912
LTX-0003619,P02691,2025-07-07 09:00:00,EARN,17,124,BKG-012080
LTX-0003620,P02691,2025-08-21 09:00:00,EARN,43,167,BKG-011953
LTX-0003621,P02691,2025-08-21 18:00:00,REDEEM,-30,137,BKG-011953
LTX-0003622,P02691,2025-11-09 09:00:00,EARN,48,185,BKG-008443
LTX-0003623,P03567,2025-02-08 09:00:00,EARN,55,55,BKG-002005
LTX-0003624,P03567,2025-03-12 09:00:00,EARN,16,71,BKG-009591
LTX-0003625,P03567,2025-03-12 18:00:00,REDEEM,-10,61,BKG-009591
LTX-0003626,P03567,2025-04-07 09:00:00,EARN,48,109,BKG-008527
LTX-0003627,P03567,2025-05-24 09:00:00,EARN,38,147,BKG-000913
LTX-0003628,P03567,2025-06-13 09:00:00,EARN,36,183,BKG-003310
LTX-0003629,P02156,2025-10-07 09:00:00,EARN,56,56,BKG-000914
LTX-0003630,P02156,2025-11-25 09:00:00,EARN,57,113,BKG-003972
LTX-0003631,P00327,2025-01-19 09:00:00,EARN,33,33,BKG-011365
LTX-0003632,P00327,2025-06-06 09:00:00,EARN,41,74,BKG-012259
LTX-0003633,P00327,2025-12-07 09:00:00,EARN,36,110,BKG-000916
LTX-0003634,P00327,2025-12-07 18:00:00,REDEEM,-30,80,BKG-000916
LTX-0003635,P03491,2025-04-18 09:00:00,EARN,6,6,BKG-004209
LTX-0003636,P03491,2025-05-07 09:00:00,EARN,8,14,BKG-000918
LTX-0003637,P03491,2025-07-12 09:00:00,EARN,39,53,BKG-009026
LTX-0003638,P03491,2025-08-15 09:00:00,EARN,49,102,BKG-003058
LTX-0003639,P03491,2025-09-14 09:00:00,EARN,34,136,BKG-008499
LTX-0003640,P01771,2025-02-23 09:00:00,EARN,28,28,BKG-000919
LTX-0003641,P01771,2025-02-23 18:00:00,REDEEM,-10,18,BKG-000919
LTX-0003642,P01771,2025-06-17 09:00:00,EARN,21,39,BKG-007599
LTX-0003643,P01771,2025-11-09 09:00:00,EARN,26,65,BKG-010833
LTX-0003644,P02899,2025-11-13 09:00:00,EARN,45,45,BKG-000920
LTX-0003645,P03079,2025-01-24 09:00:00,EARN,14,14,BKG-011415
LTX-0003646,P03079,2025-02-04 09:00:00,EARN,92,106,BKG-012348
LTX-0003647,P03079,2025-02-04 18:00:00,REDEEM,-30,76,BKG-012348
LTX-0003648,P03079,2025-02-20 09:00:00,EARN,38,114,BKG-001074
LTX-0003649,P03079,2025-06-27 09:00:00,EARN,50,164,BKG-002166
LTX-0003650,P03079,2025-12-05 09:00:00,EARN,40,204,BKG-000921
LTX-0003651,P00308,2025-01-07 09:00:00,EARN,27,27,BKG-004124
LTX-0003652,P00308,2025-11-14 09:00:00,EARN,43,70,BKG-003529
LTX-0003653,P00308,2025-11-14 18:00:00,REDEEM,-30,40,BKG-003529
LTX-0003654,P00308,2025-12-09 09:00:00,EARN,33,73,BKG-000922
LTX-0003655,P00362,2024-12-30 09:00:00,EARN,62,62,BKG-005270
LTX-0003656,P00362,2025-12-17 09:00:00,EARN,22,84,BKG-000923
LTX-0003657,P02840,2025-06-26 09:00:00,EARN,34,34,BKG-001684
LTX-0003658,P02840,2025-06-27 09:00:00,EARN,40,74,BKG-004974
LTX-0003659,P02840,2025-08-01 09:00:00,EARN,105,179,BKG-000924
LTX-0003660,P00076,2025-06-25 09:00:00,EARN,60,60,BKG-006327
LTX-0003661,P00076,2025-11-01 09:00:00,EARN,24,84,BKG-000925
LTX-0003662,P03448,2025-01-09 09:00:00,EARN,24,24,BKG-000926
LTX-0003663,P03448,2025-01-15 09:00:00,EARN,44,68,BKG-011036
LTX-0003664,P03448,2025-02-16 09:00:00,EARN,63,131,BKG-010263
LTX-0003665,P03448,2025-06-14 09:00:00,EARN,41,172,BKG-007054
LTX-0003666,P03448,2025-07-02 09:00:00,EARN,60,232,BKG-006236
LTX-0003667,P03448,2025-11-28 09:00:00,EARN,72,304,BKG-004308
LTX-0003668,P03448,2025-12-07 09:00:00,EARN,89,393,BKG-008196
LTX-0003669,P02504,2025-03-02 09:00:00,EARN,88,88,BKG-000927
LTX-0003670,P02504,2025-05-30 09:00:00,EARN,56,144,BKG-010644
LTX-0003671,P02504,2025-06-24 09:00:00,EARN,59,203,BKG-001945
LTX-0003672,P02504,2025-06-28 09:00:00,EARN,60,263,BKG-006860
LTX-0003673,P02504,2025-11-20 09:00:00,EARN,80,343,BKG-007433
LTX-0003674,P02504,2025-12-14 09:00:00,EARN,70,413,BKG-003740
LTX-0003675,P03382,2025-02-14 09:00:00,EARN,23,23,BKG-000929
LTX-0003676,P03382,2025-04-27 09:00:00,EARN,63,86,BKG-001931
LTX-0003677,P03382,2025-09-26 09:00:00,EARN,37,123,BKG-005754
LTX-0003678,P03222,2025-01-29 09:00:00,EARN,24,24,BKG-005540
LTX-0003679,P03222,2025-06-20 09:00:00,EARN,57,81,BKG-000930
LTX-0003680,P03222,2025-10-04 09:00:00,EARN,62,143,BKG-011773
LTX-0003681,P03989,2025-04-04 09:00:00,EARN,14,14,BKG-006701
LTX-0003682,P03989,2025-12-02 09:00:00,EARN,19,33,BKG-005459
LTX-0003683,P03989,2025-12-08 09:00:00,EARN,73,106,BKG-000931
LTX-0003684,P03404,2025-01-03 09:00:00,EARN,53,53,BKG-000933
LTX-0003685,P03404,2025-01-03 18:00:00,REDEEM,-20,33,BKG-000933
LTX-0003686,P03404,2025-05-03 09:00:00,EARN,16,49,BKG-002948
LTX-0003687,P03404,2025-10-16 09:00:00,EARN,48,97,BKG-003730
LTX-0003688,P03404,2025-11-07 09:00:00,EARN,73,170,BKG-004595
LTX-0003689,P00629,2025-05-31 09:00:00,EARN,44,44,BKG-000934
LTX-0003690,P00629,2025-10-11 09:00:00,EARN,77,121,BKG-006744
LTX-0003691,P00629,2025-10-11 18:00:00,REDEEM,-20,101,BKG-006744
LTX-0003692,P00629,2025-10-14 09:00:00,EARN,43,144,BKG-006988
LTX-0003693,P00629,2025-11-16 09:00:00,EARN,78,222,BKG-002570
LTX-0003694,P00162,2025-06-09 09:00:00,EARN,32,32,BKG-005994
LTX-0003695,P00162,2025-06-20 09:00:00,EARN,28,60,BKG-000935
LTX-0003696,P00162,2025-07-20 09:00:00,EARN,21,81,BKG-006794
LTX-0003697,P00162,2025-07-20 18:00:00,REDEEM,-10,71,BKG-006794
LTX-0003698,P00162,2025-11-17 09:00:00,EARN,48,119,BKG-009234
LTX-0003699,P00637,2024-12-10 09:00:00,EARN,39,39,BKG-008816
LTX-0003700,P00637,2024-12-31 09:00:00,EARN,42,81,BKG-002045
LTX-0003701,P00637,2025-03-10 09:00:00,EARN,16,97,BKG-004789
LTX-0003702,P00637,2025-07-06 09:00:00,EARN,76,173,BKG-000936
LTX-0003703,P00637,2025-08-13 09:00:00,EARN,19,192,BKG-002019
LTX-0003704,P03701,2025-07-06 09:00:00,EARN,11,11,BKG-000937
LTX-0003705,P03313,2024-12-24 09:00:00,EARN,66,66,BKG-011324
LTX-0003706,P03313,2025-02-04 09:00:00,EARN,25,91,BKG-008446
LTX-0003707,P03313,2025-04-16 09:00:00,EARN,60,151,BKG-011380
LTX-0003708,P03313,2025-12-09 09:00:00,EARN,32,183,BKG-000938
LTX-0003709,P01892,2025-01-23 09:00:00,EARN,42,42,BKG-004777
LTX-0003710,P01892,2025-05-04 09:00:00,EARN,34,76,BKG-009153
LTX-0003711,P01892,2025-06-19 09:00:00,EARN,39,115,BKG-012008
LTX-0003712,P01892,2025-06-20 09:00:00,EARN,100,215,BKG-011437
LTX-0003713,P01892,2025-07-05 09:00:00,EARN,24,239,BKG-000939
LTX-0003714,P01892,2025-11-01 09:00:00,EARN,22,261,BKG-005927
LTX-0003715,P01960,2025-05-22 09:00:00,EARN,43,43,BKG-002592
LTX-0003716,P01960,2025-05-22 18:00:00,REDEEM,-30,13,BKG-002592
LTX-0003717,P01960,2025-09-14 09:00:00,EARN,38,51,BKG-009692
LTX-0003718,P01960,2025-09-17 09:00:00,EARN,17,68,BKG-000940
LTX-0003719,P01960,2025-10-27 09:00:00,EARN,52,120,BKG-006731
LTX-0003720,P02590,2025-07-03 09:00:00,EARN,25,25,BKG-008213
LTX-0003721,P02590,2025-12-14 09:00:00,EARN,67,92,BKG-000941
LTX-0003722,P00949,2025-05-10 09:00:00,EARN,43,43,BKG-002397
LTX-0003723,P00949,2025-06-01 09:00:00,EARN,81,124,BKG-000942
LTX-0003724,P00949,2025-07-02 09:00:00,EARN,42,166,BKG-008248
LTX-0003725,P00949,2025-08-28 09:00:00,EARN,20,186,BKG-001168
LTX-0003726,P00949,2025-09-16 09:00:00,EARN,38,224,BKG-004256
LTX-0003727,P00949,2025-12-15 09:00:00,EARN,41,265,BKG-009439
LTX-0003728,P01197,2025-05-26 09:00:00,EARN,47,47,BKG-004912
LTX-0003729,P01197,2025-06-20 09:00:00,EARN,35,82,BKG-001127
LTX-0003730,P01197,2025-07-06 09:00:00,EARN,32,114,BKG-006730
LTX-0003731,P01197,2025-09-14 09:00:00,EARN,45,159,BKG-002885
LTX-0003732,P01197,2025-09-23 09:00:00,EARN,50,209,BKG-000943
LTX-0003733,P02719,2025-01-02 09:00:00,EARN,26,26,BKG-000945
LTX-0003734,P02719,2025-02-18 09:00:00,EARN,60,86,BKG-003388
LTX-0003735,P02719,2025-02-24 09:00:00,EARN,18,104,BKG-004469
LTX-0003736,P02719,2025-11-28 09:00:00,EARN,76,180,BKG-006808
LTX-0003737,P00388,2025-02-03 09:00:00,EARN,66,66,BKG-008219
LTX-0003738,P00388,2025-04-07 09:00:00,EARN,12,78,BKG-003249
LTX-0003739,P00388,2025-04-13 09:00:00,EARN,28,106,BKG-000946
LTX-0003740,P00388,2025-05-07 09:00:00,EARN,31,137,BKG-010789
LTX-0003741,P00388,2025-08-20 09:00:00,EARN,21,158,BKG-004065
LTX-0003742,P02391,2025-05-28 09:00:00,EARN,22,22,BKG-002771
LTX-0003743,P02391,2025-07-03 09:00:00,EARN,41,63,BKG-009212
LTX-0003744,P02391,2025-07-20 09:00:00,EARN,47,110,BKG-010440
LTX-0003745,P02391,2025-07-20 18:00:00,REDEEM,-10,100,BKG-010440
LTX-0003746,P02391,2025-08-07 09:00:00,EARN,57,157,BKG-000947
LTX-0003747,P02391,2025-09-09 09:00:00,EARN,22,179,BKG-002229
LTX-0003748,P01483,2025-03-08 09:00:00,EARN,22,22,BKG-002030
LTX-0003749,P01483,2025-05-09 09:00:00,EARN,12,34,BKG-011081
LTX-0003750,P01483,2025-05-13 09:00:00,EARN,65,99,BKG-000948
LTX-0003751,P01958,2025-05-20 09:00:00,EARN,50,50,BKG-009155
LTX-0003752,P01958,2025-06-28 09:00:00,EARN,45,95,BKG-000950
LTX-0003753,P01958,2025-09-21 09:00:00,EARN,59,154,BKG-007645
LTX-0003754,P01958,2025-09-26 09:00:00,EARN,26,180,BKG-007890
LTX-0003755,P03214,2025-03-23 09:00:00,EARN,39,39,BKG-000951
LTX-0003756,P03214,2025-06-04 09:00:00,EARN,91,130,BKG-011524
LTX-0003757,P03214,2025-07-10 09:00:00,EARN,23,153,BKG-001080
LTX-0003758,P03214,2025-11-13 09:00:00,EARN,48,201,BKG-008189
LTX-0003759,P03214,2025-12-09 09:00:00,EARN,36,237,BKG-007861
LTX-0003760,P00385,2025-01-27 09:00:00,EARN,71,71,BKG-000952
LTX-0003761,P00385,2025-07-07 09:00:00,EARN,22,93,BKG-003206
LTX-0003762,P00385,2025-07-08 09:00:00,EARN,67,160,BKG-005193
LTX-0003763,P01285,2025-10-11 09:00:00,EARN,25,25,BKG-002453
LTX-0003764,P01285,2025-11-24 09:00:00,EARN,57,82,BKG-000953
LTX-0003765,P02601,2025-03-01 09:00:00,EARN,29,29,BKG-008481
LTX-0003766,P02601,2025-05-11 09:00:00,EARN,96,125,BKG-008304
LTX-0003767,P02601,2025-05-17 09:00:00,EARN,47,172,BKG-000954
LTX-0003768,P02601,2025-05-21 09:00:00,EARN,37,209,BKG-011800
LTX-0003769,P02601,2025-06-06 09:00:00,EARN,35,244,BKG-001317
LTX-0003770,P02601,2025-06-06 18:00:00,REDEEM,-20,224,BKG-001317
LTX-0003771,P02601,2025-11-23 09:00:00,EARN,18,242,BKG-002217
LTX-0003772,P02601,2025-12-01 09:00:00,EARN,30,272,BKG-010972
LTX-0003773,P03619,2025-06-06 09:00:00,EARN,50,50,BKG-006505
LTX-0003774,P03619,2025-06-18 09:00:00,EARN,62,112,BKG-000955
LTX-0003775,P03619,2025-07-02 09:00:00,EARN,22,134,BKG-011242
LTX-0003776,P02569,2025-06-13 09:00:00,EARN,43,43,BKG-000956
LTX-0003777,P01370,2025-02-02 09:00:00,EARN,11,11,BKG-000958
LTX-0003778,P01370,2025-10-23 09:00:00,EARN,82,93,BKG-007564
LTX-0003779,P01370,2025-12-07 09:00:00,EARN,68,161,BKG-008732
LTX-0003780,P01468,2025-03-12 09:00:00,EARN,50,50,BKG-005633
LTX-0003781,P01468,2025-04-14 09:00:00,EARN,24,74,BKG-000959
LTX-0003782,P01468,2025-05-23 09:00:00,EARN,22,96,BKG-002914
LTX-0003783,P01468,2025-09-28 09:00:00,EARN,49,145,BKG-003133
LTX-0003784,P01468,2025-10-04 09:00:00,EARN,35,180,BKG-004991
LTX-0003785,P01468,2025-11-17 09:00:00,EARN,48,228,BKG-011516
LTX-0003786,P01468,2025-11-17 18:00:00,REDEEM,-10,218,BKG-011516
LTX-0003787,P01468,2025-12-20 09:00:00,EARN,54,272,BKG-007130
LTX-0003788,P00234,2025-01-17 09:00:00,EARN,36,36,BKG-001335
LTX-0003789,P00234,2025-01-24 09:00:00,EARN,57,93,BKG-000960
LTX-0003790,P00234,2025-06-18 09:00:00,EARN,27,120,BKG-010083
LTX-0003791,P00234,2025-08-10 09:00:00,EARN,65,185,BKG-009472
LTX-0003792,P01851,2025-08-30 09:00:00,EARN,29,29,BKG-000962
LTX-0003793,P03792,2025-07-17 09:00:00,EARN,54,54,BKG-000964
LTX-0003794,P02794,2025-01-25 09:00:00,EARN,32,32,BKG-000966
LTX-0003795,P02794,2025-02-01 09:00:00,EARN,20,52,BKG-010217
LTX-0003796,P02794,2025-05-14 09:00:00,EARN,25,77,BKG-003645
LTX-0003797,P02794,2025-05-21 09:00:00,EARN,7,84,BKG-006289
LTX-0003798,P02794,2025-05-24 09:00:00,EARN,71,155,BKG-010275
LTX-0003799,P02794,2025-05-29 09:00:00,EARN,30,185,BKG-010779
LTX-0003800,P02794,2025-06-01 09:00:00,EARN,22,207,BKG-001204
LTX-0003801,P02794,2025-06-01 18:00:00,REDEEM,-20,187,BKG-001204
LTX-0003802,P02794,2025-09-03 09:00:00,EARN,55,242,BKG-003738
LTX-0003803,P02794,2025-10-08 09:00:00,EARN,50,292,BKG-003665
LTX-0003804,P02794,2025-11-23 09:00:00,EARN,46,338,BKG-001745
LTX-0003805,P01061,2025-04-23 09:00:00,EARN,11,11,BKG-000967
LTX-0003806,P01061,2025-06-25 09:00:00,EARN,68,79,BKG-003532
LTX-0003807,P00185,2025-05-17 09:00:00,EARN,45,45,BKG-004981
LTX-0003808,P00185,2025-06-13 09:00:00,EARN,34,79,BKG-005322
LTX-0003809,P00185,2025-06-13 18:00:00,REDEEM,-10,69,BKG-005322
LTX-0003810,P00185,2025-06-21 09:00:00,EARN,25,94,BKG-003986
LTX-0003811,P00185,2025-06-21 18:00:00,REDEEM,-10,84,BKG-003986
LTX-0003812,P00185,2025-07-19 09:00:00,EARN,47,131,BKG-000968
LTX-0003813,P00185,2025-10-14 09:00:00,EARN,23,154,BKG-009870
LTX-0003814,P00185,2025-10-14 18:00:00,REDEEM,-10,144,BKG-009870
LTX-0003815,P02119,2025-11-30 09:00:00,EARN,89,89,BKG-000969
LTX-0003816,P02525,2025-06-15 09:00:00,EARN,70,70,BKG-000970
LTX-0003817,P00896,2025-10-13 09:00:00,EARN,38,38,BKG-004103
LTX-0003818,P00896,2025-10-20 09:00:00,EARN,22,60,BKG-000971
LTX-0003819,P02814,2025-05-29 09:00:00,EARN,33,33,BKG-000972
LTX-0003820,P03867,2025-06-19 09:00:00,EARN,75,75,BKG-000975
LTX-0003821,P02745,2025-02-08 09:00:00,EARN,30,30,BKG-002980
LTX-0003822,P02745,2025-06-08 09:00:00,EARN,55,85,BKG-010138
LTX-0003823,P02745,2025-07-15 09:00:00,EARN,72,157,BKG-000976
LTX-0003824,P03104,2025-08-03 09:00:00,EARN,27,27,BKG-009758
LTX-0003825,P03104,2025-12-10 09:00:00,EARN,43,70,BKG-000977
LTX-0003826,P03104,2025-12-16 09:00:00,EARN,31,101,BKG-005724
LTX-0003827,P01278,2025-04-13 09:00:00,EARN,33,33,BKG-001934
LTX-0003828,P01278,2025-04-13 18:00:00,REDEEM,-20,13,BKG-001934
LTX-0003829,P01278,2025-07-14 09:00:00,EARN,68,81,BKG-000978
LTX-0003830,P01278,2025-07-14 18:00:00,REDEEM,-20,61,BKG-000978
LTX-0003831,P01278,2025-07-21 09:00:00,EARN,47,108,BKG-010528
LTX-0003832,P01278,2025-09-26 09:00:00,EARN,38,146,BKG-008625
LTX-0003833,P01278,2025-09-28 09:00:00,EARN,41,187,BKG-003922
LTX-0003834,P01278,2025-09-28 18:00:00,REDEEM,-30,157,BKG-003922
LTX-0003835,P01278,2025-11-26 09:00:00,EARN,49,206,BKG-009547
LTX-0003836,P01341,2025-06-22 09:00:00,EARN,58,58,BKG-007582
LTX-0003837,P01341,2025-06-23 09:00:00,EARN,47,105,BKG-004163
LTX-0003838,P01341,2025-12-04 09:00:00,EARN,91,196,BKG-008415
LTX-0003839,P01341,2025-12-13 09:00:00,EARN,56,252,BKG-000979
LTX-0003840,P01341,2025-12-13 18:00:00,REDEEM,-10,242,BKG-000979
LTX-0003841,P03926,2025-03-14 09:00:00,EARN,35,35,BKG-010577
LTX-0003842,P03926,2025-05-10 09:00:00,EARN,78,113,BKG-009702
LTX-0003843,P03926,2025-06-09 09:00:00,EARN,29,142,BKG-008480
LTX-0003844,P03926,2025-06-11 09:00:00,EARN,78,220,BKG-000981
LTX-0003845,P03926,2025-12-12 09:00:00,EARN,18,238,BKG-001063
LTX-0003846,P02342,2025-07-28 09:00:00,EARN,20,20,BKG-000982
LTX-0003847,P02342,2025-10-21 09:00:00,EARN,67,87,BKG-011606
LTX-0003848,P02342,2025-12-03 09:00:00,EARN,56,143,BKG-003349
LTX-0003849,P00082,2025-05-01 09:00:00,EARN,25,25,BKG-000983
LTX-0003850,P00082,2025-05-01 18:00:00,REDEEM,-20,5,BKG-000983
LTX-0003851,P00082,2025-07-25 09:00:00,EARN,30,35,BKG-007579
LTX-0003852,P00082,2025-08-31 09:00:00,EARN,62,97,BKG-001262
LTX-0003853,P01609,2025-02-10 09:00:00,EARN,74,74,BKG-012036
LTX-0003854,P01609,2025-03-20 09:00:00,EARN,37,111,BKG-012136
LTX-0003855,P01609,2025-03-20 18:00:00,REDEEM,-10,101,BKG-012136
LTX-0003856,P01609,2025-06-08 09:00:00,EARN,88,189,BKG-008000
LTX-0003857,P01609,2025-06-08 18:00:00,REDEEM,-30,159,BKG-008000
LTX-0003858,P01609,2025-11-06 09:00:00,EARN,42,201,BKG-000984
LTX-0003859,P03509,2025-02-10 09:00:00,EARN,28,28,BKG-005714
LTX-0003860,P03509,2025-03-09 09:00:00,EARN,37,65,BKG-011936
LTX-0003861,P03509,2025-05-15 09:00:00,EARN,74,139,BKG-000985
LTX-0003862,P03509,2025-05-31 09:00:00,EARN,65,204,BKG-008582
LTX-0003863,P03509,2025-06-22 09:00:00,EARN,56,260,BKG-003093
LTX-0003864,P03509,2025-06-29 09:00:00,EARN,11,271,BKG-012355
LTX-0003865,P02722,2025-05-07 09:00:00,EARN,56,56,BKG-000987
LTX-0003866,P02722,2025-05-13 09:00:00,EARN,38,94,BKG-007699
LTX-0003867,P02722,2025-06-29 09:00:00,EARN,64,158,BKG-002402
LTX-0003868,P02722,2025-09-14 09:00:00,EARN,14,172,BKG-006774
LTX-0003869,P03496,2025-02-12 09:00:00,EARN,40,40,BKG-000988
LTX-0003870,P03496,2025-03-04 09:00:00,EARN,46,86,BKG-008874
LTX-0003871,P03496,2025-06-04 09:00:00,EARN,33,119,BKG-010422
LTX-0003872,P03496,2025-08-16 09:00:00,EARN,41,160,BKG-002817
LTX-0003873,P03496,2025-10-03 09:00:00,EARN,9,169,BKG-005970
LTX-0003874,P03496,2025-11-04 09:00:00,EARN,38,207,BKG-008740
LTX-0003875,P03496,2025-11-17 09:00:00,EARN,67,274,BKG-002243
LTX-0003876,P00052,2025-06-01 09:00:00,EARN,22,22,BKG-009742
LTX-0003877,P00052,2025-06-18 09:00:00,EARN,44,66,BKG-003086
LTX-0003878,P00052,2025-07-08 09:00:00,EARN,47,113,BKG-010873
LTX-0003879,P00052,2025-07-17 09:00:00,EARN,38,151,BKG-011477
LTX-0003880,P00052,2025-11-30 09:00:00,EARN,9,160,BKG-000989
LTX-0003881,P01028,2025-02-07 09:00:00,EARN,60,60,BKG-009409
LTX-0003882,P01028,2025-02-19 09:00:00,EARN,56,116,BKG-001675
LTX-0003883,P01028,2025-07-14 09:00:00,EARN,112,228,BKG-006130
LTX-0003884,P01028,2025-10-04 09:00:00,EARN,50,278,BKG-006721
LTX-0003885,P01028,2025-11-29 09:00:00,EARN,41,319,BKG-000990
LTX-0003886,P03588,2025-09-05 09:00:00,EARN,54,54,BKG-000991
LTX-0003887,P03588,2025-09-12 09:00:00,EARN,43,97,BKG-009596
LTX-0003888,P03588,2025-09-26 09:00:00,EARN,61,158,BKG-004380
LTX-0003889,P02319,2025-07-16 09:00:00,EARN,24,24,BKG-010707
LTX-0003890,P02319,2025-08-12 09:00:00,EARN,44,68,BKG-000993
LTX-0003891,P02319,2025-08-12 18:00:00,REDEEM,-20,48,BKG-000993
LTX-0003892,P02319,2025-12-09 09:00:00,EARN,11,59,BKG-007558
LTX-0003893,P03766,2025-01-30 09:00:00,EARN,54,54,BKG-005152
LTX-0003894,P03766,2025-02-10 09:00:00,EARN,27,81,BKG-005338
LTX-0003895,P03766,2025-02-10 18:00:00,REDEEM,-20,61,BKG-005338
LTX-0003896,P03766,2025-06-28 09:00:00,EARN,66,127,BKG-007939
LTX-0003897,P03766,2025-07-07 09:00:00,EARN,31,158,BKG-008383
LTX-0003898,P03766,2025-07-20 09:00:00,EARN,37,195,BKG-000995
LTX-0003899,P02740,2025-01-27 09:00:00,EARN,10,10,BKG-003564
LTX-0003900,P02740,2025-04-09 09:00:00,EARN,26,36,BKG-010011
LTX-0003901,P02740,2025-05-15 09:00:00,EARN,83,119,BKG-005610
LTX-0003902,P02740,2025-09-08 09:00:00,EARN,50,169,BKG-000997
LTX-0003903,P00198,2024-12-31 09:00:00,EARN,30,30,BKG-000998
LTX-0003904,P00198,2025-04-30 09:00:00,EARN,60,90,BKG-002246
LTX-0003905,P00198,2025-06-06 09:00:00,EARN,26,116,BKG-012144
LTX-0003906,P00198,2025-07-05 09:00:00,EARN,27,143,BKG-009598
LTX-0003907,P00198,2025-07-05 18:00:00,REDEEM,-30,113,BKG-009598
LTX-0003908,P00198,2025-07-18 09:00:00,EARN,31,144,BKG-008430
LTX-0003909,P02778,2025-03-24 09:00:00,EARN,56,56,BKG-000999
LTX-0003910,P02778,2025-10-13 09:00:00,EARN,59,115,BKG-001795
LTX-0003911,P02778,2025-10-13 18:00:00,REDEEM,-20,95,BKG-001795
LTX-0003912,P01616,2025-05-28 09:00:00,EARN,28,28,BKG-011643
LTX-0003913,P01616,2025-06-23 09:00:00,EARN,65,93,BKG-001002
LTX-0003914,P00237,2025-11-11 09:00:00,EARN,66,66,BKG-001003
LTX-0003915,P00237,2025-11-21 09:00:00,EARN,47,113,BKG-009809
LTX-0003916,P03714,2025-02-02 09:00:00,EARN,31,31,BKG-012320
LTX-0003917,P03714,2025-06-26 09:00:00,EARN,98,129,BKG-004098
LTX-0003918,P03714,2025-08-15 09:00:00,EARN,49,178,BKG-001004
LTX-0003919,P03714,2025-10-09 09:00:00,EARN,33,211,BKG-009204
LTX-0003920,P00664,2025-01-29 09:00:00,EARN,57,57,BKG-003075
LTX-0003921,P00664,2025-02-26 09:00:00,EARN,18,75,BKG-006771
LTX-0003922,P00664,2025-03-15 09:00:00,EARN,60,135,BKG-011713
LTX-0003923,P00664,2025-09-08 09:00:00,EARN,36,171,BKG-002999
LTX-0003924,P00664,2025-10-25 09:00:00,EARN,51,222,BKG-001005
LTX-0003925,P00664,2025-12-05 09:00:00,EARN,28,250,BKG-006300
LTX-0003926,P00664,2025-12-05 18:00:00,REDEEM,-30,220,BKG-006300
LTX-0003927,P02007,2025-02-24 09:00:00,EARN,29,29,BKG-001006
LTX-0003928,P02007,2025-05-28 09:00:00,EARN,68,97,BKG-001852
LTX-0003929,P02007,2025-06-11 09:00:00,EARN,59,156,BKG-011960
LTX-0003930,P02007,2025-07-25 09:00:00,EARN,55,211,BKG-004015
LTX-0003931,P03277,2025-09-19 09:00:00,EARN,36,36,BKG-007684
LTX-0003932,P03277,2025-11-25 09:00:00,EARN,10,46,BKG-001007
LTX-0003933,P02143,2025-01-24 09:00:00,EARN,73,73,BKG-005640
LTX-0003934,P02143,2025-01-24 18:00:00,REDEEM,-30,43,BKG-005640
LTX-0003935,P02143,2025-05-03 09:00:00,EARN,34,77,BKG-001009
LTX-0003936,P02143,2025-09-15 09:00:00,EARN,10,87,BKG-002827
LTX-0003937,P02047,2025-05-15 09:00:00,EARN,15,15,BKG-003470
LTX-0003938,P02047,2025-11-26 09:00:00,EARN,12,27,BKG-001010
LTX-0003939,P01954,2025-01-20 09:00:00,EARN,6,6,BKG-003999
LTX-0003940,P01954,2025-05-21 09:00:00,EARN,60,66,BKG-008369
LTX-0003941,P01954,2025-05-27 09:00:00,EARN,39,105,BKG-001834
LTX-0003942,P01954,2025-05-27 18:00:00,REDEEM,-30,75,BKG-001834
LTX-0003943,P01954,2025-11-13 09:00:00,EARN,48,123,BKG-002983
LTX-0003944,P01954,2025-11-18 09:00:00,EARN,65,188,BKG-007606
LTX-0003945,P01954,2025-11-24 09:00:00,EARN,13,201,BKG-001011
LTX-0003946,P01954,2025-11-24 18:00:00,REDEEM,-30,171,BKG-001011
LTX-0003947,P01016,2025-06-16 09:00:00,EARN,63,63,BKG-011256
LTX-0003948,P01016,2025-12-12 09:00:00,EARN,43,106,BKG-001012
LTX-0003949,P00862,2025-02-21 09:00:00,EARN,34,34,BKG-001013
LTX-0003950,P00862,2025-05-05 09:00:00,EARN,33,67,BKG-003341
LTX-0003951,P00862,2025-05-25 09:00:00,EARN,45,112,BKG-012012
LTX-0003952,P00862,2025-10-07 09:00:00,EARN,14,126,BKG-011833
LTX-0003953,P00628,2025-06-02 09:00:00,EARN,69,69,BKG-001015
LTX-0003954,P00628,2025-09-13 09:00:00,EARN,76,145,BKG-002408
LTX-0003955,P01273,2025-03-25 09:00:00,EARN,35,35,BKG-005008
LTX-0003956,P01273,2025-06-23 09:00:00,EARN,53,88,BKG-001016
LTX-0003957,P01273,2025-07-14 09:00:00,EARN,44,132,BKG-010653
LTX-0003958,P01273,2025-09-30 09:00:00,EARN,29,161,BKG-002719
LTX-0003959,P01273,2025-10-17 09:00:00,EARN,34,195,BKG-007754
LTX-0003960,P01273,2025-11-30 09:00:00,EARN,48,243,BKG-008008
LTX-0003961,P01273,2025-12-16 09:00:00,EARN,39,282,BKG-008797
LTX-0003962,P03583,2025-09-18 09:00:00,EARN,17,17,BKG-001017
LTX-0003963,P03583,2025-11-10 09:00:00,EARN,57,74,BKG-004934
LTX-0003964,P02681,2025-06-29 09:00:00,EARN,56,56,BKG-001445
LTX-0003965,P02681,2025-07-01 09:00:00,EARN,29,85,BKG-001018
LTX-0003966,P02681,2025-12-08 09:00:00,EARN,43,128,BKG-006277
LTX-0003967,P02681,2025-12-08 18:00:00,REDEEM,-10,118,BKG-006277
LTX-0003968,P03530,2025-05-23 09:00:00,EARN,56,56,BKG-001019
LTX-0003969,P03530,2025-07-05 09:00:00,EARN,31,87,BKG-009122
LTX-0003970,P03530,2025-08-04 09:00:00,EARN,45,132,BKG-004510
LTX-0003971,P03530,2025-10-19 09:00:00,EARN,34,166,BKG-008926
LTX-0003972,P00661,2025-11-16 09:00:00,EARN,41,41,BKG-005387
LTX-0003973,P00661,2025-11-16 18:00:00,REDEEM,-10,31,BKG-005387
LTX-0003974,P00661,2025-11-29 09:00:00,EARN,91,122,BKG-001020
LTX-0003975,P01391,2025-01-18 09:00:00,EARN,23,23,BKG-001022
LTX-0003976,P01391,2025-05-26 09:00:00,EARN,35,58,BKG-012510
LTX-0003977,P01391,2025-06-05 09:00:00,EARN,81,139,BKG-001928
LTX-0003978,P01391,2025-06-08 09:00:00,EARN,112,251,BKG-005050
LTX-0003979,P01391,2025-06-27 09:00:00,EARN,22,273,BKG-001891
LTX-0003980,P01391,2025-07-27 09:00:00,EARN,46,319,BKG-001994
LTX-0003981,P01421,2025-06-07 09:00:00,EARN,26,26,BKG-011997
LTX-0003982,P01421,2025-08-12 09:00:00,EARN,23,49,BKG-012394
LTX-0003983,P01421,2025-11-12 09:00:00,EARN,60,109,BKG-005809
LTX-0003984,P01421,2025-11-25 09:00:00,EARN,20,129,BKG-001023
LTX-0003985,P01158,2025-06-28 09:00:00,EARN,70,70,BKG-011820
LTX-0003986,P01158,2025-07-02 09:00:00,EARN,33,103,BKG-003824
LTX-0003987,P01158,2025-07-10 09:00:00,EARN,47,150,BKG-003412
LTX-0003988,P01158,2025-12-04 09:00:00,EARN,52,202,BKG-001024
LTX-0003989,P00043,2025-01-24 09:00:00,EARN,45,45,BKG-008542
LTX-0003990,P00043,2025-04-30 09:00:00,EARN,56,101,BKG-001025
LTX-0003991,P00043,2025-05-02 09:00:00,EARN,28,129,BKG-011232
LTX-0003992,P00043,2025-12-05 09:00:00,EARN,25,154,BKG-012327
LTX-0003993,P02066,2025-03-26 09:00:00,EARN,58,58,BKG-005468
LTX-0003994,P02066,2025-05-16 09:00:00,EARN,85,143,BKG-010787
LTX-0003995,P02066,2025-06-07 09:00:00,EARN,67,210,BKG-006060
LTX-0003996,P02066,2025-11-28 09:00:00,EARN,65,275,BKG-001026
LTX-0003997,P00480,2024-12-27 09:00:00,EARN,27,27,BKG-012331
LTX-0003998,P00480,2025-06-16 09:00:00,EARN,95,122,BKG-001621
LTX-0003999,P00480,2025-06-22 09:00:00,EARN,65,187,BKG-001027
LTX-0004000,P00480,2025-07-18 09:00:00,EARN,66,253,BKG-002339
LTX-0004001,P00418,2025-03-25 09:00:00,EARN,51,51,BKG-011869
LTX-0004002,P00418,2025-12-15 09:00:00,EARN,12,63,BKG-001028
LTX-0004003,P03209,2025-09-10 09:00:00,EARN,30,30,BKG-001029
LTX-0004004,P03209,2025-09-15 09:00:00,EARN,26,56,BKG-007255
LTX-0004005,P03520,2025-01-04 09:00:00,EARN,27,27,BKG-007882
LTX-0004006,P03520,2025-03-16 09:00:00,EARN,34,61,BKG-003613
LTX-0004007,P03520,2025-09-11 09:00:00,EARN,10,71,BKG-001031
LTX-0004008,P00633,2025-12-02 09:00:00,EARN,50,50,BKG-001360
LTX-0004009,P00633,2025-12-06 09:00:00,EARN,35,85,BKG-001032
LTX-0004010,P02948,2025-01-21 09:00:00,EARN,24,24,BKG-002143
LTX-0004011,P02948,2025-06-13 09:00:00,EARN,54,78,BKG-011043
LTX-0004012,P02948,2025-08-28 09:00:00,EARN,25,103,BKG-001033
LTX-0004013,P01035,2025-02-05 09:00:00,EARN,49,49,BKG-004733
LTX-0004014,P01035,2025-03-29 09:00:00,EARN,89,138,BKG-001034
LTX-0004015,P01035,2025-08-05 09:00:00,EARN,26,164,BKG-010119
LTX-0004016,P01035,2025-09-13 09:00:00,EARN,36,200,BKG-010899
LTX-0004017,P01035,2025-12-21 09:00:00,EARN,20,220,BKG-006909
LTX-0004018,P02587,2025-04-17 09:00:00,EARN,54,54,BKG-001035
LTX-0004019,P02587,2025-04-21 09:00:00,EARN,78,132,BKG-012350
LTX-0004020,P00813,2024-12-28 09:00:00,EARN,17,17,BKG-001036
LTX-0004021,P00813,2025-03-03 09:00:00,EARN,34,51,BKG-003562
LTX-0004022,P00813,2025-05-14 09:00:00,EARN,54,105,BKG-012485
LTX-0004023,P00813,2025-06-20 09:00:00,EARN,52,157,BKG-002117
LTX-0004024,P00813,2025-10-03 09:00:00,EARN,9,166,BKG-004130
LTX-0004025,P00813,2025-10-03 18:00:00,REDEEM,-30,136,BKG-004130
LTX-0004026,P02650,2025-07-05 09:00:00,EARN,11,11,BKG-001037
LTX-0004027,P02650,2025-09-23 09:00:00,EARN,44,55,BKG-006452
LTX-0004028,P02650,2025-11-15 09:00:00,EARN,28,83,BKG-004675
LTX-0004029,P01931,2025-02-06 09:00:00,EARN,32,32,BKG-011166
LTX-0004030,P01931,2025-02-06 18:00:00,REDEEM,-30,2,BKG-011166
LTX-0004031,P01931,2025-07-05 09:00:00,EARN,60,62,BKG-005621
LTX-0004032,P01931,2025-11-25 09:00:00,EARN,65,127,BKG-001038
LTX-0004033,P00749,2025-07-01 09:00:00,EARN,54,54,BKG-007176
LTX-0004034,P00749,2025-07-01 18:00:00,REDEEM,-10,44,BKG-007176
LTX-0004035,P00749,2025-07-04 09:00:00,EARN,44,88,BKG-001039
LTX-0004036,P01841,2025-04-17 09:00:00,EARN,10,10,BKG-001040
LTX-0004037,P01841,2025-07-23 09:00:00,EARN,60,70,BKG-005514
LTX-0004038,P01841,2025-11-16 09:00:00,EARN,38,108,BKG-011947
LTX-0004039,P01646,2025-03-23 09:00:00,EARN,53,53,BKG-001041
LTX-0004040,P01646,2025-05-03 09:00:00,EARN,10,63,BKG-007273
LTX-0004041,P01130,2025-02-14 09:00:00,EARN,8,8,BKG-009432
LTX-0004042,P01130,2025-04-27 09:00:00,EARN,38,46,BKG-001042
LTX-0004043,P01130,2025-04-27 18:00:00,REDEEM,-30,16,BKG-001042
LTX-0004044,P01130,2025-11-22 09:00:00,EARN,55,71,BKG-010647
LTX-0004045,P02006,2025-03-08 09:00:00,EARN,53,53,BKG-003346
LTX-0004046,P02006,2025-05-24 09:00:00,EARN,40,93,BKG-003957
LTX-0004047,P02006,2025-06-14 09:00:00,EARN,25,118,BKG-001044
LTX-0004048,P02006,2025-07-19 09:00:00,EARN,47,165,BKG-011982
LTX-0004049,P02690,2024-12-10 09:00:00,EARN,24,24,BKG-003425
LTX-0004050,P02690,2025-05-13 09:00:00,EARN,45,69,BKG-011804
LTX-0004051,P02690,2025-06-06 09:00:00,EARN,79,148,BKG-008635
LTX-0004052,P02690,2025-08-23 09:00:00,EARN,32,180,BKG-001047
LTX-0004053,P02690,2025-11-08 09:00:00,EARN,37,217,BKG-007178
LTX-0004054,P01945,2025-02-14 09:00:00,EARN,10,10,BKG-001048
LTX-0004055,P01945,2025-02-25 09:00:00,EARN,56,66,BKG-004159
LTX-0004056,P01945,2025-03-09 09:00:00,EARN,27,93,BKG-002434
LTX-0004057,P01945,2025-07-18 09:00:00,EARN,51,144,BKG-012339
LTX-0004058,P01945,2025-08-11 09:00:00,EARN,24,168,BKG-002518
LTX-0004059,P01945,2025-08-11 18:00:00,REDEEM,-10,158,BKG-002518
LTX-0004060,P01945,2025-12-16 09:00:00,EARN,9,167,BKG-012502
LTX-0004061,P01855,2025-05-23 09:00:00,EARN,65,65,BKG-008399
LTX-0004062,P01855,2025-06-29 09:00:00,EARN,51,116,BKG-011403
LTX-0004063,P01855,2025-08-16 09:00:00,EARN,24,140,BKG-001049
LTX-0004064,P01855,2025-11-27 09:00:00,EARN,18,158,BKG-010168
LTX-0004065,P02959,2025-04-12 09:00:00,EARN,30,30,BKG-001051
LTX-0004066,P02959,2025-04-19 09:00:00,EARN,63,93,BKG-003774
LTX-0004067,P02959,2025-07-15 09:00:00,EARN,39,132,BKG-012165
LTX-0004068,P02959,2025-09-15 09:00:00,EARN,6,138,BKG-003687
LTX-0004069,P02959,2025-09-28 09:00:00,EARN,45,183,BKG-003392
LTX-0004070,P01707,2025-04-24 09:00:00,EARN,16,16,BKG-001052
LTX-0004071,P01707,2025-06-01 09:00:00,EARN,67,83,BKG-011001
LTX-0004072,P01707,2025-06-26 09:00:00,EARN,39,122,BKG-005591
LTX-0004073,P01707,2025-10-03 09:00:00,EARN,64,186,BKG-007138
LTX-0004074,P01707,2025-11-03 09:00:00,EARN,19,205,BKG-009673
LTX-0004075,P01707,2025-12-19 09:00:00,EARN,50,255,BKG-005664
LTX-0004076,P01707,2025-12-19 18:00:00,REDEEM,-10,245,BKG-005664
LTX-0004077,P01125,2025-06-20 09:00:00,EARN,21,21,BKG-001053
LTX-0004078,P01125,2025-12-14 09:00:00,EARN,38,59,BKG-003030
LTX-0004079,P03541,2025-05-22 09:00:00,EARN,29,29,BKG-003063
LTX-0004080,P03541,2025-05-25 09:00:00,EARN,36,65,BKG-005257
LTX-0004081,P03541,2025-08-25 09:00:00,EARN,42,107,BKG-011582
LTX-0004082,P03541,2025-09-21 09:00:00,EARN,40,147,BKG-001054
LTX-0004083,P03541,2025-12-05 09:00:00,EARN,23,170,BKG-008281
LTX-0004084,P03011,2025-06-03 09:00:00,EARN,20,20,BKG-001055
LTX-0004085,P00248,2025-01-16 09:00:00,EARN,70,70,BKG-001056
LTX-0004086,P00248,2025-05-10 09:00:00,EARN,17,87,BKG-002511
LTX-0004087,P00248,2025-06-20 09:00:00,EARN,92,179,BKG-003820
LTX-0004088,P00924,2025-06-08 09:00:00,EARN,61,61,BKG-001967
LTX-0004089,P00924,2025-06-10 09:00:00,EARN,33,94,BKG-010936
LTX-0004090,P00924,2025-08-29 09:00:00,EARN,49,143,BKG-001057
LTX-0004091,P00902,2025-02-07 09:00:00,EARN,22,22,BKG-005366
LTX-0004092,P00902,2025-04-21 09:00:00,EARN,15,37,BKG-001058
LTX-0004093,P00902,2025-08-07 09:00:00,EARN,30,67,BKG-002537
LTX-0004094,P00902,2025-11-16 09:00:00,EARN,15,82,BKG-008048
LTX-0004095,P00902,2025-12-02 09:00:00,EARN,28,110,BKG-002201
LTX-0004096,P00556,2025-02-01 09:00:00,EARN,56,56,BKG-009125
LTX-0004097,P00556,2025-02-01 18:00:00,REDEEM,-20,36,BKG-009125
LTX-0004098,P00556,2025-07-15 09:00:00,EARN,8,44,BKG-001059
LTX-0004099,P00268,2025-01-18 09:00:00,EARN,24,24,BKG-003069
LTX-0004100,P00268,2025-01-27 09:00:00,EARN,8,32,BKG-003096
LTX-0004101,P00268,2025-06-02 09:00:00,EARN,29,61,BKG-002729
LTX-0004102,P00268,2025-06-06 09:00:00,EARN,87,148,BKG-001062
LTX-0004103,P00268,2025-09-15 09:00:00,EARN,29,177,BKG-011358
LTX-0004104,P00268,2025-10-20 09:00:00,EARN,34,211,BKG-005246
LTX-0004105,P01919,2025-03-04 09:00:00,EARN,40,40,BKG-001851
LTX-0004106,P01919,2025-06-03 09:00:00,EARN,40,80,BKG-011927
LTX-0004107,P01919,2025-06-29 09:00:00,EARN,31,111,BKG-006267
LTX-0004108,P01919,2025-07-03 09:00:00,EARN,28,139,BKG-003131
LTX-0004109,P01919,2025-09-04 09:00:00,EARN,23,162,BKG-001064
LTX-0004110,P03725,2025-08-28 09:00:00,EARN,50,50,BKG-001065
LTX-0004111,P03725,2025-10-26 09:00:00,EARN,66,116,BKG-006074
LTX-0004112,P03725,2025-11-17 09:00:00,EARN,40,156,BKG-010146
LTX-0004113,P00131,2025-02-01 09:00:00,EARN,27,27,BKG-010537
LTX-0004114,P00131,2025-06-13 09:00:00,EARN,44,71,BKG-001066
LTX-0004115,P00131,2025-07-20 09:00:00,EARN,70,141,BKG-012346
LTX-0004116,P00131,2025-08-29 09:00:00,EARN,21,162,BKG-007642
LTX-0004117,P00131,2025-09-09 09:00:00,EARN,25,187,BKG-001790
LTX-0004118,P00131,2025-11-27 09:00:00,EARN,56,243,BKG-011470
LTX-0004119,P00131,2025-12-19 09:00:00,EARN,51,294,BKG-010430
LTX-0004120,P03611,2025-03-12 09:00:00,EARN,67,67,BKG-008256
LTX-0004121,P03611,2025-04-17 09:00:00,EARN,55,122,BKG-006599
LTX-0004122,P03611,2025-07-08 09:00:00,EARN,31,153,BKG-001068
LTX-0004123,P03611,2025-08-02 09:00:00,EARN,63,216,BKG-006093
LTX-0004124,P03611,2025-09-24 09:00:00,EARN,89,305,BKG-009313
LTX-0004125,P03611,2025-12-05 09:00:00,EARN,84,389,BKG-012472
LTX-0004126,P02044,2024-12-21 09:00:00,EARN,46,46,BKG-006831
LTX-0004127,P02044,2024-12-21 18:00:00,REDEEM,-10,36,BKG-006831
LTX-0004128,P02044,2025-02-24 09:00:00,EARN,39,75,BKG-001069
LTX-0004129,P02044,2025-06-26 09:00:00,EARN,48,123,BKG-007822
LTX-0004130,P02044,2025-07-02 09:00:00,EARN,60,183,BKG-003624
LTX-0004131,P02044,2025-07-30 09:00:00,EARN,25,208,BKG-010076
LTX-0004132,P02044,2025-08-03 09:00:00,EARN,42,250,BKG-010565
LTX-0004133,P02081,2025-06-09 09:00:00,EARN,71,71,BKG-004786
LTX-0004134,P02081,2025-07-15 09:00:00,EARN,36,107,BKG-001070
LTX-0004135,P02081,2025-12-05 09:00:00,EARN,26,133,BKG-007988
LTX-0004136,P02581,2025-07-12 09:00:00,EARN,31,31,BKG-007007
LTX-0004137,P02581,2025-07-14 09:00:00,EARN,21,52,BKG-001071
LTX-0004138,P02581,2025-09-05 09:00:00,EARN,36,88,BKG-008036
LTX-0004139,P01517,2025-06-20 09:00:00,EARN,28,28,BKG-005967
LTX-0004140,P01517,2025-07-01 09:00:00,EARN,52,80,BKG-006646
LTX-0004141,P01517,2025-07-01 09:00:00,EARN,35,115,BKG-009610
LTX-0004142,P01517,2025-07-09 09:00:00,EARN,33,148,BKG-001072
LTX-0004143,P01517,2025-11-25 09:00:00,EARN,74,222,BKG-011274
LTX-0004144,P00578,2025-06-03 09:00:00,EARN,50,50,BKG-003495
LTX-0004145,P00578,2025-07-06 09:00:00,EARN,25,75,BKG-001073
LTX-0004146,P00578,2025-07-06 18:00:00,REDEEM,-10,65,BKG-001073
LTX-0004147,P00171,2025-07-04 09:00:00,EARN,83,83,BKG-001075
LTX-0004148,P00171,2025-07-25 09:00:00,EARN,37,120,BKG-003614
LTX-0004149,P00171,2025-07-25 18:00:00,REDEEM,-10,110,BKG-003614
LTX-0004150,P00171,2025-11-28 09:00:00,EARN,76,186,BKG-007959
LTX-0004151,P00564,2025-03-16 09:00:00,EARN,44,44,BKG-008114
LTX-0004152,P00564,2025-06-23 09:00:00,EARN,41,85,BKG-005298
LTX-0004153,P00564,2025-09-29 09:00:00,EARN,61,146,BKG-001076
LTX-0004154,P00564,2025-09-29 18:00:00,REDEEM,-30,116,BKG-001076
LTX-0004155,P00564,2025-11-22 09:00:00,EARN,39,155,BKG-011756
LTX-0004156,P00564,2025-12-06 09:00:00,EARN,46,201,BKG-001299
LTX-0004157,P01748,2025-10-17 09:00:00,EARN,36,36,BKG-001077
LTX-0004158,P02475,2025-05-30 09:00:00,EARN,17,17,BKG-001079
LTX-0004159,P02475,2025-07-01 09:00:00,EARN,20,37,BKG-001435
LTX-0004160,P03563,2025-01-07 09:00:00,EARN,31,31,BKG-004005
LTX-0004161,P03563,2025-01-07 18:00:00,REDEEM,-10,21,BKG-004005
LTX-0004162,P03563,2025-07-01 09:00:00,EARN,11,32,BKG-001972
LTX-0004163,P03563,2025-07-12 09:00:00,EARN,39,71,BKG-001081
LTX-0004164,P03563,2025-07-13 09:00:00,EARN,42,113,BKG-006284
LTX-0004165,P03563,2025-12-17 09:00:00,EARN,61,174,BKG-007044
LTX-0004166,P01506,2025-02-24 09:00:00,EARN,32,32,BKG-007169
LTX-0004167,P01506,2025-10-16 09:00:00,EARN,61,93,BKG-001082
LTX-0004168,P01506,2025-11-17 09:00:00,EARN,19,112,BKG-002937
LTX-0004169,P02709,2025-03-11 09:00:00,EARN,39,39,BKG-002565
LTX-0004170,P02709,2025-06-07 09:00:00,EARN,76,115,BKG-001087
LTX-0004171,P02709,2025-07-16 09:00:00,EARN,68,183,BKG-004310
LTX-0004172,P02050,2025-02-21 09:00:00,EARN,58,58,BKG-005421
LTX-0004173,P02050,2025-06-17 09:00:00,EARN,50,108,BKG-001088
LTX-0004174,P02050,2025-08-04 09:00:00,EARN,29,137,BKG-011935
LTX-0004175,P02050,2025-12-11 09:00:00,EARN,23,160,BKG-003195
LTX-0004176,P02762,2025-02-19 09:00:00,EARN,25,25,BKG-001089
LTX-0004177,P00658,2025-06-18 09:00:00,EARN,34,34,BKG-004743
LTX-0004178,P00658,2025-06-18 18:00:00,REDEEM,-20,14,BKG-004743
LTX-0004179,P00658,2025-07-18 09:00:00,EARN,6,20,BKG-007655
LTX-0004180,P00658,2025-12-19 09:00:00,EARN,64,84,BKG-001091
LTX-0004181,P03942,2025-03-22 09:00:00,EARN,27,27,BKG-002966
LTX-0004182,P03942,2025-06-01 09:00:00,EARN,28,55,BKG-001092
LTX-0004183,P03942,2025-10-14 09:00:00,EARN,8,63,BKG-008870
LTX-0004184,P00614,2025-06-06 09:00:00,EARN,87,87,BKG-001094
LTX-0004185,P00614,2025-09-25 09:00:00,EARN,65,152,BKG-012423
LTX-0004186,P00614,2025-11-22 09:00:00,EARN,64,216,BKG-002265
LTX-0004187,P02779,2025-04-13 09:00:00,EARN,31,31,BKG-011536
LTX-0004188,P02779,2025-04-18 09:00:00,EARN,52,83,BKG-001095
LTX-0004189,P02779,2025-04-18 18:00:00,REDEEM,-10,73,BKG-001095
LTX-0004190,P02779,2025-06-10 09:00:00,EARN,27,100,BKG-002093
LTX-0004191,P02779,2025-07-25 09:00:00,EARN,33,133,BKG-010501
LTX-0004192,P02779,2025-11-30 09:00:00,EARN,30,163,BKG-008294
LTX-0004193,P02389,2024-12-24 09:00:00,EARN,36,36,BKG-009066
LTX-0004194,P02389,2025-01-07 09:00:00,EARN,21,57,BKG-009829
LTX-0004195,P02389,2025-01-07 18:00:00,REDEEM,-10,47,BKG-009829
LTX-0004196,P02389,2025-05-06 09:00:00,EARN,47,94,BKG-001096
LTX-0004197,P02389,2025-05-16 09:00:00,EARN,33,127,BKG-007199
LTX-0004198,P02389,2025-06-09 09:00:00,EARN,32,159,BKG-009558
LTX-0004199,P02389,2025-07-06 09:00:00,EARN,37,196,BKG-003450
LTX-0004200,P02389,2025-09-23 09:00:00,EARN,33,229,BKG-002411
LTX-0004201,P01006,2025-03-18 09:00:00,EARN,56,56,BKG-006723
LTX-0004202,P01006,2025-05-19 09:00:00,EARN,51,107,BKG-003340
LTX-0004203,P01006,2025-05-19 18:00:00,REDEEM,-10,97,BKG-003340
LTX-0004204,P01006,2025-05-28 09:00:00,EARN,36,133,BKG-001099
LTX-0004205,P01006,2025-06-07 09:00:00,EARN,42,175,BKG-009385
LTX-0004206,P01006,2025-08-20 09:00:00,EARN,24,199,BKG-001906
LTX-0004207,P01006,2025-11-02 09:00:00,EARN,21,220,BKG-001882
LTX-0004208,P02092,2025-06-15 09:00:00,EARN,102,102,BKG-001902
LTX-0004209,P02092,2025-06-20 09:00:00,EARN,65,167,BKG-003162
LTX-0004210,P02092,2025-06-23 09:00:00,EARN,82,249,BKG-010204
LTX-0004211,P02092,2025-10-04 09:00:00,EARN,49,298,BKG-003013
LTX-0004212,P02092,2025-10-04 18:00:00,REDEEM,-30,268,BKG-003013
LTX-0004213,P02092,2025-11-24 09:00:00,EARN,105,373,BKG-001100
LTX-0004214,P02251,2025-02-23 09:00:00,EARN,46,46,BKG-012458
LTX-0004215,P02251,2025-05-02 09:00:00,EARN,38,84,BKG-001101
LTX-0004216,P02251,2025-05-05 09:00:00,EARN,47,131,BKG-003677
LTX-0004217,P02251,2025-06-16 09:00:00,EARN,101,232,BKG-010995
LTX-0004218,P02251,2025-07-20 09:00:00,EARN,84,316,BKG-002682
LTX-0004219,P03026,2025-04-15 09:00:00,EARN,57,57,BKG-001102
LTX-0004220,P03026,2025-08-01 09:00:00,EARN,51,108,BKG-011066
LTX-0004221,P02692,2025-02-22 09:00:00,EARN,58,58,BKG-005712
LTX-0004222,P02692,2025-05-24 09:00:00,EARN,32,90,BKG-001103
LTX-0004223,P02692,2025-05-24 18:00:00,REDEEM,-10,80,BKG-001103
LTX-0004224,P01684,2025-02-17 09:00:00,EARN,30,30,BKG-005776
LTX-0004225,P01684,2025-11-23 09:00:00,EARN,32,62,BKG-001104
LTX-0004226,P01782,2025-01-21 09:00:00,EARN,55,55,BKG-011974
LTX-0004227,P01782,2025-04-13 09:00:00,EARN,58,113,BKG-003877
LTX-0004228,P01782,2025-06-01 09:00:00,EARN,9,122,BKG-002694
LTX-0004229,P01782,2025-07-05 09:00:00,EARN,21,143,BKG-001105
LTX-0004230,P01782,2025-11-05 09:00:00,EARN,15,158,BKG-005057
LTX-0004231,P01782,2025-12-09 09:00:00,EARN,51,209,BKG-005359
LTX-0004232,P01782,2025-12-13 09:00:00,EARN,48,257,BKG-005163
LTX-0004233,P02376,2024-12-21 09:00:00,EARN,31,31,BKG-003134
LTX-0004234,P02376,2025-08-21 09:00:00,EARN,9,40,BKG-001106
LTX-0004235,P00145,2025-05-13 09:00:00,EARN,18,18,BKG-001107
LTX-0004236,P00145,2025-09-11 09:00:00,EARN,59,77,BKG-007643
LTX-0004237,P00145,2025-10-25 09:00:00,EARN,10,87,BKG-001137
LTX-0004238,P00145,2025-10-29 09:00:00,EARN,28,115,BKG-003980
LTX-0004239,P00145,2025-10-29 18:00:00,REDEEM,-20,95,BKG-003980
LTX-0004240,P02968,2025-06-07 09:00:00,EARN,59,59,BKG-001108
LTX-0004241,P02914,2025-01-26 09:00:00,EARN,10,10,BKG-001110
LTX-0004242,P02914,2025-05-10 09:00:00,EARN,20,30,BKG-007587
LTX-0004243,P02914,2025-07-08 09:00:00,EARN,44,74,BKG-004087
LTX-0004244,P02914,2025-09-14 09:00:00,EARN,16,90,BKG-005569
LTX-0004245,P02914,2025-11-08 09:00:00,EARN,18,108,BKG-006692
LTX-0004246,P01159,2025-02-13 09:00:00,EARN,16,16,BKG-004211
LTX-0004247,P01159,2025-08-01 09:00:00,EARN,32,48,BKG-012287
LTX-0004248,P01159,2025-08-24 09:00:00,EARN,53,101,BKG-008298
LTX-0004249,P01159,2025-10-29 09:00:00,EARN,30,131,BKG-009707
LTX-0004250,P01159,2025-12-10 09:00:00,EARN,25,156,BKG-001111
LTX-0004251,P03514,2024-12-28 09:00:00,EARN,54,54,BKG-001112
LTX-0004252,P03514,2025-12-01 09:00:00,EARN,33,87,BKG-006177
LTX-0004253,P03438,2025-04-27 09:00:00,EARN,6,6,BKG-001113
LTX-0004254,P02617,2025-01-28 09:00:00,EARN,44,44,BKG-008127
LTX-0004255,P02617,2025-08-13 09:00:00,EARN,28,72,BKG-001114
LTX-0004256,P02617,2025-10-30 09:00:00,EARN,67,139,BKG-005189
LTX-0004257,P02617,2025-11-26 09:00:00,EARN,43,182,BKG-011640
LTX-0004258,P02473,2025-03-15 09:00:00,EARN,50,50,BKG-007619
LTX-0004259,P02473,2025-06-26 09:00:00,EARN,83,133,BKG-001260
LTX-0004260,P02473,2025-11-15 09:00:00,EARN,8,141,BKG-002270
LTX-0004261,P02473,2025-11-25 09:00:00,EARN,39,180,BKG-002446
LTX-0004262,P02473,2025-12-04 09:00:00,EARN,40,220,BKG-001115
LTX-0004263,P03721,2024-12-19 09:00:00,EARN,18,18,BKG-007345
LTX-0004264,P03721,2025-05-10 09:00:00,EARN,78,96,BKG-011862
LTX-0004265,P03721,2025-05-31 09:00:00,EARN,33,129,BKG-001116
LTX-0004266,P03721,2025-06-30 09:00:00,EARN,20,149,BKG-004091
LTX-0004267,P03837,2025-05-31 09:00:00,EARN,21,21,BKG-006514
LTX-0004268,P03837,2025-08-06 09:00:00,EARN,45,66,BKG-001117
LTX-0004269,P03837,2025-09-01 09:00:00,EARN,28,94,BKG-002819
LTX-0004270,P03837,2025-11-23 09:00:00,EARN,65,159,BKG-010099
LTX-0004271,P03837,2025-11-23 18:00:00,REDEEM,-20,139,BKG-010099
LTX-0004272,P02417,2025-05-12 09:00:00,EARN,19,19,BKG-001119
LTX-0004273,P02417,2025-06-17 09:00:00,EARN,18,37,BKG-006054
LTX-0004274,P02338,2025-05-26 09:00:00,EARN,79,79,BKG-006308
LTX-0004275,P02338,2025-06-04 09:00:00,EARN,31,110,BKG-008077
LTX-0004276,P02338,2025-11-30 09:00:00,EARN,84,194,BKG-001120
LTX-0004277,P02332,2025-06-07 09:00:00,EARN,45,45,BKG-003050
LTX-0004278,P02332,2025-07-24 09:00:00,EARN,66,111,BKG-010378
LTX-0004279,P02332,2025-07-24 18:00:00,REDEEM,-10,101,BKG-010378
LTX-0004280,P02332,2025-12-11 09:00:00,EARN,23,124,BKG-001121
LTX-0004281,P01500,2025-05-25 09:00:00,EARN,54,54,BKG-001122
LTX-0004282,P01500,2025-06-17 09:00:00,EARN,64,118,BKG-011017
LTX-0004283,P01500,2025-06-18 09:00:00,EARN,70,188,BKG-003465
LTX-0004284,P01500,2025-06-28 09:00:00,EARN,74,262,BKG-004696
LTX-0004285,P01500,2025-07-02 09:00:00,EARN,44,306,BKG-002494
LTX-0004286,P00345,2025-02-20 09:00:00,EARN,71,71,BKG-001123
LTX-0004287,P00345,2025-07-11 09:00:00,EARN,45,116,BKG-007343
LTX-0004288,P00345,2025-10-06 09:00:00,EARN,43,159,BKG-012167
LTX-0004289,P03833,2024-12-18 09:00:00,EARN,47,47,BKG-001961
LTX-0004290,P03833,2025-03-06 09:00:00,EARN,45,92,BKG-010079
LTX-0004291,P03833,2025-06-01 09:00:00,EARN,60,152,BKG-001124
LTX-0004292,P03833,2025-06-03 09:00:00,EARN,74,226,BKG-005059
LTX-0004293,P03833,2025-06-10 09:00:00,EARN,82,308,BKG-001584
LTX-0004294,P03833,2025-09-07 09:00:00,EARN,42,350,BKG-003110
LTX-0004295,P03833,2025-10-01 09:00:00,EARN,48,398,BKG-001803
LTX-0004296,P02351,2025-03-24 09:00:00,EARN,33,33,BKG-001125
LTX-0004297,P02351,2025-05-20 09:00:00,EARN,57,90,BKG-006174
LTX-0004298,P02351,2025-10-22 09:00:00,EARN,51,141,BKG-007215
LTX-0004299,P02235,2025-05-19 09:00:00,EARN,42,42,BKG-006800
LTX-0004300,P02235,2025-07-01 09:00:00,EARN,59,101,BKG-001126
LTX-0004301,P02235,2025-07-26 09:00:00,EARN,16,117,BKG-012504
LTX-0004302,P02235,2025-09-28 09:00:00,EARN,26,143,BKG-002594
LTX-0004303,P02235,2025-10-20 09:00:00,EARN,25,168,BKG-001709
LTX-0004304,P03916,2025-04-27 09:00:00,EARN,47,47,BKG-011583
LTX-0004305,P03916,2025-05-31 09:00:00,EARN,32,79,BKG-008242
LTX-0004306,P03916,2025-08-02 09:00:00,EARN,61,140,BKG-002476
LTX-0004307,P03916,2025-09-09 09:00:00,EARN,57,197,BKG-001130
LTX-0004308,P03916,2025-11-14 09:00:00,EARN,27,224,BKG-012239
LTX-0004309,P03916,2025-12-13 09:00:00,EARN,71,295,BKG-005897
LTX-0004310,P02565,2025-01-10 09:00:00,EARN,27,27,BKG-003990
LTX-0004311,P02565,2025-05-05 09:00:00,EARN,81,108,BKG-001131
LTX-0004312,P02565,2025-06-06 09:00:00,EARN,58,166,BKG-008445
LTX-0004313,P02565,2025-06-08 09:00:00,EARN,34,200,BKG-007062
LTX-0004314,P02565,2025-09-22 09:00:00,EARN,65,265,BKG-002606
LTX-0004315,P01034,2025-04-22 09:00:00,EARN,50,50,BKG-005243
LTX-0004316,P01034,2025-05-22 09:00:00,EARN,60,110,BKG-007897
LTX-0004317,P01034,2025-10-27 09:00:00,EARN,40,150,BKG-001133
LTX-0004318,P01124,2025-06-05 09:00:00,EARN,54,54,BKG-006791
LTX-0004319,P01124,2025-06-06 09:00:00,EARN,37,91,BKG-001135
LTX-0004320,P01124,2025-09-24 09:00:00,EARN,58,149,BKG-008934
LTX-0004321,P01124,2025-11-19 09:00:00,EARN,48,197,BKG-006255
LTX-0004322,P01124,2025-12-17 09:00:00,EARN,76,273,BKG-006341
LTX-0004323,P03244,2025-06-11 09:00:00,EARN,60,60,BKG-009902
LTX-0004324,P03244,2025-11-29 09:00:00,EARN,66,126,BKG-001140
LTX-0004325,P03244,2025-11-29 18:00:00,REDEEM,-10,116,BKG-001140
LTX-0004326,P00567,2025-06-07 09:00:00,EARN,46,46,BKG-004178
LTX-0004327,P00567,2025-06-08 09:00:00,EARN,41,87,BKG-001142
LTX-0004328,P00567,2025-06-16 09:00:00,EARN,31,118,BKG-012273
LTX-0004329,P00567,2025-06-16 18:00:00,REDEEM,-20,98,BKG-012273
LTX-0004330,P00567,2025-06-27 09:00:00,EARN,48,146,BKG-007236
LTX-0004331,P02431,2024-12-31 09:00:00,EARN,36,36,BKG-002169
LTX-0004332,P02431,2025-11-14 09:00:00,EARN,69,105,BKG-001143
LTX-0004333,P00489,2025-01-09 09:00:00,EARN,41,41,BKG-001144
LTX-0004334,P00489,2025-02-02 09:00:00,EARN,17,58,BKG-011452
LTX-0004335,P01523,2025-04-15 09:00:00,EARN,37,37,BKG-004341
LTX-0004336,P01523,2025-06-22 09:00:00,EARN,15,52,BKG-008210
LTX-0004337,P01523,2025-12-05 09:00:00,EARN,39,91,BKG-001145
LTX-0004338,P01535,2025-02-18 09:00:00,EARN,46,46,BKG-011853
LTX-0004339,P01535,2025-03-12 09:00:00,EARN,47,93,BKG-005081
LTX-0004340,P01535,2025-05-13 09:00:00,EARN,36,129,BKG-011829
LTX-0004341,P01535,2025-05-13 18:00:00,REDEEM,-10,119,BKG-011829
LTX-0004342,P01535,2025-06-28 09:00:00,EARN,54,173,BKG-001245
LTX-0004343,P01535,2025-06-28 18:00:00,REDEEM,-20,153,BKG-001245
LTX-0004344,P01535,2025-08-16 09:00:00,EARN,36,189,BKG-010906
LTX-0004345,P01535,2025-08-16 18:00:00,REDEEM,-10,179,BKG-010906
LTX-0004346,P01535,2025-11-22 09:00:00,EARN,41,220,BKG-010105
LTX-0004347,P01535,2025-11-22 18:00:00,REDEEM,-10,210,BKG-010105
LTX-0004348,P01535,2025-12-03 09:00:00,EARN,41,251,BKG-001146
LTX-0004349,P01535,2025-12-03 18:00:00,REDEEM,-20,231,BKG-001146
LTX-0004350,P03374,2025-06-04 09:00:00,EARN,46,46,BKG-001494
LTX-0004351,P03374,2025-07-06 09:00:00,EARN,71,117,BKG-002959
LTX-0004352,P03374,2025-10-18 09:00:00,EARN,66,183,BKG-001148
LTX-0004353,P03695,2025-03-04 09:00:00,EARN,30,30,BKG-001149
LTX-0004354,P03695,2025-07-17 09:00:00,EARN,32,62,BKG-002712
LTX-0004355,P03695,2025-11-22 09:00:00,EARN,17,79,BKG-003285
LTX-0004356,P01445,2025-02-24 09:00:00,EARN,22,22,BKG-006224
LTX-0004357,P01445,2025-06-01 09:00:00,EARN,58,80,BKG-001732
LTX-0004358,P01445,2025-11-28 09:00:00,EARN,19,99,BKG-001359
LTX-0004359,P01445,2025-12-07 09:00:00,EARN,40,139,BKG-001150
LTX-0004360,P00398,2025-03-07 09:00:00,EARN,28,28,BKG-001151
LTX-0004361,P00398,2025-03-19 09:00:00,EARN,57,85,BKG-005941
LTX-0004362,P02731,2025-07-06 09:00:00,EARN,97,97,BKG-001152
LTX-0004363,P02731,2025-08-24 09:00:00,EARN,69,166,BKG-003019
LTX-0004364,P02731,2025-10-11 09:00:00,EARN,42,208,BKG-002612
LTX-0004365,P02586,2025-01-24 09:00:00,EARN,14,14,BKG-006954
LTX-0004366,P02586,2025-02-27 09:00:00,EARN,81,95,BKG-008719
LTX-0004367,P02586,2025-05-10 09:00:00,EARN,94,189,BKG-001153
LTX-0004368,P02586,2025-07-05 09:00:00,EARN,19,208,BKG-010498
LTX-0004369,P02586,2025-09-24 09:00:00,EARN,54,262,BKG-009058
LTX-0004370,P02586,2025-11-24 09:00:00,EARN,10,272,BKG-003816
LTX-0004371,P02586,2025-11-24 18:00:00,REDEEM,-30,242,BKG-003816
LTX-0004372,P02586,2025-12-18 09:00:00,EARN,47,289,BKG-012145
LTX-0004373,P02082,2025-03-20 09:00:00,EARN,32,32,BKG-001569
LTX-0004374,P02082,2025-08-04 09:00:00,EARN,55,87,BKG-012318
LTX-0004375,P02082,2025-11-11 09:00:00,EARN,28,115,BKG-001154
LTX-0004376,P02082,2025-11-11 18:00:00,REDEEM,-30,85,BKG-001154
LTX-0004377,P00250,2025-04-01 09:00:00,EARN,58,58,BKG-002602
LTX-0004378,P00250,2025-05-20 09:00:00,EARN,62,120,BKG-012118
LTX-0004379,P00250,2025-10-30 09:00:00,EARN,49,169,BKG-001155
LTX-0004380,P01725,2025-03-29 09:00:00,EARN,6,6,BKG-003838
LTX-0004381,P01725,2025-05-16 09:00:00,EARN,16,22,BKG-001156
LTX-0004382,P01725,2025-06-27 09:00:00,EARN,57,79,BKG-011886
LTX-0004383,P01725,2025-08-10 09:00:00,EARN,42,121,BKG-010795
LTX-0004384,P01725,2025-08-30 09:00:00,EARN,58,179,BKG-004983
LTX-0004385,P02411,2025-01-09 09:00:00,EARN,11,11,BKG-005242
LTX-0004386,P02411,2025-09-05 09:00:00,EARN,10,21,BKG-008567
LTX-0004387,P02411,2025-11-27 09:00:00,EARN,48,69,BKG-001157
LTX-0004388,P02411,2025-11-27 18:00:00,REDEEM,-20,49,BKG-001157
LTX-0004389,P03920,2025-04-21 09:00:00,EARN,76,76,BKG-011428
LTX-0004390,P03920,2025-04-24 09:00:00,EARN,47,123,BKG-008607
LTX-0004391,P03920,2025-05-19 09:00:00,EARN,23,146,BKG-001158
LTX-0004392,P03920,2025-10-13 09:00:00,EARN,32,178,BKG-006697
LTX-0004393,P03435,2025-04-04 09:00:00,EARN,20,20,BKG-011495
LTX-0004394,P03435,2025-08-26 09:00:00,EARN,37,57,BKG-004045
LTX-0004395,P03435,2025-10-09 09:00:00,EARN,14,71,BKG-002000
LTX-0004396,P03435,2025-10-10 09:00:00,EARN,25,96,BKG-001159
LTX-0004397,P02926,2025-01-17 09:00:00,EARN,20,20,BKG-001160
LTX-0004398,P02926,2025-07-22 09:00:00,EARN,38,58,BKG-012270
LTX-0004399,P02926,2025-09-10 09:00:00,EARN,41,99,BKG-008586
LTX-0004400,P02926,2025-09-19 09:00:00,EARN,36,135,BKG-002698
LTX-0004401,P02926,2025-09-27 09:00:00,EARN,70,205,BKG-005234
LTX-0004402,P03168,2025-02-02 09:00:00,EARN,34,34,BKG-001548
LTX-0004403,P03168,2025-03-07 09:00:00,EARN,33,67,BKG-012016
LTX-0004404,P03168,2025-04-22 09:00:00,EARN,53,120,BKG-001161
LTX-0004405,P03168,2025-07-29 09:00:00,EARN,34,154,BKG-008306
LTX-0004406,P03168,2025-11-12 09:00:00,EARN,62,216,BKG-003187
LTX-0004407,P01410,2025-06-10 09:00:00,EARN,91,91,BKG-001162
LTX-0004408,P01410,2025-07-09 09:00:00,EARN,37,128,BKG-010171
LTX-0004409,P01800,2024-12-21 09:00:00,EARN,36,36,BKG-002115
LTX-0004410,P01800,2025-06-22 09:00:00,EARN,92,128,BKG-007588
LTX-0004411,P01800,2025-06-22 18:00:00,REDEEM,-10,118,BKG-007588
LTX-0004412,P01800,2025-08-25 09:00:00,EARN,15,133,BKG-001163
LTX-0004413,P01800,2025-11-09 09:00:00,EARN,67,200,BKG-009917
LTX-0004414,P01696,2025-05-15 09:00:00,EARN,22,22,BKG-001164
LTX-0004415,P01696,2025-07-06 09:00:00,EARN,74,96,BKG-011889
LTX-0004416,P01696,2025-08-23 09:00:00,EARN,20,116,BKG-007868
LTX-0004417,P01696,2025-11-05 09:00:00,EARN,18,134,BKG-004457
LTX-0004418,P03519,2025-04-01 09:00:00,EARN,36,36,BKG-012501
LTX-0004419,P03519,2025-04-10 09:00:00,EARN,36,72,BKG-001165
LTX-0004420,P03519,2025-11-28 09:00:00,EARN,87,159,BKG-004326
LTX-0004421,P00934,2025-01-12 09:00:00,EARN,42,42,BKG-001166
LTX-0004422,P00934,2025-06-04 09:00:00,EARN,22,64,BKG-001444
LTX-0004423,P00934,2025-12-21 09:00:00,EARN,67,131,BKG-009567
LTX-0004424,P01405,2025-04-30 09:00:00,EARN,28,28,BKG-001167
LTX-0004425,P01405,2025-06-20 09:00:00,EARN,67,95,BKG-011600
LTX-0004426,P00815,2025-01-14 09:00:00,EARN,52,52,BKG-001169
LTX-0004427,P00815,2025-09-05 09:00:00,EARN,88,140,BKG-007737
LTX-0004428,P00815,2025-11-10 09:00:00,EARN,39,179,BKG-010969
LTX-0004429,P00452,2025-07-29 09:00:00,EARN,11,11,BKG-001170
LTX-0004430,P01844,2025-05-05 09:00:00,EARN,40,40,BKG-001171
LTX-0004431,P01844,2025-07-07 09:00:00,EARN,22,62,BKG-010023
LTX-0004432,P01844,2025-12-15 09:00:00,EARN,56,118,BKG-002447
LTX-0004433,P01844,2025-12-15 18:00:00,REDEEM,-30,88,BKG-002447
LTX-0004434,P02769,2025-04-05 09:00:00,EARN,74,74,BKG-001172
LTX-0004435,P02220,2024-12-13 09:00:00,EARN,54,54,BKG-006487
LTX-0004436,P02220,2025-05-27 09:00:00,EARN,58,112,BKG-001175
LTX-0004437,P02220,2025-05-27 18:00:00,REDEEM,-30,82,BKG-001175
LTX-0004438,P02220,2025-09-29 09:00:00,EARN,79,161,BKG-011109
LTX-0004439,P01705,2025-07-10 09:00:00,EARN,8,8,BKG-001176
LTX-0004440,P01705,2025-08-31 09:00:00,EARN,83,91,BKG-003384
LTX-0004441,P01668,2025-03-16 09:00:00,EARN,44,44,BKG-012441
LTX-0004442,P01668,2025-06-23 09:00:00,EARN,64,108,BKG-011669
LTX-0004443,P01668,2025-06-23 18:00:00,REDEEM,-30,78,BKG-011669
LTX-0004444,P01668,2025-07-02 09:00:00,EARN,23,101,BKG-001177
LTX-0004445,P01668,2025-08-20 09:00:00,EARN,74,175,BKG-006120
LTX-0004446,P01668,2025-09-09 09:00:00,EARN,76,251,BKG-012143
LTX-0004447,P01755,2025-08-15 09:00:00,EARN,62,62,BKG-001178
LTX-0004448,P02975,2025-05-26 09:00:00,EARN,20,20,BKG-008891
LTX-0004449,P02975,2025-06-10 09:00:00,EARN,68,88,BKG-001179
LTX-0004450,P02724,2025-06-24 09:00:00,EARN,74,74,BKG-001180
LTX-0004451,P02724,2025-07-14 09:00:00,EARN,48,122,BKG-003785
LTX-0004452,P00003,2025-01-22 09:00:00,EARN,38,38,BKG-001181
LTX-0004453,P00003,2025-03-19 09:00:00,EARN,60,98,BKG-003866
LTX-0004454,P02353,2025-02-11 09:00:00,EARN,18,18,BKG-001185
LTX-0004455,P02353,2025-10-28 09:00:00,EARN,53,71,BKG-001777
LTX-0004456,P00529,2025-01-09 09:00:00,EARN,24,24,BKG-007989
LTX-0004457,P00529,2025-06-07 09:00:00,EARN,86,110,BKG-001186
LTX-0004458,P00529,2025-06-17 09:00:00,EARN,37,147,BKG-006586
LTX-0004459,P03370,2025-01-18 09:00:00,EARN,22,22,BKG-001974
LTX-0004460,P03370,2025-05-21 09:00:00,EARN,79,101,BKG-009444
LTX-0004461,P03370,2025-06-05 09:00:00,EARN,103,204,BKG-006028
LTX-0004462,P03370,2025-06-24 09:00:00,EARN,44,248,BKG-001188
LTX-0004463,P02530,2025-05-21 09:00:00,EARN,28,28,BKG-001189
LTX-0004464,P01743,2025-05-13 09:00:00,EARN,55,55,BKG-008284
LTX-0004465,P01743,2025-06-05 09:00:00,EARN,12,67,BKG-008347
LTX-0004466,P01743,2025-06-07 09:00:00,EARN,43,110,BKG-003065
LTX-0004467,P01743,2025-06-28 09:00:00,EARN,91,201,BKG-009326
LTX-0004468,P01743,2025-07-03 09:00:00,EARN,54,255,BKG-004937
LTX-0004469,P01743,2025-08-09 09:00:00,EARN,38,293,BKG-006703
LTX-0004470,P01743,2025-11-29 09:00:00,EARN,44,337,BKG-001192
LTX-0004471,P00685,2025-02-06 09:00:00,EARN,44,44,BKG-010143
LTX-0004472,P00685,2025-02-06 18:00:00,REDEEM,-30,14,BKG-010143
LTX-0004473,P00685,2025-04-15 09:00:00,EARN,25,39,BKG-001194
LTX-0004474,P00685,2025-06-26 09:00:00,EARN,46,85,BKG-003103
LTX-0004475,P02259,2025-01-31 09:00:00,EARN,36,36,BKG-001195
LTX-0004476,P02259,2025-04-17 09:00:00,EARN,35,71,BKG-010701
LTX-0004477,P02259,2025-05-03 09:00:00,EARN,48,119,BKG-007773
LTX-0004478,P02259,2025-06-17 09:00:00,EARN,65,184,BKG-006770
LTX-0004479,P02259,2025-06-17 18:00:00,REDEEM,-30,154,BKG-006770
LTX-0004480,P02259,2025-11-09 09:00:00,EARN,20,174,BKG-007932
LTX-0004481,P02939,2025-05-17 09:00:00,EARN,36,36,BKG-006957
LTX-0004482,P02939,2025-05-24 09:00:00,EARN,41,77,BKG-008332
LTX-0004483,P02939,2025-05-24 09:00:00,EARN,38,115,BKG-008336
LTX-0004484,P02939,2025-06-17 09:00:00,EARN,8,123,BKG-012200
LTX-0004485,P02939,2025-06-27 09:00:00,EARN,47,170,BKG-009213
LTX-0004486,P02939,2025-07-04 09:00:00,EARN,22,192,BKG-008317
LTX-0004487,P02939,2025-07-04 18:00:00,REDEEM,-20,172,BKG-008317
LTX-0004488,P02939,2025-11-24 09:00:00,EARN,65,237,BKG-001196
LTX-0004489,P02939,2025-11-24 18:00:00,REDEEM,-20,217,BKG-001196
LTX-0004490,P02614,2025-02-18 09:00:00,EARN,11,11,BKG-002921
LTX-0004491,P02614,2025-04-18 09:00:00,EARN,41,52,BKG-006382
LTX-0004492,P02614,2025-05-13 09:00:00,EARN,45,97,BKG-010042
LTX-0004493,P02614,2025-06-02 09:00:00,EARN,22,119,BKG-006782
LTX-0004494,P02614,2025-06-05 09:00:00,EARN,61,180,BKG-001199
LTX-0004495,P02614,2025-06-05 18:00:00,REDEEM,-10,170,BKG-001199
LTX-0004496,P02614,2025-07-07 09:00:00,EARN,36,206,BKG-002813
LTX-0004497,P02614,2025-10-09 09:00:00,EARN,32,238,BKG-001485
LTX-0004498,P02184,2025-04-01 09:00:00,EARN,36,36,BKG-001200
LTX-0004499,P02184,2025-04-01 18:00:00,REDEEM,-20,16,BKG-001200
LTX-0004500,P02184,2025-05-13 09:00:00,EARN,6,22,BKG-002110
LTX-0004501,P02184,2025-06-07 09:00:00,EARN,61,83,BKG-007664
LTX-0004502,P02184,2025-07-04 09:00:00,EARN,56,139,BKG-009517
LTX-0004503,P02184,2025-11-23 09:00:00,EARN,38,177,BKG-010629
LTX-0004504,P02184,2025-12-13 09:00:00,EARN,44,221,BKG-005328
LTX-0004505,P02184,2025-12-20 09:00:00,EARN,73,294,BKG-001806
LTX-0004506,P02853,2025-02-24 09:00:00,EARN,34,34,BKG-006570
LTX-0004507,P02853,2025-09-27 09:00:00,EARN,78,112,BKG-011027
LTX-0004508,P02853,2025-10-06 09:00:00,EARN,70,182,BKG-002878
LTX-0004509,P02853,2025-10-18 09:00:00,EARN,76,258,BKG-011420
LTX-0004510,P02853,2025-10-31 09:00:00,EARN,27,285,BKG-001201
LTX-0004511,P02198,2024-12-22 09:00:00,EARN,50,50,BKG-009767
LTX-0004512,P02198,2025-05-21 09:00:00,EARN,32,82,BKG-007110
LTX-0004513,P02198,2025-06-17 09:00:00,EARN,26,108,BKG-006033
LTX-0004514,P02198,2025-11-24 09:00:00,EARN,37,145,BKG-001202
LTX-0004515,P02198,2025-12-04 09:00:00,EARN,40,185,BKG-011902
LTX-0004516,P01957,2025-05-01 09:00:00,EARN,80,80,BKG-004772
LTX-0004517,P01957,2025-05-01 18:00:00,REDEEM,-20,60,BKG-004772
LTX-0004518,P01957,2025-06-04 09:00:00,EARN,75,135,BKG-001205
LTX-0004519,P01957,2025-07-31 09:00:00,EARN,52,187,BKG-010658
LTX-0004520,P02886,2024-12-26 09:00:00,EARN,20,20,BKG-010261
LTX-0004521,P02886,2025-02-13 09:00:00,EARN,21,41,BKG-001925
LTX-0004522,P02886,2025-02-16 09:00:00,EARN,48,89,BKG-009037
LTX-0004523,P02886,2025-07-17 09:00:00,EARN,49,138,BKG-001206
LTX-0004524,P02906,2025-06-01 09:00:00,EARN,33,33,BKG-003104
LTX-0004525,P02906,2025-08-23 09:00:00,EARN,37,70,BKG-001207
LTX-0004526,P02906,2025-11-24 09:00:00,EARN,28,98,BKG-004385
LTX-0004527,P02741,2025-06-12 09:00:00,EARN,11,11,BKG-002822
LTX-0004528,P02741,2025-07-04 09:00:00,EARN,9,20,BKG-011793
LTX-0004529,P02741,2025-07-11 09:00:00,EARN,41,61,BKG-001209
LTX-0004530,P02741,2025-11-13 09:00:00,EARN,83,144,BKG-002050
LTX-0004531,P02535,2025-02-17 09:00:00,EARN,22,22,BKG-009741
LTX-0004532,P02535,2025-08-12 09:00:00,EARN,37,59,BKG-001885
LTX-0004533,P02535,2025-08-28 09:00:00,EARN,48,107,BKG-001210
LTX-0004534,P03844,2025-03-22 09:00:00,EARN,56,56,BKG-010442
LTX-0004535,P03844,2025-05-22 09:00:00,EARN,22,78,BKG-004939
LTX-0004536,P03844,2025-05-22 18:00:00,REDEEM,-30,48,BKG-004939
LTX-0004537,P03844,2025-09-06 09:00:00,EARN,50,98,BKG-008846
LTX-0004538,P03844,2025-10-08 09:00:00,EARN,30,128,BKG-001212
LTX-0004539,P03339,2025-05-27 09:00:00,EARN,29,29,BKG-005145
LTX-0004540,P03339,2025-10-12 09:00:00,EARN,27,56,BKG-002074
LTX-0004541,P03339,2025-12-08 09:00:00,EARN,37,93,BKG-001213
LTX-0004542,P02555,2025-06-29 09:00:00,EARN,68,68,BKG-001214
LTX-0004543,P02555,2025-08-02 09:00:00,EARN,47,115,BKG-005720
LTX-0004544,P02555,2025-08-22 09:00:00,EARN,36,151,BKG-007916
LTX-0004545,P02555,2025-08-22 18:00:00,REDEEM,-10,141,BKG-007916
LTX-0004546,P02555,2025-12-06 09:00:00,EARN,78,219,BKG-004493
LTX-0004547,P03761,2025-01-29 09:00:00,EARN,34,34,BKG-009295
LTX-0004548,P03761,2025-01-31 09:00:00,EARN,38,72,BKG-001215
LTX-0004549,P03761,2025-01-31 18:00:00,REDEEM,-30,42,BKG-001215
LTX-0004550,P03761,2025-02-03 09:00:00,EARN,25,67,BKG-010391
LTX-0004551,P03761,2025-04-01 09:00:00,EARN,30,97,BKG-008557
LTX-0004552,P03761,2025-04-01 18:00:00,REDEEM,-10,87,BKG-008557
LTX-0004553,P03566,2025-04-17 09:00:00,EARN,58,58,BKG-009054
LTX-0004554,P03566,2025-07-03 09:00:00,EARN,38,96,BKG-005038
LTX-0004555,P03566,2025-11-28 09:00:00,EARN,44,140,BKG-010598
LTX-0004556,P03566,2025-12-11 09:00:00,EARN,79,219,BKG-001216
LTX-0004557,P01453,2025-02-10 09:00:00,EARN,6,6,BKG-003679
LTX-0004558,P01453,2025-03-24 09:00:00,EARN,78,84,BKG-009619
LTX-0004559,P01453,2025-06-04 09:00:00,EARN,93,177,BKG-005733
LTX-0004560,P01453,2025-08-29 09:00:00,EARN,27,204,BKG-001217
LTX-0004561,P01453,2025-11-24 09:00:00,EARN,75,279,BKG-003676
LTX-0004562,P00509,2025-06-10 09:00:00,EARN,38,38,BKG-002549
LTX-0004563,P00509,2025-07-06 09:00:00,EARN,63,101,BKG-001218
LTX-0004564,P01086,2025-03-10 09:00:00,EARN,26,26,BKG-004762
LTX-0004565,P01086,2025-03-25 09:00:00,EARN,55,81,BKG-005793
LTX-0004566,P01086,2025-04-14 09:00:00,EARN,40,121,BKG-005398
LTX-0004567,P01086,2025-06-08 09:00:00,EARN,41,162,BKG-001219
LTX-0004568,P02885,2025-05-23 09:00:00,EARN,58,58,BKG-001220
LTX-0004569,P02885,2025-06-01 09:00:00,EARN,54,112,BKG-005481
LTX-0004570,P02885,2025-10-03 09:00:00,EARN,54,166,BKG-003578
LTX-0004571,P02885,2025-10-13 09:00:00,EARN,27,193,BKG-004668
LTX-0004572,P00939,2025-06-06 09:00:00,EARN,84,84,BKG-007745
LTX-0004573,P00939,2025-06-06 18:00:00,REDEEM,-20,64,BKG-007745
LTX-0004574,P00939,2025-06-10 09:00:00,EARN,26,90,BKG-010086
LTX-0004575,P00939,2025-08-10 09:00:00,EARN,73,163,BKG-004016
LTX-0004576,P00939,2025-08-16 09:00:00,EARN,71,234,BKG-001221
LTX-0004577,P00939,2025-08-22 09:00:00,EARN,70,304,BKG-002051
LTX-0004578,P00939,2025-10-31 09:00:00,EARN,16,320,BKG-012208
LTX-0004579,P00939,2025-11-04 09:00:00,EARN,33,353,BKG-006775
LTX-0004580,P00939,2025-11-25 09:00:00,EARN,43,396,BKG-005014
LTX-0004581,P03835,2024-12-18 09:00:00,EARN,41,41,BKG-003923
LTX-0004582,P03835,2024-12-18 18:00:00,REDEEM,-10,31,BKG-003923
LTX-0004583,P03835,2025-03-19 09:00:00,EARN,59,90,BKG-007618
LTX-0004584,P03835,2025-06-28 09:00:00,EARN,72,162,BKG-001222
LTX-0004585,P02841,2025-11-22 09:00:00,EARN,16,16,BKG-001223
LTX-0004586,P01472,2025-01-03 09:00:00,EARN,32,32,BKG-010919
LTX-0004587,P01472,2025-05-23 09:00:00,EARN,35,67,BKG-007984
LTX-0004588,P01472,2025-07-04 09:00:00,EARN,55,122,BKG-001227
LTX-0004589,P01472,2025-09-08 09:00:00,EARN,6,128,BKG-004770
LTX-0004590,P02803,2025-06-13 09:00:00,EARN,22,22,BKG-007298
LTX-0004591,P02803,2025-06-25 09:00:00,EARN,32,54,BKG-003376
LTX-0004592,P02803,2025-08-31 09:00:00,EARN,28,82,BKG-001228
LTX-0004593,P00707,2025-01-21 09:00:00,EARN,32,32,BKG-001229
LTX-0004594,P00707,2025-06-16 09:00:00,EARN,34,66,BKG-002307
LTX-0004595,P02777,2025-04-12 09:00:00,EARN,38,38,BKG-001230
LTX-0004596,P02777,2025-04-15 09:00:00,EARN,46,84,BKG-008240
LTX-0004597,P02777,2025-11-02 09:00:00,EARN,60,144,BKG-001309
LTX-0004598,P01310,2024-12-13 09:00:00,EARN,24,24,BKG-001231
LTX-0004599,P01310,2025-11-20 09:00:00,EARN,31,55,BKG-011837
LTX-0004600,P00776,2025-07-12 09:00:00,EARN,72,72,BKG-004431
LTX-0004601,P00776,2025-07-12 18:00:00,REDEEM,-20,52,BKG-004431
LTX-0004602,P00776,2025-07-21 09:00:00,EARN,53,105,BKG-005041
LTX-0004603,P00776,2025-12-04 09:00:00,EARN,38,143,BKG-001232
LTX-0004604,P01451,2025-03-12 09:00:00,EARN,53,53,BKG-005144
LTX-0004605,P01451,2025-11-30 09:00:00,EARN,30,83,BKG-001233
LTX-0004606,P01451,2025-12-12 09:00:00,EARN,43,126,BKG-003308
LTX-0004607,P03009,2025-02-22 09:00:00,EARN,31,31,BKG-009539
LTX-0004608,P03009,2025-06-20 09:00:00,EARN,62,93,BKG-010065
LTX-0004609,P03009,2025-06-22 09:00:00,EARN,33,126,BKG-001234
LTX-0004610,P03009,2025-12-10 09:00:00,EARN,41,167,BKG-003015
LTX-0004611,P00524,2025-01-04 09:00:00,EARN,24,24,BKG-001235
LTX-0004612,P00524,2025-02-09 09:00:00,EARN,47,71,BKG-012212
LTX-0004613,P00524,2025-02-25 09:00:00,EARN,13,84,BKG-004188
LTX-0004614,P00524,2025-08-03 09:00:00,EARN,52,136,BKG-006450
LTX-0004615,P00524,2025-11-24 09:00:00,EARN,22,158,BKG-012453
LTX-0004616,P02126,2025-02-06 09:00:00,EARN,56,56,BKG-001236
LTX-0004617,P02126,2025-07-17 09:00:00,EARN,72,128,BKG-007229
LTX-0004618,P02126,2025-07-17 18:00:00,REDEEM,-20,108,BKG-007229
LTX-0004619,P02126,2025-11-11 09:00:00,EARN,19,127,BKG-005462
LTX-0004620,P02126,2025-12-07 09:00:00,EARN,54,181,BKG-008268
LTX-0004621,P00164,2025-02-16 09:00:00,EARN,15,15,BKG-001237
LTX-0004622,P00164,2025-06-11 09:00:00,EARN,76,91,BKG-004231
LTX-0004623,P00164,2025-07-06 09:00:00,EARN,26,117,BKG-004501
LTX-0004624,P00164,2025-11-29 09:00:00,EARN,37,154,BKG-004007
LTX-0004625,P02450,2025-06-03 09:00:00,EARN,33,33,BKG-001238
LTX-0004626,P02450,2025-07-10 09:00:00,EARN,67,100,BKG-001529
LTX-0004627,P02450,2025-08-15 09:00:00,EARN,72,172,BKG-009807
LTX-0004628,P02450,2025-10-09 09:00:00,EARN,11,183,BKG-010859
LTX-0004629,P03394,2024-12-13 09:00:00,EARN,45,45,BKG-011475
LTX-0004630,P03394,2025-02-19 09:00:00,EARN,77,122,BKG-007015
LTX-0004631,P03394,2025-06-02 09:00:00,EARN,69,191,BKG-003446
LTX-0004632,P03394,2025-06-10 09:00:00,EARN,28,219,BKG-001240
LTX-0004633,P02506,2025-02-10 09:00:00,EARN,69,69,BKG-004932
LTX-0004634,P02506,2025-06-20 09:00:00,EARN,58,127,BKG-001241
LTX-0004635,P02506,2025-07-01 09:00:00,EARN,32,159,BKG-003002
LTX-0004636,P02506,2025-08-05 09:00:00,EARN,23,182,BKG-007214
LTX-0004637,P02506,2025-09-05 09:00:00,EARN,37,219,BKG-011554
LTX-0004638,P02506,2025-11-12 09:00:00,EARN,39,258,BKG-002112
LTX-0004639,P02506,2025-11-12 18:00:00,REDEEM,-30,228,BKG-002112
LTX-0004640,P00571,2025-04-07 09:00:00,EARN,20,20,BKG-002125
LTX-0004641,P00571,2025-06-15 09:00:00,EARN,41,61,BKG-001242
LTX-0004642,P00571,2025-06-15 18:00:00,REDEEM,-20,41,BKG-001242
LTX-0004643,P00571,2025-06-22 09:00:00,EARN,76,117,BKG-006695
LTX-0004644,P00571,2025-10-25 09:00:00,EARN,24,141,BKG-006947
LTX-0004645,P02673,2025-01-24 09:00:00,EARN,22,22,BKG-001243
LTX-0004646,P02673,2025-06-12 09:00:00,EARN,30,52,BKG-009500
LTX-0004647,P02673,2025-06-12 18:00:00,REDEEM,-30,22,BKG-009500
LTX-0004648,P02673,2025-11-10 09:00:00,EARN,52,74,BKG-011791
LTX-0004649,P00092,2025-02-13 09:00:00,EARN,49,49,BKG-011633
LTX-0004650,P00092,2025-06-04 09:00:00,EARN,38,87,BKG-012063
LTX-0004651,P00092,2025-12-06 09:00:00,EARN,7,94,BKG-001244
LTX-0004652,P00092,2025-12-19 09:00:00,EARN,47,141,BKG-008131
LTX-0004653,P02442,2025-05-31 09:00:00,EARN,34,34,BKG-001246
LTX-0004654,P02442,2025-07-06 09:00:00,EARN,44,78,BKG-004205
LTX-0004655,P02442,2025-12-01 09:00:00,EARN,59,137,BKG-004948
LTX-0004656,P02372,2024-12-31 09:00:00,EARN,35,35,BKG-010835
LTX-0004657,P02372,2025-07-20 09:00:00,EARN,7,42,BKG-009451
LTX-0004658,P02372,2025-12-10 09:00:00,EARN,36,78,BKG-001247
LTX-0004659,P01161,2025-03-10 09:00:00,EARN,18,18,BKG-004073
LTX-0004660,P01161,2025-05-02 09:00:00,EARN,66,84,BKG-001248
LTX-0004661,P02357,2024-12-22 09:00:00,EARN,24,24,BKG-002335
LTX-0004662,P02357,2025-05-14 09:00:00,EARN,33,57,BKG-007661
LTX-0004663,P02357,2025-12-11 09:00:00,EARN,92,149,BKG-001249
LTX-0004664,P02177,2025-04-12 09:00:00,EARN,24,24,BKG-003589
LTX-0004665,P02177,2025-06-09 09:00:00,EARN,70,94,BKG-001250
LTX-0004666,P01266,2025-01-05 09:00:00,EARN,14,14,BKG-012122
LTX-0004667,P01266,2025-05-17 09:00:00,EARN,44,58,BKG-001251
LTX-0004668,P01266,2025-05-21 09:00:00,EARN,52,110,BKG-007906
LTX-0004669,P01266,2025-11-13 09:00:00,EARN,44,154,BKG-009442
LTX-0004670,P00548,2025-06-15 09:00:00,EARN,83,83,BKG-001252
LTX-0004671,P02145,2025-04-27 09:00:00,EARN,10,10,BKG-004322
LTX-0004672,P02145,2025-06-07 09:00:00,EARN,84,94,BKG-002726
LTX-0004673,P02145,2025-07-04 09:00:00,EARN,50,144,BKG-001254
LTX-0004674,P00028,2025-11-08 09:00:00,EARN,67,67,BKG-001255
LTX-0004675,P00028,2025-12-02 09:00:00,EARN,59,126,BKG-007232
LTX-0004676,P03741,2025-05-15 09:00:00,EARN,19,19,BKG-011856
LTX-0004677,P03741,2025-06-09 09:00:00,EARN,12,31,BKG-001256
LTX-0004678,P03741,2025-07-04 09:00:00,EARN,36,67,BKG-003197
LTX-0004679,P03741,2025-12-19 09:00:00,EARN,19,86,BKG-006413
LTX-0004680,P03741,2025-12-19 18:00:00,REDEEM,-10,76,BKG-006413
LTX-0004681,P03903,2025-04-08 09:00:00,EARN,68,68,BKG-001258
LTX-0004682,P03903,2025-05-21 09:00:00,EARN,74,142,BKG-003521
LTX-0004683,P03903,2025-05-22 09:00:00,EARN,90,232,BKG-001784
LTX-0004684,P02216,2025-04-26 09:00:00,EARN,58,58,BKG-012067
LTX-0004685,P02216,2025-05-30 09:00:00,EARN,62,120,BKG-012245
LTX-0004686,P02216,2025-05-30 18:00:00,REDEEM,-20,100,BKG-012245
LTX-0004687,P02216,2025-06-06 09:00:00,EARN,40,140,BKG-001259
LTX-0004688,P02216,2025-11-28 09:00:00,EARN,67,207,BKG-004747
LTX-0004689,P00094,2025-03-09 09:00:00,EARN,60,60,BKG-001261
LTX-0004690,P00094,2025-04-13 09:00:00,EARN,31,91,BKG-007930
LTX-0004691,P00094,2025-04-13 18:00:00,REDEEM,-30,61,BKG-007930
LTX-0004692,P00094,2025-06-18 09:00:00,EARN,63,124,BKG-005906
LTX-0004693,P00094,2025-11-19 09:00:00,EARN,51,175,BKG-008147
LTX-0004694,P00094,2025-12-21 09:00:00,EARN,9,184,BKG-007571
LTX-0004695,P02962,2025-05-19 09:00:00,EARN,28,28,BKG-009587
LTX-0004696,P02962,2025-05-29 09:00:00,EARN,30,58,BKG-007654
LTX-0004697,P02962,2025-06-14 09:00:00,EARN,78,136,BKG-001263
LTX-0004698,P02962,2025-06-14 18:00:00,REDEEM,-20,116,BKG-001263
LTX-0004699,P03952,2025-02-08 09:00:00,EARN,28,28,BKG-005200
LTX-0004700,P03952,2025-06-22 09:00:00,EARN,64,92,BKG-009118
LTX-0004701,P03952,2025-12-18 09:00:00,EARN,71,163,BKG-001264
LTX-0004702,P03952,2025-12-20 09:00:00,EARN,49,212,BKG-004355
LTX-0004703,P02289,2025-08-17 09:00:00,EARN,19,19,BKG-006629
LTX-0004704,P02289,2025-11-19 09:00:00,EARN,56,75,BKG-001265
LTX-0004705,P02289,2025-12-10 09:00:00,EARN,78,153,BKG-011079
LTX-0004706,P00170,2025-01-05 09:00:00,EARN,59,59,BKG-001948
LTX-0004707,P00170,2025-10-08 09:00:00,EARN,41,100,BKG-004972
LTX-0004708,P00170,2025-10-11 09:00:00,EARN,36,136,BKG-002681
LTX-0004709,P00170,2025-10-11 18:00:00,REDEEM,-20,116,BKG-002681
LTX-0004710,P00170,2025-11-12 09:00:00,EARN,33,149,BKG-001266
LTX-0004711,P00170,2025-11-29 09:00:00,EARN,9,158,BKG-003524
LTX-0004712,P02383,2025-05-31 09:00:00,EARN,36,36,BKG-009475
LTX-0004713,P02383,2025-07-04 09:00:00,EARN,41,77,BKG-001267
LTX-0004714,P02383,2025-09-12 09:00:00,EARN,38,115,BKG-009186
LTX-0004715,P02383,2025-11-15 09:00:00,EARN,30,145,BKG-002798
LTX-0004716,P03817,2025-05-28 09:00:00,EARN,28,28,BKG-010914
LTX-0004717,P03817,2025-05-29 09:00:00,EARN,48,76,BKG-005846
LTX-0004718,P03817,2025-06-05 09:00:00,EARN,92,168,BKG-004348
LTX-0004719,P03817,2025-06-26 09:00:00,EARN,24,192,BKG-012347
LTX-0004720,P03817,2025-09-27 09:00:00,EARN,52,244,BKG-007337
LTX-0004721,P03817,2025-09-27 18:00:00,REDEEM,-10,234,BKG-007337
LTX-0004722,P03817,2025-10-19 09:00:00,EARN,30,264,BKG-001268
LTX-0004723,P00026,2025-02-06 09:00:00,EARN,26,26,BKG-001271
LTX-0004724,P00026,2025-05-24 09:00:00,EARN,27,53,BKG-010268
LTX-0004725,P00026,2025-05-24 18:00:00,REDEEM,-10,43,BKG-010268
LTX-0004726,P00026,2025-09-03 09:00:00,EARN,53,96,BKG-011400
LTX-0004727,P03818,2025-07-23 09:00:00,EARN,10,10,BKG-002951
LTX-0004728,P03818,2025-11-22 09:00:00,EARN,33,43,BKG-001272
LTX-0004729,P03818,2025-11-25 09:00:00,EARN,67,110,BKG-008169
LTX-0004730,P03992,2025-02-16 09:00:00,EARN,47,47,BKG-001273
LTX-0004731,P03992,2025-03-12 09:00:00,EARN,37,84,BKG-002737
LTX-0004732,P03992,2025-06-18 09:00:00,EARN,73,157,BKG-002041
LTX-0004733,P03992,2025-07-27 09:00:00,EARN,35,192,BKG-009506
LTX-0004734,P03992,2025-08-13 09:00:00,EARN,61,253,BKG-006412
LTX-0004735,P03992,2025-08-13 18:00:00,REDEEM,-20,233,BKG-006412
LTX-0004736,P03992,2025-08-31 09:00:00,EARN,64,297,BKG-008628
LTX-0004737,P01923,2025-03-25 09:00:00,EARN,10,10,BKG-001274
LTX-0004738,P01923,2025-06-11 09:00:00,EARN,65,75,BKG-011557
LTX-0004739,P00716,2025-06-10 09:00:00,EARN,11,11,BKG-001275
LTX-0004740,P00716,2025-10-06 09:00:00,EARN,9,20,BKG-009891
LTX-0004741,P00716,2025-11-20 09:00:00,EARN,55,75,BKG-006454
LTX-0004742,P00716,2025-11-24 09:00:00,EARN,35,110,BKG-011621
LTX-0004743,P00716,2025-12-09 09:00:00,EARN,59,169,BKG-002974
LTX-0004744,P00039,2025-01-28 09:00:00,EARN,71,71,BKG-008394
LTX-0004745,P00039,2025-01-28 18:00:00,REDEEM,-10,61,BKG-008394
LTX-0004746,P00039,2025-02-08 09:00:00,EARN,54,115,BKG-008640
LTX-0004747,P00039,2025-05-06 09:00:00,EARN,31,146,BKG-001277
LTX-0004748,P00039,2025-05-06 18:00:00,REDEEM,-30,116,BKG-001277
LTX-0004749,P02798,2025-06-24 09:00:00,EARN,29,29,BKG-012509
LTX-0004750,P02798,2025-06-27 09:00:00,EARN,59,88,BKG-001278
LTX-0004751,P02798,2025-07-06 09:00:00,EARN,58,146,BKG-010095
LTX-0004752,P02798,2025-11-27 09:00:00,EARN,45,191,BKG-011390
LTX-0004753,P02609,2025-02-20 09:00:00,EARN,38,38,BKG-001280
LTX-0004754,P02609,2025-05-27 09:00:00,EARN,46,84,BKG-003901
LTX-0004755,P02609,2025-05-27 18:00:00,REDEEM,-20,64,BKG-003901
LTX-0004756,P02609,2025-11-23 09:00:00,EARN,18,82,BKG-007357
LTX-0004757,P02870,2025-02-25 09:00:00,EARN,52,52,BKG-011406
LTX-0004758,P02870,2025-04-28 09:00:00,EARN,40,92,BKG-001700
LTX-0004759,P02870,2025-05-05 09:00:00,EARN,88,180,BKG-004602
LTX-0004760,P02870,2025-05-05 18:00:00,REDEEM,-10,170,BKG-004602
LTX-0004761,P02870,2025-05-09 09:00:00,EARN,43,213,BKG-002791
LTX-0004762,P02870,2025-06-26 09:00:00,EARN,39,252,BKG-005091
LTX-0004763,P02870,2025-10-27 09:00:00,EARN,10,262,BKG-011657
LTX-0004764,P02870,2025-11-20 09:00:00,EARN,58,320,BKG-001281
LTX-0004765,P00328,2025-06-22 09:00:00,EARN,53,53,BKG-011218
LTX-0004766,P00328,2025-06-22 18:00:00,REDEEM,-10,43,BKG-011218
LTX-0004767,P00328,2025-08-21 09:00:00,EARN,36,79,BKG-012176
LTX-0004768,P00328,2025-12-03 09:00:00,EARN,68,147,BKG-001282
LTX-0004769,P01976,2025-02-22 09:00:00,EARN,23,23,BKG-005157
LTX-0004770,P01976,2025-03-18 09:00:00,EARN,37,60,BKG-006363
LTX-0004771,P01976,2025-04-12 09:00:00,EARN,36,96,BKG-001283
LTX-0004772,P01976,2025-07-29 09:00:00,EARN,26,122,BKG-005105
LTX-0004773,P01976,2025-11-14 09:00:00,EARN,41,163,BKG-004604
LTX-0004774,P01976,2025-12-07 09:00:00,EARN,26,189,BKG-001753
LTX-0004775,P01324,2025-03-06 09:00:00,EARN,47,47,BKG-001285
LTX-0004776,P01324,2025-03-24 09:00:00,EARN,45,92,BKG-011588
LTX-0004777,P01324,2025-03-24 18:00:00,REDEEM,-20,72,BKG-011588
LTX-0004778,P01324,2025-04-17 09:00:00,EARN,27,99,BKG-008872
LTX-0004779,P01324,2025-08-02 09:00:00,EARN,37,136,BKG-011504
LTX-0004780,P02875,2025-04-05 09:00:00,EARN,24,24,BKG-005440
LTX-0004781,P02875,2025-05-26 09:00:00,EARN,54,78,BKG-012391
LTX-0004782,P02875,2025-06-21 09:00:00,EARN,39,117,BKG-001286
LTX-0004783,P02875,2025-06-21 18:00:00,REDEEM,-10,107,BKG-001286
LTX-0004784,P02875,2025-10-04 09:00:00,EARN,28,135,BKG-004913
LTX-0004785,P02875,2025-11-24 09:00:00,EARN,18,153,BKG-010854
LTX-0004786,P01491,2024-12-27 09:00:00,EARN,42,42,BKG-006272
LTX-0004787,P01491,2025-01-13 09:00:00,EARN,56,98,BKG-002203
LTX-0004788,P01491,2025-01-13 18:00:00,REDEEM,-30,68,BKG-002203
LTX-0004789,P01491,2025-06-07 09:00:00,EARN,72,140,BKG-012325
LTX-0004790,P01491,2025-06-07 18:00:00,REDEEM,-30,110,BKG-012325
LTX-0004791,P01491,2025-10-07 09:00:00,EARN,44,154,BKG-001287
LTX-0004792,P01491,2025-12-04 09:00:00,EARN,63,217,BKG-007073
LTX-0004793,P01491,2025-12-15 09:00:00,EARN,51,268,BKG-011467
LTX-0004794,P03201,2025-12-06 09:00:00,EARN,54,54,BKG-001288
LTX-0004795,P00882,2025-01-24 09:00:00,EARN,16,16,BKG-005628
LTX-0004796,P00882,2025-07-03 09:00:00,EARN,50,66,BKG-006415
LTX-0004797,P00882,2025-08-21 09:00:00,EARN,50,116,BKG-007096
LTX-0004798,P00882,2025-11-27 09:00:00,EARN,90,206,BKG-001289
LTX-0004799,P01555,2025-06-04 09:00:00,EARN,85,85,BKG-010297
LTX-0004800,P01555,2025-06-20 09:00:00,EARN,84,169,BKG-009250
LTX-0004801,P01555,2025-11-04 09:00:00,EARN,53,222,BKG-007659
LTX-0004802,P01555,2025-11-04 18:00:00,REDEEM,-30,192,BKG-007659
LTX-0004803,P01555,2025-11-24 09:00:00,EARN,24,216,BKG-010287
LTX-0004804,P01555,2025-12-04 09:00:00,EARN,38,254,BKG-001290
LTX-0004805,P02556,2025-06-03 09:00:00,EARN,59,59,BKG-006467
LTX-0004806,P02556,2025-06-17 09:00:00,EARN,41,100,BKG-002371
LTX-0004807,P02556,2025-06-28 09:00:00,EARN,22,122,BKG-001293
LTX-0004808,P02556,2025-06-28 18:00:00,REDEEM,-10,112,BKG-001293
LTX-0004809,P02556,2025-07-29 09:00:00,EARN,81,193,BKG-008449
LTX-0004810,P03359,2025-01-15 09:00:00,EARN,28,28,BKG-009501
LTX-0004811,P03359,2025-01-21 09:00:00,EARN,54,82,BKG-001294
LTX-0004812,P03359,2025-03-17 09:00:00,EARN,38,120,BKG-009752
LTX-0004813,P03359,2025-06-15 09:00:00,EARN,75,195,BKG-012471
LTX-0004814,P03359,2025-08-18 09:00:00,EARN,20,215,BKG-003837
LTX-0004815,P03359,2025-09-21 09:00:00,EARN,36,251,BKG-007266
LTX-0004816,P00065,2025-01-09 09:00:00,EARN,42,42,BKG-004349
LTX-0004817,P00065,2025-06-20 09:00:00,EARN,44,86,BKG-006542
LTX-0004818,P00065,2025-07-21 09:00:00,EARN,64,150,BKG-004982
LTX-0004819,P00065,2025-09-07 09:00:00,EARN,53,203,BKG-005852
LTX-0004820,P00065,2025-10-19 09:00:00,EARN,69,272,BKG-001296
LTX-0004821,P00065,2025-11-09 09:00:00,EARN,12,284,BKG-006684
LTX-0004822,P01613,2025-01-15 09:00:00,EARN,62,62,BKG-009817
LTX-0004823,P01613,2025-06-03 09:00:00,EARN,35,97,BKG-001297
LTX-0004824,P01613,2025-07-16 09:00:00,EARN,68,165,BKG-006250
LTX-0004825,P02970,2024-12-24 09:00:00,EARN,15,15,BKG-011316
LTX-0004826,P02970,2025-06-04 09:00:00,EARN,35,50,BKG-005643
LTX-0004827,P02970,2025-08-06 09:00:00,EARN,62,112,BKG-001738
LTX-0004828,P02970,2025-09-27 09:00:00,EARN,26,138,BKG-001300
LTX-0004829,P00959,2025-05-02 09:00:00,EARN,30,30,BKG-003904
LTX-0004830,P00959,2025-10-02 09:00:00,EARN,46,76,BKG-001301
LTX-0004831,P00959,2025-11-29 09:00:00,EARN,8,84,BKG-002556
LTX-0004832,P03749,2025-05-29 09:00:00,EARN,83,83,BKG-001540
LTX-0004833,P03749,2025-06-14 09:00:00,EARN,52,135,BKG-012089
LTX-0004834,P03749,2025-06-18 09:00:00,EARN,47,182,BKG-003415
LTX-0004835,P03749,2025-10-29 09:00:00,EARN,25,207,BKG-001302
LTX-0004836,P00620,2025-06-16 09:00:00,EARN,51,51,BKG-008101
LTX-0004837,P00620,2025-06-25 09:00:00,EARN,68,119,BKG-010390
LTX-0004838,P00620,2025-07-02 09:00:00,EARN,45,164,BKG-001303
LTX-0004839,P00620,2025-07-02 18:00:00,REDEEM,-30,134,BKG-001303
LTX-0004840,P00620,2025-07-04 09:00:00,EARN,84,218,BKG-008351
LTX-0004841,P00620,2025-08-29 09:00:00,EARN,53,271,BKG-008563
LTX-0004842,P00620,2025-08-29 18:00:00,REDEEM,-30,241,BKG-008563
LTX-0004843,P00620,2025-11-12 09:00:00,EARN,105,346,BKG-006627
LTX-0004844,P00620,2025-12-01 09:00:00,EARN,60,406,BKG-007601
LTX-0004845,P00821,2025-01-09 09:00:00,EARN,70,70,BKG-006186
LTX-0004846,P00821,2025-01-16 09:00:00,EARN,68,138,BKG-001304
LTX-0004847,P01918,2025-06-12 09:00:00,EARN,65,65,BKG-009814
LTX-0004848,P01918,2025-06-23 09:00:00,EARN,62,127,BKG-001434
LTX-0004849,P01918,2025-08-15 09:00:00,EARN,23,150,BKG-001306
LTX-0004850,P01918,2025-09-19 09:00:00,EARN,28,178,BKG-003011
LTX-0004851,P02584,2025-01-10 09:00:00,EARN,31,31,BKG-010004
LTX-0004852,P02584,2025-06-02 09:00:00,EARN,50,81,BKG-010190
LTX-0004853,P02584,2025-06-16 09:00:00,EARN,55,136,BKG-006561
LTX-0004854,P02584,2025-11-26 09:00:00,EARN,45,181,BKG-002690
LTX-0004855,P02584,2025-11-26 09:00:00,EARN,10,191,BKG-007810
LTX-0004856,P02584,2025-12-12 09:00:00,EARN,38,229,BKG-001307
LTX-0004857,P02584,2025-12-12 18:00:00,REDEEM,-20,209,BKG-001307
LTX-0004858,P02001,2025-03-19 09:00:00,EARN,74,74,BKG-001308
LTX-0004859,P02001,2025-12-01 09:00:00,EARN,27,101,BKG-009486
LTX-0004860,P02001,2025-12-01 09:00:00,EARN,24,125,BKG-012211
LTX-0004861,P03535,2025-06-27 09:00:00,EARN,46,46,BKG-001310
LTX-0004862,P03535,2025-12-06 09:00:00,EARN,50,96,BKG-003561
LTX-0004863,P01055,2025-01-14 09:00:00,EARN,42,42,BKG-001311
LTX-0004864,P01055,2025-04-08 09:00:00,EARN,38,80,BKG-005509
LTX-0004865,P01055,2025-06-18 09:00:00,EARN,43,123,BKG-009953
LTX-0004866,P01055,2025-07-01 09:00:00,EARN,21,144,BKG-009342
LTX-0004867,P02993,2025-02-21 09:00:00,EARN,42,42,BKG-006206
LTX-0004868,P02993,2025-03-03 09:00:00,EARN,40,82,BKG-012192
LTX-0004869,P02993,2025-05-27 09:00:00,EARN,59,141,BKG-011702
LTX-0004870,P02993,2025-05-27 18:00:00,REDEEM,-10,131,BKG-011702
LTX-0004871,P02993,2025-06-03 09:00:00,EARN,13,144,BKG-001313
LTX-0004872,P02993,2025-07-17 09:00:00,EARN,84,228,BKG-005399
LTX-0004873,P02993,2025-07-17 18:00:00,REDEEM,-30,198,BKG-005399
LTX-0004874,P02993,2025-07-27 09:00:00,EARN,38,236,BKG-011914
LTX-0004875,P02993,2025-10-29 09:00:00,EARN,16,252,BKG-011647
LTX-0004876,P02993,2025-11-05 09:00:00,EARN,57,309,BKG-009311
LTX-0004877,P02554,2024-12-24 09:00:00,EARN,21,21,BKG-003751
LTX-0004878,P02554,2025-03-20 09:00:00,EARN,31,52,BKG-005981
LTX-0004879,P02554,2025-11-02 09:00:00,EARN,33,85,BKG-002563
LTX-0004880,P02554,2025-11-13 09:00:00,EARN,53,138,BKG-001314
LTX-0004881,P02997,2025-03-03 09:00:00,EARN,20,20,BKG-009572
LTX-0004882,P02997,2025-11-09 09:00:00,EARN,45,65,BKG-001315
LTX-0004883,P01110,2025-04-07 09:00:00,EARN,43,43,BKG-001316
LTX-0004884,P01334,2025-06-13 09:00:00,EARN,76,76,BKG-001318
LTX-0004885,P01334,2025-06-15 09:00:00,EARN,11,87,BKG-007057
LTX-0004886,P01023,2025-05-21 09:00:00,EARN,12,12,BKG-012071
LTX-0004887,P01023,2025-06-16 09:00:00,EARN,50,62,BKG-006021
LTX-0004888,P01023,2025-06-16 18:00:00,REDEEM,-20,42,BKG-006021
LTX-0004889,P01023,2025-07-05 09:00:00,EARN,44,86,BKG-008863
LTX-0004890,P01023,2025-09-07 09:00:00,EARN,45,131,BKG-001319
LTX-0004891,P02160,2024-12-24 09:00:00,EARN,62,62,BKG-010233
LTX-0004892,P02160,2025-04-27 09:00:00,EARN,36,98,BKG-001442
LTX-0004893,P02160,2025-05-11 09:00:00,EARN,26,124,BKG-001320
LTX-0004894,P02160,2025-06-21 09:00:00,EARN,29,153,BKG-003236
LTX-0004895,P02160,2025-06-26 09:00:00,EARN,26,179,BKG-007305
LTX-0004896,P01293,2025-02-08 09:00:00,EARN,11,11,BKG-008069
LTX-0004897,P01293,2025-05-01 09:00:00,EARN,45,56,BKG-002366
LTX-0004898,P01293,2025-05-22 09:00:00,EARN,30,86,BKG-010461
LTX-0004899,P01293,2025-06-23 09:00:00,EARN,60,146,BKG-001321
LTX-0004900,P00365,2025-09-07 09:00:00,EARN,24,24,BKG-004148
LTX-0004901,P00365,2025-09-29 09:00:00,EARN,36,60,BKG-001322
LTX-0004902,P00365,2025-09-29 18:00:00,REDEEM,-30,30,BKG-001322
LTX-0004903,P03873,2025-05-01 09:00:00,EARN,47,47,BKG-001323
LTX-0004904,P03873,2025-05-10 09:00:00,EARN,88,135,BKG-007092
LTX-0004905,P03873,2025-05-10 18:00:00,REDEEM,-30,105,BKG-007092
LTX-0004906,P03873,2025-05-25 09:00:00,EARN,15,120,BKG-002181
LTX-0004907,P03873,2025-05-25 18:00:00,REDEEM,-20,100,BKG-002181
LTX-0004908,P03873,2025-05-31 09:00:00,EARN,68,168,BKG-006757
LTX-0004909,P02141,2025-05-14 09:00:00,EARN,61,61,BKG-010970
LTX-0004910,P02141,2025-07-26 09:00:00,EARN,32,93,BKG-008191
LTX-0004911,P02141,2025-07-26 18:00:00,REDEEM,-30,63,BKG-008191
LTX-0004912,P02141,2025-11-06 09:00:00,EARN,18,81,BKG-001324
LTX-0004913,P02532,2025-01-12 09:00:00,EARN,62,62,BKG-002200
LTX-0004914,P02532,2025-03-30 09:00:00,EARN,16,78,BKG-001327
LTX-0004915,P02532,2025-11-22 09:00:00,EARN,48,126,BKG-002195
LTX-0004916,P02532,2025-11-28 09:00:00,EARN,75,201,BKG-004684
LTX-0004917,P02532,2025-12-07 09:00:00,EARN,32,233,BKG-004028
LTX-0004918,P02532,2025-12-07 18:00:00,REDEEM,-30,203,BKG-004028
LTX-0004919,P00035,2025-12-05 09:00:00,EARN,19,19,BKG-001329
LTX-0004920,P02364,2025-05-19 09:00:00,EARN,66,66,BKG-003232
LTX-0004921,P02364,2025-05-23 09:00:00,EARN,67,133,BKG-007537
LTX-0004922,P02364,2025-08-19 09:00:00,EARN,45,178,BKG-007364
LTX-0004923,P02364,2025-11-26 09:00:00,EARN,88,266,BKG-001330
LTX-0004924,P02522,2024-12-25 09:00:00,EARN,65,65,BKG-001331
LTX-0004925,P02522,2025-06-05 09:00:00,EARN,32,97,BKG-006612
LTX-0004926,P02522,2025-06-25 09:00:00,EARN,56,153,BKG-005036
LTX-0004927,P01346,2025-01-22 09:00:00,EARN,53,53,BKG-006024
LTX-0004928,P01346,2025-05-26 09:00:00,EARN,67,120,BKG-001332
LTX-0004929,P01346,2025-12-19 09:00:00,EARN,59,179,BKG-009760
LTX-0004930,P00368,2025-02-07 09:00:00,EARN,50,50,BKG-001333
LTX-0004931,P00368,2025-02-07 18:00:00,REDEEM,-20,30,BKG-001333
LTX-0004932,P00368,2025-03-04 09:00:00,EARN,20,50,BKG-005595
LTX-0004933,P00368,2025-03-04 18:00:00,REDEEM,-30,20,BKG-005595
LTX-0004934,P00368,2025-11-30 09:00:00,EARN,39,59,BKG-010505
LTX-0004935,P03789,2024-12-27 09:00:00,EARN,26,26,BKG-001336
LTX-0004936,P03789,2025-01-20 09:00:00,EARN,32,58,BKG-011612
LTX-0004937,P03789,2025-01-20 18:00:00,REDEEM,-20,38,BKG-011612
LTX-0004938,P03789,2025-05-18 09:00:00,EARN,61,99,BKG-010256
LTX-0004939,P03789,2025-06-27 09:00:00,EARN,79,178,BKG-008652
LTX-0004940,P03789,2025-07-06 09:00:00,EARN,56,234,BKG-004288
LTX-0004941,P03789,2025-11-25 09:00:00,EARN,32,266,BKG-006955
LTX-0004942,P00510,2024-12-12 09:00:00,EARN,46,46,BKG-001337
LTX-0004943,P00510,2025-06-17 09:00:00,EARN,30,76,BKG-001472
LTX-0004944,P02930,2025-03-30 09:00:00,EARN,44,44,BKG-001338
LTX-0004945,P02930,2025-05-24 09:00:00,EARN,15,59,BKG-007802
LTX-0004946,P02930,2025-09-24 09:00:00,EARN,31,90,BKG-008310
LTX-0004947,P03276,2024-12-15 09:00:00,EARN,37,37,BKG-001704
LTX-0004948,P03276,2025-02-12 09:00:00,EARN,8,45,BKG-008805
LTX-0004949,P03276,2025-07-05 09:00:00,EARN,11,56,BKG-001339
LTX-0004950,P03276,2025-12-03 09:00:00,EARN,43,99,BKG-004153
LTX-0004951,P00481,2025-03-04 09:00:00,EARN,56,56,BKG-001340
LTX-0004952,P00481,2025-05-21 09:00:00,EARN,16,72,BKG-011401
LTX-0004953,P00481,2025-05-27 09:00:00,EARN,82,154,BKG-012233
LTX-0004954,P00481,2025-06-14 09:00:00,EARN,71,225,BKG-009573
LTX-0004955,P03156,2025-01-31 09:00:00,EARN,51,51,BKG-009182
LTX-0004956,P03156,2025-01-31 18:00:00,REDEEM,-10,41,BKG-009182
LTX-0004957,P03156,2025-03-11 09:00:00,EARN,50,91,BKG-006877
LTX-0004958,P03156,2025-10-18 09:00:00,EARN,37,128,BKG-001341
LTX-0004959,P03156,2025-10-18 18:00:00,REDEEM,-30,98,BKG-001341
LTX-0004960,P03156,2025-11-24 09:00:00,EARN,91,189,BKG-006437
LTX-0004961,P00616,2025-03-06 09:00:00,EARN,16,16,BKG-001342
LTX-0004962,P00616,2025-06-23 09:00:00,EARN,28,44,BKG-001592
LTX-0004963,P00616,2025-07-03 09:00:00,EARN,84,128,BKG-003248
LTX-0004964,P00393,2025-01-14 09:00:00,EARN,72,72,BKG-011035
LTX-0004965,P00393,2025-05-02 09:00:00,EARN,30,102,BKG-001345
LTX-0004966,P00393,2025-06-21 09:00:00,EARN,33,135,BKG-008159
LTX-0004967,P00393,2025-09-12 09:00:00,EARN,47,182,BKG-004635
LTX-0004968,P00393,2025-09-15 09:00:00,EARN,5,187,BKG-006265
LTX-0004969,P00393,2025-09-19 09:00:00,EARN,21,208,BKG-007812
LTX-0004970,P00393,2025-10-31 09:00:00,EARN,65,273,BKG-010928
LTX-0004971,P00038,2025-05-29 09:00:00,EARN,38,38,BKG-010595
LTX-0004972,P00038,2025-05-29 18:00:00,REDEEM,-10,28,BKG-010595
LTX-0004973,P00038,2025-06-30 09:00:00,EARN,31,59,BKG-001347
LTX-0004974,P00038,2025-11-23 09:00:00,EARN,33,92,BKG-003919
LTX-0004975,P03853,2025-02-22 09:00:00,EARN,82,82,BKG-002058
LTX-0004976,P03853,2025-05-19 09:00:00,EARN,78,160,BKG-001348
LTX-0004977,P03853,2025-07-01 09:00:00,EARN,67,227,BKG-006335
LTX-0004978,P03853,2025-07-01 18:00:00,REDEEM,-20,207,BKG-006335
LTX-0004979,P03853,2025-08-21 09:00:00,EARN,41,248,BKG-007954
LTX-0004980,P03853,2025-12-04 09:00:00,EARN,36,284,BKG-005743
LTX-0004981,P03853,2025-12-21 09:00:00,EARN,47,331,BKG-009797
LTX-0004982,P03671,2025-01-15 09:00:00,EARN,31,31,BKG-001349
LTX-0004983,P03671,2025-02-19 09:00:00,EARN,12,43,BKG-008229
LTX-0004984,P03671,2025-11-15 09:00:00,EARN,61,104,BKG-001622
LTX-0004985,P00380,2025-04-28 09:00:00,EARN,66,66,BKG-001350
LTX-0004986,P00380,2025-05-07 09:00:00,EARN,33,99,BKG-008991
LTX-0004987,P00380,2025-07-04 09:00:00,EARN,45,144,BKG-011789
LTX-0004988,P02206,2025-06-05 09:00:00,EARN,65,65,BKG-001351
LTX-0004989,P02206,2025-07-01 09:00:00,EARN,81,146,BKG-011948
LTX-0004990,P02206,2025-10-28 09:00:00,EARN,38,184,BKG-006493
LTX-0004991,P00550,2025-03-01 09:00:00,EARN,32,32,BKG-011220
LTX-0004992,P00550,2025-05-15 09:00:00,EARN,26,58,BKG-001352
LTX-0004993,P00550,2025-09-03 09:00:00,EARN,93,151,BKG-003047
LTX-0004994,P02174,2025-01-25 09:00:00,EARN,47,47,BKG-001951
LTX-0004995,P02174,2025-03-28 09:00:00,EARN,36,83,BKG-005175
LTX-0004996,P02174,2025-05-29 09:00:00,EARN,26,109,BKG-005926
LTX-0004997,P02174,2025-07-12 09:00:00,EARN,31,140,BKG-001353
LTX-0004998,P02174,2025-09-30 09:00:00,EARN,70,210,BKG-011685
LTX-0004999,P02174,2025-09-30 18:00:00,REDEEM,-30,180,BKG-011685
LTX-0005000,P02174,2025-10-04 09:00:00,EARN,46,226,BKG-007675
LTX-0005001,P02174,2025-10-26 09:00:00,EARN,33,259,BKG-011409
LTX-0005002,P02174,2025-10-26 18:00:00,REDEEM,-10,249,BKG-011409
LTX-0005003,P02174,2025-10-30 09:00:00,EARN,46,295,BKG-011861
LTX-0005004,P02174,2025-11-11 09:00:00,EARN,34,329,BKG-011762
LTX-0005005,P02174,2025-11-20 09:00:00,EARN,71,400,BKG-001619
LTX-0005006,P02174,2025-11-20 18:00:00,REDEEM,-30,370,BKG-001619
LTX-0005007,P03180,2025-03-05 09:00:00,EARN,17,17,BKG-001355
LTX-0005008,P03180,2025-06-25 09:00:00,EARN,41,58,BKG-008115
LTX-0005009,P03180,2025-11-29 09:00:00,EARN,39,97,BKG-012405
LTX-0005010,P00521,2025-05-02 09:00:00,EARN,17,17,BKG-009560
LTX-0005011,P00521,2025-05-23 09:00:00,EARN,38,55,BKG-003240
LTX-0005012,P00521,2025-06-21 09:00:00,EARN,50,105,BKG-011410
LTX-0005013,P00521,2025-07-24 09:00:00,EARN,88,193,BKG-001356
LTX-0005014,P00521,2025-08-01 09:00:00,EARN,38,231,BKG-011037
LTX-0005015,P00521,2025-08-16 09:00:00,EARN,10,241,BKG-006878
LTX-0005016,P00521,2025-09-01 09:00:00,EARN,56,297,BKG-003179
LTX-0005017,P01309,2025-01-01 09:00:00,EARN,22,22,BKG-004147
LTX-0005018,P01309,2025-06-11 09:00:00,EARN,86,108,BKG-001635
LTX-0005019,P01309,2025-06-11 18:00:00,REDEEM,-20,88,BKG-001635
LTX-0005020,P01309,2025-08-20 09:00:00,EARN,21,109,BKG-001357
LTX-0005021,P00916,2025-01-11 09:00:00,EARN,42,42,BKG-001358
LTX-0005022,P00916,2025-09-02 09:00:00,EARN,24,66,BKG-002133
LTX-0005023,P00916,2025-10-04 09:00:00,EARN,29,95,BKG-011022
LTX-0005024,P03964,2025-03-09 09:00:00,EARN,23,23,BKG-006872
LTX-0005025,P03964,2025-03-28 09:00:00,EARN,34,57,BKG-004580
LTX-0005026,P03964,2025-06-05 09:00:00,EARN,56,113,BKG-001362
LTX-0005027,P03964,2025-06-27 09:00:00,EARN,53,166,BKG-004838
LTX-0005028,P03964,2025-06-27 18:00:00,REDEEM,-30,136,BKG-004838
LTX-0005029,P03964,2025-08-19 09:00:00,EARN,25,161,BKG-005180
LTX-0005030,P02434,2025-03-17 09:00:00,EARN,40,40,BKG-009806
LTX-0005031,P02434,2025-11-12 09:00:00,EARN,52,92,BKG-012142
LTX-0005032,P02434,2025-11-29 09:00:00,EARN,77,169,BKG-003952
LTX-0005033,P02434,2025-12-18 09:00:00,EARN,61,230,BKG-001363
LTX-0005034,P02641,2025-08-14 09:00:00,EARN,90,90,BKG-009448
LTX-0005035,P02641,2025-10-19 09:00:00,EARN,21,111,BKG-001366
LTX-0005036,P00672,2025-05-20 09:00:00,EARN,32,32,BKG-005562
LTX-0005037,P00672,2025-05-30 09:00:00,EARN,22,54,BKG-004203
LTX-0005038,P00672,2025-08-09 09:00:00,EARN,37,91,BKG-001367
LTX-0005039,P00672,2025-12-05 09:00:00,EARN,82,173,BKG-001611
LTX-0005040,P00672,2025-12-18 09:00:00,EARN,67,240,BKG-002025
LTX-0005041,P00672,2025-12-18 18:00:00,REDEEM,-30,210,BKG-002025
LTX-0005042,P00817,2025-08-08 09:00:00,EARN,43,43,BKG-001368
LTX-0005043,P00817,2025-11-11 09:00:00,EARN,65,108,BKG-004871
LTX-0005044,P00817,2025-11-16 09:00:00,EARN,44,152,BKG-001979
LTX-0005045,P00921,2024-12-22 09:00:00,EARN,46,46,BKG-009470
LTX-0005046,P00921,2025-01-04 09:00:00,EARN,56,102,BKG-010696
LTX-0005047,P00921,2025-01-10 09:00:00,EARN,15,117,BKG-003127
LTX-0005048,P00921,2025-06-15 09:00:00,EARN,33,150,BKG-001369
LTX-0005049,P00982,2024-12-31 09:00:00,EARN,61,61,BKG-006895
LTX-0005050,P00982,2025-05-26 09:00:00,EARN,51,112,BKG-008844
LTX-0005051,P00982,2025-06-02 09:00:00,EARN,54,166,BKG-001374
LTX-0005052,P00982,2025-06-02 18:00:00,REDEEM,-30,136,BKG-001374
LTX-0005053,P00982,2025-07-06 09:00:00,EARN,70,206,BKG-011945
LTX-0005054,P02149,2025-01-01 09:00:00,EARN,69,69,BKG-001900
LTX-0005055,P02149,2025-05-27 09:00:00,EARN,60,129,BKG-001375
LTX-0005056,P02149,2025-06-01 09:00:00,EARN,65,194,BKG-011244
LTX-0005057,P02149,2025-06-01 18:00:00,REDEEM,-10,184,BKG-011244
LTX-0005058,P00305,2025-05-24 09:00:00,EARN,71,71,BKG-003382
LTX-0005059,P00305,2025-06-27 09:00:00,EARN,54,125,BKG-001952
LTX-0005060,P00305,2025-10-03 09:00:00,EARN,32,157,BKG-001376
LTX-0005061,P00455,2025-01-14 09:00:00,EARN,36,36,BKG-007591
LTX-0005062,P00455,2025-01-31 09:00:00,EARN,14,50,BKG-012289
LTX-0005063,P00455,2025-02-05 09:00:00,EARN,42,92,BKG-001377
LTX-0005064,P00455,2025-07-13 09:00:00,EARN,73,165,BKG-011835
LTX-0005065,P00455,2025-12-04 09:00:00,EARN,57,222,BKG-006297
LTX-0005066,P00674,2025-01-04 09:00:00,EARN,42,42,BKG-001544
LTX-0005067,P00674,2025-06-05 09:00:00,EARN,18,60,BKG-001378
LTX-0005068,P00674,2025-07-07 09:00:00,EARN,72,132,BKG-006989
LTX-0005069,P01350,2025-06-18 09:00:00,EARN,24,24,BKG-007419
LTX-0005070,P01350,2025-07-03 09:00:00,EARN,12,36,BKG-001379
LTX-0005071,P01933,2025-05-30 09:00:00,EARN,23,23,BKG-001426
LTX-0005072,P01933,2025-06-01 09:00:00,EARN,7,30,BKG-003288
LTX-0005073,P01933,2025-06-09 09:00:00,EARN,32,62,BKG-007937
LTX-0005074,P01933,2025-09-04 09:00:00,EARN,93,155,BKG-001380
LTX-0005075,P01639,2024-12-28 09:00:00,EARN,39,39,BKG-001405
LTX-0005076,P01639,2025-06-30 09:00:00,EARN,86,125,BKG-005662
LTX-0005077,P01639,2025-12-07 09:00:00,EARN,51,176,BKG-001381
LTX-0005078,P03647,2025-07-14 09:00:00,EARN,45,45,BKG-006150
LTX-0005079,P03647,2025-09-12 09:00:00,EARN,38,83,BKG-001383
LTX-0005080,P03647,2025-10-06 09:00:00,EARN,44,127,BKG-008663
LTX-0005081,P03647,2025-11-19 09:00:00,EARN,57,184,BKG-004486
LTX-0005082,P03729,2025-02-05 09:00:00,EARN,47,47,BKG-003213
LTX-0005083,P03729,2025-06-06 09:00:00,EARN,43,90,BKG-002349
LTX-0005084,P03729,2025-07-03 09:00:00,EARN,77,167,BKG-001384
LTX-0005085,P01041,2025-02-17 09:00:00,EARN,47,47,BKG-003445
LTX-0005086,P01041,2025-09-03 09:00:00,EARN,36,83,BKG-012065
LTX-0005087,P01041,2025-10-02 09:00:00,EARN,57,140,BKG-001771
LTX-0005088,P01041,2025-12-01 09:00:00,EARN,28,168,BKG-001385
LTX-0005089,P01041,2025-12-16 09:00:00,EARN,24,192,BKG-002407
LTX-0005090,P01041,2025-12-16 18:00:00,REDEEM,-10,182,BKG-002407
LTX-0005091,P01635,2025-02-22 09:00:00,EARN,51,51,BKG-010224
LTX-0005092,P01635,2025-05-25 09:00:00,EARN,12,63,BKG-008010
LTX-0005093,P01635,2025-06-18 09:00:00,EARN,72,135,BKG-003324
LTX-0005094,P01635,2025-07-04 09:00:00,EARN,30,165,BKG-001386
LTX-0005095,P01635,2025-11-24 09:00:00,EARN,50,215,BKG-003132
LTX-0005096,P02746,2025-05-06 09:00:00,EARN,39,39,BKG-001387
LTX-0005097,P02746,2025-10-08 09:00:00,EARN,40,79,BKG-007227
LTX-0005098,P02083,2025-04-24 09:00:00,EARN,36,36,BKG-001612
LTX-0005099,P02083,2025-05-16 09:00:00,EARN,36,72,BKG-001388
LTX-0005100,P02083,2025-11-10 09:00:00,EARN,15,87,BKG-009240
LTX-0005101,P02083,2025-11-10 18:00:00,REDEEM,-10,77,BKG-009240
LTX-0005102,P03688,2025-05-04 09:00:00,EARN,29,29,BKG-006359
LTX-0005103,P03688,2025-09-28 09:00:00,EARN,71,100,BKG-001390
LTX-0005104,P03688,2025-12-14 09:00:00,EARN,58,158,BKG-011505
LTX-0005105,P02028,2025-05-11 09:00:00,EARN,88,88,BKG-008939
LTX-0005106,P02028,2025-06-30 09:00:00,EARN,73,161,BKG-001391
LTX-0005107,P02028,2025-10-20 09:00:00,EARN,47,208,BKG-006414
LTX-0005108,P02028,2025-12-02 09:00:00,EARN,46,254,BKG-011592
LTX-0005109,P03074,2025-12-04 09:00:00,EARN,59,59,BKG-001392
LTX-0005110,P00682,2025-03-30 09:00:00,EARN,54,54,BKG-002969
LTX-0005111,P00682,2025-05-27 09:00:00,EARN,76,130,BKG-010695
LTX-0005112,P00682,2025-06-02 09:00:00,EARN,7,137,BKG-001394
LTX-0005113,P00682,2025-10-09 09:00:00,EARN,36,173,BKG-007551
LTX-0005114,P00682,2025-10-09 18:00:00,REDEEM,-30,143,BKG-007551
LTX-0005115,P01796,2025-02-20 09:00:00,EARN,15,15,BKG-006062
LTX-0005116,P01796,2025-02-20 18:00:00,REDEEM,-10,5,BKG-006062
LTX-0005117,P01796,2025-05-19 09:00:00,EARN,15,20,BKG-001395
LTX-0005118,P01796,2025-11-14 09:00:00,EARN,39,59,BKG-002053
LTX-0005119,P00488,2024-12-19 09:00:00,EARN,24,24,BKG-004742
LTX-0005120,P00488,2025-05-30 09:00:00,EARN,48,72,BKG-005753
LTX-0005121,P00488,2025-07-17 09:00:00,EARN,24,96,BKG-001862
LTX-0005122,P00488,2025-11-28 09:00:00,EARN,38,134,BKG-001396
LTX-0005123,P01634,2025-01-26 09:00:00,EARN,36,36,BKG-004077
LTX-0005124,P01634,2025-01-26 18:00:00,REDEEM,-30,6,BKG-004077
LTX-0005125,P01634,2025-04-06 09:00:00,EARN,66,72,BKG-006432
LTX-0005126,P01634,2025-04-25 09:00:00,EARN,15,87,BKG-001397
LTX-0005127,P01634,2025-04-25 18:00:00,REDEEM,-10,77,BKG-001397
LTX-0005128,P01634,2025-07-02 09:00:00,EARN,20,97,BKG-009936
LTX-0005129,P01634,2025-07-06 09:00:00,EARN,37,134,BKG-010330
LTX-0005130,P01634,2025-10-17 09:00:00,EARN,48,182,BKG-011118
LTX-0005131,P01634,2025-11-23 09:00:00,EARN,40,222,BKG-006140
LTX-0005132,P03169,2024-12-17 09:00:00,EARN,19,19,BKG-005087
LTX-0005133,P03169,2024-12-17 18:00:00,REDEEM,-10,9,BKG-005087
LTX-0005134,P03169,2024-12-23 09:00:00,EARN,44,53,BKG-003399
LTX-0005135,P03169,2025-06-27 09:00:00,EARN,58,111,BKG-007929
LTX-0005136,P03169,2025-07-01 09:00:00,EARN,17,128,BKG-001398
LTX-0005137,P01044,2025-03-09 09:00:00,EARN,30,30,BKG-009726
LTX-0005138,P01044,2025-06-11 09:00:00,EARN,92,122,BKG-007538
LTX-0005139,P01044,2025-10-09 09:00:00,EARN,41,163,BKG-001400
LTX-0005140,P02919,2025-01-26 09:00:00,EARN,87,87,BKG-004836
LTX-0005141,P02919,2025-02-13 09:00:00,EARN,36,123,BKG-001401
LTX-0005142,P02919,2025-05-21 09:00:00,EARN,33,156,BKG-004992
LTX-0005143,P02919,2025-05-21 18:00:00,REDEEM,-20,136,BKG-004992
LTX-0005144,P02919,2025-08-23 09:00:00,EARN,36,172,BKG-009083
LTX-0005145,P02652,2025-11-18 09:00:00,EARN,10,10,BKG-011926
LTX-0005146,P02652,2025-11-27 09:00:00,EARN,51,61,BKG-001402
LTX-0005147,P03175,2025-04-22 09:00:00,EARN,61,61,BKG-009396
LTX-0005148,P03175,2025-04-29 09:00:00,EARN,26,87,BKG-001403
LTX-0005149,P03175,2025-11-29 09:00:00,EARN,39,126,BKG-011744
LTX-0005150,P02716,2025-02-07 09:00:00,EARN,70,70,BKG-006546
LTX-0005151,P02716,2025-07-08 09:00:00,EARN,36,106,BKG-001404
LTX-0005152,P02716,2025-07-21 09:00:00,EARN,38,144,BKG-012224
LTX-0005153,P02716,2025-11-12 09:00:00,EARN,34,178,BKG-002552
LTX-0005154,P00515,2025-06-01 09:00:00,EARN,54,54,BKG-006668
LTX-0005155,P00515,2025-09-17 09:00:00,EARN,43,97,BKG-001406
LTX-0005156,P00734,2025-02-25 09:00:00,EARN,48,48,BKG-012047
LTX-0005157,P00734,2025-04-29 09:00:00,EARN,80,128,BKG-004957
LTX-0005158,P00734,2025-06-28 09:00:00,EARN,50,178,BKG-001407
LTX-0005159,P00183,2025-01-12 09:00:00,EARN,29,29,BKG-010062
LTX-0005160,P00183,2025-11-29 09:00:00,EARN,46,75,BKG-001408
LTX-0005161,P01906,2025-06-01 09:00:00,EARN,12,12,BKG-002040
LTX-0005162,P01906,2025-06-17 09:00:00,EARN,38,50,BKG-005667
LTX-0005163,P01906,2025-12-10 09:00:00,EARN,42,92,BKG-001410
LTX-0005164,P00220,2025-01-05 09:00:00,EARN,19,19,BKG-001411
LTX-0005165,P00220,2025-12-02 09:00:00,EARN,65,84,BKG-004687
LTX-0005166,P01263,2025-06-01 09:00:00,EARN,82,82,BKG-003630
LTX-0005167,P01263,2025-10-29 09:00:00,EARN,32,114,BKG-001412
LTX-0005168,P01263,2025-11-05 09:00:00,EARN,50,164,BKG-010805
LTX-0005169,P01263,2025-11-05 18:00:00,REDEEM,-10,154,BKG-010805
LTX-0005170,P01263,2025-12-21 09:00:00,EARN,47,201,BKG-008795
LTX-0005171,P03660,2024-12-31 09:00:00,EARN,48,48,BKG-005871
LTX-0005172,P03660,2025-03-08 09:00:00,EARN,54,102,BKG-011991
LTX-0005173,P03660,2025-03-29 09:00:00,EARN,28,130,BKG-001413
LTX-0005174,P03660,2025-07-02 09:00:00,EARN,92,222,BKG-012237
LTX-0005175,P03660,2025-07-05 09:00:00,EARN,79,301,BKG-004599
LTX-0005176,P03660,2025-10-30 09:00:00,EARN,24,325,BKG-010643
LTX-0005177,P03660,2025-11-16 09:00:00,EARN,17,342,BKG-010448
LTX-0005178,P02645,2025-06-06 09:00:00,EARN,18,18,BKG-012094
LTX-0005179,P02645,2025-07-05 09:00:00,EARN,51,69,BKG-001414
LTX-0005180,P02645,2025-11-14 09:00:00,EARN,8,77,BKG-009682
LTX-0005181,P02645,2025-12-01 09:00:00,EARN,17,94,BKG-003440
LTX-0005182,P02704,2025-03-25 09:00:00,EARN,24,24,BKG-007807
LTX-0005183,P02704,2025-05-16 09:00:00,EARN,28,52,BKG-001415
LTX-0005184,P02704,2025-06-13 09:00:00,EARN,44,96,BKG-006147
LTX-0005185,P02704,2025-07-04 09:00:00,EARN,63,159,BKG-004680
LTX-0005186,P02704,2025-10-16 09:00:00,EARN,47,206,BKG-007135
LTX-0005187,P02704,2025-11-17 09:00:00,EARN,25,231,BKG-004844
LTX-0005188,P01774,2025-03-25 09:00:00,EARN,34,34,BKG-002590
LTX-0005189,P01774,2025-06-01 09:00:00,EARN,64,98,BKG-008880
LTX-0005190,P01774,2025-06-22 09:00:00,EARN,66,164,BKG-001416
LTX-0005191,P01774,2025-10-16 09:00:00,EARN,54,218,BKG-011824
LTX-0005192,P02290,2025-06-28 09:00:00,EARN,58,58,BKG-007258
LTX-0005193,P02290,2025-07-28 09:00:00,EARN,6,64,BKG-001417
LTX-0005194,P02290,2025-07-28 18:00:00,REDEEM,-10,54,BKG-001417
LTX-0005195,P03994,2025-03-19 09:00:00,EARN,14,14,BKG-003844
LTX-0005196,P03994,2025-03-19 09:00:00,EARN,42,56,BKG-010278
LTX-0005197,P03994,2025-05-29 09:00:00,EARN,20,76,BKG-011366
LTX-0005198,P03994,2025-06-17 09:00:00,EARN,75,151,BKG-010709
LTX-0005199,P03994,2025-06-17 18:00:00,REDEEM,-20,131,BKG-010709
LTX-0005200,P03994,2025-09-10 09:00:00,EARN,51,182,BKG-003356
LTX-0005201,P03994,2025-11-29 09:00:00,EARN,10,192,BKG-001418
LTX-0005202,P02414,2025-02-12 09:00:00,EARN,33,33,BKG-001419
LTX-0005203,P02414,2025-02-22 09:00:00,EARN,31,64,BKG-004578
LTX-0005204,P01649,2025-06-19 09:00:00,EARN,66,66,BKG-005634
LTX-0005205,P01649,2025-06-19 09:00:00,EARN,29,95,BKG-008581
LTX-0005206,P01649,2025-07-06 09:00:00,EARN,72,167,BKG-001424
LTX-0005207,P02816,2025-02-08 09:00:00,EARN,60,60,BKG-001425
LTX-0005208,P02816,2025-05-28 09:00:00,EARN,77,137,BKG-005084
LTX-0005209,P02816,2025-07-10 09:00:00,EARN,78,215,BKG-005579
LTX-0005210,P02816,2025-08-19 09:00:00,EARN,18,233,BKG-004258
LTX-0005211,P01741,2025-01-13 09:00:00,EARN,74,74,BKG-008227
LTX-0005212,P01741,2025-02-05 09:00:00,EARN,42,116,BKG-003024
LTX-0005213,P01741,2025-06-18 09:00:00,EARN,63,179,BKG-003315
LTX-0005214,P01741,2025-06-18 18:00:00,REDEEM,-20,159,BKG-003315
LTX-0005215,P01741,2025-07-28 09:00:00,EARN,17,176,BKG-001428
LTX-0005216,P01741,2025-11-19 09:00:00,EARN,47,223,BKG-012174
LTX-0005217,P03471,2025-02-27 09:00:00,EARN,60,60,BKG-001429
LTX-0005218,P03471,2025-02-27 18:00:00,REDEEM,-10,50,BKG-001429
LTX-0005219,P03471,2025-06-25 09:00:00,EARN,23,73,BKG-005784
LTX-0005220,P03471,2025-07-09 09:00:00,EARN,20,93,BKG-001699
LTX-0005221,P03471,2025-07-10 09:00:00,EARN,107,200,BKG-012362
LTX-0005222,P03471,2025-07-26 09:00:00,EARN,63,263,BKG-006102
LTX-0005223,P03471,2025-08-14 09:00:00,EARN,48,311,BKG-010294
LTX-0005224,P03471,2025-11-16 09:00:00,EARN,39,350,BKG-002767
LTX-0005225,P00132,2025-05-28 09:00:00,EARN,92,92,BKG-009401
LTX-0005226,P00132,2025-07-07 09:00:00,EARN,40,132,BKG-001430
LTX-0005227,P00293,2025-05-01 09:00:00,EARN,49,49,BKG-004040
LTX-0005228,P00293,2025-07-03 09:00:00,EARN,36,85,BKG-007102
LTX-0005229,P00293,2025-07-11 09:00:00,EARN,36,121,BKG-001431
LTX-0005230,P00293,2025-07-26 09:00:00,EARN,45,166,BKG-010454
LTX-0005231,P03082,2025-05-17 09:00:00,EARN,77,77,BKG-001432
LTX-0005232,P03082,2025-05-17 18:00:00,REDEEM,-30,47,BKG-001432
LTX-0005233,P03082,2025-06-23 09:00:00,EARN,75,122,BKG-002135
LTX-0005234,P03082,2025-12-03 09:00:00,EARN,104,226,BKG-010747
LTX-0005235,P01258,2025-02-15 09:00:00,EARN,78,78,BKG-011459
LTX-0005236,P01258,2025-09-12 09:00:00,EARN,50,128,BKG-009346
LTX-0005237,P01258,2025-10-02 09:00:00,EARN,18,146,BKG-009136
LTX-0005238,P01258,2025-11-26 09:00:00,EARN,26,172,BKG-011700
LTX-0005239,P01258,2025-11-29 09:00:00,EARN,26,198,BKG-001433
LTX-0005240,P00005,2025-05-15 09:00:00,EARN,49,49,BKG-001436
LTX-0005241,P00005,2025-06-01 09:00:00,EARN,43,92,BKG-008876
LTX-0005242,P00005,2025-07-03 09:00:00,EARN,58,150,BKG-011672
LTX-0005243,P00005,2025-07-25 09:00:00,EARN,32,182,BKG-004872
LTX-0005244,P00005,2025-10-03 09:00:00,EARN,36,218,BKG-005139
LTX-0005245,P00005,2025-11-14 09:00:00,EARN,15,233,BKG-008384
LTX-0005246,P02529,2025-02-25 09:00:00,EARN,7,7,BKG-007186
LTX-0005247,P02529,2025-09-10 09:00:00,EARN,60,67,BKG-001437
LTX-0005248,P02529,2025-10-02 09:00:00,EARN,35,102,BKG-005108
LTX-0005249,P02529,2025-11-25 09:00:00,EARN,43,145,BKG-004633
LTX-0005250,P00176,2025-02-16 09:00:00,EARN,63,63,BKG-009279
LTX-0005251,P00176,2025-03-26 09:00:00,EARN,28,91,BKG-003118
LTX-0005252,P00176,2025-07-05 09:00:00,EARN,51,142,BKG-008261
LTX-0005253,P00176,2025-11-08 09:00:00,EARN,39,181,BKG-001438
LTX-0005254,P00176,2025-11-08 18:00:00,REDEEM,-10,171,BKG-001438
LTX-0005255,P01448,2025-03-09 09:00:00,EARN,36,36,BKG-009495
LTX-0005256,P01448,2025-03-09 18:00:00,REDEEM,-30,6,BKG-009495
LTX-0005257,P01448,2025-03-18 09:00:00,EARN,36,42,BKG-012088
LTX-0005258,P01448,2025-06-08 09:00:00,EARN,59,101,BKG-003519
LTX-0005259,P01448,2025-06-26 09:00:00,EARN,39,140,BKG-012385
LTX-0005260,P01448,2025-11-22 09:00:00,EARN,97,237,BKG-002932
LTX-0005261,P01448,2025-11-23 09:00:00,EARN,77,314,BKG-001439
LTX-0005262,P01272,2025-05-26 09:00:00,EARN,44,44,BKG-005099
LTX-0005263,P01272,2025-05-27 09:00:00,EARN,40,84,BKG-002149
LTX-0005264,P01272,2025-06-23 09:00:00,EARN,45,129,BKG-001440
LTX-0005265,P01272,2025-09-25 09:00:00,EARN,35,164,BKG-009952
LTX-0005266,P01272,2025-12-13 09:00:00,EARN,99,263,BKG-008545
LTX-0005267,P01272,2025-12-13 18:00:00,REDEEM,-20,243,BKG-008545
LTX-0005268,P03908,2024-12-30 09:00:00,EARN,85,85,BKG-011059
LTX-0005269,P03908,2024-12-30 18:00:00,REDEEM,-10,75,BKG-011059
LTX-0005270,P03908,2025-10-31 09:00:00,EARN,33,108,BKG-004688
LTX-0005271,P03908,2025-11-18 09:00:00,EARN,33,141,BKG-001441
LTX-0005272,P02182,2025-08-01 09:00:00,EARN,38,38,BKG-005020
LTX-0005273,P02182,2025-11-22 09:00:00,EARN,38,76,BKG-001443
LTX-0005274,P02269,2025-02-18 09:00:00,EARN,7,7,BKG-012310
LTX-0005275,P02269,2025-05-07 09:00:00,EARN,56,63,BKG-010886
LTX-0005276,P02269,2025-07-02 09:00:00,EARN,74,137,BKG-001446
LTX-0005277,P02269,2025-12-02 09:00:00,EARN,102,239,BKG-006019
LTX-0005278,P01803,2025-06-03 09:00:00,EARN,40,40,BKG-002861
LTX-0005279,P01803,2025-06-06 09:00:00,EARN,46,86,BKG-001977
LTX-0005280,P01803,2025-06-13 09:00:00,EARN,66,152,BKG-006478
LTX-0005281,P01803,2025-08-21 09:00:00,EARN,44,196,BKG-001447
LTX-0005282,P00605,2025-01-17 09:00:00,EARN,32,32,BKG-005025
LTX-0005283,P00605,2025-03-19 09:00:00,EARN,25,57,BKG-001450
LTX-0005284,P00605,2025-05-16 09:00:00,EARN,28,85,BKG-009391
LTX-0005285,P00605,2025-06-05 09:00:00,EARN,40,125,BKG-007072
LTX-0005286,P00605,2025-06-17 09:00:00,EARN,74,199,BKG-010670
LTX-0005287,P00605,2025-08-28 09:00:00,EARN,41,240,BKG-003282
LTX-0005288,P03329,2025-03-24 09:00:00,EARN,55,55,BKG-010626
LTX-0005289,P03329,2025-06-01 09:00:00,EARN,40,95,BKG-001451
LTX-0005290,P03329,2025-06-01 18:00:00,REDEEM,-30,65,BKG-001451
LTX-0005291,P03565,2025-02-01 09:00:00,EARN,63,63,BKG-004277
LTX-0005292,P03565,2025-07-29 09:00:00,EARN,61,124,BKG-001452
LTX-0005293,P03565,2025-09-30 09:00:00,EARN,20,144,BKG-006421
LTX-0005294,P03565,2025-09-30 18:00:00,REDEEM,-10,134,BKG-006421
LTX-0005295,P01015,2024-12-25 09:00:00,EARN,42,42,BKG-002372
LTX-0005296,P01015,2025-06-04 09:00:00,EARN,25,67,BKG-001453
LTX-0005297,P03476,2025-03-13 09:00:00,EARN,86,86,BKG-001454
LTX-0005298,P03476,2025-03-31 09:00:00,EARN,30,116,BKG-011104
LTX-0005299,P00636,2025-11-06 09:00:00,EARN,39,39,BKG-005534
LTX-0005300,P00636,2025-11-06 18:00:00,REDEEM,-30,9,BKG-005534
LTX-0005301,P00636,2025-12-05 09:00:00,EARN,47,56,BKG-001455
LTX-0005302,P00531,2025-05-27 09:00:00,EARN,47,47,BKG-005013
LTX-0005303,P00531,2025-05-29 09:00:00,EARN,88,135,BKG-001456
LTX-0005304,P00531,2025-06-11 09:00:00,EARN,39,174,BKG-003807
LTX-0005305,P00531,2025-06-11 18:00:00,REDEEM,-20,154,BKG-003807
LTX-0005306,P00531,2025-10-08 09:00:00,EARN,50,204,BKG-005968
LTX-0005307,P00531,2025-10-08 18:00:00,REDEEM,-20,184,BKG-005968
LTX-0005308,P00486,2025-05-12 09:00:00,EARN,89,89,BKG-011929
LTX-0005309,P00486,2025-06-03 09:00:00,EARN,43,132,BKG-012459
LTX-0005310,P00486,2025-06-05 09:00:00,EARN,44,176,BKG-009361
LTX-0005311,P00486,2025-06-13 09:00:00,EARN,35,211,BKG-002356
LTX-0005312,P00486,2025-07-10 09:00:00,EARN,38,249,BKG-004550
LTX-0005313,P00486,2025-07-26 09:00:00,EARN,25,274,BKG-006429
LTX-0005314,P00486,2025-08-30 09:00:00,EARN,63,337,BKG-001457
LTX-0005315,P00589,2025-03-17 09:00:00,EARN,17,17,BKG-001458
LTX-0005316,P00589,2025-12-13 09:00:00,EARN,67,84,BKG-006157
LTX-0005317,P02074,2025-02-24 09:00:00,EARN,34,34,BKG-001459
LTX-0005318,P02074,2025-05-21 09:00:00,EARN,40,74,BKG-005609
LTX-0005319,P02074,2025-06-11 09:00:00,EARN,44,118,BKG-010082
LTX-0005320,P02074,2025-11-01 09:00:00,EARN,44,162,BKG-006607
LTX-0005321,P00582,2025-06-28 09:00:00,EARN,50,50,BKG-011368
LTX-0005322,P00582,2025-06-28 18:00:00,REDEEM,-10,40,BKG-011368
LTX-0005323,P00582,2025-12-16 09:00:00,EARN,18,58,BKG-001460
LTX-0005324,P01262,2025-01-01 09:00:00,EARN,68,68,BKG-006291
LTX-0005325,P01262,2025-05-15 09:00:00,EARN,36,104,BKG-005999
LTX-0005326,P01262,2025-05-28 09:00:00,EARN,38,142,BKG-001461
LTX-0005327,P01262,2025-06-22 09:00:00,EARN,31,173,BKG-005708
LTX-0005328,P01262,2025-06-22 18:00:00,REDEEM,-20,153,BKG-005708
LTX-0005329,P01262,2025-08-20 09:00:00,EARN,102,255,BKG-012254
LTX-0005330,P01262,2025-11-09 09:00:00,EARN,39,294,BKG-008771
LTX-0005331,P01262,2025-11-12 09:00:00,EARN,46,340,BKG-002451
LTX-0005332,P01262,2025-12-18 09:00:00,EARN,70,410,BKG-006777
LTX-0005333,P01262,2025-12-18 18:00:00,REDEEM,-20,390,BKG-006777
LTX-0005334,P02258,2025-06-19 09:00:00,EARN,95,95,BKG-005340
LTX-0005335,P02258,2025-06-19 18:00:00,REDEEM,-30,65,BKG-005340
LTX-0005336,P02258,2025-06-24 09:00:00,EARN,11,76,BKG-009938
LTX-0005337,P02258,2025-09-21 09:00:00,EARN,6,82,BKG-001462
LTX-0005338,P02258,2025-09-21 18:00:00,REDEEM,-20,62,BKG-001462
LTX-0005339,P02258,2025-12-14 09:00:00,EARN,114,176,BKG-011817
LTX-0005340,P03178,2025-06-24 09:00:00,EARN,68,68,BKG-001464
LTX-0005341,P03178,2025-10-29 09:00:00,EARN,64,132,BKG-010189
LTX-0005342,P03178,2025-11-18 09:00:00,EARN,37,169,BKG-006131
LTX-0005343,P00915,2025-06-24 09:00:00,EARN,58,58,BKG-001465
LTX-0005344,P03872,2025-01-11 09:00:00,EARN,29,29,BKG-001466
LTX-0005345,P03872,2025-05-06 09:00:00,EARN,32,61,BKG-011814
LTX-0005346,P03872,2025-05-31 09:00:00,EARN,20,81,BKG-011511
LTX-0005347,P03872,2025-08-07 09:00:00,EARN,41,122,BKG-009197
LTX-0005348,P03872,2025-08-07 18:00:00,REDEEM,-10,112,BKG-009197
LTX-0005349,P03872,2025-12-17 09:00:00,EARN,33,145,BKG-006355
LTX-0005350,P00411,2025-01-12 09:00:00,EARN,27,27,BKG-001467
LTX-0005351,P00411,2025-02-06 09:00:00,EARN,44,71,BKG-010273
LTX-0005352,P00411,2025-06-23 09:00:00,EARN,92,163,BKG-002547
LTX-0005353,P00411,2025-07-04 09:00:00,EARN,12,175,BKG-002578
LTX-0005354,P00411,2025-07-04 18:00:00,REDEEM,-30,145,BKG-002578
LTX-0005355,P00411,2025-07-23 09:00:00,EARN,22,167,BKG-010379
LTX-0005356,P00411,2025-08-31 09:00:00,EARN,52,219,BKG-003166
LTX-0005357,P02583,2025-02-08 09:00:00,EARN,48,48,BKG-001968
LTX-0005358,P02583,2025-05-13 09:00:00,EARN,22,70,BKG-001468
LTX-0005359,P02583,2025-05-30 09:00:00,EARN,29,99,BKG-010669
LTX-0005360,P02583,2025-06-24 09:00:00,EARN,48,147,BKG-003964
LTX-0005361,P02583,2025-06-24 18:00:00,REDEEM,-20,127,BKG-003964
LTX-0005362,P02583,2025-06-29 09:00:00,EARN,68,195,BKG-001966
LTX-0005363,P02583,2025-07-07 09:00:00,EARN,50,245,BKG-012182
LTX-0005364,P02583,2025-07-07 18:00:00,REDEEM,-10,235,BKG-012182
LTX-0005365,P03493,2025-05-30 09:00:00,EARN,30,30,BKG-011177
LTX-0005366,P03493,2025-05-30 18:00:00,REDEEM,-10,20,BKG-011177
LTX-0005367,P03493,2025-06-04 09:00:00,EARN,54,74,BKG-001469
LTX-0005368,P03493,2025-06-10 09:00:00,EARN,51,125,BKG-002632
LTX-0005369,P03493,2025-06-19 09:00:00,EARN,65,190,BKG-007383
LTX-0005370,P01214,2025-05-05 09:00:00,EARN,60,60,BKG-010533
LTX-0005371,P01214,2025-05-05 18:00:00,REDEEM,-30,30,BKG-010533
LTX-0005372,P01214,2025-06-01 09:00:00,EARN,12,42,BKG-001470
LTX-0005373,P00491,2025-05-28 09:00:00,EARN,9,9,BKG-002546
LTX-0005374,P00491,2025-06-01 09:00:00,EARN,50,59,BKG-010248
LTX-0005375,P00491,2025-06-04 09:00:00,EARN,69,128,BKG-011315
LTX-0005376,P00491,2025-07-12 09:00:00,EARN,12,140,BKG-011468
LTX-0005377,P00491,2025-12-02 09:00:00,EARN,41,181,BKG-001473
LTX-0005378,P00491,2025-12-19 09:00:00,EARN,63,244,BKG-009578
LTX-0005379,P03681,2025-03-12 09:00:00,EARN,8,8,BKG-002531
LTX-0005380,P03681,2025-05-15 09:00:00,EARN,36,44,BKG-001474
LTX-0005381,P03681,2025-09-14 09:00:00,EARN,21,65,BKG-005115
LTX-0005382,P03681,2025-12-04 09:00:00,EARN,50,115,BKG-004775
LTX-0005383,P00624,2025-02-09 09:00:00,EARN,32,32,BKG-002415
LTX-0005384,P00624,2025-02-10 09:00:00,EARN,42,74,BKG-007638
LTX-0005385,P00624,2025-04-29 09:00:00,EARN,44,118,BKG-011979
LTX-0005386,P00624,2025-06-10 09:00:00,EARN,96,214,BKG-002653
LTX-0005387,P00624,2025-07-05 09:00:00,EARN,47,261,BKG-005517
LTX-0005388,P00624,2025-07-05 18:00:00,REDEEM,-10,251,BKG-005517
LTX-0005389,P00624,2025-07-12 09:00:00,EARN,33,284,BKG-001475
LTX-0005390,P01003,2025-05-20 09:00:00,EARN,30,30,BKG-002661
LTX-0005391,P01003,2025-07-07 09:00:00,EARN,47,77,BKG-001477
LTX-0005392,P01821,2025-06-23 09:00:00,EARN,11,11,BKG-010883
LTX-0005393,P01821,2025-11-18 09:00:00,EARN,57,68,BKG-001478
LTX-0005394,P00796,2025-02-18 09:00:00,EARN,30,30,BKG-005069
LTX-0005395,P00796,2025-04-16 09:00:00,EARN,48,78,BKG-007430
LTX-0005396,P00796,2025-07-17 09:00:00,EARN,40,118,BKG-001479
LTX-0005397,P00796,2025-07-17 18:00:00,REDEEM,-10,108,BKG-001479
LTX-0005398,P00796,2025-07-25 09:00:00,EARN,40,148,BKG-011127
LTX-0005399,P01926,2025-03-06 09:00:00,EARN,18,18,BKG-004875
LTX-0005400,P01926,2025-03-21 09:00:00,EARN,78,96,BKG-002354
LTX-0005401,P01926,2025-05-02 09:00:00,EARN,18,114,BKG-005717
LTX-0005402,P01926,2025-05-31 09:00:00,EARN,65,179,BKG-001480
LTX-0005403,P01926,2025-05-31 18:00:00,REDEEM,-20,159,BKG-001480
LTX-0005404,P01926,2025-07-05 09:00:00,EARN,57,216,BKG-009350
LTX-0005405,P01926,2025-10-23 09:00:00,EARN,50,266,BKG-008150
LTX-0005406,P01926,2025-10-28 09:00:00,EARN,29,295,BKG-002815
LTX-0005407,P02381,2025-04-01 09:00:00,EARN,50,50,BKG-001482
LTX-0005408,P02381,2025-07-11 09:00:00,EARN,98,148,BKG-010070
LTX-0005409,P01681,2025-06-04 09:00:00,EARN,18,18,BKG-001483
LTX-0005410,P03757,2025-01-01 09:00:00,EARN,40,40,BKG-001486
LTX-0005411,P03757,2025-01-17 09:00:00,EARN,62,102,BKG-003215
LTX-0005412,P03757,2025-01-17 18:00:00,REDEEM,-30,72,BKG-003215
LTX-0005413,P03757,2025-02-04 09:00:00,EARN,32,104,BKG-003953
LTX-0005414,P03757,2025-05-19 09:00:00,EARN,13,117,BKG-003409
LTX-0005415,P03757,2025-06-27 09:00:00,EARN,69,186,BKG-009684
LTX-0005416,P01546,2025-04-12 09:00:00,EARN,53,53,BKG-001487
LTX-0005417,P01546,2025-06-24 09:00:00,EARN,67,120,BKG-007429
LTX-0005418,P01502,2025-05-24 09:00:00,EARN,60,60,BKG-001489
LTX-0005419,P01502,2025-06-01 09:00:00,EARN,73,133,BKG-007157
LTX-0005420,P01502,2025-07-03 09:00:00,EARN,79,212,BKG-006509
LTX-0005421,P01502,2025-10-06 09:00:00,EARN,38,250,BKG-003479
LTX-0005422,P03033,2025-06-10 09:00:00,EARN,11,11,BKG-001491
LTX-0005423,P02118,2025-06-12 09:00:00,EARN,77,77,BKG-001492
LTX-0005424,P02118,2025-06-26 09:00:00,EARN,35,112,BKG-006219
LTX-0005425,P02118,2025-07-14 09:00:00,EARN,36,148,BKG-010599
LTX-0005426,P02118,2025-09-19 09:00:00,EARN,71,219,BKG-002035
LTX-0005427,P02118,2025-12-06 09:00:00,EARN,39,258,BKG-006159
LTX-0005428,P00109,2025-04-27 09:00:00,EARN,20,20,BKG-001493
LTX-0005429,P00109,2025-09-05 09:00:00,EARN,42,62,BKG-004253
LTX-0005430,P00109,2025-10-19 09:00:00,EARN,83,145,BKG-011937
LTX-0005431,P02466,2025-05-15 09:00:00,EARN,39,39,BKG-007871
LTX-0005432,P02466,2025-06-01 09:00:00,EARN,77,116,BKG-001497
LTX-0005433,P02466,2025-06-10 09:00:00,EARN,56,172,BKG-010271
LTX-0005434,P02466,2025-06-17 09:00:00,EARN,77,249,BKG-010022
LTX-0005435,P02466,2025-07-13 09:00:00,EARN,102,351,BKG-006115
LTX-0005436,P02466,2025-11-26 09:00:00,EARN,28,379,BKG-003062
LTX-0005437,P01247,2025-01-26 09:00:00,EARN,39,39,BKG-008900
LTX-0005438,P01247,2025-02-05 09:00:00,EARN,25,64,BKG-001499
LTX-0005439,P01247,2025-06-19 09:00:00,EARN,70,134,BKG-003469
LTX-0005440,P01247,2025-08-11 09:00:00,EARN,39,173,BKG-009062
LTX-0005441,P01160,2025-03-26 09:00:00,EARN,14,14,BKG-001502
LTX-0005442,P01160,2025-09-06 09:00:00,EARN,10,24,BKG-007367
LTX-0005443,P01160,2025-11-19 09:00:00,EARN,22,46,BKG-004728
LTX-0005444,P03133,2025-03-17 09:00:00,EARN,31,31,BKG-010320
LTX-0005445,P03133,2025-04-21 09:00:00,EARN,26,57,BKG-011729
LTX-0005446,P03133,2025-05-29 09:00:00,EARN,48,105,BKG-001503
LTX-0005447,P03133,2025-06-08 09:00:00,EARN,17,122,BKG-006728
LTX-0005448,P03133,2025-06-08 18:00:00,REDEEM,-20,102,BKG-006728
LTX-0005449,P03133,2025-06-20 09:00:00,EARN,54,156,BKG-007580
LTX-0005450,P03133,2025-06-20 18:00:00,REDEEM,-30,126,BKG-007580
LTX-0005451,P03133,2025-10-12 09:00:00,EARN,40,166,BKG-009067
LTX-0005452,P03133,2025-11-20 09:00:00,EARN,39,205,BKG-003286
LTX-0005453,P03133,2025-11-23 09:00:00,EARN,23,228,BKG-008712
LTX-0005454,P00107,2025-04-14 09:00:00,EARN,55,55,BKG-008178
LTX-0005455,P00107,2025-05-30 09:00:00,EARN,67,122,BKG-001504
LTX-0005456,P00107,2025-05-30 18:00:00,REDEEM,-30,92,BKG-001504
LTX-0005457,P00107,2025-06-11 09:00:00,EARN,73,165,BKG-005435
LTX-0005458,P00107,2025-06-26 09:00:00,EARN,50,215,BKG-011265
LTX-0005459,P00107,2025-06-28 09:00:00,EARN,35,250,BKG-003627
LTX-0005460,P00107,2025-08-03 09:00:00,EARN,73,323,BKG-007941
LTX-0005461,P02048,2025-04-07 09:00:00,EARN,46,46,BKG-009653
LTX-0005462,P02048,2025-06-16 09:00:00,EARN,37,83,BKG-007249
LTX-0005463,P02048,2025-07-10 09:00:00,EARN,37,120,BKG-001505
LTX-0005464,P01218,2025-02-10 09:00:00,EARN,19,19,BKG-005378
LTX-0005465,P01218,2025-05-05 09:00:00,EARN,63,82,BKG-001507
LTX-0005466,P01218,2025-07-08 09:00:00,EARN,97,179,BKG-006743
LTX-0005467,P01824,2025-05-30 09:00:00,EARN,27,27,BKG-002988
LTX-0005468,P01824,2025-09-04 09:00:00,EARN,60,87,BKG-003018
LTX-0005469,P01824,2025-10-20 09:00:00,EARN,79,166,BKG-008328
LTX-0005470,P01824,2025-11-15 09:00:00,EARN,31,197,BKG-001508
LTX-0005471,P01219,2025-01-09 09:00:00,EARN,33,33,BKG-006305
LTX-0005472,P01219,2025-02-08 09:00:00,EARN,21,54,BKG-001509
LTX-0005473,P01219,2025-07-12 09:00:00,EARN,33,87,BKG-008303
LTX-0005474,P01219,2025-07-15 09:00:00,EARN,54,141,BKG-007842
LTX-0005475,P01219,2025-11-28 09:00:00,EARN,27,168,BKG-007291
LTX-0005476,P01219,2025-11-28 18:00:00,REDEEM,-20,148,BKG-007291
LTX-0005477,P01219,2025-12-04 09:00:00,EARN,37,185,BKG-010359
LTX-0005478,P03206,2024-12-26 09:00:00,EARN,64,64,BKG-008431
LTX-0005479,P03206,2025-03-19 09:00:00,EARN,38,102,BKG-002080
LTX-0005480,P03206,2025-05-27 09:00:00,EARN,30,132,BKG-001510
LTX-0005481,P03206,2025-06-30 09:00:00,EARN,106,238,BKG-005523
LTX-0005482,P03206,2025-07-26 09:00:00,EARN,15,253,BKG-002908
LTX-0005483,P03206,2025-08-13 09:00:00,EARN,14,267,BKG-008772
LTX-0005484,P03206,2025-09-19 09:00:00,EARN,26,293,BKG-007476
LTX-0005485,P03206,2025-09-27 09:00:00,EARN,48,341,BKG-007477
LTX-0005486,P01049,2025-01-23 09:00:00,EARN,52,52,BKG-008417
LTX-0005487,P01049,2025-04-03 09:00:00,EARN,28,80,BKG-009523
LTX-0005488,P01049,2025-06-26 09:00:00,EARN,22,102,BKG-001511
LTX-0005489,P01049,2025-07-14 09:00:00,EARN,61,163,BKG-002238
LTX-0005490,P01049,2025-07-14 18:00:00,REDEEM,-10,153,BKG-002238
LTX-0005491,P01049,2025-09-14 09:00:00,EARN,81,234,BKG-003194
LTX-0005492,P01049,2025-11-05 09:00:00,EARN,54,288,BKG-006567
LTX-0005493,P00856,2025-03-17 09:00:00,EARN,71,71,BKG-001512
LTX-0005494,P00856,2025-04-01 09:00:00,EARN,21,92,BKG-002189
LTX-0005495,P02548,2025-03-27 09:00:00,EARN,58,58,BKG-005164
LTX-0005496,P02548,2025-05-04 09:00:00,EARN,64,122,BKG-001513
LTX-0005497,P02548,2025-06-09 09:00:00,EARN,56,178,BKG-007395
LTX-0005498,P02548,2025-10-06 09:00:00,EARN,18,196,BKG-006453
LTX-0005499,P03051,2025-06-05 09:00:00,EARN,11,11,BKG-009534
LTX-0005500,P03051,2025-12-07 09:00:00,EARN,21,32,BKG-009710
LTX-0005501,P03051,2025-12-16 09:00:00,EARN,71,103,BKG-001514
LTX-0005502,P03066,2025-04-18 09:00:00,EARN,32,32,BKG-009895
LTX-0005503,P03066,2025-06-19 09:00:00,EARN,59,91,BKG-010638
LTX-0005504,P03066,2025-06-19 18:00:00,REDEEM,-20,71,BKG-010638
LTX-0005505,P03066,2025-10-21 09:00:00,EARN,47,118,BKG-001515
LTX-0005506,P03066,2025-12-04 09:00:00,EARN,36,154,BKG-005133
LTX-0005507,P03066,2025-12-04 18:00:00,REDEEM,-20,134,BKG-005133
LTX-0005508,P01007,2025-01-01 09:00:00,EARN,32,32,BKG-010723
LTX-0005509,P01007,2025-01-01 18:00:00,REDEEM,-20,12,BKG-010723
LTX-0005510,P01007,2025-06-13 09:00:00,EARN,53,65,BKG-008274
LTX-0005511,P01007,2025-10-03 09:00:00,EARN,36,101,BKG-004785
LTX-0005512,P01007,2025-10-30 09:00:00,EARN,56,157,BKG-001518
LTX-0005513,P01077,2025-03-05 09:00:00,EARN,58,58,BKG-001519
LTX-0005514,P01077,2025-03-21 09:00:00,EARN,74,132,BKG-009609
LTX-0005515,P01077,2025-09-05 09:00:00,EARN,51,183,BKG-008335
LTX-0005516,P03858,2025-03-14 09:00:00,EARN,49,49,BKG-001520
LTX-0005517,P03858,2025-05-11 09:00:00,EARN,10,59,BKG-001944
LTX-0005518,P03858,2025-06-07 09:00:00,EARN,36,95,BKG-011199
LTX-0005519,P03858,2025-12-13 09:00:00,EARN,12,107,BKG-003377
LTX-0005520,P00730,2024-12-15 09:00:00,EARN,40,40,BKG-008324
LTX-0005521,P00730,2024-12-21 09:00:00,EARN,9,49,BKG-003147
LTX-0005522,P00730,2025-06-07 09:00:00,EARN,39,88,BKG-001652
LTX-0005523,P00730,2025-09-22 09:00:00,EARN,66,154,BKG-001521
LTX-0005524,P02647,2025-04-21 09:00:00,EARN,37,37,BKG-001522
LTX-0005525,P02647,2025-05-16 09:00:00,EARN,74,111,BKG-004268
LTX-0005526,P02647,2025-08-07 09:00:00,EARN,53,164,BKG-004694
LTX-0005527,P00770,2025-03-24 09:00:00,EARN,8,8,BKG-006750
LTX-0005528,P00770,2025-04-26 09:00:00,EARN,30,38,BKG-006773
LTX-0005529,P00770,2025-07-31 09:00:00,EARN,34,72,BKG-001525
LTX-0005530,P00770,2025-08-20 09:00:00,EARN,34,106,BKG-005948
LTX-0005531,P00770,2025-09-12 09:00:00,EARN,6,112,BKG-002960
LTX-0005532,P00770,2025-09-16 09:00:00,EARN,51,163,BKG-009529
LTX-0005533,P00770,2025-11-10 09:00:00,EARN,9,172,BKG-008029
LTX-0005534,P00770,2025-11-10 18:00:00,REDEEM,-10,162,BKG-008029
LTX-0005535,P00770,2025-11-11 09:00:00,EARN,34,196,BKG-007384
LTX-0005536,P00770,2025-12-03 09:00:00,EARN,36,232,BKG-009589
LTX-0005537,P03211,2025-02-28 09:00:00,EARN,70,70,BKG-001526
LTX-0005538,P02712,2025-08-14 09:00:00,EARN,66,66,BKG-004502
LTX-0005539,P02712,2025-08-14 18:00:00,REDEEM,-30,36,BKG-004502
LTX-0005540,P02712,2025-09-15 09:00:00,EARN,76,112,BKG-010220
LTX-0005541,P02712,2025-11-30 09:00:00,EARN,75,187,BKG-001527
LTX-0005542,P03923,2025-05-30 09:00:00,EARN,15,15,BKG-001528
LTX-0005543,P03923,2025-06-22 09:00:00,EARN,52,67,BKG-002430
LTX-0005544,P03923,2025-12-21 09:00:00,EARN,23,90,BKG-009518
LTX-0005545,P00055,2025-04-29 09:00:00,EARN,13,13,BKG-001531
LTX-0005546,P00055,2025-06-15 09:00:00,EARN,29,42,BKG-008288
LTX-0005547,P00055,2025-06-15 18:00:00,REDEEM,-20,22,BKG-008288
LTX-0005548,P00055,2025-06-29 09:00:00,EARN,39,61,BKG-006472
LTX-0005549,P00055,2025-10-10 09:00:00,EARN,75,136,BKG-004418
LTX-0005550,P00359,2025-02-23 09:00:00,EARN,31,31,BKG-006445
LTX-0005551,P00359,2025-06-02 09:00:00,EARN,60,91,BKG-001550
LTX-0005552,P00359,2025-06-04 09:00:00,EARN,42,133,BKG-009000
LTX-0005553,P00359,2025-07-28 09:00:00,EARN,69,202,BKG-002419
LTX-0005554,P00359,2025-08-02 09:00:00,EARN,36,238,BKG-001532
LTX-0005555,P00439,2025-01-10 09:00:00,EARN,73,73,BKG-007361
LTX-0005556,P00439,2025-06-27 09:00:00,EARN,81,154,BKG-001534
LTX-0005557,P00439,2025-07-14 09:00:00,EARN,65,219,BKG-009575
LTX-0005558,P00439,2025-07-14 18:00:00,REDEEM,-10,209,BKG-009575
LTX-0005559,P00439,2025-11-27 09:00:00,EARN,79,288,BKG-006996
LTX-0005560,P03959,2025-01-14 09:00:00,EARN,13,13,BKG-002142
LTX-0005561,P03959,2025-05-22 09:00:00,EARN,48,61,BKG-001535
LTX-0005562,P03959,2025-05-22 18:00:00,REDEEM,-10,51,BKG-001535
LTX-0005563,P03959,2025-09-05 09:00:00,EARN,12,63,BKG-003180
LTX-0005564,P03959,2025-09-05 18:00:00,REDEEM,-20,43,BKG-003180
LTX-0005565,P03959,2025-09-12 09:00:00,EARN,15,58,BKG-007818
LTX-0005566,P03959,2025-09-28 09:00:00,EARN,38,96,BKG-004369
LTX-0005567,P02095,2025-09-03 09:00:00,EARN,39,39,BKG-001536
LTX-0005568,P03241,2025-04-20 09:00:00,EARN,17,17,BKG-005251
LTX-0005569,P03241,2025-06-15 09:00:00,EARN,70,87,BKG-004945
LTX-0005570,P03241,2025-08-20 09:00:00,EARN,33,120,BKG-001537
LTX-0005571,P03241,2025-11-10 09:00:00,EARN,40,160,BKG-008532
LTX-0005572,P01022,2025-05-27 09:00:00,EARN,31,31,BKG-001539
LTX-0005573,P01022,2025-12-07 09:00:00,EARN,19,50,BKG-002543
LTX-0005574,P01022,2025-12-07 18:00:00,REDEEM,-30,20,BKG-002543
LTX-0005575,P02998,2025-07-11 09:00:00,EARN,37,37,BKG-001541
LTX-0005576,P02998,2025-10-16 09:00:00,EARN,52,89,BKG-003849
LTX-0005577,P00025,2024-12-10 09:00:00,EARN,30,30,BKG-002236
LTX-0005578,P00025,2024-12-10 18:00:00,REDEEM,-30,0,BKG-002236
LTX-0005579,P00025,2025-06-10 09:00:00,EARN,18,18,BKG-001842
LTX-0005580,P00025,2025-07-02 09:00:00,EARN,54,72,BKG-006087
LTX-0005581,P00025,2025-07-02 18:00:00,REDEEM,-30,42,BKG-006087
LTX-0005582,P00025,2025-11-24 09:00:00,EARN,41,83,BKG-001542
LTX-0005583,P00025,2025-11-24 18:00:00,REDEEM,-30,53,BKG-001542
LTX-0005584,P00903,2025-02-21 09:00:00,EARN,25,25,BKG-005111
LTX-0005585,P00903,2025-05-22 09:00:00,EARN,32,57,BKG-001543
LTX-0005586,P00903,2025-10-28 09:00:00,EARN,62,119,BKG-003448
LTX-0005587,P00903,2025-10-28 18:00:00,REDEEM,-30,89,BKG-003448
LTX-0005588,P03600,2025-07-14 09:00:00,EARN,48,48,BKG-006756
LTX-0005589,P03600,2025-09-10 09:00:00,EARN,75,123,BKG-008258
LTX-0005590,P03600,2025-10-21 09:00:00,EARN,6,129,BKG-001545
LTX-0005591,P02903,2025-02-25 09:00:00,EARN,65,65,BKG-009457
LTX-0005592,P02903,2025-05-12 09:00:00,EARN,49,114,BKG-006266
LTX-0005593,P02903,2025-05-12 18:00:00,REDEEM,-20,94,BKG-006266
LTX-0005594,P02903,2025-06-28 09:00:00,EARN,11,105,BKG-001546
LTX-0005595,P02903,2025-07-14 09:00:00,EARN,46,151,BKG-007226
LTX-0005596,P02903,2025-09-26 09:00:00,EARN,56,207,BKG-007918
LTX-0005597,P02903,2025-10-11 09:00:00,EARN,37,244,BKG-003223
LTX-0005598,P02903,2025-12-05 09:00:00,EARN,33,277,BKG-008188
LTX-0005599,P03084,2025-05-22 09:00:00,EARN,46,46,BKG-001547
LTX-0005600,P03084,2025-11-18 09:00:00,EARN,35,81,BKG-002938
LTX-0005601,P03084,2025-11-23 09:00:00,EARN,40,121,BKG-012425
LTX-0005602,P03951,2025-05-09 09:00:00,EARN,47,47,BKG-008997
LTX-0005603,P03951,2025-06-23 09:00:00,EARN,21,68,BKG-005178
LTX-0005604,P03951,2025-11-15 09:00:00,EARN,35,103,BKG-001549
LTX-0005605,P03951,2025-11-29 09:00:00,EARN,57,160,BKG-012322
LTX-0005606,P00561,2025-02-17 09:00:00,EARN,27,27,BKG-011955
LTX-0005607,P00561,2025-05-14 09:00:00,EARN,49,76,BKG-005964
LTX-0005608,P00561,2025-05-27 09:00:00,EARN,58,134,BKG-001552
LTX-0005609,P00561,2025-12-07 09:00:00,EARN,82,216,BKG-006407
LTX-0005610,P01152,2025-01-03 09:00:00,EARN,36,36,BKG-004002
LTX-0005611,P01152,2025-03-28 09:00:00,EARN,44,80,BKG-001553
LTX-0005612,P01152,2025-05-31 09:00:00,EARN,36,116,BKG-006881
LTX-0005613,P01152,2025-10-19 09:00:00,EARN,11,127,BKG-009544
LTX-0005614,P01152,2025-12-14 09:00:00,EARN,47,174,BKG-008346
LTX-0005615,P00090,2025-06-16 09:00:00,EARN,62,62,BKG-003954
LTX-0005616,P00090,2025-11-08 09:00:00,EARN,28,90,BKG-001554
LTX-0005617,P02575,2025-02-01 09:00:00,EARN,30,30,BKG-008743
LTX-0005618,P02575,2025-07-06 09:00:00,EARN,50,80,BKG-011194
LTX-0005619,P02575,2025-07-23 09:00:00,EARN,63,143,BKG-001555
LTX-0005620,P02575,2025-08-23 09:00:00,EARN,41,184,BKG-005166
LTX-0005621,P01637,2025-05-01 09:00:00,EARN,24,24,BKG-006824
LTX-0005622,P01637,2025-05-31 09:00:00,EARN,10,34,BKG-003390
LTX-0005623,P01637,2025-06-13 09:00:00,EARN,48,82,BKG-001557
LTX-0005624,P01637,2025-06-22 09:00:00,EARN,66,148,BKG-010009
LTX-0005625,P01637,2025-07-03 09:00:00,EARN,50,198,BKG-011264
LTX-0005626,P01637,2025-07-03 18:00:00,REDEEM,-10,188,BKG-011264
LTX-0005627,P01637,2025-09-26 09:00:00,EARN,36,224,BKG-002954
LTX-0005628,P01589,2024-12-31 09:00:00,EARN,79,79,BKG-011063
LTX-0005629,P01589,2025-01-10 09:00:00,EARN,23,102,BKG-001558
LTX-0005630,P01589,2025-01-10 18:00:00,REDEEM,-10,92,BKG-001558
LTX-0005631,P01589,2025-05-21 09:00:00,EARN,77,169,BKG-010180
LTX-0005632,P01589,2025-07-20 09:00:00,EARN,13,182,BKG-009405
LTX-0005633,P01589,2025-08-13 09:00:00,EARN,25,207,BKG-006606
LTX-0005634,P00846,2025-08-21 09:00:00,EARN,23,23,BKG-008577
LTX-0005635,P00846,2025-11-29 09:00:00,EARN,48,71,BKG-001559
LTX-0005636,P00846,2025-11-29 18:00:00,REDEEM,-30,41,BKG-001559
LTX-0005637,P00680,2025-03-19 09:00:00,EARN,32,32,BKG-005337
LTX-0005638,P00680,2025-05-17 09:00:00,EARN,31,63,BKG-008022
LTX-0005639,P00680,2025-10-13 09:00:00,EARN,30,93,BKG-007953
LTX-0005640,P00680,2025-11-19 09:00:00,EARN,62,155,BKG-001561
LTX-0005641,P00680,2025-11-19 18:00:00,REDEEM,-20,135,BKG-001561
LTX-0005642,P00702,2025-02-06 09:00:00,EARN,54,54,BKG-005536
LTX-0005643,P00702,2025-05-09 09:00:00,EARN,38,92,BKG-007553
LTX-0005644,P00702,2025-05-09 18:00:00,REDEEM,-10,82,BKG-007553
LTX-0005645,P00702,2025-06-13 09:00:00,EARN,44,126,BKG-011215
LTX-0005646,P00702,2025-06-21 09:00:00,EARN,42,168,BKG-005075
LTX-0005647,P00702,2025-07-01 09:00:00,EARN,66,234,BKG-008598
LTX-0005648,P00702,2025-07-01 18:00:00,REDEEM,-10,224,BKG-008598
LTX-0005649,P00702,2025-07-02 09:00:00,EARN,72,296,BKG-005409
LTX-0005650,P00702,2025-07-03 09:00:00,EARN,56,352,BKG-001562
LTX-0005651,P03019,2025-01-19 09:00:00,EARN,63,63,BKG-004459
LTX-0005652,P03019,2025-08-17 09:00:00,EARN,15,78,BKG-001563
LTX-0005653,P03488,2025-08-12 09:00:00,EARN,51,51,BKG-012092
LTX-0005654,P03488,2025-09-07 09:00:00,EARN,13,64,BKG-008143
LTX-0005655,P03488,2025-09-28 09:00:00,EARN,18,82,BKG-010529
LTX-0005656,P03488,2025-12-02 09:00:00,EARN,75,157,BKG-001565
LTX-0005657,P03488,2025-12-04 09:00:00,EARN,25,182,BKG-005238
LTX-0005658,P02451,2025-01-03 09:00:00,EARN,34,34,BKG-004157
LTX-0005659,P02451,2025-01-03 18:00:00,REDEEM,-20,14,BKG-004157
LTX-0005660,P02451,2025-03-05 09:00:00,EARN,73,87,BKG-004187
LTX-0005661,P02451,2025-05-12 09:00:00,EARN,12,99,BKG-010307
LTX-0005662,P02451,2025-07-11 09:00:00,EARN,30,129,BKG-001566
LTX-0005663,P02451,2025-12-11 09:00:00,EARN,22,151,BKG-010497
LTX-0005664,P01598,2024-12-23 09:00:00,EARN,34,34,BKG-005222
LTX-0005665,P01598,2024-12-23 18:00:00,REDEEM,-20,14,BKG-005222
LTX-0005666,P01598,2025-05-18 09:00:00,EARN,63,77,BKG-001567
LTX-0005667,P03484,2024-12-26 09:00:00,EARN,42,42,BKG-008174
LTX-0005668,P03484,2025-06-21 09:00:00,EARN,72,114,BKG-010525
LTX-0005669,P03484,2025-11-30 09:00:00,EARN,35,149,BKG-001568
LTX-0005670,P01899,2025-02-03 09:00:00,EARN,76,76,BKG-001576
LTX-0005671,P01899,2025-02-03 18:00:00,REDEEM,-30,46,BKG-001576
LTX-0005672,P01899,2025-05-13 09:00:00,EARN,10,56,BKG-002249
LTX-0005673,P01899,2025-05-13 18:00:00,REDEEM,-20,36,BKG-002249
LTX-0005674,P00440,2025-06-30 09:00:00,EARN,19,19,BKG-010018
LTX-0005675,P00440,2025-11-08 09:00:00,EARN,60,79,BKG-001578
LTX-0005676,P01381,2025-11-19 09:00:00,EARN,39,39,BKG-001579
LTX-0005677,P03769,2024-12-29 09:00:00,EARN,45,45,BKG-001581
LTX-0005678,P03769,2025-01-17 09:00:00,EARN,31,76,BKG-008269
LTX-0005679,P03769,2025-03-20 09:00:00,EARN,50,126,BKG-010830
LTX-0005680,P03769,2025-05-21 09:00:00,EARN,26,152,BKG-009362
LTX-0005681,P03769,2025-05-24 09:00:00,EARN,32,184,BKG-007350
LTX-0005682,P00034,2025-03-23 09:00:00,EARN,31,31,BKG-001583
LTX-0005683,P00034,2025-06-12 09:00:00,EARN,39,70,BKG-010432
LTX-0005684,P00034,2025-07-04 09:00:00,EARN,51,121,BKG-006375
LTX-0005685,P00034,2025-12-03 09:00:00,EARN,64,185,BKG-003715
LTX-0005686,P00034,2025-12-04 09:00:00,EARN,36,221,BKG-008432
LTX-0005687,P03410,2025-04-24 09:00:00,EARN,50,50,BKG-001585
LTX-0005688,P00987,2025-08-25 09:00:00,EARN,29,29,BKG-004167
LTX-0005689,P00987,2025-09-18 09:00:00,EARN,48,77,BKG-001586
LTX-0005690,P00987,2025-09-20 09:00:00,EARN,47,124,BKG-003276
LTX-0005691,P02519,2024-12-25 09:00:00,EARN,34,34,BKG-004300
LTX-0005692,P02519,2025-05-14 09:00:00,EARN,56,90,BKG-001587
LTX-0005693,P02519,2025-06-13 09:00:00,EARN,52,142,BKG-009433
LTX-0005694,P02519,2025-06-28 09:00:00,EARN,28,170,BKG-008892
LTX-0005695,P02519,2025-07-18 09:00:00,EARN,38,208,BKG-009668
LTX-0005696,P02519,2025-09-07 09:00:00,EARN,72,280,BKG-010992
LTX-0005697,P02519,2025-09-26 09:00:00,EARN,74,354,BKG-012342
LTX-0005698,P02519,2025-12-17 09:00:00,EARN,64,418,BKG-008852
LTX-0005699,P03830,2024-12-12 09:00:00,EARN,64,64,BKG-001588
LTX-0005700,P03830,2025-01-25 09:00:00,EARN,66,130,BKG-003389
LTX-0005701,P03830,2025-01-25 18:00:00,REDEEM,-30,100,BKG-003389
LTX-0005702,P03830,2025-07-13 09:00:00,EARN,40,140,BKG-002084
LTX-0005703,P03482,2025-05-30 09:00:00,EARN,74,74,BKG-007313
LTX-0005704,P03482,2025-06-18 09:00:00,EARN,9,83,BKG-001594
LTX-0005705,P01038,2025-03-26 09:00:00,EARN,10,10,BKG-006471
LTX-0005706,P01038,2025-09-19 09:00:00,EARN,26,36,BKG-001595
LTX-0005707,P01038,2025-09-22 09:00:00,EARN,26,62,BKG-003497
LTX-0005708,P01038,2025-11-24 09:00:00,EARN,30,92,BKG-001715
LTX-0005709,P00533,2025-05-01 09:00:00,EARN,35,35,BKG-008915
LTX-0005710,P00533,2025-06-30 09:00:00,EARN,41,76,BKG-004298
LTX-0005711,P00533,2025-08-06 09:00:00,EARN,56,132,BKG-005446
LTX-0005712,P00533,2025-08-06 18:00:00,REDEEM,-20,112,BKG-005446
LTX-0005713,P00533,2025-08-08 09:00:00,EARN,18,130,BKG-001596
LTX-0005714,P02124,2025-03-12 09:00:00,EARN,63,63,BKG-001597
LTX-0005715,P02124,2025-03-12 18:00:00,REDEEM,-30,33,BKG-001597
LTX-0005716,P02124,2025-06-01 09:00:00,EARN,37,70,BKG-002952
LTX-0005717,P02124,2025-06-08 09:00:00,EARN,27,97,BKG-002849
LTX-0005718,P02124,2025-08-16 09:00:00,EARN,16,113,BKG-009257
LTX-0005719,P02321,2025-05-10 09:00:00,EARN,30,30,BKG-005869
LTX-0005720,P02321,2025-05-12 09:00:00,EARN,74,104,BKG-002792
LTX-0005721,P02321,2025-05-16 09:00:00,EARN,40,144,BKG-010781
LTX-0005722,P02321,2025-06-07 09:00:00,EARN,24,168,BKG-007766
LTX-0005723,P02321,2025-07-01 09:00:00,EARN,22,190,BKG-009353
LTX-0005724,P02321,2025-09-20 09:00:00,EARN,46,236,BKG-001598
LTX-0005725,P02321,2025-10-04 09:00:00,EARN,19,255,BKG-012264
LTX-0005726,P02321,2025-11-12 09:00:00,EARN,12,267,BKG-012356
LTX-0005727,P02321,2025-11-13 09:00:00,EARN,66,333,BKG-005321
LTX-0005728,P00206,2025-04-17 09:00:00,EARN,44,44,BKG-006931
LTX-0005729,P00206,2025-05-17 09:00:00,EARN,29,73,BKG-009561
LTX-0005730,P00206,2025-07-04 09:00:00,EARN,25,98,BKG-005781
LTX-0005731,P00206,2025-12-13 09:00:00,EARN,75,173,BKG-001600
LTX-0005732,P00950,2025-05-29 09:00:00,EARN,37,37,BKG-002177
LTX-0005733,P00950,2025-10-18 09:00:00,EARN,46,83,BKG-001601
LTX-0005734,P00950,2025-10-18 18:00:00,REDEEM,-20,63,BKG-001601
LTX-0005735,P01268,2025-04-16 09:00:00,EARN,20,20,BKG-003343
LTX-0005736,P01268,2025-07-13 09:00:00,EARN,22,42,BKG-007682
LTX-0005737,P01268,2025-07-16 09:00:00,EARN,53,95,BKG-001602
LTX-0005738,P01268,2025-08-03 09:00:00,EARN,28,123,BKG-010726
LTX-0005739,P01268,2025-08-03 18:00:00,REDEEM,-20,103,BKG-010726
LTX-0005740,P01268,2025-08-26 09:00:00,EARN,40,143,BKG-011830
LTX-0005741,P01268,2025-12-06 09:00:00,EARN,93,236,BKG-004285
LTX-0005742,P00197,2025-09-17 09:00:00,EARN,34,34,BKG-003894
LTX-0005743,P00197,2025-10-03 09:00:00,EARN,64,98,BKG-001603
LTX-0005744,P00197,2025-12-08 09:00:00,EARN,61,159,BKG-007071
LTX-0005745,P03631,2025-02-24 09:00:00,EARN,57,57,BKG-011096
LTX-0005746,P03631,2025-02-24 18:00:00,REDEEM,-10,47,BKG-011096
LTX-0005747,P03631,2025-09-03 09:00:00,EARN,46,93,BKG-001604
LTX-0005748,P03631,2025-11-20 09:00:00,EARN,19,112,BKG-005034
LTX-0005749,P03631,2025-11-20 18:00:00,REDEEM,-20,92,BKG-005034
LTX-0005750,P03631,2025-12-01 09:00:00,EARN,43,135,BKG-003478
LTX-0005751,P03021,2025-01-29 09:00:00,EARN,40,40,BKG-001607
LTX-0005752,P03021,2025-01-29 18:00:00,REDEEM,-10,30,BKG-001607
LTX-0005753,P03021,2025-04-29 09:00:00,EARN,36,66,BKG-006873
LTX-0005754,P03021,2025-09-07 09:00:00,EARN,51,117,BKG-005176
LTX-0005755,P03021,2025-11-22 09:00:00,EARN,40,157,BKG-010205
LTX-0005756,P03021,2025-11-28 09:00:00,EARN,66,223,BKG-009509
LTX-0005757,P00544,2025-05-10 09:00:00,EARN,31,31,BKG-006278
LTX-0005758,P00544,2025-05-31 09:00:00,EARN,26,57,BKG-012058
LTX-0005759,P00544,2025-06-20 09:00:00,EARN,85,142,BKG-001608
LTX-0005760,P00544,2025-09-10 09:00:00,EARN,10,152,BKG-004931
LTX-0005761,P03179,2025-05-24 09:00:00,EARN,20,20,BKG-009854
LTX-0005762,P03179,2025-10-19 09:00:00,EARN,63,83,BKG-001609
LTX-0005763,P03179,2025-10-19 09:00:00,EARN,14,97,BKG-004652
LTX-0005764,P03179,2025-11-27 09:00:00,EARN,18,115,BKG-009531
LTX-0005765,P00472,2025-04-15 09:00:00,EARN,6,6,BKG-009403
LTX-0005766,P00472,2025-06-30 09:00:00,EARN,75,81,BKG-009045
LTX-0005767,P00472,2025-07-10 09:00:00,EARN,35,116,BKG-001614
LTX-0005768,P00472,2025-07-10 18:00:00,REDEEM,-10,106,BKG-001614
LTX-0005769,P00472,2025-11-11 09:00:00,EARN,35,141,BKG-003322
LTX-0005770,P00472,2025-11-11 09:00:00,EARN,51,192,BKG-006819
LTX-0005771,P01894,2025-04-09 09:00:00,EARN,26,26,BKG-010980
LTX-0005772,P01894,2025-04-09 18:00:00,REDEEM,-20,6,BKG-010980
LTX-0005773,P01894,2025-04-27 09:00:00,EARN,16,22,BKG-001616
LTX-0005774,P01894,2025-08-12 09:00:00,EARN,24,46,BKG-011156
LTX-0005775,P01894,2025-08-22 09:00:00,EARN,18,64,BKG-010521
LTX-0005776,P03217,2025-01-17 09:00:00,EARN,24,24,BKG-001617
LTX-0005777,P03217,2025-07-12 09:00:00,EARN,32,56,BKG-010274
LTX-0005778,P03217,2025-11-09 09:00:00,EARN,40,96,BKG-003943
LTX-0005779,P03889,2024-12-26 09:00:00,EARN,30,30,BKG-001618
LTX-0005780,P03889,2025-01-06 09:00:00,EARN,32,62,BKG-002240
LTX-0005781,P03889,2025-06-06 09:00:00,EARN,58,120,BKG-004616
LTX-0005782,P03889,2025-07-17 09:00:00,EARN,30,150,BKG-008664
LTX-0005783,P03889,2025-07-18 09:00:00,EARN,25,175,BKG-004577
LTX-0005784,P03889,2025-09-04 09:00:00,EARN,39,214,BKG-001856
LTX-0005785,P03889,2025-11-14 09:00:00,EARN,20,234,BKG-008231
LTX-0005786,P03441,2025-06-11 09:00:00,EARN,43,43,BKG-001801
LTX-0005787,P03441,2025-10-07 09:00:00,EARN,16,59,BKG-001620
LTX-0005788,P03441,2025-11-16 09:00:00,EARN,11,70,BKG-004719
LTX-0005789,P00251,2025-02-06 09:00:00,EARN,47,47,BKG-001623
LTX-0005790,P00251,2025-05-07 09:00:00,EARN,60,107,BKG-011463
LTX-0005791,P00251,2025-05-24 09:00:00,EARN,31,138,BKG-004368
LTX-0005792,P00251,2025-11-04 09:00:00,EARN,56,194,BKG-005993
LTX-0005793,P00251,2025-11-10 09:00:00,EARN,36,230,BKG-006925
LTX-0005794,P00251,2025-11-10 18:00:00,REDEEM,-20,210,BKG-006925
LTX-0005795,P00790,2025-02-04 09:00:00,EARN,21,21,BKG-005024
LTX-0005796,P00790,2025-06-15 09:00:00,EARN,50,71,BKG-008130
LTX-0005797,P00790,2025-09-24 09:00:00,EARN,76,147,BKG-001624
LTX-0005798,P02792,2025-03-03 09:00:00,EARN,55,55,BKG-007808
LTX-0005799,P02792,2025-07-02 09:00:00,EARN,7,62,BKG-005681
LTX-0005800,P02792,2025-07-09 09:00:00,EARN,58,120,BKG-004815
LTX-0005801,P02792,2025-09-06 09:00:00,EARN,56,176,BKG-007013
LTX-0005802,P02792,2025-09-07 09:00:00,EARN,25,201,BKG-004350
LTX-0005803,P02792,2025-09-29 09:00:00,EARN,60,261,BKG-001625
LTX-0005804,P02792,2025-11-27 09:00:00,EARN,40,301,BKG-001759
LTX-0005805,P00912,2025-06-18 09:00:00,EARN,9,9,BKG-010867
LTX-0005806,P00912,2025-11-01 09:00:00,EARN,23,32,BKG-001626
LTX-0005807,P00912,2025-11-15 09:00:00,EARN,45,77,BKG-002458
LTX-0005808,P00091,2024-12-22 09:00:00,EARN,28,28,BKG-010355
LTX-0005809,P00091,2025-11-10 09:00:00,EARN,51,79,BKG-001628
LTX-0005810,P00091,2025-11-10 18:00:00,REDEEM,-30,49,BKG-001628
LTX-0005811,P00046,2025-01-24 09:00:00,EARN,44,44,BKG-009462
LTX-0005812,P00046,2025-02-19 09:00:00,EARN,31,75,BKG-001629
LTX-0005813,P00046,2025-02-22 09:00:00,EARN,69,144,BKG-007221
LTX-0005814,P01670,2025-03-09 09:00:00,EARN,63,63,BKG-006292
LTX-0005815,P01670,2025-07-05 09:00:00,EARN,20,83,BKG-001630
LTX-0005816,P01670,2025-11-17 09:00:00,EARN,16,99,BKG-010000
LTX-0005817,P01670,2025-11-20 09:00:00,EARN,20,119,BKG-003870
LTX-0005818,P03717,2025-06-01 09:00:00,EARN,36,36,BKG-012007
LTX-0005819,P03717,2025-08-18 09:00:00,EARN,62,98,BKG-001631
LTX-0005820,P03717,2025-08-21 09:00:00,EARN,45,143,BKG-002499
LTX-0005821,P03717,2025-12-03 09:00:00,EARN,72,215,BKG-010026
LTX-0005822,P03041,2025-06-24 09:00:00,EARN,52,52,BKG-001632
LTX-0005823,P03041,2025-07-04 09:00:00,EARN,44,96,BKG-010038
LTX-0005824,P03041,2025-07-18 09:00:00,EARN,42,138,BKG-005914
LTX-0005825,P02646,2024-12-28 09:00:00,EARN,71,71,BKG-001634
LTX-0005826,P02646,2024-12-28 18:00:00,REDEEM,-10,61,BKG-001634
LTX-0005827,P02646,2025-06-21 09:00:00,EARN,77,138,BKG-006331
LTX-0005828,P02646,2025-09-18 09:00:00,EARN,48,186,BKG-002895
LTX-0005829,P00157,2024-12-26 09:00:00,EARN,84,84,BKG-011430
LTX-0005830,P00157,2025-04-15 09:00:00,EARN,59,143,BKG-003514
LTX-0005831,P00157,2025-06-21 09:00:00,EARN,87,230,BKG-003879
LTX-0005832,P00157,2025-06-22 09:00:00,EARN,41,271,BKG-001637
LTX-0005833,P00157,2025-07-14 09:00:00,EARN,42,313,BKG-009583
LTX-0005834,P00157,2025-07-14 18:00:00,REDEEM,-30,283,BKG-009583
LTX-0005835,P00157,2025-08-04 09:00:00,EARN,59,342,BKG-004396
LTX-0005836,P00157,2025-09-18 09:00:00,EARN,26,368,BKG-007614
LTX-0005837,P00074,2025-01-19 09:00:00,EARN,37,37,BKG-010718
LTX-0005838,P00074,2025-01-21 09:00:00,EARN,47,84,BKG-007677
LTX-0005839,P00074,2025-04-10 09:00:00,EARN,71,155,BKG-009057
LTX-0005840,P00074,2025-06-01 09:00:00,EARN,49,204,BKG-010941
LTX-0005841,P00074,2025-06-18 09:00:00,EARN,86,290,BKG-006942
LTX-0005842,P00074,2025-06-18 18:00:00,REDEEM,-10,280,BKG-006942
LTX-0005843,P00074,2025-07-07 09:00:00,EARN,15,295,BKG-001638
LTX-0005844,P00134,2025-05-02 09:00:00,EARN,65,65,BKG-007679
LTX-0005845,P00134,2025-05-03 09:00:00,EARN,45,110,BKG-001639
LTX-0005846,P00134,2025-05-23 09:00:00,EARN,46,156,BKG-004734
LTX-0005847,P00134,2025-11-08 09:00:00,EARN,20,176,BKG-005956
LTX-0005848,P00864,2025-08-18 09:00:00,EARN,63,63,BKG-001640
LTX-0005849,P00864,2025-10-21 09:00:00,EARN,46,109,BKG-009859
LTX-0005850,P03091,2025-06-05 09:00:00,EARN,30,30,BKG-001641
LTX-0005851,P03091,2025-06-25 09:00:00,EARN,54,84,BKG-011110
LTX-0005852,P03091,2025-06-25 18:00:00,REDEEM,-10,74,BKG-011110
LTX-0005853,P03091,2025-09-07 09:00:00,EARN,73,147,BKG-001659
LTX-0005854,P00549,2025-05-12 09:00:00,EARN,6,6,BKG-011923
LTX-0005855,P00549,2025-09-02 09:00:00,EARN,28,34,BKG-001643
LTX-0005856,P00549,2025-11-01 09:00:00,EARN,66,100,BKG-010901
LTX-0005857,P00894,2025-01-29 09:00:00,EARN,67,67,BKG-001644
LTX-0005858,P00894,2025-04-02 09:00:00,EARN,10,77,BKG-005010
LTX-0005859,P00894,2025-11-30 09:00:00,EARN,21,98,BKG-008919
LTX-0005860,P00654,2025-06-16 09:00:00,EARN,37,37,BKG-001645
LTX-0005861,P00654,2025-06-16 18:00:00,REDEEM,-10,27,BKG-001645
LTX-0005862,P01972,2025-08-09 09:00:00,EARN,20,20,BKG-003750
LTX-0005863,P01972,2025-12-15 09:00:00,EARN,43,63,BKG-001646
LTX-0005864,P02680,2025-01-23 09:00:00,EARN,6,6,BKG-001647
LTX-0005865,P02680,2025-07-07 09:00:00,EARN,57,63,BKG-001649
LTX-0005866,P02680,2025-12-03 09:00:00,EARN,58,121,BKG-006416
LTX-0005867,P03095,2024-12-24 09:00:00,EARN,68,68,BKG-005012
LTX-0005868,P03095,2025-02-07 09:00:00,EARN,37,105,BKG-011772
LTX-0005869,P03095,2025-06-19 09:00:00,EARN,119,224,BKG-010292
LTX-0005870,P03095,2025-07-09 09:00:00,EARN,62,286,BKG-001650
LTX-0005871,P03095,2025-07-24 09:00:00,EARN,8,294,BKG-006329
LTX-0005872,P03095,2025-11-12 09:00:00,EARN,49,343,BKG-007370
LTX-0005873,P03095,2025-11-12 18:00:00,REDEEM,-20,323,BKG-007370
LTX-0005874,P00098,2024-12-11 09:00:00,EARN,18,18,BKG-005308
LTX-0005875,P00098,2025-05-11 09:00:00,EARN,47,65,BKG-005284
LTX-0005876,P00098,2025-05-11 18:00:00,REDEEM,-30,35,BKG-005284
LTX-0005877,P00098,2025-11-26 09:00:00,EARN,18,53,BKG-003033
LTX-0005878,P00098,2025-12-04 09:00:00,EARN,48,101,BKG-001651
LTX-0005879,P00098,2025-12-04 09:00:00,EARN,40,141,BKG-004384
LTX-0005880,P01947,2025-04-24 09:00:00,EARN,47,47,BKG-009425
LTX-0005881,P01947,2025-05-16 09:00:00,EARN,39,86,BKG-001653
LTX-0005882,P01947,2025-05-31 09:00:00,EARN,53,139,BKG-009656
LTX-0005883,P01947,2025-05-31 09:00:00,EARN,33,172,BKG-009867
LTX-0005884,P01947,2025-06-12 09:00:00,EARN,63,235,BKG-003012
LTX-0005885,P01947,2025-06-12 18:00:00,REDEEM,-30,205,BKG-003012
LTX-0005886,P01400,2025-05-26 09:00:00,EARN,60,60,BKG-009997
LTX-0005887,P01400,2025-11-09 09:00:00,EARN,41,101,BKG-001655
LTX-0005888,P00844,2024-12-25 09:00:00,EARN,28,28,BKG-001656
LTX-0005889,P00844,2025-01-21 09:00:00,EARN,33,61,BKG-004807
LTX-0005890,P00844,2025-06-10 09:00:00,EARN,44,105,BKG-008834
LTX-0005891,P00844,2025-07-21 09:00:00,EARN,62,167,BKG-010098
LTX-0005892,P00844,2025-08-10 09:00:00,EARN,23,190,BKG-006611
LTX-0005893,P03997,2025-02-21 09:00:00,EARN,74,74,BKG-001658
LTX-0005894,P03997,2025-05-23 09:00:00,EARN,35,109,BKG-005845
LTX-0005895,P03997,2025-06-16 09:00:00,EARN,33,142,BKG-010162
LTX-0005896,P03997,2025-07-26 09:00:00,EARN,68,210,BKG-006676
LTX-0005897,P02239,2025-02-08 09:00:00,EARN,81,81,BKG-001660
LTX-0005898,P02239,2025-06-15 09:00:00,EARN,86,167,BKG-006647
LTX-0005899,P02024,2025-01-22 09:00:00,EARN,53,53,BKG-005357
LTX-0005900,P02024,2025-08-15 09:00:00,EARN,51,104,BKG-001661
LTX-0005901,P02024,2025-08-15 18:00:00,REDEEM,-20,84,BKG-001661
LTX-0005902,P02024,2025-11-27 09:00:00,EARN,84,168,BKG-006179
LTX-0005903,P02024,2025-11-27 18:00:00,REDEEM,-20,148,BKG-006179
LTX-0005904,P02024,2025-12-10 09:00:00,EARN,38,186,BKG-004230
LTX-0005905,P02024,2025-12-10 18:00:00,REDEEM,-10,176,BKG-004230
LTX-0005906,P01930,2025-06-16 09:00:00,EARN,10,10,BKG-001664
LTX-0005907,P01930,2025-09-28 09:00:00,EARN,38,48,BKG-002994
LTX-0005908,P02486,2025-08-11 09:00:00,EARN,27,27,BKG-005561
LTX-0005909,P02486,2025-08-21 09:00:00,EARN,56,83,BKG-001911
LTX-0005910,P02486,2025-09-13 09:00:00,EARN,37,120,BKG-001666
LTX-0005911,P02486,2025-11-21 09:00:00,EARN,38,158,BKG-007307
LTX-0005912,P02486,2025-12-03 09:00:00,EARN,28,186,BKG-008910
LTX-0005913,P00855,2025-09-24 09:00:00,EARN,42,42,BKG-011271
LTX-0005914,P00855,2025-11-17 09:00:00,EARN,15,57,BKG-001667
LTX-0005915,P01595,2025-05-20 09:00:00,EARN,56,56,BKG-001670
LTX-0005916,P01595,2025-05-20 18:00:00,REDEEM,-30,26,BKG-001670
LTX-0005917,P01595,2025-07-19 09:00:00,EARN,51,77,BKG-002129
LTX-0005918,P01595,2025-12-12 09:00:00,EARN,23,100,BKG-002319
LTX-0005919,P03732,2025-06-24 09:00:00,EARN,22,22,BKG-001672
LTX-0005920,P03732,2025-12-20 09:00:00,EARN,58,80,BKG-008698
LTX-0005921,P00575,2025-02-17 09:00:00,EARN,78,78,BKG-004841
LTX-0005922,P00575,2025-05-23 09:00:00,EARN,76,154,BKG-001676
LTX-0005923,P00575,2025-11-11 09:00:00,EARN,39,193,BKG-009284
LTX-0005924,P01467,2025-01-17 09:00:00,EARN,42,42,BKG-002017
LTX-0005925,P01467,2025-05-20 09:00:00,EARN,58,100,BKG-011542
LTX-0005926,P01467,2025-07-09 09:00:00,EARN,39,139,BKG-001677
LTX-0005927,P02388,2024-12-31 09:00:00,EARN,46,46,BKG-012090
LTX-0005928,P02388,2025-03-18 09:00:00,EARN,29,75,BKG-001679
LTX-0005929,P02388,2025-06-26 09:00:00,EARN,36,111,BKG-008839
LTX-0005930,P01299,2025-01-01 09:00:00,EARN,36,36,BKG-001680
LTX-0005931,P01299,2025-01-01 18:00:00,REDEEM,-10,26,BKG-001680
LTX-0005932,P01299,2025-02-01 09:00:00,EARN,46,72,BKG-006302
LTX-0005933,P01299,2025-07-05 09:00:00,EARN,45,117,BKG-003840
LTX-0005934,P01299,2025-10-15 09:00:00,EARN,22,139,BKG-004525
LTX-0005935,P01299,2025-11-15 09:00:00,EARN,43,182,BKG-010849
LTX-0005936,P01299,2025-11-15 18:00:00,REDEEM,-30,152,BKG-010849
LTX-0005937,P00288,2025-02-20 09:00:00,EARN,24,24,BKG-010027
LTX-0005938,P00288,2025-09-06 09:00:00,EARN,24,48,BKG-001686
LTX-0005939,P00288,2025-09-21 09:00:00,EARN,69,117,BKG-010306
LTX-0005940,P00288,2025-11-14 09:00:00,EARN,28,145,BKG-007087
LTX-0005941,P02046,2025-02-15 09:00:00,EARN,26,26,BKG-003081
LTX-0005942,P02046,2025-03-10 09:00:00,EARN,36,62,BKG-005171
LTX-0005943,P02046,2025-04-08 09:00:00,EARN,27,89,BKG-005332
LTX-0005944,P02046,2025-08-18 09:00:00,EARN,24,113,BKG-001688
LTX-0005945,P02046,2025-09-20 09:00:00,EARN,24,137,BKG-008611
LTX-0005946,P02800,2025-05-30 09:00:00,EARN,26,26,BKG-011137
LTX-0005947,P02800,2025-06-04 09:00:00,EARN,29,55,BKG-010247
LTX-0005948,P02800,2025-07-11 09:00:00,EARN,34,89,BKG-009465
LTX-0005949,P02800,2025-09-01 09:00:00,EARN,50,139,BKG-001689
LTX-0005950,P02800,2025-09-01 18:00:00,REDEEM,-20,119,BKG-001689
LTX-0005951,P02800,2025-11-09 09:00:00,EARN,26,145,BKG-001705
LTX-0005952,P02800,2025-11-24 09:00:00,EARN,64,209,BKG-010876
LTX-0005953,P02356,2025-02-14 09:00:00,EARN,56,56,BKG-001690
LTX-0005954,P02356,2025-05-29 09:00:00,EARN,85,141,BKG-010837
LTX-0005955,P02356,2025-07-20 09:00:00,EARN,32,173,BKG-009977
LTX-0005956,P02356,2025-08-03 09:00:00,EARN,8,181,BKG-010471
LTX-0005957,P02356,2025-10-06 09:00:00,EARN,31,212,BKG-011006
LTX-0005958,P02356,2025-11-15 09:00:00,EARN,41,253,BKG-002101
LTX-0005959,P00858,2025-02-24 09:00:00,EARN,38,38,BKG-001691
LTX-0005960,P00858,2025-02-24 18:00:00,REDEEM,-30,8,BKG-001691
LTX-0005961,P00858,2025-06-01 09:00:00,EARN,85,93,BKG-011273
LTX-0005962,P00858,2025-07-10 09:00:00,EARN,51,144,BKG-004434
LTX-0005963,P00858,2025-07-27 09:00:00,EARN,27,171,BKG-003207
LTX-0005964,P00858,2025-10-02 09:00:00,EARN,45,216,BKG-005412
LTX-0005965,P00858,2025-10-05 09:00:00,EARN,36,252,BKG-002296
LTX-0005966,P00858,2025-12-10 09:00:00,EARN,34,286,BKG-004347
LTX-0005967,P02416,2025-02-05 09:00:00,EARN,55,55,BKG-008021
LTX-0005968,P02416,2025-05-10 09:00:00,EARN,30,85,BKG-009094
LTX-0005969,P02416,2025-05-30 09:00:00,EARN,24,109,BKG-002741
LTX-0005970,P02416,2025-11-21 09:00:00,EARN,57,166,BKG-004360
LTX-0005971,P02416,2025-11-27 09:00:00,EARN,13,179,BKG-001692
LTX-0005972,P02416,2025-12-04 09:00:00,EARN,51,230,BKG-007804
LTX-0005973,P01935,2025-06-02 09:00:00,EARN,36,36,BKG-001693
LTX-0005974,P01935,2025-07-05 09:00:00,EARN,50,86,BKG-005096
LTX-0005975,P01179,2025-07-17 09:00:00,EARN,82,82,BKG-010756
LTX-0005976,P01179,2025-08-30 09:00:00,EARN,42,124,BKG-001694
LTX-0005977,P01179,2025-08-30 09:00:00,EARN,38,162,BKG-003092
LTX-0005978,P01179,2025-10-12 09:00:00,EARN,24,186,BKG-011801
LTX-0005979,P01179,2025-10-12 18:00:00,REDEEM,-20,166,BKG-011801
LTX-0005980,P03998,2025-01-20 09:00:00,EARN,63,63,BKG-002427
LTX-0005981,P03998,2025-01-20 18:00:00,REDEEM,-30,33,BKG-002427
LTX-0005982,P03998,2025-03-16 09:00:00,EARN,52,85,BKG-005490
LTX-0005983,P03998,2025-05-25 09:00:00,EARN,16,101,BKG-004000
LTX-0005984,P03998,2025-07-17 09:00:00,EARN,32,133,BKG-002946
LTX-0005985,P03998,2025-12-03 09:00:00,EARN,53,186,BKG-004915
LTX-0005986,P03998,2025-12-04 09:00:00,EARN,46,232,BKG-001695
LTX-0005987,P03998,2025-12-06 09:00:00,EARN,71,303,BKG-002624
LTX-0005988,P03900,2025-01-08 09:00:00,EARN,40,40,BKG-012478
LTX-0005989,P03900,2025-05-10 09:00:00,EARN,24,64,BKG-009024
LTX-0005990,P03900,2025-06-28 09:00:00,EARN,22,86,BKG-009148
LTX-0005991,P03900,2025-08-13 09:00:00,EARN,56,142,BKG-011625
LTX-0005992,P03900,2025-09-22 09:00:00,EARN,38,180,BKG-010625
LTX-0005993,P03900,2025-10-20 09:00:00,EARN,64,244,BKG-009747
LTX-0005994,P03900,2025-11-25 09:00:00,EARN,48,292,BKG-008928
LTX-0005995,P03900,2025-11-25 18:00:00,REDEEM,-30,262,BKG-008928
LTX-0005996,P03900,2025-12-16 09:00:00,EARN,31,293,BKG-001697
LTX-0005997,P01243,2025-03-13 09:00:00,EARN,42,42,BKG-001698
LTX-0005998,P01243,2025-06-02 09:00:00,EARN,26,68,BKG-006043
LTX-0005999,P01243,2025-06-05 09:00:00,EARN,59,127,BKG-010560
LTX-0006000,P00860,2025-05-16 09:00:00,EARN,57,57,BKG-010452
LTX-0006001,P00860,2025-06-03 09:00:00,EARN,25,82,BKG-001702
LTX-0006002,P00860,2025-06-03 18:00:00,REDEEM,-30,52,BKG-001702
LTX-0006003,P00860,2025-07-02 09:00:00,EARN,70,122,BKG-005971
LTX-0006004,P03234,2025-04-23 09:00:00,EARN,63,63,BKG-006288
LTX-0006005,P03234,2025-05-23 09:00:00,EARN,27,90,BKG-008038
LTX-0006006,P03234,2025-07-19 09:00:00,EARN,42,132,BKG-001707
LTX-0006007,P03808,2024-12-16 09:00:00,EARN,31,31,BKG-004464
LTX-0006008,P03808,2025-06-04 09:00:00,EARN,58,89,BKG-004217
LTX-0006009,P03808,2025-08-29 09:00:00,EARN,18,107,BKG-001708
LTX-0006010,P03808,2025-09-06 09:00:00,EARN,43,150,BKG-003896
LTX-0006011,P03808,2025-12-11 09:00:00,EARN,53,203,BKG-002426
LTX-0006012,P03808,2025-12-11 18:00:00,REDEEM,-20,183,BKG-002426
LTX-0006013,P02192,2025-01-06 09:00:00,EARN,40,40,BKG-009356
LTX-0006014,P02192,2025-01-13 09:00:00,EARN,6,46,BKG-011587
LTX-0006015,P02192,2025-01-30 09:00:00,EARN,48,94,BKG-011514
LTX-0006016,P02192,2025-03-01 09:00:00,EARN,28,122,BKG-001713
LTX-0006017,P02192,2025-09-17 09:00:00,EARN,66,188,BKG-001995
LTX-0006018,P02986,2025-02-24 09:00:00,EARN,63,63,BKG-001714
LTX-0006019,P00462,2025-02-21 09:00:00,EARN,10,10,BKG-001716
LTX-0006020,P00462,2025-08-27 09:00:00,EARN,26,36,BKG-005613
LTX-0006021,P02954,2025-05-30 09:00:00,EARN,48,48,BKG-012188
LTX-0006022,P02954,2025-06-10 09:00:00,EARN,100,148,BKG-002987
LTX-0006023,P02954,2025-06-10 18:00:00,REDEEM,-30,118,BKG-002987
LTX-0006024,P02954,2025-06-28 09:00:00,EARN,16,134,BKG-002530
LTX-0006025,P02954,2025-07-14 09:00:00,EARN,50,184,BKG-001717
LTX-0006026,P03510,2025-01-14 09:00:00,EARN,18,18,BKG-001718
LTX-0006027,P03510,2025-03-11 09:00:00,EARN,43,61,BKG-006010
LTX-0006028,P03510,2025-07-02 09:00:00,EARN,90,151,BKG-012025
LTX-0006029,P03510,2025-07-10 09:00:00,EARN,40,191,BKG-002403
LTX-0006030,P03510,2025-11-18 09:00:00,EARN,17,208,BKG-003691
LTX-0006031,P01739,2025-03-20 09:00:00,EARN,64,64,BKG-006076
LTX-0006032,P01739,2025-05-15 09:00:00,EARN,32,96,BKG-008887
LTX-0006033,P01739,2025-05-19 09:00:00,EARN,64,160,BKG-007424
LTX-0006034,P01739,2025-05-21 09:00:00,EARN,22,182,BKG-006792
LTX-0006035,P01739,2025-05-27 09:00:00,EARN,29,211,BKG-001719
LTX-0006036,P01739,2025-08-11 09:00:00,EARN,39,250,BKG-005055
LTX-0006037,P01739,2025-11-06 09:00:00,EARN,58,308,BKG-003802
LTX-0006038,P01739,2025-11-16 09:00:00,EARN,21,329,BKG-010534
LTX-0006039,P02793,2025-05-01 09:00:00,EARN,68,68,BKG-007449
LTX-0006040,P02793,2025-06-16 09:00:00,EARN,39,107,BKG-010673
LTX-0006041,P02793,2025-10-01 09:00:00,EARN,16,123,BKG-005983
LTX-0006042,P02793,2025-11-11 09:00:00,EARN,39,162,BKG-001721
LTX-0006043,P03798,2025-02-20 09:00:00,EARN,62,62,BKG-001722
LTX-0006044,P03798,2025-06-22 09:00:00,EARN,41,103,BKG-009989
LTX-0006045,P00417,2025-05-12 09:00:00,EARN,22,22,BKG-001723
LTX-0006046,P00417,2025-07-26 09:00:00,EARN,22,44,BKG-008525
LTX-0006047,P00417,2025-08-28 09:00:00,EARN,32,76,BKG-007912
LTX-0006048,P00417,2025-11-19 09:00:00,EARN,22,98,BKG-010164
LTX-0006049,P00417,2025-11-23 09:00:00,EARN,26,124,BKG-007902
LTX-0006050,P02087,2025-06-22 09:00:00,EARN,54,54,BKG-001724
LTX-0006051,P02087,2025-08-12 09:00:00,EARN,10,64,BKG-003622
LTX-0006052,P02087,2025-09-13 09:00:00,EARN,70,134,BKG-012352
LTX-0006053,P02087,2025-12-03 09:00:00,EARN,25,159,BKG-004582
LTX-0006054,P00965,2025-11-06 09:00:00,EARN,78,78,BKG-001725
LTX-0006055,P03628,2024-12-23 09:00:00,EARN,44,44,BKG-001726
LTX-0006056,P03628,2025-01-01 09:00:00,EARN,28,72,BKG-012440
LTX-0006057,P03628,2025-01-01 18:00:00,REDEEM,-10,62,BKG-012440
LTX-0006058,P03628,2025-07-03 09:00:00,EARN,87,149,BKG-009603
LTX-0006059,P00139,2025-05-19 09:00:00,EARN,59,59,BKG-005783
LTX-0006060,P00139,2025-06-13 09:00:00,EARN,43,102,BKG-001727
LTX-0006061,P00139,2025-12-10 09:00:00,EARN,32,134,BKG-005101
LTX-0006062,P03832,2025-01-18 09:00:00,EARN,66,66,BKG-004737
LTX-0006063,P03832,2025-08-02 09:00:00,EARN,8,74,BKG-009014
LTX-0006064,P03832,2025-08-17 09:00:00,EARN,41,115,BKG-001728
LTX-0006065,P03832,2025-08-17 18:00:00,REDEEM,-30,85,BKG-001728
LTX-0006066,P03832,2025-08-27 09:00:00,EARN,76,161,BKG-004179
LTX-0006067,P03832,2025-08-27 18:00:00,REDEEM,-10,151,BKG-004179
LTX-0006068,P01854,2025-04-14 09:00:00,EARN,22,22,BKG-011361
LTX-0006069,P01854,2025-05-16 09:00:00,EARN,41,63,BKG-001730
LTX-0006070,P01854,2025-06-25 09:00:00,EARN,9,72,BKG-008857
LTX-0006071,P01296,2025-05-29 09:00:00,EARN,68,68,BKG-001731
LTX-0006072,P01642,2025-06-14 09:00:00,EARN,80,80,BKG-006049
LTX-0006073,P01642,2025-07-06 09:00:00,EARN,39,119,BKG-001735
LTX-0006074,P01642,2025-09-15 09:00:00,EARN,38,157,BKG-012300
LTX-0006075,P03932,2025-01-19 09:00:00,EARN,24,24,BKG-005076
LTX-0006076,P03932,2025-04-15 09:00:00,EARN,9,33,BKG-009685
LTX-0006077,P03932,2025-04-17 09:00:00,EARN,42,75,BKG-001736
LTX-0006078,P03932,2025-07-19 09:00:00,EARN,56,131,BKG-006119
LTX-0006079,P03932,2025-10-22 09:00:00,EARN,26,157,BKG-003258
LTX-0006080,P03932,2025-12-12 09:00:00,EARN,45,202,BKG-009941
LTX-0006081,P02272,2025-07-06 09:00:00,EARN,56,56,BKG-007867
LTX-0006082,P02272,2025-11-07 09:00:00,EARN,16,72,BKG-001737
LTX-0006083,P02754,2025-05-24 09:00:00,EARN,56,56,BKG-001739
LTX-0006084,P02754,2025-08-17 09:00:00,EARN,40,96,BKG-010254
LTX-0006085,P02754,2025-11-18 09:00:00,EARN,28,124,BKG-012454
LTX-0006086,P00641,2025-03-06 09:00:00,EARN,20,20,BKG-005106
LTX-0006087,P00641,2025-05-18 09:00:00,EARN,54,74,BKG-005738
LTX-0006088,P00641,2025-05-19 09:00:00,EARN,72,146,BKG-007146
LTX-0006089,P00641,2025-06-23 09:00:00,EARN,17,163,BKG-002526
LTX-0006090,P00641,2025-06-24 09:00:00,EARN,46,209,BKG-001741
LTX-0006091,P00641,2025-11-23 09:00:00,EARN,11,220,BKG-002278
LTX-0006092,P00641,2025-11-29 09:00:00,EARN,74,294,BKG-006907
LTX-0006093,P01562,2025-08-08 09:00:00,EARN,54,54,BKG-009269
LTX-0006094,P01562,2025-12-07 09:00:00,EARN,30,84,BKG-001742
LTX-0006095,P02622,2025-05-23 09:00:00,EARN,69,69,BKG-001743
LTX-0006096,P02622,2025-10-05 09:00:00,EARN,73,142,BKG-011594
LTX-0006097,P02247,2025-02-27 09:00:00,EARN,30,30,BKG-001744
LTX-0006098,P02247,2025-06-11 09:00:00,EARN,27,57,BKG-006911
LTX-0006099,P02247,2025-06-21 09:00:00,EARN,21,78,BKG-002367
LTX-0006100,P02247,2025-11-08 09:00:00,EARN,56,134,BKG-005391
LTX-0006101,P02292,2025-02-16 09:00:00,EARN,46,46,BKG-001746
LTX-0006102,P02292,2025-02-16 18:00:00,REDEEM,-10,36,BKG-001746
LTX-0006103,P02292,2025-06-16 09:00:00,EARN,20,56,BKG-011661
LTX-0006104,P02292,2025-07-05 09:00:00,EARN,34,90,BKG-006366
LTX-0006105,P02292,2025-07-05 18:00:00,REDEEM,-10,80,BKG-006366
LTX-0006106,P02292,2025-09-24 09:00:00,EARN,30,110,BKG-001870
LTX-0006107,P02292,2025-11-19 09:00:00,EARN,60,170,BKG-003799
LTX-0006108,P01253,2025-03-05 09:00:00,EARN,36,36,BKG-001749
LTX-0006109,P01253,2025-03-14 09:00:00,EARN,58,94,BKG-007816
LTX-0006110,P01253,2025-09-20 09:00:00,EARN,40,134,BKG-012131
LTX-0006111,P03801,2024-12-28 09:00:00,EARN,25,25,BKG-003698
LTX-0006112,P03801,2025-01-12 09:00:00,EARN,51,76,BKG-001750
LTX-0006113,P03801,2025-05-10 09:00:00,EARN,60,136,BKG-009776
LTX-0006114,P03801,2025-06-03 09:00:00,EARN,12,148,BKG-007772
LTX-0006115,P03801,2025-09-20 09:00:00,EARN,28,176,BKG-006146
LTX-0006116,P03801,2025-09-20 18:00:00,REDEEM,-10,166,BKG-006146
LTX-0006117,P03801,2025-12-10 09:00:00,EARN,56,222,BKG-009033
LTX-0006118,P03716,2024-12-12 09:00:00,EARN,24,24,BKG-012401
LTX-0006119,P03716,2025-02-11 09:00:00,EARN,40,64,BKG-007977
LTX-0006120,P03716,2025-04-15 09:00:00,EARN,80,144,BKG-009497
LTX-0006121,P03716,2025-05-12 09:00:00,EARN,30,174,BKG-005710
LTX-0006122,P03716,2025-05-16 09:00:00,EARN,44,218,BKG-002128
LTX-0006123,P03716,2025-06-11 09:00:00,EARN,59,277,BKG-010915
LTX-0006124,P03716,2025-06-27 09:00:00,EARN,53,330,BKG-010800
LTX-0006125,P03716,2025-11-26 09:00:00,EARN,19,349,BKG-001752
LTX-0006126,P03716,2025-11-26 18:00:00,REDEEM,-30,319,BKG-001752
LTX-0006127,P03716,2025-12-05 09:00:00,EARN,19,338,BKG-002235
LTX-0006128,P02882,2025-05-03 09:00:00,EARN,28,28,BKG-011326
LTX-0006129,P02882,2025-06-10 09:00:00,EARN,18,46,BKG-005142
LTX-0006130,P02882,2025-06-28 09:00:00,EARN,36,82,BKG-006214
LTX-0006131,P02882,2025-08-29 09:00:00,EARN,42,124,BKG-008154
LTX-0006132,P02882,2025-11-19 09:00:00,EARN,72,196,BKG-001754
LTX-0006133,P01511,2025-03-22 09:00:00,EARN,16,16,BKG-001755
LTX-0006134,P01511,2025-06-07 09:00:00,EARN,98,114,BKG-008103
LTX-0006135,P01511,2025-06-16 09:00:00,EARN,63,177,BKG-005977
LTX-0006136,P01511,2025-07-17 09:00:00,EARN,75,252,BKG-002495
LTX-0006137,P01511,2025-09-24 09:00:00,EARN,32,284,BKG-004078
LTX-0006138,P01511,2025-10-06 09:00:00,EARN,10,294,BKG-011735
LTX-0006139,P02173,2024-12-20 09:00:00,EARN,54,54,BKG-008875
LTX-0006140,P02173,2024-12-20 18:00:00,REDEEM,-30,24,BKG-008875
LTX-0006141,P02173,2025-01-25 09:00:00,EARN,41,65,BKG-001756
LTX-0006142,P02173,2025-03-03 09:00:00,EARN,26,91,BKG-003778
LTX-0006143,P02173,2025-11-24 09:00:00,EARN,32,123,BKG-002186
LTX-0006144,P02495,2025-10-13 09:00:00,EARN,18,18,BKG-011689
LTX-0006145,P02495,2025-12-09 09:00:00,EARN,65,83,BKG-001757
LTX-0006146,P00378,2025-01-12 09:00:00,EARN,22,22,BKG-003916
LTX-0006147,P00378,2025-07-02 09:00:00,EARN,47,69,BKG-001760
LTX-0006148,P01510,2025-11-02 09:00:00,EARN,25,25,BKG-001761
LTX-0006149,P00077,2025-04-30 09:00:00,EARN,34,34,BKG-003652
LTX-0006150,P00077,2025-05-30 09:00:00,EARN,48,82,BKG-001762
LTX-0006151,P00077,2025-05-30 18:00:00,REDEEM,-10,72,BKG-001762
LTX-0006152,P00077,2025-11-29 09:00:00,EARN,52,124,BKG-012473
LTX-0006153,P00077,2025-12-07 09:00:00,EARN,54,178,BKG-005460
LTX-0006154,P03250,2025-05-16 09:00:00,EARN,36,36,BKG-008551
LTX-0006155,P03250,2025-05-16 18:00:00,REDEEM,-30,6,BKG-008551
LTX-0006156,P03250,2025-11-12 09:00:00,EARN,57,63,BKG-001763
LTX-0006157,P00165,2025-06-06 09:00:00,EARN,74,74,BKG-011149
LTX-0006158,P00165,2025-06-11 09:00:00,EARN,19,93,BKG-004351
LTX-0006159,P00165,2025-06-23 09:00:00,EARN,60,153,BKG-001765
LTX-0006160,P00165,2025-06-23 18:00:00,REDEEM,-10,143,BKG-001765
LTX-0006161,P03167,2025-03-22 09:00:00,EARN,69,69,BKG-001766
LTX-0006162,P03167,2025-08-20 09:00:00,EARN,52,121,BKG-002194
LTX-0006163,P03167,2025-08-20 18:00:00,REDEEM,-10,111,BKG-002194
LTX-0006164,P03167,2025-10-12 09:00:00,EARN,50,161,BKG-007107
LTX-0006165,P03167,2025-11-17 09:00:00,EARN,60,221,BKG-004395
LTX-0006166,P03167,2025-11-17 18:00:00,REDEEM,-20,201,BKG-004395
LTX-0006167,P02122,2025-02-12 09:00:00,EARN,28,28,BKG-002847
LTX-0006168,P02122,2025-07-04 09:00:00,EARN,11,39,BKG-001767
LTX-0006169,P02122,2025-11-30 09:00:00,EARN,34,73,BKG-003298
LTX-0006170,P03539,2024-12-13 09:00:00,EARN,16,16,BKG-001768
LTX-0006171,P03539,2025-05-28 09:00:00,EARN,46,62,BKG-012429
LTX-0006172,P03539,2025-07-15 09:00:00,EARN,54,116,BKG-008515
LTX-0006173,P03539,2025-12-11 09:00:00,EARN,72,188,BKG-009965
LTX-0006174,P00503,2025-02-17 09:00:00,EARN,19,19,BKG-004173
LTX-0006175,P00503,2025-04-09 09:00:00,EARN,38,57,BKG-011427
LTX-0006176,P00503,2025-05-16 09:00:00,EARN,49,106,BKG-003080
LTX-0006177,P00503,2025-06-23 09:00:00,EARN,69,175,BKG-009006
LTX-0006178,P00503,2025-07-12 09:00:00,EARN,36,211,BKG-011539
LTX-0006179,P00503,2025-08-24 09:00:00,EARN,24,235,BKG-010113
LTX-0006180,P00503,2025-11-18 09:00:00,EARN,24,259,BKG-001769
LTX-0006181,P01674,2025-03-21 09:00:00,EARN,16,16,BKG-007735
LTX-0006182,P01674,2025-03-21 18:00:00,REDEEM,-10,6,BKG-007735
LTX-0006183,P01674,2025-04-03 09:00:00,EARN,33,39,BKG-009128
LTX-0006184,P01674,2025-06-15 09:00:00,EARN,102,141,BKG-004220
LTX-0006185,P01674,2025-06-24 09:00:00,EARN,30,171,BKG-001770
LTX-0006186,P01674,2025-06-24 18:00:00,REDEEM,-30,141,BKG-001770
LTX-0006187,P01674,2025-12-01 09:00:00,EARN,76,217,BKG-003227
LTX-0006188,P02089,2025-05-30 09:00:00,EARN,43,43,BKG-010811
LTX-0006189,P02089,2025-05-30 18:00:00,REDEEM,-10,33,BKG-010811
LTX-0006190,P02089,2025-07-12 09:00:00,EARN,11,44,BKG-001772
LTX-0006191,P03120,2025-01-30 09:00:00,EARN,66,66,BKG-001773
LTX-0006192,P03120,2025-06-09 09:00:00,EARN,76,142,BKG-011151
LTX-0006193,P03120,2025-06-21 09:00:00,EARN,45,187,BKG-010410
LTX-0006194,P03120,2025-09-05 09:00:00,EARN,60,247,BKG-011944
LTX-0006195,P03120,2025-11-21 09:00:00,EARN,12,259,BKG-008414
LTX-0006196,P01304,2025-02-12 09:00:00,EARN,40,40,BKG-004132
LTX-0006197,P01304,2025-02-17 09:00:00,EARN,66,106,BKG-009970
LTX-0006198,P01304,2025-09-23 09:00:00,EARN,33,139,BKG-001774
LTX-0006199,P01304,2025-12-07 09:00:00,EARN,31,170,BKG-011045
LTX-0006200,P01973,2025-05-10 09:00:00,EARN,35,35,BKG-007354
LTX-0006201,P01973,2025-06-07 09:00:00,EARN,71,106,BKG-001775
LTX-0006202,P01973,2025-07-10 09:00:00,EARN,34,140,BKG-008381
LTX-0006203,P01973,2025-09-25 09:00:00,EARN,25,165,BKG-007973
LTX-0006204,P01973,2025-10-23 09:00:00,EARN,54,219,BKG-007243
LTX-0006205,P03018,2025-01-29 09:00:00,EARN,14,14,BKG-001776
LTX-0006206,P03018,2025-05-26 09:00:00,EARN,58,72,BKG-010424
LTX-0006207,P02293,2025-07-29 09:00:00,EARN,31,31,BKG-011407
LTX-0006208,P02293,2025-08-21 09:00:00,EARN,11,42,BKG-001779
LTX-0006209,P02293,2025-11-09 09:00:00,EARN,65,107,BKG-002406
LTX-0006210,P02293,2025-11-15 09:00:00,EARN,38,145,BKG-009705
LTX-0006211,P03813,2025-06-21 09:00:00,EARN,43,43,BKG-001781
LTX-0006212,P03813,2025-08-22 09:00:00,EARN,25,68,BKG-011540
LTX-0006213,P01604,2025-03-21 09:00:00,EARN,34,34,BKG-008187
LTX-0006214,P01604,2025-07-24 09:00:00,EARN,26,60,BKG-001783
LTX-0006215,P02343,2025-04-04 09:00:00,EARN,55,55,BKG-006156
LTX-0006216,P02343,2025-05-29 09:00:00,EARN,52,107,BKG-001940
LTX-0006217,P02343,2025-10-11 09:00:00,EARN,24,131,BKG-011209
LTX-0006218,P02343,2025-12-12 09:00:00,EARN,26,157,BKG-001785
LTX-0006219,P02343,2025-12-20 09:00:00,EARN,25,182,BKG-009092
LTX-0006220,P02480,2025-04-16 09:00:00,EARN,25,25,BKG-008395
LTX-0006221,P02480,2025-05-04 09:00:00,EARN,61,86,BKG-001786
LTX-0006222,P02480,2025-05-04 18:00:00,REDEEM,-20,66,BKG-001786
LTX-0006223,P02480,2025-06-06 09:00:00,EARN,63,129,BKG-006923
LTX-0006224,P02480,2025-06-18 09:00:00,EARN,74,203,BKG-002548
LTX-0006225,P02480,2025-10-19 09:00:00,EARN,32,235,BKG-008388
LTX-0006226,P01287,2025-03-20 09:00:00,EARN,43,43,BKG-001787
LTX-0006227,P01287,2025-12-14 09:00:00,EARN,47,90,BKG-008509
LTX-0006228,P01050,2025-01-12 09:00:00,EARN,16,16,BKG-011097
LTX-0006229,P01050,2025-04-18 09:00:00,EARN,51,67,BKG-001788
LTX-0006230,P01050,2025-09-03 09:00:00,EARN,52,119,BKG-005722
LTX-0006231,P01050,2025-11-03 09:00:00,EARN,52,171,BKG-004122
LTX-0006232,P01050,2025-11-28 09:00:00,EARN,42,213,BKG-006344
LTX-0006233,P02110,2024-12-09 09:00:00,EARN,54,54,BKG-012151
LTX-0006234,P02110,2025-01-14 09:00:00,EARN,55,109,BKG-009119
LTX-0006235,P02110,2025-01-14 18:00:00,REDEEM,-20,89,BKG-009119
LTX-0006236,P02110,2025-04-28 09:00:00,EARN,10,99,BKG-003366
LTX-0006237,P02110,2025-04-28 18:00:00,REDEEM,-20,79,BKG-003366
LTX-0006238,P02110,2025-06-09 09:00:00,EARN,36,115,BKG-007676
LTX-0006239,P02110,2025-07-01 09:00:00,EARN,62,177,BKG-009318
LTX-0006240,P02110,2025-11-01 09:00:00,EARN,25,202,BKG-006591
LTX-0006241,P02110,2025-12-02 09:00:00,EARN,18,220,BKG-001789
LTX-0006242,P03431,2025-01-30 09:00:00,EARN,56,56,BKG-001792
LTX-0006243,P03431,2025-05-29 09:00:00,EARN,20,76,BKG-007979
LTX-0006244,P03431,2025-06-02 09:00:00,EARN,81,157,BKG-002528
LTX-0006245,P03431,2025-11-08 09:00:00,EARN,21,178,BKG-010769
LTX-0006246,P01096,2025-03-15 09:00:00,EARN,14,14,BKG-011901
LTX-0006247,P01096,2025-07-12 09:00:00,EARN,32,46,BKG-001793
LTX-0006248,P01096,2025-11-13 09:00:00,EARN,26,72,BKG-008621
LTX-0006249,P02190,2025-02-08 09:00:00,EARN,30,30,BKG-001796
LTX-0006250,P02190,2025-02-24 09:00:00,EARN,53,83,BKG-010286
LTX-0006251,P02190,2025-04-07 09:00:00,EARN,53,136,BKG-003721
LTX-0006252,P02190,2025-11-15 09:00:00,EARN,46,182,BKG-003697
LTX-0006253,P01149,2025-05-24 09:00:00,EARN,54,54,BKG-002484
LTX-0006254,P01149,2025-06-19 09:00:00,EARN,38,92,BKG-004079
LTX-0006255,P01149,2025-12-16 09:00:00,EARN,46,138,BKG-001797
LTX-0006256,P01149,2025-12-16 18:00:00,REDEEM,-10,128,BKG-001797
LTX-0006257,P01878,2025-06-10 09:00:00,EARN,45,45,BKG-001798
LTX-0006258,P01878,2025-08-06 09:00:00,EARN,14,59,BKG-003260
LTX-0006259,P02789,2025-05-10 09:00:00,EARN,47,47,BKG-010343
LTX-0006260,P02789,2025-05-25 09:00:00,EARN,60,107,BKG-001800
LTX-0006261,P02789,2025-05-25 18:00:00,REDEEM,-30,77,BKG-001800
LTX-0006262,P02789,2025-07-25 09:00:00,EARN,22,99,BKG-009753
LTX-0006263,P02789,2025-08-17 09:00:00,EARN,44,143,BKG-011370
LTX-0006264,P02789,2025-09-03 09:00:00,EARN,34,177,BKG-008109
LTX-0006265,P01909,2025-01-28 09:00:00,EARN,22,22,BKG-012102
LTX-0006266,P01909,2025-04-21 09:00:00,EARN,16,38,BKG-005598
LTX-0006267,P01909,2025-11-25 09:00:00,EARN,68,106,BKG-001802
LTX-0006268,P01909,2025-11-25 18:00:00,REDEEM,-20,86,BKG-001802
LTX-0006269,P00805,2025-07-07 09:00:00,EARN,62,62,BKG-008766
LTX-0006270,P00805,2025-10-03 09:00:00,EARN,62,124,BKG-002998
LTX-0006271,P00805,2025-10-03 18:00:00,REDEEM,-30,94,BKG-002998
LTX-0006272,P00805,2025-12-10 09:00:00,EARN,40,134,BKG-001804
LTX-0006273,P02057,2025-01-03 09:00:00,EARN,25,25,BKG-005031
LTX-0006274,P02057,2025-01-31 09:00:00,EARN,60,85,BKG-004104
LTX-0006275,P02057,2025-02-12 09:00:00,EARN,28,113,BKG-003763
LTX-0006276,P02057,2025-04-24 09:00:00,EARN,26,139,BKG-001805
LTX-0006277,P02057,2025-05-21 09:00:00,EARN,52,191,BKG-009201
LTX-0006278,P00175,2024-12-21 09:00:00,EARN,30,30,BKG-003017
LTX-0006279,P00175,2025-05-16 09:00:00,EARN,27,57,BKG-005388
LTX-0006280,P00175,2025-07-24 09:00:00,EARN,17,74,BKG-009241
LTX-0006281,P00175,2025-09-24 09:00:00,EARN,76,150,BKG-001808
LTX-0006282,P00175,2025-10-28 09:00:00,EARN,23,173,BKG-004587
LTX-0006283,P00175,2025-10-28 18:00:00,REDEEM,-10,163,BKG-004587
LTX-0006284,P00631,2024-12-09 09:00:00,EARN,46,46,BKG-001809
LTX-0006285,P00631,2024-12-09 18:00:00,REDEEM,-10,36,BKG-001809
LTX-0006286,P00631,2025-06-01 09:00:00,EARN,17,53,BKG-005700
LTX-0006287,P00631,2025-07-23 09:00:00,EARN,38,91,BKG-006256
LTX-0006288,P00631,2025-11-12 09:00:00,EARN,22,113,BKG-005250
LTX-0006289,P00080,2025-05-15 09:00:00,EARN,88,88,BKG-001810
LTX-0006290,P00080,2025-06-07 09:00:00,EARN,96,184,BKG-004138
LTX-0006291,P00080,2025-06-07 18:00:00,REDEEM,-20,164,BKG-004138
LTX-0006292,P00080,2025-07-17 09:00:00,EARN,43,207,BKG-004904
LTX-0006293,P00080,2025-07-17 18:00:00,REDEEM,-10,197,BKG-004904
LTX-0006294,P02023,2024-12-25 09:00:00,EARN,15,15,BKG-001811
LTX-0006295,P01917,2025-01-24 09:00:00,EARN,77,77,BKG-012072
LTX-0006296,P01917,2025-01-24 18:00:00,REDEEM,-10,67,BKG-012072
LTX-0006297,P01917,2025-06-16 09:00:00,EARN,12,79,BKG-001812
LTX-0006298,P01917,2025-08-04 09:00:00,EARN,37,116,BKG-005367
LTX-0006299,P03552,2025-02-09 09:00:00,EARN,82,82,BKG-002096
LTX-0006300,P03552,2025-05-22 09:00:00,EARN,32,114,BKG-001814
LTX-0006301,P03552,2025-12-02 09:00:00,EARN,70,184,BKG-012438
LTX-0006302,P01615,2025-01-20 09:00:00,EARN,42,42,BKG-001815
LTX-0006303,P01615,2025-02-12 09:00:00,EARN,14,56,BKG-006016
LTX-0006304,P01615,2025-07-18 09:00:00,EARN,12,68,BKG-004497
LTX-0006305,P01615,2025-11-01 09:00:00,EARN,21,89,BKG-009701
LTX-0006306,P01615,2025-12-14 09:00:00,EARN,67,156,BKG-007775
LTX-0006307,P01163,2025-01-26 09:00:00,EARN,47,47,BKG-001816
LTX-0006308,P01163,2025-01-26 18:00:00,REDEEM,-20,27,BKG-001816
LTX-0006309,P01163,2025-05-15 09:00:00,EARN,89,116,BKG-002812
LTX-0006310,P01163,2025-05-15 09:00:00,EARN,54,170,BKG-004535
LTX-0006311,P01163,2025-11-28 09:00:00,EARN,37,207,BKG-008946
LTX-0006312,P02723,2025-06-24 09:00:00,EARN,64,64,BKG-001818
LTX-0006313,P02723,2025-07-18 09:00:00,EARN,36,100,BKG-007410
LTX-0006314,P02723,2025-07-18 18:00:00,REDEEM,-10,90,BKG-007410
LTX-0006315,P01331,2025-03-09 09:00:00,EARN,12,12,BKG-006319
LTX-0006316,P01331,2025-04-09 09:00:00,EARN,42,54,BKG-007741
LTX-0006317,P01331,2025-04-09 18:00:00,REDEEM,-10,44,BKG-007741
LTX-0006318,P01331,2025-05-16 09:00:00,EARN,30,74,BKG-001819
LTX-0006319,P01331,2025-05-16 18:00:00,REDEEM,-10,64,BKG-001819
LTX-0006320,P01331,2025-06-13 09:00:00,EARN,12,76,BKG-009031
LTX-0006321,P01331,2025-09-03 09:00:00,EARN,14,90,BKG-005772
LTX-0006322,P01331,2025-10-13 09:00:00,EARN,58,148,BKG-002144
LTX-0006323,P01751,2025-03-31 09:00:00,EARN,34,34,BKG-005611
LTX-0006324,P01751,2025-03-31 18:00:00,REDEEM,-30,4,BKG-005611
LTX-0006325,P01751,2025-07-02 09:00:00,EARN,54,58,BKG-001820
LTX-0006326,P01751,2025-07-04 09:00:00,EARN,8,66,BKG-006170
LTX-0006327,P01751,2025-07-04 18:00:00,REDEEM,-10,56,BKG-006170
LTX-0006328,P01751,2025-10-03 09:00:00,EARN,25,81,BKG-006978
LTX-0006329,P01751,2025-12-05 09:00:00,EARN,43,124,BKG-005455
LTX-0006330,P02703,2025-03-24 09:00:00,EARN,54,54,BKG-001822
LTX-0006331,P02703,2025-05-28 09:00:00,EARN,46,100,BKG-004774
LTX-0006332,P01943,2025-01-02 09:00:00,EARN,8,8,BKG-012190
LTX-0006333,P01943,2025-07-02 09:00:00,EARN,38,46,BKG-009273
LTX-0006334,P01943,2025-09-05 09:00:00,EARN,33,79,BKG-001823
LTX-0006335,P03971,2025-05-30 09:00:00,EARN,45,45,BKG-001824
LTX-0006336,P03971,2025-06-14 09:00:00,EARN,75,120,BKG-009245
LTX-0006337,P01526,2025-05-13 09:00:00,EARN,65,65,BKG-005997
LTX-0006338,P01526,2025-05-27 09:00:00,EARN,33,98,BKG-003588
LTX-0006339,P01526,2025-06-16 09:00:00,EARN,60,158,BKG-004221
LTX-0006340,P01526,2025-06-16 18:00:00,REDEEM,-10,148,BKG-004221
LTX-0006341,P01526,2025-06-17 09:00:00,EARN,46,194,BKG-001826
LTX-0006342,P01526,2025-12-02 09:00:00,EARN,52,246,BKG-007520
LTX-0006343,P01526,2025-12-02 18:00:00,REDEEM,-20,226,BKG-007520
LTX-0006344,P01526,2025-12-04 09:00:00,EARN,54,280,BKG-002981
LTX-0006345,P00639,2025-06-04 09:00:00,EARN,41,41,BKG-006510
LTX-0006346,P00639,2025-06-04 18:00:00,REDEEM,-20,21,BKG-006510
LTX-0006347,P00639,2025-06-15 09:00:00,EARN,33,54,BKG-001827
LTX-0006348,P00639,2025-08-02 09:00:00,EARN,85,139,BKG-011131
LTX-0006349,P03866,2024-12-22 09:00:00,EARN,51,51,BKG-001828
LTX-0006350,P03866,2025-01-09 09:00:00,EARN,44,95,BKG-009434
LTX-0006351,P03866,2025-03-11 09:00:00,EARN,9,104,BKG-005413
LTX-0006352,P00413,2025-07-01 09:00:00,EARN,57,57,BKG-001829
LTX-0006353,P00413,2025-11-27 09:00:00,EARN,73,130,BKG-005652
LTX-0006354,P03193,2024-12-23 09:00:00,EARN,69,69,BKG-010161
LTX-0006355,P03193,2025-03-11 09:00:00,EARN,50,119,BKG-005608
LTX-0006356,P03193,2025-06-03 09:00:00,EARN,10,129,BKG-001833
LTX-0006357,P03193,2025-06-03 18:00:00,REDEEM,-20,109,BKG-001833
LTX-0006358,P01599,2025-03-15 09:00:00,EARN,60,60,BKG-001835
LTX-0006359,P01599,2025-10-03 09:00:00,EARN,29,89,BKG-007870
LTX-0006360,P02598,2025-01-05 09:00:00,EARN,89,89,BKG-011501
LTX-0006361,P02598,2025-11-23 09:00:00,EARN,17,106,BKG-001838
LTX-0006362,P02598,2025-12-04 09:00:00,EARN,21,127,BKG-011626
LTX-0006363,P01058,2025-02-02 09:00:00,EARN,38,38,BKG-004713
LTX-0006364,P01058,2025-05-20 09:00:00,EARN,11,49,BKG-010578
LTX-0006365,P01058,2025-05-20 18:00:00,REDEEM,-20,29,BKG-010578
LTX-0006366,P01058,2025-10-10 09:00:00,EARN,44,73,BKG-001839
LTX-0006367,P01617,2025-02-26 09:00:00,EARN,59,59,BKG-011525
LTX-0006368,P01617,2025-06-13 09:00:00,EARN,100,159,BKG-001840
LTX-0006369,P01617,2025-08-25 09:00:00,EARN,48,207,BKG-002268
LTX-0006370,P01617,2025-08-25 18:00:00,REDEEM,-30,177,BKG-002268
LTX-0006371,P03390,2025-04-27 09:00:00,EARN,6,6,BKG-010503
LTX-0006372,P03390,2025-08-21 09:00:00,EARN,45,51,BKG-001841
LTX-0006373,P01507,2025-01-29 09:00:00,EARN,77,77,BKG-001844
LTX-0006374,P01507,2025-02-06 09:00:00,EARN,31,108,BKG-008473
LTX-0006375,P01507,2025-02-06 18:00:00,REDEEM,-20,88,BKG-008473
LTX-0006376,P01507,2025-05-19 09:00:00,EARN,58,146,BKG-007040
LTX-0006377,P01507,2025-05-19 18:00:00,REDEEM,-10,136,BKG-007040
LTX-0006378,P00339,2025-01-04 09:00:00,EARN,30,30,BKG-010734
LTX-0006379,P00339,2025-05-10 09:00:00,EARN,41,71,BKG-003362
LTX-0006380,P00339,2025-05-12 09:00:00,EARN,50,121,BKG-007996
LTX-0006381,P00339,2025-06-06 09:00:00,EARN,71,192,BKG-004461
LTX-0006382,P00339,2025-06-15 09:00:00,EARN,71,263,BKG-001845
LTX-0006383,P00339,2025-11-29 09:00:00,EARN,33,296,BKG-008943
LTX-0006384,P00339,2025-12-14 09:00:00,EARN,113,409,BKG-003692
LTX-0006385,P01669,2025-01-14 09:00:00,EARN,45,45,BKG-001846
LTX-0006386,P01669,2025-01-14 18:00:00,REDEEM,-10,35,BKG-001846
LTX-0006387,P01669,2025-07-21 09:00:00,EARN,36,71,BKG-010590
LTX-0006388,P01669,2025-11-25 09:00:00,EARN,48,119,BKG-004340
LTX-0006389,P03341,2025-06-06 09:00:00,EARN,26,26,BKG-002136
LTX-0006390,P03341,2025-09-24 09:00:00,EARN,22,48,BKG-001847
LTX-0006391,P02245,2025-08-22 09:00:00,EARN,32,32,BKG-001848
LTX-0006392,P02478,2025-07-02 09:00:00,EARN,37,37,BKG-010163
LTX-0006393,P02478,2025-07-02 18:00:00,REDEEM,-10,27,BKG-010163
LTX-0006394,P02478,2025-07-07 09:00:00,EARN,90,117,BKG-001849
LTX-0006395,P01760,2025-01-21 09:00:00,EARN,21,21,BKG-007911
LTX-0006396,P01760,2025-05-15 09:00:00,EARN,92,113,BKG-001850
LTX-0006397,P01760,2025-06-09 09:00:00,EARN,60,173,BKG-006884
LTX-0006398,P01760,2025-09-25 09:00:00,EARN,20,193,BKG-004802
LTX-0006399,P01760,2025-09-25 18:00:00,REDEEM,-20,173,BKG-004802
LTX-0006400,P01760,2025-12-07 09:00:00,EARN,81,254,BKG-004559
LTX-0006401,P00151,2025-02-03 09:00:00,EARN,71,71,BKG-004421
LTX-0006402,P00151,2025-02-03 18:00:00,REDEEM,-30,41,BKG-004421
LTX-0006403,P00151,2025-04-16 09:00:00,EARN,26,67,BKG-001853
LTX-0006404,P00151,2025-06-13 09:00:00,EARN,92,159,BKG-004926
LTX-0006405,P02361,2025-06-27 09:00:00,EARN,12,12,BKG-002916
LTX-0006406,P02361,2025-07-06 09:00:00,EARN,60,72,BKG-008569
LTX-0006407,P02361,2025-11-15 09:00:00,EARN,58,130,BKG-012344
LTX-0006408,P02361,2025-12-01 09:00:00,EARN,48,178,BKG-001854
LTX-0006409,P03531,2025-02-10 09:00:00,EARN,66,66,BKG-007003
LTX-0006410,P03531,2025-02-10 18:00:00,REDEEM,-10,56,BKG-007003
LTX-0006411,P03531,2025-04-10 09:00:00,EARN,45,101,BKG-006762
LTX-0006412,P03531,2025-05-20 09:00:00,EARN,25,126,BKG-001855
LTX-0006413,P03531,2025-05-24 09:00:00,EARN,74,200,BKG-006644
LTX-0006414,P03531,2025-05-28 09:00:00,EARN,105,305,BKG-003245
LTX-0006415,P03531,2025-06-01 09:00:00,EARN,56,361,BKG-003570
LTX-0006416,P02296,2025-05-21 09:00:00,EARN,71,71,BKG-007634
LTX-0006417,P02296,2025-07-08 09:00:00,EARN,63,134,BKG-001857
LTX-0006418,P02296,2025-12-06 09:00:00,EARN,48,182,BKG-005214
LTX-0006419,P02312,2025-07-11 09:00:00,EARN,48,48,BKG-011068
LTX-0006420,P02312,2025-12-21 09:00:00,EARN,20,68,BKG-001858
LTX-0006421,P02312,2025-12-21 18:00:00,REDEEM,-30,38,BKG-001858
LTX-0006422,P03481,2025-05-25 09:00:00,EARN,44,44,BKG-011502
LTX-0006423,P03481,2025-09-22 09:00:00,EARN,52,96,BKG-008040
LTX-0006424,P03481,2025-09-22 18:00:00,REDEEM,-30,66,BKG-008040
LTX-0006425,P03481,2025-10-15 09:00:00,EARN,53,119,BKG-003764
LTX-0006426,P03481,2025-11-23 09:00:00,EARN,25,144,BKG-003868
LTX-0006427,P03481,2025-12-09 09:00:00,EARN,81,225,BKG-001861
LTX-0006428,P00367,2025-06-03 09:00:00,EARN,73,73,BKG-006826
LTX-0006429,P00367,2025-09-19 09:00:00,EARN,45,118,BKG-001864
LTX-0006430,P00367,2025-11-20 09:00:00,EARN,46,164,BKG-012037
LTX-0006431,P00367,2025-11-26 09:00:00,EARN,18,182,BKG-004540
LTX-0006432,P01729,2025-01-19 09:00:00,EARN,41,41,BKG-006495
LTX-0006433,P01729,2025-04-19 09:00:00,EARN,56,97,BKG-006956
LTX-0006434,P01729,2025-04-30 09:00:00,EARN,24,121,BKG-001866
LTX-0006435,P01729,2025-05-14 09:00:00,EARN,33,154,BKG-004666
LTX-0006436,P02482,2025-04-04 09:00:00,EARN,36,36,BKG-003020
LTX-0006437,P02482,2025-05-18 09:00:00,EARN,80,116,BKG-008531
LTX-0006438,P02482,2025-07-24 09:00:00,EARN,41,157,BKG-008595
LTX-0006439,P02482,2025-09-22 09:00:00,EARN,38,195,BKG-010221
LTX-0006440,P02482,2025-09-27 09:00:00,EARN,44,239,BKG-001867
LTX-0006441,P00461,2025-02-13 09:00:00,EARN,52,52,BKG-001869
LTX-0006442,P00461,2025-02-24 09:00:00,EARN,44,96,BKG-008738
LTX-0006443,P00461,2025-04-21 09:00:00,EARN,40,136,BKG-011614
LTX-0006444,P00461,2025-05-18 09:00:00,EARN,15,151,BKG-002282
LTX-0006445,P00461,2025-06-19 09:00:00,EARN,23,174,BKG-005231
LTX-0006446,P03123,2025-02-24 09:00:00,EARN,30,30,BKG-001872
LTX-0006447,P03123,2025-02-25 09:00:00,EARN,26,56,BKG-010721
LTX-0006448,P03123,2025-05-12 09:00:00,EARN,12,68,BKG-011500
LTX-0006449,P03123,2025-05-12 18:00:00,REDEEM,-30,38,BKG-011500
LTX-0006450,P03123,2025-06-25 09:00:00,EARN,11,49,BKG-006001
LTX-0006451,P03123,2025-07-13 09:00:00,EARN,68,117,BKG-007034
LTX-0006452,P03123,2025-08-21 09:00:00,EARN,33,150,BKG-009839
LTX-0006453,P00832,2025-06-27 09:00:00,EARN,31,31,BKG-011891
LTX-0006454,P00832,2025-07-19 09:00:00,EARN,52,83,BKG-004922
LTX-0006455,P00832,2025-10-25 09:00:00,EARN,26,109,BKG-001873
LTX-0006456,P02896,2025-02-20 09:00:00,EARN,39,39,BKG-001876
LTX-0006457,P02896,2025-03-08 09:00:00,EARN,32,71,BKG-006252
LTX-0006458,P02896,2025-03-08 18:00:00,REDEEM,-30,41,BKG-006252
LTX-0006459,P02896,2025-04-11 09:00:00,EARN,60,101,BKG-001883
LTX-0006460,P02896,2025-06-15 09:00:00,EARN,35,136,BKG-007574
LTX-0006461,P02896,2025-10-06 09:00:00,EARN,26,162,BKG-003219
LTX-0006462,P02896,2025-10-06 18:00:00,REDEEM,-10,152,BKG-003219
LTX-0006463,P02688,2025-01-11 09:00:00,EARN,66,66,BKG-003826
LTX-0006464,P02688,2025-02-07 09:00:00,EARN,28,94,BKG-009553
LTX-0006465,P02688,2025-02-26 09:00:00,EARN,39,133,BKG-001879
LTX-0006466,P03301,2025-06-14 09:00:00,EARN,54,54,BKG-007845
LTX-0006467,P03301,2025-10-30 09:00:00,EARN,22,76,BKG-001880
LTX-0006468,P00537,2025-02-07 09:00:00,EARN,26,26,BKG-009410
LTX-0006469,P00537,2025-07-04 09:00:00,EARN,26,52,BKG-010790
LTX-0006470,P00537,2025-11-15 09:00:00,EARN,45,97,BKG-001881
LTX-0006471,P01376,2025-02-21 09:00:00,EARN,40,40,BKG-005770
LTX-0006472,P01376,2025-07-18 09:00:00,EARN,71,111,BKG-004512
LTX-0006473,P01376,2025-09-09 09:00:00,EARN,33,144,BKG-001886
LTX-0006474,P01477,2025-11-11 09:00:00,EARN,37,37,BKG-003635
LTX-0006475,P01477,2025-12-07 09:00:00,EARN,68,105,BKG-001887
LTX-0006476,P01477,2025-12-07 18:00:00,REDEEM,-30,75,BKG-001887
LTX-0006477,P00569,2025-03-26 09:00:00,EARN,71,71,BKG-001893
LTX-0006478,P00569,2025-03-26 18:00:00,REDEEM,-20,51,BKG-001893
LTX-0006479,P00569,2025-06-23 09:00:00,EARN,64,115,BKG-006263
LTX-0006480,P00569,2025-08-16 09:00:00,EARN,6,121,BKG-002456
LTX-0006481,P00569,2025-09-09 09:00:00,EARN,65,186,BKG-010819
LTX-0006482,P00569,2025-09-09 18:00:00,REDEEM,-30,156,BKG-010819
LTX-0006483,P00569,2025-10-16 09:00:00,EARN,44,200,BKG-007570
LTX-0006484,P02313,2025-05-24 09:00:00,EARN,32,32,BKG-005739
LTX-0006485,P02313,2025-07-20 09:00:00,EARN,15,47,BKG-005654
LTX-0006486,P02313,2025-09-01 09:00:00,EARN,67,114,BKG-001894
LTX-0006487,P03775,2025-04-19 09:00:00,EARN,28,28,BKG-010332
LTX-0006488,P03775,2025-12-17 09:00:00,EARN,63,91,BKG-001895
LTX-0006489,P03939,2025-05-09 09:00:00,EARN,62,62,BKG-010288
LTX-0006490,P03939,2025-05-09 18:00:00,REDEEM,-30,32,BKG-010288
LTX-0006491,P03939,2025-06-25 09:00:00,EARN,17,49,BKG-001896
LTX-0006492,P03939,2025-07-04 09:00:00,EARN,43,92,BKG-005560
LTX-0006493,P03939,2025-07-04 18:00:00,REDEEM,-30,62,BKG-005560
LTX-0006494,P03939,2025-08-22 09:00:00,EARN,63,125,BKG-007784
LTX-0006495,P03758,2025-01-27 09:00:00,EARN,31,31,BKG-004448
LTX-0006496,P03758,2025-04-01 09:00:00,EARN,18,49,BKG-001897
LTX-0006497,P01043,2024-12-25 09:00:00,EARN,39,39,BKG-001898
LTX-0006498,P01043,2025-07-07 09:00:00,EARN,22,61,BKG-011928
LTX-0006499,P01043,2025-12-08 09:00:00,EARN,47,108,BKG-008081
LTX-0006500,P02864,2025-03-24 09:00:00,EARN,32,32,BKG-006117
LTX-0006501,P02864,2025-07-09 09:00:00,EARN,87,119,BKG-005205
LTX-0006502,P02864,2025-11-26 09:00:00,EARN,47,166,BKG-001899
LTX-0006503,P03892,2024-12-10 09:00:00,EARN,38,38,BKG-008052
LTX-0006504,P03892,2025-04-07 09:00:00,EARN,20,58,BKG-001901
LTX-0006505,P03892,2025-09-26 09:00:00,EARN,51,109,BKG-006822
LTX-0006506,P00292,2025-06-05 09:00:00,EARN,22,22,BKG-011832
LTX-0006507,P00292,2025-07-04 09:00:00,EARN,51,73,BKG-001903
LTX-0006508,P00292,2025-08-31 09:00:00,EARN,68,141,BKG-003510
LTX-0006509,P01991,2025-01-12 09:00:00,EARN,7,7,BKG-001904
LTX-0006510,P01991,2025-08-23 09:00:00,EARN,37,44,BKG-011489
LTX-0006511,P01991,2025-09-02 09:00:00,EARN,51,95,BKG-005522
LTX-0006512,P01991,2025-12-04 09:00:00,EARN,33,128,BKG-003038
LTX-0006513,P03333,2024-12-13 09:00:00,EARN,7,7,BKG-012175
LTX-0006514,P03333,2025-04-07 09:00:00,EARN,46,53,BKG-003768
LTX-0006515,P03333,2025-04-07 18:00:00,REDEEM,-20,33,BKG-003768
LTX-0006516,P03333,2025-07-08 09:00:00,EARN,58,91,BKG-001905
LTX-0006517,P03333,2025-07-08 18:00:00,REDEEM,-20,71,BKG-001905
LTX-0006518,P02459,2025-02-08 09:00:00,EARN,15,15,BKG-008720
LTX-0006519,P02459,2025-02-27 09:00:00,EARN,30,45,BKG-001907
LTX-0006520,P02459,2025-03-21 09:00:00,EARN,66,111,BKG-002705
LTX-0006521,P02459,2025-07-21 09:00:00,EARN,37,148,BKG-003827
LTX-0006522,P02834,2025-01-23 09:00:00,EARN,44,44,BKG-009535
LTX-0006523,P02834,2025-12-13 09:00:00,EARN,8,52,BKG-001908
LTX-0006524,P02616,2025-02-07 09:00:00,EARN,34,34,BKG-007409
LTX-0006525,P02616,2025-03-14 09:00:00,EARN,27,61,BKG-001912
LTX-0006526,P02616,2025-06-02 09:00:00,EARN,62,123,BKG-007722
LTX-0006527,P00843,2024-12-21 09:00:00,EARN,30,30,BKG-004791
LTX-0006528,P00843,2025-03-31 09:00:00,EARN,64,94,BKG-011912
LTX-0006529,P00843,2025-04-25 09:00:00,EARN,53,147,BKG-001913
LTX-0006530,P02446,2025-05-26 09:00:00,EARN,30,30,BKG-007274
LTX-0006531,P02446,2025-06-15 09:00:00,EARN,36,66,BKG-001914
LTX-0006532,P02446,2025-06-24 09:00:00,EARN,53,119,BKG-009923
LTX-0006533,P00344,2025-04-18 09:00:00,EARN,47,47,BKG-001915
LTX-0006534,P00344,2025-04-18 18:00:00,REDEEM,-20,27,BKG-001915
LTX-0006535,P00344,2025-05-29 09:00:00,EARN,34,61,BKG-010409
LTX-0006536,P00344,2025-09-16 09:00:00,EARN,53,114,BKG-008424
LTX-0006537,P00344,2025-11-15 09:00:00,EARN,92,206,BKG-009933
LTX-0006538,P03579,2025-04-27 09:00:00,EARN,52,52,BKG-002699
LTX-0006539,P03579,2025-07-03 09:00:00,EARN,47,99,BKG-004567
LTX-0006540,P03579,2025-07-13 09:00:00,EARN,30,129,BKG-001916
LTX-0006541,P00184,2025-04-26 09:00:00,EARN,42,42,BKG-011746
LTX-0006542,P00184,2025-05-03 09:00:00,EARN,25,67,BKG-001917
LTX-0006543,P00184,2025-05-03 18:00:00,REDEEM,-30,37,BKG-001917
LTX-0006544,P00184,2025-07-11 09:00:00,EARN,8,45,BKG-005578
LTX-0006545,P00184,2025-08-18 09:00:00,EARN,43,88,BKG-008519
LTX-0006546,P00184,2025-12-17 09:00:00,EARN,29,117,BKG-007555
LTX-0006547,P01777,2024-12-17 09:00:00,EARN,15,15,BKG-001918
LTX-0006548,P01777,2025-04-16 09:00:00,EARN,16,31,BKG-011915
LTX-0006549,P01777,2025-06-18 09:00:00,EARN,32,63,BKG-004603
LTX-0006550,P01777,2025-12-16 09:00:00,EARN,16,79,BKG-006399
LTX-0006551,P02070,2025-04-08 09:00:00,EARN,48,48,BKG-005102
LTX-0006552,P02070,2025-04-08 18:00:00,REDEEM,-30,18,BKG-005102
LTX-0006553,P02070,2025-04-18 09:00:00,EARN,67,85,BKG-005827
LTX-0006554,P02070,2025-05-19 09:00:00,EARN,88,173,BKG-006339
LTX-0006555,P02070,2025-06-23 09:00:00,EARN,24,197,BKG-009392
LTX-0006556,P02070,2025-10-29 09:00:00,EARN,46,243,BKG-001919
LTX-0006557,P02070,2025-10-29 18:00:00,REDEEM,-30,213,BKG-001919
LTX-0006558,P02070,2025-11-09 09:00:00,EARN,50,263,BKG-001978
LTX-0006559,P02702,2025-05-14 09:00:00,EARN,41,41,BKG-001921
LTX-0006560,P02702,2025-11-11 09:00:00,EARN,35,76,BKG-004662
LTX-0006561,P02702,2025-11-11 18:00:00,REDEEM,-20,56,BKG-004662
LTX-0006562,P03668,2025-05-02 09:00:00,EARN,61,61,BKG-001926
LTX-0006563,P03860,2025-07-04 09:00:00,EARN,53,53,BKG-008156
LTX-0006564,P03860,2025-08-28 09:00:00,EARN,14,67,BKG-001927
LTX-0006565,P03860,2025-09-14 09:00:00,EARN,56,123,BKG-007806
LTX-0006566,P02011,2025-02-21 09:00:00,EARN,6,6,BKG-003907
LTX-0006567,P02011,2025-07-06 09:00:00,EARN,23,29,BKG-005577
LTX-0006568,P02011,2025-08-11 09:00:00,EARN,83,112,BKG-001929
LTX-0006569,P00309,2025-03-30 09:00:00,EARN,65,65,BKG-002386
LTX-0006570,P00309,2025-07-17 09:00:00,EARN,37,102,BKG-001930
LTX-0006571,P02941,2025-03-16 09:00:00,EARN,54,54,BKG-007919
LTX-0006572,P02941,2025-03-16 18:00:00,REDEEM,-30,24,BKG-007919
LTX-0006573,P02941,2025-06-16 09:00:00,EARN,35,59,BKG-004757
LTX-0006574,P02941,2025-06-22 09:00:00,EARN,35,94,BKG-008238
LTX-0006575,P02941,2025-07-01 09:00:00,EARN,22,116,BKG-001932
LTX-0006576,P02941,2025-08-23 09:00:00,EARN,61,177,BKG-003967
LTX-0006577,P02553,2025-06-24 09:00:00,EARN,12,12,BKG-001933
LTX-0006578,P02553,2025-07-10 09:00:00,EARN,81,93,BKG-006781
LTX-0006579,P02553,2025-10-05 09:00:00,EARN,26,119,BKG-008929
LTX-0006580,P02553,2025-10-05 18:00:00,REDEEM,-30,89,BKG-008929
LTX-0006581,P02360,2025-02-10 09:00:00,EARN,25,25,BKG-003174
LTX-0006582,P02360,2025-10-19 09:00:00,EARN,44,69,BKG-001935
LTX-0006583,P02360,2025-11-28 09:00:00,EARN,98,167,BKG-009640
LTX-0006584,P03846,2025-04-23 09:00:00,EARN,18,18,BKG-001936
LTX-0006585,P03846,2025-06-20 09:00:00,EARN,70,88,BKG-003842
LTX-0006586,P03846,2025-11-20 09:00:00,EARN,33,121,BKG-006082
LTX-0006587,P03846,2025-12-19 09:00:00,EARN,29,150,BKG-008603
LTX-0006588,P00496,2025-05-11 09:00:00,EARN,76,76,BKG-010019
LTX-0006589,P00496,2025-06-29 09:00:00,EARN,79,155,BKG-001937
LTX-0006590,P00496,2025-07-01 09:00:00,EARN,36,191,BKG-010337
LTX-0006591,P00496,2025-07-01 18:00:00,REDEEM,-10,181,BKG-010337
LTX-0006592,P00496,2025-07-12 09:00:00,EARN,38,219,BKG-004842
LTX-0006593,P00496,2025-07-12 18:00:00,REDEEM,-20,199,BKG-004842
LTX-0006594,P00496,2025-08-11 09:00:00,EARN,9,208,BKG-003769
LTX-0006595,P00496,2025-08-13 09:00:00,EARN,6,214,BKG-002646
LTX-0006596,P00496,2025-08-13 18:00:00,REDEEM,-30,184,BKG-002646
LTX-0006597,P00496,2025-11-24 09:00:00,EARN,48,232,BKG-008546
LTX-0006598,P00496,2025-12-20 09:00:00,EARN,50,282,BKG-011484
LTX-0006599,P02630,2024-12-24 09:00:00,EARN,46,46,BKG-001938
LTX-0006600,P02630,2025-06-22 09:00:00,EARN,75,121,BKG-002251
LTX-0006601,P02699,2025-02-12 09:00:00,EARN,85,85,BKG-007573
LTX-0006602,P02699,2025-02-12 18:00:00,REDEEM,-30,55,BKG-007573
LTX-0006603,P02699,2025-05-02 09:00:00,EARN,33,88,BKG-009849
LTX-0006604,P02699,2025-10-01 09:00:00,EARN,54,142,BKG-010265
LTX-0006605,P02699,2025-11-06 09:00:00,EARN,52,194,BKG-002789
LTX-0006606,P02699,2025-11-08 09:00:00,EARN,89,283,BKG-001939
LTX-0006607,P02054,2025-01-04 09:00:00,EARN,66,66,BKG-001943
LTX-0006608,P02054,2025-01-20 09:00:00,EARN,10,76,BKG-007907
LTX-0006609,P02054,2025-06-16 09:00:00,EARN,30,106,BKG-005029
LTX-0006610,P02054,2025-06-16 18:00:00,REDEEM,-30,76,BKG-005029
LTX-0006611,P02054,2025-11-19 09:00:00,EARN,77,153,BKG-010049
LTX-0006612,P03991,2025-06-07 09:00:00,EARN,56,56,BKG-003271
LTX-0006613,P03991,2025-06-25 09:00:00,EARN,78,134,BKG-010406
LTX-0006614,P03991,2025-06-29 09:00:00,EARN,72,206,BKG-002533
LTX-0006615,P03991,2025-07-07 09:00:00,EARN,42,248,BKG-001947
LTX-0006616,P00049,2025-02-03 09:00:00,EARN,10,10,BKG-006837
LTX-0006617,P00049,2025-05-25 09:00:00,EARN,72,82,BKG-001949
LTX-0006618,P00049,2025-05-25 18:00:00,REDEEM,-10,72,BKG-001949
LTX-0006619,P00049,2025-05-28 09:00:00,EARN,31,103,BKG-005853
LTX-0006620,P00049,2025-06-06 09:00:00,EARN,30,133,BKG-008578
LTX-0006621,P00049,2025-08-02 09:00:00,EARN,36,169,BKG-002529
LTX-0006622,P00049,2025-10-16 09:00:00,EARN,53,222,BKG-010839
LTX-0006623,P00049,2025-11-01 09:00:00,EARN,73,295,BKG-011994
LTX-0006624,P02068,2025-07-12 09:00:00,EARN,66,66,BKG-001950
LTX-0006625,P02068,2025-11-13 09:00:00,EARN,24,90,BKG-007088
LTX-0006626,P02068,2025-11-30 09:00:00,EARN,27,117,BKG-006740
LTX-0006627,P02068,2025-11-30 18:00:00,REDEEM,-10,107,BKG-006740
LTX-0006628,P01781,2025-08-13 09:00:00,EARN,50,50,BKG-001953
LTX-0006629,P01781,2025-12-15 09:00:00,EARN,47,97,BKG-002842
LTX-0006630,P01556,2025-06-17 09:00:00,EARN,37,37,BKG-001954
LTX-0006631,P01556,2025-07-06 09:00:00,EARN,99,136,BKG-008089
LTX-0006632,P01556,2025-10-12 09:00:00,EARN,43,179,BKG-010267
LTX-0006633,P01556,2025-11-24 09:00:00,EARN,46,225,BKG-007620
LTX-0006634,P01556,2025-11-24 18:00:00,REDEEM,-10,215,BKG-007620
LTX-0006635,P01556,2025-12-13 09:00:00,EARN,61,276,BKG-005545
LTX-0006636,P01556,2025-12-13 18:00:00,REDEEM,-10,266,BKG-005545
LTX-0006637,P00504,2025-01-25 09:00:00,EARN,69,69,BKG-010994
LTX-0006638,P00504,2025-02-12 09:00:00,EARN,26,95,BKG-008429
LTX-0006639,P00504,2025-03-20 09:00:00,EARN,14,109,BKG-001955
LTX-0006640,P00504,2025-05-17 09:00:00,EARN,32,141,BKG-005699
LTX-0006641,P00504,2025-05-26 09:00:00,EARN,20,161,BKG-002156
LTX-0006642,P00504,2025-06-10 09:00:00,EARN,25,186,BKG-003633
LTX-0006643,P00504,2025-06-30 09:00:00,EARN,31,217,BKG-012107
LTX-0006644,P00504,2025-11-23 09:00:00,EARN,42,259,BKG-002868
LTX-0006645,P03651,2025-07-01 09:00:00,EARN,60,60,BKG-011988
LTX-0006646,P03651,2025-07-24 09:00:00,EARN,22,82,BKG-006584
LTX-0006647,P03651,2025-09-15 09:00:00,EARN,27,109,BKG-001958
LTX-0006648,P02764,2025-05-24 09:00:00,EARN,30,30,BKG-009003
LTX-0006649,P02764,2025-09-30 09:00:00,EARN,54,84,BKG-008205
LTX-0006650,P02764,2025-11-24 09:00:00,EARN,41,125,BKG-001959
LTX-0006651,P02764,2025-12-15 09:00:00,EARN,66,191,BKG-009967
LTX-0006652,P00644,2025-06-29 09:00:00,EARN,56,56,BKG-008393
LTX-0006653,P00644,2025-07-01 09:00:00,EARN,30,86,BKG-005433
LTX-0006654,P00644,2025-07-01 18:00:00,REDEEM,-30,56,BKG-005433
LTX-0006655,P00644,2025-12-16 09:00:00,EARN,56,112,BKG-001960
LTX-0006656,P00031,2025-02-11 09:00:00,EARN,63,63,BKG-002848
LTX-0006657,P00031,2025-04-09 09:00:00,EARN,34,97,BKG-001962
LTX-0006658,P00031,2025-05-24 09:00:00,EARN,88,185,BKG-004307
LTX-0006659,P00031,2025-05-28 09:00:00,EARN,47,232,BKG-007321
LTX-0006660,P00031,2025-07-19 09:00:00,EARN,40,272,BKG-004639
LTX-0006661,P00031,2025-11-30 09:00:00,EARN,38,310,BKG-007064
LTX-0006662,P01827,2025-01-28 09:00:00,EARN,26,26,BKG-004968
LTX-0006663,P01827,2025-07-13 09:00:00,EARN,70,96,BKG-001963
LTX-0006664,P01827,2025-11-29 09:00:00,EARN,55,151,BKG-002544
LTX-0006665,P02369,2025-09-06 09:00:00,EARN,73,73,BKG-010302
LTX-0006666,P02369,2025-11-12 09:00:00,EARN,50,123,BKG-001965
LTX-0006667,P02369,2025-11-30 09:00:00,EARN,51,174,BKG-007494
LTX-0006668,P00465,2025-02-28 09:00:00,EARN,51,51,BKG-003640
LTX-0006669,P00465,2025-05-22 09:00:00,EARN,54,105,BKG-007608
LTX-0006670,P00465,2025-05-26 09:00:00,EARN,47,152,BKG-005209
LTX-0006671,P00465,2025-05-26 18:00:00,REDEEM,-20,132,BKG-005209
LTX-0006672,P00465,2025-05-31 09:00:00,EARN,83,215,BKG-009369
LTX-0006673,P00465,2025-11-08 09:00:00,EARN,50,265,BKG-010029
LTX-0006674,P00465,2025-12-10 09:00:00,EARN,69,334,BKG-001969
LTX-0006675,P02148,2025-02-11 09:00:00,EARN,36,36,BKG-005567
LTX-0006676,P02148,2025-03-25 09:00:00,EARN,72,108,BKG-006325
LTX-0006677,P02148,2025-05-13 09:00:00,EARN,35,143,BKG-002321
LTX-0006678,P02148,2025-10-02 09:00:00,EARN,33,176,BKG-003617
LTX-0006679,P02148,2025-11-21 09:00:00,EARN,17,193,BKG-001970
LTX-0006680,P03128,2025-02-07 09:00:00,EARN,32,32,BKG-001975
LTX-0006681,P03128,2025-06-22 09:00:00,EARN,78,110,BKG-007884
LTX-0006682,P00273,2025-02-14 09:00:00,EARN,52,52,BKG-004299
LTX-0006683,P00273,2025-03-18 09:00:00,EARN,22,74,BKG-011649
LTX-0006684,P00273,2025-03-18 18:00:00,REDEEM,-10,64,BKG-011649
LTX-0006685,P00273,2025-04-06 09:00:00,EARN,29,93,BKG-010770
LTX-0006686,P00273,2025-11-24 09:00:00,EARN,80,173,BKG-002749
LTX-0006687,P00273,2025-12-06 09:00:00,EARN,37,210,BKG-001976
LTX-0006688,P00427,2025-06-22 09:00:00,EARN,51,51,BKG-011899
LTX-0006689,P00427,2025-06-22 18:00:00,REDEEM,-10,41,BKG-011899
LTX-0006690,P00427,2025-10-18 09:00:00,EARN,25,66,BKG-001980
LTX-0006691,P02872,2025-05-21 09:00:00,EARN,37,37,BKG-002536
LTX-0006692,P02872,2025-05-21 18:00:00,REDEEM,-30,7,BKG-002536
LTX-0006693,P02872,2025-11-26 09:00:00,EARN,19,26,BKG-001981
LTX-0006694,P02872,2025-12-18 09:00:00,EARN,47,73,BKG-009487
LTX-0006695,P02707,2025-02-02 09:00:00,EARN,51,51,BKG-006550
LTX-0006696,P02707,2025-02-02 18:00:00,REDEEM,-10,41,BKG-006550
LTX-0006697,P02707,2025-06-07 09:00:00,EARN,38,79,BKG-001982
LTX-0006698,P02707,2025-06-17 09:00:00,EARN,54,133,BKG-008741
LTX-0006699,P02707,2025-06-17 18:00:00,REDEEM,-30,103,BKG-008741
LTX-0006700,P02707,2025-06-23 09:00:00,EARN,69,172,BKG-008209
LTX-0006701,P02707,2025-07-08 09:00:00,EARN,79,251,BKG-006632
LTX-0006702,P02707,2025-07-16 09:00:00,EARN,70,321,BKG-008494
LTX-0006703,P02707,2025-10-26 09:00:00,EARN,31,352,BKG-004574
LTX-0006704,P02707,2025-10-26 18:00:00,REDEEM,-20,332,BKG-004574
LTX-0006705,P02707,2025-11-20 09:00:00,EARN,33,365,BKG-011328
LTX-0006706,P01436,2025-04-15 09:00:00,EARN,55,55,BKG-001983
LTX-0006707,P01907,2025-08-19 09:00:00,EARN,34,34,BKG-002571
LTX-0006708,P01907,2025-08-19 18:00:00,REDEEM,-30,4,BKG-002571
LTX-0006709,P01907,2025-10-12 09:00:00,EARN,28,32,BKG-001985
LTX-0006710,P01240,2025-01-26 09:00:00,EARN,32,32,BKG-010957
LTX-0006711,P01240,2025-07-11 09:00:00,EARN,82,114,BKG-001987
LTX-0006712,P01240,2025-07-11 18:00:00,REDEEM,-20,94,BKG-001987
LTX-0006713,P01240,2025-08-12 09:00:00,EARN,24,118,BKG-002048
LTX-0006714,P01240,2025-11-30 09:00:00,EARN,68,186,BKG-011334
LTX-0006715,P00144,2025-01-06 09:00:00,EARN,72,72,BKG-001988
LTX-0006716,P00144,2025-04-22 09:00:00,EARN,10,82,BKG-003667
LTX-0006717,P01489,2025-02-11 09:00:00,EARN,67,67,BKG-003053
LTX-0006718,P01489,2025-02-11 18:00:00,REDEEM,-20,47,BKG-003053
LTX-0006719,P01489,2025-03-24 09:00:00,EARN,39,86,BKG-004212
LTX-0006720,P01489,2025-05-05 09:00:00,EARN,30,116,BKG-005726
LTX-0006721,P01489,2025-10-05 09:00:00,EARN,63,179,BKG-001990
LTX-0006722,P02947,2025-01-13 09:00:00,EARN,55,55,BKG-001991
LTX-0006723,P02947,2025-02-18 09:00:00,EARN,18,73,BKG-006537
LTX-0006724,P02947,2025-02-18 18:00:00,REDEEM,-30,43,BKG-006537
LTX-0006725,P00313,2025-04-26 09:00:00,EARN,50,50,BKG-001992
LTX-0006726,P03111,2025-05-29 09:00:00,EARN,48,48,BKG-002715
LTX-0006727,P03111,2025-06-26 09:00:00,EARN,70,118,BKG-001993
LTX-0006728,P02888,2025-02-13 09:00:00,EARN,63,63,BKG-004246
LTX-0006729,P02888,2025-03-14 09:00:00,EARN,31,94,BKG-004390
LTX-0006730,P02888,2025-04-06 09:00:00,EARN,52,146,BKG-001996
LTX-0006731,P02888,2025-09-24 09:00:00,EARN,24,170,BKG-008715
LTX-0006732,P02888,2025-10-21 09:00:00,EARN,90,260,BKG-009261
LTX-0006733,P02888,2025-10-21 18:00:00,REDEEM,-10,250,BKG-009261
LTX-0006734,P03597,2025-04-04 09:00:00,EARN,39,39,BKG-010902
LTX-0006735,P03597,2025-05-30 09:00:00,EARN,28,67,BKG-007828
LTX-0006736,P03597,2025-10-10 09:00:00,EARN,22,89,BKG-001998
LTX-0006737,P03138,2025-05-02 09:00:00,EARN,26,26,BKG-005130
LTX-0006738,P03138,2025-06-09 09:00:00,EARN,54,80,BKG-002851
LTX-0006739,P03138,2025-09-17 09:00:00,EARN,66,146,BKG-004293
LTX-0006740,P03138,2025-09-17 18:00:00,REDEEM,-30,116,BKG-004293
LTX-0006741,P03138,2025-10-31 09:00:00,EARN,72,188,BKG-008784
LTX-0006742,P03138,2025-12-20 09:00:00,EARN,17,205,BKG-001999
LTX-0006743,P03949,2024-12-09 09:00:00,EARN,43,43,BKG-003119
LTX-0006744,P03949,2025-04-01 09:00:00,EARN,38,81,BKG-009735
LTX-0006745,P03949,2025-09-16 09:00:00,EARN,43,124,BKG-002001
LTX-0006746,P01695,2025-07-21 09:00:00,EARN,54,54,BKG-008042
LTX-0006747,P01695,2025-11-15 09:00:00,EARN,41,95,BKG-002002
LTX-0006748,P03633,2025-01-13 09:00:00,EARN,31,31,BKG-009141
LTX-0006749,P03633,2025-06-02 09:00:00,EARN,51,82,BKG-007611
LTX-0006750,P03633,2025-06-26 09:00:00,EARN,66,148,BKG-002879
LTX-0006751,P03633,2025-12-19 09:00:00,EARN,59,207,BKG-002003
LTX-0006752,P03633,2025-12-19 18:00:00,REDEEM,-30,177,BKG-002003
LTX-0006753,P02827,2025-03-30 09:00:00,EARN,57,57,BKG-004505
LTX-0006754,P02827,2025-05-12 09:00:00,EARN,40,97,BKG-002004
LTX-0006755,P02827,2025-05-19 09:00:00,EARN,21,118,BKG-009336
LTX-0006756,P02827,2025-07-07 09:00:00,EARN,76,194,BKG-004824
LTX-0006757,P02827,2025-07-11 09:00:00,EARN,32,226,BKG-007891
LTX-0006758,P02827,2025-12-04 09:00:00,EARN,55,281,BKG-008359
LTX-0006759,P02655,2025-04-11 09:00:00,EARN,22,22,BKG-007763
LTX-0006760,P02655,2025-04-16 09:00:00,EARN,65,87,BKG-002006
LTX-0006761,P02655,2025-06-08 09:00:00,EARN,40,127,BKG-008257
LTX-0006762,P02714,2025-02-20 09:00:00,EARN,17,17,BKG-011107
LTX-0006763,P02714,2025-09-19 09:00:00,EARN,40,57,BKG-002007
LTX-0006764,P02714,2025-09-19 18:00:00,REDEEM,-20,37,BKG-002007
LTX-0006765,P02714,2025-11-25 09:00:00,EARN,42,79,BKG-008631
LTX-0006766,P02714,2025-12-01 09:00:00,EARN,39,118,BKG-004594
LTX-0006767,P03698,2025-02-06 09:00:00,EARN,48,48,BKG-005301
LTX-0006768,P03698,2025-02-09 09:00:00,EARN,61,109,BKG-011644
LTX-0006769,P03698,2025-05-11 09:00:00,EARN,19,128,BKG-002008
LTX-0006770,P03698,2025-06-19 09:00:00,EARN,17,145,BKG-011317
LTX-0006771,P03698,2025-07-10 09:00:00,EARN,20,165,BKG-002095
LTX-0006772,P02471,2025-02-17 09:00:00,EARN,6,6,BKG-002009
LTX-0006773,P02471,2025-03-11 09:00:00,EARN,6,12,BKG-007748
LTX-0006774,P02471,2025-03-30 09:00:00,EARN,88,100,BKG-012380
LTX-0006775,P03946,2025-09-09 09:00:00,EARN,36,36,BKG-002012
LTX-0006776,P03946,2025-11-08 09:00:00,EARN,51,87,BKG-007577
LTX-0006777,P00738,2025-02-20 09:00:00,EARN,56,56,BKG-005179
LTX-0006778,P00738,2025-03-09 09:00:00,EARN,24,80,BKG-009905
LTX-0006779,P00738,2025-06-10 09:00:00,EARN,39,119,BKG-004332
LTX-0006780,P00738,2025-06-17 09:00:00,EARN,51,170,BKG-002013
LTX-0006781,P00738,2025-06-29 09:00:00,EARN,69,239,BKG-008050
LTX-0006782,P01985,2025-04-06 09:00:00,EARN,27,27,BKG-006203
LTX-0006783,P01985,2025-04-22 09:00:00,EARN,36,63,BKG-006953
LTX-0006784,P01985,2025-06-22 09:00:00,EARN,92,155,BKG-002015
LTX-0006785,P02536,2025-04-14 09:00:00,EARN,68,68,BKG-006406
LTX-0006786,P02536,2025-05-23 09:00:00,EARN,55,123,BKG-008479
LTX-0006787,P02536,2025-05-23 18:00:00,REDEEM,-20,103,BKG-008479
LTX-0006788,P02536,2025-06-07 09:00:00,EARN,24,127,BKG-006456
LTX-0006789,P02536,2025-06-17 09:00:00,EARN,39,166,BKG-002016
LTX-0006790,P02536,2025-12-13 09:00:00,EARN,17,183,BKG-002204
LTX-0006791,P01714,2025-05-12 09:00:00,EARN,48,48,BKG-004892
LTX-0006792,P01714,2025-05-21 09:00:00,EARN,22,70,BKG-005300
LTX-0006793,P01714,2025-06-07 09:00:00,EARN,82,152,BKG-009093
LTX-0006794,P01714,2025-06-16 09:00:00,EARN,45,197,BKG-008011
LTX-0006795,P01714,2025-08-27 09:00:00,EARN,40,237,BKG-003886
LTX-0006796,P01714,2025-11-27 09:00:00,EARN,35,272,BKG-002018
LTX-0006797,P02410,2025-05-31 09:00:00,EARN,66,66,BKG-003407
LTX-0006798,P02410,2025-08-25 09:00:00,EARN,52,118,BKG-006245
LTX-0006799,P02410,2025-10-21 09:00:00,EARN,18,136,BKG-005045
LTX-0006800,P02410,2025-12-03 09:00:00,EARN,17,153,BKG-002021
LTX-0006801,P03257,2025-01-25 09:00:00,EARN,59,59,BKG-005875
LTX-0006802,P03257,2025-01-25 18:00:00,REDEEM,-20,39,BKG-005875
LTX-0006803,P03257,2025-04-07 09:00:00,EARN,48,87,BKG-002022
LTX-0006804,P03257,2025-06-02 09:00:00,EARN,67,154,BKG-011348
LTX-0006805,P03257,2025-06-02 18:00:00,REDEEM,-10,144,BKG-011348
LTX-0006806,P03257,2025-07-28 09:00:00,EARN,36,180,BKG-005424
LTX-0006807,P03257,2025-11-09 09:00:00,EARN,40,220,BKG-004798
LTX-0006808,P03257,2025-11-30 09:00:00,EARN,36,256,BKG-010496
LTX-0006809,P02734,2025-05-10 09:00:00,EARN,54,54,BKG-002026
LTX-0006810,P02734,2025-05-10 18:00:00,REDEEM,-10,44,BKG-002026
LTX-0006811,P02734,2025-09-24 09:00:00,EARN,21,65,BKG-005512
LTX-0006812,P03366,2025-05-30 09:00:00,EARN,56,56,BKG-002327
LTX-0006813,P03366,2025-05-30 18:00:00,REDEEM,-10,46,BKG-002327
LTX-0006814,P03366,2025-06-18 09:00:00,EARN,70,116,BKG-008788
LTX-0006815,P03366,2025-06-19 09:00:00,EARN,37,153,BKG-009795
LTX-0006816,P03366,2025-07-10 09:00:00,EARN,65,218,BKG-002028
LTX-0006817,P03934,2025-01-02 09:00:00,EARN,60,60,BKG-002168
LTX-0006818,P03934,2025-06-10 09:00:00,EARN,18,78,BKG-004810
LTX-0006819,P03934,2025-09-16 09:00:00,EARN,35,113,BKG-009898
LTX-0006820,P03934,2025-11-17 09:00:00,EARN,53,166,BKG-004441
LTX-0006821,P03934,2025-11-25 09:00:00,EARN,12,178,BKG-002031
LTX-0006822,P03934,2025-12-07 09:00:00,EARN,67,245,BKG-009007
LTX-0006823,P00037,2025-04-18 09:00:00,EARN,10,10,BKG-007147
LTX-0006824,P00037,2025-05-03 09:00:00,EARN,66,76,BKG-010744
LTX-0006825,P00037,2025-06-24 09:00:00,EARN,68,144,BKG-011598
LTX-0006826,P00037,2025-11-06 09:00:00,EARN,30,174,BKG-002032
LTX-0006827,P00037,2025-12-08 09:00:00,EARN,11,185,BKG-005401
LTX-0006828,P00037,2025-12-17 09:00:00,EARN,43,228,BKG-005188
LTX-0006829,P00764,2025-11-22 09:00:00,EARN,25,25,BKG-002033
LTX-0006830,P01623,2025-04-29 09:00:00,EARN,62,62,BKG-011610
LTX-0006831,P01623,2025-06-02 09:00:00,EARN,57,119,BKG-008469
LTX-0006832,P01623,2025-06-06 09:00:00,EARN,19,138,BKG-004456
LTX-0006833,P01623,2025-07-08 09:00:00,EARN,37,175,BKG-002034
LTX-0006834,P03205,2025-03-10 09:00:00,EARN,36,36,BKG-007683
LTX-0006835,P03205,2025-09-16 09:00:00,EARN,40,76,BKG-004546
LTX-0006836,P03205,2025-09-19 09:00:00,EARN,38,114,BKG-002036
LTX-0006837,P03205,2025-11-24 09:00:00,EARN,67,181,BKG-008535
LTX-0006838,P00787,2025-05-16 09:00:00,EARN,52,52,BKG-012010
LTX-0006839,P00787,2025-05-28 09:00:00,EARN,58,110,BKG-004219
LTX-0006840,P00787,2025-07-14 09:00:00,EARN,28,138,BKG-008441
LTX-0006841,P00787,2025-08-14 09:00:00,EARN,55,193,BKG-002037
LTX-0006842,P00148,2025-06-14 09:00:00,EARN,22,22,BKG-002038
LTX-0006843,P00148,2025-12-06 09:00:00,EARN,19,41,BKG-011786
LTX-0006844,P02426,2025-06-04 09:00:00,EARN,56,56,BKG-006220
LTX-0006845,P02426,2025-07-13 09:00:00,EARN,44,100,BKG-002039
LTX-0006846,P02426,2025-12-02 09:00:00,EARN,89,189,BKG-009285
LTX-0006847,P00287,2024-12-23 09:00:00,EARN,32,32,BKG-006000
LTX-0006848,P00287,2025-01-06 09:00:00,EARN,16,48,BKG-012297
LTX-0006849,P00287,2025-01-06 18:00:00,REDEEM,-10,38,BKG-012297
LTX-0006850,P00287,2025-03-11 09:00:00,EARN,17,55,BKG-002042
LTX-0006851,P00287,2025-05-13 09:00:00,EARN,65,120,BKG-006056
LTX-0006852,P00287,2025-05-24 09:00:00,EARN,23,143,BKG-011076
LTX-0006853,P00287,2025-06-19 09:00:00,EARN,41,184,BKG-007063
LTX-0006854,P00287,2025-06-19 18:00:00,REDEEM,-20,164,BKG-007063
LTX-0006855,P00287,2025-06-28 09:00:00,EARN,62,226,BKG-007470
LTX-0006856,P00287,2025-07-05 09:00:00,EARN,50,276,BKG-005666
LTX-0006857,P00494,2025-02-24 09:00:00,EARN,30,30,BKG-004990
LTX-0006858,P00494,2025-06-20 09:00:00,EARN,17,47,BKG-002043
LTX-0006859,P00494,2025-12-14 09:00:00,EARN,21,68,BKG-010767
LTX-0006860,P01820,2025-06-19 09:00:00,EARN,44,44,BKG-002044
LTX-0006861,P00100,2025-05-09 09:00:00,EARN,37,37,BKG-002047
LTX-0006862,P00100,2025-06-14 09:00:00,EARN,16,53,BKG-011883
LTX-0006863,P00100,2025-11-20 09:00:00,EARN,30,83,BKG-012421
LTX-0006864,P00100,2025-12-08 09:00:00,EARN,45,128,BKG-006901
LTX-0006865,P02547,2025-02-24 09:00:00,EARN,44,44,BKG-002365
LTX-0006866,P02547,2025-03-21 09:00:00,EARN,21,65,BKG-007566
LTX-0006867,P02547,2025-06-29 09:00:00,EARN,30,95,BKG-009827
LTX-0006868,P02547,2025-08-01 09:00:00,EARN,64,159,BKG-004654
LTX-0006869,P02547,2025-11-27 09:00:00,EARN,76,235,BKG-002049
LTX-0006870,P02547,2025-12-02 09:00:00,EARN,67,302,BKG-010102
LTX-0006871,P01520,2025-03-30 09:00:00,EARN,23,23,BKG-010426
LTX-0006872,P01520,2025-07-13 09:00:00,EARN,22,45,BKG-002052
LTX-0006873,P01520,2025-08-15 09:00:00,EARN,72,117,BKG-002866
LTX-0006874,P01520,2025-10-13 09:00:00,EARN,69,186,BKG-010832
LTX-0006875,P03752,2025-03-14 09:00:00,EARN,31,31,BKG-006623
LTX-0006876,P03752,2025-05-19 09:00:00,EARN,50,81,BKG-008220
LTX-0006877,P03752,2025-05-19 18:00:00,REDEEM,-30,51,BKG-008220
LTX-0006878,P03752,2025-05-31 09:00:00,EARN,96,147,BKG-010253
LTX-0006879,P03752,2025-06-10 09:00:00,EARN,34,181,BKG-002054
LTX-0006880,P03358,2025-02-26 09:00:00,EARN,31,31,BKG-010785
LTX-0006881,P03358,2025-06-18 09:00:00,EARN,29,60,BKG-008885
LTX-0006882,P03358,2025-07-31 09:00:00,EARN,38,98,BKG-006871
LTX-0006883,P03358,2025-11-11 09:00:00,EARN,51,149,BKG-004013
LTX-0006884,P03358,2025-11-23 09:00:00,EARN,36,185,BKG-002055
LTX-0006885,P01700,2025-06-09 09:00:00,EARN,22,22,BKG-011260
LTX-0006886,P01700,2025-06-29 09:00:00,EARN,51,73,BKG-002056
LTX-0006887,P01700,2025-06-29 18:00:00,REDEEM,-20,53,BKG-002056
LTX-0006888,P01700,2025-08-25 09:00:00,EARN,52,105,BKG-010081
LTX-0006889,P01700,2025-08-25 18:00:00,REDEEM,-10,95,BKG-010081
LTX-0006890,P01700,2025-11-29 09:00:00,EARN,97,192,BKG-006813
LTX-0006891,P00057,2025-01-20 09:00:00,EARN,28,28,BKG-008072
LTX-0006892,P00057,2025-02-14 09:00:00,EARN,77,105,BKG-009205
LTX-0006893,P00057,2025-03-28 09:00:00,EARN,63,168,BKG-007898
LTX-0006894,P00057,2025-03-28 18:00:00,REDEEM,-20,148,BKG-007898
LTX-0006895,P00057,2025-05-05 09:00:00,EARN,35,183,BKG-002060
LTX-0006896,P00057,2025-05-05 18:00:00,REDEEM,-10,173,BKG-002060
LTX-0006897,P00057,2025-06-10 09:00:00,EARN,70,243,BKG-007631
LTX-0006898,P02311,2025-01-28 09:00:00,EARN,15,15,BKG-011182
LTX-0006899,P02311,2025-07-11 09:00:00,EARN,6,21,BKG-002061
LTX-0006900,P00466,2025-01-24 09:00:00,EARN,58,58,BKG-005507
LTX-0006901,P00466,2025-02-18 09:00:00,EARN,36,94,BKG-007686
LTX-0006902,P00466,2025-07-06 09:00:00,EARN,79,173,BKG-009170
LTX-0006903,P00466,2025-07-06 18:00:00,REDEEM,-20,153,BKG-009170
LTX-0006904,P00466,2025-07-23 09:00:00,EARN,20,173,BKG-004695
LTX-0006905,P00466,2025-10-09 09:00:00,EARN,26,199,BKG-011353
LTX-0006906,P00466,2025-10-09 18:00:00,REDEEM,-10,189,BKG-011353
LTX-0006907,P00466,2025-11-04 09:00:00,EARN,16,205,BKG-005167
LTX-0006908,P00466,2025-11-04 18:00:00,REDEEM,-10,195,BKG-005167
LTX-0006909,P00466,2025-11-08 09:00:00,EARN,37,232,BKG-002063
LTX-0006910,P02215,2025-05-10 09:00:00,EARN,24,24,BKG-008375
LTX-0006911,P02215,2025-05-16 09:00:00,EARN,61,85,BKG-010708
LTX-0006912,P02215,2025-07-05 09:00:00,EARN,56,141,BKG-002064
LTX-0006913,P01846,2024-12-09 09:00:00,EARN,24,24,BKG-002068
LTX-0006914,P01846,2024-12-28 09:00:00,EARN,54,78,BKG-011414
LTX-0006915,P01846,2025-06-28 09:00:00,EARN,22,100,BKG-008914
LTX-0006916,P01846,2025-11-03 09:00:00,EARN,24,124,BKG-012087
LTX-0006917,P01846,2025-11-03 18:00:00,REDEEM,-10,114,BKG-012087
LTX-0006918,P03226,2025-04-13 09:00:00,EARN,42,42,BKG-003200
LTX-0006919,P03226,2025-05-31 09:00:00,EARN,43,85,BKG-002069
LTX-0006920,P03226,2025-11-20 09:00:00,EARN,28,113,BKG-009893
LTX-0006921,P02804,2025-02-24 09:00:00,EARN,41,41,BKG-010893
LTX-0006922,P02804,2025-11-19 09:00:00,EARN,76,117,BKG-002070
LTX-0006923,P02566,2025-05-08 09:00:00,EARN,37,37,BKG-007878
LTX-0006924,P02566,2025-09-28 09:00:00,EARN,51,88,BKG-002071
LTX-0006925,P02566,2025-10-21 09:00:00,EARN,46,134,BKG-003217
LTX-0006926,P02619,2025-02-14 09:00:00,EARN,36,36,BKG-002072
LTX-0006927,P02619,2025-02-14 18:00:00,REDEEM,-30,6,BKG-002072
LTX-0006928,P02619,2025-06-07 09:00:00,EARN,42,48,BKG-006839
LTX-0006929,P02619,2025-07-14 09:00:00,EARN,40,88,BKG-008492
LTX-0006930,P02619,2025-10-25 09:00:00,EARN,50,138,BKG-005500
LTX-0006931,P02619,2025-11-10 09:00:00,EARN,53,191,BKG-002829
LTX-0006932,P02619,2025-11-24 09:00:00,EARN,65,256,BKG-002347
LTX-0006933,P02619,2025-11-24 18:00:00,REDEEM,-20,236,BKG-002347
LTX-0006934,P03944,2025-02-18 09:00:00,EARN,61,61,BKG-002557
LTX-0006935,P03944,2025-05-29 09:00:00,EARN,22,83,BKG-004590
LTX-0006936,P03944,2025-06-12 09:00:00,EARN,28,111,BKG-002073
LTX-0006937,P03944,2025-06-28 09:00:00,EARN,55,166,BKG-004044
LTX-0006938,P02212,2025-02-23 09:00:00,EARN,73,73,BKG-002075
LTX-0006939,P02212,2025-07-02 09:00:00,EARN,44,117,BKG-003435
LTX-0006940,P02212,2025-07-31 09:00:00,EARN,35,152,BKG-004925
LTX-0006941,P02212,2025-11-17 09:00:00,EARN,41,193,BKG-008865
LTX-0006942,P02212,2025-11-17 18:00:00,REDEEM,-10,183,BKG-008865
LTX-0006943,P02142,2024-12-18 09:00:00,EARN,75,75,BKG-010231
LTX-0006944,P02142,2024-12-18 18:00:00,REDEEM,-10,65,BKG-010231
LTX-0006945,P02142,2025-03-30 09:00:00,EARN,48,113,BKG-002076
LTX-0006946,P02142,2025-05-18 09:00:00,EARN,40,153,BKG-004495
LTX-0006947,P02142,2025-07-15 09:00:00,EARN,84,237,BKG-010033
LTX-0006948,P03321,2025-08-21 09:00:00,EARN,17,17,BKG-002078
LTX-0006949,P03742,2025-03-19 09:00:00,EARN,29,29,BKG-003554
LTX-0006950,P03742,2025-07-03 09:00:00,EARN,43,72,BKG-011192
LTX-0006951,P03742,2025-08-17 09:00:00,EARN,33,105,BKG-006737
LTX-0006952,P03742,2025-08-17 18:00:00,REDEEM,-20,85,BKG-006737
LTX-0006953,P03742,2025-10-09 09:00:00,EARN,32,117,BKG-002081
LTX-0006954,P03742,2025-11-09 09:00:00,EARN,21,138,BKG-010054
LTX-0006955,P03742,2025-11-29 09:00:00,EARN,60,198,BKG-012404
LTX-0006956,P03742,2025-11-29 18:00:00,REDEEM,-10,188,BKG-012404
LTX-0006957,P03742,2025-12-12 09:00:00,EARN,10,198,BKG-006273
LTX-0006958,P01132,2025-02-23 09:00:00,EARN,16,16,BKG-003963
LTX-0006959,P01132,2025-05-23 09:00:00,EARN,68,84,BKG-010784
LTX-0006960,P01132,2025-08-28 09:00:00,EARN,15,99,BKG-010431
LTX-0006961,P01132,2025-11-23 09:00:00,EARN,67,166,BKG-002082
LTX-0006962,P03598,2025-06-07 09:00:00,EARN,42,42,BKG-002083
LTX-0006963,P03598,2025-07-11 09:00:00,EARN,41,83,BKG-006916
LTX-0006964,P03115,2025-11-13 09:00:00,EARN,8,8,BKG-002086
LTX-0006965,P00099,2025-06-01 09:00:00,EARN,92,92,BKG-010998
LTX-0006966,P00099,2025-10-22 09:00:00,EARN,36,128,BKG-002087
LTX-0006967,P00099,2025-11-17 09:00:00,EARN,63,191,BKG-012017
LTX-0006968,P00099,2025-12-13 09:00:00,EARN,27,218,BKG-009645
LTX-0006969,P03030,2025-02-02 09:00:00,EARN,49,49,BKG-009220
LTX-0006970,P03030,2025-05-13 09:00:00,EARN,33,82,BKG-003150
LTX-0006971,P03030,2025-05-18 09:00:00,EARN,26,108,BKG-006880
LTX-0006972,P03030,2025-05-18 18:00:00,REDEEM,-30,78,BKG-006880
LTX-0006973,P03030,2025-06-02 09:00:00,EARN,84,162,BKG-003548
LTX-0006974,P03030,2025-07-03 09:00:00,EARN,33,195,BKG-002918
LTX-0006975,P03030,2025-07-14 09:00:00,EARN,57,252,BKG-008001
LTX-0006976,P03030,2025-11-03 09:00:00,EARN,21,273,BKG-002088
LTX-0006977,P00451,2025-03-14 09:00:00,EARN,37,37,BKG-002089
LTX-0006978,P00451,2025-06-26 09:00:00,EARN,31,68,BKG-010080
LTX-0006979,P00451,2025-06-28 09:00:00,EARN,27,95,BKG-003960
LTX-0006980,P03483,2025-02-05 09:00:00,EARN,11,11,BKG-011175
LTX-0006981,P03483,2025-08-13 09:00:00,EARN,45,56,BKG-002090
LTX-0006982,P03215,2024-12-18 09:00:00,EARN,44,44,BKG-002091
LTX-0006983,P03215,2025-01-05 09:00:00,EARN,53,97,BKG-011053
LTX-0006984,P03215,2025-09-12 09:00:00,EARN,26,123,BKG-004142
LTX-0006985,P03215,2025-09-17 09:00:00,EARN,25,148,BKG-006396
LTX-0006986,P03239,2025-02-11 09:00:00,EARN,23,23,BKG-007316
LTX-0006987,P03239,2025-03-30 09:00:00,EARN,28,51,BKG-011310
LTX-0006988,P03239,2025-05-12 09:00:00,EARN,41,92,BKG-002092
LTX-0006989,P03239,2025-05-27 09:00:00,EARN,31,123,BKG-006807
LTX-0006990,P03239,2025-09-27 09:00:00,EARN,27,150,BKG-003804
LTX-0006991,P03239,2025-12-13 09:00:00,EARN,31,181,BKG-003607
LTX-0006992,P02574,2025-09-17 09:00:00,EARN,46,46,BKG-002098
LTX-0006993,P02574,2025-11-19 09:00:00,EARN,35,81,BKG-005838
LTX-0006994,P02626,2025-03-27 09:00:00,EARN,31,31,BKG-004171
LTX-0006995,P02626,2025-06-06 09:00:00,EARN,24,55,BKG-002099
LTX-0006996,P02626,2025-06-28 09:00:00,EARN,44,99,BKG-006287
LTX-0006997,P02626,2025-11-28 09:00:00,EARN,17,116,BKG-011973
LTX-0006998,P00735,2025-01-13 09:00:00,EARN,29,29,BKG-006843
LTX-0006999,P00735,2025-01-13 18:00:00,REDEEM,-10,19,BKG-006843
LTX-0007000,P00735,2025-02-23 09:00:00,EARN,44,63,BKG-002100
LTX-0007001,P00735,2025-11-28 09:00:00,EARN,70,133,BKG-002697
LTX-0007002,P03795,2025-02-06 09:00:00,EARN,41,41,BKG-003052
LTX-0007003,P03795,2025-06-21 09:00:00,EARN,49,90,BKG-006476
LTX-0007004,P03795,2025-06-30 09:00:00,EARN,75,165,BKG-002102
LTX-0007005,P03140,2025-10-16 09:00:00,EARN,55,55,BKG-002103
LTX-0007006,P03140,2025-10-18 09:00:00,EARN,62,117,BKG-007271
LTX-0007007,P01155,2025-02-27 09:00:00,EARN,28,28,BKG-006869
LTX-0007008,P01155,2025-07-05 09:00:00,EARN,14,42,BKG-012177
LTX-0007009,P01155,2025-07-16 09:00:00,EARN,48,90,BKG-009971
LTX-0007010,P01155,2025-10-12 09:00:00,EARN,22,112,BKG-012445
LTX-0007011,P01155,2025-10-13 09:00:00,EARN,48,160,BKG-007824
LTX-0007012,P01155,2025-11-17 09:00:00,EARN,58,218,BKG-002104
LTX-0007013,P02605,2025-06-05 09:00:00,EARN,82,82,BKG-007190
LTX-0007014,P02605,2025-06-05 18:00:00,REDEEM,-20,62,BKG-007190
LTX-0007015,P02605,2025-06-15 09:00:00,EARN,32,94,BKG-002105
LTX-0007016,P02605,2025-07-22 09:00:00,EARN,5,99,BKG-010071
LTX-0007017,P02605,2025-12-01 09:00:00,EARN,58,157,BKG-007694
LTX-0007018,P02747,2025-02-21 09:00:00,EARN,46,46,BKG-009947
LTX-0007019,P02747,2025-08-17 09:00:00,EARN,54,100,BKG-005659
LTX-0007020,P02747,2025-09-01 09:00:00,EARN,22,122,BKG-007947
LTX-0007021,P02747,2025-11-19 09:00:00,EARN,46,168,BKG-002106
LTX-0007022,P01516,2025-02-16 09:00:00,EARN,42,42,BKG-002107
LTX-0007023,P01516,2025-03-24 09:00:00,EARN,36,78,BKG-011884
LTX-0007024,P01516,2025-07-06 09:00:00,EARN,22,100,BKG-006915
LTX-0007025,P01516,2025-07-06 09:00:00,EARN,86,186,BKG-009957
LTX-0007026,P01516,2025-09-24 09:00:00,EARN,8,194,BKG-009341
LTX-0007027,P01516,2025-11-11 09:00:00,EARN,45,239,BKG-009489
LTX-0007028,P00129,2025-06-11 09:00:00,EARN,54,54,BKG-002108
LTX-0007029,P03570,2025-02-04 09:00:00,EARN,45,45,BKG-010319
LTX-0007030,P03570,2025-02-28 09:00:00,EARN,28,73,BKG-002109
LTX-0007031,P03570,2025-04-02 09:00:00,EARN,60,133,BKG-005685
LTX-0007032,P03570,2025-04-02 18:00:00,REDEEM,-10,123,BKG-005685
LTX-0007033,P03570,2025-06-27 09:00:00,EARN,42,165,BKG-012114
LTX-0007034,P03570,2025-07-11 09:00:00,EARN,42,207,BKG-009171
LTX-0007035,P03570,2025-10-15 09:00:00,EARN,26,233,BKG-010897
LTX-0007036,P01905,2025-03-11 09:00:00,EARN,18,18,BKG-002184
LTX-0007037,P01905,2025-04-12 09:00:00,EARN,22,40,BKG-002114
LTX-0007038,P01905,2025-04-27 09:00:00,EARN,47,87,BKG-009029
LTX-0007039,P01905,2025-08-25 09:00:00,EARN,23,110,BKG-004745
LTX-0007040,P02668,2025-06-27 09:00:00,EARN,15,15,BKG-004439
LTX-0007041,P02668,2025-08-31 09:00:00,EARN,46,61,BKG-002116
LTX-0007042,P03577,2024-12-23 09:00:00,EARN,29,29,BKG-010413
LTX-0007043,P03577,2025-01-04 09:00:00,EARN,39,68,BKG-005623
LTX-0007044,P03577,2025-02-20 09:00:00,EARN,28,96,BKG-010260
LTX-0007045,P03577,2025-06-27 09:00:00,EARN,75,171,BKG-007413
LTX-0007046,P03577,2025-07-05 09:00:00,EARN,37,208,BKG-002118
LTX-0007047,P03577,2025-09-29 09:00:00,EARN,19,227,BKG-012056
LTX-0007048,P03577,2025-10-07 09:00:00,EARN,44,271,BKG-004710
LTX-0007049,P03577,2025-10-12 09:00:00,EARN,43,314,BKG-005461
LTX-0007050,P02576,2025-02-19 09:00:00,EARN,44,44,BKG-002120
LTX-0007051,P02576,2025-06-01 09:00:00,EARN,47,91,BKG-005264
LTX-0007052,P02576,2025-07-19 09:00:00,EARN,107,198,BKG-010624
LTX-0007053,P01990,2025-05-09 09:00:00,EARN,52,52,BKG-009636
LTX-0007054,P01990,2025-07-06 09:00:00,EARN,72,124,BKG-002121
LTX-0007055,P01479,2025-05-25 09:00:00,EARN,83,83,BKG-002122
LTX-0007056,P01479,2025-05-25 18:00:00,REDEEM,-20,63,BKG-002122
LTX-0007057,P01479,2025-06-02 09:00:00,EARN,56,119,BKG-008810
LTX-0007058,P01479,2025-06-02 18:00:00,REDEEM,-30,89,BKG-008810
LTX-0007059,P01479,2025-06-19 09:00:00,EARN,86,175,BKG-006675
LTX-0007060,P01479,2025-07-04 09:00:00,EARN,51,226,BKG-011279
LTX-0007061,P03122,2025-03-07 09:00:00,EARN,48,48,BKG-002522
LTX-0007062,P03122,2025-09-16 09:00:00,EARN,9,57,BKG-002126
LTX-0007063,P03122,2025-09-16 18:00:00,REDEEM,-10,47,BKG-002126
LTX-0007064,P03928,2025-10-06 09:00:00,EARN,28,28,BKG-002127
LTX-0007065,P03928,2025-12-17 09:00:00,EARN,33,61,BKG-003680
LTX-0007066,P02017,2025-04-06 09:00:00,EARN,53,53,BKG-002482
LTX-0007067,P02017,2025-06-24 09:00:00,EARN,12,65,BKG-002652
LTX-0007068,P02017,2025-08-15 09:00:00,EARN,46,111,BKG-002132
LTX-0007069,P02017,2025-08-19 09:00:00,EARN,42,153,BKG-010481
LTX-0007070,P02017,2025-08-19 18:00:00,REDEEM,-30,123,BKG-010481
LTX-0007071,P02017,2025-10-20 09:00:00,EARN,40,163,BKG-006682
LTX-0007072,P00850,2025-01-21 09:00:00,EARN,45,45,BKG-007921
LTX-0007073,P00850,2025-01-21 18:00:00,REDEEM,-10,35,BKG-007921
LTX-0007074,P00850,2025-01-27 09:00:00,EARN,42,77,BKG-006262
LTX-0007075,P00850,2025-11-11 09:00:00,EARN,49,126,BKG-009916
LTX-0007076,P00850,2025-12-17 09:00:00,EARN,114,240,BKG-002134
LTX-0007077,P03016,2025-01-13 09:00:00,EARN,31,31,BKG-011438
LTX-0007078,P03016,2025-02-14 09:00:00,EARN,44,75,BKG-009939
LTX-0007079,P03016,2025-08-12 09:00:00,EARN,36,111,BKG-009998
LTX-0007080,P03016,2025-11-10 09:00:00,EARN,81,192,BKG-002852
LTX-0007081,P03016,2025-11-23 09:00:00,EARN,104,296,BKG-002139
LTX-0007082,P03261,2025-02-07 09:00:00,EARN,47,47,BKG-002140
LTX-0007083,P03261,2025-05-29 09:00:00,EARN,41,88,BKG-003426
LTX-0007084,P03261,2025-11-22 09:00:00,EARN,35,123,BKG-005226
LTX-0007085,P01089,2024-12-23 09:00:00,EARN,6,6,BKG-002141
LTX-0007086,P03460,2025-03-17 09:00:00,EARN,53,53,BKG-011965
LTX-0007087,P03460,2025-07-01 09:00:00,EARN,27,80,BKG-008145
LTX-0007088,P03460,2025-07-18 09:00:00,EARN,30,110,BKG-002145
LTX-0007089,P03460,2025-07-18 09:00:00,EARN,64,174,BKG-011512
LTX-0007090,P03460,2025-07-27 09:00:00,EARN,53,227,BKG-005450
LTX-0007091,P02994,2025-02-26 09:00:00,EARN,54,54,BKG-006013
LTX-0007092,P02994,2025-03-07 09:00:00,EARN,35,89,BKG-010554
LTX-0007093,P02994,2025-04-03 09:00:00,EARN,11,100,BKG-010321
LTX-0007094,P02994,2025-04-04 09:00:00,EARN,14,114,BKG-002313
LTX-0007095,P02994,2025-04-25 09:00:00,EARN,36,150,BKG-003732
LTX-0007096,P02994,2025-06-05 09:00:00,EARN,36,186,BKG-011024
LTX-0007097,P02994,2025-07-25 09:00:00,EARN,22,208,BKG-002147
LTX-0007098,P02994,2025-07-26 09:00:00,EARN,59,267,BKG-011291
LTX-0007099,P01210,2025-02-24 09:00:00,EARN,32,32,BKG-002148
LTX-0007100,P01210,2025-02-24 18:00:00,REDEEM,-20,12,BKG-002148
LTX-0007101,P01210,2025-11-24 09:00:00,EARN,70,82,BKG-005476
LTX-0007102,P01585,2025-01-13 09:00:00,EARN,18,18,BKG-004165
LTX-0007103,P01585,2025-03-05 09:00:00,EARN,32,50,BKG-002150
LTX-0007104,P01585,2025-05-15 09:00:00,EARN,60,110,BKG-011372
LTX-0007105,P01585,2025-05-30 09:00:00,EARN,18,128,BKG-007366
LTX-0007106,P02229,2024-12-13 09:00:00,EARN,18,18,BKG-004295
LTX-0007107,P02229,2025-04-02 09:00:00,EARN,31,49,BKG-002151
LTX-0007108,P02229,2025-05-16 09:00:00,EARN,66,115,BKG-005306
LTX-0007109,P02229,2025-06-17 09:00:00,EARN,68,183,BKG-004238
LTX-0007110,P02229,2025-06-17 18:00:00,REDEEM,-20,163,BKG-004238
LTX-0007111,P01790,2025-05-07 09:00:00,EARN,22,22,BKG-002423
LTX-0007112,P01790,2025-06-07 09:00:00,EARN,32,54,BKG-011984
LTX-0007113,P01790,2025-06-15 09:00:00,EARN,49,103,BKG-006827
LTX-0007114,P01790,2025-06-19 09:00:00,EARN,60,163,BKG-006939
LTX-0007115,P01790,2025-10-11 09:00:00,EARN,34,197,BKG-003727
LTX-0007116,P01790,2025-11-20 09:00:00,EARN,55,252,BKG-002152
LTX-0007117,P01790,2025-11-20 18:00:00,REDEEM,-10,242,BKG-002152
LTX-0007118,P00988,2025-01-21 09:00:00,EARN,40,40,BKG-006083
LTX-0007119,P00988,2025-01-21 18:00:00,REDEEM,-30,10,BKG-006083
LTX-0007120,P00988,2025-10-18 09:00:00,EARN,33,43,BKG-002153
LTX-0007121,P03154,2025-06-17 09:00:00,EARN,30,30,BKG-002154
LTX-0007122,P03154,2025-09-17 09:00:00,EARN,25,55,BKG-008920
LTX-0007123,P03154,2025-09-17 18:00:00,REDEEM,-30,25,BKG-008920
LTX-0007124,P03154,2025-12-04 09:00:00,EARN,61,86,BKG-002768
LTX-0007125,P01539,2025-04-04 09:00:00,EARN,15,15,BKG-008368
LTX-0007126,P01539,2025-06-08 09:00:00,EARN,31,46,BKG-006402
LTX-0007127,P01539,2025-09-10 09:00:00,EARN,49,95,BKG-002158
LTX-0007128,P02736,2025-05-07 09:00:00,EARN,8,8,BKG-011233
LTX-0007129,P02736,2025-09-19 09:00:00,EARN,46,54,BKG-009820
LTX-0007130,P02736,2025-09-19 18:00:00,REDEEM,-20,34,BKG-009820
LTX-0007131,P02736,2025-09-29 09:00:00,EARN,22,56,BKG-007490
LTX-0007132,P02736,2025-10-09 09:00:00,EARN,45,101,BKG-002161
LTX-0007133,P02736,2025-12-06 09:00:00,EARN,38,139,BKG-010055
LTX-0007134,P02974,2025-01-17 09:00:00,EARN,42,42,BKG-006707
LTX-0007135,P02974,2025-03-03 09:00:00,EARN,46,88,BKG-009972
LTX-0007136,P02974,2025-03-03 18:00:00,REDEEM,-30,58,BKG-009972
LTX-0007137,P02974,2025-09-29 09:00:00,EARN,9,67,BKG-008812
LTX-0007138,P02974,2025-12-01 09:00:00,EARN,25,92,BKG-002163
LTX-0007139,P02502,2025-01-15 09:00:00,EARN,47,47,BKG-002165
LTX-0007140,P02502,2025-04-27 09:00:00,EARN,35,82,BKG-004346
LTX-0007141,P02502,2025-04-27 18:00:00,REDEEM,-20,62,BKG-004346
LTX-0007142,P02502,2025-07-05 09:00:00,EARN,19,81,BKG-009050
LTX-0007143,P02502,2025-07-20 09:00:00,EARN,57,138,BKG-009460
LTX-0007144,P02502,2025-11-13 09:00:00,EARN,23,161,BKG-007189
LTX-0007145,P01692,2025-06-24 09:00:00,EARN,25,25,BKG-007216
LTX-0007146,P01692,2025-06-24 09:00:00,EARN,38,63,BKG-011680
LTX-0007147,P01692,2025-07-07 09:00:00,EARN,20,83,BKG-002171
LTX-0007148,P01984,2025-05-29 09:00:00,EARN,55,55,BKG-002172
LTX-0007149,P01984,2025-06-19 09:00:00,EARN,26,81,BKG-002716
LTX-0007150,P01984,2025-07-01 09:00:00,EARN,48,129,BKG-010312
LTX-0007151,P01984,2025-08-29 09:00:00,EARN,32,161,BKG-007602
LTX-0007152,P03957,2025-07-04 09:00:00,EARN,35,35,BKG-005675
LTX-0007153,P03957,2025-08-07 09:00:00,EARN,66,101,BKG-002174
LTX-0007154,P01231,2025-06-12 09:00:00,EARN,17,17,BKG-003025
LTX-0007155,P01231,2025-10-12 09:00:00,EARN,19,36,BKG-002175
LTX-0007156,P01111,2025-04-19 09:00:00,EARN,6,6,BKG-008497
LTX-0007157,P01111,2025-11-09 09:00:00,EARN,38,44,BKG-010841
LTX-0007158,P01111,2025-12-07 09:00:00,EARN,75,119,BKG-002176
LTX-0007159,P01111,2025-12-12 09:00:00,EARN,56,175,BKG-006812
LTX-0007160,P00358,2025-05-31 09:00:00,EARN,64,64,BKG-010369
LTX-0007161,P00358,2025-06-18 09:00:00,EARN,38,102,BKG-002178
LTX-0007162,P00358,2025-11-29 09:00:00,EARN,38,140,BKG-006844
LTX-0007163,P00358,2025-12-01 09:00:00,EARN,65,205,BKG-005799
LTX-0007164,P00761,2025-02-17 09:00:00,EARN,10,10,BKG-012134
LTX-0007165,P00761,2025-02-17 18:00:00,REDEEM,-10,0,BKG-012134
LTX-0007166,P00761,2025-05-27 09:00:00,EARN,76,76,BKG-002180
LTX-0007167,P00761,2025-10-09 09:00:00,EARN,12,88,BKG-004592
LTX-0007168,P02640,2025-03-10 09:00:00,EARN,16,16,BKG-002183
LTX-0007169,P02640,2025-03-14 09:00:00,EARN,17,33,BKG-010694
LTX-0007170,P03544,2025-02-16 09:00:00,EARN,57,57,BKG-003500
LTX-0007171,P03544,2025-04-07 09:00:00,EARN,42,99,BKG-011709
LTX-0007172,P03544,2025-10-25 09:00:00,EARN,15,114,BKG-002185
LTX-0007173,P03544,2025-12-17 09:00:00,EARN,99,213,BKG-002958
LTX-0007174,P00457,2025-04-01 09:00:00,EARN,25,25,BKG-002187
LTX-0007175,P00457,2025-05-10 09:00:00,EARN,40,65,BKG-007011
LTX-0007176,P00457,2025-06-28 09:00:00,EARN,36,101,BKG-011570
LTX-0007177,P00457,2025-06-28 18:00:00,REDEEM,-10,91,BKG-011570
LTX-0007178,P00457,2025-07-05 09:00:00,EARN,79,170,BKG-007067
LTX-0007179,P00457,2025-11-10 09:00:00,EARN,25,195,BKG-010813
LTX-0007180,P03145,2025-05-17 09:00:00,EARN,41,41,BKG-007002
LTX-0007181,P03145,2025-06-10 09:00:00,EARN,43,84,BKG-007415
LTX-0007182,P03145,2025-12-04 09:00:00,EARN,23,107,BKG-002188
LTX-0007183,P03166,2025-02-23 09:00:00,EARN,28,28,BKG-002190
LTX-0007184,P03166,2025-06-30 09:00:00,EARN,9,37,BKG-007077
LTX-0007185,P03291,2025-07-06 09:00:00,EARN,41,41,BKG-005361
LTX-0007186,P03291,2025-11-11 09:00:00,EARN,46,87,BKG-002192
LTX-0007187,P00728,2025-02-16 09:00:00,EARN,65,65,BKG-006715
LTX-0007188,P00728,2025-03-28 09:00:00,EARN,45,110,BKG-012314
LTX-0007189,P00728,2025-03-28 18:00:00,REDEEM,-30,80,BKG-012314
LTX-0007190,P00728,2025-06-28 09:00:00,EARN,28,108,BKG-012223
LTX-0007191,P00728,2025-07-28 09:00:00,EARN,11,119,BKG-002326
LTX-0007192,P00728,2025-11-13 09:00:00,EARN,48,167,BKG-002193
LTX-0007193,P00728,2025-11-21 09:00:00,EARN,62,229,BKG-006138
LTX-0007194,P03107,2025-06-01 09:00:00,EARN,32,32,BKG-011728
LTX-0007195,P03107,2025-09-19 09:00:00,EARN,25,57,BKG-005482
LTX-0007196,P03107,2025-12-04 09:00:00,EARN,42,99,BKG-002196
LTX-0007197,P01386,2025-02-21 09:00:00,EARN,71,71,BKG-008937
LTX-0007198,P01386,2025-04-28 09:00:00,EARN,51,122,BKG-008591
LTX-0007199,P01386,2025-04-28 18:00:00,REDEEM,-10,112,BKG-008591
LTX-0007200,P01386,2025-05-15 09:00:00,EARN,12,124,BKG-011782
LTX-0007201,P01386,2025-05-30 09:00:00,EARN,54,178,BKG-002197
LTX-0007202,P01386,2025-11-27 09:00:00,EARN,44,222,BKG-005456
LTX-0007203,P00874,2025-01-11 09:00:00,EARN,28,28,BKG-006829
LTX-0007204,P00874,2025-04-17 09:00:00,EARN,37,65,BKG-002198
LTX-0007205,P00874,2025-06-09 09:00:00,EARN,92,157,BKG-004918
LTX-0007206,P03347,2025-03-19 09:00:00,EARN,36,36,BKG-002199
LTX-0007207,P03347,2025-03-19 18:00:00,REDEEM,-30,6,BKG-002199
LTX-0007208,P03347,2025-04-06 09:00:00,EARN,48,54,BKG-006691
LTX-0007209,P00554,2024-12-21 09:00:00,EARN,49,49,BKG-002205
LTX-0007210,P00554,2025-01-07 09:00:00,EARN,11,60,BKG-008837
LTX-0007211,P00554,2025-03-07 09:00:00,EARN,53,113,BKG-002239
LTX-0007212,P02015,2024-12-26 09:00:00,EARN,29,29,BKG-002206
LTX-0007213,P02015,2025-05-27 09:00:00,EARN,74,103,BKG-006921
LTX-0007214,P02015,2025-09-04 09:00:00,EARN,36,139,BKG-009581
LTX-0007215,P03043,2025-04-08 09:00:00,EARN,65,65,BKG-005951
LTX-0007216,P03043,2025-11-12 09:00:00,EARN,59,124,BKG-006312
LTX-0007217,P03043,2025-12-03 09:00:00,EARN,67,191,BKG-002208
LTX-0007218,P02284,2024-12-27 09:00:00,EARN,28,28,BKG-002350
LTX-0007219,P02284,2025-01-14 09:00:00,EARN,37,65,BKG-010845
LTX-0007220,P02284,2025-04-13 09:00:00,EARN,40,105,BKG-002209
LTX-0007221,P01992,2025-01-30 09:00:00,EARN,32,32,BKG-003621
LTX-0007222,P01992,2025-02-21 09:00:00,EARN,46,78,BKG-002210
LTX-0007223,P01992,2025-05-20 09:00:00,EARN,33,111,BKG-005563
LTX-0007224,P01992,2025-05-26 09:00:00,EARN,20,131,BKG-004458
LTX-0007225,P01992,2025-06-12 09:00:00,EARN,31,162,BKG-006980
LTX-0007226,P01992,2025-08-10 09:00:00,EARN,46,208,BKG-011186
LTX-0007227,P01992,2025-11-14 09:00:00,EARN,54,262,BKG-011742
LTX-0007228,P01992,2025-11-14 18:00:00,REDEEM,-30,232,BKG-011742
LTX-0007229,P01992,2025-12-09 09:00:00,EARN,38,270,BKG-008770
LTX-0007230,P00976,2025-05-22 09:00:00,EARN,31,31,BKG-007680
LTX-0007231,P00976,2025-08-25 09:00:00,EARN,28,59,BKG-009367
LTX-0007232,P00976,2025-09-04 09:00:00,EARN,26,85,BKG-002211
LTX-0007233,P00976,2025-11-15 09:00:00,EARN,46,131,BKG-010202
LTX-0007234,P00976,2025-12-10 09:00:00,EARN,116,247,BKG-006940
LTX-0007235,P03669,2025-05-23 09:00:00,EARN,86,86,BKG-007083
LTX-0007236,P03669,2025-06-25 09:00:00,EARN,53,139,BKG-010235
LTX-0007237,P03669,2025-11-06 09:00:00,EARN,28,167,BKG-011784
LTX-0007238,P03669,2025-11-12 09:00:00,EARN,45,212,BKG-002212
LTX-0007239,P01018,2025-05-27 09:00:00,EARN,37,37,BKG-010490
LTX-0007240,P01018,2025-07-12 09:00:00,EARN,42,79,BKG-010985
LTX-0007241,P01018,2025-08-02 09:00:00,EARN,105,184,BKG-002216
LTX-0007242,P01018,2025-09-27 09:00:00,EARN,38,222,BKG-003492
LTX-0007243,P01018,2025-09-27 18:00:00,REDEEM,-30,192,BKG-003492
LTX-0007244,P03969,2025-06-09 09:00:00,EARN,81,81,BKG-002218
LTX-0007245,P03969,2025-06-21 09:00:00,EARN,30,111,BKG-007797
LTX-0007246,P03969,2025-07-06 09:00:00,EARN,34,145,BKG-008671
LTX-0007247,P03969,2025-11-30 09:00:00,EARN,30,175,BKG-004331
LTX-0007248,P03884,2025-02-28 09:00:00,EARN,71,71,BKG-002219
LTX-0007249,P03884,2025-10-03 09:00:00,EARN,44,115,BKG-005320
LTX-0007250,P03922,2024-12-21 09:00:00,EARN,25,25,BKG-006191
LTX-0007251,P03922,2025-06-07 09:00:00,EARN,42,67,BKG-003327
LTX-0007252,P03922,2025-06-29 09:00:00,EARN,35,102,BKG-002220
LTX-0007253,P03922,2025-11-29 09:00:00,EARN,23,125,BKG-002337
LTX-0007254,P01377,2025-02-01 09:00:00,EARN,60,60,BKG-003938
LTX-0007255,P01377,2025-03-20 09:00:00,EARN,24,84,BKG-002221
LTX-0007256,P01377,2025-05-30 09:00:00,EARN,41,125,BKG-012178
LTX-0007257,P01377,2025-07-11 09:00:00,EARN,60,185,BKG-010637
LTX-0007258,P01377,2025-10-24 09:00:00,EARN,29,214,BKG-007278
LTX-0007259,P01377,2025-10-24 18:00:00,REDEEM,-30,184,BKG-007278
LTX-0007260,P02329,2025-05-29 09:00:00,EARN,33,33,BKG-006853
LTX-0007261,P02329,2025-06-27 09:00:00,EARN,77,110,BKG-010613
LTX-0007262,P02329,2025-09-23 09:00:00,EARN,21,131,BKG-002222
LTX-0007263,P02329,2025-09-23 18:00:00,REDEEM,-20,111,BKG-002222
LTX-0007264,P02329,2025-09-30 09:00:00,EARN,50,161,BKG-006849
LTX-0007265,P02329,2025-09-30 18:00:00,REDEEM,-20,141,BKG-006849
LTX-0007266,P01146,2025-02-12 09:00:00,EARN,32,32,BKG-002223
LTX-0007267,P01146,2025-05-23 09:00:00,EARN,52,84,BKG-004058
LTX-0007268,P01371,2025-04-21 09:00:00,EARN,78,78,BKG-008079
LTX-0007269,P01371,2025-04-21 18:00:00,REDEEM,-20,58,BKG-008079
LTX-0007270,P01371,2025-04-27 09:00:00,EARN,90,148,BKG-004363
LTX-0007271,P01371,2025-04-28 09:00:00,EARN,45,193,BKG-012079
LTX-0007272,P01371,2025-07-11 09:00:00,EARN,48,241,BKG-010909
LTX-0007273,P01371,2025-07-20 09:00:00,EARN,24,265,BKG-003238
LTX-0007274,P01371,2025-07-20 18:00:00,REDEEM,-10,255,BKG-003238
LTX-0007275,P01371,2025-11-20 09:00:00,EARN,41,296,BKG-002224
LTX-0007276,P01180,2025-01-06 09:00:00,EARN,28,28,BKG-007323
LTX-0007277,P01180,2025-01-06 18:00:00,REDEEM,-20,8,BKG-007323
LTX-0007278,P01180,2025-01-19 09:00:00,EARN,62,70,BKG-003835
LTX-0007279,P01180,2025-01-30 09:00:00,EARN,28,98,BKG-002225
LTX-0007280,P01180,2025-04-27 09:00:00,EARN,39,137,BKG-010888
LTX-0007281,P01180,2025-07-10 09:00:00,EARN,72,209,BKG-008171
LTX-0007282,P01180,2025-11-22 09:00:00,EARN,49,258,BKG-007718
LTX-0007283,P03433,2025-02-15 09:00:00,EARN,57,57,BKG-002226
LTX-0007284,P03433,2025-06-15 09:00:00,EARN,33,90,BKG-003873
LTX-0007285,P03433,2025-10-18 09:00:00,EARN,48,138,BKG-005820
LTX-0007286,P01490,2025-01-06 09:00:00,EARN,40,40,BKG-002228
LTX-0007287,P01490,2025-03-21 09:00:00,EARN,57,97,BKG-006517
LTX-0007288,P01490,2025-06-08 09:00:00,EARN,21,118,BKG-004042
LTX-0007289,P01490,2025-10-16 09:00:00,EARN,43,161,BKG-002816
LTX-0007290,P01490,2025-12-09 09:00:00,EARN,19,180,BKG-010356
LTX-0007291,P01671,2024-12-29 09:00:00,EARN,6,6,BKG-002477
LTX-0007292,P01671,2025-01-19 09:00:00,EARN,16,22,BKG-002230
LTX-0007293,P01671,2025-06-27 09:00:00,EARN,54,76,BKG-007783
LTX-0007294,P01671,2025-07-15 09:00:00,EARN,78,154,BKG-003261
LTX-0007295,P02787,2025-05-30 09:00:00,EARN,7,7,BKG-008151
LTX-0007296,P02787,2025-07-03 09:00:00,EARN,86,93,BKG-002231
LTX-0007297,P02787,2025-07-03 18:00:00,REDEEM,-20,73,BKG-002231
LTX-0007298,P03744,2025-03-22 09:00:00,EARN,32,32,BKG-006433
LTX-0007299,P03744,2025-04-26 09:00:00,EARN,38,70,BKG-006470
LTX-0007300,P03744,2025-06-14 09:00:00,EARN,43,113,BKG-007731
LTX-0007301,P03744,2025-06-30 09:00:00,EARN,58,171,BKG-002266
LTX-0007302,P03744,2025-07-06 09:00:00,EARN,96,267,BKG-004744
LTX-0007303,P03744,2025-07-28 09:00:00,EARN,28,295,BKG-002237
LTX-0007304,P03744,2025-09-12 09:00:00,EARN,20,315,BKG-008166
LTX-0007305,P00402,2025-04-25 09:00:00,EARN,26,26,BKG-008650
LTX-0007306,P00402,2025-06-02 09:00:00,EARN,28,54,BKG-004392
LTX-0007307,P00402,2025-06-06 09:00:00,EARN,59,113,BKG-002241
LTX-0007308,P00402,2025-06-23 09:00:00,EARN,48,161,BKG-005110
LTX-0007309,P00402,2025-07-06 09:00:00,EARN,64,225,BKG-011568
LTX-0007310,P00402,2025-10-09 09:00:00,EARN,74,299,BKG-010572
LTX-0007311,P02639,2025-02-07 09:00:00,EARN,14,14,BKG-002242
LTX-0007312,P02639,2025-03-25 09:00:00,EARN,60,74,BKG-008861
LTX-0007313,P02639,2025-06-18 09:00:00,EARN,31,105,BKG-002314
LTX-0007314,P02639,2025-07-14 09:00:00,EARN,72,177,BKG-008451
LTX-0007315,P00218,2025-02-21 09:00:00,EARN,23,23,BKG-008199
LTX-0007316,P00218,2025-11-17 09:00:00,EARN,77,100,BKG-002245
LTX-0007317,P01470,2025-06-02 09:00:00,EARN,29,29,BKG-007020
LTX-0007318,P01470,2025-06-10 09:00:00,EARN,25,54,BKG-005896
LTX-0007319,P01470,2025-06-10 09:00:00,EARN,39,93,BKG-009803
LTX-0007320,P01470,2025-06-27 09:00:00,EARN,67,160,BKG-006613
LTX-0007321,P01470,2025-07-03 09:00:00,EARN,70,230,BKG-005646
LTX-0007322,P01470,2025-10-10 09:00:00,EARN,14,244,BKG-005767
LTX-0007323,P01470,2025-10-25 09:00:00,EARN,11,255,BKG-002247
LTX-0007324,P01470,2025-11-19 09:00:00,EARN,33,288,BKG-005086
LTX-0007325,P03005,2025-04-03 09:00:00,EARN,40,40,BKG-010838
LTX-0007326,P03005,2025-05-01 09:00:00,EARN,56,96,BKG-004161
LTX-0007327,P03005,2025-05-14 09:00:00,EARN,14,110,BKG-009252
LTX-0007328,P03005,2025-07-27 09:00:00,EARN,37,147,BKG-002637
LTX-0007329,P03005,2025-08-13 09:00:00,EARN,50,197,BKG-002248
LTX-0007330,P03005,2025-09-03 09:00:00,EARN,58,255,BKG-002627
LTX-0007331,P03005,2025-11-25 09:00:00,EARN,70,325,BKG-004821
LTX-0007332,P01881,2025-03-12 09:00:00,EARN,18,18,BKG-007123
LTX-0007333,P01881,2025-05-12 09:00:00,EARN,60,78,BKG-010314
LTX-0007334,P01881,2025-11-16 09:00:00,EARN,70,148,BKG-002250
LTX-0007335,P01881,2025-11-16 18:00:00,REDEEM,-20,128,BKG-002250
LTX-0007336,P01881,2025-12-09 09:00:00,EARN,20,148,BKG-007296
LTX-0007337,P01512,2025-06-02 09:00:00,EARN,57,57,BKG-002566
LTX-0007338,P01512,2025-06-02 18:00:00,REDEEM,-20,37,BKG-002566
LTX-0007339,P01512,2025-10-04 09:00:00,EARN,44,81,BKG-002252
LTX-0007340,P02494,2025-05-25 09:00:00,EARN,54,54,BKG-002254
LTX-0007341,P02494,2025-06-15 09:00:00,EARN,22,76,BKG-003347
LTX-0007342,P02494,2025-07-03 09:00:00,EARN,60,136,BKG-002553
LTX-0007343,P02494,2025-07-04 09:00:00,EARN,84,220,BKG-011067
LTX-0007344,P02494,2025-10-31 09:00:00,EARN,68,288,BKG-002441
LTX-0007345,P02494,2025-11-05 09:00:00,EARN,63,351,BKG-004137
LTX-0007346,P00872,2025-01-09 09:00:00,EARN,41,41,BKG-011750
LTX-0007347,P00872,2025-03-30 09:00:00,EARN,32,73,BKG-004563
LTX-0007348,P00872,2025-05-07 09:00:00,EARN,50,123,BKG-009794
LTX-0007349,P00872,2025-08-25 09:00:00,EARN,17,140,BKG-007928
LTX-0007350,P00872,2025-09-15 09:00:00,EARN,41,181,BKG-002256
LTX-0007351,P02008,2025-06-06 09:00:00,EARN,33,33,BKG-010453
LTX-0007352,P02008,2025-06-14 09:00:00,EARN,41,74,BKG-002258
LTX-0007353,P02008,2025-07-03 09:00:00,EARN,66,140,BKG-005126
LTX-0007354,P02008,2025-11-16 09:00:00,EARN,29,169,BKG-007951
LTX-0007355,P02008,2025-11-16 18:00:00,REDEEM,-20,149,BKG-007951
LTX-0007356,P01543,2025-03-07 09:00:00,EARN,37,37,BKG-002259
LTX-0007357,P01543,2025-06-11 09:00:00,EARN,54,91,BKG-005376
LTX-0007358,P01543,2025-06-21 09:00:00,EARN,86,177,BKG-011831
LTX-0007359,P01543,2025-06-22 09:00:00,EARN,28,205,BKG-008087
LTX-0007360,P01543,2025-08-23 09:00:00,EARN,48,253,BKG-008786
LTX-0007361,P03684,2024-12-23 09:00:00,EARN,10,10,BKG-003556
LTX-0007362,P03684,2025-02-24 09:00:00,EARN,79,89,BKG-002263
LTX-0007363,P03684,2025-04-10 09:00:00,EARN,36,125,BKG-011618
LTX-0007364,P03684,2025-04-17 09:00:00,EARN,16,141,BKG-008924
LTX-0007365,P03684,2025-10-14 09:00:00,EARN,15,156,BKG-006395
LTX-0007366,P03684,2025-11-08 09:00:00,EARN,39,195,BKG-003829
LTX-0007367,P03684,2025-11-29 09:00:00,EARN,46,241,BKG-009152
LTX-0007368,P03684,2025-12-16 09:00:00,EARN,78,319,BKG-006977
LTX-0007369,P03913,2025-01-31 09:00:00,EARN,40,40,BKG-002267
LTX-0007370,P03913,2025-09-07 09:00:00,EARN,48,88,BKG-003598
LTX-0007371,P03913,2025-09-29 09:00:00,EARN,50,138,BKG-006193
LTX-0007372,P00528,2024-12-10 09:00:00,EARN,8,8,BKG-009419
LTX-0007373,P00528,2024-12-31 09:00:00,EARN,43,51,BKG-002986
LTX-0007374,P00528,2025-07-07 09:00:00,EARN,53,104,BKG-003144
LTX-0007375,P00528,2025-11-22 09:00:00,EARN,99,203,BKG-002269
LTX-0007376,P00528,2025-12-21 09:00:00,EARN,70,273,BKG-006482
LTX-0007377,P00499,2025-11-09 09:00:00,EARN,64,64,BKG-006095
LTX-0007378,P00499,2025-11-13 09:00:00,EARN,36,100,BKG-002271
LTX-0007379,P00499,2025-11-30 09:00:00,EARN,112,212,BKG-004631
LTX-0007380,P01536,2024-12-25 09:00:00,EARN,39,39,BKG-008060
LTX-0007381,P01536,2025-03-15 09:00:00,EARN,34,73,BKG-008986
LTX-0007382,P01536,2025-05-30 09:00:00,EARN,47,120,BKG-002272
LTX-0007383,P01536,2025-07-29 09:00:00,EARN,75,195,BKG-011585
LTX-0007384,P01536,2025-09-01 09:00:00,EARN,18,213,BKG-003878
LTX-0007385,P01536,2025-09-26 09:00:00,EARN,22,235,BKG-004837
LTX-0007386,P01536,2025-12-14 09:00:00,EARN,25,260,BKG-003452
LTX-0007387,P01536,2025-12-14 18:00:00,REDEEM,-30,230,BKG-003452
LTX-0007388,P03703,2025-06-05 09:00:00,EARN,39,39,BKG-010053
LTX-0007389,P03703,2025-11-15 09:00:00,EARN,47,86,BKG-002273
LTX-0007390,P03703,2025-12-10 09:00:00,EARN,41,127,BKG-002864
LTX-0007391,P01353,2025-05-25 09:00:00,EARN,73,73,BKG-002274
LTX-0007392,P01353,2025-05-30 09:00:00,EARN,53,126,BKG-004808
LTX-0007393,P01353,2025-05-30 18:00:00,REDEEM,-10,116,BKG-004808
LTX-0007394,P01353,2025-07-12 09:00:00,EARN,87,203,BKG-009930
LTX-0007395,P01353,2025-07-12 18:00:00,REDEEM,-10,193,BKG-009930
LTX-0007396,P02807,2025-04-23 09:00:00,EARN,47,47,BKG-002275
LTX-0007397,P02807,2025-05-29 09:00:00,EARN,74,121,BKG-011842
LTX-0007398,P02807,2025-05-29 18:00:00,REDEEM,-10,111,BKG-011842
LTX-0007399,P02807,2025-07-10 09:00:00,EARN,46,157,BKG-009315
LTX-0007400,P00603,2025-03-18 09:00:00,EARN,53,53,BKG-002276
LTX-0007401,P00603,2025-05-20 09:00:00,EARN,31,84,BKG-007200
LTX-0007402,P00603,2025-06-20 09:00:00,EARN,58,142,BKG-002357
LTX-0007403,P03643,2025-02-23 09:00:00,EARN,47,47,BKG-002279
LTX-0007404,P03643,2025-06-05 09:00:00,EARN,68,115,BKG-003468
LTX-0007405,P03643,2025-06-14 09:00:00,EARN,50,165,BKG-011367
LTX-0007406,P03643,2025-10-04 09:00:00,EARN,42,207,BKG-003458
LTX-0007407,P01697,2025-05-12 09:00:00,EARN,108,108,BKG-006111
LTX-0007408,P01697,2025-05-20 09:00:00,EARN,15,123,BKG-012499
LTX-0007409,P01697,2025-07-07 09:00:00,EARN,66,189,BKG-010881
LTX-0007410,P01697,2025-07-07 18:00:00,REDEEM,-20,169,BKG-010881
LTX-0007411,P01697,2025-07-18 09:00:00,EARN,65,234,BKG-002280
LTX-0007412,P01697,2025-08-16 09:00:00,EARN,33,267,BKG-003686
LTX-0007413,P01697,2025-09-14 09:00:00,EARN,69,336,BKG-003675
LTX-0007414,P01697,2025-12-01 09:00:00,EARN,30,366,BKG-011040
LTX-0007415,P03864,2025-01-19 09:00:00,EARN,45,45,BKG-011208
LTX-0007416,P03864,2025-09-20 09:00:00,EARN,64,109,BKG-002283
LTX-0007417,P03820,2025-03-28 09:00:00,EARN,45,45,BKG-003864
LTX-0007418,P03820,2025-06-04 09:00:00,EARN,30,75,BKG-002284
LTX-0007419,P03820,2025-06-30 09:00:00,EARN,85,160,BKG-004227
LTX-0007420,P03820,2025-11-09 09:00:00,EARN,39,199,BKG-005177
LTX-0007421,P03820,2025-12-04 09:00:00,EARN,67,266,BKG-002650
LTX-0007422,P03820,2025-12-04 18:00:00,REDEEM,-10,256,BKG-002650
LTX-0007423,P00114,2025-03-25 09:00:00,EARN,37,37,BKG-009924
LTX-0007424,P00114,2025-11-10 09:00:00,EARN,31,68,BKG-002286
LTX-0007425,P00195,2025-01-31 09:00:00,EARN,44,44,BKG-002941
LTX-0007426,P00195,2025-04-12 09:00:00,EARN,31,75,BKG-008587
LTX-0007427,P00195,2025-06-08 09:00:00,EARN,27,102,BKG-002287
LTX-0007428,P00195,2025-11-13 09:00:00,EARN,59,161,BKG-008167
LTX-0007429,P00195,2025-11-13 18:00:00,REDEEM,-30,131,BKG-008167
LTX-0007430,P00195,2025-11-15 09:00:00,EARN,60,191,BKG-010178
LTX-0007431,P00195,2025-11-23 09:00:00,EARN,67,258,BKG-008273
LTX-0007432,P03887,2025-06-21 09:00:00,EARN,50,50,BKG-006803
LTX-0007433,P03887,2025-10-19 09:00:00,EARN,24,74,BKG-002288
LTX-0007434,P03887,2025-10-19 18:00:00,REDEEM,-20,54,BKG-002288
LTX-0007435,P03355,2025-05-30 09:00:00,EARN,23,23,BKG-002289
LTX-0007436,P02005,2025-02-01 09:00:00,EARN,8,8,BKG-002291
LTX-0007437,P02005,2025-04-07 09:00:00,EARN,60,68,BKG-004280
LTX-0007438,P02005,2025-07-17 09:00:00,EARN,50,118,BKG-012006
LTX-0007439,P02005,2025-07-17 18:00:00,REDEEM,-20,98,BKG-012006
LTX-0007440,P02005,2025-11-18 09:00:00,EARN,67,165,BKG-008917
LTX-0007441,P00351,2025-09-10 09:00:00,EARN,10,10,BKG-002294
LTX-0007442,P00351,2025-11-09 09:00:00,EARN,104,114,BKG-002850
LTX-0007443,P01320,2025-01-23 09:00:00,EARN,44,44,BKG-007560
LTX-0007444,P01320,2025-01-24 09:00:00,EARN,30,74,BKG-003067
LTX-0007445,P01320,2025-06-18 09:00:00,EARN,70,144,BKG-004761
LTX-0007446,P01320,2025-06-25 09:00:00,EARN,52,196,BKG-002295
LTX-0007447,P01320,2025-10-27 09:00:00,EARN,52,248,BKG-004475
LTX-0007448,P01320,2025-11-09 09:00:00,EARN,38,286,BKG-012152
LTX-0007449,P00819,2025-01-12 09:00:00,EARN,44,44,BKG-004520
LTX-0007450,P00819,2025-01-12 18:00:00,REDEEM,-20,24,BKG-004520
LTX-0007451,P00819,2025-02-17 09:00:00,EARN,36,60,BKG-002297
LTX-0007452,P00819,2025-02-17 18:00:00,REDEEM,-30,30,BKG-002297
LTX-0007453,P00819,2025-05-19 09:00:00,EARN,76,106,BKG-008456
LTX-0007454,P00819,2025-10-02 09:00:00,EARN,60,166,BKG-007756
LTX-0007455,P00819,2025-10-02 18:00:00,REDEEM,-10,156,BKG-007756
LTX-0007456,P00819,2025-10-13 09:00:00,EARN,81,237,BKG-005203
LTX-0007457,P00819,2025-12-07 09:00:00,EARN,34,271,BKG-006231
LTX-0007458,P00819,2025-12-07 18:00:00,REDEEM,-10,261,BKG-006231
LTX-0007459,P01924,2025-04-10 09:00:00,EARN,14,14,BKG-002299
LTX-0007460,P01924,2025-05-16 09:00:00,EARN,73,87,BKG-004890
LTX-0007461,P01924,2025-11-20 09:00:00,EARN,17,104,BKG-010940
LTX-0007462,P01932,2025-02-17 09:00:00,EARN,22,22,BKG-002300
LTX-0007463,P01932,2025-07-02 09:00:00,EARN,47,69,BKG-004072
LTX-0007464,P00710,2025-02-19 09:00:00,EARN,49,49,BKG-002301
LTX-0007465,P03724,2025-01-28 09:00:00,EARN,53,53,BKG-003681
LTX-0007466,P03724,2025-05-24 09:00:00,EARN,65,118,BKG-004741
LTX-0007467,P03724,2025-07-26 09:00:00,EARN,34,152,BKG-002302
LTX-0007468,P03724,2025-11-18 09:00:00,EARN,39,191,BKG-012390
LTX-0007469,P03724,2025-11-24 09:00:00,EARN,48,239,BKG-006934
LTX-0007470,P00887,2025-05-01 09:00:00,EARN,59,59,BKG-002303
LTX-0007471,P00887,2025-05-01 18:00:00,REDEEM,-30,29,BKG-002303
LTX-0007472,P00887,2025-05-30 09:00:00,EARN,68,97,BKG-006461
LTX-0007473,P00887,2025-06-19 09:00:00,EARN,37,134,BKG-012381
LTX-0007474,P00887,2025-06-24 09:00:00,EARN,45,179,BKG-011443
LTX-0007475,P00887,2025-12-02 09:00:00,EARN,67,246,BKG-010108
LTX-0007476,P01563,2025-02-17 09:00:00,EARN,16,16,BKG-002545
LTX-0007477,P01563,2025-04-06 09:00:00,EARN,21,37,BKG-002304
LTX-0007478,P01563,2025-07-11 09:00:00,EARN,52,89,BKG-010665
LTX-0007479,P03718,2025-01-29 09:00:00,EARN,38,38,BKG-003791
LTX-0007480,P03718,2025-07-20 09:00:00,EARN,68,106,BKG-002306
LTX-0007481,P03718,2025-11-12 09:00:00,EARN,31,137,BKG-006654
LTX-0007482,P03718,2025-11-16 09:00:00,EARN,11,148,BKG-003805
LTX-0007483,P03718,2025-12-13 09:00:00,EARN,66,214,BKG-004504
LTX-0007484,P03718,2025-12-15 09:00:00,EARN,42,256,BKG-009492
LTX-0007485,P00174,2025-03-06 09:00:00,EARN,46,46,BKG-011217
LTX-0007486,P00174,2025-05-14 09:00:00,EARN,57,103,BKG-002308
LTX-0007487,P00174,2025-06-01 09:00:00,EARN,23,126,BKG-010858
LTX-0007488,P00174,2025-06-01 18:00:00,REDEEM,-10,116,BKG-010858
LTX-0007489,P00174,2025-06-04 09:00:00,EARN,54,170,BKG-002491
LTX-0007490,P00174,2025-12-03 09:00:00,EARN,82,252,BKG-011878
LTX-0007491,P00174,2025-12-08 09:00:00,EARN,47,299,BKG-011473
LTX-0007492,P01783,2025-03-05 09:00:00,EARN,21,21,BKG-002309
LTX-0007493,P01783,2025-05-15 09:00:00,EARN,65,86,BKG-011677
LTX-0007494,P01783,2025-10-21 09:00:00,EARN,30,116,BKG-002609
LTX-0007495,P03367,2025-07-14 09:00:00,EARN,31,31,BKG-002310
LTX-0007496,P03367,2025-07-17 09:00:00,EARN,8,39,BKG-004597
LTX-0007497,P03367,2025-07-25 09:00:00,EARN,16,55,BKG-008278
LTX-0007498,P03060,2025-01-28 09:00:00,EARN,50,50,BKG-004388
LTX-0007499,P03060,2025-02-27 09:00:00,EARN,50,100,BKG-008524
LTX-0007500,P03060,2025-05-26 09:00:00,EARN,76,176,BKG-011676
LTX-0007501,P03060,2025-06-17 09:00:00,EARN,32,208,BKG-002311
LTX-0007502,P03060,2025-06-17 18:00:00,REDEEM,-10,198,BKG-002311
LTX-0007503,P03060,2025-07-07 09:00:00,EARN,22,220,BKG-006688
LTX-0007504,P03060,2025-11-18 09:00:00,EARN,73,293,BKG-009884
LTX-0007505,P02513,2025-04-18 09:00:00,EARN,42,42,BKG-002312
LTX-0007506,P02513,2025-05-27 09:00:00,EARN,23,65,BKG-005761
LTX-0007507,P02513,2025-06-05 09:00:00,EARN,80,145,BKG-006084
LTX-0007508,P03391,2025-07-10 09:00:00,EARN,29,29,BKG-002316
LTX-0007509,P03391,2025-08-18 09:00:00,EARN,22,51,BKG-003535
LTX-0007510,P02437,2025-04-29 09:00:00,EARN,45,45,BKG-012480
LTX-0007511,P02437,2025-05-15 09:00:00,EARN,9,54,BKG-011684
LTX-0007512,P02437,2025-06-04 09:00:00,EARN,45,99,BKG-004589
LTX-0007513,P02437,2025-07-26 09:00:00,EARN,44,143,BKG-009498
LTX-0007514,P02437,2025-10-04 09:00:00,EARN,57,200,BKG-002317
LTX-0007515,P02437,2025-10-04 18:00:00,REDEEM,-10,190,BKG-002317
LTX-0007516,P01269,2024-12-23 09:00:00,EARN,25,25,BKG-002318
LTX-0007517,P01269,2025-02-15 09:00:00,EARN,42,67,BKG-011759
LTX-0007518,P01269,2025-08-04 09:00:00,EARN,56,123,BKG-009886
LTX-0007519,P01269,2025-12-09 09:00:00,EARN,61,184,BKG-005763
LTX-0007520,P03345,2025-01-03 09:00:00,EARN,14,14,BKG-002320
LTX-0007521,P03345,2025-01-03 18:00:00,REDEEM,-10,4,BKG-002320
LTX-0007522,P03345,2025-03-07 09:00:00,EARN,15,19,BKG-005120
LTX-0007523,P03345,2025-07-23 09:00:00,EARN,53,72,BKG-003566
LTX-0007524,P03345,2025-07-23 18:00:00,REDEEM,-10,62,BKG-003566
LTX-0007525,P00687,2025-08-30 09:00:00,EARN,50,50,BKG-002322
LTX-0007526,P01019,2025-01-03 09:00:00,EARN,67,67,BKG-002323
LTX-0007527,P01019,2025-01-03 18:00:00,REDEEM,-10,57,BKG-002323
LTX-0007528,P01019,2025-01-13 09:00:00,EARN,27,84,BKG-005957
LTX-0007529,P01832,2025-04-07 09:00:00,EARN,55,55,BKG-002324
LTX-0007530,P01832,2025-08-09 09:00:00,EARN,38,93,BKG-011679
LTX-0007531,P01832,2025-09-06 09:00:00,EARN,37,130,BKG-003164
LTX-0007532,P00255,2025-02-19 09:00:00,EARN,16,16,BKG-003462
LTX-0007533,P00255,2025-05-04 09:00:00,EARN,36,52,BKG-002325
LTX-0007534,P00255,2025-07-21 09:00:00,EARN,66,118,BKG-004916
LTX-0007535,P00255,2025-11-05 09:00:00,EARN,38,156,BKG-006251
LTX-0007536,P00255,2025-11-20 09:00:00,EARN,27,183,BKG-005291
LTX-0007537,P00255,2025-12-06 09:00:00,EARN,66,249,BKG-004210
LTX-0007538,P00266,2025-10-06 09:00:00,EARN,40,40,BKG-005485
LTX-0007539,P00266,2025-11-28 09:00:00,EARN,43,83,BKG-009181
LTX-0007540,P00266,2025-11-29 09:00:00,EARN,21,104,BKG-002328
LTX-0007541,P03407,2025-02-16 09:00:00,EARN,17,17,BKG-010877
LTX-0007542,P03407,2025-07-08 09:00:00,EARN,65,82,BKG-006768
LTX-0007543,P03407,2025-09-21 09:00:00,EARN,107,189,BKG-002329
LTX-0007544,P00945,2025-07-08 09:00:00,EARN,48,48,BKG-007185
LTX-0007545,P00945,2025-09-12 09:00:00,EARN,55,103,BKG-007398
LTX-0007546,P00945,2025-10-27 09:00:00,EARN,39,142,BKG-005138
LTX-0007547,P00945,2025-11-11 09:00:00,EARN,52,194,BKG-002330
LTX-0007548,P03881,2025-02-15 09:00:00,EARN,31,31,BKG-002464
LTX-0007549,P03881,2025-06-10 09:00:00,EARN,44,75,BKG-004014
LTX-0007550,P03881,2025-06-15 09:00:00,EARN,15,90,BKG-002331
LTX-0007551,P03881,2025-07-07 09:00:00,EARN,87,177,BKG-006227
LTX-0007552,P02432,2025-01-09 09:00:00,EARN,18,18,BKG-009310
LTX-0007553,P02432,2025-01-30 09:00:00,EARN,42,60,BKG-003274
LTX-0007554,P02432,2025-02-05 09:00:00,EARN,38,98,BKG-011000
LTX-0007555,P02432,2025-02-21 09:00:00,EARN,14,112,BKG-008952
LTX-0007556,P02432,2025-05-03 09:00:00,EARN,34,146,BKG-002332
LTX-0007557,P02432,2025-05-03 18:00:00,REDEEM,-20,126,BKG-002332
LTX-0007558,P02432,2025-07-20 09:00:00,EARN,28,154,BKG-008616
LTX-0007559,P02432,2025-08-23 09:00:00,EARN,24,178,BKG-003754
LTX-0007560,P02432,2025-08-23 18:00:00,REDEEM,-30,148,BKG-003754
LTX-0007561,P00262,2025-06-23 09:00:00,EARN,12,12,BKG-003199
LTX-0007562,P00262,2025-07-02 09:00:00,EARN,16,28,BKG-002333
LTX-0007563,P00262,2025-09-19 09:00:00,EARN,52,80,BKG-009272
LTX-0007564,P00476,2025-02-16 09:00:00,EARN,27,27,BKG-009488
LTX-0007565,P00476,2025-05-16 09:00:00,EARN,116,143,BKG-012153
LTX-0007566,P00476,2025-06-09 09:00:00,EARN,60,203,BKG-002334
LTX-0007567,P00476,2025-12-04 09:00:00,EARN,15,218,BKG-007319
LTX-0007568,P01904,2025-04-20 09:00:00,EARN,39,39,BKG-002336
LTX-0007569,P01904,2025-06-19 09:00:00,EARN,102,141,BKG-004328
LTX-0007570,P01904,2025-07-17 09:00:00,EARN,56,197,BKG-012095
LTX-0007571,P01904,2025-07-17 18:00:00,REDEEM,-10,187,BKG-012095
LTX-0007572,P01904,2025-11-05 09:00:00,EARN,30,217,BKG-011934
LTX-0007573,P02854,2025-02-17 09:00:00,EARN,14,14,BKG-002338
LTX-0007574,P02854,2025-05-23 09:00:00,EARN,78,92,BKG-011322
LTX-0007575,P02387,2025-03-06 09:00:00,EARN,58,58,BKG-002340
LTX-0007576,P02387,2025-06-11 09:00:00,EARN,49,107,BKG-004714
LTX-0007577,P02387,2025-08-09 09:00:00,EARN,16,123,BKG-009648
LTX-0007578,P02932,2024-12-24 09:00:00,EARN,26,26,BKG-011288
LTX-0007579,P02932,2025-02-25 09:00:00,EARN,61,87,BKG-010514
LTX-0007580,P02932,2025-05-12 09:00:00,EARN,55,142,BKG-002341
LTX-0007581,P02932,2025-07-18 09:00:00,EARN,60,202,BKG-011092
LTX-0007582,P02932,2025-07-18 18:00:00,REDEEM,-10,192,BKG-011092
LTX-0007583,P02932,2025-08-27 09:00:00,EARN,44,236,BKG-007938
LTX-0007584,P02932,2025-12-18 09:00:00,EARN,52,288,BKG-011602
LTX-0007585,P00271,2025-07-17 09:00:00,EARN,44,44,BKG-010472
LTX-0007586,P00271,2025-10-05 09:00:00,EARN,48,92,BKG-011424
LTX-0007587,P00271,2025-10-11 09:00:00,EARN,85,177,BKG-012431
LTX-0007588,P00271,2025-11-20 09:00:00,EARN,22,199,BKG-002804
LTX-0007589,P00271,2025-11-21 09:00:00,EARN,16,215,BKG-010239
LTX-0007590,P00271,2025-12-02 09:00:00,EARN,88,303,BKG-007617
LTX-0007591,P00271,2025-12-06 09:00:00,EARN,22,325,BKG-011683
LTX-0007592,P00271,2025-12-11 09:00:00,EARN,60,385,BKG-002342
LTX-0007593,P02167,2025-04-24 09:00:00,EARN,43,43,BKG-006058
LTX-0007594,P02167,2025-06-25 09:00:00,EARN,26,69,BKG-002344
LTX-0007595,P02167,2025-06-25 09:00:00,EARN,62,131,BKG-012408
LTX-0007596,P02167,2025-06-25 18:00:00,REDEEM,-20,111,BKG-012408
LTX-0007597,P02167,2025-09-21 09:00:00,EARN,37,148,BKG-004241
LTX-0007598,P02167,2025-11-08 09:00:00,EARN,30,178,BKG-009306
LTX-0007599,P02167,2025-12-06 09:00:00,EARN,17,195,BKG-009658
LTX-0007600,P01676,2025-01-18 09:00:00,EARN,6,6,BKG-002345
LTX-0007601,P01676,2025-11-28 09:00:00,EARN,17,23,BKG-006913
LTX-0007602,P00507,2025-03-28 09:00:00,EARN,76,76,BKG-004629
LTX-0007603,P00507,2025-05-21 09:00:00,EARN,25,101,BKG-002346
LTX-0007604,P02019,2025-02-09 09:00:00,EARN,38,38,BKG-008252
LTX-0007605,P02019,2025-04-16 09:00:00,EARN,40,78,BKG-011480
LTX-0007606,P02019,2025-05-24 09:00:00,EARN,30,108,BKG-004372
LTX-0007607,P02019,2025-06-09 09:00:00,EARN,45,153,BKG-002348
LTX-0007608,P01379,2025-02-24 09:00:00,EARN,68,68,BKG-010700
LTX-0007609,P01379,2025-05-27 09:00:00,EARN,32,100,BKG-002351
LTX-0007610,P01379,2025-11-05 09:00:00,EARN,24,124,BKG-004136
LTX-0007611,P02179,2025-04-15 09:00:00,EARN,51,51,BKG-008656
LTX-0007612,P02179,2025-05-22 09:00:00,EARN,64,115,BKG-011440
LTX-0007613,P02179,2025-10-10 09:00:00,EARN,70,185,BKG-002353
LTX-0007614,P02179,2025-11-10 09:00:00,EARN,59,244,BKG-004479
LTX-0007615,P02179,2025-11-10 18:00:00,REDEEM,-20,224,BKG-004479
LTX-0007616,P02831,2025-04-12 09:00:00,EARN,39,39,BKG-003004
LTX-0007617,P02831,2025-05-09 09:00:00,EARN,13,52,BKG-008152
LTX-0007618,P02831,2025-07-01 09:00:00,EARN,46,98,BKG-007363
LTX-0007619,P02831,2025-07-07 09:00:00,EARN,66,164,BKG-002355
LTX-0007620,P02831,2025-07-07 09:00:00,EARN,59,223,BKG-005750
LTX-0007621,P02831,2025-07-07 18:00:00,REDEEM,-30,193,BKG-002355
LTX-0007622,P03440,2025-12-03 09:00:00,EARN,56,56,BKG-002359
LTX-0007623,P03440,2025-12-03 18:00:00,REDEEM,-30,26,BKG-002359
LTX-0007624,P01579,2025-06-29 09:00:00,EARN,37,37,BKG-002360
LTX-0007625,P01579,2025-11-26 09:00:00,EARN,70,107,BKG-012033
LTX-0007626,P01579,2025-11-26 18:00:00,REDEEM,-10,97,BKG-012033
LTX-0007627,P01993,2025-01-02 09:00:00,EARN,58,58,BKG-002361
LTX-0007628,P01993,2025-06-11 09:00:00,EARN,102,160,BKG-002452
LTX-0007629,P01993,2025-07-21 09:00:00,EARN,85,245,BKG-005642
LTX-0007630,P01993,2025-11-30 09:00:00,EARN,43,288,BKG-008790
LTX-0007631,P02608,2025-03-17 09:00:00,EARN,17,17,BKG-008973
LTX-0007632,P02608,2025-04-18 09:00:00,EARN,26,43,BKG-002363
LTX-0007633,P02608,2025-11-12 09:00:00,EARN,69,112,BKG-007714
LTX-0007634,P00353,2025-09-21 09:00:00,EARN,42,42,BKG-002369
LTX-0007635,P02580,2025-01-07 09:00:00,EARN,60,60,BKG-007115
LTX-0007636,P02580,2025-06-21 09:00:00,EARN,31,91,BKG-002373
LTX-0007637,P02580,2025-06-27 09:00:00,EARN,12,103,BKG-002875
LTX-0007638,P02580,2025-07-03 09:00:00,EARN,64,167,BKG-011249
LTX-0007639,P02468,2025-05-29 09:00:00,EARN,31,31,BKG-002374
LTX-0007640,P02468,2025-11-06 09:00:00,EARN,34,65,BKG-004614
LTX-0007641,P02468,2025-11-06 18:00:00,REDEEM,-10,55,BKG-004614
LTX-0007642,P02468,2025-11-23 09:00:00,EARN,42,97,BKG-010499
LTX-0007643,P02468,2025-11-28 09:00:00,EARN,43,140,BKG-010743
LTX-0007644,P02468,2025-12-04 09:00:00,EARN,96,236,BKG-002857
LTX-0007645,P00487,2025-01-20 09:00:00,EARN,18,18,BKG-008097
LTX-0007646,P00487,2025-08-15 09:00:00,EARN,56,74,BKG-002375
LTX-0007647,P00487,2025-11-03 09:00:00,EARN,56,130,BKG-004269
LTX-0007648,P00487,2025-11-03 18:00:00,REDEEM,-20,110,BKG-004269
LTX-0007649,P00487,2025-11-28 09:00:00,EARN,43,153,BKG-004141
LTX-0007650,P03862,2024-12-24 09:00:00,EARN,30,30,BKG-007250
LTX-0007651,P03862,2025-01-23 09:00:00,EARN,56,86,BKG-003410
LTX-0007652,P03862,2025-04-05 09:00:00,EARN,16,102,BKG-002376
LTX-0007653,P00342,2025-04-20 09:00:00,EARN,62,62,BKG-002377
LTX-0007654,P00342,2025-09-07 09:00:00,EARN,16,78,BKG-010052
LTX-0007655,P00342,2025-11-04 09:00:00,EARN,8,86,BKG-002786
LTX-0007656,P02275,2025-06-01 09:00:00,EARN,44,44,BKG-006579
LTX-0007657,P02275,2025-10-22 09:00:00,EARN,38,82,BKG-008027
LTX-0007658,P02275,2025-11-13 09:00:00,EARN,54,136,BKG-002378
LTX-0007659,P00340,2025-02-12 09:00:00,EARN,72,72,BKG-005100
LTX-0007660,P00340,2025-06-28 09:00:00,EARN,94,166,BKG-002379
LTX-0007661,P00340,2025-08-13 09:00:00,EARN,19,185,BKG-004429
LTX-0007662,P02847,2024-12-21 09:00:00,EARN,36,36,BKG-005854
LTX-0007663,P02847,2025-04-16 09:00:00,EARN,33,69,BKG-011860
LTX-0007664,P02847,2025-04-29 09:00:00,EARN,19,88,BKG-009882
LTX-0007665,P02847,2025-06-13 09:00:00,EARN,88,176,BKG-006788
LTX-0007666,P02847,2025-12-05 09:00:00,EARN,47,223,BKG-002382
LTX-0007667,P02847,2025-12-05 18:00:00,REDEEM,-30,193,BKG-002382
LTX-0007668,P03085,2025-06-17 09:00:00,EARN,60,60,BKG-010457
LTX-0007669,P03085,2025-07-12 09:00:00,EARN,41,101,BKG-002383
LTX-0007670,P03085,2025-12-09 09:00:00,EARN,70,171,BKG-009507
LTX-0007671,P00167,2025-05-15 09:00:00,EARN,90,90,BKG-006959
LTX-0007672,P00167,2025-06-03 09:00:00,EARN,90,180,BKG-002388
LTX-0007673,P00167,2025-11-27 09:00:00,EARN,18,198,BKG-004620
LTX-0007674,P00167,2025-12-07 09:00:00,EARN,57,255,BKG-008121
LTX-0007675,P02161,2025-06-03 09:00:00,EARN,63,63,BKG-002389
LTX-0007676,P02161,2025-06-10 09:00:00,EARN,46,109,BKG-003641
LTX-0007677,P02161,2025-07-05 09:00:00,EARN,39,148,BKG-008478
LTX-0007678,P00540,2025-04-01 09:00:00,EARN,11,11,BKG-003695
LTX-0007679,P00540,2025-05-31 09:00:00,EARN,26,37,BKG-002392
LTX-0007680,P00540,2025-09-01 09:00:00,EARN,49,86,BKG-007245
LTX-0007681,P00540,2025-11-14 09:00:00,EARN,45,131,BKG-004075
LTX-0007682,P01970,2025-10-01 09:00:00,EARN,40,40,BKG-006037
LTX-0007683,P01970,2025-10-30 09:00:00,EARN,20,60,BKG-006225
LTX-0007684,P01970,2025-12-17 09:00:00,EARN,84,144,BKG-002395
LTX-0007685,P00382,2025-04-04 09:00:00,EARN,63,63,BKG-002481
LTX-0007686,P00382,2025-04-10 09:00:00,EARN,37,100,BKG-012407
LTX-0007687,P00382,2025-05-01 09:00:00,EARN,72,172,BKG-003484
LTX-0007688,P00382,2025-05-24 09:00:00,EARN,83,255,BKG-002398
LTX-0007689,P00382,2025-12-18 09:00:00,EARN,9,264,BKG-010822
LTX-0007690,P00798,2025-02-03 09:00:00,EARN,30,30,BKG-005599
LTX-0007691,P00798,2025-02-03 18:00:00,REDEEM,-20,10,BKG-005599
LTX-0007692,P00798,2025-06-14 09:00:00,EARN,23,33,BKG-002400
LTX-0007693,P01747,2025-02-07 09:00:00,EARN,29,29,BKG-009546
LTX-0007694,P01747,2025-04-12 09:00:00,EARN,10,39,BKG-005128
LTX-0007695,P01747,2025-04-12 18:00:00,REDEEM,-20,19,BKG-005128
LTX-0007696,P01747,2025-05-09 09:00:00,EARN,67,86,BKG-002401
LTX-0007697,P02891,2024-12-17 09:00:00,EARN,16,16,BKG-009821
LTX-0007698,P02891,2024-12-17 18:00:00,REDEEM,-10,6,BKG-009821
LTX-0007699,P02891,2025-05-15 09:00:00,EARN,41,47,BKG-002405
LTX-0007700,P02891,2025-05-15 18:00:00,REDEEM,-20,27,BKG-002405
LTX-0007701,P02891,2025-11-09 09:00:00,EARN,61,88,BKG-004812
LTX-0007702,P00180,2025-02-10 09:00:00,EARN,94,94,BKG-012465
LTX-0007703,P00180,2025-03-13 09:00:00,EARN,62,156,BKG-008564
LTX-0007704,P00180,2025-03-13 18:00:00,REDEEM,-30,126,BKG-008564
LTX-0007705,P00180,2025-05-20 09:00:00,EARN,55,181,BKG-004958
LTX-0007706,P00180,2025-05-23 09:00:00,EARN,48,229,BKG-002410
LTX-0007707,P00180,2025-05-23 18:00:00,REDEEM,-20,209,BKG-002410
LTX-0007708,P00180,2025-07-01 09:00:00,EARN,37,246,BKG-012303
LTX-0007709,P00180,2025-07-01 18:00:00,REDEEM,-10,236,BKG-012303
LTX-0007710,P00180,2025-07-29 09:00:00,EARN,7,243,BKG-011843
LTX-0007711,P00180,2025-12-04 09:00:00,EARN,48,291,BKG-009662
LTX-0007712,P03230,2025-04-08 09:00:00,EARN,51,51,BKG-008163
LTX-0007713,P03230,2025-04-08 18:00:00,REDEEM,-20,31,BKG-008163
LTX-0007714,P03230,2025-12-05 09:00:00,EARN,15,46,BKG-002412
LTX-0007715,P03230,2025-12-05 18:00:00,REDEEM,-10,36,BKG-002412
LTX-0007716,P02657,2025-05-10 09:00:00,EARN,64,64,BKG-002733
LTX-0007717,P02657,2025-05-27 09:00:00,EARN,67,131,BKG-002413
LTX-0007718,P00576,2025-01-04 09:00:00,EARN,30,30,BKG-004052
LTX-0007719,P00576,2025-02-16 09:00:00,EARN,32,62,BKG-007125
LTX-0007720,P00576,2025-05-17 09:00:00,EARN,40,102,BKG-002416
LTX-0007721,P00576,2025-11-22 09:00:00,EARN,49,151,BKG-005437
LTX-0007722,P02567,2025-06-05 09:00:00,EARN,63,63,BKG-009815
LTX-0007723,P02567,2025-08-20 09:00:00,EARN,9,72,BKG-004327
LTX-0007724,P02567,2025-09-26 09:00:00,EARN,41,113,BKG-007059
LTX-0007725,P02567,2025-09-26 18:00:00,REDEEM,-10,103,BKG-007059
LTX-0007726,P02567,2025-12-18 09:00:00,EARN,61,164,BKG-002417
LTX-0007727,P02634,2025-01-11 09:00:00,EARN,49,49,BKG-002418
LTX-0007728,P02634,2025-02-27 09:00:00,EARN,8,57,BKG-010470
LTX-0007729,P02634,2025-05-11 09:00:00,EARN,37,94,BKG-005289
LTX-0007730,P02634,2025-08-10 09:00:00,EARN,14,108,BKG-010338
LTX-0007731,P03542,2025-05-10 09:00:00,EARN,25,25,BKG-003337
LTX-0007732,P03542,2025-05-24 09:00:00,EARN,32,57,BKG-009695
LTX-0007733,P03542,2025-06-21 09:00:00,EARN,53,110,BKG-002420
LTX-0007734,P03542,2025-10-11 09:00:00,EARN,19,129,BKG-004470
LTX-0007735,P03542,2025-12-07 09:00:00,EARN,21,150,BKG-011354
LTX-0007736,P02533,2025-04-14 09:00:00,EARN,63,63,BKG-002421
LTX-0007737,P02533,2025-05-10 09:00:00,EARN,28,91,BKG-003586
LTX-0007738,P02533,2025-05-21 09:00:00,EARN,54,145,BKG-008071
LTX-0007739,P02533,2025-06-15 09:00:00,EARN,24,169,BKG-011457
LTX-0007740,P01047,2025-02-14 09:00:00,EARN,39,39,BKG-010663
LTX-0007741,P01047,2025-03-07 09:00:00,EARN,35,74,BKG-005281
LTX-0007742,P01047,2025-03-07 18:00:00,REDEEM,-10,64,BKG-005281
LTX-0007743,P01047,2025-05-26 09:00:00,EARN,60,124,BKG-002422
LTX-0007744,P01047,2025-05-26 09:00:00,EARN,26,150,BKG-008707
LTX-0007745,P01047,2025-06-22 09:00:00,EARN,22,172,BKG-007863
LTX-0007746,P02423,2025-01-20 09:00:00,EARN,74,74,BKG-002424
LTX-0007747,P02423,2025-07-16 09:00:00,EARN,44,118,BKG-005771
LTX-0007748,P00996,2025-04-17 09:00:00,EARN,31,31,BKG-002425
LTX-0007749,P00996,2025-04-21 09:00:00,EARN,26,57,BKG-003846
LTX-0007750,P00996,2025-06-17 09:00:00,EARN,65,122,BKG-010546
LTX-0007751,P00996,2025-06-24 09:00:00,EARN,32,154,BKG-002832
LTX-0007752,P03709,2024-12-30 09:00:00,EARN,54,54,BKG-002433
LTX-0007753,P03709,2025-12-19 09:00:00,EARN,60,114,BKG-005525
LTX-0007754,P01113,2025-05-12 09:00:00,EARN,47,47,BKG-002692
LTX-0007755,P01113,2025-07-12 09:00:00,EARN,30,77,BKG-011219
LTX-0007756,P01113,2025-10-27 09:00:00,EARN,24,101,BKG-010213
LTX-0007757,P01113,2025-11-25 09:00:00,EARN,20,121,BKG-004099
LTX-0007758,P01113,2025-11-25 18:00:00,REDEEM,-10,111,BKG-004099
LTX-0007759,P01113,2025-12-05 09:00:00,EARN,30,141,BKG-006048
LTX-0007760,P01113,2025-12-14 09:00:00,EARN,46,187,BKG-002436
LTX-0007761,P03364,2025-07-03 09:00:00,EARN,68,68,BKG-011758
LTX-0007762,P03364,2025-08-06 09:00:00,EARN,33,101,BKG-002437
LTX-0007763,P00722,2025-02-12 09:00:00,EARN,40,40,BKG-006129
LTX-0007764,P00722,2025-02-12 18:00:00,REDEEM,-30,10,BKG-006129
LTX-0007765,P00722,2025-05-02 09:00:00,EARN,8,18,BKG-004196
LTX-0007766,P00722,2025-05-27 09:00:00,EARN,71,89,BKG-010227
LTX-0007767,P00722,2025-11-08 09:00:00,EARN,9,98,BKG-002438
LTX-0007768,P00722,2025-11-29 09:00:00,EARN,56,154,BKG-003300
LTX-0007769,P00204,2025-05-17 09:00:00,EARN,47,47,BKG-004950
LTX-0007770,P00204,2025-05-20 09:00:00,EARN,68,115,BKG-003344
LTX-0007771,P00204,2025-05-20 18:00:00,REDEEM,-10,105,BKG-003344
LTX-0007772,P00204,2025-08-01 09:00:00,EARN,26,131,BKG-003762
LTX-0007773,P00204,2025-11-02 09:00:00,EARN,38,169,BKG-006833
LTX-0007774,P00204,2025-12-18 09:00:00,EARN,47,216,BKG-002439
LTX-0007775,P03788,2025-04-14 09:00:00,EARN,44,44,BKG-005365
LTX-0007776,P03788,2025-05-04 09:00:00,EARN,68,112,BKG-002442
LTX-0007777,P03788,2025-06-23 09:00:00,EARN,28,140,BKG-011757
LTX-0007778,P03788,2025-08-27 09:00:00,EARN,22,162,BKG-010482
LTX-0007779,P03788,2025-09-07 09:00:00,EARN,8,170,BKG-004553
LTX-0007780,P03788,2025-11-25 09:00:00,EARN,57,227,BKG-009112
LTX-0007781,P03788,2025-12-08 09:00:00,EARN,86,313,BKG-010418
LTX-0007782,P03788,2025-12-08 18:00:00,REDEEM,-10,303,BKG-010418
LTX-0007783,P02873,2025-01-13 09:00:00,EARN,40,40,BKG-002642
LTX-0007784,P02873,2025-03-20 09:00:00,EARN,33,73,BKG-007233
LTX-0007785,P02873,2025-03-26 09:00:00,EARN,37,110,BKG-004169
LTX-0007786,P02873,2025-05-19 09:00:00,EARN,32,142,BKG-007910
LTX-0007787,P02873,2025-11-18 09:00:00,EARN,68,210,BKG-002443
LTX-0007788,P00597,2025-04-01 09:00:00,EARN,31,31,BKG-009590
LTX-0007789,P00597,2025-05-17 09:00:00,EARN,26,57,BKG-011761
LTX-0007790,P00597,2025-06-09 09:00:00,EARN,75,132,BKG-007360
LTX-0007791,P00597,2025-10-17 09:00:00,EARN,19,151,BKG-002444
LTX-0007792,P00597,2025-12-21 09:00:00,EARN,36,187,BKG-010563
LTX-0007793,P01492,2024-12-31 09:00:00,EARN,41,41,BKG-007248
LTX-0007794,P01492,2025-01-25 09:00:00,EARN,52,93,BKG-003488
LTX-0007795,P01492,2025-07-03 09:00:00,EARN,25,118,BKG-009691
LTX-0007796,P01492,2025-07-21 09:00:00,EARN,35,153,BKG-002445
LTX-0007797,P00975,2025-02-06 09:00:00,EARN,30,30,BKG-002449
LTX-0007798,P00975,2025-03-02 09:00:00,EARN,73,103,BKG-004259
LTX-0007799,P00975,2025-03-02 18:00:00,REDEEM,-20,83,BKG-004259
LTX-0007800,P00975,2025-04-15 09:00:00,EARN,80,163,BKG-004571
LTX-0007801,P00975,2025-05-27 09:00:00,EARN,58,221,BKG-003587
LTX-0007802,P00975,2025-05-30 09:00:00,EARN,75,296,BKG-007896
LTX-0007803,P00975,2025-10-08 09:00:00,EARN,40,336,BKG-008308
LTX-0007804,P03538,2025-05-27 09:00:00,EARN,25,25,BKG-002450
LTX-0007805,P03126,2025-04-04 09:00:00,EARN,11,11,BKG-002457
LTX-0007806,P03126,2025-06-05 09:00:00,EARN,40,51,BKG-006171
LTX-0007807,P03126,2025-06-30 09:00:00,EARN,41,92,BKG-011083
LTX-0007808,P03126,2025-07-04 09:00:00,EARN,51,143,BKG-002838
LTX-0007809,P03126,2025-07-04 18:00:00,REDEEM,-20,123,BKG-002838
LTX-0007810,P03126,2025-07-19 09:00:00,EARN,48,171,BKG-011123
LTX-0007811,P03126,2025-07-19 18:00:00,REDEEM,-30,141,BKG-011123
LTX-0007812,P00724,2025-01-19 09:00:00,EARN,34,34,BKG-002478
LTX-0007813,P00724,2025-05-23 09:00:00,EARN,51,85,BKG-010591
LTX-0007814,P00724,2025-07-20 09:00:00,EARN,58,143,BKG-003161
LTX-0007815,P00724,2025-10-25 09:00:00,EARN,43,186,BKG-005553
LTX-0007816,P00724,2025-11-09 09:00:00,EARN,44,230,BKG-002459
LTX-0007817,P03906,2025-09-26 09:00:00,EARN,20,20,BKG-002460
LTX-0007818,P03906,2025-11-09 09:00:00,EARN,79,99,BKG-004440
LTX-0007819,P03906,2025-11-09 18:00:00,REDEEM,-10,89,BKG-004440
LTX-0007820,P01742,2025-06-25 09:00:00,EARN,54,54,BKG-004352
LTX-0007821,P01742,2025-09-23 09:00:00,EARN,21,75,BKG-011281
LTX-0007822,P01742,2025-09-23 18:00:00,REDEEM,-20,55,BKG-011281
LTX-0007823,P01742,2025-12-07 09:00:00,EARN,46,101,BKG-002461
LTX-0007824,P01742,2025-12-07 18:00:00,REDEEM,-10,91,BKG-002461
LTX-0007825,P02989,2025-06-01 09:00:00,EARN,28,28,BKG-008024
LTX-0007826,P02989,2025-06-06 09:00:00,EARN,70,98,BKG-007440
LTX-0007827,P02989,2025-07-27 09:00:00,EARN,53,151,BKG-009455
LTX-0007828,P02989,2025-12-21 09:00:00,EARN,80,231,BKG-002462
LTX-0007829,P01409,2025-02-02 09:00:00,EARN,47,47,BKG-008330
LTX-0007830,P01409,2025-02-02 18:00:00,REDEEM,-20,27,BKG-008330
LTX-0007831,P01409,2025-03-24 09:00:00,EARN,68,95,BKG-002463
LTX-0007832,P01409,2025-04-13 09:00:00,EARN,28,123,BKG-003243
LTX-0007833,P01409,2025-07-06 09:00:00,EARN,55,178,BKG-004822
LTX-0007834,P03615,2024-12-14 09:00:00,EARN,42,42,BKG-002465
LTX-0007835,P03615,2025-05-21 09:00:00,EARN,25,67,BKG-006861
LTX-0007836,P03615,2025-06-23 09:00:00,EARN,30,97,BKG-012032
LTX-0007837,P03673,2024-12-23 09:00:00,EARN,31,31,BKG-010611
LTX-0007838,P03673,2025-03-09 09:00:00,EARN,24,55,BKG-005656
LTX-0007839,P03673,2025-08-16 09:00:00,EARN,30,85,BKG-002466
LTX-0007840,P01728,2025-04-17 09:00:00,EARN,55,55,BKG-011135
LTX-0007841,P01728,2025-06-16 09:00:00,EARN,32,87,BKG-011996
LTX-0007842,P01728,2025-06-19 09:00:00,EARN,35,122,BKG-003311
LTX-0007843,P01728,2025-08-25 09:00:00,EARN,56,178,BKG-003948
LTX-0007844,P01728,2025-10-22 09:00:00,EARN,38,216,BKG-002467
LTX-0007845,P01412,2025-06-01 09:00:00,EARN,96,96,BKG-004097
LTX-0007846,P01412,2025-06-17 09:00:00,EARN,25,121,BKG-002468
LTX-0007847,P01412,2025-06-17 18:00:00,REDEEM,-30,91,BKG-002468
LTX-0007848,P03842,2025-01-18 09:00:00,EARN,62,62,BKG-008629
LTX-0007849,P03842,2025-02-17 09:00:00,EARN,54,116,BKG-002469
LTX-0007850,P03842,2025-07-14 09:00:00,EARN,61,177,BKG-009010
LTX-0007851,P03842,2025-07-14 18:00:00,REDEEM,-30,147,BKG-009010
LTX-0007852,P03842,2025-08-11 09:00:00,EARN,25,172,BKG-011195
LTX-0007853,P03842,2025-10-14 09:00:00,EARN,22,194,BKG-008704
LTX-0007854,P03842,2025-11-22 09:00:00,EARN,25,219,BKG-009308
LTX-0007855,P03970,2025-02-05 09:00:00,EARN,65,65,BKG-012184
LTX-0007856,P03970,2025-02-21 09:00:00,EARN,71,136,BKG-002470
LTX-0007857,P03970,2025-04-15 09:00:00,EARN,43,179,BKG-010209
LTX-0007858,P03970,2025-05-26 09:00:00,EARN,70,249,BKG-010015
LTX-0007859,P03970,2025-06-20 09:00:00,EARN,44,293,BKG-005016
LTX-0007860,P01374,2025-05-02 09:00:00,EARN,56,56,BKG-003112
LTX-0007861,P01374,2025-06-08 09:00:00,EARN,62,118,BKG-002471
LTX-0007862,P01374,2025-06-11 09:00:00,EARN,67,185,BKG-011538
LTX-0007863,P01374,2025-07-05 09:00:00,EARN,65,250,BKG-008968
LTX-0007864,P03825,2025-06-27 09:00:00,EARN,53,53,BKG-008396
LTX-0007865,P03825,2025-10-08 09:00:00,EARN,76,129,BKG-002473
LTX-0007866,P01756,2025-03-17 09:00:00,EARN,47,47,BKG-002474
LTX-0007867,P01756,2025-04-25 09:00:00,EARN,32,79,BKG-003165
LTX-0007868,P01756,2025-04-25 09:00:00,EARN,32,111,BKG-003537
LTX-0007869,P01756,2025-04-25 18:00:00,REDEEM,-20,91,BKG-003165
LTX-0007870,P01756,2025-06-06 09:00:00,EARN,20,111,BKG-003850
LTX-0007871,P02109,2025-03-17 09:00:00,EARN,15,15,BKG-002479
LTX-0007872,P02109,2025-04-23 09:00:00,EARN,14,29,BKG-006689
LTX-0007873,P02109,2025-11-27 09:00:00,EARN,81,110,BKG-004878
LTX-0007874,P02753,2025-02-22 09:00:00,EARN,33,33,BKG-005935
LTX-0007875,P02753,2025-02-22 18:00:00,REDEEM,-30,3,BKG-005935
LTX-0007876,P02753,2025-03-27 09:00:00,EARN,37,40,BKG-002480
LTX-0007877,P01508,2025-01-15 09:00:00,EARN,34,34,BKG-005172
LTX-0007878,P01508,2025-05-27 09:00:00,EARN,38,72,BKG-009833
LTX-0007879,P01508,2025-11-29 09:00:00,EARN,19,91,BKG-002483
LTX-0007880,P01508,2025-11-29 18:00:00,REDEEM,-20,71,BKG-002483
LTX-0007881,P01508,2025-12-17 09:00:00,EARN,48,119,BKG-012113
LTX-0007882,P01508,2025-12-17 18:00:00,REDEEM,-30,89,BKG-012113
LTX-0007883,P01045,2025-01-10 09:00:00,EARN,40,40,BKG-006935
LTX-0007884,P01045,2025-01-10 18:00:00,REDEEM,-20,20,BKG-006935
LTX-0007885,P01045,2025-02-20 09:00:00,EARN,9,29,BKG-002485
LTX-0007886,P01382,2025-02-06 09:00:00,EARN,38,38,BKG-002486
LTX-0007887,P01382,2025-05-28 09:00:00,EARN,58,96,BKG-005428
LTX-0007888,P01382,2025-05-30 09:00:00,EARN,9,105,BKG-007864
LTX-0007889,P01382,2025-09-07 09:00:00,EARN,51,156,BKG-007762
LTX-0007890,P01382,2025-12-04 09:00:00,EARN,70,226,BKG-002605
LTX-0007891,P01382,2025-12-06 09:00:00,EARN,43,269,BKG-009626
LTX-0007892,P00942,2025-06-27 09:00:00,EARN,48,48,BKG-004690
LTX-0007893,P00942,2025-08-25 09:00:00,EARN,84,132,BKG-002487
LTX-0007894,P03243,2025-01-15 09:00:00,EARN,42,42,BKG-004417
LTX-0007895,P03243,2025-04-21 09:00:00,EARN,37,79,BKG-004041
LTX-0007896,P03243,2025-04-22 09:00:00,EARN,106,185,BKG-002488
LTX-0007897,P03243,2025-05-09 09:00:00,EARN,21,206,BKG-007378
LTX-0007898,P03243,2025-12-21 09:00:00,EARN,68,274,BKG-005524
LTX-0007899,P01759,2025-07-18 09:00:00,EARN,53,53,BKG-006767
LTX-0007900,P01759,2025-09-22 09:00:00,EARN,32,85,BKG-007691
LTX-0007901,P01759,2025-09-26 09:00:00,EARN,38,123,BKG-002489
LTX-0007902,P01759,2025-11-30 09:00:00,EARN,79,202,BKG-011235
LTX-0007903,P02956,2025-01-20 09:00:00,EARN,27,27,BKG-010556
LTX-0007904,P02956,2025-11-06 09:00:00,EARN,20,47,BKG-002490
LTX-0007905,P02956,2025-12-17 09:00:00,EARN,20,67,BKG-008849
LTX-0007906,P03503,2025-10-14 09:00:00,EARN,74,74,BKG-005273
LTX-0007907,P03503,2025-10-14 18:00:00,REDEEM,-20,54,BKG-005273
LTX-0007908,P03503,2025-11-26 09:00:00,EARN,49,103,BKG-002492
LTX-0007909,P03503,2025-11-26 18:00:00,REDEEM,-10,93,BKG-002492
LTX-0007910,P02288,2025-05-17 09:00:00,EARN,54,54,BKG-005356
LTX-0007911,P02288,2025-08-03 09:00:00,EARN,38,92,BKG-003772
LTX-0007912,P02288,2025-11-19 09:00:00,EARN,22,114,BKG-010828
LTX-0007913,P02288,2025-12-08 09:00:00,EARN,24,138,BKG-002493
LTX-0007914,P01172,2025-01-12 09:00:00,EARN,28,28,BKG-002497
LTX-0007915,P01172,2025-08-21 09:00:00,EARN,60,88,BKG-006677
LTX-0007916,P01172,2025-11-09 09:00:00,EARN,43,131,BKG-003934
LTX-0007917,P01172,2025-11-26 09:00:00,EARN,73,204,BKG-006491
LTX-0007918,P00590,2025-01-02 09:00:00,EARN,18,18,BKG-006563
LTX-0007919,P00590,2025-08-23 09:00:00,EARN,31,49,BKG-002498
LTX-0007920,P00590,2025-11-30 09:00:00,EARN,65,114,BKG-004223
LTX-0007921,P00590,2025-11-30 09:00:00,EARN,74,188,BKG-010046
LTX-0007922,P01775,2025-07-07 09:00:00,EARN,31,31,BKG-009739
LTX-0007923,P01775,2025-07-25 09:00:00,EARN,38,69,BKG-002500
LTX-0007924,P01775,2025-09-22 09:00:00,EARN,16,85,BKG-008696
LTX-0007925,P01775,2025-12-16 09:00:00,EARN,32,117,BKG-003295
LTX-0007926,P00323,2025-04-25 09:00:00,EARN,26,26,BKG-004180
LTX-0007927,P00323,2025-06-11 09:00:00,EARN,58,84,BKG-002501
LTX-0007928,P00323,2025-10-21 09:00:00,EARN,51,135,BKG-004145
LTX-0007929,P02407,2025-02-21 09:00:00,EARN,17,17,BKG-010064
LTX-0007930,P02407,2025-12-02 09:00:00,EARN,49,66,BKG-002502
LTX-0007931,P02638,2025-02-19 09:00:00,EARN,15,15,BKG-011572
LTX-0007932,P02638,2025-11-10 09:00:00,EARN,87,102,BKG-002505
LTX-0007933,P02638,2025-11-14 09:00:00,EARN,36,138,BKG-006626
LTX-0007934,P01979,2025-01-13 09:00:00,EARN,53,53,BKG-002506
LTX-0007935,P01979,2025-04-29 09:00:00,EARN,50,103,BKG-003453
LTX-0007936,P01979,2025-07-17 09:00:00,EARN,29,132,BKG-003711
LTX-0007937,P01979,2025-09-22 09:00:00,EARN,14,146,BKG-007212
LTX-0007938,P01979,2025-12-05 09:00:00,EARN,20,166,BKG-004489
LTX-0007939,P03007,2024-12-16 09:00:00,EARN,65,65,BKG-002507
LTX-0007940,P02726,2025-02-02 09:00:00,EARN,66,66,BKG-002509
LTX-0007941,P02726,2025-07-08 09:00:00,EARN,50,116,BKG-003858
LTX-0007942,P02802,2025-05-16 09:00:00,EARN,56,56,BKG-008697
LTX-0007943,P02802,2025-07-21 09:00:00,EARN,63,119,BKG-003297
LTX-0007944,P02802,2025-08-27 09:00:00,EARN,6,125,BKG-004484
LTX-0007945,P02802,2025-11-08 09:00:00,EARN,89,214,BKG-002510
LTX-0007946,P00853,2025-01-13 09:00:00,EARN,10,10,BKG-007294
LTX-0007947,P00853,2025-05-25 09:00:00,EARN,86,96,BKG-002514
LTX-0007948,P00853,2025-06-01 09:00:00,EARN,8,104,BKG-009919
LTX-0007949,P00853,2025-07-02 09:00:00,EARN,43,147,BKG-010484
LTX-0007950,P00853,2025-07-28 09:00:00,EARN,37,184,BKG-010003
LTX-0007951,P00853,2025-08-13 09:00:00,EARN,37,221,BKG-006914
LTX-0007952,P00853,2025-12-02 09:00:00,EARN,72,293,BKG-011852
LTX-0007953,P03843,2025-02-24 09:00:00,EARN,27,27,BKG-002610
LTX-0007954,P03843,2025-04-29 09:00:00,EARN,42,69,BKG-002515
LTX-0007955,P03843,2025-05-13 09:00:00,EARN,29,98,BKG-010634
LTX-0007956,P03843,2025-06-16 09:00:00,EARN,41,139,BKG-006109
LTX-0007957,P03843,2025-07-19 09:00:00,EARN,71,210,BKG-007935
LTX-0007958,P03843,2025-08-16 09:00:00,EARN,65,275,BKG-012375
LTX-0007959,P03843,2025-11-24 09:00:00,EARN,37,312,BKG-007604
LTX-0007960,P00041,2025-03-13 09:00:00,EARN,38,38,BKG-007196
LTX-0007961,P00041,2025-03-13 18:00:00,REDEEM,-20,18,BKG-007196
LTX-0007962,P00041,2025-05-13 09:00:00,EARN,34,52,BKG-002516
LTX-0007963,P00041,2025-05-14 09:00:00,EARN,15,67,BKG-008136
LTX-0007964,P00016,2025-01-04 09:00:00,EARN,69,69,BKG-009688
LTX-0007965,P00016,2025-05-23 09:00:00,EARN,15,84,BKG-007669
LTX-0007966,P00016,2025-06-03 09:00:00,EARN,43,127,BKG-002517
LTX-0007967,P00016,2025-06-18 09:00:00,EARN,6,133,BKG-010729
LTX-0007968,P00016,2025-07-16 09:00:00,EARN,10,143,BKG-005730
LTX-0007969,P00016,2025-09-22 09:00:00,EARN,18,161,BKG-006201
LTX-0007970,P00016,2025-10-10 09:00:00,EARN,38,199,BKG-007629
LTX-0007971,P00016,2025-11-27 09:00:00,EARN,25,224,BKG-005062
LTX-0007972,P01248,2025-06-11 09:00:00,EARN,75,75,BKG-006690
LTX-0007973,P01248,2025-06-27 09:00:00,EARN,11,86,BKG-002523
LTX-0007974,P01248,2025-12-09 09:00:00,EARN,36,122,BKG-006531
LTX-0007975,P01807,2024-12-26 09:00:00,EARN,14,14,BKG-002524
LTX-0007976,P01807,2025-02-07 09:00:00,EARN,31,45,BKG-003949
LTX-0007977,P01731,2025-02-19 09:00:00,EARN,55,55,BKG-005026
LTX-0007978,P01731,2025-05-06 09:00:00,EARN,25,80,BKG-012166
LTX-0007979,P01731,2025-06-22 09:00:00,EARN,29,109,BKG-002525
LTX-0007980,P01731,2025-06-22 18:00:00,REDEEM,-20,89,BKG-002525
LTX-0007981,P01731,2025-08-05 09:00:00,EARN,50,139,BKG-003301
LTX-0007982,P01731,2025-09-28 09:00:00,EARN,8,147,BKG-011846
LTX-0007983,P01731,2025-11-21 09:00:00,EARN,19,166,BKG-008305
LTX-0007984,P01731,2025-12-06 09:00:00,EARN,11,177,BKG-010875
LTX-0007985,P03159,2025-03-01 09:00:00,EARN,38,38,BKG-002527
LTX-0007986,P03159,2025-05-28 09:00:00,EARN,60,98,BKG-010817
LTX-0007987,P03159,2025-09-18 09:00:00,EARN,30,128,BKG-004239
LTX-0007988,P03159,2025-10-17 09:00:00,EARN,68,196,BKG-005870
LTX-0007989,P03159,2025-10-17 18:00:00,REDEEM,-20,176,BKG-005870
LTX-0007990,P03159,2025-10-20 09:00:00,EARN,36,212,BKG-005774
LTX-0007991,P01362,2025-01-07 09:00:00,EARN,68,68,BKG-005627
LTX-0007992,P01362,2025-04-29 09:00:00,EARN,24,92,BKG-008255
LTX-0007993,P01362,2025-05-09 09:00:00,EARN,32,124,BKG-010116
LTX-0007994,P01362,2025-05-09 18:00:00,REDEEM,-30,94,BKG-010116
LTX-0007995,P01362,2025-09-26 09:00:00,EARN,31,125,BKG-002534
LTX-0007996,P01362,2025-12-04 09:00:00,EARN,17,142,BKG-009857
LTX-0007997,P03268,2025-05-18 09:00:00,EARN,33,33,BKG-009771
LTX-0007998,P03268,2025-06-09 09:00:00,EARN,11,44,BKG-002535
LTX-0007999,P03268,2025-08-31 09:00:00,EARN,52,96,BKG-003461
LTX-0008000,P03268,2025-10-01 09:00:00,EARN,26,122,BKG-009225
LTX-0008001,P02075,2025-06-07 09:00:00,EARN,57,57,BKG-010712
LTX-0008002,P02075,2025-11-12 09:00:00,EARN,59,116,BKG-002538
LTX-0008003,P02075,2025-11-28 09:00:00,EARN,92,208,BKG-008425
LTX-0008004,P02075,2025-11-28 18:00:00,REDEEM,-20,188,BKG-008425
LTX-0008005,P01301,2025-11-07 09:00:00,EARN,58,58,BKG-005618
LTX-0008006,P01301,2025-11-09 09:00:00,EARN,46,104,BKG-002539
LTX-0008007,P03508,2025-07-10 09:00:00,EARN,72,72,BKG-002748
LTX-0008008,P03508,2025-07-10 18:00:00,REDEEM,-10,62,BKG-002748
LTX-0008009,P03508,2025-11-15 09:00:00,EARN,35,97,BKG-007131
LTX-0008010,P03508,2025-12-12 09:00:00,EARN,56,153,BKG-002540
LTX-0008011,P01402,2025-03-07 09:00:00,EARN,28,28,BKG-002541
LTX-0008012,P01402,2025-07-02 09:00:00,EARN,39,67,BKG-006986
LTX-0008013,P03937,2025-02-09 09:00:00,EARN,6,6,BKG-002912
LTX-0008014,P03937,2025-03-15 09:00:00,EARN,31,37,BKG-002542
LTX-0008015,P03937,2025-09-19 09:00:00,EARN,57,94,BKG-002568
LTX-0008016,P03937,2025-09-25 09:00:00,EARN,38,132,BKG-006735
LTX-0008017,P03937,2025-12-21 09:00:00,EARN,33,165,BKG-004383
LTX-0008018,P03937,2025-12-21 18:00:00,REDEEM,-10,155,BKG-004383
LTX-0008019,P02168,2025-06-02 09:00:00,EARN,68,68,BKG-002550
LTX-0008020,P02168,2025-10-16 09:00:00,EARN,32,100,BKG-009676
LTX-0008021,P03044,2025-06-22 09:00:00,EARN,75,75,BKG-009781
LTX-0008022,P03044,2025-07-01 09:00:00,EARN,38,113,BKG-009876
LTX-0008023,P03044,2025-07-04 09:00:00,EARN,42,155,BKG-010642
LTX-0008024,P03044,2025-10-14 09:00:00,EARN,23,178,BKG-002551
LTX-0008025,P01031,2025-01-02 09:00:00,EARN,32,32,BKG-011458
LTX-0008026,P01031,2025-01-02 18:00:00,REDEEM,-10,22,BKG-011458
LTX-0008027,P01031,2025-08-23 09:00:00,EARN,29,51,BKG-002555
LTX-0008028,P00500,2025-05-30 09:00:00,EARN,60,60,BKG-006828
LTX-0008029,P00500,2025-06-25 09:00:00,EARN,23,83,BKG-002558
LTX-0008030,P00500,2025-07-20 09:00:00,EARN,77,160,BKG-003910
LTX-0008031,P00500,2025-09-10 09:00:00,EARN,16,176,BKG-010885
LTX-0008032,P01752,2025-03-27 09:00:00,EARN,42,42,BKG-002559
LTX-0008033,P01752,2025-03-31 09:00:00,EARN,55,97,BKG-010774
LTX-0008034,P01752,2025-03-31 18:00:00,REDEEM,-20,77,BKG-010774
LTX-0008035,P01752,2025-08-19 09:00:00,EARN,64,141,BKG-003876
LTX-0008036,P01752,2025-11-29 09:00:00,EARN,8,149,BKG-010362
LTX-0008037,P02375,2025-05-29 09:00:00,EARN,30,30,BKG-008007
LTX-0008038,P02375,2025-07-24 09:00:00,EARN,22,52,BKG-002560
LTX-0008039,P02375,2025-08-17 09:00:00,EARN,24,76,BKG-004598
LTX-0008040,P03791,2025-07-04 09:00:00,EARN,44,44,BKG-002561
LTX-0008041,P03791,2025-07-04 18:00:00,REDEEM,-30,14,BKG-002561
LTX-0008042,P03791,2025-10-19 09:00:00,EARN,38,52,BKG-008925
LTX-0008043,P01435,2025-02-06 09:00:00,EARN,10,10,BKG-012253
LTX-0008044,P01435,2025-07-07 09:00:00,EARN,70,80,BKG-007877
LTX-0008045,P01435,2025-08-12 09:00:00,EARN,34,114,BKG-002562
LTX-0008046,P03921,2025-01-05 09:00:00,EARN,50,50,BKG-004805
LTX-0008047,P03921,2025-05-26 09:00:00,EARN,47,97,BKG-002564
LTX-0008048,P03242,2025-04-05 09:00:00,EARN,68,68,BKG-008410
LTX-0008049,P03242,2025-05-23 09:00:00,EARN,26,94,BKG-006228
LTX-0008050,P03242,2025-05-25 09:00:00,EARN,31,125,BKG-003073
LTX-0008051,P03242,2025-08-25 09:00:00,EARN,21,146,BKG-011718
LTX-0008052,P03242,2025-09-24 09:00:00,EARN,55,201,BKG-002567
LTX-0008053,P01805,2025-02-19 09:00:00,EARN,40,40,BKG-002572
LTX-0008054,P01805,2025-04-12 09:00:00,EARN,64,104,BKG-005478
LTX-0008055,P01805,2025-07-17 09:00:00,EARN,44,148,BKG-006427
LTX-0008056,P01805,2025-07-17 18:00:00,REDEEM,-20,128,BKG-006427
LTX-0008057,P00898,2025-05-30 09:00:00,EARN,46,46,BKG-003085
LTX-0008058,P00898,2025-10-02 09:00:00,EARN,24,70,BKG-002573
LTX-0008059,P00898,2025-12-08 09:00:00,EARN,43,113,BKG-006588
LTX-0008060,P03356,2025-06-21 09:00:00,EARN,77,77,BKG-011595
LTX-0008061,P03356,2025-07-28 09:00:00,EARN,34,111,BKG-012293
LTX-0008062,P03356,2025-07-28 18:00:00,REDEEM,-30,81,BKG-012293
LTX-0008063,P03356,2025-12-16 09:00:00,EARN,54,135,BKG-002574
LTX-0008064,P01236,2025-01-10 09:00:00,EARN,44,44,BKG-002576
LTX-0008065,P01236,2025-11-14 09:00:00,EARN,81,125,BKG-008957
LTX-0008066,P03023,2025-03-17 09:00:00,EARN,39,39,BKG-002577
LTX-0008067,P03023,2025-04-04 09:00:00,EARN,13,52,BKG-003936
LTX-0008068,P03023,2025-04-04 18:00:00,REDEEM,-30,22,BKG-003936
LTX-0008069,P03023,2025-07-21 09:00:00,EARN,34,56,BKG-004548
LTX-0008070,P03361,2025-01-23 09:00:00,EARN,44,44,BKG-006367
LTX-0008071,P03361,2025-01-31 09:00:00,EARN,12,56,BKG-009908
LTX-0008072,P03361,2025-05-19 09:00:00,EARN,56,112,BKG-011381
LTX-0008073,P03361,2025-07-02 09:00:00,EARN,47,159,BKG-002579
LTX-0008074,P03985,2025-05-06 09:00:00,EARN,29,29,BKG-003946
LTX-0008075,P03985,2025-05-28 09:00:00,EARN,33,62,BKG-009818
LTX-0008076,P03985,2025-06-29 09:00:00,EARN,39,101,BKG-009881
LTX-0008077,P03985,2025-09-18 09:00:00,EARN,20,121,BKG-002582
LTX-0008078,P03985,2025-12-07 09:00:00,EARN,34,155,BKG-005903
LTX-0008079,P01815,2025-04-18 09:00:00,EARN,19,19,BKG-002583
LTX-0008080,P01815,2025-05-14 09:00:00,EARN,59,78,BKG-011642
LTX-0008081,P01815,2025-12-15 09:00:00,EARN,37,115,BKG-007473
LTX-0008082,P02696,2025-02-04 09:00:00,EARN,49,49,BKG-012078
LTX-0008083,P02696,2025-02-20 09:00:00,EARN,16,65,BKG-002584
LTX-0008084,P02696,2025-03-07 09:00:00,EARN,14,79,BKG-005636
LTX-0008085,P02696,2025-11-17 09:00:00,EARN,17,96,BKG-002871
LTX-0008086,P02037,2025-07-29 09:00:00,EARN,24,24,BKG-009631
LTX-0008087,P02037,2025-09-30 09:00:00,EARN,20,44,BKG-002585
LTX-0008088,P02037,2025-11-26 09:00:00,EARN,14,58,BKG-006373
LTX-0008089,P02037,2025-11-30 09:00:00,EARN,44,102,BKG-008683
LTX-0008090,P01922,2025-03-21 09:00:00,EARN,69,69,BKG-003567
LTX-0008091,P01922,2025-03-21 18:00:00,REDEEM,-10,59,BKG-003567
LTX-0008092,P01922,2025-06-19 09:00:00,EARN,10,69,BKG-002587
LTX-0008093,P01922,2025-07-02 09:00:00,EARN,50,119,BKG-009914
LTX-0008094,P01922,2025-07-09 09:00:00,EARN,24,143,BKG-011093
LTX-0008095,P01922,2025-07-09 18:00:00,REDEEM,-10,133,BKG-011093
LTX-0008096,P01922,2025-07-11 09:00:00,EARN,57,190,BKG-003830
LTX-0008097,P02958,2025-02-10 09:00:00,EARN,39,39,BKG-002589
LTX-0008098,P00235,2025-01-29 09:00:00,EARN,22,22,BKG-004491
LTX-0008099,P00235,2025-10-15 09:00:00,EARN,53,75,BKG-002591
LTX-0008100,P00235,2025-11-22 09:00:00,EARN,87,162,BKG-002680
LTX-0008101,P02597,2025-03-26 09:00:00,EARN,46,46,BKG-010504
LTX-0008102,P02597,2025-06-02 09:00:00,EARN,90,136,BKG-002596
LTX-0008103,P02597,2025-06-02 09:00:00,EARN,76,212,BKG-010069
LTX-0008104,P02597,2025-06-08 09:00:00,EARN,41,253,BKG-011146
LTX-0008105,P02597,2025-06-08 18:00:00,REDEEM,-30,223,BKG-011146
LTX-0008106,P02597,2025-09-18 09:00:00,EARN,24,247,BKG-010761
LTX-0008107,P01754,2024-12-12 09:00:00,EARN,51,51,BKG-003480
LTX-0008108,P01754,2024-12-27 09:00:00,EARN,59,110,BKG-011357
LTX-0008109,P01754,2025-02-04 09:00:00,EARN,42,152,BKG-002598
LTX-0008110,P01754,2025-02-07 09:00:00,EARN,28,180,BKG-008508
LTX-0008111,P01754,2025-03-16 09:00:00,EARN,17,197,BKG-008570
LTX-0008112,P01754,2025-04-16 09:00:00,EARN,55,252,BKG-010228
LTX-0008113,P01787,2025-02-12 09:00:00,EARN,28,28,BKG-003712
LTX-0008114,P01787,2025-05-17 09:00:00,EARN,57,85,BKG-005254
LTX-0008115,P01787,2025-09-23 09:00:00,EARN,54,139,BKG-007825
LTX-0008116,P01787,2025-12-03 09:00:00,EARN,100,239,BKG-002607
LTX-0008117,P01787,2025-12-03 18:00:00,REDEEM,-20,219,BKG-002607
LTX-0008118,P01787,2025-12-21 09:00:00,EARN,72,291,BKG-002600
LTX-0008119,P03054,2025-02-11 09:00:00,EARN,16,16,BKG-009355
LTX-0008120,P03054,2025-06-07 09:00:00,EARN,53,69,BKG-002603
LTX-0008121,P03054,2025-07-12 09:00:00,EARN,26,95,BKG-005005
LTX-0008122,P03054,2025-11-18 09:00:00,EARN,29,124,BKG-007985
LTX-0008123,P00772,2025-09-27 09:00:00,EARN,92,92,BKG-009782
LTX-0008124,P00772,2025-10-09 09:00:00,EARN,50,142,BKG-012261
LTX-0008125,P00772,2025-11-14 09:00:00,EARN,27,169,BKG-002613
LTX-0008126,P02318,2025-05-20 09:00:00,EARN,59,59,BKG-002614
LTX-0008127,P02318,2025-07-10 09:00:00,EARN,78,137,BKG-011755
LTX-0008128,P02045,2025-02-11 09:00:00,EARN,40,40,BKG-002615
LTX-0008129,P02045,2025-02-12 09:00:00,EARN,43,83,BKG-008112
LTX-0008130,P02045,2025-04-09 09:00:00,EARN,40,123,BKG-007194
LTX-0008131,P03592,2024-12-23 09:00:00,EARN,94,94,BKG-002616
LTX-0008132,P03592,2025-01-22 09:00:00,EARN,40,134,BKG-010283
LTX-0008133,P01823,2024-12-26 09:00:00,EARN,29,29,BKG-004942
LTX-0008134,P01823,2025-05-30 09:00:00,EARN,8,37,BKG-002617
LTX-0008135,P01823,2025-05-30 18:00:00,REDEEM,-10,27,BKG-002617
LTX-0008136,P01823,2025-11-04 09:00:00,EARN,42,69,BKG-007521
LTX-0008137,P01823,2025-11-05 09:00:00,EARN,62,131,BKG-010552
LTX-0008138,P02003,2025-04-09 09:00:00,EARN,17,17,BKG-002620
LTX-0008139,P02602,2025-04-03 09:00:00,EARN,8,8,BKG-012299
LTX-0008140,P02602,2025-06-18 09:00:00,EARN,64,72,BKG-002622
LTX-0008141,P02602,2025-08-11 09:00:00,EARN,34,106,BKG-005792
LTX-0008142,P00415,2025-12-11 09:00:00,EARN,82,82,BKG-002623
LTX-0008143,P00415,2025-12-18 09:00:00,EARN,36,118,BKG-005938
LTX-0008144,P03534,2025-06-03 09:00:00,EARN,56,56,BKG-009897
LTX-0008145,P03534,2025-06-25 09:00:00,EARN,66,122,BKG-008289
LTX-0008146,P03534,2025-06-25 18:00:00,REDEEM,-20,102,BKG-008289
LTX-0008147,P03534,2025-08-05 09:00:00,EARN,21,123,BKG-009525
LTX-0008148,P03534,2025-11-28 09:00:00,EARN,74,197,BKG-002625
LTX-0008149,P03534,2025-12-07 09:00:00,EARN,25,222,BKG-008831
LTX-0008150,P03534,2025-12-07 18:00:00,REDEEM,-10,212,BKG-008831
LTX-0008151,P01568,2025-05-18 09:00:00,EARN,50,50,BKG-007821
LTX-0008152,P01568,2025-06-13 09:00:00,EARN,32,82,BKG-002626
LTX-0008153,P01568,2025-07-04 09:00:00,EARN,47,129,BKG-008974
LTX-0008154,P01568,2025-07-04 18:00:00,REDEEM,-20,109,BKG-008974
LTX-0008155,P02335,2024-12-25 09:00:00,EARN,77,77,BKG-008164
LTX-0008156,P02335,2025-09-06 09:00:00,EARN,58,135,BKG-002629
LTX-0008157,P02335,2025-10-11 09:00:00,EARN,57,192,BKG-009913
LTX-0008158,P02335,2025-12-18 09:00:00,EARN,80,272,BKG-008009
LTX-0008159,P02335,2025-12-18 18:00:00,REDEEM,-20,252,BKG-008009
LTX-0008160,P01118,2025-05-21 09:00:00,EARN,77,77,BKG-011695
LTX-0008161,P01118,2025-06-08 09:00:00,EARN,53,130,BKG-006253
LTX-0008162,P01118,2025-06-17 09:00:00,EARN,26,156,BKG-004183
LTX-0008163,P01118,2025-12-07 09:00:00,EARN,52,208,BKG-002631
LTX-0008164,P01319,2025-06-09 09:00:00,EARN,72,72,BKG-002633
LTX-0008165,P01319,2025-06-10 09:00:00,EARN,7,79,BKG-003145
LTX-0008166,P01319,2025-06-25 09:00:00,EARN,48,127,BKG-006617
LTX-0008167,P01052,2025-02-09 09:00:00,EARN,82,82,BKG-004092
LTX-0008168,P01052,2025-05-04 09:00:00,EARN,28,110,BKG-008106
LTX-0008169,P01052,2025-06-03 09:00:00,EARN,32,142,BKG-004116
LTX-0008170,P01052,2025-06-05 09:00:00,EARN,36,178,BKG-002634
LTX-0008171,P01052,2025-06-09 09:00:00,EARN,62,240,BKG-005439
LTX-0008172,P01052,2025-07-16 09:00:00,EARN,97,337,BKG-009477
LTX-0008173,P01052,2025-07-16 18:00:00,REDEEM,-30,307,BKG-009477
LTX-0008174,P01052,2025-07-31 09:00:00,EARN,63,370,BKG-006061
LTX-0008175,P02397,2025-01-04 09:00:00,EARN,43,43,BKG-009830
LTX-0008176,P02397,2025-05-30 09:00:00,EARN,23,66,BKG-005692
LTX-0008177,P02397,2025-05-30 18:00:00,REDEEM,-20,46,BKG-005692
LTX-0008178,P02397,2025-06-08 09:00:00,EARN,41,87,BKG-002635
LTX-0008179,P02397,2025-06-11 09:00:00,EARN,42,129,BKG-003335
LTX-0008180,P02397,2025-08-25 09:00:00,EARN,29,158,BKG-006785
LTX-0008181,P03210,2024-12-29 09:00:00,EARN,58,58,BKG-011295
LTX-0008182,P03210,2025-11-21 09:00:00,EARN,64,122,BKG-002638
LTX-0008183,P01450,2025-06-03 09:00:00,EARN,60,60,BKG-002639
LTX-0008184,P01450,2025-06-03 18:00:00,REDEEM,-20,40,BKG-002639
LTX-0008185,P01450,2025-07-01 09:00:00,EARN,62,102,BKG-006279
LTX-0008186,P01450,2025-08-19 09:00:00,EARN,29,131,BKG-012064
LTX-0008187,P02102,2025-01-17 09:00:00,EARN,28,28,BKG-002640
LTX-0008188,P02102,2025-06-29 09:00:00,EARN,62,90,BKG-004250
LTX-0008189,P02102,2025-10-11 09:00:00,EARN,41,131,BKG-004833
LTX-0008190,P02979,2025-04-25 09:00:00,EARN,30,30,BKG-004896
LTX-0008191,P02979,2025-11-19 09:00:00,EARN,84,114,BKG-002641
LTX-0008192,P02563,2024-12-26 09:00:00,EARN,37,37,BKG-002643
LTX-0008193,P02563,2025-06-09 09:00:00,EARN,16,53,BKG-012195
LTX-0008194,P02563,2025-07-16 09:00:00,EARN,28,81,BKG-010666
LTX-0008195,P02563,2025-07-19 09:00:00,EARN,25,106,BKG-004291
LTX-0008196,P01704,2025-05-12 09:00:00,EARN,71,71,BKG-002645
LTX-0008197,P01704,2025-05-29 09:00:00,EARN,71,142,BKG-005474
LTX-0008198,P01704,2025-07-14 09:00:00,EARN,46,188,BKG-003139
LTX-0008199,P01704,2025-11-12 09:00:00,EARN,37,225,BKG-004873
LTX-0008200,P02625,2025-04-15 09:00:00,EARN,63,63,BKG-006360
LTX-0008201,P02625,2025-06-20 09:00:00,EARN,81,144,BKG-003865
LTX-0008202,P02625,2025-07-06 09:00:00,EARN,59,203,BKG-002647
LTX-0008203,P01528,2025-01-18 09:00:00,EARN,36,36,BKG-007127
LTX-0008204,P01528,2025-01-18 18:00:00,REDEEM,-10,26,BKG-007127
LTX-0008205,P01528,2025-06-19 09:00:00,EARN,78,104,BKG-011302
LTX-0008206,P01528,2025-07-05 09:00:00,EARN,47,151,BKG-002648
LTX-0008207,P01528,2025-07-06 09:00:00,EARN,10,161,BKG-005829
LTX-0008208,P01558,2025-01-06 09:00:00,EARN,36,36,BKG-002649
LTX-0008209,P01558,2025-03-16 09:00:00,EARN,36,72,BKG-011849
LTX-0008210,P01558,2025-07-05 09:00:00,EARN,39,111,BKG-004315
LTX-0008211,P00364,2024-12-24 09:00:00,EARN,62,62,BKG-005117
LTX-0008212,P00364,2024-12-24 18:00:00,REDEEM,-20,42,BKG-005117
LTX-0008213,P00364,2025-06-11 09:00:00,EARN,31,73,BKG-006976
LTX-0008214,P00364,2025-10-18 09:00:00,EARN,25,98,BKG-002651
LTX-0008215,P00848,2025-03-15 09:00:00,EARN,37,37,BKG-004709
LTX-0008216,P00848,2025-03-15 18:00:00,REDEEM,-30,7,BKG-004709
LTX-0008217,P00848,2025-05-19 09:00:00,EARN,41,48,BKG-002655
LTX-0008218,P00848,2025-06-09 09:00:00,EARN,34,82,BKG-009568
LTX-0008219,P01831,2025-03-19 09:00:00,EARN,76,76,BKG-004794
LTX-0008220,P01831,2025-03-19 18:00:00,REDEEM,-20,56,BKG-004794
LTX-0008221,P01831,2025-05-21 09:00:00,EARN,60,116,BKG-006817
LTX-0008222,P01831,2025-05-21 18:00:00,REDEEM,-20,96,BKG-006817
LTX-0008223,P01831,2025-11-01 09:00:00,EARN,47,143,BKG-002656
LTX-0008224,P01913,2025-03-03 09:00:00,EARN,34,34,BKG-009865
LTX-0008225,P01913,2025-05-05 09:00:00,EARN,32,66,BKG-003006
LTX-0008226,P01913,2025-09-07 09:00:00,EARN,66,132,BKG-002657
LTX-0008227,P01757,2025-02-24 09:00:00,EARN,56,56,BKG-011290
LTX-0008228,P01757,2025-03-27 09:00:00,EARN,36,92,BKG-004206
LTX-0008229,P01757,2025-05-23 09:00:00,EARN,58,150,BKG-002660
LTX-0008230,P01757,2025-06-25 09:00:00,EARN,49,199,BKG-003203
LTX-0008231,P01757,2025-08-10 09:00:00,EARN,29,228,BKG-011193
LTX-0008232,P01757,2025-11-13 09:00:00,EARN,18,246,BKG-010911
LTX-0008233,P01955,2025-01-07 09:00:00,EARN,28,28,BKG-002663
LTX-0008234,P02976,2025-04-01 09:00:00,EARN,49,49,BKG-005265
LTX-0008235,P02976,2025-09-07 09:00:00,EARN,37,86,BKG-002664
LTX-0008236,P02976,2025-11-29 09:00:00,EARN,42,128,BKG-007283
LTX-0008237,P00051,2025-05-23 09:00:00,EARN,27,27,BKG-002665
LTX-0008238,P00051,2025-07-03 09:00:00,EARN,37,64,BKG-004450
LTX-0008239,P00051,2025-07-03 18:00:00,REDEEM,-20,44,BKG-004450
LTX-0008240,P00051,2025-07-12 09:00:00,EARN,56,100,BKG-007049
LTX-0008241,P00051,2025-11-20 09:00:00,EARN,9,109,BKG-009681
LTX-0008242,P01798,2025-01-06 09:00:00,EARN,34,34,BKG-006065
LTX-0008243,P01798,2025-01-10 09:00:00,EARN,54,88,BKG-004492
LTX-0008244,P01798,2025-03-24 09:00:00,EARN,42,130,BKG-004345
LTX-0008245,P01798,2025-05-18 09:00:00,EARN,30,160,BKG-002666
LTX-0008246,P01798,2025-11-28 09:00:00,EARN,64,224,BKG-003000
LTX-0008247,P03590,2025-01-29 09:00:00,EARN,16,16,BKG-002667
LTX-0008248,P03590,2025-06-02 09:00:00,EARN,57,73,BKG-006520
LTX-0008249,P03590,2025-07-05 09:00:00,EARN,70,143,BKG-002787
LTX-0008250,P03590,2025-07-05 18:00:00,REDEEM,-30,113,BKG-002787
LTX-0008251,P03590,2025-08-13 09:00:00,EARN,35,148,BKG-010641
LTX-0008252,P03590,2025-11-21 09:00:00,EARN,46,194,BKG-003701
LTX-0008253,P01592,2025-07-21 09:00:00,EARN,12,12,BKG-002668
LTX-0008254,P01592,2025-09-13 09:00:00,EARN,56,68,BKG-005131
LTX-0008255,P01592,2025-09-19 09:00:00,EARN,24,92,BKG-007687
LTX-0008256,P00219,2025-02-16 09:00:00,EARN,42,42,BKG-005352
LTX-0008257,P00219,2025-06-09 09:00:00,EARN,15,57,BKG-002669
LTX-0008258,P01730,2025-02-06 09:00:00,EARN,66,66,BKG-005832
LTX-0008259,P01730,2025-06-28 09:00:00,EARN,112,178,BKG-002670
LTX-0008260,P01730,2025-07-07 09:00:00,EARN,33,211,BKG-008433
LTX-0008261,P01730,2025-11-18 09:00:00,EARN,48,259,BKG-008513
LTX-0008262,P01730,2025-11-18 18:00:00,REDEEM,-10,249,BKG-008513
LTX-0008263,P02440,2025-02-15 09:00:00,EARN,22,22,BKG-010938
LTX-0008264,P02440,2025-04-23 09:00:00,EARN,30,52,BKG-002671
LTX-0008265,P02440,2025-09-14 09:00:00,EARN,38,90,BKG-010466
LTX-0008266,P02440,2025-10-04 09:00:00,EARN,63,153,BKG-004978
LTX-0008267,P02440,2025-10-04 18:00:00,REDEEM,-10,143,BKG-004978
LTX-0008268,P02857,2025-05-16 09:00:00,EARN,29,29,BKG-012162
LTX-0008269,P02857,2025-05-22 09:00:00,EARN,77,106,BKG-005058
LTX-0008270,P02857,2025-07-01 09:00:00,EARN,21,127,BKG-007945
LTX-0008271,P02857,2025-08-25 09:00:00,EARN,50,177,BKG-002672
LTX-0008272,P02857,2025-11-29 09:00:00,EARN,49,226,BKG-007956
LTX-0008273,P03114,2025-01-17 09:00:00,EARN,42,42,BKG-010250
LTX-0008274,P03114,2025-10-16 09:00:00,EARN,18,60,BKG-002673
LTX-0008275,P02300,2025-06-12 09:00:00,EARN,62,62,BKG-008175
LTX-0008276,P02300,2025-11-19 09:00:00,EARN,6,68,BKG-002674
LTX-0008277,P02300,2025-11-22 09:00:00,EARN,7,75,BKG-010716
LTX-0008278,P02300,2025-11-22 18:00:00,REDEEM,-10,65,BKG-010716
LTX-0008279,P03265,2025-05-30 09:00:00,EARN,34,34,BKG-008385
LTX-0008280,P03265,2025-05-30 18:00:00,REDEEM,-30,4,BKG-008385
LTX-0008281,P03265,2025-06-23 09:00:00,EARN,72,76,BKG-002675
LTX-0008282,P03265,2025-06-23 18:00:00,REDEEM,-20,56,BKG-002675
LTX-0008283,P03265,2025-06-27 09:00:00,EARN,39,95,BKG-010843
LTX-0008284,P03265,2025-08-06 09:00:00,EARN,28,123,BKG-006772
LTX-0008285,P00833,2025-01-06 09:00:00,EARN,47,47,BKG-003890
LTX-0008286,P00833,2025-01-21 09:00:00,EARN,36,83,BKG-002676
LTX-0008287,P00833,2025-12-16 09:00:00,EARN,32,115,BKG-006582
LTX-0008288,P03691,2024-12-17 09:00:00,EARN,56,56,BKG-006845
LTX-0008289,P03691,2024-12-17 18:00:00,REDEEM,-20,36,BKG-006845
LTX-0008290,P03691,2025-03-06 09:00:00,EARN,60,96,BKG-009847
LTX-0008291,P03691,2025-06-02 09:00:00,EARN,9,105,BKG-005624
LTX-0008292,P03691,2025-10-14 09:00:00,EARN,64,169,BKG-002677
LTX-0008293,P03730,2025-05-26 09:00:00,EARN,35,35,BKG-002678
LTX-0008294,P03730,2025-06-18 09:00:00,EARN,60,95,BKG-005405
LTX-0008295,P03730,2025-06-21 09:00:00,EARN,50,145,BKG-007302
LTX-0008296,P03649,2025-04-18 09:00:00,EARN,34,34,BKG-011416
LTX-0008297,P03649,2025-04-21 09:00:00,EARN,18,52,BKG-002679
LTX-0008298,P03649,2025-08-15 09:00:00,EARN,72,124,BKG-008343
LTX-0008299,P02817,2024-12-24 09:00:00,EARN,25,25,BKG-012387
LTX-0008300,P02817,2025-06-16 09:00:00,EARN,36,61,BKG-004764
LTX-0008301,P02817,2025-10-06 09:00:00,EARN,29,90,BKG-002683
LTX-0008302,P02817,2025-10-06 18:00:00,REDEEM,-10,80,BKG-002683
LTX-0008303,P02817,2025-11-14 09:00:00,EARN,71,151,BKG-008960
LTX-0008304,P02817,2025-12-10 09:00:00,EARN,25,176,BKG-006524
LTX-0008305,P03108,2024-12-23 09:00:00,EARN,94,94,BKG-002685
LTX-0008306,P03108,2025-03-01 09:00:00,EARN,54,148,BKG-011028
LTX-0008307,P03185,2025-03-07 09:00:00,EARN,10,10,BKG-007010
LTX-0008308,P03185,2025-08-07 09:00:00,EARN,49,59,BKG-002686
LTX-0008309,P01067,2025-12-10 09:00:00,EARN,56,56,BKG-002688
LTX-0008310,P00063,2025-01-24 09:00:00,EARN,19,19,BKG-005992
LTX-0008311,P00063,2025-03-20 09:00:00,EARN,25,44,BKG-006381
LTX-0008312,P00063,2025-07-08 09:00:00,EARN,26,70,BKG-006281
LTX-0008313,P00063,2025-08-01 09:00:00,EARN,85,155,BKG-002689
LTX-0008314,P00063,2025-09-18 09:00:00,EARN,66,221,BKG-012306
LTX-0008315,P01915,2025-05-23 09:00:00,EARN,40,40,BKG-002691
LTX-0008316,P01915,2025-06-25 09:00:00,EARN,36,76,BKG-012497
LTX-0008317,P01454,2025-07-20 09:00:00,EARN,47,47,BKG-002693
LTX-0008318,P03955,2025-01-09 09:00:00,EARN,15,15,BKG-011717
LTX-0008319,P03955,2025-04-13 09:00:00,EARN,36,51,BKG-009042
LTX-0008320,P03955,2025-04-18 09:00:00,EARN,32,83,BKG-009783
LTX-0008321,P03955,2025-09-14 09:00:00,EARN,68,151,BKG-002700
LTX-0008322,P03870,2025-05-15 09:00:00,EARN,46,46,BKG-002701
LTX-0008323,P00232,2025-05-14 09:00:00,EARN,29,29,BKG-012083
LTX-0008324,P00232,2025-05-15 09:00:00,EARN,57,86,BKG-003076
LTX-0008325,P00232,2025-11-05 09:00:00,EARN,9,95,BKG-002703
LTX-0008326,P00232,2025-11-27 09:00:00,EARN,16,111,BKG-005310
LTX-0008327,P00232,2025-11-27 18:00:00,REDEEM,-10,101,BKG-005310
LTX-0008328,P01190,2024-12-13 09:00:00,EARN,37,37,BKG-011671
LTX-0008329,P01190,2025-07-14 09:00:00,EARN,44,81,BKG-002704
LTX-0008330,P01190,2025-12-02 09:00:00,EARN,74,155,BKG-002977
LTX-0008331,P03124,2025-04-22 09:00:00,EARN,48,48,BKG-002706
LTX-0008332,P03124,2025-12-13 09:00:00,EARN,90,138,BKG-009224
LTX-0008333,P00901,2025-04-13 09:00:00,EARN,20,20,BKG-004726
LTX-0008334,P00901,2025-10-25 09:00:00,EARN,62,82,BKG-002707
LTX-0008335,P00901,2025-12-07 09:00:00,EARN,30,112,BKG-008339
LTX-0008336,P02273,2025-05-12 09:00:00,EARN,65,65,BKG-008600
LTX-0008337,P02273,2025-05-17 09:00:00,EARN,76,141,BKG-002708
LTX-0008338,P02273,2025-08-19 09:00:00,EARN,48,189,BKG-011737
LTX-0008339,P02273,2025-08-19 18:00:00,REDEEM,-20,169,BKG-011737
LTX-0008340,P02273,2025-09-11 09:00:00,EARN,77,246,BKG-008314
LTX-0008341,P02273,2025-11-20 09:00:00,EARN,15,261,BKG-008955
LTX-0008342,P00073,2025-02-19 09:00:00,EARN,84,84,BKG-005907
LTX-0008343,P00073,2025-09-28 09:00:00,EARN,8,92,BKG-002710
LTX-0008344,P00073,2025-10-02 09:00:00,EARN,50,142,BKG-003815
LTX-0008345,P03451,2025-02-27 09:00:00,EARN,7,7,BKG-002713
LTX-0008346,P03451,2025-12-09 09:00:00,EARN,96,103,BKG-007749
LTX-0008347,P01843,2025-06-09 09:00:00,EARN,36,36,BKG-002717
LTX-0008348,P01843,2025-09-25 09:00:00,EARN,10,46,BKG-011397
LTX-0008349,P03427,2025-05-05 09:00:00,EARN,8,8,BKG-011121
LTX-0008350,P03427,2025-06-04 09:00:00,EARN,60,68,BKG-002718
LTX-0008351,P03399,2025-01-06 09:00:00,EARN,43,43,BKG-002720
LTX-0008352,P03045,2025-07-07 09:00:00,EARN,76,76,BKG-005235
LTX-0008353,P03045,2025-12-04 09:00:00,EARN,32,108,BKG-002721
LTX-0008354,P03142,2025-01-07 09:00:00,EARN,29,29,BKG-008002
LTX-0008355,P03142,2025-02-06 09:00:00,EARN,31,60,BKG-008098
LTX-0008356,P03142,2025-05-28 09:00:00,EARN,88,148,BKG-010772
LTX-0008357,P03142,2025-05-29 09:00:00,EARN,36,184,BKG-002722
LTX-0008358,P03142,2025-05-31 09:00:00,EARN,34,218,BKG-004401
LTX-0008359,P01057,2024-12-20 09:00:00,EARN,25,25,BKG-002723
LTX-0008360,P01057,2025-06-07 09:00:00,EARN,21,46,BKG-006039
LTX-0008361,P02973,2025-02-23 09:00:00,EARN,40,40,BKG-005847
LTX-0008362,P02973,2025-04-09 09:00:00,EARN,39,79,BKG-006003
LTX-0008363,P02973,2025-10-15 09:00:00,EARN,8,87,BKG-003855
LTX-0008364,P02973,2025-11-08 09:00:00,EARN,20,107,BKG-002724
LTX-0008365,P01134,2025-06-08 09:00:00,EARN,36,36,BKG-004399
LTX-0008366,P01134,2025-09-18 09:00:00,EARN,14,50,BKG-002725
LTX-0008367,P02246,2025-02-04 09:00:00,EARN,57,57,BKG-003629
LTX-0008368,P02246,2025-03-26 09:00:00,EARN,21,78,BKG-002727
LTX-0008369,P02246,2025-12-14 09:00:00,EARN,84,162,BKG-012359
LTX-0008370,P03160,2025-01-18 09:00:00,EARN,25,25,BKG-007530
LTX-0008371,P03160,2025-06-27 09:00:00,EARN,79,104,BKG-008566
LTX-0008372,P03160,2025-10-11 09:00:00,EARN,37,141,BKG-006718
LTX-0008373,P03160,2025-12-17 09:00:00,EARN,17,158,BKG-002728
LTX-0008374,P02541,2025-06-09 09:00:00,EARN,57,57,BKG-006298
LTX-0008375,P02541,2025-06-12 09:00:00,EARN,41,98,BKG-002730
LTX-0008376,P02541,2025-08-31 09:00:00,EARN,45,143,BKG-004973
LTX-0008377,P00153,2025-04-18 09:00:00,EARN,25,25,BKG-004306
LTX-0008378,P00153,2025-12-18 09:00:00,EARN,58,83,BKG-002731
LTX-0008379,P02370,2025-04-13 09:00:00,EARN,53,53,BKG-002732
LTX-0008380,P02370,2025-05-11 09:00:00,EARN,36,89,BKG-012022
LTX-0008381,P02370,2025-05-26 09:00:00,EARN,20,109,BKG-005498
LTX-0008382,P02370,2025-11-29 09:00:00,EARN,82,191,BKG-003049
LTX-0008383,P02370,2025-11-30 09:00:00,EARN,60,251,BKG-010226
LTX-0008384,P03363,2025-03-14 09:00:00,EARN,52,52,BKG-002734
LTX-0008385,P03363,2025-07-05 09:00:00,EARN,20,72,BKG-004485
LTX-0008386,P03363,2025-09-24 09:00:00,EARN,20,92,BKG-006848
LTX-0008387,P03363,2025-11-29 09:00:00,EARN,50,142,BKG-004966
LTX-0008388,P03363,2025-11-29 18:00:00,REDEEM,-20,122,BKG-004966
LTX-0008389,P00281,2025-03-17 09:00:00,EARN,50,50,BKG-003666
LTX-0008390,P00281,2025-08-05 09:00:00,EARN,63,113,BKG-002735
LTX-0008391,P00281,2025-12-03 09:00:00,EARN,59,172,BKG-003365
LTX-0008392,P03811,2025-01-23 09:00:00,EARN,42,42,BKG-002738
LTX-0008393,P03811,2025-07-02 09:00:00,EARN,65,107,BKG-003555
LTX-0008394,P02176,2025-04-13 09:00:00,EARN,49,49,BKG-005248
LTX-0008395,P02176,2025-06-11 09:00:00,EARN,43,92,BKG-010661
LTX-0008396,P02176,2025-06-29 09:00:00,EARN,30,122,BKG-002739
LTX-0008397,P00715,2025-07-03 09:00:00,EARN,72,72,BKG-008505
LTX-0008398,P00715,2025-08-03 09:00:00,EARN,51,123,BKG-002740
LTX-0008399,P03187,2025-05-27 09:00:00,EARN,60,60,BKG-002742
LTX-0008400,P03561,2025-01-06 09:00:00,EARN,39,39,BKG-011603
LTX-0008401,P03561,2025-02-13 09:00:00,EARN,57,96,BKG-011124
LTX-0008402,P03561,2025-07-08 09:00:00,EARN,43,139,BKG-002743
LTX-0008403,P03561,2025-07-09 09:00:00,EARN,65,204,BKG-008337
LTX-0008404,P03561,2025-11-17 09:00:00,EARN,30,234,BKG-010724
LTX-0008405,P02572,2025-06-11 09:00:00,EARN,38,38,BKG-004460
LTX-0008406,P02572,2025-06-22 09:00:00,EARN,47,85,BKG-008476
LTX-0008407,P02572,2025-09-16 09:00:00,EARN,55,140,BKG-002744
LTX-0008408,P00429,2025-05-16 09:00:00,EARN,31,31,BKG-011189
LTX-0008409,P00429,2025-06-12 09:00:00,EARN,38,69,BKG-005813
LTX-0008410,P00429,2025-06-12 09:00:00,EARN,43,112,BKG-006343
LTX-0008411,P00429,2025-06-17 09:00:00,EARN,40,152,BKG-002745
LTX-0008412,P00429,2025-10-29 09:00:00,EARN,40,192,BKG-006118
LTX-0008413,P00429,2025-11-22 09:00:00,EARN,45,237,BKG-010473
LTX-0008414,P00841,2025-05-31 09:00:00,EARN,40,40,BKG-006046
LTX-0008415,P00841,2025-08-02 09:00:00,EARN,24,64,BKG-002747
LTX-0008416,P01685,2025-01-10 09:00:00,EARN,40,40,BKG-010459
LTX-0008417,P01685,2025-04-17 09:00:00,EARN,60,100,BKG-006779
LTX-0008418,P01685,2025-05-31 09:00:00,EARN,55,155,BKG-003359
LTX-0008419,P01685,2025-07-16 09:00:00,EARN,71,226,BKG-002750
LTX-0008420,P01685,2025-10-06 09:00:00,EARN,37,263,BKG-003710
LTX-0008421,P01685,2025-10-06 18:00:00,REDEEM,-20,243,BKG-003710
LTX-0008422,P01685,2025-12-05 09:00:00,EARN,17,260,BKG-004610
LTX-0008423,P01685,2025-12-05 18:00:00,REDEEM,-20,240,BKG-004610
LTX-0008424,P02732,2025-05-14 09:00:00,EARN,34,34,BKG-003401
LTX-0008425,P02732,2025-05-18 09:00:00,EARN,30,64,BKG-002752
LTX-0008426,P02732,2025-12-09 09:00:00,EARN,45,109,BKG-008206
LTX-0008427,P01461,2025-04-12 09:00:00,EARN,18,18,BKG-012417
LTX-0008428,P01461,2025-04-28 09:00:00,EARN,41,59,BKG-012129
LTX-0008429,P01461,2025-06-14 09:00:00,EARN,55,114,BKG-006458
LTX-0008430,P01461,2025-06-15 09:00:00,EARN,41,155,BKG-002755
LTX-0008431,P01461,2025-08-23 09:00:00,EARN,60,215,BKG-003891
LTX-0008432,P01461,2025-10-14 09:00:00,EARN,76,291,BKG-007455
LTX-0008433,P02662,2025-01-20 09:00:00,EARN,29,29,BKG-009595
LTX-0008434,P02662,2025-10-02 09:00:00,EARN,19,48,BKG-002756
LTX-0008435,P02662,2025-11-03 09:00:00,EARN,50,98,BKG-012448
LTX-0008436,P03512,2025-02-24 09:00:00,EARN,73,73,BKG-006073
LTX-0008437,P03512,2025-10-22 09:00:00,EARN,12,85,BKG-002757
LTX-0008438,P02992,2025-05-19 09:00:00,EARN,24,24,BKG-002759
LTX-0008439,P02992,2025-05-24 09:00:00,EARN,12,36,BKG-008983
LTX-0008440,P02992,2025-11-30 09:00:00,EARN,60,96,BKG-008859
LTX-0008441,P02992,2025-12-20 09:00:00,EARN,25,121,BKG-005673
LTX-0008442,P02992,2025-12-20 18:00:00,REDEEM,-20,101,BKG-005673
LTX-0008443,P02538,2025-03-19 09:00:00,EARN,18,18,BKG-006411
LTX-0008444,P02538,2025-11-15 09:00:00,EARN,78,96,BKG-002760
LTX-0008445,P03113,2024-12-23 09:00:00,EARN,40,40,BKG-004529
LTX-0008446,P03113,2025-04-12 09:00:00,EARN,36,76,BKG-011034
LTX-0008447,P03113,2025-07-12 09:00:00,EARN,54,130,BKG-003575
LTX-0008448,P03113,2025-10-05 09:00:00,EARN,44,174,BKG-009107
LTX-0008449,P03113,2025-12-01 09:00:00,EARN,30,204,BKG-002761
LTX-0008450,P01964,2025-06-14 09:00:00,EARN,72,72,BKG-005779
LTX-0008451,P01964,2025-06-20 09:00:00,EARN,66,138,BKG-008461
LTX-0008452,P01964,2025-07-07 09:00:00,EARN,17,155,BKG-006259
LTX-0008453,P01964,2025-12-14 09:00:00,EARN,104,259,BKG-002763
LTX-0008454,P01964,2025-12-19 09:00:00,EARN,26,285,BKG-004503
LTX-0008455,P01987,2025-05-21 09:00:00,EARN,100,100,BKG-003610
LTX-0008456,P01987,2025-06-29 09:00:00,EARN,51,151,BKG-004647
LTX-0008457,P01987,2025-08-16 09:00:00,EARN,19,170,BKG-010110
LTX-0008458,P01987,2025-09-17 09:00:00,EARN,54,224,BKG-007596
LTX-0008459,P01987,2025-11-11 09:00:00,EARN,80,304,BKG-006113
LTX-0008460,P01987,2025-11-25 09:00:00,EARN,38,342,BKG-002824
LTX-0008461,P01987,2025-12-07 09:00:00,EARN,50,392,BKG-002764
LTX-0008462,P01987,2025-12-07 18:00:00,REDEEM,-10,382,BKG-002764
LTX-0008463,P02595,2025-03-20 09:00:00,EARN,59,59,BKG-004264
LTX-0008464,P02595,2025-09-06 09:00:00,EARN,29,88,BKG-004334
LTX-0008465,P02595,2025-12-02 09:00:00,EARN,73,161,BKG-003770
LTX-0008466,P02595,2025-12-11 09:00:00,EARN,51,212,BKG-002765
LTX-0008467,P03910,2025-05-01 09:00:00,EARN,62,62,BKG-002766
LTX-0008468,P03910,2025-07-07 09:00:00,EARN,57,119,BKG-004465
LTX-0008469,P03324,2025-04-26 09:00:00,EARN,58,58,BKG-010561
LTX-0008470,P03324,2025-05-01 09:00:00,EARN,29,87,BKG-005275
LTX-0008471,P03324,2025-10-03 09:00:00,EARN,34,121,BKG-006631
LTX-0008472,P03324,2025-12-02 09:00:00,EARN,41,162,BKG-002769
LTX-0008473,P00933,2025-04-15 09:00:00,EARN,50,50,BKG-004353
LTX-0008474,P00933,2025-05-18 09:00:00,EARN,69,119,BKG-008807
LTX-0008475,P00933,2025-06-04 09:00:00,EARN,8,127,BKG-004894
LTX-0008476,P00933,2025-06-28 09:00:00,EARN,35,162,BKG-002770
LTX-0008477,P03380,2024-12-27 09:00:00,EARN,73,73,BKG-010852
LTX-0008478,P03380,2025-05-13 09:00:00,EARN,60,133,BKG-002773
LTX-0008479,P03380,2025-06-08 09:00:00,EARN,51,184,BKG-005389
LTX-0008480,P00913,2024-12-25 09:00:00,EARN,16,16,BKG-010175
LTX-0008481,P00913,2025-05-24 09:00:00,EARN,33,49,BKG-008466
LTX-0008482,P00913,2025-05-28 09:00:00,EARN,18,67,BKG-002775
LTX-0008483,P02748,2025-01-29 09:00:00,EARN,37,37,BKG-002776
LTX-0008484,P02748,2025-05-17 09:00:00,EARN,77,114,BKG-010878
LTX-0008485,P02748,2025-05-25 09:00:00,EARN,32,146,BKG-010727
LTX-0008486,P02748,2025-09-17 09:00:00,EARN,46,192,BKG-007578
LTX-0008487,P02748,2025-11-26 09:00:00,EARN,82,274,BKG-004415
LTX-0008488,P00816,2025-04-14 09:00:00,EARN,14,14,BKG-002778
LTX-0008489,P00816,2025-09-08 09:00:00,EARN,22,36,BKG-006464
LTX-0008490,P01570,2025-04-07 09:00:00,EARN,66,66,BKG-002779
LTX-0008491,P01570,2025-04-07 18:00:00,REDEEM,-20,46,BKG-002779
LTX-0008492,P01570,2025-07-29 09:00:00,EARN,68,114,BKG-011528
LTX-0008493,P01570,2025-07-29 18:00:00,REDEEM,-10,104,BKG-011528
LTX-0008494,P01570,2025-11-07 09:00:00,EARN,22,126,BKG-003794
LTX-0008495,P02345,2025-04-20 09:00:00,EARN,51,51,BKG-002780
LTX-0008496,P02345,2025-06-30 09:00:00,EARN,50,101,BKG-011163
LTX-0008497,P01557,2025-04-09 09:00:00,EARN,50,50,BKG-008193
LTX-0008498,P01557,2025-05-24 09:00:00,EARN,26,76,BKG-002782
LTX-0008499,P01557,2025-06-21 09:00:00,EARN,44,120,BKG-006498
LTX-0008500,P01557,2025-08-06 09:00:00,EARN,38,158,BKG-004526
LTX-0008501,P01557,2025-10-21 09:00:00,EARN,59,217,BKG-005881
LTX-0008502,P02839,2025-01-15 09:00:00,EARN,68,68,BKG-004186
LTX-0008503,P02839,2025-02-04 09:00:00,EARN,7,75,BKG-003995
LTX-0008504,P02839,2025-06-20 09:00:00,EARN,95,170,BKG-009271
LTX-0008505,P02839,2025-08-22 09:00:00,EARN,78,248,BKG-012133
LTX-0008506,P02839,2025-11-01 09:00:00,EARN,42,290,BKG-002783
LTX-0008507,P01213,2025-08-30 09:00:00,EARN,16,16,BKG-002784
LTX-0008508,P01133,2025-04-22 09:00:00,EARN,38,38,BKG-008517
LTX-0008509,P01133,2025-04-22 18:00:00,REDEEM,-30,8,BKG-008517
LTX-0008510,P01133,2025-05-30 09:00:00,EARN,53,61,BKG-002785
LTX-0008511,P01133,2025-06-06 09:00:00,EARN,43,104,BKG-007300
LTX-0008512,P01133,2025-06-20 09:00:00,EARN,27,131,BKG-011780
LTX-0008513,P01133,2025-12-21 09:00:00,EARN,63,194,BKG-005925
LTX-0008514,P03760,2025-06-15 09:00:00,EARN,60,60,BKG-002793
LTX-0008515,P03760,2025-07-02 09:00:00,EARN,34,94,BKG-008059
LTX-0008516,P03760,2025-11-10 09:00:00,EARN,17,111,BKG-005267
LTX-0008517,P03760,2025-11-10 18:00:00,REDEEM,-20,91,BKG-005267
LTX-0008518,P00968,2025-06-16 09:00:00,EARN,84,84,BKG-004711
LTX-0008519,P00968,2025-09-23 09:00:00,EARN,27,111,BKG-009903
LTX-0008520,P00968,2025-09-23 18:00:00,REDEEM,-20,91,BKG-009903
LTX-0008521,P00968,2025-12-13 09:00:00,EARN,68,159,BKG-002794
LTX-0008522,P02560,2025-05-26 09:00:00,EARN,48,48,BKG-006356
LTX-0008523,P02560,2025-08-18 09:00:00,EARN,14,62,BKG-002795
LTX-0008524,P02560,2025-09-19 09:00:00,EARN,30,92,BKG-008528
LTX-0008525,P00397,2025-11-24 09:00:00,EARN,11,11,BKG-002796
LTX-0008526,P01482,2025-05-14 09:00:00,EARN,45,45,BKG-005916
LTX-0008527,P01482,2025-05-20 09:00:00,EARN,50,95,BKG-010347
LTX-0008528,P01482,2025-09-24 09:00:00,EARN,55,150,BKG-005901
LTX-0008529,P01482,2025-10-11 09:00:00,EARN,30,180,BKG-002797
LTX-0008530,P01482,2025-12-05 09:00:00,EARN,30,210,BKG-006590
LTX-0008531,P03050,2025-03-31 09:00:00,EARN,45,45,BKG-009734
LTX-0008532,P03050,2025-05-21 09:00:00,EARN,39,84,BKG-006761
LTX-0008533,P03050,2025-06-17 09:00:00,EARN,44,128,BKG-002799
LTX-0008534,P03050,2025-06-17 18:00:00,REDEEM,-20,108,BKG-002799
LTX-0008535,P03050,2025-08-04 09:00:00,EARN,59,167,BKG-008815
LTX-0008536,P03050,2025-09-18 09:00:00,EARN,34,201,BKG-008237
LTX-0008537,P03050,2025-09-30 09:00:00,EARN,70,271,BKG-005030
LTX-0008538,P03050,2025-11-29 09:00:00,EARN,46,317,BKG-004029
LTX-0008539,P02125,2025-02-20 09:00:00,EARN,36,36,BKG-002801
LTX-0008540,P02761,2025-10-14 09:00:00,EARN,53,53,BKG-008172
LTX-0008541,P02761,2025-10-20 09:00:00,EARN,38,91,BKG-002802
LTX-0008542,P03578,2024-12-29 09:00:00,EARN,57,57,BKG-009143
LTX-0008543,P03578,2025-01-17 09:00:00,EARN,52,109,BKG-002803
LTX-0008544,P03578,2025-03-07 09:00:00,EARN,68,177,BKG-004162
LTX-0008545,P02303,2025-02-27 09:00:00,EARN,20,20,BKG-002805
LTX-0008546,P02303,2025-08-21 09:00:00,EARN,56,76,BKG-006089
LTX-0008547,P03428,2025-02-06 09:00:00,EARN,41,41,BKG-006392
LTX-0008548,P03428,2025-06-17 09:00:00,EARN,29,70,BKG-002806
LTX-0008549,P03428,2025-12-13 09:00:00,EARN,43,113,BKG-010753
LTX-0008550,P02002,2025-01-13 09:00:00,EARN,44,44,BKG-007117
LTX-0008551,P02002,2025-01-16 09:00:00,EARN,44,88,BKG-004367
LTX-0008552,P02002,2025-02-26 09:00:00,EARN,50,138,BKG-009577
LTX-0008553,P02002,2025-04-05 09:00:00,EARN,64,202,BKG-010197
LTX-0008554,P02002,2025-07-09 09:00:00,EARN,70,272,BKG-003592
LTX-0008555,P02002,2025-12-06 09:00:00,EARN,29,301,BKG-002807
LTX-0008556,P02207,2025-09-19 09:00:00,EARN,31,31,BKG-002809
LTX-0008557,P00986,2025-04-25 09:00:00,EARN,33,33,BKG-009206
LTX-0008558,P00986,2025-06-20 09:00:00,EARN,47,80,BKG-008753
LTX-0008559,P00986,2025-06-20 18:00:00,REDEEM,-30,50,BKG-008753
LTX-0008560,P00986,2025-12-05 09:00:00,EARN,18,68,BKG-002811
LTX-0008561,P02963,2025-01-25 09:00:00,EARN,15,15,BKG-011630
LTX-0008562,P02963,2025-05-11 09:00:00,EARN,52,67,BKG-003655
LTX-0008563,P02963,2025-11-22 09:00:00,EARN,106,173,BKG-002818
LTX-0008564,P02963,2025-11-22 18:00:00,REDEEM,-20,153,BKG-002818
LTX-0008565,P01069,2025-03-21 09:00:00,EARN,34,34,BKG-002820
LTX-0008566,P01069,2025-06-01 09:00:00,EARN,56,90,BKG-007950
LTX-0008567,P01069,2025-08-26 09:00:00,EARN,47,137,BKG-011126
LTX-0008568,P01069,2025-11-26 09:00:00,EARN,34,171,BKG-012242
LTX-0008569,P02895,2025-07-02 09:00:00,EARN,35,35,BKG-005309
LTX-0008570,P02895,2025-07-04 09:00:00,EARN,48,83,BKG-002821
LTX-0008571,P02895,2025-07-04 18:00:00,REDEEM,-20,63,BKG-002821
LTX-0008572,P02895,2025-07-09 09:00:00,EARN,100,163,BKG-008998
LTX-0008573,P02427,2025-04-06 09:00:00,EARN,52,52,BKG-003632
LTX-0008574,P02427,2025-04-08 09:00:00,EARN,41,93,BKG-007069
LTX-0008575,P02427,2025-04-08 18:00:00,REDEEM,-30,63,BKG-007069
LTX-0008576,P02427,2025-06-07 09:00:00,EARN,81,144,BKG-009973
LTX-0008577,P02427,2025-12-05 09:00:00,EARN,46,190,BKG-002823
LTX-0008578,P03536,2025-04-26 09:00:00,EARN,15,15,BKG-011472
LTX-0008579,P03536,2025-06-05 09:00:00,EARN,44,59,BKG-007668
LTX-0008580,P03536,2025-08-31 09:00:00,EARN,24,83,BKG-002825
LTX-0008581,P03536,2025-12-09 09:00:00,EARN,58,141,BKG-011421
LTX-0008582,P01456,2025-05-07 09:00:00,EARN,29,29,BKG-007386
LTX-0008583,P01456,2025-05-07 09:00:00,EARN,61,90,BKG-008576
LTX-0008584,P01456,2025-05-24 09:00:00,EARN,25,115,BKG-002826
LTX-0008585,P01456,2025-07-05 09:00:00,EARN,50,165,BKG-009582
LTX-0008586,P01456,2025-07-15 09:00:00,EARN,32,197,BKG-011575
LTX-0008587,P03056,2025-05-30 09:00:00,EARN,67,67,BKG-006158
LTX-0008588,P03056,2025-06-05 09:00:00,EARN,44,111,BKG-007972
LTX-0008589,P03056,2025-07-17 09:00:00,EARN,49,160,BKG-011384
LTX-0008590,P03056,2025-07-17 18:00:00,REDEEM,-20,140,BKG-011384
LTX-0008591,P03056,2025-08-05 09:00:00,EARN,52,192,BKG-002830
LTX-0008592,P01325,2025-01-18 09:00:00,EARN,33,33,BKG-002909
LTX-0008593,P01325,2025-02-26 09:00:00,EARN,39,72,BKG-007330
LTX-0008594,P01325,2025-02-26 18:00:00,REDEEM,-20,52,BKG-007330
LTX-0008595,P01325,2025-03-29 09:00:00,EARN,70,122,BKG-002831
LTX-0008596,P01325,2025-05-08 09:00:00,EARN,31,153,BKG-006602
LTX-0008597,P02282,2025-01-25 09:00:00,EARN,62,62,BKG-009461
LTX-0008598,P02282,2025-09-01 09:00:00,EARN,22,84,BKG-002833
LTX-0008599,P00751,2024-12-30 09:00:00,EARN,51,51,BKG-005363
LTX-0008600,P00751,2025-06-19 09:00:00,EARN,71,122,BKG-002834
LTX-0008601,P03346,2025-01-09 09:00:00,EARN,16,16,BKG-003489
LTX-0008602,P03346,2025-04-07 09:00:00,EARN,13,29,BKG-005436
LTX-0008603,P03346,2025-05-24 09:00:00,EARN,17,46,BKG-004884
LTX-0008604,P03346,2025-06-04 09:00:00,EARN,22,68,BKG-010244
LTX-0008605,P03346,2025-07-02 09:00:00,EARN,64,132,BKG-002835
LTX-0008606,P03346,2025-10-07 09:00:00,EARN,14,146,BKG-009115
LTX-0008607,P03346,2025-12-13 09:00:00,EARN,50,196,BKG-007058
LTX-0008608,P00373,2025-05-27 09:00:00,EARN,43,43,BKG-006410
LTX-0008609,P00373,2025-11-23 09:00:00,EARN,56,99,BKG-002837
LTX-0008610,P01234,2025-02-06 09:00:00,EARN,10,10,BKG-007958
LTX-0008611,P01234,2025-04-21 09:00:00,EARN,64,74,BKG-011491
LTX-0008612,P01234,2025-06-17 09:00:00,EARN,30,104,BKG-012495
LTX-0008613,P01234,2025-06-29 09:00:00,EARN,23,127,BKG-002839
LTX-0008614,P01530,2025-02-06 09:00:00,EARN,25,25,BKG-003789
LTX-0008615,P01530,2025-02-06 18:00:00,REDEEM,-20,5,BKG-003789
LTX-0008616,P01530,2025-06-27 09:00:00,EARN,53,58,BKG-002840
LTX-0008617,P01530,2025-07-14 09:00:00,EARN,46,104,BKG-004449
LTX-0008618,P02026,2025-05-14 09:00:00,EARN,20,20,BKG-002841
LTX-0008619,P02026,2025-05-14 18:00:00,REDEEM,-20,0,BKG-002841
LTX-0008620,P02026,2025-07-03 09:00:00,EARN,20,20,BKG-010648
LTX-0008621,P02026,2025-08-14 09:00:00,EARN,19,39,BKG-005727
LTX-0008622,P01733,2025-02-17 09:00:00,EARN,49,49,BKG-002843
LTX-0008623,P01733,2025-02-22 09:00:00,EARN,51,100,BKG-006242
LTX-0008624,P01733,2025-04-06 09:00:00,EARN,26,126,BKG-004768
LTX-0008625,P01733,2025-05-27 09:00:00,EARN,21,147,BKG-002993
LTX-0008626,P01733,2025-07-03 09:00:00,EARN,41,188,BKG-010315
LTX-0008627,P01733,2025-08-06 09:00:00,EARN,78,266,BKG-005682
LTX-0008628,P00375,2025-02-15 09:00:00,EARN,46,46,BKG-002906
LTX-0008629,P00375,2025-05-28 09:00:00,EARN,13,59,BKG-002844
LTX-0008630,P00375,2025-06-24 09:00:00,EARN,42,101,BKG-006499
LTX-0008631,P03907,2025-05-29 09:00:00,EARN,42,42,BKG-010523
LTX-0008632,P03907,2025-06-02 09:00:00,EARN,38,80,BKG-005135
LTX-0008633,P03907,2025-06-23 09:00:00,EARN,45,125,BKG-002845
LTX-0008634,P03216,2025-06-27 09:00:00,EARN,54,54,BKG-011212
LTX-0008635,P03216,2025-06-28 09:00:00,EARN,53,107,BKG-002846
LTX-0008636,P03216,2025-12-14 09:00:00,EARN,42,149,BKG-005644
LTX-0008637,P02137,2025-05-15 09:00:00,EARN,25,25,BKG-005272
LTX-0008638,P02137,2025-11-15 09:00:00,EARN,79,104,BKG-002853
LTX-0008639,P02137,2025-11-27 09:00:00,EARN,61,165,BKG-011165
LTX-0008640,P01014,2025-03-02 09:00:00,EARN,27,27,BKG-002854
LTX-0008641,P01014,2025-09-08 09:00:00,EARN,37,64,BKG-012222
LTX-0008642,P01337,2025-03-28 09:00:00,EARN,69,69,BKG-008809
LTX-0008643,P01337,2025-09-06 09:00:00,EARN,19,88,BKG-003416
LTX-0008644,P01337,2025-11-24 09:00:00,EARN,74,162,BKG-002858
LTX-0008645,P01337,2025-11-24 18:00:00,REDEEM,-20,142,BKG-002858
LTX-0008646,P00909,2025-02-09 09:00:00,EARN,47,47,BKG-002860
LTX-0008647,P00909,2025-02-09 18:00:00,REDEEM,-20,27,BKG-002860
LTX-0008648,P00909,2025-05-18 09:00:00,EARN,56,83,BKG-008662
LTX-0008649,P00909,2025-06-02 09:00:00,EARN,54,137,BKG-004748
LTX-0008650,P00909,2025-12-13 09:00:00,EARN,85,222,BKG-008938
LTX-0008651,P03436,2025-04-25 09:00:00,EARN,60,60,BKG-002862
LTX-0008652,P03436,2025-05-06 09:00:00,EARN,55,115,BKG-003364
LTX-0008653,P03436,2025-06-05 09:00:00,EARN,53,168,BKG-008996
LTX-0008654,P03436,2025-06-19 09:00:00,EARN,67,235,BKG-006894
LTX-0008655,P03436,2025-06-23 09:00:00,EARN,44,279,BKG-006106
LTX-0008656,P03436,2025-07-04 09:00:00,EARN,122,401,BKG-009791
LTX-0008657,P03436,2025-09-03 09:00:00,EARN,8,409,BKG-003511
LTX-0008658,P03436,2025-09-03 18:00:00,REDEEM,-20,389,BKG-003511
LTX-0008659,P02665,2024-12-30 09:00:00,EARN,55,55,BKG-004651
LTX-0008660,P02665,2025-04-18 09:00:00,EARN,24,79,BKG-002863
LTX-0008661,P02665,2025-05-14 09:00:00,EARN,24,103,BKG-008676
LTX-0008662,P02105,2025-05-29 09:00:00,EARN,54,54,BKG-010979
LTX-0008663,P02105,2025-06-22 09:00:00,EARN,10,64,BKG-002867
LTX-0008664,P02105,2025-10-03 09:00:00,EARN,45,109,BKG-006507
LTX-0008665,P01829,2025-03-17 09:00:00,EARN,55,55,BKG-003616
LTX-0008666,P01829,2025-07-05 09:00:00,EARN,45,100,BKG-002869
LTX-0008667,P03463,2025-04-25 09:00:00,EARN,47,47,BKG-010195
LTX-0008668,P03463,2025-04-25 18:00:00,REDEEM,-20,27,BKG-010195
LTX-0008669,P03463,2025-04-30 09:00:00,EARN,40,67,BKG-002873
LTX-0008670,P03463,2025-07-02 09:00:00,EARN,11,78,BKG-010636
LTX-0008671,P00502,2024-12-25 09:00:00,EARN,10,10,BKG-009437
LTX-0008672,P00502,2025-01-17 09:00:00,EARN,24,34,BKG-003280
LTX-0008673,P00502,2025-04-22 09:00:00,EARN,40,74,BKG-002874
LTX-0008674,P00502,2025-06-21 09:00:00,EARN,76,150,BKG-008547
LTX-0008675,P00502,2025-11-01 09:00:00,EARN,47,197,BKG-003198
LTX-0008676,P00502,2025-11-30 09:00:00,EARN,48,245,BKG-007287
LTX-0008677,P03891,2025-01-25 09:00:00,EARN,29,29,BKG-002880
LTX-0008678,P03891,2025-03-23 09:00:00,EARN,32,61,BKG-010681
LTX-0008679,P03891,2025-11-17 09:00:00,EARN,51,112,BKG-003682
LTX-0008680,P02901,2025-06-02 09:00:00,EARN,21,21,BKG-002881
LTX-0008681,P02901,2025-08-30 09:00:00,EARN,24,45,BKG-006529
LTX-0008682,P01447,2025-02-16 09:00:00,EARN,29,29,BKG-007055
LTX-0008683,P01447,2025-06-11 09:00:00,EARN,41,70,BKG-005454
LTX-0008684,P01447,2025-06-12 09:00:00,EARN,10,80,BKG-005760
LTX-0008685,P01447,2025-08-29 09:00:00,EARN,55,135,BKG-008501
LTX-0008686,P01447,2025-11-23 09:00:00,EARN,39,174,BKG-002882
LTX-0008687,P02801,2025-01-23 09:00:00,EARN,55,55,BKG-004729
LTX-0008688,P02801,2025-02-26 09:00:00,EARN,52,107,BKG-004671
LTX-0008689,P02801,2025-08-12 09:00:00,EARN,30,137,BKG-002883
LTX-0008690,P02801,2025-11-23 09:00:00,EARN,44,181,BKG-002910
LTX-0008691,P03648,2025-02-12 09:00:00,EARN,48,48,BKG-006190
LTX-0008692,P03648,2025-02-12 18:00:00,REDEEM,-30,18,BKG-006190
LTX-0008693,P03648,2025-07-11 09:00:00,EARN,112,130,BKG-002884
LTX-0008694,P03648,2025-11-09 09:00:00,EARN,48,178,BKG-004689
LTX-0008695,P03648,2025-11-09 18:00:00,REDEEM,-10,168,BKG-004689
LTX-0008696,P03648,2025-12-15 09:00:00,EARN,20,188,BKG-011388
LTX-0008697,P03648,2025-12-15 18:00:00,REDEEM,-10,178,BKG-011388
LTX-0008698,P02199,2025-01-16 09:00:00,EARN,22,22,BKG-002886
LTX-0008699,P02199,2025-04-02 09:00:00,EARN,17,39,BKG-003172
LTX-0008700,P01184,2025-02-24 09:00:00,EARN,22,22,BKG-004619
LTX-0008701,P01184,2025-06-20 09:00:00,EARN,41,63,BKG-002887
LTX-0008702,P01184,2025-07-08 09:00:00,EARN,68,131,BKG-005565
LTX-0008703,P01184,2025-08-29 09:00:00,EARN,56,187,BKG-011143
LTX-0008704,P01184,2025-08-29 18:00:00,REDEEM,-10,177,BKG-011143
LTX-0008705,P01184,2025-09-12 09:00:00,EARN,46,223,BKG-004437
LTX-0008706,P01518,2025-07-13 09:00:00,EARN,57,57,BKG-006902
LTX-0008707,P01518,2025-11-19 09:00:00,EARN,39,96,BKG-002888
LTX-0008708,P00106,2025-04-14 09:00:00,EARN,49,49,BKG-002890
LTX-0008709,P00106,2025-04-14 18:00:00,REDEEM,-20,29,BKG-002890
LTX-0008710,P00187,2024-12-09 09:00:00,EARN,29,29,BKG-005122
LTX-0008711,P00187,2025-03-24 09:00:00,EARN,62,91,BKG-002894
LTX-0008712,P00187,2025-05-19 09:00:00,EARN,33,124,BKG-012340
LTX-0008713,P00187,2025-06-19 09:00:00,EARN,23,147,BKG-011775
LTX-0008714,P00187,2025-09-24 09:00:00,EARN,46,193,BKG-004154
LTX-0008715,P02222,2025-03-11 09:00:00,EARN,76,76,BKG-010376
LTX-0008716,P02222,2025-03-11 18:00:00,REDEEM,-20,56,BKG-010376
LTX-0008717,P02222,2025-06-28 09:00:00,EARN,39,95,BKG-008017
LTX-0008718,P02222,2025-07-12 09:00:00,EARN,45,140,BKG-007314
LTX-0008719,P02222,2025-09-22 09:00:00,EARN,36,176,BKG-002896
LTX-0008720,P03513,2025-01-30 09:00:00,EARN,77,77,BKG-007458
LTX-0008721,P03513,2025-07-07 09:00:00,EARN,21,98,BKG-002899
LTX-0008722,P03513,2025-07-17 09:00:00,EARN,21,119,BKG-004900
LTX-0008723,P01170,2025-05-24 09:00:00,EARN,47,47,BKG-002900
LTX-0008724,P01170,2025-10-11 09:00:00,EARN,71,118,BKG-004793
LTX-0008725,P01170,2025-11-28 09:00:00,EARN,20,138,BKG-010711
LTX-0008726,P00953,2025-07-28 09:00:00,EARN,60,60,BKG-003336
LTX-0008727,P00953,2025-10-17 09:00:00,EARN,69,129,BKG-002902
LTX-0008728,P00953,2025-12-05 09:00:00,EARN,18,147,BKG-003374
LTX-0008729,P02826,2025-02-02 09:00:00,EARN,27,27,BKG-005347
LTX-0008730,P02826,2025-02-07 09:00:00,EARN,70,97,BKG-004697
LTX-0008731,P02826,2025-03-24 09:00:00,EARN,26,123,BKG-005064
LTX-0008732,P02826,2025-05-24 09:00:00,EARN,84,207,BKG-009836
LTX-0008733,P02826,2025-05-31 09:00:00,EARN,18,225,BKG-008334
LTX-0008734,P02826,2025-06-22 09:00:00,EARN,63,288,BKG-004296
LTX-0008735,P02826,2025-09-03 09:00:00,EARN,63,351,BKG-002904
LTX-0008736,P02826,2025-12-01 09:00:00,EARN,21,372,BKG-010396
LTX-0008737,P00215,2025-04-28 09:00:00,EARN,37,37,BKG-007017
LTX-0008738,P00215,2025-06-14 09:00:00,EARN,54,91,BKG-009393
LTX-0008739,P00215,2025-07-28 09:00:00,EARN,22,113,BKG-008076
LTX-0008740,P00215,2025-07-28 09:00:00,EARN,57,170,BKG-012205
LTX-0008741,P00215,2025-07-28 18:00:00,REDEEM,-20,150,BKG-012205
LTX-0008742,P00215,2025-11-09 09:00:00,EARN,73,223,BKG-002907
LTX-0008743,P00215,2025-11-22 09:00:00,EARN,20,243,BKG-006307
LTX-0008744,P00966,2024-12-29 09:00:00,EARN,14,14,BKG-008681
LTX-0008745,P00966,2025-05-17 09:00:00,EARN,32,46,BKG-011128
LTX-0008746,P00966,2025-05-19 09:00:00,EARN,20,66,BKG-004854
LTX-0008747,P00966,2025-11-19 09:00:00,EARN,26,92,BKG-002911
LTX-0008748,P02164,2025-06-15 09:00:00,EARN,11,11,BKG-009097
LTX-0008749,P02164,2025-08-26 09:00:00,EARN,36,47,BKG-002913
LTX-0008750,P02164,2025-12-11 09:00:00,EARN,68,115,BKG-006949
LTX-0008751,P02588,2025-04-18 09:00:00,EARN,6,6,BKG-006185
LTX-0008752,P02588,2025-05-22 09:00:00,EARN,71,77,BKG-008677
LTX-0008753,P02588,2025-05-29 09:00:00,EARN,22,99,BKG-002915
LTX-0008754,P02588,2025-05-29 18:00:00,REDEEM,-20,79,BKG-002915
LTX-0008755,P02588,2025-06-03 09:00:00,EARN,41,120,BKG-011882
LTX-0008756,P02588,2025-06-24 09:00:00,EARN,34,154,BKG-010601
LTX-0008757,P02971,2024-12-29 09:00:00,EARN,74,74,BKG-007649
LTX-0008758,P02971,2025-06-07 09:00:00,EARN,60,134,BKG-002917
LTX-0008759,P02971,2025-06-13 09:00:00,EARN,17,151,BKG-006092
LTX-0008760,P02971,2025-07-29 09:00:00,EARN,60,211,BKG-011547
LTX-0008761,P02971,2025-09-03 09:00:00,EARN,20,231,BKG-008504
LTX-0008762,P02971,2025-09-11 09:00:00,EARN,31,262,BKG-010219
LTX-0008763,P02971,2025-11-01 09:00:00,EARN,15,277,BKG-008113
LTX-0008764,P02971,2025-11-24 09:00:00,EARN,54,331,BKG-008264
LTX-0008765,P03087,2025-03-14 09:00:00,EARN,52,52,BKG-008637
LTX-0008766,P03087,2025-06-14 09:00:00,EARN,47,99,BKG-002922
LTX-0008767,P03087,2025-11-08 09:00:00,EARN,49,148,BKG-006441
LTX-0008768,P03696,2025-03-16 09:00:00,EARN,18,18,BKG-003235
LTX-0008769,P03696,2025-05-11 09:00:00,EARN,60,78,BKG-005353
LTX-0008770,P03696,2025-06-20 09:00:00,EARN,100,178,BKG-008820
LTX-0008771,P03696,2025-10-23 09:00:00,EARN,36,214,BKG-002923
LTX-0008772,P03696,2025-12-07 09:00:00,EARN,56,270,BKG-010725
LTX-0008773,P02593,2025-03-30 09:00:00,EARN,41,41,BKG-011785
LTX-0008774,P02593,2025-05-03 09:00:00,EARN,24,65,BKG-008321
LTX-0008775,P02593,2025-06-26 09:00:00,EARN,79,144,BKG-002924
LTX-0008776,P03601,2025-08-15 09:00:00,EARN,6,6,BKG-002925
LTX-0008777,P03601,2025-10-10 09:00:00,EARN,63,69,BKG-003836
LTX-0008778,P03335,2025-05-25 09:00:00,EARN,20,20,BKG-008023
LTX-0008779,P03335,2025-05-25 09:00:00,EARN,58,78,BKG-008871
LTX-0008780,P03335,2025-05-25 18:00:00,REDEEM,-10,68,BKG-008023
LTX-0008781,P03335,2025-07-21 09:00:00,EARN,63,131,BKG-002927
LTX-0008782,P03408,2025-03-23 09:00:00,EARN,12,12,BKG-003501
LTX-0008783,P03408,2025-05-15 09:00:00,EARN,87,99,BKG-002928
LTX-0008784,P03408,2025-05-15 18:00:00,REDEEM,-20,79,BKG-002928
LTX-0008785,P01378,2025-06-25 09:00:00,EARN,68,68,BKG-002929
LTX-0008786,P01378,2025-10-26 09:00:00,EARN,62,130,BKG-004336
LTX-0008787,P02237,2025-05-25 09:00:00,EARN,51,51,BKG-011870
LTX-0008788,P02237,2025-07-01 09:00:00,EARN,69,120,BKG-002931
LTX-0008789,P00467,2025-09-13 09:00:00,EARN,52,52,BKG-002933
LTX-0008790,P00467,2025-09-13 18:00:00,REDEEM,-30,22,BKG-002933
LTX-0008791,P01141,2025-06-13 09:00:00,EARN,45,45,BKG-002935
LTX-0008792,P01141,2025-06-13 18:00:00,REDEEM,-20,25,BKG-002935
LTX-0008793,P00007,2025-01-14 09:00:00,EARN,36,36,BKG-002936
LTX-0008794,P00007,2025-02-04 09:00:00,EARN,29,65,BKG-010193
LTX-0008795,P00007,2025-11-22 09:00:00,EARN,76,141,BKG-003611
LTX-0008796,P00007,2025-12-18 09:00:00,EARN,39,180,BKG-012159
LTX-0008797,P03197,2025-06-06 09:00:00,EARN,69,69,BKG-005123
LTX-0008798,P03197,2025-06-14 09:00:00,EARN,87,156,BKG-009384
LTX-0008799,P03197,2025-06-21 09:00:00,EARN,56,212,BKG-011320
LTX-0008800,P03197,2025-06-26 09:00:00,EARN,38,250,BKG-002939
LTX-0008801,P03197,2025-09-20 09:00:00,EARN,43,293,BKG-010704
LTX-0008802,P02717,2025-07-19 09:00:00,EARN,48,48,BKG-002940
LTX-0008803,P02823,2025-04-22 09:00:00,EARN,7,7,BKG-005302
LTX-0008804,P02823,2025-12-04 09:00:00,EARN,35,42,BKG-002942
LTX-0008805,P03568,2025-07-13 09:00:00,EARN,28,28,BKG-002944
LTX-0008806,P03273,2024-12-27 09:00:00,EARN,26,26,BKG-003148
LTX-0008807,P03273,2025-01-18 09:00:00,EARN,11,37,BKG-002945
LTX-0008808,P03273,2025-03-26 09:00:00,EARN,42,79,BKG-003378
LTX-0008809,P03273,2025-03-26 18:00:00,REDEEM,-20,59,BKG-003378
LTX-0008810,P00471,2025-07-10 09:00:00,EARN,22,22,BKG-002947
LTX-0008811,P00471,2025-07-16 09:00:00,EARN,68,90,BKG-005442
LTX-0008812,P01104,2025-03-11 09:00:00,EARN,29,29,BKG-004722
LTX-0008813,P01104,2025-05-19 09:00:00,EARN,84,113,BKG-010912
LTX-0008814,P01104,2025-09-20 09:00:00,EARN,37,150,BKG-006971
LTX-0008815,P01104,2025-09-28 09:00:00,EARN,45,195,BKG-004452
LTX-0008816,P01104,2025-12-11 09:00:00,EARN,55,250,BKG-002949
LTX-0008817,P00230,2025-02-13 09:00:00,EARN,36,36,BKG-010377
LTX-0008818,P00230,2025-02-13 18:00:00,REDEEM,-10,26,BKG-010377
LTX-0008819,P00230,2025-09-01 09:00:00,EARN,36,62,BKG-011604
LTX-0008820,P00230,2025-11-16 09:00:00,EARN,30,92,BKG-002950
LTX-0008821,P01326,2025-07-03 09:00:00,EARN,44,44,BKG-009901
LTX-0008822,P01326,2025-08-04 09:00:00,EARN,29,73,BKG-002953
LTX-0008823,P01326,2025-11-27 09:00:00,EARN,81,154,BKG-012206
LTX-0008824,P01326,2025-12-15 09:00:00,EARN,72,226,BKG-004565
LTX-0008825,P03421,2025-02-09 09:00:00,EARN,39,39,BKG-003569
LTX-0008826,P03421,2025-07-04 09:00:00,EARN,61,100,BKG-006778
LTX-0008827,P03421,2025-08-25 09:00:00,EARN,53,153,BKG-003363
LTX-0008828,P03421,2025-11-22 09:00:00,EARN,53,206,BKG-002955
LTX-0008829,P03421,2025-12-14 09:00:00,EARN,43,249,BKG-008096
LTX-0008830,P00458,2025-01-17 09:00:00,EARN,31,31,BKG-009694
LTX-0008831,P00458,2025-01-17 18:00:00,REDEEM,-10,21,BKG-009694
LTX-0008832,P00458,2025-05-25 09:00:00,EARN,43,64,BKG-005550
LTX-0008833,P00458,2025-06-02 09:00:00,EARN,36,100,BKG-007051
LTX-0008834,P00458,2025-08-15 09:00:00,EARN,32,132,BKG-002957
LTX-0008835,P01527,2025-04-30 09:00:00,EARN,67,67,BKG-006301
LTX-0008836,P01527,2025-07-04 09:00:00,EARN,24,91,BKG-002961
LTX-0008837,P01286,2025-04-17 09:00:00,EARN,57,57,BKG-006823
LTX-0008838,P01286,2025-09-10 09:00:00,EARN,38,95,BKG-006515
LTX-0008839,P01286,2025-10-23 09:00:00,EARN,16,111,BKG-002962
LTX-0008840,P01286,2025-11-16 09:00:00,EARN,52,163,BKG-003599
LTX-0008841,P02400,2025-02-17 09:00:00,EARN,28,28,BKG-002964
LTX-0008842,P02400,2025-05-05 09:00:00,EARN,28,56,BKG-006197
LTX-0008843,P02400,2025-11-22 09:00:00,EARN,37,93,BKG-004074
LTX-0008844,P01271,2025-03-04 09:00:00,EARN,29,29,BKG-009169
LTX-0008845,P01271,2025-05-02 09:00:00,EARN,28,57,BKG-011085
LTX-0008846,P01271,2025-06-13 09:00:00,EARN,28,85,BKG-002967
LTX-0008847,P01271,2025-06-30 09:00:00,EARN,50,135,BKG-009202
LTX-0008848,P01271,2025-08-29 09:00:00,EARN,27,162,BKG-007281
LTX-0008849,P01271,2025-12-02 09:00:00,EARN,39,201,BKG-011818
LTX-0008850,P01271,2025-12-06 09:00:00,EARN,36,237,BKG-005082
LTX-0008851,P03038,2025-01-26 09:00:00,EARN,28,28,BKG-007523
LTX-0008852,P03038,2025-06-03 09:00:00,EARN,62,90,BKG-004066
LTX-0008853,P03038,2025-06-06 09:00:00,EARN,22,112,BKG-004831
LTX-0008854,P03038,2025-06-21 09:00:00,EARN,30,142,BKG-004522
LTX-0008855,P03038,2025-06-27 09:00:00,EARN,50,192,BKG-002968
LTX-0008856,P03038,2025-06-27 18:00:00,REDEEM,-10,182,BKG-002968
LTX-0008857,P03038,2025-12-17 09:00:00,EARN,22,204,BKG-009290
LTX-0008858,P03038,2025-12-17 18:00:00,REDEEM,-30,174,BKG-009290
LTX-0008859,P03777,2025-03-04 09:00:00,EARN,23,23,BKG-007025
LTX-0008860,P03777,2025-05-23 09:00:00,EARN,9,32,BKG-002970
LTX-0008861,P03777,2025-05-23 18:00:00,REDEEM,-10,22,BKG-002970
LTX-0008862,P03777,2025-10-30 09:00:00,EARN,56,78,BKG-012466
LTX-0008863,P00436,2025-05-29 09:00:00,EARN,60,60,BKG-002971
LTX-0008864,P00436,2025-06-08 09:00:00,EARN,70,130,BKG-011615
LTX-0008865,P00436,2025-12-01 09:00:00,EARN,58,188,BKG-006748
LTX-0008866,P03871,2025-06-01 09:00:00,EARN,41,41,BKG-002972
LTX-0008867,P00979,2025-09-07 09:00:00,EARN,47,47,BKG-002975
LTX-0008868,P00577,2025-03-23 09:00:00,EARN,17,17,BKG-002979
LTX-0008869,P00577,2025-04-09 09:00:00,EARN,10,27,BKG-012029
LTX-0008870,P00577,2025-04-09 18:00:00,REDEEM,-20,7,BKG-012029
LTX-0008871,P00577,2025-06-28 09:00:00,EARN,32,39,BKG-003263
LTX-0008872,P03674,2024-12-31 09:00:00,EARN,72,72,BKG-004795
LTX-0008873,P03674,2025-04-14 09:00:00,EARN,34,106,BKG-004466
LTX-0008874,P03674,2025-04-14 18:00:00,REDEEM,-30,76,BKG-004466
LTX-0008875,P03674,2025-10-28 09:00:00,EARN,66,142,BKG-003648
LTX-0008876,P03674,2025-12-06 09:00:00,EARN,86,228,BKG-002982
LTX-0008877,P01566,2025-05-05 09:00:00,EARN,49,49,BKG-002984
LTX-0008878,P01566,2025-11-30 09:00:00,EARN,66,115,BKG-005419
LTX-0008879,P03748,2025-05-09 09:00:00,EARN,48,48,BKG-002990
LTX-0008880,P03748,2025-11-26 09:00:00,EARN,30,78,BKG-008912
LTX-0008881,P02920,2025-04-03 09:00:00,EARN,40,40,BKG-007402
LTX-0008882,P02920,2025-05-17 09:00:00,EARN,96,136,BKG-002992
LTX-0008883,P02920,2025-05-17 18:00:00,REDEEM,-20,116,BKG-002992
LTX-0008884,P02920,2025-06-09 09:00:00,EARN,41,157,BKG-012279
LTX-0008885,P01712,2025-02-24 09:00:00,EARN,24,24,BKG-003546
LTX-0008886,P01712,2025-08-02 09:00:00,EARN,25,49,BKG-004638
LTX-0008887,P01712,2025-09-22 09:00:00,EARN,50,99,BKG-002996
LTX-0008888,P01281,2025-04-08 09:00:00,EARN,10,10,BKG-003001
LTX-0008889,P01281,2025-06-13 09:00:00,EARN,71,81,BKG-006544
LTX-0008890,P01281,2025-11-24 09:00:00,EARN,30,111,BKG-012255
LTX-0008891,P00705,2025-02-15 09:00:00,EARN,50,50,BKG-003003
LTX-0008892,P00705,2025-06-02 09:00:00,EARN,55,105,BKG-009120
LTX-0008893,P00705,2025-07-02 09:00:00,EARN,82,187,BKG-005626
LTX-0008894,P00705,2025-11-27 09:00:00,EARN,38,225,BKG-009889
LTX-0008895,P00227,2025-03-10 09:00:00,EARN,36,36,BKG-003005
LTX-0008896,P00227,2025-05-19 09:00:00,EARN,29,65,BKG-006040
LTX-0008897,P00227,2025-06-20 09:00:00,EARN,33,98,BKG-003010
LTX-0008898,P00227,2025-06-27 09:00:00,EARN,60,158,BKG-012357
LTX-0008899,P00227,2025-08-01 09:00:00,EARN,41,199,BKG-007301
LTX-0008900,P03863,2025-04-07 09:00:00,EARN,32,32,BKG-003007
LTX-0008901,P03863,2025-04-07 18:00:00,REDEEM,-10,22,BKG-003007
LTX-0008902,P03863,2025-04-25 09:00:00,EARN,21,43,BKG-010804
LTX-0008903,P03863,2025-09-20 09:00:00,EARN,54,97,BKG-010252
LTX-0008904,P03863,2025-11-29 09:00:00,EARN,112,209,BKG-007892
LTX-0008905,P02984,2025-01-28 09:00:00,EARN,64,64,BKG-008639
LTX-0008906,P02984,2025-02-07 09:00:00,EARN,29,93,BKG-005923
LTX-0008907,P02984,2025-06-05 09:00:00,EARN,60,153,BKG-010280
LTX-0008908,P02984,2025-11-23 09:00:00,EARN,60,213,BKG-003008
LTX-0008909,P02757,2025-06-15 09:00:00,EARN,54,54,BKG-003009
LTX-0008910,P02757,2025-07-18 09:00:00,EARN,26,80,BKG-004537
LTX-0008911,P02757,2025-08-14 09:00:00,EARN,31,111,BKG-008881
LTX-0008912,P03948,2025-03-22 09:00:00,EARN,68,68,BKG-007674
LTX-0008913,P03948,2025-04-28 09:00:00,EARN,41,109,BKG-008814
LTX-0008914,P03948,2025-04-28 18:00:00,REDEEM,-20,89,BKG-008814
LTX-0008915,P03948,2025-06-18 09:00:00,EARN,72,161,BKG-011520
LTX-0008916,P03948,2025-06-25 09:00:00,EARN,22,183,BKG-010404
LTX-0008917,P03948,2025-07-01 09:00:00,EARN,20,203,BKG-007156
LTX-0008918,P03948,2025-07-13 09:00:00,EARN,66,269,BKG-003021
LTX-0008919,P03948,2025-09-15 09:00:00,EARN,46,315,BKG-005596
LTX-0008920,P01856,2025-01-02 09:00:00,EARN,38,38,BKG-005313
LTX-0008921,P01856,2025-01-16 09:00:00,EARN,19,57,BKG-006712
LTX-0008922,P01856,2025-02-03 09:00:00,EARN,29,86,BKG-003023
LTX-0008923,P01856,2025-09-12 09:00:00,EARN,22,108,BKG-011048
LTX-0008924,P03266,2025-01-26 09:00:00,EARN,19,19,BKG-008302
LTX-0008925,P03266,2025-02-14 09:00:00,EARN,40,59,BKG-003026
LTX-0008926,P03266,2025-06-20 09:00:00,EARN,22,81,BKG-010558
LTX-0008927,P02550,2025-02-12 09:00:00,EARN,27,27,BKG-008825
LTX-0008928,P02550,2025-06-10 09:00:00,EARN,50,77,BKG-003933
LTX-0008929,P02550,2025-07-15 09:00:00,EARN,59,136,BKG-003027
LTX-0008930,P02550,2025-11-25 09:00:00,EARN,12,148,BKG-007210
LTX-0008931,P01117,2024-12-12 09:00:00,EARN,31,31,BKG-004514
LTX-0008932,P01117,2025-02-04 09:00:00,EARN,51,82,BKG-003031
LTX-0008933,P01117,2025-06-20 09:00:00,EARN,31,113,BKG-010085
LTX-0008934,P01117,2025-11-26 09:00:00,EARN,86,199,BKG-007811
LTX-0008935,P03480,2025-01-19 09:00:00,EARN,59,59,BKG-005314
LTX-0008936,P03480,2025-02-05 09:00:00,EARN,19,78,BKG-007616
LTX-0008937,P03480,2025-05-22 09:00:00,EARN,10,88,BKG-007709
LTX-0008938,P03480,2025-07-16 09:00:00,EARN,48,136,BKG-011375
LTX-0008939,P03480,2025-12-05 09:00:00,EARN,84,220,BKG-003034
LTX-0008940,P01173,2025-04-04 09:00:00,EARN,14,14,BKG-003036
LTX-0008941,P01173,2025-06-29 09:00:00,EARN,42,56,BKG-004766
LTX-0008942,P01173,2025-07-17 09:00:00,EARN,97,153,BKG-012051
LTX-0008943,P01173,2025-10-03 09:00:00,EARN,94,247,BKG-004849
LTX-0008944,P03149,2025-09-24 09:00:00,EARN,35,35,BKG-003039
LTX-0008945,P03149,2025-09-24 18:00:00,REDEEM,-30,5,BKG-003039
LTX-0008946,P02995,2024-12-29 09:00:00,EARN,17,17,BKG-012034
LTX-0008947,P02995,2025-06-10 09:00:00,EARN,30,47,BKG-003041
LTX-0008948,P02995,2025-06-10 18:00:00,REDEEM,-10,37,BKG-003041
LTX-0008949,P02456,2025-01-13 09:00:00,EARN,36,36,BKG-009357
LTX-0008950,P02456,2025-07-07 09:00:00,EARN,55,91,BKG-003042
LTX-0008951,P01553,2025-07-07 09:00:00,EARN,86,86,BKG-003043
LTX-0008952,P01553,2025-08-26 09:00:00,EARN,32,118,BKG-010249
LTX-0008953,P03141,2025-05-20 09:00:00,EARN,18,18,BKG-008408
LTX-0008954,P03141,2025-06-12 09:00:00,EARN,55,73,BKG-003044
LTX-0008955,P03141,2025-11-06 09:00:00,EARN,40,113,BKG-011566
LTX-0008956,P00044,2025-05-26 09:00:00,EARN,21,21,BKG-003048
LTX-0008957,P00044,2025-06-28 09:00:00,EARN,58,79,BKG-004552
LTX-0008958,P00044,2025-10-09 09:00:00,EARN,30,109,BKG-004964
LTX-0008959,P00565,2025-07-02 09:00:00,EARN,54,54,BKG-003051
LTX-0008960,P00565,2025-12-01 09:00:00,EARN,41,95,BKG-003251
LTX-0008961,P00354,2025-06-08 09:00:00,EARN,35,35,BKG-008622
LTX-0008962,P00354,2025-07-05 09:00:00,EARN,53,88,BKG-007738
LTX-0008963,P00354,2025-10-12 09:00:00,EARN,63,151,BKG-003054
LTX-0008964,P00649,2025-05-16 09:00:00,EARN,78,78,BKG-005156
LTX-0008965,P00649,2025-05-16 18:00:00,REDEEM,-20,58,BKG-005156
LTX-0008966,P00649,2025-11-11 09:00:00,EARN,41,99,BKG-003055
LTX-0008967,P01908,2025-03-08 09:00:00,EARN,16,16,BKG-009321
LTX-0008968,P01908,2025-03-19 09:00:00,EARN,6,22,BKG-003056
LTX-0008969,P01908,2025-04-12 09:00:00,EARN,39,61,BKG-006127
LTX-0008970,P01908,2025-05-30 09:00:00,EARN,105,166,BKG-010455
LTX-0008971,P01908,2025-07-18 09:00:00,EARN,46,212,BKG-004412
LTX-0008972,P01908,2025-10-11 09:00:00,EARN,39,251,BKG-005372
LTX-0008973,P01908,2025-12-10 09:00:00,EARN,100,351,BKG-003234
LTX-0008974,P03656,2025-09-05 09:00:00,EARN,17,17,BKG-003057
LTX-0008975,P00665,2024-12-11 09:00:00,EARN,28,28,BKG-003059
LTX-0008976,P00665,2025-05-11 09:00:00,EARN,53,81,BKG-006025
LTX-0008977,P00665,2025-06-17 09:00:00,EARN,54,135,BKG-011783
LTX-0008978,P00665,2025-10-02 09:00:00,EARN,19,154,BKG-006167
LTX-0008979,P00665,2025-12-21 09:00:00,EARN,51,205,BKG-012413
LTX-0008980,P00252,2025-04-21 09:00:00,EARN,67,67,BKG-003060
LTX-0008981,P00252,2025-04-24 09:00:00,EARN,64,131,BKG-006192
LTX-0008982,P00252,2025-07-18 09:00:00,EARN,34,165,BKG-008678
LTX-0008983,P00252,2025-08-08 09:00:00,EARN,50,215,BKG-008615
LTX-0008984,P00252,2025-11-09 09:00:00,EARN,38,253,BKG-003173
LTX-0008985,P00252,2025-12-14 09:00:00,EARN,23,276,BKG-011770
LTX-0008986,P02018,2025-04-05 09:00:00,EARN,26,26,BKG-003066
LTX-0008987,P02018,2025-10-21 09:00:00,EARN,45,71,BKG-005427
LTX-0008988,P03591,2025-03-26 09:00:00,EARN,59,59,BKG-003070
LTX-0008989,P03591,2025-07-11 09:00:00,EARN,42,101,BKG-008689
LTX-0008990,P03292,2025-01-26 09:00:00,EARN,13,13,BKG-012388
LTX-0008991,P03292,2025-08-27 09:00:00,EARN,46,59,BKG-003072
LTX-0008992,P02264,2024-12-16 09:00:00,EARN,36,36,BKG-003077
LTX-0008993,P02264,2025-02-09 09:00:00,EARN,61,97,BKG-005018
LTX-0008994,P02264,2025-07-25 09:00:00,EARN,40,137,BKG-006615
LTX-0008995,P02264,2025-08-19 09:00:00,EARN,40,177,BKG-011062
LTX-0008996,P03936,2025-05-15 09:00:00,EARN,53,53,BKG-011885
LTX-0008997,P03936,2025-06-16 09:00:00,EARN,10,63,BKG-011363
LTX-0008998,P03936,2025-08-15 09:00:00,EARN,68,131,BKG-012498
LTX-0008999,P03936,2025-09-15 09:00:00,EARN,18,149,BKG-010140
LTX-0009000,P03936,2025-09-25 09:00:00,EARN,8,157,BKG-012120
LTX-0009001,P03936,2025-09-25 18:00:00,REDEEM,-30,127,BKG-012120
LTX-0009002,P03936,2025-09-27 09:00:00,EARN,45,172,BKG-011881
LTX-0009003,P03936,2025-11-29 09:00:00,EARN,49,221,BKG-003079
LTX-0009004,P02546,2025-11-13 09:00:00,EARN,34,34,BKG-009976
LTX-0009005,P02546,2025-11-13 18:00:00,REDEEM,-10,24,BKG-009976
LTX-0009006,P02546,2025-11-27 09:00:00,EARN,37,61,BKG-003083
LTX-0009007,P00998,2025-07-17 09:00:00,EARN,28,28,BKG-003084
LTX-0009008,P00998,2025-08-09 09:00:00,EARN,42,70,BKG-007592
LTX-0009009,P00998,2025-09-06 09:00:00,EARN,10,80,BKG-003268
LTX-0009010,P00998,2025-10-07 09:00:00,EARN,61,141,BKG-007583
LTX-0009011,P00998,2025-11-26 09:00:00,EARN,63,204,BKG-010441
LTX-0009012,P02349,2025-04-28 09:00:00,EARN,16,16,BKG-012452
LTX-0009013,P02349,2025-07-01 09:00:00,EARN,44,60,BKG-004622
LTX-0009014,P02349,2025-12-05 09:00:00,EARN,75,135,BKG-003087
LTX-0009015,P00256,2024-12-14 09:00:00,EARN,56,56,BKG-010522
LTX-0009016,P00256,2025-01-27 09:00:00,EARN,55,111,BKG-003593
LTX-0009017,P00256,2025-04-05 09:00:00,EARN,48,159,BKG-005154
LTX-0009018,P00256,2025-08-29 09:00:00,EARN,57,216,BKG-003088
LTX-0009019,P00256,2025-09-06 09:00:00,EARN,24,240,BKG-006053
LTX-0009020,P01033,2024-12-30 09:00:00,EARN,37,37,BKG-006870
LTX-0009021,P01033,2025-04-26 09:00:00,EARN,54,91,BKG-009655
LTX-0009022,P01033,2025-07-19 09:00:00,EARN,37,128,BKG-010458
LTX-0009023,P01033,2025-10-14 09:00:00,EARN,59,187,BKG-003089
LTX-0009024,P01033,2025-12-08 09:00:00,EARN,21,208,BKG-003314
LTX-0009025,P00253,2025-01-04 09:00:00,EARN,88,88,BKG-010428
LTX-0009026,P00253,2025-03-02 09:00:00,EARN,55,143,BKG-010851
LTX-0009027,P00253,2025-12-02 09:00:00,EARN,51,194,BKG-003091
LTX-0009028,P00336,2024-12-22 09:00:00,EARN,27,27,BKG-010946
LTX-0009029,P00336,2025-07-24 09:00:00,EARN,80,107,BKG-011492
LTX-0009030,P00336,2025-08-03 09:00:00,EARN,38,145,BKG-003094
LTX-0009031,P00336,2025-09-12 09:00:00,EARN,53,198,BKG-004054
LTX-0009032,P00883,2025-03-30 09:00:00,EARN,42,42,BKG-003097
LTX-0009033,P03533,2025-05-28 09:00:00,EARN,29,29,BKG-003098
LTX-0009034,P03533,2025-06-21 09:00:00,EARN,23,52,BKG-004436
LTX-0009035,P03533,2025-06-21 18:00:00,REDEEM,-30,22,BKG-004436
LTX-0009036,P03533,2025-06-22 09:00:00,EARN,17,39,BKG-012315
LTX-0009037,P02972,2025-02-07 09:00:00,EARN,62,62,BKG-007467
LTX-0009038,P02972,2025-05-23 09:00:00,EARN,20,82,BKG-008714
LTX-0009039,P02972,2025-06-04 09:00:00,EARN,91,173,BKG-003099
LTX-0009040,P01102,2025-05-23 09:00:00,EARN,17,17,BKG-008293
LTX-0009041,P01102,2025-06-23 09:00:00,EARN,35,52,BKG-003100
LTX-0009042,P01102,2025-11-27 09:00:00,EARN,39,91,BKG-006554
LTX-0009043,P00834,2025-05-19 09:00:00,EARN,76,76,BKG-003101
LTX-0009044,P00834,2025-06-12 09:00:00,EARN,19,95,BKG-004611
LTX-0009045,P00834,2025-06-25 09:00:00,EARN,22,117,BKG-004797
LTX-0009046,P00348,2025-02-17 09:00:00,EARN,58,58,BKG-008391
LTX-0009047,P00348,2025-03-16 09:00:00,EARN,46,104,BKG-010006
LTX-0009048,P00348,2025-05-10 09:00:00,EARN,51,155,BKG-003102
LTX-0009049,P02049,2025-01-15 09:00:00,EARN,84,84,BKG-011767
LTX-0009050,P02049,2025-02-17 09:00:00,EARN,41,125,BKG-004576
LTX-0009051,P02049,2025-06-04 09:00:00,EARN,53,178,BKG-008046
LTX-0009052,P02049,2025-06-04 09:00:00,EARN,13,191,BKG-011349
LTX-0009053,P02049,2025-06-12 09:00:00,EARN,58,249,BKG-007241
LTX-0009054,P02049,2025-11-08 09:00:00,EARN,63,312,BKG-003105
LTX-0009055,P02049,2025-12-10 09:00:00,EARN,29,341,BKG-012027
LTX-0009056,P02049,2025-12-16 09:00:00,EARN,25,366,BKG-004952
LTX-0009057,P03800,2025-05-24 09:00:00,EARN,22,22,BKG-007149
LTX-0009058,P03800,2025-05-25 09:00:00,EARN,34,56,BKG-003107
LTX-0009059,P03800,2025-11-10 09:00:00,EARN,8,64,BKG-003748
LTX-0009060,P03800,2025-11-23 09:00:00,EARN,35,99,BKG-009569
LTX-0009061,P00508,2025-03-20 09:00:00,EARN,42,42,BKG-011576
LTX-0009062,P00508,2025-05-20 09:00:00,EARN,29,71,BKG-003108
LTX-0009063,P00508,2025-05-30 09:00:00,EARN,74,145,BKG-003474
LTX-0009064,P00508,2025-05-30 18:00:00,REDEEM,-30,115,BKG-003474
LTX-0009065,P00374,2025-06-07 09:00:00,EARN,62,62,BKG-008533
LTX-0009066,P00374,2025-10-05 09:00:00,EARN,80,142,BKG-003109
LTX-0009067,P00374,2025-10-05 18:00:00,REDEEM,-30,112,BKG-003109
LTX-0009068,P02659,2025-03-09 09:00:00,EARN,29,29,BKG-003812
LTX-0009069,P02659,2025-05-26 09:00:00,EARN,47,76,BKG-003113
LTX-0009070,P03338,2025-01-23 09:00:00,EARN,44,44,BKG-010679
LTX-0009071,P03338,2025-01-25 09:00:00,EARN,34,78,BKG-011834
LTX-0009072,P03338,2025-06-07 09:00:00,EARN,45,123,BKG-005862
LTX-0009073,P03338,2025-06-07 18:00:00,REDEEM,-10,113,BKG-005862
LTX-0009074,P03338,2025-06-26 09:00:00,EARN,58,171,BKG-003114
LTX-0009075,P03338,2025-10-13 09:00:00,EARN,25,196,BKG-006246
LTX-0009076,P03338,2025-10-13 18:00:00,REDEEM,-10,186,BKG-006246
LTX-0009077,P03338,2025-10-18 09:00:00,EARN,65,251,BKG-009843
LTX-0009078,P03338,2025-11-26 09:00:00,EARN,86,337,BKG-005213
LTX-0009079,P03338,2025-12-21 09:00:00,EARN,33,370,BKG-008975
LTX-0009080,P02615,2024-12-17 09:00:00,EARN,31,31,BKG-003115
LTX-0009081,P02615,2025-03-31 09:00:00,EARN,46,77,BKG-007414
LTX-0009082,P02615,2025-03-31 18:00:00,REDEEM,-10,67,BKG-007414
LTX-0009083,P02615,2025-12-16 09:00:00,EARN,71,138,BKG-008850
LTX-0009084,P02615,2025-12-16 18:00:00,REDEEM,-10,128,BKG-008850
LTX-0009085,P01460,2025-08-28 09:00:00,EARN,56,56,BKG-003116
LTX-0009086,P01460,2025-09-19 09:00:00,EARN,50,106,BKG-003424
LTX-0009087,P01460,2025-12-12 09:00:00,EARN,31,137,BKG-010570
LTX-0009088,P01460,2025-12-18 09:00:00,EARN,44,181,BKG-004146
LTX-0009089,P03640,2025-05-03 09:00:00,EARN,32,32,BKG-007946
LTX-0009090,P03640,2025-08-14 09:00:00,EARN,19,51,BKG-006549
LTX-0009091,P03640,2025-11-10 09:00:00,EARN,9,60,BKG-003117
LTX-0009092,P03640,2025-11-12 09:00:00,EARN,46,106,BKG-007406
LTX-0009093,P00731,2025-01-03 09:00:00,EARN,29,29,BKG-008496
LTX-0009094,P00731,2025-06-20 09:00:00,EARN,11,40,BKG-003120
LTX-0009095,P00731,2025-06-30 09:00:00,EARN,63,103,BKG-006276
LTX-0009096,P00731,2025-06-30 18:00:00,REDEEM,-30,73,BKG-006276
LTX-0009097,P00731,2025-11-29 09:00:00,EARN,19,92,BKG-012109
LTX-0009098,P00731,2025-12-21 09:00:00,EARN,19,111,BKG-007858
LTX-0009099,P01397,2025-03-07 09:00:00,EARN,38,38,BKG-007781
LTX-0009100,P01397,2025-05-30 09:00:00,EARN,12,50,BKG-005150
LTX-0009101,P01397,2025-07-02 09:00:00,EARN,23,73,BKG-012081
LTX-0009102,P01397,2025-07-31 09:00:00,EARN,43,116,BKG-003122
LTX-0009103,P03354,2025-04-21 09:00:00,EARN,10,10,BKG-003125
LTX-0009104,P03354,2025-05-14 09:00:00,EARN,43,53,BKG-007716
LTX-0009105,P03354,2025-12-06 09:00:00,EARN,41,94,BKG-006867
LTX-0009106,P02169,2025-01-14 09:00:00,EARN,45,45,BKG-008057
LTX-0009107,P02169,2025-06-03 09:00:00,EARN,33,78,BKG-003130
LTX-0009108,P01013,2025-06-04 09:00:00,EARN,35,35,BKG-007257
LTX-0009109,P01013,2025-06-17 09:00:00,EARN,27,62,BKG-003137
LTX-0009110,P01013,2025-06-28 09:00:00,EARN,36,98,BKG-009922
LTX-0009111,P01013,2025-07-11 09:00:00,EARN,14,112,BKG-006836
LTX-0009112,P03620,2024-12-21 09:00:00,EARN,18,18,BKG-003140
LTX-0009113,P03620,2025-06-30 09:00:00,EARN,27,45,BKG-005857
LTX-0009114,P03620,2025-12-14 09:00:00,EARN,9,54,BKG-008543
LTX-0009115,P03918,2025-03-15 09:00:00,EARN,66,66,BKG-005900
LTX-0009116,P03918,2025-06-12 09:00:00,EARN,31,97,BKG-012231
LTX-0009117,P03918,2025-11-28 09:00:00,EARN,10,107,BKG-003142
LTX-0009118,P03064,2025-03-18 09:00:00,EARN,88,88,BKG-009422
LTX-0009119,P03064,2025-07-27 09:00:00,EARN,38,126,BKG-003146
LTX-0009120,P03064,2025-07-27 18:00:00,REDEEM,-10,116,BKG-003146
LTX-0009121,P03064,2025-08-26 09:00:00,EARN,16,132,BKG-011896
LTX-0009122,P01895,2025-03-16 09:00:00,EARN,22,22,BKG-012329
LTX-0009123,P01895,2025-05-27 09:00:00,EARN,41,63,BKG-005071
LTX-0009124,P01895,2025-07-20 09:00:00,EARN,11,74,BKG-007310
LTX-0009125,P01895,2025-10-07 09:00:00,EARN,36,110,BKG-009698
LTX-0009126,P01895,2025-11-18 09:00:00,EARN,30,140,BKG-003151
LTX-0009127,P01895,2025-11-18 18:00:00,REDEEM,-10,130,BKG-003151
LTX-0009128,P00196,2025-04-21 09:00:00,EARN,28,28,BKG-005768
LTX-0009129,P00196,2025-05-26 09:00:00,EARN,60,88,BKG-003152
LTX-0009130,P00196,2025-06-01 09:00:00,EARN,79,167,BKG-004536
LTX-0009131,P00196,2025-08-31 09:00:00,EARN,62,229,BKG-004532
LTX-0009132,P00072,2025-05-14 09:00:00,EARN,49,49,BKG-007184
LTX-0009133,P00072,2025-07-22 09:00:00,EARN,6,55,BKG-012430
LTX-0009134,P00072,2025-11-23 09:00:00,EARN,50,105,BKG-003153
LTX-0009135,P01897,2025-05-08 09:00:00,EARN,53,53,BKG-005812
LTX-0009136,P01897,2025-06-21 09:00:00,EARN,31,84,BKG-003155
LTX-0009137,P01897,2025-06-21 18:00:00,REDEEM,-10,74,BKG-003155
LTX-0009138,P01897,2025-06-26 09:00:00,EARN,44,118,BKG-005396
LTX-0009139,P02508,2025-01-09 09:00:00,EARN,45,45,BKG-010538
LTX-0009140,P02508,2025-02-27 09:00:00,EARN,32,77,BKG-003156
LTX-0009141,P02508,2025-11-23 09:00:00,EARN,30,107,BKG-004566
LTX-0009142,P02508,2025-12-04 09:00:00,EARN,75,182,BKG-004902
LTX-0009143,P03502,2025-06-18 09:00:00,EARN,53,53,BKG-003157
LTX-0009144,P03502,2025-07-14 09:00:00,EARN,35,88,BKG-008056
LTX-0009145,P03502,2025-11-23 09:00:00,EARN,46,134,BKG-007024
LTX-0009146,P00972,2025-08-21 09:00:00,EARN,49,49,BKG-003159
LTX-0009147,P00972,2025-09-25 09:00:00,EARN,52,101,BKG-005394
LTX-0009148,P02957,2025-07-01 09:00:00,EARN,17,17,BKG-003163
LTX-0009149,P02957,2025-07-10 09:00:00,EARN,49,66,BKG-012041
LTX-0009150,P03762,2025-05-14 09:00:00,EARN,42,42,BKG-003897
LTX-0009151,P03762,2025-05-26 09:00:00,EARN,10,52,BKG-003167
LTX-0009152,P01606,2025-05-25 09:00:00,EARN,86,86,BKG-003186
LTX-0009153,P01606,2025-11-27 09:00:00,EARN,72,158,BKG-003168
LTX-0009154,P01606,2025-12-05 09:00:00,EARN,68,226,BKG-006123
LTX-0009155,P03678,2025-06-06 09:00:00,EARN,54,54,BKG-003169
LTX-0009156,P00822,2025-01-27 09:00:00,EARN,29,29,BKG-003419
LTX-0009157,P00822,2025-06-10 09:00:00,EARN,37,66,BKG-006997
LTX-0009158,P00822,2025-06-18 09:00:00,EARN,68,134,BKG-003170
LTX-0009159,P00822,2025-12-20 09:00:00,EARN,36,170,BKG-012189
LTX-0009160,P01740,2025-05-31 09:00:00,EARN,41,41,BKG-011796
LTX-0009161,P01740,2025-06-21 09:00:00,EARN,20,61,BKG-003171
LTX-0009162,P01740,2025-06-21 18:00:00,REDEEM,-20,41,BKG-003171
LTX-0009163,P01740,2025-10-01 09:00:00,EARN,63,104,BKG-005255
LTX-0009164,P01740,2025-10-01 18:00:00,REDEEM,-30,74,BKG-005255
LTX-0009165,P02679,2025-06-12 09:00:00,EARN,31,31,BKG-008192
LTX-0009166,P02679,2025-06-22 09:00:00,EARN,45,76,BKG-003175
LTX-0009167,P02679,2025-09-18 09:00:00,EARN,71,147,BKG-010977
LTX-0009168,P02636,2025-07-18 09:00:00,EARN,53,53,BKG-003176
LTX-0009169,P02636,2025-12-13 09:00:00,EARN,53,106,BKG-006324
LTX-0009170,P02636,2025-12-13 18:00:00,REDEEM,-10,96,BKG-006324
LTX-0009171,P01010,2025-05-28 09:00:00,EARN,37,37,BKG-005000
LTX-0009172,P01010,2025-10-18 09:00:00,EARN,27,64,BKG-003178
LTX-0009173,P01010,2025-10-18 18:00:00,REDEEM,-30,34,BKG-003178
LTX-0009174,P03061,2025-01-15 09:00:00,EARN,71,71,BKG-010334
LTX-0009175,P03061,2025-04-04 09:00:00,EARN,60,131,BKG-011064
LTX-0009176,P03061,2025-11-24 09:00:00,EARN,52,183,BKG-003182
LTX-0009177,P03061,2025-12-10 09:00:00,EARN,30,213,BKG-011318
LTX-0009178,P03061,2025-12-15 09:00:00,EARN,54,267,BKG-004444
LTX-0009179,P03247,2025-05-30 09:00:00,EARN,41,41,BKG-003184
LTX-0009180,P03247,2025-06-10 09:00:00,EARN,68,109,BKG-007197
LTX-0009181,P03247,2025-07-09 09:00:00,EARN,48,157,BKG-012108
LTX-0009182,P03247,2025-11-17 09:00:00,EARN,60,217,BKG-010465
LTX-0009183,P03247,2025-11-22 09:00:00,EARN,79,296,BKG-008413
LTX-0009184,P03731,2025-05-31 09:00:00,EARN,100,100,BKG-006475
LTX-0009185,P03731,2025-07-01 09:00:00,EARN,38,138,BKG-003189
LTX-0009186,P03731,2025-08-02 09:00:00,EARN,9,147,BKG-004215
LTX-0009187,P03731,2025-08-02 18:00:00,REDEEM,-20,127,BKG-004215
LTX-0009188,P02850,2025-05-13 09:00:00,EARN,59,59,BKG-006711
LTX-0009189,P02850,2025-05-30 09:00:00,EARN,19,78,BKG-003191
LTX-0009190,P02850,2025-05-30 18:00:00,REDEEM,-30,48,BKG-003191
LTX-0009191,P03455,2025-02-10 09:00:00,EARN,55,55,BKG-011341
LTX-0009192,P03455,2025-03-23 09:00:00,EARN,76,131,BKG-011466
LTX-0009193,P03455,2025-09-22 09:00:00,EARN,27,158,BKG-003193
LTX-0009194,P03455,2025-12-12 09:00:00,EARN,44,202,BKG-011813
LTX-0009195,P03455,2025-12-12 18:00:00,REDEEM,-10,192,BKG-011813
LTX-0009196,P03158,2025-01-04 09:00:00,EARN,47,47,BKG-008540
LTX-0009197,P03158,2025-01-18 09:00:00,EARN,46,93,BKG-003553
LTX-0009198,P03158,2025-04-29 09:00:00,EARN,8,101,BKG-011551
LTX-0009199,P03158,2025-06-11 09:00:00,EARN,28,129,BKG-004237
LTX-0009200,P03158,2025-07-07 09:00:00,EARN,35,164,BKG-003201
LTX-0009201,P03158,2025-07-07 18:00:00,REDEEM,-10,154,BKG-003201
LTX-0009202,P03158,2025-10-12 09:00:00,EARN,29,183,BKG-008737
LTX-0009203,P03158,2025-10-17 09:00:00,EARN,36,219,BKG-009387
LTX-0009204,P02328,2025-05-12 09:00:00,EARN,30,30,BKG-009001
LTX-0009205,P02328,2025-06-14 09:00:00,EARN,75,105,BKG-003204
LTX-0009206,P02328,2025-08-31 09:00:00,EARN,56,161,BKG-009289
LTX-0009207,P03439,2025-01-18 09:00:00,EARN,33,33,BKG-011855
LTX-0009208,P03439,2025-04-27 09:00:00,EARN,40,73,BKG-011371
LTX-0009209,P03439,2025-09-24 09:00:00,EARN,43,116,BKG-007331
LTX-0009210,P03439,2025-10-02 09:00:00,EARN,29,145,BKG-003353
LTX-0009211,P03439,2025-11-05 09:00:00,EARN,54,199,BKG-003205
LTX-0009212,P02219,2024-12-18 09:00:00,EARN,65,65,BKG-008105
LTX-0009213,P02219,2025-10-26 09:00:00,EARN,69,134,BKG-003210
LTX-0009214,P01427,2024-12-10 09:00:00,EARN,38,38,BKG-004845
LTX-0009215,P01427,2024-12-31 09:00:00,EARN,35,73,BKG-003211
LTX-0009216,P03199,2025-02-06 09:00:00,EARN,74,74,BKG-003216
LTX-0009217,P03199,2025-05-28 09:00:00,EARN,76,150,BKG-008775
LTX-0009218,P03199,2025-06-26 09:00:00,EARN,20,170,BKG-008358
LTX-0009219,P03199,2025-11-30 09:00:00,EARN,12,182,BKG-003509
LTX-0009220,P01420,2025-01-16 09:00:00,EARN,16,16,BKG-012106
LTX-0009221,P01420,2025-06-06 09:00:00,EARN,45,61,BKG-006990
LTX-0009222,P01420,2025-06-30 09:00:00,EARN,25,86,BKG-003220
LTX-0009223,P03042,2024-12-25 09:00:00,EARN,44,44,BKG-007544
LTX-0009224,P03042,2025-05-02 09:00:00,EARN,24,68,BKG-011546
LTX-0009225,P03042,2025-08-17 09:00:00,EARN,58,126,BKG-003221
LTX-0009226,P02157,2025-04-06 09:00:00,EARN,74,74,BKG-003565
LTX-0009227,P02157,2025-06-28 09:00:00,EARN,35,109,BKG-003222
LTX-0009228,P02157,2025-06-28 18:00:00,REDEEM,-20,89,BKG-003222
LTX-0009229,P02157,2025-07-09 09:00:00,EARN,24,113,BKG-005928
LTX-0009230,P02157,2025-08-10 09:00:00,EARN,55,168,BKG-010104
LTX-0009231,P03286,2025-02-07 09:00:00,EARN,48,48,BKG-005009
LTX-0009232,P03286,2025-02-07 18:00:00,REDEEM,-30,18,BKG-005009
LTX-0009233,P03286,2025-03-15 09:00:00,EARN,22,40,BKG-003224
LTX-0009234,P01042,2025-06-23 09:00:00,EARN,65,65,BKG-011609
LTX-0009235,P01042,2025-07-26 09:00:00,EARN,20,85,BKG-011269
LTX-0009236,P01042,2025-08-04 09:00:00,EARN,25,110,BKG-004947
LTX-0009237,P01042,2025-08-20 09:00:00,EARN,40,150,BKG-003225
LTX-0009238,P01042,2025-12-19 09:00:00,EARN,64,214,BKG-007860
LTX-0009239,P00793,2025-06-08 09:00:00,EARN,34,34,BKG-003230
LTX-0009240,P00793,2025-11-18 09:00:00,EARN,76,110,BKG-003247
LTX-0009241,P00793,2025-11-25 09:00:00,EARN,39,149,BKG-007830
LTX-0009242,P02171,2025-04-18 09:00:00,EARN,9,9,BKG-010012
LTX-0009243,P02171,2025-05-29 09:00:00,EARN,31,40,BKG-003231
LTX-0009244,P02171,2025-09-06 09:00:00,EARN,73,113,BKG-011178
LTX-0009245,P02171,2025-09-07 09:00:00,EARN,67,180,BKG-006490
LTX-0009246,P02171,2025-10-11 09:00:00,EARN,17,197,BKG-004189
LTX-0009247,P00690,2025-02-19 09:00:00,EARN,75,75,BKG-007747
LTX-0009248,P00690,2025-06-20 09:00:00,EARN,62,137,BKG-006747
LTX-0009249,P00690,2025-06-20 18:00:00,REDEEM,-20,117,BKG-006747
LTX-0009250,P00690,2025-09-22 09:00:00,EARN,42,159,BKG-003233
LTX-0009251,P02942,2025-05-27 09:00:00,EARN,20,20,BKG-011071
LTX-0009252,P02942,2025-06-05 09:00:00,EARN,51,71,BKG-008138
LTX-0009253,P02942,2025-06-14 09:00:00,EARN,39,110,BKG-003237
LTX-0009254,P02942,2025-12-13 09:00:00,EARN,81,191,BKG-005688
LTX-0009255,P03284,2025-05-17 09:00:00,EARN,42,42,BKG-011907
LTX-0009256,P03284,2025-05-19 09:00:00,EARN,31,73,BKG-003699
LTX-0009257,P03284,2025-05-20 09:00:00,EARN,35,108,BKG-008828
LTX-0009258,P03284,2025-05-25 09:00:00,EARN,84,192,BKG-008282
LTX-0009259,P03284,2025-08-08 09:00:00,EARN,18,210,BKG-011956
LTX-0009260,P03284,2025-12-01 09:00:00,EARN,50,260,BKG-003239
LTX-0009261,P01514,2025-06-12 09:00:00,EARN,29,29,BKG-003241
LTX-0009262,P02922,2025-04-13 09:00:00,EARN,20,20,BKG-005620
LTX-0009263,P02922,2025-04-26 09:00:00,EARN,25,45,BKG-009654
LTX-0009264,P02922,2025-12-21 09:00:00,EARN,47,92,BKG-003246
LTX-0009265,P00599,2025-04-10 09:00:00,EARN,45,45,BKG-008055
LTX-0009266,P00599,2025-05-08 09:00:00,EARN,56,101,BKG-006962
LTX-0009267,P00599,2025-06-23 09:00:00,EARN,56,157,BKG-003250
LTX-0009268,P00599,2025-10-30 09:00:00,EARN,23,180,BKG-008142
LTX-0009269,P02339,2024-12-25 09:00:00,EARN,10,10,BKG-003252
LTX-0009270,P02339,2025-01-04 09:00:00,EARN,34,44,BKG-007032
LTX-0009271,P02339,2025-04-27 09:00:00,EARN,25,69,BKG-006912
LTX-0009272,P02339,2025-05-07 09:00:00,EARN,29,98,BKG-009663
LTX-0009273,P02339,2025-05-07 18:00:00,REDEEM,-10,88,BKG-009663
LTX-0009274,P02339,2025-06-01 09:00:00,EARN,68,156,BKG-010797
LTX-0009275,P02339,2025-07-06 09:00:00,EARN,62,218,BKG-012444
LTX-0009276,P02339,2025-07-15 09:00:00,EARN,16,234,BKG-011339
LTX-0009277,P03457,2025-02-26 09:00:00,EARN,28,28,BKG-003253
LTX-0009278,P03457,2025-06-11 09:00:00,EARN,61,89,BKG-009792
LTX-0009279,P03457,2025-08-08 09:00:00,EARN,61,150,BKG-010829
LTX-0009280,P02687,2025-03-27 09:00:00,EARN,6,6,BKG-009180
LTX-0009281,P02687,2025-06-15 09:00:00,EARN,31,37,BKG-011931
LTX-0009282,P02687,2025-09-25 09:00:00,EARN,36,73,BKG-003254
LTX-0009283,P02687,2025-09-25 18:00:00,REDEEM,-30,43,BKG-003254
LTX-0009284,P02811,2025-01-13 09:00:00,EARN,22,22,BKG-003255
LTX-0009285,P03340,2025-06-05 09:00:00,EARN,61,61,BKG-011998
LTX-0009286,P03340,2025-06-18 09:00:00,EARN,31,92,BKG-007108
LTX-0009287,P03340,2025-06-18 18:00:00,REDEEM,-20,72,BKG-007108
LTX-0009288,P03340,2025-07-22 09:00:00,EARN,73,145,BKG-010383
LTX-0009289,P03340,2025-07-22 18:00:00,REDEEM,-30,115,BKG-010383
LTX-0009290,P03340,2025-09-04 09:00:00,EARN,25,140,BKG-003257
LTX-0009291,P03022,2025-10-29 09:00:00,EARN,41,41,BKG-003262
LTX-0009292,P01437,2025-01-09 09:00:00,EARN,13,13,BKG-010574
LTX-0009293,P01437,2025-06-22 09:00:00,EARN,39,52,BKG-003930
LTX-0009294,P01437,2025-10-20 09:00:00,EARN,88,140,BKG-003264
LTX-0009295,P03136,2025-06-04 09:00:00,EARN,85,85,BKG-005529
LTX-0009296,P03136,2025-06-18 09:00:00,EARN,33,118,BKG-003266
LTX-0009297,P01794,2025-01-13 09:00:00,EARN,46,46,BKG-007633
LTX-0009298,P01794,2025-02-02 09:00:00,EARN,53,99,BKG-011704
LTX-0009299,P01794,2025-03-19 09:00:00,EARN,60,159,BKG-003267
LTX-0009300,P01794,2025-05-31 09:00:00,EARN,44,203,BKG-010564
LTX-0009301,P01794,2025-10-15 09:00:00,EARN,35,238,BKG-006966
LTX-0009302,P00349,2025-05-04 09:00:00,EARN,6,6,BKG-004817
LTX-0009303,P00349,2025-07-29 09:00:00,EARN,14,20,BKG-003269
LTX-0009304,P00349,2025-10-19 09:00:00,EARN,58,78,BKG-010276
LTX-0009305,P03343,2025-01-30 09:00:00,EARN,36,36,BKG-009069
LTX-0009306,P03343,2025-05-23 09:00:00,EARN,27,63,BKG-003270
LTX-0009307,P03343,2025-05-23 18:00:00,REDEEM,-20,43,BKG-003270
LTX-0009308,P01762,2025-01-12 09:00:00,EARN,28,28,BKG-008019
LTX-0009309,P01762,2025-01-28 09:00:00,EARN,70,98,BKG-011696
LTX-0009310,P01762,2025-11-22 09:00:00,EARN,30,128,BKG-003273
LTX-0009311,P01762,2025-11-22 09:00:00,EARN,30,158,BKG-004613
LTX-0009312,P01762,2025-12-02 09:00:00,EARN,53,211,BKG-003352
LTX-0009313,P01602,2025-02-14 09:00:00,EARN,66,66,BKG-007862
LTX-0009314,P01602,2025-03-18 09:00:00,EARN,40,106,BKG-003275
LTX-0009315,P01602,2025-11-08 09:00:00,EARN,38,144,BKG-011144
LTX-0009316,P03584,2025-05-26 09:00:00,EARN,40,40,BKG-003277
LTX-0009317,P03584,2025-05-30 09:00:00,EARN,45,85,BKG-012180
LTX-0009318,P03584,2025-08-11 09:00:00,EARN,31,116,BKG-005959
LTX-0009319,P03584,2025-09-24 09:00:00,EARN,54,170,BKG-005683
LTX-0009320,P00042,2025-06-09 09:00:00,EARN,74,74,BKG-003279
LTX-0009321,P00042,2025-06-14 09:00:00,EARN,77,151,BKG-009608
LTX-0009322,P00042,2025-06-21 09:00:00,EARN,18,169,BKG-006052
LTX-0009323,P00042,2025-08-14 09:00:00,EARN,21,190,BKG-005538
LTX-0009324,P00042,2025-09-20 09:00:00,EARN,42,232,BKG-009766
LTX-0009325,P00042,2025-11-25 09:00:00,EARN,60,292,BKG-003531
LTX-0009326,P00042,2025-11-30 09:00:00,EARN,76,368,BKG-006816
LTX-0009327,P00042,2025-12-12 09:00:00,EARN,84,452,BKG-004088
LTX-0009328,P02140,2025-06-10 09:00:00,EARN,62,62,BKG-003283
LTX-0009329,P02140,2025-12-11 09:00:00,EARN,27,89,BKG-010806
LTX-0009330,P03386,2025-04-23 09:00:00,EARN,39,39,BKG-010372
LTX-0009331,P03386,2025-06-04 09:00:00,EARN,73,112,BKG-010605
LTX-0009332,P03386,2025-06-04 18:00:00,REDEEM,-20,92,BKG-010605
LTX-0009333,P03386,2025-06-09 09:00:00,EARN,36,128,BKG-003284
LTX-0009334,P03386,2025-07-30 09:00:00,EARN,24,152,BKG-012386
LTX-0009335,P03386,2025-11-23 09:00:00,EARN,20,172,BKG-007234
LTX-0009336,P03386,2025-11-23 18:00:00,REDEEM,-10,162,BKG-007234
LTX-0009337,P02073,2024-12-15 09:00:00,EARN,28,28,BKG-007074
LTX-0009338,P02073,2025-03-20 09:00:00,EARN,90,118,BKG-003287
LTX-0009339,P02073,2025-03-20 18:00:00,REDEEM,-10,108,BKG-003287
LTX-0009340,P02073,2025-06-19 09:00:00,EARN,72,180,BKG-008044
LTX-0009341,P00748,2025-03-11 09:00:00,EARN,42,42,BKG-003289
LTX-0009342,P00748,2025-05-26 09:00:00,EARN,26,68,BKG-010191
LTX-0009343,P00748,2025-09-09 09:00:00,EARN,61,129,BKG-010399
LTX-0009344,P01950,2025-07-30 09:00:00,EARN,29,29,BKG-007848
LTX-0009345,P01950,2025-10-03 09:00:00,EARN,41,70,BKG-003290
LTX-0009346,P01950,2025-11-13 09:00:00,EARN,59,129,BKG-012156
LTX-0009347,P03505,2025-05-23 09:00:00,EARN,62,62,BKG-012024
LTX-0009348,P03505,2025-06-30 09:00:00,EARN,46,108,BKG-007967
LTX-0009349,P03505,2025-10-29 09:00:00,EARN,8,116,BKG-003291
LTX-0009350,P03505,2025-11-20 09:00:00,EARN,10,126,BKG-012217
LTX-0009351,P02846,2025-04-04 09:00:00,EARN,52,52,BKG-011720
LTX-0009352,P02846,2025-05-09 09:00:00,EARN,78,130,BKG-005077
LTX-0009353,P02846,2025-05-24 09:00:00,EARN,75,205,BKG-008064
LTX-0009354,P02846,2025-06-26 09:00:00,EARN,44,249,BKG-010677
LTX-0009355,P02846,2025-12-20 09:00:00,EARN,58,307,BKG-003292
LTX-0009356,P03770,2025-06-07 09:00:00,EARN,41,41,BKG-009864
LTX-0009357,P03770,2025-06-18 09:00:00,EARN,40,81,BKG-003299
LTX-0009358,P03770,2025-06-26 09:00:00,EARN,45,126,BKG-009137
LTX-0009359,P03770,2025-12-02 09:00:00,EARN,75,201,BKG-005678
LTX-0009360,P00994,2025-05-23 09:00:00,EARN,80,80,BKG-007264
LTX-0009361,P00994,2025-07-09 09:00:00,EARN,80,160,BKG-006766
LTX-0009362,P00994,2025-11-23 09:00:00,EARN,78,238,BKG-003303
LTX-0009363,P00994,2025-11-23 18:00:00,REDEEM,-30,208,BKG-003303
LTX-0009364,P03202,2025-05-11 09:00:00,EARN,32,32,BKG-008658
LTX-0009365,P03202,2025-06-19 09:00:00,EARN,52,84,BKG-011287
LTX-0009366,P03202,2025-09-11 09:00:00,EARN,48,132,BKG-006108
LTX-0009367,P03202,2025-10-26 09:00:00,EARN,27,159,BKG-003305
LTX-0009368,P00878,2025-03-26 09:00:00,EARN,14,14,BKG-004547
LTX-0009369,P00878,2025-06-08 09:00:00,EARN,9,23,BKG-006447
LTX-0009370,P00878,2025-06-08 09:00:00,EARN,116,139,BKG-009454
LTX-0009371,P00878,2025-06-30 09:00:00,EARN,19,158,BKG-007650
LTX-0009372,P00878,2025-10-02 09:00:00,EARN,60,218,BKG-003306
LTX-0009373,P03254,2025-08-21 09:00:00,EARN,31,31,BKG-006736
LTX-0009374,P03254,2025-09-12 09:00:00,EARN,24,55,BKG-003309
LTX-0009375,P03254,2025-09-12 18:00:00,REDEEM,-20,35,BKG-003309
LTX-0009376,P01154,2025-05-28 09:00:00,EARN,68,68,BKG-007456
LTX-0009377,P01154,2025-09-14 09:00:00,EARN,21,89,BKG-003313
LTX-0009378,P01605,2025-02-02 09:00:00,EARN,25,25,BKG-004001
LTX-0009379,P01605,2025-02-07 09:00:00,EARN,70,95,BKG-003477
LTX-0009380,P01605,2025-02-07 18:00:00,REDEEM,-10,85,BKG-003477
LTX-0009381,P01605,2025-05-26 09:00:00,EARN,89,174,BKG-005464
LTX-0009382,P01605,2025-11-04 09:00:00,EARN,38,212,BKG-003316
LTX-0009383,P01605,2025-11-04 18:00:00,REDEEM,-10,202,BKG-003316
LTX-0009384,P01605,2025-11-19 09:00:00,EARN,41,243,BKG-011196
LTX-0009385,P02918,2025-06-05 09:00:00,EARN,52,52,BKG-005737
LTX-0009386,P02918,2025-07-27 09:00:00,EARN,52,104,BKG-009597
LTX-0009387,P02918,2025-11-12 09:00:00,EARN,68,172,BKG-003318
LTX-0009388,P00784,2025-02-06 09:00:00,EARN,54,54,BKG-010962
LTX-0009389,P00784,2025-05-03 09:00:00,EARN,11,65,BKG-009334
LTX-0009390,P00784,2025-05-03 18:00:00,REDEEM,-10,55,BKG-009334
LTX-0009391,P00784,2025-08-20 09:00:00,EARN,50,105,BKG-003319
LTX-0009392,P00657,2024-12-25 09:00:00,EARN,17,17,BKG-007369
LTX-0009393,P00657,2025-05-24 09:00:00,EARN,38,55,BKG-007701
LTX-0009394,P00657,2025-06-01 09:00:00,EARN,72,127,BKG-003321
LTX-0009395,P00657,2025-12-12 09:00:00,EARN,26,153,BKG-005327
LTX-0009396,P01235,2024-12-16 09:00:00,EARN,14,14,BKG-003323
LTX-0009397,P01235,2025-02-20 09:00:00,EARN,58,72,BKG-004126
LTX-0009398,P01235,2025-06-23 09:00:00,EARN,76,148,BKG-011478
LTX-0009399,P01235,2025-06-23 18:00:00,REDEEM,-30,118,BKG-011478
LTX-0009400,P01235,2025-06-24 09:00:00,EARN,81,199,BKG-003481
LTX-0009401,P01235,2025-08-31 09:00:00,EARN,47,246,BKG-009649
LTX-0009402,P01235,2025-09-14 09:00:00,EARN,64,310,BKG-011441
LTX-0009403,P01235,2025-11-20 09:00:00,EARN,14,324,BKG-011916
LTX-0009404,P01235,2025-12-10 09:00:00,EARN,21,345,BKG-012456
LTX-0009405,P03096,2025-05-12 09:00:00,EARN,58,58,BKG-008985
LTX-0009406,P03096,2025-09-09 09:00:00,EARN,41,99,BKG-007589
LTX-0009407,P03096,2025-12-08 09:00:00,EARN,17,116,BKG-003325
LTX-0009408,P02208,2025-03-09 09:00:00,EARN,21,21,BKG-003326
LTX-0009409,P02208,2025-05-16 09:00:00,EARN,73,94,BKG-008550
LTX-0009410,P02208,2025-05-24 09:00:00,EARN,79,173,BKG-009825
LTX-0009411,P02250,2025-04-22 09:00:00,EARN,26,26,BKG-011018
LTX-0009412,P02250,2025-08-05 09:00:00,EARN,28,54,BKG-009244
LTX-0009413,P02250,2025-09-11 09:00:00,EARN,22,76,BKG-007708
LTX-0009414,P02250,2025-12-02 09:00:00,EARN,32,108,BKG-003328
LTX-0009415,P02250,2025-12-05 09:00:00,EARN,19,127,BKG-006444
LTX-0009416,P00284,2025-06-02 09:00:00,EARN,93,93,BKG-003329
LTX-0009417,P00284,2025-07-16 09:00:00,EARN,52,145,BKG-005655
LTX-0009418,P00284,2025-10-04 09:00:00,EARN,7,152,BKG-012307
LTX-0009419,P00284,2025-10-27 09:00:00,EARN,40,192,BKG-003984
LTX-0009420,P01981,2025-02-01 09:00:00,EARN,66,66,BKG-003330
LTX-0009421,P01981,2025-02-01 18:00:00,REDEEM,-10,56,BKG-003330
LTX-0009422,P03264,2025-01-13 09:00:00,EARN,40,40,BKG-008184
LTX-0009423,P03264,2025-05-31 09:00:00,EARN,98,138,BKG-003331
LTX-0009424,P03264,2025-09-15 09:00:00,EARN,51,189,BKG-004946
LTX-0009425,P02286,2025-06-08 09:00:00,EARN,98,98,BKG-006370
LTX-0009426,P02286,2025-06-17 09:00:00,EARN,42,140,BKG-003332
LTX-0009427,P02286,2025-06-18 09:00:00,EARN,46,186,BKG-003536
LTX-0009428,P00766,2025-08-01 09:00:00,EARN,42,42,BKG-003333
LTX-0009429,P01321,2025-05-02 09:00:00,EARN,38,38,BKG-003334
LTX-0009430,P01321,2025-05-27 09:00:00,EARN,35,73,BKG-003539
LTX-0009431,P01321,2025-08-07 09:00:00,EARN,16,89,BKG-007974
LTX-0009432,P01321,2025-08-07 18:00:00,REDEEM,-10,79,BKG-007974
LTX-0009433,P03418,2025-01-24 09:00:00,EARN,25,25,BKG-009231
LTX-0009434,P03418,2025-05-25 09:00:00,EARN,76,101,BKG-003713
LTX-0009435,P03418,2025-05-26 09:00:00,EARN,74,175,BKG-003339
LTX-0009436,P03418,2025-06-30 09:00:00,EARN,92,267,BKG-012422
LTX-0009437,P03162,2025-05-10 09:00:00,EARN,25,25,BKG-003342
LTX-0009438,P03162,2025-06-25 09:00:00,EARN,50,75,BKG-006184
LTX-0009439,P03227,2025-01-26 09:00:00,EARN,19,19,BKG-005728
LTX-0009440,P03227,2025-03-15 09:00:00,EARN,16,35,BKG-003354
LTX-0009441,P03227,2025-03-15 18:00:00,REDEEM,-10,25,BKG-003354
LTX-0009442,P02271,2025-05-17 09:00:00,EARN,15,15,BKG-003357
LTX-0009443,P03388,2024-12-21 09:00:00,EARN,30,30,BKG-005924
LTX-0009444,P03388,2025-03-23 09:00:00,EARN,62,92,BKG-003358
LTX-0009445,P03751,2025-08-17 09:00:00,EARN,78,78,BKG-012059
LTX-0009446,P03751,2025-08-26 09:00:00,EARN,44,122,BKG-008263
LTX-0009447,P03751,2025-12-11 09:00:00,EARN,43,165,BKG-003360
LTX-0009448,P02666,2025-03-02 09:00:00,EARN,28,28,BKG-003367
LTX-0009449,P02666,2025-06-05 09:00:00,EARN,73,101,BKG-006669
LTX-0009450,P01662,2025-02-05 09:00:00,EARN,36,36,BKG-007112
LTX-0009451,P01662,2025-02-05 18:00:00,REDEEM,-30,6,BKG-007112
LTX-0009452,P01662,2025-12-05 09:00:00,EARN,39,45,BKG-003368
LTX-0009453,P01662,2025-12-05 18:00:00,REDEEM,-30,15,BKG-003368
LTX-0009454,P03836,2025-02-07 09:00:00,EARN,33,33,BKG-003471
LTX-0009455,P03836,2025-02-21 09:00:00,EARN,37,70,BKG-008667
LTX-0009456,P03836,2025-11-06 09:00:00,EARN,26,96,BKG-003371
LTX-0009457,P03836,2025-11-20 09:00:00,EARN,44,140,BKG-008402
LTX-0009458,P03836,2025-12-01 09:00:00,EARN,30,170,BKG-010547
LTX-0009459,P00155,2025-03-26 09:00:00,EARN,14,14,BKG-003373
LTX-0009460,P00155,2025-03-28 09:00:00,EARN,14,28,BKG-008668
LTX-0009461,P00155,2025-05-25 09:00:00,EARN,50,78,BKG-011962
LTX-0009462,P00155,2025-05-25 18:00:00,REDEEM,-10,68,BKG-011962
LTX-0009463,P00155,2025-06-08 09:00:00,EARN,43,111,BKG-005386
LTX-0009464,P00208,2024-12-14 09:00:00,EARN,34,34,BKG-009704
LTX-0009465,P00208,2025-03-19 09:00:00,EARN,39,73,BKG-003375
LTX-0009466,P00208,2025-12-07 09:00:00,EARN,73,146,BKG-010571
LTX-0009467,P01848,2025-01-03 09:00:00,EARN,22,22,BKG-008971
LTX-0009468,P01848,2025-07-18 09:00:00,EARN,39,61,BKG-003381
LTX-0009469,P01108,2025-01-16 09:00:00,EARN,38,38,BKG-003385
LTX-0009470,P01108,2025-06-30 09:00:00,EARN,20,58,BKG-007522
LTX-0009471,P01108,2025-09-09 09:00:00,EARN,16,74,BKG-010186
LTX-0009472,P01108,2025-10-27 09:00:00,EARN,15,89,BKG-004275
LTX-0009473,P02429,2025-02-23 09:00:00,EARN,56,56,BKG-003393
LTX-0009474,P02429,2025-06-06 09:00:00,EARN,58,114,BKG-009785
LTX-0009475,P00168,2025-05-27 09:00:00,EARN,102,102,BKG-003394
LTX-0009476,P00168,2025-05-27 18:00:00,REDEEM,-20,82,BKG-003394
LTX-0009477,P03270,2025-01-28 09:00:00,EARN,49,49,BKG-011904
LTX-0009478,P03270,2025-02-07 09:00:00,EARN,30,79,BKG-011171
LTX-0009479,P03270,2025-07-01 09:00:00,EARN,48,127,BKG-004365
LTX-0009480,P03270,2025-10-24 09:00:00,EARN,30,157,BKG-003395
LTX-0009481,P03270,2025-10-24 18:00:00,REDEEM,-20,137,BKG-003395
LTX-0009482,P01316,2025-03-27 09:00:00,EARN,70,70,BKG-003396
LTX-0009483,P01127,2025-06-04 09:00:00,EARN,41,41,BKG-006903
LTX-0009484,P01127,2025-06-15 09:00:00,EARN,43,84,BKG-003397
LTX-0009485,P01127,2025-06-25 09:00:00,EARN,46,130,BKG-008950
LTX-0009486,P01127,2025-07-28 09:00:00,EARN,46,176,BKG-009179
LTX-0009487,P01127,2025-07-28 18:00:00,REDEEM,-20,156,BKG-009179
LTX-0009488,P01898,2025-04-08 09:00:00,EARN,43,43,BKG-003398
LTX-0009489,P01898,2025-09-19 09:00:00,EARN,57,100,BKG-006090
LTX-0009490,P01898,2025-11-27 09:00:00,EARN,114,214,BKG-008958
LTX-0009491,P02674,2025-06-08 09:00:00,EARN,8,8,BKG-008818
LTX-0009492,P02674,2025-06-17 09:00:00,EARN,32,40,BKG-010449
LTX-0009493,P02674,2025-07-03 09:00:00,EARN,56,96,BKG-003402
LTX-0009494,P02674,2025-07-03 18:00:00,REDEEM,-20,76,BKG-003402
LTX-0009495,P02674,2025-09-17 09:00:00,EARN,25,101,BKG-004976
LTX-0009496,P02674,2025-09-17 18:00:00,REDEEM,-20,81,BKG-004976
LTX-0009497,P00940,2025-04-01 09:00:00,EARN,29,29,BKG-009856
LTX-0009498,P00940,2025-04-04 09:00:00,EARN,69,98,BKG-007461
LTX-0009499,P00940,2025-06-11 09:00:00,EARN,32,130,BKG-003403
LTX-0009500,P02788,2025-02-19 09:00:00,EARN,64,64,BKG-009270
LTX-0009501,P02788,2025-04-21 09:00:00,EARN,10,74,BKG-003405
LTX-0009502,P02788,2025-05-10 09:00:00,EARN,43,117,BKG-006830
LTX-0009503,P02788,2025-06-19 09:00:00,EARN,85,202,BKG-003756
LTX-0009504,P02788,2025-06-29 09:00:00,EARN,39,241,BKG-010176
LTX-0009505,P02788,2025-12-14 09:00:00,EARN,25,266,BKG-004572
LTX-0009506,P00075,2025-08-21 09:00:00,EARN,14,14,BKG-007041
LTX-0009507,P00075,2025-09-05 09:00:00,EARN,10,24,BKG-003411
LTX-0009508,P00075,2025-10-14 09:00:00,EARN,34,58,BKG-006393
LTX-0009509,P03092,2025-06-02 09:00:00,EARN,39,39,BKG-004521
LTX-0009510,P03092,2025-06-04 09:00:00,EARN,57,96,BKG-009292
LTX-0009511,P03092,2025-10-07 09:00:00,EARN,42,138,BKG-003413
LTX-0009512,P02071,2025-03-01 09:00:00,EARN,55,55,BKG-012379
LTX-0009513,P02071,2025-03-29 09:00:00,EARN,38,93,BKG-011552
LTX-0009514,P02071,2025-06-18 09:00:00,EARN,43,136,BKG-005090
LTX-0009515,P02071,2025-11-10 09:00:00,EARN,24,160,BKG-003414
LTX-0009516,P02071,2025-11-10 18:00:00,REDEEM,-10,150,BKG-003414
LTX-0009517,P02071,2025-12-06 09:00:00,EARN,72,222,BKG-010937
LTX-0009518,P02765,2025-06-26 09:00:00,EARN,9,9,BKG-008999
LTX-0009519,P02765,2025-08-06 09:00:00,EARN,36,45,BKG-007095
LTX-0009520,P02765,2025-11-09 09:00:00,EARN,38,83,BKG-010506
LTX-0009521,P02765,2025-11-09 18:00:00,REDEEM,-20,63,BKG-010506
LTX-0009522,P02765,2025-12-19 09:00:00,EARN,31,94,BKG-003417
LTX-0009523,P03796,2024-12-18 09:00:00,EARN,36,36,BKG-003418
LTX-0009524,P03796,2025-03-25 09:00:00,EARN,8,44,BKG-010740
LTX-0009525,P03796,2025-05-15 09:00:00,EARN,71,115,BKG-004740
LTX-0009526,P03796,2025-05-15 18:00:00,REDEEM,-20,95,BKG-004740
LTX-0009527,P03796,2025-06-25 09:00:00,EARN,66,161,BKG-007151
LTX-0009528,P03796,2025-06-25 18:00:00,REDEEM,-30,131,BKG-007151
LTX-0009529,P03796,2025-11-13 09:00:00,EARN,93,224,BKG-006548
LTX-0009530,P02476,2024-12-09 09:00:00,EARN,30,30,BKG-011088
LTX-0009531,P02476,2025-01-01 09:00:00,EARN,36,66,BKG-012150
LTX-0009532,P02476,2025-02-01 09:00:00,EARN,39,105,BKG-003420
LTX-0009533,P02476,2025-02-01 18:00:00,REDEEM,-30,75,BKG-003420
LTX-0009534,P02476,2025-05-12 09:00:00,EARN,46,121,BKG-010397
LTX-0009535,P02476,2025-05-17 09:00:00,EARN,40,161,BKG-009187
LTX-0009536,P02476,2025-11-29 09:00:00,EARN,47,208,BKG-008911
LTX-0009537,P02476,2025-12-19 09:00:00,EARN,70,278,BKG-007022
LTX-0009538,P01561,2025-01-26 09:00:00,EARN,47,47,BKG-009103
LTX-0009539,P01561,2025-02-10 09:00:00,EARN,44,91,BKG-003421
LTX-0009540,P01561,2025-02-10 18:00:00,REDEEM,-10,81,BKG-003421
LTX-0009541,P01561,2025-06-05 09:00:00,EARN,48,129,BKG-005702
LTX-0009542,P01561,2025-06-16 09:00:00,EARN,20,149,BKG-005397
LTX-0009543,P01719,2025-06-15 09:00:00,EARN,44,44,BKG-003422
LTX-0009544,P01719,2025-07-10 09:00:00,EARN,21,65,BKG-011108
LTX-0009545,P02782,2025-12-13 09:00:00,EARN,40,40,BKG-003423
LTX-0009546,P00202,2025-05-31 09:00:00,EARN,55,55,BKG-009559
LTX-0009547,P00202,2025-06-20 09:00:00,EARN,68,123,BKG-009230
LTX-0009548,P00202,2025-12-02 09:00:00,EARN,61,184,BKG-003427
LTX-0009549,P02406,2025-07-05 09:00:00,EARN,62,62,BKG-009593
LTX-0009550,P02406,2025-10-17 09:00:00,EARN,17,79,BKG-005988
LTX-0009551,P02406,2025-11-29 09:00:00,EARN,42,121,BKG-003428
LTX-0009552,P00804,2025-11-14 09:00:00,EARN,27,27,BKG-011533
LTX-0009553,P00804,2025-11-22 09:00:00,EARN,38,65,BKG-003429
LTX-0009554,P00804,2025-12-03 09:00:00,EARN,21,86,BKG-011321
LTX-0009555,P02487,2025-07-20 09:00:00,EARN,22,22,BKG-003430
LTX-0009556,P02487,2025-11-05 09:00:00,EARN,59,81,BKG-009743
LTX-0009557,P02487,2025-11-25 09:00:00,EARN,16,97,BKG-006904
LTX-0009558,P02487,2025-11-25 18:00:00,REDEEM,-30,67,BKG-006904
LTX-0009559,P03417,2025-06-24 09:00:00,EARN,39,39,BKG-003431
LTX-0009560,P03417,2025-11-11 09:00:00,EARN,38,77,BKG-003981
LTX-0009561,P02197,2025-06-27 09:00:00,EARN,31,31,BKG-003433
LTX-0009562,P02197,2025-08-03 09:00:00,EARN,46,77,BKG-006896
LTX-0009563,P02197,2025-11-12 09:00:00,EARN,60,137,BKG-008799
LTX-0009564,P02197,2025-11-12 18:00:00,REDEEM,-30,107,BKG-008799
LTX-0009565,P02197,2025-12-05 09:00:00,EARN,25,132,BKG-004971
LTX-0009566,P03540,2025-09-18 09:00:00,EARN,15,15,BKG-003437
LTX-0009567,P01650,2025-06-23 09:00:00,EARN,43,43,BKG-003438
LTX-0009568,P01699,2025-03-27 09:00:00,EARN,16,16,BKG-005600
LTX-0009569,P01699,2025-05-15 09:00:00,EARN,45,61,BKG-003443
LTX-0009570,P01699,2025-10-04 09:00:00,EARN,53,114,BKG-011350
LTX-0009571,P01336,2025-09-28 09:00:00,EARN,22,22,BKG-003444
LTX-0009572,P03624,2024-12-29 09:00:00,EARN,80,80,BKG-007875
LTX-0009573,P03624,2025-04-02 09:00:00,EARN,76,156,BKG-008311
LTX-0009574,P03624,2025-06-09 09:00:00,EARN,79,235,BKG-003447
LTX-0009575,P01308,2025-01-30 09:00:00,EARN,27,27,BKG-003449
LTX-0009576,P01308,2025-05-11 09:00:00,EARN,51,78,BKG-011011
LTX-0009577,P01308,2025-06-09 09:00:00,EARN,71,149,BKG-009382
LTX-0009578,P01308,2025-07-27 09:00:00,EARN,60,209,BKG-005873
LTX-0009579,P01308,2025-12-04 09:00:00,EARN,72,281,BKG-004177
LTX-0009580,P01308,2025-12-04 18:00:00,REDEEM,-10,271,BKG-004177
LTX-0009581,P02649,2025-04-24 09:00:00,EARN,24,24,BKG-003451
LTX-0009582,P02649,2025-04-24 18:00:00,REDEEM,-10,14,BKG-003451
LTX-0009583,P00525,2025-07-10 09:00:00,EARN,10,10,BKG-003454
LTX-0009584,P00525,2025-11-18 09:00:00,EARN,66,76,BKG-005403
LTX-0009585,P02904,2025-03-18 09:00:00,EARN,53,53,BKG-003455
LTX-0009586,P02904,2025-06-22 09:00:00,EARN,55,108,BKG-008653
LTX-0009587,P02904,2025-06-22 18:00:00,REDEEM,-10,98,BKG-008653
LTX-0009588,P02904,2025-11-09 09:00:00,EARN,72,170,BKG-012137
LTX-0009589,P01588,2025-03-27 09:00:00,EARN,70,70,BKG-003456
LTX-0009590,P01588,2025-06-20 09:00:00,EARN,65,135,BKG-005648
LTX-0009591,P01588,2025-10-04 09:00:00,EARN,60,195,BKG-003914
LTX-0009592,P01588,2025-12-07 09:00:00,EARN,37,232,BKG-009680
LTX-0009593,P00161,2025-04-16 09:00:00,EARN,32,32,BKG-003457
LTX-0009594,P03559,2025-05-02 09:00:00,EARN,32,32,BKG-003463
LTX-0009595,P03559,2025-11-26 09:00:00,EARN,28,60,BKG-008211
LTX-0009596,P00960,2025-01-27 09:00:00,EARN,13,13,BKG-003464
LTX-0009597,P00960,2025-05-23 09:00:00,EARN,58,71,BKG-004759
LTX-0009598,P02496,2025-07-14 09:00:00,EARN,58,58,BKG-003466
LTX-0009599,P02496,2025-07-14 09:00:00,EARN,52,110,BKG-004168
LTX-0009600,P02496,2025-07-14 18:00:00,REDEEM,-20,90,BKG-004168
LTX-0009601,P02496,2025-07-22 09:00:00,EARN,44,134,BKG-009652
LTX-0009602,P02496,2025-10-16 09:00:00,EARN,7,141,BKG-005725
LTX-0009603,P02496,2025-12-06 09:00:00,EARN,17,158,BKG-010587
LTX-0009604,P01390,2025-05-10 09:00:00,EARN,16,16,BKG-011125
LTX-0009605,P01390,2025-07-01 09:00:00,EARN,79,95,BKG-008553
LTX-0009606,P01390,2025-10-11 09:00:00,EARN,14,109,BKG-003467
LTX-0009607,P01580,2025-04-29 09:00:00,EARN,43,43,BKG-003473
LTX-0009608,P01580,2025-05-19 09:00:00,EARN,23,66,BKG-007700
LTX-0009609,P01580,2025-07-02 09:00:00,EARN,45,111,BKG-011687
LTX-0009610,P01580,2025-10-09 09:00:00,EARN,48,159,BKG-004783
LTX-0009611,P02781,2025-02-07 09:00:00,EARN,44,44,BKG-011567
LTX-0009612,P02781,2025-02-07 18:00:00,REDEEM,-20,24,BKG-011567
LTX-0009613,P02781,2025-03-06 09:00:00,EARN,16,40,BKG-006200
LTX-0009614,P02781,2025-05-10 09:00:00,EARN,39,79,BKG-003475
LTX-0009615,P02781,2025-05-20 09:00:00,EARN,76,155,BKG-008326
LTX-0009616,P02781,2025-07-06 09:00:00,EARN,41,196,BKG-011795
LTX-0009617,P02781,2025-07-06 18:00:00,REDEEM,-30,166,BKG-011795
LTX-0009618,P02781,2025-07-11 09:00:00,EARN,36,202,BKG-007981
LTX-0009619,P02781,2025-07-11 18:00:00,REDEEM,-10,192,BKG-007981
LTX-0009620,P02781,2025-08-10 09:00:00,EARN,54,246,BKG-008134
LTX-0009621,P02781,2025-12-13 09:00:00,EARN,100,346,BKG-003739
LTX-0009622,P02781,2025-12-13 18:00:00,REDEEM,-30,316,BKG-003739
LTX-0009623,P02781,2025-12-18 09:00:00,EARN,46,362,BKG-011971
LTX-0009624,P01039,2025-02-06 09:00:00,EARN,36,36,BKG-003476
LTX-0009625,P01039,2025-06-01 09:00:00,EARN,65,101,BKG-009453
LTX-0009626,P01039,2025-11-05 09:00:00,EARN,10,111,BKG-011286
LTX-0009627,P01039,2025-12-16 09:00:00,EARN,38,149,BKG-008390
LTX-0009628,P03405,2025-02-18 09:00:00,EARN,42,42,BKG-009164
LTX-0009629,P03405,2025-04-10 09:00:00,EARN,62,104,BKG-003482
LTX-0009630,P03405,2025-04-28 09:00:00,EARN,36,140,BKG-006121
LTX-0009631,P03405,2025-05-16 09:00:00,EARN,36,176,BKG-006306
LTX-0009632,P03405,2025-05-27 09:00:00,EARN,92,268,BKG-004263
LTX-0009633,P03405,2025-09-20 09:00:00,EARN,16,284,BKG-011398
LTX-0009634,P00244,2025-10-12 09:00:00,EARN,29,29,BKG-005616
LTX-0009635,P00244,2025-10-19 09:00:00,EARN,68,97,BKG-003485
LTX-0009636,P00244,2025-11-24 09:00:00,EARN,34,131,BKG-009359
LTX-0009637,P02163,2025-01-01 09:00:00,EARN,56,56,BKG-010763
LTX-0009638,P02163,2025-04-08 09:00:00,EARN,39,95,BKG-003486
LTX-0009639,P02163,2025-05-15 09:00:00,EARN,27,122,BKG-011047
LTX-0009640,P02163,2025-07-02 09:00:00,EARN,42,164,BKG-008470
LTX-0009641,P02163,2025-07-06 09:00:00,EARN,107,271,BKG-006918
LTX-0009642,P02163,2025-12-06 09:00:00,EARN,74,345,BKG-006348
LTX-0009643,P00356,2025-10-07 09:00:00,EARN,20,20,BKG-003490
LTX-0009644,P03750,2025-02-27 09:00:00,EARN,40,40,BKG-003493
LTX-0009645,P03750,2025-02-27 18:00:00,REDEEM,-20,20,BKG-003493
LTX-0009646,P03750,2025-04-13 09:00:00,EARN,20,40,BKG-004245
LTX-0009647,P03750,2025-11-11 09:00:00,EARN,19,59,BKG-008463
LTX-0009648,P02435,2025-01-03 09:00:00,EARN,38,38,BKG-006029
LTX-0009649,P02435,2025-09-24 09:00:00,EARN,54,92,BKG-010997
LTX-0009650,P02435,2025-09-24 18:00:00,REDEEM,-10,82,BKG-010997
LTX-0009651,P02435,2025-12-21 09:00:00,EARN,62,144,BKG-003494
LTX-0009652,P00938,2025-02-04 09:00:00,EARN,42,42,BKG-003496
LTX-0009653,P00938,2025-03-10 09:00:00,EARN,23,65,BKG-006893
LTX-0009654,P01275,2024-12-12 09:00:00,EARN,18,18,BKG-003498
LTX-0009655,P01275,2025-06-08 09:00:00,EARN,50,68,BKG-005358
LTX-0009656,P01275,2025-06-08 18:00:00,REDEEM,-10,58,BKG-005358
LTX-0009657,P01275,2025-11-30 09:00:00,EARN,64,122,BKG-009020
LTX-0009658,P00560,2025-06-17 09:00:00,EARN,44,44,BKG-003499
LTX-0009659,P03754,2025-01-17 09:00:00,EARN,30,30,BKG-005162
LTX-0009660,P03754,2025-02-21 09:00:00,EARN,68,98,BKG-003505
LTX-0009661,P03754,2025-05-05 09:00:00,EARN,42,140,BKG-009060
LTX-0009662,P03754,2025-05-05 18:00:00,REDEEM,-20,120,BKG-009060
LTX-0009663,P03754,2025-07-15 09:00:00,EARN,38,158,BKG-006469
LTX-0009664,P00757,2025-08-02 09:00:00,EARN,45,45,BKG-003506
LTX-0009665,P00757,2025-08-02 18:00:00,REDEEM,-30,15,BKG-003506
LTX-0009666,P00757,2025-12-07 09:00:00,EARN,42,57,BKG-004867
LTX-0009667,P03353,2025-02-20 09:00:00,EARN,40,40,BKG-005568
LTX-0009668,P03353,2025-05-07 09:00:00,EARN,40,80,BKG-003508
LTX-0009669,P03353,2025-05-13 09:00:00,EARN,20,100,BKG-011446
LTX-0009670,P03353,2025-11-27 09:00:00,EARN,70,170,BKG-008722
LTX-0009671,P03841,2024-12-20 09:00:00,EARN,40,40,BKG-003512
LTX-0009672,P03841,2025-12-20 09:00:00,EARN,94,134,BKG-008583
LTX-0009673,P02955,2025-01-15 09:00:00,EARN,27,27,BKG-003518
LTX-0009674,P02955,2025-06-26 09:00:00,EARN,12,39,BKG-009082
LTX-0009675,P02955,2025-07-06 09:00:00,EARN,50,89,BKG-011469
LTX-0009676,P02955,2025-08-17 09:00:00,EARN,37,126,BKG-008933
LTX-0009677,P02955,2025-09-15 09:00:00,EARN,73,199,BKG-005261
LTX-0009678,P02955,2025-09-15 18:00:00,REDEEM,-30,169,BKG-005261
LTX-0009679,P01469,2025-06-15 09:00:00,EARN,30,30,BKG-012393
LTX-0009680,P01469,2025-12-05 09:00:00,EARN,50,80,BKG-003520
LTX-0009681,P02472,2025-04-25 09:00:00,EARN,47,47,BKG-003522
LTX-0009682,P02472,2025-04-25 18:00:00,REDEEM,-10,37,BKG-003522
LTX-0009683,P02472,2025-06-19 09:00:00,EARN,42,79,BKG-003542
LTX-0009684,P02472,2025-07-27 09:00:00,EARN,48,127,BKG-009236
LTX-0009685,P02472,2025-07-27 18:00:00,REDEEM,-10,117,BKG-009236
LTX-0009686,P03685,2025-06-02 09:00:00,EARN,22,22,BKG-004554
LTX-0009687,P03685,2025-06-22 09:00:00,EARN,20,42,BKG-003523
LTX-0009688,P03078,2025-01-28 09:00:00,EARN,60,60,BKG-005806
LTX-0009689,P03078,2025-03-15 09:00:00,EARN,36,96,BKG-010526
LTX-0009690,P03078,2025-03-16 09:00:00,EARN,42,138,BKG-003526
LTX-0009691,P03078,2025-03-21 09:00:00,EARN,6,144,BKG-010741
LTX-0009692,P03078,2025-05-24 09:00:00,EARN,41,185,BKG-011815
LTX-0009693,P03078,2025-06-14 09:00:00,EARN,40,225,BKG-010693
LTX-0009694,P00221,2024-12-29 09:00:00,EARN,22,22,BKG-008703
LTX-0009695,P00221,2025-01-26 09:00:00,EARN,25,47,BKG-003527
LTX-0009696,P01611,2025-06-05 09:00:00,EARN,46,46,BKG-009812
LTX-0009697,P01611,2025-06-10 09:00:00,EARN,92,138,BKG-009877
LTX-0009698,P01611,2025-06-11 09:00:00,EARN,23,161,BKG-011650
LTX-0009699,P01611,2025-11-12 09:00:00,EARN,16,177,BKG-003528
LTX-0009700,P02868,2025-02-11 09:00:00,EARN,28,28,BKG-005211
LTX-0009701,P02868,2025-05-14 09:00:00,EARN,19,47,BKG-009185
LTX-0009702,P02868,2025-06-08 09:00:00,EARN,9,56,BKG-008110
LTX-0009703,P02868,2025-10-27 09:00:00,EARN,80,136,BKG-003530
LTX-0009704,P02868,2025-11-12 09:00:00,EARN,57,193,BKG-004607
LTX-0009705,P03357,2025-01-16 09:00:00,EARN,33,33,BKG-003533
LTX-0009706,P03357,2025-01-16 18:00:00,REDEEM,-30,3,BKG-003533
LTX-0009707,P03357,2025-02-13 09:00:00,EARN,50,53,BKG-003591
LTX-0009708,P03357,2025-11-29 09:00:00,EARN,46,99,BKG-005764
LTX-0009709,P00900,2025-01-24 09:00:00,EARN,66,66,BKG-004865
LTX-0009710,P00900,2025-07-07 09:00:00,EARN,79,145,BKG-006758
LTX-0009711,P00900,2025-07-27 09:00:00,EARN,26,171,BKG-003534
LTX-0009712,P03075,2025-06-12 09:00:00,EARN,31,31,BKG-010896
LTX-0009713,P03075,2025-06-29 09:00:00,EARN,44,75,BKG-005216
LTX-0009714,P03075,2025-06-29 18:00:00,REDEEM,-10,65,BKG-005216
LTX-0009715,P03075,2025-07-12 09:00:00,EARN,40,105,BKG-005880
LTX-0009716,P03075,2025-09-01 09:00:00,EARN,67,172,BKG-009150
LTX-0009717,P03075,2025-11-08 09:00:00,EARN,28,200,BKG-003538
LTX-0009718,P02136,2025-01-10 09:00:00,EARN,53,53,BKG-005411
LTX-0009719,P02136,2025-05-21 09:00:00,EARN,70,123,BKG-003540
LTX-0009720,P02136,2025-05-21 18:00:00,REDEEM,-30,93,BKG-003540
LTX-0009721,P04000,2025-07-01 09:00:00,EARN,12,12,BKG-003541
LTX-0009722,P00890,2025-02-06 09:00:00,EARN,56,56,BKG-003716
LTX-0009723,P00890,2025-12-04 09:00:00,EARN,20,76,BKG-003544
LTX-0009724,P00890,2025-12-08 09:00:00,EARN,50,126,BKG-010420
LTX-0009725,P02767,2024-12-12 09:00:00,EARN,32,32,BKG-004730
LTX-0009726,P02767,2025-02-01 09:00:00,EARN,25,57,BKG-003545
LTX-0009727,P02767,2025-05-27 09:00:00,EARN,54,111,BKG-006460
LTX-0009728,P02767,2025-07-29 09:00:00,EARN,30,141,BKG-009740
LTX-0009729,P03246,2025-05-24 09:00:00,EARN,29,29,BKG-008363
LTX-0009730,P03246,2025-05-31 09:00:00,EARN,105,134,BKG-006521
LTX-0009731,P03246,2025-10-04 09:00:00,EARN,10,144,BKG-003547
LTX-0009732,P03246,2025-12-18 09:00:00,EARN,24,168,BKG-011611
LTX-0009733,P03252,2024-12-22 09:00:00,EARN,28,28,BKG-003549
LTX-0009734,P03252,2025-06-20 09:00:00,EARN,40,68,BKG-012418
LTX-0009735,P03252,2025-06-30 09:00:00,EARN,32,100,BKG-008792
LTX-0009736,P03252,2025-11-17 09:00:00,EARN,39,139,BKG-007647
LTX-0009737,P03252,2025-12-10 09:00:00,EARN,100,239,BKG-004254
LTX-0009738,P00750,2025-02-05 09:00:00,EARN,84,84,BKG-003918
LTX-0009739,P00750,2025-05-04 09:00:00,EARN,62,146,BKG-009697
LTX-0009740,P00750,2025-06-04 09:00:00,EARN,48,194,BKG-003550
LTX-0009741,P00750,2025-10-04 09:00:00,EARN,56,250,BKG-007696
LTX-0009742,P00750,2025-10-04 18:00:00,REDEEM,-30,220,BKG-007696
LTX-0009743,P00750,2025-11-16 09:00:00,EARN,69,289,BKG-004176
LTX-0009744,P01593,2025-01-16 09:00:00,EARN,25,25,BKG-004591
LTX-0009745,P01593,2025-07-09 09:00:00,EARN,27,52,BKG-005780
LTX-0009746,P01593,2025-07-12 09:00:00,EARN,45,97,BKG-006085
LTX-0009747,P01593,2025-10-25 09:00:00,EARN,23,120,BKG-003551
LTX-0009748,P01593,2025-10-25 18:00:00,REDEEM,-20,100,BKG-003551
LTX-0009749,P01665,2025-01-27 09:00:00,EARN,56,56,BKG-003557
LTX-0009750,P01665,2025-10-17 09:00:00,EARN,92,148,BKG-009307
LTX-0009751,P01665,2025-12-03 09:00:00,EARN,12,160,BKG-005940
LTX-0009752,P03444,2025-03-06 09:00:00,EARN,37,37,BKG-003558
LTX-0009753,P03444,2025-03-06 18:00:00,REDEEM,-20,17,BKG-003558
LTX-0009754,P03444,2025-03-12 09:00:00,EARN,28,45,BKG-005759
LTX-0009755,P03444,2025-07-04 09:00:00,EARN,37,82,BKG-010596
LTX-0009756,P03468,2025-01-31 09:00:00,EARN,6,6,BKG-006459
LTX-0009757,P03468,2025-04-06 09:00:00,EARN,54,60,BKG-010930
LTX-0009758,P03468,2025-06-21 09:00:00,EARN,40,100,BKG-012234
LTX-0009759,P03468,2025-07-20 09:00:00,EARN,89,189,BKG-003559
LTX-0009760,P00536,2025-04-14 09:00:00,EARN,24,24,BKG-010675
LTX-0009761,P00536,2025-05-10 09:00:00,EARN,59,83,BKG-005486
LTX-0009762,P00536,2025-08-20 09:00:00,EARN,60,143,BKG-003563
LTX-0009763,P00536,2025-11-09 09:00:00,EARN,19,162,BKG-005508
LTX-0009764,P00536,2025-12-19 09:00:00,EARN,50,212,BKG-010084
LTX-0009765,P00111,2025-03-04 09:00:00,EARN,67,67,BKG-003571
LTX-0009766,P00111,2025-06-21 09:00:00,EARN,52,119,BKG-005336
LTX-0009767,P00973,2025-01-06 09:00:00,EARN,68,68,BKG-009116
LTX-0009768,P00973,2025-05-14 09:00:00,EARN,43,111,BKG-003572
LTX-0009769,P00686,2025-01-10 09:00:00,EARN,57,57,BKG-010633
LTX-0009770,P00686,2025-06-17 09:00:00,EARN,75,132,BKG-003573
LTX-0009771,P00686,2025-12-19 09:00:00,EARN,80,212,BKG-006857
LTX-0009772,P00880,2025-02-24 09:00:00,EARN,20,20,BKG-003577
LTX-0009773,P00880,2025-04-13 09:00:00,EARN,37,57,BKG-006538
LTX-0009774,P00880,2025-06-23 09:00:00,EARN,44,101,BKG-005920
LTX-0009775,P00880,2025-07-02 09:00:00,EARN,119,220,BKG-004062
LTX-0009776,P00880,2025-10-17 09:00:00,EARN,59,279,BKG-011285
LTX-0009777,P01860,2025-01-14 09:00:00,EARN,14,14,BKG-003579
LTX-0009778,P01860,2025-05-25 09:00:00,EARN,26,40,BKG-011987
LTX-0009779,P01860,2025-06-05 09:00:00,EARN,7,47,BKG-012014
LTX-0009780,P01860,2025-06-20 09:00:00,EARN,41,88,BKG-010963
LTX-0009781,P01860,2025-06-26 09:00:00,EARN,41,129,BKG-003920
LTX-0009782,P01860,2025-11-08 09:00:00,EARN,79,208,BKG-004840
LTX-0009783,P03896,2025-05-11 09:00:00,EARN,35,35,BKG-003580
LTX-0009784,P03896,2025-05-11 18:00:00,REDEEM,-20,15,BKG-003580
LTX-0009785,P03001,2025-04-21 09:00:00,EARN,30,30,BKG-003582
LTX-0009786,P03001,2025-04-21 18:00:00,REDEEM,-30,0,BKG-003582
LTX-0009787,P03001,2025-04-27 09:00:00,EARN,17,17,BKG-010031
LTX-0009788,P03001,2025-10-01 09:00:00,EARN,28,45,BKG-011234
LTX-0009789,P03377,2025-02-06 09:00:00,EARN,54,54,BKG-004897
LTX-0009790,P03377,2025-02-06 18:00:00,REDEEM,-10,44,BKG-004897
LTX-0009791,P03377,2025-04-04 09:00:00,EARN,22,66,BKG-003685
LTX-0009792,P03377,2025-05-18 09:00:00,EARN,43,109,BKG-003584
LTX-0009793,P03377,2025-05-18 18:00:00,REDEEM,-30,79,BKG-003584
LTX-0009794,P03377,2025-05-27 09:00:00,EARN,54,133,BKG-005319
LTX-0009795,P03377,2025-07-11 09:00:00,EARN,69,202,BKG-011305
LTX-0009796,P03377,2025-11-22 09:00:00,EARN,44,246,BKG-003688
LTX-0009797,P00010,2025-02-25 09:00:00,EARN,40,40,BKG-003585
LTX-0009798,P00010,2025-08-09 09:00:00,EARN,18,58,BKG-011942
LTX-0009799,P00010,2025-08-19 09:00:00,EARN,14,72,BKG-010754
LTX-0009800,P00010,2025-12-05 09:00:00,EARN,73,145,BKG-006890
LTX-0009801,P01533,2024-12-29 09:00:00,EARN,40,40,BKG-009347
LTX-0009802,P01533,2025-01-24 09:00:00,EARN,29,69,BKG-010610
LTX-0009803,P01533,2025-06-05 09:00:00,EARN,66,135,BKG-003594
LTX-0009804,P01675,2025-06-25 09:00:00,EARN,9,9,BKG-003595
LTX-0009805,P03311,2025-06-18 09:00:00,EARN,11,11,BKG-003596
LTX-0009806,P03311,2025-07-03 09:00:00,EARN,75,86,BKG-010364
LTX-0009807,P03311,2025-11-23 09:00:00,EARN,41,127,BKG-009508
LTX-0009808,P03311,2025-12-18 09:00:00,EARN,49,176,BKG-004361
LTX-0009809,P01966,2025-06-05 09:00:00,EARN,31,31,BKG-003600
LTX-0009810,P01621,2025-04-22 09:00:00,EARN,10,10,BKG-005067
LTX-0009811,P01621,2025-09-22 09:00:00,EARN,16,26,BKG-003601
LTX-0009812,P01621,2025-09-22 18:00:00,REDEEM,-10,16,BKG-003601
LTX-0009813,P01687,2025-06-01 09:00:00,EARN,77,77,BKG-010483
LTX-0009814,P01687,2025-06-07 09:00:00,EARN,106,183,BKG-003602
LTX-0009815,P01687,2025-09-02 09:00:00,EARN,25,208,BKG-011176
LTX-0009816,P01687,2025-10-05 09:00:00,EARN,41,249,BKG-007512
LTX-0009817,P01687,2025-11-14 09:00:00,EARN,13,262,BKG-006496
LTX-0009818,P02603,2025-03-13 09:00:00,EARN,53,53,BKG-011530
LTX-0009819,P02603,2025-03-13 18:00:00,REDEEM,-30,23,BKG-011530
LTX-0009820,P02603,2025-06-08 09:00:00,EARN,23,46,BKG-010361
LTX-0009821,P02603,2025-07-24 09:00:00,EARN,54,100,BKG-007913
LTX-0009822,P02603,2025-08-06 09:00:00,EARN,58,158,BKG-003604
LTX-0009823,P02603,2025-08-16 09:00:00,EARN,34,192,BKG-003693
LTX-0009824,P00066,2025-07-02 09:00:00,EARN,98,98,BKG-010739
LTX-0009825,P00066,2025-08-26 09:00:00,EARN,9,107,BKG-003606
LTX-0009826,P00066,2025-12-08 09:00:00,EARN,35,142,BKG-011865
LTX-0009827,P01626,2025-01-02 09:00:00,EARN,20,20,BKG-003608
LTX-0009828,P01626,2025-01-02 18:00:00,REDEEM,-10,10,BKG-003608
LTX-0009829,P01626,2025-02-27 09:00:00,EARN,53,63,BKG-008107
LTX-0009830,P01626,2025-11-19 09:00:00,EARN,22,85,BKG-004888
LTX-0009831,P02951,2025-10-07 09:00:00,EARN,54,54,BKG-007786
LTX-0009832,P02951,2025-11-06 09:00:00,EARN,53,107,BKG-003609
LTX-0009833,P01946,2025-01-28 09:00:00,EARN,39,39,BKG-009731
LTX-0009834,P01946,2025-06-20 09:00:00,EARN,14,53,BKG-003612
LTX-0009835,P01946,2025-07-08 09:00:00,EARN,56,109,BKG-004067
LTX-0009836,P02929,2025-05-31 09:00:00,EARN,36,36,BKG-003615
LTX-0009837,P02929,2025-08-29 09:00:00,EARN,7,43,BKG-008292
LTX-0009838,P02929,2025-11-05 09:00:00,EARN,37,80,BKG-011337
LTX-0009839,P02929,2025-11-24 09:00:00,EARN,22,102,BKG-007823
LTX-0009840,P02929,2025-12-07 09:00:00,EARN,20,122,BKG-003766
LTX-0009841,P01239,2025-03-10 09:00:00,EARN,48,48,BKG-007710
LTX-0009842,P01239,2025-05-27 09:00:00,EARN,75,123,BKG-003618
LTX-0009843,P01239,2025-05-27 18:00:00,REDEEM,-10,113,BKG-003618
LTX-0009844,P01239,2025-06-02 09:00:00,EARN,37,150,BKG-011816
LTX-0009845,P01239,2025-11-17 09:00:00,EARN,33,183,BKG-004068
LTX-0009846,P01793,2025-06-25 09:00:00,EARN,100,100,BKG-003619
LTX-0009847,P01793,2025-07-16 09:00:00,EARN,57,157,BKG-010531
LTX-0009848,P01793,2025-11-25 09:00:00,EARN,74,231,BKG-009778
LTX-0009849,P03228,2025-09-23 09:00:00,EARN,28,28,BKG-004032
LTX-0009850,P03228,2025-11-04 09:00:00,EARN,50,78,BKG-003620
LTX-0009851,P03228,2025-11-04 18:00:00,REDEEM,-10,68,BKG-003620
LTX-0009852,P03127,2024-12-09 09:00:00,EARN,13,13,BKG-007963
LTX-0009853,P03127,2025-02-01 09:00:00,EARN,54,67,BKG-010351
LTX-0009854,P03127,2025-02-01 18:00:00,REDEEM,-30,37,BKG-010351
LTX-0009855,P03127,2025-09-28 09:00:00,EARN,36,73,BKG-003625
LTX-0009856,P00376,2025-11-02 09:00:00,EARN,34,34,BKG-003626
LTX-0009857,P01485,2025-06-10 09:00:00,EARN,70,70,BKG-003628
LTX-0009858,P01485,2025-07-05 09:00:00,EARN,87,157,BKG-007439
LTX-0009859,P01485,2025-07-17 09:00:00,EARN,52,209,BKG-008804
LTX-0009860,P01485,2025-07-17 18:00:00,REDEEM,-20,189,BKG-008804
LTX-0009861,P02996,2025-03-22 09:00:00,EARN,69,69,BKG-004669
LTX-0009862,P02996,2025-05-30 09:00:00,EARN,65,134,BKG-003631
LTX-0009863,P02996,2025-09-23 09:00:00,EARN,55,189,BKG-004846
LTX-0009864,P01537,2025-02-10 09:00:00,EARN,46,46,BKG-003636
LTX-0009865,P01537,2025-04-18 09:00:00,EARN,60,106,BKG-009925
LTX-0009866,P01537,2025-05-21 09:00:00,EARN,7,113,BKG-007539
LTX-0009867,P03856,2025-05-02 09:00:00,EARN,29,29,BKG-008039
LTX-0009868,P03856,2025-07-17 09:00:00,EARN,68,97,BKG-011768
LTX-0009869,P03856,2025-09-25 09:00:00,EARN,59,156,BKG-003637
LTX-0009870,P01429,2025-02-25 09:00:00,EARN,54,54,BKG-008083
LTX-0009871,P01429,2025-06-26 09:00:00,EARN,38,92,BKG-003638
LTX-0009872,P01429,2025-06-26 18:00:00,REDEEM,-10,82,BKG-003638
LTX-0009873,P01429,2025-09-14 09:00:00,EARN,22,104,BKG-003862
LTX-0009874,P01691,2025-04-13 09:00:00,EARN,68,68,BKG-003642
LTX-0009875,P01691,2025-12-03 09:00:00,EARN,39,107,BKG-010386
LTX-0009876,P00130,2025-01-17 09:00:00,EARN,63,63,BKG-006034
LTX-0009877,P00130,2025-05-24 09:00:00,EARN,14,77,BKG-012199
LTX-0009878,P00130,2025-11-24 09:00:00,EARN,19,96,BKG-005824
LTX-0009879,P00130,2025-12-16 09:00:00,EARN,28,124,BKG-003643
LTX-0009880,P02819,2025-01-10 09:00:00,EARN,38,38,BKG-009651
LTX-0009881,P02819,2025-02-19 09:00:00,EARN,31,69,BKG-009354
LTX-0009882,P02819,2025-03-04 09:00:00,EARN,32,101,BKG-006104
LTX-0009883,P02819,2025-11-28 09:00:00,EARN,46,147,BKG-003644
LTX-0009884,P01978,2025-01-06 09:00:00,EARN,33,33,BKG-010154
LTX-0009885,P01978,2025-06-27 09:00:00,EARN,18,51,BKG-007029
LTX-0009886,P01978,2025-07-08 09:00:00,EARN,39,90,BKG-005661
LTX-0009887,P01978,2025-08-10 09:00:00,EARN,31,121,BKG-007586
LTX-0009888,P01978,2025-12-03 09:00:00,EARN,20,141,BKG-003646
LTX-0009889,P03610,2025-06-28 09:00:00,EARN,26,26,BKG-003649
LTX-0009890,P02945,2025-02-10 09:00:00,EARN,40,40,BKG-009177
LTX-0009891,P02945,2025-07-05 09:00:00,EARN,15,55,BKG-003651
LTX-0009892,P02945,2025-12-12 09:00:00,EARN,32,87,BKG-004648
LTX-0009893,P00118,2025-01-08 09:00:00,EARN,71,71,BKG-007303
LTX-0009894,P00118,2025-04-23 09:00:00,EARN,50,121,BKG-006386
LTX-0009895,P00118,2025-05-09 09:00:00,EARN,10,131,BKG-010588
LTX-0009896,P00118,2025-06-21 09:00:00,EARN,55,186,BKG-003654
LTX-0009897,P02234,2025-01-26 09:00:00,EARN,78,78,BKG-011932
LTX-0009898,P02234,2025-05-26 09:00:00,EARN,34,112,BKG-003658
LTX-0009899,P02234,2025-11-29 09:00:00,EARN,109,221,BKG-011168
LTX-0009900,P02570,2025-01-17 09:00:00,EARN,58,58,BKG-003659
LTX-0009901,P02570,2025-04-05 09:00:00,EARN,49,107,BKG-006494
LTX-0009902,P02570,2025-06-24 09:00:00,EARN,61,168,BKG-010948
LTX-0009903,P02570,2025-07-06 09:00:00,EARN,83,251,BKG-008932
LTX-0009904,P02180,2025-01-13 09:00:00,EARN,42,42,BKG-007181
LTX-0009905,P02180,2025-02-28 09:00:00,EARN,6,48,BKG-006208
LTX-0009906,P02180,2025-11-09 09:00:00,EARN,45,93,BKG-007652
LTX-0009907,P02180,2025-12-06 09:00:00,EARN,37,130,BKG-003661
LTX-0009908,P03586,2025-08-02 09:00:00,EARN,69,69,BKG-003662
LTX-0009909,P03586,2025-09-22 09:00:00,EARN,54,123,BKG-008271
LTX-0009910,P03586,2025-10-19 09:00:00,EARN,17,140,BKG-006071
LTX-0009911,P03586,2025-10-19 18:00:00,REDEEM,-20,120,BKG-006071
LTX-0009912,P00307,2025-06-05 09:00:00,EARN,35,35,BKG-003663
LTX-0009913,P00307,2025-12-02 09:00:00,EARN,44,79,BKG-005417
LTX-0009914,P01680,2025-02-24 09:00:00,EARN,21,21,BKG-003664
LTX-0009915,P01680,2025-03-20 09:00:00,EARN,34,55,BKG-009032
LTX-0009916,P00014,2025-02-23 09:00:00,EARN,39,39,BKG-008018
LTX-0009917,P00014,2025-03-25 09:00:00,EARN,39,78,BKG-003668
LTX-0009918,P02483,2025-01-23 09:00:00,EARN,19,19,BKG-003670
LTX-0009919,P02483,2025-05-16 09:00:00,EARN,68,87,BKG-010594
LTX-0009920,P02483,2025-06-13 09:00:00,EARN,67,154,BKG-010715
LTX-0009921,P02483,2025-12-18 09:00:00,EARN,70,224,BKG-008901
LTX-0009922,P02483,2025-12-18 18:00:00,REDEEM,-20,204,BKG-008901
LTX-0009923,P01475,2025-05-26 09:00:00,EARN,52,52,BKG-009669
LTX-0009924,P01475,2025-06-15 09:00:00,EARN,11,63,BKG-007733
LTX-0009925,P01475,2025-11-18 09:00:00,EARN,39,102,BKG-003671
LTX-0009926,P01475,2025-12-02 09:00:00,EARN,23,125,BKG-009297
LTX-0009927,P01475,2025-12-10 09:00:00,EARN,45,170,BKG-009416
LTX-0009928,P03602,2025-02-19 09:00:00,EARN,44,44,BKG-003672
LTX-0009929,P03602,2025-02-19 18:00:00,REDEEM,-10,34,BKG-003672
LTX-0009930,P03602,2025-03-04 09:00:00,EARN,39,73,BKG-005958
LTX-0009931,P03602,2025-04-12 09:00:00,EARN,54,127,BKG-005747
LTX-0009932,P03602,2025-07-05 09:00:00,EARN,43,170,BKG-004735
LTX-0009933,P03602,2025-11-19 09:00:00,EARN,17,187,BKG-007787
LTX-0009934,P03995,2025-05-25 09:00:00,EARN,53,53,BKG-010920
LTX-0009935,P03995,2025-10-05 09:00:00,EARN,9,62,BKG-003673
LTX-0009936,P03995,2025-10-09 09:00:00,EARN,34,96,BKG-010216
LTX-0009937,P03995,2025-11-02 09:00:00,EARN,106,202,BKG-009723
LTX-0009938,P03897,2025-07-18 09:00:00,EARN,97,97,BKG-003674
LTX-0009939,P01629,2025-04-16 09:00:00,EARN,35,35,BKG-003678
LTX-0009940,P00173,2025-03-10 09:00:00,EARN,20,20,BKG-003683
LTX-0009941,P00173,2025-03-12 09:00:00,EARN,27,47,BKG-004294
LTX-0009942,P02611,2025-01-12 09:00:00,EARN,64,64,BKG-010299
LTX-0009943,P02611,2025-06-14 09:00:00,EARN,30,94,BKG-003689
LTX-0009944,P02611,2025-07-07 09:00:00,EARN,30,124,BKG-012251
LTX-0009945,P02711,2025-05-15 09:00:00,EARN,70,70,BKG-003690
LTX-0009946,P01717,2025-07-18 09:00:00,EARN,79,79,BKG-003694
LTX-0009947,P01717,2025-08-27 09:00:00,EARN,38,117,BKG-008764
LTX-0009948,P01090,2025-03-09 09:00:00,EARN,12,12,BKG-011499
LTX-0009949,P01090,2025-03-09 18:00:00,REDEEM,-10,2,BKG-011499
LTX-0009950,P01090,2025-06-25 09:00:00,EARN,12,14,BKG-006897
LTX-0009951,P01090,2025-07-04 09:00:00,EARN,29,43,BKG-011940
LTX-0009952,P01090,2025-07-17 09:00:00,EARN,22,65,BKG-009086
LTX-0009953,P01090,2025-07-24 09:00:00,EARN,6,71,BKG-003700
LTX-0009954,P01090,2025-07-24 18:00:00,REDEEM,-30,41,BKG-003700
LTX-0009955,P01090,2025-07-31 09:00:00,EARN,54,95,BKG-011238
LTX-0009956,P01090,2025-09-05 09:00:00,EARN,25,120,BKG-004835
LTX-0009957,P02505,2025-07-15 09:00:00,EARN,29,29,BKG-003703
LTX-0009958,P02505,2025-08-14 09:00:00,EARN,19,48,BKG-012324
LTX-0009959,P02505,2025-08-31 09:00:00,EARN,33,81,BKG-006409
LTX-0009960,P02505,2025-08-31 18:00:00,REDEEM,-30,51,BKG-006409
LTX-0009961,P02505,2025-10-15 09:00:00,EARN,46,97,BKG-006419
LTX-0009962,P01651,2025-01-08 09:00:00,EARN,74,74,BKG-011751
LTX-0009963,P01651,2025-02-17 09:00:00,EARN,74,148,BKG-008847
LTX-0009964,P01651,2025-06-09 09:00:00,EARN,27,175,BKG-003705
LTX-0009965,P01813,2025-04-15 09:00:00,EARN,69,69,BKG-008182
LTX-0009966,P01813,2025-06-16 09:00:00,EARN,43,112,BKG-003706
LTX-0009967,P01813,2025-10-01 09:00:00,EARN,37,149,BKG-009040
LTX-0009968,P01813,2025-11-28 09:00:00,EARN,33,182,BKG-012296
LTX-0009969,P01813,2025-11-28 18:00:00,REDEEM,-10,172,BKG-012296
LTX-0009970,P02013,2025-02-06 09:00:00,EARN,22,22,BKG-003707
LTX-0009971,P02013,2025-02-06 18:00:00,REDEEM,-10,12,BKG-003707
LTX-0009972,P02013,2025-03-22 09:00:00,EARN,62,74,BKG-009548
LTX-0009973,P02013,2025-08-06 09:00:00,EARN,28,102,BKG-006879
LTX-0009974,P02013,2025-09-06 09:00:00,EARN,18,120,BKG-009423
LTX-0009975,P02013,2025-09-06 18:00:00,REDEEM,-10,110,BKG-009423
LTX-0009976,P00084,2025-01-04 09:00:00,EARN,32,32,BKG-003708
LTX-0009977,P00084,2025-06-06 09:00:00,EARN,61,93,BKG-005329
LTX-0009978,P03737,2025-06-14 09:00:00,EARN,33,33,BKG-007325
LTX-0009979,P03737,2025-07-08 09:00:00,EARN,22,55,BKG-003709
LTX-0009980,P01959,2025-05-17 09:00:00,EARN,31,31,BKG-011009
LTX-0009981,P01959,2025-05-26 09:00:00,EARN,49,80,BKG-009196
LTX-0009982,P01959,2025-06-12 09:00:00,EARN,34,114,BKG-011250
LTX-0009983,P01959,2025-06-18 09:00:00,EARN,99,213,BKG-007852
LTX-0009984,P01959,2025-06-19 09:00:00,EARN,36,249,BKG-003718
LTX-0009985,P01959,2025-11-09 09:00:00,EARN,87,336,BKG-007085
LTX-0009986,P01959,2025-12-04 09:00:00,EARN,18,354,BKG-012248
LTX-0009987,P03452,2025-06-10 09:00:00,EARN,36,36,BKG-011132
LTX-0009988,P03452,2025-08-21 09:00:00,EARN,37,73,BKG-006541
LTX-0009989,P03452,2025-12-14 09:00:00,EARN,12,85,BKG-010900
LTX-0009990,P03452,2025-12-14 18:00:00,REDEEM,-30,55,BKG-010900
LTX-0009991,P03452,2025-12-17 09:00:00,EARN,30,85,BKG-003719
LTX-0009992,P02497,2025-02-05 09:00:00,EARN,35,35,BKG-003722
LTX-0009993,P02497,2025-08-02 09:00:00,EARN,13,48,BKG-007436
LTX-0009994,P02497,2025-10-03 09:00:00,EARN,46,94,BKG-012263
LTX-0009995,P02497,2025-10-17 09:00:00,EARN,47,141,BKG-012358
LTX-0009996,P02497,2025-11-26 09:00:00,EARN,37,178,BKG-004601
LTX-0009997,P03711,2025-10-17 09:00:00,EARN,45,45,BKG-003863
LTX-0009998,P03711,2025-12-18 09:00:00,EARN,41,86,BKG-003729
LTX-0009999,P01064,2025-06-14 09:00:00,EARN,7,7,BKG-008916
LTX-0010000,P01064,2025-10-10 09:00:00,EARN,21,28,BKG-003731
LTX-0010001,P00700,2025-01-24 09:00:00,EARN,23,23,BKG-011046
LTX-0010002,P00700,2025-02-05 09:00:00,EARN,7,30,BKG-006937
LTX-0010003,P00700,2025-02-13 09:00:00,EARN,47,77,BKG-004430
LTX-0010004,P00700,2025-05-28 09:00:00,EARN,55,132,BKG-005083
LTX-0010005,P00700,2025-05-28 18:00:00,REDEEM,-20,112,BKG-005083
LTX-0010006,P00700,2025-05-31 09:00:00,EARN,76,188,BKG-010773
LTX-0010007,P00700,2025-06-15 09:00:00,EARN,43,231,BKG-004017
LTX-0010008,P00700,2025-11-01 09:00:00,EARN,80,311,BKG-003733
LTX-0010009,P03982,2024-12-19 09:00:00,EARN,30,30,BKG-003734
LTX-0010010,P03982,2025-03-11 09:00:00,EARN,19,49,BKG-009168
LTX-0010011,P03982,2025-05-27 09:00:00,EARN,59,108,BKG-010284
LTX-0010012,P03982,2025-05-27 18:00:00,REDEEM,-10,98,BKG-010284
LTX-0010013,P03982,2025-06-21 09:00:00,EARN,72,170,BKG-010388
LTX-0010014,P03982,2025-07-21 09:00:00,EARN,61,231,BKG-005912
LTX-0010015,P03882,2025-07-16 09:00:00,EARN,93,93,BKG-011827
LTX-0010016,P03882,2025-09-05 09:00:00,EARN,17,110,BKG-003736
LTX-0010017,P00416,2025-06-01 09:00:00,EARN,34,34,BKG-003737
LTX-0010018,P00416,2025-06-01 09:00:00,EARN,50,84,BKG-010142
LTX-0010019,P00416,2025-07-04 09:00:00,EARN,41,125,BKG-006311
LTX-0010020,P00416,2025-11-18 09:00:00,EARN,17,142,BKG-009371
LTX-0010021,P03822,2024-12-29 09:00:00,EARN,17,17,BKG-009855
LTX-0010022,P03822,2025-04-10 09:00:00,EARN,64,81,BKG-011938
LTX-0010023,P03822,2025-04-19 09:00:00,EARN,83,164,BKG-010973
LTX-0010024,P03822,2025-05-27 09:00:00,EARN,20,184,BKG-011432
LTX-0010025,P03822,2025-07-01 09:00:00,EARN,50,234,BKG-011605
LTX-0010026,P03822,2025-09-13 09:00:00,EARN,56,290,BKG-003915
LTX-0010027,P03822,2025-12-07 09:00:00,EARN,26,316,BKG-003742
LTX-0010028,P01398,2025-06-04 09:00:00,EARN,52,52,BKG-003747
LTX-0010029,P01398,2025-09-07 09:00:00,EARN,18,70,BKG-007437
LTX-0010030,P03616,2024-12-19 09:00:00,EARN,18,18,BKG-003749
LTX-0010031,P03616,2025-01-14 09:00:00,EARN,9,27,BKG-011806
LTX-0010032,P03616,2025-06-11 09:00:00,EARN,48,75,BKG-011529
LTX-0010033,P01092,2025-02-27 09:00:00,EARN,22,22,BKG-003752
LTX-0010034,P01092,2025-06-12 09:00:00,EARN,48,70,BKG-011396
LTX-0010035,P01092,2025-06-29 09:00:00,EARN,58,128,BKG-012269
LTX-0010036,P02350,2025-04-26 09:00:00,EARN,30,30,BKG-009612
LTX-0010037,P02350,2025-05-04 09:00:00,EARN,93,123,BKG-003755
LTX-0010038,P02350,2025-05-10 09:00:00,EARN,46,169,BKG-007757
LTX-0010039,P02350,2025-05-10 18:00:00,REDEEM,-10,159,BKG-007757
LTX-0010040,P02350,2025-09-11 09:00:00,EARN,37,196,BKG-010913
LTX-0010041,P00291,2024-12-14 09:00:00,EARN,44,44,BKG-003757
LTX-0010042,P00291,2024-12-14 18:00:00,REDEEM,-10,34,BKG-003757
LTX-0010043,P00291,2025-10-07 09:00:00,EARN,30,64,BKG-008129
LTX-0010044,P02301,2025-05-30 09:00:00,EARN,68,68,BKG-003760
LTX-0010045,P02301,2025-07-30 09:00:00,EARN,6,74,BKG-004140
LTX-0010046,P02751,2025-12-05 09:00:00,EARN,47,47,BKG-003761
LTX-0010047,P02751,2025-12-12 09:00:00,EARN,23,70,BKG-012207
LTX-0010048,P02751,2025-12-20 09:00:00,EARN,17,87,BKG-009964
LTX-0010049,P01259,2025-02-28 09:00:00,EARN,56,56,BKG-003765
LTX-0010050,P01259,2025-02-28 18:00:00,REDEEM,-20,36,BKG-003765
LTX-0010051,P01259,2025-03-14 09:00:00,EARN,50,86,BKG-007689
LTX-0010052,P01259,2025-08-29 09:00:00,EARN,53,139,BKG-008120
LTX-0010053,P00720,2025-02-28 09:00:00,EARN,83,83,BKG-011544
LTX-0010054,P00720,2025-12-08 09:00:00,EARN,51,134,BKG-003767
LTX-0010055,P00224,2025-07-13 09:00:00,EARN,27,27,BKG-003771
LTX-0010056,P00224,2025-10-12 09:00:00,EARN,73,100,BKG-006513
LTX-0010057,P02672,2025-04-11 09:00:00,EARN,40,40,BKG-007794
LTX-0010058,P02672,2025-05-09 09:00:00,EARN,47,87,BKG-009210
LTX-0010059,P02672,2025-07-10 09:00:00,EARN,38,125,BKG-003775
LTX-0010060,P02672,2025-10-11 09:00:00,EARN,6,131,BKG-010705
LTX-0010061,P03885,2025-09-21 09:00:00,EARN,28,28,BKG-003776
LTX-0010062,P03885,2025-09-21 18:00:00,REDEEM,-20,8,BKG-003776
LTX-0010063,P03295,2025-06-23 09:00:00,EARN,70,70,BKG-006506
LTX-0010064,P03295,2025-06-27 09:00:00,EARN,41,111,BKG-003777
LTX-0010065,P03295,2025-12-02 09:00:00,EARN,16,127,BKG-011246
LTX-0010066,P03015,2025-04-19 09:00:00,EARN,46,46,BKG-005888
LTX-0010067,P03015,2025-08-02 09:00:00,EARN,54,100,BKG-007826
LTX-0010068,P03015,2025-11-02 09:00:00,EARN,70,170,BKG-003779
LTX-0010069,P03015,2025-12-19 09:00:00,EARN,83,253,BKG-012082
LTX-0010070,P00619,2025-09-08 09:00:00,EARN,8,8,BKG-012044
LTX-0010071,P00619,2025-09-10 09:00:00,EARN,48,56,BKG-003780
LTX-0010072,P03743,2025-01-29 09:00:00,EARN,31,31,BKG-005581
LTX-0010073,P03743,2025-05-28 09:00:00,EARN,51,82,BKG-003781
LTX-0010074,P03743,2025-09-01 09:00:00,EARN,57,139,BKG-007349
LTX-0010075,P03545,2025-07-19 09:00:00,EARN,36,36,BKG-003782
LTX-0010076,P03977,2025-06-02 09:00:00,EARN,20,20,BKG-004249
LTX-0010077,P03977,2025-07-04 09:00:00,EARN,30,50,BKG-008721
LTX-0010078,P03977,2025-07-23 09:00:00,EARN,22,72,BKG-003996
LTX-0010079,P03977,2025-07-30 09:00:00,EARN,50,122,BKG-003784
LTX-0010080,P03977,2025-12-04 09:00:00,EARN,18,140,BKG-005088
LTX-0010081,P03186,2024-12-21 09:00:00,EARN,18,18,BKG-009946
LTX-0010082,P03186,2025-06-29 09:00:00,EARN,54,72,BKG-009968
LTX-0010083,P03186,2025-06-29 18:00:00,REDEEM,-30,42,BKG-009968
LTX-0010084,P03186,2025-10-06 09:00:00,EARN,41,83,BKG-010236
LTX-0010085,P03186,2025-10-30 09:00:00,EARN,22,105,BKG-003787
LTX-0010086,P01425,2025-04-13 09:00:00,EARN,59,59,BKG-006271
LTX-0010087,P01425,2025-10-12 09:00:00,EARN,38,97,BKG-003788
LTX-0010088,P01363,2025-02-21 09:00:00,EARN,45,45,BKG-005691
LTX-0010089,P01363,2025-11-07 09:00:00,EARN,16,61,BKG-007704
LTX-0010090,P01363,2025-11-17 09:00:00,EARN,79,140,BKG-003790
LTX-0010091,P01363,2025-11-24 09:00:00,EARN,78,218,BKG-011497
LTX-0010092,P03875,2025-04-16 09:00:00,EARN,26,26,BKG-012312
LTX-0010093,P03875,2025-06-22 09:00:00,EARN,11,37,BKG-003792
LTX-0010094,P03875,2025-06-24 09:00:00,EARN,22,59,BKG-008355
LTX-0010095,P03875,2025-10-07 09:00:00,EARN,60,119,BKG-005137
LTX-0010096,P01348,2025-05-25 09:00:00,EARN,51,51,BKG-008253
LTX-0010097,P01348,2025-05-29 09:00:00,EARN,56,107,BKG-003796
LTX-0010098,P01348,2025-11-22 09:00:00,EARN,29,136,BKG-010365
LTX-0010099,P01596,2025-06-30 09:00:00,EARN,44,44,BKG-005910
LTX-0010100,P01596,2025-06-30 18:00:00,REDEEM,-10,34,BKG-005910
LTX-0010101,P01596,2025-10-09 09:00:00,EARN,55,89,BKG-003798
LTX-0010102,P01596,2025-10-31 09:00:00,EARN,46,135,BKG-008053
LTX-0010103,P00320,2025-04-25 09:00:00,EARN,58,58,BKG-011160
LTX-0010104,P00320,2025-07-10 09:00:00,EARN,50,108,BKG-003801
LTX-0010105,P00152,2025-07-11 09:00:00,EARN,43,43,BKG-003808
LTX-0010106,P00152,2025-11-22 09:00:00,EARN,33,76,BKG-007528
LTX-0010107,P00152,2025-11-22 18:00:00,REDEEM,-30,46,BKG-007528
LTX-0010108,P00498,2024-12-19 09:00:00,EARN,25,25,BKG-004575
LTX-0010109,P00498,2025-04-26 09:00:00,EARN,19,44,BKG-003809
LTX-0010110,P00498,2025-08-23 09:00:00,EARN,25,69,BKG-011300
LTX-0010111,P00584,2025-06-25 09:00:00,EARN,39,39,BKG-009360
LTX-0010112,P00584,2025-08-28 09:00:00,EARN,48,87,BKG-009132
LTX-0010113,P00584,2025-12-06 09:00:00,EARN,96,183,BKG-003811
LTX-0010114,P01702,2025-06-24 09:00:00,EARN,89,89,BKG-003814
LTX-0010115,P01702,2025-06-24 18:00:00,REDEEM,-20,69,BKG-003814
LTX-0010116,P01702,2025-07-12 09:00:00,EARN,23,92,BKG-010429
LTX-0010117,P03290,2025-08-15 09:00:00,EARN,49,49,BKG-003817
LTX-0010118,P03290,2025-10-04 09:00:00,EARN,33,82,BKG-008536
LTX-0010119,P02744,2025-03-31 09:00:00,EARN,43,43,BKG-006374
LTX-0010120,P02744,2025-04-11 09:00:00,EARN,41,84,BKG-010349
LTX-0010121,P02744,2025-05-15 09:00:00,EARN,50,134,BKG-004170
LTX-0010122,P02744,2025-05-15 18:00:00,REDEEM,-10,124,BKG-004170
LTX-0010123,P02744,2025-05-25 09:00:00,EARN,61,185,BKG-004544
LTX-0010124,P02744,2025-06-13 09:00:00,EARN,72,257,BKG-003818
LTX-0010125,P02744,2025-11-29 09:00:00,EARN,66,323,BKG-010585
LTX-0010126,P01499,2025-04-12 09:00:00,EARN,54,54,BKG-003819
LTX-0010127,P01499,2025-06-23 09:00:00,EARN,45,99,BKG-007552
LTX-0010128,P01499,2025-06-29 09:00:00,EARN,45,144,BKG-004827
LTX-0010129,P01499,2025-07-21 09:00:00,EARN,74,218,BKG-007047
LTX-0010130,P03204,2025-03-30 09:00:00,EARN,40,40,BKG-003822
LTX-0010131,P03204,2025-06-19 09:00:00,EARN,46,86,BKG-005527
LTX-0010132,P03204,2025-09-23 09:00:00,EARN,44,130,BKG-007936
LTX-0010133,P03204,2025-11-18 09:00:00,EARN,80,210,BKG-005893
LTX-0010134,P03406,2025-06-04 09:00:00,EARN,56,56,BKG-003825
LTX-0010135,P03094,2025-06-08 09:00:00,EARN,7,7,BKG-004037
LTX-0010136,P03094,2025-10-13 09:00:00,EARN,67,74,BKG-003828
LTX-0010137,P01131,2025-04-27 09:00:00,EARN,40,40,BKG-003831
LTX-0010138,P01131,2025-12-01 09:00:00,EARN,48,88,BKG-005917
LTX-0010139,P03806,2025-11-18 09:00:00,EARN,37,37,BKG-003832
LTX-0010140,P03146,2025-08-07 09:00:00,EARN,36,36,BKG-003839
LTX-0010141,P03146,2025-11-04 09:00:00,EARN,34,70,BKG-011924
LTX-0010142,P03146,2025-11-18 09:00:00,EARN,28,98,BKG-007061
LTX-0010143,P02022,2025-09-09 09:00:00,EARN,21,21,BKG-003843
LTX-0010144,P01862,2025-02-24 09:00:00,EARN,64,64,BKG-003845
LTX-0010145,P00669,2025-07-14 09:00:00,EARN,14,14,BKG-003848
LTX-0010146,P01116,2025-06-19 09:00:00,EARN,86,86,BKG-003851
LTX-0010147,P01998,2025-02-20 09:00:00,EARN,38,38,BKG-006027
LTX-0010148,P01998,2025-05-26 09:00:00,EARN,53,91,BKG-007152
LTX-0010149,P01998,2025-06-17 09:00:00,EARN,74,165,BKG-009162
LTX-0010150,P01998,2025-12-16 09:00:00,EARN,29,194,BKG-003852
LTX-0010151,P02818,2025-03-18 09:00:00,EARN,59,59,BKG-009268
LTX-0010152,P02818,2025-05-11 09:00:00,EARN,20,79,BKG-003853
LTX-0010153,P02818,2025-05-17 09:00:00,EARN,23,102,BKG-010423
LTX-0010154,P02818,2025-06-14 09:00:00,EARN,80,182,BKG-012468
LTX-0010155,P02818,2025-06-17 09:00:00,EARN,81,263,BKG-010043
LTX-0010156,P02818,2025-10-27 09:00:00,EARN,52,315,BKG-005518
LTX-0010157,P00492,2025-05-21 09:00:00,EARN,15,15,BKG-004628
LTX-0010158,P00492,2025-06-02 09:00:00,EARN,22,37,BKG-003859
LTX-0010159,P01393,2025-03-15 09:00:00,EARN,25,25,BKG-005819
LTX-0010160,P01393,2025-06-17 09:00:00,EARN,23,48,BKG-003860
LTX-0010161,P03248,2025-03-12 09:00:00,EARN,69,69,BKG-006345
LTX-0010162,P03248,2025-03-21 09:00:00,EARN,23,92,BKG-003867
LTX-0010163,P03248,2025-06-18 09:00:00,EARN,30,122,BKG-010929
LTX-0010164,P03979,2025-01-16 09:00:00,EARN,44,44,BKG-010486
LTX-0010165,P03979,2025-01-16 18:00:00,REDEEM,-30,14,BKG-010486
LTX-0010166,P03979,2025-06-24 09:00:00,EARN,30,44,BKG-009725
LTX-0010167,P03979,2025-07-18 09:00:00,EARN,88,132,BKG-009467
LTX-0010168,P03979,2025-09-18 09:00:00,EARN,56,188,BKG-003869
LTX-0010169,P02876,2025-05-11 09:00:00,EARN,47,47,BKG-003871
LTX-0010170,P02876,2025-05-11 18:00:00,REDEEM,-10,37,BKG-003871
LTX-0010171,P02876,2025-07-05 09:00:00,EARN,52,89,BKG-006666
LTX-0010172,P02876,2025-12-06 09:00:00,EARN,40,129,BKG-010327
LTX-0010173,P02876,2025-12-08 09:00:00,EARN,36,165,BKG-009540
LTX-0010174,P02658,2025-03-06 09:00:00,EARN,28,28,BKG-005497
LTX-0010175,P02658,2025-03-27 09:00:00,EARN,69,97,BKG-012272
LTX-0010176,P02658,2025-03-27 18:00:00,REDEEM,-30,67,BKG-012272
LTX-0010177,P02658,2025-06-08 09:00:00,EARN,47,114,BKG-003872
LTX-0010178,P02658,2025-06-08 18:00:00,REDEEM,-20,94,BKG-003872
LTX-0010179,P02658,2025-06-23 09:00:00,EARN,8,102,BKG-009686
LTX-0010180,P02658,2025-11-24 09:00:00,EARN,35,137,BKG-005885
LTX-0010181,P01261,2025-01-03 09:00:00,EARN,71,71,BKG-005802
LTX-0010182,P01261,2025-01-03 18:00:00,REDEEM,-10,61,BKG-005802
LTX-0010183,P01261,2025-07-03 09:00:00,EARN,24,85,BKG-003874
LTX-0010184,P01261,2025-08-05 09:00:00,EARN,55,140,BKG-005868
LTX-0010185,P01283,2025-05-24 09:00:00,EARN,23,23,BKG-003880
LTX-0010186,P01283,2025-06-12 09:00:00,EARN,54,77,BKG-011571
LTX-0010187,P01283,2025-06-19 09:00:00,EARN,68,145,BKG-004035
LTX-0010188,P01283,2025-11-18 09:00:00,EARN,33,178,BKG-005103
LTX-0010189,P02317,2025-01-06 09:00:00,EARN,55,55,BKG-003885
LTX-0010190,P02317,2025-06-11 09:00:00,EARN,59,114,BKG-007394
LTX-0010191,P02317,2025-06-11 18:00:00,REDEEM,-20,94,BKG-007394
LTX-0010192,P02317,2025-06-22 09:00:00,EARN,57,151,BKG-005282
LTX-0010193,P01896,2025-07-15 09:00:00,EARN,76,76,BKG-006581
LTX-0010194,P01896,2025-11-08 09:00:00,EARN,29,105,BKG-003887
LTX-0010195,P01896,2025-11-08 18:00:00,REDEEM,-10,95,BKG-003887
LTX-0010196,P00729,2025-03-10 09:00:00,EARN,27,27,BKG-003888
LTX-0010197,P00729,2025-03-12 09:00:00,EARN,22,49,BKG-005373
LTX-0010198,P00729,2025-03-12 18:00:00,REDEEM,-30,19,BKG-005373
LTX-0010199,P00729,2025-10-18 09:00:00,EARN,76,95,BKG-011873
LTX-0010200,P02249,2025-03-08 09:00:00,EARN,56,56,BKG-004476
LTX-0010201,P02249,2025-06-01 09:00:00,EARN,49,105,BKG-009226
LTX-0010202,P02249,2025-06-20 09:00:00,EARN,39,144,BKG-003889
LTX-0010203,P02249,2025-07-01 09:00:00,EARN,98,242,BKG-004046
LTX-0010204,P02528,2025-11-30 09:00:00,EARN,43,43,BKG-003892
LTX-0010205,P00470,2025-04-05 09:00:00,EARN,10,10,BKG-003895
LTX-0010206,P00470,2025-07-19 09:00:00,EARN,84,94,BKG-010697
LTX-0010207,P00470,2025-08-01 09:00:00,EARN,26,120,BKG-003921
LTX-0010208,P00470,2025-08-18 09:00:00,EARN,14,134,BKG-009861
LTX-0010209,P00435,2025-06-15 09:00:00,EARN,50,50,BKG-011031
LTX-0010210,P00435,2025-09-18 09:00:00,EARN,28,78,BKG-003898
LTX-0010211,P00435,2025-12-05 09:00:00,EARN,53,131,BKG-007432
LTX-0010212,P01464,2025-05-12 09:00:00,EARN,39,39,BKG-003900
LTX-0010213,P01464,2025-06-25 09:00:00,EARN,22,61,BKG-010203
LTX-0010214,P01464,2025-12-05 09:00:00,EARN,54,115,BKG-009711
LTX-0010215,P03868,2025-04-01 09:00:00,EARN,29,29,BKG-003902
LTX-0010216,P01545,2025-02-14 09:00:00,EARN,61,61,BKG-003903
LTX-0010217,P01545,2025-06-27 09:00:00,EARN,56,117,BKG-006650
LTX-0010218,P01545,2025-08-23 09:00:00,EARN,51,168,BKG-005028
LTX-0010219,P01545,2025-09-13 09:00:00,EARN,7,175,BKG-007761
LTX-0010220,P01545,2025-11-05 09:00:00,EARN,10,185,BKG-009549
LTX-0010221,P01545,2025-12-02 09:00:00,EARN,49,234,BKG-009730
LTX-0010222,P01545,2025-12-05 09:00:00,EARN,31,265,BKG-006810
LTX-0010223,P01545,2025-12-05 18:00:00,REDEEM,-10,255,BKG-006810
LTX-0010224,P00425,2025-05-15 09:00:00,EARN,83,83,BKG-003905
LTX-0010225,P00425,2025-06-07 09:00:00,EARN,82,165,BKG-008285
LTX-0010226,P00425,2025-06-07 18:00:00,REDEEM,-30,135,BKG-008285
LTX-0010227,P01277,2024-12-25 09:00:00,EARN,37,37,BKG-003908
LTX-0010228,P01277,2024-12-25 18:00:00,REDEEM,-30,7,BKG-003908
LTX-0010229,P01277,2025-04-23 09:00:00,EARN,45,52,BKG-012187
LTX-0010230,P01277,2025-06-27 09:00:00,EARN,55,107,BKG-008280
LTX-0010231,P01277,2025-10-20 09:00:00,EARN,69,176,BKG-006936
LTX-0010232,P02774,2025-03-21 09:00:00,EARN,33,33,BKG-003909
LTX-0010233,P02774,2025-03-21 18:00:00,REDEEM,-20,13,BKG-003909
LTX-0010234,P03337,2025-06-01 09:00:00,EARN,77,77,BKG-003911
LTX-0010235,P03337,2025-06-17 09:00:00,EARN,17,94,BKG-005516
LTX-0010236,P03260,2025-01-09 09:00:00,EARN,14,14,BKG-009178
LTX-0010237,P03260,2025-02-02 09:00:00,EARN,31,45,BKG-006683
LTX-0010238,P03260,2025-07-07 09:00:00,EARN,45,90,BKG-009657
LTX-0010239,P03260,2025-07-07 18:00:00,REDEEM,-30,60,BKG-009657
LTX-0010240,P03260,2025-08-18 09:00:00,EARN,23,83,BKG-003912
LTX-0010241,P00450,2025-01-01 09:00:00,EARN,36,36,BKG-008049
LTX-0010242,P00450,2025-06-18 09:00:00,EARN,61,97,BKG-009322
LTX-0010243,P00450,2025-11-04 09:00:00,EARN,32,129,BKG-003926
LTX-0010244,P00047,2024-12-26 09:00:00,EARN,59,59,BKG-008767
LTX-0010245,P00047,2025-07-17 09:00:00,EARN,11,70,BKG-009076
LTX-0010246,P00047,2025-07-17 18:00:00,REDEEM,-20,50,BKG-009076
LTX-0010247,P00047,2025-10-20 09:00:00,EARN,53,103,BKG-003928
LTX-0010248,P00047,2025-10-20 18:00:00,REDEEM,-30,73,BKG-003928
LTX-0010249,P00047,2025-11-30 09:00:00,EARN,25,98,BKG-007901
LTX-0010250,P03821,2024-12-26 09:00:00,EARN,37,37,BKG-004155
LTX-0010251,P03821,2025-05-04 09:00:00,EARN,45,82,BKG-003931
LTX-0010252,P03821,2025-06-02 09:00:00,EARN,58,140,BKG-011854
LTX-0010253,P00400,2025-01-10 09:00:00,EARN,23,23,BKG-011561
LTX-0010254,P00400,2025-02-23 09:00:00,EARN,22,45,BKG-011103
LTX-0010255,P00400,2025-05-08 09:00:00,EARN,43,88,BKG-009975
LTX-0010256,P00400,2025-09-02 09:00:00,EARN,36,124,BKG-005458
LTX-0010257,P00400,2025-09-02 18:00:00,REDEEM,-30,94,BKG-005458
LTX-0010258,P00400,2025-11-28 09:00:00,EARN,22,116,BKG-003935
LTX-0010259,P00400,2025-12-17 09:00:00,EARN,37,153,BKG-004377
LTX-0010260,P01403,2025-04-18 09:00:00,EARN,70,70,BKG-003937
LTX-0010261,P01403,2025-07-06 09:00:00,EARN,112,182,BKG-009718
LTX-0010262,P03477,2025-01-01 09:00:00,EARN,28,28,BKG-011836
LTX-0010263,P03477,2025-02-16 09:00:00,EARN,63,91,BKG-012301
LTX-0010264,P03477,2025-06-17 09:00:00,EARN,7,98,BKG-012376
LTX-0010265,P03477,2025-06-26 09:00:00,EARN,31,129,BKG-005080
LTX-0010266,P03477,2025-09-27 09:00:00,EARN,25,154,BKG-003939
LTX-0010267,P02305,2025-07-20 09:00:00,EARN,20,20,BKG-003941
LTX-0010268,P03689,2025-02-01 09:00:00,EARN,42,42,BKG-003942
LTX-0010269,P00778,2025-05-12 09:00:00,EARN,9,9,BKG-005190
LTX-0010270,P00778,2025-07-23 09:00:00,EARN,27,36,BKG-007856
LTX-0010271,P00778,2025-09-26 09:00:00,EARN,39,75,BKG-003945
LTX-0010272,P00778,2025-12-03 09:00:00,EARN,95,170,BKG-011301
LTX-0010273,P03172,2025-01-07 09:00:00,EARN,90,90,BKG-009988
LTX-0010274,P03172,2025-03-05 09:00:00,EARN,40,130,BKG-011975
LTX-0010275,P03172,2025-06-07 09:00:00,EARN,77,207,BKG-003950
LTX-0010276,P03172,2025-08-18 09:00:00,EARN,18,225,BKG-009184
LTX-0010277,P03172,2025-11-05 09:00:00,EARN,27,252,BKG-011277
LTX-0010278,P01189,2025-12-15 09:00:00,EARN,60,60,BKG-003951
LTX-0010279,P03938,2025-06-25 09:00:00,EARN,10,10,BKG-008572
LTX-0010280,P03938,2025-08-03 09:00:00,EARN,42,52,BKG-003955
LTX-0010281,P03088,2024-12-21 09:00:00,EARN,54,54,BKG-007837
LTX-0010282,P03088,2025-05-31 09:00:00,EARN,38,92,BKG-010573
LTX-0010283,P03088,2025-06-03 09:00:00,EARN,29,121,BKG-010179
LTX-0010284,P03088,2025-09-04 09:00:00,EARN,52,173,BKG-003956
LTX-0010285,P03088,2025-11-12 09:00:00,EARN,53,226,BKG-008750
LTX-0010286,P03088,2025-11-12 18:00:00,REDEEM,-30,196,BKG-008750
LTX-0010287,P02523,2025-01-06 09:00:00,EARN,38,38,BKG-012068
LTX-0010288,P02523,2025-02-26 09:00:00,EARN,14,52,BKG-006340
LTX-0010289,P02523,2025-06-09 09:00:00,EARN,44,96,BKG-003958
LTX-0010290,P02523,2025-10-13 09:00:00,EARN,49,145,BKG-004621
LTX-0010291,P02523,2025-10-28 09:00:00,EARN,27,172,BKG-005797
LTX-0010292,P02964,2025-07-14 09:00:00,EARN,39,39,BKG-003959
LTX-0010293,P02964,2025-11-25 09:00:00,EARN,51,90,BKG-010864
LTX-0010294,P00786,2025-11-28 09:00:00,EARN,36,36,BKG-003961
LTX-0010295,P01870,2025-06-06 09:00:00,EARN,76,76,BKG-009687
LTX-0010296,P01870,2025-11-22 09:00:00,EARN,81,157,BKG-003965
LTX-0010297,P01870,2025-12-16 09:00:00,EARN,58,215,BKG-010783
LTX-0010298,P01883,2025-04-29 09:00:00,EARN,25,25,BKG-011087
LTX-0010299,P01883,2025-05-16 09:00:00,EARN,7,32,BKG-003968
LTX-0010300,P01883,2025-07-03 09:00:00,EARN,31,63,BKG-009879
LTX-0010301,P01883,2025-12-06 09:00:00,EARN,20,83,BKG-008803
LTX-0010302,P02420,2025-01-10 09:00:00,EARN,16,16,BKG-004191
LTX-0010303,P02420,2025-07-05 09:00:00,EARN,84,100,BKG-007706
LTX-0010304,P02420,2025-07-12 09:00:00,EARN,42,142,BKG-003969
LTX-0010305,P02420,2025-08-16 09:00:00,EARN,74,216,BKG-007068
LTX-0010306,P02420,2025-09-20 09:00:00,EARN,61,277,BKG-008848
LTX-0010307,P02420,2025-11-03 09:00:00,EARN,31,308,BKG-009722
LTX-0010308,P02420,2025-11-03 18:00:00,REDEEM,-30,278,BKG-009722
LTX-0010309,P00119,2025-11-28 09:00:00,EARN,64,64,BKG-003971
LTX-0010310,P03785,2025-06-28 09:00:00,EARN,36,36,BKG-003973
LTX-0010311,P03785,2025-11-07 09:00:00,EARN,66,102,BKG-007562
LTX-0010312,P03289,2025-07-16 09:00:00,EARN,60,60,BKG-003974
LTX-0010313,P03289,2025-07-31 09:00:00,EARN,43,103,BKG-009253
LTX-0010314,P03289,2025-07-31 18:00:00,REDEEM,-30,73,BKG-009253
LTX-0010315,P02153,2025-01-02 09:00:00,EARN,84,84,BKG-010516
LTX-0010316,P02153,2025-06-26 09:00:00,EARN,54,138,BKG-003975
LTX-0010317,P00801,2025-02-07 09:00:00,EARN,63,63,BKG-006098
LTX-0010318,P00801,2025-03-17 09:00:00,EARN,24,87,BKG-003976
LTX-0010319,P00801,2025-03-17 18:00:00,REDEEM,-30,57,BKG-003976
LTX-0010320,P01062,2025-05-09 09:00:00,EARN,32,32,BKG-012028
LTX-0010321,P01062,2025-09-11 09:00:00,EARN,36,68,BKG-003977
LTX-0010322,P01062,2025-09-19 09:00:00,EARN,16,84,BKG-006796
LTX-0010323,P01525,2025-01-10 09:00:00,EARN,42,42,BKG-008673
LTX-0010324,P01525,2025-02-21 09:00:00,EARN,34,76,BKG-007949
LTX-0010325,P01525,2025-06-13 09:00:00,EARN,29,105,BKG-003978
LTX-0010326,P01525,2025-06-30 09:00:00,EARN,32,137,BKG-010603
LTX-0010327,P01525,2025-07-28 09:00:00,EARN,38,175,BKG-007999
LTX-0010328,P01939,2025-06-09 09:00:00,EARN,42,42,BKG-004069
LTX-0010329,P01939,2025-11-03 09:00:00,EARN,52,94,BKG-003979
LTX-0010330,P01939,2025-11-30 09:00:00,EARN,32,126,BKG-006533
LTX-0010331,P00505,2025-06-13 09:00:00,EARN,55,55,BKG-007514
LTX-0010332,P00505,2025-07-11 09:00:00,EARN,9,64,BKG-003982
LTX-0010333,P00505,2025-09-05 09:00:00,EARN,49,113,BKG-006268
LTX-0010334,P00505,2025-10-28 09:00:00,EARN,36,149,BKG-006280
LTX-0010335,P01046,2025-01-11 09:00:00,EARN,62,62,BKG-008763
LTX-0010336,P01046,2025-03-20 09:00:00,EARN,42,104,BKG-003988
LTX-0010337,P01046,2025-09-07 09:00:00,EARN,38,142,BKG-009949
LTX-0010338,P01046,2025-11-10 09:00:00,EARN,48,190,BKG-009527
LTX-0010339,P01046,2025-12-10 09:00:00,EARN,34,224,BKG-006012
LTX-0010340,P01847,2025-02-13 09:00:00,EARN,47,47,BKG-004677
LTX-0010341,P01847,2025-05-04 09:00:00,EARN,96,143,BKG-003991
LTX-0010342,P01847,2025-05-12 09:00:00,EARN,52,195,BKG-007836
LTX-0010343,P01847,2025-06-13 09:00:00,EARN,45,240,BKG-009337
LTX-0010344,P01847,2025-06-20 09:00:00,EARN,17,257,BKG-007290
LTX-0010345,P03220,2025-02-26 09:00:00,EARN,49,49,BKG-007251
LTX-0010346,P03220,2025-12-04 09:00:00,EARN,30,79,BKG-003994
LTX-0010347,P01084,2024-12-22 09:00:00,EARN,8,8,BKG-005295
LTX-0010348,P01084,2025-10-03 09:00:00,EARN,26,34,BKG-003997
LTX-0010349,P01223,2024-12-25 09:00:00,EARN,29,29,BKG-010392
LTX-0010350,P01223,2025-11-09 09:00:00,EARN,15,44,BKG-003998
LTX-0010351,P01223,2025-11-29 09:00:00,EARN,64,108,BKG-004538
LTX-0010352,P03055,2025-02-28 09:00:00,EARN,13,13,BKG-006868
LTX-0010353,P03055,2025-06-24 09:00:00,EARN,50,63,BKG-004004
LTX-0010354,P03055,2025-08-11 09:00:00,EARN,44,107,BKG-010090
LTX-0010355,P02217,2025-06-24 09:00:00,EARN,10,10,BKG-009920
LTX-0010356,P02217,2025-08-29 09:00:00,EARN,76,86,BKG-004009
LTX-0010357,P01322,2025-07-16 09:00:00,EARN,25,25,BKG-004010
LTX-0010358,P01280,2025-06-08 09:00:00,EARN,44,44,BKG-004011
LTX-0010359,P01280,2025-06-08 18:00:00,REDEEM,-10,34,BKG-004011
LTX-0010360,P01280,2025-06-16 09:00:00,EARN,64,98,BKG-010303
LTX-0010361,P00587,2025-01-23 09:00:00,EARN,18,18,BKG-004018
LTX-0010362,P03596,2025-04-20 09:00:00,EARN,50,50,BKG-004019
LTX-0010363,P03596,2025-05-15 09:00:00,EARN,49,99,BKG-008734
LTX-0010364,P03283,2025-07-17 09:00:00,EARN,55,55,BKG-006235
LTX-0010365,P03283,2025-08-28 09:00:00,EARN,36,91,BKG-004021
LTX-0010366,P03283,2025-11-15 09:00:00,EARN,79,170,BKG-004321
LTX-0010367,P00391,2025-06-16 09:00:00,EARN,21,21,BKG-007202
LTX-0010368,P00391,2025-06-17 09:00:00,EARN,65,86,BKG-007444
LTX-0010369,P00391,2025-06-18 09:00:00,EARN,26,112,BKG-004022
LTX-0010370,P00391,2025-06-30 09:00:00,EARN,54,166,BKG-004653
LTX-0010371,P00391,2025-07-31 09:00:00,EARN,56,222,BKG-010803
LTX-0010372,P00931,2025-06-19 09:00:00,EARN,51,51,BKG-008947
LTX-0010373,P00931,2025-09-22 09:00:00,EARN,8,59,BKG-004023
LTX-0010374,P00931,2025-09-22 18:00:00,REDEEM,-10,49,BKG-004023
LTX-0010375,P00931,2025-10-31 09:00:00,EARN,33,82,BKG-007435
LTX-0010376,P00931,2025-12-04 09:00:00,EARN,20,102,BKG-004717
LTX-0010377,P01887,2025-05-23 09:00:00,EARN,29,29,BKG-007182
LTX-0010378,P01887,2025-06-08 09:00:00,EARN,10,39,BKG-004025
LTX-0010379,P01887,2025-06-08 18:00:00,REDEEM,-10,29,BKG-004025
LTX-0010380,P00045,2025-03-24 09:00:00,EARN,33,33,BKG-010040
LTX-0010381,P00045,2025-04-05 09:00:00,EARN,54,87,BKG-004026
LTX-0010382,P00045,2025-05-19 09:00:00,EARN,24,111,BKG-009943
LTX-0010383,P02244,2025-05-29 09:00:00,EARN,63,63,BKG-004030
LTX-0010384,P02244,2025-08-20 09:00:00,EARN,41,104,BKG-009301
LTX-0010385,P00432,2025-06-26 09:00:00,EARN,36,36,BKG-011732
LTX-0010386,P00432,2025-06-26 18:00:00,REDEEM,-20,16,BKG-011732
LTX-0010387,P00432,2025-08-11 09:00:00,EARN,20,36,BKG-004031
LTX-0010388,P00432,2025-08-11 18:00:00,REDEEM,-20,16,BKG-004031
LTX-0010389,P02439,2025-01-04 09:00:00,EARN,22,22,BKG-012402
LTX-0010390,P02439,2025-05-13 09:00:00,EARN,60,82,BKG-005331
LTX-0010391,P02439,2025-07-08 09:00:00,EARN,30,112,BKG-010281
LTX-0010392,P02439,2025-12-04 09:00:00,EARN,87,199,BKG-004033
LTX-0010393,P00711,2025-02-09 09:00:00,EARN,27,27,BKG-011488
LTX-0010394,P00711,2025-05-28 09:00:00,EARN,84,111,BKG-004034
LTX-0010395,P00711,2025-05-28 18:00:00,REDEEM,-20,91,BKG-004034
LTX-0010396,P00711,2025-07-11 09:00:00,EARN,102,193,BKG-010802
LTX-0010397,P00711,2025-12-03 09:00:00,EARN,17,210,BKG-004506
LTX-0010398,P02114,2025-04-24 09:00:00,EARN,18,18,BKG-004319
LTX-0010399,P02114,2025-11-15 09:00:00,EARN,46,64,BKG-011848
LTX-0010400,P02114,2025-11-28 09:00:00,EARN,18,82,BKG-010477
LTX-0010401,P02114,2025-12-10 09:00:00,EARN,28,110,BKG-004039
LTX-0010402,P00189,2025-02-06 09:00:00,EARN,42,42,BKG-004043
LTX-0010403,P00189,2025-02-06 18:00:00,REDEEM,-10,32,BKG-004043
LTX-0010404,P00303,2025-05-14 09:00:00,EARN,40,40,BKG-010719
LTX-0010405,P00303,2025-05-25 09:00:00,EARN,61,101,BKG-004047
LTX-0010406,P00303,2025-09-16 09:00:00,EARN,32,133,BKG-004763
LTX-0010407,P03965,2025-11-01 09:00:00,EARN,49,49,BKG-004048
LTX-0010408,P03048,2025-02-16 09:00:00,EARN,26,26,BKG-008495
LTX-0010409,P03048,2025-02-16 18:00:00,REDEEM,-20,6,BKG-008495
LTX-0010410,P03048,2025-11-25 09:00:00,EARN,36,42,BKG-004049
LTX-0010411,P03507,2025-01-03 09:00:00,EARN,23,23,BKG-008682
LTX-0010412,P03507,2025-08-20 09:00:00,EARN,54,77,BKG-004050
LTX-0010413,P03507,2025-10-22 09:00:00,EARN,18,95,BKG-011051
LTX-0010414,P00316,2025-03-10 09:00:00,EARN,59,59,BKG-004051
LTX-0010415,P00316,2025-05-23 09:00:00,EARN,76,135,BKG-006519
LTX-0010416,P00316,2025-06-26 09:00:00,EARN,66,201,BKG-012490
LTX-0010417,P00316,2025-06-26 18:00:00,REDEEM,-10,191,BKG-012490
LTX-0010418,P00316,2025-08-12 09:00:00,EARN,52,243,BKG-006568
LTX-0010419,P00058,2025-09-20 09:00:00,EARN,40,40,BKG-004055
LTX-0010420,P00058,2025-10-04 09:00:00,EARN,45,85,BKG-008773
LTX-0010421,P03274,2025-10-16 09:00:00,EARN,69,69,BKG-005181
LTX-0010422,P03274,2025-11-21 09:00:00,EARN,42,111,BKG-004056
LTX-0010423,P00238,2025-01-11 09:00:00,EARN,48,48,BKG-007524
LTX-0010424,P00238,2025-11-25 09:00:00,EARN,42,90,BKG-004057
LTX-0010425,P01452,2025-03-04 09:00:00,EARN,79,79,BKG-007934
LTX-0010426,P01452,2025-03-04 18:00:00,REDEEM,-20,59,BKG-007934
LTX-0010427,P01452,2025-06-17 09:00:00,EARN,65,124,BKG-010183
LTX-0010428,P01452,2025-09-08 09:00:00,EARN,36,160,BKG-004059
LTX-0010429,P01452,2025-10-30 09:00:00,EARN,16,176,BKG-012282
LTX-0010430,P03067,2025-03-24 09:00:00,EARN,58,58,BKG-008845
LTX-0010431,P03067,2025-04-03 09:00:00,EARN,63,121,BKG-007317
LTX-0010432,P03067,2025-11-13 09:00:00,EARN,30,151,BKG-004814
LTX-0010433,P03067,2025-11-30 09:00:00,EARN,28,179,BKG-004063
LTX-0010434,P03067,2025-12-05 09:00:00,EARN,76,255,BKG-004127
LTX-0010435,P00061,2025-09-05 09:00:00,EARN,9,9,BKG-004070
LTX-0010436,P02835,2025-07-18 09:00:00,EARN,16,16,BKG-009670
LTX-0010437,P02835,2025-08-01 09:00:00,EARN,40,56,BKG-004071
LTX-0010438,P02835,2025-09-04 09:00:00,EARN,30,86,BKG-007045
LTX-0010439,P02835,2025-11-26 09:00:00,EARN,46,132,BKG-012023
LTX-0010440,P01162,2025-05-19 09:00:00,EARN,26,26,BKG-005112
LTX-0010441,P01162,2025-06-29 09:00:00,EARN,61,87,BKG-004086
LTX-0010442,P01162,2025-06-29 18:00:00,REDEEM,-10,77,BKG-004086
LTX-0010443,P01162,2025-11-12 09:00:00,EARN,67,144,BKG-010680
LTX-0010444,P01162,2025-11-19 09:00:00,EARN,39,183,BKG-008904
LTX-0010445,P01162,2025-11-19 18:00:00,REDEEM,-30,153,BKG-008904
LTX-0010446,P01162,2025-12-01 09:00:00,EARN,43,196,BKG-010847
LTX-0010447,P03008,2024-12-23 09:00:00,EARN,42,42,BKG-011252
LTX-0010448,P03008,2025-02-15 09:00:00,EARN,39,81,BKG-009981
LTX-0010449,P03008,2025-04-02 09:00:00,EARN,27,108,BKG-008660
LTX-0010450,P03008,2025-07-07 09:00:00,EARN,93,201,BKG-004089
LTX-0010451,P03008,2025-09-28 09:00:00,EARN,13,214,BKG-011333
LTX-0010452,P02664,2025-05-10 09:00:00,EARN,51,51,BKG-004094
LTX-0010453,P02664,2025-05-10 18:00:00,REDEEM,-10,41,BKG-004094
LTX-0010454,P02664,2025-06-30 09:00:00,EARN,35,76,BKG-012135
LTX-0010455,P02664,2025-11-13 09:00:00,EARN,18,94,BKG-010543
LTX-0010456,P02065,2025-06-18 09:00:00,EARN,37,37,BKG-004095
LTX-0010457,P01723,2025-04-24 09:00:00,EARN,60,60,BKG-004105
LTX-0010458,P01723,2025-12-02 09:00:00,EARN,36,96,BKG-007874
LTX-0010459,P00501,2025-05-23 09:00:00,EARN,68,68,BKG-004106
LTX-0010460,P00501,2025-06-14 09:00:00,EARN,44,112,BKG-010793
LTX-0010461,P00501,2025-08-17 09:00:00,EARN,72,184,BKG-006134
LTX-0010462,P00501,2025-11-13 09:00:00,EARN,58,242,BKG-009962
LTX-0010463,P00501,2025-11-17 09:00:00,EARN,22,264,BKG-007469
LTX-0010464,P00501,2025-11-17 18:00:00,REDEEM,-20,244,BKG-007469
LTX-0010465,P03537,2025-11-24 09:00:00,EARN,12,12,BKG-004107
LTX-0010466,P03537,2025-11-29 09:00:00,EARN,65,77,BKG-010646
LTX-0010467,P03537,2025-11-29 18:00:00,REDEEM,-20,57,BKG-010646
LTX-0010468,P03298,2025-05-15 09:00:00,EARN,79,79,BKG-004108
LTX-0010469,P02455,2025-01-27 09:00:00,EARN,39,39,BKG-008032
LTX-0010470,P02455,2025-06-10 09:00:00,EARN,54,93,BKG-007028
LTX-0010471,P02455,2025-07-04 09:00:00,EARN,62,155,BKG-010606
LTX-0010472,P02455,2025-07-12 09:00:00,EARN,24,179,BKG-006708
LTX-0010473,P02455,2025-12-04 09:00:00,EARN,12,191,BKG-004120
LTX-0010474,P02455,2025-12-13 09:00:00,EARN,46,237,BKG-004109
LTX-0010475,P03715,2025-05-02 09:00:00,EARN,52,52,BKG-008014
LTX-0010476,P03715,2025-07-31 09:00:00,EARN,14,66,BKG-012020
LTX-0010477,P03715,2025-08-02 09:00:00,EARN,30,96,BKG-006821
LTX-0010478,P03715,2025-09-18 09:00:00,EARN,25,121,BKG-004110
LTX-0010479,P03715,2025-09-18 18:00:00,REDEEM,-30,91,BKG-004110
LTX-0010480,P03715,2025-09-25 09:00:00,EARN,32,123,BKG-005878
LTX-0010481,P03715,2025-11-18 09:00:00,EARN,33,156,BKG-009773
LTX-0010482,P03715,2025-11-18 18:00:00,REDEEM,-10,146,BKG-009773
LTX-0010483,P00546,2025-06-21 09:00:00,EARN,97,97,BKG-004112
LTX-0010484,P00546,2025-06-21 18:00:00,REDEEM,-30,67,BKG-004112
LTX-0010485,P00546,2025-12-06 09:00:00,EARN,73,140,BKG-004691
LTX-0010486,P02304,2024-12-13 09:00:00,EARN,80,80,BKG-004113
LTX-0010487,P02511,2025-02-06 09:00:00,EARN,63,63,BKG-007593
LTX-0010488,P02511,2025-02-20 09:00:00,EARN,19,82,BKG-004114
LTX-0010489,P02511,2025-05-23 09:00:00,EARN,7,89,BKG-007344
LTX-0010490,P02511,2025-05-23 18:00:00,REDEEM,-30,59,BKG-007344
LTX-0010491,P02511,2025-06-20 09:00:00,EARN,35,94,BKG-005950
LTX-0010492,P02511,2025-06-21 09:00:00,EARN,95,189,BKG-011002
LTX-0010493,P02511,2025-07-01 09:00:00,EARN,11,200,BKG-011851
LTX-0010494,P02511,2025-11-16 09:00:00,EARN,49,249,BKG-006992
LTX-0010495,P02511,2025-11-16 18:00:00,REDEEM,-10,239,BKG-006992
LTX-0010496,P01009,2025-02-10 09:00:00,EARN,46,46,BKG-011434
LTX-0010497,P01009,2025-04-19 09:00:00,EARN,34,80,BKG-004402
LTX-0010498,P01009,2025-06-18 09:00:00,EARN,65,145,BKG-011591
LTX-0010499,P01009,2025-12-10 09:00:00,EARN,58,203,BKG-004115
LTX-0010500,P01009,2025-12-17 09:00:00,EARN,42,245,BKG-009665
LTX-0010501,P00520,2025-02-19 09:00:00,EARN,49,49,BKG-010824
LTX-0010502,P00520,2025-05-24 09:00:00,EARN,9,58,BKG-004117
LTX-0010503,P00520,2025-05-24 18:00:00,REDEEM,-30,28,BKG-004117
LTX-0010504,P00520,2025-11-27 09:00:00,EARN,18,46,BKG-010478
LTX-0010505,P03365,2025-06-07 09:00:00,EARN,79,79,BKG-006426
LTX-0010506,P03365,2025-06-15 09:00:00,EARN,75,154,BKG-004655
LTX-0010507,P03365,2025-10-14 09:00:00,EARN,28,182,BKG-004119
LTX-0010508,P03059,2025-04-08 09:00:00,EARN,28,28,BKG-004121
LTX-0010509,P03059,2025-06-20 09:00:00,EARN,41,69,BKG-004596
LTX-0010510,P03059,2025-09-10 09:00:00,EARN,18,87,BKG-004755
LTX-0010511,P00306,2025-06-11 09:00:00,EARN,32,32,BKG-004123
LTX-0010512,P00306,2025-06-11 18:00:00,REDEEM,-10,22,BKG-004123
LTX-0010513,P00306,2025-11-25 09:00:00,EARN,25,47,BKG-007778
LTX-0010514,P03958,2025-01-02 09:00:00,EARN,29,29,BKG-006299
LTX-0010515,P03958,2025-02-08 09:00:00,EARN,26,55,BKG-009043
LTX-0010516,P03958,2025-05-25 09:00:00,EARN,26,81,BKG-006941
LTX-0010517,P03958,2025-07-25 09:00:00,EARN,52,133,BKG-004984
LTX-0010518,P03958,2025-09-04 09:00:00,EARN,68,201,BKG-009808
LTX-0010519,P03958,2025-10-21 09:00:00,EARN,40,241,BKG-004125
LTX-0010520,P02014,2025-09-20 09:00:00,EARN,22,22,BKG-004128
LTX-0010521,P00829,2025-02-17 09:00:00,EARN,76,76,BKG-004131
LTX-0010522,P00829,2025-05-29 09:00:00,EARN,27,103,BKG-006693
LTX-0010523,P00829,2025-05-29 18:00:00,REDEEM,-20,83,BKG-006693
LTX-0010524,P03727,2024-12-29 09:00:00,EARN,36,36,BKG-007927
LTX-0010525,P03727,2024-12-29 18:00:00,REDEEM,-10,26,BKG-007927
LTX-0010526,P03727,2025-05-06 09:00:00,EARN,47,73,BKG-012125
LTX-0010527,P03727,2025-06-01 09:00:00,EARN,14,87,BKG-004134
LTX-0010528,P03727,2025-06-01 18:00:00,REDEEM,-30,57,BKG-004134
LTX-0010529,P03727,2025-07-19 09:00:00,EARN,48,105,BKG-004282
LTX-0010530,P01199,2025-05-25 09:00:00,EARN,59,59,BKG-009671
LTX-0010531,P01199,2025-05-27 09:00:00,EARN,51,110,BKG-010749
LTX-0010532,P01199,2025-05-27 18:00:00,REDEEM,-20,90,BKG-010749
LTX-0010533,P01199,2025-06-06 09:00:00,EARN,38,128,BKG-011449
LTX-0010534,P01199,2025-06-13 09:00:00,EARN,33,161,BKG-005279
LTX-0010535,P01199,2025-06-25 09:00:00,EARN,23,184,BKG-007180
LTX-0010536,P01199,2025-11-20 09:00:00,EARN,58,242,BKG-004139
LTX-0010537,P01199,2025-11-27 09:00:00,EARN,78,320,BKG-006608
LTX-0010538,P01199,2025-12-07 09:00:00,EARN,26,346,BKG-010750
LTX-0010539,P01354,2025-04-22 09:00:00,EARN,42,42,BKG-004143
LTX-0010540,P02739,2025-04-04 09:00:00,EARN,20,20,BKG-004909
LTX-0010541,P02739,2025-07-20 09:00:00,EARN,63,83,BKG-007348
LTX-0010542,P02739,2025-12-03 09:00:00,EARN,74,157,BKG-004144
LTX-0010543,P00137,2025-07-05 09:00:00,EARN,89,89,BKG-004151
LTX-0010544,P03713,2025-04-19 09:00:00,EARN,21,21,BKG-008893
LTX-0010545,P03713,2025-07-11 09:00:00,EARN,29,50,BKG-009772
LTX-0010546,P03713,2025-11-28 09:00:00,EARN,39,89,BKG-004152
LTX-0010547,P03713,2025-11-28 18:00:00,REDEEM,-20,69,BKG-004152
LTX-0010548,P02255,2025-05-22 09:00:00,EARN,12,12,BKG-004160
LTX-0010549,P01395,2025-02-19 09:00:00,EARN,52,52,BKG-010436
LTX-0010550,P01395,2025-04-14 09:00:00,EARN,40,92,BKG-004164
LTX-0010551,P01395,2025-05-17 09:00:00,EARN,75,167,BKG-010742
LTX-0010552,P01395,2025-10-27 09:00:00,EARN,26,193,BKG-011204
LTX-0010553,P03110,2025-05-14 09:00:00,EARN,8,8,BKG-004166
LTX-0010554,P03027,2025-07-08 09:00:00,EARN,45,45,BKG-004172
LTX-0010555,P02988,2025-05-04 09:00:00,EARN,39,39,BKG-006103
LTX-0010556,P02988,2025-06-12 09:00:00,EARN,29,68,BKG-004184
LTX-0010557,P02988,2025-07-05 09:00:00,EARN,32,100,BKG-009873
LTX-0010558,P02988,2025-09-09 09:00:00,EARN,34,134,BKG-005528
LTX-0010559,P02988,2025-11-22 09:00:00,EARN,22,156,BKG-005225
LTX-0010560,P01636,2025-02-01 09:00:00,EARN,21,21,BKG-012396
LTX-0010561,P01636,2025-05-23 09:00:00,EARN,40,61,BKG-006722
LTX-0010562,P01636,2025-05-23 18:00:00,REDEEM,-20,41,BKG-006722
LTX-0010563,P01636,2025-06-24 09:00:00,EARN,58,99,BKG-004185
LTX-0010564,P01636,2025-09-15 09:00:00,EARN,28,127,BKG-005785
LTX-0010565,P01053,2025-04-08 09:00:00,EARN,68,68,BKG-007026
LTX-0010566,P01053,2025-05-10 09:00:00,EARN,56,124,BKG-009291
LTX-0010567,P01053,2025-06-01 09:00:00,EARN,42,166,BKG-005304
LTX-0010568,P01053,2025-06-20 09:00:00,EARN,28,194,BKG-004190
LTX-0010569,P01053,2025-07-07 09:00:00,EARN,41,235,BKG-007120
LTX-0010570,P01053,2025-07-07 18:00:00,REDEEM,-30,205,BKG-007120
LTX-0010571,P01053,2025-07-17 09:00:00,EARN,22,227,BKG-011949
LTX-0010572,P01053,2025-11-09 09:00:00,EARN,31,258,BKG-008686
LTX-0010573,P03823,2025-03-20 09:00:00,EARN,44,44,BKG-004192
LTX-0010574,P03823,2025-11-20 09:00:00,EARN,44,88,BKG-010821
LTX-0010575,P00423,2025-06-25 09:00:00,EARN,56,56,BKG-007791
LTX-0010576,P00423,2025-08-14 09:00:00,EARN,76,132,BKG-004193
LTX-0010577,P00126,2025-08-21 09:00:00,EARN,48,48,BKG-004194
LTX-0010578,P02552,2025-05-02 09:00:00,EARN,51,51,BKG-008265
LTX-0010579,P02552,2025-07-06 09:00:00,EARN,90,141,BKG-005296
LTX-0010580,P02552,2025-08-23 09:00:00,EARN,16,157,BKG-004197
LTX-0010581,P02552,2025-12-05 09:00:00,EARN,23,180,BKG-004800
LTX-0010582,P00530,2025-09-02 09:00:00,EARN,62,62,BKG-004199
LTX-0010583,P00530,2025-09-14 09:00:00,EARN,26,88,BKG-012424
LTX-0010584,P02278,2024-12-29 09:00:00,EARN,16,16,BKG-008826
LTX-0010585,P02278,2025-03-29 09:00:00,EARN,82,98,BKG-010402
LTX-0010586,P02278,2025-09-01 09:00:00,EARN,76,174,BKG-006424
LTX-0010587,P02278,2025-09-01 18:00:00,REDEEM,-20,154,BKG-006424
LTX-0010588,P02278,2025-11-26 09:00:00,EARN,33,187,BKG-004200
LTX-0010589,P02278,2025-11-26 18:00:00,REDEEM,-30,157,BKG-004200
LTX-0010590,P02354,2025-08-29 09:00:00,EARN,52,52,BKG-004204
LTX-0010591,P02354,2025-11-29 09:00:00,EARN,50,102,BKG-004303
LTX-0010592,P03143,2025-06-05 09:00:00,EARN,46,46,BKG-006067
LTX-0010593,P03143,2025-06-27 09:00:00,EARN,76,122,BKG-010984
LTX-0010594,P03143,2025-06-27 09:00:00,EARN,77,199,BKG-012070
LTX-0010595,P03143,2025-11-30 09:00:00,EARN,19,218,BKG-004207
LTX-0010596,P01529,2025-01-14 09:00:00,EARN,47,47,BKG-012052
LTX-0010597,P01529,2025-05-20 09:00:00,EARN,12,59,BKG-004213
LTX-0010598,P01529,2025-05-29 09:00:00,EARN,79,138,BKG-008241
LTX-0010599,P01529,2025-08-21 09:00:00,EARN,40,178,BKG-009576
LTX-0010600,P00618,2025-01-25 09:00:00,EARN,42,42,BKG-004214
LTX-0010601,P00618,2025-02-17 09:00:00,EARN,77,119,BKG-011157
LTX-0010602,P00618,2025-05-21 09:00:00,EARN,15,134,BKG-011373
LTX-0010603,P00618,2025-11-26 09:00:00,EARN,30,164,BKG-005782
LTX-0010604,P03308,2025-06-07 09:00:00,EARN,60,60,BKG-010480
LTX-0010605,P03308,2025-07-25 09:00:00,EARN,23,83,BKG-011688
LTX-0010606,P03308,2025-10-15 09:00:00,EARN,29,112,BKG-008146
LTX-0010607,P03308,2025-11-10 09:00:00,EARN,60,172,BKG-004216
LTX-0010608,P03308,2025-11-10 18:00:00,REDEEM,-20,152,BKG-004216
LTX-0010609,P03308,2025-11-26 09:00:00,EARN,68,220,BKG-006543
LTX-0010610,P01229,2025-06-06 09:00:00,EARN,49,49,BKG-004218
LTX-0010611,P01229,2025-06-24 09:00:00,EARN,33,82,BKG-006760
LTX-0010612,P01282,2025-05-20 09:00:00,EARN,52,52,BKG-010544
LTX-0010613,P01282,2025-05-31 09:00:00,EARN,71,123,BKG-005943
LTX-0010614,P01282,2025-09-05 09:00:00,EARN,35,158,BKG-004222
LTX-0010615,P01008,2025-03-15 09:00:00,EARN,41,41,BKG-004224
LTX-0010616,P01008,2025-03-15 18:00:00,REDEEM,-10,31,BKG-004224
LTX-0010617,P01008,2025-06-23 09:00:00,EARN,9,40,BKG-009147
LTX-0010618,P03654,2025-01-30 09:00:00,EARN,50,50,BKG-004226
LTX-0010619,P03654,2025-07-08 09:00:00,EARN,85,135,BKG-006247
LTX-0010620,P03430,2025-06-12 09:00:00,EARN,53,53,BKG-010061
LTX-0010621,P03430,2025-08-05 09:00:00,EARN,48,101,BKG-004229
LTX-0010622,P03430,2025-08-05 18:00:00,REDEEM,-30,71,BKG-004229
LTX-0010623,P03430,2025-11-14 09:00:00,EARN,44,115,BKG-010748
LTX-0010624,P00885,2025-03-05 09:00:00,EARN,69,69,BKG-008373
LTX-0010625,P00885,2025-04-26 09:00:00,EARN,49,118,BKG-004232
LTX-0010626,P02123,2025-05-23 09:00:00,EARN,74,74,BKG-007418
LTX-0010627,P02123,2025-06-13 09:00:00,EARN,40,114,BKG-004235
LTX-0010628,P02123,2025-10-19 09:00:00,EARN,62,176,BKG-008751
LTX-0010629,P02093,2025-01-26 09:00:00,EARN,34,34,BKG-006168
LTX-0010630,P02093,2025-08-07 09:00:00,EARN,54,88,BKG-010345
LTX-0010631,P02093,2025-10-05 09:00:00,EARN,21,109,BKG-004236
LTX-0010632,P02093,2025-11-12 09:00:00,EARN,45,154,BKG-006928
LTX-0010633,P03574,2025-04-10 09:00:00,EARN,45,45,BKG-005074
LTX-0010634,P03574,2025-04-10 18:00:00,REDEEM,-20,25,BKG-005074
LTX-0010635,P03574,2025-04-25 09:00:00,EARN,50,75,BKG-004240
LTX-0010636,P03574,2025-04-25 18:00:00,REDEEM,-20,55,BKG-004240
LTX-0010637,P02610,2025-06-15 09:00:00,EARN,40,40,BKG-007099
LTX-0010638,P02610,2025-07-21 09:00:00,EARN,29,69,BKG-004698
LTX-0010639,P02610,2025-08-23 09:00:00,EARN,44,113,BKG-004247
LTX-0010640,P02610,2025-09-16 09:00:00,EARN,41,154,BKG-009912
LTX-0010641,P03526,2025-06-12 09:00:00,EARN,85,85,BKG-004251
LTX-0010642,P03526,2025-09-18 09:00:00,EARN,22,107,BKG-005196
LTX-0010643,P03526,2025-09-18 18:00:00,REDEEM,-10,97,BKG-005196
LTX-0010644,P03526,2025-11-09 09:00:00,EARN,42,139,BKG-004541
LTX-0010645,P00837,2024-12-14 09:00:00,EARN,14,14,BKG-006859
LTX-0010646,P00837,2025-05-05 09:00:00,EARN,27,41,BKG-004252
LTX-0010647,P00837,2025-06-02 09:00:00,EARN,36,77,BKG-005323
LTX-0010648,P00837,2025-11-27 09:00:00,EARN,29,106,BKG-005001
LTX-0010649,P00837,2025-12-07 09:00:00,EARN,65,171,BKG-007416
LTX-0010650,P00837,2025-12-07 18:00:00,REDEEM,-10,161,BKG-007416
LTX-0010651,P03930,2025-05-19 09:00:00,EARN,36,36,BKG-004255
LTX-0010652,P03930,2025-12-02 09:00:00,EARN,109,145,BKG-009480
LTX-0010653,P00797,2025-05-21 09:00:00,EARN,37,37,BKG-008507
LTX-0010654,P00797,2025-06-03 09:00:00,EARN,18,55,BKG-004257
LTX-0010655,P00797,2025-07-20 09:00:00,EARN,63,118,BKG-005934
LTX-0010656,P00543,2025-01-31 09:00:00,EARN,10,10,BKG-007623
LTX-0010657,P00543,2025-02-11 09:00:00,EARN,40,50,BKG-007847
LTX-0010658,P00543,2025-04-09 09:00:00,EARN,51,101,BKG-004262
LTX-0010659,P00543,2025-06-12 09:00:00,EARN,25,126,BKG-004659
LTX-0010660,P00543,2025-07-01 09:00:00,EARN,55,181,BKG-004517
LTX-0010661,P00543,2025-12-20 09:00:00,EARN,18,199,BKG-004471
LTX-0010662,P00886,2025-04-25 09:00:00,EARN,34,34,BKG-012009
LTX-0010663,P00886,2025-05-23 09:00:00,EARN,53,87,BKG-004265
LTX-0010664,P00886,2025-12-01 09:00:00,EARN,72,159,BKG-009452
LTX-0010665,P00177,2025-08-19 09:00:00,EARN,46,46,BKG-004266
LTX-0010666,P00177,2025-10-27 09:00:00,EARN,55,101,BKG-008465
LTX-0010667,P01949,2025-04-14 09:00:00,EARN,28,28,BKG-007457
LTX-0010668,P01949,2025-06-12 09:00:00,EARN,47,75,BKG-004267
LTX-0010669,P01949,2025-06-21 09:00:00,EARN,39,114,BKG-012045
LTX-0010670,P01949,2025-06-21 18:00:00,REDEEM,-20,94,BKG-012045
LTX-0010671,P01949,2025-06-27 09:00:00,EARN,39,133,BKG-012371
LTX-0010672,P01949,2025-12-09 09:00:00,EARN,89,222,BKG-004898
LTX-0010673,P03474,2025-05-17 09:00:00,EARN,98,98,BKG-004270
LTX-0010674,P03474,2025-07-08 09:00:00,EARN,46,144,BKG-006876
LTX-0010675,P03924,2025-03-14 09:00:00,EARN,54,54,BKG-004271
LTX-0010676,P03924,2025-04-29 09:00:00,EARN,42,96,BKG-006439
LTX-0010677,P03924,2025-05-13 09:00:00,EARN,13,109,BKG-008977
LTX-0010678,P03924,2025-05-19 09:00:00,EARN,86,195,BKG-008349
LTX-0010679,P03467,2025-06-17 09:00:00,EARN,17,17,BKG-004274
LTX-0010680,P03963,2025-06-11 09:00:00,EARN,20,20,BKG-009840
LTX-0010681,P03963,2025-11-23 09:00:00,EARN,47,67,BKG-004276
LTX-0010682,P03387,2025-06-10 09:00:00,EARN,9,9,BKG-012158
LTX-0010683,P03387,2025-07-31 09:00:00,EARN,30,39,BKG-004278
LTX-0010684,P03387,2025-11-18 09:00:00,EARN,54,93,BKG-007218
LTX-0010685,P01690,2025-05-25 09:00:00,EARN,48,48,BKG-004279
LTX-0010686,P01690,2025-05-25 09:00:00,EARN,60,108,BKG-006946
LTX-0010687,P01690,2025-12-02 09:00:00,EARN,50,158,BKG-009431
LTX-0010688,P01690,2025-12-05 09:00:00,EARN,9,167,BKG-005408
LTX-0010689,P01302,2025-01-03 09:00:00,EARN,70,70,BKG-008377
LTX-0010690,P01302,2025-02-07 09:00:00,EARN,50,120,BKG-009793
LTX-0010691,P01302,2025-04-05 09:00:00,EARN,51,171,BKG-010021
LTX-0010692,P01302,2025-11-26 09:00:00,EARN,37,208,BKG-004281
LTX-0010693,P02098,2025-05-12 09:00:00,EARN,86,86,BKG-007805
LTX-0010694,P02098,2025-11-15 09:00:00,EARN,50,136,BKG-008026
LTX-0010695,P02098,2025-11-29 09:00:00,EARN,37,173,BKG-004284
LTX-0010696,P02098,2025-12-21 09:00:00,EARN,84,257,BKG-005007
LTX-0010697,P02966,2024-12-13 09:00:00,EARN,9,9,BKG-004286
LTX-0010698,P02966,2025-03-08 09:00:00,EARN,30,39,BKG-010412
LTX-0010699,P00551,2025-06-23 09:00:00,EARN,45,45,BKG-012414
LTX-0010700,P00551,2025-06-23 18:00:00,REDEEM,-30,15,BKG-012414
LTX-0010701,P00551,2025-10-30 09:00:00,EARN,34,49,BKG-004290
LTX-0010702,P00551,2025-11-08 09:00:00,EARN,65,114,BKG-009787
LTX-0010703,P00551,2025-11-08 18:00:00,REDEEM,-20,94,BKG-009787
LTX-0010704,P00551,2025-11-12 09:00:00,EARN,41,135,BKG-010698
LTX-0010705,P01347,2025-01-16 09:00:00,EARN,64,64,BKG-010808
LTX-0010706,P01347,2025-11-14 09:00:00,EARN,45,109,BKG-004292
LTX-0010707,P01347,2025-12-17 09:00:00,EARN,47,156,BKG-004309
LTX-0010708,P01355,2025-06-22 09:00:00,EARN,25,25,BKG-004301
LTX-0010709,P01355,2025-08-30 09:00:00,EARN,7,32,BKG-004481
LTX-0010710,P00947,2025-02-05 09:00:00,EARN,48,48,BKG-004302
LTX-0010711,P02055,2025-02-17 09:00:00,EARN,50,50,BKG-012353
LTX-0010712,P02055,2025-02-23 09:00:00,EARN,41,91,BKG-006780
LTX-0010713,P02055,2025-06-16 09:00:00,EARN,43,134,BKG-009696
LTX-0010714,P02055,2025-06-16 18:00:00,REDEEM,-20,114,BKG-009696
LTX-0010715,P02055,2025-07-23 09:00:00,EARN,29,143,BKG-010825
LTX-0010716,P02055,2025-09-23 09:00:00,EARN,38,181,BKG-011190
LTX-0010717,P02055,2025-11-26 09:00:00,EARN,37,218,BKG-009167
LTX-0010718,P02055,2025-11-30 09:00:00,EARN,16,234,BKG-004304
LTX-0010719,P02055,2025-12-04 09:00:00,EARN,38,272,BKG-006254
LTX-0010720,P03764,2025-04-30 09:00:00,EARN,72,72,BKG-007886
LTX-0010721,P03764,2025-06-18 09:00:00,EARN,9,81,BKG-011550
LTX-0010722,P03764,2025-06-18 18:00:00,REDEEM,-10,71,BKG-011550
LTX-0010723,P03764,2025-10-14 09:00:00,EARN,60,131,BKG-004305
LTX-0010724,P00859,2025-07-04 09:00:00,EARN,92,92,BKG-004311
LTX-0010725,P00859,2025-10-23 09:00:00,EARN,20,112,BKG-012294
LTX-0010726,P00859,2025-11-15 09:00:00,EARN,51,163,BKG-011445
LTX-0010727,P01679,2024-12-16 09:00:00,EARN,54,54,BKG-008970
LTX-0010728,P01679,2025-04-29 09:00:00,EARN,45,99,BKG-010493
LTX-0010729,P01679,2025-05-13 09:00:00,EARN,36,135,BKG-009324
LTX-0010730,P01679,2025-05-15 09:00:00,EARN,24,159,BKG-008006
LTX-0010731,P01679,2025-05-15 18:00:00,REDEEM,-20,139,BKG-008006
LTX-0010732,P01679,2025-09-19 09:00:00,EARN,53,192,BKG-011969
LTX-0010733,P01679,2025-11-09 09:00:00,EARN,39,231,BKG-004312
LTX-0010734,P03819,2025-03-13 09:00:00,EARN,89,89,BKG-007299
LTX-0010735,P03819,2025-03-13 18:00:00,REDEEM,-30,59,BKG-007299
LTX-0010736,P03819,2025-04-17 09:00:00,EARN,21,80,BKG-004313
LTX-0010737,P03819,2025-11-10 09:00:00,EARN,40,120,BKG-004686
LTX-0010738,P03819,2025-12-14 09:00:00,EARN,68,188,BKG-006516
LTX-0010739,P02333,2025-01-04 09:00:00,EARN,73,73,BKG-007150
LTX-0010740,P02333,2025-05-04 09:00:00,EARN,40,113,BKG-004314
LTX-0010741,P02333,2025-07-03 09:00:00,EARN,22,135,BKG-008829
LTX-0010742,P02824,2025-03-29 09:00:00,EARN,42,42,BKG-010385
LTX-0010743,P02824,2025-05-27 09:00:00,EARN,19,61,BKG-004316
LTX-0010744,P00011,2025-05-19 09:00:00,EARN,25,25,BKG-011454
LTX-0010745,P00011,2025-10-28 09:00:00,EARN,37,62,BKG-004317
LTX-0010746,P01809,2025-06-21 09:00:00,EARN,25,25,BKG-008356
LTX-0010747,P01809,2025-11-13 09:00:00,EARN,37,62,BKG-004318
LTX-0010748,P00463,2025-11-18 09:00:00,EARN,25,25,BKG-004468
LTX-0010749,P00463,2025-12-19 09:00:00,EARN,25,50,BKG-004320
LTX-0010750,P00214,2025-02-02 09:00:00,EARN,40,40,BKG-004323
LTX-0010751,P00214,2025-04-07 09:00:00,EARN,28,68,BKG-010045
LTX-0010752,P01786,2025-05-01 09:00:00,EARN,36,36,BKG-004324
LTX-0010753,P03621,2025-05-19 09:00:00,EARN,48,48,BKG-010326
LTX-0010754,P03621,2025-11-11 09:00:00,EARN,17,65,BKG-006653
LTX-0010755,P03621,2025-12-05 09:00:00,EARN,30,95,BKG-004325
LTX-0010756,P00361,2024-12-29 09:00:00,EARN,38,38,BKG-005775
LTX-0010757,P00361,2025-01-20 09:00:00,EARN,50,88,BKG-004329
LTX-0010758,P00361,2025-05-26 09:00:00,EARN,78,166,BKG-011763
LTX-0010759,P00361,2025-06-06 09:00:00,EARN,59,225,BKG-006212
LTX-0010760,P00361,2025-06-24 09:00:00,EARN,76,301,BKG-010001
LTX-0010761,P00361,2025-06-27 09:00:00,EARN,45,346,BKG-008776
LTX-0010762,P00361,2025-06-27 18:00:00,REDEEM,-30,316,BKG-008776
LTX-0010763,P00361,2025-11-13 09:00:00,EARN,10,326,BKG-005594
LTX-0010764,P00591,2025-06-13 09:00:00,EARN,47,47,BKG-010903
LTX-0010765,P00591,2025-06-30 09:00:00,EARN,21,68,BKG-004330
LTX-0010766,P00591,2025-12-12 09:00:00,EARN,30,98,BKG-005689
LTX-0010767,P00803,2025-04-19 09:00:00,EARN,47,47,BKG-004405
LTX-0010768,P00803,2025-06-08 09:00:00,EARN,29,76,BKG-004333
LTX-0010769,P00803,2025-06-08 18:00:00,REDEEM,-20,56,BKG-004333
LTX-0010770,P00803,2025-07-06 09:00:00,EARN,65,121,BKG-007191
LTX-0010771,P00803,2025-12-06 09:00:00,EARN,45,166,BKG-009491
LTX-0010772,P01749,2025-03-20 09:00:00,EARN,27,27,BKG-004335
LTX-0010773,P01749,2025-06-30 09:00:00,EARN,11,38,BKG-012147
LTX-0010774,P01749,2025-06-30 18:00:00,REDEEM,-20,18,BKG-012147
LTX-0010775,P01672,2025-04-15 09:00:00,EARN,28,28,BKG-004337
LTX-0010776,P01672,2025-04-15 18:00:00,REDEEM,-20,8,BKG-004337
LTX-0010777,P01672,2025-11-23 09:00:00,EARN,32,40,BKG-005519
LTX-0010778,P01672,2025-11-27 09:00:00,EARN,32,72,BKG-012193
LTX-0010779,P01672,2025-11-27 18:00:00,REDEEM,-30,42,BKG-012193
LTX-0010780,P02398,2025-06-02 09:00:00,EARN,66,66,BKG-004339
LTX-0010781,P02398,2025-07-09 09:00:00,EARN,38,104,BKG-008436
LTX-0010782,P03702,2025-03-22 09:00:00,EARN,52,52,BKG-009335
LTX-0010783,P03702,2025-03-22 18:00:00,REDEEM,-30,22,BKG-009335
LTX-0010784,P03702,2025-07-17 09:00:00,EARN,37,59,BKG-004342
LTX-0010785,P03702,2025-07-17 18:00:00,REDEEM,-10,49,BKG-004342
LTX-0010786,P00930,2025-06-02 09:00:00,EARN,39,39,BKG-004343
LTX-0010787,P00930,2025-06-12 09:00:00,EARN,25,64,BKG-009188
LTX-0010788,P00930,2025-11-29 09:00:00,EARN,104,168,BKG-010842
LTX-0010789,P00811,2025-06-23 09:00:00,EARN,71,71,BKG-004356
LTX-0010790,P00811,2025-11-14 09:00:00,EARN,16,87,BKG-011828
LTX-0010791,P00426,2025-02-11 09:00:00,EARN,8,8,BKG-006910
LTX-0010792,P00426,2025-03-14 09:00:00,EARN,62,70,BKG-008842
LTX-0010793,P00426,2025-06-16 09:00:00,EARN,35,105,BKG-005422
LTX-0010794,P00426,2025-06-27 09:00:00,EARN,29,134,BKG-004358
LTX-0010795,P00426,2025-07-06 09:00:00,EARN,20,154,BKG-008895
LTX-0010796,P00426,2025-07-24 09:00:00,EARN,9,163,BKG-005503
LTX-0010797,P00426,2025-11-23 09:00:00,EARN,29,192,BKG-005155
LTX-0010798,P00263,2025-05-26 09:00:00,EARN,38,38,BKG-004359
LTX-0010799,P00263,2025-07-02 09:00:00,EARN,40,78,BKG-009349
LTX-0010800,P00263,2025-08-27 09:00:00,EARN,8,86,BKG-011481
LTX-0010801,P01250,2025-03-05 09:00:00,EARN,32,32,BKG-004364
LTX-0010802,P01250,2025-03-05 18:00:00,REDEEM,-10,22,BKG-004364
LTX-0010803,P01250,2025-09-06 09:00:00,EARN,63,85,BKG-009016
LTX-0010804,P01449,2025-04-05 09:00:00,EARN,47,47,BKG-008982
LTX-0010805,P01449,2025-06-11 09:00:00,EARN,12,59,BKG-004370
LTX-0010806,P01449,2025-12-12 09:00:00,EARN,68,127,BKG-009259
LTX-0010807,P01660,2025-07-19 09:00:00,EARN,60,60,BKG-007635
LTX-0010808,P01660,2025-11-02 09:00:00,EARN,45,105,BKG-004371
LTX-0010809,P01660,2025-12-20 09:00:00,EARN,12,117,BKG-009430
LTX-0010810,P02396,2025-02-20 09:00:00,EARN,16,16,BKG-004374
LTX-0010811,P02396,2025-03-21 09:00:00,EARN,60,76,BKG-011431
LTX-0010812,P02396,2025-03-21 18:00:00,REDEEM,-30,46,BKG-011431
LTX-0010813,P02396,2025-11-30 09:00:00,EARN,84,130,BKG-007244
LTX-0010814,P02283,2025-05-20 09:00:00,EARN,50,50,BKG-004375
LTX-0010815,P02283,2025-06-25 09:00:00,EARN,11,61,BKG-012050
LTX-0010816,P01652,2025-07-26 09:00:00,EARN,59,59,BKG-004376
LTX-0010817,P01652,2025-09-27 09:00:00,EARN,50,109,BKG-004853
LTX-0010818,P01652,2025-11-16 09:00:00,EARN,25,134,BKG-005587
LTX-0010819,P01342,2025-02-13 09:00:00,EARN,44,44,BKG-006605
LTX-0010820,P01342,2025-03-20 09:00:00,EARN,60,104,BKG-005593
LTX-0010821,P01342,2025-05-05 09:00:00,EARN,52,156,BKG-010668
LTX-0010822,P01342,2025-06-11 09:00:00,EARN,31,187,BKG-011272
LTX-0010823,P01342,2025-07-16 09:00:00,EARN,8,195,BKG-004378
LTX-0010824,P01342,2025-11-04 09:00:00,EARN,25,220,BKG-012060
LTX-0010825,P00583,2025-03-19 09:00:00,EARN,60,60,BKG-008082
LTX-0010826,P00583,2025-08-18 09:00:00,EARN,41,101,BKG-004386
LTX-0010827,P00583,2025-08-18 18:00:00,REDEEM,-10,91,BKG-004386
LTX-0010828,P00583,2025-12-04 09:00:00,EARN,22,113,BKG-010869
LTX-0010829,P02035,2025-04-21 09:00:00,EARN,38,38,BKG-008906
LTX-0010830,P02035,2025-05-18 09:00:00,EARN,40,78,BKG-004387
LTX-0010831,P02035,2025-05-26 09:00:00,EARN,27,105,BKG-007990
LTX-0010832,P02309,2025-02-24 09:00:00,EARN,84,84,BKG-004391
LTX-0010833,P02309,2025-05-02 09:00:00,EARN,66,150,BKG-010520
LTX-0010834,P02309,2025-08-16 09:00:00,EARN,19,169,BKG-005206
LTX-0010835,P02689,2025-03-17 09:00:00,EARN,34,34,BKG-009124
LTX-0010836,P02689,2025-05-16 09:00:00,EARN,34,68,BKG-008015
LTX-0010837,P02689,2025-05-31 09:00:00,EARN,77,145,BKG-004393
LTX-0010838,P00737,2025-01-05 09:00:00,EARN,25,25,BKG-010604
LTX-0010839,P00737,2025-05-28 09:00:00,EARN,44,69,BKG-004394
LTX-0010840,P00737,2025-06-12 09:00:00,EARN,30,99,BKG-011565
LTX-0010841,P00156,2025-04-14 09:00:00,EARN,44,44,BKG-005695
LTX-0010842,P00156,2025-10-08 09:00:00,EARN,23,67,BKG-006999
LTX-0010843,P00156,2025-11-04 09:00:00,EARN,55,122,BKG-004397
LTX-0010844,P01682,2025-06-21 09:00:00,EARN,38,38,BKG-005060
LTX-0010845,P01682,2025-07-01 09:00:00,EARN,44,82,BKG-006834
LTX-0010846,P01682,2025-11-08 09:00:00,EARN,41,123,BKG-004403
LTX-0010847,P03848,2024-12-17 09:00:00,EARN,16,16,BKG-004627
LTX-0010848,P03848,2025-06-27 09:00:00,EARN,30,46,BKG-010462
LTX-0010849,P03848,2025-11-18 09:00:00,EARN,18,64,BKG-004404
LTX-0010850,P03848,2025-11-18 09:00:00,EARN,51,115,BKG-008091
LTX-0010851,P03848,2025-11-18 18:00:00,REDEEM,-30,85,BKG-008091
LTX-0010852,P03848,2025-12-13 09:00:00,EARN,72,157,BKG-004778
LTX-0010853,P03848,2025-12-13 18:00:00,REDEEM,-10,147,BKG-004778
LTX-0010854,P03895,2024-12-24 09:00:00,EARN,47,47,BKG-010955
LTX-0010855,P03895,2025-05-30 09:00:00,EARN,65,112,BKG-006825
LTX-0010856,P03895,2025-07-21 09:00:00,EARN,13,125,BKG-008588
LTX-0010857,P03895,2025-08-26 09:00:00,EARN,25,150,BKG-004407
LTX-0010858,P00741,2025-05-24 09:00:00,EARN,65,65,BKG-005831
LTX-0010859,P00741,2025-06-11 09:00:00,EARN,50,115,BKG-009980
LTX-0010860,P00741,2025-06-17 09:00:00,EARN,55,170,BKG-011875
LTX-0010861,P00741,2025-07-20 09:00:00,EARN,11,181,BKG-005504
LTX-0010862,P00741,2025-08-15 09:00:00,EARN,18,199,BKG-004410
LTX-0010863,P00493,2025-06-10 09:00:00,EARN,65,65,BKG-004411
LTX-0010864,P03485,2025-07-30 09:00:00,EARN,57,57,BKG-011990
LTX-0010865,P03485,2025-08-12 09:00:00,EARN,48,105,BKG-004414
LTX-0010866,P03485,2025-12-14 09:00:00,EARN,23,128,BKG-005344
LTX-0010867,P00060,2025-04-03 09:00:00,EARN,34,34,BKG-004419
LTX-0010868,P00060,2025-04-03 18:00:00,REDEEM,-30,4,BKG-004419
LTX-0010869,P00060,2025-05-22 09:00:00,EARN,34,38,BKG-004477
LTX-0010870,P00060,2025-07-11 09:00:00,EARN,28,66,BKG-007411
LTX-0010871,P00083,2025-01-07 09:00:00,EARN,41,41,BKG-009721
LTX-0010872,P00083,2025-04-29 09:00:00,EARN,30,71,BKG-008824
LTX-0010873,P00083,2025-10-03 09:00:00,EARN,44,115,BKG-008080
LTX-0010874,P00083,2025-12-04 09:00:00,EARN,49,164,BKG-004420
LTX-0010875,P02500,2024-12-27 09:00:00,EARN,22,22,BKG-006202
LTX-0010876,P02500,2025-04-16 09:00:00,EARN,43,65,BKG-008544
LTX-0010877,P02500,2025-05-28 09:00:00,EARN,28,93,BKG-004422
LTX-0010878,P02500,2025-06-30 09:00:00,EARN,72,165,BKG-005716
LTX-0010879,P02500,2025-11-21 09:00:00,EARN,18,183,BKG-004882
LTX-0010880,P02500,2025-11-26 09:00:00,EARN,51,234,BKG-007769
LTX-0010881,P02981,2025-12-03 09:00:00,EARN,48,48,BKG-007351
LTX-0010882,P02981,2025-12-19 09:00:00,EARN,22,70,BKG-004423
LTX-0010883,P03469,2025-07-11 09:00:00,EARN,48,48,BKG-004561
LTX-0010884,P03469,2025-07-21 09:00:00,EARN,69,117,BKG-004424
LTX-0010885,P03280,2024-12-30 09:00:00,EARN,16,16,BKG-004425
LTX-0010886,P03280,2025-01-27 09:00:00,EARN,8,24,BKG-011646
LTX-0010887,P03280,2025-05-20 09:00:00,EARN,50,74,BKG-012170
LTX-0010888,P03280,2025-09-14 09:00:00,EARN,36,110,BKG-006405
LTX-0010889,P03280,2025-09-14 18:00:00,REDEEM,-10,100,BKG-006405
LTX-0010890,P00879,2025-08-09 09:00:00,EARN,36,36,BKG-004426
LTX-0010891,P00879,2025-11-14 09:00:00,EARN,33,69,BKG-010576
LTX-0010892,P00767,2025-01-17 09:00:00,EARN,49,49,BKG-004718
LTX-0010893,P00767,2025-04-16 09:00:00,EARN,68,117,BKG-004427
LTX-0010894,P00767,2025-05-14 09:00:00,EARN,89,206,BKG-011601
LTX-0010895,P01411,2025-01-07 09:00:00,EARN,42,42,BKG-009520
LTX-0010896,P01411,2025-07-05 09:00:00,EARN,75,117,BKG-007995
LTX-0010897,P01411,2025-09-22 09:00:00,EARN,52,169,BKG-012443
LTX-0010898,P01411,2025-12-13 09:00:00,EARN,9,178,BKG-004428
LTX-0010899,P00615,2025-06-22 09:00:00,EARN,66,66,BKG-008979
LTX-0010900,P00615,2025-06-22 18:00:00,REDEEM,-10,56,BKG-008979
LTX-0010901,P00615,2025-06-23 09:00:00,EARN,22,78,BKG-007306
LTX-0010902,P00615,2025-07-16 09:00:00,EARN,26,104,BKG-006448
LTX-0010903,P00615,2025-08-11 09:00:00,EARN,15,119,BKG-004435
LTX-0010904,P00615,2025-10-11 09:00:00,EARN,29,148,BKG-010513
LTX-0010905,P00615,2025-11-17 09:00:00,EARN,36,184,BKG-008331
LTX-0010906,P02127,2025-02-21 09:00:00,EARN,8,8,BKG-008197
LTX-0010907,P02127,2025-06-28 09:00:00,EARN,10,18,BKG-004438
LTX-0010908,P02127,2025-06-28 18:00:00,REDEEM,-10,8,BKG-004438
LTX-0010909,P00448,2025-11-15 09:00:00,EARN,22,22,BKG-004445
LTX-0010910,P02489,2025-05-14 09:00:00,EARN,37,37,BKG-004446
LTX-0010911,P02320,2024-12-31 09:00:00,EARN,42,42,BKG-004447
LTX-0010912,P03723,2025-09-07 09:00:00,EARN,62,62,BKG-004451
LTX-0010913,P03723,2025-09-07 18:00:00,REDEEM,-20,42,BKG-004451
LTX-0010914,P03312,2025-05-27 09:00:00,EARN,76,76,BKG-004454
LTX-0010915,P01466,2025-02-25 09:00:00,EARN,64,64,BKG-004455
LTX-0010916,P01466,2025-02-25 18:00:00,REDEEM,-20,44,BKG-004455
LTX-0010917,P01466,2025-10-09 09:00:00,EARN,16,60,BKG-011485
LTX-0010918,P00645,2025-03-19 09:00:00,EARN,44,44,BKG-004641
LTX-0010919,P00645,2025-06-08 09:00:00,EARN,20,64,BKG-007881
LTX-0010920,P00645,2025-09-20 09:00:00,EARN,73,137,BKG-004462
LTX-0010921,P00645,2025-11-30 09:00:00,EARN,41,178,BKG-007373
LTX-0010922,P00586,2025-05-25 09:00:00,EARN,63,63,BKG-004463
LTX-0010923,P00586,2025-11-23 09:00:00,EARN,60,123,BKG-009161
LTX-0010924,P03733,2025-06-16 09:00:00,EARN,68,68,BKG-004467
LTX-0010925,P03733,2025-09-29 09:00:00,EARN,25,93,BKG-011840
LTX-0010926,P02231,2025-06-15 09:00:00,EARN,54,54,BKG-004472
LTX-0010927,P02231,2025-08-04 09:00:00,EARN,69,123,BKG-012338
LTX-0010928,P02231,2025-08-04 18:00:00,REDEEM,-20,103,BKG-012338
LTX-0010929,P01351,2025-05-15 09:00:00,EARN,25,25,BKG-004474
LTX-0010930,P01351,2025-09-24 09:00:00,EARN,29,54,BKG-011922
LTX-0010931,P00117,2025-06-24 09:00:00,EARN,79,79,BKG-007288
LTX-0010932,P00117,2025-07-23 09:00:00,EARN,65,144,BKG-006598
LTX-0010933,P00117,2025-08-02 09:00:00,EARN,42,186,BKG-004478
LTX-0010934,P01264,2025-11-12 09:00:00,EARN,41,41,BKG-004483
LTX-0010935,P03812,2025-02-08 09:00:00,EARN,34,34,BKG-004490
LTX-0010936,P03812,2025-02-08 18:00:00,REDEEM,-30,4,BKG-004490
LTX-0010937,P03812,2025-06-21 09:00:00,EARN,52,56,BKG-006751
LTX-0010938,P03812,2025-07-28 09:00:00,EARN,38,94,BKG-010225
LTX-0010939,P03812,2025-12-08 09:00:00,EARN,50,144,BKG-006991
LTX-0010940,P00420,2025-05-30 09:00:00,EARN,13,13,BKG-004494
LTX-0010941,P00420,2025-07-01 09:00:00,EARN,51,64,BKG-009907
LTX-0010942,P00420,2025-11-14 09:00:00,EARN,36,100,BKG-007666
LTX-0010943,P03034,2025-06-01 09:00:00,EARN,69,69,BKG-004499
LTX-0010944,P03034,2025-06-22 09:00:00,EARN,54,123,BKG-006979
LTX-0010945,P03034,2025-10-19 09:00:00,EARN,49,172,BKG-009049
LTX-0010946,P03034,2025-10-19 18:00:00,REDEEM,-30,142,BKG-009049
LTX-0010947,P00866,2025-05-06 09:00:00,EARN,22,22,BKG-004500
LTX-0010948,P00971,2024-12-10 09:00:00,EARN,17,17,BKG-006972
LTX-0010949,P00971,2025-06-04 09:00:00,EARN,15,32,BKG-010485
LTX-0010950,P00971,2025-06-16 09:00:00,EARN,63,95,BKG-009399
LTX-0010951,P00971,2025-09-03 09:00:00,EARN,68,163,BKG-004516
LTX-0010952,P03121,2025-03-24 09:00:00,EARN,26,26,BKG-009982
LTX-0010953,P03121,2025-06-01 09:00:00,EARN,52,78,BKG-004519
LTX-0010954,P03121,2025-06-18 09:00:00,EARN,46,124,BKG-008796
LTX-0010955,P02059,2025-11-02 09:00:00,EARN,58,58,BKG-008942
LTX-0010956,P02059,2025-11-18 09:00:00,EARN,45,103,BKG-004523
LTX-0010957,P02059,2025-11-19 09:00:00,EARN,36,139,BKG-006105
LTX-0010958,P02516,2024-12-23 09:00:00,EARN,55,55,BKG-011810
LTX-0010959,P02516,2025-04-01 09:00:00,EARN,36,91,BKG-010931
LTX-0010960,P02516,2025-07-13 09:00:00,EARN,47,138,BKG-004531
LTX-0010961,P02516,2025-08-01 09:00:00,EARN,72,210,BKG-010758
LTX-0010962,P02516,2025-08-01 18:00:00,REDEEM,-20,190,BKG-010758
LTX-0010963,P00607,2025-07-06 09:00:00,EARN,41,41,BKG-011158
LTX-0010964,P00607,2025-12-19 09:00:00,EARN,63,104,BKG-004533
LTX-0010965,P02843,2025-04-01 09:00:00,EARN,62,62,BKG-004539
LTX-0010966,P02843,2025-11-14 09:00:00,EARN,41,103,BKG-005694
LTX-0010967,P02843,2025-12-03 09:00:00,EARN,39,142,BKG-004534
LTX-0010968,P01859,2025-02-10 09:00:00,EARN,76,76,BKG-007656
LTX-0010969,P01859,2025-02-21 09:00:00,EARN,54,130,BKG-011503
LTX-0010970,P01859,2025-06-14 09:00:00,EARN,67,197,BKG-005749
LTX-0010971,P01859,2025-08-13 09:00:00,EARN,50,247,BKG-004549
LTX-0010972,P01859,2025-11-22 09:00:00,EARN,60,307,BKG-012077
LTX-0010973,P01859,2025-12-18 09:00:00,EARN,62,369,BKG-007018
LTX-0010974,P03720,2025-02-28 09:00:00,EARN,43,43,BKG-004556
LTX-0010975,P03720,2025-08-15 09:00:00,EARN,73,116,BKG-007052
LTX-0010976,P03350,2025-01-31 09:00:00,EARN,36,36,BKG-011665
LTX-0010977,P03350,2025-08-23 09:00:00,EARN,11,47,BKG-004558
LTX-0010978,P03350,2025-08-26 09:00:00,EARN,44,91,BKG-005855
LTX-0010979,P03350,2025-09-07 09:00:00,EARN,54,145,BKG-011211
LTX-0010980,P03449,2025-06-06 09:00:00,EARN,19,19,BKG-004560
LTX-0010981,P00326,2025-04-26 09:00:00,EARN,16,16,BKG-010494
LTX-0010982,P00326,2025-05-06 09:00:00,EARN,28,44,BKG-011798
LTX-0010983,P00326,2025-06-22 09:00:00,EARN,10,54,BKG-004569
LTX-0010984,P00326,2025-06-22 18:00:00,REDEEM,-10,44,BKG-004569
LTX-0010985,P00326,2025-08-17 09:00:00,EARN,41,85,BKG-010468
LTX-0010986,P00228,2025-06-16 09:00:00,EARN,46,46,BKG-004570
LTX-0010987,P00228,2025-07-04 09:00:00,EARN,124,170,BKG-006286
LTX-0010988,P00228,2025-08-10 09:00:00,EARN,66,236,BKG-007835
LTX-0010989,P00228,2025-10-13 09:00:00,EARN,30,266,BKG-006628
LTX-0010990,P01936,2025-02-01 09:00:00,EARN,66,66,BKG-011777
LTX-0010991,P01936,2025-05-09 09:00:00,EARN,20,86,BKG-004579
LTX-0010992,P01936,2025-07-13 09:00:00,EARN,53,139,BKG-005368
LTX-0010993,P01936,2025-09-09 09:00:00,EARN,54,193,BKG-006070
LTX-0010994,P03909,2025-11-26 09:00:00,EARN,64,64,BKG-004581
LTX-0010995,P03680,2025-01-17 09:00:00,EARN,33,33,BKG-004646
LTX-0010996,P03680,2025-06-27 09:00:00,EARN,25,58,BKG-005121
LTX-0010997,P03680,2025-10-21 09:00:00,EARN,12,70,BKG-004586
LTX-0010998,P01401,2025-01-05 09:00:00,EARN,41,41,BKG-007353
LTX-0010999,P01401,2025-02-09 09:00:00,EARN,70,111,BKG-004593
LTX-0011000,P01401,2025-12-03 09:00:00,EARN,43,154,BKG-008562
LTX-0011001,P03756,2024-12-15 09:00:00,EARN,36,36,BKG-004600
LTX-0011002,P03756,2025-07-06 09:00:00,EARN,82,118,BKG-004907
LTX-0011003,P03756,2025-07-06 18:00:00,REDEEM,-20,98,BKG-004907
LTX-0011004,P03755,2025-06-07 09:00:00,EARN,44,44,BKG-010551
LTX-0011005,P03755,2025-07-04 09:00:00,EARN,48,92,BKG-012505
LTX-0011006,P03755,2025-11-08 09:00:00,EARN,37,129,BKG-004605
LTX-0011007,P03755,2025-11-12 09:00:00,EARN,10,139,BKG-009441
LTX-0011008,P03755,2025-11-30 09:00:00,EARN,41,180,BKG-009299
LTX-0011009,P01422,2025-01-02 09:00:00,EARN,47,47,BKG-009243
LTX-0011010,P01422,2025-01-02 18:00:00,REDEEM,-10,37,BKG-009243
LTX-0011011,P01422,2025-06-16 09:00:00,EARN,132,169,BKG-004606
LTX-0011012,P01422,2025-06-16 18:00:00,REDEEM,-20,149,BKG-004606
LTX-0011013,P01422,2025-09-17 09:00:00,EARN,29,178,BKG-007944
LTX-0011014,P01422,2025-12-12 09:00:00,EARN,19,197,BKG-012479
LTX-0011015,P01143,2025-03-05 09:00:00,EARN,6,6,BKG-004608
LTX-0011016,P01143,2025-11-14 09:00:00,EARN,20,26,BKG-010087
LTX-0011017,P03118,2025-02-23 09:00:00,EARN,58,58,BKG-004609
LTX-0011018,P03118,2025-10-14 09:00:00,EARN,70,128,BKG-007671
LTX-0011019,P03118,2025-10-14 18:00:00,REDEEM,-30,98,BKG-007671
LTX-0011020,P03894,2025-03-28 09:00:00,EARN,38,38,BKG-004615
LTX-0011021,P03894,2025-07-01 09:00:00,EARN,35,73,BKG-007046
LTX-0011022,P03894,2025-07-17 09:00:00,EARN,45,118,BKG-009228
LTX-0011023,P03894,2025-12-09 09:00:00,EARN,57,175,BKG-005492
LTX-0011024,P02464,2025-05-04 09:00:00,EARN,28,28,BKG-004617
LTX-0011025,P02464,2025-12-11 09:00:00,EARN,70,98,BKG-011304
LTX-0011026,P02464,2025-12-11 18:00:00,REDEEM,-30,68,BKG-011304
LTX-0011027,P02893,2025-06-11 09:00:00,EARN,68,68,BKG-009260
LTX-0011028,P02893,2025-08-01 09:00:00,EARN,61,129,BKG-011343
LTX-0011029,P02893,2025-11-30 09:00:00,EARN,39,168,BKG-004618
LTX-0011030,P01701,2025-11-21 09:00:00,EARN,33,33,BKG-004623
LTX-0011031,P01701,2025-12-12 09:00:00,EARN,70,103,BKG-009101
LTX-0011032,P01625,2025-07-02 09:00:00,EARN,23,23,BKG-004634
LTX-0011033,P01625,2025-12-01 09:00:00,EARN,58,81,BKG-006096
LTX-0011034,P01625,2025-12-04 09:00:00,EARN,56,137,BKG-008956
LTX-0011035,P02733,2025-03-30 09:00:00,EARN,44,44,BKG-012086
LTX-0011036,P02733,2025-05-15 09:00:00,EARN,31,75,BKG-004636
LTX-0011037,P02733,2025-05-20 09:00:00,EARN,10,85,BKG-009863
LTX-0011038,P02733,2025-07-09 09:00:00,EARN,48,133,BKG-007872
LTX-0011039,P02733,2025-11-17 09:00:00,EARN,35,168,BKG-011329
LTX-0011040,P03857,2025-02-10 09:00:00,EARN,29,29,BKG-006616
LTX-0011041,P03857,2025-05-26 09:00:00,EARN,79,108,BKG-005555
LTX-0011042,P03857,2025-06-05 09:00:00,EARN,12,120,BKG-008675
LTX-0011043,P03857,2025-07-24 09:00:00,EARN,41,161,BKG-004643
LTX-0011044,P03857,2025-11-13 09:00:00,EARN,52,213,BKG-005974
LTX-0011045,P02675,2025-05-20 09:00:00,EARN,60,60,BKG-010241
LTX-0011046,P02675,2025-06-15 09:00:00,EARN,27,87,BKG-004644
LTX-0011047,P02675,2025-07-02 09:00:00,EARN,9,96,BKG-006153
LTX-0011048,P02675,2025-12-01 09:00:00,EARN,46,142,BKG-011981
LTX-0011049,P03809,2025-03-20 09:00:00,EARN,27,27,BKG-005165
LTX-0011050,P03809,2025-06-18 09:00:00,EARN,25,52,BKG-005140
LTX-0011051,P03809,2025-07-17 09:00:00,EARN,42,94,BKG-004645
LTX-0011052,P02763,2025-05-25 09:00:00,EARN,79,79,BKG-010608
LTX-0011053,P02763,2025-11-19 09:00:00,EARN,52,131,BKG-004656
LTX-0011054,P02323,2025-09-28 09:00:00,EARN,36,36,BKG-005930
LTX-0011055,P02323,2025-11-01 09:00:00,EARN,54,90,BKG-009479
LTX-0011056,P02323,2025-11-21 09:00:00,EARN,39,129,BKG-004657
LTX-0011057,P03573,2025-03-30 09:00:00,EARN,51,51,BKG-004658
LTX-0011058,P03573,2025-03-30 18:00:00,REDEEM,-20,31,BKG-004658
LTX-0011059,P03573,2025-05-28 09:00:00,EARN,55,86,BKG-007362
LTX-0011060,P03573,2025-11-08 09:00:00,EARN,81,167,BKG-008541
LTX-0011061,P02628,2025-03-02 09:00:00,EARN,14,14,BKG-004660
LTX-0011062,P02628,2025-06-23 09:00:00,EARN,72,86,BKG-007075
LTX-0011063,P02628,2025-09-14 09:00:00,EARN,63,149,BKG-005911
LTX-0011064,P02628,2025-11-22 09:00:00,EARN,41,190,BKG-007720
LTX-0011065,P02544,2025-07-01 09:00:00,EARN,70,70,BKG-011555
LTX-0011066,P02544,2025-09-23 09:00:00,EARN,54,124,BKG-004661
LTX-0011067,P02544,2025-09-23 18:00:00,REDEEM,-30,94,BKG-004661
LTX-0011068,P00298,2025-10-04 09:00:00,EARN,42,42,BKG-004663
LTX-0011069,P01178,2025-09-28 09:00:00,EARN,26,26,BKG-009551
LTX-0011070,P01178,2025-10-29 09:00:00,EARN,62,88,BKG-004670
LTX-0011071,P01109,2025-01-21 09:00:00,EARN,29,29,BKG-009061
LTX-0011072,P01109,2025-03-16 09:00:00,EARN,26,55,BKG-004672
LTX-0011073,P01109,2025-09-21 09:00:00,EARN,48,103,BKG-008711
LTX-0011074,P01109,2025-12-06 09:00:00,EARN,43,146,BKG-005676
LTX-0011075,P03849,2025-05-09 09:00:00,EARN,63,63,BKG-004676
LTX-0011076,P01087,2025-05-20 09:00:00,EARN,30,30,BKG-004678
LTX-0011077,P01087,2025-06-28 09:00:00,EARN,35,65,BKG-011486
LTX-0011078,P01087,2025-10-24 09:00:00,EARN,40,105,BKG-005701
LTX-0011079,P01087,2025-12-07 09:00:00,EARN,40,145,BKG-009215
LTX-0011080,P01087,2025-12-07 18:00:00,REDEEM,-10,135,BKG-009215
LTX-0011081,P02062,2025-06-03 09:00:00,EARN,41,41,BKG-004682
LTX-0011082,P02062,2025-06-14 09:00:00,EARN,22,63,BKG-005382
LTX-0011083,P02202,2025-06-11 09:00:00,EARN,11,11,BKG-005070
LTX-0011084,P02202,2025-07-04 09:00:00,EARN,16,27,BKG-011632
LTX-0011085,P02202,2025-09-01 09:00:00,EARN,68,95,BKG-010214
LTX-0011086,P02202,2025-11-16 09:00:00,EARN,13,108,BKG-011293
LTX-0011087,P02202,2025-11-22 09:00:00,EARN,60,168,BKG-004683
LTX-0011088,P02202,2025-12-19 09:00:00,EARN,28,196,BKG-009194
LTX-0011089,P01171,2025-07-03 09:00:00,EARN,106,106,BKG-004685
LTX-0011090,P00124,2025-06-02 09:00:00,EARN,72,72,BKG-004693
LTX-0011091,P00124,2025-07-21 09:00:00,EARN,60,132,BKG-009541
LTX-0011092,P00001,2025-03-20 09:00:00,EARN,35,35,BKG-007254
LTX-0011093,P00001,2025-07-17 09:00:00,EARN,22,57,BKG-004699
LTX-0011094,P00001,2025-07-17 09:00:00,EARN,26,83,BKG-004895
LTX-0011095,P02448,2025-05-12 09:00:00,EARN,40,40,BKG-010016
LTX-0011096,P02448,2025-06-27 09:00:00,EARN,68,108,BKG-004700
LTX-0011097,P01788,2025-01-26 09:00:00,EARN,9,9,BKG-010730
LTX-0011098,P01788,2025-12-17 09:00:00,EARN,30,39,BKG-004702
LTX-0011099,P01818,2025-06-03 09:00:00,EARN,17,17,BKG-004703
LTX-0011100,P01818,2025-12-10 09:00:00,EARN,72,89,BKG-009113
LTX-0011101,P01818,2025-12-16 09:00:00,EARN,16,105,BKG-006489
LTX-0011102,P01504,2025-01-23 09:00:00,EARN,60,60,BKG-005471
LTX-0011103,P01504,2025-06-13 09:00:00,EARN,44,104,BKG-004704
LTX-0011104,P03855,2025-07-30 09:00:00,EARN,54,54,BKG-004706
LTX-0011105,P01471,2024-12-29 09:00:00,EARN,16,16,BKG-004707
LTX-0011106,P01471,2025-03-17 09:00:00,EARN,79,95,BKG-009777
LTX-0011107,P01471,2025-03-17 18:00:00,REDEEM,-20,75,BKG-009777
LTX-0011108,P01471,2025-06-20 09:00:00,EARN,44,119,BKG-011645
LTX-0011109,P01874,2025-02-09 09:00:00,EARN,36,36,BKG-011270
LTX-0011110,P01874,2025-06-24 09:00:00,EARN,43,79,BKG-004712
LTX-0011111,P01874,2025-06-24 18:00:00,REDEEM,-30,49,BKG-004712
LTX-0011112,P00213,2025-04-13 09:00:00,EARN,70,70,BKG-009733
LTX-0011113,P00213,2025-11-15 09:00:00,EARN,42,112,BKG-004715
LTX-0011114,P00782,2025-02-19 09:00:00,EARN,62,62,BKG-009030
LTX-0011115,P00782,2025-04-03 09:00:00,EARN,53,115,BKG-004716
LTX-0011116,P00782,2025-04-16 09:00:00,EARN,50,165,BKG-006556
LTX-0011117,P00782,2025-08-02 09:00:00,EARN,6,171,BKG-004899
LTX-0011118,P03442,2025-04-12 09:00:00,EARN,16,16,BKG-005860
LTX-0011119,P03442,2025-06-25 09:00:00,EARN,59,75,BKG-004720
LTX-0011120,P03947,2025-05-10 09:00:00,EARN,53,53,BKG-008830
LTX-0011121,P03947,2025-10-15 09:00:00,EARN,69,122,BKG-004721
LTX-0011122,P00329,2025-06-07 09:00:00,EARN,21,21,BKG-004724
LTX-0011123,P00329,2025-06-07 18:00:00,REDEEM,-20,1,BKG-004724
LTX-0011124,P00329,2025-06-27 09:00:00,EARN,50,51,BKG-010243
LTX-0011125,P00329,2025-12-20 09:00:00,EARN,55,106,BKG-010067
LTX-0011126,P03547,2025-03-26 09:00:00,EARN,34,34,BKG-004725
LTX-0011127,P03547,2025-04-12 09:00:00,EARN,22,56,BKG-008779
LTX-0011128,P03547,2025-06-05 09:00:00,EARN,72,128,BKG-005605
LTX-0011129,P00334,2025-05-25 09:00:00,EARN,69,69,BKG-004727
LTX-0011130,P01123,2025-03-03 09:00:00,EARN,52,52,BKG-004731
LTX-0011131,P03165,2025-01-05 09:00:00,EARN,8,8,BKG-004732
LTX-0011132,P03165,2025-07-04 09:00:00,EARN,87,95,BKG-004881
LTX-0011133,P03165,2025-07-21 09:00:00,EARN,85,180,BKG-008458
LTX-0011134,P03165,2025-11-28 09:00:00,EARN,23,203,BKG-009134
LTX-0011135,P03692,2025-06-28 09:00:00,EARN,12,12,BKG-004738
LTX-0011136,P02799,2025-07-01 09:00:00,EARN,32,32,BKG-004739
LTX-0011137,P00596,2025-02-02 09:00:00,EARN,78,78,BKG-008791
LTX-0011138,P00596,2025-04-06 09:00:00,EARN,57,135,BKG-009027
LTX-0011139,P00596,2025-08-11 09:00:00,EARN,50,185,BKG-011597
LTX-0011140,P00596,2025-12-20 09:00:00,EARN,44,229,BKG-004749
LTX-0011141,P00967,2025-06-06 09:00:00,EARN,62,62,BKG-005019
LTX-0011142,P00967,2025-10-21 09:00:00,EARN,22,84,BKG-008594
LTX-0011143,P00967,2025-10-30 09:00:00,EARN,25,109,BKG-004752
LTX-0011144,P00967,2025-11-01 09:00:00,EARN,38,147,BKG-009200
LTX-0011145,P00967,2025-11-01 18:00:00,REDEEM,-20,127,BKG-009200
LTX-0011146,P00967,2025-11-13 09:00:00,EARN,28,155,BKG-007466
LTX-0011147,P02729,2025-02-20 09:00:00,EARN,44,44,BKG-006759
LTX-0011148,P02729,2025-06-29 09:00:00,EARN,47,91,BKG-004753
LTX-0011149,P02729,2025-12-02 09:00:00,EARN,42,133,BKG-011336
LTX-0011150,P03190,2025-04-03 09:00:00,EARN,47,47,BKG-004754
LTX-0011151,P00984,2024-12-23 09:00:00,EARN,25,25,BKG-008936
LTX-0011152,P00984,2024-12-31 09:00:00,EARN,23,48,BKG-010689
LTX-0011153,P00984,2024-12-31 18:00:00,REDEEM,-20,28,BKG-010689
LTX-0011154,P00984,2025-05-23 09:00:00,EARN,44,72,BKG-012149
LTX-0011155,P00984,2025-07-12 09:00:00,EARN,56,128,BKG-011753
LTX-0011156,P00984,2025-08-06 09:00:00,EARN,20,148,BKG-004756
LTX-0011157,P03653,2025-01-27 09:00:00,EARN,68,68,BKG-007834
LTX-0011158,P03653,2025-02-02 09:00:00,EARN,10,78,BKG-004758
LTX-0011159,P03653,2025-06-07 09:00:00,EARN,72,150,BKG-007545
LTX-0011160,P03653,2025-11-24 09:00:00,EARN,120,270,BKG-011172
LTX-0011161,P00078,2025-01-07 09:00:00,EARN,62,62,BKG-010616
LTX-0011162,P00078,2025-11-18 09:00:00,EARN,67,129,BKG-004771
LTX-0011163,P03155,2025-01-10 09:00:00,EARN,62,62,BKG-010348
LTX-0011164,P03155,2025-05-15 09:00:00,EARN,27,89,BKG-004773
LTX-0011165,P03803,2025-05-23 09:00:00,EARN,26,26,BKG-004781
LTX-0011166,P03803,2025-10-01 09:00:00,EARN,38,64,BKG-005679
LTX-0011167,P03940,2025-05-23 09:00:00,EARN,42,42,BKG-010961
LTX-0011168,P03940,2025-07-12 09:00:00,EARN,89,131,BKG-009340
LTX-0011169,P03940,2025-07-13 09:00:00,EARN,36,167,BKG-004787
LTX-0011170,P03327,2025-02-11 09:00:00,EARN,68,68,BKG-008135
LTX-0011171,P03327,2025-04-04 09:00:00,EARN,10,78,BKG-011545
LTX-0011172,P03327,2025-06-22 09:00:00,EARN,33,111,BKG-005823
LTX-0011173,P03327,2025-07-18 09:00:00,EARN,47,158,BKG-004788
LTX-0011174,P02685,2025-04-20 09:00:00,EARN,45,45,BKG-004790
LTX-0011175,P02685,2025-04-20 18:00:00,REDEEM,-30,15,BKG-004790
LTX-0011176,P02685,2025-06-20 09:00:00,EARN,31,46,BKG-010720
LTX-0011177,P02685,2025-07-16 09:00:00,EARN,28,74,BKG-007695
LTX-0011178,P00981,2025-10-28 09:00:00,EARN,43,43,BKG-004792
LTX-0011179,P00981,2025-10-28 18:00:00,REDEEM,-30,13,BKG-004792
LTX-0011180,P00981,2025-11-18 09:00:00,EARN,16,29,BKG-009614
LTX-0011181,P00830,2024-12-30 09:00:00,EARN,34,34,BKG-006578
LTX-0011182,P00830,2024-12-30 18:00:00,REDEEM,-10,24,BKG-006578
LTX-0011183,P00830,2025-09-03 09:00:00,EARN,56,80,BKG-009515
LTX-0011184,P00830,2025-11-28 09:00:00,EARN,45,125,BKG-004796
LTX-0011185,P00830,2025-11-28 18:00:00,REDEEM,-20,105,BKG-004796
LTX-0011186,P00396,2025-09-04 09:00:00,EARN,47,47,BKG-009660
LTX-0011187,P00396,2025-11-01 09:00:00,EARN,27,74,BKG-004801
LTX-0011188,P00655,2025-02-06 09:00:00,EARN,57,57,BKG-005933
LTX-0011189,P00655,2025-11-29 09:00:00,EARN,21,78,BKG-004804
LTX-0011190,P00695,2025-06-02 09:00:00,EARN,75,75,BKG-006670
LTX-0011191,P00695,2025-09-03 09:00:00,EARN,22,97,BKG-011510
LTX-0011192,P00695,2025-11-09 09:00:00,EARN,38,135,BKG-004809
LTX-0011193,P00695,2025-11-15 09:00:00,EARN,69,204,BKG-006642
LTX-0011194,P02540,2025-05-21 09:00:00,EARN,34,34,BKG-004816
LTX-0011195,P01245,2025-06-01 09:00:00,EARN,11,11,BKG-010954
LTX-0011196,P01245,2025-06-09 09:00:00,EARN,39,50,BKG-004819
LTX-0011197,P01245,2025-06-09 18:00:00,REDEEM,-10,40,BKG-004819
LTX-0011198,P01245,2025-07-11 09:00:00,EARN,77,117,BKG-010495
LTX-0011199,P02034,2025-02-02 09:00:00,EARN,26,26,BKG-010850
LTX-0011200,P02034,2025-04-27 09:00:00,EARN,66,92,BKG-005330
LTX-0011201,P02034,2025-05-16 09:00:00,EARN,74,166,BKG-009235
LTX-0011202,P02034,2025-06-24 09:00:00,EARN,42,208,BKG-007496
LTX-0011203,P02034,2025-07-24 09:00:00,EARN,24,232,BKG-004820
LTX-0011204,P02034,2025-11-24 09:00:00,EARN,48,280,BKG-010075
LTX-0011205,P02034,2025-11-24 18:00:00,REDEEM,-10,270,BKG-010075
LTX-0011206,P00377,2025-03-23 09:00:00,EARN,14,14,BKG-006376
LTX-0011207,P00377,2025-05-20 09:00:00,EARN,45,59,BKG-004825
LTX-0011208,P00377,2025-05-20 18:00:00,REDEEM,-20,39,BKG-004825
LTX-0011209,P00713,2025-02-10 09:00:00,EARN,17,17,BKG-009302
LTX-0011210,P00713,2025-03-11 09:00:00,EARN,74,91,BKG-004828
LTX-0011211,P00713,2025-06-15 09:00:00,EARN,17,108,BKG-010944
LTX-0011212,P03287,2025-05-31 09:00:00,EARN,12,12,BKG-004832
LTX-0011213,P03379,2025-06-07 09:00:00,EARN,123,123,BKG-011255
LTX-0011214,P03379,2025-06-20 09:00:00,EARN,8,131,BKG-009071
LTX-0011215,P03379,2025-06-20 18:00:00,REDEEM,-20,111,BKG-009071
LTX-0011216,P03379,2025-08-05 09:00:00,EARN,74,185,BKG-004839
LTX-0011217,P02881,2025-06-16 09:00:00,EARN,63,63,BKG-007113
LTX-0011218,P02881,2025-09-25 09:00:00,EARN,50,113,BKG-004843
LTX-0011219,P02881,2025-11-30 09:00:00,EARN,48,161,BKG-010259
LTX-0011220,P01459,2025-05-17 09:00:00,EARN,28,28,BKG-004847
LTX-0011221,P02189,2025-05-07 09:00:00,EARN,9,9,BKG-004848
LTX-0011222,P02189,2025-11-13 09:00:00,EARN,82,91,BKG-010091
LTX-0011223,P02189,2025-11-28 09:00:00,EARN,81,172,BKG-010282
LTX-0011224,P03249,2025-08-21 09:00:00,EARN,28,28,BKG-004852
LTX-0011225,P03249,2025-10-02 09:00:00,EARN,45,73,BKG-006075
LTX-0011226,P03072,2025-05-27 09:00:00,EARN,24,24,BKG-011061
LTX-0011227,P03072,2025-05-28 09:00:00,EARN,53,77,BKG-010066
LTX-0011228,P03072,2025-06-11 09:00:00,EARN,72,149,BKG-005721
LTX-0011229,P03072,2025-07-15 09:00:00,EARN,48,197,BKG-012305
LTX-0011230,P03072,2025-11-24 09:00:00,EARN,48,245,BKG-004856
LTX-0011231,P01373,2025-09-02 09:00:00,EARN,25,25,BKG-004857
LTX-0011232,P00395,2025-06-24 09:00:00,EARN,37,37,BKG-012096
LTX-0011233,P00395,2025-07-12 09:00:00,EARN,27,64,BKG-008727
LTX-0011234,P00395,2025-11-09 09:00:00,EARN,31,95,BKG-004858
LTX-0011235,P02132,2025-01-26 09:00:00,EARN,44,44,BKG-010346
LTX-0011236,P02132,2025-01-26 18:00:00,REDEEM,-30,14,BKG-010346
LTX-0011237,P02132,2025-06-19 09:00:00,EARN,76,90,BKG-004860
LTX-0011238,P00625,2025-03-12 09:00:00,EARN,32,32,BKG-009868
LTX-0011239,P00625,2025-06-21 09:00:00,EARN,34,66,BKG-004861
LTX-0011240,P00625,2025-06-21 18:00:00,REDEEM,-20,46,BKG-004861
LTX-0011241,P00625,2025-07-02 09:00:00,EARN,50,96,BKG-007342
LTX-0011242,P00610,2025-01-21 09:00:00,EARN,77,77,BKG-008552
LTX-0011243,P00610,2025-03-07 09:00:00,EARN,97,174,BKG-007702
LTX-0011244,P00610,2025-07-19 09:00:00,EARN,58,232,BKG-010238
LTX-0011245,P00610,2025-12-18 09:00:00,EARN,92,324,BKG-004868
LTX-0011246,P00610,2025-12-18 18:00:00,REDEEM,-20,304,BKG-004868
LTX-0011247,P01891,2025-01-26 09:00:00,EARN,9,9,BKG-004869
LTX-0011248,P01983,2025-02-20 09:00:00,EARN,32,32,BKG-010535
LTX-0011249,P01983,2025-02-20 18:00:00,REDEEM,-10,22,BKG-010535
LTX-0011250,P01983,2025-10-06 09:00:00,EARN,25,47,BKG-004877
LTX-0011251,P01983,2025-10-21 09:00:00,EARN,27,74,BKG-012481
LTX-0011252,P01328,2025-03-07 09:00:00,EARN,48,48,BKG-005072
LTX-0011253,P01328,2025-07-26 09:00:00,EARN,72,120,BKG-011999
LTX-0011254,P01328,2025-10-11 09:00:00,EARN,36,156,BKG-004879
LTX-0011255,P01328,2025-11-12 09:00:00,EARN,45,201,BKG-007014
LTX-0011256,P02784,2025-01-10 09:00:00,EARN,24,24,BKG-011493
LTX-0011257,P02784,2025-01-30 09:00:00,EARN,80,104,BKG-005537
LTX-0011258,P02784,2025-03-25 09:00:00,EARN,16,120,BKG-010063
LTX-0011259,P02784,2025-05-20 09:00:00,EARN,6,126,BKG-012018
LTX-0011260,P02784,2025-05-20 18:00:00,REDEEM,-30,96,BKG-012018
LTX-0011261,P02784,2025-05-30 09:00:00,EARN,36,132,BKG-004880
LTX-0011262,P01893,2025-04-25 09:00:00,EARN,34,34,BKG-004887
LTX-0011263,P01893,2025-11-20 09:00:00,EARN,10,44,BKG-006657
LTX-0011264,P00468,2025-08-19 09:00:00,EARN,40,40,BKG-004891
LTX-0011265,P01996,2025-01-18 09:00:00,EARN,66,66,BKG-004905
LTX-0011266,P01845,2024-12-27 09:00:00,EARN,67,67,BKG-011312
LTX-0011267,P01845,2025-03-30 09:00:00,EARN,57,124,BKG-005229
LTX-0011268,P01845,2025-07-22 09:00:00,EARN,48,172,BKG-004906
LTX-0011269,P00993,2025-04-30 09:00:00,EARN,17,17,BKG-004908
LTX-0011270,P00993,2025-05-26 09:00:00,EARN,29,46,BKG-008244
LTX-0011271,P00993,2025-11-29 09:00:00,EARN,25,71,BKG-006970
LTX-0011272,P00993,2025-11-29 18:00:00,REDEEM,-10,61,BKG-006970
LTX-0011273,P00312,2024-12-13 09:00:00,EARN,36,36,BKG-009338
LTX-0011274,P00312,2025-06-30 09:00:00,EARN,25,61,BKG-004910
LTX-0011275,P00312,2025-06-30 18:00:00,REDEEM,-10,51,BKG-004910
LTX-0011276,P01683,2025-01-19 09:00:00,EARN,69,69,BKG-006136
LTX-0011277,P01683,2025-02-12 09:00:00,EARN,22,91,BKG-005286
LTX-0011278,P01683,2025-06-12 09:00:00,EARN,43,134,BKG-011943
LTX-0011279,P01683,2025-06-12 18:00:00,REDEEM,-10,124,BKG-011943
LTX-0011280,P01683,2025-09-16 09:00:00,EARN,11,135,BKG-010097
LTX-0011281,P01683,2025-12-01 09:00:00,EARN,47,182,BKG-004914
LTX-0011282,P03411,2025-06-27 09:00:00,EARN,12,12,BKG-004917
LTX-0011283,P03411,2025-11-25 09:00:00,EARN,50,62,BKG-007137
LTX-0011284,P01114,2025-02-22 09:00:00,EARN,10,10,BKG-009622
LTX-0011285,P01114,2025-06-04 09:00:00,EARN,19,29,BKG-009683
LTX-0011286,P01114,2025-08-15 09:00:00,EARN,68,97,BKG-004920
LTX-0011287,P01114,2025-08-15 18:00:00,REDEEM,-30,67,BKG-004920
LTX-0011288,P01114,2025-10-19 09:00:00,EARN,32,99,BKG-005830
LTX-0011289,P01641,2025-02-07 09:00:00,EARN,57,57,BKG-005995
LTX-0011290,P01641,2025-03-13 09:00:00,EARN,71,128,BKG-004921
LTX-0011291,P01641,2025-06-17 09:00:00,EARN,8,136,BKG-006725
LTX-0011292,P01761,2025-07-11 09:00:00,EARN,10,10,BKG-005619
LTX-0011293,P01761,2025-08-30 09:00:00,EARN,26,36,BKG-004923
LTX-0011294,P02837,2025-05-06 09:00:00,EARN,12,12,BKG-012426
LTX-0011295,P02837,2025-07-08 09:00:00,EARN,53,65,BKG-004924
LTX-0011296,P02837,2025-12-05 09:00:00,EARN,49,114,BKG-005715
LTX-0011297,P00403,2025-06-18 09:00:00,EARN,47,47,BKG-004927
LTX-0011298,P00403,2025-11-14 09:00:00,EARN,35,82,BKG-009352
LTX-0011299,P00403,2025-11-14 18:00:00,REDEEM,-30,52,BKG-009352
LTX-0011300,P00403,2025-12-09 09:00:00,EARN,45,97,BKG-008123
LTX-0011301,P02223,2025-05-28 09:00:00,EARN,20,20,BKG-004928
LTX-0011302,P02223,2025-06-10 09:00:00,EARN,11,31,BKG-008725
LTX-0011303,P02223,2025-12-18 09:00:00,EARN,28,59,BKG-009617
LTX-0011304,P00876,2025-02-25 09:00:00,EARN,18,18,BKG-004930
LTX-0011305,P00876,2025-06-22 09:00:00,EARN,63,81,BKG-008404
LTX-0011306,P00876,2025-07-14 09:00:00,EARN,22,103,BKG-004975
LTX-0011307,P02394,2025-02-17 09:00:00,EARN,74,74,BKG-005266
LTX-0011308,P02394,2025-02-17 18:00:00,REDEEM,-30,44,BKG-005266
LTX-0011309,P02394,2025-06-03 09:00:00,EARN,44,88,BKG-011712
LTX-0011310,P02394,2025-06-08 09:00:00,EARN,31,119,BKG-008989
LTX-0011311,P02394,2025-10-15 09:00:00,EARN,21,140,BKG-011303
LTX-0011312,P02394,2025-10-15 18:00:00,REDEEM,-20,120,BKG-011303
LTX-0011313,P02394,2025-12-10 09:00:00,EARN,41,161,BKG-004933
LTX-0011314,P00745,2024-12-27 09:00:00,EARN,36,36,BKG-008070
LTX-0011315,P00745,2025-02-01 09:00:00,EARN,81,117,BKG-006640
LTX-0011316,P00745,2025-06-15 09:00:00,EARN,54,171,BKG-004935
LTX-0011317,P01011,2025-03-19 09:00:00,EARN,49,49,BKG-010118
LTX-0011318,P01011,2025-06-13 09:00:00,EARN,70,119,BKG-012337
LTX-0011319,P01011,2025-06-13 18:00:00,REDEEM,-30,89,BKG-012337
LTX-0011320,P01011,2025-09-29 09:00:00,EARN,18,107,BKG-004938
LTX-0011321,P01011,2025-09-29 18:00:00,REDEEM,-30,77,BKG-004938
LTX-0011322,P00775,2025-05-15 09:00:00,EARN,45,45,BKG-010623
LTX-0011323,P00775,2025-05-15 18:00:00,REDEEM,-30,15,BKG-010623
LTX-0011324,P00775,2025-07-16 09:00:00,EARN,60,75,BKG-004940
LTX-0011325,P00241,2025-02-20 09:00:00,EARN,66,66,BKG-004941
LTX-0011326,P00241,2025-04-05 09:00:00,EARN,29,95,BKG-008400
LTX-0011327,P00241,2025-05-18 09:00:00,EARN,58,153,BKG-011050
LTX-0011328,P00241,2025-11-03 09:00:00,EARN,28,181,BKG-006442
LTX-0011329,P00241,2025-11-19 09:00:00,EARN,47,228,BKG-007136
LTX-0011330,P02227,2025-02-05 09:00:00,EARN,16,16,BKG-009641
LTX-0011331,P02227,2025-07-01 09:00:00,EARN,20,36,BKG-004943
LTX-0011332,P00081,2025-02-15 09:00:00,EARN,65,65,BKG-008860
LTX-0011333,P00081,2025-12-04 09:00:00,EARN,46,111,BKG-004944
LTX-0011334,P03554,2025-05-06 09:00:00,EARN,25,25,BKG-009642
LTX-0011335,P03554,2025-05-09 09:00:00,EARN,58,83,BKG-011963
LTX-0011336,P03554,2025-11-29 09:00:00,EARN,14,97,BKG-004953
LTX-0011337,P03604,2025-08-27 09:00:00,EARN,20,20,BKG-004955
LTX-0011338,P03880,2025-02-23 09:00:00,EARN,50,50,BKG-004956
LTX-0011339,P03880,2025-03-26 09:00:00,EARN,42,92,BKG-012121
LTX-0011340,P03880,2025-03-26 18:00:00,REDEEM,-30,62,BKG-012121
LTX-0011341,P03880,2025-06-07 09:00:00,EARN,19,81,BKG-011593
LTX-0011342,P00746,2024-12-27 09:00:00,EARN,31,31,BKG-007048
LTX-0011343,P00746,2025-07-04 09:00:00,EARN,47,78,BKG-004960
LTX-0011344,P00746,2025-11-16 09:00:00,EARN,60,138,BKG-008630
LTX-0011345,P00746,2025-12-01 09:00:00,EARN,15,153,BKG-007739
LTX-0011346,P01582,2025-10-25 09:00:00,EARN,33,33,BKG-004961
LTX-0011347,P00275,2025-05-25 09:00:00,EARN,36,36,BKG-008160
LTX-0011348,P00275,2025-06-30 09:00:00,EARN,67,103,BKG-005617
LTX-0011349,P00275,2025-12-06 09:00:00,EARN,100,203,BKG-004963
LTX-0011350,P02291,2025-05-21 09:00:00,EARN,25,25,BKG-010831
LTX-0011351,P02291,2025-08-05 09:00:00,EARN,42,67,BKG-010301
LTX-0011352,P02291,2025-08-18 09:00:00,EARN,42,109,BKG-004965
LTX-0011353,P02291,2025-11-16 09:00:00,EARN,32,141,BKG-008357
LTX-0011354,P02589,2024-12-15 09:00:00,EARN,35,35,BKG-009738
LTX-0011355,P02589,2024-12-15 18:00:00,REDEEM,-10,25,BKG-009738
LTX-0011356,P02589,2025-06-27 09:00:00,EARN,38,63,BKG-006446
LTX-0011357,P02589,2025-07-02 09:00:00,EARN,38,101,BKG-004967
LTX-0011358,P02589,2025-11-20 09:00:00,EARN,10,111,BKG-011741
LTX-0011359,P01858,2025-05-11 09:00:00,EARN,67,67,BKG-004970
LTX-0011360,P01858,2025-05-11 18:00:00,REDEEM,-30,37,BKG-004970
LTX-0011361,P00673,2025-07-05 09:00:00,EARN,72,72,BKG-004977
LTX-0011362,P01085,2025-02-20 09:00:00,EARN,32,32,BKG-004986
LTX-0011363,P01085,2025-04-23 09:00:00,EARN,45,77,BKG-005630
LTX-0011364,P01085,2025-05-31 09:00:00,EARN,74,151,BKG-012215
LTX-0011365,P01085,2025-08-27 09:00:00,EARN,21,172,BKG-006175
LTX-0011366,P01206,2024-12-26 09:00:00,EARN,63,63,BKG-004987
LTX-0011367,P01206,2025-01-08 09:00:00,EARN,25,88,BKG-009852
LTX-0011368,P01206,2025-01-08 18:00:00,REDEEM,-10,78,BKG-009852
LTX-0011369,P01206,2025-03-02 09:00:00,EARN,44,122,BKG-006178
LTX-0011370,P01375,2025-08-13 09:00:00,EARN,34,34,BKG-007493
LTX-0011371,P01375,2025-12-09 09:00:00,EARN,59,93,BKG-004988
LTX-0011372,P01375,2025-12-14 09:00:00,EARN,17,110,BKG-005496
LTX-0011373,P01865,2024-12-22 09:00:00,EARN,51,51,BKG-006633
LTX-0011374,P01865,2025-06-14 09:00:00,EARN,72,123,BKG-007568
LTX-0011375,P01865,2025-06-19 09:00:00,EARN,26,149,BKG-004994
LTX-0011376,P01865,2025-11-13 09:00:00,EARN,66,215,BKG-009911
LTX-0011377,P00242,2025-01-30 09:00:00,EARN,15,15,BKG-009209
LTX-0011378,P00242,2025-06-19 09:00:00,EARN,65,80,BKG-011098
LTX-0011379,P00242,2025-07-12 09:00:00,EARN,35,115,BKG-004997
LTX-0011380,P00127,2025-05-25 09:00:00,EARN,11,11,BKG-007104
LTX-0011381,P00127,2025-07-17 09:00:00,EARN,30,41,BKG-004998
LTX-0011382,P00127,2025-07-19 09:00:00,EARN,25,66,BKG-011531
LTX-0011383,P00754,2025-01-29 09:00:00,EARN,54,54,BKG-010918
LTX-0011384,P00754,2025-05-12 09:00:00,EARN,87,141,BKG-006481
LTX-0011385,P00754,2025-06-17 09:00:00,EARN,11,152,BKG-006685
LTX-0011386,P00754,2025-11-26 09:00:00,EARN,67,219,BKG-004999
LTX-0011387,P01903,2025-01-10 09:00:00,EARN,28,28,BKG-012138
LTX-0011388,P01903,2025-06-17 09:00:00,EARN,8,36,BKG-005002
LTX-0011389,P01903,2025-06-22 09:00:00,EARN,31,67,BKG-009415
LTX-0011390,P01903,2025-10-21 09:00:00,EARN,57,124,BKG-008761
LTX-0011391,P01903,2025-10-21 18:00:00,REDEEM,-30,94,BKG-008761
LTX-0011392,P01153,2025-08-02 09:00:00,EARN,44,44,BKG-005003
LTX-0011393,P01153,2025-10-21 09:00:00,EARN,18,62,BKG-009887
LTX-0011394,P01732,2025-05-26 09:00:00,EARN,39,39,BKG-005004
LTX-0011395,P01732,2025-05-26 18:00:00,REDEEM,-10,29,BKG-005004
LTX-0011396,P03330,2025-01-10 09:00:00,EARN,30,30,BKG-005814
LTX-0011397,P03330,2025-05-29 09:00:00,EARN,25,55,BKG-005011
LTX-0011398,P03330,2025-06-19 09:00:00,EARN,17,72,BKG-006497
LTX-0011399,P03330,2025-08-17 09:00:00,EARN,23,95,BKG-011978
LTX-0011400,P03330,2025-12-07 09:00:00,EARN,40,135,BKG-005051
LTX-0011401,P02660,2025-05-27 09:00:00,EARN,32,32,BKG-005015
LTX-0011402,P02660,2025-05-27 18:00:00,REDEEM,-30,2,BKG-005015
LTX-0011403,P02660,2025-11-07 09:00:00,EARN,58,60,BKG-011210
LTX-0011404,P01833,2025-06-15 09:00:00,EARN,60,60,BKG-005021
LTX-0011405,P01833,2025-08-02 09:00:00,EARN,25,85,BKG-010982
LTX-0011406,P01833,2025-11-26 09:00:00,EARN,54,139,BKG-010775
LTX-0011407,P01833,2025-12-10 09:00:00,EARN,28,167,BKG-007382
LTX-0011408,P02111,2025-07-09 09:00:00,EARN,39,39,BKG-005955
LTX-0011409,P02111,2025-07-13 09:00:00,EARN,29,68,BKG-005035
LTX-0011410,P01167,2025-04-14 09:00:00,EARN,31,31,BKG-005037
LTX-0011411,P02718,2025-04-03 09:00:00,EARN,40,40,BKG-012403
LTX-0011412,P02718,2025-04-03 18:00:00,REDEEM,-10,30,BKG-012403
LTX-0011413,P02718,2025-06-20 09:00:00,EARN,45,75,BKG-005039
LTX-0011414,P02718,2025-06-20 18:00:00,REDEEM,-30,45,BKG-005039
LTX-0011415,P02718,2025-07-25 09:00:00,EARN,60,105,BKG-011261
LTX-0011416,P03447,2024-12-23 09:00:00,EARN,6,6,BKG-005040
LTX-0011417,P00688,2025-01-06 09:00:00,EARN,27,27,BKG-007795
LTX-0011418,P00688,2025-07-19 09:00:00,EARN,44,71,BKG-008133
LTX-0011419,P00688,2025-11-27 09:00:00,EARN,81,152,BKG-005043
LTX-0011420,P00688,2025-11-28 09:00:00,EARN,81,233,BKG-009166
LTX-0011421,P00688,2025-11-28 18:00:00,REDEEM,-10,223,BKG-009166
LTX-0011422,P03522,2025-01-18 09:00:00,EARN,22,22,BKG-007154
LTX-0011423,P03522,2025-06-20 09:00:00,EARN,64,86,BKG-012123
LTX-0011424,P03522,2025-09-21 09:00:00,EARN,51,137,BKG-005044
LTX-0011425,P00141,2025-06-02 09:00:00,EARN,65,65,BKG-009280
LTX-0011426,P00141,2025-06-03 09:00:00,EARN,111,176,BKG-010444
LTX-0011427,P00141,2025-06-05 09:00:00,EARN,39,215,BKG-005046
LTX-0011428,P00141,2025-12-06 09:00:00,EARN,41,256,BKG-009267
LTX-0011429,P00280,2025-07-03 09:00:00,EARN,37,37,BKG-005047
LTX-0011430,P00120,2025-05-10 09:00:00,EARN,36,36,BKG-012506
LTX-0011431,P00120,2025-05-13 09:00:00,EARN,63,99,BKG-005048
LTX-0011432,P01927,2025-04-25 09:00:00,EARN,40,40,BKG-006050
LTX-0011433,P01927,2025-06-04 09:00:00,EARN,76,116,BKG-005049
LTX-0011434,P01927,2025-10-03 09:00:00,EARN,29,145,BKG-009039
LTX-0011435,P01927,2025-11-07 09:00:00,EARN,22,167,BKG-009532
LTX-0011436,P00532,2025-03-14 09:00:00,EARN,33,33,BKG-005573
LTX-0011437,P00532,2025-04-03 09:00:00,EARN,21,54,BKG-008236
LTX-0011438,P00532,2025-07-07 09:00:00,EARN,19,73,BKG-010639
LTX-0011439,P00532,2025-09-03 09:00:00,EARN,35,108,BKG-005052
LTX-0011440,P03454,2025-02-24 09:00:00,EARN,82,82,BKG-006621
LTX-0011441,P03454,2025-06-11 09:00:00,EARN,43,125,BKG-009218
LTX-0011442,P03454,2025-08-16 09:00:00,EARN,56,181,BKG-011345
LTX-0011443,P03454,2025-10-07 09:00:00,EARN,58,239,BKG-005053
LTX-0011444,P03454,2025-12-17 09:00:00,EARN,22,261,BKG-010211
LTX-0011445,P02107,2025-10-05 09:00:00,EARN,35,35,BKG-005056
LTX-0011446,P02107,2025-10-24 09:00:00,EARN,43,78,BKG-006938
LTX-0011447,P01737,2025-05-11 09:00:00,EARN,43,43,BKG-008312
LTX-0011448,P01737,2025-06-27 09:00:00,EARN,20,63,BKG-011386
LTX-0011449,P01737,2025-06-28 09:00:00,EARN,65,128,BKG-008232
LTX-0011450,P01737,2025-07-10 09:00:00,EARN,50,178,BKG-008692
LTX-0011451,P01737,2025-10-25 09:00:00,EARN,40,218,BKG-005680
LTX-0011452,P01737,2025-11-19 09:00:00,EARN,40,258,BKG-005061
LTX-0011453,P03802,2025-01-19 09:00:00,EARN,50,50,BKG-008687
LTX-0011454,P03802,2025-05-20 09:00:00,EARN,46,96,BKG-005073
LTX-0011455,P01496,2025-02-04 09:00:00,EARN,38,38,BKG-005085
LTX-0011456,P01496,2025-02-23 09:00:00,EARN,44,82,BKG-006035
LTX-0011457,P01496,2025-06-17 09:00:00,EARN,36,118,BKG-010892
LTX-0011458,P01496,2025-06-30 09:00:00,EARN,39,157,BKG-005635
LTX-0011459,P01496,2025-08-25 09:00:00,EARN,57,214,BKG-008313
LTX-0011460,P01496,2025-11-22 09:00:00,EARN,49,263,BKG-007289
LTX-0011461,P03375,2025-07-19 09:00:00,EARN,42,42,BKG-011033
LTX-0011462,P03375,2025-11-19 09:00:00,EARN,56,98,BKG-005089
LTX-0011463,P03296,2025-06-18 09:00:00,EARN,58,58,BKG-009176
LTX-0011464,P03296,2025-06-18 18:00:00,REDEEM,-10,48,BKG-009176
LTX-0011465,P03296,2025-10-07 09:00:00,EARN,44,92,BKG-010566
LTX-0011466,P03296,2025-10-07 18:00:00,REDEEM,-30,62,BKG-010566
LTX-0011467,P03296,2025-10-27 09:00:00,EARN,16,78,BKG-005092
LTX-0011468,P03314,2025-05-01 09:00:00,EARN,63,63,BKG-005094
LTX-0011469,P03314,2025-11-20 09:00:00,EARN,39,102,BKG-006720
LTX-0011470,P03314,2025-11-25 09:00:00,EARN,32,134,BKG-005858
LTX-0011471,P00659,2025-05-21 09:00:00,EARN,11,11,BKG-007736
LTX-0011472,P00659,2025-06-30 09:00:00,EARN,54,65,BKG-005095
LTX-0011473,P00659,2025-07-17 09:00:00,EARN,58,123,BKG-005232
LTX-0011474,P02010,2025-08-01 09:00:00,EARN,54,54,BKG-005097
LTX-0011475,P02010,2025-09-15 09:00:00,EARN,52,106,BKG-006233
LTX-0011476,P02010,2025-12-14 09:00:00,EARN,33,139,BKG-010229
LTX-0011477,P02186,2025-08-07 09:00:00,EARN,38,38,BKG-010329
LTX-0011478,P02186,2025-11-09 09:00:00,EARN,50,88,BKG-007743
LTX-0011479,P02186,2025-11-09 09:00:00,EARN,30,118,BKG-010810
LTX-0011480,P02186,2025-11-29 09:00:00,EARN,43,161,BKG-005098
LTX-0011481,P00299,2025-11-08 09:00:00,EARN,81,81,BKG-005109
LTX-0011482,P00818,2025-02-10 09:00:00,EARN,32,32,BKG-009102
LTX-0011483,P00818,2025-09-03 09:00:00,EARN,39,71,BKG-005116
LTX-0011484,P00818,2025-09-03 18:00:00,REDEEM,-20,51,BKG-005116
LTX-0011485,P00818,2025-10-16 09:00:00,EARN,10,61,BKG-009565
LTX-0011486,P00818,2025-10-16 18:00:00,REDEEM,-10,51,BKG-009565
LTX-0011487,P01027,2025-04-08 09:00:00,EARN,20,20,BKG-005118
LTX-0011488,P01027,2025-10-18 09:00:00,EARN,49,69,BKG-010627
LTX-0011489,P00097,2025-03-21 09:00:00,EARN,50,50,BKG-005132
LTX-0011490,P00097,2025-08-14 09:00:00,EARN,88,138,BKG-011197
LTX-0011491,P00097,2025-09-05 09:00:00,EARN,73,211,BKG-006883
LTX-0011492,P00097,2025-10-14 09:00:00,EARN,62,273,BKG-009471
LTX-0011493,P02144,2024-12-20 09:00:00,EARN,60,60,BKG-005136
LTX-0011494,P02144,2025-04-03 09:00:00,EARN,60,120,BKG-008811
LTX-0011495,P02144,2025-04-03 18:00:00,REDEEM,-30,90,BKG-008811
LTX-0011496,P02144,2025-08-25 09:00:00,EARN,31,121,BKG-008864
LTX-0011497,P02144,2025-11-13 09:00:00,EARN,44,165,BKG-007961
LTX-0011498,P02144,2025-11-28 09:00:00,EARN,50,215,BKG-012451
LTX-0011499,P02144,2025-11-28 18:00:00,REDEEM,-20,195,BKG-012451
LTX-0011500,P00904,2025-05-09 09:00:00,EARN,40,40,BKG-011049
LTX-0011501,P00904,2025-10-27 09:00:00,EARN,27,67,BKG-005141
LTX-0011502,P00904,2025-12-05 09:00:00,EARN,13,80,BKG-006072
LTX-0011503,P01852,2025-01-24 09:00:00,EARN,73,73,BKG-005876
LTX-0011504,P01852,2025-01-24 18:00:00,REDEEM,-20,53,BKG-005876
LTX-0011505,P01852,2025-01-31 09:00:00,EARN,13,66,BKG-008909
LTX-0011506,P01852,2025-11-24 09:00:00,EARN,49,115,BKG-005143
LTX-0011507,P01852,2025-11-24 18:00:00,REDEEM,-10,105,BKG-005143
LTX-0011508,P00740,2025-06-01 09:00:00,EARN,20,20,BKG-005147
LTX-0011509,P00740,2025-08-30 09:00:00,EARN,57,77,BKG-011399
LTX-0011510,P02878,2025-06-10 09:00:00,EARN,51,51,BKG-005149
LTX-0011511,P02878,2025-06-10 18:00:00,REDEEM,-20,31,BKG-005149
LTX-0011512,P02878,2025-07-07 09:00:00,EARN,77,108,BKG-008350
LTX-0011513,P02878,2025-07-18 09:00:00,EARN,73,181,BKG-010898
LTX-0011514,P00626,2025-02-20 09:00:00,EARN,15,15,BKG-006700
LTX-0011515,P00626,2025-03-17 09:00:00,EARN,38,53,BKG-010408
LTX-0011516,P00626,2025-04-20 09:00:00,EARN,62,115,BKG-005584
LTX-0011517,P00626,2025-06-04 09:00:00,EARN,62,177,BKG-005158
LTX-0011518,P01822,2025-06-04 09:00:00,EARN,13,13,BKG-011920
LTX-0011519,P01822,2025-06-12 09:00:00,EARN,32,45,BKG-005159
LTX-0011520,P00442,2025-06-15 09:00:00,EARN,62,62,BKG-005160
LTX-0011521,P01677,2025-02-12 09:00:00,EARN,40,40,BKG-005161
LTX-0011522,P01677,2025-03-18 09:00:00,EARN,54,94,BKG-012311
LTX-0011523,P00671,2025-07-19 09:00:00,EARN,21,21,BKG-005169
LTX-0011524,P00814,2025-02-26 09:00:00,EARN,8,8,BKG-005174
LTX-0011525,P00814,2025-07-12 09:00:00,EARN,48,56,BKG-009127
LTX-0011526,P00814,2025-11-15 09:00:00,EARN,50,106,BKG-008760
LTX-0011527,P01344,2025-10-09 09:00:00,EARN,36,36,BKG-005182
LTX-0011528,P01344,2025-10-09 18:00:00,REDEEM,-20,16,BKG-005182
LTX-0011529,P00460,2025-01-23 09:00:00,EARN,38,38,BKG-005183
LTX-0011530,P00542,2024-12-20 09:00:00,EARN,18,18,BKG-005184
LTX-0011531,P00542,2024-12-27 09:00:00,EARN,55,73,BKG-007279
LTX-0011532,P00542,2025-06-14 09:00:00,EARN,8,81,BKG-010527
LTX-0011533,P00542,2025-10-21 09:00:00,EARN,57,138,BKG-005810
LTX-0011534,P00542,2025-11-29 09:00:00,EARN,9,147,BKG-009644
LTX-0011535,P00542,2025-12-07 09:00:00,EARN,78,225,BKG-012244
LTX-0011536,P00592,2025-01-05 09:00:00,EARN,27,27,BKG-005220
LTX-0011537,P00592,2025-07-06 09:00:00,EARN,37,64,BKG-005185
LTX-0011538,P02385,2025-05-19 09:00:00,EARN,76,76,BKG-007030
LTX-0011539,P02385,2025-06-14 09:00:00,EARN,70,146,BKG-005187
LTX-0011540,P02385,2025-07-15 09:00:00,EARN,44,190,BKG-008819
LTX-0011541,P03962,2025-11-10 09:00:00,EARN,65,65,BKG-005191
LTX-0011542,P01060,2025-01-13 09:00:00,EARN,14,14,BKG-008868
LTX-0011543,P01060,2025-04-06 09:00:00,EARN,42,56,BKG-011450
LTX-0011544,P01060,2025-05-19 09:00:00,EARN,12,68,BKG-005773
LTX-0011545,P01060,2025-05-22 09:00:00,EARN,44,112,BKG-009395
LTX-0011546,P01060,2025-06-02 09:00:00,EARN,26,138,BKG-005192
LTX-0011547,P01060,2025-07-01 09:00:00,EARN,78,216,BKG-008838
LTX-0011548,P01060,2025-08-23 09:00:00,EARN,30,246,BKG-012436
LTX-0011549,P00477,2024-12-25 09:00:00,EARN,37,37,BKG-008882
LTX-0011550,P00477,2025-02-06 09:00:00,EARN,54,91,BKG-011826
LTX-0011551,P00477,2025-06-09 09:00:00,EARN,9,100,BKG-005194
LTX-0011552,P00477,2025-06-23 09:00:00,EARN,19,119,BKG-006500
LTX-0011553,P00477,2025-10-31 09:00:00,EARN,22,141,BKG-006099
LTX-0011554,P00477,2025-10-31 18:00:00,REDEEM,-20,121,BKG-006099
LTX-0011555,P00477,2025-11-25 09:00:00,EARN,20,141,BKG-011660
LTX-0011556,P01227,2025-01-08 09:00:00,EARN,28,28,BKG-005195
LTX-0011557,P01227,2025-01-08 18:00:00,REDEEM,-20,8,BKG-005195
LTX-0011558,P01227,2025-05-03 09:00:00,EARN,28,36,BKG-007648
LTX-0011559,P01227,2025-11-17 09:00:00,EARN,46,82,BKG-011460
LTX-0011560,P03771,2025-01-28 09:00:00,EARN,37,37,BKG-009275
LTX-0011561,P03771,2025-01-28 18:00:00,REDEEM,-30,7,BKG-009275
LTX-0011562,P03771,2025-04-01 09:00:00,EARN,25,32,BKG-006587
LTX-0011563,P03771,2025-07-17 09:00:00,EARN,47,79,BKG-011825
LTX-0011564,P03771,2025-07-20 09:00:00,EARN,20,99,BKG-011200
LTX-0011565,P03771,2025-10-03 09:00:00,EARN,36,135,BKG-005201
LTX-0011566,P00656,2025-04-02 09:00:00,EARN,40,40,BKG-011658
LTX-0011567,P00656,2025-08-17 09:00:00,EARN,25,65,BKG-005202
LTX-0011568,P00285,2025-01-11 09:00:00,EARN,58,58,BKG-010272
LTX-0011569,P00285,2025-02-10 09:00:00,EARN,41,99,BKG-006114
LTX-0011570,P00285,2025-03-04 09:00:00,EARN,77,176,BKG-005554
LTX-0011571,P00285,2025-07-01 09:00:00,EARN,47,223,BKG-006801
LTX-0011572,P00285,2025-08-06 09:00:00,EARN,47,270,BKG-005204
LTX-0011573,P02322,2025-02-06 09:00:00,EARN,16,16,BKG-012508
LTX-0011574,P02322,2025-02-06 18:00:00,REDEEM,-10,6,BKG-012508
LTX-0011575,P02322,2025-07-06 09:00:00,EARN,17,23,BKG-005207
LTX-0011576,P02221,2025-09-20 09:00:00,EARN,28,28,BKG-005208
LTX-0011577,P01198,2025-09-30 09:00:00,EARN,19,19,BKG-006164
LTX-0011578,P01198,2025-10-08 09:00:00,EARN,48,67,BKG-005210
LTX-0011579,P01776,2025-04-22 09:00:00,EARN,38,38,BKG-005215
LTX-0011580,P01776,2025-04-22 18:00:00,REDEEM,-30,8,BKG-005215
LTX-0011581,P01776,2025-09-25 09:00:00,EARN,17,25,BKG-010123
LTX-0011582,P00059,2025-04-05 09:00:00,EARN,61,61,BKG-006832
LTX-0011583,P00059,2025-05-09 09:00:00,EARN,17,78,BKG-005795
LTX-0011584,P00059,2025-06-18 09:00:00,EARN,69,147,BKG-005218
LTX-0011585,P00059,2025-06-18 18:00:00,REDEEM,-10,137,BKG-005218
LTX-0011586,P00059,2025-09-13 09:00:00,EARN,9,146,BKG-006097
LTX-0011587,P00059,2025-09-13 18:00:00,REDEEM,-10,136,BKG-006097
LTX-0011588,P02848,2025-01-19 09:00:00,EARN,35,35,BKG-011636
LTX-0011589,P02848,2025-01-19 18:00:00,REDEEM,-10,25,BKG-011636
LTX-0011590,P02848,2025-02-17 09:00:00,EARN,38,63,BKG-009562
LTX-0011591,P02848,2025-03-05 09:00:00,EARN,68,131,BKG-005219
LTX-0011592,P02848,2025-05-31 09:00:00,EARN,32,163,BKG-010005
LTX-0011593,P02848,2025-11-15 09:00:00,EARN,33,196,BKG-006417
LTX-0011594,P03933,2025-06-11 09:00:00,EARN,39,39,BKG-005221
LTX-0011595,P00514,2025-03-16 09:00:00,EARN,52,52,BKG-010592
LTX-0011596,P00514,2025-06-10 09:00:00,EARN,76,128,BKG-006749
LTX-0011597,P00514,2025-12-03 09:00:00,EARN,30,158,BKG-005224
LTX-0011598,P01715,2024-12-29 09:00:00,EARN,42,42,BKG-008619
LTX-0011599,P01715,2025-04-17 09:00:00,EARN,76,118,BKG-010007
LTX-0011600,P01715,2025-05-30 09:00:00,EARN,50,168,BKG-005228
LTX-0011601,P01715,2025-05-30 18:00:00,REDEEM,-20,148,BKG-005228
LTX-0011602,P01715,2025-12-04 09:00:00,EARN,75,223,BKG-007760
LTX-0011603,P03739,2025-09-25 09:00:00,EARN,82,82,BKG-006566
LTX-0011604,P03739,2025-09-25 18:00:00,REDEEM,-10,72,BKG-006566
LTX-0011605,P03739,2025-10-10 09:00:00,EARN,34,106,BKG-012140
LTX-0011606,P03739,2025-10-10 18:00:00,REDEEM,-10,96,BKG-012140
LTX-0011607,P03739,2025-12-11 09:00:00,EARN,71,167,BKG-005237
LTX-0011608,P01103,2025-01-04 09:00:00,EARN,39,39,BKG-006165
LTX-0011609,P01103,2025-02-14 09:00:00,EARN,32,71,BKG-005239
LTX-0011610,P01103,2025-08-26 09:00:00,EARN,25,96,BKG-005501
LTX-0011611,P01103,2025-12-10 09:00:00,EARN,114,210,BKG-005969
LTX-0011612,P02866,2025-05-16 09:00:00,EARN,71,71,BKG-009191
LTX-0011613,P02866,2025-12-16 09:00:00,EARN,63,134,BKG-005240
LTX-0011614,P01122,2025-05-15 09:00:00,EARN,72,72,BKG-005241
LTX-0011615,P01122,2025-10-12 09:00:00,EARN,32,104,BKG-011691
LTX-0011616,P01122,2025-10-12 18:00:00,REDEEM,-10,94,BKG-011691
LTX-0011617,P01122,2025-12-20 09:00:00,EARN,36,130,BKG-005276
LTX-0011618,P00892,2025-05-24 09:00:00,EARN,30,30,BKG-012281
LTX-0011619,P00892,2025-06-03 09:00:00,EARN,37,67,BKG-005247
LTX-0011620,P00892,2025-06-03 18:00:00,REDEEM,-20,47,BKG-005247
LTX-0011621,P00573,2025-05-03 09:00:00,EARN,53,53,BKG-005249
LTX-0011622,P00573,2025-05-03 18:00:00,REDEEM,-10,43,BKG-005249
LTX-0011623,P00573,2025-05-20 09:00:00,EARN,70,113,BKG-009675
LTX-0011624,P00573,2025-06-19 09:00:00,EARN,53,166,BKG-008246
LTX-0011625,P00573,2025-11-12 09:00:00,EARN,14,180,BKG-009198
LTX-0011626,P00573,2025-11-16 09:00:00,EARN,54,234,BKG-010002
LTX-0011627,P00956,2025-01-28 09:00:00,EARN,13,13,BKG-007723
LTX-0011628,P00956,2025-04-30 09:00:00,EARN,24,37,BKG-010581
LTX-0011629,P00956,2025-05-11 09:00:00,EARN,57,94,BKG-005253
LTX-0011630,P00956,2025-07-16 09:00:00,EARN,47,141,BKG-006387
LTX-0011631,P00956,2025-08-04 09:00:00,EARN,33,174,BKG-006694
LTX-0011632,P01000,2025-05-14 09:00:00,EARN,33,33,BKG-006440
LTX-0011633,P01000,2025-06-18 09:00:00,EARN,67,100,BKG-005258
LTX-0011634,P01000,2025-12-10 09:00:00,EARN,19,119,BKG-005874
LTX-0011635,P03148,2025-03-10 09:00:00,EARN,27,27,BKG-005259
LTX-0011636,P03148,2025-04-07 09:00:00,EARN,42,69,BKG-006244
LTX-0011637,P03148,2025-06-11 09:00:00,EARN,18,87,BKG-007597
LTX-0011638,P03148,2025-06-11 18:00:00,REDEEM,-10,77,BKG-007597
LTX-0011639,P03148,2025-09-23 09:00:00,EARN,77,154,BKG-009277
LTX-0011640,P00444,2025-01-01 09:00:00,EARN,47,47,BKG-008665
LTX-0011641,P00444,2025-01-01 18:00:00,REDEEM,-20,27,BKG-008665
LTX-0011642,P00444,2025-05-12 09:00:00,EARN,53,80,BKG-009638
LTX-0011643,P00444,2025-07-09 09:00:00,EARN,53,133,BKG-005262
LTX-0011644,P00444,2025-07-09 09:00:00,EARN,48,181,BKG-008695
LTX-0011645,P00444,2025-09-26 09:00:00,EARN,32,213,BKG-009159
LTX-0011646,P01481,2025-06-26 09:00:00,EARN,17,17,BKG-005269
LTX-0011647,P01962,2025-04-17 09:00:00,EARN,22,22,BKG-005274
LTX-0011648,P00513,2025-05-31 09:00:00,EARN,9,9,BKG-010622
LTX-0011649,P00513,2025-08-05 09:00:00,EARN,53,62,BKG-005277
LTX-0011650,P00445,2025-10-11 09:00:00,EARN,46,46,BKG-005278
LTX-0011651,P01876,2025-05-02 09:00:00,EARN,26,26,BKG-005280
LTX-0011652,P01876,2025-05-26 09:00:00,EARN,37,63,BKG-008642
LTX-0011653,P01876,2025-05-26 18:00:00,REDEEM,-10,53,BKG-008642
LTX-0011654,P01876,2025-06-07 09:00:00,EARN,50,103,BKG-008319
LTX-0011655,P01876,2025-06-11 09:00:00,EARN,66,169,BKG-007379
LTX-0011656,P01876,2025-06-28 09:00:00,EARN,58,227,BKG-007183
LTX-0011657,P00727,2025-02-03 09:00:00,EARN,36,36,BKG-010434
LTX-0011658,P00727,2025-02-03 18:00:00,REDEEM,-10,26,BKG-010434
LTX-0011659,P00727,2025-02-14 09:00:00,EARN,78,104,BKG-005283
LTX-0011660,P00727,2025-02-14 18:00:00,REDEEM,-30,74,BKG-005283
LTX-0011661,P00727,2025-07-07 09:00:00,EARN,30,104,BKG-007908
LTX-0011662,P00022,2025-06-20 09:00:00,EARN,33,33,BKG-012204
LTX-0011663,P00022,2025-11-23 09:00:00,EARN,56,89,BKG-007268
LTX-0011664,P00022,2025-11-24 09:00:00,EARN,73,162,BKG-005288
LTX-0011665,P01513,2025-05-31 09:00:00,EARN,92,92,BKG-005535
LTX-0011666,P01513,2025-07-12 09:00:00,EARN,65,157,BKG-005290
LTX-0011667,P01419,2025-11-25 09:00:00,EARN,58,58,BKG-005292
LTX-0011668,P03902,2025-01-06 09:00:00,EARN,30,30,BKG-005748
LTX-0011669,P03902,2025-05-07 09:00:00,EARN,33,63,BKG-005293
LTX-0011670,P03902,2025-06-13 09:00:00,EARN,79,142,BKG-008609
LTX-0011671,P00697,2025-03-27 09:00:00,EARN,41,41,BKG-008980
LTX-0011672,P00697,2025-08-10 09:00:00,EARN,16,57,BKG-005303
LTX-0011673,P00697,2025-08-10 18:00:00,REDEEM,-10,47,BKG-005303
LTX-0011674,P02274,2025-03-12 09:00:00,EARN,26,26,BKG-005307
LTX-0011675,P02274,2025-08-06 09:00:00,EARN,8,34,BKG-007640
LTX-0011676,P02694,2024-12-11 09:00:00,EARN,63,63,BKG-008736
LTX-0011677,P02694,2024-12-11 18:00:00,REDEEM,-30,33,BKG-008736
LTX-0011678,P02694,2025-04-01 09:00:00,EARN,36,69,BKG-005669
LTX-0011679,P02694,2025-05-15 09:00:00,EARN,88,157,BKG-010632
LTX-0011680,P02694,2025-06-23 09:00:00,EARN,20,177,BKG-008853
LTX-0011681,P02694,2025-07-02 09:00:00,EARN,31,208,BKG-010872
LTX-0011682,P02694,2025-07-06 09:00:00,EARN,41,249,BKG-010130
LTX-0011683,P02694,2025-09-19 09:00:00,EARN,40,289,BKG-005311
LTX-0011684,P02694,2025-12-04 09:00:00,EARN,95,384,BKG-006593
LTX-0011685,P01542,2025-06-21 09:00:00,EARN,33,33,BKG-005312
LTX-0011686,P01542,2025-06-21 18:00:00,REDEEM,-10,23,BKG-005312
LTX-0011687,P01070,2025-02-09 09:00:00,EARN,50,50,BKG-005315
LTX-0011688,P03968,2025-03-19 09:00:00,EARN,54,54,BKG-005316
LTX-0011689,P03968,2025-04-11 09:00:00,EARN,63,117,BKG-011727
LTX-0011690,P03968,2025-04-11 18:00:00,REDEEM,-10,107,BKG-011727
LTX-0011691,P03968,2025-09-28 09:00:00,EARN,24,131,BKG-007595
LTX-0011692,P00992,2025-02-13 09:00:00,EARN,24,24,BKG-009611
LTX-0011693,P00992,2025-02-21 09:00:00,EARN,38,62,BKG-010223
LTX-0011694,P00992,2025-04-09 09:00:00,EARN,35,97,BKG-011957
LTX-0011695,P00992,2025-11-26 09:00:00,EARN,35,132,BKG-011628
LTX-0011696,P00992,2025-11-30 09:00:00,EARN,26,158,BKG-005317
LTX-0011697,P00314,2025-05-24 09:00:00,EARN,36,36,BKG-009363
LTX-0011698,P00314,2025-05-24 18:00:00,REDEEM,-20,16,BKG-009363
LTX-0011699,P00314,2025-06-05 09:00:00,EARN,34,50,BKG-005325
LTX-0011700,P03623,2025-04-13 09:00:00,EARN,57,57,BKG-005333
LTX-0011701,P00698,2025-10-11 09:00:00,EARN,80,80,BKG-010580
LTX-0011702,P00698,2025-12-09 09:00:00,EARN,57,137,BKG-005339
LTX-0011703,P00585,2025-05-31 09:00:00,EARN,76,76,BKG-011436
LTX-0011704,P00585,2025-06-27 09:00:00,EARN,52,128,BKG-005882
LTX-0011705,P00585,2025-07-10 09:00:00,EARN,70,198,BKG-005341
LTX-0011706,P00719,2025-07-06 09:00:00,EARN,53,53,BKG-005945
LTX-0011707,P00719,2025-08-10 09:00:00,EARN,57,110,BKG-006875
LTX-0011708,P00719,2025-08-28 09:00:00,EARN,68,178,BKG-005342
LTX-0011709,P00719,2025-11-20 09:00:00,EARN,37,215,BKG-011014
LTX-0011710,P00660,2025-06-19 09:00:00,EARN,29,29,BKG-008713
LTX-0011711,P00660,2025-06-19 18:00:00,REDEEM,-20,9,BKG-008713
LTX-0011712,P00660,2025-12-03 09:00:00,EARN,35,44,BKG-005346
LTX-0011713,P00335,2025-06-09 09:00:00,EARN,61,61,BKG-011725
LTX-0011714,P00335,2025-07-05 09:00:00,EARN,20,81,BKG-005350
LTX-0011715,P00335,2025-07-05 18:00:00,REDEEM,-30,51,BKG-005350
LTX-0011716,P00335,2025-12-08 09:00:00,EARN,62,113,BKG-009632
LTX-0011717,P00013,2025-08-04 09:00:00,EARN,48,48,BKG-007511
LTX-0011718,P00013,2025-10-05 09:00:00,EARN,59,107,BKG-005351
LTX-0011719,P00013,2025-10-05 18:00:00,REDEEM,-20,87,BKG-005351
LTX-0011720,P02860,2025-11-25 09:00:00,EARN,60,60,BKG-005354
LTX-0011721,P00053,2025-04-14 09:00:00,EARN,53,53,BKG-005360
LTX-0011722,P00053,2025-04-14 18:00:00,REDEEM,-20,33,BKG-005360
LTX-0011723,P00053,2025-05-27 09:00:00,EARN,44,77,BKG-009375
LTX-0011724,P00053,2025-05-30 09:00:00,EARN,61,138,BKG-009288
LTX-0011725,P00053,2025-06-13 09:00:00,EARN,38,176,BKG-005794
LTX-0011726,P00053,2025-09-23 09:00:00,EARN,56,232,BKG-006309
LTX-0011727,P02090,2025-03-23 09:00:00,EARN,68,68,BKG-005369
LTX-0011728,P02090,2025-07-03 09:00:00,EARN,58,126,BKG-011266
LTX-0011729,P02090,2025-07-14 09:00:00,EARN,45,171,BKG-012496
LTX-0011730,P01020,2025-02-23 09:00:00,EARN,39,39,BKG-011461
LTX-0011731,P01020,2025-07-09 09:00:00,EARN,36,75,BKG-005375
LTX-0011732,P01020,2025-08-25 09:00:00,EARN,54,129,BKG-006435
LTX-0011733,P01020,2025-11-16 09:00:00,EARN,106,235,BKG-011893
LTX-0011734,P02091,2025-05-07 09:00:00,EARN,46,46,BKG-007534
LTX-0011735,P02091,2025-09-09 09:00:00,EARN,10,56,BKG-005384
LTX-0011736,P02091,2025-12-10 09:00:00,EARN,33,89,BKG-006525
LTX-0011737,P01645,2025-05-07 09:00:00,EARN,72,72,BKG-005385
LTX-0011738,P01645,2025-05-07 18:00:00,REDEEM,-10,62,BKG-005385
LTX-0011739,P02452,2025-04-27 09:00:00,EARN,30,30,BKG-010612
LTX-0011740,P02452,2025-08-23 09:00:00,EARN,34,64,BKG-005542
LTX-0011741,P02452,2025-11-05 09:00:00,EARN,46,110,BKG-005390
LTX-0011742,P02773,2025-04-17 09:00:00,EARN,49,49,BKG-008487
LTX-0011743,P02773,2025-06-22 09:00:00,EARN,21,70,BKG-005393
LTX-0011744,P02773,2025-06-22 18:00:00,REDEEM,-30,40,BKG-005393
LTX-0011745,P02051,2025-10-01 09:00:00,EARN,57,57,BKG-010158
LTX-0011746,P02051,2025-10-01 18:00:00,REDEEM,-10,47,BKG-010158
LTX-0011747,P02051,2025-11-03 09:00:00,EARN,62,109,BKG-005395
LTX-0011748,P02980,2025-05-26 09:00:00,EARN,32,32,BKG-012171
LTX-0011749,P02980,2025-08-09 09:00:00,EARN,21,53,BKG-005406
LTX-0011750,P02980,2025-08-09 18:00:00,REDEEM,-20,33,BKG-005406
LTX-0011751,P02980,2025-11-28 09:00:00,EARN,70,103,BKG-012308
LTX-0011752,P03852,2025-10-19 09:00:00,EARN,64,64,BKG-010794
LTX-0011753,P03852,2025-11-24 09:00:00,EARN,41,105,BKG-009712
LTX-0011754,P03852,2025-12-07 09:00:00,EARN,37,142,BKG-008259
LTX-0011755,P03852,2025-12-17 09:00:00,EARN,38,180,BKG-005416
LTX-0011756,P00732,2025-10-04 09:00:00,EARN,49,49,BKG-005418
LTX-0011757,P01901,2024-12-28 09:00:00,EARN,76,76,BKG-005420
LTX-0011758,P01901,2025-06-27 09:00:00,EARN,43,119,BKG-009625
LTX-0011759,P01901,2025-11-09 09:00:00,EARN,88,207,BKG-010036
LTX-0011760,P02953,2024-12-19 09:00:00,EARN,69,69,BKG-007263
LTX-0011761,P02953,2025-03-02 09:00:00,EARN,30,99,BKG-007428
LTX-0011762,P02953,2025-03-15 09:00:00,EARN,58,157,BKG-005423
LTX-0011763,P02953,2025-03-15 18:00:00,REDEEM,-20,137,BKG-005423
LTX-0011764,P00352,2025-02-25 09:00:00,EARN,82,82,BKG-005425
LTX-0011765,P00352,2025-05-27 09:00:00,EARN,58,140,BKG-007106
LTX-0011766,P00352,2025-06-02 09:00:00,EARN,45,185,BKG-006699
LTX-0011767,P00352,2025-06-02 18:00:00,REDEEM,-30,155,BKG-006699
LTX-0011768,P00352,2025-06-24 09:00:00,EARN,41,196,BKG-010194
LTX-0011769,P00352,2025-11-26 09:00:00,EARN,61,257,BKG-006975
LTX-0011770,P00352,2025-11-26 18:00:00,REDEEM,-10,247,BKG-006975
LTX-0011771,P01764,2025-08-18 09:00:00,EARN,24,24,BKG-012220
LTX-0011772,P01764,2025-10-04 09:00:00,EARN,41,65,BKG-005426
LTX-0011773,P01802,2025-07-28 09:00:00,EARN,15,15,BKG-005429
LTX-0011774,P01802,2025-11-25 09:00:00,EARN,47,62,BKG-006100
LTX-0011775,P02551,2025-02-07 09:00:00,EARN,70,70,BKG-006066
LTX-0011776,P02551,2025-05-17 09:00:00,EARN,10,80,BKG-007374
LTX-0011777,P02551,2025-07-12 09:00:00,EARN,92,172,BKG-010311
LTX-0011778,P02551,2025-11-01 09:00:00,EARN,41,213,BKG-010550
LTX-0011779,P02551,2025-12-11 09:00:00,EARN,73,286,BKG-005430
LTX-0011780,P02551,2025-12-11 18:00:00,REDEEM,-10,276,BKG-005430
LTX-0011781,P01654,2025-03-01 09:00:00,EARN,18,18,BKG-005431
LTX-0011782,P01654,2025-06-23 09:00:00,EARN,33,51,BKG-009222
LTX-0011783,P01654,2025-10-05 09:00:00,EARN,23,74,BKG-011013
LTX-0011784,P01654,2025-10-21 09:00:00,EARN,65,139,BKG-011115
LTX-0011785,P02183,2025-06-03 09:00:00,EARN,105,105,BKG-009390
LTX-0011786,P02183,2025-09-25 09:00:00,EARN,33,138,BKG-005434
LTX-0011787,P02183,2025-09-25 18:00:00,REDEEM,-20,118,BKG-005434
LTX-0011788,P00895,2025-04-12 09:00:00,EARN,28,28,BKG-005438
LTX-0011789,P00331,2025-02-28 09:00:00,EARN,64,64,BKG-005445
LTX-0011790,P00331,2025-07-01 09:00:00,EARN,21,85,BKG-006199
LTX-0011791,P01126,2025-06-24 09:00:00,EARN,107,107,BKG-005451
LTX-0011792,P01157,2025-03-07 09:00:00,EARN,71,71,BKG-005452
LTX-0011793,P01157,2025-03-10 09:00:00,EARN,24,95,BKG-009824
LTX-0011794,P03219,2024-12-23 09:00:00,EARN,8,8,BKG-006431
LTX-0011795,P03219,2025-02-07 09:00:00,EARN,26,34,BKG-005453
LTX-0011796,P03219,2025-09-06 09:00:00,EARN,55,89,BKG-006864
LTX-0011797,P03219,2025-09-06 18:00:00,REDEEM,-10,79,BKG-006864
LTX-0011798,P03219,2025-11-21 09:00:00,EARN,33,112,BKG-009121
LTX-0011799,P03219,2025-12-07 09:00:00,EARN,67,179,BKG-012317
LTX-0011800,P03999,2025-03-07 09:00:00,EARN,56,56,BKG-007894
LTX-0011801,P03999,2025-04-17 09:00:00,EARN,32,88,BKG-012276
LTX-0011802,P03999,2025-06-01 09:00:00,EARN,36,124,BKG-005457
LTX-0011803,P03999,2025-10-25 09:00:00,EARN,18,142,BKG-008781
LTX-0011804,P03854,2025-06-21 09:00:00,EARN,72,72,BKG-005469
LTX-0011805,P03854,2025-07-02 09:00:00,EARN,44,116,BKG-009586
LTX-0011806,P03029,2025-06-01 09:00:00,EARN,52,52,BKG-006806
LTX-0011807,P03029,2025-06-01 18:00:00,REDEEM,-30,22,BKG-006806
LTX-0011808,P03029,2025-09-12 09:00:00,EARN,28,50,BKG-005472
LTX-0011809,P03029,2025-09-13 09:00:00,EARN,53,103,BKG-009319
LTX-0011810,P03029,2025-12-02 09:00:00,EARN,33,136,BKG-010463
LTX-0011811,P01882,2025-04-16 09:00:00,EARN,41,41,BKG-009729
LTX-0011812,P01882,2025-08-22 09:00:00,EARN,28,69,BKG-005477
LTX-0011813,P01882,2025-09-28 09:00:00,EARN,59,128,BKG-007533
LTX-0011814,P01882,2025-10-26 09:00:00,EARN,53,181,BKG-006163
LTX-0011815,P03557,2024-12-23 09:00:00,EARN,22,22,BKG-008406
LTX-0011816,P03557,2025-01-01 09:00:00,EARN,16,38,BKG-008823
LTX-0011817,P03557,2025-05-09 09:00:00,EARN,29,67,BKG-005479
LTX-0011818,P00792,2025-05-15 09:00:00,EARN,82,82,BKG-008216
LTX-0011819,P00792,2025-06-23 09:00:00,EARN,41,123,BKG-008179
LTX-0011820,P00792,2025-06-30 09:00:00,EARN,73,196,BKG-010242
LTX-0011821,P00792,2025-11-14 09:00:00,EARN,38,234,BKG-005480
LTX-0011822,P00792,2025-11-14 18:00:00,REDEEM,-20,214,BKG-005480
LTX-0011823,P00662,2025-07-12 09:00:00,EARN,62,62,BKG-005483
LTX-0011824,P00662,2025-09-13 09:00:00,EARN,16,78,BKG-005723
LTX-0011825,P02331,2025-01-20 09:00:00,EARN,65,65,BKG-005484
LTX-0011826,P02331,2025-01-20 18:00:00,REDEEM,-10,55,BKG-005484
LTX-0011827,P00207,2025-06-24 09:00:00,EARN,38,38,BKG-012203
LTX-0011828,P00207,2025-06-25 09:00:00,EARN,45,83,BKG-011455
LTX-0011829,P00207,2025-06-27 09:00:00,EARN,30,113,BKG-005556
LTX-0011830,P00207,2025-09-27 09:00:00,EARN,33,146,BKG-005488
LTX-0011831,P02545,2025-01-09 09:00:00,EARN,28,28,BKG-008726
LTX-0011832,P02545,2025-03-30 09:00:00,EARN,6,34,BKG-009193
LTX-0011833,P02545,2025-05-12 09:00:00,EARN,86,120,BKG-005495
LTX-0011834,P02545,2025-05-12 18:00:00,REDEEM,-30,90,BKG-005495
LTX-0011835,P03706,2025-02-06 09:00:00,EARN,57,57,BKG-009871
LTX-0011836,P03706,2025-05-30 09:00:00,EARN,23,80,BKG-010257
LTX-0011837,P03706,2025-06-13 09:00:00,EARN,46,126,BKG-005707
LTX-0011838,P03706,2025-06-13 18:00:00,REDEEM,-10,116,BKG-005707
LTX-0011839,P03706,2025-11-29 09:00:00,EARN,68,184,BKG-005499
LTX-0011840,P03706,2025-12-13 09:00:00,EARN,48,232,BKG-010518
LTX-0011841,P02592,2025-03-16 09:00:00,EARN,79,79,BKG-005502
LTX-0011842,P02592,2025-04-22 09:00:00,EARN,34,113,BKG-009156
LTX-0011843,P02592,2025-04-22 18:00:00,REDEEM,-20,93,BKG-009156
LTX-0011844,P02592,2025-05-31 09:00:00,EARN,60,153,BKG-010863
LTX-0011845,P02592,2025-05-31 18:00:00,REDEEM,-10,143,BKG-010863
LTX-0011846,P02592,2025-12-12 09:00:00,EARN,33,176,BKG-007443
LTX-0011847,P03878,2024-12-26 09:00:00,EARN,28,28,BKG-006451
LTX-0011848,P03878,2025-06-11 09:00:00,EARN,60,88,BKG-008498
LTX-0011849,P03878,2025-06-13 09:00:00,EARN,76,164,BKG-005505
LTX-0011850,P03878,2025-06-13 18:00:00,REDEEM,-30,134,BKG-005505
LTX-0011851,P03839,2025-01-24 09:00:00,EARN,69,69,BKG-008798
LTX-0011852,P03839,2025-07-04 09:00:00,EARN,36,105,BKG-005506
LTX-0011853,P03839,2025-11-22 09:00:00,EARN,18,123,BKG-005843
LTX-0011854,P03839,2025-11-26 09:00:00,EARN,65,188,BKG-009570
LTX-0011855,P02498,2025-02-13 09:00:00,EARN,38,38,BKG-005510
LTX-0011856,P02498,2025-07-01 09:00:00,EARN,70,108,BKG-010686
LTX-0011857,P02498,2025-12-06 09:00:00,EARN,52,160,BKG-011483
LTX-0011858,P03225,2025-06-09 09:00:00,EARN,44,44,BKG-005520
LTX-0011859,P03396,2025-01-29 09:00:00,EARN,29,29,BKG-005521
LTX-0011860,P03396,2025-06-28 09:00:00,EARN,58,87,BKG-005839
LTX-0011861,P03396,2025-07-20 09:00:00,EARN,79,166,BKG-005929
LTX-0011862,P02624,2025-04-18 09:00:00,EARN,26,26,BKG-012277
LTX-0011863,P02624,2025-06-15 09:00:00,EARN,7,33,BKG-005526
LTX-0011864,P02624,2025-11-21 09:00:00,EARN,33,66,BKG-009087
LTX-0011865,P02624,2025-12-11 09:00:00,EARN,68,134,BKG-011895
LTX-0011866,P02336,2025-05-29 09:00:00,EARN,84,84,BKG-006926
LTX-0011867,P02336,2025-08-08 09:00:00,EARN,20,104,BKG-005530
LTX-0011868,P02336,2025-08-08 18:00:00,REDEEM,-10,94,BKG-005530
LTX-0011869,P02248,2025-01-28 09:00:00,EARN,52,52,BKG-005531
LTX-0011870,P02248,2025-08-28 09:00:00,EARN,9,61,BKG-012181
LTX-0011871,P03925,2025-08-23 09:00:00,EARN,24,24,BKG-005532
LTX-0011872,P03076,2025-04-07 09:00:00,EARN,48,48,BKG-005541
LTX-0011873,P03076,2025-06-02 09:00:00,EARN,45,93,BKG-011754
LTX-0011874,P03874,2025-04-13 09:00:00,EARN,84,84,BKG-005546
LTX-0011875,P03874,2025-06-01 09:00:00,EARN,26,110,BKG-011451
LTX-0011876,P03874,2025-08-27 09:00:00,EARN,14,124,BKG-012003
LTX-0011877,P03874,2025-08-27 18:00:00,REDEEM,-30,94,BKG-012003
LTX-0011878,P00762,2025-05-03 09:00:00,EARN,10,10,BKG-006361
LTX-0011879,P00762,2025-06-25 09:00:00,EARN,81,91,BKG-005547
LTX-0011880,P00762,2025-07-06 09:00:00,EARN,52,143,BKG-005756
LTX-0011881,P00147,2024-12-18 09:00:00,EARN,26,26,BKG-007626
LTX-0011882,P00147,2025-02-24 09:00:00,EARN,6,32,BKG-005548
LTX-0011883,P00147,2025-06-12 09:00:00,EARN,75,107,BKG-007782
LTX-0011884,P03322,2025-03-06 09:00:00,EARN,34,34,BKG-008749
LTX-0011885,P03322,2025-03-06 18:00:00,REDEEM,-20,14,BKG-008749
LTX-0011886,P03322,2025-03-23 09:00:00,EARN,14,28,BKG-008731
LTX-0011887,P03322,2025-06-12 09:00:00,EARN,65,93,BKG-005549
LTX-0011888,P03322,2025-11-25 09:00:00,EARN,16,109,BKG-009111
LTX-0011889,P00105,2025-02-28 09:00:00,EARN,79,79,BKG-009987
LTX-0011890,P00105,2025-02-28 18:00:00,REDEEM,-30,49,BKG-009987
LTX-0011891,P00105,2025-04-01 09:00:00,EARN,34,83,BKG-005552
LTX-0011892,P00105,2025-05-12 09:00:00,EARN,48,131,BKG-009064
LTX-0011893,P00105,2025-05-18 09:00:00,EARN,20,151,BKG-007598
LTX-0011894,P00105,2025-05-22 09:00:00,EARN,70,221,BKG-009013
LTX-0011895,P00105,2025-11-25 09:00:00,EARN,52,273,BKG-009025
LTX-0011896,P00651,2025-05-09 09:00:00,EARN,36,36,BKG-005558
LTX-0011897,P00651,2025-05-09 18:00:00,REDEEM,-20,16,BKG-005558
LTX-0011898,P00651,2025-11-09 09:00:00,EARN,47,63,BKG-006358
LTX-0011899,P02108,2025-01-03 09:00:00,EARN,10,10,BKG-007880
LTX-0011900,P02108,2025-06-01 09:00:00,EARN,51,61,BKG-005564
LTX-0011901,P02108,2025-11-23 09:00:00,EARN,67,128,BKG-012360
LTX-0011902,P03384,2025-01-27 09:00:00,EARN,28,28,BKG-011020
LTX-0011903,P03384,2025-02-18 09:00:00,EARN,60,88,BKG-005895
LTX-0011904,P03384,2025-05-06 09:00:00,EARN,40,128,BKG-005566
LTX-0011905,P03384,2025-05-31 09:00:00,EARN,53,181,BKG-011383
LTX-0011906,P03384,2025-06-11 09:00:00,EARN,10,191,BKG-009278
LTX-0011907,P03384,2025-06-27 09:00:00,EARN,51,242,BKG-011419
LTX-0011908,P03609,2025-02-23 09:00:00,EARN,20,20,BKG-006020
LTX-0011909,P03609,2025-09-15 09:00:00,EARN,31,51,BKG-005574
LTX-0011910,P03609,2025-09-28 09:00:00,EARN,21,72,BKG-007292
LTX-0011911,P03609,2025-09-28 18:00:00,REDEEM,-10,62,BKG-007292
LTX-0011912,P02916,2025-03-14 09:00:00,EARN,60,60,BKG-005962
LTX-0011913,P02916,2025-04-09 09:00:00,EARN,54,114,BKG-009672
LTX-0011914,P02916,2025-05-29 09:00:00,EARN,112,226,BKG-005575
LTX-0011915,P03423,2025-03-18 09:00:00,EARN,50,50,BKG-009408
LTX-0011916,P03423,2025-04-16 09:00:00,EARN,34,84,BKG-007768
LTX-0011917,P03423,2025-06-23 09:00:00,EARN,48,132,BKG-006850
LTX-0011918,P03423,2025-06-23 09:00:00,EARN,96,228,BKG-007143
LTX-0011919,P03423,2025-07-15 09:00:00,EARN,47,275,BKG-005576
LTX-0011920,P02851,2025-04-18 09:00:00,EARN,61,61,BKG-011465
LTX-0011921,P02851,2025-05-09 09:00:00,EARN,67,128,BKG-005582
LTX-0011922,P02851,2025-05-11 09:00:00,EARN,79,207,BKG-007038
LTX-0011923,P02851,2025-07-26 09:00:00,EARN,16,223,BKG-008262
LTX-0011924,P02851,2025-07-26 18:00:00,REDEEM,-30,193,BKG-008262
LTX-0011925,P02851,2025-12-19 09:00:00,EARN,97,290,BKG-007742
LTX-0011926,P01999,2025-11-29 09:00:00,EARN,54,54,BKG-005583
LTX-0011927,P01999,2025-11-29 18:00:00,REDEEM,-10,44,BKG-005583
LTX-0011928,P00667,2025-02-04 09:00:00,EARN,24,24,BKG-008959
LTX-0011929,P00667,2025-02-04 18:00:00,REDEEM,-20,4,BKG-008959
LTX-0011930,P00667,2025-06-06 09:00:00,EARN,48,52,BKG-011622
LTX-0011931,P00667,2025-06-06 18:00:00,REDEEM,-20,32,BKG-011622
LTX-0011932,P00667,2025-10-29 09:00:00,EARN,38,70,BKG-010517
LTX-0011933,P00667,2025-12-14 09:00:00,EARN,80,150,BKG-005585
LTX-0011934,P00742,2025-02-16 09:00:00,EARN,26,26,BKG-011203
LTX-0011935,P00742,2025-04-18 09:00:00,EARN,24,50,BKG-005589
LTX-0011936,P00742,2025-12-06 09:00:00,EARN,37,87,BKG-009851
LTX-0011937,P02099,2025-06-02 09:00:00,EARN,68,68,BKG-005590
LTX-0011938,P02099,2025-08-06 09:00:00,EARN,36,104,BKG-008972
LTX-0011939,P01345,2025-01-09 09:00:00,EARN,64,64,BKG-010762
LTX-0011940,P01345,2025-03-18 09:00:00,EARN,51,115,BKG-005592
LTX-0011941,P02224,2025-01-09 09:00:00,EARN,16,16,BKG-005607
LTX-0011942,P00920,2025-01-03 09:00:00,EARN,52,52,BKG-008086
LTX-0011943,P00920,2025-01-03 18:00:00,REDEEM,-10,42,BKG-008086
LTX-0011944,P00920,2025-03-10 09:00:00,EARN,30,72,BKG-011838
LTX-0011945,P00920,2025-03-10 18:00:00,REDEEM,-30,42,BKG-011838
LTX-0011946,P00920,2025-10-29 09:00:00,EARN,45,87,BKG-007324
LTX-0011947,P00920,2025-10-29 18:00:00,REDEEM,-20,67,BKG-007324
LTX-0011948,P00920,2025-12-06 09:00:00,EARN,39,106,BKG-005614
LTX-0011949,P01951,2025-06-20 09:00:00,EARN,84,84,BKG-008162
LTX-0011950,P01951,2025-06-27 09:00:00,EARN,41,125,BKG-006565
LTX-0011951,P01951,2025-08-20 09:00:00,EARN,42,167,BKG-005615
LTX-0011952,P01951,2025-11-06 09:00:00,EARN,22,189,BKG-006351
LTX-0011953,P01937,2025-01-04 09:00:00,EARN,53,53,BKG-008579
LTX-0011954,P01937,2025-01-04 18:00:00,REDEEM,-30,23,BKG-008579
LTX-0011955,P01937,2025-06-06 09:00:00,EARN,72,95,BKG-007998
LTX-0011956,P01937,2025-07-04 09:00:00,EARN,25,120,BKG-007667
LTX-0011957,P01937,2025-07-19 09:00:00,EARN,70,190,BKG-011537
LTX-0011958,P01937,2025-07-28 09:00:00,EARN,50,240,BKG-005851
LTX-0011959,P01937,2025-08-15 09:00:00,EARN,18,258,BKG-005622
LTX-0011960,P01937,2025-10-06 09:00:00,EARN,53,311,BKG-009059
LTX-0011961,P01233,2025-06-03 09:00:00,EARN,70,70,BKG-007315
LTX-0011962,P01233,2025-09-30 09:00:00,EARN,16,86,BKG-005629
LTX-0011963,P02257,2025-02-03 09:00:00,EARN,42,42,BKG-009456
LTX-0011964,P02257,2025-04-30 09:00:00,EARN,59,101,BKG-005631
LTX-0011965,P02257,2025-04-30 18:00:00,REDEEM,-10,91,BKG-005631
LTX-0011966,P02257,2025-05-10 09:00:00,EARN,40,131,BKG-007909
LTX-0011967,P02257,2025-05-26 09:00:00,EARN,35,166,BKG-009832
LTX-0011968,P02257,2025-06-06 09:00:00,EARN,42,208,BKG-006710
LTX-0011969,P00317,2025-05-17 09:00:00,EARN,38,38,BKG-005632
LTX-0011970,P00317,2025-05-17 18:00:00,REDEEM,-30,8,BKG-005632
LTX-0011971,P00317,2025-12-08 09:00:00,EARN,16,24,BKG-006769
LTX-0011972,P03325,2025-11-25 09:00:00,EARN,32,32,BKG-005637
LTX-0011973,P02907,2025-01-20 09:00:00,EARN,73,73,BKG-008520
LTX-0011974,P02907,2025-06-14 09:00:00,EARN,41,114,BKG-005638
LTX-0011975,P02907,2025-10-27 09:00:00,EARN,34,148,BKG-009232
LTX-0011976,P02907,2025-12-15 09:00:00,EARN,45,193,BKG-008641
LTX-0011977,P02031,2025-05-18 09:00:00,EARN,15,15,BKG-011790
LTX-0011978,P02031,2025-05-31 09:00:00,EARN,36,51,BKG-005645
LTX-0011979,P02031,2025-05-31 18:00:00,REDEEM,-20,31,BKG-005645
LTX-0011980,P02031,2025-11-01 09:00:00,EARN,40,71,BKG-007746
LTX-0011981,P02031,2025-12-21 09:00:00,EARN,6,77,BKG-006865
LTX-0011982,P00357,2025-07-28 09:00:00,EARN,18,18,BKG-005647
LTX-0011983,P00357,2025-12-06 09:00:00,EARN,108,126,BKG-006144
LTX-0011984,P00357,2025-12-20 09:00:00,EARN,89,215,BKG-009774
LTX-0011985,P00023,2024-12-13 09:00:00,EARN,18,18,BKG-006032
LTX-0011986,P00023,2025-01-11 09:00:00,EARN,16,34,BKG-005649
LTX-0011987,P00023,2025-06-29 09:00:00,EARN,75,109,BKG-011877
LTX-0011988,P00023,2025-10-12 09:00:00,EARN,44,153,BKG-011812
LTX-0011989,P01780,2025-06-02 09:00:00,EARN,44,44,BKG-006330
LTX-0011990,P01780,2025-06-04 09:00:00,EARN,41,85,BKG-007734
LTX-0011991,P01780,2025-10-01 09:00:00,EARN,69,154,BKG-011044
LTX-0011992,P01780,2025-10-15 09:00:00,EARN,51,205,BKG-005650
LTX-0011993,P01780,2025-10-15 18:00:00,REDEEM,-10,195,BKG-005650
LTX-0011994,P02298,2025-02-15 09:00:00,EARN,61,61,BKG-011771
LTX-0011995,P02298,2025-06-12 09:00:00,EARN,41,102,BKG-007309
LTX-0011996,P02298,2025-11-26 09:00:00,EARN,65,167,BKG-005651
LTX-0011997,P02549,2025-06-28 09:00:00,EARN,55,55,BKG-007420
LTX-0011998,P02549,2025-07-26 09:00:00,EARN,22,77,BKG-005657
LTX-0011999,P02842,2024-12-16 09:00:00,EARN,77,77,BKG-005663
LTX-0012000,P02842,2025-06-20 09:00:00,EARN,48,125,BKG-007663
LTX-0012001,P02842,2025-06-21 09:00:00,EARN,48,173,BKG-007222
LTX-0012002,P02708,2025-06-02 09:00:00,EARN,76,76,BKG-005668
LTX-0012003,P02708,2025-06-02 18:00:00,REDEEM,-20,56,BKG-005668
LTX-0012004,P02708,2025-06-07 09:00:00,EARN,20,76,BKG-007192
LTX-0012005,P01169,2025-07-06 09:00:00,EARN,62,62,BKG-005670
LTX-0012006,P03083,2025-03-29 09:00:00,EARN,34,34,BKG-007931
LTX-0012007,P03083,2025-03-29 18:00:00,REDEEM,-30,4,BKG-007931
LTX-0012008,P03083,2025-06-15 09:00:00,EARN,34,38,BKG-005696
LTX-0012009,P03083,2025-12-19 09:00:00,EARN,43,81,BKG-006862
LTX-0012010,P01778,2025-05-13 09:00:00,EARN,24,24,BKG-008884
LTX-0012011,P01778,2025-07-01 09:00:00,EARN,87,111,BKG-012004
LTX-0012012,P01778,2025-10-25 09:00:00,EARN,36,147,BKG-010887
LTX-0012013,P01778,2025-10-25 18:00:00,REDEEM,-20,127,BKG-010887
LTX-0012014,P01778,2025-11-27 09:00:00,EARN,64,191,BKG-010983
LTX-0012015,P01778,2025-12-05 09:00:00,EARN,21,212,BKG-005698
LTX-0012016,P02384,2025-12-05 09:00:00,EARN,43,43,BKG-005703
LTX-0012017,P02384,2025-12-18 09:00:00,EARN,44,87,BKG-010579
LTX-0012018,P03119,2025-05-01 09:00:00,EARN,52,52,BKG-010667
LTX-0012019,P03119,2025-05-01 18:00:00,REDEEM,-30,22,BKG-010667
LTX-0012020,P03119,2025-06-16 09:00:00,EARN,78,100,BKG-009365
LTX-0012021,P03119,2025-06-16 18:00:00,REDEEM,-30,70,BKG-009365
LTX-0012022,P03119,2025-11-18 09:00:00,EARN,43,113,BKG-005704
LTX-0012023,P03068,2025-06-03 09:00:00,EARN,31,31,BKG-005705
LTX-0012024,P02924,2025-06-22 09:00:00,EARN,53,53,BKG-005713
LTX-0012025,P02924,2025-07-25 09:00:00,EARN,41,94,BKG-006855
LTX-0012026,P02924,2025-07-25 18:00:00,REDEEM,-10,84,BKG-006855
LTX-0012027,P02409,2025-07-10 09:00:00,EARN,11,11,BKG-005718
LTX-0012028,P02409,2025-11-15 09:00:00,EARN,105,116,BKG-010651
LTX-0012029,P02409,2025-11-15 18:00:00,REDEEM,-20,96,BKG-010651
LTX-0012030,P03548,2025-10-17 09:00:00,EARN,58,58,BKG-005729
LTX-0012031,P03548,2025-10-17 18:00:00,REDEEM,-30,28,BKG-005729
LTX-0012032,P00839,2025-04-02 09:00:00,EARN,36,36,BKG-007903
LTX-0012033,P00839,2025-09-09 09:00:00,EARN,64,100,BKG-005732
LTX-0012034,P00839,2025-11-17 09:00:00,EARN,38,138,BKG-011404
LTX-0012035,P00839,2025-12-16 09:00:00,EARN,76,214,BKG-009848
LTX-0012036,P00839,2025-12-16 18:00:00,REDEEM,-30,184,BKG-009848
LTX-0012037,P03426,2025-06-16 09:00:00,EARN,68,68,BKG-005734
LTX-0012038,P03426,2025-10-23 09:00:00,EARN,18,86,BKG-009203
LTX-0012039,P03309,2025-06-25 09:00:00,EARN,27,27,BKG-012447
LTX-0012040,P03309,2025-08-25 09:00:00,EARN,39,66,BKG-005735
LTX-0012041,P02684,2025-10-16 09:00:00,EARN,23,23,BKG-010156
LTX-0012042,P02684,2025-12-09 09:00:00,EARN,57,80,BKG-005736
LTX-0012043,P02684,2025-12-12 09:00:00,EARN,49,129,BKG-010417
LTX-0012044,P01257,2025-11-08 09:00:00,EARN,63,63,BKG-005741
LTX-0012045,P01257,2025-11-11 09:00:00,EARN,40,103,BKG-008214
LTX-0012046,P01082,2025-02-03 09:00:00,EARN,69,69,BKG-011311
LTX-0012047,P01082,2025-06-18 09:00:00,EARN,16,85,BKG-005742
LTX-0012048,P01082,2025-09-19 09:00:00,EARN,43,128,BKG-011498
LTX-0012049,P01082,2025-09-25 09:00:00,EARN,73,201,BKG-007846
LTX-0012050,P01082,2025-10-20 09:00:00,EARN,60,261,BKG-006036
LTX-0012051,P02693,2025-06-12 09:00:00,EARN,20,20,BKG-008464
LTX-0012052,P02693,2025-07-13 09:00:00,EARN,78,98,BKG-007639
LTX-0012053,P02693,2025-07-13 18:00:00,REDEEM,-10,88,BKG-007639
LTX-0012054,P02693,2025-08-28 09:00:00,EARN,50,138,BKG-005744
LTX-0012055,P02693,2025-12-07 09:00:00,EARN,72,210,BKG-009607
LTX-0012056,P02805,2025-04-18 09:00:00,EARN,16,16,BKG-009765
LTX-0012057,P02805,2025-06-13 09:00:00,EARN,22,38,BKG-007425
LTX-0012058,P02805,2025-06-20 09:00:00,EARN,53,91,BKG-007372
LTX-0012059,P02805,2025-06-20 18:00:00,REDEEM,-20,71,BKG-007372
LTX-0012060,P02805,2025-07-14 09:00:00,EARN,60,131,BKG-011681
LTX-0012061,P02805,2025-07-14 18:00:00,REDEEM,-20,111,BKG-011681
LTX-0012062,P02805,2025-09-08 09:00:00,EARN,16,127,BKG-009053
LTX-0012063,P02805,2025-12-12 09:00:00,EARN,60,187,BKG-005751
LTX-0012064,P00635,2025-02-03 09:00:00,EARN,32,32,BKG-007827
LTX-0012065,P00635,2025-06-29 09:00:00,EARN,44,76,BKG-005755
LTX-0012066,P01569,2025-04-21 09:00:00,EARN,28,28,BKG-006560
LTX-0012067,P01569,2025-04-21 18:00:00,REDEEM,-20,8,BKG-006560
LTX-0012068,P01569,2025-12-04 09:00:00,EARN,45,53,BKG-005762
LTX-0012069,P00212,2025-06-16 09:00:00,EARN,33,33,BKG-010951
LTX-0012070,P00212,2025-08-18 09:00:00,EARN,62,95,BKG-005766
LTX-0012071,P00212,2025-10-11 09:00:00,EARN,26,121,BKG-007148
LTX-0012072,P03450,2025-06-23 09:00:00,EARN,36,36,BKG-009800
LTX-0012073,P03450,2025-12-13 09:00:00,EARN,20,56,BKG-005777
LTX-0012074,P01249,2025-01-03 09:00:00,EARN,29,29,BKG-006240
LTX-0012075,P01249,2025-04-12 09:00:00,EARN,34,63,BKG-008700
LTX-0012076,P01249,2025-04-12 18:00:00,REDEEM,-10,53,BKG-008700
LTX-0012077,P01249,2025-05-17 09:00:00,EARN,60,113,BKG-005786
LTX-0012078,P02917,2025-07-19 09:00:00,EARN,7,7,BKG-011029
LTX-0012079,P02917,2025-09-07 09:00:00,EARN,19,26,BKG-005788
LTX-0012080,P02917,2025-12-01 09:00:00,EARN,94,120,BKG-012111
LTX-0012081,P02627,2025-04-16 09:00:00,EARN,44,44,BKG-007711
LTX-0012082,P02627,2025-04-26 09:00:00,EARN,10,54,BKG-005790
LTX-0012083,P02627,2025-07-06 09:00:00,EARN,23,77,BKG-010688
LTX-0012084,P01002,2025-02-25 09:00:00,EARN,31,31,BKG-005791
LTX-0012085,P01002,2025-05-29 09:00:00,EARN,96,127,BKG-006995
LTX-0012086,P01002,2025-11-26 09:00:00,EARN,84,211,BKG-009309
LTX-0012087,P03182,2025-04-06 09:00:00,EARN,37,37,BKG-007105
LTX-0012088,P03182,2025-07-28 09:00:00,EARN,30,67,BKG-006596
LTX-0012089,P03182,2025-12-14 09:00:00,EARN,59,126,BKG-006943
LTX-0012090,P03182,2025-12-17 09:00:00,EARN,65,191,BKG-005796
LTX-0012091,P02218,2025-05-19 09:00:00,EARN,61,61,BKG-005800
LTX-0012092,P02218,2025-05-19 18:00:00,REDEEM,-10,51,BKG-005800
LTX-0012093,P02218,2025-11-09 09:00:00,EARN,22,73,BKG-009428
LTX-0012094,P03089,2025-07-01 09:00:00,EARN,119,119,BKG-005804
LTX-0012095,P03089,2025-10-14 09:00:00,EARN,11,130,BKG-007478
LTX-0012096,P03089,2025-11-22 09:00:00,EARN,67,197,BKG-008747
LTX-0012097,P03089,2025-11-25 09:00:00,EARN,11,208,BKG-008684
LTX-0012098,P01505,2025-06-15 09:00:00,EARN,46,46,BKG-007399
LTX-0012099,P01505,2025-07-09 09:00:00,EARN,77,123,BKG-005807
LTX-0012100,P01505,2025-07-09 18:00:00,REDEEM,-20,103,BKG-005807
LTX-0012101,P02623,2025-05-12 09:00:00,EARN,87,87,BKG-005808
LTX-0012102,P02623,2025-05-12 18:00:00,REDEEM,-30,57,BKG-005808
LTX-0012103,P02623,2025-06-27 09:00:00,EARN,42,99,BKG-011766
LTX-0012104,P01440,2025-05-24 09:00:00,EARN,33,33,BKG-012363
LTX-0012105,P01440,2025-06-16 09:00:00,EARN,99,132,BKG-005815
LTX-0012106,P01440,2025-07-15 09:00:00,EARN,10,142,BKG-006920
LTX-0012107,P00272,2025-03-13 09:00:00,EARN,30,30,BKG-008407
LTX-0012108,P00272,2025-09-15 09:00:00,EARN,33,63,BKG-012309
LTX-0012109,P00272,2025-11-27 09:00:00,EARN,51,114,BKG-007774
LTX-0012110,P00272,2025-12-21 09:00:00,EARN,32,146,BKG-005816
LTX-0012111,P00640,2025-04-11 09:00:00,EARN,30,30,BKG-011019
LTX-0012112,P00640,2025-06-24 09:00:00,EARN,19,49,BKG-011075
LTX-0012113,P00640,2025-11-25 09:00:00,EARN,30,79,BKG-005818
LTX-0012114,P03834,2024-12-24 09:00:00,EARN,18,18,BKG-011706
LTX-0012115,P03834,2025-06-25 09:00:00,EARN,38,56,BKG-009109
LTX-0012116,P03834,2025-12-02 09:00:00,EARN,25,81,BKG-005821
LTX-0012117,P01359,2025-02-09 09:00:00,EARN,85,85,BKG-006863
LTX-0012118,P01359,2025-05-25 09:00:00,EARN,33,118,BKG-005828
LTX-0012119,P01359,2025-07-01 09:00:00,EARN,25,143,BKG-008774
LTX-0012120,P00246,2024-12-23 09:00:00,EARN,47,47,BKG-012361
LTX-0012121,P00246,2025-04-09 09:00:00,EARN,40,87,BKG-005833
LTX-0012122,P00246,2025-05-23 09:00:00,EARN,54,141,BKG-011402
LTX-0012123,P00783,2025-02-08 09:00:00,EARN,69,69,BKG-005834
LTX-0012124,P00783,2025-11-15 09:00:00,EARN,68,137,BKG-012099
LTX-0012125,P02772,2025-05-21 09:00:00,EARN,29,29,BKG-005836
LTX-0012126,P02772,2025-07-11 09:00:00,EARN,60,89,BKG-008735
LTX-0012127,P02772,2025-12-14 09:00:00,EARN,83,172,BKG-010017
LTX-0012128,P03665,2025-05-09 09:00:00,EARN,36,36,BKG-007567
LTX-0012129,P03665,2025-06-15 09:00:00,EARN,25,61,BKG-005840
LTX-0012130,P03665,2025-06-30 09:00:00,EARN,47,108,BKG-008472
LTX-0012131,P03665,2025-07-29 09:00:00,EARN,9,117,BKG-011224
LTX-0012132,P03581,2025-06-02 09:00:00,EARN,35,35,BKG-005841
LTX-0012133,P03581,2025-07-19 09:00:00,EARN,25,60,BKG-006483
LTX-0012134,P00997,2025-01-25 09:00:00,EARN,36,36,BKG-009606
LTX-0012135,P00997,2025-06-03 09:00:00,EARN,84,120,BKG-005842
LTX-0012136,P01209,2025-05-28 09:00:00,EARN,48,48,BKG-005848
LTX-0012137,P01209,2025-12-13 09:00:00,EARN,48,96,BKG-007536
LTX-0012138,P00877,2025-03-19 09:00:00,EARN,18,18,BKG-007412
LTX-0012139,P00877,2025-06-18 09:00:00,EARN,44,62,BKG-005859
LTX-0012140,P00877,2025-06-18 18:00:00,REDEEM,-10,52,BKG-005859
LTX-0012141,P02307,2025-05-15 09:00:00,EARN,63,63,BKG-005863
LTX-0012142,P00910,2025-07-27 09:00:00,EARN,41,41,BKG-005864
LTX-0012143,P00910,2025-07-27 18:00:00,REDEEM,-30,11,BKG-005864
LTX-0012144,P00910,2025-10-23 09:00:00,EARN,34,45,BKG-007471
LTX-0012145,P00310,2025-06-30 09:00:00,EARN,19,19,BKG-005877
LTX-0012146,P02874,2025-03-29 09:00:00,EARN,22,22,BKG-008035
LTX-0012147,P02874,2025-04-04 09:00:00,EARN,62,84,BKG-007576
LTX-0012148,P02874,2025-04-04 18:00:00,REDEEM,-10,74,BKG-007576
LTX-0012149,P02874,2025-05-30 09:00:00,EARN,31,105,BKG-005879
LTX-0012150,P02874,2025-08-21 09:00:00,EARN,55,160,BKG-009564
LTX-0012151,P02874,2025-09-15 09:00:00,EARN,55,215,BKG-007408
LTX-0012152,P03679,2025-01-05 09:00:00,EARN,6,6,BKG-005884
LTX-0012153,P03679,2025-05-01 09:00:00,EARN,28,34,BKG-008723
LTX-0012154,P03679,2025-06-27 09:00:00,EARN,21,55,BKG-008787
LTX-0012155,P03679,2025-12-06 09:00:00,EARN,74,129,BKG-008907
LTX-0012156,P03679,2025-12-06 18:00:00,REDEEM,-30,99,BKG-008907
LTX-0012157,P00977,2025-02-06 09:00:00,EARN,14,14,BKG-011906
LTX-0012158,P00977,2025-05-12 09:00:00,EARN,32,46,BKG-008488
LTX-0012159,P00977,2025-05-19 09:00:00,EARN,56,102,BKG-005887
LTX-0012160,P01203,2025-02-21 09:00:00,EARN,30,30,BKG-007563
LTX-0012161,P01203,2025-07-30 09:00:00,EARN,48,78,BKG-005890
LTX-0012162,P01203,2025-11-29 09:00:00,EARN,17,95,BKG-010447
LTX-0012163,P02600,2024-12-27 09:00:00,EARN,8,8,BKG-005892
LTX-0012164,P02600,2025-01-19 09:00:00,EARN,63,71,BKG-011911
LTX-0012165,P02600,2025-03-20 09:00:00,EARN,39,110,BKG-007665
LTX-0012166,P02600,2025-06-09 09:00:00,EARN,22,132,BKG-012328
LTX-0012167,P02600,2025-06-18 09:00:00,EARN,45,177,BKG-010309
LTX-0012168,P02600,2025-10-29 09:00:00,EARN,17,194,BKG-010117
LTX-0012169,P02600,2025-11-16 09:00:00,EARN,60,254,BKG-009108
LTX-0012170,P02859,2025-02-08 09:00:00,EARN,46,46,BKG-007277
LTX-0012171,P02859,2025-02-16 09:00:00,EARN,49,95,BKG-009714
LTX-0012172,P02859,2025-03-29 09:00:00,EARN,66,161,BKG-008204
LTX-0012173,P02859,2025-10-13 09:00:00,EARN,45,206,BKG-005894
LTX-0012174,P02859,2025-11-11 09:00:00,EARN,71,277,BKG-007809
LTX-0012175,P01864,2025-07-01 09:00:00,EARN,22,22,BKG-005899
LTX-0012176,P01864,2025-10-24 09:00:00,EARN,29,51,BKG-007392
LTX-0012177,P00497,2025-01-10 09:00:00,EARN,42,42,BKG-008597
LTX-0012178,P00497,2025-05-05 09:00:00,EARN,18,60,BKG-011734
LTX-0012179,P00497,2025-06-05 09:00:00,EARN,73,133,BKG-010277
LTX-0012180,P00497,2025-06-19 09:00:00,EARN,30,163,BKG-011802
LTX-0012181,P00497,2025-09-15 09:00:00,EARN,50,213,BKG-005902
LTX-0012182,P00497,2025-09-15 18:00:00,REDEEM,-30,183,BKG-005902
LTX-0012183,P00431,2025-06-21 09:00:00,EARN,23,23,BKG-007205
LTX-0012184,P00431,2025-07-15 09:00:00,EARN,33,56,BKG-005905
LTX-0012185,P00431,2025-07-17 09:00:00,EARN,13,69,BKG-006006
LTX-0012186,P03195,2025-05-25 09:00:00,EARN,29,29,BKG-005909
LTX-0012187,P03195,2025-06-15 09:00:00,EARN,41,70,BKG-008322
LTX-0012188,P01868,2025-03-20 09:00:00,EARN,26,26,BKG-005913
LTX-0012189,P01868,2025-05-29 09:00:00,EARN,71,97,BKG-006088
LTX-0012190,P01868,2025-11-11 09:00:00,EARN,55,152,BKG-006604
LTX-0012191,P01868,2025-12-09 09:00:00,EARN,64,216,BKG-008966
LTX-0012192,P02241,2025-06-24 09:00:00,EARN,36,36,BKG-010333
LTX-0012193,P02241,2025-11-25 09:00:00,EARN,46,82,BKG-005919
LTX-0012194,P02241,2025-11-25 18:00:00,REDEEM,-20,62,BKG-005919
LTX-0012195,P02334,2025-04-03 09:00:00,EARN,43,43,BKG-009223
LTX-0012196,P02334,2025-04-03 18:00:00,REDEEM,-30,13,BKG-009223
LTX-0012197,P02334,2025-07-02 09:00:00,EARN,73,86,BKG-005931
LTX-0012198,P00663,2025-02-16 09:00:00,EARN,27,27,BKG-005936
LTX-0012199,P00663,2025-03-16 09:00:00,EARN,24,51,BKG-010765
LTX-0012200,P00663,2025-06-13 09:00:00,EARN,30,81,BKG-006765
LTX-0012201,P00663,2025-10-10 09:00:00,EARN,19,100,BKG-007688
LTX-0012202,P00663,2025-11-27 09:00:00,EARN,22,122,BKG-008898
LTX-0012203,P03144,2025-01-12 09:00:00,EARN,36,36,BKG-006397
LTX-0012204,P03144,2025-01-12 18:00:00,REDEEM,-20,16,BKG-006397
LTX-0012205,P03144,2025-05-29 09:00:00,EARN,41,57,BKG-005937
LTX-0012206,P03144,2025-10-02 09:00:00,EARN,24,81,BKG-007569
LTX-0012207,P03144,2025-11-11 09:00:00,EARN,20,101,BKG-010232
LTX-0012208,P03144,2025-11-30 09:00:00,EARN,76,177,BKG-007637
LTX-0012209,P03144,2025-11-30 18:00:00,REDEEM,-20,157,BKG-007637
LTX-0012210,P01554,2025-02-11 09:00:00,EARN,87,87,BKG-012364
LTX-0012211,P01554,2025-04-18 09:00:00,EARN,33,120,BKG-005942
LTX-0012212,P01554,2025-05-06 09:00:00,EARN,31,151,BKG-010374
LTX-0012213,P00260,2025-06-25 09:00:00,EARN,35,35,BKG-005944
LTX-0012214,P00260,2025-07-20 09:00:00,EARN,44,79,BKG-011041
LTX-0012215,P03207,2025-09-02 09:00:00,EARN,20,20,BKG-005952
LTX-0012216,P03207,2025-12-01 09:00:00,EARN,8,28,BKG-007488
LTX-0012217,P02865,2025-06-19 09:00:00,EARN,18,18,BKG-010020
LTX-0012218,P02865,2025-07-27 09:00:00,EARN,24,42,BKG-005953
LTX-0012219,P01548,2025-06-28 09:00:00,EARN,54,54,BKG-011535
LTX-0012220,P01548,2025-11-23 09:00:00,EARN,40,94,BKG-005954
LTX-0012221,P01267,2025-01-06 09:00:00,EARN,47,47,BKG-011888
LTX-0012222,P01267,2025-01-14 09:00:00,EARN,33,80,BKG-010419
LTX-0012223,P01267,2025-05-07 09:00:00,EARN,25,105,BKG-009799
LTX-0012224,P01267,2025-06-03 09:00:00,EARN,43,148,BKG-008084
LTX-0012225,P01267,2025-06-05 09:00:00,EARN,34,182,BKG-010131
LTX-0012226,P01267,2025-09-03 09:00:00,EARN,18,200,BKG-005960
LTX-0012227,P01267,2025-11-12 09:00:00,EARN,57,257,BKG-007670
LTX-0012228,P01267,2025-11-12 18:00:00,REDEEM,-10,247,BKG-007670
LTX-0012229,P00447,2025-05-28 09:00:00,EARN,79,79,BKG-005961
LTX-0012230,P01166,2025-01-01 09:00:00,EARN,48,48,BKG-007223
LTX-0012231,P01166,2025-06-06 09:00:00,EARN,37,85,BKG-005963
LTX-0012232,P03080,2025-07-12 09:00:00,EARN,39,39,BKG-005972
LTX-0012233,P00437,2025-02-13 09:00:00,EARN,45,45,BKG-006211
LTX-0012234,P00437,2025-02-13 18:00:00,REDEEM,-20,25,BKG-006211
LTX-0012235,P00437,2025-05-25 09:00:00,EARN,30,55,BKG-009100
LTX-0012236,P00437,2025-07-02 09:00:00,EARN,60,115,BKG-006577
LTX-0012237,P00437,2025-07-02 18:00:00,REDEEM,-30,85,BKG-006577
LTX-0012238,P00437,2025-10-26 09:00:00,EARN,69,154,BKG-005975
LTX-0012239,P02233,2025-02-17 09:00:00,EARN,101,101,BKG-006057
LTX-0012240,P02233,2025-04-29 09:00:00,EARN,30,131,BKG-011198
LTX-0012241,P02233,2025-06-20 09:00:00,EARN,35,166,BKG-011939
LTX-0012242,P02233,2025-08-19 09:00:00,EARN,32,198,BKG-005978
LTX-0012243,P02233,2025-12-15 09:00:00,EARN,37,235,BKG-010678
LTX-0012244,P03184,2025-02-12 09:00:00,EARN,42,42,BKG-005979
LTX-0012245,P03184,2025-02-12 18:00:00,REDEEM,-30,12,BKG-005979
LTX-0012246,P03184,2025-11-16 09:00:00,EARN,55,67,BKG-008157
LTX-0012247,P00441,2025-06-29 09:00:00,EARN,58,58,BKG-005980
LTX-0012248,P03351,2025-05-29 09:00:00,EARN,79,79,BKG-005982
LTX-0012249,P03351,2025-05-29 18:00:00,REDEEM,-10,69,BKG-005982
LTX-0012250,P03351,2025-05-31 09:00:00,EARN,43,112,BKG-009366
LTX-0012251,P01443,2025-04-15 09:00:00,EARN,32,32,BKG-007561
LTX-0012252,P01443,2025-04-15 18:00:00,REDEEM,-20,12,BKG-007561
LTX-0012253,P01443,2025-12-10 09:00:00,EARN,30,42,BKG-005984
LTX-0012254,P00419,2025-06-09 09:00:00,EARN,12,12,BKG-005985
LTX-0012255,P03109,2025-02-08 09:00:00,EARN,48,48,BKG-007103
LTX-0012256,P03109,2025-05-30 09:00:00,EARN,92,140,BKG-005987
LTX-0012257,P03109,2025-07-02 09:00:00,EARN,60,200,BKG-008754
LTX-0012258,P03109,2025-07-13 09:00:00,EARN,39,239,BKG-009438
LTX-0012259,P00725,2025-02-24 09:00:00,EARN,26,26,BKG-006908
LTX-0012260,P00725,2025-06-18 09:00:00,EARN,71,97,BKG-005990
LTX-0012261,P00725,2025-06-26 09:00:00,EARN,21,118,BKG-007175
LTX-0012262,P00725,2025-06-26 18:00:00,REDEEM,-30,88,BKG-007175
LTX-0012263,P00725,2025-06-27 09:00:00,EARN,44,132,BKG-006838
LTX-0012264,P00725,2025-11-10 09:00:00,EARN,62,194,BKG-011722
LTX-0012265,P01196,2025-05-18 09:00:00,EARN,56,56,BKG-006004
LTX-0012266,P01196,2025-06-28 09:00:00,EARN,10,66,BKG-012268
LTX-0012267,P01196,2025-09-24 09:00:00,EARN,39,105,BKG-011871
LTX-0012268,P00125,2025-01-21 09:00:00,EARN,19,19,BKG-007403
LTX-0012269,P00125,2025-06-17 09:00:00,EARN,62,81,BKG-012476
LTX-0012270,P00125,2025-06-28 09:00:00,EARN,53,134,BKG-006007
LTX-0012271,P02408,2025-06-11 09:00:00,EARN,22,22,BKG-006008
LTX-0012272,P02408,2025-11-18 09:00:00,EARN,46,68,BKG-009716
LTX-0012273,P02408,2025-11-18 18:00:00,REDEEM,-20,48,BKG-009716
LTX-0012274,P02484,2025-06-10 09:00:00,EARN,67,67,BKG-006009
LTX-0012275,P02484,2025-11-14 09:00:00,EARN,53,120,BKG-007065
LTX-0012276,P02484,2025-11-14 09:00:00,EARN,49,169,BKG-011522
LTX-0012277,P01175,2025-05-07 09:00:00,EARN,40,40,BKG-006011
LTX-0012278,P01175,2025-06-27 09:00:00,EARN,56,96,BKG-007225
LTX-0012279,P02121,2025-04-26 09:00:00,EARN,16,16,BKG-006015
LTX-0012280,P00300,2025-07-15 09:00:00,EARN,60,60,BKG-009402
LTX-0012281,P00300,2025-07-15 18:00:00,REDEEM,-20,40,BKG-009402
LTX-0012282,P00300,2025-09-17 09:00:00,EARN,42,82,BKG-006017
LTX-0012283,P00300,2025-11-24 09:00:00,EARN,79,161,BKG-012406
LTX-0012284,P03978,2025-10-06 09:00:00,EARN,42,42,BKG-006022
LTX-0012285,P03978,2025-10-24 09:00:00,EARN,18,60,BKG-012494
LTX-0012286,P03978,2025-11-19 09:00:00,EARN,24,84,BKG-006658
LTX-0012287,P03028,2025-05-13 09:00:00,EARN,71,71,BKG-008951
LTX-0012288,P03028,2025-12-07 09:00:00,EARN,78,149,BKG-006026
LTX-0012289,P03028,2025-12-07 18:00:00,REDEEM,-30,119,BKG-006026
LTX-0012290,P01988,2025-05-25 09:00:00,EARN,35,35,BKG-006031
LTX-0012291,P01988,2025-06-30 09:00:00,EARN,50,85,BKG-007312
LTX-0012292,P01988,2025-08-30 09:00:00,EARN,13,98,BKG-007526
LTX-0012293,P01988,2025-08-30 18:00:00,REDEEM,-20,78,BKG-007526
LTX-0012294,P01988,2025-11-25 09:00:00,EARN,67,145,BKG-007450
LTX-0012295,P02852,2025-07-02 09:00:00,EARN,59,59,BKG-006038
LTX-0012296,P02852,2025-07-11 09:00:00,EARN,44,103,BKG-008568
LTX-0012297,P02991,2025-06-27 09:00:00,EARN,48,48,BKG-006041
LTX-0012298,P02991,2025-08-02 09:00:00,EARN,32,80,BKG-008144
LTX-0012299,P02991,2025-08-02 18:00:00,REDEEM,-20,60,BKG-008144
LTX-0012300,P01594,2025-02-11 09:00:00,EARN,32,32,BKG-011635
LTX-0012301,P01594,2025-02-11 18:00:00,REDEEM,-10,22,BKG-011635
LTX-0012302,P01594,2025-06-15 09:00:00,EARN,38,60,BKG-009566
LTX-0012303,P01594,2025-06-23 09:00:00,EARN,41,101,BKG-006042
LTX-0012304,P01594,2025-09-18 09:00:00,EARN,37,138,BKG-012201
LTX-0012305,P01594,2025-09-18 18:00:00,REDEEM,-20,118,BKG-012201
LTX-0012306,P01594,2025-12-01 09:00:00,EARN,78,196,BKG-008762
LTX-0012307,P01480,2025-06-21 09:00:00,EARN,61,61,BKG-010536
LTX-0012308,P01480,2025-06-27 09:00:00,EARN,70,131,BKG-006044
LTX-0012309,P01480,2025-07-07 09:00:00,EARN,32,163,BKG-007282
LTX-0012310,P01480,2025-10-03 09:00:00,EARN,73,236,BKG-006562
LTX-0012311,P03402,2025-12-02 09:00:00,EARN,43,43,BKG-006047
LTX-0012312,P03402,2025-12-02 18:00:00,REDEEM,-30,13,BKG-006047
LTX-0012313,P00857,2025-05-09 09:00:00,EARN,57,57,BKG-011394
LTX-0012314,P00857,2025-05-09 18:00:00,REDEEM,-20,37,BKG-011394
LTX-0012315,P00857,2025-07-06 09:00:00,EARN,9,46,BKG-006055
LTX-0012316,P02401,2025-01-06 09:00:00,EARN,55,55,BKG-008247
LTX-0012317,P02401,2025-04-26 09:00:00,EARN,42,97,BKG-010978
LTX-0012318,P02401,2025-05-17 09:00:00,EARN,16,113,BKG-006576
LTX-0012319,P02401,2025-11-08 09:00:00,EARN,28,141,BKG-007144
LTX-0012320,P02401,2025-11-09 09:00:00,EARN,81,222,BKG-006079
LTX-0012321,P01767,2024-12-28 09:00:00,EARN,78,78,BKG-006080
LTX-0012322,P01767,2025-05-16 09:00:00,EARN,51,129,BKG-010101
LTX-0012323,P01686,2025-02-19 09:00:00,EARN,23,23,BKG-006101
LTX-0012324,P01686,2025-10-27 09:00:00,EARN,14,37,BKG-012435
LTX-0012325,P02889,2025-06-23 09:00:00,EARN,39,39,BKG-012183
LTX-0012326,P02889,2025-07-05 09:00:00,EARN,9,48,BKG-006107
LTX-0012327,P02889,2025-08-25 09:00:00,EARN,42,90,BKG-010545
LTX-0012328,P03299,2025-05-14 09:00:00,EARN,91,91,BKG-006802
LTX-0012329,P03299,2025-08-20 09:00:00,EARN,28,119,BKG-006112
LTX-0012330,P01886,2025-09-09 09:00:00,EARN,25,25,BKG-006124
LTX-0012331,P01886,2025-12-03 09:00:00,EARN,74,99,BKG-009199
LTX-0012332,P01889,2025-06-28 09:00:00,EARN,63,63,BKG-006126
LTX-0012333,P01194,2025-05-24 09:00:00,EARN,45,45,BKG-006128
LTX-0012334,P01194,2025-06-18 09:00:00,EARN,44,89,BKG-012154
LTX-0012335,P02490,2025-07-29 09:00:00,EARN,99,99,BKG-006137
LTX-0012336,P02490,2025-10-25 09:00:00,EARN,32,131,BKG-006428
LTX-0012337,P01186,2025-08-23 09:00:00,EARN,38,38,BKG-006143
LTX-0012338,P01186,2025-11-10 09:00:00,EARN,35,73,BKG-008119
LTX-0012339,P00812,2025-06-06 09:00:00,EARN,65,65,BKG-006149
LTX-0012340,P00812,2025-06-29 09:00:00,EARN,32,97,BKG-008802
LTX-0012341,P00812,2025-08-20 09:00:00,EARN,38,135,BKG-007899
LTX-0012342,P00812,2025-11-13 09:00:00,EARN,48,183,BKG-010732
LTX-0012343,P03740,2025-07-05 09:00:00,EARN,28,28,BKG-006152
LTX-0012344,P01655,2025-06-11 09:00:00,EARN,35,35,BKG-010950
LTX-0012345,P01655,2025-08-29 09:00:00,EARN,40,75,BKG-006155
LTX-0012346,P01655,2025-09-09 09:00:00,EARN,28,103,BKG-008378
LTX-0012347,P02849,2025-05-12 09:00:00,EARN,77,77,BKG-008372
LTX-0012348,P02849,2025-06-30 09:00:00,EARN,51,128,BKG-008701
LTX-0012349,P02849,2025-07-14 09:00:00,EARN,48,176,BKG-006161
LTX-0012350,P02849,2025-08-19 09:00:00,EARN,48,224,BKG-012169
LTX-0012351,P02849,2025-12-07 09:00:00,EARN,65,289,BKG-007170
LTX-0012352,P00459,2025-11-25 09:00:00,EARN,34,34,BKG-009708
LTX-0012353,P00459,2025-12-03 09:00:00,EARN,18,52,BKG-006169
LTX-0012354,P02790,2025-03-11 09:00:00,EARN,28,28,BKG-006601
LTX-0012355,P02790,2025-11-23 09:00:00,EARN,18,46,BKG-006173
LTX-0012356,P02790,2025-12-01 09:00:00,EARN,37,83,BKG-010331
LTX-0012357,P03336,2025-01-16 09:00:00,EARN,30,30,BKG-006176
LTX-0012358,P03497,2025-01-14 09:00:00,EARN,26,26,BKG-012383
LTX-0012359,P03497,2025-09-25 09:00:00,EARN,41,67,BKG-006180
LTX-0012360,P01710,2025-04-18 09:00:00,EARN,33,33,BKG-006317
LTX-0012361,P01710,2025-04-29 09:00:00,EARN,61,94,BKG-006189
LTX-0012362,P00769,2025-05-21 09:00:00,EARN,25,25,BKG-010966
LTX-0012363,P00769,2025-06-03 09:00:00,EARN,31,56,BKG-006194
LTX-0012364,P00769,2025-06-26 09:00:00,EARN,78,134,BKG-008467
LTX-0012365,P00769,2025-06-26 18:00:00,REDEEM,-10,124,BKG-008467
LTX-0012366,P01925,2025-02-11 09:00:00,EARN,15,15,BKG-006906
LTX-0012367,P01925,2025-06-15 09:00:00,EARN,21,36,BKG-009073
LTX-0012368,P01925,2025-06-15 18:00:00,REDEEM,-30,6,BKG-009073
LTX-0012369,P01925,2025-09-11 09:00:00,EARN,9,15,BKG-006195
LTX-0012370,P01384,2025-03-28 09:00:00,EARN,48,48,BKG-006204
LTX-0012371,P02441,2025-03-11 09:00:00,EARN,36,36,BKG-010569
LTX-0012372,P02441,2025-06-25 09:00:00,EARN,48,84,BKG-006205
LTX-0012373,P02441,2025-06-28 09:00:00,EARN,74,158,BKG-007209
LTX-0012374,P02441,2025-08-10 09:00:00,EARN,61,219,BKG-006625
LTX-0012375,P03683,2025-01-03 09:00:00,EARN,32,32,BKG-009429
LTX-0012376,P03683,2025-05-21 09:00:00,EARN,106,138,BKG-006207
LTX-0012377,P00296,2024-12-24 09:00:00,EARN,37,37,BKG-009388
LTX-0012378,P00296,2025-01-29 09:00:00,EARN,66,103,BKG-009516
LTX-0012379,P00296,2025-04-08 09:00:00,EARN,38,141,BKG-010964
LTX-0012380,P00296,2025-07-19 09:00:00,EARN,56,197,BKG-009624
LTX-0012381,P00296,2025-09-22 09:00:00,EARN,47,244,BKG-012410
LTX-0012382,P00296,2025-09-29 09:00:00,EARN,10,254,BKG-006210
LTX-0012383,P00296,2025-12-02 09:00:00,EARN,36,290,BKG-012464
LTX-0012384,P00704,2025-08-14 09:00:00,EARN,78,78,BKG-006215
LTX-0012385,P03232,2025-07-03 09:00:00,EARN,68,68,BKG-006216
LTX-0012386,P03232,2025-07-03 18:00:00,REDEEM,-20,48,BKG-006216
LTX-0012387,P00621,2024-12-30 09:00:00,EARN,42,42,BKG-011439
LTX-0012388,P00621,2025-06-13 09:00:00,EARN,48,90,BKG-008890
LTX-0012389,P00621,2025-10-14 09:00:00,EARN,26,116,BKG-006221
LTX-0012390,P00884,2025-06-06 09:00:00,EARN,17,17,BKG-008161
LTX-0012391,P00884,2025-06-19 09:00:00,EARN,10,27,BKG-006223
LTX-0012392,P01385,2025-01-05 09:00:00,EARN,50,50,BKG-007160
LTX-0012393,P01385,2025-03-15 09:00:00,EARN,8,58,BKG-008067
LTX-0012394,P01385,2025-09-10 09:00:00,EARN,8,66,BKG-006226
LTX-0012395,P01465,2025-02-07 09:00:00,EARN,33,33,BKG-006328
LTX-0012396,P01465,2025-02-07 18:00:00,REDEEM,-30,3,BKG-006328
LTX-0012397,P01465,2025-07-28 09:00:00,EARN,44,47,BKG-006229
LTX-0012398,P01465,2025-12-15 09:00:00,EARN,61,108,BKG-010094
LTX-0012399,P02776,2024-12-27 09:00:00,EARN,43,43,BKG-006234
LTX-0012400,P02776,2025-07-03 09:00:00,EARN,60,103,BKG-009055
LTX-0012401,P02776,2025-09-13 09:00:00,EARN,51,154,BKG-011471
LTX-0012402,P02776,2025-11-26 09:00:00,EARN,73,227,BKG-011738
LTX-0012403,P01816,2025-02-24 09:00:00,EARN,18,18,BKG-010582
LTX-0012404,P01816,2025-04-10 09:00:00,EARN,20,38,BKG-006241
LTX-0012405,P01816,2025-04-10 18:00:00,REDEEM,-30,8,BKG-006241
LTX-0012406,P01816,2025-11-27 09:00:00,EARN,7,15,BKG-008221
LTX-0012407,P02785,2024-12-17 09:00:00,EARN,24,24,BKG-011447
LTX-0012408,P02785,2025-02-03 09:00:00,EARN,13,37,BKG-006243
LTX-0012409,P02785,2025-11-25 09:00:00,EARN,30,67,BKG-008092
LTX-0012410,P02644,2025-06-17 09:00:00,EARN,26,26,BKG-006260
LTX-0012411,P02644,2025-11-29 09:00:00,EARN,59,85,BKG-008896
LTX-0012412,P02858,2025-08-12 09:00:00,EARN,36,36,BKG-006261
LTX-0012413,P00606,2025-04-13 09:00:00,EARN,46,46,BKG-006264
LTX-0012414,P00606,2025-04-13 18:00:00,REDEEM,-20,26,BKG-006264
LTX-0012415,P00606,2025-12-03 09:00:00,EARN,32,58,BKG-010134
LTX-0012416,P02421,2025-05-02 09:00:00,EARN,59,59,BKG-006274
LTX-0012417,P02421,2025-05-02 18:00:00,REDEEM,-30,29,BKG-006274
LTX-0012418,P02421,2025-08-04 09:00:00,EARN,62,91,BKG-009831
LTX-0012419,P00278,2025-03-14 09:00:00,EARN,38,38,BKG-006283
LTX-0012420,P00278,2025-06-19 09:00:00,EARN,62,100,BKG-008030
LTX-0012421,P00278,2025-11-22 09:00:00,EARN,35,135,BKG-010942
LTX-0012422,P01005,2025-05-29 09:00:00,EARN,31,31,BKG-011170
LTX-0012423,P01005,2025-07-26 09:00:00,EARN,23,54,BKG-010290
LTX-0012424,P01005,2025-12-11 09:00:00,EARN,10,64,BKG-006285
LTX-0012425,P00991,2025-03-11 09:00:00,EARN,67,67,BKG-009328
LTX-0012426,P00991,2025-05-19 09:00:00,EARN,36,103,BKG-007474
LTX-0012427,P00991,2025-09-05 09:00:00,EARN,29,132,BKG-006290
LTX-0012428,P00991,2025-09-30 09:00:00,EARN,53,185,BKG-010584
LTX-0012429,P03746,2025-04-13 09:00:00,EARN,26,26,BKG-008717
LTX-0012430,P03746,2025-05-31 09:00:00,EARN,28,54,BKG-006293
LTX-0012431,P01709,2025-05-24 09:00:00,EARN,8,8,BKG-006295
LTX-0012432,P01709,2025-09-25 09:00:00,EARN,55,63,BKG-007237
LTX-0012433,P03558,2025-05-23 09:00:00,EARN,18,18,BKG-006296
LTX-0012434,P03558,2025-06-25 09:00:00,EARN,69,87,BKG-009304
LTX-0012435,P03137,2025-06-07 09:00:00,EARN,87,87,BKG-007114
LTX-0012436,P03137,2025-06-21 09:00:00,EARN,75,162,BKG-006310
LTX-0012437,P00054,2025-07-06 09:00:00,EARN,58,58,BKG-011456
LTX-0012438,P00054,2025-07-18 09:00:00,EARN,98,156,BKG-006313
LTX-0012439,P00054,2025-11-15 09:00:00,EARN,18,174,BKG-010169
LTX-0012440,P00054,2025-12-11 09:00:00,EARN,51,225,BKG-008605
LTX-0012441,P02557,2025-03-03 09:00:00,EARN,20,20,BKG-006315
LTX-0012442,P02188,2025-01-21 09:00:00,EARN,10,10,BKG-006322
LTX-0012443,P02365,2025-07-05 09:00:00,EARN,45,45,BKG-006436
LTX-0012444,P02365,2025-11-16 09:00:00,EARN,39,84,BKG-006326
LTX-0012445,P02151,2025-07-26 09:00:00,EARN,14,14,BKG-006332
LTX-0012446,P02151,2025-12-08 09:00:00,EARN,19,33,BKG-007039
LTX-0012447,P03305,2025-03-25 09:00:00,EARN,39,39,BKG-010487
LTX-0012448,P03305,2025-11-17 09:00:00,EARN,50,89,BKG-006334
LTX-0012449,P01830,2025-03-14 09:00:00,EARN,6,6,BKG-006342
LTX-0012450,P01830,2025-06-07 09:00:00,EARN,51,57,BKG-008438
LTX-0012451,P01830,2025-07-05 09:00:00,EARN,48,105,BKG-011654
LTX-0012452,P01830,2025-09-15 09:00:00,EARN,62,167,BKG-009056
LTX-0012453,P00771,2025-01-04 09:00:00,EARN,36,36,BKG-008392
LTX-0012454,P00771,2025-05-21 09:00:00,EARN,60,96,BKG-006347
LTX-0012455,P00771,2025-10-20 09:00:00,EARN,10,106,BKG-010548
LTX-0012456,P02869,2025-01-20 09:00:00,EARN,11,11,BKG-006350
LTX-0012457,P02869,2025-11-08 09:00:00,EARN,30,41,BKG-008387
LTX-0012458,P00103,2025-11-18 09:00:00,EARN,54,54,BKG-008299
LTX-0012459,P00103,2025-11-29 09:00:00,EARN,76,130,BKG-006353
LTX-0012460,P00689,2025-09-04 09:00:00,EARN,31,31,BKG-006354
LTX-0012461,P01444,2025-01-07 09:00:00,EARN,11,11,BKG-006364
LTX-0012462,P01444,2025-01-07 18:00:00,REDEEM,-10,1,BKG-006364
LTX-0012463,P01444,2025-08-12 09:00:00,EARN,44,45,BKG-011185
LTX-0012464,P01444,2025-12-08 09:00:00,EARN,34,79,BKG-008190
LTX-0012465,P02154,2025-01-25 09:00:00,EARN,43,43,BKG-006365
LTX-0012466,P02154,2025-02-05 09:00:00,EARN,38,81,BKG-010836
LTX-0012467,P02154,2025-02-05 18:00:00,REDEEM,-30,51,BKG-010836
LTX-0012468,P02154,2025-11-12 09:00:00,EARN,58,109,BKG-009932
LTX-0012469,P02154,2025-11-12 18:00:00,REDEEM,-20,89,BKG-009932
LTX-0012470,P02243,2025-05-15 09:00:00,EARN,59,59,BKG-007873
LTX-0012471,P02243,2025-06-13 09:00:00,EARN,57,116,BKG-006368
LTX-0012472,P02243,2025-06-27 09:00:00,EARN,41,157,BKG-010976
LTX-0012473,P02766,2025-05-31 09:00:00,EARN,40,40,BKG-011342
LTX-0012474,P02766,2025-12-01 09:00:00,EARN,25,65,BKG-006371
LTX-0012475,P03101,2025-05-29 09:00:00,EARN,45,45,BKG-006389
LTX-0012476,P03101,2025-05-29 18:00:00,REDEEM,-10,35,BKG-006389
LTX-0012477,P03101,2025-08-14 09:00:00,EARN,29,64,BKG-012013
LTX-0012478,P03101,2025-08-15 09:00:00,EARN,51,115,BKG-006372
LTX-0012479,P03101,2025-08-15 18:00:00,REDEEM,-10,105,BKG-006372
LTX-0012480,P01791,2025-07-09 09:00:00,EARN,24,24,BKG-006377
LTX-0012481,P01515,2025-06-04 09:00:00,EARN,45,45,BKG-011674
LTX-0012482,P01515,2025-12-14 09:00:00,EARN,63,108,BKG-006379
LTX-0012483,P03263,2025-09-01 09:00:00,EARN,34,34,BKG-009175
LTX-0012484,P03263,2025-09-01 18:00:00,REDEEM,-30,4,BKG-009175
LTX-0012485,P03263,2025-12-17 09:00:00,EARN,76,80,BKG-006380
LTX-0012486,P02606,2025-05-29 09:00:00,EARN,25,25,BKG-008348
LTX-0012487,P02606,2025-07-02 09:00:00,EARN,50,75,BKG-007173
LTX-0012488,P02606,2025-07-06 09:00:00,EARN,11,86,BKG-006388
LTX-0012489,P02606,2025-07-06 18:00:00,REDEEM,-10,76,BKG-006388
LTX-0012490,P03986,2025-03-16 09:00:00,EARN,37,37,BKG-006609
LTX-0012491,P03986,2025-03-16 18:00:00,REDEEM,-20,17,BKG-006609
LTX-0012492,P03986,2025-06-15 09:00:00,EARN,40,57,BKG-009117
LTX-0012493,P03986,2025-10-20 09:00:00,EARN,53,110,BKG-006390
LTX-0012494,P03191,2025-02-04 09:00:00,EARN,15,15,BKG-011129
LTX-0012495,P03191,2025-03-30 09:00:00,EARN,15,30,BKG-006391
LTX-0012496,P03191,2025-10-09 09:00:00,EARN,46,76,BKG-010932
LTX-0012497,P03191,2025-11-24 09:00:00,EARN,57,133,BKG-010074
LTX-0012498,P03191,2025-12-18 09:00:00,EARN,94,227,BKG-007252
LTX-0012499,P03838,2025-01-10 09:00:00,EARN,29,29,BKG-011638
LTX-0012500,P03838,2025-04-20 09:00:00,EARN,7,36,BKG-006398
LTX-0012501,P03838,2025-11-29 09:00:00,EARN,39,75,BKG-011382
LTX-0012502,P02813,2025-05-22 09:00:00,EARN,30,30,BKG-006400
LTX-0012503,P02813,2025-06-06 09:00:00,EARN,70,100,BKG-011707
LTX-0012504,P03065,2025-02-05 09:00:00,EARN,54,54,BKG-012397
LTX-0012505,P03065,2025-06-09 09:00:00,EARN,22,76,BKG-006401
LTX-0012506,P03065,2025-11-23 09:00:00,EARN,80,156,BKG-011569
LTX-0012507,P00557,2025-05-15 09:00:00,EARN,65,65,BKG-010568
LTX-0012508,P00557,2025-07-04 09:00:00,EARN,17,82,BKG-006423
LTX-0012509,P00557,2025-11-25 09:00:00,EARN,48,130,BKG-010300
LTX-0012510,P03446,2025-07-13 09:00:00,EARN,62,62,BKG-006425
LTX-0012511,P03941,2025-06-11 09:00:00,EARN,53,53,BKG-006438
LTX-0012512,P03941,2025-09-22 09:00:00,EARN,50,103,BKG-008380
LTX-0012513,P03941,2025-11-30 09:00:00,EARN,36,139,BKG-010530
LTX-0012514,P03941,2025-11-30 18:00:00,REDEEM,-10,129,BKG-010530
LTX-0012515,P02461,2025-06-04 09:00:00,EARN,94,94,BKG-011084
LTX-0012516,P02461,2025-11-10 09:00:00,EARN,22,116,BKG-006443
LTX-0012517,P00163,2025-05-24 09:00:00,EARN,27,27,BKG-012374
LTX-0012518,P00163,2025-07-16 09:00:00,EARN,37,64,BKG-011425
LTX-0012519,P00163,2025-11-02 09:00:00,EARN,39,103,BKG-006449
LTX-0012520,P01088,2025-10-27 09:00:00,EARN,44,44,BKG-007475
LTX-0012521,P01088,2025-12-03 09:00:00,EARN,48,92,BKG-006455
LTX-0012522,P03275,2025-01-27 09:00:00,EARN,63,63,BKG-010959
LTX-0012523,P03275,2025-12-04 09:00:00,EARN,59,122,BKG-006468
LTX-0012524,P03003,2025-06-07 09:00:00,EARN,20,20,BKG-010706
LTX-0012525,P03003,2025-10-06 09:00:00,EARN,31,51,BKG-006480
LTX-0012526,P00563,2025-12-03 09:00:00,EARN,10,10,BKG-006485
LTX-0012527,P00474,2024-12-18 09:00:00,EARN,77,77,BKG-011280
LTX-0012528,P00474,2025-06-10 09:00:00,EARN,22,99,BKG-008867
LTX-0012529,P00474,2025-08-08 09:00:00,EARN,31,130,BKG-006501
LTX-0012530,P01587,2025-04-14 09:00:00,EARN,34,34,BKG-006508
LTX-0012531,P01587,2025-04-14 18:00:00,REDEEM,-30,4,BKG-006508
LTX-0012532,P01587,2025-04-28 09:00:00,EARN,42,46,BKG-008993
LTX-0012533,P01587,2025-08-15 09:00:00,EARN,53,99,BKG-011574
LTX-0012534,P01246,2025-04-08 09:00:00,EARN,45,45,BKG-006511
LTX-0012535,P01246,2025-06-03 09:00:00,EARN,54,99,BKG-007318
LTX-0012536,P01246,2025-12-01 09:00:00,EARN,27,126,BKG-012049
LTX-0012537,P00638,2025-06-09 09:00:00,EARN,42,42,BKG-011222
LTX-0012538,P00638,2025-07-12 09:00:00,EARN,68,110,BKG-006518
LTX-0012539,P00638,2025-07-12 18:00:00,REDEEM,-30,80,BKG-006518
LTX-0012540,P00638,2025-12-10 09:00:00,EARN,12,92,BKG-011091
LTX-0012541,P03099,2025-09-12 09:00:00,EARN,37,37,BKG-006523
LTX-0012542,P03099,2025-09-12 18:00:00,REDEEM,-20,17,BKG-006523
LTX-0012543,P03099,2025-12-03 09:00:00,EARN,55,72,BKG-007529
LTX-0012544,P01059,2025-03-30 09:00:00,EARN,18,18,BKG-006526
LTX-0012545,P01059,2025-10-06 09:00:00,EARN,28,46,BKG-008669
LTX-0012546,P02568,2025-03-12 09:00:00,EARN,69,69,BKG-006589
LTX-0012547,P02568,2025-07-21 09:00:00,EARN,14,83,BKG-006528
LTX-0012548,P02568,2025-09-09 09:00:00,EARN,48,131,BKG-008342
LTX-0012549,P02568,2025-10-18 09:00:00,EARN,25,156,BKG-009775
LTX-0012550,P02795,2024-12-21 09:00:00,EARN,19,19,BKG-011229
LTX-0012551,P02795,2025-10-18 09:00:00,EARN,44,63,BKG-006534
LTX-0012552,P00112,2025-11-07 09:00:00,EARN,73,73,BKG-008462
LTX-0012553,P00112,2025-11-07 18:00:00,REDEEM,-30,43,BKG-008462
LTX-0012554,P00112,2025-12-16 09:00:00,EARN,52,95,BKG-006535
LTX-0012555,P03990,2025-03-03 09:00:00,EARN,29,29,BKG-012127
LTX-0012556,P03990,2025-11-02 09:00:00,EARN,73,102,BKG-006536
LTX-0012557,P03990,2025-11-02 18:00:00,REDEEM,-30,72,BKG-006536
LTX-0012558,P02116,2025-01-05 09:00:00,EARN,27,27,BKG-006545
LTX-0012559,P02116,2025-04-08 09:00:00,EARN,36,63,BKG-008539
LTX-0012560,P02116,2025-06-16 09:00:00,EARN,40,103,BKG-012085
LTX-0012561,P02355,2025-07-17 09:00:00,EARN,62,62,BKG-006551
LTX-0012562,P02355,2025-11-04 09:00:00,EARN,38,100,BKG-011429
LTX-0012563,P00946,2025-03-24 09:00:00,EARN,31,31,BKG-008981
LTX-0012564,P00946,2025-03-24 18:00:00,REDEEM,-20,11,BKG-008981
LTX-0012565,P00946,2025-06-06 09:00:00,EARN,58,69,BKG-006553
LTX-0012566,P00795,2025-01-13 09:00:00,EARN,77,77,BKG-006555
LTX-0012567,P00795,2025-06-23 09:00:00,EARN,11,88,BKG-009131
LTX-0012568,P00795,2025-07-01 09:00:00,EARN,22,110,BKG-009810
LTX-0012569,P00795,2025-09-11 09:00:00,EARN,18,128,BKG-008593
LTX-0012570,P01720,2025-07-09 09:00:00,EARN,32,32,BKG-012039
LTX-0012571,P01720,2025-10-05 09:00:00,EARN,31,63,BKG-006558
LTX-0012572,P03278,2025-01-09 09:00:00,EARN,33,33,BKG-008201
LTX-0012573,P03278,2025-05-17 09:00:00,EARN,29,62,BKG-009038
LTX-0012574,P03278,2025-07-09 09:00:00,EARN,85,147,BKG-006569
LTX-0012575,P03278,2025-08-03 09:00:00,EARN,64,211,BKG-007840
LTX-0012576,P03278,2025-12-02 09:00:00,EARN,77,288,BKG-006726
LTX-0012577,P03278,2025-12-02 18:00:00,REDEEM,-30,258,BKG-006726
LTX-0012578,P02462,2025-11-26 09:00:00,EARN,37,37,BKG-006571
LTX-0012579,P01099,2025-01-25 09:00:00,EARN,62,62,BKG-006572
LTX-0012580,P01099,2025-06-04 09:00:00,EARN,20,82,BKG-007800
LTX-0012581,P01099,2025-12-07 09:00:00,EARN,12,94,BKG-011858
LTX-0012582,P02404,2025-02-11 09:00:00,EARN,19,19,BKG-012316
LTX-0012583,P02404,2025-05-07 09:00:00,EARN,54,73,BKG-006575
LTX-0012584,P02404,2025-05-07 18:00:00,REDEEM,-20,53,BKG-006575
LTX-0012585,P02404,2025-07-14 09:00:00,EARN,86,139,BKG-010917
LTX-0012586,P00116,2025-05-22 09:00:00,EARN,25,25,BKG-006580
LTX-0012587,P00116,2025-07-14 09:00:00,EARN,60,85,BKG-006961
LTX-0012588,P01734,2025-05-30 09:00:00,EARN,12,12,BKG-006592
LTX-0012589,P01734,2025-07-29 09:00:00,EARN,14,26,BKG-010207
LTX-0012590,P01734,2025-12-05 09:00:00,EARN,17,43,BKG-008800
LTX-0012591,P00113,2025-12-04 09:00:00,EARN,69,69,BKG-006594
LTX-0012592,P03304,2025-03-21 09:00:00,EARN,38,38,BKG-009801
LTX-0012593,P03304,2025-06-01 09:00:00,EARN,89,127,BKG-006595
LTX-0012594,P03304,2025-06-05 09:00:00,EARN,85,212,BKG-012031
LTX-0012595,P03304,2025-06-05 18:00:00,REDEEM,-20,192,BKG-012031
LTX-0012596,P03973,2025-01-25 09:00:00,EARN,53,53,BKG-010059
LTX-0012597,P03973,2025-01-25 18:00:00,REDEEM,-30,23,BKG-010059
LTX-0012598,P03973,2025-03-27 09:00:00,EARN,47,70,BKG-006597
LTX-0012599,P03973,2025-03-27 18:00:00,REDEEM,-10,60,BKG-006597
LTX-0012600,P02076,2025-04-25 09:00:00,EARN,37,37,BKG-006603
LTX-0012601,P02076,2025-05-02 09:00:00,EARN,30,67,BKG-011959
LTX-0012602,P02076,2025-12-05 09:00:00,EARN,7,74,BKG-010135
LTX-0012603,P01560,2024-12-10 09:00:00,EARN,60,60,BKG-006618
LTX-0012604,P01560,2025-06-30 09:00:00,EARN,26,86,BKG-011509
LTX-0012605,P01560,2025-07-18 09:00:00,EARN,36,122,BKG-011792
LTX-0012606,P01648,2025-05-17 09:00:00,EARN,53,53,BKG-008243
LTX-0012607,P01648,2025-06-02 09:00:00,EARN,63,116,BKG-006619
LTX-0012608,P01648,2025-10-23 09:00:00,EARN,51,167,BKG-006983
LTX-0012609,P01288,2025-06-28 09:00:00,EARN,9,9,BKG-011925
LTX-0012610,P01288,2025-12-02 09:00:00,EARN,55,64,BKG-006630
LTX-0012611,P00136,2025-02-11 09:00:00,EARN,52,52,BKG-007119
LTX-0012612,P00136,2025-10-16 09:00:00,EARN,21,73,BKG-006634
LTX-0012613,P00136,2025-11-25 09:00:00,EARN,17,90,BKG-009149
LTX-0012614,P00136,2025-11-25 18:00:00,REDEEM,-20,70,BKG-009149
LTX-0012615,P03638,2025-01-09 09:00:00,EARN,24,24,BKG-006635
LTX-0012616,P03638,2025-06-06 09:00:00,EARN,32,56,BKG-008203
LTX-0012617,P03037,2025-07-04 09:00:00,EARN,71,71,BKG-010691
LTX-0012618,P03037,2025-12-05 09:00:00,EARN,48,119,BKG-006636
LTX-0012619,P00611,2025-03-13 09:00:00,EARN,66,66,BKG-006639
LTX-0012620,P00611,2025-08-23 09:00:00,EARN,36,102,BKG-012432
LTX-0012621,P00611,2025-11-27 09:00:00,EARN,20,122,BKG-009494
LTX-0012622,P03279,2025-02-09 09:00:00,EARN,21,21,BKG-010600
LTX-0012623,P03279,2025-07-07 09:00:00,EARN,31,52,BKG-006641
LTX-0012624,P03279,2025-08-02 09:00:00,EARN,44,96,BKG-010371
LTX-0012625,P03279,2025-11-09 09:00:00,EARN,56,152,BKG-010778
LTX-0012626,P02796,2025-04-25 09:00:00,EARN,9,9,BKG-006648
LTX-0012627,P02796,2025-05-27 09:00:00,EARN,32,41,BKG-011411
LTX-0012628,P03972,2025-06-18 09:00:00,EARN,39,39,BKG-009537
LTX-0012629,P03972,2025-11-17 09:00:00,EARN,39,78,BKG-006651
LTX-0012630,P03712,2025-04-06 09:00:00,EARN,31,31,BKG-006656
LTX-0012631,P03712,2025-06-20 09:00:00,EARN,46,77,BKG-008418
LTX-0012632,P03712,2025-12-05 09:00:00,EARN,26,103,BKG-010360
LTX-0012633,P03712,2025-12-05 18:00:00,REDEEM,-10,93,BKG-010360
LTX-0012634,P00714,2025-06-05 09:00:00,EARN,10,10,BKG-006660
LTX-0012635,P01524,2025-07-15 09:00:00,EARN,61,61,BKG-010488
LTX-0012636,P01524,2025-07-15 18:00:00,REDEEM,-10,51,BKG-010488
LTX-0012637,P01524,2025-07-25 09:00:00,EARN,68,119,BKG-006662
LTX-0012638,P02203,2025-03-25 09:00:00,EARN,38,38,BKG-007155
LTX-0012639,P02203,2025-06-25 09:00:00,EARN,67,105,BKG-006667
LTX-0012640,P02100,2025-06-16 09:00:00,EARN,54,54,BKG-006674
LTX-0012641,P02100,2025-06-16 18:00:00,REDEEM,-20,34,BKG-006674
LTX-0012642,P02100,2025-11-29 09:00:00,EARN,65,99,BKG-012304
LTX-0012643,P01418,2025-08-27 09:00:00,EARN,70,70,BKG-011173
LTX-0012644,P01418,2025-11-26 09:00:00,EARN,33,103,BKG-006678
LTX-0012645,P03877,2025-10-24 09:00:00,EARN,63,63,BKG-006680
LTX-0012646,P00201,2025-05-30 09:00:00,EARN,49,49,BKG-007559
LTX-0012647,P00201,2025-05-30 18:00:00,REDEEM,-30,19,BKG-007559
LTX-0012648,P00201,2025-06-15 09:00:00,EARN,70,89,BKG-006681
LTX-0012649,P00201,2025-11-12 09:00:00,EARN,37,126,BKG-011313
LTX-0012650,P01307,2025-06-23 09:00:00,EARN,58,58,BKG-009796
LTX-0012651,P01307,2025-06-23 18:00:00,REDEEM,-30,28,BKG-009796
LTX-0012652,P01307,2025-09-08 09:00:00,EARN,45,73,BKG-006698
LTX-0012653,P01311,2025-02-22 09:00:00,EARN,89,89,BKG-006704
LTX-0012654,P03297,2025-07-29 09:00:00,EARN,50,50,BKG-007253
LTX-0012655,P03297,2025-12-12 09:00:00,EARN,75,125,BKG-006705
LTX-0012656,P02147,2025-04-06 09:00:00,EARN,36,36,BKG-011844
LTX-0012657,P02147,2025-04-14 09:00:00,EARN,10,46,BKG-009798
LTX-0012658,P02147,2025-06-17 09:00:00,EARN,11,57,BKG-006706
LTX-0012659,P02147,2025-10-23 09:00:00,EARN,45,102,BKG-007404
LTX-0012660,P01356,2025-06-12 09:00:00,EARN,22,22,BKG-006709
LTX-0012661,P01842,2025-11-24 09:00:00,EARN,26,26,BKG-006713
LTX-0012662,P01842,2025-11-24 18:00:00,REDEEM,-20,6,BKG-006713
LTX-0012663,P01581,2025-10-26 09:00:00,EARN,36,36,BKG-006714
LTX-0012664,P03198,2025-06-17 09:00:00,EARN,30,30,BKG-009592
LTX-0012665,P03198,2025-10-06 09:00:00,EARN,26,56,BKG-006716
LTX-0012666,P02032,2025-07-03 09:00:00,EARN,45,45,BKG-009263
LTX-0012667,P02032,2025-11-02 09:00:00,EARN,65,110,BKG-011391
LTX-0012668,P02032,2025-11-14 09:00:00,EARN,30,140,BKG-006727
LTX-0012669,P02032,2025-12-16 09:00:00,EARN,39,179,BKG-012267
LTX-0012670,P00768,2025-02-23 09:00:00,EARN,59,59,BKG-007387
LTX-0012671,P00768,2025-05-19 09:00:00,EARN,33,92,BKG-006729
LTX-0012672,P00768,2025-12-07 09:00:00,EARN,17,109,BKG-010467
LTX-0012673,P03300,2025-02-28 09:00:00,EARN,78,78,BKG-009333
LTX-0012674,P03300,2025-07-07 09:00:00,EARN,32,110,BKG-006993
LTX-0012675,P03300,2025-11-09 09:00:00,EARN,28,138,BKG-006734
LTX-0012676,P00506,2025-09-18 09:00:00,EARN,59,59,BKG-007764
LTX-0012677,P00506,2025-10-27 09:00:00,EARN,33,92,BKG-009378
LTX-0012678,P00506,2025-12-06 09:00:00,EARN,67,159,BKG-006738
LTX-0012679,P03956,2025-05-28 09:00:00,EARN,52,52,BKG-009630
LTX-0012680,P03956,2025-07-19 09:00:00,EARN,59,111,BKG-011164
LTX-0012681,P03956,2025-08-26 09:00:00,EARN,24,135,BKG-006742
LTX-0012682,P03956,2025-12-16 09:00:00,EARN,30,165,BKG-010650
LTX-0012683,P03135,2025-01-13 09:00:00,EARN,35,35,BKG-009909
LTX-0012684,P03135,2025-06-08 09:00:00,EARN,58,93,BKG-006752
LTX-0012685,P00194,2025-09-25 09:00:00,EARN,29,29,BKG-011153
LTX-0012686,P00194,2025-11-29 09:00:00,EARN,46,75,BKG-006755
LTX-0012687,P00194,2025-11-29 18:00:00,REDEEM,-20,55,BKG-006755
LTX-0012688,P02185,2025-05-20 09:00:00,EARN,8,8,BKG-009264
LTX-0012689,P02185,2025-06-21 09:00:00,EARN,41,49,BKG-006763
LTX-0012690,P02185,2025-06-21 18:00:00,REDEEM,-20,29,BKG-006763
LTX-0012691,P01722,2025-06-10 09:00:00,EARN,30,30,BKG-007753
LTX-0012692,P01722,2025-09-18 09:00:00,EARN,18,48,BKG-011705
LTX-0012693,P01722,2025-11-12 09:00:00,EARN,71,119,BKG-006783
LTX-0012694,P03487,2025-01-16 09:00:00,EARN,42,42,BKG-011656
LTX-0012695,P03487,2025-05-02 09:00:00,EARN,30,72,BKG-008549
LTX-0012696,P03487,2025-05-18 09:00:00,EARN,7,79,BKG-006787
LTX-0012697,P00518,2025-06-12 09:00:00,EARN,54,54,BKG-011508
LTX-0012698,P00518,2025-11-23 09:00:00,EARN,60,114,BKG-006790
LTX-0012699,P00020,2025-02-25 09:00:00,EARN,42,42,BKG-012057
LTX-0012700,P00020,2025-02-25 18:00:00,REDEEM,-20,22,BKG-012057
LTX-0012701,P00020,2025-05-23 09:00:00,EARN,53,75,BKG-006798
LTX-0012702,P00020,2025-05-23 18:00:00,REDEEM,-30,45,BKG-006798
LTX-0012703,P00020,2025-12-10 09:00:00,EARN,54,99,BKG-009283
LTX-0012704,P02419,2025-06-10 09:00:00,EARN,29,29,BKG-006805
LTX-0012705,P02419,2025-07-04 09:00:00,EARN,57,86,BKG-009017
LTX-0012706,P03416,2025-03-29 09:00:00,EARN,45,45,BKG-009247
LTX-0012707,P03416,2025-09-19 09:00:00,EARN,58,103,BKG-006809
LTX-0012708,P03200,2025-02-06 09:00:00,EARN,56,56,BKG-006811
LTX-0012709,P03200,2025-07-17 09:00:00,EARN,46,102,BKG-009709
LTX-0012710,P01221,2025-05-15 09:00:00,EARN,26,26,BKG-006814
LTX-0012711,P01221,2025-11-09 09:00:00,EARN,52,78,BKG-008688
LTX-0012712,P01221,2025-11-29 09:00:00,EARN,67,145,BKG-012256
LTX-0012713,P01221,2025-12-19 09:00:00,EARN,81,226,BKG-008888
LTX-0012714,P01627,2025-02-18 09:00:00,EARN,23,23,BKG-010182
LTX-0012715,P01627,2025-03-10 09:00:00,EARN,25,48,BKG-007575
LTX-0012716,P01627,2025-05-26 09:00:00,EARN,27,75,BKG-009106
LTX-0012717,P01627,2025-08-09 09:00:00,EARN,30,105,BKG-006818
LTX-0012718,P01769,2025-08-30 09:00:00,EARN,9,9,BKG-006820
LTX-0012719,P01769,2025-11-06 09:00:00,EARN,65,74,BKG-010736
LTX-0012720,P03401,2025-05-11 09:00:00,EARN,34,34,BKG-010991
LTX-0012721,P03401,2025-05-28 09:00:00,EARN,28,62,BKG-012030
LTX-0012722,P03401,2025-06-21 09:00:00,EARN,36,98,BKG-006835
LTX-0012723,P03904,2025-03-19 09:00:00,EARN,36,36,BKG-010363
LTX-0012724,P03904,2025-05-23 09:00:00,EARN,51,87,BKG-006840
LTX-0012725,P03904,2025-07-04 09:00:00,EARN,59,146,BKG-011332
LTX-0012726,P03904,2025-07-04 18:00:00,REDEEM,-20,126,BKG-011332
LTX-0012727,P03904,2025-08-04 09:00:00,EARN,53,179,BKG-009629
LTX-0012728,P03784,2025-02-12 09:00:00,EARN,47,47,BKG-012367
LTX-0012729,P03784,2025-10-20 09:00:00,EARN,50,97,BKG-006842
LTX-0012730,P03784,2025-11-24 09:00:00,EARN,29,126,BKG-008173
LTX-0012731,P03550,2025-01-28 09:00:00,EARN,39,39,BKG-009172
LTX-0012732,P03550,2025-04-25 09:00:00,EARN,57,96,BKG-006846
LTX-0012733,P01142,2025-05-23 09:00:00,EARN,23,23,BKG-006882
LTX-0012734,P01509,2025-02-23 09:00:00,EARN,46,46,BKG-009084
LTX-0012735,P01509,2025-06-03 09:00:00,EARN,9,55,BKG-009754
LTX-0012736,P01509,2025-07-16 09:00:00,EARN,57,112,BKG-006891
LTX-0012737,P02374,2025-02-17 09:00:00,EARN,36,36,BKG-007777
LTX-0012738,P02374,2025-05-31 09:00:00,EARN,77,113,BKG-007829
LTX-0012739,P02374,2025-05-31 18:00:00,REDEEM,-10,103,BKG-007829
LTX-0012740,P02374,2025-06-04 09:00:00,EARN,67,170,BKG-008004
LTX-0012741,P02374,2025-09-27 09:00:00,EARN,36,206,BKG-010947
LTX-0012742,P02374,2025-10-11 09:00:00,EARN,84,290,BKG-006900
LTX-0012743,P00647,2025-05-01 09:00:00,EARN,45,45,BKG-010100
LTX-0012744,P00647,2025-12-03 09:00:00,EARN,80,125,BKG-006905
LTX-0012745,P02983,2025-11-25 09:00:00,EARN,46,46,BKG-006919
LTX-0012746,P02721,2025-05-14 09:00:00,EARN,77,77,BKG-006922
LTX-0012747,P02721,2025-07-20 09:00:00,EARN,68,145,BKG-008626
LTX-0012748,P02721,2025-09-16 09:00:00,EARN,71,216,BKG-011423
LTX-0012749,P02721,2025-12-09 09:00:00,EARN,71,287,BKG-010631
LTX-0012750,P00315,2025-03-01 09:00:00,EARN,54,54,BKG-006929
LTX-0012751,P00315,2025-09-29 09:00:00,EARN,105,159,BKG-010354
LTX-0012752,P03805,2025-09-04 09:00:00,EARN,46,46,BKG-006932
LTX-0012753,P02812,2025-11-10 09:00:00,EARN,61,61,BKG-006933
LTX-0012754,P02512,2025-02-25 09:00:00,EARN,37,37,BKG-006944
LTX-0012755,P02512,2025-02-25 18:00:00,REDEEM,-10,27,BKG-006944
LTX-0012756,P03424,2024-12-22 09:00:00,EARN,28,28,BKG-010652
LTX-0012757,P03424,2025-06-21 09:00:00,EARN,33,61,BKG-006948
LTX-0012758,P03424,2025-11-17 09:00:00,EARN,25,86,BKG-007142
LTX-0012759,P02499,2025-07-20 09:00:00,EARN,16,16,BKG-006958
LTX-0012760,P02499,2025-11-01 09:00:00,EARN,26,42,BKG-010295
LTX-0012761,P02499,2025-12-02 09:00:00,EARN,41,83,BKG-008899
LTX-0012762,P03646,2024-12-29 09:00:00,EARN,15,15,BKG-006964
LTX-0012763,P03646,2025-02-03 09:00:00,EARN,38,53,BKG-008502
LTX-0012764,P03646,2025-06-15 09:00:00,EARN,17,70,BKG-007758
LTX-0012765,P03646,2025-09-20 09:00:00,EARN,50,120,BKG-010124
LTX-0012766,P03646,2025-11-23 09:00:00,EARN,62,182,BKG-007831
LTX-0012767,P02855,2025-10-04 09:00:00,EARN,63,63,BKG-007585
LTX-0012768,P02855,2025-10-11 09:00:00,EARN,20,83,BKG-006965
LTX-0012769,P02855,2025-11-26 09:00:00,EARN,37,120,BKG-008618
LTX-0012770,P02855,2025-12-15 09:00:00,EARN,63,183,BKG-012225
LTX-0012771,P00146,2025-05-09 09:00:00,EARN,70,70,BKG-006974
LTX-0012772,P00146,2025-06-17 09:00:00,EARN,18,88,BKG-010820
LTX-0012773,P02862,2025-05-14 09:00:00,EARN,42,42,BKG-009034
LTX-0012774,P02862,2025-06-07 09:00:00,EARN,62,104,BKG-010174
LTX-0012775,P02862,2025-08-27 09:00:00,EARN,57,161,BKG-012163
LTX-0012776,P02862,2025-10-27 09:00:00,EARN,42,203,BKG-006984
LTX-0012777,P02862,2025-11-10 09:00:00,EARN,26,229,BKG-008636
LTX-0012778,P02862,2025-11-16 09:00:00,EARN,22,251,BKG-008140
LTX-0012779,P03831,2025-03-16 09:00:00,EARN,76,76,BKG-008003
LTX-0012780,P03831,2025-07-06 09:00:00,EARN,22,98,BKG-006987
LTX-0012781,P03831,2025-07-20 09:00:00,EARN,56,154,BKG-012271
LTX-0012782,P01808,2025-03-04 09:00:00,EARN,23,23,BKG-006998
LTX-0012783,P02833,2025-05-26 09:00:00,EARN,18,18,BKG-007000
LTX-0012784,P02833,2025-05-26 18:00:00,REDEEM,-10,8,BKG-007000
LTX-0012785,P02833,2025-06-08 09:00:00,EARN,28,36,BKG-008020
LTX-0012786,P02833,2025-08-10 09:00:00,EARN,42,78,BKG-011950
LTX-0012787,P01183,2025-06-01 09:00:00,EARN,78,78,BKG-008474
LTX-0012788,P01183,2025-10-31 09:00:00,EARN,36,114,BKG-007001
LTX-0012789,P02677,2025-05-12 09:00:00,EARN,31,31,BKG-007006
LTX-0012790,P02677,2025-06-23 09:00:00,EARN,9,40,BKG-008012
LTX-0012791,P02677,2025-08-06 09:00:00,EARN,82,122,BKG-009574
LTX-0012792,P02677,2025-11-15 09:00:00,EARN,50,172,BKG-007793
LTX-0012793,P03807,2025-02-26 09:00:00,EARN,31,31,BKG-009484
LTX-0012794,P03807,2025-05-16 09:00:00,EARN,96,127,BKG-012227
LTX-0012795,P03807,2025-07-01 09:00:00,EARN,83,210,BKG-007883
LTX-0012796,P03807,2025-11-24 09:00:00,EARN,12,222,BKG-007009
LTX-0012797,P03807,2025-11-24 18:00:00,REDEEM,-20,202,BKG-007009
LTX-0012798,P00922,2025-05-11 09:00:00,EARN,72,72,BKG-007012
LTX-0012799,P00922,2025-05-11 09:00:00,EARN,62,134,BKG-011903
LTX-0012800,P00319,2025-02-12 09:00:00,EARN,60,60,BKG-011130
LTX-0012801,P00319,2025-12-02 09:00:00,EARN,72,132,BKG-007016
LTX-0012802,P00319,2025-12-05 09:00:00,EARN,32,164,BKG-007948
LTX-0012803,P01819,2025-01-09 09:00:00,EARN,34,34,BKG-007042
LTX-0012804,P01819,2025-08-18 09:00:00,EARN,36,70,BKG-007019
LTX-0012805,P01819,2025-08-18 18:00:00,REDEEM,-30,40,BKG-007019
LTX-0012806,P01819,2025-09-14 09:00:00,EARN,14,54,BKG-010192
LTX-0012807,P01048,2024-12-26 09:00:00,EARN,20,20,BKG-009896
LTX-0012808,P01048,2025-06-27 09:00:00,EARN,67,87,BKG-007651
LTX-0012809,P01048,2025-08-30 09:00:00,EARN,28,115,BKG-008428
LTX-0012810,P01048,2025-08-30 18:00:00,REDEEM,-30,85,BKG-008428
LTX-0012811,P01048,2025-11-24 09:00:00,EARN,29,114,BKG-007023
LTX-0012812,P01048,2025-11-25 09:00:00,EARN,76,190,BKG-008365
LTX-0012813,P01054,2025-04-21 09:00:00,EARN,23,23,BKG-010874
LTX-0012814,P01054,2025-05-05 09:00:00,EARN,55,78,BKG-007027
LTX-0012815,P01054,2025-05-30 09:00:00,EARN,71,149,BKG-010791
LTX-0012816,P01054,2025-11-15 09:00:00,EARN,65,214,BKG-007693
LTX-0012817,P01054,2025-11-28 09:00:00,EARN,48,262,BKG-009615
LTX-0012818,P00372,2025-04-04 09:00:00,EARN,15,15,BKG-007031
LTX-0012819,P00372,2025-11-29 09:00:00,EARN,22,37,BKG-008290
LTX-0012820,P00372,2025-12-03 09:00:00,EARN,73,110,BKG-011909
LTX-0012821,P01147,2025-05-27 09:00:00,EARN,83,83,BKG-008995
LTX-0012822,P01147,2025-05-27 18:00:00,REDEEM,-10,73,BKG-008995
LTX-0012823,P01147,2025-06-08 09:00:00,EARN,58,131,BKG-007033
LTX-0012824,P01147,2025-09-23 09:00:00,EARN,23,154,BKG-011136
LTX-0012825,P01147,2025-09-23 18:00:00,REDEEM,-10,144,BKG-011136
LTX-0012826,P01147,2025-10-12 09:00:00,EARN,10,154,BKG-007854
LTX-0012827,P01147,2025-11-25 09:00:00,EARN,72,226,BKG-010039
LTX-0012828,P00936,2025-06-03 09:00:00,EARN,47,47,BKG-009931
LTX-0012829,P00936,2025-06-10 09:00:00,EARN,30,77,BKG-010846
LTX-0012830,P00936,2025-06-22 09:00:00,EARN,42,119,BKG-007035
LTX-0012831,P00936,2025-11-23 09:00:00,EARN,53,172,BKG-011559
LTX-0012832,P00936,2025-11-23 18:00:00,REDEEM,-30,142,BKG-011559
LTX-0012833,P03500,2025-04-28 09:00:00,EARN,25,25,BKG-007036
LTX-0012834,P03500,2025-07-20 09:00:00,EARN,47,72,BKG-008212
LTX-0012835,P01380,2024-12-10 09:00:00,EARN,50,50,BKG-012110
LTX-0012836,P01380,2025-05-01 09:00:00,EARN,43,93,BKG-007037
LTX-0012837,P01380,2025-05-16 09:00:00,EARN,44,137,BKG-010210
LTX-0012838,P02591,2025-06-26 09:00:00,EARN,25,25,BKG-007043
LTX-0012839,P02591,2025-06-26 18:00:00,REDEEM,-20,5,BKG-007043
LTX-0012840,P01738,2025-06-04 09:00:00,EARN,58,58,BKG-007050
LTX-0012841,P01738,2025-07-28 09:00:00,EARN,30,88,BKG-012015
LTX-0012842,P01738,2025-08-03 09:00:00,EARN,41,129,BKG-010557
LTX-0012843,P03352,2025-05-22 09:00:00,EARN,26,26,BKG-007056
LTX-0012844,P03352,2025-06-25 09:00:00,EARN,32,58,BKG-012069
LTX-0012845,P03352,2025-11-25 09:00:00,EARN,60,118,BKG-010373
LTX-0012846,P01724,2025-11-09 09:00:00,EARN,48,48,BKG-007070
LTX-0012847,P03961,2025-04-29 09:00:00,EARN,96,96,BKG-007080
LTX-0012848,P03961,2025-06-18 09:00:00,EARN,18,114,BKG-008632
LTX-0012849,P03961,2025-10-16 09:00:00,EARN,42,156,BKG-009755
LTX-0012850,P00601,2025-06-13 09:00:00,EARN,56,56,BKG-007084
LTX-0012851,P02705,2025-02-04 09:00:00,EARN,8,8,BKG-007086
LTX-0012852,P02705,2025-03-15 09:00:00,EARN,44,52,BKG-007518
LTX-0012853,P02705,2025-05-14 09:00:00,EARN,32,84,BKG-012179
LTX-0012854,P02705,2025-07-20 09:00:00,EARN,51,135,BKG-009835
LTX-0012855,P01177,2025-09-01 09:00:00,EARN,11,11,BKG-007091
LTX-0012856,P01177,2025-10-22 09:00:00,EARN,37,48,BKG-007525
LTX-0012857,P03409,2025-02-09 09:00:00,EARN,34,34,BKG-008744
LTX-0012858,P03409,2025-02-20 09:00:00,EARN,28,62,BKG-007340
LTX-0012859,P03409,2025-03-18 09:00:00,EARN,65,127,BKG-007093
LTX-0012860,P00355,2025-03-23 09:00:00,EARN,34,34,BKG-008627
LTX-0012861,P00355,2025-05-29 09:00:00,EARN,90,124,BKG-008460
LTX-0012862,P00355,2025-05-29 18:00:00,REDEEM,-20,104,BKG-008460
LTX-0012863,P00355,2025-11-25 09:00:00,EARN,71,175,BKG-007101
LTX-0012864,P03032,2025-08-23 09:00:00,EARN,15,15,BKG-007109
LTX-0012865,P00408,2025-06-13 09:00:00,EARN,32,32,BKG-007111
LTX-0012866,P00526,2025-01-21 09:00:00,EARN,21,21,BKG-007124
LTX-0012867,P00526,2025-05-30 09:00:00,EARN,83,104,BKG-010692
LTX-0012868,P00526,2025-05-30 18:00:00,REDEEM,-10,94,BKG-010692
LTX-0012869,P00526,2025-06-22 09:00:00,EARN,70,164,BKG-011479
LTX-0012870,P00526,2025-06-22 18:00:00,REDEEM,-20,144,BKG-011479
LTX-0012871,P00526,2025-07-03 09:00:00,EARN,51,195,BKG-009099
LTX-0012872,P00684,2025-12-06 09:00:00,EARN,64,64,BKG-007126
LTX-0012873,P00684,2025-12-06 18:00:00,REDEEM,-20,44,BKG-007126
LTX-0012874,P01083,2025-07-02 09:00:00,EARN,37,37,BKG-007128
LTX-0012875,P01673,2025-06-11 09:00:00,EARN,36,36,BKG-011338
LTX-0012876,P01673,2025-07-12 09:00:00,EARN,31,67,BKG-007132
LTX-0012877,P03181,2025-07-03 09:00:00,EARN,22,22,BKG-007134
LTX-0012878,P03960,2024-12-19 09:00:00,EARN,69,69,BKG-007140
LTX-0012879,P03960,2025-06-26 09:00:00,EARN,35,104,BKG-010414
LTX-0012880,P02701,2025-06-01 09:00:00,EARN,61,61,BKG-007141
LTX-0012881,P02701,2025-06-25 09:00:00,EARN,18,79,BKG-009305
LTX-0012882,P02701,2025-08-06 09:00:00,EARN,44,123,BKG-011874
LTX-0012883,P01251,2025-06-07 09:00:00,EARN,70,70,BKG-007145
LTX-0012884,P01251,2025-07-11 09:00:00,EARN,16,86,BKG-010201
LTX-0012885,P01251,2025-11-08 09:00:00,EARN,63,149,BKG-012433
LTX-0012886,P01251,2025-11-29 09:00:00,EARN,33,182,BKG-012202
LTX-0012887,P00699,2025-06-20 09:00:00,EARN,36,36,BKG-007153
LTX-0012888,P02515,2025-06-28 09:00:00,EARN,61,61,BKG-007158
LTX-0012889,P03125,2025-01-02 09:00:00,EARN,64,64,BKG-007516
LTX-0012890,P03125,2025-05-01 09:00:00,EARN,45,109,BKG-007159
LTX-0012891,P01795,2025-04-17 09:00:00,EARN,37,37,BKG-007463
LTX-0012892,P01795,2025-06-04 09:00:00,EARN,36,73,BKG-007355
LTX-0012893,P01795,2025-06-06 09:00:00,EARN,76,149,BKG-007162
LTX-0012894,P01795,2025-07-04 09:00:00,EARN,57,206,BKG-010092
LTX-0012895,P01795,2025-09-19 09:00:00,EARN,77,283,BKG-011731
LTX-0012896,P03106,2025-02-14 09:00:00,EARN,47,47,BKG-007163
LTX-0012897,P03661,2025-02-07 09:00:00,EARN,15,15,BKG-009602
LTX-0012898,P03661,2025-02-26 09:00:00,EARN,72,87,BKG-007167
LTX-0012899,P03661,2025-04-25 09:00:00,EARN,43,130,BKG-007869
LTX-0012900,P02883,2025-05-21 09:00:00,EARN,24,24,BKG-007168
LTX-0012901,P02883,2025-08-14 09:00:00,EARN,29,53,BKG-009414
LTX-0012902,P02883,2025-10-07 09:00:00,EARN,39,92,BKG-012019
LTX-0012903,P02883,2025-10-07 18:00:00,REDEEM,-20,72,BKG-012019
LTX-0012904,P00392,2024-12-30 09:00:00,EARN,56,56,BKG-007171
LTX-0012905,P02453,2024-12-30 09:00:00,EARN,25,25,BKG-009473
LTX-0012906,P02453,2025-07-01 09:00:00,EARN,35,60,BKG-007172
LTX-0012907,P02453,2025-09-21 09:00:00,EARN,41,101,BKG-011507
LTX-0012908,P00410,2025-06-17 09:00:00,EARN,9,9,BKG-011385
LTX-0012909,P00410,2025-10-15 09:00:00,EARN,40,49,BKG-007174
LTX-0012910,P00410,2025-12-06 09:00:00,EARN,9,58,BKG-010215
LTX-0012911,P01601,2025-02-06 09:00:00,EARN,66,66,BKG-007188
LTX-0012912,P01914,2025-06-04 09:00:00,EARN,28,28,BKG-012384
LTX-0012913,P01914,2025-06-27 09:00:00,EARN,68,96,BKG-007195
LTX-0012914,P01388,2025-03-15 09:00:00,EARN,44,44,BKG-009110
LTX-0012915,P01388,2025-05-04 09:00:00,EARN,57,101,BKG-011159
LTX-0012916,P01388,2025-05-23 09:00:00,EARN,40,141,BKG-009207
LTX-0012917,P01388,2025-05-29 09:00:00,EARN,100,241,BKG-007201
LTX-0012918,P01388,2025-09-23 09:00:00,EARN,46,287,BKG-007966
LTX-0012919,P00828,2025-03-25 09:00:00,EARN,60,60,BKG-007203
LTX-0012920,P00828,2025-11-26 09:00:00,EARN,38,98,BKG-010823
LTX-0012921,P00024,2025-05-30 09:00:00,EARN,20,20,BKG-007206
LTX-0012922,P00024,2025-08-06 09:00:00,EARN,40,60,BKG-009214
LTX-0012923,P00024,2025-12-12 09:00:00,EARN,49,109,BKG-010234
LTX-0012924,P01857,2025-04-12 09:00:00,EARN,22,22,BKG-007208
LTX-0012925,P01857,2025-05-08 09:00:00,EARN,37,59,BKG-009727
LTX-0012926,P00254,2025-10-14 09:00:00,EARN,29,29,BKG-007211
LTX-0012927,P03899,2025-06-16 09:00:00,EARN,79,79,BKG-011653
LTX-0012928,P03899,2025-06-20 09:00:00,EARN,122,201,BKG-007220
LTX-0012929,P03899,2025-08-29 09:00:00,EARN,48,249,BKG-012216
LTX-0012930,P03479,2025-02-17 09:00:00,EARN,42,42,BKG-010993
LTX-0012931,P03479,2025-02-17 18:00:00,REDEEM,-10,32,BKG-010993
LTX-0012932,P03479,2025-05-21 09:00:00,EARN,64,96,BKG-007224
LTX-0012933,P03479,2025-07-15 09:00:00,EARN,60,156,BKG-009505
LTX-0012934,P03479,2025-07-20 09:00:00,EARN,99,255,BKG-011374
LTX-0012935,P02477,2025-07-08 09:00:00,EARN,38,38,BKG-007238
LTX-0012936,P02477,2025-07-08 18:00:00,REDEEM,-10,28,BKG-007238
LTX-0012937,P02477,2025-12-08 09:00:00,EARN,81,109,BKG-011879
LTX-0012938,P02379,2025-04-04 09:00:00,EARN,28,28,BKG-007239
LTX-0012939,P02379,2025-05-16 09:00:00,EARN,26,54,BKG-010512
LTX-0012940,P02379,2025-06-13 09:00:00,EARN,19,73,BKG-009407
LTX-0012941,P02379,2025-06-13 18:00:00,REDEEM,-10,63,BKG-009407
LTX-0012942,P00908,2025-01-26 09:00:00,EARN,40,40,BKG-007246
LTX-0012943,P00908,2025-01-26 18:00:00,REDEEM,-20,20,BKG-007246
LTX-0012944,P02871,2025-03-12 09:00:00,EARN,17,17,BKG-008978
LTX-0012945,P02871,2025-08-03 09:00:00,EARN,35,52,BKG-007256
LTX-0012946,P01297,2025-04-03 09:00:00,EARN,93,93,BKG-007260
LTX-0012947,P01297,2025-04-27 09:00:00,EARN,64,157,BKG-009070
LTX-0012948,P01297,2025-08-26 09:00:00,EARN,55,212,BKG-010891
LTX-0012949,P03152,2025-04-11 09:00:00,EARN,16,16,BKG-009899
LTX-0012950,P03152,2025-05-23 09:00:00,EARN,43,59,BKG-007261
LTX-0012951,P02165,2025-02-04 09:00:00,EARN,36,36,BKG-012042
LTX-0012952,P02165,2025-04-04 09:00:00,EARN,32,68,BKG-007265
LTX-0012953,P02165,2025-05-27 09:00:00,EARN,81,149,BKG-009745
LTX-0012954,P02165,2025-07-10 09:00:00,EARN,24,173,BKG-008931
LTX-0012955,P02165,2025-07-10 18:00:00,REDEEM,-20,153,BKG-008931
LTX-0012956,P02165,2025-11-24 09:00:00,EARN,43,196,BKG-007609
LTX-0012957,P00785,2025-04-27 09:00:00,EARN,50,50,BKG-007269
LTX-0012958,P03560,2025-08-24 09:00:00,EARN,25,25,BKG-007280
LTX-0012959,P03560,2025-08-31 09:00:00,EARN,36,61,BKG-008623
LTX-0012960,P03560,2025-10-07 09:00:00,EARN,8,69,BKG-009173
LTX-0012961,P03157,2025-01-31 09:00:00,EARN,14,14,BKG-010058
LTX-0012962,P03157,2025-02-17 09:00:00,EARN,30,44,BKG-007572
LTX-0012963,P03157,2025-04-20 09:00:00,EARN,39,83,BKG-010291
LTX-0012964,P03157,2025-04-22 09:00:00,EARN,30,113,BKG-007487
LTX-0012965,P03157,2025-12-19 09:00:00,EARN,72,185,BKG-007284
LTX-0012966,P02211,2025-06-14 09:00:00,EARN,44,44,BKG-007285
LTX-0012967,P00085,2025-02-15 09:00:00,EARN,49,49,BKG-007286
LTX-0012968,P00085,2025-05-12 09:00:00,EARN,53,102,BKG-011589
LTX-0012969,P00085,2025-08-11 09:00:00,EARN,33,135,BKG-008592
LTX-0012970,P01474,2025-04-16 09:00:00,EARN,25,25,BKG-007295
LTX-0012971,P01474,2025-06-05 09:00:00,EARN,25,50,BKG-007352
LTX-0012972,P01474,2025-06-19 09:00:00,EARN,54,104,BKG-011226
LTX-0012973,P01474,2025-08-10 09:00:00,EARN,42,146,BKG-009850
LTX-0012974,P03666,2025-02-15 09:00:00,EARN,16,16,BKG-007297
LTX-0012975,P03708,2025-06-01 09:00:00,EARN,57,57,BKG-007308
LTX-0012976,P03708,2025-12-05 09:00:00,EARN,33,90,BKG-007503
LTX-0012977,P03492,2025-05-18 09:00:00,EARN,38,38,BKG-007322
LTX-0012978,P03492,2025-06-26 09:00:00,EARN,15,53,BKG-011116
LTX-0012979,P00927,2025-06-28 09:00:00,EARN,10,10,BKG-012161
LTX-0012980,P00927,2025-08-03 09:00:00,EARN,69,79,BKG-011325
LTX-0012981,P00927,2025-10-26 09:00:00,EARN,62,141,BKG-007326
LTX-0012982,P00927,2025-11-18 09:00:00,EARN,47,188,BKG-012446
LTX-0012983,P03129,2025-06-04 09:00:00,EARN,35,35,BKG-007327
LTX-0012984,P01494,2025-03-03 09:00:00,EARN,31,31,BKG-007328
LTX-0012985,P01494,2025-10-27 09:00:00,EARN,34,65,BKG-009664
LTX-0012986,P01494,2025-11-23 09:00:00,EARN,72,137,BKG-008066
LTX-0012987,P02302,2025-01-07 09:00:00,EARN,16,16,BKG-008580
LTX-0012988,P02302,2025-07-03 09:00:00,EARN,56,72,BKG-007329
LTX-0012989,P03697,2025-07-05 09:00:00,EARN,93,93,BKG-007334
LTX-0012990,P03697,2025-12-05 09:00:00,EARN,63,156,BKG-008514
LTX-0012991,P03255,2025-06-07 09:00:00,EARN,34,34,BKG-007335
LTX-0012992,P01486,2025-05-29 09:00:00,EARN,65,65,BKG-008279
LTX-0012993,P01486,2025-07-04 09:00:00,EARN,20,85,BKG-007336
LTX-0012994,P00545,2025-04-25 09:00:00,EARN,50,50,BKG-009599
LTX-0012995,P00545,2025-04-25 18:00:00,REDEEM,-20,30,BKG-009599
LTX-0012996,P00545,2025-09-12 09:00:00,EARN,46,76,BKG-007339
LTX-0012997,P01784,2025-05-30 09:00:00,EARN,47,47,BKG-007346
LTX-0012998,P01784,2025-06-14 09:00:00,EARN,9,56,BKG-011534
LTX-0012999,P03525,2025-03-07 09:00:00,EARN,40,40,BKG-007358
LTX-0013000,P03525,2025-04-27 09:00:00,EARN,86,126,BKG-012062
LTX-0013001,P03525,2025-05-23 09:00:00,EARN,64,190,BKG-008897
LTX-0013002,P02481,2025-07-07 09:00:00,EARN,41,41,BKG-007887
LTX-0013003,P02481,2025-10-10 09:00:00,EARN,34,75,BKG-007371
LTX-0013004,P02413,2025-02-06 09:00:00,EARN,69,69,BKG-007375
LTX-0013005,P02413,2025-02-17 09:00:00,EARN,24,93,BKG-010553
LTX-0013006,P02413,2025-10-11 09:00:00,EARN,28,121,BKG-008962
LTX-0013007,P02413,2025-10-11 18:00:00,REDEEM,-10,111,BKG-008962
LTX-0013008,P00360,2025-08-26 09:00:00,EARN,36,36,BKG-007377
LTX-0013009,P00360,2025-08-26 18:00:00,REDEEM,-20,16,BKG-007377
LTX-0013010,P00123,2025-09-28 09:00:00,EARN,26,26,BKG-007380
LTX-0013011,P03829,2025-02-13 09:00:00,EARN,8,8,BKG-011351
LTX-0013012,P03829,2025-03-07 09:00:00,EARN,32,40,BKG-007447
LTX-0013013,P03829,2025-03-07 18:00:00,REDEEM,-30,10,BKG-007447
LTX-0013014,P03829,2025-03-10 09:00:00,EARN,34,44,BKG-008176
LTX-0013015,P03829,2025-09-13 09:00:00,EARN,57,101,BKG-007381
LTX-0013016,P02867,2025-04-20 09:00:00,EARN,25,25,BKG-007388
LTX-0013017,P01430,2025-05-09 09:00:00,EARN,32,32,BKG-007389
LTX-0013018,P01430,2025-05-13 09:00:00,EARN,21,53,BKG-008645
LTX-0013019,P01430,2025-06-06 09:00:00,EARN,62,115,BKG-010510
LTX-0013020,P01430,2025-12-21 09:00:00,EARN,80,195,BKG-009503
LTX-0013021,P01430,2025-12-21 09:00:00,EARN,71,266,BKG-009543
LTX-0013022,P02281,2025-03-17 09:00:00,EARN,34,34,BKG-009885
LTX-0013023,P02281,2025-04-06 09:00:00,EARN,43,77,BKG-007393
LTX-0013024,P02281,2025-05-11 09:00:00,EARN,26,103,BKG-009763
LTX-0013025,P02281,2025-06-16 09:00:00,EARN,10,113,BKG-012053
LTX-0013026,P02281,2025-06-16 18:00:00,REDEEM,-10,103,BKG-012053
LTX-0013027,P00955,2025-10-28 09:00:00,EARN,60,60,BKG-010745
LTX-0013028,P00955,2025-11-26 09:00:00,EARN,37,97,BKG-007400
LTX-0013029,P01139,2025-06-07 09:00:00,EARN,63,63,BKG-007976
LTX-0013030,P01139,2025-12-11 09:00:00,EARN,76,139,BKG-007401
LTX-0013031,P02294,2025-04-10 09:00:00,EARN,20,20,BKG-011694
LTX-0013032,P02294,2025-10-26 09:00:00,EARN,40,60,BKG-010880
LTX-0013033,P02294,2025-11-09 09:00:00,EARN,46,106,BKG-007407
LTX-0013034,P03058,2025-02-06 09:00:00,EARN,60,60,BKG-008746
LTX-0013035,P03058,2025-04-03 09:00:00,EARN,44,104,BKG-009844
LTX-0013036,P03058,2025-06-17 09:00:00,EARN,67,171,BKG-007421
LTX-0013037,P03058,2025-06-17 18:00:00,REDEEM,-30,141,BKG-007421
LTX-0013038,P03058,2025-08-24 09:00:00,EARN,32,173,BKG-010450
LTX-0013039,P02009,2025-10-11 09:00:00,EARN,38,38,BKG-007423
LTX-0013040,P03259,2025-04-03 09:00:00,EARN,41,41,BKG-008208
LTX-0013041,P03259,2025-04-03 18:00:00,REDEEM,-20,21,BKG-008208
LTX-0013042,P03259,2025-05-11 09:00:00,EARN,8,29,BKG-007438
LTX-0013043,P03259,2025-06-28 09:00:00,EARN,62,91,BKG-009875
LTX-0013044,P03259,2025-09-21 09:00:00,EARN,41,132,BKG-007968
LTX-0013045,P00632,2025-06-30 09:00:00,EARN,34,34,BKG-007448
LTX-0013046,P00632,2025-11-08 09:00:00,EARN,45,79,BKG-008085
LTX-0013047,P00632,2025-12-06 09:00:00,EARN,43,122,BKG-010460
LTX-0013048,P03594,2025-08-27 09:00:00,EARN,42,42,BKG-007451
LTX-0013049,P00475,2025-07-03 09:00:00,EARN,54,54,BKG-007452
LTX-0013050,P00675,2025-07-08 09:00:00,EARN,75,75,BKG-007453
LTX-0013051,P00774,2025-05-26 09:00:00,EARN,50,50,BKG-007454
LTX-0013052,P01806,2025-03-23 09:00:00,EARN,47,47,BKG-007462
LTX-0013053,P02433,2025-05-03 09:00:00,EARN,22,22,BKG-008693
LTX-0013054,P02433,2025-07-02 09:00:00,EARN,43,65,BKG-007468
LTX-0013055,P02433,2025-10-14 09:00:00,EARN,56,121,BKG-007502
LTX-0013056,P02433,2025-10-14 18:00:00,REDEEM,-20,101,BKG-007502
LTX-0013057,P01693,2025-08-24 09:00:00,EARN,77,77,BKG-007480
LTX-0013058,P03670,2025-03-14 09:00:00,EARN,36,36,BKG-011623
LTX-0013059,P03670,2025-09-23 09:00:00,EARN,68,104,BKG-007481
LTX-0013060,P03670,2025-11-17 09:00:00,EARN,44,148,BKG-009320
LTX-0013061,P02727,2025-02-21 09:00:00,EARN,54,54,BKG-007492
LTX-0013062,P02727,2025-06-20 09:00:00,EARN,107,161,BKG-009023
LTX-0013063,P02815,2025-01-05 09:00:00,EARN,30,30,BKG-007500
LTX-0013064,P02815,2025-01-05 18:00:00,REDEEM,-30,0,BKG-007500
LTX-0013065,P02815,2025-02-24 09:00:00,EARN,31,31,BKG-011887
LTX-0013066,P02815,2025-03-26 09:00:00,EARN,33,64,BKG-010415
LTX-0013067,P02815,2025-03-26 18:00:00,REDEEM,-10,54,BKG-010415
LTX-0013068,P00169,2025-07-06 09:00:00,EARN,46,46,BKG-007501
LTX-0013069,P00169,2025-11-09 09:00:00,EARN,46,92,BKG-012302
LTX-0013070,P00304,2025-07-17 09:00:00,EARN,56,56,BKG-007505
LTX-0013071,P00341,2025-04-06 09:00:00,EARN,20,20,BKG-011797
LTX-0013072,P00341,2025-10-01 09:00:00,EARN,54,74,BKG-007508
LTX-0013073,P02539,2025-03-22 09:00:00,EARN,60,60,BKG-011379
LTX-0013074,P02539,2025-03-22 18:00:00,REDEEM,-30,30,BKG-011379
LTX-0013075,P02539,2025-04-28 09:00:00,EARN,58,88,BKG-007509
LTX-0013076,P02539,2025-05-01 09:00:00,EARN,35,123,BKG-009991
LTX-0013077,P00646,2025-10-20 09:00:00,EARN,86,86,BKG-009571
LTX-0013078,P00646,2025-12-03 09:00:00,EARN,75,161,BKG-007515
LTX-0013079,P00332,2025-02-01 09:00:00,EARN,8,8,BKG-007517
LTX-0013080,P00773,2025-02-23 09:00:00,EARN,16,16,BKG-007519
LTX-0013081,P00773,2025-04-22 09:00:00,EARN,33,49,BKG-010353
LTX-0013082,P00773,2025-10-06 09:00:00,EARN,50,99,BKG-012280
LTX-0013083,P00773,2025-11-11 09:00:00,EARN,11,110,BKG-010051
LTX-0013084,P00363,2025-04-14 09:00:00,EARN,33,33,BKG-008457
LTX-0013085,P00363,2025-04-14 18:00:00,REDEEM,-20,13,BKG-008457
LTX-0013086,P00363,2025-06-13 09:00:00,EARN,68,81,BKG-007527
LTX-0013087,P00363,2025-09-27 09:00:00,EARN,57,138,BKG-010717
LTX-0013088,P03383,2025-02-08 09:00:00,EARN,27,27,BKG-011733
LTX-0013089,P03383,2025-11-05 09:00:00,EARN,73,100,BKG-007540
LTX-0013090,P03383,2025-11-05 18:00:00,REDEEM,-30,70,BKG-007540
LTX-0013091,P03383,2025-12-04 09:00:00,EARN,56,126,BKG-008207
LTX-0013092,P00794,2025-02-06 09:00:00,EARN,32,32,BKG-007541
LTX-0013093,P00794,2025-03-12 09:00:00,EARN,22,54,BKG-011752
LTX-0013094,P00794,2025-08-31 09:00:00,EARN,6,60,BKG-012475
LTX-0013095,P01150,2025-03-06 09:00:00,EARN,26,26,BKG-012368
LTX-0013096,P01150,2025-03-06 18:00:00,REDEEM,-20,6,BKG-012368
LTX-0013097,P01150,2025-05-25 09:00:00,EARN,68,74,BKG-007542
LTX-0013098,P02084,2025-05-13 09:00:00,EARN,28,28,BKG-007547
LTX-0013099,P00387,2025-06-07 09:00:00,EARN,41,41,BKG-007548
LTX-0013100,P00387,2025-08-20 09:00:00,EARN,39,80,BKG-012351
LTX-0013101,P02039,2025-02-18 09:00:00,EARN,21,21,BKG-011243
LTX-0013102,P02039,2025-02-25 09:00:00,EARN,29,50,BKG-007550
LTX-0013103,P02039,2025-05-14 09:00:00,EARN,61,111,BKG-010662
LTX-0013104,P00089,2025-03-13 09:00:00,EARN,59,59,BKG-007554
LTX-0013105,P00089,2025-09-13 09:00:00,EARN,46,105,BKG-008699
LTX-0013106,P00089,2025-09-13 18:00:00,REDEEM,-20,85,BKG-008699
LTX-0013107,P00002,2025-01-24 09:00:00,EARN,8,8,BKG-007584
LTX-0013108,P00002,2025-06-30 09:00:00,EARN,70,78,BKG-008483
LTX-0013109,P00002,2025-07-06 09:00:00,EARN,53,131,BKG-009805
LTX-0013110,P00002,2025-11-14 09:00:00,EARN,38,169,BKG-008666
LTX-0013111,P01772,2025-06-17 09:00:00,EARN,15,15,BKG-007590
LTX-0013112,P01191,2024-12-19 09:00:00,EARN,18,18,BKG-007594
LTX-0013113,P01191,2025-01-13 09:00:00,EARN,13,31,BKG-008554
LTX-0013114,P01191,2025-09-17 09:00:00,EARN,36,67,BKG-008879
LTX-0013115,P01191,2025-09-17 18:00:00,REDEEM,-10,57,BKG-008879
LTX-0013116,P01191,2025-12-06 09:00:00,EARN,54,111,BKG-009157
LTX-0013117,P02012,2025-01-18 09:00:00,EARN,45,45,BKG-007600
LTX-0013118,P00217,2025-06-13 09:00:00,EARN,67,67,BKG-007612
LTX-0013119,P01413,2025-05-20 09:00:00,EARN,29,29,BKG-007615
LTX-0013120,P01413,2025-05-21 09:00:00,EARN,21,50,BKG-010167
LTX-0013121,P03422,2025-09-14 09:00:00,EARN,25,25,BKG-007627
LTX-0013122,P03081,2025-05-07 09:00:00,EARN,46,46,BKG-007630
LTX-0013123,P01902,2025-03-14 09:00:00,EARN,56,56,BKG-009892
LTX-0013124,P01902,2025-06-21 09:00:00,EARN,61,117,BKG-007632
LTX-0013125,P01902,2025-06-21 18:00:00,REDEEM,-30,87,BKG-007632
LTX-0013126,P02205,2025-01-25 09:00:00,EARN,69,69,BKG-011664
LTX-0013127,P02205,2025-05-15 09:00:00,EARN,32,101,BKG-007641
LTX-0013128,P02205,2025-05-15 18:00:00,REDEEM,-20,81,BKG-007641
LTX-0013129,P02205,2025-06-09 09:00:00,EARN,11,92,BKG-009052
LTX-0013130,P02205,2025-06-18 09:00:00,EARN,12,104,BKG-011629
LTX-0013131,P02205,2025-11-03 09:00:00,EARN,18,122,BKG-012486
LTX-0013132,P00863,2025-12-15 09:00:00,EARN,53,53,BKG-007646
LTX-0013133,P00247,2025-05-23 09:00:00,EARN,36,36,BKG-010474
LTX-0013134,P00247,2025-07-02 09:00:00,EARN,41,77,BKG-007672
LTX-0013135,P03293,2025-06-06 09:00:00,EARN,18,18,BKG-009063
LTX-0013136,P03293,2025-10-16 09:00:00,EARN,26,44,BKG-007685
LTX-0013137,P03686,2025-01-26 09:00:00,EARN,14,14,BKG-007692
LTX-0013138,P03686,2025-02-02 09:00:00,EARN,88,102,BKG-008276
LTX-0013139,P00449,2025-03-20 09:00:00,EARN,58,58,BKG-010780
LTX-0013140,P00449,2025-05-16 09:00:00,EARN,56,114,BKG-007697
LTX-0013141,P00449,2025-06-28 09:00:00,EARN,72,186,BKG-009557
LTX-0013142,P02526,2025-12-03 09:00:00,EARN,33,33,BKG-007698
LTX-0013143,P02635,2025-06-13 09:00:00,EARN,22,22,BKG-011624
LTX-0013144,P02635,2025-06-16 09:00:00,EARN,65,87,BKG-011180
LTX-0013145,P02635,2025-06-16 18:00:00,REDEEM,-20,67,BKG-011180
LTX-0013146,P02635,2025-07-30 09:00:00,EARN,18,85,BKG-007705
LTX-0013147,P03569,2025-05-16 09:00:00,EARN,20,20,BKG-012278
LTX-0013148,P03569,2025-05-27 09:00:00,EARN,42,62,BKG-007707
LTX-0013149,P03569,2025-07-04 09:00:00,EARN,22,84,BKG-010509
LTX-0013150,P01789,2025-06-05 09:00:00,EARN,65,65,BKG-007712
LTX-0013151,P00019,2025-06-07 09:00:00,EARN,44,44,BKG-007713
LTX-0013152,P01929,2024-12-26 09:00:00,EARN,26,26,BKG-011708
LTX-0013153,P01929,2025-06-03 09:00:00,EARN,36,62,BKG-007997
LTX-0013154,P01929,2025-06-15 09:00:00,EARN,51,113,BKG-009585
LTX-0013155,P01929,2025-06-15 18:00:00,REDEEM,-20,93,BKG-009585
LTX-0013156,P01929,2025-08-20 09:00:00,EARN,80,173,BKG-007715
LTX-0013157,P03381,2025-04-11 09:00:00,EARN,27,27,BKG-010989
LTX-0013158,P03381,2025-04-11 18:00:00,REDEEM,-20,7,BKG-010989
LTX-0013159,P03381,2025-11-06 09:00:00,EARN,52,59,BKG-007717
LTX-0013160,P03381,2025-11-06 18:00:00,REDEEM,-30,29,BKG-007717
LTX-0013161,P02267,2025-01-17 09:00:00,EARN,9,9,BKG-007719
LTX-0013162,P02267,2025-08-16 09:00:00,EARN,47,56,BKG-007780
LTX-0013163,P00937,2024-12-12 09:00:00,EARN,60,60,BKG-009846
LTX-0013164,P00937,2025-05-14 09:00:00,EARN,64,124,BKG-007725
LTX-0013165,P00937,2025-05-29 09:00:00,EARN,72,196,BKG-009258
LTX-0013166,P00937,2025-12-10 09:00:00,EARN,38,234,BKG-010041
LTX-0013167,P01873,2025-07-21 09:00:00,EARN,39,39,BKG-007728
LTX-0013168,P01873,2025-12-14 09:00:00,EARN,75,114,BKG-011227
LTX-0013169,P01873,2025-12-14 18:00:00,REDEEM,-10,104,BKG-011227
LTX-0013170,P02403,2025-08-25 09:00:00,EARN,19,19,BKG-011513
LTX-0013171,P02403,2025-10-02 09:00:00,EARN,37,56,BKG-007729
LTX-0013172,P02620,2025-12-01 09:00:00,EARN,91,91,BKG-007730
LTX-0013173,P02485,2025-06-28 09:00:00,EARN,48,48,BKG-007814
LTX-0013174,P02485,2025-10-12 09:00:00,EARN,51,99,BKG-007740
LTX-0013175,P02985,2025-05-13 09:00:00,EARN,57,57,BKG-007750
LTX-0013176,P02985,2025-06-09 09:00:00,EARN,54,111,BKG-009075
LTX-0013177,P03637,2025-10-06 09:00:00,EARN,48,48,BKG-007751
LTX-0013178,P02977,2025-02-15 09:00:00,EARN,79,79,BKG-011228
LTX-0013179,P02977,2025-12-03 09:00:00,EARN,7,86,BKG-007759
LTX-0013180,P01531,2025-03-21 09:00:00,EARN,51,51,BKG-008654
LTX-0013181,P01531,2025-05-20 09:00:00,EARN,55,106,BKG-007767
LTX-0013182,P01238,2025-05-19 09:00:00,EARN,38,38,BKG-007771
LTX-0013183,P01238,2025-05-19 18:00:00,REDEEM,-10,28,BKG-007771
LTX-0013184,P00779,2025-01-22 09:00:00,EARN,45,45,BKG-007785
LTX-0013185,P01544,2025-01-25 09:00:00,EARN,14,14,BKG-011239
LTX-0013186,P01544,2025-01-29 09:00:00,EARN,56,70,BKG-009478
LTX-0013187,P01544,2025-04-26 09:00:00,EARN,24,94,BKG-010988
LTX-0013188,P01544,2025-11-25 09:00:00,EARN,58,152,BKG-007788
LTX-0013189,P03443,2024-12-18 09:00:00,EARN,25,25,BKG-010746
LTX-0013190,P03443,2025-03-31 09:00:00,EARN,37,62,BKG-007796
LTX-0013191,P03443,2025-04-23 09:00:00,EARN,29,91,BKG-011993
LTX-0013192,P03443,2025-06-09 09:00:00,EARN,42,133,BKG-011055
LTX-0013193,P03443,2025-06-25 09:00:00,EARN,37,170,BKG-011023
LTX-0013194,P03443,2025-07-13 09:00:00,EARN,38,208,BKG-010141
LTX-0013195,P02728,2025-10-07 09:00:00,EARN,44,44,BKG-007798
LTX-0013196,P02728,2025-10-26 09:00:00,EARN,19,63,BKG-009620
LTX-0013197,P02669,2025-10-06 09:00:00,EARN,42,42,BKG-007801
LTX-0013198,P00763,2025-06-13 09:00:00,EARN,44,44,BKG-007803
LTX-0013199,P02715,2025-06-09 09:00:00,EARN,82,82,BKG-007817
LTX-0013200,P02715,2025-07-16 09:00:00,EARN,48,130,BKG-011892
LTX-0013201,P00827,2025-06-14 09:00:00,EARN,25,25,BKG-007820
LTX-0013202,P02056,2025-05-10 09:00:00,EARN,48,48,BKG-007833
LTX-0013203,P02056,2025-05-14 09:00:00,EARN,84,132,BKG-010375
LTX-0013204,P02521,2025-03-14 09:00:00,EARN,39,39,BKG-007839
LTX-0013205,P03425,2025-06-21 09:00:00,EARN,65,65,BKG-007841
LTX-0013206,P02698,2025-06-22 09:00:00,EARN,57,57,BKG-007844
LTX-0013207,P01944,2024-12-31 09:00:00,EARN,32,32,BKG-009786
LTX-0013208,P01944,2025-06-12 09:00:00,EARN,25,57,BKG-011464
LTX-0013209,P01944,2025-07-15 09:00:00,EARN,89,146,BKG-007851
LTX-0013210,P01944,2025-07-15 18:00:00,REDEEM,-10,136,BKG-007851
LTX-0013211,P01944,2025-11-08 09:00:00,EARN,88,224,BKG-009530
LTX-0013212,P02890,2025-07-01 09:00:00,EARN,68,68,BKG-007853
LTX-0013213,P02780,2025-05-10 09:00:00,EARN,68,68,BKG-007855
LTX-0013214,P02780,2025-05-13 09:00:00,EARN,72,140,BKG-010181
LTX-0013215,P02780,2025-10-26 09:00:00,EARN,22,162,BKG-010366
LTX-0013216,P03636,2025-01-16 09:00:00,EARN,50,50,BKG-007857
LTX-0013217,P03636,2025-06-07 09:00:00,EARN,100,150,BKG-010687
LTX-0013218,P03636,2025-06-07 18:00:00,REDEEM,-10,140,BKG-010687
LTX-0013219,P02758,2025-09-10 09:00:00,EARN,60,60,BKG-007859
LTX-0013220,P01029,2025-10-27 09:00:00,EARN,25,25,BKG-007866
LTX-0013221,P03606,2025-04-05 09:00:00,EARN,41,41,BKG-009746
LTX-0013222,P03606,2025-06-30 09:00:00,EARN,39,80,BKG-007876
LTX-0013223,P03606,2025-08-31 09:00:00,EARN,51,131,BKG-010317
LTX-0013224,P02944,2025-03-16 09:00:00,EARN,72,72,BKG-007885
LTX-0013225,P00758,2025-06-05 09:00:00,EARN,22,22,BKG-007893
LTX-0013226,P03861,2025-07-13 09:00:00,EARN,12,12,BKG-009526
LTX-0013227,P03861,2025-08-26 09:00:00,EARN,61,73,BKG-007900
LTX-0013228,P03726,2025-03-13 09:00:00,EARN,36,36,BKG-007904
LTX-0013229,P03726,2025-06-09 09:00:00,EARN,33,69,BKG-008624
LTX-0013230,P00412,2025-01-01 09:00:00,EARN,13,13,BKG-007920
LTX-0013231,P02460,2025-02-26 09:00:00,EARN,55,55,BKG-012221
LTX-0013232,P02460,2025-07-19 09:00:00,EARN,43,98,BKG-007922
LTX-0013233,P02460,2025-07-24 09:00:00,EARN,17,115,BKG-011890
LTX-0013234,P02460,2025-07-24 18:00:00,REDEEM,-30,85,BKG-011890
LTX-0013235,P02027,2024-12-16 09:00:00,EARN,18,18,BKG-011930
LTX-0013236,P02027,2025-06-21 09:00:00,EARN,56,74,BKG-007923
LTX-0013237,P00978,2025-07-25 09:00:00,EARN,38,38,BKG-007924
LTX-0013238,P00978,2025-08-17 09:00:00,EARN,23,61,BKG-009633
LTX-0013239,P00954,2025-06-25 09:00:00,EARN,73,73,BKG-010114
LTX-0013240,P00954,2025-12-12 09:00:00,EARN,84,157,BKG-007957
LTX-0013241,P00954,2025-12-16 09:00:00,EARN,51,208,BKG-011021
LTX-0013242,P00954,2025-12-16 18:00:00,REDEEM,-20,188,BKG-011021
LTX-0013243,P03641,2025-05-22 09:00:00,EARN,34,34,BKG-007960
LTX-0013244,P02052,2025-07-16 09:00:00,EARN,37,37,BKG-007962
LTX-0013245,P02052,2025-09-08 09:00:00,EARN,10,47,BKG-009051
LTX-0013246,P00759,2025-10-18 09:00:00,EARN,55,55,BKG-007965
LTX-0013247,P00407,2025-08-15 09:00:00,EARN,8,8,BKG-007971
LTX-0013248,P02905,2025-10-25 09:00:00,EARN,34,34,BKG-007978
LTX-0013249,P01961,2025-06-13 09:00:00,EARN,89,89,BKG-007986
LTX-0013250,P01961,2025-07-15 09:00:00,EARN,65,154,BKG-009091
LTX-0013251,P01961,2025-12-15 09:00:00,EARN,60,214,BKG-009974
LTX-0013252,P03905,2025-07-07 09:00:00,EARN,51,51,BKG-011369
LTX-0013253,P03905,2025-11-18 09:00:00,EARN,59,110,BKG-007993
LTX-0013254,P02791,2025-01-20 09:00:00,EARN,43,43,BKG-008025
LTX-0013255,P02791,2025-09-05 09:00:00,EARN,12,55,BKG-011426
LTX-0013256,P03816,2025-06-02 09:00:00,EARN,28,28,BKG-008031
LTX-0013257,P03271,2025-09-22 09:00:00,EARN,26,26,BKG-008034
LTX-0013258,P00598,2025-05-11 09:00:00,EARN,55,55,BKG-008037
LTX-0013259,P00929,2025-11-29 09:00:00,EARN,25,25,BKG-008041
LTX-0013260,P00929,2025-12-19 09:00:00,EARN,23,48,BKG-011730
LTX-0013261,P03006,2025-02-23 09:00:00,EARN,37,37,BKG-008043
LTX-0013262,P03953,2025-01-19 09:00:00,EARN,56,56,BKG-009700
LTX-0013263,P03953,2025-04-05 09:00:00,EARN,69,125,BKG-008054
LTX-0013264,P03657,2025-01-04 09:00:00,EARN,22,22,BKG-008062
LTX-0013265,P03657,2025-02-23 09:00:00,EARN,73,95,BKG-012349
LTX-0013266,P03657,2025-05-18 09:00:00,EARN,44,139,BKG-010151
LTX-0013267,P03657,2025-12-05 09:00:00,EARN,20,159,BKG-012492
LTX-0013268,P00029,2025-03-25 09:00:00,EARN,42,42,BKG-008063
LTX-0013269,P00948,2025-11-10 09:00:00,EARN,57,57,BKG-008073
LTX-0013270,P02937,2025-05-18 09:00:00,EARN,61,61,BKG-011652
LTX-0013271,P02937,2025-06-19 09:00:00,EARN,94,155,BKG-008851
LTX-0013272,P02937,2025-06-23 09:00:00,EARN,48,203,BKG-008074
LTX-0013273,P00588,2025-02-01 09:00:00,EARN,44,44,BKG-011526
LTX-0013274,P00588,2025-07-11 09:00:00,EARN,12,56,BKG-008075
LTX-0013275,P02934,2025-11-05 09:00:00,EARN,8,8,BKG-008078
LTX-0013276,P02469,2025-10-18 09:00:00,EARN,30,30,BKG-008088
LTX-0013277,P02836,2025-12-09 09:00:00,EARN,25,25,BKG-008095
LTX-0013278,P02836,2025-12-09 18:00:00,REDEEM,-20,5,BKG-008095
LTX-0013279,P03644,2025-07-14 09:00:00,EARN,16,16,BKG-008099
LTX-0013280,P00824,2025-11-15 09:00:00,EARN,19,19,BKG-008100
LTX-0013281,P02770,2025-06-09 09:00:00,EARN,11,11,BKG-009158
LTX-0013282,P02770,2025-11-14 09:00:00,EARN,67,78,BKG-012198
LTX-0013283,P02770,2025-12-08 09:00:00,EARN,66,144,BKG-008102
LTX-0013284,P03218,2025-01-19 09:00:00,EARN,28,28,BKG-011794
LTX-0013285,P03218,2025-07-05 09:00:00,EARN,50,78,BKG-008316
LTX-0013286,P03218,2025-11-04 09:00:00,EARN,25,103,BKG-008104
LTX-0013287,P03218,2025-11-22 09:00:00,EARN,43,146,BKG-008843
LTX-0013288,P00015,2025-03-29 09:00:00,EARN,60,60,BKG-008108
LTX-0013289,P00925,2025-05-19 09:00:00,EARN,60,60,BKG-009021
LTX-0013290,P00925,2025-07-25 09:00:00,EARN,40,100,BKG-011183
LTX-0013291,P00925,2025-08-03 09:00:00,EARN,23,123,BKG-008111
LTX-0013292,P00925,2025-12-08 09:00:00,EARN,12,135,BKG-011821
LTX-0013293,P01365,2025-10-03 09:00:00,EARN,14,14,BKG-011613
LTX-0013294,P01365,2025-12-02 09:00:00,EARN,78,92,BKG-008117
LTX-0013295,P00135,2025-02-04 09:00:00,EARN,23,23,BKG-011344
LTX-0013296,P00135,2025-04-11 09:00:00,EARN,44,67,BKG-008139
LTX-0013297,P00135,2025-04-11 18:00:00,REDEEM,-20,47,BKG-008139
LTX-0013298,P00871,2025-06-23 09:00:00,EARN,54,54,BKG-008153
LTX-0013299,P02771,2025-06-09 09:00:00,EARN,36,36,BKG-010654
LTX-0013300,P02771,2025-06-25 09:00:00,EARN,70,106,BKG-008158
LTX-0013301,P02771,2025-11-27 09:00:00,EARN,60,166,BKG-008757
LTX-0013302,P00799,2025-05-25 09:00:00,EARN,49,49,BKG-008612
LTX-0013303,P00799,2025-08-29 09:00:00,EARN,16,65,BKG-010157
LTX-0013304,P00799,2025-11-17 09:00:00,EARN,10,75,BKG-008165
LTX-0013305,P01291,2025-05-20 09:00:00,EARN,31,31,BKG-008180
LTX-0013306,P01291,2025-10-31 09:00:00,EARN,36,67,BKG-010325
LTX-0013307,P01603,2025-06-13 09:00:00,EARN,73,73,BKG-008185
LTX-0013308,P01368,2025-06-05 09:00:00,EARN,44,44,BKG-008194
LTX-0013309,P01368,2025-06-05 18:00:00,REDEEM,-20,24,BKG-008194
LTX-0013310,P01256,2024-12-30 09:00:00,EARN,23,23,BKG-011258
LTX-0013311,P01256,2025-06-02 09:00:00,EARN,59,82,BKG-010382
LTX-0013312,P01256,2025-06-02 18:00:00,REDEEM,-10,72,BKG-010382
LTX-0013313,P01256,2025-06-07 09:00:00,EARN,61,133,BKG-012378
LTX-0013314,P01256,2025-06-10 09:00:00,EARN,52,185,BKG-010264
LTX-0013315,P01256,2025-06-10 18:00:00,REDEEM,-10,175,BKG-010264
LTX-0013316,P01256,2025-07-04 09:00:00,EARN,75,250,BKG-008217
LTX-0013317,P01256,2025-08-30 09:00:00,EARN,44,294,BKG-011201
LTX-0013318,P01256,2025-10-26 09:00:00,EARN,28,322,BKG-012493
LTX-0013319,P01215,2025-04-23 09:00:00,EARN,37,37,BKG-008987
LTX-0013320,P01215,2025-08-17 09:00:00,EARN,18,55,BKG-008223
LTX-0013321,P01215,2025-08-18 09:00:00,EARN,10,65,BKG-009736
LTX-0013322,P02725,2025-05-28 09:00:00,EARN,43,43,BKG-008224
LTX-0013323,P03069,2025-06-24 09:00:00,EARN,41,41,BKG-008226
LTX-0013324,P03069,2025-11-02 09:00:00,EARN,62,103,BKG-011179
LTX-0013325,P00600,2025-06-06 09:00:00,EARN,45,45,BKG-008251
LTX-0013326,P00600,2025-06-06 18:00:00,REDEEM,-30,15,BKG-008251
LTX-0013327,P00600,2025-11-13 09:00:00,EARN,38,53,BKG-011030
LTX-0013328,P00957,2025-01-04 09:00:00,EARN,31,31,BKG-010792
LTX-0013329,P00957,2025-04-15 09:00:00,EARN,59,90,BKG-010389
LTX-0013330,P00957,2025-06-13 09:00:00,EARN,50,140,BKG-010416
LTX-0013331,P00957,2025-08-09 09:00:00,EARN,44,184,BKG-009018
LTX-0013332,P00957,2025-08-10 09:00:00,EARN,56,240,BKG-008260
LTX-0013333,P02135,2025-01-10 09:00:00,EARN,48,48,BKG-011435
LTX-0013334,P02135,2025-05-27 09:00:00,EARN,74,122,BKG-008277
LTX-0013335,P02135,2025-06-16 09:00:00,EARN,48,170,BKG-008266
LTX-0013336,P02340,2025-01-12 09:00:00,EARN,63,63,BKG-010368
LTX-0013337,P02340,2025-01-12 18:00:00,REDEEM,-20,43,BKG-010368
LTX-0013338,P02340,2025-04-15 09:00:00,EARN,21,64,BKG-009761
LTX-0013339,P02340,2025-05-19 09:00:00,EARN,12,76,BKG-008270
LTX-0013340,P03659,2025-03-06 09:00:00,EARN,40,40,BKG-009554
LTX-0013341,P03659,2025-03-06 18:00:00,REDEEM,-30,10,BKG-009554
LTX-0013342,P03659,2025-07-27 09:00:00,EARN,52,62,BKG-008272
LTX-0013343,P03779,2025-06-22 09:00:00,EARN,58,58,BKG-009951
LTX-0013344,P03779,2025-08-16 09:00:00,EARN,6,64,BKG-008287
LTX-0013345,P03687,2025-09-17 09:00:00,EARN,46,46,BKG-008296
LTX-0013346,P03528,2025-05-26 09:00:00,EARN,48,48,BKG-008307
LTX-0013347,P03236,2025-03-21 09:00:00,EARN,59,59,BKG-011723
LTX-0013348,P03236,2025-06-29 09:00:00,EARN,30,89,BKG-008309
LTX-0013349,P03236,2025-06-30 09:00:00,EARN,47,136,BKG-010258
LTX-0013350,P03236,2025-06-30 18:00:00,REDEEM,-10,126,BKG-010258
LTX-0013351,P03236,2025-11-24 09:00:00,EARN,72,198,BKG-011174
LTX-0013352,P00602,2025-06-28 09:00:00,EARN,38,38,BKG-008318
LTX-0013353,P02969,2025-03-17 09:00:00,EARN,40,40,BKG-010208
LTX-0013354,P02969,2025-07-01 09:00:00,EARN,102,142,BKG-008323
LTX-0013355,P02844,2025-10-17 09:00:00,EARN,40,40,BKG-008333
LTX-0013356,P00701,2025-07-04 09:00:00,EARN,61,61,BKG-008340
LTX-0013357,P02412,2025-01-16 09:00:00,EARN,72,72,BKG-010702
LTX-0013358,P02412,2025-03-20 09:00:00,EARN,40,112,BKG-011532
LTX-0013359,P02412,2025-04-09 09:00:00,EARN,23,135,BKG-010865
LTX-0013360,P02412,2025-06-12 09:00:00,EARN,52,187,BKG-008341
LTX-0013361,P03040,2025-06-11 09:00:00,EARN,10,10,BKG-008354
LTX-0013362,P03040,2025-06-16 09:00:00,EARN,21,31,BKG-010540
LTX-0013363,P00574,2025-01-31 09:00:00,EARN,55,55,BKG-008364
LTX-0013364,P03362,2025-04-17 09:00:00,EARN,37,37,BKG-011521
LTX-0013365,P03362,2025-06-10 09:00:00,EARN,33,70,BKG-010771
LTX-0013366,P03362,2025-06-21 09:00:00,EARN,15,85,BKG-008376
LTX-0013367,P03362,2025-06-29 09:00:00,EARN,18,103,BKG-008840
LTX-0013368,P03625,2025-02-26 09:00:00,EARN,89,89,BKG-008389
LTX-0013369,P03625,2025-11-21 09:00:00,EARN,49,138,BKG-009828
LTX-0013370,P03625,2025-12-03 09:00:00,EARN,57,195,BKG-012168
LTX-0013371,P01828,2025-12-07 09:00:00,EARN,69,69,BKG-008409
LTX-0013372,P01290,2025-06-03 09:00:00,EARN,82,82,BKG-009804
LTX-0013373,P01290,2025-06-03 18:00:00,REDEEM,-20,62,BKG-009804
LTX-0013374,P01290,2025-07-01 09:00:00,EARN,37,99,BKG-008411
LTX-0013375,P01290,2025-07-01 18:00:00,REDEEM,-30,69,BKG-008411
LTX-0013376,P01290,2025-09-17 09:00:00,EARN,39,108,BKG-010405
LTX-0013377,P01290,2025-09-17 18:00:00,REDEEM,-10,98,BKG-010405
LTX-0013378,P01290,2025-09-27 09:00:00,EARN,50,148,BKG-009862
LTX-0013379,P01290,2025-11-23 09:00:00,EARN,53,201,BKG-012172
LTX-0013380,P00752,2025-06-13 09:00:00,EARN,74,74,BKG-008412
LTX-0013381,P01572,2025-03-15 09:00:00,EARN,50,50,BKG-009274
LTX-0013382,P01572,2025-11-23 09:00:00,EARN,53,103,BKG-008419
LTX-0013383,P01713,2025-06-05 09:00:00,EARN,30,30,BKG-008801
LTX-0013384,P01713,2025-09-20 09:00:00,EARN,51,81,BKG-008421
LTX-0013385,P01850,2025-01-04 09:00:00,EARN,35,35,BKG-008422
LTX-0013386,P01850,2025-07-11 09:00:00,EARN,15,50,BKG-009217
LTX-0013387,P02488,2025-04-22 09:00:00,EARN,44,44,BKG-008427
LTX-0013388,P01216,2025-11-17 09:00:00,EARN,29,29,BKG-008434
LTX-0013389,P03786,2025-01-18 09:00:00,EARN,42,42,BKG-009221
LTX-0013390,P03786,2025-06-20 09:00:00,EARN,58,100,BKG-008447
LTX-0013391,P03786,2025-08-02 09:00:00,EARN,61,161,BKG-009104
LTX-0013392,P03251,2025-07-17 09:00:00,EARN,57,57,BKG-008452
LTX-0013393,P03251,2025-07-17 18:00:00,REDEEM,-30,27,BKG-008452
LTX-0013394,P02352,2024-12-30 09:00:00,EARN,66,66,BKG-008453
LTX-0013395,P02352,2025-02-28 09:00:00,EARN,70,136,BKG-009789
LTX-0013396,P02352,2025-05-10 09:00:00,EARN,70,206,BKG-012467
LTX-0013397,P00918,2025-04-19 09:00:00,EARN,22,22,BKG-008454
LTX-0013398,P00918,2025-06-28 09:00:00,EARN,76,98,BKG-012491
LTX-0013399,P03117,2025-02-14 09:00:00,EARN,45,45,BKG-010298
LTX-0013400,P03117,2025-06-14 09:00:00,EARN,22,67,BKG-008459
LTX-0013401,P03100,2025-11-24 09:00:00,EARN,31,31,BKG-008477
LTX-0013402,P00484,2025-10-26 09:00:00,EARN,17,17,BKG-012132
LTX-0013403,P00484,2025-11-24 09:00:00,EARN,25,42,BKG-008482
LTX-0013404,P03429,2025-06-17 09:00:00,EARN,73,73,BKG-008724
LTX-0013405,P03429,2025-08-16 09:00:00,EARN,38,111,BKG-012420
LTX-0013406,P03429,2025-08-16 18:00:00,REDEEM,-10,101,BKG-012420
LTX-0013407,P03429,2025-11-01 09:00:00,EARN,21,122,BKG-008485
LTX-0013408,P02004,2025-05-26 09:00:00,EARN,22,22,BKG-008489
LTX-0013409,P02004,2025-11-14 09:00:00,EARN,40,62,BKG-012240
LTX-0013410,P01703,2025-04-22 09:00:00,EARN,43,43,BKG-008491
LTX-0013411,P01703,2025-12-09 09:00:00,EARN,74,117,BKG-011032
LTX-0013412,P03664,2025-06-10 09:00:00,EARN,7,7,BKG-008493
LTX-0013413,P03599,2025-06-23 09:00:00,EARN,35,35,BKG-008500
LTX-0013414,P01185,2025-04-06 09:00:00,EARN,66,66,BKG-008503
LTX-0013415,P01185,2025-04-06 18:00:00,REDEEM,-20,46,BKG-008503
LTX-0013416,P01185,2025-11-30 09:00:00,EARN,50,96,BKG-011213
LTX-0013417,P01195,2025-11-14 09:00:00,EARN,110,110,BKG-011946
LTX-0013418,P01195,2025-11-23 09:00:00,EARN,46,156,BKG-008510
LTX-0013419,P02072,2025-05-08 09:00:00,EARN,78,78,BKG-008511
LTX-0013420,P00443,2025-06-06 09:00:00,EARN,44,44,BKG-011651
LTX-0013421,P00443,2025-06-06 18:00:00,REDEEM,-20,24,BKG-011651
LTX-0013422,P00443,2025-09-05 09:00:00,EARN,49,73,BKG-008516
LTX-0013423,P02457,2025-11-05 09:00:00,EARN,8,8,BKG-008521
LTX-0013424,P03622,2025-02-08 09:00:00,EARN,48,48,BKG-008522
LTX-0013425,P03622,2025-02-14 09:00:00,EARN,85,133,BKG-008858
LTX-0013426,P03622,2025-03-21 09:00:00,EARN,34,167,BKG-012061
LTX-0013427,P03622,2025-06-03 09:00:00,EARN,51,218,BKG-011094
LTX-0013428,P03622,2025-08-04 09:00:00,EARN,17,235,BKG-011119
LTX-0013429,P03527,2025-06-11 09:00:00,EARN,21,21,BKG-008530
LTX-0013430,P03527,2025-07-07 09:00:00,EARN,18,39,BKG-008560
LTX-0013431,P01736,2025-02-04 09:00:00,EARN,102,102,BKG-011413
LTX-0013432,P01736,2025-05-18 09:00:00,EARN,28,130,BKG-009784
LTX-0013433,P01736,2025-06-27 09:00:00,EARN,40,170,BKG-008534
LTX-0013434,P01338,2025-03-28 09:00:00,EARN,90,90,BKG-010861
LTX-0013435,P01338,2025-11-12 09:00:00,EARN,46,136,BKG-008538
LTX-0013436,P01252,2024-12-12 09:00:00,EARN,28,28,BKG-008558
LTX-0013437,P03593,2025-02-12 09:00:00,EARN,70,70,BKG-011809
LTX-0013438,P03593,2025-02-12 18:00:00,REDEEM,-20,50,BKG-011809
LTX-0013439,P03593,2025-11-11 09:00:00,EARN,63,113,BKG-008571
LTX-0013440,P03593,2025-12-03 09:00:00,EARN,39,152,BKG-011251
LTX-0013441,P03551,2025-04-11 09:00:00,EARN,45,45,BKG-008584
LTX-0013442,P00048,2025-07-07 09:00:00,EARN,9,9,BKG-008927
LTX-0013443,P00048,2025-09-01 09:00:00,EARN,33,42,BKG-008585
LTX-0013444,P02524,2025-02-07 09:00:00,EARN,14,14,BKG-012005
LTX-0013445,P02524,2025-08-03 09:00:00,EARN,10,24,BKG-008589
LTX-0013446,P00269,2025-06-15 09:00:00,EARN,70,70,BKG-009588
LTX-0013447,P00269,2025-07-07 09:00:00,EARN,39,109,BKG-008599
LTX-0013448,P00269,2025-10-07 09:00:00,EARN,27,136,BKG-011968
LTX-0013449,P01434,2025-05-23 09:00:00,EARN,44,44,BKG-008601
LTX-0013450,P01434,2025-05-23 18:00:00,REDEEM,-30,14,BKG-008601
LTX-0013451,P03134,2025-02-15 09:00:00,EARN,36,36,BKG-008913
LTX-0013452,P03134,2025-03-01 09:00:00,EARN,44,80,BKG-008608
LTX-0013453,P03722,2025-06-20 09:00:00,EARN,32,32,BKG-008614
LTX-0013454,P01439,2025-06-10 09:00:00,EARN,17,17,BKG-009601
LTX-0013455,P01439,2025-07-03 09:00:00,EARN,27,44,BKG-008617
LTX-0013456,P03445,2025-02-03 09:00:00,EARN,57,57,BKG-009189
LTX-0013457,P03445,2025-05-10 09:00:00,EARN,54,111,BKG-008634
LTX-0013458,P03445,2025-07-07 09:00:00,EARN,32,143,BKG-010096
LTX-0013459,P01295,2025-01-04 09:00:00,EARN,42,42,BKG-012126
LTX-0013460,P01295,2025-03-19 09:00:00,EARN,49,91,BKG-008638
LTX-0013461,P00404,2025-10-22 09:00:00,EARN,45,45,BKG-008647
LTX-0013462,P03612,2025-03-19 09:00:00,EARN,47,47,BKG-012038
LTX-0013463,P03612,2025-11-29 09:00:00,EARN,25,72,BKG-008670
LTX-0013464,P00159,2025-01-04 09:00:00,EARN,8,8,BKG-008674
LTX-0013465,P00861,2025-05-31 09:00:00,EARN,13,13,BKG-008680
LTX-0013466,P03954,2025-11-21 09:00:00,EARN,51,51,BKG-008685
LTX-0013467,P01200,2025-05-21 09:00:00,EARN,21,21,BKG-009978
LTX-0013468,P01200,2025-12-13 09:00:00,EARN,52,73,BKG-008690
LTX-0013469,P03349,2025-05-14 09:00:00,EARN,32,32,BKG-008702
LTX-0013470,P03349,2025-11-22 09:00:00,EARN,28,60,BKG-011617
LTX-0013471,P03571,2025-01-17 09:00:00,EARN,30,30,BKG-008708
LTX-0013472,P02845,2024-12-31 09:00:00,EARN,21,21,BKG-010981
LTX-0013473,P02845,2025-08-19 09:00:00,EARN,9,30,BKG-010664
LTX-0013474,P02845,2025-11-14 09:00:00,EARN,46,76,BKG-008710
LTX-0013475,P02266,2025-05-28 09:00:00,EARN,25,25,BKG-008728
LTX-0013476,P02582,2025-01-23 09:00:00,EARN,56,56,BKG-008729
LTX-0013477,P00568,2025-04-14 09:00:00,EARN,60,60,BKG-008733
LTX-0013478,P00568,2025-05-29 09:00:00,EARN,77,137,BKG-010856
LTX-0013479,P00568,2025-10-11 09:00:00,EARN,26,163,BKG-011670
LTX-0013480,P00568,2025-10-11 18:00:00,REDEEM,-20,143,BKG-011670
LTX-0013481,P02373,2025-01-02 09:00:00,EARN,48,48,BKG-008739
LTX-0013482,P02373,2025-09-09 09:00:00,EARN,34,82,BKG-010738
LTX-0013483,P02373,2025-09-09 18:00:00,REDEEM,-30,52,BKG-010738
LTX-0013484,P02373,2025-09-19 09:00:00,EARN,25,77,BKG-010024
LTX-0013485,P00166,2025-04-07 09:00:00,EARN,6,6,BKG-008745
LTX-0013486,P00166,2025-06-20 09:00:00,EARN,54,60,BKG-012392
LTX-0013487,P03012,2025-06-10 09:00:00,EARN,72,72,BKG-008748
LTX-0013488,P03371,2025-09-19 09:00:00,EARN,32,32,BKG-008752
LTX-0013489,P02326,2025-05-14 09:00:00,EARN,59,59,BKG-012326
LTX-0013490,P02326,2025-06-03 09:00:00,EARN,33,92,BKG-008755
LTX-0013491,P02326,2025-07-28 09:00:00,EARN,6,98,BKG-012155
LTX-0013492,P02326,2025-08-27 09:00:00,EARN,28,126,BKG-011282
LTX-0013493,P02315,2025-04-14 09:00:00,EARN,11,11,BKG-008765
LTX-0013494,P02371,2025-06-09 09:00:00,EARN,81,81,BKG-008769
LTX-0013495,P02371,2025-06-23 09:00:00,EARN,8,89,BKG-011918
LTX-0013496,P02371,2025-06-23 18:00:00,REDEEM,-30,59,BKG-011918
LTX-0013497,P02371,2025-06-24 09:00:00,EARN,38,97,BKG-009211
LTX-0013498,P02371,2025-06-24 09:00:00,EARN,25,122,BKG-011980
LTX-0013499,P01591,2025-06-25 09:00:00,EARN,63,63,BKG-008778
LTX-0013500,P00295,2024-12-23 09:00:00,EARN,36,36,BKG-008780
LTX-0013501,P00295,2025-11-03 09:00:00,EARN,45,81,BKG-011933
LTX-0013502,P01361,2025-01-17 09:00:00,EARN,47,47,BKG-011012
LTX-0013503,P01361,2025-01-17 18:00:00,REDEEM,-10,37,BKG-011012
LTX-0013504,P01361,2025-04-29 09:00:00,EARN,26,63,BKG-008783
LTX-0013505,P01361,2025-08-15 09:00:00,EARN,62,125,BKG-010269
LTX-0013506,P01361,2025-08-15 18:00:00,REDEEM,-30,95,BKG-010269
LTX-0013507,P01361,2025-10-09 09:00:00,EARN,68,163,BKG-009993
LTX-0013508,P01361,2025-12-02 09:00:00,EARN,15,178,BKG-010048
LTX-0013509,P01361,2025-12-02 18:00:00,REDEEM,-10,168,BKG-010048
LTX-0013510,P01404,2025-06-19 09:00:00,EARN,54,54,BKG-008793
LTX-0013511,P01404,2025-12-16 09:00:00,EARN,26,80,BKG-009689
LTX-0013512,P02240,2025-05-14 09:00:00,EARN,27,27,BKG-010760
LTX-0013513,P02240,2025-06-08 09:00:00,EARN,8,35,BKG-008794
LTX-0013514,P02240,2025-10-02 09:00:00,EARN,44,79,BKG-009556
LTX-0013515,P02809,2025-01-28 09:00:00,EARN,46,46,BKG-008813
LTX-0013516,P02809,2025-10-23 09:00:00,EARN,54,100,BKG-008923
LTX-0013517,P00926,2025-06-04 09:00:00,EARN,20,20,BKG-008821
LTX-0013518,P00926,2025-06-04 18:00:00,REDEEM,-20,0,BKG-008821
LTX-0013519,P00926,2025-11-29 09:00:00,EARN,9,9,BKG-009011
LTX-0013520,P02252,2025-09-09 09:00:00,EARN,56,56,BKG-008827
LTX-0013521,P02308,2025-08-29 09:00:00,EARN,32,32,BKG-008832
LTX-0013522,P03331,2025-04-24 09:00:00,EARN,42,42,BKG-008833
LTX-0013523,P01817,2025-02-11 09:00:00,EARN,52,52,BKG-008841
LTX-0013524,P01817,2025-06-12 09:00:00,EARN,57,109,BKG-011697
LTX-0013525,P01661,2025-03-11 09:00:00,EARN,51,51,BKG-009493
LTX-0013526,P01661,2025-03-11 18:00:00,REDEEM,-20,31,BKG-009493
LTX-0013527,P01661,2025-06-03 09:00:00,EARN,74,105,BKG-008855
LTX-0013528,P01661,2025-07-24 09:00:00,EARN,87,192,BKG-011527
LTX-0013529,P01115,2025-07-04 09:00:00,EARN,67,67,BKG-010987
LTX-0013530,P01115,2025-09-03 09:00:00,EARN,40,107,BKG-009450
LTX-0013531,P01115,2025-10-31 09:00:00,EARN,65,172,BKG-008869
LTX-0013532,P02940,2025-07-26 09:00:00,EARN,61,61,BKG-008886
LTX-0013533,P02940,2025-07-31 09:00:00,EARN,11,72,BKG-011284
LTX-0013534,P02676,2025-05-29 09:00:00,EARN,37,37,BKG-009790
LTX-0013535,P02676,2025-07-02 09:00:00,EARN,28,65,BKG-008889
LTX-0013536,P02676,2025-11-08 09:00:00,EARN,30,95,BKG-010555
LTX-0013537,P00963,2025-01-02 09:00:00,EARN,10,10,BKG-012186
LTX-0013538,P00963,2025-01-18 09:00:00,EARN,50,60,BKG-010398
LTX-0013539,P00963,2025-07-04 09:00:00,EARN,44,104,BKG-008922
LTX-0013540,P01519,2025-05-23 09:00:00,EARN,72,72,BKG-008945
LTX-0013541,P01519,2025-11-16 09:00:00,EARN,46,118,BKG-009819
LTX-0013542,P03747,2025-05-21 09:00:00,EARN,71,71,BKG-009616
LTX-0013543,P03747,2025-06-22 09:00:00,EARN,72,143,BKG-008949
LTX-0013544,P03747,2025-08-31 09:00:00,EARN,44,187,BKG-010916
LTX-0013545,P03747,2025-11-09 09:00:00,EARN,12,199,BKG-011010
LTX-0013546,P00469,2025-08-26 09:00:00,EARN,45,45,BKG-008953
LTX-0013547,P00469,2025-09-04 09:00:00,EARN,38,83,BKG-010367
LTX-0013548,P03690,2025-01-20 09:00:00,EARN,40,40,BKG-008954
LTX-0013549,P03139,2025-07-01 09:00:00,EARN,31,31,BKG-010614
LTX-0013550,P03139,2025-07-23 09:00:00,EARN,34,65,BKG-008969
LTX-0013551,P03139,2025-10-17 09:00:00,EARN,50,115,BKG-009780
LTX-0013552,P01462,2025-06-12 09:00:00,EARN,10,10,BKG-008976
LTX-0013553,P01462,2025-06-12 18:00:00,REDEEM,-10,0,BKG-008976
LTX-0013554,P00985,2025-11-23 09:00:00,EARN,40,40,BKG-008988
LTX-0013555,P01839,2025-11-30 09:00:00,EARN,77,77,BKG-008992
LTX-0013556,P03595,2025-03-14 09:00:00,EARN,37,37,BKG-011659
LTX-0013557,P03595,2025-06-18 09:00:00,EARN,29,66,BKG-008994
LTX-0013558,P00958,2025-08-15 09:00:00,EARN,6,6,BKG-009004
LTX-0013559,P00958,2025-12-12 09:00:00,EARN,76,82,BKG-010907
LTX-0013560,P01165,2025-05-23 09:00:00,EARN,47,47,BKG-011442
LTX-0013561,P01165,2025-05-27 09:00:00,EARN,42,89,BKG-009019
LTX-0013562,P01093,2025-03-10 09:00:00,EARN,81,81,BKG-009022
LTX-0013563,P01667,2025-06-29 09:00:00,EARN,30,30,BKG-011699
LTX-0013564,P01667,2025-11-21 09:00:00,EARN,64,94,BKG-010609
LTX-0013565,P01667,2025-12-03 09:00:00,EARN,45,139,BKG-009028
LTX-0013566,P02449,2025-03-31 09:00:00,EARN,46,46,BKG-009035
LTX-0013567,P01220,2025-05-14 09:00:00,EARN,21,21,BKG-009036
LTX-0013568,P01220,2025-07-05 09:00:00,EARN,66,87,BKG-012117
LTX-0013569,P02856,2025-02-05 09:00:00,EARN,14,14,BKG-009047
LTX-0013570,P02856,2025-02-05 09:00:00,EARN,41,55,BKG-009858
LTX-0013571,P02856,2025-06-29 09:00:00,EARN,22,77,BKG-012252
LTX-0013572,P02856,2025-06-29 18:00:00,REDEEM,-10,67,BKG-012252
LTX-0013573,P01428,2025-07-01 09:00:00,EARN,48,48,BKG-010438
LTX-0013574,P01428,2025-12-04 09:00:00,EARN,43,91,BKG-009078
LTX-0013575,P00050,2025-07-02 09:00:00,EARN,64,64,BKG-011058
LTX-0013576,P00050,2025-09-10 09:00:00,EARN,19,83,BKG-009080
LTX-0013577,P00050,2025-09-10 18:00:00,REDEEM,-20,63,BKG-009080
LTX-0013578,P00726,2025-06-20 09:00:00,EARN,51,51,BKG-009090
LTX-0013579,P02637,2025-03-19 09:00:00,EARN,57,57,BKG-011142
LTX-0013580,P02637,2025-05-30 09:00:00,EARN,45,102,BKG-011808
LTX-0013581,P02637,2025-05-30 18:00:00,REDEEM,-10,92,BKG-011808
LTX-0013582,P02637,2025-06-12 09:00:00,EARN,35,127,BKG-009095
LTX-0013583,P02079,2025-02-01 09:00:00,EARN,52,52,BKG-011678
LTX-0013584,P02079,2025-07-07 09:00:00,EARN,51,103,BKG-009096
LTX-0013585,P00325,2025-06-15 09:00:00,EARN,86,86,BKG-009123
LTX-0013586,P02424,2025-06-02 09:00:00,EARN,43,43,BKG-011134
LTX-0013587,P02424,2025-06-15 09:00:00,EARN,32,75,BKG-012439
LTX-0013588,P02424,2025-06-30 09:00:00,EARN,63,138,BKG-009133
LTX-0013589,P02424,2025-09-29 09:00:00,EARN,73,211,BKG-010262
LTX-0013590,P02561,2024-12-27 09:00:00,EARN,14,14,BKG-009135
LTX-0013591,P00381,2025-04-25 09:00:00,EARN,45,45,BKG-009139
LTX-0013592,P00381,2025-04-25 18:00:00,REDEEM,-20,25,BKG-009139
LTX-0013593,P00381,2025-08-28 09:00:00,EARN,10,35,BKG-009358
LTX-0013594,P01066,2025-02-05 09:00:00,EARN,33,33,BKG-009528
LTX-0013595,P01066,2025-02-05 18:00:00,REDEEM,-10,23,BKG-009528
LTX-0013596,P01066,2025-05-21 09:00:00,EARN,69,92,BKG-009144
LTX-0013597,P01066,2025-06-11 09:00:00,EARN,58,150,BKG-012409
LTX-0013598,P02042,2025-03-06 09:00:00,EARN,40,40,BKG-009154
LTX-0013599,P02821,2025-01-11 09:00:00,EARN,96,96,BKG-009163
LTX-0013600,P02821,2025-07-20 09:00:00,EARN,56,152,BKG-012487
LTX-0013601,P02821,2025-07-20 18:00:00,REDEEM,-30,122,BKG-012487
LTX-0013602,P03112,2025-05-16 09:00:00,EARN,78,78,BKG-010172
LTX-0013603,P03112,2025-06-02 09:00:00,EARN,74,152,BKG-009165
LTX-0013604,P03132,2025-09-20 09:00:00,EARN,9,9,BKG-009183
LTX-0013605,P02897,2025-06-02 09:00:00,EARN,29,29,BKG-009208
LTX-0013606,P02064,2025-08-12 09:00:00,EARN,31,31,BKG-009246
LTX-0013607,P03767,2025-03-12 09:00:00,EARN,31,31,BKG-009249
LTX-0013608,P03869,2025-07-18 09:00:00,EARN,58,58,BKG-009281
LTX-0013609,P03869,2025-10-10 09:00:00,EARN,57,115,BKG-010185
LTX-0013610,P01565,2025-06-16 09:00:00,EARN,20,20,BKG-012313
LTX-0013611,P01565,2025-08-08 09:00:00,EARN,38,58,BKG-009296
LTX-0013612,P01941,2025-02-10 09:00:00,EARN,42,42,BKG-011668
LTX-0013613,P01941,2025-08-30 09:00:00,EARN,34,76,BKG-009300
LTX-0013614,P00928,2025-10-31 09:00:00,EARN,32,32,BKG-009330
LTX-0013615,P00928,2025-11-30 09:00:00,EARN,54,86,BKG-011057
LTX-0013616,P00708,2025-10-26 09:00:00,EARN,62,62,BKG-009331
LTX-0013617,P02422,2025-12-02 09:00:00,EARN,81,81,BKG-009345
LTX-0013618,P02310,2025-06-22 09:00:00,EARN,48,48,BKG-010999
LTX-0013619,P02310,2025-12-12 09:00:00,EARN,67,115,BKG-009351
LTX-0013620,P02710,2024-12-22 09:00:00,EARN,28,28,BKG-009364
LTX-0013621,P02710,2025-11-28 09:00:00,EARN,47,75,BKG-010427
LTX-0013622,P02191,2025-04-25 09:00:00,EARN,76,76,BKG-009368
LTX-0013623,P00692,2025-01-10 09:00:00,EARN,47,47,BKG-010136
LTX-0013624,P00692,2025-03-16 09:00:00,EARN,58,105,BKG-009372
LTX-0013625,P00547,2025-02-16 09:00:00,EARN,30,30,BKG-010013
LTX-0013626,P00547,2025-02-16 18:00:00,REDEEM,-20,10,BKG-010013
LTX-0013627,P00547,2025-04-12 09:00:00,EARN,54,64,BKG-009376
LTX-0013628,P01940,2025-07-30 09:00:00,EARN,27,27,BKG-012098
LTX-0013629,P01940,2025-11-05 09:00:00,EARN,58,85,BKG-009386
LTX-0013630,P03781,2025-11-26 09:00:00,EARN,59,59,BKG-009394
LTX-0013631,P01890,2025-04-05 09:00:00,EARN,50,50,BKG-009397
LTX-0013632,P01890,2025-07-31 09:00:00,EARN,60,110,BKG-010125
LTX-0013633,P01659,2025-03-09 09:00:00,EARN,70,70,BKG-009872
LTX-0013634,P01659,2025-07-05 09:00:00,EARN,32,102,BKG-009398
LTX-0013635,P03238,2025-11-18 09:00:00,EARN,51,51,BKG-009400
LTX-0013636,P03238,2025-12-11 09:00:00,EARN,39,90,BKG-010733
LTX-0013637,P02128,2025-05-12 09:00:00,EARN,34,34,BKG-011090
LTX-0013638,P02128,2025-06-20 09:00:00,EARN,115,149,BKG-009421
LTX-0013639,P01624,2025-06-22 09:00:00,EARN,37,37,BKG-010757
LTX-0013640,P01624,2025-06-22 18:00:00,REDEEM,-10,27,BKG-010757
LTX-0013641,P01624,2025-07-31 09:00:00,EARN,16,43,BKG-009424
LTX-0013642,P01624,2025-07-31 18:00:00,REDEEM,-20,23,BKG-009424
LTX-0013643,P03993,2025-04-28 09:00:00,EARN,49,49,BKG-012157
LTX-0013644,P03993,2025-05-17 09:00:00,EARN,35,84,BKG-009426
LTX-0013645,P03993,2025-12-07 09:00:00,EARN,74,158,BKG-009869
LTX-0013646,P00473,2025-05-26 09:00:00,EARN,44,44,BKG-009445
LTX-0013647,P00473,2025-07-16 09:00:00,EARN,33,77,BKG-009954
LTX-0013648,P02838,2025-07-11 09:00:00,EARN,60,60,BKG-009446
LTX-0013649,P03130,2024-12-20 09:00:00,EARN,88,88,BKG-009904
LTX-0013650,P03130,2024-12-31 09:00:00,EARN,42,130,BKG-009466
LTX-0013651,P01128,2025-06-25 09:00:00,EARN,22,22,BKG-010814
LTX-0013652,P01128,2025-06-29 09:00:00,EARN,95,117,BKG-009469
LTX-0013653,P03974,2025-06-01 09:00:00,EARN,36,36,BKG-009474
LTX-0013654,P03303,2025-06-22 09:00:00,EARN,18,18,BKG-009482
LTX-0013655,P01836,2025-07-19 09:00:00,EARN,48,48,BKG-009496
LTX-0013656,P02236,2025-05-17 09:00:00,EARN,24,24,BKG-009510
LTX-0013657,P03036,2025-01-17 09:00:00,EARN,39,39,BKG-009513
LTX-0013658,P03774,2025-04-26 09:00:00,EARN,45,45,BKG-009521
LTX-0013659,P01389,2025-03-09 09:00:00,EARN,39,39,BKG-009522
LTX-0013660,P01389,2025-11-18 09:00:00,EARN,100,139,BKG-011556
LTX-0013661,P02213,2025-04-08 09:00:00,EARN,25,25,BKG-009533
LTX-0013662,P02053,2025-05-09 09:00:00,EARN,100,100,BKG-011309
LTX-0013663,P02053,2025-06-16 09:00:00,EARN,33,133,BKG-009542
LTX-0013664,P02053,2025-07-13 09:00:00,EARN,36,169,BKG-011859
LTX-0013665,P02053,2025-07-13 18:00:00,REDEEM,-10,159,BKG-011859
LTX-0013666,P01228,2025-06-15 09:00:00,EARN,84,84,BKG-011917
LTX-0013667,P01228,2025-06-15 18:00:00,REDEEM,-10,74,BKG-011917
LTX-0013668,P01228,2025-11-29 09:00:00,EARN,27,101,BKG-009550
LTX-0013669,P02706,2025-06-09 09:00:00,EARN,62,62,BKG-009580
LTX-0013670,P02730,2025-06-24 09:00:00,EARN,21,21,BKG-009594
LTX-0013671,P03420,2025-12-01 09:00:00,EARN,60,60,BKG-009600
LTX-0013672,P03049,2025-02-26 09:00:00,EARN,47,47,BKG-012488
LTX-0013673,P03049,2025-06-09 09:00:00,EARN,47,94,BKG-009628
LTX-0013674,P03049,2025-06-09 18:00:00,REDEEM,-20,74,BKG-009628
LTX-0013675,P03049,2025-06-10 09:00:00,EARN,53,127,BKG-010358
LTX-0013676,P03049,2025-06-10 18:00:00,REDEEM,-10,117,BKG-010358
LTX-0013677,P03049,2025-09-15 09:00:00,EARN,40,157,BKG-011487
LTX-0013678,P03256,2025-06-16 09:00:00,EARN,85,85,BKG-009679
LTX-0013679,P03256,2025-08-30 09:00:00,EARN,10,95,BKG-012026
LTX-0013680,P00464,2025-01-06 09:00:00,EARN,30,30,BKG-009690
LTX-0013681,P00464,2025-01-06 18:00:00,REDEEM,-20,10,BKG-009690
LTX-0013682,P01638,2025-05-20 09:00:00,EARN,35,35,BKG-009703
LTX-0013683,P00969,2025-11-22 09:00:00,EARN,30,30,BKG-009706
LTX-0013684,P00969,2025-11-22 18:00:00,REDEEM,-10,20,BKG-009706
LTX-0013685,P02911,2025-02-15 09:00:00,EARN,50,50,BKG-010401
LTX-0013686,P02911,2025-12-07 09:00:00,EARN,21,71,BKG-009713
LTX-0013687,P01916,2025-02-07 09:00:00,EARN,40,40,BKG-009715
LTX-0013688,P00703,2025-01-22 09:00:00,EARN,42,42,BKG-009717
LTX-0013689,P03511,2025-10-04 09:00:00,EARN,16,16,BKG-009728
LTX-0013690,P03511,2025-10-04 18:00:00,REDEEM,-10,6,BKG-009728
LTX-0013691,P00538,2025-06-12 09:00:00,EARN,32,32,BKG-009737
LTX-0013692,P00040,2025-12-04 09:00:00,EARN,7,7,BKG-009750
LTX-0013693,P02510,2025-07-26 09:00:00,EARN,22,22,BKG-009756
LTX-0013694,P02510,2025-08-08 09:00:00,EARN,49,71,BKG-011523
LTX-0013695,P02510,2025-12-06 09:00:00,EARN,61,132,BKG-011319
LTX-0013696,P02346,2025-12-02 09:00:00,EARN,49,49,BKG-009762
LTX-0013697,P00897,2025-06-03 09:00:00,EARN,11,11,BKG-009764
LTX-0013698,P00897,2025-07-24 09:00:00,EARN,30,41,BKG-011294
LTX-0013699,P00897,2025-07-24 18:00:00,REDEEM,-10,31,BKG-011294
LTX-0013700,P02214,2025-03-19 09:00:00,EARN,25,25,BKG-010137
LTX-0013701,P02214,2025-06-20 09:00:00,EARN,43,68,BKG-010640
LTX-0013702,P02214,2025-11-23 09:00:00,EARN,12,80,BKG-009768
LTX-0013703,P02214,2025-11-23 09:00:00,EARN,16,96,BKG-009842
LTX-0013704,P02214,2025-11-23 18:00:00,REDEEM,-20,76,BKG-009842
LTX-0013705,P02946,2025-06-22 09:00:00,EARN,58,58,BKG-009813
LTX-0013706,P02946,2025-12-04 09:00:00,EARN,30,88,BKG-010199
LTX-0013707,P02913,2025-08-16 09:00:00,EARN,78,78,BKG-009822
LTX-0013708,P03587,2025-12-20 09:00:00,EARN,33,33,BKG-009894
LTX-0013709,P03221,2025-05-19 09:00:00,EARN,46,46,BKG-009900
LTX-0013710,P03221,2025-06-26 09:00:00,EARN,95,141,BKG-009986
LTX-0013711,P00753,2025-01-06 09:00:00,EARN,49,49,BKG-009915
LTX-0013712,P00753,2025-02-03 09:00:00,EARN,42,91,BKG-011765
LTX-0013713,P00753,2025-11-27 09:00:00,EARN,37,128,BKG-011327
LTX-0013714,P01140,2025-06-09 09:00:00,EARN,46,46,BKG-010714
LTX-0013715,P01140,2025-06-10 09:00:00,EARN,37,83,BKG-009927
LTX-0013716,P01091,2025-06-14 09:00:00,EARN,41,41,BKG-009929
LTX-0013717,P03655,2025-09-24 09:00:00,EARN,67,67,BKG-009950
LTX-0013718,P01746,2024-12-14 09:00:00,EARN,24,24,BKG-009955
LTX-0013719,P03057,2025-08-09 09:00:00,EARN,35,35,BKG-009956
LTX-0013720,P02285,2024-12-25 09:00:00,EARN,7,7,BKG-012249
LTX-0013721,P02285,2025-07-23 09:00:00,EARN,7,14,BKG-009960
LTX-0013722,P02750,2025-03-16 09:00:00,EARN,38,38,BKG-012146
LTX-0013723,P02750,2025-06-11 09:00:00,EARN,10,48,BKG-009963
LTX-0013724,P00088,2025-05-15 09:00:00,EARN,27,27,BKG-009983
LTX-0013725,P02036,2025-05-09 09:00:00,EARN,59,59,BKG-012345
LTX-0013726,P02036,2025-05-28 09:00:00,EARN,37,96,BKG-011637
LTX-0013727,P02036,2025-11-28 09:00:00,EARN,41,137,BKG-009985
LTX-0013728,P00006,2025-08-24 09:00:00,EARN,34,34,BKG-009992
LTX-0013729,P03372,2025-05-30 09:00:00,EARN,68,68,BKG-009995
LTX-0013730,P03372,2025-12-14 09:00:00,EARN,39,107,BKG-011710
LTX-0013731,P03213,2025-03-09 09:00:00,EARN,26,26,BKG-009996
LTX-0013732,P03213,2025-12-13 09:00:00,EARN,52,78,BKG-012219
LTX-0013733,P02115,2025-04-13 09:00:00,EARN,9,9,BKG-010008
LTX-0013734,P02115,2025-05-23 09:00:00,EARN,70,79,BKG-012335
LTX-0013735,P02226,2025-07-01 09:00:00,EARN,22,22,BKG-010014
LTX-0013736,P00030,2025-08-26 09:00:00,EARN,50,50,BKG-010801
LTX-0013737,P00030,2025-12-03 09:00:00,EARN,84,134,BKG-010030
LTX-0013738,P03828,2025-06-19 09:00:00,EARN,55,55,BKG-010032
LTX-0013739,P03086,2025-08-20 09:00:00,EARN,44,44,BKG-010037
LTX-0013740,P01441,2025-10-31 09:00:00,EARN,64,64,BKG-010077
LTX-0013741,P01631,2025-10-17 09:00:00,EARN,18,18,BKG-010078
LTX-0013742,P01383,2025-02-12 09:00:00,EARN,58,58,BKG-010106
LTX-0013743,P00394,2025-10-06 09:00:00,EARN,19,19,BKG-010139
LTX-0013744,P01081,2025-02-24 09:00:00,EARN,29,29,BKG-010144
LTX-0013745,P01081,2025-10-18 09:00:00,EARN,44,73,BKG-010246
LTX-0013746,P03745,2025-08-16 09:00:00,EARN,14,14,BKG-010145
LTX-0013747,P02103,2025-08-31 09:00:00,EARN,46,46,BKG-010184
LTX-0013748,P02493,2025-06-08 09:00:00,EARN,7,7,BKG-010187
LTX-0013749,P02887,2025-07-29 09:00:00,EARN,21,21,BKG-010222
LTX-0013750,P01888,2024-12-24 09:00:00,EARN,38,38,BKG-010230
LTX-0013751,P03824,2025-06-29 09:00:00,EARN,20,20,BKG-011634
LTX-0013752,P03824,2025-06-29 18:00:00,REDEEM,-20,0,BKG-011634
LTX-0013753,P03824,2025-07-02 09:00:00,EARN,30,30,BKG-010245
LTX-0013754,P03824,2025-07-10 09:00:00,EARN,51,81,BKG-010782
LTX-0013755,P03342,2025-06-05 09:00:00,EARN,65,65,BKG-010279
LTX-0013756,P02316,2025-06-15 09:00:00,EARN,28,28,BKG-010285
LTX-0013757,P02316,2025-07-08 09:00:00,EARN,55,83,BKG-011596
LTX-0013758,P03077,2025-05-24 09:00:00,EARN,52,52,BKG-010296
LTX-0013759,P02786,2025-12-06 09:00:00,EARN,17,17,BKG-010308
LTX-0013760,P00186,2025-02-20 09:00:00,EARN,29,29,BKG-010318
LTX-0013761,P00186,2025-09-03 09:00:00,EARN,83,112,BKG-010660
LTX-0013762,P03171,2025-03-25 09:00:00,EARN,15,15,BKG-010336
LTX-0013763,P03171,2025-06-10 09:00:00,EARN,49,64,BKG-010437
LTX-0013764,P01597,2025-06-10 09:00:00,EARN,39,39,BKG-010340
LTX-0013765,P01597,2025-06-26 09:00:00,EARN,50,89,BKG-011025
LTX-0013766,P01315,2025-11-25 09:00:00,EARN,54,54,BKG-010341
LTX-0013767,P02238,2025-06-23 09:00:00,EARN,44,44,BKG-010344
LTX-0013768,P02238,2025-06-26 09:00:00,EARN,47,91,BKG-010945
LTX-0013769,P02238,2025-11-28 09:00:00,EARN,57,148,BKG-012284
LTX-0013770,P00870,2025-09-06 09:00:00,EARN,28,28,BKG-010357
LTX-0013771,P02829,2025-07-19 09:00:00,EARN,62,62,BKG-010381
LTX-0013772,P02829,2025-07-19 09:00:00,EARN,31,93,BKG-011693
LTX-0013773,P00516,2025-11-27 09:00:00,EARN,46,46,BKG-010395
LTX-0013774,P00512,2025-06-11 09:00:00,EARN,87,87,BKG-011590
LTX-0013775,P00512,2025-12-11 09:00:00,EARN,10,97,BKG-010411
LTX-0013776,P01094,2025-01-15 09:00:00,EARN,42,42,BKG-010421
LTX-0013777,P01094,2025-01-17 09:00:00,EARN,63,105,BKG-010464
LTX-0013778,P01718,2024-12-14 09:00:00,EARN,52,52,BKG-010451
LTX-0013779,P01718,2025-01-06 09:00:00,EARN,36,88,BKG-011356
LTX-0013780,P01718,2025-04-24 09:00:00,EARN,55,143,BKG-010593
LTX-0013781,P03360,2025-05-26 09:00:00,EARN,54,54,BKG-012236
LTX-0013782,P03360,2025-06-02 09:00:00,EARN,46,100,BKG-010479
LTX-0013783,P03360,2025-11-28 09:00:00,EARN,70,170,BKG-012084
LTX-0013784,P02130,2025-09-09 09:00:00,EARN,67,67,BKG-010519
LTX-0013785,P01416,2025-01-20 09:00:00,EARN,36,36,BKG-010539
LTX-0013786,P03967,2025-05-31 09:00:00,EARN,30,30,BKG-010541
LTX-0013787,P02908,2025-07-27 09:00:00,EARN,38,38,BKG-010586
LTX-0013788,P03035,2025-08-06 09:00:00,EARN,45,45,BKG-010602
LTX-0013789,P01838,2025-01-11 09:00:00,EARN,30,30,BKG-010615
LTX-0013790,P03564,2025-04-12 09:00:00,EARN,40,40,BKG-010620
LTX-0013791,P03564,2025-04-12 18:00:00,REDEEM,-30,10,BKG-010620
LTX-0013792,P02877,2025-04-08 09:00:00,EARN,85,85,BKG-012489
LTX-0013793,P02877,2025-04-23 09:00:00,EARN,36,121,BKG-011289
LTX-0013794,P02877,2025-06-17 09:00:00,EARN,73,194,BKG-010630
LTX-0013795,P03580,2025-12-12 09:00:00,EARN,79,79,BKG-010882
LTX-0013796,P03580,2025-12-19 09:00:00,EARN,50,129,BKG-010649
LTX-0013797,P00409,2025-03-04 09:00:00,EARN,71,71,BKG-010655
LTX-0013798,P01698,2025-01-03 09:00:00,EARN,34,34,BKG-010656
LTX-0013799,P01698,2025-03-30 09:00:00,EARN,27,61,BKG-011983
LTX-0013800,P02531,2025-12-11 09:00:00,EARN,15,15,BKG-010657
LTX-0013801,P02531,2025-12-20 09:00:00,EARN,121,136,BKG-011052
LTX-0013802,P00008,2025-08-04 09:00:00,EARN,49,49,BKG-012427
LTX-0013803,P00008,2025-12-13 09:00:00,EARN,32,81,BKG-010659
LTX-0013804,P02654,2024-12-22 09:00:00,EARN,69,69,BKG-010671
LTX-0013805,P00179,2025-07-11 09:00:00,EARN,73,73,BKG-010672
LTX-0013806,P01340,2025-05-04 09:00:00,EARN,61,61,BKG-010684
LTX-0013807,P01340,2025-06-12 09:00:00,EARN,36,97,BKG-012428
LTX-0013808,P01340,2025-08-13 09:00:00,EARN,34,131,BKG-011823
LTX-0013809,P01294,2025-05-08 09:00:00,EARN,27,27,BKG-010685
LTX-0013810,P01953,2025-06-30 09:00:00,EARN,67,67,BKG-012173
LTX-0013811,P01953,2025-11-13 09:00:00,EARN,13,80,BKG-010722
LTX-0013812,P00914,2025-07-23 09:00:00,EARN,69,69,BKG-010735
LTX-0013813,P03682,2025-07-20 09:00:00,EARN,38,38,BKG-010737
LTX-0013814,P03419,2025-04-04 09:00:00,EARN,12,12,BKG-011362
LTX-0013815,P03419,2025-04-04 18:00:00,REDEEM,-10,2,BKG-011362
LTX-0013816,P03419,2025-06-01 09:00:00,EARN,23,25,BKG-010759
LTX-0013817,P03719,2025-03-10 09:00:00,EARN,61,61,BKG-010766
LTX-0013818,P02358,2025-01-27 09:00:00,EARN,66,66,BKG-011225
LTX-0013819,P02358,2025-08-15 09:00:00,EARN,19,85,BKG-010788
LTX-0013820,P03576,2025-06-22 09:00:00,EARN,65,65,BKG-010798
LTX-0013821,P00683,2025-10-25 09:00:00,EARN,40,40,BKG-010799
LTX-0013822,P00683,2025-11-22 09:00:00,EARN,37,77,BKG-011666
LTX-0013823,P01187,2025-05-21 09:00:00,EARN,45,45,BKG-011779
LTX-0013824,P01187,2025-07-14 09:00:00,EARN,50,95,BKG-010809
LTX-0013825,P02936,2025-06-26 09:00:00,EARN,48,48,BKG-010815
LTX-0013826,P00200,2025-01-04 09:00:00,EARN,51,51,BKG-010816
LTX-0013827,P00200,2025-01-04 18:00:00,REDEEM,-20,31,BKG-010816
LTX-0013828,P00562,2025-05-09 09:00:00,EARN,45,45,BKG-010818
LTX-0013829,P03617,2025-05-21 09:00:00,EARN,25,25,BKG-010834
LTX-0013830,P00838,2025-11-19 09:00:00,EARN,25,25,BKG-010857
LTX-0013831,P03705,2025-03-24 09:00:00,EARN,36,36,BKG-010862
LTX-0013832,P03414,2025-06-26 09:00:00,EARN,70,70,BKG-010866
LTX-0013833,P03414,2025-06-26 18:00:00,REDEEM,-30,40,BKG-010866
LTX-0013834,P02542,2025-11-06 09:00:00,EARN,51,51,BKG-011739
LTX-0013835,P02542,2025-11-06 18:00:00,REDEEM,-20,31,BKG-011739
LTX-0013836,P02542,2025-12-15 09:00:00,EARN,90,121,BKG-010870
LTX-0013837,P01414,2025-10-28 09:00:00,EARN,38,38,BKG-010889
LTX-0013838,P01414,2025-10-28 18:00:00,REDEEM,-30,8,BKG-010889
LTX-0013839,P00233,2025-06-14 09:00:00,EARN,10,10,BKG-010934
LTX-0013840,P02571,2025-06-08 09:00:00,EARN,58,58,BKG-010958
LTX-0013841,P00264,2024-12-30 09:00:00,EARN,50,50,BKG-011921
LTX-0013842,P00264,2025-05-20 09:00:00,EARN,35,85,BKG-011147
LTX-0013843,P00264,2025-05-20 18:00:00,REDEEM,-30,55,BKG-011147
LTX-0013844,P00264,2025-05-21 09:00:00,EARN,55,110,BKG-010960
LTX-0013845,P00264,2025-07-28 09:00:00,EARN,28,138,BKG-012395
LTX-0013846,P00264,2025-07-28 18:00:00,REDEEM,-20,118,BKG-012395
LTX-0013847,P03543,2025-11-27 09:00:00,EARN,41,41,BKG-010967
LTX-0013848,P01797,2025-06-16 09:00:00,EARN,36,36,BKG-012437
LTX-0013849,P01797,2025-06-16 18:00:00,REDEEM,-30,6,BKG-012437
LTX-0013850,P01797,2025-06-27 09:00:00,EARN,29,35,BKG-011004
LTX-0013851,P01797,2025-06-30 09:00:00,EARN,75,110,BKG-011517
LTX-0013852,P00873,2025-06-10 09:00:00,EARN,65,65,BKG-011007
LTX-0013853,P00873,2025-06-10 18:00:00,REDEEM,-20,45,BKG-011007
LTX-0013854,P02306,2025-06-11 09:00:00,EARN,12,12,BKG-011015
LTX-0013855,P02306,2025-11-08 09:00:00,EARN,39,51,BKG-011655
LTX-0013856,P02382,2025-01-04 09:00:00,EARN,20,20,BKG-011056
LTX-0013857,P02952,2025-05-13 09:00:00,EARN,32,32,BKG-011231
LTX-0013858,P02952,2025-07-12 09:00:00,EARN,82,114,BKG-011069
LTX-0013859,P01522,2025-10-31 09:00:00,EARN,32,32,BKG-011077
LTX-0013860,P01912,2025-10-24 09:00:00,EARN,16,16,BKG-011086
LTX-0013861,P01834,2025-07-17 09:00:00,EARN,39,39,BKG-011101
LTX-0013862,P00919,2025-11-23 09:00:00,EARN,38,38,BKG-011113
LTX-0013863,P00919,2025-11-23 18:00:00,REDEEM,-30,8,BKG-011113
LTX-0013864,P03517,2024-12-28 09:00:00,EARN,31,31,BKG-011133
LTX-0013865,P03517,2025-05-17 09:00:00,EARN,32,63,BKG-011187
LTX-0013866,P03927,2025-03-20 09:00:00,EARN,10,10,BKG-011864
LTX-0013867,P03927,2025-05-24 09:00:00,EARN,7,17,BKG-011138
LTX-0013868,P00104,2025-07-02 09:00:00,EARN,41,41,BKG-011247
LTX-0013869,P00104,2025-10-06 09:00:00,EARN,34,75,BKG-011148
LTX-0013870,P02797,2025-03-01 09:00:00,EARN,8,8,BKG-011205
LTX-0013871,P01121,2025-12-02 09:00:00,EARN,34,34,BKG-011206
LTX-0013872,P00891,2025-07-16 09:00:00,EARN,42,42,BKG-011214
LTX-0013873,P01614,2025-04-25 09:00:00,EARN,77,77,BKG-011216
LTX-0013874,P01521,2025-07-05 09:00:00,EARN,49,49,BKG-011263
LTX-0013875,P01521,2025-07-06 09:00:00,EARN,68,117,BKG-011515
LTX-0013876,P03459,2025-05-31 09:00:00,EARN,41,41,BKG-011964
LTX-0013877,P03459,2025-08-20 09:00:00,EARN,80,121,BKG-011307
LTX-0013878,P00142,2025-12-19 09:00:00,EARN,48,48,BKG-011330
LTX-0013879,P00343,2025-11-26 09:00:00,EARN,94,94,BKG-011331
LTX-0013880,P02094,2025-09-19 09:00:00,EARN,17,17,BKG-011355
LTX-0013881,P03562,2025-04-04 09:00:00,EARN,17,17,BKG-011376
LTX-0013882,P03562,2025-09-09 09:00:00,EARN,19,36,BKG-011548
LTX-0013883,P01366,2025-11-09 09:00:00,EARN,106,106,BKG-011392
LTX-0013884,P03437,2025-03-16 09:00:00,EARN,29,29,BKG-011494
LTX-0013885,P01457,2025-05-15 09:00:00,EARN,16,16,BKG-011506
LTX-0013886,P03614,2025-06-16 09:00:00,EARN,48,48,BKG-011558
LTX-0013887,P01017,2025-07-18 09:00:00,EARN,10,10,BKG-011562
LTX-0013888,P01835,2025-09-12 09:00:00,EARN,29,29,BKG-012229
LTX-0013889,P01835,2025-10-19 09:00:00,EARN,29,58,BKG-011745
LTX-0013890,P01835,2025-10-29 09:00:00,EARN,40,98,BKG-011760
LTX-0013891,P01835,2025-12-06 09:00:00,EARN,32,130,BKG-011563
LTX-0013892,P00696,2025-01-09 09:00:00,EARN,42,42,BKG-011577
LTX-0013893,P01942,2025-12-18 09:00:00,EARN,27,27,BKG-011578
LTX-0013894,P03827,2025-06-01 09:00:00,EARN,24,24,BKG-011616
LTX-0013895,P00110,2025-05-18 09:00:00,EARN,99,99,BKG-012011
LTX-0013896,P00110,2025-09-26 09:00:00,EARN,7,106,BKG-011619
LTX-0013897,P01620,2025-07-07 09:00:00,EARN,79,79,BKG-011631
LTX-0013898,P03174,2025-04-20 09:00:00,EARN,47,47,BKG-011667
LTX-0013899,P00490,2025-05-28 09:00:00,EARN,32,32,BKG-011673
LTX-0013900,P02910,2025-07-06 09:00:00,EARN,75,75,BKG-011799
LTX-0013901,P03677,2025-12-08 09:00:00,EARN,96,96,BKG-011803
LTX-0013902,P02159,2025-06-09 09:00:00,EARN,28,28,BKG-011868
LTX-0013903,P02368,2025-02-08 09:00:00,EARN,45,45,BKG-011908
LTX-0013904,P02347,2025-02-13 09:00:00,EARN,29,29,BKG-011913
LTX-0013905,P03490,2025-11-29 09:00:00,EARN,47,47,BKG-011966
LTX-0013906,P00962,2025-08-23 09:00:00,EARN,27,27,BKG-011995
LTX-0013907,P00962,2025-12-02 09:00:00,EARN,25,52,BKG-012247
LTX-0013908,P03847,2025-01-15 09:00:00,EARN,52,52,BKG-012046
LTX-0013909,P02643,2025-07-15 09:00:00,EARN,66,66,BKG-012048
LTX-0013910,P02810,2025-05-09 09:00:00,EARN,54,54,BKG-012073
LTX-0013911,P02810,2025-07-23 09:00:00,EARN,117,171,BKG-012434
LTX-0013912,P00390,2025-06-05 09:00:00,EARN,74,74,BKG-012091
LTX-0013913,P02405,2025-08-16 09:00:00,EARN,8,8,BKG-012214
LTX-0013914,P01343,2025-01-14 09:00:00,EARN,47,47,BKG-012257
LTX-0013915,P00691,2025-05-15 09:00:00,EARN,57,57,BKG-012275
LTX-0013916,P00668,2024-12-28 09:00:00,EARN,70,70,BKG-012288
LTX-0013917,P03240,2025-11-30 09:00:00,EARN,46,46,BKG-012290
LTX-0013918,P02925,2025-06-29 09:00:00,EARN,59,59,BKG-012474
LTX-0013919,P02925,2025-06-29 18:00:00,REDEEM,-20,39,BKG-012474
LTX-0013920,P02925,2025-12-15 09:00:00,EARN,43,82,BKG-012298
LTX-0013921,P00852,2025-03-09 09:00:00,EARN,36,36,BKG-012321
LTX-0013922,P03373,2025-12-17 09:00:00,EARN,100,100,BKG-012323
LTX-0013923,P01408,2025-02-14 09:00:00,EARN,46,46,BKG-012330
LTX-0013924,P00723,2025-08-22 09:00:00,EARN,26,26,BKG-012332
LTX-0013925,P02363,2025-09-29 09:00:00,EARN,42,42,BKG-012343
LTX-0013926,P00835,2025-10-12 09:00:00,EARN,44,44,BKG-012372
LTX-0013927,P00338,2025-03-23 09:00:00,EARN,16,16,BKG-012382
LTX-0013928,P03237,2025-07-30 09:00:00,EARN,41,41,BKG-012400
