loyalty_transaction_sk,passenger_sk,transaction_date_sk,transaction_time_sk,loyalty_transaction_type_sk,loyalty_transaction_id,reference_id,points_transacted,points_balance_after
1,4771,20250220,900,1,LTX-0000001,BKG-000001,39,39
2,4771,20250622,900,1,LTX-0000002,BKG-003803,27,66
3,4771,20250710,900,1,LTX-0000003,BKG-007100,42,108
4,4771,20250826,900,1,LTX-0000004,BKG-007082,16,124
5,3832,20250728,900,1,LTX-0000005,BKG-007177,40,40
6,3832,20251108,900,1,LTX-0000006,BKG-000002,38,78
7,3021,20250112,900,1,LTX-0000007,BKG-000003,52,52
8,3021,20250318,900,1,LTX-0000008,BKG-000279,28,80
9,3022,20250601,900,1,LTX-0000009,BKG-003504,27,107
10,3022,20250606,900,1,LTX-0000010,BKG-010645,64,171
11,4902,20250926,900,1,LTX-0000011,BKG-004338,7,7
12,4902,20251006,900,1,LTX-0000012,BKG-011089,20,27
13,4902,20251006,1800,2,LTX-0000013,BKG-011089,-20,7
14,4902,20251111,900,1,LTX-0000014,BKG-000004,60,67
15,305,20250520,900,1,LTX-0000015,BKG-000005,43,43
16,305,20250829,900,1,LTX-0000016,BKG-002920,63,106
17,305,20250927,900,1,LTX-0000017,BKG-001422,18,124
18,305,20251014,900,1,LTX-0000018,BKG-006719,14,138
19,4621,20250203,900,1,LTX-0000019,BKG-010289,62,62
20,4621,20250210,900,1,LTX-0000020,BKG-003259,70,132
21,4621,20251001,900,1,LTX-0000021,BKG-000006,17,149
22,4621,20251128,900,1,LTX-0000022,BKG-001572,40,189
23,4621,20251205,900,1,LTX-0000023,BKG-009937,41,230
24,1734,20250111,900,1,LTX-0000024,BKG-009918,16,16
25,1734,20250517,900,1,LTX-0000025,BKG-000007,45,61
26,1734,20250818,900,1,LTX-0000026,BKG-011778,16,77
27,3561,20250329,900,1,LTX-0000027,BKG-000008,27,27
28,3561,20250602,900,1,LTX-0000028,BKG-006776,42,69
29,732,20250430,900,1,LTX-0000029,BKG-000009,46,46
30,2474,20250303,900,1,LTX-0000030,BKG-002696,69,69
31,2474,20250303,1800,2,LTX-0000031,BKG-002696,-20,49
32,2474,20250313,900,1,LTX-0000032,BKG-000010,62,111
33,2474,20251109,900,1,LTX-0000033,BKG-005641,66,177
34,2474,20251113,900,1,LTX-0000034,BKG-002067,18,195
35,1969,20250530,900,1,LTX-0000035,BKG-000011,61,61
36,1969,20251216,900,1,LTX-0000036,BKG-004551,50,111
37,1462,20250511,900,1,LTX-0000037,BKG-007396,34,34
38,1462,20250524,900,1,LTX-0000038,BKG-008908,53,87
39,1462,20250921,900,1,LTX-0000039,BKG-002736,72,159
40,1462,20250926,900,1,LTX-0000040,BKG-000012,43,202
41,627,20250301,900,1,LTX-0000041,BKG-008230,42,42
42,627,20250516,900,1,LTX-0000042,BKG-002709,28,70
43,627,20250616,900,1,LTX-0000043,BKG-000013,36,106
44,627,20251126,900,1,LTX-0000044,BKG-002581,10,116
45,1420,20241229,900,1,LTX-0000045,BKG-011787,18,18
46,1420,20250325,900,1,LTX-0000046,BKG-005973,18,36
47,1420,20250926,900,1,LTX-0000047,BKG-000014,55,91
48,3286,20250523,900,1,LTX-0000048,BKG-001090,10,10
49,3286,20250523,1800,2,LTX-0000049,BKG-001090,-10,0
50,3286,20250618,900,1,LTX-0000050,BKG-002160,22,22
51,3286,20250618,1800,2,LTX-0000051,BKG-002160,-10,12
52,3286,20250702,900,1,LTX-0000052,BKG-003660,44,56
53,3286,20251129,900,1,LTX-0000053,BKG-012230,22,78
54,3286,20251217,900,1,LTX-0000054,BKG-000015,12,90
55,3944,20250116,900,1,LTX-0000055,BKG-011191,34,34
56,3945,20250420,900,1,LTX-0000056,BKG-007792,44,78
57,3945,20250524,900,1,LTX-0000057,BKG-000350,43,121
58,3945,20250609,900,1,LTX-0000058,BKG-000016,62,183
59,3945,20250628,900,1,LTX-0000059,BKG-004751,86,269
60,13,20250305,900,1,LTX-0000060,BKG-008423,14,14
61,13,20250527,900,1,LTX-0000061,BKG-000326,7,21
62,13,20250708,900,1,LTX-0000062,BKG-000017,39,60
63,13,20250708,1800,2,LTX-0000063,BKG-000017,-30,30
64,13,20250712,900,1,LTX-0000064,BKG-000378,63,93
65,13,20250911,900,1,LTX-0000065,BKG-003209,69,162
66,3693,20250205,900,1,LTX-0000066,BKG-000018,26,26
67,3693,20250605,900,1,LTX-0000067,BKG-000119,19,45
68,3693,20250623,900,1,LTX-0000068,BKG-003574,20,65
69,308,20250602,900,1,LTX-0000069,BKG-000019,46,46
70,4100,20250415,900,1,LTX-0000070,BKG-012341,57,57
71,4100,20250617,900,1,LTX-0000071,BKG-000020,41,98
72,4100,20250718,900,1,LTX-0000072,BKG-002131,27,125
73,4100,20251216,900,1,LTX-0000073,BKG-004886,45,170
74,1384,20250225,900,1,LTX-0000074,BKG-006316,46,46
75,1385,20250610,900,1,LTX-0000075,BKG-002687,87,133
76,1385,20250613,900,1,LTX-0000076,BKG-002870,78,211
77,1385,20251026,900,1,LTX-0000077,BKG-010126,46,257
78,1385,20251026,1800,2,LTX-0000078,BKG-010126,-30,227
79,1385,20251213,900,1,LTX-0000079,BKG-000021,57,284
80,1799,20250118,900,1,LTX-0000080,BKG-007992,10,10
81,1799,20250313,900,1,LTX-0000081,BKG-000022,48,58
82,1799,20250522,900,1,LTX-0000082,BKG-001344,48,106
83,1799,20250626,900,1,LTX-0000083,BKG-006532,82,188
84,2497,20250517,900,1,LTX-0000084,BKG-004951,58,58
85,2497,20250620,900,1,LTX-0000085,BKG-000023,32,90
86,2497,20250620,1800,2,LTX-0000086,BKG-000023,-10,80
87,2497,20250708,900,1,LTX-0000087,BKG-009192,30,110
88,414,20250329,900,1,LTX-0000088,BKG-008141,38,38
89,414,20250525,900,1,LTX-0000089,BKG-000718,25,63
90,414,20250527,900,1,LTX-0000090,BKG-006418,30,93
91,414,20250622,900,1,LTX-0000091,BKG-010895,60,153
92,414,20250721,900,1,LTX-0000092,BKG-000024,53,206
93,414,20251218,900,1,LTX-0000093,BKG-009151,34,240
94,268,20250214,900,1,LTX-0000094,BKG-011340,41,41
95,268,20250310,900,1,LTX-0000095,BKG-008523,31,72
96,268,20250620,900,1,LTX-0000096,BKG-000025,25,97
97,268,20250627,900,1,LTX-0000097,BKG-000244,28,125
98,268,20250919,900,1,LTX-0000098,BKG-006232,42,167
99,268,20251024,900,1,LTX-0000099,BKG-012274,10,177
100,268,20251122,900,1,LTX-0000100,BKG-001295,19,196
101,673,20250207,900,1,LTX-0000101,BKG-000026,75,75
102,673,20251124,900,1,LTX-0000102,BKG-004784,40,115
103,673,20251202,900,1,LTX-0000103,BKG-008005,72,187
104,140,20250502,900,1,LTX-0000104,BKG-006982,16,16
105,140,20251219,900,1,LTX-0000105,BKG-000027,12,28
106,140,20251219,1800,2,LTX-0000106,BKG-000027,-20,8
107,1707,20250201,900,1,LTX-0000107,BKG-011275,40,40
108,1707,20250423,900,1,LTX-0000108,BKG-001139,34,74
109,1707,20250525,900,1,LTX-0000109,BKG-002758,10,84
110,1707,20250615,900,1,LTX-0000110,BKG-004473,71,155
111,1707,20250629,900,1,LTX-0000111,BKG-001187,60,215
112,1708,20250827,900,1,LTX-0000112,BKG-000028,56,271
113,3031,20250221,900,1,LTX-0000113,BKG-011314,28,28
114,3031,20250619,900,1,LTX-0000114,BKG-000029,87,115
115,3031,20250710,900,1,LTX-0000115,BKG-006059,32,147
116,3031,20250829,900,1,LTX-0000116,BKG-012295,33,180
117,3031,20250924,900,1,LTX-0000117,BKG-008361,11,191
118,4545,20250323,900,1,LTX-0000118,BKG-000030,40,40
119,4545,20250323,1800,2,LTX-0000119,BKG-000030,-30,10
120,4546,20251028,900,1,LTX-0000120,BKG-005173,45,55
121,4546,20251103,900,1,LTX-0000121,BKG-002358,16,71
122,4546,20251115,900,1,LTX-0000122,BKG-003623,37,108
123,4464,20250527,900,1,LTX-0000123,BKG-000358,10,10
124,4464,20250810,900,1,LTX-0000124,BKG-000031,63,73
125,4464,20251206,900,1,LTX-0000125,BKG-012241,19,92
126,2546,20250421,900,1,LTX-0000126,BKG-012101,51,51
127,2546,20250513,900,1,LTX-0000127,BKG-010352,66,117
128,2546,20250513,1800,2,LTX-0000128,BKG-010352,-10,107
129,2547,20250628,900,1,LTX-0000129,BKG-000032,8,115
130,2547,20250703,900,1,LTX-0000130,BKG-002409,48,163
131,2547,20250721,900,1,LTX-0000131,BKG-012334,75,238
132,2547,20250805,900,1,LTX-0000132,BKG-003650,55,293
133,3311,20250601,900,1,LTX-0000133,BKG-000033,59,59
134,3668,20250225,900,1,LTX-0000134,BKG-004408,60,60
135,3668,20250303,900,1,LTX-0000135,BKG-007895,38,98
136,3668,20250803,900,1,LTX-0000136,BKG-011581,30,128
137,3668,20251020,900,1,LTX-0000137,BKG-000986,107,235
138,3668,20251109,900,1,LTX-0000138,BKG-000034,24,259
139,4671,20250311,900,1,LTX-0000139,BKG-005400,8,8
140,4671,20250815,900,1,LTX-0000140,BKG-007465,25,33
141,4671,20251028,900,1,LTX-0000141,BKG-000035,44,77
142,4671,20251103,900,1,LTX-0000142,BKG-005731,38,115
143,4671,20251104,900,1,LTX-0000143,BKG-011003,34,149
144,4671,20251104,1800,2,LTX-0000144,BKG-011003,-10,139
145,4671,20251204,900,1,LTX-0000145,BKG-007422,48,187
146,3825,20250115,900,1,LTX-0000146,BKG-000036,78,78
147,3825,20250428,900,1,LTX-0000147,BKG-009323,10,88
148,3825,20250520,900,1,LTX-0000148,BKG-008537,57,145
149,3825,20250818,900,1,LTX-0000149,BKG-011060,18,163
150,3825,20251112,900,1,LTX-0000150,BKG-001239,19,182
151,3825,20251117,900,1,LTX-0000151,BKG-006968,116,298
152,3825,20251203,900,1,LTX-0000152,BKG-011716,53,351
153,1997,20250410,900,1,LTX-0000153,BKG-000965,20,20
154,1997,20251005,900,1,LTX-0000154,BKG-000037,45,65
155,1997,20251007,900,1,LTX-0000155,BKG-004962,30,95
156,2561,20250211,900,1,LTX-0000156,BKG-000038,14,14
157,2561,20250619,900,1,LTX-0000157,BKG-010443,27,41
158,2561,20250721,900,1,LTX-0000158,BKG-011743,48,89
159,2561,20251013,900,1,LTX-0000159,BKG-001001,47,136
160,3984,20250102,900,1,LTX-0000160,BKG-000039,60,60
161,3984,20250321,900,1,LTX-0000161,BKG-007164,22,82
162,3984,20250321,1800,2,LTX-0000162,BKG-007164,-20,62
163,3984,20250323,900,1,LTX-0000163,BKG-007139,47,109
164,3984,20250712,900,1,LTX-0000164,BKG-007727,88,197
165,3984,20250825,900,1,LTX-0000165,BKG-012160,47,244
166,3984,20251001,900,1,LTX-0000166,BKG-002170,7,251
167,3712,20250114,900,1,LTX-0000167,BKG-004760,42,42
168,3712,20250413,900,1,LTX-0000168,BKG-000040,28,70
169,3712,20250525,900,1,LTX-0000169,BKG-012377,65,135
170,3712,20251202,900,1,LTX-0000170,BKG-006142,41,176
171,4038,20250201,900,1,LTX-0000171,BKG-006237,13,13
172,4038,20250207,900,1,LTX-0000172,BKG-012265,28,41
173,4038,20250705,900,1,LTX-0000173,BKG-012055,32,73
174,4038,20251013,900,1,LTX-0000174,BKG-003502,44,117
175,4038,20251102,900,1,LTX-0000175,BKG-000041,50,167
176,4038,20251201,900,1,LTX-0000176,BKG-010502,67,234
177,3586,20250524,900,1,LTX-0000177,BKG-000042,61,61
178,3586,20250529,900,1,LTX-0000178,BKG-000996,36,97
179,3586,20250529,1800,2,LTX-0000179,BKG-000996,-10,87
180,3586,20251203,900,1,LTX-0000180,BKG-005066,81,168
181,107,20241222,900,1,LTX-0000181,BKG-011347,52,52
182,107,20250319,900,1,LTX-0000182,BKG-003141,44,96
183,107,20250525,900,1,LTX-0000183,BKG-010128,54,150
184,107,20250527,900,1,LTX-0000184,BKG-006733,93,243
185,108,20250920,900,1,LTX-0000185,BKG-005294,28,271
186,108,20251209,900,1,LTX-0000186,BKG-000043,47,318
187,647,20250130,900,1,LTX-0000187,BKG-006384,54,54
188,647,20250429,900,1,LTX-0000188,BKG-000044,98,152
189,927,20250630,900,1,LTX-0000189,BKG-005271,52,52
190,927,20250702,900,1,LTX-0000190,BKG-012141,28,80
191,927,20250707,900,1,LTX-0000191,BKG-000045,10,90
192,927,20250822,900,1,LTX-0000192,BKG-005837,18,108
193,4824,20251217,900,1,LTX-0000193,BKG-000046,50,50
194,4655,20250601,900,1,LTX-0000194,BKG-011863,86,86
195,4655,20250712,900,1,LTX-0000195,BKG-005947,72,158
196,4655,20250817,900,1,LTX-0000196,BKG-012399,31,189
197,4655,20251111,900,1,LTX-0000197,BKG-000047,10,199
198,2248,20250509,900,1,LTX-0000198,BKG-001000,27,27
199,2248,20250613,900,1,LTX-0000199,BKG-000048,76,103
200,2248,20250810,900,1,LTX-0000200,BKG-001830,12,115
201,2248,20251112,900,1,LTX-0000201,BKG-010218,12,127
202,2248,20251127,900,1,LTX-0000202,BKG-011872,68,195
203,2406,20241231,900,1,LTX-0000203,BKG-009420,28,28
204,2406,20250110,900,1,LTX-0000204,BKG-000465,30,58
205,2406,20250112,900,1,LTX-0000205,BKG-003483,36,94
206,2406,20250625,900,1,LTX-0000206,BKG-006950,17,111
207,2406,20250705,900,1,LTX-0000207,BKG-010370,45,156
208,2406,20250916,900,1,LTX-0000208,BKG-006673,42,198
209,2406,20251009,900,1,LTX-0000209,BKG-000049,40,238
210,2407,20251112,900,1,LTX-0000210,BKG-011042,20,258
211,2407,20251220,900,1,LTX-0000211,BKG-009265,47,305
212,4924,20250104,900,1,LTX-0000212,BKG-005672,26,26
213,4924,20250222,900,1,LTX-0000213,BKG-005965,22,48
214,4924,20251111,900,1,LTX-0000214,BKG-000050,46,94
215,1036,20241218,900,1,LTX-0000215,BKG-000051,37,37
216,3024,20250627,900,1,LTX-0000216,BKG-000052,72,72
217,958,20251001,900,1,LTX-0000217,BKG-000053,26,26
218,958,20251127,900,1,LTX-0000218,BKG-011054,38,64
219,2944,20250205,900,1,LTX-0000219,BKG-002146,39,39
220,2944,20250508,900,1,LTX-0000220,BKG-003071,14,53
221,2944,20250703,900,1,LTX-0000221,BKG-009009,50,103
222,2944,20250728,900,1,LTX-0000222,BKG-000054,30,133
223,439,20250203,900,1,LTX-0000223,BKG-000123,71,71
224,439,20250203,1800,2,LTX-0000224,BKG-000123,-20,51
225,439,20250508,900,1,LTX-0000225,BKG-006858,10,61
226,439,20250610,900,1,LTX-0000226,BKG-008366,19,80
227,439,20250610,1800,2,LTX-0000227,BKG-008366,-10,70
228,439,20250616,900,1,LTX-0000228,BKG-011579,53,123
229,439,20250704,900,1,LTX-0000229,BKG-000055,41,164
230,439,20250706,900,1,LTX-0000230,BKG-000734,40,204
231,439,20250710,900,1,LTX-0000231,BKG-004287,53,257
232,4514,20250212,900,1,LTX-0000232,BKG-009838,32,32
233,4514,20250217,900,1,LTX-0000233,BKG-000056,42,74
234,4515,20251121,900,1,LTX-0000234,BKG-000438,11,85
235,1826,20250615,900,1,LTX-0000235,BKG-004543,83,83
236,1826,20250616,900,1,LTX-0000236,BKG-011692,26,109
237,1826,20250616,1800,2,LTX-0000237,BKG-011692,-20,89
238,1826,20250617,900,1,LTX-0000238,BKG-002281,67,156
239,1826,20250807,900,1,LTX-0000239,BKG-007230,43,199
240,1826,20250817,900,1,LTX-0000240,BKG-006981,24,223
241,1826,20250817,1800,2,LTX-0000241,BKG-006981,-20,203
242,1826,20251020,900,1,LTX-0000242,BKG-000057,33,236
243,455,20250608,900,1,LTX-0000243,BKG-005557,43,43
244,455,20250717,900,1,LTX-0000244,BKG-000058,21,64
245,3540,20250204,900,1,LTX-0000245,BKG-003882,46,46
246,3540,20250325,900,1,LTX-0000246,BKG-007166,37,83
247,3540,20250419,900,1,LTX-0000247,BKG-007994,42,125
248,3540,20250429,900,1,LTX-0000248,BKG-006434,32,157
249,3540,20250716,900,1,LTX-0000249,BKG-000059,37,194
250,3540,20251001,900,1,LTX-0000250,BKG-008575,76,270
251,3540,20251001,1800,2,LTX-0000251,BKG-008575,-10,260
252,3540,20251205,900,1,LTX-0000252,BKG-009229,72,332
253,141,20241230,900,1,LTX-0000253,BKG-005198,26,26
254,141,20250114,900,1,LTX-0000254,BKG-004242,44,70
255,141,20250207,900,1,LTX-0000255,BKG-000060,16,86
256,141,20250428,900,1,LTX-0000256,BKG-001067,68,154
257,141,20250514,900,1,LTX-0000257,BKG-011308,70,224
258,141,20250514,1800,2,LTX-0000258,BKG-011308,-30,194
259,141,20251010,900,1,LTX-0000259,BKG-010826,9,203
260,141,20251010,1800,2,LTX-0000260,BKG-010826,-10,193
261,141,20251119,900,1,LTX-0000261,BKG-010971,46,239
262,2162,20250323,900,1,LTX-0000262,BKG-010335,6,6
263,2163,20250618,900,1,LTX-0000263,BKG-012412,44,50
264,2163,20250704,900,1,LTX-0000264,BKG-002636,84,134
265,2163,20250706,900,1,LTX-0000265,BKG-000061,88,222
266,2163,20251020,900,1,LTX-0000266,BKG-012235,60,282
267,1617,20250216,900,1,LTX-0000267,BKG-008948,37,37
268,1617,20250503,900,1,LTX-0000268,BKG-009085,39,76
269,1617,20250706,900,1,LTX-0000269,BKG-000062,39,115
270,1686,20250206,900,1,LTX-0000270,BKG-007460,46,46
271,1686,20250529,900,1,LTX-0000271,BKG-003035,68,114
272,1686,20250529,1800,2,LTX-0000272,BKG-003035,-20,94
273,1686,20250602,900,1,LTX-0000273,BKG-005489,59,153
274,1686,20251011,900,1,LTX-0000274,BKG-000063,49,202
275,1686,20251212,900,1,LTX-0000275,BKG-004883,53,255
276,3042,20250530,900,1,LTX-0000276,BKG-004612,44,44
277,3042,20250622,900,1,LTX-0000277,BKG-003185,47,91
278,3042,20250626,900,1,LTX-0000278,BKG-009677,26,117
279,3043,20251002,900,1,LTX-0000279,BKG-000064,26,143
280,761,20250531,900,1,LTX-0000280,BKG-000065,82,82
281,1305,20250525,900,1,LTX-0000281,BKG-000066,29,29
282,1305,20250529,900,1,LTX-0000282,BKG-008234,45,74
283,1305,20250703,900,1,LTX-0000283,BKG-010511,28,102
284,3567,20241210,900,1,LTX-0000284,BKG-000114,30,30
285,3568,20250617,900,1,LTX-0000285,BKG-000067,45,75
286,3568,20251109,900,1,LTX-0000286,BKG-003793,12,87
287,3109,20250213,900,1,LTX-0000287,BKG-009248,28,28
288,3109,20250305,900,1,LTX-0000288,BKG-011726,14,42
289,3109,20250320,900,1,LTX-0000289,BKG-003090,58,100
290,3109,20250320,1800,2,LTX-0000290,BKG-003090,-20,80
291,3109,20250511,900,1,LTX-0000291,BKG-003744,46,126
292,3109,20250616,900,1,LTX-0000292,BKG-010507,19,145
293,3109,20250715,900,1,LTX-0000293,BKG-000963,54,199
294,3110,20250908,900,1,LTX-0000294,BKG-000068,61,260
295,3110,20250908,1800,2,LTX-0000295,BKG-000068,-10,250
296,979,20241223,900,1,LTX-0000296,BKG-003124,24,24
297,979,20250207,900,1,LTX-0000297,BKG-006856,50,74
298,979,20250207,1800,2,LTX-0000298,BKG-006856,-30,44
299,979,20250327,900,1,LTX-0000299,BKG-000069,42,86
300,979,20250327,1800,2,LTX-0000300,BKG-000069,-30,56
301,979,20250517,900,1,LTX-0000301,BKG-002601,59,115
302,979,20250623,900,1,LTX-0000302,BKG-001986,36,151
303,979,20250629,900,1,LTX-0000303,BKG-007657,35,186
304,979,20250727,900,1,LTX-0000304,BKG-002593,56,242
305,979,20251119,900,1,LTX-0000305,BKG-003439,28,270
306,874,20250804,900,1,LTX-0000306,BKG-000070,50,50
307,874,20250928,900,1,LTX-0000307,BKG-004433,62,112
308,874,20251122,900,1,LTX-0000308,BKG-010607,76,188
309,2109,20250330,900,1,LTX-0000309,BKG-004568,26,26
310,2109,20250616,900,1,LTX-0000310,BKG-001580,38,64
311,2109,20250622,900,1,LTX-0000311,BKG-008065,85,149
312,2109,20250901,900,1,LTX-0000312,BKG-010323,34,183
313,2109,20251130,900,1,LTX-0000313,BKG-000071,73,256
314,1650,20250224,900,1,LTX-0000314,BKG-009693,44,44
315,1650,20250305,900,1,LTX-0000315,BKG-006927,20,64
316,1651,20250601,900,1,LTX-0000316,BKG-010313,30,94
317,1651,20251201,900,1,LTX-0000317,BKG-000072,19,113
318,1390,20250525,900,1,LTX-0000318,BKG-000073,37,37
319,1390,20250816,900,1,LTX-0000319,BKG-010974,48,85
320,276,20250221,900,1,LTX-0000320,BKG-000957,6,6
321,276,20250615,900,1,LTX-0000321,BKG-004625,58,64
322,276,20250719,900,1,LTX-0000322,BKG-003121,41,105
323,276,20250817,900,1,LTX-0000323,BKG-000074,44,149
324,276,20251119,900,1,LTX-0000324,BKG-000283,47,196
325,1693,20250106,900,1,LTX-0000325,BKG-000075,79,79
326,1693,20251024,900,1,LTX-0000326,BKG-004202,41,120
327,1693,20251109,900,1,LTX-0000327,BKG-001701,73,193
328,217,20250227,900,1,LTX-0000328,BKG-012105,34,34
329,217,20250317,900,1,LTX-0000329,BKG-011701,55,89
330,217,20250425,900,1,LTX-0000330,BKG-010121,37,126
331,217,20250503,900,1,LTX-0000331,BKG-011106,37,163
332,217,20250613,900,1,LTX-0000332,BKG-012097,44,207
333,217,20250715,900,1,LTX-0000333,BKG-010127,44,251
334,217,20250715,1800,2,LTX-0000334,BKG-010127,-30,221
335,218,20250918,900,1,LTX-0000335,BKG-000076,42,263
336,3392,20250120,900,1,LTX-0000336,BKG-011724,35,35
337,3392,20250130,900,1,LTX-0000337,BKG-005693,14,49
338,3393,20250531,900,1,LTX-0000338,BKG-000492,58,107
339,3393,20250612,900,1,LTX-0000339,BKG-002385,75,182
340,3393,20250627,900,1,LTX-0000340,BKG-000077,30,212
341,3393,20250711,900,1,LTX-0000341,BKG-004038,39,251
342,3393,20251121,900,1,LTX-0000342,BKG-002352,23,274
343,4333,20250612,900,1,LTX-0000343,BKG-010786,72,72
344,4333,20250616,900,1,LTX-0000344,BKG-011237,26,98
345,4333,20250704,900,1,LTX-0000345,BKG-000078,30,128
346,4333,20251104,900,1,LTX-0000346,BKG-007187,63,191
347,2551,20250204,900,1,LTX-0000347,BKG-002754,40,40
348,2551,20250204,1800,2,LTX-0000348,BKG-002754,-10,30
349,2551,20250331,900,1,LTX-0000349,BKG-010112,60,90
350,2551,20250602,900,1,LTX-0000350,BKG-000079,22,112
351,2551,20250818,900,1,LTX-0000351,BKG-004082,80,192
352,3892,20250110,900,1,LTX-0000352,BKG-006383,31,31
353,3892,20250324,900,1,LTX-0000353,BKG-001890,45,76
354,3892,20250528,900,1,LTX-0000354,BKG-011444,65,141
355,3892,20250625,900,1,LTX-0000355,BKG-008903,73,214
356,3892,20251006,900,1,LTX-0000356,BKG-000080,92,306
357,3892,20251208,900,1,LTX-0000357,BKG-004903,44,350
358,4113,20250613,900,1,LTX-0000358,BKG-008756,72,72
359,4113,20250620,900,1,LTX-0000359,BKG-007231,62,134
360,4113,20250922,900,1,LTX-0000360,BKG-009316,37,171
361,4113,20251114,900,1,LTX-0000361,BKG-006045,48,219
362,4113,20251120,900,1,LTX-0000362,BKG-000081,45,264
363,479,20250622,900,1,LTX-0000363,BKG-000082,38,38
364,1484,20250528,900,1,LTX-0000364,BKG-000083,25,25
365,1484,20250914,900,1,LTX-0000365,BKG-002599,33,58
366,1484,20251119,900,1,LTX-0000366,BKG-005817,44,102
367,1484,20251119,1800,2,LTX-0000367,BKG-005817,-10,92
368,244,20250531,900,1,LTX-0000368,BKG-000084,28,28
369,244,20250725,900,1,LTX-0000369,BKG-010456,63,91
370,244,20250928,900,1,LTX-0000370,BKG-010628,8,99
371,244,20251214,900,1,LTX-0000371,BKG-005299,40,139
372,3610,20250918,900,1,LTX-0000372,BKG-000085,38,38
373,4292,20250405,900,1,LTX-0000373,BKG-001706,36,36
374,4292,20250621,900,1,LTX-0000374,BKG-000086,40,76
375,1004,20250530,900,1,LTX-0000375,BKG-000087,43,43
376,1004,20250604,900,1,LTX-0000376,BKG-008646,36,79
377,1004,20250827,900,1,LTX-0000377,BKG-001843,29,108
378,1004,20251213,900,1,LTX-0000378,BKG-011223,46,154
379,1070,20250707,900,1,LTX-0000379,BKG-000088,75,75
380,3089,20250130,900,1,LTX-0000380,BKG-008371,44,44
381,3089,20250315,900,1,LTX-0000381,BKG-003196,48,92
382,3089,20250426,900,1,LTX-0000382,BKG-003985,30,122
383,3089,20250429,900,1,LTX-0000383,BKG-001956,29,151
384,3089,20250504,900,1,LTX-0000384,BKG-000089,26,177
385,3089,20251012,900,1,LTX-0000385,BKG-006552,18,195
386,3089,20251012,1800,2,LTX-0000386,BKG-006552,-30,165
387,3089,20251111,900,1,LTX-0000387,BKG-000393,33,198
388,3089,20251128,900,1,LTX-0000388,BKG-001490,67,265
389,75,20250116,900,1,LTX-0000389,BKG-010305,52,52
390,76,20250611,900,1,LTX-0000390,BKG-007486,31,83
391,76,20250611,1800,2,LTX-0000391,BKG-007486,-30,53
392,76,20251203,900,1,LTX-0000392,BKG-000090,48,101
393,315,20250509,900,1,LTX-0000393,BKG-004261,34,34
394,315,20251025,900,1,LTX-0000394,BKG-009464,49,83
395,315,20251202,900,1,LTX-0000395,BKG-000091,60,143
396,1596,20251205,900,1,LTX-0000396,BKG-000092,53,53
397,4929,20250712,900,1,LTX-0000397,BKG-000093,26,26
398,2595,20250514,900,1,LTX-0000398,BKG-006063,80,80
399,2595,20250621,900,1,LTX-0000399,BKG-001837,100,180
400,2595,20250624,900,1,LTX-0000400,BKG-009068,60,240
401,2595,20250704,900,1,LTX-0000401,BKG-003345,9,249
402,2595,20250730,900,1,LTX-0000402,BKG-000094,46,295
403,2595,20250730,1800,2,LTX-0000403,BKG-000094,-20,275
404,2595,20251207,900,1,LTX-0000404,BKG-011095,50,325
405,2595,20251211,900,1,LTX-0000405,BKG-012457,50,375
406,2870,20250505,900,1,LTX-0000406,BKG-006068,25,25
407,2870,20250512,900,1,LTX-0000407,BKG-000095,22,47
408,2870,20250627,900,1,LTX-0000408,BKG-010150,53,100
409,2870,20250718,900,1,LTX-0000409,BKG-011152,9,109
410,1247,20250211,900,1,LTX-0000410,BKG-000159,78,78
411,1247,20250602,900,1,LTX-0000411,BKG-000096,45,123
412,1248,20251210,900,1,LTX-0000412,BKG-003014,41,164
413,3576,20250212,900,1,LTX-0000413,BKG-011105,30,30
414,3576,20250424,900,1,LTX-0000414,BKG-000852,8,38
415,3576,20250424,1800,2,LTX-0000415,BKG-000852,-10,28
416,3577,20250820,900,1,LTX-0000416,BKG-000097,9,37
417,3577,20250903,900,1,LTX-0000417,BKG-001328,55,92
418,3577,20251026,900,1,LTX-0000418,BKG-006352,60,152
419,3577,20251119,900,1,LTX-0000419,BKG-001571,39,191
420,3577,20251124,900,1,LTX-0000420,BKG-003669,37,228
421,3577,20251124,1800,2,LTX-0000421,BKG-003669,-10,218
422,3769,20250527,900,1,LTX-0000422,BKG-008448,41,41
423,3769,20250529,900,1,LTX-0000423,BKG-000640,48,89
424,3769,20250621,900,1,LTX-0000424,BKG-000098,55,144
425,3769,20250621,1800,2,LTX-0000425,BKG-000098,-20,124
426,3769,20251105,900,1,LTX-0000426,BKG-010028,13,137
427,3769,20251105,1800,2,LTX-0000427,BKG-010028,-10,127
428,3769,20251119,900,1,LTX-0000428,BKG-008195,18,145
429,3769,20251122,900,1,LTX-0000429,BKG-009145,75,220
430,389,20250529,900,1,LTX-0000430,BKG-004674,28,28
431,389,20251018,900,1,LTX-0000431,BKG-000099,28,56
432,3661,20250109,900,1,LTX-0000432,BKG-000645,22,22
433,3661,20250516,900,1,LTX-0000433,BKG-008596,27,49
434,3661,20250528,900,1,LTX-0000434,BKG-001420,38,87
435,3661,20250624,900,1,LTX-0000435,BKG-000100,52,139
436,3661,20251005,900,1,LTX-0000436,BKG-009417,46,185
437,1569,20250104,900,1,LTX-0000437,BKG-007726,32,32
438,1569,20250104,1800,2,LTX-0000438,BKG-007726,-20,12
439,1569,20250220,900,1,LTX-0000439,BKG-003783,38,50
440,1570,20250724,900,1,LTX-0000440,BKG-000348,37,87
441,1570,20250724,900,1,LTX-0000441,BKG-008181,24,111
442,1570,20250930,900,1,LTX-0000442,BKG-000101,71,182
443,1570,20251125,900,1,LTX-0000443,BKG-011867,53,235
444,3931,20250515,900,1,LTX-0000444,BKG-003106,50,50
445,3931,20250608,900,1,LTX-0000445,BKG-000138,42,92
446,3931,20250621,900,1,LTX-0000446,BKG-000102,48,140
447,3931,20250622,900,1,LTX-0000447,BKG-009942,20,160
448,3931,20250921,900,1,LTX-0000448,BKG-005998,58,218
449,2674,20250117,900,1,LTX-0000449,BKG-005348,24,24
450,2674,20250609,900,1,LTX-0000450,BKG-011276,60,84
451,2674,20250618,900,1,LTX-0000451,BKG-000103,31,115
452,261,20250921,900,1,LTX-0000452,BKG-008730,59,59
453,261,20251028,900,1,LTX-0000453,BKG-000104,69,128
454,1376,20250204,900,1,LTX-0000454,BKG-000105,50,50
455,1376,20250310,900,1,LTX-0000455,BKG-005104,62,112
456,1376,20250529,900,1,LTX-0000456,BKG-007267,48,160
457,808,20250324,900,1,LTX-0000457,BKG-006741,29,29
458,809,20251027,900,1,LTX-0000458,BKG-000106,38,67
459,809,20251109,900,1,LTX-0000459,BKG-003307,40,107
460,1052,20250610,900,1,LTX-0000460,BKG-000107,47,47
461,1052,20250807,900,1,LTX-0000461,BKG-001045,28,75
462,1960,20250527,900,1,LTX-0000462,BKG-001710,19,19
463,1960,20250527,1800,2,LTX-0000463,BKG-001710,-10,9
464,1960,20250529,900,1,LTX-0000464,BKG-000108,59,68
465,1960,20250722,900,1,LTX-0000465,BKG-012002,51,119
466,1960,20251116,900,1,LTX-0000466,BKG-003773,61,180
467,2548,20250104,900,1,LTX-0000467,BKG-000429,34,34
468,2548,20250609,900,1,LTX-0000468,BKG-010562,70,104
469,2548,20250629,900,1,LTX-0000469,BKG-000109,82,186
470,2548,20250910,900,1,LTX-0000470,BKG-001642,58,244
471,2548,20251207,900,1,LTX-0000471,BKG-008808,64,308
472,1216,20250113,900,1,LTX-0000472,BKG-008944,68,68
473,1216,20250314,900,1,LTX-0000473,BKG-011776,38,106
474,1216,20250529,900,1,LTX-0000474,BKG-002903,65,171
475,1216,20250529,1800,2,LTX-0000475,BKG-002903,-20,151
476,1216,20250608,900,1,LTX-0000476,BKG-010764,45,196
477,1216,20250804,900,1,LTX-0000477,BKG-005129,24,220
478,1216,20251120,900,1,LTX-0000478,BKG-000110,64,284
479,2503,20250615,900,1,LTX-0000479,BKG-011323,80,80
480,2503,20250622,900,1,LTX-0000480,BKG-000111,12,92
481,2503,20250920,900,1,LTX-0000481,BKG-006804,40,132
482,2503,20251011,900,1,LTX-0000482,BKG-007459,45,177
483,3477,20250211,900,1,LTX-0000483,BKG-012001,99,99
484,3477,20250217,900,1,LTX-0000484,BKG-011719,38,137
485,3477,20250310,900,1,LTX-0000485,BKG-003272,39,176
486,3477,20250412,900,1,LTX-0000486,BKG-001668,70,246
487,3477,20250429,900,1,LTX-0000487,BKG-009344,55,301
488,3477,20250605,900,1,LTX-0000488,BKG-002788,52,353
489,3477,20251221,900,1,LTX-0000489,BKG-000112,55,408
490,3161,20251204,900,1,LTX-0000490,BKG-000113,15,15
491,2014,20250520,900,1,LTX-0000491,BKG-000115,27,27
492,2014,20250612,900,1,LTX-0000492,BKG-000768,54,81
493,2014,20250625,900,1,LTX-0000493,BKG-010939,79,160
494,2014,20250625,1800,2,LTX-0000494,BKG-010939,-30,130
495,2014,20250723,900,1,LTX-0000495,BKG-006620,37,167
496,2014,20250830,900,1,LTX-0000496,BKG-008170,59,226
497,2014,20251126,900,1,LTX-0000497,BKG-004959,53,279
498,2014,20251203,900,1,LTX-0000498,BKG-009667,34,313
499,2288,20250324,900,1,LTX-0000499,BKG-001575,57,57
500,2288,20250609,900,1,LTX-0000500,BKG-010855,21,78
501,2288,20250803,900,1,LTX-0000501,BKG-011715,60,138
502,2288,20250829,900,1,LTX-0000502,BKG-005653,34,172
503,2288,20250924,900,1,LTX-0000503,BKG-000116,64,236
504,2020,20241231,900,1,LTX-0000504,BKG-011100,25,25
505,2020,20250624,900,1,LTX-0000505,BKG-010060,43,68
506,2020,20250627,900,1,LTX-0000506,BKG-011241,28,96
507,2020,20250818,900,1,LTX-0000507,BKG-000117,58,154
508,2020,20250825,900,1,LTX-0000508,BKG-010165,16,170
509,4206,20241222,900,1,LTX-0000509,BKG-000118,69,69
510,4206,20241222,1800,2,LTX-0000510,BKG-000118,-10,59
511,4206,20250817,900,1,LTX-0000511,BKG-009048,33,92
512,4206,20250817,1800,2,LTX-0000512,BKG-009048,-30,62
513,4206,20251101,900,1,LTX-0000513,BKG-006023,33,95
514,2002,20250214,900,1,LTX-0000514,BKG-006663,28,28
515,2002,20250408,900,1,LTX-0000515,BKG-009613,78,106
516,2002,20250527,900,1,LTX-0000516,BKG-005588,73,179
517,2002,20250606,900,1,LTX-0000517,BKG-001257,61,240
518,2002,20250620,900,1,LTX-0000518,BKG-008649,58,298
519,2002,20250711,900,1,LTX-0000519,BKG-000120,62,360
520,2003,20250823,900,1,LTX-0000520,BKG-009443,27,387
521,2003,20251122,900,1,LTX-0000521,BKG-005379,72,459
522,2003,20251124,900,1,LTX-0000522,BKG-008122,43,502
523,2003,20251208,900,1,LTX-0000523,BKG-001615,48,550
524,2003,20251208,1800,2,LTX-0000524,BKG-001615,-10,540
525,4622,20250404,900,1,LTX-0000525,BKG-011395,42,42
526,4622,20250516,900,1,LTX-0000526,BKG-000121,63,105
527,4622,20250610,900,1,LTX-0000527,BKG-007129,18,123
528,4622,20250612,900,1,LTX-0000528,BKG-003487,46,169
529,4622,20250719,900,1,LTX-0000529,BKG-006333,65,234
530,3219,20250311,900,1,LTX-0000530,BKG-003806,42,42
531,3219,20250315,900,1,LTX-0000531,BKG-003759,38,80
532,3219,20250315,1800,2,LTX-0000532,BKG-003759,-20,60
533,3219,20250521,900,1,LTX-0000533,BKG-004064,31,91
534,3220,20250907,900,1,LTX-0000534,BKG-000122,28,119
535,3220,20251120,900,1,LTX-0000535,BKG-011184,51,170
536,4567,20250318,900,1,LTX-0000536,BKG-006793,16,16
537,4567,20250413,900,1,LTX-0000537,BKG-000124,47,63
538,4567,20250413,1800,2,LTX-0000538,BKG-000124,-20,43
539,4567,20250619,900,1,LTX-0000539,BKG-008370,33,76
540,4567,20250808,900,1,LTX-0000540,BKG-007776,27,103
541,4492,20250316,900,1,LTX-0000541,BKG-011161,36,36
542,4492,20250316,1800,2,LTX-0000542,BKG-011161,-20,16
543,4492,20251215,900,1,LTX-0000543,BKG-000125,56,72
544,597,20250311,900,1,LTX-0000544,BKG-005677,34,34
545,597,20250406,900,1,LTX-0000545,BKG-009074,49,83
546,597,20250628,900,1,LTX-0000546,BKG-007943,63,146
547,597,20251014,900,1,LTX-0000547,BKG-000126,24,170
548,597,20251130,900,1,LTX-0000548,BKG-003560,10,180
549,912,20250717,900,1,LTX-0000549,BKG-000127,34,34
550,912,20251011,900,1,LTX-0000550,BKG-003883,25,59
551,912,20251116,900,1,LTX-0000551,BKG-006133,12,71
552,912,20251123,900,1,LTX-0000552,BKG-005487,68,139
553,912,20251123,1800,2,LTX-0000553,BKG-005487,-30,109
554,719,20250612,900,1,LTX-0000554,BKG-008177,41,41
555,719,20250612,1800,2,LTX-0000555,BKG-008177,-20,21
556,719,20250625,900,1,LTX-0000556,BKG-000128,37,58
557,719,20250706,900,1,LTX-0000557,BKG-008094,56,114
558,719,20250810,900,1,LTX-0000558,BKG-010699,36,150
559,719,20251026,900,1,LTX-0000559,BKG-004985,23,173
560,719,20251202,900,1,LTX-0000560,BKG-007116,68,241
561,35,20250210,900,1,LTX-0000561,BKG-008300,44,44
562,35,20250731,900,1,LTX-0000562,BKG-000129,21,65
563,35,20250930,900,1,LTX-0000563,BKG-008137,28,93
564,35,20251201,900,1,LTX-0000564,BKG-002905,46,139
565,3797,20250623,900,1,LTX-0000565,BKG-008168,49,49
566,3797,20250623,1800,2,LTX-0000566,BKG-008168,-30,19
567,3797,20250709,900,1,LTX-0000567,BKG-006369,49,68
568,3797,20251019,900,1,LTX-0000568,BKG-000130,37,105
569,3797,20251121,900,1,LTX-0000569,BKG-005844,8,113
570,2827,20250707,900,1,LTX-0000570,BKG-011408,65,65
571,2827,20250808,900,1,LTX-0000571,BKG-007089,66,131
572,2827,20250817,900,1,LTX-0000572,BKG-008398,36,167
573,2827,20250827,900,1,LTX-0000573,BKG-000131,46,213
574,3391,20250612,900,1,LTX-0000574,BKG-004901,43,43
575,3391,20250616,900,1,LTX-0000575,BKG-001825,49,92
576,3391,20250710,900,1,LTX-0000576,BKG-002234,48,140
577,3391,20250729,900,1,LTX-0000577,BKG-000132,19,159
578,3391,20250729,1800,2,LTX-0000578,BKG-000132,-20,139
579,3391,20250917,900,1,LTX-0000579,BKG-011230,66,205
580,3313,20241226,900,1,LTX-0000580,BKG-000133,68,68
581,3313,20250914,900,1,LTX-0000581,BKG-009251,60,128
582,4270,20250528,900,1,LTX-0000582,BKG-000134,26,26
583,4271,20250617,900,1,LTX-0000583,BKG-007914,48,74
584,4271,20250925,900,1,LTX-0000584,BKG-000817,16,90
585,4271,20251025,900,1,LTX-0000585,BKG-004053,80,170
586,4271,20251118,900,1,LTX-0000586,BKG-009502,31,201
587,3908,20250205,900,1,LTX-0000587,BKG-011150,66,66
588,3908,20250222,900,1,LTX-0000588,BKG-009435,58,124
589,3908,20250518,900,1,LTX-0000589,BKG-005825,104,228
590,3908,20250519,900,1,LTX-0000590,BKG-000980,31,259
591,3908,20250629,900,1,LTX-0000591,BKG-001712,53,312
592,3908,20250921,900,1,LTX-0000592,BKG-000135,48,360
593,3908,20251201,900,1,LTX-0000593,BKG-001463,57,417
594,4496,20250604,900,1,LTX-0000594,BKG-000136,54,54
595,4196,20250206,900,1,LTX-0000595,BKG-009759,84,84
596,4196,20250206,1800,2,LTX-0000596,BKG-009759,-10,74
597,4196,20250213,900,1,LTX-0000597,BKG-001884,34,108
598,4196,20250604,900,1,LTX-0000598,BKG-000137,73,181
599,4196,20250630,900,1,LTX-0000599,BKG-000208,54,235
600,4196,20250630,1800,2,LTX-0000600,BKG-000208,-10,225
601,4069,20250328,900,1,LTX-0000601,BKG-000783,49,49
602,4069,20251125,900,1,LTX-0000602,BKG-000139,20,69
603,3983,20241231,900,1,LTX-0000603,BKG-002261,45,45
604,3983,20250225,900,1,LTX-0000604,BKG-003720,49,94
605,3983,20250530,900,1,LTX-0000605,BKG-010515,38,132
606,3983,20250820,900,1,LTX-0000606,BKG-009481,41,173
607,3983,20251009,900,1,LTX-0000607,BKG-001888,48,221
608,3983,20251027,900,1,LTX-0000608,BKG-004283,73,294
609,3983,20251027,1800,2,LTX-0000609,BKG-004283,-30,264
610,3983,20251203,900,1,LTX-0000610,BKG-000140,52,316
611,3764,20241229,900,1,LTX-0000611,BKG-000141,42,42
612,3764,20250625,900,1,LTX-0000612,BKG-010240,58,100
613,4300,20250528,900,1,LTX-0000613,BKG-009015,92,92
614,4300,20250704,900,1,LTX-0000614,BKG-003899,49,141
615,4300,20250912,900,1,LTX-0000615,BKG-000142,6,147
616,4300,20251127,900,1,LTX-0000616,BKG-005297,24,171
617,1642,20250221,900,1,LTX-0000617,BKG-000143,43,43
618,1642,20250226,900,1,LTX-0000618,BKG-011663,14,57
619,1642,20250908,900,1,LTX-0000619,BKG-009961,68,125
620,1642,20250908,1800,2,LTX-0000620,BKG-009961,-20,105
621,1642,20250912,900,1,LTX-0000621,BKG-006795,36,141
622,515,20241223,900,1,LTX-0000622,BKG-012209,44,44
623,515,20250709,900,1,LTX-0000623,BKG-006282,15,59
624,515,20250811,900,1,LTX-0000624,BKG-002435,41,100
625,515,20251105,900,1,LTX-0000625,BKG-000144,16,116
626,515,20251128,900,1,LTX-0000626,BKG-010034,101,217
627,1874,20250520,900,1,LTX-0000627,BKG-000145,43,43
628,1874,20250520,1800,2,LTX-0000628,BKG-000145,-10,33
629,1874,20251027,900,1,LTX-0000629,BKG-000879,16,49
630,1874,20251207,900,1,LTX-0000630,BKG-009046,38,87
631,4539,20250616,900,1,LTX-0000631,BKG-000146,61,61
632,4539,20250722,900,1,LTX-0000632,BKG-000534,31,92
633,1876,20250616,900,1,LTX-0000633,BKG-001711,86,86
634,1877,20251004,900,1,LTX-0000634,BKG-000147,26,112
635,616,20250623,900,1,LTX-0000635,BKG-000148,11,11
636,616,20250714,900,1,LTX-0000636,BKG-000524,10,21
637,3627,20250122,900,1,LTX-0000637,BKG-011866,57,57
638,3627,20250123,900,1,LTX-0000638,BKG-007942,38,95
639,3627,20250628,900,1,LTX-0000639,BKG-000149,32,127
640,3627,20250628,1800,2,LTX-0000640,BKG-000149,-10,117
641,3627,20250629,900,1,LTX-0000641,BKG-002157,64,181
642,4919,20250213,900,1,LTX-0000642,BKG-003634,65,65
643,4919,20250219,900,1,LTX-0000643,BKG-009088,54,119
644,4919,20250311,900,1,LTX-0000644,BKG-007849,14,133
645,4919,20250511,900,1,LTX-0000645,BKG-005543,28,161
646,4919,20250525,900,1,LTX-0000646,BKG-008235,21,182
647,4919,20250623,900,1,LTX-0000647,BKG-000150,41,223
648,4919,20250801,900,1,LTX-0000648,BKG-004524,53,276
649,4919,20251002,900,1,LTX-0000649,BKG-007535,36,312
650,4528,20241223,900,1,LTX-0000650,BKG-000151,14,14
651,4528,20250105,900,1,LTX-0000651,BKG-004509,30,44
652,4528,20250105,1800,2,LTX-0000652,BKG-004509,-10,34
653,4529,20250705,900,1,LTX-0000653,BKG-008961,94,128
654,4529,20251105,900,1,LTX-0000654,BKG-007356,82,210
655,4529,20251207,900,1,LTX-0000655,BKG-001831,57,267
656,3957,20250608,900,1,LTX-0000656,BKG-000152,40,40
657,3957,20250623,900,1,LTX-0000657,BKG-006764,43,83
658,3957,20250820,900,1,LTX-0000658,BKG-010133,37,120
659,3957,20251121,900,1,LTX-0000659,BKG-010057,59,179
660,3957,20251122,900,1,LTX-0000660,BKG-001203,53,232
661,1469,20250121,900,1,LTX-0000661,BKG-000329,12,12
662,1469,20250529,900,1,LTX-0000662,BKG-007275,105,117
663,1469,20250714,900,1,LTX-0000663,BKG-000153,26,143
664,1469,20251116,900,1,LTX-0000664,BKG-011154,80,223
665,3494,20250304,900,1,LTX-0000665,BKG-009312,54,54
666,3494,20250602,900,1,LTX-0000666,BKG-000154,70,124
667,3494,20250706,900,1,LTX-0000667,BKG-000379,54,178
668,4353,20250324,900,1,LTX-0000668,BKG-010433,54,54
669,4353,20250324,1800,2,LTX-0000669,BKG-010433,-10,44
670,4353,20250612,900,1,LTX-0000670,BKG-000155,27,71
671,4353,20250716,900,1,LTX-0000671,BKG-007262,50,121
672,4761,20241231,900,1,LTX-0000672,BKG-000156,48,48
673,324,20250618,900,1,LTX-0000673,BKG-011248,68,68
674,324,20250709,900,1,LTX-0000674,BKG-005989,60,128
675,324,20250715,900,1,LTX-0000675,BKG-001279,53,181
676,324,20251210,900,1,LTX-0000676,BKG-000157,65,246
677,324,20251218,900,1,LTX-0000677,BKG-008291,19,265
678,2652,20250620,900,1,LTX-0000678,BKG-007066,59,59
679,2652,20250724,900,1,LTX-0000679,BKG-011586,29,88
680,2652,20250724,1800,2,LTX-0000680,BKG-011586,-30,58
681,2652,20250728,900,1,LTX-0000681,BKG-000158,30,88
682,2653,20251207,900,1,LTX-0000682,BKG-000380,31,119
683,3504,20250609,900,1,LTX-0000683,BKG-000160,45,45
684,3504,20250705,900,1,LTX-0000684,BKG-005410,67,112
685,2353,20250330,900,1,LTX-0000685,BKG-000161,36,36
686,2353,20250531,900,1,LTX-0000686,BKG-012218,9,45
687,2353,20251116,900,1,LTX-0000687,BKG-009944,49,94
688,2715,20241209,900,1,LTX-0000688,BKG-000162,35,35
689,755,20251014,900,1,LTX-0000689,BKG-000163,12,12
690,755,20251201,900,1,LTX-0000690,BKG-001973,50,62
691,755,20251206,900,1,LTX-0000691,BKG-000396,27,89
692,667,20250221,900,1,LTX-0000692,BKG-000164,38,38
693,667,20250222,900,1,LTX-0000693,BKG-009303,54,92
694,2696,20250201,900,1,LTX-0000694,BKG-002985,23,23
695,2696,20250306,900,1,LTX-0000695,BKG-000233,27,50
696,2697,20250711,900,1,LTX-0000696,BKG-008679,28,78
697,2697,20251114,900,1,LTX-0000697,BKG-000165,37,115
698,4927,20250616,900,1,LTX-0000698,BKG-003525,100,100
699,4927,20250715,900,1,LTX-0000699,BKG-008155,95,195
700,4927,20250716,900,1,LTX-0000700,BKG-003583,42,237
701,4927,20250923,900,1,LTX-0000701,BKG-000166,49,286
702,4927,20251218,900,1,LTX-0000702,BKG-000301,63,349
703,4927,20251219,900,1,LTX-0000703,BKG-007975,65,414
704,3205,20250408,900,1,LTX-0000704,BKG-000167,31,31
705,3205,20250416,900,1,LTX-0000705,BKG-000774,37,68
706,980,20250309,900,1,LTX-0000706,BKG-002800,38,38
707,980,20250421,900,1,LTX-0000707,BKG-001284,45,83
708,980,20250622,900,1,LTX-0000708,BKG-007681,9,92
709,980,20250627,900,1,LTX-0000709,BKG-000168,68,160
710,980,20250708,900,1,LTX-0000710,BKG-001481,12,172
711,980,20250708,1800,2,LTX-0000711,BKG-001481,-10,162
712,980,20251104,900,1,LTX-0000712,BKG-005148,31,193
713,980,20251130,900,1,LTX-0000713,BKG-003854,81,274
714,980,20251130,1800,2,LTX-0000714,BKG-003854,-20,254
715,2782,20250815,900,1,LTX-0000715,BKG-000169,23,23
716,2782,20250817,900,1,LTX-0000716,BKG-009089,44,67
717,2782,20250817,1800,2,LTX-0000717,BKG-009089,-20,47
718,2217,20250518,900,1,LTX-0000718,BKG-003265,47,47
719,2217,20250919,900,1,LTX-0000719,BKG-002475,60,107
720,2217,20251216,900,1,LTX-0000720,BKG-000170,78,185
721,2217,20251219,900,1,LTX-0000721,BKG-001182,45,230
722,459,20250309,900,1,LTX-0000722,BKG-003040,25,25
723,459,20250428,900,1,LTX-0000723,BKG-000171,34,59
724,459,20250706,900,1,LTX-0000724,BKG-003372,116,175
725,459,20250706,900,1,LTX-0000725,BKG-004012,59,234
726,459,20250730,900,1,LTX-0000726,BKG-010439,48,282
727,459,20251124,900,1,LTX-0000727,BKG-009779,25,307
728,485,20241227,900,1,LTX-0000728,BKG-006539,50,50
729,485,20250520,900,1,LTX-0000729,BKG-010120,24,74
730,485,20250916,900,1,LTX-0000730,BKG-000172,62,136
731,485,20250916,1800,2,LTX-0000731,BKG-000172,-20,116
732,485,20250930,900,1,LTX-0000732,BKG-008353,68,184
733,1616,20250404,900,1,LTX-0000733,BKG-005042,14,14
734,1616,20250807,900,1,LTX-0000734,BKG-000493,57,71
735,1616,20250821,900,1,LTX-0000735,BKG-005380,22,93
736,1616,20251221,900,1,LTX-0000736,BKG-000173,85,178
737,577,20250113,900,1,LTX-0000737,BKG-007204,47,47
738,577,20250609,900,1,LTX-0000738,BKG-007397,40,87
739,577,20250609,1800,2,LTX-0000739,BKG-007397,-20,67
740,577,20250612,900,1,LTX-0000740,BKG-007790,41,108
741,577,20250621,900,1,LTX-0000741,BKG-008620,38,146
742,577,20250629,900,1,LTX-0000742,BKG-000174,35,181
743,577,20250819,900,1,LTX-0000743,BKG-006430,36,217
744,2281,20241213,900,1,LTX-0000744,BKG-001740,71,71
745,2281,20250624,900,1,LTX-0000745,BKG-000175,97,168
746,2281,20250624,900,1,LTX-0000746,BKG-010990,38,206
747,2282,20251017,900,1,LTX-0000747,BKG-001506,86,292
748,1506,20250513,900,1,LTX-0000748,BKG-001046,22,22
749,1506,20250823,900,1,LTX-0000749,BKG-004993,26,48
750,1506,20250823,1800,2,LTX-0000750,BKG-004993,-30,18
751,1506,20251211,900,1,LTX-0000751,BKG-000176,28,46
752,1506,20251211,1800,2,LTX-0000752,BKG-000176,-30,16
753,1506,20251221,900,1,LTX-0000753,BKG-002448,104,120
754,4691,20241211,900,1,LTX-0000754,BKG-002290,47,47
755,4691,20250627,900,1,LTX-0000755,BKG-000750,17,64
756,4691,20250628,900,1,LTX-0000756,BKG-009413,29,93
757,4691,20250707,900,1,LTX-0000757,BKG-004036,47,140
758,4691,20251121,900,1,LTX-0000758,BKG-000177,58,198
759,3019,20250302,900,1,LTX-0000759,BKG-000360,9,9
760,3019,20250330,900,1,LTX-0000760,BKG-000178,44,53
761,3019,20250613,900,1,LTX-0000761,BKG-001593,79,132
762,3019,20250613,1800,2,LTX-0000762,BKG-001593,-10,122
763,3019,20250831,900,1,LTX-0000763,BKG-011560,45,167
764,3019,20251026,900,1,LTX-0000764,BKG-003355,40,207
765,3019,20251210,900,1,LTX-0000765,BKG-011714,70,277
766,4330,20250104,900,1,LTX-0000766,BKG-000179,44,44
767,4330,20250620,900,1,LTX-0000767,BKG-012369,61,105
768,4330,20250624,900,1,LTX-0000768,BKG-011080,41,146
769,4330,20250716,900,1,LTX-0000769,BKG-002503,15,161
770,4330,20250716,1800,2,LTX-0000770,BKG-002503,-30,131
771,4330,20250718,900,1,LTX-0000771,BKG-012197,10,141
772,4572,20241217,900,1,LTX-0000772,BKG-011360,56,56
773,4573,20250605,900,1,LTX-0000773,BKG-000180,61,117
774,4573,20250811,900,1,LTX-0000774,BKG-004208,45,162
775,4573,20251213,900,1,LTX-0000775,BKG-000868,20,182
776,4573,20251213,1800,2,LTX-0000776,BKG-000868,-10,172
777,2806,20250219,900,1,LTX-0000777,BKG-011462,8,8
778,2806,20250223,900,1,LTX-0000778,BKG-000653,42,50
779,2806,20250223,1800,2,LTX-0000779,BKG-000653,-20,30
780,2806,20250729,900,1,LTX-0000780,BKG-005124,65,95
781,2806,20250729,1800,2,LTX-0000781,BKG-005124,-30,65
782,2806,20251019,900,1,LTX-0000782,BKG-000181,32,97
783,2806,20251024,900,1,LTX-0000783,BKG-005362,63,160
784,2143,20241223,900,1,LTX-0000784,BKG-012194,40,40
785,2143,20250509,900,1,LTX-0000785,BKG-004626,16,56
786,2143,20250603,900,1,LTX-0000786,BKG-006841,37,93
787,2143,20250705,900,1,LTX-0000787,BKG-012292,35,128
788,2143,20250721,900,1,LTX-0000788,BKG-010776,26,154
789,2143,20251215,900,1,LTX-0000789,BKG-000182,51,205
790,3415,20250309,900,1,LTX-0000790,BKG-004111,51,51
791,3416,20250717,900,1,LTX-0000791,BKG-000462,35,86
792,3416,20251102,900,1,LTX-0000792,BKG-000183,25,111
793,3416,20251102,1800,2,LTX-0000793,BKG-000183,-30,81
794,3416,20251115,900,1,LTX-0000794,BKG-003188,57,138
795,3416,20251115,1800,2,LTX-0000795,BKG-003188,-10,128
796,3416,20251123,900,1,LTX-0000796,BKG-001685,37,165
797,1547,20250305,900,1,LTX-0000797,BKG-000184,44,44
798,1547,20250515,900,1,LTX-0000798,BKG-005687,27,71
799,1547,20250525,900,1,LTX-0000799,BKG-010524,76,147
800,3993,20250622,900,1,LTX-0000800,BKG-012470,47,47
801,3993,20250705,900,1,LTX-0000801,BKG-011972,32,79
802,3993,20251016,900,1,LTX-0000802,BKG-000185,50,129
803,3993,20251107,900,1,LTX-0000803,BKG-002772,80,209
804,3993,20251107,1800,2,LTX-0000804,BKG-002772,-10,199
805,1250,20241218,900,1,LTX-0000805,BKG-001014,17,17
806,1250,20250210,900,1,LTX-0000806,BKG-001673,34,51
807,1251,20250608,900,1,LTX-0000807,BKG-008768,47,98
808,1251,20250818,900,1,LTX-0000808,BKG-000186,17,115
809,2525,20241210,900,1,LTX-0000809,BKG-007333,64,64
810,2525,20250529,900,1,LTX-0000810,BKG-000187,53,117
811,2525,20250529,1800,2,LTX-0000811,BKG-000187,-30,87
812,2526,20250829,900,1,LTX-0000812,BKG-010935,31,118
813,2526,20251211,900,1,LTX-0000813,BKG-004949,52,170
814,173,20250117,900,1,LTX-0000814,BKG-001364,41,41
815,173,20250326,900,1,LTX-0000815,BKG-000188,36,77
816,173,20250619,900,1,LTX-0000816,BKG-008362,124,201
817,173,20250630,900,1,LTX-0000817,BKG-007498,60,261
818,173,20251001,900,1,LTX-0000818,BKG-002856,27,288
819,173,20251002,900,1,LTX-0000819,BKG-000973,61,349
820,173,20251215,900,1,LTX-0000820,BKG-007021,74,423
821,173,20251215,1800,2,LTX-0000821,BKG-007021,-30,393
822,3942,20250206,900,1,LTX-0000822,BKG-004673,38,38
823,3942,20250530,900,1,LTX-0000823,BKG-001662,25,63
824,3942,20250921,900,1,LTX-0000824,BKG-006924,10,73
825,3942,20250922,900,1,LTX-0000825,BKG-008789,67,140
826,3942,20251206,900,1,LTX-0000826,BKG-000189,41,181
827,3869,20250424,900,1,LTX-0000827,BKG-002046,25,25
828,3869,20250522,900,1,LTX-0000828,BKG-000190,96,121
829,3869,20250526,900,1,LTX-0000829,BKG-001496,28,149
830,477,20250704,900,1,LTX-0000830,BKG-004061,47,47
831,477,20250913,900,1,LTX-0000831,BKG-000191,28,75
832,477,20251119,900,1,LTX-0000832,BKG-007513,30,105
833,477,20251119,1800,2,LTX-0000833,BKG-007513,-10,95
834,477,20251125,900,1,LTX-0000834,BKG-000359,23,118
835,1487,20250525,900,1,LTX-0000835,BKG-000192,83,83
836,1487,20250707,900,1,LTX-0000836,BKG-009504,63,146
837,1487,20250913,900,1,LTX-0000837,BKG-001136,24,170
838,1487,20251209,900,1,LTX-0000838,BKG-005625,20,190
839,2698,20250605,900,1,LTX-0000839,BKG-007964,54,54
840,2698,20250613,900,1,LTX-0000840,BKG-000590,32,86
841,2698,20250623,900,1,LTX-0000841,BKG-005711,43,129
842,2698,20251009,900,1,LTX-0000842,BKG-000193,8,137
843,2698,20251214,900,1,LTX-0000843,BKG-009440,79,216
844,2698,20251214,1800,2,LTX-0000844,BKG-009440,-10,206
845,2953,20250124,900,1,LTX-0000845,BKG-000194,16,16
846,2953,20250330,900,1,LTX-0000846,BKG-011202,74,90
847,2953,20250521,900,1,LTX-0000847,BKG-012232,56,146
848,2953,20251124,900,1,LTX-0000848,BKG-006479,67,213
849,2953,20251124,1800,2,LTX-0000849,BKG-006479,-20,193
850,4432,20250224,900,1,LTX-0000850,BKG-007926,59,59
851,4432,20250609,900,1,LTX-0000851,BKG-012076,12,71
852,4432,20251109,900,1,LTX-0000852,BKG-000195,33,104
853,3915,20250828,900,1,LTX-0000853,BKG-002264,46,46
854,3916,20251212,900,1,LTX-0000854,BKG-000196,63,109
855,628,20250312,900,1,LTX-0000855,BKG-005835,18,18
856,628,20250621,900,1,LTX-0000856,BKG-004118,47,65
857,628,20250809,900,1,LTX-0000857,BKG-000197,71,136
858,628,20250817,900,1,LTX-0000858,BKG-000748,32,168
859,628,20251220,900,1,LTX-0000859,BKG-009081,47,215
860,456,20250306,900,1,LTX-0000860,BKG-008705,52,52
861,456,20250416,900,1,LTX-0000861,BKG-009802,40,92
862,456,20250902,900,1,LTX-0000862,BKG-000198,20,112
863,456,20250902,1800,2,LTX-0000863,BKG-000198,-30,82
864,457,20251117,900,1,LTX-0000864,BKG-004584,38,120
865,622,20250214,900,1,LTX-0000865,BKG-012258,6,6
866,622,20250514,900,1,LTX-0000866,BKG-000199,52,58
867,622,20250630,900,1,LTX-0000867,BKG-001551,47,105
868,4096,20250603,900,1,LTX-0000868,BKG-005684,26,26
869,4096,20250615,900,1,LTX-0000869,BKG-003989,44,70
870,4096,20250621,900,1,LTX-0000870,BKG-001564,73,143
871,4096,20250703,900,1,LTX-0000871,BKG-000200,54,197
872,4097,20251214,900,1,LTX-0000872,BKG-007815,20,217
873,2025,20250520,900,1,LTX-0000873,BKG-000201,68,68
874,2025,20250609,900,1,LTX-0000874,BKG-000901,54,122
875,2025,20250716,900,1,LTX-0000875,BKG-003460,33,155
876,2582,20250402,900,1,LTX-0000876,BKG-009552,20,20
877,2583,20250613,900,1,LTX-0000877,BKG-005586,56,76
878,2583,20250615,900,1,LTX-0000878,BKG-000202,35,111
879,2583,20250615,1800,2,LTX-0000879,BKG-000202,-10,101
880,2583,20250706,900,1,LTX-0000880,BKG-010255,51,152
881,2583,20250724,900,1,LTX-0000881,BKG-010010,34,186
882,2583,20250925,900,1,LTX-0000882,BKG-007338,26,212
883,2583,20251118,900,1,LTX-0000883,BKG-003202,95,307
884,2583,20251118,1800,2,LTX-0000884,BKG-003202,-10,297
885,2583,20251126,900,1,LTX-0000885,BKG-001538,91,388
886,2066,20250528,900,1,LTX-0000886,BKG-002059,30,30
887,2066,20250702,900,1,LTX-0000887,BKG-000203,70,100
888,2066,20250717,900,1,LTX-0000888,BKG-003370,48,148
889,2066,20251125,900,1,LTX-0000889,BKG-001326,88,236
890,2066,20251208,900,1,LTX-0000890,BKG-001957,60,296
891,36,20250118,900,1,LTX-0000891,BKG-010682,55,55
892,36,20250527,900,1,LTX-0000892,BKG-000204,48,103
893,36,20250529,900,1,LTX-0000893,BKG-010905,17,120
894,36,20250529,1800,2,LTX-0000894,BKG-010905,-30,90
895,36,20251125,900,1,LTX-0000895,BKG-011145,82,172
896,784,20250705,900,1,LTX-0000896,BKG-010350,55,55
897,784,20250705,1800,2,LTX-0000897,BKG-010350,-10,45
898,784,20250713,900,1,LTX-0000898,BKG-000205,9,54
899,785,20251109,900,1,LTX-0000899,BKG-001399,21,75
900,2627,20250412,900,1,LTX-0000900,BKG-010583,55,55
901,2627,20250420,900,1,LTX-0000901,BKG-010956,78,133
902,2627,20250605,900,1,LTX-0000902,BKG-003741,95,228
903,2627,20250713,900,1,LTX-0000903,BKG-002011,48,276
904,2628,20251203,900,1,LTX-0000904,BKG-007247,80,356
905,2628,20251214,900,1,LTX-0000905,BKG-000206,61,417
906,4084,20250107,900,1,LTX-0000906,BKG-000949,42,42
907,4084,20250622,900,1,LTX-0000907,BKG-004829,45,87
908,4084,20250917,900,1,LTX-0000908,BKG-003351,57,144
909,4084,20251109,900,1,LTX-0000909,BKG-002472,46,190
910,4084,20251129,900,1,LTX-0000910,BKG-000207,12,202
911,4084,20251204,900,1,LTX-0000911,BKG-001877,58,260
912,4084,20251204,900,1,LTX-0000912,BKG-011181,77,337
913,4463,20250721,900,1,LTX-0000913,BKG-004508,76,76
914,4463,20250905,900,1,LTX-0000914,BKG-000209,10,86
915,1458,20250328,900,1,LTX-0000915,BKG-002029,26,26
916,1458,20250328,1800,2,LTX-0000916,BKG-002029,-10,16
917,1458,20250418,900,1,LTX-0000917,BKG-006477,88,104
918,1458,20250613,900,1,LTX-0000918,BKG-007385,47,151
919,1458,20250715,900,1,LTX-0000919,BKG-003841,36,187
920,1458,20250812,900,1,LTX-0000920,BKG-001942,28,215
921,1458,20251007,900,1,LTX-0000921,BKG-006248,12,227
922,1458,20251107,900,1,LTX-0000922,BKG-000889,37,264
923,1458,20251221,900,1,LTX-0000923,BKG-000210,66,330
924,4079,20250409,900,1,LTX-0000924,BKG-000211,60,60
925,4079,20250829,900,1,LTX-0000925,BKG-003348,13,73
926,4079,20250829,1800,2,LTX-0000926,BKG-003348,-20,53
927,1743,20250324,900,1,LTX-0000927,BKG-003884,26,26
928,1743,20250628,900,1,LTX-0000928,BKG-001633,68,94
929,1743,20251014,900,1,LTX-0000929,BKG-000212,31,125
930,1743,20251127,900,1,LTX-0000930,BKG-009834,96,221
931,1743,20251128,900,1,LTX-0000931,BKG-008941,90,311
932,2909,20250426,900,1,LTX-0000932,BKG-006463,39,39
933,2909,20250627,900,1,LTX-0000933,BKG-003432,45,84
934,2909,20250721,900,1,LTX-0000934,BKG-000213,53,137
935,2909,20251204,900,1,LTX-0000935,BKG-005604,38,175
936,2909,20251204,1800,2,LTX-0000936,BKG-005604,-10,165
937,2909,20251218,900,1,LTX-0000937,BKG-002901,37,202
938,4566,20250101,900,1,LTX-0000938,BKG-000688,36,36
939,4566,20250215,900,1,LTX-0000939,BKG-008610,31,67
940,4566,20250402,900,1,LTX-0000940,BKG-000214,85,152
941,4566,20250916,900,1,LTX-0000941,BKG-001134,42,194
942,1192,20250723,900,1,LTX-0000942,BKG-000215,42,42
943,3383,20250226,900,1,LTX-0000943,BKG-009605,32,32
944,3384,20251025,900,1,LTX-0000944,BKG-003143,63,95
945,3384,20251108,900,1,LTX-0000945,BKG-000216,76,171
946,2157,20241221,900,1,LTX-0000946,BKG-000217,13,13
947,2157,20241230,900,1,LTX-0000947,BKG-005448,36,49
948,2157,20250704,900,1,LTX-0000948,BKG-008902,39,88
949,2157,20251129,900,1,LTX-0000949,BKG-004515,26,114
950,3707,20250626,900,1,LTX-0000950,BKG-001517,98,98
951,3707,20250704,900,1,LTX-0000951,BKG-000218,79,177
952,3707,20250704,900,1,LTX-0000952,BKG-003491,91,268
953,3298,20250323,900,1,LTX-0000953,BKG-000992,45,45
954,3298,20250519,900,1,LTX-0000954,BKG-001174,62,107
955,3298,20250604,900,1,LTX-0000955,BKG-000219,37,144
956,3299,20251027,900,1,LTX-0000956,BKG-003597,11,155
957,669,20250904,900,1,LTX-0000957,BKG-000220,50,50
958,4729,20250204,900,1,LTX-0000958,BKG-001488,46,46
959,4729,20251001,900,1,LTX-0000959,BKG-007658,50,96
960,4729,20251204,900,1,LTX-0000960,BKG-000221,41,137
961,4729,20251211,900,1,LTX-0000961,BKG-005054,43,180
962,3584,20250114,900,1,LTX-0000962,BKG-001720,30,30
963,3584,20250701,900,1,LTX-0000963,BKG-009077,33,63
964,3584,20250707,900,1,LTX-0000964,BKG-003442,18,81
965,3584,20250713,900,1,LTX-0000965,BKG-001098,46,127
966,3584,20251112,900,1,LTX-0000966,BKG-002891,12,139
967,3584,20251120,900,1,LTX-0000967,BKG-000222,24,163
968,1530,20250826,900,1,LTX-0000968,BKG-000223,27,27
969,1530,20250906,900,1,LTX-0000969,BKG-003925,13,40
970,1530,20251021,900,1,LTX-0000970,BKG-009293,18,58
971,1530,20251130,900,1,LTX-0000971,BKG-010072,19,77
972,3612,20250309,900,1,LTX-0000972,BKG-002892,27,27
973,3612,20250322,900,1,LTX-0000973,BKG-002654,29,56
974,3612,20250322,1800,2,LTX-0000974,BKG-002654,-30,26
975,3612,20250523,900,1,LTX-0000975,BKG-000224,43,69
976,2657,20250705,900,1,LTX-0000976,BKG-003947,62,62
977,2657,20250707,900,1,LTX-0000977,BKG-007213,112,174
978,2657,20250813,900,1,LTX-0000978,BKG-000225,42,216
979,2657,20251106,900,1,LTX-0000979,BKG-004354,26,242
980,4389,20250103,900,1,LTX-0000980,BKG-009678,37,37
981,4389,20250221,900,1,LTX-0000981,BKG-006404,38,75
982,4389,20250221,1800,2,LTX-0000982,BKG-006404,-10,65
983,4389,20250309,900,1,LTX-0000983,BKG-009646,58,123
984,4390,20250528,900,1,LTX-0000984,BKG-010491,35,158
985,4390,20250929,900,1,LTX-0000985,BKG-000226,28,186
986,2744,20250520,900,1,LTX-0000986,BKG-000227,23,23
987,2744,20251015,900,1,LTX-0000987,BKG-002380,69,92
988,2744,20251015,1800,2,LTX-0000988,BKG-002380,-20,72
989,2744,20251126,900,1,LTX-0000989,BKG-003929,36,108
990,4701,20250527,900,1,LTX-0000990,BKG-000228,98,98
991,4701,20250627,900,1,LTX-0000991,BKG-011078,71,169
992,1001,20250114,900,1,LTX-0000992,BKG-000229,8,8
993,1001,20250220,900,1,LTX-0000993,BKG-001778,62,70
994,1001,20250622,900,1,LTX-0000994,BKG-003717,48,118
995,1001,20251205,900,1,LTX-0000995,BKG-002137,66,184
996,2896,20250606,900,1,LTX-0000996,BKG-001085,37,37
997,2896,20250710,900,1,LTX-0000997,BKG-000230,48,85
998,2896,20251202,900,1,LTX-0000998,BKG-007311,15,100
999,2896,20251205,900,1,LTX-0000999,BKG-006665,8,108
1000,2896,20251205,1800,2,LTX-0001000,BKG-006665,-10,98
1001,3360,20250120,900,1,LTX-0001001,BKG-011099,20,20
1002,3360,20250801,900,1,LTX-0001002,BKG-006188,32,52
1003,3360,20251030,900,1,LTX-0001003,BKG-000231,80,132
1004,3360,20251109,900,1,LTX-0001004,BKG-002513,59,191
1005,3647,20250129,900,1,LTX-0001005,BKG-011188,58,58
1006,3648,20250324,900,1,LTX-0001006,BKG-002876,60,118
1007,3648,20250527,900,1,LTX-0001007,BKG-012366,29,147
1008,3648,20250604,900,1,LTX-0001008,BKG-000278,69,216
1009,3648,20250630,900,1,LTX-0001009,BKG-000232,52,268
1010,3648,20250720,900,1,LTX-0001010,BKG-004081,9,277
1011,3648,20250724,900,1,LTX-0001011,BKG-007673,28,305
1012,949,20250127,900,1,LTX-0001012,BKG-003208,42,42
1013,949,20250127,1800,2,LTX-0001013,BKG-003208,-30,12
1014,949,20250503,900,1,LTX-0001014,BKG-000234,61,73
1015,949,20250503,1800,2,LTX-0001015,BKG-000234,-30,43
1016,3722,20250428,900,1,LTX-0001016,BKG-008484,47,47
1017,3722,20250721,900,1,LTX-0001017,BKG-000235,14,61
1018,3722,20250723,900,1,LTX-0001018,BKG-010393,19,80
1019,3722,20250829,900,1,LTX-0001019,BKG-001758,71,151
1020,3722,20251012,900,1,LTX-0001020,BKG-003404,59,210
1021,3722,20251218,900,1,LTX-0001021,BKG-004084,60,270
1022,3938,20250610,900,1,LTX-0001022,BKG-010153,9,9
1023,3938,20250626,900,1,LTX-0001023,BKG-010122,41,50
1024,3938,20250816,900,1,LTX-0001024,BKG-000236,23,73
1025,3938,20250819,900,1,LTX-0001025,BKG-000389,68,141
1026,3938,20250819,1800,2,LTX-0001026,BKG-000389,-20,121
1027,3938,20251207,900,1,LTX-0001027,BKG-000460,93,214
1028,3851,20250325,900,1,LTX-0001028,BKG-006638,45,45
1029,3851,20250614,900,1,LTX-0001029,BKG-001449,25,70
1030,3851,20250614,1800,2,LTX-0001030,BKG-001449,-20,50
1031,3851,20250624,900,1,LTX-0001031,BKG-000576,70,120
1032,3851,20250702,900,1,LTX-0001032,BKG-010618,63,183
1033,3851,20250805,900,1,LTX-0001033,BKG-000237,54,237
1034,3851,20251017,900,1,LTX-0001034,BKG-001093,30,267
1035,3851,20251125,900,1,LTX-0001035,BKG-005443,15,282
1036,3851,20251206,900,1,LTX-0001036,BKG-006951,68,350
1037,1970,20250202,900,1,LTX-0001037,BKG-006717,14,14
1038,1970,20250311,900,1,LTX-0001038,BKG-008565,78,92
1039,1970,20250522,900,1,LTX-0001039,BKG-006338,11,103
1040,1970,20250615,900,1,LTX-0001040,BKG-000238,32,135
1041,1970,20250820,900,1,LTX-0001041,BKG-011422,8,143
1042,1970,20250928,900,1,LTX-0001042,BKG-006148,54,197
1043,1970,20251016,900,1,LTX-0001043,BKG-001780,28,225
1044,1970,20251016,1800,2,LTX-0001044,BKG-001780,-30,195
1045,280,20250512,900,1,LTX-0001045,BKG-000239,74,74
1046,281,20250707,900,1,LTX-0001046,BKG-009072,75,149
1047,281,20250712,900,1,LTX-0001047,BKG-008758,56,205
1048,281,20250717,900,1,LTX-0001048,BKG-005801,60,265
1049,4267,20250226,900,1,LTX-0001049,BKG-000243,50,50
1050,4267,20250819,900,1,LTX-0001050,BKG-000240,37,87
1051,4267,20251211,900,1,LTX-0001051,BKG-005345,85,172
1052,1165,20241223,900,1,LTX-0001052,BKG-000241,36,36
1053,1165,20250529,900,1,LTX-0001053,BKG-001863,86,122
1054,1165,20250620,900,1,LTX-0001054,BKG-012411,41,163
1055,1165,20250702,900,1,LTX-0001055,BKG-001577,53,216
1056,3009,20241223,900,1,LTX-0001056,BKG-011306,41,41
1057,3009,20250222,900,1,LTX-0001057,BKG-003993,79,120
1058,3009,20250712,900,1,LTX-0001058,BKG-006122,64,184
1059,3009,20251015,900,1,LTX-0001059,BKG-002182,53,237
1060,3009,20251025,900,1,LTX-0001060,BKG-000242,25,262
1061,4858,20250507,900,1,LTX-0001061,BKG-000840,18,18
1062,4858,20250706,900,1,LTX-0001062,BKG-000245,61,79
1063,4858,20250819,900,1,LTX-0001063,BKG-001941,19,98
1064,4858,20251127,900,1,LTX-0001064,BKG-004149,61,159
1065,4858,20251129,900,1,LTX-0001065,BKG-000569,67,226
1066,4858,20251129,1800,2,LTX-0001066,BKG-000569,-10,216
1067,1227,20250102,900,1,LTX-0001067,BKG-003123,28,28
1068,1227,20250203,900,1,LTX-0001068,BKG-011648,16,44
1069,1227,20250205,900,1,LTX-0001069,BKG-008506,55,99
1070,1227,20250614,900,1,LTX-0001070,BKG-003913,50,149
1071,1227,20250614,1800,2,LTX-0001071,BKG-003913,-10,139
1072,1227,20250625,900,1,LTX-0001072,BKG-011418,64,203
1073,1227,20250819,900,1,LTX-0001073,BKG-005217,8,211
1074,1227,20250914,900,1,LTX-0001074,BKG-000246,41,252
1075,1227,20251126,900,1,LTX-0001075,BKG-004003,71,323
1076,4588,20250929,900,1,LTX-0001076,BKG-006671,35,35
1077,4588,20250929,1800,2,LTX-0001077,BKG-006671,-10,25
1078,4588,20251014,900,1,LTX-0001078,BKG-000247,34,59
1079,4588,20251118,900,1,LTX-0001079,BKG-009906,27,86
1080,223,20250506,900,1,LTX-0001080,BKG-000642,64,64
1081,223,20250726,900,1,LTX-0001081,BKG-005949,54,118
1082,223,20250726,1800,2,LTX-0001082,BKG-005949,-10,108
1083,223,20250831,900,1,LTX-0001083,BKG-010339,66,174
1084,223,20251112,900,1,LTX-0001084,BKG-000248,17,191
1085,223,20251121,900,1,LTX-0001085,BKG-010923,45,236
1086,223,20251128,900,1,LTX-0001086,BKG-007925,12,248
1087,223,20251128,1800,2,LTX-0001087,BKG-007925,-20,228
1088,1016,20250523,900,1,LTX-0001088,BKG-000249,66,66
1089,1016,20250701,900,1,LTX-0001089,BKG-008013,70,136
1090,1016,20250731,900,1,LTX-0001090,BKG-004562,69,205
1091,1016,20250801,900,1,LTX-0001091,BKG-012043,33,238
1092,1016,20250812,900,1,LTX-0001092,BKG-002965,24,262
1093,1189,20250227,900,1,LTX-0001093,BKG-006686,48,48
1094,1189,20250813,900,1,LTX-0001094,BKG-000250,22,70
1095,1189,20251016,900,1,LTX-0001095,BKG-006125,47,117
1096,1189,20251016,900,1,LTX-0001096,BKG-006182,33,150
1097,172,20250110,900,1,LTX-0001097,BKG-003714,46,46
1098,172,20250131,900,1,LTX-0001098,BKG-000251,71,117
1099,172,20250203,900,1,LTX-0001099,BKG-011898,9,126
1100,172,20250619,900,1,LTX-0001100,BKG-005381,12,138
1101,172,20250619,1800,2,LTX-0001101,BKG-005381,-30,108
1102,172,20251122,900,1,LTX-0001102,BKG-008604,76,184
1103,172,20251125,900,1,LTX-0001103,BKG-006005,74,258
1104,172,20251205,900,1,LTX-0001104,BKG-011841,68,326
1105,3181,20250207,900,1,LTX-0001105,BKG-008125,53,53
1106,3181,20250324,900,1,LTX-0001106,BKG-000252,30,83
1107,3181,20250531,900,1,LTX-0001107,BKG-001083,55,138
1108,3181,20250727,900,1,LTX-0001108,BKG-010922,65,203
1109,3727,20250218,900,1,LTX-0001109,BKG-011905,42,42
1110,3727,20250512,900,1,LTX-0001110,BKG-011387,76,118
1111,3727,20250512,1800,2,LTX-0001111,BKG-011387,-20,98
1112,3727,20250621,900,1,LTX-0001112,BKG-000253,20,118
1113,3727,20251125,900,1,LTX-0001113,BKG-002123,88,206
1114,3727,20251214,900,1,LTX-0001114,BKG-008338,46,252
1115,1432,20250518,900,1,LTX-0001115,BKG-000254,62,62
1116,1432,20251013,900,1,LTX-0001116,BKG-000855,8,70
1117,1962,20250513,900,1,LTX-0001117,BKG-000255,29,29
1118,4686,20250210,900,1,LTX-0001118,BKG-011112,8,8
1119,4686,20250702,900,1,LTX-0001119,BKG-000256,41,49
1120,4686,20251112,900,1,LTX-0001120,BKG-008633,18,67
1121,1907,20250111,900,1,LTX-0001121,BKG-007320,40,40
1122,1907,20250205,900,1,LTX-0001122,BKG-004156,34,74
1123,1907,20250402,900,1,LTX-0001123,BKG-012130,12,86
1124,1907,20250402,1800,2,LTX-0001124,BKG-012130,-10,76
1125,1907,20250414,900,1,LTX-0001125,BKG-000257,31,107
1126,1907,20250526,900,1,LTX-0001126,BKG-001372,41,148
1127,4920,20250525,900,1,LTX-0001127,BKG-005602,41,41
1128,4920,20250607,900,1,LTX-0001128,BKG-000258,50,91
1129,4920,20251124,900,1,LTX-0001129,BKG-009959,25,116
1130,791,20250624,900,1,LTX-0001130,BKG-012213,54,54
1131,791,20250703,900,1,LTX-0001131,BKG-007556,37,91
1132,791,20250811,900,1,LTX-0001132,BKG-000259,90,181
1133,791,20251015,900,1,LTX-0001133,BKG-010827,73,254
1134,230,20250528,900,1,LTX-0001134,BKG-003212,32,32
1135,230,20250616,900,1,LTX-0001135,BKG-000260,50,82
1136,230,20250716,900,1,LTX-0001136,BKG-003735,12,94
1137,230,20251115,900,1,LTX-0001137,BKG-007079,79,173
1138,72,20250228,900,1,LTX-0001138,BKG-005918,7,7
1139,72,20250608,900,1,LTX-0001139,BKG-001183,33,40
1140,72,20250609,900,1,LTX-0001140,BKG-005364,43,83
1141,72,20250624,900,1,LTX-0001141,BKG-000261,51,134
1142,72,20250627,900,1,LTX-0001142,BKG-007008,19,153
1143,72,20250712,900,1,LTX-0001143,BKG-005571,22,175
1144,72,20251205,900,1,LTX-0001144,BKG-003507,80,255
1145,1032,20250109,900,1,LTX-0001145,BKG-001924,55,55
1146,1032,20250316,900,1,LTX-0001146,BKG-006866,47,102
1147,1032,20250316,1800,2,LTX-0001147,BKG-006866,-10,92
1148,1032,20250622,900,1,LTX-0001148,BKG-011253,46,138
1149,1032,20250622,1800,2,LTX-0001149,BKG-011253,-20,118
1150,1032,20251114,900,1,LTX-0001150,BKG-006166,43,161
1151,1032,20251114,1800,2,LTX-0001151,BKG-006166,-30,131
1152,1032,20251124,900,1,LTX-0001152,BKG-000262,47,178
1153,3754,20250913,900,1,LTX-0001153,BKG-001501,88,88
1154,3754,20250913,1800,2,LTX-0001154,BKG-001501,-10,78
1155,3755,20251217,900,1,LTX-0001155,BKG-000263,41,119
1156,4794,20250118,900,1,LTX-0001156,BKG-007376,23,23
1157,4794,20250630,900,1,LTX-0001157,BKG-000264,55,78
1158,4794,20250708,900,1,LTX-0001158,BKG-003441,42,120
1159,4794,20250708,1800,2,LTX-0001159,BKG-003441,-30,90
1160,4794,20250722,900,1,LTX-0001160,BKG-005886,32,122
1161,2491,20250227,900,1,LTX-0001161,BKG-000265,33,33
1162,2492,20250416,900,1,LTX-0001162,BKG-002381,55,88
1163,2492,20251006,900,1,LTX-0001163,BKG-002454,32,120
1164,4355,20241211,900,1,LTX-0001164,BKG-001193,6,6
1165,4355,20250131,900,1,LTX-0001165,BKG-000266,23,29
1166,1586,20250526,900,1,LTX-0001166,BKG-000267,62,62
1167,1586,20250526,1800,2,LTX-0001167,BKG-000267,-20,42
1168,1586,20250611,900,1,LTX-0001168,BKG-004297,19,61
1169,1586,20250705,900,1,LTX-0001169,BKG-002179,34,95
1170,1586,20250705,1800,2,LTX-0001170,BKG-002179,-20,75
1171,1586,20250719,900,1,LTX-0001171,BKG-000795,38,113
1172,1586,20250719,1800,2,LTX-0001172,BKG-000795,-30,83
1173,4089,20250426,900,1,LTX-0001173,BKG-000268,59,59
1174,4089,20250516,900,1,LTX-0001174,BKG-002227,23,82
1175,4090,20251126,900,1,LTX-0001175,BKG-007228,57,139
1176,4311,20250114,900,1,LTX-0001176,BKG-006077,36,36
1177,4311,20250208,900,1,LTX-0001177,BKG-000269,22,58
1178,4312,20251118,900,1,LTX-0001178,BKG-005466,42,100
1179,380,20250410,900,1,LTX-0001179,BKG-000270,11,11
1180,380,20250510,900,1,LTX-0001180,BKG-009468,13,24
1181,380,20250901,900,1,LTX-0001181,BKG-007789,23,47
1182,4192,20250320,900,1,LTX-0001182,BKG-000271,37,37
1183,1332,20250112,900,1,LTX-0001183,BKG-000272,15,15
1184,1333,20250609,900,1,LTX-0001184,BKG-007850,68,83
1185,4495,20250503,900,1,LTX-0001185,BKG-000273,53,53
1186,4495,20250515,900,1,LTX-0001186,BKG-009339,16,69
1187,4495,20250617,900,1,LTX-0001187,BKG-001298,100,169
1188,2251,20241227,900,1,LTX-0001188,BKG-011417,27,27
1189,2251,20250715,900,1,LTX-0001189,BKG-001889,61,88
1190,2251,20251114,900,1,LTX-0001190,BKG-011662,12,100
1191,2251,20251129,900,1,LTX-0001191,BKG-000274,47,147
1192,2537,20250422,900,1,LTX-0001192,BKG-004100,14,14
1193,2537,20250509,900,1,LTX-0001193,BKG-005789,123,137
1194,2537,20250509,1800,2,LTX-0001194,BKG-005789,-10,127
1195,2537,20250623,900,1,LTX-0001195,BKG-009921,59,186
1196,2537,20250623,1800,2,LTX-0001196,BKG-009921,-30,156
1197,2537,20250630,900,1,LTX-0001197,BKG-001989,43,199
1198,2537,20250630,1800,2,LTX-0001198,BKG-001989,-10,189
1199,2537,20250704,900,1,LTX-0001199,BKG-005404,33,222
1200,2537,20251113,900,1,LTX-0001200,BKG-000275,65,287
1201,2155,20250323,900,1,LTX-0001201,BKG-010132,63,63
1202,2155,20251005,900,1,LTX-0001202,BKG-003653,30,93
1203,2155,20251005,1800,2,LTX-0001203,BKG-003653,-10,83
1204,2155,20251113,900,1,LTX-0001204,BKG-000276,26,109
1205,3435,20250123,900,1,LTX-0001205,BKG-000277,50,50
1206,3435,20250713,900,1,LTX-0001206,BKG-009811,79,129
1207,3435,20250907,900,1,LTX-0001207,BKG-003302,28,157
1208,4707,20250212,900,1,LTX-0001208,BKG-009146,58,58
1209,4707,20250301,900,1,LTX-0001209,BKG-002519,59,117
1210,4707,20250325,900,1,LTX-0001210,BKG-000280,64,181
1211,4707,20250325,1800,2,LTX-0001211,BKG-000280,-20,161
1212,4707,20250625,900,1,LTX-0001212,BKG-002897,44,205
1213,4708,20251113,900,1,LTX-0001213,BKG-004101,12,217
1214,4708,20251113,1800,2,LTX-0001214,BKG-004101,-10,207
1215,4708,20251129,900,1,LTX-0001215,BKG-005197,62,269
1216,2101,20241229,900,1,LTX-0001216,BKG-009404,58,58
1217,2101,20250305,900,1,LTX-0001217,BKG-006600,41,99
1218,2101,20250405,900,1,LTX-0001218,BKG-008286,69,168
1219,2101,20250405,1800,2,LTX-0001219,BKG-008286,-30,138
1220,2101,20250726,900,1,LTX-0001220,BKG-000915,24,162
1221,2101,20250825,900,1,LTX-0001221,BKG-001636,14,176
1222,2101,20251201,900,1,LTX-0001222,BKG-009266,43,219
1223,2101,20251202,900,1,LTX-0001223,BKG-000281,115,334
1224,2101,20251213,900,1,LTX-0001224,BKG-000932,9,343
1225,2101,20251213,1800,2,LTX-0001225,BKG-000932,-20,323
1226,4284,20250513,900,1,LTX-0001226,BKG-012040,29,29
1227,4284,20250705,900,1,LTX-0001227,BKG-002233,21,50
1228,4284,20250705,1800,2,LTX-0001228,BKG-002233,-30,20
1229,4284,20250719,900,1,LTX-0001229,BKG-001613,47,67
1230,4284,20251018,900,1,LTX-0001230,BKG-009227,45,112
1231,4284,20251130,900,1,LTX-0001231,BKG-000282,87,199
1232,1213,20250709,900,1,LTX-0001232,BKG-008590,63,63
1233,1213,20251207,900,1,LTX-0001233,BKG-000284,45,108
1234,3646,20250217,900,1,LTX-0001234,BKG-008706,70,70
1235,3646,20250318,900,1,LTX-0001235,BKG-009142,53,123
1236,3646,20250414,900,1,LTX-0001236,BKG-000285,59,182
1237,3076,20250217,900,1,LTX-0001237,BKG-007607,50,50
1238,3076,20250219,900,1,LTX-0001238,BKG-003702,16,66
1239,3076,20250928,900,1,LTX-0001239,BKG-000286,12,78
1240,3077,20251201,900,1,LTX-0001240,BKG-004665,37,115
1241,3077,20251220,900,1,LTX-0001241,BKG-008718,85,200
1242,1890,20250127,900,1,LTX-0001242,BKG-010196,38,38
1243,1890,20251122,900,1,LTX-0001243,BKG-000287,31,69
1244,1890,20251203,900,1,LTX-0001244,BKG-003821,43,112
1245,4488,20250214,900,1,LTX-0001245,BKG-010908,6,6
1246,4488,20250401,900,1,LTX-0001246,BKG-001751,41,47
1247,4488,20250811,900,1,LTX-0001247,BKG-000288,27,74
1248,4488,20251111,900,1,LTX-0001248,BKG-000644,53,127
1249,1423,20250725,900,1,LTX-0001249,BKG-000289,37,37
1250,1423,20251123,900,1,LTX-0001250,BKG-009459,18,55
1251,3288,20250129,900,1,LTX-0001251,BKG-009928,41,41
1252,3288,20250129,1800,2,LTX-0001252,BKG-009928,-10,31
1253,3288,20250311,900,1,LTX-0001253,BKG-000290,42,73
1254,3288,20250718,900,1,LTX-0001254,BKG-011120,84,157
1255,3288,20251128,900,1,LTX-0001255,BKG-003917,35,192
1256,3288,20251128,1800,2,LTX-0001256,BKG-003917,-20,172
1257,3288,20251216,900,1,LTX-0001257,BKG-009370,38,210
1258,1986,20250421,900,1,LTX-0001258,BKG-003369,42,42
1259,1986,20250519,900,1,LTX-0001259,BKG-008529,45,87
1260,1986,20250519,1800,2,LTX-0001260,BKG-008529,-10,77
1261,1986,20250524,900,1,LTX-0001261,BKG-000291,40,117
1262,1986,20250524,1800,2,LTX-0001262,BKG-000291,-10,107
1263,1986,20250702,900,1,LTX-0001263,BKG-007613,13,120
1264,1986,20250731,900,1,LTX-0001264,BKG-003786,84,204
1265,1986,20251217,900,1,LTX-0001265,BKG-006151,47,251
1266,2788,20250711,900,1,LTX-0001266,BKG-007276,20,20
1267,2788,20251210,900,1,LTX-0001267,BKG-000292,70,90
1268,2788,20251219,900,1,LTX-0001268,BKG-002391,25,115
1269,2571,20250323,900,1,LTX-0001269,BKG-000293,77,77
1270,2571,20250604,900,1,LTX-0001270,BKG-006422,46,123
1271,4923,20251023,900,1,LTX-0001271,BKG-006488,28,28
1272,4923,20251115,900,1,LTX-0001272,BKG-000294,40,68
1273,2261,20250110,900,1,LTX-0001273,BKG-000295,39,39
1274,2261,20250711,900,1,LTX-0001274,BKG-010293,54,93
1275,2261,20251130,900,1,LTX-0001275,BKG-011976,43,136
1276,1199,20250126,900,1,LTX-0001276,BKG-000296,26,26
1277,1199,20250303,900,1,LTX-0001277,BKG-006963,34,60
1278,1199,20250625,900,1,LTX-0001278,BKG-002504,25,85
1279,1199,20250729,900,1,LTX-0001279,BKG-005407,41,126
1280,1199,20250729,1800,2,LTX-0001280,BKG-005407,-20,106
1281,1199,20250916,900,1,LTX-0001281,BKG-009999,9,115
1282,1199,20250921,900,1,LTX-0001282,BKG-001211,48,163
1283,3045,20250103,900,1,LTX-0001283,BKG-000297,18,18
1284,3045,20250603,900,1,LTX-0001284,BKG-003581,36,54
1285,3045,20250902,900,1,LTX-0001285,BKG-006512,21,75
1286,3045,20251011,900,1,LTX-0001286,BKG-002997,40,115
1287,3045,20251127,900,1,LTX-0001287,BKG-006249,36,151
1288,3045,20251127,1800,2,LTX-0001288,BKG-006249,-30,121
1289,1550,20250301,900,1,LTX-0001289,BKG-000634,24,24
1290,1550,20250307,900,1,LTX-0001290,BKG-000298,37,61
1291,1550,20250319,900,1,LTX-0001291,BKG-005850,10,71
1292,1550,20250526,900,1,LTX-0001292,BKG-006985,84,155
1293,1550,20250526,1800,2,LTX-0001293,BKG-006985,-10,145
1294,3498,20250531,900,1,LTX-0001294,BKG-003434,12,12
1295,3499,20251003,900,1,LTX-0001295,BKG-000299,36,48
1296,3499,20251216,900,1,LTX-0001296,BKG-003380,72,120
1297,4501,20241216,900,1,LTX-0001297,BKG-000300,7,7
1298,4501,20250605,900,1,LTX-0001298,BKG-002836,45,52
1299,4501,20251014,900,1,LTX-0001299,BKG-007531,25,77
1300,3795,20241230,900,1,LTX-0001300,BKG-000302,19,19
1301,3795,20250718,900,1,LTX-0001301,BKG-002431,20,39
1302,3795,20250718,1800,2,LTX-0001302,BKG-002431,-10,29
1303,3795,20251206,900,1,LTX-0001303,BKG-006652,76,105
1304,1100,20250413,900,1,LTX-0001304,BKG-001703,40,40
1305,1100,20250530,900,1,LTX-0001305,BKG-006799,36,76
1306,1100,20250530,1800,2,LTX-0001306,BKG-006799,-10,66
1307,1100,20250620,900,1,LTX-0001307,BKG-003074,38,104
1308,1100,20250701,900,1,LTX-0001308,BKG-008921,38,142
1309,1100,20250701,1800,2,LTX-0001309,BKG-008921,-30,112
1310,1101,20251009,900,1,LTX-0001310,BKG-007933,26,138
1311,1101,20251029,900,1,LTX-0001311,BKG-010111,28,166
1312,1101,20251110,900,1,LTX-0001312,BKG-003987,50,216
1313,1101,20251201,900,1,LTX-0001313,BKG-000303,20,236
1314,1101,20251216,900,1,LTX-0001314,BKG-008643,42,278
1315,4690,20250615,900,1,LTX-0001315,BKG-000477,91,91
1316,4690,20250615,1800,2,LTX-0001316,BKG-000477,-20,71
1317,4690,20250812,900,1,LTX-0001317,BKG-000304,72,143
1318,4690,20251013,900,1,LTX-0001318,BKG-003408,44,187
1319,3770,20250716,900,1,LTX-0001319,BKG-002094,51,51
1320,3770,20250717,900,1,LTX-0001320,BKG-000305,60,111
1321,3770,20251117,900,1,LTX-0001321,BKG-005849,32,143
1322,551,20250501,900,1,LTX-0001322,BKG-011236,27,27
1323,551,20250604,900,1,LTX-0001323,BKG-002387,22,49
1324,551,20250604,1800,2,LTX-0001324,BKG-002387,-20,29
1325,551,20250605,900,1,LTX-0001325,BKG-006094,39,68
1326,551,20250707,900,1,LTX-0001326,BKG-010996,65,133
1327,551,20251019,900,1,LTX-0001327,BKG-000306,68,201
1328,236,20250116,900,1,LTX-0001328,BKG-001922,39,39
1329,236,20250316,900,1,LTX-0001329,BKG-000307,31,70
1330,1297,20250521,900,1,LTX-0001330,BKG-000886,88,88
1331,1297,20250611,900,1,LTX-0001331,BKG-006209,17,105
1332,1297,20250914,900,1,LTX-0001332,BKG-000308,68,173
1333,3948,20250623,900,1,LTX-0001333,BKG-009065,39,39
1334,3949,20251027,900,1,LTX-0001334,BKG-000309,69,108
1335,3949,20251027,1800,2,LTX-0001335,BKG-000309,-30,78
1336,3949,20251208,900,1,LTX-0001336,BKG-011296,47,125
1337,4362,20250110,900,1,LTX-0001337,BKG-000310,24,24
1338,4362,20250525,900,1,LTX-0001338,BKG-008468,70,94
1339,4362,20251221,900,1,LTX-0001339,BKG-000575,112,206
1340,2399,20241231,900,1,LTX-0001340,BKG-000311,74,74
1341,2399,20241231,1800,2,LTX-0001341,BKG-000311,-30,44
1342,2399,20251005,900,1,LTX-0001342,BKG-007426,73,117
1343,2399,20251013,900,1,LTX-0001343,BKG-006318,70,187
1344,329,20250430,900,1,LTX-0001344,BKG-012482,29,29
1345,329,20250610,900,1,LTX-0001345,BKG-002753,84,113
1346,329,20250817,900,1,LTX-0001346,BKG-000312,42,155
1347,329,20250817,1800,2,LTX-0001347,BKG-000312,-20,135
1348,2499,20250530,900,1,LTX-0001348,BKG-012119,36,36
1349,2499,20250716,900,1,LTX-0001349,BKG-002588,42,78
1350,2500,20250815,900,1,LTX-0001350,BKG-006969,37,115
1351,2500,20251026,900,1,LTX-0001351,BKG-003893,21,136
1352,2500,20251030,900,1,LTX-0001352,BKG-009138,18,154
1353,2500,20251118,900,1,LTX-0001353,BKG-000313,62,216
1354,2500,20251209,900,1,LTX-0001354,BKG-009195,48,264
1355,4242,20250502,900,1,LTX-0001355,BKG-011698,16,16
1356,4242,20250609,900,1,LTX-0001356,BKG-000314,50,66
1357,346,20250520,900,1,LTX-0001357,BKG-000315,58,58
1358,346,20250621,900,1,LTX-0001358,BKG-009860,47,105
1359,346,20251002,900,1,LTX-0001359,BKG-008295,48,153
1360,346,20251129,900,1,LTX-0001360,BKG-005252,82,235
1361,3195,20250514,900,1,LTX-0001361,BKG-001964,67,67
1362,3195,20250526,900,1,LTX-0001362,BKG-000316,40,107
1363,3195,20250705,900,1,LTX-0001363,BKG-001495,43,150
1364,3195,20250713,900,1,LTX-0001364,BKG-008093,17,167
1365,3195,20250811,900,1,LTX-0001365,BKG-009377,40,207
1366,3195,20250811,1800,2,LTX-0001366,BKG-009377,-30,177
1367,1947,20250409,900,1,LTX-0001367,BKG-000317,45,45
1368,1947,20250409,1800,2,LTX-0001368,BKG-000317,-30,15
1369,1947,20250927,900,1,LTX-0001369,BKG-012262,95,110
1370,1947,20251216,900,1,LTX-0001370,BKG-009545,88,198
1371,509,20241227,900,1,LTX-0001371,BKG-004528,52,52
1372,509,20250523,900,1,LTX-0001372,BKG-011910,65,117
1373,509,20250616,900,1,LTX-0001373,BKG-001190,83,200
1374,509,20250624,900,1,LTX-0001374,BKG-001423,45,245
1375,509,20250630,900,1,LTX-0001375,BKG-000318,50,295
1376,509,20250824,900,1,LTX-0001376,BKG-002057,73,368
1377,950,20251125,900,1,LTX-0001377,BKG-000319,82,82
1378,950,20251125,1800,2,LTX-0001378,BKG-000319,-10,72
1379,210,20250213,900,1,LTX-0001379,BKG-004803,23,23
1380,210,20250527,900,1,LTX-0001380,BKG-002877,21,44
1381,210,20250610,900,1,LTX-0001381,BKG-001421,44,88
1382,210,20250623,900,1,LTX-0001382,BKG-008439,25,113
1383,210,20250814,900,1,LTX-0001383,BKG-006420,24,137
1384,210,20251125,900,1,LTX-0001384,BKG-000320,64,201
1385,210,20251215,900,1,LTX-0001385,BKG-010324,39,240
1386,270,20241213,900,1,LTX-0001386,BKG-011278,22,22
1387,270,20250113,900,1,LTX-0001387,BKG-000928,74,96
1388,270,20250425,900,1,LTX-0001388,BKG-009373,16,112
1389,270,20250506,900,1,LTX-0001389,BKG-004823,48,160
1390,270,20250607,900,1,LTX-0001390,BKG-008613,39,199
1391,270,20250710,900,1,LTX-0001391,BKG-000321,53,252
1392,270,20250719,900,1,LTX-0001392,BKG-001799,38,290
1393,270,20251203,900,1,LTX-0001393,BKG-012000,41,331
1394,3097,20250501,900,1,LTX-0001394,BKG-000322,25,25
1395,3097,20250924,900,1,LTX-0001395,BKG-001589,16,41
1396,3097,20251115,900,1,LTX-0001396,BKG-006172,47,88
1397,160,20250401,900,1,LTX-0001397,BKG-005665,33,33
1398,160,20250525,900,1,LTX-0001398,BKG-008250,60,93
1399,160,20250525,1800,2,LTX-0001399,BKG-008250,-10,83
1400,160,20250805,900,1,LTX-0001400,BKG-000323,38,121
1401,160,20250907,900,1,LTX-0001401,BKG-009483,28,149
1402,160,20250907,1800,2,LTX-0001402,BKG-009483,-30,119
1403,161,20251128,900,1,LTX-0001403,BKG-009958,61,180
1404,161,20251128,1800,2,LTX-0001404,BKG-009958,-10,170
1405,161,20251220,900,1,LTX-0001405,BKG-007543,74,244
1406,161,20251220,1800,2,LTX-0001406,BKG-007543,-10,234
1407,161,20251221,900,1,LTX-0001407,BKG-009639,43,277
1408,3710,20250212,900,1,LTX-0001408,BKG-000324,63,63
1409,1304,20250207,900,1,LTX-0001409,BKG-004195,34,34
1410,1304,20250404,900,1,LTX-0001410,BKG-005444,14,48
1411,1304,20250514,900,1,LTX-0001411,BKG-002440,12,60
1412,1304,20250624,900,1,LTX-0001412,BKG-002214,40,100
1413,1304,20250714,900,1,LTX-0001413,BKG-000325,36,136
1414,1304,20250714,1800,2,LTX-0001414,BKG-000325,-20,116
1415,1304,20251004,900,1,LTX-0001415,BKG-008126,54,170
1416,1304,20251004,1800,2,LTX-0001416,BKG-008126,-20,150
1417,4713,20250329,900,1,LTX-0001417,BKG-002455,76,76
1418,4714,20250628,900,1,LTX-0001418,BKG-000327,76,152
1419,4714,20250809,900,1,LTX-0001419,BKG-008148,90,242
1420,2442,20250211,900,1,LTX-0001420,BKG-000328,32,32
1421,2442,20250721,900,1,LTX-0001421,BKG-003656,79,111
1422,2442,20250910,900,1,LTX-0001422,BKG-010921,34,145
1423,1240,20250116,900,1,LTX-0001423,BKG-011026,27,27
1424,1240,20250312,900,1,LTX-0001424,BKG-005244,42,69
1425,1240,20250312,1800,2,LTX-0001425,BKG-005244,-10,59
1426,1240,20250413,900,1,LTX-0001426,BKG-000330,59,118
1427,1240,20250528,900,1,LTX-0001427,BKG-007434,30,148
1428,1240,20250620,900,1,LTX-0001428,BKG-008940,26,174
1429,1240,20251111,900,1,LTX-0001429,BKG-001729,29,203
1430,4139,20250305,900,1,LTX-0001430,BKG-010848,29,29
1431,4139,20250604,900,1,LTX-0001431,BKG-008068,55,84
1432,4139,20250604,1800,2,LTX-0001432,BKG-008068,-20,64
1433,4139,20250617,900,1,LTX-0001433,BKG-000331,57,121
1434,4139,20250617,1800,2,LTX-0001434,BKG-000331,-30,91
1435,1664,20250528,900,1,LTX-0001435,BKG-001573,68,68
1436,1664,20250624,900,1,LTX-0001436,BKG-005811,53,121
1437,1665,20250910,900,1,LTX-0001437,BKG-000332,40,161
1438,1011,20241213,900,1,LTX-0001438,BKG-003568,24,24
1439,1011,20250619,900,1,LTX-0001439,BKG-000333,32,56
1440,1011,20250909,900,1,LTX-0001440,BKG-002384,17,73
1441,1011,20250909,1800,2,LTX-0001441,BKG-002384,-20,53
1442,1011,20251005,900,1,LTX-0001442,BKG-011257,23,76
1443,1283,20250601,900,1,LTX-0001443,BKG-000334,33,33
1444,1283,20250601,1800,2,LTX-0001444,BKG-000334,-10,23
1445,1283,20250909,900,1,LTX-0001445,BKG-000509,71,94
1446,3133,20250113,900,1,LTX-0001446,BKG-001556,48,48
1447,3133,20250319,900,1,LTX-0001447,BKG-007405,38,86
1448,3133,20250901,900,1,LTX-0001448,BKG-007472,46,132
1449,3133,20251021,900,1,LTX-0001449,BKG-000335,12,144
1450,3133,20251203,900,1,LTX-0001450,BKG-011941,25,169
1451,683,20250414,900,1,LTX-0001451,BKG-000336,44,44
1452,683,20251004,900,1,LTX-0001452,BKG-011073,36,80
1453,4696,20250515,900,1,LTX-0001453,BKG-000337,76,76
1454,4696,20250701,900,1,LTX-0001454,BKG-011297,93,169
1455,4696,20250720,900,1,LTX-0001455,BKG-003684,67,236
1456,4696,20250721,900,1,LTX-0001456,BKG-011749,17,253
1457,2785,20250124,900,1,LTX-0001457,BKG-008984,29,29
1458,2785,20250318,900,1,LTX-0001458,BKG-012238,31,60
1459,2785,20250405,900,1,LTX-0001459,BKG-000567,53,113
1460,2785,20250407,900,1,LTX-0001460,BKG-006198,17,130
1461,2785,20250609,900,1,LTX-0001461,BKG-009160,34,164
1462,2786,20251103,900,1,LTX-0001462,BKG-000338,26,190
1463,2786,20251103,1800,2,LTX-0001463,BKG-000338,-20,170
1464,3492,20250724,900,1,LTX-0001464,BKG-000339,36,36
1465,4643,20250206,900,1,LTX-0001465,BKG-011675,81,81
1466,4644,20251113,900,1,LTX-0001466,BKG-000340,18,99
1467,4644,20251121,900,1,LTX-0001467,BKG-012283,58,157
1468,4819,20250118,900,1,LTX-0001468,BKG-003160,23,23
1469,4819,20250424,900,1,LTX-0001469,BKG-000341,34,57
1470,982,20250304,900,1,LTX-0001470,BKG-000342,34,34
1471,983,20251219,900,1,LTX-0001471,BKG-000917,22,56
1472,2772,20250104,900,1,LTX-0001472,BKG-006002,54,54
1473,2772,20250518,900,1,LTX-0001473,BKG-000343,20,74
1474,2772,20250630,900,1,LTX-0001474,BKG-007097,56,130
1475,2772,20250630,1800,2,LTX-0001475,BKG-007097,-30,100
1476,2773,20251009,900,1,LTX-0001476,BKG-006732,15,115
1477,2773,20251106,900,1,LTX-0001477,BKG-003338,46,161
1478,643,20250321,900,1,LTX-0001478,BKG-010728,50,50
1479,643,20250621,900,1,LTX-0001479,BKG-000344,48,98
1480,643,20251216,900,1,LTX-0001480,BKG-012128,47,145
1481,643,20251216,1800,2,LTX-0001481,BKG-012128,-10,135
1482,1879,20250403,900,1,LTX-0001482,BKG-001663,44,44
1483,1879,20250420,900,1,LTX-0001483,BKG-006218,43,87
1484,1879,20251002,900,1,LTX-0001484,BKG-008555,35,122
1485,1879,20251110,900,1,LTX-0001485,BKG-000345,56,178
1486,1237,20250704,900,1,LTX-0001486,BKG-002608,65,65
1487,1237,20251012,900,1,LTX-0001487,BKG-000346,22,87
1488,2832,20250311,900,1,LTX-0001488,BKG-000347,50,50
1489,2832,20250313,900,1,LTX-0001489,BKG-005898,55,105
1490,2832,20250514,900,1,LTX-0001490,BKG-007359,68,173
1491,2832,20250625,900,1,LTX-0001491,BKG-003183,63,236
1492,2832,20250725,900,1,LTX-0001492,BKG-006269,30,266
1493,2833,20251130,900,1,LTX-0001493,BKG-001868,44,310
1494,1378,20250620,900,1,LTX-0001494,BKG-011894,41,41
1495,1378,20250620,1800,2,LTX-0001495,BKG-011894,-20,21
1496,1378,20250920,900,1,LTX-0001496,BKG-000349,26,47
1497,84,20250509,900,1,LTX-0001497,BKG-000351,9,9
1498,84,20251212,900,1,LTX-0001498,BKG-002020,56,65
1499,84,20251219,900,1,LTX-0001499,BKG-006064,32,97
1500,672,20250104,900,1,LTX-0001500,BKG-000352,34,34
1501,672,20250504,900,1,LTX-0001501,BKG-002521,65,99
1502,672,20250604,900,1,LTX-0001502,BKG-001061,54,153
1503,672,20250604,1800,2,LTX-0001503,BKG-001061,-20,133
1504,672,20250703,900,1,LTX-0001504,BKG-005432,47,180
1505,672,20251113,900,1,LTX-0001505,BKG-002575,66,246
1506,4018,20250406,900,1,LTX-0001506,BKG-011474,22,22
1507,4018,20250503,900,1,LTX-0001507,BKG-005318,37,59
1508,4018,20250513,900,1,LTX-0001508,BKG-000353,60,119
1509,4018,20250831,900,1,LTX-0001509,BKG-012054,50,169
1510,1302,20250114,900,1,LTX-0001510,BKG-006135,51,51
1511,1302,20250215,900,1,LTX-0001511,BKG-009555,25,76
1512,1302,20250703,900,1,LTX-0001512,BKG-003906,18,94
1513,1302,20250903,900,1,LTX-0001513,BKG-000354,33,127
1514,4106,20250606,900,1,LTX-0001514,BKG-002611,41,41
1515,4106,20250607,900,1,LTX-0001515,BKG-005883,59,100
1516,4106,20250607,1800,2,LTX-0001516,BKG-005883,-30,70
1517,4106,20250619,900,1,LTX-0001517,BKG-005335,19,89
1518,4106,20250804,900,1,LTX-0001518,BKG-000355,17,106
1519,4106,20250804,1800,2,LTX-0001519,BKG-000355,-30,76
1520,4106,20250831,900,1,LTX-0001520,BKG-009966,57,133
1521,1079,20250101,900,1,LTX-0001521,BKG-006888,36,36
1522,1079,20250417,900,1,LTX-0001522,BKG-000356,84,120
1523,1079,20250531,900,1,LTX-0001523,BKG-011970,67,187
1524,1079,20251013,900,1,LTX-0001524,BKG-002628,18,205
1525,1079,20251214,900,1,LTX-0001525,BKG-002113,73,278
1526,4291,20250221,900,1,LTX-0001526,BKG-006745,48,48
1527,4291,20250329,900,1,LTX-0001527,BKG-004862,24,72
1528,4291,20250804,900,1,LTX-0001528,BKG-000357,35,107
1529,4291,20251001,900,1,LTX-0001529,BKG-006522,32,139
1530,4865,20250120,900,1,LTX-0001530,BKG-010400,63,63
1531,4865,20250130,900,1,LTX-0001531,BKG-010188,57,120
1532,4865,20250301,900,1,LTX-0001532,BKG-000361,52,172
1533,4865,20250302,900,1,LTX-0001533,BKG-009699,28,200
1534,4865,20250503,900,1,LTX-0001534,BKG-010890,33,233
1535,4865,20250503,1800,2,LTX-0001535,BKG-010890,-10,223
1536,4865,20250727,900,1,LTX-0001536,BKG-011553,55,278
1537,2683,20250110,900,1,LTX-0001537,BKG-008051,14,14
1538,2683,20250610,900,1,LTX-0001538,BKG-002973,56,70
1539,2684,20251202,900,1,LTX-0001539,BKG-000362,11,81
1540,1334,20250207,900,1,LTX-0001540,BKG-001892,36,36
1541,1334,20250207,1800,2,LTX-0001541,BKG-001892,-30,6
1542,1334,20250315,900,1,LTX-0001542,BKG-010050,63,69
1543,1334,20250510,900,1,LTX-0001543,BKG-000363,28,97
1544,1334,20250611,900,1,LTX-0001544,BKG-004936,72,169
1545,1334,20250701,900,1,LTX-0001545,BKG-002257,38,207
1546,1334,20251116,900,1,LTX-0001546,BKG-002014,63,270
1547,251,20250504,900,1,LTX-0001547,BKG-000364,28,28
1548,251,20250504,1800,2,LTX-0001548,BKG-000364,-10,18
1549,251,20250527,900,1,LTX-0001549,BKG-005093,26,44
1550,251,20250605,900,1,LTX-0001550,BKG-010155,23,67
1551,251,20250618,900,1,LTX-0001551,BKG-000518,62,129
1552,251,20250812,900,1,LTX-0001552,BKG-008450,56,185
1553,3060,20250719,900,1,LTX-0001553,BKG-007390,12,12
1554,3060,20251126,900,1,LTX-0001554,BKG-000365,70,82
1555,3316,20250524,900,1,LTX-0001555,BKG-009666,47,47
1556,3316,20250702,900,1,LTX-0001556,BKG-007094,58,105
1557,3316,20250727,900,1,LTX-0001557,BKG-006789,43,148
1558,3316,20251121,900,1,LTX-0001558,BKG-000366,31,179
1559,3663,20250601,900,1,LTX-0001559,BKG-008222,75,75
1560,3663,20250601,1800,2,LTX-0001560,BKG-008222,-20,55
1561,3663,20250705,900,1,LTX-0001561,BKG-000367,72,127
1562,3663,20250729,900,1,LTX-0001562,BKG-009418,42,169
1563,3663,20250829,900,1,LTX-0001563,BKG-000741,19,188
1564,3663,20250829,1800,2,LTX-0001564,BKG-000741,-10,178
1565,1742,20250507,900,1,LTX-0001565,BKG-003983,40,40
1566,1742,20250609,900,1,LTX-0001566,BKG-006885,69,109
1567,1742,20250715,900,1,LTX-0001567,BKG-008045,28,137
1568,1742,20250910,900,1,LTX-0001568,BKG-000368,54,191
1569,1742,20250910,1800,2,LTX-0001569,BKG-000368,-30,161
1570,2488,20250302,900,1,LTX-0001570,BKG-004357,82,82
1571,2488,20250426,900,1,LTX-0001571,BKG-001794,40,122
1572,2488,20250508,900,1,LTX-0001572,BKG-011736,40,162
1573,2488,20250516,900,1,LTX-0001573,BKG-009174,35,197
1574,2488,20250517,900,1,LTX-0001574,BKG-011221,54,251
1575,2488,20250701,900,1,LTX-0001575,BKG-005769,39,290
1576,2488,20251206,900,1,LTX-0001576,BKG-000369,61,351
1577,2488,20251220,900,1,LTX-0001577,BKG-005511,12,363
1578,2166,20250425,900,1,LTX-0001578,BKG-000592,49,49
1579,2167,20250502,900,1,LTX-0001579,BKG-005746,40,89
1580,2167,20250521,900,1,LTX-0001580,BKG-001813,41,130
1581,2167,20250521,1800,2,LTX-0001581,BKG-001813,-20,110
1582,2167,20250609,900,1,LTX-0001582,BKG-003795,14,124
1583,2167,20250609,1800,2,LTX-0001583,BKG-003795,-20,104
1584,2167,20250614,900,1,LTX-0001584,BKG-005544,41,145
1585,2167,20251128,900,1,LTX-0001585,BKG-000370,31,176
1586,368,20241211,900,1,LTX-0001586,BKG-008574,62,62
1587,368,20250221,900,1,LTX-0001587,BKG-005371,51,113
1588,368,20250502,900,1,LTX-0001588,BKG-007983,9,122
1589,368,20250629,900,1,LTX-0001589,BKG-011769,60,182
1590,368,20250718,900,1,LTX-0001590,BKG-009463,39,221
1591,368,20251116,900,1,LTX-0001591,BKG-003576,38,259
1592,368,20251207,900,1,LTX-0001592,BKG-000371,60,319
1593,2771,20250603,900,1,LTX-0001593,BKG-000372,30,30
1594,2771,20250624,900,1,LTX-0001594,BKG-004818,9,39
1595,2771,20250825,900,1,LTX-0001595,BKG-011005,22,61
1596,2771,20251117,900,1,LTX-0001596,BKG-006304,13,74
1597,2771,20251203,900,1,LTX-0001597,BKG-004826,28,102
1598,1537,20250102,900,1,LTX-0001598,BKG-003022,9,9
1599,1537,20250512,900,1,LTX-0001599,BKG-000373,60,69
1600,1538,20250910,900,1,LTX-0001600,BKG-008759,70,139
1601,824,20250425,900,1,LTX-0001601,BKG-011240,26,26
1602,825,20250518,900,1,LTX-0001602,BKG-006503,29,55
1603,825,20250608,900,1,LTX-0001603,BKG-005787,40,95
1604,825,20250627,900,1,LTX-0001604,BKG-000374,29,124
1605,825,20251028,900,1,LTX-0001605,BKG-005186,63,187
1606,2577,20241226,900,1,LTX-0001606,BKG-006753,25,25
1607,2577,20241226,1800,2,LTX-0001607,BKG-006753,-20,5
1608,2577,20241231,900,1,LTX-0001608,BKG-010446,31,36
1609,2577,20241231,1800,2,LTX-0001609,BKG-010446,-10,26
1610,2577,20250128,900,1,LTX-0001610,BKG-000375,50,76
1611,2577,20250207,900,1,LTX-0001611,BKG-001224,37,113
1612,2233,20250510,900,1,LTX-0001612,BKG-012115,54,54
1613,2233,20250514,900,1,LTX-0001613,BKG-011788,28,82
1614,2233,20250611,900,1,LTX-0001614,BKG-001984,25,107
1615,2233,20250718,900,1,LTX-0001615,BKG-000376,12,119
1616,2233,20251011,900,1,LTX-0001616,BKG-008490,7,126
1617,2233,20251024,900,1,LTX-0001617,BKG-008475,42,168
1618,2401,20241220,900,1,LTX-0001618,BKG-012455,50,50
1619,2401,20250520,900,1,LTX-0001619,BKG-000377,64,114
1620,2401,20250722,900,1,LTX-0001620,BKG-012260,38,152
1621,1176,20250722,900,1,LTX-0001621,BKG-002368,29,29
1622,1176,20251206,900,1,LTX-0001622,BKG-000381,28,57
1623,409,20250320,900,1,LTX-0001623,BKG-003214,45,45
1624,409,20250320,1800,2,LTX-0001624,BKG-003214,-10,35
1625,409,20250628,900,1,LTX-0001625,BKG-009105,47,82
1626,409,20250630,900,1,LTX-0001626,BKG-000382,65,147
1627,701,20250114,900,1,LTX-0001627,BKG-001097,35,35
1628,701,20250429,900,1,LTX-0001628,BKG-007955,49,84
1629,701,20250512,900,1,LTX-0001629,BKG-003045,61,145
1630,701,20250523,900,1,LTX-0001630,BKG-000383,46,191
1631,545,20241214,900,1,LTX-0001631,BKG-010844,34,34
1632,545,20250601,900,1,LTX-0001632,BKG-007081,87,121
1633,545,20250602,900,1,LTX-0001633,BKG-007832,21,142
1634,545,20250611,900,1,LTX-0001634,BKG-009674,53,195
1635,546,20250715,900,1,LTX-0001635,BKG-011992,78,273
1636,546,20250925,900,1,LTX-0001636,BKG-000384,36,309
1637,546,20251113,900,1,LTX-0001637,BKG-003406,15,324
1638,546,20251113,1800,2,LTX-0001638,BKG-003406,-10,314
1639,4807,20250426,900,1,LTX-0001639,BKG-000385,42,42
1640,4807,20250426,1800,2,LTX-0001640,BKG-000385,-20,22
1641,4807,20250704,900,1,LTX-0001641,BKG-007122,14,36
1642,4807,20250818,900,1,LTX-0001642,BKG-001817,51,87
1643,4807,20251124,900,1,LTX-0001643,BKG-007636,88,175
1644,1386,20250126,900,1,LTX-0001644,BKG-011405,45,45
1645,1386,20250126,1800,2,LTX-0001645,BKG-011405,-20,25
1646,1386,20250226,900,1,LTX-0001646,BKG-000386,11,36
1647,1387,20250412,900,1,LTX-0001647,BKG-012450,50,86
1648,1387,20250606,900,1,LTX-0001648,BKG-003810,52,138
1649,1387,20250726,900,1,LTX-0001649,BKG-000400,29,167
1650,1387,20251113,900,1,LTX-0001650,BKG-009406,81,248
1651,1387,20251113,1800,2,LTX-0001651,BKG-009406,-20,228
1652,3580,20250224,900,1,LTX-0001652,BKG-007479,32,32
1653,3580,20250314,900,1,LTX-0001653,BKG-007970,62,94
1654,3580,20250405,900,1,LTX-0001654,BKG-004799,53,147
1655,3580,20250405,1800,2,LTX-0001655,BKG-004799,-30,117
1656,3580,20250526,900,1,LTX-0001656,BKG-000772,36,153
1657,3580,20250526,1800,2,LTX-0001657,BKG-000772,-20,133
1658,3580,20250713,900,1,LTX-0001658,BKG-004624,41,174
1659,3580,20250929,900,1,LTX-0001659,BKG-000387,14,188
1660,3580,20251111,900,1,LTX-0001660,BKG-008132,17,205
1661,3580,20251111,1800,2,LTX-0001661,BKG-008132,-10,195
1662,1027,20250516,900,1,LTX-0001662,BKG-002898,37,37
1663,1027,20251004,900,1,LTX-0001663,BKG-008905,46,83
1664,1027,20251126,900,1,LTX-0001664,BKG-000388,48,131
1665,3121,20250625,900,1,LTX-0001665,BKG-000390,37,37
1666,3121,20250629,900,1,LTX-0001666,BKG-010910,72,109
1667,3121,20250826,900,1,LTX-0001667,BKG-011448,75,184
1668,3121,20250928,900,1,LTX-0001668,BKG-008360,54,238
1669,3121,20251027,900,1,LTX-0001669,BKG-005447,40,278
1670,1691,20250512,900,1,LTX-0001670,BKG-006257,16,16
1671,1691,20250928,900,1,LTX-0001671,BKG-008215,10,26
1672,1691,20251110,900,1,LTX-0001672,BKG-000391,49,75
1673,1691,20251202,900,1,LTX-0001673,BKG-004080,40,115
1674,1691,20251206,900,1,LTX-0001674,BKG-007813,15,130
1675,4694,20250223,900,1,LTX-0001675,BKG-000392,48,48
1676,4694,20250617,900,1,LTX-0001676,BKG-005033,92,140
1677,4694,20251117,900,1,LTX-0001677,BKG-002062,53,193
1678,4694,20251117,900,1,LTX-0001678,BKG-010492,38,231
1679,4798,20241223,900,1,LTX-0001679,BKG-006275,66,66
1680,4798,20251202,900,1,LTX-0001680,BKG-000394,49,115
1681,4423,20250213,900,1,LTX-0001681,BKG-011008,71,71
1682,4423,20250510,900,1,LTX-0001682,BKG-012228,45,116
1683,4423,20250514,900,1,LTX-0001683,BKG-003875,38,154
1684,4424,20251122,900,1,LTX-0001684,BKG-000395,65,219
1685,4424,20251129,900,1,LTX-0001685,BKG-011038,33,252
1686,4424,20251212,900,1,LTX-0001686,BKG-002695,30,282
1687,2368,20250827,900,1,LTX-0001687,BKG-000397,20,20
1688,2368,20251116,900,1,LTX-0001688,BKG-004513,63,83
1689,3923,20250403,900,1,LTX-0001689,BKG-009381,18,18
1690,3923,20250630,900,1,LTX-0001690,BKG-007703,57,75
1691,3923,20250706,900,1,LTX-0001691,BKG-001832,64,139
1692,3923,20250910,900,1,LTX-0001692,BKG-006303,32,171
1693,3923,20251020,900,1,LTX-0001693,BKG-000398,47,218
1694,4117,20250514,900,1,LTX-0001694,BKG-000399,37,37
1695,4117,20250703,900,1,LTX-0001695,BKG-008352,99,136
1696,4118,20251112,900,1,LTX-0001696,BKG-009748,60,196
1697,789,20250401,900,1,LTX-0001697,BKG-009845,20,20
1698,790,20250430,900,1,LTX-0001698,BKG-000401,16,36
1699,790,20250510,900,1,LTX-0001699,BKG-010926,24,60
1700,790,20250704,900,1,LTX-0001700,BKG-001747,66,126
1701,790,20250704,1800,2,LTX-0001701,BKG-001747,-20,106
1702,2625,20250705,900,1,LTX-0001702,BKG-000402,49,49
1703,2625,20250707,900,1,LTX-0001703,BKG-010703,25,74
1704,2625,20250712,900,1,LTX-0001704,BKG-002746,23,97
1705,2625,20250803,900,1,LTX-0001705,BKG-004487,55,152
1706,2626,20251201,900,1,LTX-0001706,BKG-004893,25,177
1707,743,20250403,900,1,LTX-0001707,BKG-005660,72,72
1708,743,20250716,900,1,LTX-0001708,BKG-000403,24,96
1709,743,20250716,1800,2,LTX-0001709,BKG-000403,-10,86
1710,743,20250901,900,1,LTX-0001710,BKG-009880,45,131
1711,743,20250901,1800,2,LTX-0001711,BKG-009880,-30,101
1712,3410,20250510,900,1,LTX-0001712,BKG-010777,33,33
1713,3410,20250627,900,1,LTX-0001713,BKG-005065,61,94
1714,3410,20250627,1800,2,LTX-0001714,BKG-005065,-30,64
1715,3410,20251123,900,1,LTX-0001715,BKG-000404,66,130
1716,241,20241223,900,1,LTX-0001716,BKG-006486,62,62
1717,241,20250214,900,1,LTX-0001717,BKG-000405,49,111
1718,241,20250214,1800,2,LTX-0001718,BKG-000405,-30,81
1719,241,20250720,900,1,LTX-0001719,BKG-006457,40,121
1720,3817,20250105,900,1,LTX-0001720,BKG-003256,9,9
1721,3817,20250301,900,1,LTX-0001721,BKG-010690,30,39
1722,3817,20250527,900,1,LTX-0001722,BKG-000596,33,72
1723,3817,20250603,900,1,LTX-0001723,BKG-000406,56,128
1724,3817,20251113,900,1,LTX-0001724,BKG-012507,28,156
1725,4485,20250114,900,1,LTX-0001725,BKG-000633,33,33
1726,4485,20251216,900,1,LTX-0001726,BKG-000407,90,123
1727,4485,20251216,1800,2,LTX-0001727,BKG-000407,-30,93
1728,2777,20250526,900,1,LTX-0001728,BKG-010755,84,84
1729,2777,20250603,900,1,LTX-0001729,BKG-009643,11,95
1730,2777,20250603,1800,2,LTX-0001730,BKG-009643,-20,75
1731,2777,20250614,900,1,LTX-0001731,BKG-000408,54,129
1732,2777,20250614,1800,2,LTX-0001732,BKG-000408,-10,119
1733,1812,20250130,900,1,LTX-0001733,BKG-007495,66,66
1734,1812,20250223,900,1,LTX-0001734,BKG-005872,44,110
1735,1812,20250514,900,1,LTX-0001735,BKG-005230,29,139
1736,1812,20250606,900,1,LTX-0001736,BKG-000409,41,180
1737,1812,20250612,900,1,LTX-0001737,BKG-007506,22,202
1738,1812,20250612,1800,2,LTX-0001738,BKG-007506,-20,182
1739,1812,20251115,900,1,LTX-0001739,BKG-004135,35,217
1740,1812,20251123,900,1,LTX-0001740,BKG-006643,63,280
1741,1520,20250130,900,1,LTX-0001741,BKG-000410,28,28
1742,1521,20250518,900,1,LTX-0001742,BKG-011167,68,96
1743,1521,20250603,900,1,LTX-0001743,BKG-008061,79,175
1744,1521,20251128,900,1,LTX-0001744,BKG-007491,64,239
1745,1521,20251221,900,1,LTX-0001745,BKG-001682,33,272
1746,779,20250319,900,1,LTX-0001746,BKG-006889,59,59
1747,779,20250701,900,1,LTX-0001747,BKG-000411,60,119
1748,3020,20250101,900,1,LTX-0001748,BKG-001086,47,47
1749,3020,20250109,900,1,LTX-0001749,BKG-011847,22,69
1750,3020,20250711,900,1,LTX-0001750,BKG-000412,22,91
1751,3020,20250806,900,1,LTX-0001751,BKG-008416,74,165
1752,4245,20250112,900,1,LTX-0001752,BKG-001657,10,10
1753,4245,20250206,900,1,LTX-0001753,BKG-004863,25,35
1754,4245,20250217,900,1,LTX-0001754,BKG-001681,38,73
1755,4245,20250217,1800,2,LTX-0001755,BKG-001681,-10,63
1756,4245,20251005,900,1,LTX-0001756,BKG-006018,70,133
1757,4245,20251114,900,1,LTX-0001757,BKG-000413,51,184
1758,4245,20251204,900,1,LTX-0001758,BKG-011364,60,244
1759,4245,20251204,1800,2,LTX-0001759,BKG-011364,-10,234
1760,1243,20250513,900,1,LTX-0001760,BKG-000414,67,67
1761,1243,20250602,900,1,LTX-0001761,BKG-007304,13,80
1762,2758,20250420,900,1,LTX-0001762,BKG-003728,48,48
1763,2758,20250522,900,1,LTX-0001763,BKG-002394,53,101
1764,2758,20250605,900,1,LTX-0001764,BKG-000415,72,173
1765,2758,20250615,900,1,LTX-0001765,BKG-000458,36,209
1766,2758,20250618,900,1,LTX-0001766,BKG-008118,88,297
1767,2758,20251205,900,1,LTX-0001767,BKG-011490,68,365
1768,3924,20250605,900,1,LTX-0001768,BKG-000416,19,19
1769,3924,20250610,900,1,LTX-0001769,BKG-011580,36,55
1770,3924,20250707,900,1,LTX-0001770,BKG-010160,58,113
1771,3924,20250917,900,1,LTX-0001771,BKG-010879,37,150
1772,4489,20250518,900,1,LTX-0001772,BKG-002762,76,76
1773,4489,20250607,900,1,LTX-0001773,BKG-009579,41,117
1774,4489,20250715,900,1,LTX-0001774,BKG-006230,28,145
1775,4489,20250815,900,1,LTX-0001775,BKG-007485,53,198
1776,4489,20250820,900,1,LTX-0001776,BKG-004776,42,240
1777,4489,20250826,900,1,LTX-0001777,BKG-001836,44,284
1778,4489,20250826,1800,2,LTX-0001778,BKG-001836,-10,274
1779,4489,20250921,900,1,LTX-0001779,BKG-011954,62,336
1780,4489,20250928,900,1,LTX-0001780,BKG-002580,73,409
1781,4489,20251106,900,1,LTX-0001781,BKG-002207,64,473
1782,4489,20251219,900,1,LTX-0001782,BKG-000417,126,599
1783,4277,20250305,900,1,LTX-0001783,BKG-006408,29,29
1784,4278,20250531,900,1,LTX-0001784,BKG-000418,36,65
1785,4278,20251028,900,1,LTX-0001785,BKG-009816,57,122
1786,814,20250604,900,1,LTX-0001786,BKG-000620,54,54
1787,814,20251002,900,1,LTX-0001787,BKG-000419,43,97
1788,814,20251007,900,1,LTX-0001788,BKG-008245,44,141
1789,814,20251130,900,1,LTX-0001789,BKG-000791,68,209
1790,263,20250305,900,1,LTX-0001790,BKG-000420,67,67
1791,263,20250721,900,1,LTX-0001791,BKG-003543,51,118
1792,263,20251119,900,1,LTX-0001792,BKG-008817,29,147
1793,2303,20241221,900,1,LTX-0001793,BKG-000421,9,9
1794,2303,20250521,900,1,LTX-0001794,BKG-001606,41,50
1795,2303,20250928,900,1,LTX-0001795,BKG-000649,30,80
1796,2303,20251102,900,1,LTX-0001796,BKG-001253,8,88
1797,2303,20251128,900,1,LTX-0001797,BKG-003639,29,117
1798,787,20250625,900,1,LTX-0001798,BKG-006078,63,63
1799,787,20250629,900,1,LTX-0001799,BKG-003037,41,104
1800,787,20251031,900,1,LTX-0001800,BKG-000422,53,157
1801,3907,20250113,900,1,LTX-0001801,BKG-004564,6,6
1802,3907,20250205,900,1,LTX-0001802,BKG-011122,30,36
1803,3907,20250317,900,1,LTX-0001803,BKG-001560,36,72
1804,3907,20250317,1800,2,LTX-0001804,BKG-001560,-20,52
1805,3907,20250608,900,1,LTX-0001805,BKG-000423,31,83
1806,3907,20250625,900,1,LTX-0001806,BKG-001484,11,94
1807,2148,20241228,900,1,LTX-0001807,BKG-000424,42,42
1808,2148,20250809,900,1,LTX-0001808,BKG-008866,76,118
1809,2148,20250927,900,1,LTX-0001809,BKG-007076,22,140
1810,2645,20241227,900,1,LTX-0001810,BKG-004919,40,40
1811,2645,20250527,900,1,LTX-0001811,BKG-003317,48,88
1812,2645,20250527,1800,2,LTX-0001812,BKG-003317,-30,58
1813,2645,20250605,900,1,LTX-0001813,BKG-008856,54,112
1814,2645,20250620,900,1,LTX-0001814,BKG-000425,17,129
1815,2645,20250620,1800,2,LTX-0001815,BKG-000425,-30,99
1816,2645,20250812,900,1,LTX-0001816,BKG-004248,13,112
1817,2645,20251126,900,1,LTX-0001817,BKG-011781,39,151
1818,1061,20250219,900,1,LTX-0001818,BKG-010384,15,15
1819,1061,20250407,900,1,LTX-0001819,BKG-009878,57,72
1820,1061,20250613,900,1,LTX-0001820,BKG-000426,7,79
1821,221,20250513,900,1,LTX-0001821,BKG-000427,56,56
1822,221,20251113,900,1,LTX-0001822,BKG-002872,29,85
1823,221,20251204,900,1,LTX-0001823,BKG-006672,36,121
1824,379,20250213,900,1,LTX-0001824,BKG-000615,48,48
1825,379,20250322,900,1,LTX-0001825,BKG-006664,54,102
1826,379,20250323,900,1,LTX-0001826,BKG-000428,72,174
1827,379,20250602,900,1,LTX-0001827,BKG-010968,41,215
1828,379,20250602,1800,2,LTX-0001828,BKG-010968,-30,185
1829,379,20250625,900,1,LTX-0001829,BKG-007240,50,235
1830,379,20251208,900,1,LTX-0001830,BKG-004432,78,313
1831,2017,20250626,900,1,LTX-0001831,BKG-000430,54,54
1832,2017,20251201,900,1,LTX-0001832,BKG-008894,70,124
1833,1351,20250318,900,1,LTX-0001833,BKG-004723,71,71
1834,1351,20250526,900,1,LTX-0001834,BKG-010056,39,110
1835,1351,20251025,900,1,LTX-0001835,BKG-003940,52,162
1836,1351,20251128,900,1,LTX-0001836,BKG-000431,45,207
1837,1465,20250829,900,1,LTX-0001837,BKG-000432,27,27
1838,3620,20250212,900,1,LTX-0001838,BKG-007004,6,6
1839,3620,20250306,900,1,LTX-0001839,BKG-006952,19,25
1840,3620,20250418,900,1,LTX-0001840,BKG-001859,27,52
1841,3620,20250506,900,1,LTX-0001841,BKG-000433,9,61
1842,3620,20250604,900,1,LTX-0001842,BKG-002808,54,115
1843,3620,20250604,900,1,LTX-0001843,BKG-003833,92,207
1844,3620,20250604,1800,2,LTX-0001844,BKG-002808,-30,177
1845,3620,20250705,900,1,LTX-0001845,BKG-008672,7,184
1846,3620,20250705,900,1,LTX-0001846,BKG-010542,50,234
1847,3620,20250705,1800,2,LTX-0001847,BKG-010542,-20,214
1848,3620,20250910,900,1,LTX-0001848,BKG-003970,47,261
1849,3620,20251209,900,1,LTX-0001849,BKG-006661,61,322
1850,2618,20250514,900,1,LTX-0001850,BKG-005027,33,33
1851,2618,20250706,900,1,LTX-0001851,BKG-000836,36,69
1852,2618,20250706,1800,2,LTX-0001852,BKG-000836,-10,59
1853,2618,20251129,900,1,LTX-0001853,BKG-000434,33,92
1854,2618,20251218,900,1,LTX-0001854,BKG-002213,64,156
1855,1779,20250528,900,1,LTX-0001855,BKG-004498,27,27
1856,1779,20250623,900,1,LTX-0001856,BKG-005374,11,38
1857,1779,20250806,900,1,LTX-0001857,BKG-000435,47,85
1858,1779,20250806,1800,2,LTX-0001858,BKG-000435,-10,75
1859,1779,20250907,900,1,LTX-0001859,BKG-001292,54,129
1860,1779,20251128,900,1,LTX-0001860,BKG-012389,58,187
1861,1779,20251128,1800,2,LTX-0001861,BKG-012389,-10,177
1862,1145,20250105,900,1,LTX-0001862,BKG-011102,65,65
1863,1145,20250506,900,1,LTX-0001863,BKG-000436,12,77
1864,1145,20250526,900,1,LTX-0001864,BKG-005601,56,133
1865,1145,20250531,900,1,LTX-0001865,BKG-002173,60,193
1866,1145,20250716,900,1,LTX-0001866,BKG-002644,76,269
1867,1146,20251005,900,1,LTX-0001867,BKG-004811,37,306
1868,1146,20251005,1800,2,LTX-0001868,BKG-004811,-10,296
1869,1146,20251012,900,1,LTX-0001869,BKG-008742,42,338
1870,1146,20251012,1800,2,LTX-0001870,BKG-008742,-30,308
1871,972,20250703,900,1,LTX-0001871,BKG-000437,28,28
1872,972,20250826,900,1,LTX-0001872,BKG-010840,34,62
1873,1180,20250118,900,1,LTX-0001873,BKG-004830,40,40
1874,1180,20250410,900,1,LTX-0001874,BKG-000439,42,82
1875,1180,20250607,900,1,LTX-0001875,BKG-011748,13,95
1876,1181,20250921,900,1,LTX-0001876,BKG-003517,28,123
1877,1181,20251202,900,1,LTX-0001877,BKG-005709,51,174
1878,2201,20250220,900,1,LTX-0001878,BKG-012463,6,6
1879,2201,20250316,900,1,LTX-0001879,BKG-003472,30,36
1880,2201,20250316,1800,2,LTX-0001880,BKG-003472,-30,6
1881,2201,20250328,900,1,LTX-0001881,BKG-003135,17,23
1882,2201,20250528,900,1,LTX-0001882,BKG-000440,79,102
1883,2201,20250528,900,1,LTX-0001883,BKG-005023,32,134
1884,2201,20250528,1800,2,LTX-0001884,BKG-000440,-10,124
1885,2201,20250917,900,1,LTX-0001885,BKG-006154,27,151
1886,2201,20251104,900,1,LTX-0001886,BKG-009233,36,187
1887,2201,20251209,900,1,LTX-0001887,BKG-008548,39,226
1888,1337,20250112,900,1,LTX-0001888,BKG-002393,33,33
1889,1337,20250619,900,1,LTX-0001889,BKG-000441,63,96
1890,4484,20241218,900,1,LTX-0001890,BKG-011857,21,21
1891,4484,20250303,900,1,LTX-0001891,BKG-003603,23,44
1892,4484,20250507,900,1,LTX-0001892,BKG-000442,14,58
1893,4484,20250605,900,1,LTX-0001893,BKG-005932,91,149
1894,4484,20250629,900,1,LTX-0001894,BKG-002520,61,210
1895,4484,20250629,1800,2,LTX-0001895,BKG-002520,-30,180
1896,4484,20250706,900,1,LTX-0001896,BKG-005199,54,234
1897,4484,20250706,1800,2,LTX-0001897,BKG-005199,-20,214
1898,932,20250103,900,1,LTX-0001898,BKG-010635,57,57
1899,932,20250113,900,1,LTX-0001899,BKG-000443,59,116
1900,932,20250501,900,1,LTX-0001900,BKG-008329,53,169
1901,933,20251114,900,1,LTX-0001901,BKG-011880,37,206
1902,125,20250511,900,1,LTX-0001902,BKG-004102,16,16
1903,125,20250617,900,1,LTX-0001903,BKG-006091,73,89
1904,125,20250617,1800,2,LTX-0001904,BKG-006091,-30,59
1905,125,20251130,900,1,LTX-0001905,BKG-000444,57,116
1906,1261,20250524,900,1,LTX-0001906,BKG-000445,54,54
1907,2695,20250610,900,1,LTX-0001907,BKG-002597,68,68
1908,2695,20250903,900,1,LTX-0001908,BKG-000446,68,136
1909,2585,20250412,900,1,LTX-0001909,BKG-008883,49,49
1910,2586,20251129,900,1,LTX-0001910,BKG-000447,22,71
1911,4295,20250331,900,1,LTX-0001911,BKG-009079,76,76
1912,4295,20250824,900,1,LTX-0001912,BKG-000448,49,125
1913,4295,20251009,900,1,LTX-0001913,BKG-001365,18,143
1914,4295,20251009,1800,2,LTX-0001914,BKG-001365,-10,133
1915,4295,20251017,900,1,LTX-0001915,BKG-003725,32,165
1916,2409,20250129,900,1,LTX-0001916,BKG-005908,44,44
1917,2410,20250627,900,1,LTX-0001917,BKG-000449,90,134
1918,2410,20251205,900,1,LTX-0001918,BKG-002569,33,167
1919,4803,20250521,900,1,LTX-0001919,BKG-000450,69,69
1920,4803,20250821,900,1,LTX-0001920,BKG-009008,57,126
1921,4803,20251012,900,1,LTX-0001921,BKG-006573,32,158
1922,907,20250429,900,1,LTX-0001922,BKG-008058,25,25
1923,907,20250611,900,1,LTX-0001923,BKG-000451,38,63
1924,907,20250611,1800,2,LTX-0001924,BKG-000451,-30,33
1925,907,20251027,900,1,LTX-0001925,BKG-011543,19,52
1926,327,20250222,900,1,LTX-0001926,BKG-000452,47,47
1927,327,20250617,900,1,LTX-0001927,BKG-004225,26,73
1928,327,20251024,900,1,LTX-0001928,BKG-008455,49,122
1929,2648,20241230,900,1,LTX-0001929,BKG-012250,65,65
1930,2648,20241230,1800,2,LTX-0001930,BKG-012250,-30,35
1931,2648,20250105,900,1,LTX-0001931,BKG-006238,11,46
1932,2648,20250530,900,1,LTX-0001932,BKG-005494,87,133
1933,2648,20250823,900,1,LTX-0001933,BKG-003726,8,141
1934,2648,20251206,900,1,LTX-0001934,BKG-000453,40,181
1935,1020,20250806,900,1,LTX-0001935,BKG-010752,44,44
1936,1020,20250811,900,1,LTX-0001936,BKG-000454,46,90
1937,1020,20250811,1800,2,LTX-0001937,BKG-000454,-10,80
1938,1020,20251126,900,1,LTX-0001938,BKG-003158,44,124
1939,1020,20251213,900,1,LTX-0001939,BKG-008239,42,166
1940,844,20250127,900,1,LTX-0001940,BKG-000455,10,10
1941,844,20250621,900,1,LTX-0001941,BKG-001128,38,48
1942,844,20251218,900,1,LTX-0001942,BKG-011986,48,96
1943,2693,20250225,900,1,LTX-0001943,BKG-000714,30,30
1944,2693,20250701,900,1,LTX-0001944,BKG-009823,36,66
1945,2693,20250910,900,1,LTX-0001945,BKG-002586,69,135
1946,2693,20251128,900,1,LTX-0001946,BKG-000456,48,183
1947,2693,20251128,1800,2,LTX-0001947,BKG-000456,-10,173
1948,4,20250119,900,1,LTX-0001948,BKG-008854,69,69
1949,4,20250216,900,1,LTX-0001949,BKG-002976,28,97
1950,4,20250304,900,1,LTX-0001950,BKG-004243,28,125
1951,4,20250612,900,1,LTX-0001951,BKG-000457,42,167
1952,4,20250612,1800,2,LTX-0001952,BKG-000457,-20,147
1953,3991,20250202,900,1,LTX-0001953,BKG-000459,91,91
1954,3991,20251003,900,1,LTX-0001954,BKG-005134,19,110
1955,3991,20251114,900,1,LTX-0001955,BKG-004750,70,180
1956,3991,20251114,1800,2,LTX-0001956,BKG-004750,-10,170
1957,3991,20251206,900,1,LTX-0001957,BKG-001498,22,192
1958,3640,20250110,900,1,LTX-0001958,BKG-003657,16,16
1959,3640,20250203,900,1,LTX-0001959,BKG-007987,45,61
1960,3640,20250515,900,1,LTX-0001960,BKG-009298,56,117
1961,3640,20251014,900,1,LTX-0001961,BKG-000461,30,147
1962,3640,20251123,900,1,LTX-0001962,BKG-001734,74,221
1963,3502,20250223,900,1,LTX-0001963,BKG-002956,58,58
1964,3502,20250528,900,1,LTX-0001964,BKG-000463,18,76
1965,3502,20250921,900,1,LTX-0001965,BKG-005392,24,100
1966,875,20241225,900,1,LTX-0001966,BKG-001946,52,52
1967,875,20250221,900,1,LTX-0001967,BKG-011453,33,85
1968,875,20250717,900,1,LTX-0001968,BKG-000464,37,122
1969,875,20251110,900,1,LTX-0001969,BKG-003138,32,154
1970,922,20250405,900,1,LTX-0001970,BKG-006346,53,53
1971,922,20250405,1800,2,LTX-0001971,BKG-006346,-10,43
1972,922,20251025,900,1,LTX-0001972,BKG-000466,18,61
1973,922,20251129,900,1,LTX-0001973,BKG-004175,25,86
1974,922,20251129,900,1,LTX-0001974,BKG-010469,35,121
1975,922,20251129,1800,2,LTX-0001975,BKG-010469,-20,101
1976,2792,20250630,900,1,LTX-0001976,BKG-000467,26,26
1977,2792,20250630,1800,2,LTX-0001977,BKG-000467,-20,6
1978,2792,20251127,900,1,LTX-0001978,BKG-000705,41,47
1979,2345,20241229,900,1,LTX-0001979,BKG-000468,28,28
1980,2345,20250214,900,1,LTX-0001980,BKG-003181,50,78
1981,2345,20250223,900,1,LTX-0001981,BKG-008090,71,149
1982,2345,20250510,900,1,LTX-0001982,BKG-009216,36,185
1983,2345,20250609,900,1,LTX-0001983,BKG-001269,54,239
1984,3744,20250603,900,1,LTX-0001984,BKG-010949,69,69
1985,3744,20250629,900,1,LTX-0001985,BKG-006378,41,110
1986,3744,20250721,900,1,LTX-0001986,BKG-011641,56,166
1987,3744,20250820,900,1,LTX-0001987,BKG-000469,66,232
1988,3744,20251007,900,1,LTX-0001988,BKG-009627,38,270
1989,3744,20251116,900,1,LTX-0001989,BKG-009719,15,285
1990,3744,20251214,900,1,LTX-0001990,BKG-002370,81,366
1991,1522,20250109,900,1,LTX-0001991,BKG-000470,47,47
1992,1522,20250626,900,1,LTX-0001992,BKG-008225,17,64
1993,1522,20250626,1800,2,LTX-0001993,BKG-008225,-20,44
1994,1825,20251124,900,1,LTX-0001994,BKG-011627,14,14
1995,1825,20251124,1800,2,LTX-0001995,BKG-011627,-10,4
1996,1825,20251211,900,1,LTX-0001996,BKG-000471,70,74
1997,1754,20250114,900,1,LTX-0001997,BKG-007889,55,55
1998,1754,20250321,900,1,LTX-0001998,BKG-000472,14,69
1999,1754,20250613,900,1,LTX-0001999,BKG-008878,41,110
2000,1754,20250707,900,1,LTX-0002000,BKG-005826,22,132
2001,1754,20251109,900,1,LTX-0002001,BKG-002889,50,182
2002,1754,20251113,900,1,LTX-0002002,BKG-003724,81,263
2003,3408,20250409,900,1,LTX-0002003,BKG-010035,16,16
2004,3408,20250510,900,1,LTX-0002004,BKG-001821,36,52
2005,3408,20250510,1800,2,LTX-0002005,BKG-001821,-10,42
2006,3409,20250628,900,1,LTX-0002006,BKG-005867,92,134
2007,3409,20251031,900,1,LTX-0002007,BKG-000473,47,181
2008,3409,20251124,900,1,LTX-0002008,BKG-002202,54,235
2009,3352,20250622,900,1,LTX-0002009,BKG-006213,65,65
2010,3352,20250703,900,1,LTX-0002010,BKG-000474,53,118
2011,3352,20250813,900,1,LTX-0002011,BKG-008644,40,158
2012,1987,20250514,900,1,LTX-0002012,BKG-006181,54,54
2013,1988,20251118,900,1,LTX-0002013,BKG-000475,81,135
2014,1988,20251201,900,1,LTX-0002014,BKG-009190,30,165
2015,2174,20241216,900,1,LTX-0002015,BKG-006145,28,28
2016,2174,20250306,900,1,LTX-0002016,BKG-000476,20,48
2017,2174,20250711,900,1,LTX-0002017,BKG-012477,50,98
2018,2174,20250715,900,1,LTX-0002018,BKG-008228,47,145
2019,2174,20251024,900,1,LTX-0002019,BKG-007610,38,183
2020,3159,20250510,900,1,LTX-0002020,BKG-008405,45,45
2021,3159,20250702,900,1,LTX-0002021,BKG-000478,25,70
2022,3159,20251126,900,1,LTX-0002022,BKG-008602,56,126
2023,3159,20251130,900,1,LTX-0002023,BKG-009604,42,168
2024,2007,20250601,900,1,LTX-0002024,BKG-010965,33,33
2025,2007,20250714,900,1,LTX-0002025,BKG-000479,50,83
2026,2007,20250714,1800,2,LTX-0002026,BKG-000479,-20,63
2027,1054,20250415,900,1,LTX-0002027,BKG-000480,28,28
2028,1054,20250630,900,1,LTX-0002028,BKG-004228,37,65
2029,1054,20250806,900,1,LTX-0002029,BKG-007133,18,83
2030,1054,20250806,1800,2,LTX-0002030,BKG-007133,-10,73
2031,1099,20250404,900,1,LTX-0002031,BKG-000481,10,10
2032,1099,20250528,900,1,LTX-0002032,BKG-005719,62,72
2033,1099,20250625,900,1,LTX-0002033,BKG-005551,38,110
2034,1099,20250625,1800,2,LTX-0002034,BKG-005551,-30,80
2035,1099,20251117,900,1,LTX-0002035,BKG-005079,77,157
2036,382,20250220,900,1,LTX-0002036,BKG-006854,44,44
2037,382,20250220,1800,2,LTX-0002037,BKG-006854,-20,24
2038,382,20250222,900,1,LTX-0002038,BKG-001570,55,79
2039,382,20250318,900,1,LTX-0002039,BKG-006357,40,119
2040,382,20251025,900,1,LTX-0002040,BKG-000482,60,179
2041,1501,20241230,900,1,LTX-0002041,BKG-000483,71,71
2042,1501,20250804,900,1,LTX-0002042,BKG-007489,26,97
2043,1501,20250810,900,1,LTX-0002043,BKG-006583,42,139
2044,1501,20250825,900,1,LTX-0002044,BKG-008218,36,175
2045,3785,20250109,900,1,LTX-0002045,BKG-005470,32,32
2046,3785,20250406,900,1,LTX-0002046,BKG-004389,40,72
2047,3785,20250406,1800,2,LTX-0002047,BKG-004389,-30,42
2048,3785,20250414,900,1,LTX-0002048,BKG-000484,60,102
2049,3786,20250529,900,1,LTX-0002049,BKG-004573,58,160
2050,3786,20250611,900,1,LTX-0002050,BKG-009994,44,204
2051,3786,20250611,1800,2,LTX-0002051,BKG-009994,-10,194
2052,3786,20251127,900,1,LTX-0002052,BKG-008930,59,253
2053,376,20250307,900,1,LTX-0002053,BKG-000485,82,82
2054,376,20250704,900,1,LTX-0002054,BKG-004518,33,115
2055,376,20251126,900,1,LTX-0002055,BKG-005891,38,153
2056,287,20250226,900,1,LTX-0002056,BKG-000486,64,64
2057,287,20250503,900,1,LTX-0002057,BKG-010159,18,82
2058,287,20250617,900,1,LTX-0002058,BKG-010328,100,182
2059,4791,20250120,900,1,LTX-0002059,BKG-006702,47,47
2060,4791,20250303,900,1,LTX-0002060,BKG-001409,51,98
2061,4791,20250705,900,1,LTX-0002061,BKG-011985,60,158
2062,4791,20250705,1800,2,LTX-0002062,BKG-011985,-10,148
2063,4791,20250717,900,1,LTX-0002063,BKG-004442,118,266
2064,4791,20250915,900,1,LTX-0002064,BKG-010884,46,312
2065,4791,20250915,1800,2,LTX-0002065,BKG-010884,-30,282
2066,4791,20251216,900,1,LTX-0002066,BKG-000487,102,384
2067,4791,20251216,1800,2,LTX-0002067,BKG-000487,-20,364
2068,3114,20250510,900,1,LTX-0002068,BKG-005866,66,66
2069,3114,20250620,900,1,LTX-0002069,BKG-011072,6,72
2070,3114,20250706,900,1,LTX-0002070,BKG-000488,22,94
2071,3114,20250707,900,1,LTX-0002071,BKG-007905,23,117
2072,3114,20250917,900,1,LTX-0002072,BKG-009661,8,125
2073,3114,20251210,900,1,LTX-0002073,BKG-008573,45,170
2074,93,20250320,900,1,LTX-0002074,BKG-000489,24,24
2075,93,20250607,900,1,LTX-0002075,BKG-008426,41,65
2076,93,20251129,900,1,LTX-0002076,BKG-001782,43,108
2077,93,20251129,1800,2,LTX-0002077,BKG-001782,-30,78
2078,93,20251209,900,1,LTX-0002078,BKG-009769,21,99
2079,93,20251209,1800,2,LTX-0002079,BKG-009769,-20,79
2080,93,20251219,900,1,LTX-0002080,BKG-012285,37,116
2081,4658,20250520,900,1,LTX-0002081,BKG-009874,15,15
2082,4658,20250721,900,1,LTX-0002082,BKG-002991,51,66
2083,4658,20251012,900,1,LTX-0002083,BKG-006564,22,88
2084,4658,20251012,1800,2,LTX-0002084,BKG-006564,-10,78
2085,4658,20251210,900,1,LTX-0002085,BKG-000490,9,87
2086,4658,20251210,1800,2,LTX-0002086,BKG-000490,-20,67
2087,2868,20250422,900,1,LTX-0002087,BKG-009647,57,57
2088,2868,20250528,900,1,LTX-0002088,BKG-011393,59,116
2089,2868,20250608,900,1,LTX-0002089,BKG-012365,68,184
2090,2868,20250704,900,1,LTX-0002090,BKG-000491,60,244
2091,2868,20250710,900,1,LTX-0002091,BKG-009536,39,283
2092,2868,20251010,900,1,LTX-0002092,BKG-003228,104,387
2093,3264,20250426,900,1,LTX-0002093,BKG-011162,6,6
2094,3264,20250620,900,1,LTX-0002094,BKG-005441,29,35
2095,3264,20250705,900,1,LTX-0002095,BKG-000494,50,85
2096,3264,20250705,1800,2,LTX-0002096,BKG-000494,-30,55
2097,3264,20250820,900,1,LTX-0002097,BKG-010927,69,124
2098,3264,20251110,900,1,LTX-0002098,BKG-005473,10,134
2099,3264,20251120,900,1,LTX-0002099,BKG-007888,33,167
2100,3600,20241209,900,1,LTX-0002100,BKG-000495,37,37
2101,3600,20250519,900,1,LTX-0002101,BKG-003857,51,88
2102,3600,20250625,900,1,LTX-0002102,BKG-009389,12,100
2103,3600,20250625,1800,2,LTX-0002103,BKG-009389,-20,80
2104,3405,20250119,900,1,LTX-0002104,BKG-010674,40,40
2105,3405,20250130,900,1,LTX-0002105,BKG-010871,24,64
2106,3405,20250216,900,1,LTX-0002106,BKG-000496,18,82
2107,3405,20251130,900,1,LTX-0002107,BKG-002364,30,112
2108,1310,20250526,900,1,LTX-0002108,BKG-000497,28,28
2109,1310,20250709,900,1,LTX-0002109,BKG-007980,43,71
2110,823,20250105,900,1,LTX-0002110,BKG-002305,41,41
2111,823,20250717,900,1,LTX-0002111,BKG-012074,51,92
2112,823,20250720,900,1,LTX-0002112,BKG-004708,11,103
2113,823,20251111,900,1,LTX-0002113,BKG-000498,21,124
2114,2483,20250122,900,1,LTX-0002114,BKG-010093,14,14
2115,2483,20250122,1800,2,LTX-0002115,BKG-010093,-10,4
2116,2483,20250221,900,1,LTX-0002116,BKG-005778,90,94
2117,2483,20250521,900,1,LTX-0002117,BKG-007090,94,188
2118,2483,20250710,900,1,LTX-0002118,BKG-008344,56,244
2119,2483,20250710,1800,2,LTX-0002119,BKG-008344,-20,224
2120,2483,20250902,900,1,LTX-0002120,BKG-003944,21,245
2121,2483,20251206,900,1,LTX-0002121,BKG-003400,51,296
2122,2483,20251213,900,1,LTX-0002122,BKG-000499,70,366
2123,1627,20250218,900,1,LTX-0002123,BKG-007603,52,52
2124,1627,20250316,900,1,LTX-0002124,BKG-006349,55,107
2125,1627,20250526,900,1,LTX-0002125,BKG-000500,11,118
2126,1627,20250529,900,1,LTX-0002126,BKG-011169,37,155
2127,1627,20250602,900,1,LTX-0002127,BKG-004181,17,172
2128,1627,20250709,900,1,LTX-0002128,BKG-002155,41,213
2129,4435,20241231,900,1,LTX-0002129,BKG-005597,68,68
2130,4436,20251006,900,1,LTX-0002130,BKG-000501,41,109
2131,4914,20250711,900,1,LTX-0002131,BKG-008873,61,61
2132,4914,20250924,900,1,LTX-0002132,BKG-000502,66,127
2133,507,20250327,900,1,LTX-0002133,BKG-001197,60,60
2134,507,20250526,900,1,LTX-0002134,BKG-001050,62,122
2135,507,20250608,900,1,LTX-0002135,BKG-000503,43,165
2136,507,20250804,900,1,LTX-0002136,BKG-003966,56,221
2137,507,20251215,900,1,LTX-0002137,BKG-008990,33,254
2138,2430,20250621,900,1,LTX-0002138,BKG-007678,86,86
2139,2430,20250816,900,1,LTX-0002139,BKG-000504,6,92
2140,2430,20251119,900,1,LTX-0002140,BKG-005861,71,163
2141,2677,20250128,900,1,LTX-0002141,BKG-004637,40,40
2142,2677,20250327,900,1,LTX-0002142,BKG-007198,25,65
2143,2677,20250513,900,1,LTX-0002143,BKG-001060,63,128
2144,2677,20250527,900,1,LTX-0002144,BKG-000505,58,186
2145,2677,20250724,900,1,LTX-0002145,BKG-009618,70,256
2146,2677,20250915,900,1,LTX-0002146,BKG-005580,33,289
2147,2677,20251122,900,1,LTX-0002147,BKG-007510,25,314
2148,1255,20250503,900,1,LTX-0002148,BKG-000506,60,60
2149,1256,20251018,900,1,LTX-0002149,BKG-007193,37,97
2150,1256,20251106,900,1,LTX-0002150,BKG-004020,54,151
2151,1256,20251202,900,1,LTX-0002151,BKG-011117,30,181
2152,2451,20250620,900,1,LTX-0002152,BKG-000507,47,47
2153,4109,20250115,900,1,LTX-0002153,BKG-000508,14,14
2154,4109,20250124,900,1,LTX-0002154,BKG-003387,33,47
2155,4109,20250616,900,1,LTX-0002155,BKG-010489,75,122
2156,4109,20251206,900,1,LTX-0002156,BKG-011686,60,182
2157,2478,20250609,900,1,LTX-0002157,BKG-002781,54,54
2158,2478,20250617,900,1,LTX-0002158,BKG-000510,41,95
2159,2478,20251029,900,1,LTX-0002159,BKG-000888,47,142
2160,2478,20251120,900,1,LTX-0002160,BKG-009888,79,221
2161,2478,20251207,900,1,LTX-0002161,BKG-007765,74,295
2162,3307,20250320,900,1,LTX-0002162,BKG-010731,40,40
2163,3307,20250320,1800,2,LTX-0002163,BKG-010731,-20,20
2164,3307,20250522,900,1,LTX-0002164,BKG-006852,74,94
2165,3307,20250608,900,1,LTX-0002165,BKG-000511,10,104
2166,3307,20251125,900,1,LTX-0002166,BKG-006196,33,137
2167,1653,20250130,900,1,LTX-0002167,BKG-001671,52,52
2168,1653,20250803,900,1,LTX-0002168,BKG-010387,48,100
2169,1653,20250918,900,1,LTX-0002169,BKG-001132,24,124
2170,1653,20251115,900,1,LTX-0002170,BKG-000512,57,181
2171,1653,20251117,900,1,LTX-0002171,BKG-007721,40,221
2172,3706,20250221,900,1,LTX-0002172,BKG-005233,26,26
2173,3706,20250225,900,1,LTX-0002173,BKG-000513,16,42
2174,3706,20250531,900,1,LTX-0002174,BKG-002658,42,84
2175,3706,20250928,900,1,LTX-0002175,BKG-007644,70,154
2176,3234,20250520,900,1,LTX-0002176,BKG-000514,64,64
2177,3234,20250520,1800,2,LTX-0002177,BKG-000514,-10,54
2178,3234,20251007,900,1,LTX-0002178,BKG-010147,7,61
2179,3234,20251127,900,1,LTX-0002179,BKG-006492,17,78
2180,438,20250408,900,1,LTX-0002180,BKG-007499,51,51
2181,438,20250525,900,1,LTX-0002181,BKG-001530,61,112
2182,438,20250602,900,1,LTX-0002182,BKG-006069,35,147
2183,438,20250704,900,1,LTX-0002183,BKG-005822,39,186
2184,438,20251109,900,1,LTX-0002184,BKG-000515,49,235
2185,2084,20250402,900,1,LTX-0002185,BKG-000516,45,45
2186,2084,20250523,900,1,LTX-0002186,BKG-004488,54,99
2187,2084,20250625,900,1,LTX-0002187,BKG-007341,51,150
2188,2084,20250716,900,1,LTX-0002188,BKG-005865,20,170
2189,2084,20250908,900,1,LTX-0002189,BKG-003068,25,195
2190,2084,20251210,900,1,LTX-0002190,BKG-008822,60,255
2191,2984,20250107,900,1,LTX-0002191,BKG-011850,54,54
2192,2984,20250611,900,1,LTX-0002192,BKG-000517,27,81
2193,2984,20250611,1800,2,LTX-0002193,BKG-000517,-20,61
2194,2985,20251217,900,1,LTX-0002194,BKG-004767,60,121
2195,2985,20251217,1800,2,LTX-0002195,BKG-004767,-20,101
2196,4024,20241218,900,1,LTX-0002196,BKG-008964,38,38
2197,4025,20250809,900,1,LTX-0002197,BKG-000519,67,105
2198,4025,20251125,900,1,LTX-0002198,BKG-006183,22,127
2199,1358,20250220,900,1,LTX-0002199,BKG-000520,7,7
2200,1358,20250919,900,1,LTX-0002200,BKG-003834,54,61
2201,1358,20251111,900,1,LTX-0002201,BKG-001184,45,106
2202,2980,20250126,900,1,LTX-0002202,BKG-000521,36,36
2203,2980,20250510,900,1,LTX-0002203,BKG-002315,42,78
2204,2980,20250518,900,1,LTX-0002204,BKG-011690,27,105
2205,2980,20250723,900,1,LTX-0002205,BKG-006754,60,165
2206,2981,20251109,900,1,LTX-0002206,BKG-000898,73,238
2207,2981,20251109,1800,2,LTX-0002207,BKG-000898,-30,208
2208,960,20251012,900,1,LTX-0002208,BKG-000522,25,25
2209,39,20250101,900,1,LTX-0002209,BKG-000523,36,36
2210,39,20250503,900,1,LTX-0002210,BKG-007752,57,93
2211,39,20251109,900,1,LTX-0002211,BKG-011807,20,113
2212,39,20251206,900,1,LTX-0002212,BKG-006655,26,139
2213,3334,20250127,900,1,LTX-0002213,BKG-003391,6,6
2214,3334,20250129,900,1,LTX-0002214,BKG-000525,40,46
2215,3334,20250228,900,1,LTX-0002215,BKG-006321,33,79
2216,3334,20250522,900,1,LTX-0002216,BKG-008661,87,166
2217,3334,20250530,900,1,LTX-0002217,BKG-001141,75,241
2218,3335,20250919,900,1,LTX-0002218,BKG-009412,20,261
2219,3335,20251209,900,1,LTX-0002219,BKG-006385,83,344
2220,2265,20250423,900,1,LTX-0002220,BKG-004969,59,59
2221,2265,20250601,900,1,LTX-0002221,BKG-009770,20,79
2222,2265,20250610,900,1,LTX-0002222,BKG-000526,39,118
2223,2265,20250831,900,1,LTX-0002223,BKG-002162,34,152
2224,4715,20241213,900,1,LTX-0002224,BKG-010103,87,87
2225,4715,20241213,1800,2,LTX-0002225,BKG-010103,-20,67
2226,4716,20250528,900,1,LTX-0002226,BKG-000593,18,85
2227,4716,20250528,1800,2,LTX-0002227,BKG-000593,-20,65
2228,4716,20250625,900,1,LTX-0002228,BKG-004289,19,84
2229,4716,20250902,900,1,LTX-0002229,BKG-002285,59,143
2230,4716,20250915,900,1,LTX-0002230,BKG-006679,20,163
2231,4716,20251211,900,1,LTX-0002231,BKG-000527,43,206
2232,2139,20250531,900,1,LTX-0002232,BKG-000528,76,76
2233,2139,20250614,900,1,LTX-0002233,BKG-004379,31,107
2234,2139,20251113,900,1,LTX-0002234,BKG-007799,35,142
2235,1492,20250328,900,1,LTX-0002235,BKG-005533,44,44
2236,1492,20250409,900,1,LTX-0002236,BKG-008709,66,110
2237,1492,20250711,900,1,LTX-0002237,BKG-004344,41,151
2238,1492,20250920,900,1,LTX-0002238,BKG-000529,31,182
2239,1492,20250926,900,1,LTX-0002239,BKG-006362,14,196
2240,2294,20250216,900,1,LTX-0002240,BKG-011482,40,40
2241,2294,20250509,900,1,LTX-0002241,BKG-002215,23,63
2242,2294,20250719,900,1,LTX-0002242,BKG-000530,31,94
2243,2294,20250921,900,1,LTX-0002243,BKG-002066,16,110
2244,2294,20251213,900,1,LTX-0002244,BKG-008367,109,219
2245,4913,20250509,900,1,LTX-0002245,BKG-005114,48,48
2246,4913,20250509,1800,2,LTX-0002246,BKG-005114,-30,18
2247,4913,20250626,900,1,LTX-0002247,BKG-000531,51,69
2248,4913,20250704,900,1,LTX-0002248,BKG-010807,22,91
2249,4913,20250704,1800,2,LTX-0002249,BKG-010807,-20,71
2250,4913,20251219,900,1,LTX-0002250,BKG-010088,35,106
2251,3271,20250509,900,1,LTX-0002251,BKG-000532,18,18
2252,3272,20250830,900,1,LTX-0002252,BKG-005260,23,41
2253,4457,20250329,900,1,LTX-0002253,BKG-008315,33,33
2254,4457,20250329,1800,2,LTX-0002254,BKG-008315,-30,3
2255,4458,20250610,900,1,LTX-0002255,BKG-001909,99,102
2256,4458,20250915,900,1,LTX-0002256,BKG-001370,64,166
2257,4458,20251125,900,1,LTX-0002257,BKG-008033,74,240
2258,4458,20251126,900,1,LTX-0002258,BKG-000533,46,286
2259,4458,20251126,1800,2,LTX-0002259,BKG-000533,-20,266
2260,2302,20250729,900,1,LTX-0002260,BKG-000535,19,19
2261,2302,20250814,900,1,LTX-0002261,BKG-005559,42,61
2262,2302,20251127,900,1,LTX-0002262,BKG-005515,100,161
2263,2302,20251127,1800,2,LTX-0002263,BKG-005515,-10,151
2264,1446,20250225,900,1,LTX-0002264,BKG-000536,76,76
2265,1446,20250225,1800,2,LTX-0002265,BKG-000536,-30,46
2266,1446,20250311,900,1,LTX-0002266,BKG-003696,42,88
2267,1447,20251203,900,1,LTX-0002267,BKG-006394,48,136
2268,1447,20251211,900,1,LTX-0002268,BKG-004400,53,189
2269,4874,20250504,900,1,LTX-0002269,BKG-000537,13,13
2270,4874,20250616,900,1,LTX-0002270,BKG-003126,20,33
2271,4874,20250616,1800,2,LTX-0002271,BKG-003126,-20,13
2272,4874,20250627,900,1,LTX-0002272,BKG-008124,53,66
2273,2292,20250228,900,1,LTX-0002273,BKG-000538,25,25
2274,2292,20250707,900,1,LTX-0002274,BKG-008320,47,72
2275,2292,20250707,900,1,LTX-0002275,BKG-011268,10,82
2276,2292,20250712,900,1,LTX-0002276,BKG-009969,53,135
2277,744,20250606,900,1,LTX-0002277,BKG-007431,24,24
2278,744,20251105,900,1,LTX-0002278,BKG-002995,57,81
2279,744,20251214,900,1,LTX-0002279,BKG-000539,71,152
2280,260,20250515,900,1,LTX-0002280,BKG-000540,42,42
2281,260,20250618,900,1,LTX-0002281,BKG-006473,36,78
2282,260,20250708,900,1,LTX-0002282,BKG-000780,53,131
2283,260,20250714,900,1,LTX-0002283,BKG-012148,83,214
2284,4052,20250612,900,1,LTX-0002284,BKG-000541,60,60
2285,4052,20251206,900,1,LTX-0002285,BKG-002262,46,106
2286,4052,20251208,900,1,LTX-0002286,BKG-010559,63,169
2287,2707,20250131,900,1,LTX-0002287,BKG-004640,37,37
2288,2707,20250203,900,1,LTX-0002288,BKG-001226,69,106
2289,2707,20250604,900,1,LTX-0002289,BKG-000542,65,171
2290,2707,20250629,900,1,LTX-0002290,BKG-006614,70,241
2291,2059,20241229,900,1,LTX-0002291,BKG-000543,38,38
2292,2059,20250129,900,1,LTX-0002292,BKG-005151,61,99
2293,2059,20250129,1800,2,LTX-0002293,BKG-005151,-10,89
2294,2059,20250506,900,1,LTX-0002294,BKG-010166,64,153
2295,2059,20251024,900,1,LTX-0002295,BKG-011074,57,210
2296,2059,20251217,900,1,LTX-0002296,BKG-005889,37,247
2297,2059,20251217,1800,2,LTX-0002297,BKG-005889,-20,227
2298,3091,20250412,900,1,LTX-0002298,BKG-007242,60,60
2299,3091,20250513,900,1,LTX-0002299,BKG-004233,31,91
2300,3091,20250607,900,1,LTX-0002300,BKG-000544,61,152
2301,3091,20250910,900,1,LTX-0002301,BKG-006162,26,178
2302,4121,20250421,900,1,LTX-0002302,BKG-000545,48,48
2303,1211,20250423,900,1,LTX-0002303,BKG-000546,71,71
2304,1211,20250423,1800,2,LTX-0002304,BKG-000546,-30,41
2305,1211,20250911,900,1,LTX-0002305,BKG-008963,57,98
2306,1211,20251128,900,1,LTX-0002306,BKG-009140,33,131
2307,1211,20251217,900,1,LTX-0002307,BKG-006116,18,149
2308,1200,20250112,900,1,LTX-0002308,BKG-011207,50,50
2309,1200,20250531,900,1,LTX-0002309,BKG-000547,60,110
2310,1200,20250607,900,1,LTX-0002310,BKG-010621,29,139
2311,1200,20250923,900,1,LTX-0002311,BKG-001610,48,187
2312,1200,20251016,900,1,LTX-0002312,BKG-001198,59,246
2313,1200,20251203,900,1,LTX-0002313,BKG-002943,43,289
2314,3401,20250131,900,1,LTX-0002314,BKG-011433,46,46
2315,3401,20250702,900,1,LTX-0002315,BKG-000548,83,129
2316,4085,20250324,900,1,LTX-0002316,BKG-006994,11,11
2317,4085,20250621,900,1,LTX-0002317,BKG-000549,12,23
2318,4086,20251125,900,1,LTX-0002318,BKG-005326,41,64
2319,1829,20250313,900,1,LTX-0002319,BKG-000550,22,22
2320,1829,20250521,900,1,LTX-0002320,BKG-007165,79,101
2321,1830,20251026,900,1,LTX-0002321,BKG-012266,49,150
2322,1830,20251026,1800,2,LTX-0002322,BKG-012266,-20,130
2323,2521,20250221,900,1,LTX-0002323,BKG-005168,56,56
2324,2521,20250304,900,1,LTX-0002324,BKG-002532,54,110
2325,2522,20250614,900,1,LTX-0002325,BKG-007865,32,142
2326,2522,20251128,900,1,LTX-0002326,BKG-000551,89,231
2327,4651,20250217,900,1,LTX-0002327,BKG-007621,16,16
2328,4651,20250224,900,1,LTX-0002328,BKG-001920,83,99
2329,4651,20250630,900,1,LTX-0002329,BKG-010394,40,139
2330,4651,20251120,900,1,LTX-0002330,BKG-000552,36,175
2331,4651,20251120,1800,2,LTX-0002331,BKG-000552,-10,165
2332,1623,20250326,900,1,LTX-0002332,BKG-000553,11,11
2333,1623,20250527,900,1,LTX-0002333,BKG-001683,9,20
2334,1623,20250527,1800,2,LTX-0002334,BKG-001683,-20,0
2335,1623,20250824,900,1,LTX-0002335,BKG-010148,18,18
2336,896,20250118,900,1,LTX-0002336,BKG-009379,47,47
2337,896,20250509,900,1,LTX-0002337,BKG-000554,45,92
2338,896,20250530,900,1,LTX-0002338,BKG-002428,23,115
2339,896,20250811,900,1,LTX-0002339,BKG-008382,22,137
2340,896,20251122,900,1,LTX-0002340,BKG-011065,74,211
2341,896,20251127,900,1,LTX-0002341,BKG-002814,14,225
2342,1923,20250228,900,1,LTX-0002342,BKG-000555,44,44
2343,1924,20251110,900,1,LTX-0002343,BKG-012066,23,67
2344,4420,20250330,900,1,LTX-0002344,BKG-010868,36,36
2345,4420,20250330,1800,2,LTX-0002345,BKG-010868,-20,16
2346,4420,20250425,900,1,LTX-0002346,BKG-000556,45,61
2347,4420,20250608,900,1,LTX-0002347,BKG-002130,47,108
2348,4420,20250720,900,1,LTX-0002348,BKG-000974,66,174
2349,4420,20250814,900,1,LTX-0002349,BKG-012373,18,192
2350,181,20250206,900,1,LTX-0002350,BKG-006851,35,35
2351,181,20250301,900,1,LTX-0002351,BKG-012116,43,78
2352,181,20250325,900,1,LTX-0002352,BKG-000557,56,134
2353,181,20250515,900,1,LTX-0002353,BKG-006739,19,153
2354,181,20251029,900,1,LTX-0002354,BKG-001860,80,233
2355,1131,20250312,900,1,LTX-0002355,BKG-005223,16,16
2356,1131,20250419,900,1,LTX-0002356,BKG-000558,33,49
2357,1131,20250607,900,1,LTX-0002357,BKG-001291,44,93
2358,1131,20251220,900,1,LTX-0002358,BKG-006649,55,148
2359,3105,20250201,900,1,LTX-0002359,BKG-000717,14,14
2360,3105,20250504,900,1,LTX-0002360,BKG-000559,24,38
2361,3105,20250504,1800,2,LTX-0002361,BKG-000559,-10,28
2362,3105,20250813,900,1,LTX-0002362,BKG-008556,50,78
2363,3105,20251119,900,1,LTX-0002363,BKG-005758,41,119
2364,2803,20250520,900,1,LTX-0002364,BKG-010617,31,31
2365,2803,20250615,900,1,LTX-0002365,BKG-004679,43,74
2366,2803,20250621,900,1,LTX-0002366,BKG-011989,69,143
2367,2803,20250904,900,1,LTX-0002367,BKG-000560,42,185
2368,2803,20250904,900,1,LTX-0002368,BKG-001448,30,215
2369,2803,20251108,900,1,LTX-0002369,BKG-004649,7,222
2370,2803,20251203,900,1,LTX-0002370,BKG-001871,68,290
2371,1698,20250417,900,1,LTX-0002371,BKG-005740,30,30
2372,1698,20250511,900,1,LTX-0002372,BKG-004530,12,42
2373,1698,20250630,900,1,LTX-0002373,BKG-009512,111,153
2374,1698,20251113,900,1,LTX-0002374,BKG-004630,47,200
2375,1698,20251217,900,1,LTX-0002375,BKG-000561,49,249
2376,1698,20251221,900,1,LTX-0002376,BKG-008297,43,292
2377,4624,20250102,900,1,LTX-0002377,BKG-001654,38,38
2378,4624,20250511,900,1,LTX-0002378,BKG-009449,31,69
2379,4624,20250607,900,1,LTX-0002379,BKG-000562,75,144
2380,4624,20250810,900,1,LTX-0002380,BKG-011639,31,175
2381,4624,20250914,900,1,LTX-0002381,BKG-011805,18,193
2382,4624,20250914,1800,2,LTX-0002382,BKG-011805,-20,173
2383,2572,20241224,900,1,LTX-0002383,BKG-003386,80,80
2384,2572,20250104,900,1,LTX-0002384,BKG-001276,54,134
2385,2572,20251214,900,1,LTX-0002385,BKG-000563,66,200
2386,1577,20250306,900,1,LTX-0002386,BKG-007427,42,42
2387,1577,20250721,900,1,LTX-0002387,BKG-001346,19,61
2388,1577,20250728,900,1,LTX-0002388,BKG-000564,38,99
2389,1577,20250815,900,1,LTX-0002389,BKG-006530,75,174
2390,1577,20250815,1800,2,LTX-0002390,BKG-006530,-10,164
2391,1577,20251216,900,1,LTX-0002391,BKG-004876,31,195
2392,2087,20250131,900,1,LTX-0002392,BKG-003149,47,47
2393,2087,20250324,900,1,LTX-0002393,BKG-004507,27,74
2394,2087,20250717,900,1,LTX-0002394,BKG-000565,35,109
2395,2087,20251130,900,1,LTX-0002395,BKG-005570,22,131
2396,79,20241225,900,1,LTX-0002396,BKG-000566,35,35
2397,80,20251126,900,1,LTX-0002397,BKG-009945,44,79
2398,80,20251213,900,1,LTX-0002398,BKG-003704,46,125
2399,3425,20250223,900,1,LTX-0002399,BKG-008518,39,39
2400,3425,20250424,900,1,LTX-0002400,BKG-004866,26,65
2401,3425,20250614,900,1,LTX-0002401,BKG-000568,44,109
2402,3426,20251122,900,1,LTX-0002402,BKG-000831,33,142
2403,4876,20250122,900,1,LTX-0002403,BKG-003032,28,28
2404,4876,20250216,900,1,LTX-0002404,BKG-001516,33,61
2405,4876,20250216,1800,2,LTX-0002405,BKG-001516,-20,41
2406,4876,20250412,900,1,LTX-0002406,BKG-000570,70,111
2407,4876,20250623,900,1,LTX-0002407,BKG-004765,46,157
2408,3937,20250506,900,1,LTX-0002408,BKG-010407,48,48
2409,3937,20250617,900,1,LTX-0002409,BKG-001648,27,75
2410,3937,20250730,900,1,LTX-0002410,BKG-000571,46,121
2411,3937,20251216,900,1,LTX-0002411,BKG-010894,23,144
2412,3327,20250419,900,1,LTX-0002412,BKG-010206,57,57
2413,3327,20250521,900,1,LTX-0002413,BKG-002277,6,63
2414,3327,20250521,1800,2,LTX-0002414,BKG-002277,-10,53
2415,3328,20250702,900,1,LTX-0002415,BKG-009732,11,64
2416,3328,20250703,900,1,LTX-0002416,BKG-000572,79,143
2417,3328,20250817,900,1,LTX-0002417,BKG-005305,94,237
2418,3506,20250205,900,1,LTX-0002418,BKG-002298,26,26
2419,3506,20250312,900,1,LTX-0002419,BKG-000573,44,70
2420,3506,20250626,900,1,LTX-0002420,BKG-005805,14,84
2421,3506,20250705,900,1,LTX-0002421,BKG-008047,79,163
2422,3506,20250928,900,1,LTX-0002422,BKG-010812,57,220
2423,2854,20250527,900,1,LTX-0002423,BKG-000574,79,79
2424,2854,20250619,900,1,LTX-0002424,BKG-001393,33,112
2425,2854,20250906,900,1,LTX-0002425,BKG-010500,25,137
2426,2854,20250907,900,1,LTX-0002426,BKG-008651,45,182
2427,2854,20251210,900,1,LTX-0002427,BKG-005798,15,197
2428,4440,20250210,900,1,LTX-0002428,BKG-009256,8,8
2429,4440,20250524,900,1,LTX-0002429,BKG-000577,31,39
2430,4440,20250524,1800,2,LTX-0002430,BKG-000577,-30,9
2431,4440,20251111,900,1,LTX-0002431,BKG-006217,40,49
2432,1797,20250304,900,1,LTX-0002432,BKG-007744,26,26
2433,1797,20250626,900,1,LTX-0002433,BKG-000578,18,44
2434,1797,20251207,900,1,LTX-0002434,BKG-004398,93,137
2435,2804,20250713,900,1,LTX-0002435,BKG-005539,24,24
2436,2804,20251207,900,1,LTX-0002436,BKG-000579,42,66
2437,2781,20250410,900,1,LTX-0002437,BKG-009749,12,12
2438,2781,20250814,900,1,LTX-0002438,BKG-005113,47,59
2439,2781,20250821,900,1,LTX-0002439,BKG-008437,52,111
2440,2781,20251104,900,1,LTX-0002440,BKG-000580,86,197
2441,4029,20241212,900,1,LTX-0002441,BKG-011839,56,56
2442,4029,20250524,900,1,LTX-0002442,BKG-009327,88,144
2443,4029,20251111,900,1,LTX-0002443,BKG-006314,67,211
2444,4029,20251111,1800,2,LTX-0002444,BKG-006314,-10,201
2445,4029,20251114,900,1,LTX-0002445,BKG-009935,41,242
2446,4029,20251128,900,1,LTX-0002446,BKG-000581,12,254
2447,3035,20250512,900,1,LTX-0002447,BKG-009380,78,78
2448,3035,20250519,900,1,LTX-0002448,BKG-000582,69,147
2449,3035,20250519,1800,2,LTX-0002449,BKG-000582,-20,127
2450,3035,20250525,900,1,LTX-0002450,BKG-009002,29,156
2451,3035,20251007,900,1,LTX-0002451,BKG-005402,47,203
2452,2334,20250215,900,1,LTX-0002452,BKG-005119,44,44
2453,2334,20251118,900,1,LTX-0002453,BKG-000583,54,98
2454,2334,20251118,1800,2,LTX-0002454,BKG-000583,-30,68
2455,177,20250402,900,1,LTX-0002455,BKG-000584,50,50
2456,177,20251004,900,1,LTX-0002456,BKG-005463,90,140
2457,177,20251207,900,1,LTX-0002457,BKG-008835,44,184
2458,463,20250213,900,1,LTX-0002458,BKG-000603,56,56
2459,463,20250420,900,1,LTX-0002459,BKG-005343,30,86
2460,463,20250526,900,1,LTX-0002460,BKG-000585,46,132
2461,463,20250617,900,1,LTX-0002461,BKG-009239,39,171
2462,464,20251128,900,1,LTX-0002462,BKG-001923,11,182
2463,1892,20250903,900,1,LTX-0002463,BKG-009332,39,39
2464,1892,20250925,900,1,LTX-0002464,BKG-000586,47,86
2465,517,20250618,900,1,LTX-0002465,BKG-000587,15,15
2466,517,20250623,900,1,LTX-0002466,BKG-007098,58,73
2467,517,20250625,900,1,LTX-0002467,BKG-009005,33,106
2468,517,20250625,1800,2,LTX-0002468,BKG-009005,-30,76
2469,517,20250626,900,1,LTX-0002469,BKG-008836,66,142
2470,3697,20250122,900,1,LTX-0002470,BKG-006030,18,18
2471,3697,20250223,900,1,LTX-0002471,BKG-000588,55,73
2472,3697,20250223,1800,2,LTX-0002472,BKG-000588,-20,53
2473,3697,20250319,900,1,LTX-0002473,BKG-003095,34,87
2474,3280,20250123,900,1,LTX-0002474,BKG-009751,57,57
2475,3280,20250405,900,1,LTX-0002475,BKG-011519,16,73
2476,3280,20250405,1800,2,LTX-0002476,BKG-011519,-20,53
2477,3280,20250609,900,1,LTX-0002477,BKG-007235,61,114
2478,3280,20250625,900,1,LTX-0002478,BKG-009262,35,149
2479,3280,20250726,900,1,LTX-0002479,BKG-000589,8,157
2480,1494,20250518,900,1,LTX-0002480,BKG-006086,34,34
2481,1494,20250530,900,1,LTX-0002481,BKG-000591,64,98
2482,1494,20250628,900,1,LTX-0002482,BKG-002595,32,130
2483,4882,20250410,900,1,LTX-0002483,BKG-000594,47,47
2484,4882,20250913,900,1,LTX-0002484,BKG-003293,36,83
2485,3414,20250623,900,1,LTX-0002485,BKG-000595,54,54
2486,2028,20250514,900,1,LTX-0002486,BKG-008782,54,54
2487,2028,20250514,1800,2,LTX-0002487,BKG-008782,-10,44
2488,2028,20251015,900,1,LTX-0002488,BKG-000597,33,77
2489,2028,20251015,1800,2,LTX-0002489,BKG-000597,-20,57
2490,2028,20251016,900,1,LTX-0002490,BKG-010904,73,130
2491,2132,20250509,900,1,LTX-0002491,BKG-000598,66,66
2492,2133,20250716,900,1,LTX-0002492,BKG-008149,57,123
2493,642,20250127,900,1,LTX-0002493,BKG-005467,25,25
2494,642,20250127,1800,2,LTX-0002494,BKG-005467,-20,5
2495,642,20250205,900,1,LTX-0002495,BKG-006797,74,79
2496,642,20250404,900,1,LTX-0002496,BKG-007118,32,111
2497,642,20250604,900,1,LTX-0002497,BKG-005976,12,123
2498,642,20250806,900,1,LTX-0002498,BKG-010475,46,169
2499,642,20250806,1800,2,LTX-0002499,BKG-010475,-10,159
2500,642,20250812,900,1,LTX-0002500,BKG-000599,21,180
2501,3216,20251006,900,1,LTX-0002501,BKG-008275,36,36
2502,3216,20251125,900,1,LTX-0002502,BKG-000600,82,118
2503,3216,20251125,1800,2,LTX-0002503,BKG-000600,-30,88
2504,996,20250622,900,1,LTX-0002504,BKG-000601,58,58
2505,996,20250622,1800,2,LTX-0002505,BKG-000601,-20,38
2506,996,20250927,900,1,LTX-0002506,BKG-001523,36,74
2507,996,20251122,900,1,LTX-0002507,BKG-011267,127,201
2508,1091,20241209,900,1,LTX-0002508,BKG-000602,28,28
2509,4184,20250423,900,1,LTX-0002509,BKG-011292,10,10
2510,4184,20250514,900,1,LTX-0002510,BKG-000604,52,62
2511,4184,20250519,900,1,LTX-0002511,BKG-012124,39,101
2512,4184,20250606,900,1,LTX-0002512,BKG-008128,41,142
2513,4184,20250608,900,1,LTX-0002513,BKG-011740,32,174
2514,4184,20250707,900,1,LTX-0002514,BKG-001748,39,213
2515,243,20250614,900,1,LTX-0002515,BKG-000658,43,43
2516,243,20250822,900,1,LTX-0002516,BKG-011155,29,72
2517,243,20250922,900,1,LTX-0002517,BKG-006504,70,142
2518,243,20251107,900,1,LTX-0002518,BKG-000605,6,148
2519,243,20251118,900,1,LTX-0002519,BKG-009511,17,165
2520,3293,20250609,900,1,LTX-0002520,BKG-002711,66,66
2521,3294,20250721,900,1,LTX-0002521,BKG-000606,26,92
2522,1720,20250225,900,1,LTX-0002522,BKG-000607,9,9
2523,1720,20250608,900,1,LTX-0002523,BKG-002362,51,60
2524,1720,20250616,900,1,LTX-0002524,BKG-012243,122,182
2525,1720,20250707,900,1,LTX-0002525,BKG-001043,88,270
2526,3542,20250414,900,1,LTX-0002526,BKG-002343,28,28
2527,3542,20250611,900,1,LTX-0002527,BKG-012416,11,39
2528,3542,20251112,900,1,LTX-0002528,BKG-009276,67,106
2529,3542,20251112,1800,2,LTX-0002529,BKG-009276,-30,76
2530,3542,20251129,900,1,LTX-0002530,BKG-000608,17,93
2531,3685,20250102,900,1,LTX-0002531,BKG-000609,11,11
2532,3686,20251104,900,1,LTX-0002532,BKG-003927,57,68
2533,2361,20241223,900,1,LTX-0002533,BKG-000610,28,28
2534,2479,20250107,900,1,LTX-0002534,BKG-000611,31,31
2535,2703,20250504,900,1,LTX-0002535,BKG-000612,23,23
2536,2703,20250729,900,1,LTX-0002536,BKG-009519,13,36
2537,2735,20250414,900,1,LTX-0002537,BKG-005757,18,18
2538,2735,20250602,900,1,LTX-0002538,BKG-006258,63,81
2539,2735,20250611,900,1,LTX-0002539,BKG-000613,81,162
2540,2735,20250810,900,1,LTX-0002540,BKG-004416,63,225
2541,24,20250228,900,1,LTX-0002541,BKG-000614,20,20
2542,24,20250606,900,1,LTX-0002542,BKG-012100,20,40
2543,24,20250702,900,1,LTX-0002543,BKG-006622,35,75
2544,24,20250929,900,1,LTX-0002544,BKG-000690,36,111
2545,2082,20250113,900,1,LTX-0002545,BKG-005383,52,52
2546,2082,20250113,1800,2,LTX-0002546,BKG-005383,-20,32
2547,2082,20250405,900,1,LTX-0002547,BKG-000616,10,42
2548,2082,20250408,900,1,LTX-0002548,BKG-012336,40,82
2549,2082,20250425,900,1,LTX-0002549,BKG-004834,11,93
2550,2082,20250913,900,1,LTX-0002550,BKG-004542,44,137
2551,2082,20251123,900,1,LTX-0002551,BKG-012500,60,197
2552,264,20250607,900,1,LTX-0002552,BKG-000617,35,35
2553,264,20251126,900,1,LTX-0002553,BKG-011262,33,68
2554,1336,20250507,900,1,LTX-0002554,BKG-000618,29,29
2555,1336,20250526,900,1,LTX-0002555,BKG-011919,28,57
2556,1807,20250215,900,1,LTX-0002556,BKG-000619,29,29
2557,1807,20250222,900,1,LTX-0002557,BKG-009659,25,54
2558,1807,20250819,900,1,LTX-0002558,BKG-009934,39,93
2559,1807,20251111,900,1,LTX-0002559,BKG-011900,27,120
2560,1807,20251111,1800,2,LTX-0002560,BKG-011900,-30,90
2561,1579,20241224,900,1,LTX-0002561,BKG-008471,28,28
2562,1579,20250608,900,1,LTX-0002562,BKG-006917,75,103
2563,1579,20250713,900,1,LTX-0002563,BKG-006559,25,128
2564,1579,20251220,900,1,LTX-0002564,BKG-000621,42,170
2565,4527,20250119,900,1,LTX-0002565,BKG-008198,24,24
2566,4527,20251029,900,1,LTX-0002566,BKG-000622,25,49
2567,1649,20250415,900,1,LTX-0002567,BKG-000623,27,27
2568,1649,20250624,900,1,LTX-0002568,BKG-002659,53,80
2569,1649,20250627,900,1,LTX-0002569,BKG-004076,46,126
2570,1649,20250627,1800,2,LTX-0002570,BKG-004076,-10,116
2571,3625,20250205,900,1,LTX-0002571,BKG-000624,46,46
2572,3625,20250521,900,1,LTX-0002572,BKG-007838,26,72
2573,3625,20250712,900,1,LTX-0002573,BKG-010025,50,122
2574,3625,20250712,1800,2,LTX-0002574,BKG-010025,-20,102
2575,209,20250929,900,1,LTX-0002575,BKG-002934,52,52
2576,209,20251003,900,1,LTX-0002576,BKG-010107,78,130
2577,209,20251115,900,1,LTX-0002577,BKG-000625,63,193
2578,332,20250607,900,1,LTX-0002578,BKG-000626,54,54
2579,332,20251130,900,1,LTX-0002579,BKG-007219,35,89
2580,2524,20250601,900,1,LTX-0002580,BKG-004632,68,68
2581,2524,20250601,1800,2,LTX-0002581,BKG-004632,-20,48
2582,2524,20250803,900,1,LTX-0002582,BKG-005966,10,58
2583,2524,20251204,900,1,LTX-0002583,BKG-000627,51,109
2584,2524,20251221,900,1,LTX-0002584,BKG-004851,12,121
2585,4163,20250321,900,1,LTX-0002585,BKG-008606,22,22
2586,4163,20250510,900,1,LTX-0002586,BKG-007272,41,63
2587,4163,20250623,900,1,LTX-0002587,BKG-000628,70,133
2588,4163,20250724,900,1,LTX-0002588,BKG-004701,44,177
2589,4163,20251204,900,1,LTX-0002589,BKG-005706,49,226
2590,4163,20251221,900,1,LTX-0002590,BKG-004642,102,328
2591,1819,20250624,900,1,LTX-0002591,BKG-000629,65,65
2592,1819,20250824,900,1,LTX-0002592,BKG-007270,73,138
2593,1819,20250902,900,1,LTX-0002593,BKG-003218,38,176
2594,1819,20250902,1800,2,LTX-0002594,BKG-003218,-10,166
2595,2936,20250220,900,1,LTX-0002595,BKG-000630,40,40
2596,2936,20250512,900,1,LTX-0002596,BKG-006945,36,76
2597,2936,20250512,1800,2,LTX-0002597,BKG-006945,-20,56
2598,2937,20251212,900,1,LTX-0002598,BKG-003590,70,126
2599,2937,20251213,900,1,LTX-0002599,BKG-011412,58,184
2600,2937,20251213,1800,2,LTX-0002600,BKG-011412,-10,174
2601,3275,20241224,900,1,LTX-0002601,BKG-005324,42,42
2602,3275,20250122,900,1,LTX-0002602,BKG-007969,56,98
2603,3275,20250509,900,1,LTX-0002603,BKG-012333,45,143
2604,3275,20250514,900,1,LTX-0002604,BKG-004980,72,215
2605,3275,20250530,900,1,LTX-0002605,BKG-004780,50,265
2606,3275,20250702,900,1,LTX-0002606,BKG-000631,54,319
2607,3275,20250904,900,1,LTX-0002607,BKG-001371,51,370
2608,3275,20251001,900,1,LTX-0002608,BKG-010425,48,418
2609,4273,20250617,900,1,LTX-0002609,BKG-000632,128,128
2610,434,20250120,900,1,LTX-0002610,BKG-011496,31,31
2611,434,20250120,1800,2,LTX-0002611,BKG-011496,-30,1
2612,434,20250601,900,1,LTX-0002612,BKG-002630,23,24
2613,434,20250615,900,1,LTX-0002613,BKG-000635,33,57
2614,434,20250921,900,1,LTX-0002614,BKG-001997,20,77
2615,434,20251126,900,1,LTX-0002615,BKG-003111,31,108
2616,3629,20250117,900,1,LTX-0002616,BKG-009826,16,16
2617,3629,20250529,900,1,LTX-0002617,BKG-000636,70,86
2618,3629,20250606,900,1,LTX-0002618,BKG-004746,59,145
2619,3629,20250918,900,1,LTX-0002619,BKG-001669,49,194
2620,3099,20250424,900,1,LTX-0002620,BKG-007483,101,101
2621,3099,20251103,900,1,LTX-0002621,BKG-000637,49,150
2622,1106,20250606,900,1,LTX-0002622,BKG-000681,33,33
2623,1106,20250609,900,1,LTX-0002623,BKG-011259,43,76
2624,1106,20250621,900,1,LTX-0002624,BKG-000638,28,104
2625,1106,20250826,900,1,LTX-0002625,BKG-003861,50,154
2626,1106,20251027,900,1,LTX-0002626,BKG-010266,76,230
2627,1303,20250521,900,1,LTX-0002627,BKG-000639,95,95
2628,1303,20250904,900,1,LTX-0002628,BKG-010796,71,166
2629,285,20250419,900,1,LTX-0002629,BKG-004813,47,47
2630,285,20250419,1800,2,LTX-0002630,BKG-004813,-30,17
2631,285,20250428,900,1,LTX-0002631,BKG-011549,55,72
2632,285,20250519,900,1,LTX-0002632,BKG-004381,38,110
2633,285,20250715,900,1,LTX-0002633,BKG-000641,48,158
2634,3251,20250218,900,1,LTX-0002634,BKG-006336,47,47
2635,3251,20250416,900,1,LTX-0002635,BKG-010713,42,89
2636,3251,20250507,900,1,LTX-0002636,BKG-005146,66,155
2637,3251,20250626,900,1,LTX-0002637,BKG-004911,16,171
2638,3251,20251012,900,1,LTX-0002638,BKG-000643,46,217
2639,3251,20251103,900,1,LTX-0002639,BKG-006270,63,280
2640,3251,20251205,900,1,LTX-0002640,BKG-006746,36,316
2641,4620,20250706,900,1,LTX-0002641,BKG-000646,39,39
2642,4620,20251109,900,1,LTX-0002642,BKG-007532,33,72
2643,4620,20251130,900,1,LTX-0002643,BKG-009890,37,109
2644,341,20250606,900,1,LTX-0002644,BKG-006484,64,64
2645,341,20250614,900,1,LTX-0002645,BKG-000647,43,107
2646,341,20250614,1800,2,LTX-0002646,BKG-000647,-20,87
2647,341,20250731,900,1,LTX-0002647,BKG-002255,45,132
2648,341,20251126,900,1,LTX-0002648,BKG-001971,12,144
2649,1242,20250517,900,1,LTX-0002649,BKG-007445,39,39
2650,1242,20250619,900,1,LTX-0002650,BKG-000648,65,104
2651,1242,20250712,900,1,LTX-0002651,BKG-009242,45,149
2652,1242,20251129,900,1,LTX-0002652,BKG-007121,37,186
2653,1242,20251217,900,1,LTX-0002653,BKG-002432,68,254
2654,1868,20250206,900,1,LTX-0002654,BKG-000650,46,46
2655,1868,20250612,900,1,LTX-0002655,BKG-008691,58,104
2656,3297,20250110,900,1,LTX-0002656,BKG-009129,28,28
2657,3297,20250617,900,1,LTX-0002657,BKG-007078,90,118
2658,3297,20251020,900,1,LTX-0002658,BKG-000651,70,188
2659,3297,20251115,900,1,LTX-0002659,BKG-003797,9,197
2660,2873,20250528,900,1,LTX-0002660,BKG-005690,58,58
2661,2873,20251221,900,1,LTX-0002661,BKG-000652,48,106
2662,333,20250212,900,1,LTX-0002662,BKG-000654,6,6
2663,333,20250502,900,1,LTX-0002663,BKG-003823,47,53
2664,333,20250502,1800,2,LTX-0002664,BKG-003823,-10,43
2665,333,20250609,900,1,LTX-0002665,BKG-006624,63,106
2666,2404,20250622,900,1,LTX-0002666,BKG-001030,78,78
2667,2404,20251007,900,1,LTX-0002667,BKG-010567,80,158
2668,2404,20251112,900,1,LTX-0002668,BKG-000655,68,226
2669,2404,20251112,1800,2,LTX-0002669,BKG-000655,-10,216
2670,484,20250101,900,1,LTX-0002670,BKG-000656,52,52
2671,484,20250901,900,1,LTX-0002671,BKG-005349,32,84
2672,484,20251130,900,1,LTX-0002672,BKG-001764,16,100
2673,484,20251130,1800,2,LTX-0002673,BKG-001764,-30,70
2674,1168,20250126,900,1,LTX-0002674,BKG-007628,40,40
2675,1168,20250126,1800,2,LTX-0002675,BKG-007628,-20,20
2676,1168,20250521,900,1,LTX-0002676,BKG-000657,32,52
2677,1168,20250905,900,1,LTX-0002677,BKG-010975,6,58
2678,1168,20250905,1800,2,LTX-0002678,BKG-010975,-20,38
2679,1168,20251007,900,1,LTX-0002679,BKG-005465,24,62
2680,1168,20251121,900,1,LTX-0002680,BKG-006696,58,120
2681,1168,20251121,1800,2,LTX-0002681,BKG-006696,-20,100
2682,1749,20250125,900,1,LTX-0002682,BKG-009325,57,57
2683,1749,20250302,900,1,LTX-0002683,BKG-002926,31,88
2684,1749,20250516,900,1,LTX-0002684,BKG-011721,29,117
2685,1749,20250516,1800,2,LTX-0002685,BKG-011721,-10,107
2686,1749,20250606,900,1,LTX-0002686,BKG-006474,84,191
2687,1749,20250623,900,1,LTX-0002687,BKG-005415,57,248
2688,1749,20250625,900,1,LTX-0002688,BKG-011140,32,280
2689,1749,20251217,900,1,LTX-0002689,BKG-000659,30,310
2690,1486,20250613,900,1,LTX-0002690,BKG-004989,44,44
2691,1486,20250701,900,1,LTX-0002691,BKG-000660,58,102
2692,702,20250212,900,1,LTX-0002692,BKG-007207,69,69
2693,702,20250212,1800,2,LTX-0002693,BKG-007207,-30,39
2694,702,20250213,900,1,LTX-0002694,BKG-007605,18,57
2695,702,20250320,900,1,LTX-0002695,BKG-006403,16,73
2696,702,20250527,900,1,LTX-0002696,BKG-003516,34,107
2697,702,20250531,900,1,LTX-0002697,BKG-011951,47,154
2698,702,20250611,900,1,LTX-0002698,BKG-000661,10,164
2699,702,20250706,900,1,LTX-0002699,BKG-011141,112,276
2700,702,20250818,900,1,LTX-0002700,BKG-007622,8,284
2701,702,20251004,900,1,LTX-0002701,BKG-011039,76,360
2702,703,20251205,900,1,LTX-0002702,BKG-005991,8,368
2703,2199,20241212,900,1,LTX-0002703,BKG-010619,40,40
2704,2199,20250525,900,1,LTX-0002704,BKG-000662,16,56
2705,2199,20250530,900,1,LTX-0002705,BKG-008862,8,64
2706,2199,20250609,900,1,LTX-0002706,BKG-009490,23,87
2707,2199,20251108,900,1,LTX-0002707,BKG-006585,7,94
2708,1134,20250210,900,1,LTX-0002708,BKG-009499,17,17
2709,1134,20250210,1800,2,LTX-0002709,BKG-009499,-10,7
2710,1134,20251014,900,1,LTX-0002710,BKG-000663,15,22
2711,2094,20250216,900,1,LTX-0002711,BKG-010304,48,48
2712,2094,20250721,900,1,LTX-0002712,BKG-000664,77,125
2713,2603,20250409,900,1,LTX-0002713,BKG-000786,39,39
2714,2603,20250524,900,1,LTX-0002714,BKG-000665,45,84
2715,2603,20251128,900,1,LTX-0002715,BKG-007660,10,94
2716,4747,20250125,900,1,LTX-0002716,BKG-000944,46,46
2717,4747,20250224,900,1,LTX-0002717,BKG-000666,9,55
2718,4747,20250926,900,1,LTX-0002718,BKG-001427,58,113
2719,4747,20251026,900,1,LTX-0002719,BKG-012226,73,186
2720,234,20250613,900,1,LTX-0002720,BKG-007662,79,79
2721,234,20250705,900,1,LTX-0002721,BKG-009348,88,167
2722,234,20251205,900,1,LTX-0002722,BKG-000667,95,262
2723,3830,20251030,900,1,LTX-0002723,BKG-011283,36,36
2724,3830,20251122,900,1,LTX-0002724,BKG-000668,31,67
2725,4220,20250123,900,1,LTX-0002725,BKG-000669,39,39
2726,4220,20250429,900,1,LTX-0002726,BKG-002810,10,49
2727,4220,20250504,900,1,LTX-0002727,BKG-007497,68,117
2728,4220,20250618,900,1,LTX-0002728,BKG-009853,73,190
2729,4220,20250618,1800,2,LTX-0002729,BKG-009853,-20,170
2730,4220,20251105,900,1,LTX-0002730,BKG-008202,38,208
2731,4220,20251204,900,1,LTX-0002731,BKG-002859,36,244
2732,117,20250324,900,1,LTX-0002732,BKG-001807,65,65
2733,117,20250324,1800,2,LTX-0002733,BKG-001807,-30,35
2734,117,20250524,900,1,LTX-0002734,BKG-000670,41,76
2735,117,20250524,1800,2,LTX-0002735,BKG-000670,-10,66
2736,117,20250527,900,1,LTX-0002736,BKG-002508,32,98
2737,117,20250907,900,1,LTX-0002737,BKG-004870,45,143
2738,117,20251208,900,1,LTX-0002738,BKG-003046,72,215
2739,4036,20250131,900,1,LTX-0002739,BKG-006557,23,23
2740,4036,20250323,900,1,LTX-0002740,BKG-000671,36,59
2741,4036,20250528,900,1,LTX-0002741,BKG-005674,43,102
2742,4036,20250608,900,1,LTX-0002742,BKG-011764,41,143
2743,4036,20250610,900,1,LTX-0002743,BKG-007690,96,239
2744,3277,20250210,900,1,LTX-0002744,BKG-012462,84,84
2745,3277,20250517,900,1,LTX-0002745,BKG-004382,99,183
2746,3277,20250607,900,1,LTX-0002746,BKG-009637,22,205
2747,3277,20250721,900,1,LTX-0002747,BKG-002253,51,256
2748,3277,20250729,900,1,LTX-0002748,BKG-002512,66,322
2749,3277,20250822,900,1,LTX-0002749,BKG-000672,47,369
2750,1930,20250612,900,1,LTX-0002750,BKG-000673,9,9
2751,1930,20250621,900,1,LTX-0002751,BKG-003746,17,26
2752,1930,20250812,900,1,LTX-0002752,BKG-002414,62,88
2753,1930,20251108,900,1,LTX-0002753,BKG-009744,40,128
2754,4470,20250528,900,1,LTX-0002754,BKG-000674,37,37
2755,4470,20250708,900,1,LTX-0002755,BKG-007060,20,57
2756,4470,20250929,900,1,LTX-0002756,BKG-011897,43,100
2757,4470,20251027,900,1,LTX-0002757,BKG-006160,69,169
2758,4324,20250624,900,1,LTX-0002758,BKG-012191,35,35
2759,4324,20250721,900,1,LTX-0002759,BKG-000675,13,48
2760,319,20250530,900,1,LTX-0002760,BKG-003028,12,12
2761,319,20250602,900,1,LTX-0002761,BKG-004133,19,31
2762,319,20250621,900,1,LTX-0002762,BKG-009383,47,78
2763,319,20250802,900,1,LTX-0002763,BKG-000676,59,137
2764,319,20251124,900,1,LTX-0002764,BKG-009044,51,188
2765,845,20250115,900,1,LTX-0002765,BKG-009788,66,66
2766,845,20250526,900,1,LTX-0002766,BKG-010575,60,126
2767,845,20250611,900,1,LTX-0002767,BKG-000677,47,173
2768,845,20250712,900,1,LTX-0002768,BKG-010173,73,246
2769,845,20251012,900,1,LTX-0002769,BKG-010044,40,286
2770,845,20251012,1800,2,LTX-0002770,BKG-010044,-10,276
2771,845,20251017,900,1,LTX-0002771,BKG-007391,39,315
2772,845,20251017,1800,2,LTX-0002772,BKG-007391,-10,305
2773,845,20251201,900,1,LTX-0002773,BKG-012469,44,349
2774,4174,20250615,900,1,LTX-0002774,BKG-006294,36,36
2775,4174,20251111,900,1,LTX-0002775,BKG-000678,23,59
2776,1601,20250325,900,1,LTX-0002776,BKG-005603,35,35
2777,1601,20250626,900,1,LTX-0002777,BKG-012021,20,55
2778,1601,20250711,900,1,LTX-0002778,BKG-000679,48,103
2779,1601,20250711,1800,2,LTX-0002779,BKG-000679,-30,73
2780,1601,20251130,900,1,LTX-0002780,BKG-002751,24,97
2781,2333,20250125,900,1,LTX-0002781,BKG-008345,30,30
2782,2333,20250630,900,1,LTX-0002782,BKG-000680,25,55
2783,2960,20250127,900,1,LTX-0002783,BKG-000961,49,49
2784,2960,20250127,1800,2,LTX-0002784,BKG-000961,-30,19
2785,2960,20250408,900,1,LTX-0002785,BKG-000682,32,51
2786,2960,20250707,900,1,LTX-0002786,BKG-010310,31,82
2787,2960,20250712,900,1,LTX-0002787,BKG-010251,54,136
2788,2960,20251102,900,1,LTX-0002788,BKG-005245,42,178
2789,4348,20250529,900,1,LTX-0002789,BKG-007843,18,18
2790,4348,20250715,900,1,LTX-0002790,BKG-000708,35,53
2791,4348,20251026,900,1,LTX-0002791,BKG-000683,30,83
2792,4580,20250227,900,1,LTX-0002792,BKG-012035,29,29
2793,4580,20250604,900,1,LTX-0002793,BKG-010476,10,39
2794,4580,20250604,1800,2,LTX-0002794,BKG-010476,-10,29
2795,4580,20250701,900,1,LTX-0002795,BKG-012112,44,73
2796,4580,20250701,1800,2,LTX-0002796,BKG-012112,-30,43
2797,4580,20250707,900,1,LTX-0002797,BKG-000684,68,111
2798,1509,20250106,900,1,LTX-0002798,BKG-004129,28,28
2799,1509,20250525,900,1,LTX-0002799,BKG-007442,27,55
2800,1509,20250530,900,1,LTX-0002800,BKG-010933,52,107
2801,1509,20250530,1800,2,LTX-0002801,BKG-010933,-10,97
2802,1509,20250612,900,1,LTX-0002802,BKG-012319,62,159
2803,1509,20250612,1800,2,LTX-0002803,BKG-012319,-30,129
2804,1509,20250628,900,1,LTX-0002804,BKG-004150,43,172
2805,1509,20250813,900,1,LTX-0002805,BKG-000685,31,203
2806,1509,20250904,900,1,LTX-0002806,BKG-009910,16,219
2807,1509,20251126,900,1,LTX-0002807,BKG-009984,12,231
2808,1509,20251219,900,1,LTX-0002808,BKG-000807,23,254
2809,166,20250114,900,1,LTX-0002809,BKG-010710,74,74
2810,166,20250115,900,1,LTX-0002810,BKG-000686,56,130
2811,166,20250408,900,1,LTX-0002811,BKG-006239,47,177
2812,166,20250408,1800,2,LTX-0002812,BKG-006239,-30,147
2813,166,20251127,900,1,LTX-0002813,BKG-009126,41,188
2814,3723,20250205,900,1,LTX-0002814,BKG-001208,61,61
2815,3723,20250401,900,1,LTX-0002815,BKG-003128,40,101
2816,3724,20250729,900,1,LTX-0002816,BKG-001021,60,161
2817,3724,20251209,900,1,LTX-0002817,BKG-000687,36,197
2818,3724,20251209,1800,2,LTX-0002818,BKG-000687,-10,187
2819,2616,20250326,900,1,LTX-0002819,BKG-011703,57,57
2820,2616,20250514,900,1,LTX-0002820,BKG-001591,63,120
2821,2616,20250529,900,1,LTX-0002821,BKG-001305,48,168
2822,2616,20250607,900,1,LTX-0002822,BKG-010925,61,229
2823,2616,20250621,900,1,LTX-0002823,BKG-000689,22,251
2824,2616,20250717,900,1,LTX-0002824,BKG-011377,71,322
2825,2616,20251114,900,1,LTX-0002825,BKG-006462,43,365
2826,3603,20250622,900,1,LTX-0002826,BKG-000691,37,37
2827,3603,20251002,900,1,LTX-0002827,BKG-005606,40,77
2828,3603,20251119,900,1,LTX-0002828,BKG-004664,45,122
2829,4778,20250205,900,1,LTX-0002829,BKG-004260,44,44
2830,4778,20250424,900,1,LTX-0002830,BKG-004174,12,56
2831,4778,20250508,900,1,LTX-0002831,BKG-008657,10,66
2832,4778,20251120,900,1,LTX-0002832,BKG-010853,34,100
2833,4778,20251212,900,1,LTX-0002833,BKG-000692,76,176
2834,1915,20250628,900,1,LTX-0002834,BKG-000693,43,43
2835,1915,20250629,900,1,LTX-0002835,BKG-006930,118,161
2836,3111,20250205,900,1,LTX-0002836,BKG-000694,55,55
2837,3111,20250222,900,1,LTX-0002837,BKG-006141,36,91
2838,3111,20250509,900,1,LTX-0002838,BKG-011476,23,114
2839,3111,20250619,900,1,LTX-0002839,BKG-008648,22,136
2840,3111,20250713,900,1,LTX-0002840,BKG-010237,32,168
2841,3111,20251106,900,1,LTX-0002841,BKG-002930,24,192
2842,2274,20250103,900,1,LTX-0002842,BKG-008694,28,28
2843,2274,20250315,900,1,LTX-0002843,BKG-000695,27,55
2844,2274,20251020,900,1,LTX-0002844,BKG-003758,55,110
2845,2794,20241210,900,1,LTX-0002845,BKG-009447,14,14
2846,2794,20250227,900,1,LTX-0002846,BKG-000696,31,45
2847,2794,20250416,900,1,LTX-0002847,BKG-006847,37,82
2848,2794,20250828,900,1,LTX-0002848,BKG-009458,85,167
2849,2026,20250117,900,1,LTX-0002849,BKG-000697,42,42
2850,2026,20250527,900,1,LTX-0002850,BKG-009098,7,49
2851,2026,20250616,900,1,LTX-0002851,BKG-008444,7,56
2852,578,20250326,900,1,LTX-0002852,BKG-002963,58,58
2853,578,20250413,900,1,LTX-0002853,BKG-004273,26,84
2854,578,20250416,900,1,LTX-0002854,BKG-000698,38,122
2855,578,20250620,900,1,LTX-0002855,BKG-004409,43,165
2856,2716,20250316,900,1,LTX-0002856,BKG-001312,36,36
2857,2716,20250324,900,1,LTX-0002857,BKG-000699,60,96
2858,2716,20250611,900,1,LTX-0002858,BKG-012461,41,137
2859,2716,20250704,900,1,LTX-0002859,BKG-003312,65,202
2860,2716,20250706,900,1,LTX-0002860,BKG-011299,29,231
2861,2716,20251016,900,1,LTX-0002861,BKG-010597,38,269
2862,2717,20251025,900,1,LTX-0002862,BKG-005017,60,329
2863,2717,20251209,900,1,LTX-0002863,BKG-003847,43,372
2864,110,20251120,900,1,LTX-0002864,BKG-000700,55,55
2865,2993,20250518,900,1,LTX-0002865,BKG-000701,43,43
2866,2993,20250518,1800,2,LTX-0002866,BKG-000701,-20,23
2867,2993,20250530,900,1,LTX-0002867,BKG-009476,7,30
2868,2993,20250607,900,1,LTX-0002868,BKG-002714,61,91
2869,1257,20250501,900,1,LTX-0002869,BKG-004008,41,41
2870,1257,20250503,900,1,LTX-0002870,BKG-004782,29,70
2871,1257,20250620,900,1,LTX-0002871,BKG-011958,48,118
2872,1257,20250807,900,1,LTX-0002872,BKG-009286,55,173
2873,1257,20251017,900,1,LTX-0002873,BKG-000702,57,230
2874,2956,20250128,900,1,LTX-0002874,BKG-000703,26,26
2875,2956,20250303,900,1,LTX-0002875,BKG-006874,50,76
2876,2956,20250401,900,1,LTX-0002876,BKG-001678,50,126
2877,2956,20250601,900,1,LTX-0002877,BKG-004024,58,184
2878,2956,20250627,900,1,LTX-0002878,BKG-009282,86,270
2879,2956,20250704,900,1,LTX-0002879,BKG-010322,107,377
2880,2956,20250707,900,1,LTX-0002880,BKG-003078,17,394
2881,4189,20250102,900,1,LTX-0002881,BKG-009621,42,42
2882,4189,20251120,900,1,LTX-0002882,BKG-000704,61,103
2883,3249,20250622,900,1,LTX-0002883,BKG-010047,36,36
2884,3249,20251112,900,1,LTX-0002884,BKG-000706,49,85
2885,3249,20251112,1800,2,LTX-0002885,BKG-000706,-20,65
2886,3249,20251206,900,1,LTX-0002886,BKG-011389,50,115
2887,1344,20250122,900,1,LTX-0002887,BKG-000707,55,55
2888,1344,20250411,900,1,LTX-0002888,BKG-004806,22,77
2889,1344,20250617,900,1,LTX-0002889,BKG-000742,36,113
2890,1344,20250828,900,1,LTX-0002890,BKG-011564,42,155
2891,1918,20250604,900,1,LTX-0002891,BKG-001389,11,11
2892,1918,20250606,900,1,LTX-0002892,BKG-000709,86,97
2893,3188,20250123,900,1,LTX-0002893,BKG-012449,68,68
2894,3188,20250616,900,1,LTX-0002894,BKG-005765,95,163
2895,3188,20250622,900,1,LTX-0002895,BKG-000710,80,243
2896,3140,20250505,900,1,LTX-0002896,BKG-000711,61,61
2897,3140,20250602,900,1,LTX-0002897,BKG-010683,61,122
2898,4053,20250311,900,1,LTX-0002898,BKG-002621,55,55
2899,4053,20250417,900,1,LTX-0002899,BKG-000712,56,111
2900,4053,20250716,900,1,LTX-0002900,BKG-003745,11,122
2901,4053,20251206,900,1,LTX-0002901,BKG-009948,30,152
2902,440,20250107,900,1,LTX-0002902,BKG-007053,31,31
2903,440,20250513,900,1,LTX-0002903,BKG-005493,63,94
2904,440,20250608,900,1,LTX-0002904,BKG-005639,61,155
2905,440,20250707,900,1,LTX-0002905,BKG-000713,50,205
2906,440,20250707,1800,2,LTX-0002906,BKG-000713,-30,175
2907,1901,20250528,900,1,LTX-0002907,BKG-011811,39,39
2908,1901,20250616,900,1,LTX-0002908,BKG-010073,83,122
2909,1901,20250628,900,1,LTX-0002909,BKG-004855,15,137
2910,1901,20250708,900,1,LTX-0002910,BKG-011111,53,190
2911,1901,20250906,900,1,LTX-0002911,BKG-004859,53,243
2912,1901,20250906,1800,2,LTX-0002912,BKG-004859,-10,233
2913,1901,20251115,900,1,LTX-0002913,BKG-009294,9,242
2914,1901,20251122,900,1,LTX-0002914,BKG-011254,33,275
2915,1901,20251207,900,1,LTX-0002915,BKG-011518,44,319
2916,1901,20251210,900,1,LTX-0002916,BKG-000715,70,389
2917,1937,20250812,900,1,LTX-0002917,BKG-000716,66,66
2918,2738,20251207,900,1,LTX-0002918,BKG-000719,60,60
2919,1722,20250402,900,1,LTX-0002919,BKG-009538,35,35
2920,1722,20251004,900,1,LTX-0002920,BKG-008200,61,96
2921,1722,20251114,900,1,LTX-0002921,BKG-005068,67,163
2922,1722,20251126,900,1,LTX-0002922,BKG-000720,41,204
2923,1375,20250130,900,1,LTX-0002923,BKG-000721,36,36
2924,1375,20250517,900,1,LTX-0002924,BKG-009837,48,84
2925,1375,20250716,900,1,LTX-0002925,BKG-004201,51,135
2926,1375,20250809,900,1,LTX-0002926,BKG-002619,25,160
2927,1375,20250914,900,1,LTX-0002927,BKG-004496,40,200
2928,1375,20251210,900,1,LTX-0002928,BKG-003304,22,222
2929,650,20250515,900,1,LTX-0002929,BKG-000722,63,63
2930,650,20250629,900,1,LTX-0002930,BKG-007625,62,125
2931,900,20250112,900,1,LTX-0002931,BKG-006465,7,7
2932,900,20250121,900,1,LTX-0002932,BKG-000723,87,94
2933,900,20250121,1800,2,LTX-0002933,BKG-000723,-20,74
2934,900,20250629,900,1,LTX-0002934,BKG-006784,72,146
2935,900,20250815,900,1,LTX-0002935,BKG-006610,66,212
2936,585,20250220,900,1,LTX-0002936,BKG-000724,34,34
2937,2783,20250611,900,1,LTX-0002937,BKG-000725,23,23
2938,2783,20250717,900,1,LTX-0002938,BKG-005236,31,54
2939,1005,20250518,900,1,LTX-0002939,BKG-007441,72,72
2940,1005,20250518,1800,2,LTX-0002940,BKG-007441,-30,42
2941,1005,20250630,900,1,LTX-0002941,BKG-008965,62,104
2942,1005,20250713,900,1,LTX-0002942,BKG-000726,47,151
2943,1006,20250912,900,1,LTX-0002943,BKG-004850,18,169
2944,1006,20251117,900,1,LTX-0002944,BKG-011245,66,235
2945,3385,20250204,900,1,LTX-0002945,BKG-005671,74,74
2946,3385,20250601,900,1,LTX-0002946,BKG-000727,53,127
2947,3385,20250610,900,1,LTX-0002947,BKG-001533,39,166
2948,3385,20251124,900,1,LTX-0002948,BKG-003190,41,207
2949,3385,20251124,1800,2,LTX-0002949,BKG-003190,-30,177
2950,2344,20250227,900,1,LTX-0002950,BKG-007732,6,6
2951,2344,20250314,900,1,LTX-0002951,BKG-000728,51,57
2952,2344,20250601,900,1,LTX-0002952,BKG-002865,52,109
2953,2344,20250704,900,1,LTX-0002953,BKG-010212,12,121
2954,2344,20250911,900,1,LTX-0002954,BKG-011541,21,142
2955,2344,20251002,900,1,LTX-0002955,BKG-009485,46,188
2956,3445,20250304,900,1,LTX-0002956,BKG-003552,49,49
2957,3445,20250530,900,1,LTX-0002957,BKG-000729,22,71
2958,3445,20251108,900,1,LTX-0002958,BKG-004705,77,148
2959,3794,20250425,900,1,LTX-0002959,BKG-000730,45,45
2960,3794,20250610,900,1,LTX-0002960,BKG-007819,70,115
2961,4215,20250303,900,1,LTX-0002961,BKG-005921,40,40
2962,4216,20250517,900,1,LTX-0002962,BKG-012419,30,70
2963,4216,20250527,900,1,LTX-0002963,BKG-000731,61,131
2964,4216,20251023,900,1,LTX-0002964,BKG-011082,14,145
2965,4216,20251023,1800,2,LTX-0002965,BKG-011082,-10,135
2966,4216,20251207,900,1,LTX-0002966,BKG-003723,18,153
2967,411,20251205,900,1,LTX-0002967,BKG-002828,34,34
2968,411,20251207,900,1,LTX-0002968,BKG-000732,29,63
2969,2807,20250112,900,1,LTX-0002969,BKG-010177,49,49
2970,2807,20250521,900,1,LTX-0002970,BKG-008918,41,90
2971,2807,20250627,900,1,LTX-0002971,BKG-000733,42,132
2972,1639,20250416,900,1,LTX-0002972,BKG-005153,17,17
2973,1639,20250628,900,1,LTX-0002973,BKG-009926,47,64
2974,1639,20250705,900,1,LTX-0002974,BKG-004096,9,73
2975,1639,20251126,900,1,LTX-0002975,BKG-000735,33,106
2976,1639,20251126,900,1,LTX-0002976,BKG-004406,68,174
2977,4661,20250613,900,1,LTX-0002977,BKG-010115,49,49
2978,4661,20250904,900,1,LTX-0002978,BKG-000736,38,87
2979,2405,20250209,900,1,LTX-0002979,BKG-006110,30,30
2980,2405,20250423,900,1,LTX-0002980,BKG-011967,43,73
2981,2405,20250527,900,1,LTX-0002981,BKG-000737,31,104
2982,2405,20250928,900,1,LTX-0002982,BKG-003503,54,158
2983,2954,20241217,900,1,LTX-0002983,BKG-012185,50,50
2984,2954,20250520,900,1,LTX-0002984,BKG-000738,35,85
2985,2954,20250602,900,1,LTX-0002985,BKG-003856,30,115
2986,2954,20251108,900,1,LTX-0002986,BKG-004006,48,163
2987,2954,20251220,900,1,LTX-0002987,BKG-012415,45,208
2988,2829,20241228,900,1,LTX-0002988,BKG-008420,18,18
2989,2829,20250511,900,1,LTX-0002989,BKG-000739,12,30
2990,2829,20250630,900,1,LTX-0002990,BKG-002702,78,108
2991,2829,20250718,900,1,LTX-0002991,BKG-008249,50,158
2992,2829,20251019,900,1,LTX-0002992,BKG-010986,32,190
2993,2830,20251128,900,1,LTX-0002993,BKG-008561,31,221
2994,2662,20250625,900,1,LTX-0002994,BKG-000740,100,100
2995,2662,20250719,900,1,LTX-0002995,BKG-010109,9,109
2996,2662,20250803,900,1,LTX-0002996,BKG-007581,48,157
2997,101,20250225,900,1,LTX-0002997,BKG-007653,50,50
2998,101,20250312,900,1,LTX-0002998,BKG-002390,11,61
2999,101,20250410,900,1,LTX-0002999,BKG-001361,61,122
3000,101,20250616,900,1,LTX-0003000,BKG-011682,35,157
3001,101,20251111,900,1,LTX-0003001,BKG-000743,45,202
3002,3169,20250219,900,1,LTX-0003002,BKG-002097,56,56
3003,3169,20250421,900,1,LTX-0003003,BKG-001875,20,76
3004,3169,20250628,900,1,LTX-0003004,BKG-000744,23,99
3005,3169,20251112,900,1,LTX-0003005,BKG-010200,9,108
3006,3169,20251130,900,1,LTX-0003006,BKG-004453,61,169
3007,2234,20250217,900,1,LTX-0003007,BKG-004736,73,73
3008,2234,20250220,900,1,LTX-0003008,BKG-007259,24,97
3009,2234,20250608,900,1,LTX-0003009,BKG-000745,33,130
3010,2234,20250608,1800,2,LTX-0003010,BKG-000745,-20,110
3011,2234,20250611,900,1,LTX-0003011,BKG-004198,54,164
3012,2234,20250611,1800,2,LTX-0003012,BKG-004198,-10,154
3013,2234,20251202,900,1,LTX-0003013,BKG-002260,82,236
3014,3997,20250120,900,1,LTX-0003014,BKG-008440,44,44
3015,3997,20250517,900,1,LTX-0003015,BKG-000746,43,87
3016,3997,20251116,900,1,LTX-0003016,BKG-007770,26,113
3017,354,20250106,900,1,LTX-0003017,BKG-006132,33,33
3018,355,20250427,900,1,LTX-0003018,BKG-000747,28,61
3019,355,20250624,900,1,LTX-0003019,BKG-008403,39,100
3020,355,20251107,900,1,LTX-0003020,BKG-007879,56,156
3021,3919,20250428,900,1,LTX-0003021,BKG-008655,80,80
3022,3920,20250715,900,1,LTX-0003022,BKG-009287,28,108
3023,3920,20251118,900,1,LTX-0003023,BKG-000749,84,192
3024,2110,20250211,900,1,LTX-0003024,BKG-007952,39,39
3025,2110,20250414,900,1,LTX-0003025,BKG-000751,44,83
3026,2110,20250923,900,1,LTX-0003026,BKG-003229,14,97
3027,1113,20241211,900,1,LTX-0003027,BKG-009940,44,44
3028,1113,20250319,900,1,LTX-0003028,BKG-001191,21,65
3029,1113,20250628,900,1,LTX-0003029,BKG-009436,51,116
3030,1113,20251001,900,1,LTX-0003030,BKG-000752,18,134
3031,2558,20250124,900,1,LTX-0003031,BKG-008327,36,36
3032,2558,20250323,900,1,LTX-0003032,BKG-000753,45,81
3033,2558,20250531,900,1,LTX-0003033,BKG-008301,39,120
3034,2558,20250917,900,1,LTX-0003034,BKG-005268,55,175
3035,2558,20250917,1800,2,LTX-0003035,BKG-005268,-30,145
3036,2558,20251114,900,1,LTX-0003036,BKG-003294,42,187
3037,2118,20250125,900,1,LTX-0003037,BKG-000754,53,53
3038,2118,20250309,900,1,LTX-0003038,BKG-004692,65,118
3039,2118,20250528,900,1,LTX-0003039,BKG-003278,70,188
3040,2119,20250714,900,1,LTX-0003040,BKG-012398,33,221
3041,2119,20250809,900,1,LTX-0003041,BKG-006887,67,288
3042,2119,20250815,900,1,LTX-0003042,BKG-005414,57,345
3043,2119,20250917,900,1,LTX-0003043,BKG-006659,19,364
3044,3560,20250202,900,1,LTX-0003044,BKG-005946,44,44
3045,3560,20250314,900,1,LTX-0003045,BKG-001334,36,80
3046,3560,20250628,900,1,LTX-0003046,BKG-002855,47,127
3047,3560,20250715,900,1,LTX-0003047,BKG-009343,71,198
3048,3560,20250906,900,1,LTX-0003048,BKG-000755,47,245
3049,3560,20251202,900,1,LTX-0003049,BKG-005063,50,295
3050,3560,20251202,1800,2,LTX-0003050,BKG-005063,-10,285
3051,3560,20251210,900,1,LTX-0003051,BKG-004234,9,294
3052,3560,20251214,900,1,LTX-0003052,BKG-002124,43,337
3053,4041,20250909,900,1,LTX-0003053,BKG-000756,66,66
3054,2963,20250331,900,1,LTX-0003054,BKG-010532,24,24
3055,2963,20250613,900,1,LTX-0003055,BKG-003320,48,72
3056,2963,20250625,900,1,LTX-0003056,BKG-008486,44,116
3057,2963,20250807,900,1,LTX-0003057,BKG-011711,28,144
3058,2963,20250807,1800,2,LTX-0003058,BKG-011711,-20,124
3059,2963,20251127,900,1,LTX-0003059,BKG-000757,58,182
3060,4840,20250521,900,1,LTX-0003060,BKG-004769,70,70
3061,4840,20250603,900,1,LTX-0003061,BKG-009841,34,104
3062,4840,20250603,1800,2,LTX-0003062,BKG-009841,-20,84
3063,4840,20250710,900,1,LTX-0003063,BKG-000758,60,144
3064,4840,20250817,900,1,LTX-0003064,BKG-011346,45,189
3065,4840,20250924,900,1,LTX-0003065,BKG-003061,66,255
3066,4840,20251216,900,1,LTX-0003066,BKG-006502,51,306
3067,1619,20250307,900,1,LTX-0003067,BKG-000759,34,34
3068,1619,20250904,900,1,LTX-0003068,BKG-012093,78,112
3069,1619,20250912,900,1,LTX-0003069,BKG-010924,43,155
3070,1619,20251031,900,1,LTX-0003070,BKG-005612,66,221
3071,1120,20250107,900,1,LTX-0003071,BKG-009584,55,55
3072,1120,20250620,900,1,LTX-0003072,BKG-000760,103,158
3073,1120,20250711,900,1,LTX-0003073,BKG-001524,73,231
3074,1120,20250721,900,1,LTX-0003074,BKG-008435,29,260
3075,4289,20241224,900,1,LTX-0003075,BKG-000761,52,52
3076,4289,20250804,900,1,LTX-0003076,BKG-011573,59,111
3077,4289,20251002,900,1,LTX-0003077,BKG-002978,33,144
3078,9,20250308,900,1,LTX-0003078,BKG-003350,19,19
3079,9,20250627,900,1,LTX-0003079,BKG-000762,38,57
3080,9,20250628,900,1,LTX-0003080,BKG-005904,24,81
3081,10,20250813,900,1,LTX-0003081,BKG-008116,14,95
3082,10,20250816,900,1,LTX-0003082,BKG-010676,22,117
3083,10,20251122,900,1,LTX-0003083,BKG-006687,29,146
3084,536,20250228,900,1,LTX-0003084,BKG-004996,6,6
3085,536,20250607,900,1,LTX-0003085,BKG-000763,63,69
3086,2637,20250201,900,1,LTX-0003086,BKG-004060,17,17
3087,2637,20250201,1800,2,LTX-0003087,BKG-004060,-10,7
3088,2637,20250318,900,1,LTX-0003088,BKG-003383,27,34
3089,2637,20250504,900,1,LTX-0003089,BKG-004929,8,42
3090,2637,20251001,900,1,LTX-0003090,BKG-000764,45,87
3091,2637,20251025,900,1,LTX-0003091,BKG-006081,18,105
3092,2637,20251204,900,1,LTX-0003092,BKG-003515,42,147
3093,2637,20251204,1800,2,LTX-0003093,BKG-003515,-30,117
3094,153,20250228,900,1,LTX-0003094,BKG-000765,28,28
3095,153,20250422,900,1,LTX-0003095,BKG-005125,30,58
3096,154,20250701,900,1,LTX-0003096,BKG-004158,34,92
3097,2867,20250111,900,1,LTX-0003097,BKG-006187,15,15
3098,2867,20250515,900,1,LTX-0003098,BKG-003962,76,91
3099,2867,20251028,900,1,LTX-0003099,BKG-000766,14,105
3100,2867,20251203,900,1,LTX-0003100,BKG-009650,76,181
3101,946,20241228,900,1,LTX-0003101,BKG-001118,26,26
3102,946,20250502,900,1,LTX-0003102,BKG-007484,25,51
3103,946,20250502,1800,2,LTX-0003103,BKG-007484,-10,41
3104,946,20250503,900,1,LTX-0003104,BKG-012484,36,77
3105,946,20250628,900,1,LTX-0003105,BKG-000767,25,102
3106,946,20251204,900,1,LTX-0003106,BKG-003016,54,156
3107,3246,20250218,900,1,LTX-0003107,BKG-001627,20,20
3108,3246,20250617,900,1,LTX-0003108,BKG-009757,40,60
3109,3246,20250618,900,1,LTX-0003109,BKG-012196,56,116
3110,3246,20251113,900,1,LTX-0003110,BKG-000769,41,157
3111,3896,20241231,900,1,LTX-0003111,BKG-000770,51,51
3112,3896,20250607,900,1,LTX-0003112,BKG-008877,65,116
3113,4504,20250101,900,1,LTX-0003113,BKG-009041,13,13
3114,4504,20250418,900,1,LTX-0003114,BKG-004585,58,71
3115,4504,20250630,900,1,LTX-0003115,BKG-012075,73,144
3116,4504,20251123,900,1,LTX-0003116,BKG-005513,30,174
3117,4504,20251127,900,1,LTX-0003117,BKG-000771,60,234
3118,2912,20250330,900,1,LTX-0003118,BKG-003924,35,35
3119,2912,20250603,900,1,LTX-0003119,BKG-004885,46,81
3120,2912,20250912,900,1,LTX-0003120,BKG-000773,51,132
3121,2417,20250320,900,1,LTX-0003121,BKG-007915,34,34
3122,2417,20250512,900,1,LTX-0003122,BKG-010589,26,60
3123,2417,20250623,900,1,LTX-0003123,BKG-007565,41,101
3124,2417,20250715,900,1,LTX-0003124,BKG-000775,20,121
3125,2594,20250627,900,1,LTX-0003125,BKG-000776,33,33
3126,2594,20250704,900,1,LTX-0003126,BKG-008397,19,52
3127,2594,20251207,900,1,LTX-0003127,BKG-007624,35,87
3128,1292,20241229,900,1,LTX-0003128,BKG-000777,39,39
3129,1292,20250223,900,1,LTX-0003129,BKG-002027,38,77
3130,1369,20250618,900,1,LTX-0003130,BKG-000778,44,44
3131,1369,20250727,900,1,LTX-0003131,BKG-011952,37,81
3132,778,20250102,900,1,LTX-0003132,BKG-000779,29,29
3133,778,20250412,900,1,LTX-0003133,BKG-003192,16,45
3134,778,20251026,900,1,LTX-0003134,BKG-007446,43,88
3135,1758,20250603,900,1,LTX-0003135,BKG-007005,40,40
3136,1758,20250701,900,1,LTX-0003136,BKG-000781,23,63
3137,1758,20250711,900,1,LTX-0003137,BKG-012210,33,96
3138,1758,20250802,900,1,LTX-0003138,BKG-008379,24,120
3139,1758,20250802,1800,2,LTX-0003139,BKG-008379,-20,100
3140,3226,20250227,900,1,LTX-0003140,BKG-012442,36,36
3141,3226,20250518,900,1,LTX-0003141,BKG-003226,66,102
3142,3227,20251015,900,1,LTX-0003142,BKG-001147,47,149
3143,3227,20251024,900,1,LTX-0003143,BKG-007549,46,195
3144,3227,20251127,900,1,LTX-0003144,BKG-006898,83,278
3145,3227,20251128,900,1,LTX-0003145,BKG-000782,37,315
3146,3227,20251203,900,1,LTX-0003146,BKG-009130,29,344
3147,920,20250210,900,1,LTX-0003147,BKG-010152,59,59
3148,921,20250710,900,1,LTX-0003148,BKG-005227,18,77
3149,921,20251114,900,1,LTX-0003149,BKG-012354,54,131
3150,921,20251124,900,1,LTX-0003150,BKG-000784,30,161
3151,4397,20250326,900,1,LTX-0003151,BKG-000785,30,30
3152,4398,20251220,900,1,LTX-0003152,BKG-012103,36,66
3153,302,20250626,900,1,LTX-0003153,BKG-002292,60,60
3154,302,20250626,1800,2,LTX-0003154,BKG-002292,-20,40
3155,302,20250630,900,1,LTX-0003155,BKG-002024,45,85
3156,302,20250903,900,1,LTX-0003156,BKG-000787,8,93
3157,222,20250608,900,1,LTX-0003157,BKG-011608,70,70
3158,222,20250715,900,1,LTX-0003158,BKG-005572,7,77
3159,222,20250715,1800,2,LTX-0003159,BKG-005572,-10,67
3160,222,20250801,900,1,LTX-0003160,BKG-000788,51,118
3161,222,20250821,900,1,LTX-0003161,BKG-007755,44,162
3162,222,20251202,900,1,LTX-0003162,BKG-003361,42,204
3163,520,20250213,900,1,LTX-0003163,BKG-011070,72,72
3164,520,20250213,1800,2,LTX-0003164,BKG-011070,-30,42
3165,520,20250518,900,1,LTX-0003165,BKG-010170,91,133
3166,520,20250607,900,1,LTX-0003166,BKG-000789,36,169
3167,1658,20250318,900,1,LTX-0003167,BKG-006645,58,58
3168,1658,20250830,900,1,LTX-0003168,BKG-000790,57,115
3169,220,20241226,900,1,LTX-0003169,BKG-005686,25,25
3170,220,20241226,1800,2,LTX-0003170,BKG-005686,-10,15
3171,220,20250118,900,1,LTX-0003171,BKG-004362,28,43
3172,220,20250404,900,1,LTX-0003172,BKG-000792,15,58
3173,220,20250404,1800,2,LTX-0003173,BKG-000792,-10,48
3174,220,20250523,900,1,LTX-0003174,BKG-003647,41,89
3175,2298,20250130,900,1,LTX-0003175,BKG-011819,50,50
3176,2298,20250421,900,1,LTX-0003176,BKG-005475,20,70
3177,2298,20251117,900,1,LTX-0003177,BKG-003281,40,110
3178,2298,20251127,900,1,LTX-0003178,BKG-000793,30,140
3179,1207,20250411,900,1,LTX-0003179,BKG-000794,64,64
3180,1207,20250419,900,1,LTX-0003180,BKG-002065,24,88
3181,1207,20250419,1800,2,LTX-0003181,BKG-002065,-20,68
3182,1207,20250617,900,1,LTX-0003182,BKG-007504,34,102
3183,1207,20250626,900,1,LTX-0003183,BKG-010435,47,149
3184,1207,20250924,900,1,LTX-0003184,BKG-003082,19,168
3185,3166,20250311,900,1,LTX-0003185,BKG-004557,78,78
3186,3166,20250401,900,1,LTX-0003186,BKG-000796,44,122
3187,1732,20250521,900,1,LTX-0003187,BKG-000797,42,42
3188,1732,20250521,1800,2,LTX-0003188,BKG-000797,-20,22
3189,1732,20250716,900,1,LTX-0003189,BKG-002191,15,37
3190,1732,20251122,900,1,LTX-0003190,BKG-011016,60,97
3191,4058,20241216,900,1,LTX-0003191,BKG-007724,13,13
3192,4058,20241216,1800,2,LTX-0003192,BKG-007724,-10,3
3193,4058,20250304,900,1,LTX-0003193,BKG-000798,42,45
3194,4058,20250512,900,1,LTX-0003194,BKG-004443,34,79
3195,4058,20250602,900,1,LTX-0003195,BKG-001865,60,139
3196,4059,20250709,900,1,LTX-0003196,BKG-004527,18,157
3197,4059,20250920,900,1,LTX-0003197,BKG-009012,6,163
3198,765,20250612,900,1,LTX-0003198,BKG-002293,30,30
3199,765,20250716,900,1,LTX-0003199,BKG-008267,56,86
3200,765,20251127,900,1,LTX-0003200,BKG-009314,61,147
3201,765,20251204,900,1,LTX-0003201,BKG-000799,30,177
3202,765,20251204,1800,2,LTX-0003202,BKG-000799,-30,147
3203,525,20241216,900,1,LTX-0003203,BKG-011822,64,64
3204,525,20250529,900,1,LTX-0003204,BKG-011599,57,121
3205,525,20250629,900,1,LTX-0003205,BKG-000800,61,182
3206,525,20250705,900,1,LTX-0003206,BKG-004482,40,222
3207,525,20250705,1800,2,LTX-0003207,BKG-004482,-30,192
3208,4682,20250514,900,1,LTX-0003208,BKG-001008,27,27
3209,4682,20250517,900,1,LTX-0003209,BKG-001129,42,69
3210,4682,20250625,900,1,LTX-0003210,BKG-007161,26,95
3211,4682,20250816,900,1,LTX-0003211,BKG-003177,24,119
3212,4682,20250912,900,1,LTX-0003212,BKG-000801,79,198
3213,4682,20251205,900,1,LTX-0003213,BKG-005697,82,280
3214,822,20241230,900,1,LTX-0003214,BKG-011352,47,47
3215,822,20250526,900,1,LTX-0003215,BKG-002618,53,100
3216,822,20250616,900,1,LTX-0003216,BKG-008254,21,121
3217,822,20250723,900,1,LTX-0003217,BKG-003881,66,187
3218,822,20250808,900,1,LTX-0003218,BKG-000802,32,219
3219,822,20250924,900,1,LTX-0003219,BKG-010508,41,260
3220,822,20251027,900,1,LTX-0003220,BKG-005745,29,289
3221,822,20251118,900,1,LTX-0003221,BKG-009634,24,313
3222,100,20250606,900,1,LTX-0003222,BKG-001878,78,78
3223,100,20250623,900,1,LTX-0003223,BKG-000803,19,97
3224,100,20250719,900,1,LTX-0003224,BKG-005986,38,135
3225,100,20250721,900,1,LTX-0003225,BKG-009219,30,165
3226,4835,20241230,900,1,LTX-0003226,BKG-000804,34,34
3227,4835,20250628,900,1,LTX-0003227,BKG-001084,43,77
3228,4835,20250628,1800,2,LTX-0003228,BKG-001084,-30,47
3229,163,20241231,900,1,LTX-0003229,BKG-001874,39,39
3230,163,20250507,900,1,LTX-0003230,BKG-008526,56,95
3231,163,20250519,900,1,LTX-0003231,BKG-003459,33,128
3232,163,20250519,1800,2,LTX-0003232,BKG-003459,-30,98
3233,163,20250607,900,1,LTX-0003233,BKG-004093,41,139
3234,163,20250712,900,1,LTX-0003234,BKG-000805,57,196
3235,163,20251203,900,1,LTX-0003235,BKG-004545,95,291
3236,3001,20250208,900,1,LTX-0003236,BKG-001343,38,38
3237,3001,20250226,900,1,LTX-0003237,BKG-000806,63,101
3238,3001,20250602,900,1,LTX-0003238,BKG-002396,7,108
3239,3001,20250602,1800,2,LTX-0003239,BKG-002396,-30,78
3240,3002,20251213,900,1,LTX-0003240,BKG-001476,51,129
3241,3002,20251213,1800,2,LTX-0003241,BKG-001476,-20,109
3242,1886,20250208,900,1,LTX-0003242,BKG-002399,40,40
3243,1887,20250507,900,1,LTX-0003243,BKG-004979,8,48
3244,1887,20251122,900,1,LTX-0003244,BKG-000808,19,67
3245,4217,20250329,900,1,LTX-0003245,BKG-000809,38,38
3246,4217,20250606,900,1,LTX-0003246,BKG-003800,57,95
3247,4217,20250606,1800,2,LTX-0003247,BKG-003800,-30,65
3248,4217,20250718,900,1,LTX-0003248,BKG-006466,48,113
3249,3826,20250116,900,1,LTX-0003249,BKG-002774,30,30
3250,3826,20250421,900,1,LTX-0003250,BKG-000810,12,42
3251,1933,20241223,900,1,LTX-0003251,BKG-007293,27,27
3252,1933,20241223,1800,2,LTX-0003252,BKG-007293,-10,17
3253,1933,20250224,900,1,LTX-0003253,BKG-002023,16,33
3254,1933,20250603,900,1,LTX-0003254,BKG-000811,6,39
3255,1933,20250603,1800,2,LTX-0003255,BKG-000811,-10,29
3256,1933,20250715,900,1,LTX-0003256,BKG-002684,56,85
3257,1933,20250720,900,1,LTX-0003257,BKG-006637,40,125
3258,1933,20250726,900,1,LTX-0003258,BKG-005334,38,163
3259,1933,20250926,900,1,LTX-0003259,BKG-001665,44,207
3260,1933,20251020,900,1,LTX-0003260,BKG-010403,47,254
3261,3731,20250111,900,1,LTX-0003261,BKG-000812,6,6
3262,3731,20250529,900,1,LTX-0003262,BKG-003605,47,53
3263,3731,20250606,900,1,LTX-0003263,BKG-001325,45,98
3264,4101,20250501,900,1,LTX-0003264,BKG-010953,15,15
3265,4101,20251119,900,1,LTX-0003265,BKG-000813,54,69
3266,3963,20250813,900,1,LTX-0003266,BKG-009563,16,16
3267,3963,20251203,900,1,LTX-0003267,BKG-000994,32,48
3268,3963,20251221,900,1,LTX-0003268,BKG-000814,56,104
3269,1974,20250207,900,1,LTX-0003269,BKG-005915,26,26
3270,1974,20250313,900,1,LTX-0003270,BKG-007332,63,89
3271,1974,20250426,900,1,LTX-0003271,BKG-008325,71,160
3272,1974,20250528,900,1,LTX-0003272,BKG-005022,34,194
3273,1974,20250605,900,1,LTX-0003273,BKG-000815,29,223
3274,1974,20250701,900,1,LTX-0003274,BKG-010089,75,298
3275,2414,20250227,900,1,LTX-0003275,BKG-000816,36,36
3276,2414,20250621,900,1,LTX-0003276,BKG-010316,100,136
3277,2414,20250621,1800,2,LTX-0003277,BKG-010316,-10,126
3278,582,20250205,900,1,LTX-0003278,BKG-000818,28,28
3279,582,20250416,900,1,LTX-0003279,BKG-004954,67,95
3280,582,20250428,900,1,LTX-0003280,BKG-004480,56,151
3281,582,20250428,1800,2,LTX-0003281,BKG-004480,-20,131
3282,582,20250707,900,1,LTX-0003282,BKG-004588,12,143
3283,582,20251118,900,1,LTX-0003283,BKG-007464,33,176
3284,582,20251118,900,1,LTX-0003284,BKG-010149,18,194
3285,3207,20250501,900,1,LTX-0003285,BKG-009866,60,60
3286,3207,20250630,900,1,LTX-0003286,BKG-011139,24,84
3287,3207,20250711,900,1,LTX-0003287,BKG-004373,54,138
3288,3207,20251007,900,1,LTX-0003288,BKG-000819,54,192
3289,3207,20251106,900,1,LTX-0003289,BKG-004995,14,206
3290,3207,20251114,900,1,LTX-0003290,BKG-006527,17,223
3291,65,20250419,900,1,LTX-0003291,BKG-003743,37,37
3292,65,20250615,900,1,LTX-0003292,BKG-001225,32,69
3293,65,20250907,900,1,LTX-0003293,BKG-008374,42,111
3294,65,20251025,900,1,LTX-0003294,BKG-000820,85,196
3295,65,20251126,900,1,LTX-0003295,BKG-009374,34,230
3296,399,20250831,900,1,LTX-0003296,BKG-000821,28,28
3297,399,20251208,900,1,LTX-0003297,BKG-010952,44,72
3298,399,20251208,1800,2,LTX-0003298,BKG-010952,-30,42
3299,2998,20250220,900,1,LTX-0003299,BKG-002989,47,47
3300,2999,20251118,900,1,LTX-0003300,BKG-000822,74,121
3301,2999,20251118,1800,2,LTX-0003301,BKG-000822,-20,101
3302,450,20250507,900,1,LTX-0003302,BKG-000823,42,42
3303,450,20250703,900,1,LTX-0003303,BKG-004244,54,96
3304,981,20250103,900,1,LTX-0003304,BKG-011378,35,35
3305,981,20250530,900,1,LTX-0003305,BKG-005752,49,84
3306,981,20250618,900,1,LTX-0003306,BKG-000824,69,153
3307,981,20250701,900,1,LTX-0003307,BKG-011298,26,179
3308,981,20250801,900,1,LTX-0003308,BKG-010768,45,224
3309,981,20250908,900,1,LTX-0003309,BKG-006540,51,275
3310,981,20251013,900,1,LTX-0003310,BKG-008442,75,350
3311,3736,20250707,900,1,LTX-0003311,BKG-000825,20,20
3312,3736,20250810,900,1,LTX-0003312,BKG-001733,59,79
3313,3736,20250927,900,1,LTX-0003313,BKG-004182,47,126
3314,521,20250403,900,1,LTX-0003314,BKG-000826,36,36
3315,2018,20250115,900,1,LTX-0003315,BKG-011607,23,23
3316,2018,20250313,900,1,LTX-0003316,BKG-000827,26,49
3317,2018,20250423,900,1,LTX-0003317,BKG-008028,59,108
3318,2019,20250705,900,1,LTX-0003318,BKG-009238,42,150
3319,2019,20250705,1800,2,LTX-0003319,BKG-009238,-20,130
3320,2019,20251122,900,1,LTX-0003320,BKG-004779,63,193
3321,2019,20251125,900,1,LTX-0003321,BKG-007779,55,248
3322,2019,20251219,900,1,LTX-0003322,BKG-012503,17,265
3323,1102,20250224,900,1,LTX-0003323,BKG-000828,44,44
3324,1102,20250813,900,1,LTX-0003324,BKG-006014,33,77
3325,1102,20251102,900,1,LTX-0003325,BKG-005256,51,128
3326,1102,20251102,1800,2,LTX-0003326,BKG-005256,-10,118
3327,1102,20251129,900,1,LTX-0003327,BKG-004650,54,172
3328,1102,20251216,900,1,LTX-0003328,BKG-003064,10,182
3329,547,20241227,900,1,LTX-0003329,BKG-001599,23,23
3330,547,20250330,900,1,LTX-0003330,BKG-005939,12,35
3331,548,20250707,900,1,LTX-0003331,BKG-001500,10,45
3332,548,20250718,900,1,LTX-0003332,BKG-000829,28,73
3333,548,20251123,900,1,LTX-0003333,BKG-011114,46,119
3334,3905,20250413,900,1,LTX-0003334,BKG-000830,29,29
3335,3905,20251115,900,1,LTX-0003335,BKG-002111,36,65
3336,699,20250528,900,1,LTX-0003336,BKG-001674,45,45
3337,699,20250528,1800,2,LTX-0003337,BKG-001674,-20,25
3338,700,20250826,900,1,LTX-0003338,BKG-000832,68,93
3339,700,20251111,900,1,LTX-0003339,BKG-004874,55,148
3340,1477,20250526,900,1,LTX-0003340,BKG-000833,75,75
3341,1477,20250603,900,1,LTX-0003341,BKG-009724,94,169
3342,1477,20250720,900,1,LTX-0003342,BKG-010380,46,215
3343,1477,20251025,900,1,LTX-0003343,BKG-005996,47,262
3344,4460,20250329,900,1,LTX-0003344,BKG-000834,33,33
3345,4460,20250622,900,1,LTX-0003345,BKG-004864,53,86
3346,4460,20250623,900,1,LTX-0003346,BKG-002138,71,157
3347,4460,20250711,900,1,LTX-0003347,BKG-003029,45,202
3348,908,20250507,900,1,LTX-0003348,BKG-001791,32,32
3349,908,20250527,900,1,LTX-0003349,BKG-004667,43,75
3350,908,20250616,900,1,LTX-0003350,BKG-000835,77,152
3351,908,20250704,900,1,LTX-0003351,BKG-008386,33,185
3352,908,20250901,900,1,LTX-0003352,BKG-003136,28,213
3353,3250,20250420,900,1,LTX-0003353,BKG-006574,56,56
3354,3250,20250525,900,1,LTX-0003354,BKG-004085,48,104
3355,3250,20250904,900,1,LTX-0003355,BKG-000837,25,129
3356,3250,20250920,900,1,LTX-0003356,BKG-000849,24,153
3357,81,20250618,900,1,LTX-0003357,BKG-000838,85,85
3358,81,20251031,900,1,LTX-0003358,BKG-008716,16,101
3359,4202,20250211,900,1,LTX-0003359,BKG-000839,45,45
3360,4202,20250403,900,1,LTX-0003360,BKG-006886,55,100
3361,4202,20250617,900,1,LTX-0003361,BKG-008659,22,122
3362,4203,20250813,900,1,LTX-0003362,BKG-001373,62,184
3363,4203,20250908,900,1,LTX-0003363,BKG-008785,23,207
3364,4335,20250319,900,1,LTX-0003364,BKG-006960,44,44
3365,4335,20250411,900,1,LTX-0003365,BKG-000841,81,125
3366,4394,20250212,900,1,LTX-0003366,BKG-011977,57,57
3367,4394,20250801,900,1,LTX-0003367,BKG-012139,36,93
3368,4395,20251017,900,1,LTX-0003368,BKG-011584,47,140
3369,4395,20251103,900,1,LTX-0003369,BKG-011359,8,148
3370,4395,20251220,900,1,LTX-0003370,BKG-000842,25,173
3371,1832,20250915,900,1,LTX-0003371,BKG-000843,63,63
3372,1832,20250915,1800,2,LTX-0003372,BKG-000843,-10,53
3373,282,20250102,900,1,LTX-0003373,BKG-000844,35,35
3374,282,20250721,900,1,LTX-0003374,BKG-002790,13,48
3375,282,20251126,900,1,LTX-0003375,BKG-002604,100,148
3376,282,20251129,900,1,LTX-0003376,BKG-009411,26,174
3377,2381,20250526,900,1,LTX-0003377,BKG-000845,65,65
3378,2381,20250526,1800,2,LTX-0003378,BKG-000845,-30,35
3379,2817,20250520,900,1,LTX-0003379,BKG-012104,53,53
3380,2817,20250621,900,1,LTX-0003380,BKG-012164,29,82
3381,2817,20250816,900,1,LTX-0003381,BKG-000846,10,92
3382,2817,20251220,900,1,LTX-0003382,BKG-009883,42,134
3383,2060,20250502,900,1,LTX-0003383,BKG-000847,13,13
3384,2060,20251206,900,1,LTX-0003384,BKG-009114,9,22
3385,1768,20250624,900,1,LTX-0003385,BKG-000848,77,77
3386,1768,20250816,900,1,LTX-0003386,BKG-009317,83,160
3387,1768,20250816,1800,2,LTX-0003387,BKG-009317,-30,130
3388,1768,20251003,900,1,LTX-0003388,BKG-009524,30,160
3389,4860,20241229,900,1,LTX-0003389,BKG-005856,46,46
3390,4860,20241229,1800,2,LTX-0003390,BKG-005856,-20,26
3391,4860,20250704,900,1,LTX-0003391,BKG-000850,23,49
3392,2917,20250526,900,1,LTX-0003392,BKG-000851,60,60
3393,2917,20250612,900,1,LTX-0003393,BKG-002919,20,80
3394,687,20250618,900,1,LTX-0003394,BKG-000853,37,37
3395,687,20250902,900,1,LTX-0003395,BKG-011845,26,63
3396,687,20250902,1800,2,LTX-0003396,BKG-011845,-30,33
3397,111,20250527,900,1,LTX-0003397,BKG-000854,20,20
3398,111,20250724,900,1,LTX-0003398,BKG-003296,23,43
3399,111,20251120,900,1,LTX-0003399,BKG-008512,72,115
3400,111,20251120,1800,2,LTX-0003400,BKG-008512,-30,85
3401,111,20251121,900,1,LTX-0003401,BKG-006899,25,110
3402,2668,20250124,900,1,LTX-0003402,BKG-003242,32,32
3403,2668,20250525,900,1,LTX-0003403,BKG-000856,56,88
3404,2668,20250817,900,1,LTX-0003404,BKG-008183,48,136
3405,2668,20251202,900,1,LTX-0003405,BKG-006320,55,191
3406,2668,20251202,1800,2,LTX-0003406,BKG-006320,-20,171
3407,2668,20251211,900,1,LTX-0003407,BKG-004027,18,189
3408,3968,20250421,900,1,LTX-0003408,BKG-000857,56,56
3409,3968,20250510,900,1,LTX-0003409,BKG-009635,56,112
3410,3968,20250605,900,1,LTX-0003410,BKG-005287,47,159
3411,3968,20250625,900,1,LTX-0003411,BKG-001471,36,195
3412,3968,20250702,900,1,LTX-0003412,BKG-008016,56,251
3413,3968,20251220,900,1,LTX-0003413,BKG-009427,23,274
3414,3968,20251221,900,1,LTX-0003414,BKG-007940,10,284
3415,1306,20250116,900,1,LTX-0003415,BKG-000858,56,56
3416,1306,20250528,900,1,LTX-0003416,BKG-006139,60,116
3417,1306,20250626,900,1,LTX-0003417,BKG-008233,43,159
3418,1306,20250929,900,1,LTX-0003418,BKG-006892,66,225
3419,1306,20250929,1800,2,LTX-0003419,BKG-006892,-30,195
3420,1306,20251122,900,1,LTX-0003420,BKG-012483,39,234
3421,291,20250819,900,1,LTX-0003421,BKG-005658,17,17
3422,291,20251104,900,1,LTX-0003422,BKG-000859,30,47
3423,291,20251104,1800,2,LTX-0003423,BKG-000859,-10,37
3424,1922,20250222,900,1,LTX-0003424,BKG-006815,47,47
3425,1922,20250626,900,1,LTX-0003425,BKG-000860,76,123
3426,1922,20251120,900,1,LTX-0003426,BKG-006973,16,139
3427,1984,20250419,900,1,LTX-0003427,BKG-012246,18,18
3428,1984,20251205,900,1,LTX-0003428,BKG-000861,37,55
3429,1155,20250507,900,1,LTX-0003429,BKG-000862,54,54
3430,1155,20250813,900,1,LTX-0003430,BKG-004555,22,76
3431,1155,20251117,900,1,LTX-0003431,BKG-009255,23,99
3432,4937,20250113,900,1,LTX-0003432,BKG-000863,34,34
3433,4937,20250411,900,1,LTX-0003433,BKG-011335,30,64
3434,4937,20250626,900,1,LTX-0003434,BKG-008401,37,101
3435,4937,20250805,900,1,LTX-0003435,BKG-002554,14,115
3436,4937,20250823,900,1,LTX-0003436,BKG-004413,41,156
3437,2642,20250612,900,1,LTX-0003437,BKG-001574,70,70
3438,2642,20250614,900,1,LTX-0003438,BKG-000864,52,122
3439,2671,20241214,900,1,LTX-0003439,BKG-000865,36,36
3440,2671,20241214,1800,2,LTX-0003440,BKG-000865,-10,26
3441,2671,20250709,900,1,LTX-0003441,BKG-006547,103,129
3442,2671,20250709,1800,2,LTX-0003442,BKG-006547,-10,119
3443,1771,20250601,900,1,LTX-0003443,BKG-009990,46,46
3444,1771,20250702,900,1,LTX-0003444,BKG-000866,35,81
3445,2276,20250108,900,1,LTX-0003445,BKG-006222,54,54
3446,2277,20250527,900,1,LTX-0003446,BKG-009623,41,95
3447,2277,20250716,900,1,LTX-0003447,BKG-002429,36,131
3448,2277,20251130,900,1,LTX-0003448,BKG-000867,26,157
3449,828,20250204,900,1,LTX-0003449,BKG-000869,42,42
3450,828,20250204,1800,2,LTX-0003450,BKG-000869,-20,22
3451,828,20250303,900,1,LTX-0003451,BKG-004272,54,76
3452,82,20250221,900,1,LTX-0003452,BKG-010068,76,76
3453,82,20250402,900,1,LTX-0003453,BKG-002164,31,107
3454,82,20250509,900,1,LTX-0003454,BKG-003753,20,127
3455,82,20250610,900,1,LTX-0003455,BKG-000870,65,192
3456,82,20250807,900,1,LTX-0003456,BKG-005370,39,231
3457,1919,20250305,900,1,LTX-0003457,BKG-007482,91,91
3458,1919,20250616,900,1,LTX-0003458,BKG-005263,71,162
3459,1919,20250818,900,1,LTX-0003459,BKG-000871,32,194
3460,1602,20250109,900,1,LTX-0003460,BKG-005377,33,33
3461,1602,20250424,900,1,LTX-0003461,BKG-008777,16,49
3462,1602,20250621,900,1,LTX-0003462,BKG-000872,79,128
3463,1602,20250916,900,1,LTX-0003463,BKG-004511,35,163
3464,18,20250317,900,1,LTX-0003464,BKG-002232,46,46
3465,18,20250404,900,1,LTX-0003465,BKG-003379,54,100
3466,18,20250422,900,1,LTX-0003466,BKG-000873,41,141
3467,19,20251124,900,1,LTX-0003467,BKG-005032,88,229
3468,19,20251206,900,1,LTX-0003468,BKG-010943,63,292
3469,4677,20250107,900,1,LTX-0003469,BKG-000874,42,42
3470,4677,20250107,1800,2,LTX-0003470,BKG-000874,-10,32
3471,4677,20250119,900,1,LTX-0003471,BKG-004583,10,42
3472,4677,20250129,900,1,LTX-0003472,BKG-009329,33,75
3473,4677,20250129,1800,2,LTX-0003473,BKG-009329,-30,45
3474,4677,20250602,900,1,LTX-0003474,BKG-007917,22,67
3475,4677,20250801,900,1,LTX-0003475,BKG-001354,16,83
3476,3238,20250510,900,1,LTX-0003476,BKG-000875,37,37
3477,3238,20250612,900,1,LTX-0003477,BKG-011961,32,69
3478,3238,20250612,1800,2,LTX-0003478,BKG-011961,-30,39
3479,4523,20250113,900,1,LTX-0003479,BKG-000876,51,51
3480,4523,20250330,900,1,LTX-0003480,BKG-005922,43,94
3481,4523,20250415,900,1,LTX-0003481,BKG-010198,49,143
3482,4523,20250701,900,1,LTX-0003482,BKG-009254,48,191
3483,4574,20241229,900,1,LTX-0003483,BKG-000877,35,35
3484,356,20250611,900,1,LTX-0003484,BKG-000878,69,69
3485,356,20250828,900,1,LTX-0003485,BKG-002010,72,141
3486,4384,20250115,900,1,LTX-0003486,BKG-000880,71,71
3487,4384,20250421,900,1,LTX-0003487,BKG-002404,39,110
3488,4384,20250610,900,1,LTX-0003488,BKG-004366,42,152
3489,4384,20250610,1800,2,LTX-0003489,BKG-004366,-10,142
3490,2534,20250410,900,1,LTX-0003490,BKG-000881,50,50
3491,2534,20250410,1800,2,LTX-0003491,BKG-000881,-20,30
3492,2534,20250630,900,1,LTX-0003492,BKG-006337,64,94
3493,2534,20250731,900,1,LTX-0003493,BKG-001382,56,150
3494,2534,20250908,900,1,LTX-0003494,BKG-012370,56,206
3495,2534,20251015,900,1,LTX-0003495,BKG-001078,48,254
3496,2534,20251015,1800,2,LTX-0003496,BKG-001078,-20,234
3497,2534,20251129,900,1,LTX-0003497,BKG-002077,60,294
3498,2534,20251129,1800,2,LTX-0003498,BKG-002077,-30,264
3499,134,20250117,900,1,LTX-0003499,BKG-007217,62,62
3500,134,20251213,900,1,LTX-0003500,BKG-000882,10,72
3501,3670,20250520,900,1,LTX-0003501,BKG-000883,36,36
3502,3670,20250524,900,1,LTX-0003502,BKG-006724,22,58
3503,3670,20250604,900,1,LTX-0003503,BKG-004083,35,93
3504,2289,20250118,900,1,LTX-0003504,BKG-000884,32,32
3505,2289,20250614,900,1,LTX-0003505,BKG-002777,46,78
3506,1931,20250607,900,1,LTX-0003506,BKG-000885,26,26
3507,1931,20250712,900,1,LTX-0003507,BKG-001138,80,106
3508,1931,20250802,900,1,LTX-0003508,BKG-002085,44,150
3509,1931,20250920,900,1,LTX-0003509,BKG-007507,72,222
3510,1931,20251021,900,1,LTX-0003510,BKG-002244,55,277
3511,1931,20251205,900,1,LTX-0003511,BKG-008935,37,314
3512,2285,20250125,900,1,LTX-0003512,BKG-005170,66,66
3513,2285,20250125,1800,2,LTX-0003513,BKG-005170,-30,36
3514,2285,20250406,900,1,LTX-0003514,BKG-004681,37,73
3515,2285,20250406,1800,2,LTX-0003515,BKG-004681,-30,43
3516,2285,20250509,900,1,LTX-0003516,BKG-000887,47,90
3517,2285,20250522,900,1,LTX-0003517,BKG-007365,55,145
3518,2285,20250522,1800,2,LTX-0003518,BKG-007365,-10,135
3519,2285,20250612,900,1,LTX-0003519,BKG-003932,56,191
3520,2285,20250720,900,1,LTX-0003520,BKG-011620,8,199
3521,2285,20250919,900,1,LTX-0003521,BKG-001605,29,228
3522,2487,20250331,900,1,LTX-0003522,BKG-000890,48,48
3523,2487,20250419,900,1,LTX-0003523,BKG-006323,37,85
3524,2487,20250419,1800,2,LTX-0003524,BKG-006323,-30,55
3525,2487,20251119,900,1,LTX-0003525,BKG-010129,54,109
3526,2741,20250221,900,1,LTX-0003526,BKG-002496,58,58
3527,2741,20250224,900,1,LTX-0003527,BKG-000891,24,82
3528,2741,20251016,900,1,LTX-0003528,BKG-008559,8,90
3529,860,20250516,900,1,LTX-0003529,BKG-002119,48,48
3530,860,20250608,900,1,LTX-0003530,BKG-000892,72,120
3531,860,20250824,900,1,LTX-0003531,BKG-007982,8,128
3532,860,20251109,900,1,LTX-0003532,BKG-005078,51,179
3533,3187,20250410,900,1,LTX-0003533,BKG-005006,53,53
3534,3187,20250521,900,1,LTX-0003534,BKG-001582,23,76
3535,3187,20250622,900,1,LTX-0003535,BKG-010270,32,108
3536,3187,20250925,900,1,LTX-0003536,BKG-000893,10,118
3537,3187,20251022,900,1,LTX-0003537,BKG-011876,15,133
3538,3187,20251218,900,1,LTX-0003538,BKG-001910,26,159
3539,3187,20251218,1800,2,LTX-0003539,BKG-001910,-20,139
3540,4842,20250221,900,1,LTX-0003540,BKG-003513,71,71
3541,4842,20250327,900,1,LTX-0003541,BKG-000894,41,112
3542,4842,20250716,900,1,LTX-0003542,BKG-009720,79,191
3543,3047,20250422,900,1,LTX-0003543,BKG-003154,33,33
3544,3047,20250422,1800,2,LTX-0003544,BKG-003154,-10,23
3545,3047,20250704,900,1,LTX-0003545,BKG-001173,28,51
3546,3047,20250704,900,1,LTX-0003546,BKG-005107,51,102
3547,3047,20250704,1800,2,LTX-0003547,BKG-005107,-10,92
3548,3047,20250817,900,1,LTX-0003548,BKG-000895,33,125
3549,1910,20241227,900,1,LTX-0003549,BKG-001687,21,21
3550,1910,20250222,900,1,LTX-0003550,BKG-007417,34,55
3551,1910,20250421,900,1,LTX-0003551,BKG-002079,11,66
3552,1910,20251206,900,1,LTX-0003552,BKG-000896,48,114
3553,336,20250319,900,1,LTX-0003553,BKG-011774,8,8
3554,336,20250602,900,1,LTX-0003554,BKG-007368,40,48
3555,336,20250709,900,1,LTX-0003555,BKG-000897,92,140
3556,336,20251018,900,1,LTX-0003556,BKG-010445,32,172
3557,336,20251129,900,1,LTX-0003557,BKG-001109,35,207
3558,336,20251204,900,1,LTX-0003558,BKG-001590,32,239
3559,4176,20250509,900,1,LTX-0003559,BKG-000899,34,34
3560,4177,20250627,900,1,LTX-0003560,BKG-005212,97,131
3561,4134,20250316,900,1,LTX-0003561,BKG-000900,66,66
3562,4134,20250529,900,1,LTX-0003562,BKG-009979,88,154
3563,4134,20250617,900,1,LTX-0003563,BKG-012460,75,229
3564,2415,20250328,900,1,LTX-0003564,BKG-010751,29,29
3565,2415,20250910,900,1,LTX-0003565,BKG-005127,40,69
3566,2415,20251016,900,1,LTX-0003566,BKG-000902,37,106
3567,4102,20250531,900,1,LTX-0003567,BKG-005449,60,60
3568,4102,20250531,1800,2,LTX-0003568,BKG-005449,-20,40
3569,4102,20250607,900,1,LTX-0003569,BKG-008967,64,104
3570,4102,20250627,900,1,LTX-0003570,BKG-003436,33,137
3571,4102,20251111,900,1,LTX-0003571,BKG-000903,39,176
3572,4282,20250415,900,1,LTX-0003572,BKG-006051,75,75
3573,4282,20250415,1800,2,LTX-0003573,BKG-006051,-30,45
3574,4282,20250610,900,1,LTX-0003574,BKG-007557,86,131
3575,4282,20251126,900,1,LTX-0003575,BKG-002893,96,227
3576,4282,20251127,900,1,LTX-0003576,BKG-000904,47,274
3577,4282,20251204,900,1,LTX-0003577,BKG-005355,45,319
3578,4282,20251206,900,1,LTX-0003578,BKG-011747,47,366
3579,1147,20250206,900,1,LTX-0003579,BKG-001270,41,41
3580,1147,20250601,900,1,LTX-0003580,BKG-010549,105,146
3581,1147,20250601,1800,2,LTX-0003581,BKG-010549,-10,136
3582,1147,20251206,900,1,LTX-0003582,BKG-005803,74,210
3583,1147,20251217,900,1,LTX-0003583,BKG-000905,50,260
3584,1470,20250321,900,1,LTX-0003584,BKG-000906,19,19
3585,1470,20250717,900,1,LTX-0003585,BKG-010342,78,97
3586,1471,20251216,900,1,LTX-0003586,BKG-002662,99,196
3587,1143,20250420,900,1,LTX-0003587,BKG-006967,58,58
3588,1143,20250520,900,1,LTX-0003588,BKG-008283,31,89
3589,1143,20250521,900,1,LTX-0003589,BKG-000907,53,142
3590,1143,20250524,900,1,LTX-0003590,BKG-001696,22,164
3591,1143,20250625,900,1,LTX-0003591,BKG-012291,70,234
3592,1143,20250715,900,1,LTX-0003592,BKG-009514,89,323
3593,1143,20251024,900,1,LTX-0003593,BKG-003813,42,365
3594,1143,20251207,900,1,LTX-0003594,BKG-004889,28,393
3595,4315,20250113,900,1,LTX-0003595,BKG-000908,32,32
3596,4315,20250615,900,1,LTX-0003596,BKG-003992,45,77
3597,4315,20250702,900,1,LTX-0003597,BKG-007347,21,98
3598,4315,20250706,900,1,LTX-0003598,BKG-003129,19,117
3599,4315,20250718,900,1,LTX-0003599,BKG-004090,65,182
3600,4316,20251111,900,1,LTX-0003600,BKG-010860,54,236
3601,4316,20251202,900,1,LTX-0003601,BKG-005285,51,287
3602,2704,20250625,900,1,LTX-0003602,BKG-000909,35,35
3603,2704,20250705,900,1,LTX-0003603,BKG-002167,100,135
3604,2704,20250901,900,1,LTX-0003604,BKG-009237,24,159
3605,2704,20251115,900,1,LTX-0003605,BKG-002159,19,178
3606,2704,20251126,900,1,LTX-0003606,BKG-007991,54,232
3607,2704,20251207,900,1,LTX-0003607,BKG-006786,61,293
3608,4583,20250212,900,1,LTX-0003608,BKG-007179,8,8
3609,4583,20250330,900,1,LTX-0003609,BKG-003244,36,44
3610,4584,20250917,900,1,LTX-0003610,BKG-005491,12,56
3611,4584,20251029,900,1,LTX-0003611,BKG-000910,20,76
3612,1620,20250124,900,1,LTX-0003612,BKG-007546,18,18
3613,1620,20250601,900,1,LTX-0003613,BKG-012286,65,83
3614,1620,20251213,900,1,LTX-0003614,BKG-000911,46,129
3615,3322,20250310,900,1,LTX-0003615,BKG-008806,69,69
3616,3322,20250405,900,1,LTX-0003616,BKG-008186,38,107
3617,3323,20250609,900,1,LTX-0003617,BKG-000912,20,127
3618,3323,20250609,1800,2,LTX-0003618,BKG-000912,-20,107
3619,3323,20250707,900,1,LTX-0003619,BKG-012080,17,124
3620,3323,20250821,900,1,LTX-0003620,BKG-011953,43,167
3621,3323,20250821,1800,2,LTX-0003621,BKG-011953,-30,137
3622,3323,20251109,900,1,LTX-0003622,BKG-008443,48,185
3623,4414,20250208,900,1,LTX-0003623,BKG-002005,55,55
3624,4414,20250312,900,1,LTX-0003624,BKG-009591,16,71
3625,4414,20250312,1800,2,LTX-0003625,BKG-009591,-10,61
3626,4414,20250407,900,1,LTX-0003626,BKG-008527,48,109
3627,4414,20250524,900,1,LTX-0003627,BKG-000913,38,147
3628,4414,20250613,900,1,LTX-0003628,BKG-003310,36,183
3629,2649,20251007,900,1,LTX-0003629,BKG-000914,56,56
3630,2649,20251125,900,1,LTX-0003630,BKG-003972,57,113
3631,385,20250119,900,1,LTX-0003631,BKG-011365,33,33
3632,385,20250606,900,1,LTX-0003632,BKG-012259,41,74
3633,385,20251207,900,1,LTX-0003633,BKG-000916,36,110
3634,385,20251207,1800,2,LTX-0003634,BKG-000916,-30,80
3635,4318,20250418,900,1,LTX-0003635,BKG-004209,6,6
3636,4318,20250507,900,1,LTX-0003636,BKG-000918,8,14
3637,4318,20250712,900,1,LTX-0003637,BKG-009026,39,53
3638,4318,20250815,900,1,LTX-0003638,BKG-003058,49,102
3639,4319,20250914,900,1,LTX-0003639,BKG-008499,34,136
3640,2164,20250223,900,1,LTX-0003640,BKG-000919,28,28
3641,2164,20250223,1800,2,LTX-0003641,BKG-000919,-10,18
3642,2164,20250617,900,1,LTX-0003642,BKG-007599,21,39
3643,2164,20251109,900,1,LTX-0003643,BKG-010833,26,65
3644,3585,20251113,900,1,LTX-0003644,BKG-000920,45,45
3645,3803,20250124,900,1,LTX-0003645,BKG-011415,14,14
3646,3803,20250204,900,1,LTX-0003646,BKG-012348,92,106
3647,3803,20250204,1800,2,LTX-0003647,BKG-012348,-30,76
3648,3803,20250220,900,1,LTX-0003648,BKG-001074,38,114
3649,3803,20250627,900,1,LTX-0003649,BKG-002166,50,164
3650,3803,20251205,900,1,LTX-0003650,BKG-000921,40,204
3651,363,20250107,900,1,LTX-0003651,BKG-004124,27,27
3652,364,20251114,900,1,LTX-0003652,BKG-003529,43,70
3653,364,20251114,1800,2,LTX-0003653,BKG-003529,-30,40
3654,364,20251209,900,1,LTX-0003654,BKG-000922,33,73
3655,428,20241230,900,1,LTX-0003655,BKG-005270,62,62
3656,429,20251217,900,1,LTX-0003656,BKG-000923,22,84
3657,3516,20250626,900,1,LTX-0003657,BKG-001684,34,34
3658,3516,20250627,900,1,LTX-0003658,BKG-004974,40,74
3659,3516,20250801,900,1,LTX-0003659,BKG-000924,105,179
3660,89,20250625,900,1,LTX-0003660,BKG-006327,60,60
3661,89,20251101,900,1,LTX-0003661,BKG-000925,24,84
3662,4262,20250109,900,1,LTX-0003662,BKG-000926,24,24
3663,4262,20250115,900,1,LTX-0003663,BKG-011036,44,68
3664,4262,20250216,900,1,LTX-0003664,BKG-010263,63,131
3665,4262,20250614,900,1,LTX-0003665,BKG-007054,41,172
3666,4262,20250702,900,1,LTX-0003666,BKG-006236,60,232
3667,4262,20251128,900,1,LTX-0003667,BKG-004308,72,304
3668,4262,20251207,900,1,LTX-0003668,BKG-008196,89,393
3669,3092,20250302,900,1,LTX-0003669,BKG-000927,88,88
3670,3093,20250530,900,1,LTX-0003670,BKG-010644,56,144
3671,3093,20250624,900,1,LTX-0003671,BKG-001945,59,203
3672,3093,20250628,900,1,LTX-0003672,BKG-006860,60,263
3673,3093,20251120,900,1,LTX-0003673,BKG-007433,80,343
3674,3093,20251214,900,1,LTX-0003674,BKG-003740,70,413
3675,4181,20250214,900,1,LTX-0003675,BKG-000929,23,23
3676,4181,20250427,900,1,LTX-0003676,BKG-001931,63,86
3677,4181,20250926,900,1,LTX-0003677,BKG-005754,37,123
3678,3982,20250129,900,1,LTX-0003678,BKG-005540,24,24
3679,3982,20250620,900,1,LTX-0003679,BKG-000930,57,81
3680,3982,20251004,900,1,LTX-0003680,BKG-011773,62,143
3681,4930,20250404,900,1,LTX-0003681,BKG-006701,14,14
3682,4930,20251202,900,1,LTX-0003682,BKG-005459,19,33
3683,4930,20251208,900,1,LTX-0003683,BKG-000931,73,106
3684,4207,20250103,900,1,LTX-0003684,BKG-000933,53,53
3685,4207,20250103,1800,2,LTX-0003685,BKG-000933,-20,33
3686,4207,20250503,900,1,LTX-0003686,BKG-002948,16,49
3687,4207,20251016,900,1,LTX-0003687,BKG-003730,48,97
3688,4207,20251107,900,1,LTX-0003688,BKG-004595,73,170
3689,763,20250531,900,1,LTX-0003689,BKG-000934,44,44
3690,763,20251011,900,1,LTX-0003690,BKG-006744,77,121
3691,763,20251011,1800,2,LTX-0003691,BKG-006744,-20,101
3692,763,20251014,900,1,LTX-0003692,BKG-006988,43,144
3693,763,20251116,900,1,LTX-0003693,BKG-002570,78,222
3694,186,20250609,900,1,LTX-0003694,BKG-005994,32,32
3695,186,20250620,900,1,LTX-0003695,BKG-000935,28,60
3696,186,20250720,900,1,LTX-0003696,BKG-006794,21,81
3697,186,20250720,1800,2,LTX-0003697,BKG-006794,-10,71
3698,186,20251117,900,1,LTX-0003698,BKG-009234,48,119
3699,772,20241210,900,1,LTX-0003699,BKG-008816,39,39
3700,772,20241231,900,1,LTX-0003700,BKG-002045,42,81
3701,772,20250310,900,1,LTX-0003701,BKG-004789,16,97
3702,772,20250706,900,1,LTX-0003702,BKG-000936,76,173
3703,772,20250813,900,1,LTX-0003703,BKG-002019,19,192
3704,4575,20250706,900,1,LTX-0003704,BKG-000937,11,11
3705,4093,20241224,900,1,LTX-0003705,BKG-011324,66,66
3706,4093,20250204,900,1,LTX-0003706,BKG-008446,25,91
3707,4093,20250416,900,1,LTX-0003707,BKG-011380,60,151
3708,4093,20251209,900,1,LTX-0003708,BKG-000938,32,183
3709,2312,20250123,900,1,LTX-0003709,BKG-004777,42,42
3710,2312,20250504,900,1,LTX-0003710,BKG-009153,34,76
3711,2312,20250619,900,1,LTX-0003711,BKG-012008,39,115
3712,2312,20250620,900,1,LTX-0003712,BKG-011437,100,215
3713,2312,20250705,900,1,LTX-0003713,BKG-000939,24,239
3714,2312,20251101,900,1,LTX-0003714,BKG-005927,22,261
3715,2396,20250522,900,1,LTX-0003715,BKG-002592,43,43
3716,2396,20250522,1800,2,LTX-0003716,BKG-002592,-30,13
3717,2396,20250914,900,1,LTX-0003717,BKG-009692,38,51
3718,2396,20250917,900,1,LTX-0003718,BKG-000940,17,68
3719,2396,20251027,900,1,LTX-0003719,BKG-006731,52,120
3720,3201,20250703,900,1,LTX-0003720,BKG-008213,25,25
3721,3201,20251214,900,1,LTX-0003721,BKG-000941,67,92
3722,1153,20250510,900,1,LTX-0003722,BKG-002397,43,43
3723,1153,20250601,900,1,LTX-0003723,BKG-000942,81,124
3724,1153,20250702,900,1,LTX-0003724,BKG-008248,42,166
3725,1153,20250828,900,1,LTX-0003725,BKG-001168,20,186
3726,1153,20250916,900,1,LTX-0003726,BKG-004256,38,224
3727,1153,20251215,900,1,LTX-0003727,BKG-009439,41,265
3728,1451,20250526,900,1,LTX-0003728,BKG-004912,47,47
3729,1451,20250620,900,1,LTX-0003729,BKG-001127,35,82
3730,1451,20250706,900,1,LTX-0003730,BKG-006730,32,114
3731,1452,20250914,900,1,LTX-0003731,BKG-002885,45,159
3732,1452,20250923,900,1,LTX-0003732,BKG-000943,50,209
3733,3359,20250102,900,1,LTX-0003733,BKG-000945,26,26
3734,3359,20250218,900,1,LTX-0003734,BKG-003388,60,86
3735,3359,20250224,900,1,LTX-0003735,BKG-004469,18,104
3736,3359,20251128,900,1,LTX-0003736,BKG-006808,76,180
3737,461,20250203,900,1,LTX-0003737,BKG-008219,66,66
3738,461,20250407,900,1,LTX-0003738,BKG-003249,12,78
3739,462,20250413,900,1,LTX-0003739,BKG-000946,28,106
3740,462,20250507,900,1,LTX-0003740,BKG-010789,31,137
3741,462,20250820,900,1,LTX-0003741,BKG-004065,21,158
3742,2952,20250528,900,1,LTX-0003742,BKG-002771,22,22
3743,2952,20250703,900,1,LTX-0003743,BKG-009212,41,63
3744,2952,20250720,900,1,LTX-0003744,BKG-010440,47,110
3745,2952,20250720,1800,2,LTX-0003745,BKG-010440,-10,100
3746,2952,20250807,900,1,LTX-0003746,BKG-000947,57,157
3747,2952,20250909,900,1,LTX-0003747,BKG-002229,22,179
3748,1806,20250308,900,1,LTX-0003748,BKG-002030,22,22
3749,1806,20250509,900,1,LTX-0003749,BKG-011081,12,34
3750,1806,20250513,900,1,LTX-0003750,BKG-000948,65,99
3751,2394,20250520,900,1,LTX-0003751,BKG-009155,50,50
3752,2394,20250628,900,1,LTX-0003752,BKG-000950,45,95
3753,2394,20250921,900,1,LTX-0003753,BKG-007645,59,154
3754,2394,20250926,900,1,LTX-0003754,BKG-007890,26,180
3755,3970,20250323,900,1,LTX-0003755,BKG-000951,39,39
3756,3970,20250604,900,1,LTX-0003756,BKG-011524,91,130
3757,3970,20250710,900,1,LTX-0003757,BKG-001080,23,153
3758,3970,20251113,900,1,LTX-0003758,BKG-008189,48,201
3759,3970,20251209,900,1,LTX-0003759,BKG-007861,36,237
3760,458,20250127,900,1,LTX-0003760,BKG-000952,71,71
3761,458,20250707,900,1,LTX-0003761,BKG-003206,22,93
3762,458,20250708,900,1,LTX-0003762,BKG-005193,67,160
3763,1561,20251011,900,1,LTX-0003763,BKG-002453,25,25
3764,1561,20251124,900,1,LTX-0003764,BKG-000953,57,82
3765,3213,20250301,900,1,LTX-0003765,BKG-008481,29,29
3766,3213,20250511,900,1,LTX-0003766,BKG-008304,96,125
3767,3213,20250517,900,1,LTX-0003767,BKG-000954,47,172
3768,3213,20250521,900,1,LTX-0003768,BKG-011800,37,209
3769,3213,20250606,900,1,LTX-0003769,BKG-001317,35,244
3770,3213,20250606,1800,2,LTX-0003770,BKG-001317,-20,224
3771,3213,20251123,900,1,LTX-0003771,BKG-002217,18,242
3772,3213,20251201,900,1,LTX-0003772,BKG-010972,30,272
3773,4477,20250606,900,1,LTX-0003773,BKG-006505,50,50
3774,4477,20250618,900,1,LTX-0003774,BKG-000955,62,112
3775,4477,20250702,900,1,LTX-0003775,BKG-011242,22,134
3776,3176,20250613,900,1,LTX-0003776,BKG-000956,43,43
3777,1666,20250202,900,1,LTX-0003777,BKG-000958,11,11
3778,1666,20251023,900,1,LTX-0003778,BKG-007564,82,93
3779,1666,20251207,900,1,LTX-0003779,BKG-008732,68,161
3780,1785,20250312,900,1,LTX-0003780,BKG-005633,50,50
3781,1785,20250414,900,1,LTX-0003781,BKG-000959,24,74
3782,1785,20250523,900,1,LTX-0003782,BKG-002914,22,96
3783,1786,20250928,900,1,LTX-0003783,BKG-003133,49,145
3784,1786,20251004,900,1,LTX-0003784,BKG-004991,35,180
3785,1786,20251117,900,1,LTX-0003785,BKG-011516,48,228
3786,1786,20251117,1800,2,LTX-0003786,BKG-011516,-10,218
3787,1786,20251220,900,1,LTX-0003787,BKG-007130,54,272
3788,274,20250117,900,1,LTX-0003788,BKG-001335,36,36
3789,274,20250124,900,1,LTX-0003789,BKG-000960,57,93
3790,274,20250618,900,1,LTX-0003790,BKG-010083,27,120
3791,274,20250810,900,1,LTX-0003791,BKG-009472,65,185
3792,2263,20250830,900,1,LTX-0003792,BKG-000962,29,29
3793,4689,20250717,900,1,LTX-0003793,BKG-000964,54,54
3794,3458,20250125,900,1,LTX-0003794,BKG-000966,32,32
3795,3458,20250201,900,1,LTX-0003795,BKG-010217,20,52
3796,3458,20250514,900,1,LTX-0003796,BKG-003645,25,77
3797,3458,20250521,900,1,LTX-0003797,BKG-006289,7,84
3798,3458,20250524,900,1,LTX-0003798,BKG-010275,71,155
3799,3458,20250529,900,1,LTX-0003799,BKG-010779,30,185
3800,3458,20250601,900,1,LTX-0003800,BKG-001204,22,207
3801,3458,20250601,1800,2,LTX-0003801,BKG-001204,-20,187
3802,3458,20250903,900,1,LTX-0003802,BKG-003738,55,242
3803,3458,20251008,900,1,LTX-0003803,BKG-003665,50,292
3804,3458,20251123,900,1,LTX-0003804,BKG-001745,46,338
3805,1290,20250423,900,1,LTX-0003805,BKG-000967,11,11
3806,1290,20250625,900,1,LTX-0003806,BKG-003532,68,79
3807,213,20250517,900,1,LTX-0003807,BKG-004981,45,45
3808,213,20250613,900,1,LTX-0003808,BKG-005322,34,79
3809,213,20250613,1800,2,LTX-0003809,BKG-005322,-10,69
3810,213,20250621,900,1,LTX-0003810,BKG-003986,25,94
3811,213,20250621,1800,2,LTX-0003811,BKG-003986,-10,84
3812,213,20250719,900,1,LTX-0003812,BKG-000968,47,131
3813,213,20251014,900,1,LTX-0003813,BKG-009870,23,154
3814,213,20251014,1800,2,LTX-0003814,BKG-009870,-10,144
3815,2602,20251130,900,1,LTX-0003815,BKG-000969,89,89
3816,3119,20250615,900,1,LTX-0003816,BKG-000970,70,70
3817,1088,20251013,900,1,LTX-0003817,BKG-004103,38,38
3818,1088,20251020,900,1,LTX-0003818,BKG-000971,22,60
3819,3484,20250529,900,1,LTX-0003819,BKG-000972,33,33
3820,4780,20250619,900,1,LTX-0003820,BKG-000975,75,75
3821,3395,20250208,900,1,LTX-0003821,BKG-002980,30,30
3822,3395,20250608,900,1,LTX-0003822,BKG-010138,55,85
3823,3395,20250715,900,1,LTX-0003823,BKG-000976,72,157
3824,3833,20250803,900,1,LTX-0003824,BKG-009758,27,27
3825,3834,20251210,900,1,LTX-0003825,BKG-000977,43,70
3826,3834,20251216,900,1,LTX-0003826,BKG-005724,31,101
3827,1552,20250413,900,1,LTX-0003827,BKG-001934,33,33
3828,1552,20250413,1800,2,LTX-0003828,BKG-001934,-20,13
3829,1552,20250714,900,1,LTX-0003829,BKG-000978,68,81
3830,1552,20250714,1800,2,LTX-0003830,BKG-000978,-20,61
3831,1552,20250721,900,1,LTX-0003831,BKG-010528,47,108
3832,1552,20250926,900,1,LTX-0003832,BKG-008625,38,146
3833,1552,20250928,900,1,LTX-0003833,BKG-003922,41,187
3834,1552,20250928,1800,2,LTX-0003834,BKG-003922,-30,157
3835,1552,20251126,900,1,LTX-0003835,BKG-009547,49,206
3836,1629,20250622,900,1,LTX-0003836,BKG-007582,58,58
3837,1629,20250623,900,1,LTX-0003837,BKG-004163,47,105
3838,1629,20251204,900,1,LTX-0003838,BKG-008415,91,196
3839,1629,20251213,900,1,LTX-0003839,BKG-000979,56,252
3840,1629,20251213,1800,2,LTX-0003840,BKG-000979,-10,242
3841,4855,20250314,900,1,LTX-0003841,BKG-010577,35,35
3842,4855,20250510,900,1,LTX-0003842,BKG-009702,78,113
3843,4855,20250609,900,1,LTX-0003843,BKG-008480,29,142
3844,4855,20250611,900,1,LTX-0003844,BKG-000981,78,220
3845,4855,20251212,900,1,LTX-0003845,BKG-001063,18,238
3846,2888,20250728,900,1,LTX-0003846,BKG-000982,20,20
3847,2888,20251021,900,1,LTX-0003847,BKG-011606,67,87
3848,2888,20251203,900,1,LTX-0003848,BKG-003349,56,143
3849,96,20250501,900,1,LTX-0003849,BKG-000983,25,25
3850,96,20250501,1800,2,LTX-0003850,BKG-000983,-20,5
3851,96,20250725,900,1,LTX-0003851,BKG-007579,30,35
3852,96,20250831,900,1,LTX-0003852,BKG-001262,62,97
3853,1958,20250210,900,1,LTX-0003853,BKG-012036,74,74
3854,1958,20250320,900,1,LTX-0003854,BKG-012136,37,111
3855,1958,20250320,1800,2,LTX-0003855,BKG-012136,-10,101
3856,1958,20250608,900,1,LTX-0003856,BKG-008000,88,189
3857,1958,20250608,1800,2,LTX-0003857,BKG-008000,-30,159
3858,1959,20251106,900,1,LTX-0003858,BKG-000984,42,201
3859,4339,20250210,900,1,LTX-0003859,BKG-005714,28,28
3860,4339,20250309,900,1,LTX-0003860,BKG-011936,37,65
3861,4340,20250515,900,1,LTX-0003861,BKG-000985,74,139
3862,4340,20250531,900,1,LTX-0003862,BKG-008582,65,204
3863,4340,20250622,900,1,LTX-0003863,BKG-003093,56,260
3864,4340,20250629,900,1,LTX-0003864,BKG-012355,11,271
3865,3363,20250507,900,1,LTX-0003865,BKG-000987,56,56
3866,3363,20250513,900,1,LTX-0003866,BKG-007699,38,94
3867,3363,20250629,900,1,LTX-0003867,BKG-002402,64,158
3868,3364,20250914,900,1,LTX-0003868,BKG-006774,14,172
3869,4325,20250212,900,1,LTX-0003869,BKG-000988,40,40
3870,4325,20250304,900,1,LTX-0003870,BKG-008874,46,86
3871,4325,20250604,900,1,LTX-0003871,BKG-010422,33,119
3872,4325,20250816,900,1,LTX-0003872,BKG-002817,41,160
3873,4325,20251003,900,1,LTX-0003873,BKG-005970,9,169
3874,4325,20251104,900,1,LTX-0003874,BKG-008740,38,207
3875,4325,20251117,900,1,LTX-0003875,BKG-002243,67,274
3876,59,20250601,900,1,LTX-0003876,BKG-009742,22,22
3877,59,20250618,900,1,LTX-0003877,BKG-003086,44,66
3878,59,20250708,900,1,LTX-0003878,BKG-010873,47,113
3879,59,20250717,900,1,LTX-0003879,BKG-011477,38,151
3880,59,20251130,900,1,LTX-0003880,BKG-000989,9,160
3881,1245,20250207,900,1,LTX-0003881,BKG-009409,60,60
3882,1245,20250219,900,1,LTX-0003882,BKG-001675,56,116
3883,1245,20250714,900,1,LTX-0003883,BKG-006130,112,228
3884,1245,20251004,900,1,LTX-0003884,BKG-006721,50,278
3885,1245,20251129,900,1,LTX-0003885,BKG-000990,41,319
3886,4439,20250905,900,1,LTX-0003886,BKG-000991,54,54
3887,4439,20250912,900,1,LTX-0003887,BKG-009596,43,97
3888,4439,20250926,900,1,LTX-0003888,BKG-004380,61,158
3889,2862,20250716,900,1,LTX-0003889,BKG-010707,24,24
3890,2862,20250812,900,1,LTX-0003890,BKG-000993,44,68
3891,2862,20250812,1800,2,LTX-0003891,BKG-000993,-20,48
3892,2862,20251209,900,1,LTX-0003892,BKG-007558,11,59
3893,4659,20250130,900,1,LTX-0003893,BKG-005152,54,54
3894,4659,20250210,900,1,LTX-0003894,BKG-005338,27,81
3895,4659,20250210,1800,2,LTX-0003895,BKG-005338,-20,61
3896,4659,20250628,900,1,LTX-0003896,BKG-007939,66,127
3897,4659,20250707,900,1,LTX-0003897,BKG-008383,31,158
3898,4659,20250720,900,1,LTX-0003898,BKG-000995,37,195
3899,3388,20250127,900,1,LTX-0003899,BKG-003564,10,10
3900,3388,20250409,900,1,LTX-0003900,BKG-010011,26,36
3901,3388,20250515,900,1,LTX-0003901,BKG-005610,83,119
3902,3388,20250908,900,1,LTX-0003902,BKG-000997,50,169
3903,229,20241231,900,1,LTX-0003903,BKG-000998,30,30
3904,229,20250430,900,1,LTX-0003904,BKG-002246,60,90
3905,229,20250606,900,1,LTX-0003905,BKG-012144,26,116
3906,229,20250705,900,1,LTX-0003906,BKG-009598,27,143
3907,229,20250705,1800,2,LTX-0003907,BKG-009598,-30,113
3908,229,20250718,900,1,LTX-0003908,BKG-008430,31,144
3909,3438,20250324,900,1,LTX-0003909,BKG-000999,56,56
3910,3438,20251013,900,1,LTX-0003910,BKG-001795,59,115
3911,3438,20251013,1800,2,LTX-0003911,BKG-001795,-20,95
3912,1966,20250528,900,1,LTX-0003912,BKG-011643,28,28
3913,1966,20250623,900,1,LTX-0003913,BKG-001002,65,93
3914,278,20251111,900,1,LTX-0003914,BKG-001003,66,66
3915,278,20251121,900,1,LTX-0003915,BKG-009809,47,113
3916,4593,20250202,900,1,LTX-0003916,BKG-012320,31,31
3917,4593,20250626,900,1,LTX-0003917,BKG-004098,98,129
3918,4593,20250815,900,1,LTX-0003918,BKG-001004,49,178
3919,4593,20251009,900,1,LTX-0003919,BKG-009204,33,211
3920,804,20250129,900,1,LTX-0003920,BKG-003075,57,57
3921,804,20250226,900,1,LTX-0003921,BKG-006771,18,75
3922,804,20250315,900,1,LTX-0003922,BKG-011713,60,135
3923,805,20250908,900,1,LTX-0003923,BKG-002999,36,171
3924,805,20251025,900,1,LTX-0003924,BKG-001005,51,222
3925,805,20251205,900,1,LTX-0003925,BKG-006300,28,250
3926,805,20251205,1800,2,LTX-0003926,BKG-006300,-30,220
3927,2463,20250224,900,1,LTX-0003927,BKG-001006,29,29
3928,2463,20250528,900,1,LTX-0003928,BKG-001852,68,97
3929,2463,20250611,900,1,LTX-0003929,BKG-011960,59,156
3930,2463,20250725,900,1,LTX-0003930,BKG-004015,55,211
3931,4047,20250919,900,1,LTX-0003931,BKG-007684,36,36
3932,4047,20251125,900,1,LTX-0003932,BKG-001007,10,46
3933,2633,20250124,900,1,LTX-0003933,BKG-005640,73,73
3934,2633,20250124,1800,2,LTX-0003934,BKG-005640,-30,43
3935,2633,20250503,900,1,LTX-0003935,BKG-001009,34,77
3936,2634,20250915,900,1,LTX-0003936,BKG-002827,10,87
3937,2508,20250515,900,1,LTX-0003937,BKG-003470,15,15
3938,2508,20251126,900,1,LTX-0003938,BKG-001010,12,27
3939,2389,20250120,900,1,LTX-0003939,BKG-003999,6,6
3940,2390,20250521,900,1,LTX-0003940,BKG-008369,60,66
3941,2390,20250527,900,1,LTX-0003941,BKG-001834,39,105
3942,2390,20250527,1800,2,LTX-0003942,BKG-001834,-30,75
3943,2390,20251113,900,1,LTX-0003943,BKG-002983,48,123
3944,2390,20251118,900,1,LTX-0003944,BKG-007606,65,188
3945,2390,20251124,900,1,LTX-0003945,BKG-001011,13,201
3946,2390,20251124,1800,2,LTX-0003946,BKG-001011,-30,171
3947,1231,20250616,900,1,LTX-0003947,BKG-011256,63,63
3948,1231,20251212,900,1,LTX-0003948,BKG-001012,43,106
3949,1045,20250221,900,1,LTX-0003949,BKG-001013,34,34
3950,1045,20250505,900,1,LTX-0003950,BKG-003341,33,67
3951,1046,20250525,900,1,LTX-0003951,BKG-012012,45,112
3952,1046,20251007,900,1,LTX-0003952,BKG-011833,14,126
3953,762,20250602,900,1,LTX-0003953,BKG-001015,69,69
3954,762,20250913,900,1,LTX-0003954,BKG-002408,76,145
3955,1546,20250325,900,1,LTX-0003955,BKG-005008,35,35
3956,1546,20250623,900,1,LTX-0003956,BKG-001016,53,88
3957,1546,20250714,900,1,LTX-0003957,BKG-010653,44,132
3958,1546,20250930,900,1,LTX-0003958,BKG-002719,29,161
3959,1546,20251017,900,1,LTX-0003959,BKG-007754,34,195
3960,1546,20251130,900,1,LTX-0003960,BKG-008008,48,243
3961,1546,20251216,900,1,LTX-0003961,BKG-008797,39,282
3962,4433,20250918,900,1,LTX-0003962,BKG-001017,17,17
3963,4433,20251110,900,1,LTX-0003963,BKG-004934,57,74
3964,3310,20250629,900,1,LTX-0003964,BKG-001445,56,56
3965,3310,20250701,900,1,LTX-0003965,BKG-001018,29,85
3966,3310,20251208,900,1,LTX-0003966,BKG-006277,43,128
3967,3310,20251208,1800,2,LTX-0003967,BKG-006277,-10,118
3968,4363,20250523,900,1,LTX-0003968,BKG-001019,56,56
3969,4363,20250705,900,1,LTX-0003969,BKG-009122,31,87
3970,4363,20250804,900,1,LTX-0003970,BKG-004510,45,132
3971,4363,20251019,900,1,LTX-0003971,BKG-008926,34,166
3972,801,20251116,900,1,LTX-0003972,BKG-005387,41,41
3973,801,20251116,1800,2,LTX-0003973,BKG-005387,-10,31
3974,801,20251129,900,1,LTX-0003974,BKG-001020,91,122
3975,1690,20250118,900,1,LTX-0003975,BKG-001022,23,23
3976,1690,20250526,900,1,LTX-0003976,BKG-012510,35,58
3977,1690,20250605,900,1,LTX-0003977,BKG-001928,81,139
3978,1690,20250608,900,1,LTX-0003978,BKG-005050,112,251
3979,1690,20250627,900,1,LTX-0003979,BKG-001891,22,273
3980,1690,20250727,900,1,LTX-0003980,BKG-001994,46,319
3981,1727,20250607,900,1,LTX-0003981,BKG-011997,26,26
3982,1727,20250812,900,1,LTX-0003982,BKG-012394,23,49
3983,1727,20251112,900,1,LTX-0003983,BKG-005809,60,109
3984,1727,20251125,900,1,LTX-0003984,BKG-001023,20,129
3985,1402,20250628,900,1,LTX-0003985,BKG-011820,70,70
3986,1402,20250702,900,1,LTX-0003986,BKG-003824,33,103
3987,1402,20250710,900,1,LTX-0003987,BKG-003412,47,150
3988,1402,20251204,900,1,LTX-0003988,BKG-001024,52,202
3989,47,20250124,900,1,LTX-0003989,BKG-008542,45,45
3990,47,20250430,900,1,LTX-0003990,BKG-001025,56,101
3991,47,20250502,900,1,LTX-0003991,BKG-011232,28,129
3992,47,20251205,900,1,LTX-0003992,BKG-012327,25,154
3993,2533,20250326,900,1,LTX-0003993,BKG-005468,58,58
3994,2533,20250516,900,1,LTX-0003994,BKG-010787,85,143
3995,2533,20250607,900,1,LTX-0003995,BKG-006060,67,210
3996,2533,20251128,900,1,LTX-0003996,BKG-001026,65,275
3997,579,20241227,900,1,LTX-0003997,BKG-012331,27,27
3998,579,20250616,900,1,LTX-0003998,BKG-001621,95,122
3999,579,20250622,900,1,LTX-0003999,BKG-001027,65,187
4000,579,20250718,900,1,LTX-0004000,BKG-002339,66,253
4001,502,20250325,900,1,LTX-0004001,BKG-011869,51,51
4002,503,20251215,900,1,LTX-0004002,BKG-001028,12,63
4003,3964,20250910,900,1,LTX-0004003,BKG-001029,30,30
4004,3964,20250915,900,1,LTX-0004004,BKG-007255,26,56
4005,4352,20250104,900,1,LTX-0004005,BKG-007882,27,27
4006,4352,20250316,900,1,LTX-0004006,BKG-003613,34,61
4007,4352,20250911,900,1,LTX-0004007,BKG-001031,10,71
4008,768,20251202,900,1,LTX-0004008,BKG-001360,50,50
4009,768,20251206,900,1,LTX-0004009,BKG-001032,35,85
4010,3645,20250121,900,1,LTX-0004010,BKG-002143,24,24
4011,3645,20250613,900,1,LTX-0004011,BKG-011043,54,78
4012,3645,20250828,900,1,LTX-0004012,BKG-001033,25,103
4013,1254,20250205,900,1,LTX-0004013,BKG-004733,49,49
4014,1254,20250329,900,1,LTX-0004014,BKG-001034,89,138
4015,1254,20250805,900,1,LTX-0004015,BKG-010119,26,164
4016,1254,20250913,900,1,LTX-0004016,BKG-010899,36,200
4017,1254,20251221,900,1,LTX-0004017,BKG-006909,20,220
4018,3198,20250417,900,1,LTX-0004018,BKG-001035,54,54
4019,3198,20250421,900,1,LTX-0004019,BKG-012350,78,132
4020,987,20241228,900,1,LTX-0004020,BKG-001036,17,17
4021,987,20250303,900,1,LTX-0004021,BKG-003562,34,51
4022,987,20250514,900,1,LTX-0004022,BKG-012485,54,105
4023,987,20250620,900,1,LTX-0004023,BKG-002117,52,157
4024,987,20251003,900,1,LTX-0004024,BKG-004130,9,166
4025,987,20251003,1800,2,LTX-0004025,BKG-004130,-30,136
4026,3274,20250705,900,1,LTX-0004026,BKG-001037,11,11
4027,3274,20250923,900,1,LTX-0004027,BKG-006452,44,55
4028,3274,20251115,900,1,LTX-0004028,BKG-004675,28,83
4029,2356,20250206,900,1,LTX-0004029,BKG-011166,32,32
4030,2356,20250206,1800,2,LTX-0004030,BKG-011166,-30,2
4031,2356,20250705,900,1,LTX-0004031,BKG-005621,60,62
4032,2357,20251125,900,1,LTX-0004032,BKG-001038,65,127
4033,914,20250701,900,1,LTX-0004033,BKG-007176,54,54
4034,914,20250701,1800,2,LTX-0004034,BKG-007176,-10,44
4035,914,20250704,900,1,LTX-0004035,BKG-001039,44,88
4036,2253,20250417,900,1,LTX-0004036,BKG-001040,10,10
4037,2253,20250723,900,1,LTX-0004037,BKG-005514,60,70
4038,2253,20251116,900,1,LTX-0004038,BKG-011947,38,108
4039,2006,20250323,900,1,LTX-0004039,BKG-001041,53,53
4040,2006,20250503,900,1,LTX-0004040,BKG-007273,10,63
4041,1370,20250214,900,1,LTX-0004041,BKG-009432,8,8
4042,1370,20250427,900,1,LTX-0004042,BKG-001042,38,46
4043,1370,20250427,1800,2,LTX-0004043,BKG-001042,-30,16
4044,1370,20251122,900,1,LTX-0004044,BKG-010647,55,71
4045,2462,20250308,900,1,LTX-0004045,BKG-003346,53,53
4046,2462,20250524,900,1,LTX-0004046,BKG-003957,40,93
4047,2462,20250614,900,1,LTX-0004047,BKG-001044,25,118
4048,2462,20250719,900,1,LTX-0004048,BKG-011982,47,165
4049,3321,20241210,900,1,LTX-0004049,BKG-003425,24,24
4050,3321,20250513,900,1,LTX-0004050,BKG-011804,45,69
4051,3321,20250606,900,1,LTX-0004051,BKG-008635,79,148
4052,3321,20250823,900,1,LTX-0004052,BKG-001047,32,180
4053,3321,20251108,900,1,LTX-0004053,BKG-007178,37,217
4054,2378,20250214,900,1,LTX-0004054,BKG-001048,10,10
4055,2378,20250225,900,1,LTX-0004055,BKG-004159,56,66
4056,2378,20250309,900,1,LTX-0004056,BKG-002434,27,93
4057,2378,20250718,900,1,LTX-0004057,BKG-012339,51,144
4058,2378,20250811,900,1,LTX-0004058,BKG-002518,24,168
4059,2378,20250811,1800,2,LTX-0004059,BKG-002518,-10,158
4060,2378,20251216,900,1,LTX-0004060,BKG-012502,9,167
4061,2267,20250523,900,1,LTX-0004061,BKG-008399,65,65
4062,2267,20250629,900,1,LTX-0004062,BKG-011403,51,116
4063,2267,20250816,900,1,LTX-0004063,BKG-001049,24,140
4064,2267,20251127,900,1,LTX-0004064,BKG-010168,18,158
4065,3660,20250412,900,1,LTX-0004065,BKG-001051,30,30
4066,3660,20250419,900,1,LTX-0004066,BKG-003774,63,93
4067,3660,20250715,900,1,LTX-0004067,BKG-012165,39,132
4068,3660,20250915,900,1,LTX-0004068,BKG-003687,6,138
4069,3660,20250928,900,1,LTX-0004069,BKG-003392,45,183
4070,2083,20250424,900,1,LTX-0004070,BKG-001052,16,16
4071,2083,20250601,900,1,LTX-0004071,BKG-011001,67,83
4072,2083,20250626,900,1,LTX-0004072,BKG-005591,39,122
4073,2083,20251003,900,1,LTX-0004073,BKG-007138,64,186
4074,2083,20251103,900,1,LTX-0004074,BKG-009673,19,205
4075,2083,20251219,900,1,LTX-0004075,BKG-005664,50,255
4076,2083,20251219,1800,2,LTX-0004076,BKG-005664,-10,245
4077,1365,20250620,900,1,LTX-0004077,BKG-001053,21,21
4078,1365,20251214,900,1,LTX-0004078,BKG-003030,38,59
4079,4379,20250522,900,1,LTX-0004079,BKG-003063,29,29
4080,4379,20250525,900,1,LTX-0004080,BKG-005257,36,65
4081,4379,20250825,900,1,LTX-0004081,BKG-011582,42,107
4082,4379,20250921,900,1,LTX-0004082,BKG-001054,40,147
4083,4379,20251205,900,1,LTX-0004083,BKG-008281,23,170
4084,3720,20250603,900,1,LTX-0004084,BKG-001055,20,20
4085,290,20250116,900,1,LTX-0004085,BKG-001056,70,70
4086,290,20250510,900,1,LTX-0004086,BKG-002511,17,87
4087,290,20250620,900,1,LTX-0004087,BKG-003820,92,179
4088,1122,20250608,900,1,LTX-0004088,BKG-001967,61,61
4089,1122,20250610,900,1,LTX-0004089,BKG-010936,33,94
4090,1122,20250829,900,1,LTX-0004090,BKG-001057,49,143
4091,1096,20250207,900,1,LTX-0004091,BKG-005366,22,22
4092,1096,20250421,900,1,LTX-0004092,BKG-001058,15,37
4093,1096,20250807,900,1,LTX-0004093,BKG-002537,30,67
4094,1096,20251116,900,1,LTX-0004094,BKG-008048,15,82
4095,1096,20251202,900,1,LTX-0004095,BKG-002201,28,110
4096,670,20250201,900,1,LTX-0004096,BKG-009125,56,56
4097,670,20250201,1800,2,LTX-0004097,BKG-009125,-20,36
4098,670,20250715,900,1,LTX-0004098,BKG-001059,8,44
4099,316,20250118,900,1,LTX-0004099,BKG-003069,24,24
4100,316,20250127,900,1,LTX-0004100,BKG-003096,8,32
4101,316,20250602,900,1,LTX-0004101,BKG-002729,29,61
4102,316,20250606,900,1,LTX-0004102,BKG-001062,87,148
4103,316,20250915,900,1,LTX-0004103,BKG-011358,29,177
4104,317,20251020,900,1,LTX-0004104,BKG-005246,34,211
4105,2342,20250304,900,1,LTX-0004105,BKG-001851,40,40
4106,2343,20250603,900,1,LTX-0004106,BKG-011927,40,80
4107,2343,20250629,900,1,LTX-0004107,BKG-006267,31,111
4108,2343,20250703,900,1,LTX-0004108,BKG-003131,28,139
4109,2343,20250904,900,1,LTX-0004109,BKG-001064,23,162
4110,4607,20250828,900,1,LTX-0004110,BKG-001065,50,50
4111,4607,20251026,900,1,LTX-0004111,BKG-006074,66,116
4112,4607,20251117,900,1,LTX-0004112,BKG-010146,40,156
4113,151,20250201,900,1,LTX-0004113,BKG-010537,27,27
4114,151,20250613,900,1,LTX-0004114,BKG-001066,44,71
4115,151,20250720,900,1,LTX-0004115,BKG-012346,70,141
4116,151,20250829,900,1,LTX-0004116,BKG-007642,21,162
4117,151,20250909,900,1,LTX-0004117,BKG-001790,25,187
4118,151,20251127,900,1,LTX-0004118,BKG-011470,56,243
4119,151,20251219,900,1,LTX-0004119,BKG-010430,51,294
4120,4467,20250312,900,1,LTX-0004120,BKG-008256,67,67
4121,4467,20250417,900,1,LTX-0004121,BKG-006599,55,122
4122,4467,20250708,900,1,LTX-0004122,BKG-001068,31,153
4123,4467,20250802,900,1,LTX-0004123,BKG-006093,63,216
4124,4467,20250924,900,1,LTX-0004124,BKG-009313,89,305
4125,4467,20251205,900,1,LTX-0004125,BKG-012472,84,389
4126,2504,20241221,900,1,LTX-0004126,BKG-006831,46,46
4127,2504,20241221,1800,2,LTX-0004127,BKG-006831,-10,36
4128,2504,20250224,900,1,LTX-0004128,BKG-001069,39,75
4129,2504,20250626,900,1,LTX-0004129,BKG-007822,48,123
4130,2504,20250702,900,1,LTX-0004130,BKG-003624,60,183
4131,2504,20250730,900,1,LTX-0004131,BKG-010076,25,208
4132,2504,20250803,900,1,LTX-0004132,BKG-010565,42,250
4133,2552,20250609,900,1,LTX-0004133,BKG-004786,71,71
4134,2552,20250715,900,1,LTX-0004134,BKG-001070,36,107
4135,2553,20251205,900,1,LTX-0004135,BKG-007988,26,133
4136,3190,20250712,900,1,LTX-0004136,BKG-007007,31,31
4137,3190,20250714,900,1,LTX-0004137,BKG-001071,21,52
4138,3190,20250905,900,1,LTX-0004138,BKG-008036,36,88
4139,1849,20250620,900,1,LTX-0004139,BKG-005967,28,28
4140,1849,20250701,900,1,LTX-0004140,BKG-006646,52,80
4141,1849,20250701,900,1,LTX-0004141,BKG-009610,35,115
4142,1849,20250709,900,1,LTX-0004142,BKG-001072,33,148
4143,1849,20251125,900,1,LTX-0004143,BKG-011274,74,222
4144,698,20250603,900,1,LTX-0004144,BKG-003495,50,50
4145,698,20250706,900,1,LTX-0004145,BKG-001073,25,75
4146,698,20250706,1800,2,LTX-0004146,BKG-001073,-10,65
4147,196,20250704,900,1,LTX-0004147,BKG-001075,83,83
4148,196,20250725,900,1,LTX-0004148,BKG-003614,37,120
4149,196,20250725,1800,2,LTX-0004149,BKG-003614,-10,110
4150,196,20251128,900,1,LTX-0004150,BKG-007959,76,186
4151,680,20250316,900,1,LTX-0004151,BKG-008114,44,44
4152,680,20250623,900,1,LTX-0004152,BKG-005298,41,85
4153,680,20250929,900,1,LTX-0004153,BKG-001076,61,146
4154,680,20250929,1800,2,LTX-0004154,BKG-001076,-30,116
4155,681,20251122,900,1,LTX-0004155,BKG-011756,39,155
4156,681,20251206,900,1,LTX-0004156,BKG-001299,46,201
4157,2137,20251017,900,1,LTX-0004157,BKG-001077,36,36
4158,3056,20250530,900,1,LTX-0004158,BKG-001079,17,17
4159,3056,20250701,900,1,LTX-0004159,BKG-001435,20,37
4160,4409,20250107,900,1,LTX-0004160,BKG-004005,31,31
4161,4409,20250107,1800,2,LTX-0004161,BKG-004005,-10,21
4162,4409,20250701,900,1,LTX-0004162,BKG-001972,11,32
4163,4409,20250712,900,1,LTX-0004163,BKG-001081,39,71
4164,4409,20250713,900,1,LTX-0004164,BKG-006284,42,113
4165,4409,20251217,900,1,LTX-0004165,BKG-007044,61,174
4166,1835,20250224,900,1,LTX-0004166,BKG-007169,32,32
4167,1835,20251016,900,1,LTX-0004167,BKG-001082,61,93
4168,1836,20251117,900,1,LTX-0004168,BKG-002937,19,112
4169,3348,20250311,900,1,LTX-0004169,BKG-002565,39,39
4170,3348,20250607,900,1,LTX-0004170,BKG-001087,76,115
4171,3348,20250716,900,1,LTX-0004171,BKG-004310,68,183
4172,2512,20250221,900,1,LTX-0004172,BKG-005421,58,58
4173,2512,20250617,900,1,LTX-0004173,BKG-001088,50,108
4174,2512,20250804,900,1,LTX-0004174,BKG-011935,29,137
4175,2512,20251211,900,1,LTX-0004175,BKG-003195,23,160
4176,3418,20250219,900,1,LTX-0004176,BKG-001089,25,25
4177,797,20250618,900,1,LTX-0004177,BKG-004743,34,34
4178,797,20250618,1800,2,LTX-0004178,BKG-004743,-20,14
4179,797,20250718,900,1,LTX-0004179,BKG-007655,6,20
4180,797,20251219,900,1,LTX-0004180,BKG-001091,64,84
4181,4873,20250322,900,1,LTX-0004181,BKG-002966,27,27
4182,4873,20250601,900,1,LTX-0004182,BKG-001092,28,55
4183,4873,20251014,900,1,LTX-0004183,BKG-008870,8,63
4184,745,20250606,900,1,LTX-0004184,BKG-001094,87,87
4185,745,20250925,900,1,LTX-0004185,BKG-012423,65,152
4186,745,20251122,900,1,LTX-0004186,BKG-002265,64,216
4187,3440,20250413,900,1,LTX-0004187,BKG-011536,31,31
4188,3440,20250418,900,1,LTX-0004188,BKG-001095,52,83
4189,3440,20250418,1800,2,LTX-0004189,BKG-001095,-10,73
4190,3440,20250610,900,1,LTX-0004190,BKG-002093,27,100
4191,3440,20250725,900,1,LTX-0004191,BKG-010501,33,133
4192,3440,20251130,900,1,LTX-0004192,BKG-008294,30,163
4193,2949,20241224,900,1,LTX-0004193,BKG-009066,36,36
4194,2949,20250107,900,1,LTX-0004194,BKG-009829,21,57
4195,2949,20250107,1800,2,LTX-0004195,BKG-009829,-10,47
4196,2949,20250506,900,1,LTX-0004196,BKG-001096,47,94
4197,2949,20250516,900,1,LTX-0004197,BKG-007199,33,127
4198,2949,20250609,900,1,LTX-0004198,BKG-009558,32,159
4199,2949,20250706,900,1,LTX-0004199,BKG-003450,37,196
4200,2949,20250923,900,1,LTX-0004200,BKG-002411,33,229
4201,1218,20250318,900,1,LTX-0004201,BKG-006723,56,56
4202,1218,20250519,900,1,LTX-0004202,BKG-003340,51,107
4203,1218,20250519,1800,2,LTX-0004203,BKG-003340,-10,97
4204,1219,20250528,900,1,LTX-0004204,BKG-001099,36,133
4205,1219,20250607,900,1,LTX-0004205,BKG-009385,42,175
4206,1219,20250820,900,1,LTX-0004206,BKG-001906,24,199
4207,1219,20251102,900,1,LTX-0004207,BKG-001882,21,220
4208,2566,20250615,900,1,LTX-0004208,BKG-001902,102,102
4209,2566,20250620,900,1,LTX-0004209,BKG-003162,65,167
4210,2566,20250623,900,1,LTX-0004210,BKG-010204,82,249
4211,2566,20251004,900,1,LTX-0004211,BKG-003013,49,298
4212,2566,20251004,1800,2,LTX-0004212,BKG-003013,-30,268
4213,2566,20251124,900,1,LTX-0004213,BKG-001100,105,373
4214,2768,20250223,900,1,LTX-0004214,BKG-012458,46,46
4215,2768,20250502,900,1,LTX-0004215,BKG-001101,38,84
4216,2768,20250505,900,1,LTX-0004216,BKG-003677,47,131
4217,2768,20250616,900,1,LTX-0004217,BKG-010995,101,232
4218,2768,20250720,900,1,LTX-0004218,BKG-002682,84,316
4219,3739,20250415,900,1,LTX-0004219,BKG-001102,57,57
4220,3739,20250801,900,1,LTX-0004220,BKG-011066,51,108
4221,3324,20250222,900,1,LTX-0004221,BKG-005712,58,58
4222,3324,20250524,900,1,LTX-0004222,BKG-001103,32,90
4223,3324,20250524,1800,2,LTX-0004223,BKG-001103,-10,80
4224,2054,20250217,900,1,LTX-0004224,BKG-005776,30,30
4225,2054,20251123,900,1,LTX-0004225,BKG-001104,32,62
4226,2177,20250121,900,1,LTX-0004226,BKG-011974,55,55
4227,2177,20250413,900,1,LTX-0004227,BKG-003877,58,113
4228,2177,20250601,900,1,LTX-0004228,BKG-002694,9,122
4229,2177,20250705,900,1,LTX-0004229,BKG-001105,21,143
4230,2177,20251105,900,1,LTX-0004230,BKG-005057,15,158
4231,2177,20251209,900,1,LTX-0004231,BKG-005359,51,209
4232,2177,20251213,900,1,LTX-0004232,BKG-005163,48,257
4233,2931,20241221,900,1,LTX-0004233,BKG-003134,31,31
4234,2931,20250821,900,1,LTX-0004234,BKG-001106,9,40
4235,168,20250513,900,1,LTX-0004235,BKG-001107,18,18
4236,168,20250911,900,1,LTX-0004236,BKG-007643,59,77
4237,168,20251025,900,1,LTX-0004237,BKG-001137,10,87
4238,168,20251029,900,1,LTX-0004238,BKG-003980,28,115
4239,168,20251029,1800,2,LTX-0004239,BKG-003980,-20,95
4240,3671,20250607,900,1,LTX-0004240,BKG-001108,59,59
4241,3602,20250126,900,1,LTX-0004241,BKG-001110,10,10
4242,3602,20250510,900,1,LTX-0004242,BKG-007587,20,30
4243,3602,20250708,900,1,LTX-0004243,BKG-004087,44,74
4244,3602,20250914,900,1,LTX-0004244,BKG-005569,16,90
4245,3602,20251108,900,1,LTX-0004245,BKG-006692,18,108
4246,1403,20250213,900,1,LTX-0004246,BKG-004211,16,16
4247,1403,20250801,900,1,LTX-0004247,BKG-012287,32,48
4248,1403,20250824,900,1,LTX-0004248,BKG-008298,53,101
4249,1403,20251029,900,1,LTX-0004249,BKG-009707,30,131
4250,1403,20251210,900,1,LTX-0004250,BKG-001111,25,156
4251,4345,20241228,900,1,LTX-0004251,BKG-001112,54,54
4252,4345,20251201,900,1,LTX-0004252,BKG-006177,33,87
4253,4249,20250427,900,1,LTX-0004253,BKG-001113,6,6
4254,3233,20250128,900,1,LTX-0004254,BKG-008127,44,44
4255,3233,20250813,900,1,LTX-0004255,BKG-001114,28,72
4256,3233,20251030,900,1,LTX-0004256,BKG-005189,67,139
4257,3233,20251126,900,1,LTX-0004257,BKG-011640,43,182
4258,3054,20250315,900,1,LTX-0004258,BKG-007619,50,50
4259,3054,20250626,900,1,LTX-0004259,BKG-001260,83,133
4260,3054,20251115,900,1,LTX-0004260,BKG-002270,8,141
4261,3054,20251125,900,1,LTX-0004261,BKG-002446,39,180
4262,3054,20251204,900,1,LTX-0004262,BKG-001115,40,220
4263,4601,20241219,900,1,LTX-0004263,BKG-007345,18,18
4264,4601,20250510,900,1,LTX-0004264,BKG-011862,78,96
4265,4601,20250531,900,1,LTX-0004265,BKG-001116,33,129
4266,4601,20250630,900,1,LTX-0004266,BKG-004091,20,149
4267,4743,20250531,900,1,LTX-0004267,BKG-006514,21,21
4268,4743,20250806,900,1,LTX-0004268,BKG-001117,45,66
4269,4743,20250901,900,1,LTX-0004269,BKG-002819,28,94
4270,4743,20251123,900,1,LTX-0004270,BKG-010099,65,159
4271,4743,20251123,1800,2,LTX-0004271,BKG-010099,-20,139
4272,2983,20250512,900,1,LTX-0004272,BKG-001119,19,19
4273,2983,20250617,900,1,LTX-0004273,BKG-006054,18,37
4274,2884,20250526,900,1,LTX-0004274,BKG-006308,79,79
4275,2884,20250604,900,1,LTX-0004275,BKG-008077,31,110
4276,2884,20251130,900,1,LTX-0004276,BKG-001120,84,194
4277,2875,20250607,900,1,LTX-0004277,BKG-003050,45,45
4278,2875,20250724,900,1,LTX-0004278,BKG-010378,66,111
4279,2875,20250724,1800,2,LTX-0004279,BKG-010378,-10,101
4280,2875,20251211,900,1,LTX-0004280,BKG-001121,23,124
4281,1828,20250525,900,1,LTX-0004281,BKG-001122,54,54
4282,1828,20250617,900,1,LTX-0004282,BKG-011017,64,118
4283,1828,20250618,900,1,LTX-0004283,BKG-003465,70,188
4284,1828,20250628,900,1,LTX-0004284,BKG-004696,74,262
4285,1828,20250702,900,1,LTX-0004285,BKG-002494,44,306
4286,408,20250220,900,1,LTX-0004286,BKG-001123,71,71
4287,408,20250711,900,1,LTX-0004287,BKG-007343,45,116
4288,408,20251006,900,1,LTX-0004288,BKG-012167,43,159
4289,4738,20241218,900,1,LTX-0004289,BKG-001961,47,47
4290,4738,20250306,900,1,LTX-0004290,BKG-010079,45,92
4291,4738,20250601,900,1,LTX-0004291,BKG-001124,60,152
4292,4738,20250603,900,1,LTX-0004292,BKG-005059,74,226
4293,4738,20250610,900,1,LTX-0004293,BKG-001584,82,308
4294,4738,20250907,900,1,LTX-0004294,BKG-003110,42,350
4295,4738,20251001,900,1,LTX-0004295,BKG-001803,48,398
4296,2900,20250324,900,1,LTX-0004296,BKG-001125,33,33
4297,2900,20250520,900,1,LTX-0004297,BKG-006174,57,90
4298,2900,20251022,900,1,LTX-0004298,BKG-007215,51,141
4299,2748,20250519,900,1,LTX-0004299,BKG-006800,42,42
4300,2748,20250701,900,1,LTX-0004300,BKG-001126,59,101
4301,2748,20250726,900,1,LTX-0004301,BKG-012504,16,117
4302,2748,20250928,900,1,LTX-0004302,BKG-002594,26,143
4303,2748,20251020,900,1,LTX-0004303,BKG-001709,25,168
4304,4841,20250427,900,1,LTX-0004304,BKG-011583,47,47
4305,4841,20250531,900,1,LTX-0004305,BKG-008242,32,79
4306,4841,20250802,900,1,LTX-0004306,BKG-002476,61,140
4307,4841,20250909,900,1,LTX-0004307,BKG-001130,57,197
4308,4841,20251114,900,1,LTX-0004308,BKG-012239,27,224
4309,4841,20251213,900,1,LTX-0004309,BKG-005897,71,295
4310,3170,20250110,900,1,LTX-0004310,BKG-003990,27,27
4311,3170,20250505,900,1,LTX-0004311,BKG-001131,81,108
4312,3170,20250606,900,1,LTX-0004312,BKG-008445,58,166
4313,3170,20250608,900,1,LTX-0004313,BKG-007062,34,200
4314,3171,20250922,900,1,LTX-0004314,BKG-002606,65,265
4315,1253,20250422,900,1,LTX-0004315,BKG-005243,50,50
4316,1253,20250522,900,1,LTX-0004316,BKG-007897,60,110
4317,1253,20251027,900,1,LTX-0004317,BKG-001133,40,150
4318,1364,20250605,900,1,LTX-0004318,BKG-006791,54,54
4319,1364,20250606,900,1,LTX-0004319,BKG-001135,37,91
4320,1364,20250924,900,1,LTX-0004320,BKG-008934,58,149
4321,1364,20251119,900,1,LTX-0004321,BKG-006255,48,197
4322,1364,20251217,900,1,LTX-0004322,BKG-006341,76,273
4323,4007,20250611,900,1,LTX-0004323,BKG-009902,60,60
4324,4007,20251129,900,1,LTX-0004324,BKG-001140,66,126
4325,4007,20251129,1800,2,LTX-0004325,BKG-001140,-10,116
4326,684,20250607,900,1,LTX-0004326,BKG-004178,46,46
4327,684,20250608,900,1,LTX-0004327,BKG-001142,41,87
4328,684,20250616,900,1,LTX-0004328,BKG-012273,31,118
4329,684,20250616,1800,2,LTX-0004329,BKG-012273,-20,98
4330,684,20250627,900,1,LTX-0004330,BKG-007236,48,146
4331,3003,20241231,900,1,LTX-0004331,BKG-002169,36,36
4332,3003,20251114,900,1,LTX-0004332,BKG-001143,69,105
4333,590,20250109,900,1,LTX-0004333,BKG-001144,41,41
4334,590,20250202,900,1,LTX-0004334,BKG-011452,17,58
4335,1856,20250415,900,1,LTX-0004335,BKG-004341,37,37
4336,1856,20250622,900,1,LTX-0004336,BKG-008210,15,52
4337,1857,20251205,900,1,LTX-0004337,BKG-001145,39,91
4338,1871,20250218,900,1,LTX-0004338,BKG-011853,46,46
4339,1871,20250312,900,1,LTX-0004339,BKG-005081,47,93
4340,1871,20250513,900,1,LTX-0004340,BKG-011829,36,129
4341,1871,20250513,1800,2,LTX-0004341,BKG-011829,-10,119
4342,1871,20250628,900,1,LTX-0004342,BKG-001245,54,173
4343,1871,20250628,1800,2,LTX-0004343,BKG-001245,-20,153
4344,1871,20250816,900,1,LTX-0004344,BKG-010906,36,189
4345,1871,20250816,1800,2,LTX-0004345,BKG-010906,-10,179
4346,1871,20251122,900,1,LTX-0004346,BKG-010105,41,220
4347,1871,20251122,1800,2,LTX-0004347,BKG-010105,-10,210
4348,1871,20251203,900,1,LTX-0004348,BKG-001146,41,251
4349,1871,20251203,1800,2,LTX-0004349,BKG-001146,-20,231
4350,4172,20250604,900,1,LTX-0004350,BKG-001494,46,46
4351,4172,20250706,900,1,LTX-0004351,BKG-002959,71,117
4352,4172,20251018,900,1,LTX-0004352,BKG-001148,66,183
4353,4568,20250304,900,1,LTX-0004353,BKG-001149,30,30
4354,4568,20250717,900,1,LTX-0004354,BKG-002712,32,62
4355,4568,20251122,900,1,LTX-0004355,BKG-003285,17,79
4356,1757,20250224,900,1,LTX-0004356,BKG-006224,22,22
4357,1757,20250601,900,1,LTX-0004357,BKG-001732,58,80
4358,1757,20251128,900,1,LTX-0004358,BKG-001359,19,99
4359,1757,20251207,900,1,LTX-0004359,BKG-001150,40,139
4360,475,20250307,900,1,LTX-0004360,BKG-001151,28,28
4361,475,20250319,900,1,LTX-0004361,BKG-005941,57,85
4362,3373,20250706,900,1,LTX-0004362,BKG-001152,97,97
4363,3373,20250824,900,1,LTX-0004363,BKG-003019,69,166
4364,3373,20251011,900,1,LTX-0004364,BKG-002612,42,208
4365,3197,20250124,900,1,LTX-0004365,BKG-006954,14,14
4366,3197,20250227,900,1,LTX-0004366,BKG-008719,81,95
4367,3197,20250510,900,1,LTX-0004367,BKG-001153,94,189
4368,3197,20250705,900,1,LTX-0004368,BKG-010498,19,208
4369,3197,20250924,900,1,LTX-0004369,BKG-009058,54,262
4370,3197,20251124,900,1,LTX-0004370,BKG-003816,10,272
4371,3197,20251124,1800,2,LTX-0004371,BKG-003816,-30,242
4372,3197,20251218,900,1,LTX-0004372,BKG-012145,47,289
4373,2554,20250320,900,1,LTX-0004373,BKG-001569,32,32
4374,2554,20250804,900,1,LTX-0004374,BKG-012318,55,87
4375,2554,20251111,900,1,LTX-0004375,BKG-001154,28,115
4376,2554,20251111,1800,2,LTX-0004376,BKG-001154,-30,85
4377,292,20250401,900,1,LTX-0004377,BKG-002602,58,58
4378,292,20250520,900,1,LTX-0004378,BKG-012118,62,120
4379,292,20251030,900,1,LTX-0004379,BKG-001155,49,169
4380,2107,20250329,900,1,LTX-0004380,BKG-003838,6,6
4381,2107,20250516,900,1,LTX-0004381,BKG-001156,16,22
4382,2107,20250627,900,1,LTX-0004382,BKG-011886,57,79
4383,2107,20250810,900,1,LTX-0004383,BKG-010795,42,121
4384,2107,20250830,900,1,LTX-0004384,BKG-004983,58,179
4385,2973,20250109,900,1,LTX-0004385,BKG-005242,11,11
4386,2974,20250905,900,1,LTX-0004386,BKG-008567,10,21
4387,2974,20251127,900,1,LTX-0004387,BKG-001157,48,69
4388,2974,20251127,1800,2,LTX-0004388,BKG-001157,-20,49
4389,4846,20250421,900,1,LTX-0004389,BKG-011428,76,76
4390,4846,20250424,900,1,LTX-0004390,BKG-008607,47,123
4391,4846,20250519,900,1,LTX-0004391,BKG-001158,23,146
4392,4846,20251013,900,1,LTX-0004392,BKG-006697,32,178
4393,4246,20250404,900,1,LTX-0004393,BKG-011495,20,20
4394,4246,20250826,900,1,LTX-0004394,BKG-004045,37,57
4395,4246,20251009,900,1,LTX-0004395,BKG-002000,14,71
4396,4246,20251010,900,1,LTX-0004396,BKG-001159,25,96
4397,3618,20250117,900,1,LTX-0004397,BKG-001160,20,20
4398,3619,20250722,900,1,LTX-0004398,BKG-012270,38,58
4399,3619,20250910,900,1,LTX-0004399,BKG-008586,41,99
4400,3619,20250919,900,1,LTX-0004400,BKG-002698,36,135
4401,3619,20250927,900,1,LTX-0004401,BKG-005234,70,205
4402,3913,20250202,900,1,LTX-0004402,BKG-001548,34,34
4403,3913,20250307,900,1,LTX-0004403,BKG-012016,33,67
4404,3913,20250422,900,1,LTX-0004404,BKG-001161,53,120
4405,3913,20250729,900,1,LTX-0004405,BKG-008306,34,154
4406,3913,20251112,900,1,LTX-0004406,BKG-003187,62,216
4407,1713,20250610,900,1,LTX-0004407,BKG-001162,91,91
4408,1713,20250709,900,1,LTX-0004408,BKG-010171,37,128
4409,2200,20241221,900,1,LTX-0004409,BKG-002115,36,36
4410,2200,20250622,900,1,LTX-0004410,BKG-007588,92,128
4411,2200,20250622,1800,2,LTX-0004411,BKG-007588,-10,118
4412,2200,20250825,900,1,LTX-0004412,BKG-001163,15,133
4413,2200,20251109,900,1,LTX-0004413,BKG-009917,67,200
4414,2068,20250515,900,1,LTX-0004414,BKG-001164,22,22
4415,2068,20250706,900,1,LTX-0004415,BKG-011889,74,96
4416,2068,20250823,900,1,LTX-0004416,BKG-007868,20,116
4417,2068,20251105,900,1,LTX-0004417,BKG-004457,18,134
4418,4351,20250401,900,1,LTX-0004418,BKG-012501,36,36
4419,4351,20250410,900,1,LTX-0004419,BKG-001165,36,72
4420,4351,20251128,900,1,LTX-0004420,BKG-004326,87,159
4421,1133,20250112,900,1,LTX-0004421,BKG-001166,42,42
4422,1133,20250604,900,1,LTX-0004422,BKG-001444,22,64
4423,1133,20251221,900,1,LTX-0004423,BKG-009567,67,131
4424,1705,20250430,900,1,LTX-0004424,BKG-001167,28,28
4425,1705,20250620,900,1,LTX-0004425,BKG-011600,67,95
4426,989,20250114,900,1,LTX-0004426,BKG-001169,52,52
4427,989,20250905,900,1,LTX-0004427,BKG-007737,88,140
4428,989,20251110,900,1,LTX-0004428,BKG-010969,39,179
4429,544,20250729,900,1,LTX-0004429,BKG-001170,11,11
4430,2256,20250505,900,1,LTX-0004430,BKG-001171,40,40
4431,2256,20250707,900,1,LTX-0004431,BKG-010023,22,62
4432,2256,20251215,900,1,LTX-0004432,BKG-002447,56,118
4433,2256,20251215,1800,2,LTX-0004433,BKG-002447,-30,88
4434,3427,20250405,900,1,LTX-0004434,BKG-001172,74,74
4435,2728,20241213,900,1,LTX-0004435,BKG-006487,54,54
4436,2729,20250527,900,1,LTX-0004436,BKG-001175,58,112
4437,2729,20250527,1800,2,LTX-0004437,BKG-001175,-30,82
4438,2729,20250929,900,1,LTX-0004438,BKG-011109,79,161
4439,2081,20250710,900,1,LTX-0004439,BKG-001176,8,8
4440,2081,20250831,900,1,LTX-0004440,BKG-003384,83,91
4441,2030,20250316,900,1,LTX-0004441,BKG-012441,44,44
4442,2031,20250623,900,1,LTX-0004442,BKG-011669,64,108
4443,2031,20250623,1800,2,LTX-0004443,BKG-011669,-30,78
4444,2031,20250702,900,1,LTX-0004444,BKG-001177,23,101
4445,2031,20250820,900,1,LTX-0004445,BKG-006120,74,175
4446,2031,20250909,900,1,LTX-0004446,BKG-012143,76,251
4447,2145,20250815,900,1,LTX-0004447,BKG-001178,62,62
4448,3678,20250526,900,1,LTX-0004448,BKG-008891,20,20
4449,3678,20250610,900,1,LTX-0004449,BKG-001179,68,88
4450,3366,20250624,900,1,LTX-0004450,BKG-001180,74,74
4451,3366,20250714,900,1,LTX-0004451,BKG-003785,48,122
4452,3,20250122,900,1,LTX-0004452,BKG-001181,38,38
4453,3,20250319,900,1,LTX-0004453,BKG-003866,60,98
4454,2903,20250211,900,1,LTX-0004454,BKG-001185,18,18
4455,2903,20251028,900,1,LTX-0004455,BKG-001777,53,71
4456,635,20250109,900,1,LTX-0004456,BKG-007989,24,24
4457,635,20250607,900,1,LTX-0004457,BKG-001186,86,110
4458,635,20250617,900,1,LTX-0004458,BKG-006586,37,147
4459,4166,20250118,900,1,LTX-0004459,BKG-001974,22,22
4460,4166,20250521,900,1,LTX-0004460,BKG-009444,79,101
4461,4166,20250605,900,1,LTX-0004461,BKG-006028,103,204
4462,4166,20250624,900,1,LTX-0004462,BKG-001188,44,248
4463,3124,20250521,900,1,LTX-0004463,BKG-001189,28,28
4464,2130,20250513,900,1,LTX-0004464,BKG-008284,55,55
4465,2130,20250605,900,1,LTX-0004465,BKG-008347,12,67
4466,2130,20250607,900,1,LTX-0004466,BKG-003065,43,110
4467,2130,20250628,900,1,LTX-0004467,BKG-009326,91,201
4468,2130,20250703,900,1,LTX-0004468,BKG-004937,54,255
4469,2130,20250809,900,1,LTX-0004469,BKG-006703,38,293
4470,2130,20251129,900,1,LTX-0004470,BKG-001192,44,337
4471,833,20250206,900,1,LTX-0004471,BKG-010143,44,44
4472,833,20250206,1800,2,LTX-0004472,BKG-010143,-30,14
4473,834,20250415,900,1,LTX-0004473,BKG-001194,25,39
4474,834,20250626,900,1,LTX-0004474,BKG-003103,46,85
4475,2780,20250131,900,1,LTX-0004475,BKG-001195,36,36
4476,2780,20250417,900,1,LTX-0004476,BKG-010701,35,71
4477,2780,20250503,900,1,LTX-0004477,BKG-007773,48,119
4478,2780,20250617,900,1,LTX-0004478,BKG-006770,65,184
4479,2780,20250617,1800,2,LTX-0004479,BKG-006770,-30,154
4480,2780,20251109,900,1,LTX-0004480,BKG-007932,20,174
4481,3633,20250517,900,1,LTX-0004481,BKG-006957,36,36
4482,3633,20250524,900,1,LTX-0004482,BKG-008332,41,77
4483,3633,20250524,900,1,LTX-0004483,BKG-008336,38,115
4484,3633,20250617,900,1,LTX-0004484,BKG-012200,8,123
4485,3633,20250627,900,1,LTX-0004485,BKG-009213,47,170
4486,3633,20250704,900,1,LTX-0004486,BKG-008317,22,192
4487,3633,20250704,1800,2,LTX-0004487,BKG-008317,-20,172
4488,3634,20251124,900,1,LTX-0004488,BKG-001196,65,237
4489,3634,20251124,1800,2,LTX-0004489,BKG-001196,-20,217
4490,3229,20250218,900,1,LTX-0004490,BKG-002921,11,11
4491,3229,20250418,900,1,LTX-0004491,BKG-006382,41,52
4492,3229,20250513,900,1,LTX-0004492,BKG-010042,45,97
4493,3230,20250602,900,1,LTX-0004493,BKG-006782,22,119
4494,3230,20250605,900,1,LTX-0004494,BKG-001199,61,180
4495,3230,20250605,1800,2,LTX-0004495,BKG-001199,-10,170
4496,3230,20250707,900,1,LTX-0004496,BKG-002813,36,206
4497,3230,20251009,900,1,LTX-0004497,BKG-001485,32,238
4498,2680,20250401,900,1,LTX-0004498,BKG-001200,36,36
4499,2680,20250401,1800,2,LTX-0004499,BKG-001200,-20,16
4500,2680,20250513,900,1,LTX-0004500,BKG-002110,6,22
4501,2680,20250607,900,1,LTX-0004501,BKG-007664,61,83
4502,2680,20250704,900,1,LTX-0004502,BKG-009517,56,139
4503,2680,20251123,900,1,LTX-0004503,BKG-010629,38,177
4504,2680,20251213,900,1,LTX-0004504,BKG-005328,44,221
4505,2680,20251220,900,1,LTX-0004505,BKG-001806,73,294
4506,3531,20250224,900,1,LTX-0004506,BKG-006570,34,34
4507,3531,20250927,900,1,LTX-0004507,BKG-011027,78,112
4508,3531,20251006,900,1,LTX-0004508,BKG-002878,70,182
4509,3531,20251018,900,1,LTX-0004509,BKG-011420,76,258
4510,3531,20251031,900,1,LTX-0004510,BKG-001201,27,285
4511,2701,20241222,900,1,LTX-0004511,BKG-009767,50,50
4512,2701,20250521,900,1,LTX-0004512,BKG-007110,32,82
4513,2701,20250617,900,1,LTX-0004513,BKG-006033,26,108
4514,2701,20251124,900,1,LTX-0004514,BKG-001202,37,145
4515,2701,20251204,900,1,LTX-0004515,BKG-011902,40,185
4516,2393,20250501,900,1,LTX-0004516,BKG-004772,80,80
4517,2393,20250501,1800,2,LTX-0004517,BKG-004772,-20,60
4518,2393,20250604,900,1,LTX-0004518,BKG-001205,75,135
4519,2393,20250731,900,1,LTX-0004519,BKG-010658,52,187
4520,3570,20241226,900,1,LTX-0004520,BKG-010261,20,20
4521,3570,20250213,900,1,LTX-0004521,BKG-001925,21,41
4522,3570,20250216,900,1,LTX-0004522,BKG-009037,48,89
4523,3570,20250717,900,1,LTX-0004523,BKG-001206,49,138
4524,3593,20250601,900,1,LTX-0004524,BKG-003104,33,33
4525,3593,20250823,900,1,LTX-0004525,BKG-001207,37,70
4526,3593,20251124,900,1,LTX-0004526,BKG-004385,28,98
4527,3389,20250612,900,1,LTX-0004527,BKG-002822,11,11
4528,3389,20250704,900,1,LTX-0004528,BKG-011793,9,20
4529,3389,20250711,900,1,LTX-0004529,BKG-001209,41,61
4530,3390,20251113,900,1,LTX-0004530,BKG-002050,83,144
4531,3130,20250217,900,1,LTX-0004531,BKG-009741,22,22
4532,3130,20250812,900,1,LTX-0004532,BKG-001885,37,59
4533,3130,20250828,900,1,LTX-0004533,BKG-001210,48,107
4534,4754,20250322,900,1,LTX-0004534,BKG-010442,56,56
4535,4754,20250522,900,1,LTX-0004535,BKG-004939,22,78
4536,4754,20250522,1800,2,LTX-0004536,BKG-004939,-30,48
4537,4754,20250906,900,1,LTX-0004537,BKG-008846,50,98
4538,4754,20251008,900,1,LTX-0004538,BKG-001212,30,128
4539,4128,20250527,900,1,LTX-0004539,BKG-005145,29,29
4540,4129,20251012,900,1,LTX-0004540,BKG-002074,27,56
4541,4129,20251208,900,1,LTX-0004541,BKG-001213,37,93
4542,3155,20250629,900,1,LTX-0004542,BKG-001214,68,68
4543,3155,20250802,900,1,LTX-0004543,BKG-005720,47,115
4544,3156,20250822,900,1,LTX-0004544,BKG-007916,36,151
4545,3156,20250822,1800,2,LTX-0004545,BKG-007916,-10,141
4546,3156,20251206,900,1,LTX-0004546,BKG-004493,78,219
4547,4653,20250129,900,1,LTX-0004547,BKG-009295,34,34
4548,4653,20250131,900,1,LTX-0004548,BKG-001215,38,72
4549,4653,20250131,1800,2,LTX-0004549,BKG-001215,-30,42
4550,4653,20250203,900,1,LTX-0004550,BKG-010391,25,67
4551,4653,20250401,900,1,LTX-0004551,BKG-008557,30,97
4552,4653,20250401,1800,2,LTX-0004552,BKG-008557,-10,87
4553,4413,20250417,900,1,LTX-0004553,BKG-009054,58,58
4554,4413,20250703,900,1,LTX-0004554,BKG-005038,38,96
4555,4413,20251128,900,1,LTX-0004555,BKG-010598,44,140
4556,4413,20251211,900,1,LTX-0004556,BKG-001216,79,219
4557,1766,20250210,900,1,LTX-0004557,BKG-003679,6,6
4558,1766,20250324,900,1,LTX-0004558,BKG-009619,78,84
4559,1766,20250604,900,1,LTX-0004559,BKG-005733,93,177
4560,1766,20250829,900,1,LTX-0004560,BKG-001217,27,204
4561,1766,20251124,900,1,LTX-0004561,BKG-003676,75,279
4562,614,20250610,900,1,LTX-0004562,BKG-002549,38,38
4563,614,20250706,900,1,LTX-0004563,BKG-001218,63,101
4564,1318,20250310,900,1,LTX-0004564,BKG-004762,26,26
4565,1318,20250325,900,1,LTX-0004565,BKG-005793,55,81
4566,1318,20250414,900,1,LTX-0004566,BKG-005398,40,121
4567,1318,20250608,900,1,LTX-0004567,BKG-001219,41,162
4568,3569,20250523,900,1,LTX-0004568,BKG-001220,58,58
4569,3569,20250601,900,1,LTX-0004569,BKG-005481,54,112
4570,3569,20251003,900,1,LTX-0004570,BKG-003578,54,166
4571,3569,20251013,900,1,LTX-0004571,BKG-004668,27,193
4572,1140,20250606,900,1,LTX-0004572,BKG-007745,84,84
4573,1140,20250606,1800,2,LTX-0004573,BKG-007745,-20,64
4574,1140,20250610,900,1,LTX-0004574,BKG-010086,26,90
4575,1141,20250810,900,1,LTX-0004575,BKG-004016,73,163
4576,1141,20250816,900,1,LTX-0004576,BKG-001221,71,234
4577,1141,20250822,900,1,LTX-0004577,BKG-002051,70,304
4578,1141,20251031,900,1,LTX-0004578,BKG-012208,16,320
4579,1141,20251104,900,1,LTX-0004579,BKG-006775,33,353
4580,1141,20251125,900,1,LTX-0004580,BKG-005014,43,396
4581,4741,20241218,900,1,LTX-0004581,BKG-003923,41,41
4582,4741,20241218,1800,2,LTX-0004582,BKG-003923,-10,31
4583,4741,20250319,900,1,LTX-0004583,BKG-007618,59,90
4584,4741,20250628,900,1,LTX-0004584,BKG-001222,72,162
4585,3517,20251122,900,1,LTX-0004585,BKG-001223,16,16
4586,1791,20250103,900,1,LTX-0004586,BKG-010919,32,32
4587,1791,20250523,900,1,LTX-0004587,BKG-007984,35,67
4588,1791,20250704,900,1,LTX-0004588,BKG-001227,55,122
4589,1791,20250908,900,1,LTX-0004589,BKG-004770,6,128
4590,3469,20250613,900,1,LTX-0004590,BKG-007298,22,22
4591,3469,20250625,900,1,LTX-0004591,BKG-003376,32,54
4592,3470,20250831,900,1,LTX-0004592,BKG-001228,28,82
4593,861,20250121,900,1,LTX-0004593,BKG-001229,32,32
4594,861,20250616,900,1,LTX-0004594,BKG-002307,34,66
4595,3437,20250412,900,1,LTX-0004595,BKG-001230,38,38
4596,3437,20250415,900,1,LTX-0004596,BKG-008240,46,84
4597,3437,20251102,900,1,LTX-0004597,BKG-001309,60,144
4598,1594,20241213,900,1,LTX-0004598,BKG-001231,24,24
4599,1594,20251120,900,1,LTX-0004599,BKG-011837,31,55
4600,945,20250712,900,1,LTX-0004600,BKG-004431,72,72
4601,945,20250712,1800,2,LTX-0004601,BKG-004431,-20,52
4602,945,20250721,900,1,LTX-0004602,BKG-005041,53,105
4603,945,20251204,900,1,LTX-0004603,BKG-001232,38,143
4604,1764,20250312,900,1,LTX-0004604,BKG-005144,53,53
4605,1764,20251130,900,1,LTX-0004605,BKG-001233,30,83
4606,1764,20251212,900,1,LTX-0004606,BKG-003308,43,126
4607,3718,20250222,900,1,LTX-0004607,BKG-009539,31,31
4608,3718,20250620,900,1,LTX-0004608,BKG-010065,62,93
4609,3718,20250622,900,1,LTX-0004609,BKG-001234,33,126
4610,3718,20251210,900,1,LTX-0004610,BKG-003015,41,167
4611,629,20250104,900,1,LTX-0004611,BKG-001235,24,24
4612,629,20250209,900,1,LTX-0004612,BKG-012212,47,71
4613,629,20250225,900,1,LTX-0004613,BKG-004188,13,84
4614,629,20250803,900,1,LTX-0004614,BKG-006450,52,136
4615,629,20251124,900,1,LTX-0004615,BKG-012453,22,158
4616,2612,20250206,900,1,LTX-0004616,BKG-001236,56,56
4617,2612,20250717,900,1,LTX-0004617,BKG-007229,72,128
4618,2612,20250717,1800,2,LTX-0004618,BKG-007229,-20,108
4619,2612,20251111,900,1,LTX-0004619,BKG-005462,19,127
4620,2612,20251207,900,1,LTX-0004620,BKG-008268,54,181
4621,188,20250216,900,1,LTX-0004621,BKG-001237,15,15
4622,188,20250611,900,1,LTX-0004622,BKG-004231,76,91
4623,188,20250706,900,1,LTX-0004623,BKG-004501,26,117
4624,188,20251129,900,1,LTX-0004624,BKG-004007,37,154
4625,3027,20250603,900,1,LTX-0004625,BKG-001238,33,33
4626,3027,20250710,900,1,LTX-0004626,BKG-001529,67,100
4627,3027,20250815,900,1,LTX-0004627,BKG-009807,72,172
4628,3027,20251009,900,1,LTX-0004628,BKG-010859,11,183
4629,4194,20241213,900,1,LTX-0004629,BKG-011475,45,45
4630,4194,20250219,900,1,LTX-0004630,BKG-007015,77,122
4631,4195,20250602,900,1,LTX-0004631,BKG-003446,69,191
4632,4195,20250610,900,1,LTX-0004632,BKG-001240,28,219
4633,3095,20250210,900,1,LTX-0004633,BKG-004932,69,69
4634,3095,20250620,900,1,LTX-0004634,BKG-001241,58,127
4635,3095,20250701,900,1,LTX-0004635,BKG-003002,32,159
4636,3095,20250805,900,1,LTX-0004636,BKG-007214,23,182
4637,3095,20250905,900,1,LTX-0004637,BKG-011554,37,219
4638,3096,20251112,900,1,LTX-0004638,BKG-002112,39,258
4639,3096,20251112,1800,2,LTX-0004639,BKG-002112,-30,228
4640,689,20250407,900,1,LTX-0004640,BKG-002125,20,20
4641,689,20250615,900,1,LTX-0004641,BKG-001242,41,61
4642,689,20250615,1800,2,LTX-0004642,BKG-001242,-20,41
4643,689,20250622,900,1,LTX-0004643,BKG-006695,76,117
4644,689,20251025,900,1,LTX-0004644,BKG-006947,24,141
4645,3301,20250124,900,1,LTX-0004645,BKG-001243,22,22
4646,3301,20250612,900,1,LTX-0004646,BKG-009500,30,52
4647,3301,20250612,1800,2,LTX-0004647,BKG-009500,-30,22
4648,3301,20251110,900,1,LTX-0004648,BKG-011791,52,74
4649,106,20250213,900,1,LTX-0004649,BKG-011633,49,49
4650,106,20250604,900,1,LTX-0004650,BKG-012063,38,87
4651,106,20251206,900,1,LTX-0004651,BKG-001244,7,94
4652,106,20251219,900,1,LTX-0004652,BKG-008131,47,141
4653,3017,20250531,900,1,LTX-0004653,BKG-001246,34,34
4654,3017,20250706,900,1,LTX-0004654,BKG-004205,44,78
4655,3018,20251201,900,1,LTX-0004655,BKG-004948,59,137
4656,2926,20241231,900,1,LTX-0004656,BKG-010835,35,35
4657,2926,20250720,900,1,LTX-0004657,BKG-009451,7,42
4658,2926,20251210,900,1,LTX-0004658,BKG-001247,36,78
4659,1405,20250310,900,1,LTX-0004659,BKG-004073,18,18
4660,1405,20250502,900,1,LTX-0004660,BKG-001248,66,84
4661,2907,20241222,900,1,LTX-0004661,BKG-002335,24,24
4662,2907,20250514,900,1,LTX-0004662,BKG-007661,33,57
4663,2907,20251211,900,1,LTX-0004663,BKG-001249,92,149
4664,2673,20250412,900,1,LTX-0004664,BKG-003589,24,24
4665,2673,20250609,900,1,LTX-0004665,BKG-001250,70,94
4666,1539,20250105,900,1,LTX-0004666,BKG-012122,14,14
4667,1539,20250517,900,1,LTX-0004667,BKG-001251,44,58
4668,1539,20250521,900,1,LTX-0004668,BKG-007906,52,110
4669,1539,20251113,900,1,LTX-0004669,BKG-009442,44,154
4670,661,20250615,900,1,LTX-0004670,BKG-001252,83,83
4671,2636,20250427,900,1,LTX-0004671,BKG-004322,10,10
4672,2636,20250607,900,1,LTX-0004672,BKG-002726,84,94
4673,2636,20250704,900,1,LTX-0004673,BKG-001254,50,144
4674,31,20251108,900,1,LTX-0004674,BKG-001255,67,67
4675,31,20251202,900,1,LTX-0004675,BKG-007232,59,126
4676,4627,20250515,900,1,LTX-0004676,BKG-011856,19,19
4677,4627,20250609,900,1,LTX-0004677,BKG-001256,12,31
4678,4627,20250704,900,1,LTX-0004678,BKG-003197,36,67
4679,4627,20251219,900,1,LTX-0004679,BKG-006413,19,86
4680,4627,20251219,1800,2,LTX-0004680,BKG-006413,-10,76
4681,4826,20250408,900,1,LTX-0004681,BKG-001258,68,68
4682,4826,20250521,900,1,LTX-0004682,BKG-003521,74,142
4683,4826,20250522,900,1,LTX-0004683,BKG-001784,90,232
4684,2723,20250426,900,1,LTX-0004684,BKG-012067,58,58
4685,2723,20250530,900,1,LTX-0004685,BKG-012245,62,120
4686,2723,20250530,1800,2,LTX-0004686,BKG-012245,-20,100
4687,2723,20250606,900,1,LTX-0004687,BKG-001259,40,140
4688,2723,20251128,900,1,LTX-0004688,BKG-004747,67,207
4689,109,20250309,900,1,LTX-0004689,BKG-001261,60,60
4690,109,20250413,900,1,LTX-0004690,BKG-007930,31,91
4691,109,20250413,1800,2,LTX-0004691,BKG-007930,-30,61
4692,109,20250618,900,1,LTX-0004692,BKG-005906,63,124
4693,109,20251119,900,1,LTX-0004693,BKG-008147,51,175
4694,109,20251221,900,1,LTX-0004694,BKG-007571,9,184
4695,3664,20250519,900,1,LTX-0004695,BKG-009587,28,28
4696,3664,20250529,900,1,LTX-0004696,BKG-007654,30,58
4697,3664,20250614,900,1,LTX-0004697,BKG-001263,78,136
4698,3664,20250614,1800,2,LTX-0004698,BKG-001263,-20,116
4699,4885,20250208,900,1,LTX-0004699,BKG-005200,28,28
4700,4885,20250622,900,1,LTX-0004700,BKG-009118,64,92
4701,4885,20251218,900,1,LTX-0004701,BKG-001264,71,163
4702,4885,20251220,900,1,LTX-0004702,BKG-004355,49,212
4703,2820,20250817,900,1,LTX-0004703,BKG-006629,19,19
4704,2820,20251119,900,1,LTX-0004704,BKG-001265,56,75
4705,2820,20251210,900,1,LTX-0004705,BKG-011079,78,153
4706,195,20250105,900,1,LTX-0004706,BKG-001948,59,59
4707,195,20251008,900,1,LTX-0004707,BKG-004972,41,100
4708,195,20251011,900,1,LTX-0004708,BKG-002681,36,136
4709,195,20251011,1800,2,LTX-0004709,BKG-002681,-20,116
4710,195,20251112,900,1,LTX-0004710,BKG-001266,33,149
4711,195,20251129,900,1,LTX-0004711,BKG-003524,9,158
4712,2941,20250531,900,1,LTX-0004712,BKG-009475,36,36
4713,2941,20250704,900,1,LTX-0004713,BKG-001267,41,77
4714,2941,20250912,900,1,LTX-0004714,BKG-009186,38,115
4715,2941,20251115,900,1,LTX-0004715,BKG-002798,30,145
4716,4718,20250528,900,1,LTX-0004716,BKG-010914,28,28
4717,4718,20250529,900,1,LTX-0004717,BKG-005846,48,76
4718,4718,20250605,900,1,LTX-0004718,BKG-004348,92,168
4719,4718,20250626,900,1,LTX-0004719,BKG-012347,24,192
4720,4718,20250927,900,1,LTX-0004720,BKG-007337,52,244
4721,4718,20250927,1800,2,LTX-0004721,BKG-007337,-10,234
4722,4718,20251019,900,1,LTX-0004722,BKG-001268,30,264
4723,29,20250206,900,1,LTX-0004723,BKG-001271,26,26
4724,29,20250524,900,1,LTX-0004724,BKG-010268,27,53
4725,29,20250524,1800,2,LTX-0004725,BKG-010268,-10,43
4726,29,20250903,900,1,LTX-0004726,BKG-011400,53,96
4727,4719,20250723,900,1,LTX-0004727,BKG-002951,10,10
4728,4719,20251122,900,1,LTX-0004728,BKG-001272,33,43
4729,4719,20251125,900,1,LTX-0004729,BKG-008169,67,110
4730,4933,20250216,900,1,LTX-0004730,BKG-001273,47,47
4731,4933,20250312,900,1,LTX-0004731,BKG-002737,37,84
4732,4933,20250618,900,1,LTX-0004732,BKG-002041,73,157
4733,4933,20250727,900,1,LTX-0004733,BKG-009506,35,192
4734,4933,20250813,900,1,LTX-0004734,BKG-006412,61,253
4735,4933,20250813,1800,2,LTX-0004735,BKG-006412,-20,233
4736,4933,20250831,900,1,LTX-0004736,BKG-008628,64,297
4737,2347,20250325,900,1,LTX-0004737,BKG-001274,10,10
4738,2347,20250611,900,1,LTX-0004738,BKG-011557,65,75
4739,872,20250610,900,1,LTX-0004739,BKG-001275,11,11
4740,872,20251006,900,1,LTX-0004740,BKG-009891,9,20
4741,872,20251120,900,1,LTX-0004741,BKG-006454,55,75
4742,872,20251124,900,1,LTX-0004742,BKG-011621,35,110
4743,872,20251209,900,1,LTX-0004743,BKG-002974,59,169
4744,42,20250128,900,1,LTX-0004744,BKG-008394,71,71
4745,42,20250128,1800,2,LTX-0004745,BKG-008394,-10,61
4746,42,20250208,900,1,LTX-0004746,BKG-008640,54,115
4747,42,20250506,900,1,LTX-0004747,BKG-001277,31,146
4748,42,20250506,1800,2,LTX-0004748,BKG-001277,-30,116
4749,3463,20250624,900,1,LTX-0004749,BKG-012509,29,29
4750,3463,20250627,900,1,LTX-0004750,BKG-001278,59,88
4751,3463,20250706,900,1,LTX-0004751,BKG-010095,58,146
4752,3463,20251127,900,1,LTX-0004752,BKG-011390,45,191
4753,3222,20250220,900,1,LTX-0004753,BKG-001280,38,38
4754,3222,20250527,900,1,LTX-0004754,BKG-003901,46,84
4755,3222,20250527,1800,2,LTX-0004755,BKG-003901,-20,64
4756,3222,20251123,900,1,LTX-0004756,BKG-007357,18,82
4757,3549,20250225,900,1,LTX-0004757,BKG-011406,52,52
4758,3549,20250428,900,1,LTX-0004758,BKG-001700,40,92
4759,3549,20250505,900,1,LTX-0004759,BKG-004602,88,180
4760,3549,20250505,1800,2,LTX-0004760,BKG-004602,-10,170
4761,3549,20250509,900,1,LTX-0004761,BKG-002791,43,213
4762,3549,20250626,900,1,LTX-0004762,BKG-005091,39,252
4763,3549,20251027,900,1,LTX-0004763,BKG-011657,10,262
4764,3549,20251120,900,1,LTX-0004764,BKG-001281,58,320
4765,386,20250622,900,1,LTX-0004765,BKG-011218,53,53
4766,386,20250622,1800,2,LTX-0004766,BKG-011218,-10,43
4767,387,20250821,900,1,LTX-0004767,BKG-012176,36,79
4768,387,20251203,900,1,LTX-0004768,BKG-001282,68,147
4769,2416,20250222,900,1,LTX-0004769,BKG-005157,23,23
4770,2416,20250318,900,1,LTX-0004770,BKG-006363,37,60
4771,2416,20250412,900,1,LTX-0004771,BKG-001283,36,96
4772,2416,20250729,900,1,LTX-0004772,BKG-005105,26,122
4773,2416,20251114,900,1,LTX-0004773,BKG-004604,41,163
4774,2416,20251207,900,1,LTX-0004774,BKG-001753,26,189
4775,1610,20250306,900,1,LTX-0004775,BKG-001285,47,47
4776,1610,20250324,900,1,LTX-0004776,BKG-011588,45,92
4777,1610,20250324,1800,2,LTX-0004777,BKG-011588,-20,72
4778,1610,20250417,900,1,LTX-0004778,BKG-008872,27,99
4779,1610,20250802,900,1,LTX-0004779,BKG-011504,37,136
4780,3556,20250405,900,1,LTX-0004780,BKG-005440,24,24
4781,3556,20250526,900,1,LTX-0004781,BKG-012391,54,78
4782,3556,20250621,900,1,LTX-0004782,BKG-001286,39,117
4783,3556,20250621,1800,2,LTX-0004783,BKG-001286,-10,107
4784,3556,20251004,900,1,LTX-0004784,BKG-004913,28,135
4785,3556,20251124,900,1,LTX-0004785,BKG-010854,18,153
4786,1816,20241227,900,1,LTX-0004786,BKG-006272,42,42
4787,1816,20250113,900,1,LTX-0004787,BKG-002203,56,98
4788,1816,20250113,1800,2,LTX-0004788,BKG-002203,-30,68
4789,1817,20250607,900,1,LTX-0004789,BKG-012325,72,140
4790,1817,20250607,1800,2,LTX-0004790,BKG-012325,-30,110
4791,1817,20251007,900,1,LTX-0004791,BKG-001287,44,154
4792,1817,20251204,900,1,LTX-0004792,BKG-007073,63,217
4793,1817,20251215,900,1,LTX-0004793,BKG-011467,51,268
4794,3955,20251206,900,1,LTX-0004794,BKG-001288,54,54
4795,1071,20250124,900,1,LTX-0004795,BKG-005628,16,16
4796,1071,20250703,900,1,LTX-0004796,BKG-006415,50,66
4797,1071,20250821,900,1,LTX-0004797,BKG-007096,50,116
4798,1071,20251127,900,1,LTX-0004798,BKG-001289,90,206
4799,1896,20250604,900,1,LTX-0004799,BKG-010297,85,85
4800,1896,20250620,900,1,LTX-0004800,BKG-009250,84,169
4801,1896,20251104,900,1,LTX-0004801,BKG-007659,53,222
4802,1896,20251104,1800,2,LTX-0004802,BKG-007659,-30,192
4803,1896,20251124,900,1,LTX-0004803,BKG-010287,24,216
4804,1896,20251204,900,1,LTX-0004804,BKG-001290,38,254
4805,3157,20250603,900,1,LTX-0004805,BKG-006467,59,59
4806,3157,20250617,900,1,LTX-0004806,BKG-002371,41,100
4807,3157,20250628,900,1,LTX-0004807,BKG-001293,22,122
4808,3157,20250628,1800,2,LTX-0004808,BKG-001293,-10,112
4809,3157,20250729,900,1,LTX-0004809,BKG-008449,81,193
4810,4151,20250115,900,1,LTX-0004810,BKG-009501,28,28
4811,4151,20250121,900,1,LTX-0004811,BKG-001294,54,82
4812,4152,20250317,900,1,LTX-0004812,BKG-009752,38,120
4813,4152,20250615,900,1,LTX-0004813,BKG-012471,75,195
4814,4152,20250818,900,1,LTX-0004814,BKG-003837,20,215
4815,4152,20250921,900,1,LTX-0004815,BKG-007266,36,251
4816,77,20250109,900,1,LTX-0004816,BKG-004349,42,42
4817,77,20250620,900,1,LTX-0004817,BKG-006542,44,86
4818,77,20250721,900,1,LTX-0004818,BKG-004982,64,150
4819,77,20250907,900,1,LTX-0004819,BKG-005852,53,203
4820,77,20251019,900,1,LTX-0004820,BKG-001296,69,272
4821,77,20251109,900,1,LTX-0004821,BKG-006684,12,284
4822,1963,20250115,900,1,LTX-0004822,BKG-009817,62,62
4823,1963,20250603,900,1,LTX-0004823,BKG-001297,35,97
4824,1963,20250716,900,1,LTX-0004824,BKG-006250,68,165
4825,3673,20241224,900,1,LTX-0004825,BKG-011316,15,15
4826,3673,20250604,900,1,LTX-0004826,BKG-005643,35,50
4827,3673,20250806,900,1,LTX-0004827,BKG-001738,62,112
4828,3673,20250927,900,1,LTX-0004828,BKG-001300,26,138
4829,1163,20250502,900,1,LTX-0004829,BKG-003904,30,30
4830,1163,20251002,900,1,LTX-0004830,BKG-001301,46,76
4831,1163,20251129,900,1,LTX-0004831,BKG-002556,8,84
4832,4637,20250529,900,1,LTX-0004832,BKG-001540,83,83
4833,4637,20250614,900,1,LTX-0004833,BKG-012089,52,135
4834,4637,20250618,900,1,LTX-0004834,BKG-003415,47,182
4835,4638,20251029,900,1,LTX-0004835,BKG-001302,25,207
4836,753,20250616,900,1,LTX-0004836,BKG-008101,51,51
4837,753,20250625,900,1,LTX-0004837,BKG-010390,68,119
4838,753,20250702,900,1,LTX-0004838,BKG-001303,45,164
4839,753,20250702,1800,2,LTX-0004839,BKG-001303,-30,134
4840,753,20250704,900,1,LTX-0004840,BKG-008351,84,218
4841,753,20250829,900,1,LTX-0004841,BKG-008563,53,271
4842,753,20250829,1800,2,LTX-0004842,BKG-008563,-30,241
4843,753,20251112,900,1,LTX-0004843,BKG-006627,105,346
4844,753,20251201,900,1,LTX-0004844,BKG-007601,60,406
4845,997,20250109,900,1,LTX-0004845,BKG-006186,70,70
4846,997,20250116,900,1,LTX-0004846,BKG-001304,68,138
4847,2341,20250612,900,1,LTX-0004847,BKG-009814,65,65
4848,2341,20250623,900,1,LTX-0004848,BKG-001434,62,127
4849,2341,20250815,900,1,LTX-0004849,BKG-001306,23,150
4850,2341,20250919,900,1,LTX-0004850,BKG-003011,28,178
4851,3193,20250110,900,1,LTX-0004851,BKG-010004,31,31
4852,3194,20250602,900,1,LTX-0004852,BKG-010190,50,81
4853,3194,20250616,900,1,LTX-0004853,BKG-006561,55,136
4854,3194,20251126,900,1,LTX-0004854,BKG-002690,45,181
4855,3194,20251126,900,1,LTX-0004855,BKG-007810,10,191
4856,3194,20251212,900,1,LTX-0004856,BKG-001307,38,229
4857,3194,20251212,1800,2,LTX-0004857,BKG-001307,-20,209
4858,2453,20250319,900,1,LTX-0004858,BKG-001308,74,74
4859,2454,20251201,900,1,LTX-0004859,BKG-009486,27,101
4860,2454,20251201,900,1,LTX-0004860,BKG-012211,24,125
4861,4369,20250627,900,1,LTX-0004861,BKG-001310,46,46
4862,4369,20251206,900,1,LTX-0004862,BKG-003561,50,96
4863,1282,20250114,900,1,LTX-0004863,BKG-001311,42,42
4864,1282,20250408,900,1,LTX-0004864,BKG-005509,38,80
4865,1282,20250618,900,1,LTX-0004865,BKG-009953,43,123
4866,1282,20250701,900,1,LTX-0004866,BKG-009342,21,144
4867,3700,20250221,900,1,LTX-0004867,BKG-006206,42,42
4868,3700,20250303,900,1,LTX-0004868,BKG-012192,40,82
4869,3700,20250527,900,1,LTX-0004869,BKG-011702,59,141
4870,3700,20250527,1800,2,LTX-0004870,BKG-011702,-10,131
4871,3700,20250603,900,1,LTX-0004871,BKG-001313,13,144
4872,3700,20250717,900,1,LTX-0004872,BKG-005399,84,228
4873,3700,20250717,1800,2,LTX-0004873,BKG-005399,-30,198
4874,3700,20250727,900,1,LTX-0004874,BKG-011914,38,236
4875,3700,20251029,900,1,LTX-0004875,BKG-011647,16,252
4876,3700,20251105,900,1,LTX-0004876,BKG-009311,57,309
4877,3154,20241224,900,1,LTX-0004877,BKG-003751,21,21
4878,3154,20250320,900,1,LTX-0004878,BKG-005981,31,52
4879,3154,20251102,900,1,LTX-0004879,BKG-002563,33,85
4880,3154,20251113,900,1,LTX-0004880,BKG-001314,53,138
4881,3704,20250303,900,1,LTX-0004881,BKG-009572,20,20
4882,3704,20251109,900,1,LTX-0004882,BKG-001315,45,65
4883,1348,20250407,900,1,LTX-0004883,BKG-001316,43,43
4884,1621,20250613,900,1,LTX-0004884,BKG-001318,76,76
4885,1621,20250615,900,1,LTX-0004885,BKG-007057,11,87
4886,1239,20250521,900,1,LTX-0004886,BKG-012071,12,12
4887,1239,20250616,900,1,LTX-0004887,BKG-006021,50,62
4888,1239,20250616,1800,2,LTX-0004888,BKG-006021,-20,42
4889,1239,20250705,900,1,LTX-0004889,BKG-008863,44,86
4890,1239,20250907,900,1,LTX-0004890,BKG-001319,45,131
4891,2655,20241224,900,1,LTX-0004891,BKG-010233,62,62
4892,2655,20250427,900,1,LTX-0004892,BKG-001442,36,98
4893,2655,20250511,900,1,LTX-0004893,BKG-001320,26,124
4894,2655,20250621,900,1,LTX-0004894,BKG-003236,29,153
4895,2655,20250626,900,1,LTX-0004895,BKG-007305,26,179
4896,1571,20250208,900,1,LTX-0004896,BKG-008069,11,11
4897,1571,20250501,900,1,LTX-0004897,BKG-002366,45,56
4898,1571,20250522,900,1,LTX-0004898,BKG-010461,30,86
4899,1571,20250623,900,1,LTX-0004899,BKG-001321,60,146
4900,433,20250907,900,1,LTX-0004900,BKG-004148,24,24
4901,433,20250929,900,1,LTX-0004901,BKG-001322,36,60
4902,433,20250929,1800,2,LTX-0004902,BKG-001322,-30,30
4903,4788,20250501,900,1,LTX-0004903,BKG-001323,47,47
4904,4788,20250510,900,1,LTX-0004904,BKG-007092,88,135
4905,4788,20250510,1800,2,LTX-0004905,BKG-007092,-30,105
4906,4788,20250525,900,1,LTX-0004906,BKG-002181,15,120
4907,4788,20250525,1800,2,LTX-0004907,BKG-002181,-20,100
4908,4788,20250531,900,1,LTX-0004908,BKG-006757,68,168
4909,2631,20250514,900,1,LTX-0004909,BKG-010970,61,61
4910,2631,20250726,900,1,LTX-0004910,BKG-008191,32,93
4911,2631,20250726,1800,2,LTX-0004911,BKG-008191,-30,63
4912,2631,20251106,900,1,LTX-0004912,BKG-001324,18,81
4913,3127,20250112,900,1,LTX-0004913,BKG-002200,62,62
4914,3127,20250330,900,1,LTX-0004914,BKG-001327,16,78
4915,3127,20251122,900,1,LTX-0004915,BKG-002195,48,126
4916,3127,20251128,900,1,LTX-0004916,BKG-004684,75,201
4917,3127,20251207,900,1,LTX-0004917,BKG-004028,32,233
4918,3127,20251207,1800,2,LTX-0004918,BKG-004028,-30,203
4919,38,20251205,900,1,LTX-0004919,BKG-001329,19,19
4920,2914,20250519,900,1,LTX-0004920,BKG-003232,66,66
4921,2914,20250523,900,1,LTX-0004921,BKG-007537,67,133
4922,2914,20250819,900,1,LTX-0004922,BKG-007364,45,178
4923,2914,20251126,900,1,LTX-0004923,BKG-001330,88,266
4924,3116,20241225,900,1,LTX-0004924,BKG-001331,65,65
4925,3116,20250605,900,1,LTX-0004925,BKG-006612,32,97
4926,3116,20250625,900,1,LTX-0004926,BKG-005036,56,153
4927,1635,20250122,900,1,LTX-0004927,BKG-006024,53,53
4928,1635,20250526,900,1,LTX-0004928,BKG-001332,67,120
4929,1635,20251219,900,1,LTX-0004929,BKG-009760,59,179
4930,436,20250207,900,1,LTX-0004930,BKG-001333,50,50
4931,436,20250207,1800,2,LTX-0004931,BKG-001333,-20,30
4932,436,20250304,900,1,LTX-0004932,BKG-005595,20,50
4933,436,20250304,1800,2,LTX-0004933,BKG-005595,-30,20
4934,437,20251130,900,1,LTX-0004934,BKG-010505,39,59
4935,4685,20241227,900,1,LTX-0004935,BKG-001336,26,26
4936,4685,20250120,900,1,LTX-0004936,BKG-011612,32,58
4937,4685,20250120,1800,2,LTX-0004937,BKG-011612,-20,38
4938,4685,20250518,900,1,LTX-0004938,BKG-010256,61,99
4939,4685,20250627,900,1,LTX-0004939,BKG-008652,79,178
4940,4685,20250706,900,1,LTX-0004940,BKG-004288,56,234
4941,4685,20251125,900,1,LTX-0004941,BKG-006955,32,266
4942,615,20241212,900,1,LTX-0004942,BKG-001337,46,46
4943,615,20250617,900,1,LTX-0004943,BKG-001472,30,76
4944,3624,20250330,900,1,LTX-0004944,BKG-001338,44,44
4945,3624,20250524,900,1,LTX-0004945,BKG-007802,15,59
4946,3624,20250924,900,1,LTX-0004946,BKG-008310,31,90
4947,4046,20241215,900,1,LTX-0004947,BKG-001704,37,37
4948,4046,20250212,900,1,LTX-0004948,BKG-008805,8,45
4949,4046,20250705,900,1,LTX-0004949,BKG-001339,11,56
4950,4046,20251203,900,1,LTX-0004950,BKG-004153,43,99
4951,580,20250304,900,1,LTX-0004951,BKG-001340,56,56
4952,580,20250521,900,1,LTX-0004952,BKG-011401,16,72
4953,580,20250527,900,1,LTX-0004953,BKG-012233,82,154
4954,580,20250614,900,1,LTX-0004954,BKG-009573,71,225
4955,3899,20250131,900,1,LTX-0004955,BKG-009182,51,51
4956,3899,20250131,1800,2,LTX-0004956,BKG-009182,-10,41
4957,3899,20250311,900,1,LTX-0004957,BKG-006877,50,91
4958,3899,20251018,900,1,LTX-0004958,BKG-001341,37,128
4959,3899,20251018,1800,2,LTX-0004959,BKG-001341,-30,98
4960,3899,20251124,900,1,LTX-0004960,BKG-006437,91,189
4961,747,20250306,900,1,LTX-0004961,BKG-001342,16,16
4962,748,20250623,900,1,LTX-0004962,BKG-001592,28,44
4963,748,20250703,900,1,LTX-0004963,BKG-003248,84,128
4964,468,20250114,900,1,LTX-0004964,BKG-011035,72,72
4965,469,20250502,900,1,LTX-0004965,BKG-001345,30,102
4966,469,20250621,900,1,LTX-0004966,BKG-008159,33,135
4967,469,20250912,900,1,LTX-0004967,BKG-004635,47,182
4968,469,20250915,900,1,LTX-0004968,BKG-006265,5,187
4969,469,20250919,900,1,LTX-0004969,BKG-007812,21,208
4970,469,20251031,900,1,LTX-0004970,BKG-010928,65,273
4971,41,20250529,900,1,LTX-0004971,BKG-010595,38,38
4972,41,20250529,1800,2,LTX-0004972,BKG-010595,-10,28
4973,41,20250630,900,1,LTX-0004973,BKG-001347,31,59
4974,41,20251123,900,1,LTX-0004974,BKG-003919,33,92
4975,4764,20250222,900,1,LTX-0004975,BKG-002058,82,82
4976,4764,20250519,900,1,LTX-0004976,BKG-001348,78,160
4977,4764,20250701,900,1,LTX-0004977,BKG-006335,67,227
4978,4764,20250701,1800,2,LTX-0004978,BKG-006335,-20,207
4979,4764,20250821,900,1,LTX-0004979,BKG-007954,41,248
4980,4764,20251204,900,1,LTX-0004980,BKG-005743,36,284
4981,4764,20251221,900,1,LTX-0004981,BKG-009797,47,331
4982,4538,20250115,900,1,LTX-0004982,BKG-001349,31,31
4983,4538,20250219,900,1,LTX-0004983,BKG-008229,12,43
4984,4538,20251115,900,1,LTX-0004984,BKG-001622,61,104
4985,452,20250428,900,1,LTX-0004985,BKG-001350,66,66
4986,452,20250507,900,1,LTX-0004986,BKG-008991,33,99
4987,452,20250704,900,1,LTX-0004987,BKG-011789,45,144
4988,2710,20250605,900,1,LTX-0004988,BKG-001351,65,65
4989,2710,20250701,900,1,LTX-0004989,BKG-011948,81,146
4990,2711,20251028,900,1,LTX-0004990,BKG-006493,38,184
4991,663,20250301,900,1,LTX-0004991,BKG-011220,32,32
4992,663,20250515,900,1,LTX-0004992,BKG-001352,26,58
4993,663,20250903,900,1,LTX-0004993,BKG-003047,93,151
4994,2670,20250125,900,1,LTX-0004994,BKG-001951,47,47
4995,2670,20250328,900,1,LTX-0004995,BKG-005175,36,83
4996,2670,20250529,900,1,LTX-0004996,BKG-005926,26,109
4997,2670,20250712,900,1,LTX-0004997,BKG-001353,31,140
4998,2670,20250930,900,1,LTX-0004998,BKG-011685,70,210
4999,2670,20250930,1800,2,LTX-0004999,BKG-011685,-30,180
5000,2670,20251004,900,1,LTX-0005000,BKG-007675,46,226
5001,2670,20251026,900,1,LTX-0005001,BKG-011409,33,259
5002,2670,20251026,1800,2,LTX-0005002,BKG-011409,-10,249
5003,2670,20251030,900,1,LTX-0005003,BKG-011861,46,295
5004,2670,20251111,900,1,LTX-0005004,BKG-011762,34,329
5005,2670,20251120,900,1,LTX-0005005,BKG-001619,71,400
5006,2670,20251120,1800,2,LTX-0005006,BKG-001619,-30,370
5007,3928,20250305,900,1,LTX-0005007,BKG-001355,17,17
5008,3928,20250625,900,1,LTX-0005008,BKG-008115,41,58
5009,3928,20251129,900,1,LTX-0005009,BKG-012405,39,97
5010,626,20250502,900,1,LTX-0005010,BKG-009560,17,17
5011,626,20250523,900,1,LTX-0005011,BKG-003240,38,55
5012,626,20250621,900,1,LTX-0005012,BKG-011410,50,105
5013,626,20250724,900,1,LTX-0005013,BKG-001356,88,193
5014,626,20250801,900,1,LTX-0005014,BKG-011037,38,231
5015,626,20250816,900,1,LTX-0005015,BKG-006878,10,241
5016,626,20250901,900,1,LTX-0005016,BKG-003179,56,297
5017,1592,20250101,900,1,LTX-0005017,BKG-004147,22,22
5018,1592,20250611,900,1,LTX-0005018,BKG-001635,86,108
5019,1592,20250611,1800,2,LTX-0005019,BKG-001635,-20,88
5020,1593,20250820,900,1,LTX-0005020,BKG-001357,21,109
5021,1112,20250111,900,1,LTX-0005021,BKG-001358,42,42
5022,1112,20250902,900,1,LTX-0005022,BKG-002133,24,66
5023,1112,20251004,900,1,LTX-0005023,BKG-011022,29,95
5024,4899,20250309,900,1,LTX-0005024,BKG-006872,23,23
5025,4899,20250328,900,1,LTX-0005025,BKG-004580,34,57
5026,4900,20250605,900,1,LTX-0005026,BKG-001362,56,113
5027,4900,20250627,900,1,LTX-0005027,BKG-004838,53,166
5028,4900,20250627,1800,2,LTX-0005028,BKG-004838,-30,136
5029,4900,20250819,900,1,LTX-0005029,BKG-005180,25,161
5030,3007,20250317,900,1,LTX-0005030,BKG-009806,40,40
5031,3007,20251112,900,1,LTX-0005031,BKG-012142,52,92
5032,3007,20251129,900,1,LTX-0005032,BKG-003952,77,169
5033,3007,20251218,900,1,LTX-0005033,BKG-001363,61,230
5034,3263,20250814,900,1,LTX-0005034,BKG-009448,90,90
5035,3263,20251019,900,1,LTX-0005035,BKG-001366,21,111
5036,816,20250520,900,1,LTX-0005036,BKG-005562,32,32
5037,816,20250530,900,1,LTX-0005037,BKG-004203,22,54
5038,816,20250809,900,1,LTX-0005038,BKG-001367,37,91
5039,816,20251205,900,1,LTX-0005039,BKG-001611,82,173
5040,816,20251218,900,1,LTX-0005040,BKG-002025,67,240
5041,816,20251218,1800,2,LTX-0005041,BKG-002025,-30,210
5042,992,20250808,900,1,LTX-0005042,BKG-001368,43,43
5043,992,20251111,900,1,LTX-0005043,BKG-004871,65,108
5044,992,20251116,900,1,LTX-0005044,BKG-001979,44,152
5045,1118,20241222,900,1,LTX-0005045,BKG-009470,46,46
5046,1118,20250104,900,1,LTX-0005046,BKG-010696,56,102
5047,1118,20250110,900,1,LTX-0005047,BKG-003127,15,117
5048,1118,20250615,900,1,LTX-0005048,BKG-001369,33,150
5049,1191,20241231,900,1,LTX-0005049,BKG-006895,61,61
5050,1191,20250526,900,1,LTX-0005050,BKG-008844,51,112
5051,1191,20250602,900,1,LTX-0005051,BKG-001374,54,166
5052,1191,20250602,1800,2,LTX-0005052,BKG-001374,-30,136
5053,1191,20250706,900,1,LTX-0005053,BKG-011945,70,206
5054,2640,20250101,900,1,LTX-0005054,BKG-001900,69,69
5055,2640,20250527,900,1,LTX-0005055,BKG-001375,60,129
5056,2640,20250601,900,1,LTX-0005056,BKG-011244,65,194
5057,2640,20250601,1800,2,LTX-0005057,BKG-011244,-10,184
5058,360,20250524,900,1,LTX-0005058,BKG-003382,71,71
5059,360,20250627,900,1,LTX-0005059,BKG-001952,54,125
5060,360,20251003,900,1,LTX-0005060,BKG-001376,32,157
5061,549,20250114,900,1,LTX-0005061,BKG-007591,36,36
5062,549,20250131,900,1,LTX-0005062,BKG-012289,14,50
5063,549,20250205,900,1,LTX-0005063,BKG-001377,42,92
5064,549,20250713,900,1,LTX-0005064,BKG-011835,73,165
5065,550,20251204,900,1,LTX-0005065,BKG-006297,57,222
5066,818,20250104,900,1,LTX-0005066,BKG-001544,42,42
5067,818,20250605,900,1,LTX-0005067,BKG-001378,18,60
5068,818,20250707,900,1,LTX-0005068,BKG-006989,72,132
5069,1640,20250618,900,1,LTX-0005069,BKG-007419,24,24
5070,1640,20250703,900,1,LTX-0005070,BKG-001379,12,36
5071,2360,20250530,900,1,LTX-0005071,BKG-001426,23,23
5072,2360,20250601,900,1,LTX-0005072,BKG-003288,7,30
5073,2360,20250609,900,1,LTX-0005073,BKG-007937,32,62
5074,2360,20250904,900,1,LTX-0005074,BKG-001380,93,155
5075,1996,20241228,900,1,LTX-0005075,BKG-001405,39,39
5076,1996,20250630,900,1,LTX-0005076,BKG-005662,86,125
5077,1996,20251207,900,1,LTX-0005077,BKG-001381,51,176
5078,4510,20250714,900,1,LTX-0005078,BKG-006150,45,45
5079,4511,20250912,900,1,LTX-0005079,BKG-001383,38,83
5080,4511,20251006,900,1,LTX-0005080,BKG-008663,44,127
5081,4511,20251119,900,1,LTX-0005081,BKG-004486,57,184
5082,4612,20250205,900,1,LTX-0005082,BKG-003213,47,47
5083,4612,20250606,900,1,LTX-0005083,BKG-002349,43,90
5084,4612,20250703,900,1,LTX-0005084,BKG-001384,77,167
5085,1262,20250217,900,1,LTX-0005085,BKG-003445,47,47
5086,1262,20250903,900,1,LTX-0005086,BKG-012065,36,83
5087,1262,20251002,900,1,LTX-0005087,BKG-001771,57,140
5088,1262,20251201,900,1,LTX-0005088,BKG-001385,28,168
5089,1262,20251216,900,1,LTX-0005089,BKG-002407,24,192
5090,1262,20251216,1800,2,LTX-0005090,BKG-002407,-10,182
5091,1990,20250222,900,1,LTX-0005091,BKG-010224,51,51
5092,1990,20250525,900,1,LTX-0005092,BKG-008010,12,63
5093,1990,20250618,900,1,LTX-0005093,BKG-003324,72,135
5094,1990,20250704,900,1,LTX-0005094,BKG-001386,30,165
5095,1990,20251124,900,1,LTX-0005095,BKG-003132,50,215
5096,3396,20250506,900,1,LTX-0005096,BKG-001387,39,39
5097,3397,20251008,900,1,LTX-0005097,BKG-007227,40,79
5098,2555,20250424,900,1,LTX-0005098,BKG-001612,36,36
5099,2555,20250516,900,1,LTX-0005099,BKG-001388,36,72
5100,2555,20251110,900,1,LTX-0005100,BKG-009240,15,87
5101,2555,20251110,1800,2,LTX-0005101,BKG-009240,-10,77
5102,4561,20250504,900,1,LTX-0005102,BKG-006359,29,29
5103,4561,20250928,900,1,LTX-0005103,BKG-001390,71,100
5104,4561,20251214,900,1,LTX-0005104,BKG-011505,58,158
5105,2486,20250511,900,1,LTX-0005105,BKG-008939,88,88
5106,2486,20250630,900,1,LTX-0005106,BKG-001391,73,161
5107,2486,20251020,900,1,LTX-0005107,BKG-006414,47,208
5108,2486,20251202,900,1,LTX-0005108,BKG-011592,46,254
5109,3798,20251204,900,1,LTX-0005109,BKG-001392,59,59
5110,830,20250330,900,1,LTX-0005110,BKG-002969,54,54
5111,830,20250527,900,1,LTX-0005111,BKG-010695,76,130
5112,830,20250602,900,1,LTX-0005112,BKG-001394,7,137
5113,830,20251009,900,1,LTX-0005113,BKG-007551,36,173
5114,830,20251009,1800,2,LTX-0005114,BKG-007551,-30,143
5115,2195,20250220,900,1,LTX-0005115,BKG-006062,15,15
5116,2195,20250220,1800,2,LTX-0005116,BKG-006062,-10,5
5117,2196,20250519,900,1,LTX-0005117,BKG-001395,15,20
5118,2196,20251114,900,1,LTX-0005118,BKG-002053,39,59
5119,589,20241219,900,1,LTX-0005119,BKG-004742,24,24
5120,589,20250530,900,1,LTX-0005120,BKG-005753,48,72
5121,589,20250717,900,1,LTX-0005121,BKG-001862,24,96
5122,589,20251128,900,1,LTX-0005122,BKG-001396,38,134
5123,1989,20250126,900,1,LTX-0005123,BKG-004077,36,36
5124,1989,20250126,1800,2,LTX-0005124,BKG-004077,-30,6
5125,1989,20250406,900,1,LTX-0005125,BKG-006432,66,72
5126,1989,20250425,900,1,LTX-0005126,BKG-001397,15,87
5127,1989,20250425,1800,2,LTX-0005127,BKG-001397,-10,77
5128,1989,20250702,900,1,LTX-0005128,BKG-009936,20,97
5129,1989,20250706,900,1,LTX-0005129,BKG-010330,37,134
5130,1989,20251017,900,1,LTX-0005130,BKG-011118,48,182
5131,1989,20251123,900,1,LTX-0005131,BKG-006140,40,222
5132,3914,20241217,900,1,LTX-0005132,BKG-005087,19,19
5133,3914,20241217,1800,2,LTX-0005133,BKG-005087,-10,9
5134,3914,20241223,900,1,LTX-0005134,BKG-003399,44,53
5135,3914,20250627,900,1,LTX-0005135,BKG-007929,58,111
5136,3914,20250701,900,1,LTX-0005136,BKG-001398,17,128
5137,1266,20250309,900,1,LTX-0005137,BKG-009726,30,30
5138,1266,20250611,900,1,LTX-0005138,BKG-007538,92,122
5139,1266,20251009,900,1,LTX-0005139,BKG-001400,41,163
5140,3607,20250126,900,1,LTX-0005140,BKG-004836,87,87
5141,3607,20250213,900,1,LTX-0005141,BKG-001401,36,123
5142,3607,20250521,900,1,LTX-0005142,BKG-004992,33,156
5143,3607,20250521,1800,2,LTX-0005143,BKG-004992,-20,136
5144,3607,20250823,900,1,LTX-0005144,BKG-009083,36,172
5145,3276,20251118,900,1,LTX-0005145,BKG-011926,10,10
5146,3276,20251127,900,1,LTX-0005146,BKG-001402,51,61
5147,3922,20250422,900,1,LTX-0005147,BKG-009396,61,61
5148,3922,20250429,900,1,LTX-0005148,BKG-001403,26,87
5149,3922,20251129,900,1,LTX-0005149,BKG-011744,39,126
5150,3356,20250207,900,1,LTX-0005150,BKG-006546,70,70
5151,3356,20250708,900,1,LTX-0005151,BKG-001404,36,106
5152,3356,20250721,900,1,LTX-0005152,BKG-012224,38,144
5153,3356,20251112,900,1,LTX-0005153,BKG-002552,34,178
5154,620,20250601,900,1,LTX-0005154,BKG-006668,54,54
5155,620,20250917,900,1,LTX-0005155,BKG-001406,43,97
5156,897,20250225,900,1,LTX-0005156,BKG-012047,48,48
5157,897,20250429,900,1,LTX-0005157,BKG-004957,80,128
5158,897,20250628,900,1,LTX-0005158,BKG-001407,50,178
5159,211,20250112,900,1,LTX-0005159,BKG-010062,29,29
5160,211,20251129,900,1,LTX-0005160,BKG-001408,46,75
5161,2328,20250601,900,1,LTX-0005161,BKG-002040,12,12
5162,2328,20250617,900,1,LTX-0005162,BKG-005667,38,50
5163,2328,20251210,900,1,LTX-0005163,BKG-001410,42,92
5164,256,20250105,900,1,LTX-0005164,BKG-001411,19,19
5165,257,20251202,900,1,LTX-0005165,BKG-004687,65,84
5166,1535,20250601,900,1,LTX-0005166,BKG-003630,82,82
5167,1535,20251029,900,1,LTX-0005167,BKG-001412,32,114
5168,1535,20251105,900,1,LTX-0005168,BKG-010805,50,164
5169,1535,20251105,1800,2,LTX-0005169,BKG-010805,-10,154
5170,1535,20251221,900,1,LTX-0005170,BKG-008795,47,201
5171,4525,20241231,900,1,LTX-0005171,BKG-005871,48,48
5172,4525,20250308,900,1,LTX-0005172,BKG-011991,54,102
5173,4525,20250329,900,1,LTX-0005173,BKG-001413,28,130
5174,4525,20250702,900,1,LTX-0005174,BKG-012237,92,222
5175,4525,20250705,900,1,LTX-0005175,BKG-004599,79,301
5176,4525,20251030,900,1,LTX-0005176,BKG-010643,24,325
5177,4525,20251116,900,1,LTX-0005177,BKG-010448,17,342
5178,3268,20250606,900,1,LTX-0005178,BKG-012094,18,18
5179,3268,20250705,900,1,LTX-0005179,BKG-001414,51,69
5180,3268,20251114,900,1,LTX-0005180,BKG-009682,8,77
5181,3268,20251201,900,1,LTX-0005181,BKG-003440,17,94
5182,3341,20250325,900,1,LTX-0005182,BKG-007807,24,24
5183,3341,20250516,900,1,LTX-0005183,BKG-001415,28,52
5184,3341,20250613,900,1,LTX-0005184,BKG-006147,44,96
5185,3341,20250704,900,1,LTX-0005185,BKG-004680,63,159
5186,3341,20251016,900,1,LTX-0005186,BKG-007135,47,206
5187,3341,20251117,900,1,LTX-0005187,BKG-004844,25,231
5188,2168,20250325,900,1,LTX-0005188,BKG-002590,34,34
5189,2168,20250601,900,1,LTX-0005189,BKG-008880,64,98
5190,2168,20250622,900,1,LTX-0005190,BKG-001416,66,164
5191,2169,20251016,900,1,LTX-0005191,BKG-011824,54,218
5192,2821,20250628,900,1,LTX-0005192,BKG-007258,58,58
5193,2821,20250728,900,1,LTX-0005193,BKG-001417,6,64
5194,2821,20250728,1800,2,LTX-0005194,BKG-001417,-10,54
5195,4935,20250319,900,1,LTX-0005195,BKG-003844,14,14
5196,4935,20250319,900,1,LTX-0005196,BKG-010278,42,56
5197,4935,20250529,900,1,LTX-0005197,BKG-011366,20,76
5198,4935,20250617,900,1,LTX-0005198,BKG-010709,75,151
5199,4935,20250617,1800,2,LTX-0005199,BKG-010709,-20,131
5200,4935,20250910,900,1,LTX-0005200,BKG-003356,51,182
5201,4935,20251129,900,1,LTX-0005201,BKG-001418,10,192
5202,2978,20250212,900,1,LTX-0005202,BKG-001419,33,33
5203,2978,20250222,900,1,LTX-0005203,BKG-004578,31,64
5204,2010,20250619,900,1,LTX-0005204,BKG-005634,66,66
5205,2010,20250619,900,1,LTX-0005205,BKG-008581,29,95
5206,2010,20250706,900,1,LTX-0005206,BKG-001424,72,167
5207,3486,20250208,900,1,LTX-0005207,BKG-001425,60,60
5208,3486,20250528,900,1,LTX-0005208,BKG-005084,77,137
5209,3486,20250710,900,1,LTX-0005209,BKG-005579,78,215
5210,3486,20250819,900,1,LTX-0005210,BKG-004258,18,233
5211,2127,20250113,900,1,LTX-0005211,BKG-008227,74,74
5212,2127,20250205,900,1,LTX-0005212,BKG-003024,42,116
5213,2127,20250618,900,1,LTX-0005213,BKG-003315,63,179
5214,2127,20250618,1800,2,LTX-0005214,BKG-003315,-20,159
5215,2127,20250728,900,1,LTX-0005215,BKG-001428,17,176
5216,2128,20251119,900,1,LTX-0005216,BKG-012174,47,223
5217,4290,20250227,900,1,LTX-0005217,BKG-001429,60,60
5218,4290,20250227,1800,2,LTX-0005218,BKG-001429,-10,50
5219,4290,20250625,900,1,LTX-0005219,BKG-005784,23,73
5220,4290,20250709,900,1,LTX-0005220,BKG-001699,20,93
5221,4290,20250710,900,1,LTX-0005221,BKG-012362,107,200
5222,4290,20250726,900,1,LTX-0005222,BKG-006102,63,263
5223,4290,20250814,900,1,LTX-0005223,BKG-010294,48,311
5224,4290,20251116,900,1,LTX-0005224,BKG-002767,39,350
5225,152,20250528,900,1,LTX-0005225,BKG-009401,92,92
5226,152,20250707,900,1,LTX-0005226,BKG-001430,40,132
5227,345,20250501,900,1,LTX-0005227,BKG-004040,49,49
5228,345,20250703,900,1,LTX-0005228,BKG-007102,36,85
5229,345,20250711,900,1,LTX-0005229,BKG-001431,36,121
5230,345,20250726,900,1,LTX-0005230,BKG-010454,45,166
5231,3806,20250517,900,1,LTX-0005231,BKG-001432,77,77
5232,3806,20250517,1800,2,LTX-0005232,BKG-001432,-30,47
5233,3806,20250623,900,1,LTX-0005233,BKG-002135,75,122
5234,3806,20251203,900,1,LTX-0005234,BKG-010747,104,226
5235,1526,20250215,900,1,LTX-0005235,BKG-011459,78,78
5236,1527,20250912,900,1,LTX-0005236,BKG-009346,50,128
5237,1527,20251002,900,1,LTX-0005237,BKG-009136,18,146
5238,1527,20251126,900,1,LTX-0005238,BKG-011700,26,172
5239,1527,20251129,900,1,LTX-0005239,BKG-001433,26,198
5240,5,20250515,900,1,LTX-0005240,BKG-001436,49,49
5241,5,20250601,900,1,LTX-0005241,BKG-008876,43,92
5242,5,20250703,900,1,LTX-0005242,BKG-011672,58,150
5243,5,20250725,900,1,LTX-0005243,BKG-004872,32,182
5244,5,20251003,900,1,LTX-0005244,BKG-005139,36,218
5245,5,20251114,900,1,LTX-0005245,BKG-008384,15,233
5246,3123,20250225,900,1,LTX-0005246,BKG-007186,7,7
5247,3123,20250910,900,1,LTX-0005247,BKG-001437,60,67
5248,3123,20251002,900,1,LTX-0005248,BKG-005108,35,102
5249,3123,20251125,900,1,LTX-0005249,BKG-004633,43,145
5250,203,20250216,900,1,LTX-0005250,BKG-009279,63,63
5251,203,20250326,900,1,LTX-0005251,BKG-003118,28,91
5252,203,20250705,900,1,LTX-0005252,BKG-008261,51,142
5253,203,20251108,900,1,LTX-0005253,BKG-001438,39,181
5254,203,20251108,1800,2,LTX-0005254,BKG-001438,-10,171
5255,1761,20250309,900,1,LTX-0005255,BKG-009495,36,36
5256,1761,20250309,1800,2,LTX-0005256,BKG-009495,-30,6
5257,1761,20250318,900,1,LTX-0005257,BKG-012088,36,42
5258,1761,20250608,900,1,LTX-0005258,BKG-003519,59,101
5259,1761,20250626,900,1,LTX-0005259,BKG-012385,39,140
5260,1761,20251122,900,1,LTX-0005260,BKG-002932,97,237
5261,1761,20251123,900,1,LTX-0005261,BKG-001439,77,314
5262,1545,20250526,900,1,LTX-0005262,BKG-005099,44,44
5263,1545,20250527,900,1,LTX-0005263,BKG-002149,40,84
5264,1545,20250623,900,1,LTX-0005264,BKG-001440,45,129
5265,1545,20250925,900,1,LTX-0005265,BKG-009952,35,164
5266,1545,20251213,900,1,LTX-0005266,BKG-008545,99,263
5267,1545,20251213,1800,2,LTX-0005267,BKG-008545,-20,243
5268,4831,20241230,900,1,LTX-0005268,BKG-011059,85,85
5269,4831,20241230,1800,2,LTX-0005269,BKG-011059,-10,75
5270,4831,20251031,900,1,LTX-0005270,BKG-004688,33,108
5271,4831,20251118,900,1,LTX-0005271,BKG-001441,33,141
5272,2678,20250801,900,1,LTX-0005272,BKG-005020,38,38
5273,2678,20251122,900,1,LTX-0005273,BKG-001443,38,76
5274,2793,20250218,900,1,LTX-0005274,BKG-012310,7,7
5275,2793,20250507,900,1,LTX-0005275,BKG-010886,56,63
5276,2793,20250702,900,1,LTX-0005276,BKG-001446,74,137
5277,2793,20251202,900,1,LTX-0005277,BKG-006019,102,239
5278,2204,20250603,900,1,LTX-0005278,BKG-002861,40,40
5279,2204,20250606,900,1,LTX-0005279,BKG-001977,46,86
5280,2204,20250613,900,1,LTX-0005280,BKG-006478,66,152
5281,2204,20250821,900,1,LTX-0005281,BKG-001447,44,196
5282,733,20250117,900,1,LTX-0005282,BKG-005025,32,32
5283,733,20250319,900,1,LTX-0005283,BKG-001450,25,57
5284,733,20250516,900,1,LTX-0005284,BKG-009391,28,85
5285,733,20250605,900,1,LTX-0005285,BKG-007072,40,125
5286,733,20250617,900,1,LTX-0005286,BKG-010670,74,199
5287,734,20250828,900,1,LTX-0005287,BKG-003282,41,240
5288,4114,20250324,900,1,LTX-0005288,BKG-010626,55,55
5289,4114,20250601,900,1,LTX-0005289,BKG-001451,40,95
5290,4114,20250601,1800,2,LTX-0005290,BKG-001451,-30,65
5291,4412,20250201,900,1,LTX-0005291,BKG-004277,63,63
5292,4412,20250729,900,1,LTX-0005292,BKG-001452,61,124
5293,4412,20250930,900,1,LTX-0005293,BKG-006421,20,144
5294,4412,20250930,1800,2,LTX-0005294,BKG-006421,-10,134
5295,1230,20241225,900,1,LTX-0005295,BKG-002372,42,42
5296,1230,20250604,900,1,LTX-0005296,BKG-001453,25,67
5297,4296,20250313,900,1,LTX-0005297,BKG-001454,86,86
5298,4296,20250331,900,1,LTX-0005298,BKG-011104,30,116
5299,771,20251106,900,1,LTX-0005299,BKG-005534,39,39
5300,771,20251106,1800,2,LTX-0005300,BKG-005534,-30,9
5301,771,20251205,900,1,LTX-0005301,BKG-001455,47,56
5302,638,20250527,900,1,LTX-0005302,BKG-005013,47,47
5303,638,20250529,900,1,LTX-0005303,BKG-001456,88,135
5304,638,20250611,900,1,LTX-0005304,BKG-003807,39,174
5305,638,20250611,1800,2,LTX-0005305,BKG-003807,-20,154
5306,638,20251008,900,1,LTX-0005306,BKG-005968,50,204
5307,638,20251008,1800,2,LTX-0005307,BKG-005968,-20,184
5308,586,20250512,900,1,LTX-0005308,BKG-011929,89,89
5309,586,20250603,900,1,LTX-0005309,BKG-012459,43,132
5310,586,20250605,900,1,LTX-0005310,BKG-009361,44,176
5311,586,20250613,900,1,LTX-0005311,BKG-002356,35,211
5312,586,20250710,900,1,LTX-0005312,BKG-004550,38,249
5313,586,20250726,900,1,LTX-0005313,BKG-006429,25,274
5314,587,20250830,900,1,LTX-0005314,BKG-001457,63,337
5315,713,20250317,900,1,LTX-0005315,BKG-001458,17,17
5316,714,20251213,900,1,LTX-0005316,BKG-006157,67,84
5317,2543,20250224,900,1,LTX-0005317,BKG-001459,34,34
5318,2543,20250521,900,1,LTX-0005318,BKG-005609,40,74
5319,2543,20250611,900,1,LTX-0005319,BKG-010082,44,118
5320,2543,20251101,900,1,LTX-0005320,BKG-006607,44,162
5321,704,20250628,900,1,LTX-0005321,BKG-011368,50,50
5322,704,20250628,1800,2,LTX-0005322,BKG-011368,-10,40
5323,704,20251216,900,1,LTX-0005323,BKG-001460,18,58
5324,1533,20250101,900,1,LTX-0005324,BKG-006291,68,68
5325,1534,20250515,900,1,LTX-0005325,BKG-005999,36,104
5326,1534,20250528,900,1,LTX-0005326,BKG-001461,38,142
5327,1534,20250622,900,1,LTX-0005327,BKG-005708,31,173
5328,1534,20250622,1800,2,LTX-0005328,BKG-005708,-20,153
5329,1534,20250820,900,1,LTX-0005329,BKG-012254,102,255
5330,1534,20251109,900,1,LTX-0005330,BKG-008771,39,294
5331,1534,20251112,900,1,LTX-0005331,BKG-002451,46,340
5332,1534,20251218,900,1,LTX-0005332,BKG-006777,70,410
5333,1534,20251218,1800,2,LTX-0005333,BKG-006777,-20,390
5334,2779,20250619,900,1,LTX-0005334,BKG-005340,95,95
5335,2779,20250619,1800,2,LTX-0005335,BKG-005340,-30,65
5336,2779,20250624,900,1,LTX-0005336,BKG-009938,11,76
5337,2779,20250921,900,1,LTX-0005337,BKG-001462,6,82
5338,2779,20250921,1800,2,LTX-0005338,BKG-001462,-20,62
5339,2779,20251214,900,1,LTX-0005339,BKG-011817,114,176
5340,3925,20250624,900,1,LTX-0005340,BKG-001464,68,68
5341,3925,20251029,900,1,LTX-0005341,BKG-010189,64,132
5342,3925,20251118,900,1,LTX-0005342,BKG-006131,37,169
5343,1111,20250624,900,1,LTX-0005343,BKG-001465,58,58
5344,4787,20250111,900,1,LTX-0005344,BKG-001466,29,29
5345,4787,20250506,900,1,LTX-0005345,BKG-011814,32,61
5346,4787,20250531,900,1,LTX-0005346,BKG-011511,20,81
5347,4787,20250807,900,1,LTX-0005347,BKG-009197,41,122
5348,4787,20250807,1800,2,LTX-0005348,BKG-009197,-10,112
5349,4787,20251217,900,1,LTX-0005349,BKG-006355,33,145
5350,491,20250112,900,1,LTX-0005350,BKG-001467,27,27
5351,491,20250206,900,1,LTX-0005351,BKG-010273,44,71
5352,491,20250623,900,1,LTX-0005352,BKG-002547,92,163
5353,491,20250704,900,1,LTX-0005353,BKG-002578,12,175
5354,491,20250704,1800,2,LTX-0005354,BKG-002578,-30,145
5355,491,20250723,900,1,LTX-0005355,BKG-010379,22,167
5356,491,20250831,900,1,LTX-0005356,BKG-003166,52,219
5357,3192,20250208,900,1,LTX-0005357,BKG-001968,48,48
5358,3192,20250513,900,1,LTX-0005358,BKG-001468,22,70
5359,3192,20250530,900,1,LTX-0005359,BKG-010669,29,99
5360,3192,20250624,900,1,LTX-0005360,BKG-003964,48,147
5361,3192,20250624,1800,2,LTX-0005361,BKG-003964,-20,127
5362,3192,20250629,900,1,LTX-0005362,BKG-001966,68,195
5363,3192,20250707,900,1,LTX-0005363,BKG-012182,50,245
5364,3192,20250707,1800,2,LTX-0005364,BKG-012182,-10,235
5365,4321,20250530,900,1,LTX-0005365,BKG-011177,30,30
5366,4321,20250530,1800,2,LTX-0005366,BKG-011177,-10,20
5367,4321,20250604,900,1,LTX-0005367,BKG-001469,54,74
5368,4321,20250610,900,1,LTX-0005368,BKG-002632,51,125
5369,4321,20250619,900,1,LTX-0005369,BKG-007383,65,190
5370,1474,20250505,900,1,LTX-0005370,BKG-010533,60,60
5371,1474,20250505,1800,2,LTX-0005371,BKG-010533,-30,30
5372,1474,20250601,900,1,LTX-0005372,BKG-001470,12,42
5373,593,20250528,900,1,LTX-0005373,BKG-002546,9,9
5374,593,20250601,900,1,LTX-0005374,BKG-010248,50,59
5375,593,20250604,900,1,LTX-0005375,BKG-011315,69,128
5376,593,20250712,900,1,LTX-0005376,BKG-011468,12,140
5377,593,20251202,900,1,LTX-0005377,BKG-001473,41,181
5378,593,20251219,900,1,LTX-0005378,BKG-009578,63,244
5379,4552,20250312,900,1,LTX-0005379,BKG-002531,8,8
5380,4552,20250515,900,1,LTX-0005380,BKG-001474,36,44
5381,4552,20250914,900,1,LTX-0005381,BKG-005115,21,65
5382,4552,20251204,900,1,LTX-0005382,BKG-004775,50,115
5383,757,20250209,900,1,LTX-0005383,BKG-002415,32,32
5384,757,20250210,900,1,LTX-0005384,BKG-007638,42,74
5385,757,20250429,900,1,LTX-0005385,BKG-011979,44,118
5386,758,20250610,900,1,LTX-0005386,BKG-002653,96,214
5387,758,20250705,900,1,LTX-0005387,BKG-005517,47,261
5388,758,20250705,1800,2,LTX-0005388,BKG-005517,-10,251
5389,758,20250712,900,1,LTX-0005389,BKG-001475,33,284
5390,1215,20250520,900,1,LTX-0005390,BKG-002661,30,30
5391,1215,20250707,900,1,LTX-0005391,BKG-001477,47,77
5392,2227,20250623,900,1,LTX-0005392,BKG-010883,11,11
5393,2227,20251118,900,1,LTX-0005393,BKG-001478,57,68
5394,967,20250218,900,1,LTX-0005394,BKG-005069,30,30
5395,967,20250416,900,1,LTX-0005395,BKG-007430,48,78
5396,968,20250717,900,1,LTX-0005396,BKG-001479,40,118
5397,968,20250717,1800,2,LTX-0005397,BKG-001479,-10,108
5398,968,20250725,900,1,LTX-0005398,BKG-011127,40,148
5399,2350,20250306,900,1,LTX-0005399,BKG-004875,18,18
5400,2350,20250321,900,1,LTX-0005400,BKG-002354,78,96
5401,2350,20250502,900,1,LTX-0005401,BKG-005717,18,114
5402,2350,20250531,900,1,LTX-0005402,BKG-001480,65,179
5403,2350,20250531,1800,2,LTX-0005403,BKG-001480,-20,159
5404,2350,20250705,900,1,LTX-0005404,BKG-009350,57,216
5405,2351,20251023,900,1,LTX-0005405,BKG-008150,50,266
5406,2351,20251028,900,1,LTX-0005406,BKG-002815,29,295
5407,2938,20250401,900,1,LTX-0005407,BKG-001482,50,50
5408,2939,20250711,900,1,LTX-0005408,BKG-010070,98,148
5409,2050,20250604,900,1,LTX-0005409,BKG-001483,18,18
5410,4649,20250101,900,1,LTX-0005410,BKG-001486,40,40
5411,4649,20250117,900,1,LTX-0005411,BKG-003215,62,102
5412,4649,20250117,1800,2,LTX-0005412,BKG-003215,-30,72
5413,4649,20250204,900,1,LTX-0005413,BKG-003953,32,104
5414,4649,20250519,900,1,LTX-0005414,BKG-003409,13,117
5415,4649,20250627,900,1,LTX-0005415,BKG-009684,69,186
5416,1885,20250412,900,1,LTX-0005416,BKG-001487,53,53
5417,1885,20250624,900,1,LTX-0005417,BKG-007429,67,120
5418,1831,20250524,900,1,LTX-0005418,BKG-001489,60,60
5419,1831,20250601,900,1,LTX-0005419,BKG-007157,73,133
5420,1831,20250703,900,1,LTX-0005420,BKG-006509,79,212
5421,1831,20251006,900,1,LTX-0005421,BKG-003479,38,250
5422,3747,20250610,900,1,LTX-0005422,BKG-001491,11,11
5423,2601,20250612,900,1,LTX-0005423,BKG-001492,77,77
5424,2601,20250626,900,1,LTX-0005424,BKG-006219,35,112
5425,2601,20250714,900,1,LTX-0005425,BKG-010599,36,148
5426,2601,20250919,900,1,LTX-0005426,BKG-002035,71,219
5427,2601,20251206,900,1,LTX-0005427,BKG-006159,39,258
5428,126,20250427,900,1,LTX-0005428,BKG-001493,20,20
5429,127,20250905,900,1,LTX-0005429,BKG-004253,42,62
5430,127,20251019,900,1,LTX-0005430,BKG-011937,83,145
5431,3046,20250515,900,1,LTX-0005431,BKG-007871,39,39
5432,3046,20250601,900,1,LTX-0005432,BKG-001497,77,116
5433,3046,20250610,900,1,LTX-0005433,BKG-010271,56,172
5434,3046,20250617,900,1,LTX-0005434,BKG-010022,77,249
5435,3046,20250713,900,1,LTX-0005435,BKG-006115,102,351
5436,3046,20251126,900,1,LTX-0005436,BKG-003062,28,379
5437,1512,20250126,900,1,LTX-0005437,BKG-008900,39,39
5438,1512,20250205,900,1,LTX-0005438,BKG-001499,25,64
5439,1512,20250619,900,1,LTX-0005439,BKG-003469,70,134
5440,1512,20250811,900,1,LTX-0005440,BKG-009062,39,173
5441,1404,20250326,900,1,LTX-0005441,BKG-001502,14,14
5442,1404,20250906,900,1,LTX-0005442,BKG-007367,10,24
5443,1404,20251119,900,1,LTX-0005443,BKG-004728,22,46
5444,3873,20250317,900,1,LTX-0005444,BKG-010320,31,31
5445,3873,20250421,900,1,LTX-0005445,BKG-011729,26,57
5446,3873,20250529,900,1,LTX-0005446,BKG-001503,48,105
5447,3873,20250608,900,1,LTX-0005447,BKG-006728,17,122
5448,3873,20250608,1800,2,LTX-0005448,BKG-006728,-20,102
5449,3873,20250620,900,1,LTX-0005449,BKG-007580,54,156
5450,3873,20250620,1800,2,LTX-0005450,BKG-007580,-30,126
5451,3873,20251012,900,1,LTX-0005451,BKG-009067,40,166
5452,3873,20251120,900,1,LTX-0005452,BKG-003286,39,205
5453,3873,20251123,900,1,LTX-0005453,BKG-008712,23,228
5454,124,20250414,900,1,LTX-0005454,BKG-008178,55,55
5455,124,20250530,900,1,LTX-0005455,BKG-001504,67,122
5456,124,20250530,1800,2,LTX-0005456,BKG-001504,-30,92
5457,124,20250611,900,1,LTX-0005457,BKG-005435,73,165
5458,124,20250626,900,1,LTX-0005458,BKG-011265,50,215
5459,124,20250628,900,1,LTX-0005459,BKG-003627,35,250
5460,124,20250803,900,1,LTX-0005460,BKG-007941,73,323
5461,2509,20250407,900,1,LTX-0005461,BKG-009653,46,46
5462,2509,20250616,900,1,LTX-0005462,BKG-007249,37,83
5463,2509,20250710,900,1,LTX-0005463,BKG-001505,37,120
5464,1478,20250210,900,1,LTX-0005464,BKG-005378,19,19
5465,1479,20250505,900,1,LTX-0005465,BKG-001507,63,82
5466,1479,20250708,900,1,LTX-0005466,BKG-006743,97,179
5467,2231,20250530,900,1,LTX-0005467,BKG-002988,27,27
5468,2232,20250904,900,1,LTX-0005468,BKG-003018,60,87
5469,2232,20251020,900,1,LTX-0005469,BKG-008328,79,166
5470,2232,20251115,900,1,LTX-0005470,BKG-001508,31,197
5471,1480,20250109,900,1,LTX-0005471,BKG-006305,33,33
5472,1480,20250208,900,1,LTX-0005472,BKG-001509,21,54
5473,1480,20250712,900,1,LTX-0005473,BKG-008303,33,87
5474,1480,20250715,900,1,LTX-0005474,BKG-007842,54,141
5475,1480,20251128,900,1,LTX-0005475,BKG-007291,27,168
5476,1480,20251128,1800,2,LTX-0005476,BKG-007291,-20,148
5477,1480,20251204,900,1,LTX-0005477,BKG-010359,37,185
5478,3961,20241226,900,1,LTX-0005478,BKG-008431,64,64
5479,3961,20250319,900,1,LTX-0005479,BKG-002080,38,102
5480,3961,20250527,900,1,LTX-0005480,BKG-001510,30,132
5481,3961,20250630,900,1,LTX-0005481,BKG-005523,106,238
5482,3961,20250726,900,1,LTX-0005482,BKG-002908,15,253
5483,3961,20250813,900,1,LTX-0005483,BKG-008772,14,267
5484,3961,20250919,900,1,LTX-0005484,BKG-007476,26,293
5485,3961,20250927,900,1,LTX-0005485,BKG-007477,48,341
5486,1273,20250123,900,1,LTX-0005486,BKG-008417,52,52
5487,1274,20250403,900,1,LTX-0005487,BKG-009523,28,80
5488,1274,20250626,900,1,LTX-0005488,BKG-001511,22,102
5489,1274,20250714,900,1,LTX-0005489,BKG-002238,61,163
5490,1274,20250714,1800,2,LTX-0005490,BKG-002238,-10,153
5491,1274,20250914,900,1,LTX-0005491,BKG-003194,81,234
5492,1274,20251105,900,1,LTX-0005492,BKG-006567,54,288
5493,1038,20250317,900,1,LTX-0005493,BKG-001512,71,71
5494,1038,20250401,900,1,LTX-0005494,BKG-002189,21,92
5495,3148,20250327,900,1,LTX-0005495,BKG-005164,58,58
5496,3148,20250504,900,1,LTX-0005496,BKG-001513,64,122
5497,3148,20250609,900,1,LTX-0005497,BKG-007395,56,178
5498,3148,20251006,900,1,LTX-0005498,BKG-006453,18,196
5499,3768,20250605,900,1,LTX-0005499,BKG-009534,11,11
5500,3768,20251207,900,1,LTX-0005500,BKG-009710,21,32
5501,3768,20251216,900,1,LTX-0005501,BKG-001514,71,103
5502,3789,20250418,900,1,LTX-0005502,BKG-009895,32,32
5503,3789,20250619,900,1,LTX-0005503,BKG-010638,59,91
5504,3789,20250619,1800,2,LTX-0005504,BKG-010638,-20,71
5505,3789,20251021,900,1,LTX-0005505,BKG-001515,47,118
5506,3789,20251204,900,1,LTX-0005506,BKG-005133,36,154
5507,3789,20251204,1800,2,LTX-0005507,BKG-005133,-20,134
5508,1220,20250101,900,1,LTX-0005508,BKG-010723,32,32
5509,1220,20250101,1800,2,LTX-0005509,BKG-010723,-20,12
5510,1220,20250613,900,1,LTX-0005510,BKG-008274,53,65
5511,1220,20251003,900,1,LTX-0005511,BKG-004785,36,101
5512,1220,20251030,900,1,LTX-0005512,BKG-001518,56,157
5513,1307,20250305,900,1,LTX-0005513,BKG-001519,58,58
5514,1307,20250321,900,1,LTX-0005514,BKG-009609,74,132
5515,1307,20250905,900,1,LTX-0005515,BKG-008335,51,183
5516,4770,20250314,900,1,LTX-0005516,BKG-001520,49,49
5517,4770,20250511,900,1,LTX-0005517,BKG-001944,10,59
5518,4770,20250607,900,1,LTX-0005518,BKG-011199,36,95
5519,4770,20251213,900,1,LTX-0005519,BKG-003377,12,107
5520,891,20241215,900,1,LTX-0005520,BKG-008324,40,40
5521,891,20241221,900,1,LTX-0005521,BKG-003147,9,49
5522,892,20250607,900,1,LTX-0005522,BKG-001652,39,88
5523,892,20250922,900,1,LTX-0005523,BKG-001521,66,154
5524,3270,20250421,900,1,LTX-0005524,BKG-001522,37,37
5525,3270,20250516,900,1,LTX-0005525,BKG-004268,74,111
5526,3270,20250807,900,1,LTX-0005526,BKG-004694,53,164
5527,938,20250324,900,1,LTX-0005527,BKG-006750,8,8
5528,938,20250426,900,1,LTX-0005528,BKG-006773,30,38
5529,938,20250731,900,1,LTX-0005529,BKG-001525,34,72
5530,938,20250820,900,1,LTX-0005530,BKG-005948,34,106
5531,938,20250912,900,1,LTX-0005531,BKG-002960,6,112
5532,938,20250916,900,1,LTX-0005532,BKG-009529,51,163
5533,938,20251110,900,1,LTX-0005533,BKG-008029,9,172
5534,938,20251110,1800,2,LTX-0005534,BKG-008029,-10,162
5535,938,20251111,900,1,LTX-0005535,BKG-007384,34,196
5536,938,20251203,900,1,LTX-0005536,BKG-009589,36,232
5537,3967,20250228,900,1,LTX-0005537,BKG-001526,70,70
5538,3351,20250814,900,1,LTX-0005538,BKG-004502,66,66
5539,3351,20250814,1800,2,LTX-0005539,BKG-004502,-30,36
5540,3351,20250915,900,1,LTX-0005540,BKG-010220,76,112
5541,3351,20251130,900,1,LTX-0005541,BKG-001527,75,187
5542,4850,20250530,900,1,LTX-0005542,BKG-001528,15,15
5543,4850,20250622,900,1,LTX-0005543,BKG-002430,52,67
5544,4851,20251221,900,1,LTX-0005544,BKG-009518,23,90
5545,63,20250429,900,1,LTX-0005545,BKG-001531,13,13
5546,63,20250615,900,1,LTX-0005546,BKG-008288,29,42
5547,63,20250615,1800,2,LTX-0005547,BKG-008288,-20,22
5548,63,20250629,900,1,LTX-0005548,BKG-006472,39,61
5549,63,20251010,900,1,LTX-0005549,BKG-004418,75,136
5550,425,20250223,900,1,LTX-0005550,BKG-006445,31,31
5551,425,20250602,900,1,LTX-0005551,BKG-001550,60,91
5552,425,20250604,900,1,LTX-0005552,BKG-009000,42,133
5553,425,20250728,900,1,LTX-0005553,BKG-002419,69,202
5554,425,20250802,900,1,LTX-0005554,BKG-001532,36,238
5555,526,20250110,900,1,LTX-0005555,BKG-007361,73,73
5556,526,20250627,900,1,LTX-0005556,BKG-001534,81,154
5557,526,20250714,900,1,LTX-0005557,BKG-009575,65,219
5558,526,20250714,1800,2,LTX-0005558,BKG-009575,-10,209
5559,526,20251127,900,1,LTX-0005559,BKG-006996,79,288
5560,4892,20250114,900,1,LTX-0005560,BKG-002142,13,13
5561,4892,20250522,900,1,LTX-0005561,BKG-001535,48,61
5562,4892,20250522,1800,2,LTX-0005562,BKG-001535,-10,51
5563,4892,20250905,900,1,LTX-0005563,BKG-003180,12,63
5564,4892,20250905,1800,2,LTX-0005564,BKG-003180,-20,43
5565,4892,20250912,900,1,LTX-0005565,BKG-007818,15,58
5566,4892,20250928,900,1,LTX-0005566,BKG-004369,38,96
5567,2570,20250903,900,1,LTX-0005567,BKG-001536,39,39
5568,4003,20250420,900,1,LTX-0005568,BKG-005251,17,17
5569,4003,20250615,900,1,LTX-0005569,BKG-004945,70,87
5570,4003,20250820,900,1,LTX-0005570,BKG-001537,33,120
5571,4004,20251110,900,1,LTX-0005571,BKG-008532,40,160
5572,1238,20250527,900,1,LTX-0005572,BKG-001539,31,31
5573,1238,20251207,900,1,LTX-0005573,BKG-002543,19,50
5574,1238,20251207,1800,2,LTX-0005574,BKG-002543,-30,20
5575,3705,20250711,900,1,LTX-0005575,BKG-001541,37,37
5576,3705,20251016,900,1,LTX-0005576,BKG-003849,52,89
5577,28,20241210,900,1,LTX-0005577,BKG-002236,30,30
5578,28,20241210,1800,2,LTX-0005578,BKG-002236,-30,0
5579,28,20250610,900,1,LTX-0005579,BKG-001842,18,18
5580,28,20250702,900,1,LTX-0005580,BKG-006087,54,72
5581,28,20250702,1800,2,LTX-0005581,BKG-006087,-30,42
5582,28,20251124,900,1,LTX-0005582,BKG-001542,41,83
5583,28,20251124,1800,2,LTX-0005583,BKG-001542,-30,53
5584,1097,20250221,900,1,LTX-0005584,BKG-005111,25,25
5585,1097,20250522,900,1,LTX-0005585,BKG-001543,32,57
5586,1097,20251028,900,1,LTX-0005586,BKG-003448,62,119
5587,1097,20251028,1800,2,LTX-0005587,BKG-003448,-30,89
5588,4453,20250714,900,1,LTX-0005588,BKG-006756,48,48
5589,4453,20250910,900,1,LTX-0005589,BKG-008258,75,123
5590,4453,20251021,900,1,LTX-0005590,BKG-001545,6,129
5591,3590,20250225,900,1,LTX-0005591,BKG-009457,65,65
5592,3590,20250512,900,1,LTX-0005592,BKG-006266,49,114
5593,3590,20250512,1800,2,LTX-0005593,BKG-006266,-20,94
5594,3590,20250628,900,1,LTX-0005594,BKG-001546,11,105
5595,3590,20250714,900,1,LTX-0005595,BKG-007226,46,151
5596,3590,20250926,900,1,LTX-0005596,BKG-007918,56,207
5597,3590,20251011,900,1,LTX-0005597,BKG-003223,37,244
5598,3590,20251205,900,1,LTX-0005598,BKG-008188,33,277
5599,3809,20250522,900,1,LTX-0005599,BKG-001547,46,46
5600,3809,20251118,900,1,LTX-0005600,BKG-002938,35,81
5601,3809,20251123,900,1,LTX-0005601,BKG-012425,40,121
5602,4883,20250509,900,1,LTX-0005602,BKG-008997,47,47
5603,4883,20250623,900,1,LTX-0005603,BKG-005178,21,68
5604,4884,20251115,900,1,LTX-0005604,BKG-001549,35,103
5605,4884,20251129,900,1,LTX-0005605,BKG-012322,57,160
5606,675,20250217,900,1,LTX-0005606,BKG-011955,27,27
5607,675,20250514,900,1,LTX-0005607,BKG-005964,49,76
5608,675,20250527,900,1,LTX-0005608,BKG-001552,58,134
5609,676,20251207,900,1,LTX-0005609,BKG-006407,82,216
5610,1396,20250103,900,1,LTX-0005610,BKG-004002,36,36
5611,1396,20250328,900,1,LTX-0005611,BKG-001553,44,80
5612,1396,20250531,900,1,LTX-0005612,BKG-006881,36,116
5613,1396,20251019,900,1,LTX-0005613,BKG-009544,11,127
5614,1396,20251214,900,1,LTX-0005614,BKG-008346,47,174
5615,104,20250616,900,1,LTX-0005615,BKG-003954,62,62
5616,104,20251108,900,1,LTX-0005616,BKG-001554,28,90
5617,3183,20250201,900,1,LTX-0005617,BKG-008743,30,30
5618,3183,20250706,900,1,LTX-0005618,BKG-011194,50,80
5619,3183,20250723,900,1,LTX-0005619,BKG-001555,63,143
5620,3183,20250823,900,1,LTX-0005620,BKG-005166,41,184
5621,1993,20250501,900,1,LTX-0005621,BKG-006824,24,24
5622,1993,20250531,900,1,LTX-0005622,BKG-003390,10,34
5623,1993,20250613,900,1,LTX-0005623,BKG-001557,48,82
5624,1993,20250622,900,1,LTX-0005624,BKG-010009,66,148
5625,1993,20250703,900,1,LTX-0005625,BKG-011264,50,198
5626,1993,20250703,1800,2,LTX-0005626,BKG-011264,-10,188
5627,1993,20250926,900,1,LTX-0005627,BKG-002954,36,224
5628,1936,20241231,900,1,LTX-0005628,BKG-011063,79,79
5629,1936,20250110,900,1,LTX-0005629,BKG-001558,23,102
5630,1936,20250110,1800,2,LTX-0005630,BKG-001558,-10,92
5631,1936,20250521,900,1,LTX-0005631,BKG-010180,77,169
5632,1936,20250720,900,1,LTX-0005632,BKG-009405,13,182
5633,1936,20250813,900,1,LTX-0005633,BKG-006606,25,207
5634,1026,20250821,900,1,LTX-0005634,BKG-008577,23,23
5635,1026,20251129,900,1,LTX-0005635,BKG-001559,48,71
5636,1026,20251129,1800,2,LTX-0005636,BKG-001559,-30,41
5637,826,20250319,900,1,LTX-0005637,BKG-005337,32,32
5638,826,20250517,900,1,LTX-0005638,BKG-008022,31,63
5639,826,20251013,900,1,LTX-0005639,BKG-007953,30,93
5640,827,20251119,900,1,LTX-0005640,BKG-001561,62,155
5641,827,20251119,1800,2,LTX-0005641,BKG-001561,-20,135
5642,856,20250206,900,1,LTX-0005642,BKG-005536,54,54
5643,856,20250509,900,1,LTX-0005643,BKG-007553,38,92
5644,856,20250509,1800,2,LTX-0005644,BKG-007553,-10,82
5645,856,20250613,900,1,LTX-0005645,BKG-011215,44,126
5646,856,20250621,900,1,LTX-0005646,BKG-005075,42,168
5647,856,20250701,900,1,LTX-0005647,BKG-008598,66,234
5648,856,20250701,1800,2,LTX-0005648,BKG-008598,-10,224
5649,856,20250702,900,1,LTX-0005649,BKG-005409,72,296
5650,856,20250703,900,1,LTX-0005650,BKG-001562,56,352
5651,3730,20250119,900,1,LTX-0005651,BKG-004459,63,63
5652,3730,20250817,900,1,LTX-0005652,BKG-001563,15,78
5653,4314,20250812,900,1,LTX-0005653,BKG-012092,51,51
5654,4314,20250907,900,1,LTX-0005654,BKG-008143,13,64
5655,4314,20250928,900,1,LTX-0005655,BKG-010529,18,82
5656,4314,20251202,900,1,LTX-0005656,BKG-001565,75,157
5657,4314,20251204,900,1,LTX-0005657,BKG-005238,25,182
5658,3028,20250103,900,1,LTX-0005658,BKG-004157,34,34
5659,3028,20250103,1800,2,LTX-0005659,BKG-004157,-20,14
5660,3028,20250305,900,1,LTX-0005660,BKG-004187,73,87
5661,3028,20250512,900,1,LTX-0005661,BKG-010307,12,99
5662,3028,20250711,900,1,LTX-0005662,BKG-001566,30,129
5663,3028,20251211,900,1,LTX-0005663,BKG-010497,22,151
5664,1945,20241223,900,1,LTX-0005664,BKG-005222,34,34
5665,1945,20241223,1800,2,LTX-0005665,BKG-005222,-20,14
5666,1945,20250518,900,1,LTX-0005666,BKG-001567,63,77
5667,4309,20241226,900,1,LTX-0005667,BKG-008174,42,42
5668,4309,20250621,900,1,LTX-0005668,BKG-010525,72,114
5669,4309,20251130,900,1,LTX-0005669,BKG-001568,35,149
5670,2320,20250203,900,1,LTX-0005670,BKG-001576,76,76
5671,2320,20250203,1800,2,LTX-0005671,BKG-001576,-30,46
5672,2320,20250513,900,1,LTX-0005672,BKG-002249,10,56
5673,2320,20250513,1800,2,LTX-0005673,BKG-002249,-20,36
5674,527,20250630,900,1,LTX-0005674,BKG-010018,19,19
5675,527,20251108,900,1,LTX-0005675,BKG-001578,60,79
5676,1679,20251119,900,1,LTX-0005676,BKG-001579,39,39
5677,4662,20241229,900,1,LTX-0005677,BKG-001581,45,45
5678,4662,20250117,900,1,LTX-0005678,BKG-008269,31,76
5679,4662,20250320,900,1,LTX-0005679,BKG-010830,50,126
5680,4662,20250521,900,1,LTX-0005680,BKG-009362,26,152
5681,4662,20250524,900,1,LTX-0005681,BKG-007350,32,184
5682,37,20250323,900,1,LTX-0005682,BKG-001583,31,31
5683,37,20250612,900,1,LTX-0005683,BKG-010432,39,70
5684,37,20250704,900,1,LTX-0005684,BKG-006375,51,121
5685,37,20251203,900,1,LTX-0005685,BKG-003715,64,185
5686,37,20251204,900,1,LTX-0005686,BKG-008432,36,221
5687,4213,20250424,900,1,LTX-0005687,BKG-001585,50,50
5688,1196,20250825,900,1,LTX-0005688,BKG-004167,29,29
5689,1196,20250918,900,1,LTX-0005689,BKG-001586,48,77
5690,1196,20250920,900,1,LTX-0005690,BKG-003276,47,124
5691,3112,20241225,900,1,LTX-0005691,BKG-004300,34,34
5692,3112,20250514,900,1,LTX-0005692,BKG-001587,56,90
5693,3112,20250613,900,1,LTX-0005693,BKG-009433,52,142
5694,3112,20250628,900,1,LTX-0005694,BKG-008892,28,170
5695,3112,20250718,900,1,LTX-0005695,BKG-009668,38,208
5696,3113,20250907,900,1,LTX-0005696,BKG-010992,72,280
5697,3113,20250926,900,1,LTX-0005697,BKG-012342,74,354
5698,3113,20251217,900,1,LTX-0005698,BKG-008852,64,418
5699,4733,20241212,900,1,LTX-0005699,BKG-001588,64,64
5700,4733,20250125,900,1,LTX-0005700,BKG-003389,66,130
5701,4733,20250125,1800,2,LTX-0005701,BKG-003389,-30,100
5702,4734,20250713,900,1,LTX-0005702,BKG-002084,40,140
5703,4305,20250530,900,1,LTX-0005703,BKG-007313,74,74
5704,4305,20250618,900,1,LTX-0005704,BKG-001594,9,83
5705,1258,20250326,900,1,LTX-0005705,BKG-006471,10,10
5706,1258,20250919,900,1,LTX-0005706,BKG-001595,26,36
5707,1258,20250922,900,1,LTX-0005707,BKG-003497,26,62
5708,1258,20251124,900,1,LTX-0005708,BKG-001715,30,92
5709,641,20250501,900,1,LTX-0005709,BKG-008915,35,35
5710,641,20250630,900,1,LTX-0005710,BKG-004298,41,76
5711,641,20250806,900,1,LTX-0005711,BKG-005446,56,132
5712,641,20250806,1800,2,LTX-0005712,BKG-005446,-20,112
5713,641,20250808,900,1,LTX-0005713,BKG-001596,18,130
5714,2610,20250312,900,1,LTX-0005714,BKG-001597,63,63
5715,2610,20250312,1800,2,LTX-0005715,BKG-001597,-30,33
5716,2610,20250601,900,1,LTX-0005716,BKG-002952,37,70
5717,2610,20250608,900,1,LTX-0005717,BKG-002849,27,97
5718,2610,20250816,900,1,LTX-0005718,BKG-009257,16,113
5719,2864,20250510,900,1,LTX-0005719,BKG-005869,30,30
5720,2864,20250512,900,1,LTX-0005720,BKG-002792,74,104
5721,2864,20250516,900,1,LTX-0005721,BKG-010781,40,144
5722,2864,20250607,900,1,LTX-0005722,BKG-007766,24,168
5723,2864,20250701,900,1,LTX-0005723,BKG-009353,22,190
5724,2864,20250920,900,1,LTX-0005724,BKG-001598,46,236
5725,2864,20251004,900,1,LTX-0005725,BKG-012264,19,255
5726,2864,20251112,900,1,LTX-0005726,BKG-012356,12,267
5727,2864,20251113,900,1,LTX-0005727,BKG-005321,66,333
5728,237,20250417,900,1,LTX-0005728,BKG-006931,44,44
5729,237,20250517,900,1,LTX-0005729,BKG-009561,29,73
5730,237,20250704,900,1,LTX-0005730,BKG-005781,25,98
5731,237,20251213,900,1,LTX-0005731,BKG-001600,75,173
5732,1154,20250529,900,1,LTX-0005732,BKG-002177,37,37
5733,1154,20251018,900,1,LTX-0005733,BKG-001601,46,83
5734,1154,20251018,1800,2,LTX-0005734,BKG-001601,-20,63
5735,1541,20250416,900,1,LTX-0005735,BKG-003343,20,20
5736,1541,20250713,900,1,LTX-0005736,BKG-007682,22,42
5737,1541,20250716,900,1,LTX-0005737,BKG-001602,53,95
5738,1541,20250803,900,1,LTX-0005738,BKG-010726,28,123
5739,1541,20250803,1800,2,LTX-0005739,BKG-010726,-20,103
5740,1541,20250826,900,1,LTX-0005740,BKG-011830,40,143
5741,1541,20251206,900,1,LTX-0005741,BKG-004285,93,236
5742,228,20250917,900,1,LTX-0005742,BKG-003894,34,34
5743,228,20251003,900,1,LTX-0005743,BKG-001603,64,98
5744,228,20251208,900,1,LTX-0005744,BKG-007071,61,159
5745,4490,20250224,900,1,LTX-0005745,BKG-011096,57,57
5746,4490,20250224,1800,2,LTX-0005746,BKG-011096,-10,47
5747,4491,20250903,900,1,LTX-0005747,BKG-001604,46,93
5748,4491,20251120,900,1,LTX-0005748,BKG-005034,19,112
5749,4491,20251120,1800,2,LTX-0005749,BKG-005034,-20,92
5750,4491,20251201,900,1,LTX-0005750,BKG-003478,43,135
5751,3733,20250129,900,1,LTX-0005751,BKG-001607,40,40
5752,3733,20250129,1800,2,LTX-0005752,BKG-001607,-10,30
5753,3733,20250429,900,1,LTX-0005753,BKG-006873,36,66
5754,3733,20250907,900,1,LTX-0005754,BKG-005176,51,117
5755,3733,20251122,900,1,LTX-0005755,BKG-010205,40,157
5756,3733,20251128,900,1,LTX-0005756,BKG-009509,66,223
5757,655,20250510,900,1,LTX-0005757,BKG-006278,31,31
5758,655,20250531,900,1,LTX-0005758,BKG-012058,26,57
5759,655,20250620,900,1,LTX-0005759,BKG-001608,85,142
5760,655,20250910,900,1,LTX-0005760,BKG-004931,10,152
5761,3926,20250524,900,1,LTX-0005761,BKG-009854,20,20
5762,3927,20251019,900,1,LTX-0005762,BKG-001609,63,83
5763,3927,20251019,900,1,LTX-0005763,BKG-004652,14,97
5764,3927,20251127,900,1,LTX-0005764,BKG-009531,18,115
5765,570,20250415,900,1,LTX-0005765,BKG-009403,6,6
5766,570,20250630,900,1,LTX-0005766,BKG-009045,75,81
5767,570,20250710,900,1,LTX-0005767,BKG-001614,35,116
5768,570,20250710,1800,2,LTX-0005768,BKG-001614,-10,106
5769,570,20251111,900,1,LTX-0005769,BKG-003322,35,141
5770,570,20251111,900,1,LTX-0005770,BKG-006819,51,192
5771,2314,20250409,900,1,LTX-0005771,BKG-010980,26,26
5772,2314,20250409,1800,2,LTX-0005772,BKG-010980,-20,6
5773,2314,20250427,900,1,LTX-0005773,BKG-001616,16,22
5774,2314,20250812,900,1,LTX-0005774,BKG-011156,24,46
5775,2314,20250822,900,1,LTX-0005775,BKG-010521,18,64
5776,3974,20250117,900,1,LTX-0005776,BKG-001617,24,24
5777,3974,20250712,900,1,LTX-0005777,BKG-010274,32,56
5778,3975,20251109,900,1,LTX-0005778,BKG-003943,40,96
5779,4808,20241226,900,1,LTX-0005779,BKG-001618,30,30
5780,4808,20250106,900,1,LTX-0005780,BKG-002240,32,62
5781,4808,20250606,900,1,LTX-0005781,BKG-004616,58,120
5782,4808,20250717,900,1,LTX-0005782,BKG-008664,30,150
5783,4808,20250718,900,1,LTX-0005783,BKG-004577,25,175
5784,4808,20250904,900,1,LTX-0005784,BKG-001856,39,214
5785,4809,20251114,900,1,LTX-0005785,BKG-008231,20,234
5786,4252,20250611,900,1,LTX-0005786,BKG-001801,43,43
5787,4252,20251007,900,1,LTX-0005787,BKG-001620,16,59
5788,4252,20251116,900,1,LTX-0005788,BKG-004719,11,70
5789,293,20250206,900,1,LTX-0005789,BKG-001623,47,47
5790,293,20250507,900,1,LTX-0005790,BKG-011463,60,107
5791,293,20250524,900,1,LTX-0005791,BKG-004368,31,138
5792,293,20251104,900,1,LTX-0005792,BKG-005993,56,194
5793,293,20251110,900,1,LTX-0005793,BKG-006925,36,230
5794,293,20251110,1800,2,LTX-0005794,BKG-006925,-20,210
5795,959,20250204,900,1,LTX-0005795,BKG-005024,21,21
5796,959,20250615,900,1,LTX-0005796,BKG-008130,50,71
5797,959,20250924,900,1,LTX-0005797,BKG-001624,76,147
5798,3455,20250303,900,1,LTX-0005798,BKG-007808,55,55
5799,3456,20250702,900,1,LTX-0005799,BKG-005681,7,62
5800,3456,20250709,900,1,LTX-0005800,BKG-004815,58,120
5801,3456,20250906,900,1,LTX-0005801,BKG-007013,56,176
5802,3456,20250907,900,1,LTX-0005802,BKG-004350,25,201
5803,3456,20250929,900,1,LTX-0005803,BKG-001625,60,261
5804,3456,20251127,900,1,LTX-0005804,BKG-001759,40,301
5805,1107,20250618,900,1,LTX-0005805,BKG-010867,9,9
5806,1108,20251101,900,1,LTX-0005806,BKG-001626,23,32
5807,1108,20251115,900,1,LTX-0005807,BKG-002458,45,77
5808,105,20241222,900,1,LTX-0005808,BKG-010355,28,28
5809,105,20251110,900,1,LTX-0005809,BKG-001628,51,79
5810,105,20251110,1800,2,LTX-0005810,BKG-001628,-30,49
5811,51,20250124,900,1,LTX-0005811,BKG-009462,44,44
5812,51,20250219,900,1,LTX-0005812,BKG-001629,31,75
5813,51,20250222,900,1,LTX-0005813,BKG-007221,69,144
5814,2034,20250309,900,1,LTX-0005814,BKG-006292,63,63
5815,2034,20250705,900,1,LTX-0005815,BKG-001630,20,83
5816,2034,20251117,900,1,LTX-0005816,BKG-010000,16,99
5817,2034,20251120,900,1,LTX-0005817,BKG-003870,20,119
5818,4597,20250601,900,1,LTX-0005818,BKG-012007,36,36
5819,4597,20250818,900,1,LTX-0005819,BKG-001631,62,98
5820,4597,20250821,900,1,LTX-0005820,BKG-002499,45,143
5821,4597,20251203,900,1,LTX-0005821,BKG-010026,72,215
5822,3757,20250624,900,1,LTX-0005822,BKG-001632,52,52
5823,3757,20250704,900,1,LTX-0005823,BKG-010038,44,96
5824,3757,20250718,900,1,LTX-0005824,BKG-005914,42,138
5825,3269,20241228,900,1,LTX-0005825,BKG-001634,71,71
5826,3269,20241228,1800,2,LTX-0005826,BKG-001634,-10,61
5827,3269,20250621,900,1,LTX-0005827,BKG-006331,77,138
5828,3269,20250918,900,1,LTX-0005828,BKG-002895,48,186
5829,180,20241226,900,1,LTX-0005829,BKG-011430,84,84
5830,180,20250415,900,1,LTX-0005830,BKG-003514,59,143
5831,180,20250621,900,1,LTX-0005831,BKG-003879,87,230
5832,180,20250622,900,1,LTX-0005832,BKG-001637,41,271
5833,180,20250714,900,1,LTX-0005833,BKG-009583,42,313
5834,180,20250714,1800,2,LTX-0005834,BKG-009583,-30,283
5835,180,20250804,900,1,LTX-0005835,BKG-004396,59,342
5836,180,20250918,900,1,LTX-0005836,BKG-007614,26,368
5837,87,20250119,900,1,LTX-0005837,BKG-010718,37,37
5838,87,20250121,900,1,LTX-0005838,BKG-007677,47,84
5839,87,20250410,900,1,LTX-0005839,BKG-009057,71,155
5840,87,20250601,900,1,LTX-0005840,BKG-010941,49,204
5841,87,20250618,900,1,LTX-0005841,BKG-006942,86,290
5842,87,20250618,1800,2,LTX-0005842,BKG-006942,-10,280
5843,87,20250707,900,1,LTX-0005843,BKG-001638,15,295
5844,155,20250502,900,1,LTX-0005844,BKG-007679,65,65
5845,155,20250503,900,1,LTX-0005845,BKG-001639,45,110
5846,155,20250523,900,1,LTX-0005846,BKG-004734,46,156
5847,156,20251108,900,1,LTX-0005847,BKG-005956,20,176
5848,1048,20250818,900,1,LTX-0005848,BKG-001640,63,63
5849,1048,20251021,900,1,LTX-0005849,BKG-009859,46,109
5850,3818,20250605,900,1,LTX-0005850,BKG-001641,30,30
5851,3818,20250625,900,1,LTX-0005851,BKG-011110,54,84
5852,3818,20250625,1800,2,LTX-0005852,BKG-011110,-10,74
5853,3818,20250907,900,1,LTX-0005853,BKG-001659,73,147
5854,662,20250512,900,1,LTX-0005854,BKG-011923,6,6
5855,662,20250902,900,1,LTX-0005855,BKG-001643,28,34
5856,662,20251101,900,1,LTX-0005856,BKG-010901,66,100
5857,1086,20250129,900,1,LTX-0005857,BKG-001644,67,67
5858,1086,20250402,900,1,LTX-0005858,BKG-005010,10,77
5859,1086,20251130,900,1,LTX-0005859,BKG-008919,21,98
5860,792,20250616,900,1,LTX-0005860,BKG-001645,37,37
5861,792,20250616,1800,2,LTX-0005861,BKG-001645,-10,27
5862,2411,20250809,900,1,LTX-0005862,BKG-003750,20,20
5863,2411,20251215,900,1,LTX-0005863,BKG-001646,43,63
5864,3309,20250123,900,1,LTX-0005864,BKG-001647,6,6
5865,3309,20250707,900,1,LTX-0005865,BKG-001649,57,63
5866,3309,20251203,900,1,LTX-0005866,BKG-006416,58,121
5867,3823,20241224,900,1,LTX-0005867,BKG-005012,68,68
5868,3823,20250207,900,1,LTX-0005868,BKG-011772,37,105
5869,3823,20250619,900,1,LTX-0005869,BKG-010292,119,224
5870,3823,20250709,900,1,LTX-0005870,BKG-001650,62,286
5871,3823,20250724,900,1,LTX-0005871,BKG-006329,8,294
5872,3823,20251112,900,1,LTX-0005872,BKG-007370,49,343
5873,3823,20251112,1800,2,LTX-0005873,BKG-007370,-20,323
5874,113,20241211,900,1,LTX-0005874,BKG-005308,18,18
5875,113,20250511,900,1,LTX-0005875,BKG-005284,47,65
5876,113,20250511,1800,2,LTX-0005876,BKG-005284,-30,35
5877,114,20251126,900,1,LTX-0005877,BKG-003033,18,53
5878,114,20251204,900,1,LTX-0005878,BKG-001651,48,101
5879,114,20251204,900,1,LTX-0005879,BKG-004384,40,141
5880,2380,20250424,900,1,LTX-0005880,BKG-009425,47,47
5881,2380,20250516,900,1,LTX-0005881,BKG-001653,39,86
5882,2380,20250531,900,1,LTX-0005882,BKG-009656,53,139
5883,2380,20250531,900,1,LTX-0005883,BKG-009867,33,172
5884,2380,20250612,900,1,LTX-0005884,BKG-003012,63,235
5885,2380,20250612,1800,2,LTX-0005885,BKG-003012,-30,205
5886,1699,20250526,900,1,LTX-0005886,BKG-009997,60,60
5887,1699,20251109,900,1,LTX-0005887,BKG-001655,41,101
5888,1024,20241225,900,1,LTX-0005888,BKG-001656,28,28
5889,1024,20250121,900,1,LTX-0005889,BKG-004807,33,61
5890,1024,20250610,900,1,LTX-0005890,BKG-008834,44,105
5891,1024,20250721,900,1,LTX-0005891,BKG-010098,62,167
5892,1024,20250810,900,1,LTX-0005892,BKG-006611,23,190
5893,4938,20250221,900,1,LTX-0005893,BKG-001658,74,74
5894,4938,20250523,900,1,LTX-0005894,BKG-005845,35,109
5895,4938,20250616,900,1,LTX-0005895,BKG-010162,33,142
5896,4938,20250726,900,1,LTX-0005896,BKG-006676,68,210
5897,2754,20250208,900,1,LTX-0005897,BKG-001660,81,81
5898,2754,20250615,900,1,LTX-0005898,BKG-006647,86,167
5899,2482,20250122,900,1,LTX-0005899,BKG-005357,53,53
5900,2482,20250815,900,1,LTX-0005900,BKG-001661,51,104
5901,2482,20250815,1800,2,LTX-0005901,BKG-001661,-20,84
5902,2482,20251127,900,1,LTX-0005902,BKG-006179,84,168
5903,2482,20251127,1800,2,LTX-0005903,BKG-006179,-20,148
5904,2482,20251210,900,1,LTX-0005904,BKG-004230,38,186
5905,2482,20251210,1800,2,LTX-0005905,BKG-004230,-10,176
5906,2355,20250616,900,1,LTX-0005906,BKG-001664,10,10
5907,2355,20250928,900,1,LTX-0005907,BKG-002994,38,48
5908,3068,20250811,900,1,LTX-0005908,BKG-005561,27,27
5909,3068,20250821,900,1,LTX-0005909,BKG-001911,56,83
5910,3068,20250913,900,1,LTX-0005910,BKG-001666,37,120
5911,3068,20251121,900,1,LTX-0005911,BKG-007307,38,158
5912,3068,20251203,900,1,LTX-0005912,BKG-008910,28,186
5913,1037,20250924,900,1,LTX-0005913,BKG-011271,42,42
5914,1037,20251117,900,1,LTX-0005914,BKG-001667,15,57
5915,1942,20250520,900,1,LTX-0005915,BKG-001670,56,56
5916,1942,20250520,1800,2,LTX-0005916,BKG-001670,-30,26
5917,1942,20250719,900,1,LTX-0005917,BKG-002129,51,77
5918,1942,20251212,900,1,LTX-0005918,BKG-002319,23,100
5919,4617,20250624,900,1,LTX-0005919,BKG-001672,22,22
5920,4617,20251220,900,1,LTX-0005920,BKG-008698,58,80
5921,695,20250217,900,1,LTX-0005921,BKG-004841,78,78
5922,695,20250523,900,1,LTX-0005922,BKG-001676,76,154
5923,695,20251111,900,1,LTX-0005923,BKG-009284,39,193
5924,1784,20250117,900,1,LTX-0005924,BKG-002017,42,42
5925,1784,20250520,900,1,LTX-0005925,BKG-011542,58,100
5926,1784,20250709,900,1,LTX-0005926,BKG-001677,39,139
5927,2947,20241231,900,1,LTX-0005927,BKG-012090,46,46
5928,2947,20250318,900,1,LTX-0005928,BKG-001679,29,75
5929,2947,20250626,900,1,LTX-0005929,BKG-008839,36,111
5930,1578,20250101,900,1,LTX-0005930,BKG-001680,36,36
5931,1578,20250101,1800,2,LTX-0005931,BKG-001680,-10,26
5932,1578,20250201,900,1,LTX-0005932,BKG-006302,46,72
5933,1578,20250705,900,1,LTX-0005933,BKG-003840,45,117
5934,1578,20251015,900,1,LTX-0005934,BKG-004525,22,139
5935,1578,20251115,900,1,LTX-0005935,BKG-010849,43,182
5936,1578,20251115,1800,2,LTX-0005936,BKG-010849,-30,152
5937,338,20250220,900,1,LTX-0005937,BKG-010027,24,24
5938,338,20250906,900,1,LTX-0005938,BKG-001686,24,48
5939,338,20250921,900,1,LTX-0005939,BKG-010306,69,117
5940,338,20251114,900,1,LTX-0005940,BKG-007087,28,145
5941,2507,20250215,900,1,LTX-0005941,BKG-003081,26,26
5942,2507,20250310,900,1,LTX-0005942,BKG-005171,36,62
5943,2507,20250408,900,1,LTX-0005943,BKG-005332,27,89
5944,2507,20250818,900,1,LTX-0005944,BKG-001688,24,113
5945,2507,20250920,900,1,LTX-0005945,BKG-008611,24,137
5946,3465,20250530,900,1,LTX-0005946,BKG-011137,26,26
5947,3465,20250604,900,1,LTX-0005947,BKG-010247,29,55
5948,3465,20250711,900,1,LTX-0005948,BKG-009465,34,89
5949,3465,20250901,900,1,LTX-0005949,BKG-001689,50,139
5950,3465,20250901,1800,2,LTX-0005950,BKG-001689,-20,119
5951,3465,20251109,900,1,LTX-0005951,BKG-001705,26,145
5952,3465,20251124,900,1,LTX-0005952,BKG-010876,64,209
5953,2906,20250214,900,1,LTX-0005953,BKG-001690,56,56
5954,2906,20250529,900,1,LTX-0005954,BKG-010837,85,141
5955,2906,20250720,900,1,LTX-0005955,BKG-009977,32,173
5956,2906,20250803,900,1,LTX-0005956,BKG-010471,8,181
5957,2906,20251006,900,1,LTX-0005957,BKG-011006,31,212
5958,2906,20251115,900,1,LTX-0005958,BKG-002101,41,253
5959,1040,20250224,900,1,LTX-0005959,BKG-001691,38,38
5960,1040,20250224,1800,2,LTX-0005960,BKG-001691,-30,8
5961,1040,20250601,900,1,LTX-0005961,BKG-011273,85,93
5962,1040,20250710,900,1,LTX-0005962,BKG-004434,51,144
5963,1040,20250727,900,1,LTX-0005963,BKG-003207,27,171
5964,1040,20251002,900,1,LTX-0005964,BKG-005412,45,216
5965,1040,20251005,900,1,LTX-0005965,BKG-002296,36,252
5966,1040,20251210,900,1,LTX-0005966,BKG-004347,34,286
5967,2982,20250205,900,1,LTX-0005967,BKG-008021,55,55
5968,2982,20250510,900,1,LTX-0005968,BKG-009094,30,85
5969,2982,20250530,900,1,LTX-0005969,BKG-002741,24,109
5970,2982,20251121,900,1,LTX-0005970,BKG-004360,57,166
5971,2982,20251127,900,1,LTX-0005971,BKG-001692,13,179
5972,2982,20251204,900,1,LTX-0005972,BKG-007804,51,230
5973,2363,20250602,900,1,LTX-0005973,BKG-001693,36,36
5974,2363,20250705,900,1,LTX-0005974,BKG-005096,50,86
5975,1428,20250717,900,1,LTX-0005975,BKG-010756,82,82
5976,1428,20250830,900,1,LTX-0005976,BKG-001694,42,124
5977,1428,20250830,900,1,LTX-0005977,BKG-003092,38,162
5978,1428,20251012,900,1,LTX-0005978,BKG-011801,24,186
5979,1428,20251012,1800,2,LTX-0005979,BKG-011801,-20,166
5980,4939,20250120,900,1,LTX-0005980,BKG-002427,63,63
5981,4939,20250120,1800,2,LTX-0005981,BKG-002427,-30,33
5982,4939,20250316,900,1,LTX-0005982,BKG-005490,52,85
5983,4939,20250525,900,1,LTX-0005983,BKG-004000,16,101
5984,4939,20250717,900,1,LTX-0005984,BKG-002946,32,133
5985,4939,20251203,900,1,LTX-0005985,BKG-004915,53,186
5986,4939,20251204,900,1,LTX-0005986,BKG-001695,46,232
5987,4939,20251206,900,1,LTX-0005987,BKG-002624,71,303
5988,4822,20250108,900,1,LTX-0005988,BKG-012478,40,40
5989,4822,20250510,900,1,LTX-0005989,BKG-009024,24,64
5990,4822,20250628,900,1,LTX-0005990,BKG-009148,22,86
5991,4822,20250813,900,1,LTX-0005991,BKG-011625,56,142
5992,4822,20250922,900,1,LTX-0005992,BKG-010625,38,180
5993,4822,20251020,900,1,LTX-0005993,BKG-009747,64,244
5994,4822,20251125,900,1,LTX-0005994,BKG-008928,48,292
5995,4822,20251125,1800,2,LTX-0005995,BKG-008928,-30,262
5996,4822,20251216,900,1,LTX-0005996,BKG-001697,31,293
5997,1508,20250313,900,1,LTX-0005997,BKG-001698,42,42
5998,1508,20250602,900,1,LTX-0005998,BKG-006043,26,68
5999,1508,20250605,900,1,LTX-0005999,BKG-010560,59,127
6000,1042,20250516,900,1,LTX-0006000,BKG-010452,57,57
6001,1042,20250603,900,1,LTX-0006001,BKG-001702,25,82
6002,1042,20250603,1800,2,LTX-0006002,BKG-001702,-30,52
6003,1042,20250702,900,1,LTX-0006003,BKG-005971,70,122
6004,3996,20250423,900,1,LTX-0006004,BKG-006288,63,63
6005,3996,20250523,900,1,LTX-0006005,BKG-008038,27,90
6006,3996,20250719,900,1,LTX-0006006,BKG-001707,42,132
6007,4705,20241216,900,1,LTX-0006007,BKG-004464,31,31
6008,4705,20250604,900,1,LTX-0006008,BKG-004217,58,89
6009,4705,20250829,900,1,LTX-0006009,BKG-001708,18,107
6010,4705,20250906,900,1,LTX-0006010,BKG-003896,43,150
6011,4705,20251211,900,1,LTX-0006011,BKG-002426,53,203
6012,4705,20251211,1800,2,LTX-0006012,BKG-002426,-20,183
6013,2691,20250106,900,1,LTX-0006013,BKG-009356,40,40
6014,2691,20250113,900,1,LTX-0006014,BKG-011587,6,46
6015,2691,20250130,900,1,LTX-0006015,BKG-011514,48,94
6016,2691,20250301,900,1,LTX-0006016,BKG-001713,28,122
6017,2692,20250917,900,1,LTX-0006017,BKG-001995,66,188
6018,3692,20250224,900,1,LTX-0006018,BKG-001714,63,63
6019,559,20250221,900,1,LTX-0006019,BKG-001716,10,10
6020,559,20250827,900,1,LTX-0006020,BKG-005613,26,36
6021,3653,20250530,900,1,LTX-0006021,BKG-012188,48,48
6022,3653,20250610,900,1,LTX-0006022,BKG-002987,100,148
6023,3653,20250610,1800,2,LTX-0006023,BKG-002987,-30,118
6024,3653,20250628,900,1,LTX-0006024,BKG-002530,16,134
6025,3653,20250714,900,1,LTX-0006025,BKG-001717,50,184
6026,4341,20250114,900,1,LTX-0006026,BKG-001718,18,18
6027,4341,20250311,900,1,LTX-0006027,BKG-006010,43,61
6028,4341,20250702,900,1,LTX-0006028,BKG-012025,90,151
6029,4341,20250710,900,1,LTX-0006029,BKG-002403,40,191
6030,4341,20251118,900,1,LTX-0006030,BKG-003691,17,208
6031,2124,20250320,900,1,LTX-0006031,BKG-006076,64,64
6032,2124,20250515,900,1,LTX-0006032,BKG-008887,32,96
6033,2124,20250519,900,1,LTX-0006033,BKG-007424,64,160
6034,2124,20250521,900,1,LTX-0006034,BKG-006792,22,182
6035,2124,20250527,900,1,LTX-0006035,BKG-001719,29,211
6036,2124,20250811,900,1,LTX-0006036,BKG-005055,39,250
6037,2125,20251106,900,1,LTX-0006037,BKG-003802,58,308
6038,2125,20251116,900,1,LTX-0006038,BKG-010534,21,329
6039,3457,20250501,900,1,LTX-0006039,BKG-007449,68,68
6040,3457,20250616,900,1,LTX-0006040,BKG-010673,39,107
6041,3457,20251001,900,1,LTX-0006041,BKG-005983,16,123
6042,3457,20251111,900,1,LTX-0006042,BKG-001721,39,162
6043,4695,20250220,900,1,LTX-0006043,BKG-001722,62,62
6044,4695,20250622,900,1,LTX-0006044,BKG-009989,41,103
6045,501,20250512,900,1,LTX-0006045,BKG-001723,22,22
6046,501,20250726,900,1,LTX-0006046,BKG-008525,22,44
6047,501,20250828,900,1,LTX-0006047,BKG-007912,32,76
6048,501,20251119,900,1,LTX-0006048,BKG-010164,22,98
6049,501,20251123,900,1,LTX-0006049,BKG-007902,26,124
6050,2560,20250622,900,1,LTX-0006050,BKG-001724,54,54
6051,2560,20250812,900,1,LTX-0006051,BKG-003622,10,64
6052,2560,20250913,900,1,LTX-0006052,BKG-012352,70,134
6053,2560,20251203,900,1,LTX-0006053,BKG-004582,25,159
6054,1169,20251106,900,1,LTX-0006054,BKG-001725,78,78
6055,4486,20241223,900,1,LTX-0006055,BKG-001726,44,44
6056,4486,20250101,900,1,LTX-0006056,BKG-012440,28,72
6057,4486,20250101,1800,2,LTX-0006057,BKG-012440,-10,62
6058,4487,20250703,900,1,LTX-0006058,BKG-009603,87,149
6059,162,20250519,900,1,LTX-0006059,BKG-005783,59,59
6060,162,20250613,900,1,LTX-0006060,BKG-001727,43,102
6061,162,20251210,900,1,LTX-0006061,BKG-005101,32,134
6062,4736,20250118,900,1,LTX-0006062,BKG-004737,66,66
6063,4736,20250802,900,1,LTX-0006063,BKG-009014,8,74
6064,4736,20250817,900,1,LTX-0006064,BKG-001728,41,115
6065,4736,20250817,1800,2,LTX-0006065,BKG-001728,-30,85
6066,4736,20250827,900,1,LTX-0006066,BKG-004179,76,161
6067,4736,20250827,1800,2,LTX-0006067,BKG-004179,-10,151
6068,2266,20250414,900,1,LTX-0006068,BKG-011361,22,22
6069,2266,20250516,900,1,LTX-0006069,BKG-001730,41,63
6070,2266,20250625,900,1,LTX-0006070,BKG-008857,9,72
6071,1575,20250529,900,1,LTX-0006071,BKG-001731,68,68
6072,2000,20250614,900,1,LTX-0006072,BKG-006049,80,80
6073,2000,20250706,900,1,LTX-0006073,BKG-001735,39,119
6074,2000,20250915,900,1,LTX-0006074,BKG-012300,38,157
6075,4862,20250119,900,1,LTX-0006075,BKG-005076,24,24
6076,4862,20250415,900,1,LTX-0006076,BKG-009685,9,33
6077,4862,20250417,900,1,LTX-0006077,BKG-001736,42,75
6078,4862,20250719,900,1,LTX-0006078,BKG-006119,56,131
6079,4862,20251022,900,1,LTX-0006079,BKG-003258,26,157
6080,4862,20251212,900,1,LTX-0006080,BKG-009941,45,202
6081,2796,20250706,900,1,LTX-0006081,BKG-007867,56,56
6082,2796,20251107,900,1,LTX-0006082,BKG-001737,16,72
6083,3407,20250524,900,1,LTX-0006083,BKG-001739,56,56
6084,3407,20250817,900,1,LTX-0006084,BKG-010254,40,96
6085,3407,20251118,900,1,LTX-0006085,BKG-012454,28,124
6086,776,20250306,900,1,LTX-0006086,BKG-005106,20,20
6087,776,20250518,900,1,LTX-0006087,BKG-005738,54,74
6088,776,20250519,900,1,LTX-0006088,BKG-007146,72,146
6089,777,20250623,900,1,LTX-0006089,BKG-002526,17,163
6090,777,20250624,900,1,LTX-0006090,BKG-001741,46,209
6091,777,20251123,900,1,LTX-0006091,BKG-002278,11,220
6092,777,20251129,900,1,LTX-0006092,BKG-006907,74,294
6093,1904,20250808,900,1,LTX-0006093,BKG-009269,54,54
6094,1904,20251207,900,1,LTX-0006094,BKG-001742,30,84
6095,3239,20250523,900,1,LTX-0006095,BKG-001743,69,69
6096,3239,20251005,900,1,LTX-0006096,BKG-011594,73,142
6097,2763,20250227,900,1,LTX-0006097,BKG-001744,30,30
6098,2763,20250611,900,1,LTX-0006098,BKG-006911,27,57
6099,2763,20250621,900,1,LTX-0006099,BKG-002367,21,78
6100,2764,20251108,900,1,LTX-0006100,BKG-005391,56,134
6101,2823,20250216,900,1,LTX-0006101,BKG-001746,46,46
6102,2823,20250216,1800,2,LTX-0006102,BKG-001746,-10,36
6103,2823,20250616,900,1,LTX-0006103,BKG-011661,20,56
6104,2823,20250705,900,1,LTX-0006104,BKG-006366,34,90
6105,2823,20250705,1800,2,LTX-0006105,BKG-006366,-10,80
6106,2823,20250924,900,1,LTX-0006106,BKG-001870,30,110
6107,2823,20251119,900,1,LTX-0006107,BKG-003799,60,170
6108,1518,20250305,900,1,LTX-0006108,BKG-001749,36,36
6109,1518,20250314,900,1,LTX-0006109,BKG-007816,58,94
6110,1519,20250920,900,1,LTX-0006110,BKG-012131,40,134
6111,4698,20241228,900,1,LTX-0006111,BKG-003698,25,25
6112,4698,20250112,900,1,LTX-0006112,BKG-001750,51,76
6113,4698,20250510,900,1,LTX-0006113,BKG-009776,60,136
6114,4698,20250603,900,1,LTX-0006114,BKG-007772,12,148
6115,4698,20250920,900,1,LTX-0006115,BKG-006146,28,176
6116,4698,20250920,1800,2,LTX-0006116,BKG-006146,-10,166
6117,4698,20251210,900,1,LTX-0006117,BKG-009033,56,222
6118,4595,20241212,900,1,LTX-0006118,BKG-012401,24,24
6119,4595,20250211,900,1,LTX-0006119,BKG-007977,40,64
6120,4596,20250415,900,1,LTX-0006120,BKG-009497,80,144
6121,4596,20250512,900,1,LTX-0006121,BKG-005710,30,174
6122,4596,20250516,900,1,LTX-0006122,BKG-002128,44,218
6123,4596,20250611,900,1,LTX-0006123,BKG-010915,59,277
6124,4596,20250627,900,1,LTX-0006124,BKG-010800,53,330
6125,4596,20251126,900,1,LTX-0006125,BKG-001752,19,349
6126,4596,20251126,1800,2,LTX-0006126,BKG-001752,-30,319
6127,4596,20251205,900,1,LTX-0006127,BKG-002235,19,338
6128,3564,20250503,900,1,LTX-0006128,BKG-011326,28,28
6129,3565,20250610,900,1,LTX-0006129,BKG-005142,18,46
6130,3565,20250628,900,1,LTX-0006130,BKG-006214,36,82
6131,3565,20250829,900,1,LTX-0006131,BKG-008154,42,124
6132,3565,20251119,900,1,LTX-0006132,BKG-001754,72,196
6133,1841,20250322,900,1,LTX-0006133,BKG-001755,16,16
6134,1841,20250607,900,1,LTX-0006134,BKG-008103,98,114
6135,1841,20250616,900,1,LTX-0006135,BKG-005977,63,177
6136,1841,20250717,900,1,LTX-0006136,BKG-002495,75,252
6137,1841,20250924,900,1,LTX-0006137,BKG-004078,32,284
6138,1841,20251006,900,1,LTX-0006138,BKG-011735,10,294
6139,2669,20241220,900,1,LTX-0006139,BKG-008875,54,54
6140,2669,20241220,1800,2,LTX-0006140,BKG-008875,-30,24
6141,2669,20250125,900,1,LTX-0006141,BKG-001756,41,65
6142,2669,20250303,900,1,LTX-0006142,BKG-003778,26,91
6143,2669,20251124,900,1,LTX-0006143,BKG-002186,32,123
6144,3081,20251013,900,1,LTX-0006144,BKG-011689,18,18
6145,3081,20251209,900,1,LTX-0006145,BKG-001757,65,83
6146,449,20250112,900,1,LTX-0006146,BKG-003916,22,22
6147,449,20250702,900,1,LTX-0006147,BKG-001760,47,69
6148,1840,20251102,900,1,LTX-0006148,BKG-001761,25,25
6149,91,20250430,900,1,LTX-0006149,BKG-003652,34,34
6150,91,20250530,900,1,LTX-0006150,BKG-001762,48,82
6151,91,20250530,1800,2,LTX-0006151,BKG-001762,-10,72
6152,91,20251129,900,1,LTX-0006152,BKG-012473,52,124
6153,91,20251207,900,1,LTX-0006153,BKG-005460,54,178
6154,4015,20250516,900,1,LTX-0006154,BKG-008551,36,36
6155,4015,20250516,1800,2,LTX-0006155,BKG-008551,-30,6
6156,4015,20251112,900,1,LTX-0006156,BKG-001763,57,63
6157,189,20250606,900,1,LTX-0006157,BKG-011149,74,74
6158,189,20250611,900,1,LTX-0006158,BKG-004351,19,93
6159,189,20250623,900,1,LTX-0006159,BKG-001765,60,153
6160,189,20250623,1800,2,LTX-0006160,BKG-001765,-10,143
6161,3911,20250322,900,1,LTX-0006161,BKG-001766,69,69
6162,3912,20250820,900,1,LTX-0006162,BKG-002194,52,121
6163,3912,20250820,1800,2,LTX-0006163,BKG-002194,-10,111
6164,3912,20251012,900,1,LTX-0006164,BKG-007107,50,161
6165,3912,20251117,900,1,LTX-0006165,BKG-004395,60,221
6166,3912,20251117,1800,2,LTX-0006166,BKG-004395,-20,201
6167,2606,20250212,900,1,LTX-0006167,BKG-002847,28,28
6168,2606,20250704,900,1,LTX-0006168,BKG-001767,11,39
6169,2607,20251130,900,1,LTX-0006169,BKG-003298,34,73
6170,4375,20241213,900,1,LTX-0006170,BKG-001768,16,16
6171,4376,20250528,900,1,LTX-0006171,BKG-012429,46,62
6172,4376,20250715,900,1,LTX-0006172,BKG-008515,54,116
6173,4376,20251211,900,1,LTX-0006173,BKG-009965,72,188
6174,607,20250217,900,1,LTX-0006174,BKG-004173,19,19
6175,607,20250409,900,1,LTX-0006175,BKG-011427,38,57
6176,607,20250516,900,1,LTX-0006176,BKG-003080,49,106
6177,607,20250623,900,1,LTX-0006177,BKG-009006,69,175
6178,607,20250712,900,1,LTX-0006178,BKG-011539,36,211
6179,607,20250824,900,1,LTX-0006179,BKG-010113,24,235
6180,607,20251118,900,1,LTX-0006180,BKG-001769,24,259
6181,2039,20250321,900,1,LTX-0006181,BKG-007735,16,16
6182,2039,20250321,1800,2,LTX-0006182,BKG-007735,-10,6
6183,2039,20250403,900,1,LTX-0006183,BKG-009128,33,39
6184,2039,20250615,900,1,LTX-0006184,BKG-004220,102,141
6185,2039,20250624,900,1,LTX-0006185,BKG-001770,30,171
6186,2039,20250624,1800,2,LTX-0006186,BKG-001770,-30,141
6187,2040,20251201,900,1,LTX-0006187,BKG-003227,76,217
6188,2562,20250530,900,1,LTX-0006188,BKG-010811,43,43
6189,2562,20250530,1800,2,LTX-0006189,BKG-010811,-10,33
6190,2562,20250712,900,1,LTX-0006190,BKG-001772,11,44
6191,3855,20250130,900,1,LTX-0006191,BKG-001773,66,66
6192,3855,20250609,900,1,LTX-0006192,BKG-011151,76,142
6193,3855,20250621,900,1,LTX-0006193,BKG-010410,45,187
6194,3855,20250905,900,1,LTX-0006194,BKG-011944,60,247
6195,3855,20251121,900,1,LTX-0006195,BKG-008414,12,259
6196,1585,20250212,900,1,LTX-0006196,BKG-004132,40,40
6197,1585,20250217,900,1,LTX-0006197,BKG-009970,66,106
6198,1585,20250923,900,1,LTX-0006198,BKG-001774,33,139
6199,1585,20251207,900,1,LTX-0006199,BKG-011045,31,170
6200,2412,20250510,900,1,LTX-0006200,BKG-007354,35,35
6201,2412,20250607,900,1,LTX-0006201,BKG-001775,71,106
6202,2412,20250710,900,1,LTX-0006202,BKG-008381,34,140
6203,2413,20250925,900,1,LTX-0006203,BKG-007973,25,165
6204,2413,20251023,900,1,LTX-0006204,BKG-007243,54,219
6205,3728,20250129,900,1,LTX-0006205,BKG-001776,14,14
6206,3728,20250526,900,1,LTX-0006206,BKG-010424,58,72
6207,2824,20250729,900,1,LTX-0006207,BKG-011407,31,31
6208,2824,20250821,900,1,LTX-0006208,BKG-001779,11,42
6209,2824,20251109,900,1,LTX-0006209,BKG-002406,65,107
6210,2824,20251115,900,1,LTX-0006210,BKG-009705,38,145
6211,4712,20250621,900,1,LTX-0006211,BKG-001781,43,43
6212,4712,20250822,900,1,LTX-0006212,BKG-011540,25,68
6213,1952,20250321,900,1,LTX-0006213,BKG-008187,34,34
6214,1953,20250724,900,1,LTX-0006214,BKG-001783,26,60
6215,2889,20250404,900,1,LTX-0006215,BKG-006156,55,55
6216,2889,20250529,900,1,LTX-0006216,BKG-001940,52,107
6217,2890,20251011,900,1,LTX-0006217,BKG-011209,24,131
6218,2890,20251212,900,1,LTX-0006218,BKG-001785,26,157
6219,2890,20251220,900,1,LTX-0006219,BKG-009092,25,182
6220,3061,20250416,900,1,LTX-0006220,BKG-008395,25,25
6221,3061,20250504,900,1,LTX-0006221,BKG-001786,61,86
6222,3061,20250504,1800,2,LTX-0006222,BKG-001786,-20,66
6223,3061,20250606,900,1,LTX-0006223,BKG-006923,63,129
6224,3061,20250618,900,1,LTX-0006224,BKG-002548,74,203
6225,3061,20251019,900,1,LTX-0006225,BKG-008388,32,235
6226,1563,20250320,900,1,LTX-0006226,BKG-001787,43,43
6227,1563,20251214,900,1,LTX-0006227,BKG-008509,47,90
6228,1275,20250112,900,1,LTX-0006228,BKG-011097,16,16
6229,1275,20250418,900,1,LTX-0006229,BKG-001788,51,67
6230,1275,20250903,900,1,LTX-0006230,BKG-005722,52,119
6231,1275,20251103,900,1,LTX-0006231,BKG-004122,52,171
6232,1275,20251128,900,1,LTX-0006232,BKG-006344,42,213
6233,2591,20241209,900,1,LTX-0006233,BKG-012151,54,54
6234,2591,20250114,900,1,LTX-0006234,BKG-009119,55,109
6235,2591,20250114,1800,2,LTX-0006235,BKG-009119,-20,89
6236,2591,20250428,900,1,LTX-0006236,BKG-003366,10,99
6237,2591,20250428,1800,2,LTX-0006237,BKG-003366,-20,79
6238,2591,20250609,900,1,LTX-0006238,BKG-007676,36,115
6239,2591,20250701,900,1,LTX-0006239,BKG-009318,62,177
6240,2591,20251101,900,1,LTX-0006240,BKG-006591,25,202
6241,2591,20251202,900,1,LTX-0006241,BKG-001789,18,220
6242,4241,20250130,900,1,LTX-0006242,BKG-001792,56,56
6243,4241,20250529,900,1,LTX-0006243,BKG-007979,20,76
6244,4241,20250602,900,1,LTX-0006244,BKG-002528,81,157
6245,4241,20251108,900,1,LTX-0006245,BKG-010769,21,178
6246,1331,20250315,900,1,LTX-0006246,BKG-011901,14,14
6247,1331,20250712,900,1,LTX-0006247,BKG-001793,32,46
6248,1331,20251113,900,1,LTX-0006248,BKG-008621,26,72
6249,2689,20250208,900,1,LTX-0006249,BKG-001796,30,30
6250,2689,20250224,900,1,LTX-0006250,BKG-010286,53,83
6251,2689,20250407,900,1,LTX-0006251,BKG-003721,53,136
6252,2689,20251115,900,1,LTX-0006252,BKG-003697,46,182
6253,1392,20250524,900,1,LTX-0006253,BKG-002484,54,54
6254,1392,20250619,900,1,LTX-0006254,BKG-004079,38,92
6255,1392,20251216,900,1,LTX-0006255,BKG-001797,46,138
6256,1392,20251216,1800,2,LTX-0006256,BKG-001797,-10,128
6257,2295,20250610,900,1,LTX-0006257,BKG-001798,45,45
6258,2296,20250806,900,1,LTX-0006258,BKG-003260,14,59
6259,3451,20250510,900,1,LTX-0006259,BKG-010343,47,47
6260,3451,20250525,900,1,LTX-0006260,BKG-001800,60,107
6261,3451,20250525,1800,2,LTX-0006261,BKG-001800,-30,77
6262,3451,20250725,900,1,LTX-0006262,BKG-009753,22,99
6263,3451,20250817,900,1,LTX-0006263,BKG-011370,44,143
6264,3451,20250903,900,1,LTX-0006264,BKG-008109,34,177
6265,2332,20250128,900,1,LTX-0006265,BKG-012102,22,22
6266,2332,20250421,900,1,LTX-0006266,BKG-005598,16,38
6267,2332,20251125,900,1,LTX-0006267,BKG-001802,68,106
6268,2332,20251125,1800,2,LTX-0006268,BKG-001802,-20,86
6269,978,20250707,900,1,LTX-0006269,BKG-008766,62,62
6270,978,20251003,900,1,LTX-0006270,BKG-002998,62,124
6271,978,20251003,1800,2,LTX-0006271,BKG-002998,-30,94
6272,978,20251210,900,1,LTX-0006272,BKG-001804,40,134
6273,2520,20250103,900,1,LTX-0006273,BKG-005031,25,25
6274,2520,20250131,900,1,LTX-0006274,BKG-004104,60,85
6275,2520,20250212,900,1,LTX-0006275,BKG-003763,28,113
6276,2520,20250424,900,1,LTX-0006276,BKG-001805,26,139
6277,2520,20250521,900,1,LTX-0006277,BKG-009201,52,191
6278,201,20241221,900,1,LTX-0006278,BKG-003017,30,30
6279,201,20250516,900,1,LTX-0006279,BKG-005388,27,57
6280,202,20250724,900,1,LTX-0006280,BKG-009241,17,74
6281,202,20250924,900,1,LTX-0006281,BKG-001808,76,150
6282,202,20251028,900,1,LTX-0006282,BKG-004587,23,173
6283,202,20251028,1800,2,LTX-0006283,BKG-004587,-10,163
6284,766,20241209,900,1,LTX-0006284,BKG-001809,46,46
6285,766,20241209,1800,2,LTX-0006285,BKG-001809,-10,36
6286,766,20250601,900,1,LTX-0006286,BKG-005700,17,53
6287,766,20250723,900,1,LTX-0006287,BKG-006256,38,91
6288,766,20251112,900,1,LTX-0006288,BKG-005250,22,113
6289,94,20250515,900,1,LTX-0006289,BKG-001810,88,88
6290,94,20250607,900,1,LTX-0006290,BKG-004138,96,184
6291,94,20250607,1800,2,LTX-0006291,BKG-004138,-20,164
6292,94,20250717,900,1,LTX-0006292,BKG-004904,43,207
6293,94,20250717,1800,2,LTX-0006293,BKG-004904,-10,197
6294,2481,20241225,900,1,LTX-0006294,BKG-001811,15,15
6295,2340,20250124,900,1,LTX-0006295,BKG-012072,77,77
6296,2340,20250124,1800,2,LTX-0006296,BKG-012072,-10,67
6297,2340,20250616,900,1,LTX-0006297,BKG-001812,12,79
6298,2340,20250804,900,1,LTX-0006298,BKG-005367,37,116
6299,4393,20250209,900,1,LTX-0006299,BKG-002096,82,82
6300,4393,20250522,900,1,LTX-0006300,BKG-001814,32,114
6301,4393,20251202,900,1,LTX-0006301,BKG-012438,70,184
6302,1965,20250120,900,1,LTX-0006302,BKG-001815,42,42
6303,1965,20250212,900,1,LTX-0006303,BKG-006016,14,56
6304,1965,20250718,900,1,LTX-0006304,BKG-004497,12,68
6305,1965,20251101,900,1,LTX-0006305,BKG-009701,21,89
6306,1965,20251214,900,1,LTX-0006306,BKG-007775,67,156
6307,1407,20250126,900,1,LTX-0006307,BKG-001816,47,47
6308,1407,20250126,1800,2,LTX-0006308,BKG-001816,-20,27
6309,1407,20250515,900,1,LTX-0006309,BKG-002812,89,116
6310,1407,20250515,900,1,LTX-0006310,BKG-004535,54,170
6311,1407,20251128,900,1,LTX-0006311,BKG-008946,37,207
6312,3365,20250624,900,1,LTX-0006312,BKG-001818,64,64
6313,3365,20250718,900,1,LTX-0006313,BKG-007410,36,100
6314,3365,20250718,1800,2,LTX-0006314,BKG-007410,-10,90
6315,1618,20250309,900,1,LTX-0006315,BKG-006319,12,12
6316,1618,20250409,900,1,LTX-0006316,BKG-007741,42,54
6317,1618,20250409,1800,2,LTX-0006317,BKG-007741,-10,44
6318,1618,20250516,900,1,LTX-0006318,BKG-001819,30,74
6319,1618,20250516,1800,2,LTX-0006319,BKG-001819,-10,64
6320,1618,20250613,900,1,LTX-0006320,BKG-009031,12,76
6321,1618,20250903,900,1,LTX-0006321,BKG-005772,14,90
6322,1618,20251013,900,1,LTX-0006322,BKG-002144,58,148
6323,2140,20250331,900,1,LTX-0006323,BKG-005611,34,34
6324,2140,20250331,1800,2,LTX-0006324,BKG-005611,-30,4
6325,2140,20250702,900,1,LTX-0006325,BKG-001820,54,58
6326,2140,20250704,900,1,LTX-0006326,BKG-006170,8,66
6327,2140,20250704,1800,2,LTX-0006327,BKG-006170,-10,56
6328,2141,20251003,900,1,LTX-0006328,BKG-006978,25,81
6329,2141,20251205,900,1,LTX-0006329,BKG-005455,43,124
6330,3340,20250324,900,1,LTX-0006330,BKG-001822,54,54
6331,3340,20250528,900,1,LTX-0006331,BKG-004774,46,100
6332,2376,20250102,900,1,LTX-0006332,BKG-012190,8,8
6333,2376,20250702,900,1,LTX-0006333,BKG-009273,38,46
6334,2376,20250905,900,1,LTX-0006334,BKG-001823,33,79
6335,4909,20250530,900,1,LTX-0006335,BKG-001824,45,45
6336,4909,20250614,900,1,LTX-0006336,BKG-009245,75,120
6337,1862,20250513,900,1,LTX-0006337,BKG-005997,65,65
6338,1862,20250527,900,1,LTX-0006338,BKG-003588,33,98
6339,1862,20250616,900,1,LTX-0006339,BKG-004221,60,158
6340,1862,20250616,1800,2,LTX-0006340,BKG-004221,-10,148
6341,1862,20250617,900,1,LTX-0006341,BKG-001826,46,194
6342,1862,20251202,900,1,LTX-0006342,BKG-007520,52,246
6343,1862,20251202,1800,2,LTX-0006343,BKG-007520,-20,226
6344,1862,20251204,900,1,LTX-0006344,BKG-002981,54,280
6345,774,20250604,900,1,LTX-0006345,BKG-006510,41,41
6346,774,20250604,1800,2,LTX-0006346,BKG-006510,-20,21
6347,774,20250615,900,1,LTX-0006347,BKG-001827,33,54
6348,774,20250802,900,1,LTX-0006348,BKG-011131,85,139
6349,4779,20241222,900,1,LTX-0006349,BKG-001828,51,51
6350,4779,20250109,900,1,LTX-0006350,BKG-009434,44,95
6351,4779,20250311,900,1,LTX-0006351,BKG-005413,9,104
6352,495,20250701,900,1,LTX-0006352,BKG-001829,57,57
6353,495,20251127,900,1,LTX-0006353,BKG-005652,73,130
6354,3943,20241223,900,1,LTX-0006354,BKG-010161,69,69
6355,3943,20250311,900,1,LTX-0006355,BKG-005608,50,119
6356,3943,20250603,900,1,LTX-0006356,BKG-001833,10,129
6357,3943,20250603,1800,2,LTX-0006357,BKG-001833,-20,109
6358,1946,20250315,900,1,LTX-0006358,BKG-001835,60,60
6359,1946,20251003,900,1,LTX-0006359,BKG-007870,29,89
6360,3209,20250105,900,1,LTX-0006360,BKG-011501,89,89
6361,3209,20251123,900,1,LTX-0006361,BKG-001838,17,106
6362,3209,20251204,900,1,LTX-0006362,BKG-011626,21,127
6363,1286,20250202,900,1,LTX-0006363,BKG-004713,38,38
6364,1286,20250520,900,1,LTX-0006364,BKG-010578,11,49
6365,1286,20250520,1800,2,LTX-0006365,BKG-010578,-20,29
6366,1286,20251010,900,1,LTX-0006366,BKG-001839,44,73
6367,1967,20250226,900,1,LTX-0006367,BKG-011525,59,59
6368,1967,20250613,900,1,LTX-0006368,BKG-001840,100,159
6369,1967,20250825,900,1,LTX-0006369,BKG-002268,48,207
6370,1967,20250825,1800,2,LTX-0006370,BKG-002268,-30,177
6371,4190,20250427,900,1,LTX-0006371,BKG-010503,6,6
6372,4190,20250821,900,1,LTX-0006372,BKG-001841,45,51
6373,1837,20250129,900,1,LTX-0006373,BKG-001844,77,77
6374,1837,20250206,900,1,LTX-0006374,BKG-008473,31,108
6375,1837,20250206,1800,2,LTX-0006375,BKG-008473,-20,88
6376,1837,20250519,900,1,LTX-0006376,BKG-007040,58,146
6377,1837,20250519,1800,2,LTX-0006377,BKG-007040,-10,136
6378,401,20250104,900,1,LTX-0006378,BKG-010734,30,30
6379,401,20250510,900,1,LTX-0006379,BKG-003362,41,71
6380,401,20250512,900,1,LTX-0006380,BKG-007996,50,121
6381,401,20250606,900,1,LTX-0006381,BKG-004461,71,192
6382,401,20250615,900,1,LTX-0006382,BKG-001845,71,263
6383,401,20251129,900,1,LTX-0006383,BKG-008943,33,296
6384,401,20251214,900,1,LTX-0006384,BKG-003692,113,409
6385,2032,20250114,900,1,LTX-0006385,BKG-001846,45,45
6386,2032,20250114,1800,2,LTX-0006386,BKG-001846,-10,35
6387,2033,20250721,900,1,LTX-0006387,BKG-010590,36,71
6388,2033,20251125,900,1,LTX-0006388,BKG-004340,48,119
6389,4131,20250606,900,1,LTX-0006389,BKG-002136,26,26
6390,4131,20250924,900,1,LTX-0006390,BKG-001847,22,48
6391,2761,20250822,900,1,LTX-0006391,BKG-001848,32,32
6392,3059,20250702,900,1,LTX-0006392,BKG-010163,37,37
6393,3059,20250702,1800,2,LTX-0006393,BKG-010163,-10,27
6394,3059,20250707,900,1,LTX-0006394,BKG-001849,90,117
6395,2150,20250121,900,1,LTX-0006395,BKG-007911,21,21
6396,2150,20250515,900,1,LTX-0006396,BKG-001850,92,113
6397,2150,20250609,900,1,LTX-0006397,BKG-006884,60,173
6398,2150,20250925,900,1,LTX-0006398,BKG-004802,20,193
6399,2150,20250925,1800,2,LTX-0006399,BKG-004802,-20,173
6400,2150,20251207,900,1,LTX-0006400,BKG-004559,81,254
6401,174,20250203,900,1,LTX-0006401,BKG-004421,71,71
6402,174,20250203,1800,2,LTX-0006402,BKG-004421,-30,41
6403,174,20250416,900,1,LTX-0006403,BKG-001853,26,67
6404,174,20250613,900,1,LTX-0006404,BKG-004926,92,159
6405,2911,20250627,900,1,LTX-0006405,BKG-002916,12,12
6406,2911,20250706,900,1,LTX-0006406,BKG-008569,60,72
6407,2911,20251115,900,1,LTX-0006407,BKG-012344,58,130
6408,2911,20251201,900,1,LTX-0006408,BKG-001854,48,178
6409,4364,20250210,900,1,LTX-0006409,BKG-007003,66,66
6410,4364,20250210,1800,2,LTX-0006410,BKG-007003,-10,56
6411,4364,20250410,900,1,LTX-0006411,BKG-006762,45,101
6412,4364,20250520,900,1,LTX-0006412,BKG-001855,25,126
6413,4364,20250524,900,1,LTX-0006413,BKG-006644,74,200
6414,4364,20250528,900,1,LTX-0006414,BKG-003245,105,305
6415,4364,20250601,900,1,LTX-0006415,BKG-003570,56,361
6416,2828,20250521,900,1,LTX-0006416,BKG-007634,71,71
6417,2828,20250708,900,1,LTX-0006417,BKG-001857,63,134
6418,2828,20251206,900,1,LTX-0006418,BKG-005214,48,182
6419,2852,20250711,900,1,LTX-0006419,BKG-011068,48,48
6420,2852,20251221,900,1,LTX-0006420,BKG-001858,20,68
6421,2852,20251221,1800,2,LTX-0006421,BKG-001858,-30,38
6422,4304,20250525,900,1,LTX-0006422,BKG-011502,44,44
6423,4304,20250922,900,1,LTX-0006423,BKG-008040,52,96
6424,4304,20250922,1800,2,LTX-0006424,BKG-008040,-30,66
6425,4304,20251015,900,1,LTX-0006425,BKG-003764,53,119
6426,4304,20251123,900,1,LTX-0006426,BKG-003868,25,144
6427,4304,20251209,900,1,LTX-0006427,BKG-001861,81,225
6428,435,20250603,900,1,LTX-0006428,BKG-006826,73,73
6429,435,20250919,900,1,LTX-0006429,BKG-001864,45,118
6430,435,20251120,900,1,LTX-0006430,BKG-012037,46,164
6431,435,20251126,900,1,LTX-0006431,BKG-004540,18,182
6432,2112,20250119,900,1,LTX-0006432,BKG-006495,41,41
6433,2112,20250419,900,1,LTX-0006433,BKG-006956,56,97
6434,2112,20250430,900,1,LTX-0006434,BKG-001866,24,121
6435,2112,20250514,900,1,LTX-0006435,BKG-004666,33,154
6436,3063,20250404,900,1,LTX-0006436,BKG-003020,36,36
6437,3064,20250518,900,1,LTX-0006437,BKG-008531,80,116
6438,3064,20250724,900,1,LTX-0006438,BKG-008595,41,157
6439,3064,20250922,900,1,LTX-0006439,BKG-010221,38,195
6440,3064,20250927,900,1,LTX-0006440,BKG-001867,44,239
6441,557,20250213,900,1,LTX-0006441,BKG-001869,52,52
6442,557,20250224,900,1,LTX-0006442,BKG-008738,44,96
6443,557,20250421,900,1,LTX-0006443,BKG-011614,40,136
6444,557,20250518,900,1,LTX-0006444,BKG-002282,15,151
6445,557,20250619,900,1,LTX-0006445,BKG-005231,23,174
6446,3859,20250224,900,1,LTX-0006446,BKG-001872,30,30
6447,3859,20250225,900,1,LTX-0006447,BKG-010721,26,56
6448,3859,20250512,900,1,LTX-0006448,BKG-011500,12,68
6449,3859,20250512,1800,2,LTX-0006449,BKG-011500,-30,38
6450,3859,20250625,900,1,LTX-0006450,BKG-006001,11,49
6451,3859,20250713,900,1,LTX-0006451,BKG-007034,68,117
6452,3859,20250821,900,1,LTX-0006452,BKG-009839,33,150
6453,1012,20250627,900,1,LTX-0006453,BKG-011891,31,31
6454,1012,20250719,900,1,LTX-0006454,BKG-004922,52,83
6455,1012,20251025,900,1,LTX-0006455,BKG-001873,26,109
6456,3582,20250220,900,1,LTX-0006456,BKG-001876,39,39
6457,3582,20250308,900,1,LTX-0006457,BKG-006252,32,71
6458,3582,20250308,1800,2,LTX-0006458,BKG-006252,-30,41
6459,3582,20250411,900,1,LTX-0006459,BKG-001883,60,101
6460,3582,20250615,900,1,LTX-0006460,BKG-007574,35,136
6461,3582,20251006,900,1,LTX-0006461,BKG-003219,26,162
6462,3582,20251006,1800,2,LTX-0006462,BKG-003219,-10,152
6463,3318,20250111,900,1,LTX-0006463,BKG-003826,66,66
6464,3318,20250207,900,1,LTX-0006464,BKG-009553,28,94
6465,3318,20250226,900,1,LTX-0006465,BKG-001879,39,133
6466,4078,20250614,900,1,LTX-0006466,BKG-007845,54,54
6467,4078,20251030,900,1,LTX-0006467,BKG-001880,22,76
6468,645,20250207,900,1,LTX-0006468,BKG-009410,26,26
6469,645,20250704,900,1,LTX-0006469,BKG-010790,26,52
6470,645,20251115,900,1,LTX-0006470,BKG-001881,45,97
6471,1672,20250221,900,1,LTX-0006471,BKG-005770,40,40
6472,1672,20250718,900,1,LTX-0006472,BKG-004512,71,111
6473,1672,20250909,900,1,LTX-0006473,BKG-001886,33,144
6474,1798,20251111,900,1,LTX-0006474,BKG-003635,37,37
6475,1798,20251207,900,1,LTX-0006475,BKG-001887,68,105
6476,1798,20251207,1800,2,LTX-0006476,BKG-001887,-30,75
6477,686,20250326,900,1,LTX-0006477,BKG-001893,71,71
6478,686,20250326,1800,2,LTX-0006478,BKG-001893,-20,51
6479,686,20250623,900,1,LTX-0006479,BKG-006263,64,115
6480,686,20250816,900,1,LTX-0006480,BKG-002456,6,121
6481,686,20250909,900,1,LTX-0006481,BKG-010819,65,186
6482,686,20250909,1800,2,LTX-0006482,BKG-010819,-30,156
6483,686,20251016,900,1,LTX-0006483,BKG-007570,44,200
6484,2853,20250524,900,1,LTX-0006484,BKG-005739,32,32
6485,2853,20250720,900,1,LTX-0006485,BKG-005654,15,47
6486,2853,20250901,900,1,LTX-0006486,BKG-001894,67,114
6487,4668,20250419,900,1,LTX-0006487,BKG-010332,28,28
6488,4668,20251217,900,1,LTX-0006488,BKG-001895,63,91
6489,4870,20250509,900,1,LTX-0006489,BKG-010288,62,62
6490,4870,20250509,1800,2,LTX-0006490,BKG-010288,-30,32
6491,4870,20250625,900,1,LTX-0006491,BKG-001896,17,49
6492,4870,20250704,900,1,LTX-0006492,BKG-005560,43,92
6493,4870,20250704,1800,2,LTX-0006493,BKG-005560,-30,62
6494,4870,20250822,900,1,LTX-0006494,BKG-007784,63,125
6495,4650,20250127,900,1,LTX-0006495,BKG-004448,31,31
6496,4650,20250401,900,1,LTX-0006496,BKG-001897,18,49
6497,1265,20241225,900,1,LTX-0006497,BKG-001898,39,39
6498,1265,20250707,900,1,LTX-0006498,BKG-011928,22,61
6499,1265,20251208,900,1,LTX-0006499,BKG-008081,47,108
6500,3543,20250324,900,1,LTX-0006500,BKG-006117,32,32
6501,3543,20250709,900,1,LTX-0006501,BKG-005205,87,119
6502,3543,20251126,900,1,LTX-0006502,BKG-001899,47,166
6503,4813,20241210,900,1,LTX-0006503,BKG-008052,38,38
6504,4813,20250407,900,1,LTX-0006504,BKG-001901,20,58
6505,4813,20250926,900,1,LTX-0006505,BKG-006822,51,109
6506,343,20250605,900,1,LTX-0006506,BKG-011832,22,22
6507,344,20250704,900,1,LTX-0006507,BKG-001903,51,73
6508,344,20250831,900,1,LTX-0006508,BKG-003510,68,141
6509,2437,20250112,900,1,LTX-0006509,BKG-001904,7,7
6510,2437,20250823,900,1,LTX-0006510,BKG-011489,37,44
6511,2437,20250902,900,1,LTX-0006511,BKG-005522,51,95
6512,2437,20251204,900,1,LTX-0006512,BKG-003038,33,128
6513,4119,20241213,900,1,LTX-0006513,BKG-012175,7,7
6514,4119,20250407,900,1,LTX-0006514,BKG-003768,46,53
6515,4119,20250407,1800,2,LTX-0006515,BKG-003768,-20,33
6516,4120,20250708,900,1,LTX-0006516,BKG-001905,58,91
6517,4120,20250708,1800,2,LTX-0006517,BKG-001905,-20,71
6518,3036,20250208,900,1,LTX-0006518,BKG-008720,15,15
6519,3036,20250227,900,1,LTX-0006519,BKG-001907,30,45
6520,3036,20250321,900,1,LTX-0006520,BKG-002705,66,111
6521,3037,20250721,900,1,LTX-0006521,BKG-003827,37,148
6522,3508,20250123,900,1,LTX-0006522,BKG-009535,44,44
6523,3509,20251213,900,1,LTX-0006523,BKG-001908,8,52
6524,3232,20250207,900,1,LTX-0006524,BKG-007409,34,34
6525,3232,20250314,900,1,LTX-0006525,BKG-001912,27,61
6526,3232,20250602,900,1,LTX-0006526,BKG-007722,62,123
6527,1023,20241221,900,1,LTX-0006527,BKG-004791,30,30
6528,1023,20250331,900,1,LTX-0006528,BKG-011912,64,94
6529,1023,20250425,900,1,LTX-0006529,BKG-001913,53,147
6530,3023,20250526,900,1,LTX-0006530,BKG-007274,30,30
6531,3023,20250615,900,1,LTX-0006531,BKG-001914,36,66
6532,3023,20250624,900,1,LTX-0006532,BKG-009923,53,119
6533,407,20250418,900,1,LTX-0006533,BKG-001915,47,47
6534,407,20250418,1800,2,LTX-0006534,BKG-001915,-20,27
6535,407,20250529,900,1,LTX-0006535,BKG-010409,34,61
6536,407,20250916,900,1,LTX-0006536,BKG-008424,53,114
6537,407,20251115,900,1,LTX-0006537,BKG-009933,92,206
6538,4429,20250427,900,1,LTX-0006538,BKG-002699,52,52
6539,4429,20250703,900,1,LTX-0006539,BKG-004567,47,99
6540,4429,20250713,900,1,LTX-0006540,BKG-001916,30,129
6541,212,20250426,900,1,LTX-0006541,BKG-011746,42,42
6542,212,20250503,900,1,LTX-0006542,BKG-001917,25,67
6543,212,20250503,1800,2,LTX-0006543,BKG-001917,-30,37
6544,212,20250711,900,1,LTX-0006544,BKG-005578,8,45
6545,212,20250818,900,1,LTX-0006545,BKG-008519,43,88
6546,212,20251217,900,1,LTX-0006546,BKG-007555,29,117
6547,2172,20241217,900,1,LTX-0006547,BKG-001918,15,15
6548,2172,20250416,900,1,LTX-0006548,BKG-011915,16,31
6549,2172,20250618,900,1,LTX-0006549,BKG-004603,32,63
6550,2172,20251216,900,1,LTX-0006550,BKG-006399,16,79
6551,2538,20250408,900,1,LTX-0006551,BKG-005102,48,48
6552,2538,20250408,1800,2,LTX-0006552,BKG-005102,-30,18
6553,2538,20250418,900,1,LTX-0006553,BKG-005827,67,85
6554,2538,20250519,900,1,LTX-0006554,BKG-006339,88,173
6555,2538,20250623,900,1,LTX-0006555,BKG-009392,24,197
6556,2538,20251029,900,1,LTX-0006556,BKG-001919,46,243
6557,2538,20251029,1800,2,LTX-0006557,BKG-001919,-30,213
6558,2538,20251109,900,1,LTX-0006558,BKG-001978,50,263
6559,3339,20250514,900,1,LTX-0006559,BKG-001921,41,41
6560,3339,20251111,900,1,LTX-0006560,BKG-004662,35,76
6561,3339,20251111,1800,2,LTX-0006561,BKG-004662,-20,56
6562,4535,20250502,900,1,LTX-0006562,BKG-001926,61,61
6563,4772,20250704,900,1,LTX-0006563,BKG-008156,53,53
6564,4772,20250828,900,1,LTX-0006564,BKG-001927,14,67
6565,4772,20250914,900,1,LTX-0006565,BKG-007806,56,123
6566,2467,20250221,900,1,LTX-0006566,BKG-003907,6,6
6567,2467,20250706,900,1,LTX-0006567,BKG-005577,23,29
6568,2467,20250811,900,1,LTX-0006568,BKG-001929,83,112
6569,365,20250330,900,1,LTX-0006569,BKG-002386,65,65
6570,366,20250717,900,1,LTX-0006570,BKG-001930,37,102
6571,3637,20250316,900,1,LTX-0006571,BKG-007919,54,54
6572,3637,20250316,1800,2,LTX-0006572,BKG-007919,-30,24
6573,3637,20250616,900,1,LTX-0006573,BKG-004757,35,59
6574,3637,20250622,900,1,LTX-0006574,BKG-008238,35,94
6575,3637,20250701,900,1,LTX-0006575,BKG-001932,22,116
6576,3637,20250823,900,1,LTX-0006576,BKG-003967,61,177
6577,3153,20250624,900,1,LTX-0006577,BKG-001933,12,12
6578,3153,20250710,900,1,LTX-0006578,BKG-006781,81,93
6579,3153,20251005,900,1,LTX-0006579,BKG-008929,26,119
6580,3153,20251005,1800,2,LTX-0006580,BKG-008929,-30,89
6581,2910,20250210,900,1,LTX-0006581,BKG-003174,25,25
6582,2910,20251019,900,1,LTX-0006582,BKG-001935,44,69
6583,2910,20251128,900,1,LTX-0006583,BKG-009640,98,167
6584,4756,20250423,900,1,LTX-0006584,BKG-001936,18,18
6585,4756,20250620,900,1,LTX-0006585,BKG-003842,70,88
6586,4756,20251120,900,1,LTX-0006586,BKG-006082,33,121
6587,4756,20251219,900,1,LTX-0006587,BKG-008603,29,150
6588,598,20250511,900,1,LTX-0006588,BKG-010019,76,76
6589,598,20250629,900,1,LTX-0006589,BKG-001937,79,155
6590,598,20250701,900,1,LTX-0006590,BKG-010337,36,191
6591,598,20250701,1800,2,LTX-0006591,BKG-010337,-10,181
6592,598,20250712,900,1,LTX-0006592,BKG-004842,38,219
6593,598,20250712,1800,2,LTX-0006593,BKG-004842,-20,199
6594,598,20250811,900,1,LTX-0006594,BKG-003769,9,208
6595,598,20250813,900,1,LTX-0006595,BKG-002646,6,214
6596,598,20250813,1800,2,LTX-0006596,BKG-002646,-30,184
6597,598,20251124,900,1,LTX-0006597,BKG-008546,48,232
6598,598,20251220,900,1,LTX-0006598,BKG-011484,50,282
6599,3247,20241224,900,1,LTX-0006599,BKG-001938,46,46
6600,3248,20250622,900,1,LTX-0006600,BKG-002251,75,121
6601,3333,20250212,900,1,LTX-0006601,BKG-007573,85,85
6602,3333,20250212,1800,2,LTX-0006602,BKG-007573,-30,55
6603,3333,20250502,900,1,LTX-0006603,BKG-009849,33,88
6604,3333,20251001,900,1,LTX-0006604,BKG-010265,54,142
6605,3333,20251106,900,1,LTX-0006605,BKG-002789,52,194
6606,3333,20251108,900,1,LTX-0006606,BKG-001939,89,283
6607,2516,20250104,900,1,LTX-0006607,BKG-001943,66,66
6608,2516,20250120,900,1,LTX-0006608,BKG-007907,10,76
6609,2517,20250616,900,1,LTX-0006609,BKG-005029,30,106
6610,2517,20250616,1800,2,LTX-0006610,BKG-005029,-30,76
6611,2517,20251119,900,1,LTX-0006611,BKG-010049,77,153
6612,4932,20250607,900,1,LTX-0006612,BKG-003271,56,56
6613,4932,20250625,900,1,LTX-0006613,BKG-010406,78,134
6614,4932,20250629,900,1,LTX-0006614,BKG-002533,72,206
6615,4932,20250707,900,1,LTX-0006615,BKG-001947,42,248
6616,55,20250203,900,1,LTX-0006616,BKG-006837,10,10
6617,55,20250525,900,1,LTX-0006617,BKG-001949,72,82
6618,55,20250525,1800,2,LTX-0006618,BKG-001949,-10,72
6619,55,20250528,900,1,LTX-0006619,BKG-005853,31,103
6620,55,20250606,900,1,LTX-0006620,BKG-008578,30,133
6621,55,20250802,900,1,LTX-0006621,BKG-002529,36,169
6622,55,20251016,900,1,LTX-0006622,BKG-010839,53,222
6623,55,20251101,900,1,LTX-0006623,BKG-011994,73,295
6624,2535,20250712,900,1,LTX-0006624,BKG-001950,66,66
6625,2536,20251113,900,1,LTX-0006625,BKG-007088,24,90
6626,2536,20251130,900,1,LTX-0006626,BKG-006740,27,117
6627,2536,20251130,1800,2,LTX-0006627,BKG-006740,-10,107
6628,2176,20250813,900,1,LTX-0006628,BKG-001953,50,50
6629,2176,20251215,900,1,LTX-0006629,BKG-002842,47,97
6630,1897,20250617,900,1,LTX-0006630,BKG-001954,37,37
6631,1897,20250706,900,1,LTX-0006631,BKG-008089,99,136
6632,1897,20251012,900,1,LTX-0006632,BKG-010267,43,179
6633,1897,20251124,900,1,LTX-0006633,BKG-007620,46,225
6634,1897,20251124,1800,2,LTX-0006634,BKG-007620,-10,215
6635,1897,20251213,900,1,LTX-0006635,BKG-005545,61,276
6636,1897,20251213,1800,2,LTX-0006636,BKG-005545,-10,266
6637,608,20250125,900,1,LTX-0006637,BKG-010994,69,69
6638,608,20250212,900,1,LTX-0006638,BKG-008429,26,95
6639,608,20250320,900,1,LTX-0006639,BKG-001955,14,109
6640,609,20250517,900,1,LTX-0006640,BKG-005699,32,141
6641,609,20250526,900,1,LTX-0006641,BKG-002156,20,161
6642,609,20250610,900,1,LTX-0006642,BKG-003633,25,186
6643,609,20250630,900,1,LTX-0006643,BKG-012107,31,217
6644,609,20251123,900,1,LTX-0006644,BKG-002868,42,259
6645,4516,20250701,900,1,LTX-0006645,BKG-011988,60,60
6646,4516,20250724,900,1,LTX-0006646,BKG-006584,22,82
6647,4516,20250915,900,1,LTX-0006647,BKG-001958,27,109
6648,3421,20250524,900,1,LTX-0006648,BKG-009003,30,30
6649,3421,20250930,900,1,LTX-0006649,BKG-008205,54,84
6650,3421,20251124,900,1,LTX-0006650,BKG-001959,41,125
6651,3421,20251215,900,1,LTX-0006651,BKG-009967,66,191
6652,780,20250629,900,1,LTX-0006652,BKG-008393,56,56
6653,780,20250701,900,1,LTX-0006653,BKG-005433,30,86
6654,780,20250701,1800,2,LTX-0006654,BKG-005433,-30,56
6655,780,20251216,900,1,LTX-0006655,BKG-001960,56,112
6656,34,20250211,900,1,LTX-0006656,BKG-002848,63,63
6657,34,20250409,900,1,LTX-0006657,BKG-001962,34,97
6658,34,20250524,900,1,LTX-0006658,BKG-004307,88,185
6659,34,20250528,900,1,LTX-0006659,BKG-007321,47,232
6660,34,20250719,900,1,LTX-0006660,BKG-004639,40,272
6661,34,20251130,900,1,LTX-0006661,BKG-007064,38,310
6662,2235,20250128,900,1,LTX-0006662,BKG-004968,26,26
6663,2236,20250713,900,1,LTX-0006663,BKG-001963,70,96
6664,2236,20251129,900,1,LTX-0006664,BKG-002544,55,151
6665,2923,20250906,900,1,LTX-0006665,BKG-010302,73,73
6666,2923,20251112,900,1,LTX-0006666,BKG-001965,50,123
6667,2923,20251130,900,1,LTX-0006667,BKG-007494,51,174
6668,562,20250228,900,1,LTX-0006668,BKG-003640,51,51
6669,563,20250522,900,1,LTX-0006669,BKG-007608,54,105
6670,563,20250526,900,1,LTX-0006670,BKG-005209,47,152
6671,563,20250526,1800,2,LTX-0006671,BKG-005209,-20,132
6672,563,20250531,900,1,LTX-0006672,BKG-009369,83,215
6673,563,20251108,900,1,LTX-0006673,BKG-010029,50,265
6674,563,20251210,900,1,LTX-0006674,BKG-001969,69,334
6675,2639,20250211,900,1,LTX-0006675,BKG-005567,36,36
6676,2639,20250325,900,1,LTX-0006676,BKG-006325,72,108
6677,2639,20250513,900,1,LTX-0006677,BKG-002321,35,143
6678,2639,20251002,900,1,LTX-0006678,BKG-003617,33,176
6679,2639,20251121,900,1,LTX-0006679,BKG-001970,17,193
6680,3866,20250207,900,1,LTX-0006680,BKG-001975,32,32
6681,3866,20250622,900,1,LTX-0006681,BKG-007884,78,110
6682,323,20250214,900,1,LTX-0006682,BKG-004299,52,52
6683,323,20250318,900,1,LTX-0006683,BKG-011649,22,74
6684,323,20250318,1800,2,LTX-0006684,BKG-011649,-10,64
6685,323,20250406,900,1,LTX-0006685,BKG-010770,29,93
6686,323,20251124,900,1,LTX-0006686,BKG-002749,80,173
6687,323,20251206,900,1,LTX-0006687,BKG-001976,37,210
6688,513,20250622,900,1,LTX-0006688,BKG-011899,51,51
6689,513,20250622,1800,2,LTX-0006689,BKG-011899,-10,41
6690,514,20251018,900,1,LTX-0006690,BKG-001980,25,66
6691,3551,20250521,900,1,LTX-0006691,BKG-002536,37,37
6692,3551,20250521,1800,2,LTX-0006692,BKG-002536,-30,7
6693,3552,20251126,900,1,LTX-0006693,BKG-001981,19,26
6694,3552,20251218,900,1,LTX-0006694,BKG-009487,47,73
6695,3346,20250202,900,1,LTX-0006695,BKG-006550,51,51
6696,3346,20250202,1800,2,LTX-0006696,BKG-006550,-10,41
6697,3346,20250607,900,1,LTX-0006697,BKG-001982,38,79
6698,3346,20250617,900,1,LTX-0006698,BKG-008741,54,133
6699,3346,20250617,1800,2,LTX-0006699,BKG-008741,-30,103
6700,3346,20250623,900,1,LTX-0006700,BKG-008209,69,172
6701,3346,20250708,900,1,LTX-0006701,BKG-006632,79,251
6702,3346,20250716,900,1,LTX-0006702,BKG-008494,70,321
6703,3346,20251026,900,1,LTX-0006703,BKG-004574,31,352
6704,3346,20251026,1800,2,LTX-0006704,BKG-004574,-20,332
6705,3346,20251120,900,1,LTX-0006705,BKG-011328,33,365
6706,1746,20250415,900,1,LTX-0006706,BKG-001983,55,55
6707,2329,20250819,900,1,LTX-0006707,BKG-002571,34,34
6708,2329,20250819,1800,2,LTX-0006708,BKG-002571,-30,4
6709,2329,20251012,900,1,LTX-0006709,BKG-001985,28,32
6710,1505,20250126,900,1,LTX-0006710,BKG-010957,32,32
6711,1505,20250711,900,1,LTX-0006711,BKG-001987,82,114
6712,1505,20250711,1800,2,LTX-0006712,BKG-001987,-20,94
6713,1505,20250812,900,1,LTX-0006713,BKG-002048,24,118
6714,1505,20251130,900,1,LTX-0006714,BKG-011334,68,186
6715,167,20250106,900,1,LTX-0006715,BKG-001988,72,72
6716,167,20250422,900,1,LTX-0006716,BKG-003667,10,82
6717,1813,20250211,900,1,LTX-0006717,BKG-003053,67,67
6718,1813,20250211,1800,2,LTX-0006718,BKG-003053,-20,47
6719,1813,20250324,900,1,LTX-0006719,BKG-004212,39,86
6720,1813,20250505,900,1,LTX-0006720,BKG-005726,30,116
6721,1813,20251005,900,1,LTX-0006721,BKG-001990,63,179
6722,3644,20250113,900,1,LTX-0006722,BKG-001991,55,55
6723,3644,20250218,900,1,LTX-0006723,BKG-006537,18,73
6724,3644,20250218,1800,2,LTX-0006724,BKG-006537,-30,43
6725,370,20250426,900,1,LTX-0006725,BKG-001992,50,50
6726,3844,20250529,900,1,LTX-0006726,BKG-002715,48,48
6727,3844,20250626,900,1,LTX-0006727,BKG-001993,70,118
6728,3572,20250213,900,1,LTX-0006728,BKG-004246,63,63
6729,3572,20250314,900,1,LTX-0006729,BKG-004390,31,94
6730,3572,20250406,900,1,LTX-0006730,BKG-001996,52,146
6731,3572,20250924,900,1,LTX-0006731,BKG-008715,24,170
6732,3572,20251021,900,1,LTX-0006732,BKG-009261,90,260
6733,3572,20251021,1800,2,LTX-0006733,BKG-009261,-10,250
6734,4450,20250404,900,1,LTX-0006734,BKG-010902,39,39
6735,4450,20250530,900,1,LTX-0006735,BKG-007828,28,67
6736,4450,20251010,900,1,LTX-0006736,BKG-001998,22,89
6737,3878,20250502,900,1,LTX-0006737,BKG-005130,26,26
6738,3878,20250609,900,1,LTX-0006738,BKG-002851,54,80
6739,3878,20250917,900,1,LTX-0006739,BKG-004293,66,146
6740,3878,20250917,1800,2,LTX-0006740,BKG-004293,-30,116
6741,3878,20251031,900,1,LTX-0006741,BKG-008784,72,188
6742,3878,20251220,900,1,LTX-0006742,BKG-001999,17,205
6743,4880,20241209,900,1,LTX-0006743,BKG-003119,43,43
6744,4880,20250401,900,1,LTX-0006744,BKG-009735,38,81
6745,4881,20250916,900,1,LTX-0006745,BKG-002001,43,124
6746,2067,20250721,900,1,LTX-0006746,BKG-008042,54,54
6747,2067,20251115,900,1,LTX-0006747,BKG-002002,41,95
6748,4493,20250113,900,1,LTX-0006748,BKG-009141,31,31
6749,4493,20250602,900,1,LTX-0006749,BKG-007611,51,82
6750,4493,20250626,900,1,LTX-0006750,BKG-002879,66,148
6751,4494,20251219,900,1,LTX-0006751,BKG-002003,59,207
6752,4494,20251219,1800,2,LTX-0006752,BKG-002003,-30,177
6753,3501,20250330,900,1,LTX-0006753,BKG-004505,57,57
6754,3501,20250512,900,1,LTX-0006754,BKG-002004,40,97
6755,3501,20250519,900,1,LTX-0006755,BKG-009336,21,118
6756,3501,20250707,900,1,LTX-0006756,BKG-004824,76,194
6757,3501,20250711,900,1,LTX-0006757,BKG-007891,32,226
6758,3501,20251204,900,1,LTX-0006758,BKG-008359,55,281
6759,3279,20250411,900,1,LTX-0006759,BKG-007763,22,22
6760,3279,20250416,900,1,LTX-0006760,BKG-002006,65,87
6761,3279,20250608,900,1,LTX-0006761,BKG-008257,40,127
6762,3354,20250220,900,1,LTX-0006762,BKG-011107,17,17
6763,3354,20250919,900,1,LTX-0006763,BKG-002007,40,57
6764,3354,20250919,1800,2,LTX-0006764,BKG-002007,-20,37
6765,3354,20251125,900,1,LTX-0006765,BKG-008631,42,79
6766,3354,20251201,900,1,LTX-0006766,BKG-004594,39,118
6767,4571,20250206,900,1,LTX-0006767,BKG-005301,48,48
6768,4571,20250209,900,1,LTX-0006768,BKG-011644,61,109
6769,4571,20250511,900,1,LTX-0006769,BKG-002008,19,128
6770,4571,20250619,900,1,LTX-0006770,BKG-011317,17,145
6771,4571,20250710,900,1,LTX-0006771,BKG-002095,20,165
6772,3052,20250217,900,1,LTX-0006772,BKG-002009,6,6
6773,3052,20250311,900,1,LTX-0006773,BKG-007748,6,12
6774,3052,20250330,900,1,LTX-0006774,BKG-012380,88,100
6775,4877,20250909,900,1,LTX-0006775,BKG-002012,36,36
6776,4877,20251108,900,1,LTX-0006776,BKG-007577,51,87
6777,902,20250220,900,1,LTX-0006777,BKG-005179,56,56
6778,902,20250309,900,1,LTX-0006778,BKG-009905,24,80
6779,902,20250610,900,1,LTX-0006779,BKG-004332,39,119
6780,902,20250617,900,1,LTX-0006780,BKG-002013,51,170
6781,902,20250629,900,1,LTX-0006781,BKG-008050,69,239
6782,2428,20250406,900,1,LTX-0006782,BKG-006203,27,27
6783,2428,20250422,900,1,LTX-0006783,BKG-006953,36,63
6784,2428,20250622,900,1,LTX-0006784,BKG-002015,92,155
6785,3132,20250414,900,1,LTX-0006785,BKG-006406,68,68
6786,3132,20250523,900,1,LTX-0006786,BKG-008479,55,123
6787,3132,20250523,1800,2,LTX-0006787,BKG-008479,-20,103
6788,3132,20250607,900,1,LTX-0006788,BKG-006456,24,127
6789,3132,20250617,900,1,LTX-0006789,BKG-002016,39,166
6790,3132,20251213,900,1,LTX-0006790,BKG-002204,17,183
6791,2091,20250512,900,1,LTX-0006791,BKG-004892,48,48
6792,2091,20250521,900,1,LTX-0006792,BKG-005300,22,70
6793,2092,20250607,900,1,LTX-0006793,BKG-009093,82,152
6794,2092,20250616,900,1,LTX-0006794,BKG-008011,45,197
6795,2092,20250827,900,1,LTX-0006795,BKG-003886,40,237
6796,2092,20251127,900,1,LTX-0006796,BKG-002018,35,272
6797,2972,20250531,900,1,LTX-0006797,BKG-003407,66,66
6798,2972,20250825,900,1,LTX-0006798,BKG-006245,52,118
6799,2972,20251021,900,1,LTX-0006799,BKG-005045,18,136
6800,2972,20251203,900,1,LTX-0006800,BKG-002021,17,153
6801,4022,20250125,900,1,LTX-0006801,BKG-005875,59,59
6802,4022,20250125,1800,2,LTX-0006802,BKG-005875,-20,39
6803,4022,20250407,900,1,LTX-0006803,BKG-002022,48,87
6804,4023,20250602,900,1,LTX-0006804,BKG-011348,67,154
6805,4023,20250602,1800,2,LTX-0006805,BKG-011348,-10,144
6806,4023,20250728,900,1,LTX-0006806,BKG-005424,36,180
6807,4023,20251109,900,1,LTX-0006807,BKG-004798,40,220
6808,4023,20251130,900,1,LTX-0006808,BKG-010496,36,256
6809,3377,20250510,900,1,LTX-0006809,BKG-002026,54,54
6810,3377,20250510,1800,2,LTX-0006810,BKG-002026,-10,44
6811,3378,20250924,900,1,LTX-0006811,BKG-005512,21,65
6812,4160,20250530,900,1,LTX-0006812,BKG-002327,56,56
6813,4160,20250530,1800,2,LTX-0006813,BKG-002327,-10,46
6814,4160,20250618,900,1,LTX-0006814,BKG-008788,70,116
6815,4160,20250619,900,1,LTX-0006815,BKG-009795,37,153
6816,4160,20250710,900,1,LTX-0006816,BKG-002028,65,218
6817,4864,20250102,900,1,LTX-0006817,BKG-002168,60,60
6818,4864,20250610,900,1,LTX-0006818,BKG-004810,18,78
6819,4864,20250916,900,1,LTX-0006819,BKG-009898,35,113
6820,4864,20251117,900,1,LTX-0006820,BKG-004441,53,166
6821,4864,20251125,900,1,LTX-0006821,BKG-002031,12,178
6822,4864,20251207,900,1,LTX-0006822,BKG-009007,67,245
6823,40,20250418,900,1,LTX-0006823,BKG-007147,10,10
6824,40,20250503,900,1,LTX-0006824,BKG-010744,66,76
6825,40,20250624,900,1,LTX-0006825,BKG-011598,68,144
6826,40,20251106,900,1,LTX-0006826,BKG-002032,30,174
6827,40,20251208,900,1,LTX-0006827,BKG-005401,11,185
6828,40,20251217,900,1,LTX-0006828,BKG-005188,43,228
6829,931,20251122,900,1,LTX-0006829,BKG-002033,25,25
6830,1975,20250429,900,1,LTX-0006830,BKG-011610,62,62
6831,1975,20250602,900,1,LTX-0006831,BKG-008469,57,119
6832,1975,20250606,900,1,LTX-0006832,BKG-004456,19,138
6833,1975,20250708,900,1,LTX-0006833,BKG-002034,37,175
6834,3960,20250310,900,1,LTX-0006834,BKG-007683,36,36
6835,3960,20250916,900,1,LTX-0006835,BKG-004546,40,76
6836,3960,20250919,900,1,LTX-0006836,BKG-002036,38,114
6837,3960,20251124,900,1,LTX-0006837,BKG-008535,67,181
6838,956,20250516,900,1,LTX-0006838,BKG-012010,52,52
6839,956,20250528,900,1,LTX-0006839,BKG-004219,58,110
6840,956,20250714,900,1,LTX-0006840,BKG-008441,28,138
6841,956,20250814,900,1,LTX-0006841,BKG-002037,55,193
6842,171,20250614,900,1,LTX-0006842,BKG-002038,22,22
6843,171,20251206,900,1,LTX-0006843,BKG-011786,19,41
6844,2995,20250604,900,1,LTX-0006844,BKG-006220,56,56
6845,2995,20250713,900,1,LTX-0006845,BKG-002039,44,100
6846,2995,20251202,900,1,LTX-0006846,BKG-009285,89,189
6847,337,20241223,900,1,LTX-0006847,BKG-006000,32,32
6848,337,20250106,900,1,LTX-0006848,BKG-012297,16,48
6849,337,20250106,1800,2,LTX-0006849,BKG-012297,-10,38
6850,337,20250311,900,1,LTX-0006850,BKG-002042,17,55
6851,337,20250513,900,1,LTX-0006851,BKG-006056,65,120
6852,337,20250524,900,1,LTX-0006852,BKG-011076,23,143
6853,337,20250619,900,1,LTX-0006853,BKG-007063,41,184
6854,337,20250619,1800,2,LTX-0006854,BKG-007063,-20,164
6855,337,20250628,900,1,LTX-0006855,BKG-007470,62,226
6856,337,20250705,900,1,LTX-0006856,BKG-005666,50,276
6857,596,20250224,900,1,LTX-0006857,BKG-004990,30,30
6858,596,20250620,900,1,LTX-0006858,BKG-002043,17,47
6859,596,20251214,900,1,LTX-0006859,BKG-010767,21,68
6860,2225,20250619,900,1,LTX-0006860,BKG-002044,44,44
6861,116,20250509,900,1,LTX-0006861,BKG-002047,37,37
6862,116,20250614,900,1,LTX-0006862,BKG-011883,16,53
6863,116,20251120,900,1,LTX-0006863,BKG-012421,30,83
6864,116,20251208,900,1,LTX-0006864,BKG-006901,45,128
6865,3146,20250224,900,1,LTX-0006865,BKG-002365,44,44
6866,3146,20250321,900,1,LTX-0006866,BKG-007566,21,65
6867,3146,20250629,900,1,LTX-0006867,BKG-009827,30,95
6868,3146,20250801,900,1,LTX-0006868,BKG-004654,64,159
6869,3147,20251127,900,1,LTX-0006869,BKG-002049,76,235
6870,3147,20251202,900,1,LTX-0006870,BKG-010102,67,302
6871,1852,20250330,900,1,LTX-0006871,BKG-010426,23,23
6872,1852,20250713,900,1,LTX-0006872,BKG-002052,22,45
6873,1852,20250815,900,1,LTX-0006873,BKG-002866,72,117
6874,1852,20251013,900,1,LTX-0006874,BKG-010832,69,186
6875,4641,20250314,900,1,LTX-0006875,BKG-006623,31,31
6876,4642,20250519,900,1,LTX-0006876,BKG-008220,50,81
6877,4642,20250519,1800,2,LTX-0006877,BKG-008220,-30,51
6878,4642,20250531,900,1,LTX-0006878,BKG-010253,96,147
6879,4642,20250610,900,1,LTX-0006879,BKG-002054,34,181
6880,4150,20250226,900,1,LTX-0006880,BKG-010785,31,31
6881,4150,20250618,900,1,LTX-0006881,BKG-008885,29,60
6882,4150,20250731,900,1,LTX-0006882,BKG-006871,38,98
6883,4150,20251111,900,1,LTX-0006883,BKG-004013,51,149
6884,4150,20251123,900,1,LTX-0006884,BKG-002055,36,185
6885,2073,20250609,900,1,LTX-0006885,BKG-011260,22,22
6886,2073,20250629,900,1,LTX-0006886,BKG-002056,51,73
6887,2073,20250629,1800,2,LTX-0006887,BKG-002056,-20,53
6888,2073,20250825,900,1,LTX-0006888,BKG-010081,52,105
6889,2073,20250825,1800,2,LTX-0006889,BKG-010081,-10,95
6890,2074,20251129,900,1,LTX-0006890,BKG-006813,97,192
6891,66,20250120,900,1,LTX-0006891,BKG-008072,28,28
6892,66,20250214,900,1,LTX-0006892,BKG-009205,77,105
6893,66,20250328,900,1,LTX-0006893,BKG-007898,63,168
6894,66,20250328,1800,2,LTX-0006894,BKG-007898,-20,148
6895,66,20250505,900,1,LTX-0006895,BKG-002060,35,183
6896,66,20250505,1800,2,LTX-0006896,BKG-002060,-10,173
6897,66,20250610,900,1,LTX-0006897,BKG-007631,70,243
6898,2851,20250128,900,1,LTX-0006898,BKG-011182,15,15
6899,2851,20250711,900,1,LTX-0006899,BKG-002061,6,21
6900,564,20250124,900,1,LTX-0006900,BKG-005507,58,58
6901,564,20250218,900,1,LTX-0006901,BKG-007686,36,94
6902,564,20250706,900,1,LTX-0006902,BKG-009170,79,173
6903,564,20250706,1800,2,LTX-0006903,BKG-009170,-20,153
6904,564,20250723,900,1,LTX-0006904,BKG-004695,20,173
6905,564,20251009,900,1,LTX-0006905,BKG-011353,26,199
6906,564,20251009,1800,2,LTX-0006906,BKG-011353,-10,189
6907,564,20251104,900,1,LTX-0006907,BKG-005167,16,205
6908,564,20251104,1800,2,LTX-0006908,BKG-005167,-10,195
6909,564,20251108,900,1,LTX-0006909,BKG-002063,37,232
6910,2722,20250510,900,1,LTX-0006910,BKG-008375,24,24
6911,2722,20250516,900,1,LTX-0006911,BKG-010708,61,85
6912,2722,20250705,900,1,LTX-0006912,BKG-002064,56,141
6913,2258,20241209,900,1,LTX-0006913,BKG-002068,24,24
6914,2258,20241228,900,1,LTX-0006914,BKG-011414,54,78
6915,2258,20250628,900,1,LTX-0006915,BKG-008914,22,100
6916,2258,20251103,900,1,LTX-0006916,BKG-012087,24,124
6917,2258,20251103,1800,2,LTX-0006917,BKG-012087,-10,114
6918,3986,20250413,900,1,LTX-0006918,BKG-003200,42,42
6919,3986,20250531,900,1,LTX-0006919,BKG-002069,43,85
6920,3986,20251120,900,1,LTX-0006920,BKG-009893,28,113
6921,3471,20250224,900,1,LTX-0006921,BKG-010893,41,41
6922,3472,20251119,900,1,LTX-0006922,BKG-002070,76,117
6923,3172,20250508,900,1,LTX-0006923,BKG-007878,37,37
6924,3172,20250928,900,1,LTX-0006924,BKG-002071,51,88
6925,3172,20251021,900,1,LTX-0006925,BKG-003217,46,134
6926,3235,20250214,900,1,LTX-0006926,BKG-002072,36,36
6927,3235,20250214,1800,2,LTX-0006927,BKG-002072,-30,6
6928,3235,20250607,900,1,LTX-0006928,BKG-006839,42,48
6929,3235,20250714,900,1,LTX-0006929,BKG-008492,40,88
6930,3235,20251025,900,1,LTX-0006930,BKG-005500,50,138
6931,3235,20251110,900,1,LTX-0006931,BKG-002829,53,191
6932,3235,20251124,900,1,LTX-0006932,BKG-002347,65,256
6933,3235,20251124,1800,2,LTX-0006933,BKG-002347,-20,236
6934,4875,20250218,900,1,LTX-0006934,BKG-002557,61,61
6935,4875,20250529,900,1,LTX-0006935,BKG-004590,22,83
6936,4875,20250612,900,1,LTX-0006936,BKG-002073,28,111
6937,4875,20250628,900,1,LTX-0006937,BKG-004044,55,166
6938,2719,20250223,900,1,LTX-0006938,BKG-002075,73,73
6939,2719,20250702,900,1,LTX-0006939,BKG-003435,44,117
6940,2719,20250731,900,1,LTX-0006940,BKG-004925,35,152
6941,2719,20251117,900,1,LTX-0006941,BKG-008865,41,193
6942,2719,20251117,1800,2,LTX-0006942,BKG-008865,-10,183
6943,2632,20241218,900,1,LTX-0006943,BKG-010231,75,75
6944,2632,20241218,1800,2,LTX-0006944,BKG-010231,-10,65
6945,2632,20250330,900,1,LTX-0006945,BKG-002076,48,113
6946,2632,20250518,900,1,LTX-0006946,BKG-004495,40,153
6947,2632,20250715,900,1,LTX-0006947,BKG-010033,84,237
6948,4104,20250821,900,1,LTX-0006948,BKG-002078,17,17
6949,4628,20250319,900,1,LTX-0006949,BKG-003554,29,29
6950,4628,20250703,900,1,LTX-0006950,BKG-011192,43,72
6951,4628,20250817,900,1,LTX-0006951,BKG-006737,33,105
6952,4628,20250817,1800,2,LTX-0006952,BKG-006737,-20,85
6953,4628,20251009,900,1,LTX-0006953,BKG-002081,32,117
6954,4628,20251109,900,1,LTX-0006954,BKG-010054,21,138
6955,4628,20251129,900,1,LTX-0006955,BKG-012404,60,198
6956,4628,20251129,1800,2,LTX-0006956,BKG-012404,-10,188
6957,4628,20251212,900,1,LTX-0006957,BKG-006273,10,198
6958,1372,20250223,900,1,LTX-0006958,BKG-003963,16,16
6959,1372,20250523,900,1,LTX-0006959,BKG-010784,68,84
6960,1372,20250828,900,1,LTX-0006960,BKG-010431,15,99
6961,1372,20251123,900,1,LTX-0006961,BKG-002082,67,166
6962,4451,20250607,900,1,LTX-0006962,BKG-002083,42,42
6963,4451,20250711,900,1,LTX-0006963,BKG-006916,41,83
6964,3850,20251113,900,1,LTX-0006964,BKG-002086,8,8
6965,115,20250601,900,1,LTX-0006965,BKG-010998,92,92
6966,115,20251022,900,1,LTX-0006966,BKG-002087,36,128
6967,115,20251117,900,1,LTX-0006967,BKG-012017,63,191
6968,115,20251213,900,1,LTX-0006968,BKG-009645,27,218
6969,3743,20250202,900,1,LTX-0006969,BKG-009220,49,49
6970,3743,20250513,900,1,LTX-0006970,BKG-003150,33,82
6971,3743,20250518,900,1,LTX-0006971,BKG-006880,26,108
6972,3743,20250518,1800,2,LTX-0006972,BKG-006880,-30,78
6973,3743,20250602,900,1,LTX-0006973,BKG-003548,84,162
6974,3743,20250703,900,1,LTX-0006974,BKG-002918,33,195
6975,3743,20250714,900,1,LTX-0006975,BKG-008001,57,252
6976,3743,20251103,900,1,LTX-0006976,BKG-002088,21,273
6977,542,20250314,900,1,LTX-0006977,BKG-002089,37,37
6978,542,20250626,900,1,LTX-0006978,BKG-010080,31,68
6979,542,20250628,900,1,LTX-0006979,BKG-003960,27,95
6980,4307,20250205,900,1,LTX-0006980,BKG-011175,11,11
6981,4308,20250813,900,1,LTX-0006981,BKG-002090,45,56
6982,3971,20241218,900,1,LTX-0006982,BKG-002091,44,44
6983,3971,20250105,900,1,LTX-0006983,BKG-011053,53,97
6984,3971,20250912,900,1,LTX-0006984,BKG-004142,26,123
6985,3971,20250917,900,1,LTX-0006985,BKG-006396,25,148
6986,4001,20250211,900,1,LTX-0006986,BKG-007316,23,23
6987,4001,20250330,900,1,LTX-0006987,BKG-011310,28,51
6988,4001,20250512,900,1,LTX-0006988,BKG-002092,41,92
6989,4001,20250527,900,1,LTX-0006989,BKG-006807,31,123
6990,4001,20250927,900,1,LTX-0006990,BKG-003804,27,150
6991,4001,20251213,900,1,LTX-0006991,BKG-003607,31,181
6992,3182,20250917,900,1,LTX-0006992,BKG-002098,46,46
6993,3182,20251119,900,1,LTX-0006993,BKG-005838,35,81
6994,3243,20250327,900,1,LTX-0006994,BKG-004171,31,31
6995,3243,20250606,900,1,LTX-0006995,BKG-002099,24,55
6996,3243,20250628,900,1,LTX-0006996,BKG-006287,44,99
6997,3243,20251128,900,1,LTX-0006997,BKG-011973,17,116
6998,898,20250113,900,1,LTX-0006998,BKG-006843,29,29
6999,898,20250113,1800,2,LTX-0006999,BKG-006843,-10,19
7000,898,20250223,900,1,LTX-0007000,BKG-002100,44,63
7001,899,20251128,900,1,LTX-0007001,BKG-002697,70,133
7002,4692,20250206,900,1,LTX-0007002,BKG-003052,41,41
7003,4692,20250621,900,1,LTX-0007003,BKG-006476,49,90
7004,4692,20250630,900,1,LTX-0007004,BKG-002102,75,165
7005,3880,20251016,900,1,LTX-0007005,BKG-002103,55,55
7006,3880,20251018,900,1,LTX-0007006,BKG-007271,62,117
7007,1399,20250227,900,1,LTX-0007007,BKG-006869,28,28
7008,1399,20250705,900,1,LTX-0007008,BKG-012177,14,42
7009,1399,20250716,900,1,LTX-0007009,BKG-009971,48,90
7010,1399,20251012,900,1,LTX-0007010,BKG-012445,22,112
7011,1399,20251013,900,1,LTX-0007011,BKG-007824,48,160
7012,1399,20251117,900,1,LTX-0007012,BKG-002104,58,218
7013,3217,20250605,900,1,LTX-0007013,BKG-007190,82,82
7014,3217,20250605,1800,2,LTX-0007014,BKG-007190,-20,62
7015,3217,20250615,900,1,LTX-0007015,BKG-002105,32,94
7016,3217,20250722,900,1,LTX-0007016,BKG-010071,5,99
7017,3217,20251201,900,1,LTX-0007017,BKG-007694,58,157
7018,3398,20250221,900,1,LTX-0007018,BKG-009947,46,46
7019,3398,20250817,900,1,LTX-0007019,BKG-005659,54,100
7020,3398,20250901,900,1,LTX-0007020,BKG-007947,22,122
7021,3398,20251119,900,1,LTX-0007021,BKG-002106,46,168
7022,1848,20250216,900,1,LTX-0007022,BKG-002107,42,42
7023,1848,20250324,900,1,LTX-0007023,BKG-011884,36,78
7024,1848,20250706,900,1,LTX-0007024,BKG-006915,22,100
7025,1848,20250706,900,1,LTX-0007025,BKG-009957,86,186
7026,1848,20250924,900,1,LTX-0007026,BKG-009341,8,194
7027,1848,20251111,900,1,LTX-0007027,BKG-009489,45,239
7028,148,20250611,900,1,LTX-0007028,BKG-002108,54,54
7029,4418,20250204,900,1,LTX-0007029,BKG-010319,45,45
7030,4418,20250228,900,1,LTX-0007030,BKG-002109,28,73
7031,4418,20250402,900,1,LTX-0007031,BKG-005685,60,133
7032,4418,20250402,1800,2,LTX-0007032,BKG-005685,-10,123
7033,4418,20250627,900,1,LTX-0007033,BKG-012114,42,165
7034,4418,20250711,900,1,LTX-0007034,BKG-009171,42,207
7035,4418,20251015,900,1,LTX-0007035,BKG-010897,26,233
7036,2326,20250311,900,1,LTX-0007036,BKG-002184,18,18
7037,2326,20250412,900,1,LTX-0007037,BKG-002114,22,40
7038,2326,20250427,900,1,LTX-0007038,BKG-009029,47,87
7039,2326,20250825,900,1,LTX-0007039,BKG-004745,23,110
7040,3295,20250627,900,1,LTX-0007040,BKG-004439,15,15
7041,3295,20250831,900,1,LTX-0007041,BKG-002116,46,61
7042,4426,20241223,900,1,LTX-0007042,BKG-010413,29,29
7043,4426,20250104,900,1,LTX-0007043,BKG-005623,39,68
7044,4426,20250220,900,1,LTX-0007044,BKG-010260,28,96
7045,4427,20250627,900,1,LTX-0007045,BKG-007413,75,171
7046,4427,20250705,900,1,LTX-0007046,BKG-002118,37,208
7047,4427,20250929,900,1,LTX-0007047,BKG-012056,19,227
7048,4427,20251007,900,1,LTX-0007048,BKG-004710,44,271
7049,4427,20251012,900,1,LTX-0007049,BKG-005461,43,314
7050,3185,20250219,900,1,LTX-0007050,BKG-002120,44,44
7051,3185,20250601,900,1,LTX-0007051,BKG-005264,47,91
7052,3185,20250719,900,1,LTX-0007052,BKG-010624,107,198
7053,2436,20250509,900,1,LTX-0007053,BKG-009636,52,52
7054,2436,20250706,900,1,LTX-0007054,BKG-002121,72,124
7055,1800,20250525,900,1,LTX-0007055,BKG-002122,83,83
7056,1800,20250525,1800,2,LTX-0007056,BKG-002122,-20,63
7057,1800,20250602,900,1,LTX-0007057,BKG-008810,56,119
7058,1800,20250602,1800,2,LTX-0007058,BKG-008810,-30,89
7059,1800,20250619,900,1,LTX-0007059,BKG-006675,86,175
7060,1800,20250704,900,1,LTX-0007060,BKG-011279,51,226
7061,3858,20250307,900,1,LTX-0007061,BKG-002522,48,48
7062,3858,20250916,900,1,LTX-0007062,BKG-002126,9,57
7063,3858,20250916,1800,2,LTX-0007063,BKG-002126,-10,47
7064,4857,20251006,900,1,LTX-0007064,BKG-002127,28,28
7065,4857,20251217,900,1,LTX-0007065,BKG-003680,33,61
7066,2475,20250406,900,1,LTX-0007066,BKG-002482,53,53
7067,2475,20250624,900,1,LTX-0007067,BKG-002652,12,65
7068,2475,20250815,900,1,LTX-0007068,BKG-002132,46,111
7069,2475,20250819,900,1,LTX-0007069,BKG-010481,42,153
7070,2475,20250819,1800,2,LTX-0007070,BKG-010481,-30,123
7071,2475,20251020,900,1,LTX-0007071,BKG-006682,40,163
7072,1030,20250121,900,1,LTX-0007072,BKG-007921,45,45
7073,1030,20250121,1800,2,LTX-0007073,BKG-007921,-10,35
7074,1030,20250127,900,1,LTX-0007074,BKG-006262,42,77
7075,1031,20251111,900,1,LTX-0007075,BKG-009916,49,126
7076,1031,20251217,900,1,LTX-0007076,BKG-002134,114,240
7077,3726,20250113,900,1,LTX-0007077,BKG-011438,31,31
7078,3726,20250214,900,1,LTX-0007078,BKG-009939,44,75
7079,3726,20250812,900,1,LTX-0007079,BKG-009998,36,111
7080,3726,20251110,900,1,LTX-0007080,BKG-002852,81,192
7081,3726,20251123,900,1,LTX-0007081,BKG-002139,104,296
7082,4028,20250207,900,1,LTX-0007082,BKG-002140,47,47
7083,4028,20250529,900,1,LTX-0007083,BKG-003426,41,88
7084,4028,20251122,900,1,LTX-0007084,BKG-005226,35,123
7085,1322,20241223,900,1,LTX-0007085,BKG-002141,6,6
7086,4275,20250317,900,1,LTX-0007086,BKG-011965,53,53
7087,4275,20250701,900,1,LTX-0007087,BKG-008145,27,80
7088,4276,20250718,900,1,LTX-0007088,BKG-002145,30,110
7089,4276,20250718,900,1,LTX-0007089,BKG-011512,64,174
7090,4276,20250727,900,1,LTX-0007090,BKG-005450,53,227
7091,3701,20250226,900,1,LTX-0007091,BKG-006013,54,54
7092,3701,20250307,900,1,LTX-0007092,BKG-010554,35,89
7093,3701,20250403,900,1,LTX-0007093,BKG-010321,11,100
7094,3701,20250404,900,1,LTX-0007094,BKG-002313,14,114
7095,3701,20250425,900,1,LTX-0007095,BKG-003732,36,150
7096,3701,20250605,900,1,LTX-0007096,BKG-011024,36,186
7097,3701,20250725,900,1,LTX-0007097,BKG-002147,22,208
7098,3701,20250726,900,1,LTX-0007098,BKG-011291,59,267
7099,1468,20250224,900,1,LTX-0007099,BKG-002148,32,32
7100,1468,20250224,1800,2,LTX-0007100,BKG-002148,-20,12
7101,1468,20251124,900,1,LTX-0007101,BKG-005476,70,82
7102,1932,20250113,900,1,LTX-0007102,BKG-004165,18,18
7103,1932,20250305,900,1,LTX-0007103,BKG-002150,32,50
7104,1932,20250515,900,1,LTX-0007104,BKG-011372,60,110
7105,1932,20250530,900,1,LTX-0007105,BKG-007366,18,128
7106,2739,20241213,900,1,LTX-0007106,BKG-004295,18,18
7107,2740,20250402,900,1,LTX-0007107,BKG-002151,31,49
7108,2740,20250516,900,1,LTX-0007108,BKG-005306,66,115
7109,2740,20250617,900,1,LTX-0007109,BKG-004238,68,183
7110,2740,20250617,1800,2,LTX-0007110,BKG-004238,-20,163
7111,2188,20250507,900,1,LTX-0007111,BKG-002423,22,22
7112,2188,20250607,900,1,LTX-0007112,BKG-011984,32,54
7113,2188,20250615,900,1,LTX-0007113,BKG-006827,49,103
7114,2188,20250619,900,1,LTX-0007114,BKG-006939,60,163
7115,2188,20251011,900,1,LTX-0007115,BKG-003727,34,197
7116,2188,20251120,900,1,LTX-0007116,BKG-002152,55,252
7117,2188,20251120,1800,2,LTX-0007117,BKG-002152,-10,242
7118,1197,20250121,900,1,LTX-0007118,BKG-006083,40,40
7119,1197,20250121,1800,2,LTX-0007119,BKG-006083,-30,10
7120,1198,20251018,900,1,LTX-0007120,BKG-002153,33,43
7121,3897,20250617,900,1,LTX-0007121,BKG-002154,30,30
7122,3897,20250917,900,1,LTX-0007122,BKG-008920,25,55
7123,3897,20250917,1800,2,LTX-0007123,BKG-008920,-30,25
7124,3897,20251204,900,1,LTX-0007124,BKG-002768,61,86
7125,1875,20250404,900,1,LTX-0007125,BKG-008368,15,15
7126,1875,20250608,900,1,LTX-0007126,BKG-006402,31,46
7127,1875,20250910,900,1,LTX-0007127,BKG-002158,49,95
7128,3382,20250507,900,1,LTX-0007128,BKG-011233,8,8
7129,3382,20250919,900,1,LTX-0007129,BKG-009820,46,54
7130,3382,20250919,1800,2,LTX-0007130,BKG-009820,-20,34
7131,3382,20250929,900,1,LTX-0007131,BKG-007490,22,56
7132,3382,20251009,900,1,LTX-0007132,BKG-002161,45,101
7133,3382,20251206,900,1,LTX-0007133,BKG-010055,38,139
7134,3677,20250117,900,1,LTX-0007134,BKG-006707,42,42
7135,3677,20250303,900,1,LTX-0007135,BKG-009972,46,88
7136,3677,20250303,1800,2,LTX-0007136,BKG-009972,-30,58
7137,3677,20250929,900,1,LTX-0007137,BKG-008812,9,67
7138,3677,20251201,900,1,LTX-0007138,BKG-002163,25,92
7139,3090,20250115,900,1,LTX-0007139,BKG-002165,47,47
7140,3090,20250427,900,1,LTX-0007140,BKG-004346,35,82
7141,3090,20250427,1800,2,LTX-0007141,BKG-004346,-20,62
7142,3090,20250705,900,1,LTX-0007142,BKG-009050,19,81
7143,3090,20250720,900,1,LTX-0007143,BKG-009460,57,138
7144,3090,20251113,900,1,LTX-0007144,BKG-007189,23,161
7145,2064,20250624,900,1,LTX-0007145,BKG-007216,25,25
7146,2064,20250624,900,1,LTX-0007146,BKG-011680,38,63
7147,2064,20250707,900,1,LTX-0007147,BKG-002171,20,83
7148,2426,20250529,900,1,LTX-0007148,BKG-002172,55,55
7149,2426,20250619,900,1,LTX-0007149,BKG-002716,26,81
7150,2426,20250701,900,1,LTX-0007150,BKG-010312,48,129
7151,2427,20250829,900,1,LTX-0007151,BKG-007602,32,161
7152,4890,20250704,900,1,LTX-0007152,BKG-005675,35,35
7153,4890,20250807,900,1,LTX-0007153,BKG-002174,66,101
7154,1493,20250612,900,1,LTX-0007154,BKG-003025,17,17
7155,1493,20251012,900,1,LTX-0007155,BKG-002175,19,36
7156,1350,20250419,900,1,LTX-0007156,BKG-008497,6,6
7157,1350,20251109,900,1,LTX-0007157,BKG-010841,38,44
7158,1350,20251207,900,1,LTX-0007158,BKG-002176,75,119
7159,1350,20251212,900,1,LTX-0007159,BKG-006812,56,175
7160,424,20250531,900,1,LTX-0007160,BKG-010369,64,64
7161,424,20250618,900,1,LTX-0007161,BKG-002178,38,102
7162,424,20251129,900,1,LTX-0007162,BKG-006844,38,140
7163,424,20251201,900,1,LTX-0007163,BKG-005799,65,205
7164,928,20250217,900,1,LTX-0007164,BKG-012134,10,10
7165,928,20250217,1800,2,LTX-0007165,BKG-012134,-10,0
7166,928,20250527,900,1,LTX-0007166,BKG-002180,76,76
7167,928,20251009,900,1,LTX-0007167,BKG-004592,12,88
7168,3261,20250310,900,1,LTX-0007168,BKG-002183,16,16
7169,3261,20250314,900,1,LTX-0007169,BKG-010694,17,33
7170,4382,20250216,900,1,LTX-0007170,BKG-003500,57,57
7171,4382,20250407,900,1,LTX-0007171,BKG-011709,42,99
7172,4382,20251025,900,1,LTX-0007172,BKG-002185,15,114
7173,4382,20251217,900,1,LTX-0007173,BKG-002958,99,213
7174,552,20250401,900,1,LTX-0007174,BKG-002187,25,25
7175,552,20250510,900,1,LTX-0007175,BKG-007011,40,65
7176,552,20250628,900,1,LTX-0007176,BKG-011570,36,101
7177,552,20250628,1800,2,LTX-0007177,BKG-011570,-10,91
7178,552,20250705,900,1,LTX-0007178,BKG-007067,79,170
7179,552,20251110,900,1,LTX-0007179,BKG-010813,25,195
7180,3886,20250517,900,1,LTX-0007180,BKG-007002,41,41
7181,3886,20250610,900,1,LTX-0007181,BKG-007415,43,84
7182,3887,20251204,900,1,LTX-0007182,BKG-002188,23,107
7183,3910,20250223,900,1,LTX-0007183,BKG-002190,28,28
7184,3910,20250630,900,1,LTX-0007184,BKG-007077,9,37
7185,4066,20250706,900,1,LTX-0007185,BKG-005361,41,41
7186,4066,20251111,900,1,LTX-0007186,BKG-002192,46,87
7187,889,20250216,900,1,LTX-0007187,BKG-006715,65,65
7188,889,20250328,900,1,LTX-0007188,BKG-012314,45,110
7189,889,20250328,1800,2,LTX-0007189,BKG-012314,-30,80
7190,889,20250628,900,1,LTX-0007190,BKG-012223,28,108
7191,889,20250728,900,1,LTX-0007191,BKG-002326,11,119
7192,889,20251113,900,1,LTX-0007192,BKG-002193,48,167
7193,889,20251121,900,1,LTX-0007193,BKG-006138,62,229
7194,3838,20250601,900,1,LTX-0007194,BKG-011728,32,32
7195,3838,20250919,900,1,LTX-0007195,BKG-005482,25,57
7196,3838,20251204,900,1,LTX-0007196,BKG-002196,42,99
7197,1685,20250221,900,1,LTX-0007197,BKG-008937,71,71
7198,1685,20250428,900,1,LTX-0007198,BKG-008591,51,122
7199,1685,20250428,1800,2,LTX-0007199,BKG-008591,-10,112
7200,1685,20250515,900,1,LTX-0007200,BKG-011782,12,124
7201,1685,20250530,900,1,LTX-0007201,BKG-002197,54,178
7202,1685,20251127,900,1,LTX-0007202,BKG-005456,44,222
7203,1059,20250111,900,1,LTX-0007203,BKG-006829,28,28
7204,1060,20250417,900,1,LTX-0007204,BKG-002198,37,65
7205,1060,20250609,900,1,LTX-0007205,BKG-004918,92,157
7206,4138,20250319,900,1,LTX-0007206,BKG-002199,36,36
7207,4138,20250319,1800,2,LTX-0007207,BKG-002199,-30,6
7208,4138,20250406,900,1,LTX-0007208,BKG-006691,48,54
7209,668,20241221,900,1,LTX-0007209,BKG-002205,49,49
7210,668,20250107,900,1,LTX-0007210,BKG-008837,11,60
7211,668,20250307,900,1,LTX-0007211,BKG-002239,53,113
7212,2472,20241226,900,1,LTX-0007212,BKG-002206,29,29
7213,2472,20250527,900,1,LTX-0007213,BKG-006921,74,103
7214,2472,20250904,900,1,LTX-0007214,BKG-009581,36,139
7215,3759,20250408,900,1,LTX-0007215,BKG-005951,65,65
7216,3759,20251112,900,1,LTX-0007216,BKG-006312,59,124
7217,3759,20251203,900,1,LTX-0007217,BKG-002208,67,191
7218,2813,20241227,900,1,LTX-0007218,BKG-002350,28,28
7219,2813,20250114,900,1,LTX-0007219,BKG-010845,37,65
7220,2813,20250413,900,1,LTX-0007220,BKG-002209,40,105
7221,2438,20250130,900,1,LTX-0007221,BKG-003621,32,32
7222,2438,20250221,900,1,LTX-0007222,BKG-002210,46,78
7223,2438,20250520,900,1,LTX-0007223,BKG-005563,33,111
7224,2438,20250526,900,1,LTX-0007224,BKG-004458,20,131
7225,2438,20250612,900,1,LTX-0007225,BKG-006980,31,162
7226,2438,20250810,900,1,LTX-0007226,BKG-011186,46,208
7227,2439,20251114,900,1,LTX-0007227,BKG-011742,54,262
7228,2439,20251114,1800,2,LTX-0007228,BKG-011742,-30,232
7229,2439,20251209,900,1,LTX-0007229,BKG-008770,38,270
7230,1184,20250522,900,1,LTX-0007230,BKG-007680,31,31
7231,1184,20250825,900,1,LTX-0007231,BKG-009367,28,59
7232,1184,20250904,900,1,LTX-0007232,BKG-002211,26,85
7233,1184,20251115,900,1,LTX-0007233,BKG-010202,46,131
7234,1184,20251210,900,1,LTX-0007234,BKG-006940,116,247
7235,4536,20250523,900,1,LTX-0007235,BKG-007083,86,86
7236,4536,20250625,900,1,LTX-0007236,BKG-010235,53,139
7237,4536,20251106,900,1,LTX-0007237,BKG-011784,28,167
7238,4536,20251112,900,1,LTX-0007238,BKG-002212,45,212
7239,1233,20250527,900,1,LTX-0007239,BKG-010490,37,37
7240,1233,20250712,900,1,LTX-0007240,BKG-010985,42,79
7241,1233,20250802,900,1,LTX-0007241,BKG-002216,105,184
7242,1234,20250927,900,1,LTX-0007242,BKG-003492,38,222
7243,1234,20250927,1800,2,LTX-0007243,BKG-003492,-30,192
7244,4906,20250609,900,1,LTX-0007244,BKG-002218,81,81
7245,4906,20250621,900,1,LTX-0007245,BKG-007797,30,111
7246,4906,20250706,900,1,LTX-0007246,BKG-008671,34,145
7247,4907,20251130,900,1,LTX-0007247,BKG-004331,30,175
7248,4799,20250228,900,1,LTX-0007248,BKG-002219,71,71
7249,4800,20251003,900,1,LTX-0007249,BKG-005320,44,115
7250,4848,20241221,900,1,LTX-0007250,BKG-006191,25,25
7251,4848,20250607,900,1,LTX-0007251,BKG-003327,42,67
7252,4848,20250629,900,1,LTX-0007252,BKG-002220,35,102
7253,4849,20251129,900,1,LTX-0007253,BKG-002337,23,125
7254,1673,20250201,900,1,LTX-0007254,BKG-003938,60,60
7255,1673,20250320,900,1,LTX-0007255,BKG-002221,24,84
7256,1673,20250530,900,1,LTX-0007256,BKG-012178,41,125
7257,1673,20250711,900,1,LTX-0007257,BKG-010637,60,185
7258,1673,20251024,900,1,LTX-0007258,BKG-007278,29,214
7259,1673,20251024,1800,2,LTX-0007259,BKG-007278,-30,184
7260,2872,20250529,900,1,LTX-0007260,BKG-006853,33,33
7261,2872,20250627,900,1,LTX-0007261,BKG-010613,77,110
7262,2872,20250923,900,1,LTX-0007262,BKG-002222,21,131
7263,2872,20250923,1800,2,LTX-0007263,BKG-002222,-20,111
7264,2872,20250930,900,1,LTX-0007264,BKG-006849,50,161
7265,2872,20250930,1800,2,LTX-0007265,BKG-006849,-20,141
7266,1388,20250212,900,1,LTX-0007266,BKG-002223,32,32
7267,1388,20250523,900,1,LTX-0007267,BKG-004058,52,84
7268,1667,20250421,900,1,LTX-0007268,BKG-008079,78,78
7269,1667,20250421,1800,2,LTX-0007269,BKG-008079,-20,58
7270,1667,20250427,900,1,LTX-0007270,BKG-004363,90,148
7271,1667,20250428,900,1,LTX-0007271,BKG-012079,45,193
7272,1667,20250711,900,1,LTX-0007272,BKG-010909,48,241
7273,1667,20250720,900,1,LTX-0007273,BKG-003238,24,265
7274,1667,20250720,1800,2,LTX-0007274,BKG-003238,-10,255
7275,1667,20251120,900,1,LTX-0007275,BKG-002224,41,296
7276,1429,20250106,900,1,LTX-0007276,BKG-007323,28,28
7277,1429,20250106,1800,2,LTX-0007277,BKG-007323,-20,8
7278,1429,20250119,900,1,LTX-0007278,BKG-003835,62,70
7279,1429,20250130,900,1,LTX-0007279,BKG-002225,28,98
7280,1429,20250427,900,1,LTX-0007280,BKG-010888,39,137
7281,1429,20250710,900,1,LTX-0007281,BKG-008171,72,209
7282,1429,20251122,900,1,LTX-0007282,BKG-007718,49,258
7283,4243,20250215,900,1,LTX-0007283,BKG-002226,57,57
7284,4243,20250615,900,1,LTX-0007284,BKG-003873,33,90
7285,4244,20251018,900,1,LTX-0007285,BKG-005820,48,138
7286,1814,20250106,900,1,LTX-0007286,BKG-002228,40,40
7287,1814,20250321,900,1,LTX-0007287,BKG-006517,57,97
7288,1814,20250608,900,1,LTX-0007288,BKG-004042,21,118
7289,1815,20251016,900,1,LTX-0007289,BKG-002816,43,161
7290,1815,20251209,900,1,LTX-0007290,BKG-010356,19,180
7291,2035,20241229,900,1,LTX-0007291,BKG-002477,6,6
7292,2035,20250119,900,1,LTX-0007292,BKG-002230,16,22
7293,2035,20250627,900,1,LTX-0007293,BKG-007783,54,76
7294,2035,20250715,900,1,LTX-0007294,BKG-003261,78,154
7295,3449,20250530,900,1,LTX-0007295,BKG-008151,7,7
7296,3449,20250703,900,1,LTX-0007296,BKG-002231,86,93
7297,3449,20250703,1800,2,LTX-0007297,BKG-002231,-20,73
7298,4631,20250322,900,1,LTX-0007298,BKG-006433,32,32
7299,4631,20250426,900,1,LTX-0007299,BKG-006470,38,70
7300,4631,20250614,900,1,LTX-0007300,BKG-007731,43,113
7301,4631,20250630,900,1,LTX-0007301,BKG-002266,58,171
7302,4631,20250706,900,1,LTX-0007302,BKG-004744,96,267
7303,4631,20250728,900,1,LTX-0007303,BKG-002237,28,295
7304,4631,20250912,900,1,LTX-0007304,BKG-008166,20,315
7305,480,20250425,900,1,LTX-0007305,BKG-008650,26,26
7306,480,20250602,900,1,LTX-0007306,BKG-004392,28,54
7307,480,20250606,900,1,LTX-0007307,BKG-002241,59,113
7308,480,20250623,900,1,LTX-0007308,BKG-005110,48,161
7309,480,20250706,900,1,LTX-0007309,BKG-011568,64,225
7310,480,20251009,900,1,LTX-0007310,BKG-010572,74,299
7311,3260,20250207,900,1,LTX-0007311,BKG-002242,14,14
7312,3260,20250325,900,1,LTX-0007312,BKG-008861,60,74
7313,3260,20250618,900,1,LTX-0007313,BKG-002314,31,105
7314,3260,20250714,900,1,LTX-0007314,BKG-008451,72,177
7315,254,20250221,900,1,LTX-0007315,BKG-008199,23,23
7316,254,20251117,900,1,LTX-0007316,BKG-002245,77,100
7317,1788,20250602,900,1,LTX-0007317,BKG-007020,29,29
7318,1788,20250610,900,1,LTX-0007318,BKG-005896,25,54
7319,1788,20250610,900,1,LTX-0007319,BKG-009803,39,93
7320,1788,20250627,900,1,LTX-0007320,BKG-006613,67,160
7321,1788,20250703,900,1,LTX-0007321,BKG-005646,70,230
7322,1788,20251010,900,1,LTX-0007322,BKG-005767,14,244
7323,1788,20251025,900,1,LTX-0007323,BKG-002247,11,255
7324,1788,20251119,900,1,LTX-0007324,BKG-005086,33,288
7325,3713,20250403,900,1,LTX-0007325,BKG-010838,40,40
7326,3713,20250501,900,1,LTX-0007326,BKG-004161,56,96
7327,3713,20250514,900,1,LTX-0007327,BKG-009252,14,110
7328,3713,20250727,900,1,LTX-0007328,BKG-002637,37,147
7329,3713,20250813,900,1,LTX-0007329,BKG-002248,50,197
7330,3713,20250903,900,1,LTX-0007330,BKG-002627,58,255
7331,3713,20251125,900,1,LTX-0007331,BKG-004821,70,325
7332,2299,20250312,900,1,LTX-0007332,BKG-007123,18,18
7333,2299,20250512,900,1,LTX-0007333,BKG-010314,60,78
7334,2299,20251116,900,1,LTX-0007334,BKG-002250,70,148
7335,2299,20251116,1800,2,LTX-0007335,BKG-002250,-20,128
7336,2299,20251209,900,1,LTX-0007336,BKG-007296,20,148
7337,1842,20250602,900,1,LTX-0007337,BKG-002566,57,57
7338,1842,20250602,1800,2,LTX-0007338,BKG-002566,-20,37
7339,1842,20251004,900,1,LTX-0007339,BKG-002252,44,81
7340,3080,20250525,900,1,LTX-0007340,BKG-002254,54,54
7341,3080,20250615,900,1,LTX-0007341,BKG-003347,22,76
7342,3080,20250703,900,1,LTX-0007342,BKG-002553,60,136
7343,3080,20250704,900,1,LTX-0007343,BKG-011067,84,220
7344,3080,20251031,900,1,LTX-0007344,BKG-002441,68,288
7345,3080,20251105,900,1,LTX-0007345,BKG-004137,63,351
7346,1057,20250109,900,1,LTX-0007346,BKG-011750,41,41
7347,1057,20250330,900,1,LTX-0007347,BKG-004563,32,73
7348,1057,20250507,900,1,LTX-0007348,BKG-009794,50,123
7349,1057,20250825,900,1,LTX-0007349,BKG-007928,17,140
7350,1057,20250915,900,1,LTX-0007350,BKG-002256,41,181
7351,2464,20250606,900,1,LTX-0007351,BKG-010453,33,33
7352,2464,20250614,900,1,LTX-0007352,BKG-002258,41,74
7353,2464,20250703,900,1,LTX-0007353,BKG-005126,66,140
7354,2464,20251116,900,1,LTX-0007354,BKG-007951,29,169
7355,2464,20251116,1800,2,LTX-0007355,BKG-007951,-20,149
7356,1881,20250307,900,1,LTX-0007356,BKG-002259,37,37
7357,1881,20250611,900,1,LTX-0007357,BKG-005376,54,91
7358,1881,20250621,900,1,LTX-0007358,BKG-011831,86,177
7359,1881,20250622,900,1,LTX-0007359,BKG-008087,28,205
7360,1881,20250823,900,1,LTX-0007360,BKG-008786,48,253
7361,4555,20241223,900,1,LTX-0007361,BKG-003556,10,10
7362,4555,20250224,900,1,LTX-0007362,BKG-002263,79,89
7363,4555,20250410,900,1,LTX-0007363,BKG-011618,36,125
7364,4555,20250417,900,1,LTX-0007364,BKG-008924,16,141
7365,4555,20251014,900,1,LTX-0007365,BKG-006395,15,156
7366,4555,20251108,900,1,LTX-0007366,BKG-003829,39,195
7367,4555,20251129,900,1,LTX-0007367,BKG-009152,46,241
7368,4555,20251216,900,1,LTX-0007368,BKG-006977,78,319
7369,4837,20250131,900,1,LTX-0007369,BKG-002267,40,40
7370,4837,20250907,900,1,LTX-0007370,BKG-003598,48,88
7371,4837,20250929,900,1,LTX-0007371,BKG-006193,50,138
7372,633,20241210,900,1,LTX-0007372,BKG-009419,8,8
7373,633,20241231,900,1,LTX-0007373,BKG-002986,43,51
7374,633,20250707,900,1,LTX-0007374,BKG-003144,53,104
7375,634,20251122,900,1,LTX-0007375,BKG-002269,99,203
7376,634,20251221,900,1,LTX-0007376,BKG-006482,70,273
7377,601,20251109,900,1,LTX-0007377,BKG-006095,64,64
7378,601,20251113,900,1,LTX-0007378,BKG-002271,36,100
7379,601,20251130,900,1,LTX-0007379,BKG-004631,112,212
7380,1872,20241225,900,1,LTX-0007380,BKG-008060,39,39
7381,1872,20250315,900,1,LTX-0007381,BKG-008986,34,73
7382,1872,20250530,900,1,LTX-0007382,BKG-002272,47,120
7383,1872,20250729,900,1,LTX-0007383,BKG-011585,75,195
7384,1872,20250901,900,1,LTX-0007384,BKG-003878,18,213
7385,1872,20250926,900,1,LTX-0007385,BKG-004837,22,235
7386,1872,20251214,900,1,LTX-0007386,BKG-003452,25,260
7387,1872,20251214,1800,2,LTX-0007387,BKG-003452,-30,230
7388,4579,20250605,900,1,LTX-0007388,BKG-010053,39,39
7389,4579,20251115,900,1,LTX-0007389,BKG-002273,47,86
7390,4579,20251210,900,1,LTX-0007390,BKG-002864,41,127
7391,1643,20250525,900,1,LTX-0007391,BKG-002274,73,73
7392,1643,20250530,900,1,LTX-0007392,BKG-004808,53,126
7393,1643,20250530,1800,2,LTX-0007393,BKG-004808,-10,116
7394,1643,20250712,900,1,LTX-0007394,BKG-009930,87,203
7395,1643,20250712,1800,2,LTX-0007395,BKG-009930,-10,193
7396,3475,20250423,900,1,LTX-0007396,BKG-002275,47,47
7397,3475,20250529,900,1,LTX-0007397,BKG-011842,74,121
7398,3475,20250529,1800,2,LTX-0007398,BKG-011842,-10,111
7399,3475,20250710,900,1,LTX-0007399,BKG-009315,46,157
7400,731,20250318,900,1,LTX-0007400,BKG-002276,53,53
7401,731,20250520,900,1,LTX-0007401,BKG-007200,31,84
7402,731,20250620,900,1,LTX-0007402,BKG-002357,58,142
7403,4505,20250223,900,1,LTX-0007403,BKG-002279,47,47
7404,4505,20250605,900,1,LTX-0007404,BKG-003468,68,115
7405,4505,20250614,900,1,LTX-0007405,BKG-011367,50,165
7406,4505,20251004,900,1,LTX-0007406,BKG-003458,42,207
7407,2069,20250512,900,1,LTX-0007407,BKG-006111,108,108
7408,2069,20250520,900,1,LTX-0007408,BKG-012499,15,123
7409,2069,20250707,900,1,LTX-0007409,BKG-010881,66,189
7410,2069,20250707,1800,2,LTX-0007410,BKG-010881,-20,169
7411,2069,20250718,900,1,LTX-0007411,BKG-002280,65,234
7412,2069,20250816,900,1,LTX-0007412,BKG-003686,33,267
7413,2069,20250914,900,1,LTX-0007413,BKG-003675,69,336
7414,2069,20251201,900,1,LTX-0007414,BKG-011040,30,366
7415,4776,20250119,900,1,LTX-0007415,BKG-011208,45,45
7416,4777,20250920,900,1,LTX-0007416,BKG-002283,64,109
7417,4721,20250328,900,1,LTX-0007417,BKG-003864,45,45
7418,4721,20250604,900,1,LTX-0007418,BKG-002284,30,75
7419,4721,20250630,900,1,LTX-0007419,BKG-004227,85,160
7420,4721,20251109,900,1,LTX-0007420,BKG-005177,39,199
7421,4721,20251204,900,1,LTX-0007421,BKG-002650,67,266
7422,4721,20251204,1800,2,LTX-0007422,BKG-002650,-10,256
7423,133,20250325,900,1,LTX-0007423,BKG-009924,37,37
7424,133,20251110,900,1,LTX-0007424,BKG-002286,31,68
7425,226,20250131,900,1,LTX-0007425,BKG-002941,44,44
7426,226,20250412,900,1,LTX-0007426,BKG-008587,31,75
7427,226,20250608,900,1,LTX-0007427,BKG-002287,27,102
7428,226,20251113,900,1,LTX-0007428,BKG-008167,59,161
7429,226,20251113,1800,2,LTX-0007429,BKG-008167,-30,131
7430,226,20251115,900,1,LTX-0007430,BKG-010178,60,191
7431,226,20251123,900,1,LTX-0007431,BKG-008273,67,258
7432,4805,20250621,900,1,LTX-0007432,BKG-006803,50,50
7433,4805,20251019,900,1,LTX-0007433,BKG-002288,24,74
7434,4805,20251019,1800,2,LTX-0007434,BKG-002288,-20,54
7435,4147,20250530,900,1,LTX-0007435,BKG-002289,23,23
7436,2460,20250201,900,1,LTX-0007436,BKG-002291,8,8
7437,2461,20250407,900,1,LTX-0007437,BKG-004280,60,68
7438,2461,20250717,900,1,LTX-0007438,BKG-012006,50,118
7439,2461,20250717,1800,2,LTX-0007439,BKG-012006,-20,98
7440,2461,20251118,900,1,LTX-0007440,BKG-008917,67,165
7441,415,20250910,900,1,LTX-0007441,BKG-002294,10,10
7442,416,20251109,900,1,LTX-0007442,BKG-002850,104,114
7443,1604,20250123,900,1,LTX-0007443,BKG-007560,44,44
7444,1604,20250124,900,1,LTX-0007444,BKG-003067,30,74
7445,1604,20250618,900,1,LTX-0007445,BKG-004761,70,144
7446,1604,20250625,900,1,LTX-0007446,BKG-002295,52,196
7447,1604,20251027,900,1,LTX-0007447,BKG-004475,52,248
7448,1604,20251109,900,1,LTX-0007448,BKG-012152,38,286
7449,994,20250112,900,1,LTX-0007449,BKG-004520,44,44
7450,994,20250112,1800,2,LTX-0007450,BKG-004520,-20,24
7451,994,20250217,900,1,LTX-0007451,BKG-002297,36,60
7452,994,20250217,1800,2,LTX-0007452,BKG-002297,-30,30
7453,994,20250519,900,1,LTX-0007453,BKG-008456,76,106
7454,994,20251002,900,1,LTX-0007454,BKG-007756,60,166
7455,994,20251002,1800,2,LTX-0007455,BKG-007756,-10,156
7456,994,20251013,900,1,LTX-0007456,BKG-005203,81,237
7457,994,20251207,900,1,LTX-0007457,BKG-006231,34,271
7458,994,20251207,1800,2,LTX-0007458,BKG-006231,-10,261
7459,2348,20250410,900,1,LTX-0007459,BKG-002299,14,14
7460,2348,20250516,900,1,LTX-0007460,BKG-004890,73,87
7461,2348,20251120,900,1,LTX-0007461,BKG-010940,17,104
7462,2358,20250217,900,1,LTX-0007462,BKG-002300,22,22
7463,2358,20250702,900,1,LTX-0007463,BKG-004072,47,69
7464,865,20250219,900,1,LTX-0007464,BKG-002301,49,49
7465,4606,20250128,900,1,LTX-0007465,BKG-003681,53,53
7466,4606,20250524,900,1,LTX-0007466,BKG-004741,65,118
7467,4606,20250726,900,1,LTX-0007467,BKG-002302,34,152
7468,4606,20251118,900,1,LTX-0007468,BKG-012390,39,191
7469,4606,20251124,900,1,LTX-0007469,BKG-006934,48,239
7470,1076,20250501,900,1,LTX-0007470,BKG-002303,59,59
7471,1076,20250501,1800,2,LTX-0007471,BKG-002303,-30,29
7472,1076,20250530,900,1,LTX-0007472,BKG-006461,68,97
7473,1076,20250619,900,1,LTX-0007473,BKG-012381,37,134
7474,1076,20250624,900,1,LTX-0007474,BKG-011443,45,179
7475,1076,20251202,900,1,LTX-0007475,BKG-010108,67,246
7476,1905,20250217,900,1,LTX-0007476,BKG-002545,16,16
7477,1905,20250406,900,1,LTX-0007477,BKG-002304,21,37
7478,1906,20250711,900,1,LTX-0007478,BKG-010665,52,89
7479,4598,20250129,900,1,LTX-0007479,BKG-003791,38,38
7480,4598,20250720,900,1,LTX-0007480,BKG-002306,68,106
7481,4598,20251112,900,1,LTX-0007481,BKG-006654,31,137
7482,4598,20251116,900,1,LTX-0007482,BKG-003805,11,148
7483,4598,20251213,900,1,LTX-0007483,BKG-004504,66,214
7484,4598,20251215,900,1,LTX-0007484,BKG-009492,42,256
7485,199,20250306,900,1,LTX-0007485,BKG-011217,46,46
7486,199,20250514,900,1,LTX-0007486,BKG-002308,57,103
7487,199,20250601,900,1,LTX-0007487,BKG-010858,23,126
7488,199,20250601,1800,2,LTX-0007488,BKG-010858,-10,116
7489,199,20250604,900,1,LTX-0007489,BKG-002491,54,170
7490,200,20251203,900,1,LTX-0007490,BKG-011878,82,252
7491,200,20251208,900,1,LTX-0007491,BKG-011473,47,299
7492,2178,20250305,900,1,LTX-0007492,BKG-002309,21,21
7493,2178,20250515,900,1,LTX-0007493,BKG-011677,65,86
7494,2179,20251021,900,1,LTX-0007494,BKG-002609,30,116
7495,4162,20250714,900,1,LTX-0007495,BKG-002310,31,31
7496,4162,20250717,900,1,LTX-0007496,BKG-004597,8,39
7497,4162,20250725,900,1,LTX-0007497,BKG-008278,16,55
7498,3780,20250128,900,1,LTX-0007498,BKG-004388,50,50
7499,3780,20250227,900,1,LTX-0007499,BKG-008524,50,100
7500,3780,20250526,900,1,LTX-0007500,BKG-011676,76,176
7501,3780,20250617,900,1,LTX-0007501,BKG-002311,32,208
7502,3780,20250617,1800,2,LTX-0007502,BKG-002311,-10,198
7503,3780,20250707,900,1,LTX-0007503,BKG-006688,22,220
7504,3780,20251118,900,1,LTX-0007504,BKG-009884,73,293
7505,3104,20250418,900,1,LTX-0007505,BKG-002312,42,42
7506,3104,20250527,900,1,LTX-0007506,BKG-005761,23,65
7507,3104,20250605,900,1,LTX-0007507,BKG-006084,80,145
7508,4191,20250710,900,1,LTX-0007508,BKG-002316,29,29
7509,4191,20250818,900,1,LTX-0007509,BKG-003535,22,51
7510,3010,20250429,900,1,LTX-0007510,BKG-012480,45,45
7511,3010,20250515,900,1,LTX-0007511,BKG-011684,9,54
7512,3010,20250604,900,1,LTX-0007512,BKG-004589,45,99
7513,3011,20250726,900,1,LTX-0007513,BKG-009498,44,143
7514,3011,20251004,900,1,LTX-0007514,BKG-002317,57,200
7515,3011,20251004,1800,2,LTX-0007515,BKG-002317,-10,190
7516,1542,20241223,900,1,LTX-0007516,BKG-002318,25,25
7517,1542,20250215,900,1,LTX-0007517,BKG-011759,42,67
7518,1542,20250804,900,1,LTX-0007518,BKG-009886,56,123
7519,1542,20251209,900,1,LTX-0007519,BKG-005763,61,184
7520,4135,20250103,900,1,LTX-0007520,BKG-002320,14,14
7521,4135,20250103,1800,2,LTX-0007521,BKG-002320,-10,4
7522,4135,20250307,900,1,LTX-0007522,BKG-005120,15,19
7523,4135,20250723,900,1,LTX-0007523,BKG-003566,53,72
7524,4135,20250723,1800,2,LTX-0007524,BKG-003566,-10,62
7525,836,20250830,900,1,LTX-0007525,BKG-002322,50,50
7526,1235,20250103,900,1,LTX-0007526,BKG-002323,67,67
7527,1235,20250103,1800,2,LTX-0007527,BKG-002323,-10,57
7528,1235,20250113,900,1,LTX-0007528,BKG-005957,27,84
7529,2242,20250407,900,1,LTX-0007529,BKG-002324,55,55
7530,2243,20250809,900,1,LTX-0007530,BKG-011679,38,93
7531,2243,20250906,900,1,LTX-0007531,BKG-003164,37,130
7532,298,20250219,900,1,LTX-0007532,BKG-003462,16,16
7533,299,20250504,900,1,LTX-0007533,BKG-002325,36,52
7534,299,20250721,900,1,LTX-0007534,BKG-004916,66,118
7535,299,20251105,900,1,LTX-0007535,BKG-006251,38,156
7536,299,20251120,900,1,LTX-0007536,BKG-005291,27,183
7537,299,20251206,900,1,LTX-0007537,BKG-004210,66,249
7538,314,20251006,900,1,LTX-0007538,BKG-005485,40,40
7539,314,20251128,900,1,LTX-0007539,BKG-009181,43,83
7540,314,20251129,900,1,LTX-0007540,BKG-002328,21,104
7541,4210,20250216,900,1,LTX-0007541,BKG-010877,17,17
7542,4210,20250708,900,1,LTX-0007542,BKG-006768,65,82
7543,4210,20250921,900,1,LTX-0007543,BKG-002329,107,189
7544,1148,20250708,900,1,LTX-0007544,BKG-007185,48,48
7545,1149,20250912,900,1,LTX-0007545,BKG-007398,55,103
7546,1149,20251027,900,1,LTX-0007546,BKG-005138,39,142
7547,1149,20251111,900,1,LTX-0007547,BKG-002330,52,194
7548,4796,20250215,900,1,LTX-0007548,BKG-002464,31,31
7549,4796,20250610,900,1,LTX-0007549,BKG-004014,44,75
7550,4796,20250615,900,1,LTX-0007550,BKG-002331,15,90
7551,4796,20250707,900,1,LTX-0007551,BKG-006227,87,177
7552,3004,20250109,900,1,LTX-0007552,BKG-009310,18,18
7553,3004,20250130,900,1,LTX-0007553,BKG-003274,42,60
7554,3004,20250205,900,1,LTX-0007554,BKG-011000,38,98
7555,3004,20250221,900,1,LTX-0007555,BKG-008952,14,112
7556,3004,20250503,900,1,LTX-0007556,BKG-002332,34,146
7557,3004,20250503,1800,2,LTX-0007557,BKG-002332,-20,126
7558,3004,20250720,900,1,LTX-0007558,BKG-008616,28,154
7559,3004,20250823,900,1,LTX-0007559,BKG-003754,24,178
7560,3004,20250823,1800,2,LTX-0007560,BKG-003754,-30,148
7561,309,20250623,900,1,LTX-0007561,BKG-003199,12,12
7562,309,20250702,900,1,LTX-0007562,BKG-002333,16,28
7563,309,20250919,900,1,LTX-0007563,BKG-009272,52,80
7564,574,20250216,900,1,LTX-0007564,BKG-009488,27,27
7565,574,20250516,900,1,LTX-0007565,BKG-012153,116,143
7566,574,20250609,900,1,LTX-0007566,BKG-002334,60,203
7567,574,20251204,900,1,LTX-0007567,BKG-007319,15,218
7568,2325,20250420,900,1,LTX-0007568,BKG-002336,39,39
7569,2325,20250619,900,1,LTX-0007569,BKG-004328,102,141
7570,2325,20250717,900,1,LTX-0007570,BKG-012095,56,197
7571,2325,20250717,1800,2,LTX-0007571,BKG-012095,-10,187
7572,2325,20251105,900,1,LTX-0007572,BKG-011934,30,217
7573,3532,20250217,900,1,LTX-0007573,BKG-002338,14,14
7574,3533,20250523,900,1,LTX-0007574,BKG-011322,78,92
7575,2945,20250306,900,1,LTX-0007575,BKG-002340,58,58
7576,2946,20250611,900,1,LTX-0007576,BKG-004714,49,107
7577,2946,20250809,900,1,LTX-0007577,BKG-009648,16,123
7578,3626,20241224,900,1,LTX-0007578,BKG-011288,26,26
7579,3626,20250225,900,1,LTX-0007579,BKG-010514,61,87
7580,3626,20250512,900,1,LTX-0007580,BKG-002341,55,142
7581,3626,20250718,900,1,LTX-0007581,BKG-011092,60,202
7582,3626,20250718,1800,2,LTX-0007582,BKG-011092,-10,192
7583,3626,20250827,900,1,LTX-0007583,BKG-007938,44,236
7584,3626,20251218,900,1,LTX-0007584,BKG-011602,52,288
7585,320,20250717,900,1,LTX-0007585,BKG-010472,44,44
7586,321,20251005,900,1,LTX-0007586,BKG-011424,48,92
7587,321,20251011,900,1,LTX-0007587,BKG-012431,85,177
7588,321,20251120,900,1,LTX-0007588,BKG-002804,22,199
7589,321,20251121,900,1,LTX-0007589,BKG-010239,16,215
7590,321,20251202,900,1,LTX-0007590,BKG-007617,88,303
7591,321,20251206,900,1,LTX-0007591,BKG-011683,22,325
7592,321,20251211,900,1,LTX-0007592,BKG-002342,60,385
7593,2663,20250424,900,1,LTX-0007593,BKG-006058,43,43
7594,2663,20250625,900,1,LTX-0007594,BKG-002344,26,69
7595,2663,20250625,900,1,LTX-0007595,BKG-012408,62,131
7596,2663,20250625,1800,2,LTX-0007596,BKG-012408,-20,111
7597,2663,20250921,900,1,LTX-0007597,BKG-004241,37,148
7598,2663,20251108,900,1,LTX-0007598,BKG-009306,30,178
7599,2663,20251206,900,1,LTX-0007599,BKG-009658,17,195
7600,2042,20250118,900,1,LTX-0007600,BKG-002345,6,6
7601,2043,20251128,900,1,LTX-0007601,BKG-006913,17,23
7602,612,20250328,900,1,LTX-0007602,BKG-004629,76,76
7603,612,20250521,900,1,LTX-0007603,BKG-002346,25,101
7604,2477,20250209,900,1,LTX-0007604,BKG-008252,38,38
7605,2477,20250416,900,1,LTX-0007605,BKG-011480,40,78
7606,2477,20250524,900,1,LTX-0007606,BKG-004372,30,108
7607,2477,20250609,900,1,LTX-0007607,BKG-002348,45,153
7608,1676,20250224,900,1,LTX-0007608,BKG-010700,68,68
7609,1676,20250527,900,1,LTX-0007609,BKG-002351,32,100
7610,1676,20251105,900,1,LTX-0007610,BKG-004136,24,124
7611,2675,20250415,900,1,LTX-0007611,BKG-008656,51,51
7612,2675,20250522,900,1,LTX-0007612,BKG-011440,64,115
7613,2675,20251010,900,1,LTX-0007613,BKG-002353,70,185
7614,2675,20251110,900,1,LTX-0007614,BKG-004479,59,244
7615,2675,20251110,1800,2,LTX-0007615,BKG-004479,-20,224
7616,3505,20250412,900,1,LTX-0007616,BKG-003004,39,39
7617,3505,20250509,900,1,LTX-0007617,BKG-008152,13,52
7618,3505,20250701,900,1,LTX-0007618,BKG-007363,46,98
7619,3505,20250707,900,1,LTX-0007619,BKG-002355,66,164
7620,3505,20250707,900,1,LTX-0007620,BKG-005750,59,223
7621,3505,20250707,1800,2,LTX-0007621,BKG-002355,-30,193
7622,4251,20251203,900,1,LTX-0007622,BKG-002359,56,56
7623,4251,20251203,1800,2,LTX-0007623,BKG-002359,-30,26
7624,1925,20250629,900,1,LTX-0007624,BKG-002360,37,37
7625,1925,20251126,900,1,LTX-0007625,BKG-012033,70,107
7626,1925,20251126,1800,2,LTX-0007626,BKG-012033,-10,97
7627,2440,20250102,900,1,LTX-0007627,BKG-002361,58,58
7628,2440,20250611,900,1,LTX-0007628,BKG-002452,102,160
7629,2440,20250721,900,1,LTX-0007629,BKG-005642,85,245
7630,2441,20251130,900,1,LTX-0007630,BKG-008790,43,288
7631,3221,20250317,900,1,LTX-0007631,BKG-008973,17,17
7632,3221,20250418,900,1,LTX-0007632,BKG-002363,26,43
7633,3221,20251112,900,1,LTX-0007633,BKG-007714,69,112
7634,418,20250921,900,1,LTX-0007634,BKG-002369,42,42
7635,3189,20250107,900,1,LTX-0007635,BKG-007115,60,60
7636,3189,20250621,900,1,LTX-0007636,BKG-002373,31,91
7637,3189,20250627,900,1,LTX-0007637,BKG-002875,12,103
7638,3189,20250703,900,1,LTX-0007638,BKG-011249,64,167
7639,3048,20250529,900,1,LTX-0007639,BKG-002374,31,31
7640,3048,20251106,900,1,LTX-0007640,BKG-004614,34,65
7641,3048,20251106,1800,2,LTX-0007641,BKG-004614,-10,55
7642,3048,20251123,900,1,LTX-0007642,BKG-010499,42,97
7643,3048,20251128,900,1,LTX-0007643,BKG-010743,43,140
7644,3048,20251204,900,1,LTX-0007644,BKG-002857,96,236
7645,588,20250120,900,1,LTX-0007645,BKG-008097,18,18
7646,588,20250815,900,1,LTX-0007646,BKG-002375,56,74
7647,588,20251103,900,1,LTX-0007647,BKG-004269,56,130
7648,588,20251103,1800,2,LTX-0007648,BKG-004269,-20,110
7649,588,20251128,900,1,LTX-0007649,BKG-004141,43,153
7650,4774,20241224,900,1,LTX-0007650,BKG-007250,30,30
7651,4774,20250123,900,1,LTX-0007651,BKG-003410,56,86
7652,4774,20250405,900,1,LTX-0007652,BKG-002376,16,102
7653,405,20250420,900,1,LTX-0007653,BKG-002377,62,62
7654,405,20250907,900,1,LTX-0007654,BKG-010052,16,78
7655,405,20251104,900,1,LTX-0007655,BKG-002786,8,86
7656,2802,20250601,900,1,LTX-0007656,BKG-006579,44,44
7657,2802,20251022,900,1,LTX-0007657,BKG-008027,38,82
7658,2802,20251113,900,1,LTX-0007658,BKG-002378,54,136
7659,402,20250212,900,1,LTX-0007659,BKG-005100,72,72
7660,402,20250628,900,1,LTX-0007660,BKG-002379,94,166
7661,402,20250813,900,1,LTX-0007661,BKG-004429,19,185
7662,3525,20241221,900,1,LTX-0007662,BKG-005854,36,36
7663,3525,20250416,900,1,LTX-0007663,BKG-011860,33,69
7664,3525,20250429,900,1,LTX-0007664,BKG-009882,19,88
7665,3525,20250613,900,1,LTX-0007665,BKG-006788,88,176
7666,3525,20251205,900,1,LTX-0007666,BKG-002382,47,223
7667,3525,20251205,1800,2,LTX-0007667,BKG-002382,-30,193
7668,3810,20250617,900,1,LTX-0007668,BKG-010457,60,60
7669,3810,20250712,900,1,LTX-0007669,BKG-002383,41,101
7670,3811,20251209,900,1,LTX-0007670,BKG-009507,70,171
7671,191,20250515,900,1,LTX-0007671,BKG-006959,90,90
7672,191,20250603,900,1,LTX-0007672,BKG-002388,90,180
7673,192,20251127,900,1,LTX-0007673,BKG-004620,18,198
7674,192,20251207,900,1,LTX-0007674,BKG-008121,57,255
7675,2656,20250603,900,1,LTX-0007675,BKG-002389,63,63
7676,2656,20250610,900,1,LTX-0007676,BKG-003641,46,109
7677,2656,20250705,900,1,LTX-0007677,BKG-008478,39,148
7678,648,20250401,900,1,LTX-0007678,BKG-003695,11,11
7679,648,20250531,900,1,LTX-0007679,BKG-002392,26,37
7680,648,20250901,900,1,LTX-0007680,BKG-007245,49,86
7681,649,20251114,900,1,LTX-0007681,BKG-004075,45,131
7682,2408,20251001,900,1,LTX-0007682,BKG-006037,40,40
7683,2408,20251030,900,1,LTX-0007683,BKG-006225,20,60
7684,2408,20251217,900,1,LTX-0007684,BKG-002395,84,144
7685,454,20250404,900,1,LTX-0007685,BKG-002481,63,63
7686,454,20250410,900,1,LTX-0007686,BKG-012407,37,100
7687,454,20250501,900,1,LTX-0007687,BKG-003484,72,172
7688,454,20250524,900,1,LTX-0007688,BKG-002398,83,255
7689,454,20251218,900,1,LTX-0007689,BKG-010822,9,264
7690,970,20250203,900,1,LTX-0007690,BKG-005599,30,30
7691,970,20250203,1800,2,LTX-0007691,BKG-005599,-20,10
7692,970,20250614,900,1,LTX-0007692,BKG-002400,23,33
7693,2135,20250207,900,1,LTX-0007693,BKG-009546,29,29
7694,2135,20250412,900,1,LTX-0007694,BKG-005128,10,39
7695,2135,20250412,1800,2,LTX-0007695,BKG-005128,-20,19
7696,2135,20250509,900,1,LTX-0007696,BKG-002401,67,86
7697,3575,20241217,900,1,LTX-0007697,BKG-009821,16,16
7698,3575,20241217,1800,2,LTX-0007698,BKG-009821,-10,6
7699,3575,20250515,900,1,LTX-0007699,BKG-002405,41,47
7700,3575,20250515,1800,2,LTX-0007700,BKG-002405,-20,27
7701,3575,20251109,900,1,LTX-0007701,BKG-004812,61,88
7702,208,20250210,900,1,LTX-0007702,BKG-012465,94,94
7703,208,20250313,900,1,LTX-0007703,BKG-008564,62,156
7704,208,20250313,1800,2,LTX-0007704,BKG-008564,-30,126
7705,208,20250520,900,1,LTX-0007705,BKG-004958,55,181
7706,208,20250523,900,1,LTX-0007706,BKG-002410,48,229
7707,208,20250523,1800,2,LTX-0007707,BKG-002410,-20,209
7708,208,20250701,900,1,LTX-0007708,BKG-012303,37,246
7709,208,20250701,1800,2,LTX-0007709,BKG-012303,-10,236
7710,208,20250729,900,1,LTX-0007710,BKG-011843,7,243
7711,208,20251204,900,1,LTX-0007711,BKG-009662,48,291
7712,3992,20250408,900,1,LTX-0007712,BKG-008163,51,51
7713,3992,20250408,1800,2,LTX-0007713,BKG-008163,-20,31
7714,3992,20251205,900,1,LTX-0007714,BKG-002412,15,46
7715,3992,20251205,1800,2,LTX-0007715,BKG-002412,-10,36
7716,3281,20250510,900,1,LTX-0007716,BKG-002733,64,64
7717,3281,20250527,900,1,LTX-0007717,BKG-002413,67,131
7718,696,20250104,900,1,LTX-0007718,BKG-004052,30,30
7719,696,20250216,900,1,LTX-0007719,BKG-007125,32,62
7720,696,20250517,900,1,LTX-0007720,BKG-002416,40,102
7721,696,20251122,900,1,LTX-0007721,BKG-005437,49,151
7722,3173,20250605,900,1,LTX-0007722,BKG-009815,63,63
7723,3173,20250820,900,1,LTX-0007723,BKG-004327,9,72
7724,3173,20250926,900,1,LTX-0007724,BKG-007059,41,113
7725,3173,20250926,1800,2,LTX-0007725,BKG-007059,-10,103
7726,3173,20251218,900,1,LTX-0007726,BKG-002417,61,164
7727,3252,20250111,900,1,LTX-0007727,BKG-002418,49,49
7728,3252,20250227,900,1,LTX-0007728,BKG-010470,8,57
7729,3252,20250511,900,1,LTX-0007729,BKG-005289,37,94
7730,3252,20250810,900,1,LTX-0007730,BKG-010338,14,108
7731,4380,20250510,900,1,LTX-0007731,BKG-003337,25,25
7732,4380,20250524,900,1,LTX-0007732,BKG-009695,32,57
7733,4380,20250621,900,1,LTX-0007733,BKG-002420,53,110
7734,4380,20251011,900,1,LTX-0007734,BKG-004470,19,129
7735,4380,20251207,900,1,LTX-0007735,BKG-011354,21,150
7736,3128,20250414,900,1,LTX-0007736,BKG-002421,63,63
7737,3128,20250510,900,1,LTX-0007737,BKG-003586,28,91
7738,3128,20250521,900,1,LTX-0007738,BKG-008071,54,145
7739,3128,20250615,900,1,LTX-0007739,BKG-011457,24,169
7740,1270,20250214,900,1,LTX-0007740,BKG-010663,39,39
7741,1270,20250307,900,1,LTX-0007741,BKG-005281,35,74
7742,1270,20250307,1800,2,LTX-0007742,BKG-005281,-10,64
7743,1270,20250526,900,1,LTX-0007743,BKG-002422,60,124
7744,1270,20250526,900,1,LTX-0007744,BKG-008707,26,150
7745,1270,20250622,900,1,LTX-0007745,BKG-007863,22,172
7746,2990,20250120,900,1,LTX-0007746,BKG-002424,74,74
7747,2990,20250716,900,1,LTX-0007747,BKG-005771,44,118
7748,1208,20250417,900,1,LTX-0007748,BKG-002425,31,31
7749,1208,20250421,900,1,LTX-0007749,BKG-003846,26,57
7750,1208,20250617,900,1,LTX-0007750,BKG-010546,65,122
7751,1208,20250624,900,1,LTX-0007751,BKG-002832,32,154
7752,4586,20241230,900,1,LTX-0007752,BKG-002433,54,54
7753,4587,20251219,900,1,LTX-0007753,BKG-005525,60,114
7754,1352,20250512,900,1,LTX-0007754,BKG-002692,47,47
7755,1352,20250712,900,1,LTX-0007755,BKG-011219,30,77
7756,1352,20251027,900,1,LTX-0007756,BKG-010213,24,101
7757,1352,20251125,900,1,LTX-0007757,BKG-004099,20,121
7758,1352,20251125,1800,2,LTX-0007758,BKG-004099,-10,111
7759,1352,20251205,900,1,LTX-0007759,BKG-006048,30,141
7760,1352,20251214,900,1,LTX-0007760,BKG-002436,46,187
7761,4158,20250703,900,1,LTX-0007761,BKG-011758,68,68
7762,4158,20250806,900,1,LTX-0007762,BKG-002437,33,101
7763,880,20250212,900,1,LTX-0007763,BKG-006129,40,40
7764,880,20250212,1800,2,LTX-0007764,BKG-006129,-30,10
7765,880,20250502,900,1,LTX-0007765,BKG-004196,8,18
7766,880,20250527,900,1,LTX-0007766,BKG-010227,71,89
7767,880,20251108,900,1,LTX-0007767,BKG-002438,9,98
7768,880,20251129,900,1,LTX-0007768,BKG-003300,56,154
7769,235,20250517,900,1,LTX-0007769,BKG-004950,47,47
7770,235,20250520,900,1,LTX-0007770,BKG-003344,68,115
7771,235,20250520,1800,2,LTX-0007771,BKG-003344,-10,105
7772,235,20250801,900,1,LTX-0007772,BKG-003762,26,131
7773,235,20251102,900,1,LTX-0007773,BKG-006833,38,169
7774,235,20251218,900,1,LTX-0007774,BKG-002439,47,216
7775,4683,20250414,900,1,LTX-0007775,BKG-005365,44,44
7776,4684,20250504,900,1,LTX-0007776,BKG-002442,68,112
7777,4684,20250623,900,1,LTX-0007777,BKG-011757,28,140
7778,4684,20250827,900,1,LTX-0007778,BKG-010482,22,162
7779,4684,20250907,900,1,LTX-0007779,BKG-004553,8,170
7780,4684,20251125,900,1,LTX-0007780,BKG-009112,57,227
7781,4684,20251208,900,1,LTX-0007781,BKG-010418,86,313
7782,4684,20251208,1800,2,LTX-0007782,BKG-010418,-10,303
7783,3553,20250113,900,1,LTX-0007783,BKG-002642,40,40
7784,3553,20250320,900,1,LTX-0007784,BKG-007233,33,73
7785,3553,20250326,900,1,LTX-0007785,BKG-004169,37,110
7786,3553,20250519,900,1,LTX-0007786,BKG-007910,32,142
7787,3553,20251118,900,1,LTX-0007787,BKG-002443,68,210
7788,724,20250401,900,1,LTX-0007788,BKG-009590,31,31
7789,724,20250517,900,1,LTX-0007789,BKG-011761,26,57
7790,724,20250609,900,1,LTX-0007790,BKG-007360,75,132
7791,724,20251017,900,1,LTX-0007791,BKG-002444,19,151
7792,724,20251221,900,1,LTX-0007792,BKG-010563,36,187
7793,1818,20241231,900,1,LTX-0007793,BKG-007248,41,41
7794,1818,20250125,900,1,LTX-0007794,BKG-003488,52,93
7795,1818,20250703,900,1,LTX-0007795,BKG-009691,25,118
7796,1818,20250721,900,1,LTX-0007796,BKG-002445,35,153
7797,1182,20250206,900,1,LTX-0007797,BKG-002449,30,30
7798,1182,20250302,900,1,LTX-0007798,BKG-004259,73,103
7799,1182,20250302,1800,2,LTX-0007799,BKG-004259,-20,83
7800,1183,20250415,900,1,LTX-0007800,BKG-004571,80,163
7801,1183,20250527,900,1,LTX-0007801,BKG-003587,58,221
7802,1183,20250530,900,1,LTX-0007802,BKG-007896,75,296
7803,1183,20251008,900,1,LTX-0007803,BKG-008308,40,336
7804,4373,20250527,900,1,LTX-0007804,BKG-002450,25,25
7805,3863,20250404,900,1,LTX-0007805,BKG-002457,11,11
7806,3863,20250605,900,1,LTX-0007806,BKG-006171,40,51
7807,3863,20250630,900,1,LTX-0007807,BKG-011083,41,92
7808,3863,20250704,900,1,LTX-0007808,BKG-002838,51,143
7809,3863,20250704,1800,2,LTX-0007809,BKG-002838,-20,123
7810,3863,20250719,900,1,LTX-0007810,BKG-011123,48,171
7811,3863,20250719,1800,2,LTX-0007811,BKG-011123,-30,141
7812,883,20250119,900,1,LTX-0007812,BKG-002478,34,34
7813,883,20250523,900,1,LTX-0007813,BKG-010591,51,85
7814,883,20250720,900,1,LTX-0007814,BKG-003161,58,143
7815,883,20251025,900,1,LTX-0007815,BKG-005553,43,186
7816,883,20251109,900,1,LTX-0007816,BKG-002459,44,230
7817,4829,20250926,900,1,LTX-0007817,BKG-002460,20,20
7818,4829,20251109,900,1,LTX-0007818,BKG-004440,79,99
7819,4829,20251109,1800,2,LTX-0007819,BKG-004440,-10,89
7820,2129,20250625,900,1,LTX-0007820,BKG-004352,54,54
7821,2129,20250923,900,1,LTX-0007821,BKG-011281,21,75
7822,2129,20250923,1800,2,LTX-0007822,BKG-011281,-20,55
7823,2129,20251207,900,1,LTX-0007823,BKG-002461,46,101
7824,2129,20251207,1800,2,LTX-0007824,BKG-002461,-10,91
7825,3695,20250601,900,1,LTX-0007825,BKG-008024,28,28
7826,3695,20250606,900,1,LTX-0007826,BKG-007440,70,98
7827,3695,20250727,900,1,LTX-0007827,BKG-009455,53,151
7828,3696,20251221,900,1,LTX-0007828,BKG-002462,80,231
7829,1711,20250202,900,1,LTX-0007829,BKG-008330,47,47
7830,1711,20250202,1800,2,LTX-0007830,BKG-008330,-20,27
7831,1711,20250324,900,1,LTX-0007831,BKG-002463,68,95
7832,1711,20250413,900,1,LTX-0007832,BKG-003243,28,123
7833,1711,20250706,900,1,LTX-0007833,BKG-004822,55,178
7834,4473,20241214,900,1,LTX-0007834,BKG-002465,42,42
7835,4473,20250521,900,1,LTX-0007835,BKG-006861,25,67
7836,4473,20250623,900,1,LTX-0007836,BKG-012032,30,97
7837,4541,20241223,900,1,LTX-0007837,BKG-010611,31,31
7838,4541,20250309,900,1,LTX-0007838,BKG-005656,24,55
7839,4541,20250816,900,1,LTX-0007839,BKG-002466,30,85
7840,2111,20250417,900,1,LTX-0007840,BKG-011135,55,55
7841,2111,20250616,900,1,LTX-0007841,BKG-011996,32,87
7842,2111,20250619,900,1,LTX-0007842,BKG-003311,35,122
7843,2111,20250825,900,1,LTX-0007843,BKG-003948,56,178
7844,2111,20251022,900,1,LTX-0007844,BKG-002467,38,216
7845,1715,20250601,900,1,LTX-0007845,BKG-004097,96,96
7846,1715,20250617,900,1,LTX-0007846,BKG-002468,25,121
7847,1715,20250617,1800,2,LTX-0007847,BKG-002468,-30,91
7848,4749,20250118,900,1,LTX-0007848,BKG-008629,62,62
7849,4749,20250217,900,1,LTX-0007849,BKG-002469,54,116
7850,4749,20250714,900,1,LTX-0007850,BKG-009010,61,177
7851,4749,20250714,1800,2,LTX-0007851,BKG-009010,-30,147
7852,4749,20250811,900,1,LTX-0007852,BKG-011195,25,172
7853,4750,20251014,900,1,LTX-0007853,BKG-008704,22,194
7854,4750,20251122,900,1,LTX-0007854,BKG-009308,25,219
7855,4908,20250205,900,1,LTX-0007855,BKG-012184,65,65
7856,4908,20250221,900,1,LTX-0007856,BKG-002470,71,136
7857,4908,20250415,900,1,LTX-0007857,BKG-010209,43,179
7858,4908,20250526,900,1,LTX-0007858,BKG-010015,70,249
7859,4908,20250620,900,1,LTX-0007859,BKG-005016,44,293
7860,1670,20250502,900,1,LTX-0007860,BKG-003112,56,56
7861,1670,20250608,900,1,LTX-0007861,BKG-002471,62,118
7862,1670,20250611,900,1,LTX-0007862,BKG-011538,67,185
7863,1670,20250705,900,1,LTX-0007863,BKG-008968,65,250
7864,4728,20250627,900,1,LTX-0007864,BKG-008396,53,53
7865,4728,20251008,900,1,LTX-0007865,BKG-002473,76,129
7866,2146,20250317,900,1,LTX-0007866,BKG-002474,47,47
7867,2146,20250425,900,1,LTX-0007867,BKG-003165,32,79
7868,2146,20250425,900,1,LTX-0007868,BKG-003537,32,111
7869,2146,20250425,1800,2,LTX-0007869,BKG-003165,-20,91
7870,2146,20250606,900,1,LTX-0007870,BKG-003850,20,111
7871,2589,20250317,900,1,LTX-0007871,BKG-002479,15,15
7872,2589,20250423,900,1,LTX-0007872,BKG-006689,14,29
7873,2590,20251127,900,1,LTX-0007873,BKG-004878,81,110
7874,3406,20250222,900,1,LTX-0007874,BKG-005935,33,33
7875,3406,20250222,1800,2,LTX-0007875,BKG-005935,-30,3
7876,3406,20250327,900,1,LTX-0007876,BKG-002480,37,40
7877,1838,20250115,900,1,LTX-0007877,BKG-005172,34,34
7878,1838,20250527,900,1,LTX-0007878,BKG-009833,38,72
7879,1838,20251129,900,1,LTX-0007879,BKG-002483,19,91
7880,1838,20251129,1800,2,LTX-0007880,BKG-002483,-20,71
7881,1838,20251217,900,1,LTX-0007881,BKG-012113,48,119
7882,1838,20251217,1800,2,LTX-0007882,BKG-012113,-30,89
7883,1267,20250110,900,1,LTX-0007883,BKG-006935,40,40
7884,1267,20250110,1800,2,LTX-0007884,BKG-006935,-20,20
7885,1267,20250220,900,1,LTX-0007885,BKG-002485,9,29
7886,1680,20250206,900,1,LTX-0007886,BKG-002486,38,38
7887,1680,20250528,900,1,LTX-0007887,BKG-005428,58,96
7888,1680,20250530,900,1,LTX-0007888,BKG-007864,9,105
7889,1680,20250907,900,1,LTX-0007889,BKG-007762,51,156
7890,1680,20251204,900,1,LTX-0007890,BKG-002605,70,226
7891,1680,20251206,900,1,LTX-0007891,BKG-009626,43,269
7892,1144,20250627,900,1,LTX-0007892,BKG-004690,48,48
7893,1144,20250825,900,1,LTX-0007893,BKG-002487,84,132
7894,4006,20250115,900,1,LTX-0007894,BKG-004417,42,42
7895,4006,20250421,900,1,LTX-0007895,BKG-004041,37,79
7896,4006,20250422,900,1,LTX-0007896,BKG-002488,106,185
7897,4006,20250509,900,1,LTX-0007897,BKG-007378,21,206
7898,4006,20251221,900,1,LTX-0007898,BKG-005524,68,274
7899,2149,20250718,900,1,LTX-0007899,BKG-006767,53,53
7900,2149,20250922,900,1,LTX-0007900,BKG-007691,32,85
7901,2149,20250926,900,1,LTX-0007901,BKG-002489,38,123
7902,2149,20251130,900,1,LTX-0007902,BKG-011235,79,202
7903,3655,20250120,900,1,LTX-0007903,BKG-010556,27,27
7904,3656,20251106,900,1,LTX-0007904,BKG-002490,20,47
7905,3656,20251217,900,1,LTX-0007905,BKG-008849,20,67
7906,4332,20251014,900,1,LTX-0007906,BKG-005273,74,74
7907,4332,20251014,1800,2,LTX-0007907,BKG-005273,-20,54
7908,4332,20251126,900,1,LTX-0007908,BKG-002492,49,103
7909,4332,20251126,1800,2,LTX-0007909,BKG-002492,-10,93
7910,2818,20250517,900,1,LTX-0007910,BKG-005356,54,54
7911,2818,20250803,900,1,LTX-0007911,BKG-003772,38,92
7912,2818,20251119,900,1,LTX-0007912,BKG-010828,22,114
7913,2818,20251208,900,1,LTX-0007913,BKG-002493,24,138
7914,1418,20250112,900,1,LTX-0007914,BKG-002497,28,28
7915,1418,20250821,900,1,LTX-0007915,BKG-006677,60,88
7916,1418,20251109,900,1,LTX-0007916,BKG-003934,43,131
7917,1418,20251126,900,1,LTX-0007917,BKG-006491,73,204
7918,715,20250102,900,1,LTX-0007918,BKG-006563,18,18
7919,715,20250823,900,1,LTX-0007919,BKG-002498,31,49
7920,715,20251130,900,1,LTX-0007920,BKG-004223,65,114
7921,715,20251130,900,1,LTX-0007921,BKG-010046,74,188
7922,2170,20250707,900,1,LTX-0007922,BKG-009739,31,31
7923,2170,20250725,900,1,LTX-0007923,BKG-002500,38,69
7924,2170,20250922,900,1,LTX-0007924,BKG-008696,16,85
7925,2170,20251216,900,1,LTX-0007925,BKG-003295,32,117
7926,381,20250425,900,1,LTX-0007926,BKG-004180,26,26
7927,381,20250611,900,1,LTX-0007927,BKG-002501,58,84
7928,381,20251021,900,1,LTX-0007928,BKG-004145,51,135
7929,2969,20250221,900,1,LTX-0007929,BKG-010064,17,17
7930,2969,20251202,900,1,LTX-0007930,BKG-002502,49,66
7931,3258,20250219,900,1,LTX-0007931,BKG-011572,15,15
7932,3259,20251110,900,1,LTX-0007932,BKG-002505,87,102
7933,3259,20251114,900,1,LTX-0007933,BKG-006626,36,138
7934,2419,20250113,900,1,LTX-0007934,BKG-002506,53,53
7935,2419,20250429,900,1,LTX-0007935,BKG-003453,50,103
7936,2420,20250717,900,1,LTX-0007936,BKG-003711,29,132
7937,2420,20250922,900,1,LTX-0007937,BKG-007212,14,146
7938,2420,20251205,900,1,LTX-0007938,BKG-004489,20,166
7939,3715,20241216,900,1,LTX-0007939,BKG-002507,65,65
7940,3368,20250202,900,1,LTX-0007940,BKG-002509,66,66
7941,3368,20250708,900,1,LTX-0007941,BKG-003858,50,116
7942,3468,20250516,900,1,LTX-0007942,BKG-008697,56,56
7943,3468,20250721,900,1,LTX-0007943,BKG-003297,63,119
7944,3468,20250827,900,1,LTX-0007944,BKG-004484,6,125
7945,3468,20251108,900,1,LTX-0007945,BKG-002510,89,214
7946,1035,20250113,900,1,LTX-0007946,BKG-007294,10,10
7947,1035,20250525,900,1,LTX-0007947,BKG-002514,86,96
7948,1035,20250601,900,1,LTX-0007948,BKG-009919,8,104
7949,1035,20250702,900,1,LTX-0007949,BKG-010484,43,147
7950,1035,20250728,900,1,LTX-0007950,BKG-010003,37,184
7951,1035,20250813,900,1,LTX-0007951,BKG-006914,37,221
7952,1035,20251202,900,1,LTX-0007952,BKG-011852,72,293
7953,4751,20250224,900,1,LTX-0007953,BKG-002610,27,27
7954,4751,20250429,900,1,LTX-0007954,BKG-002515,42,69
7955,4751,20250513,900,1,LTX-0007955,BKG-010634,29,98
7956,4751,20250616,900,1,LTX-0007956,BKG-006109,41,139
7957,4751,20250719,900,1,LTX-0007957,BKG-007935,71,210
7958,4751,20250816,900,1,LTX-0007958,BKG-012375,65,275
7959,4752,20251124,900,1,LTX-0007959,BKG-007604,37,312
7960,45,20250313,900,1,LTX-0007960,BKG-007196,38,38
7961,45,20250313,1800,2,LTX-0007961,BKG-007196,-20,18
7962,45,20250513,900,1,LTX-0007962,BKG-002516,34,52
7963,45,20250514,900,1,LTX-0007963,BKG-008136,15,67
7964,17,20250104,900,1,LTX-0007964,BKG-009688,69,69
7965,17,20250523,900,1,LTX-0007965,BKG-007669,15,84
7966,17,20250603,900,1,LTX-0007966,BKG-002517,43,127
7967,17,20250618,900,1,LTX-0007967,BKG-010729,6,133
7968,17,20250716,900,1,LTX-0007968,BKG-005730,10,143
7969,17,20250922,900,1,LTX-0007969,BKG-006201,18,161
7970,17,20251010,900,1,LTX-0007970,BKG-007629,38,199
7971,17,20251127,900,1,LTX-0007971,BKG-005062,25,224
7972,1513,20250611,900,1,LTX-0007972,BKG-006690,75,75
7973,1513,20250627,900,1,LTX-0007973,BKG-002523,11,86
7974,1513,20251209,900,1,LTX-0007974,BKG-006531,36,122
7975,2208,20241226,900,1,LTX-0007975,BKG-002524,14,14
7976,2208,20250207,900,1,LTX-0007976,BKG-003949,31,45
7977,2114,20250219,900,1,LTX-0007977,BKG-005026,55,55
7978,2114,20250506,900,1,LTX-0007978,BKG-012166,25,80
7979,2114,20250622,900,1,LTX-0007979,BKG-002525,29,109
7980,2114,20250622,1800,2,LTX-0007980,BKG-002525,-20,89
7981,2114,20250805,900,1,LTX-0007981,BKG-003301,50,139
7982,2114,20250928,900,1,LTX-0007982,BKG-011846,8,147
7983,2114,20251121,900,1,LTX-0007983,BKG-008305,19,166
7984,2114,20251206,900,1,LTX-0007984,BKG-010875,11,177
7985,3903,20250301,900,1,LTX-0007985,BKG-002527,38,38
7986,3903,20250528,900,1,LTX-0007986,BKG-010817,60,98
7987,3903,20250918,900,1,LTX-0007987,BKG-004239,30,128
7988,3903,20251017,900,1,LTX-0007988,BKG-005870,68,196
7989,3903,20251017,1800,2,LTX-0007989,BKG-005870,-20,176
7990,3903,20251020,900,1,LTX-0007990,BKG-005774,36,212
7991,1655,20250107,900,1,LTX-0007991,BKG-005627,68,68
7992,1655,20250429,900,1,LTX-0007992,BKG-008255,24,92
7993,1655,20250509,900,1,LTX-0007993,BKG-010116,32,124
7994,1655,20250509,1800,2,LTX-0007994,BKG-010116,-30,94
7995,1656,20250926,900,1,LTX-0007995,BKG-002534,31,125
7996,1656,20251204,900,1,LTX-0007996,BKG-009857,17,142
7997,4037,20250518,900,1,LTX-0007997,BKG-009771,33,33
7998,4037,20250609,900,1,LTX-0007998,BKG-002535,11,44
7999,4037,20250831,900,1,LTX-0007999,BKG-003461,52,96
8000,4037,20251001,900,1,LTX-0008000,BKG-009225,26,122
8001,2544,20250607,900,1,LTX-0008001,BKG-010712,57,57
8002,2544,20251112,900,1,LTX-0008002,BKG-002538,59,116
8003,2544,20251128,900,1,LTX-0008003,BKG-008425,92,208
8004,2544,20251128,1800,2,LTX-0008004,BKG-008425,-20,188
8005,1581,20251107,900,1,LTX-0008005,BKG-005618,58,58
8006,1581,20251109,900,1,LTX-0008006,BKG-002539,46,104
8007,4338,20250710,900,1,LTX-0008007,BKG-002748,72,72
8008,4338,20250710,1800,2,LTX-0008008,BKG-002748,-10,62
8009,4338,20251115,900,1,LTX-0008009,BKG-007131,35,97
8010,4338,20251212,900,1,LTX-0008010,BKG-002540,56,153
8011,1701,20250307,900,1,LTX-0008011,BKG-002541,28,28
8012,1701,20250702,900,1,LTX-0008012,BKG-006986,39,67
8013,4867,20250209,900,1,LTX-0008013,BKG-002912,6,6
8014,4867,20250315,900,1,LTX-0008014,BKG-002542,31,37
8015,4868,20250919,900,1,LTX-0008015,BKG-002568,57,94
8016,4868,20250925,900,1,LTX-0008016,BKG-006735,38,132
8017,4868,20251221,900,1,LTX-0008017,BKG-004383,33,165
8018,4868,20251221,1800,2,LTX-0008018,BKG-004383,-10,155
8019,2664,20250602,900,1,LTX-0008019,BKG-002550,68,68
8020,2664,20251016,900,1,LTX-0008020,BKG-009676,32,100
8021,3760,20250622,900,1,LTX-0008021,BKG-009781,75,75
8022,3760,20250701,900,1,LTX-0008022,BKG-009876,38,113
8023,3760,20250704,900,1,LTX-0008023,BKG-010642,42,155
8024,3761,20251014,900,1,LTX-0008024,BKG-002551,23,178
8025,1249,20250102,900,1,LTX-0008025,BKG-011458,32,32
8026,1249,20250102,1800,2,LTX-0008026,BKG-011458,-10,22
8027,1249,20250823,900,1,LTX-0008027,BKG-002555,29,51
8028,602,20250530,900,1,LTX-0008028,BKG-006828,60,60
8029,602,20250625,900,1,LTX-0008029,BKG-002558,23,83
8030,602,20250720,900,1,LTX-0008030,BKG-003910,77,160
8031,602,20250910,900,1,LTX-0008031,BKG-010885,16,176
8032,2142,20250327,900,1,LTX-0008032,BKG-002559,42,42
8033,2142,20250331,900,1,LTX-0008033,BKG-010774,55,97
8034,2142,20250331,1800,2,LTX-0008034,BKG-010774,-20,77
8035,2142,20250819,900,1,LTX-0008035,BKG-003876,64,141
8036,2142,20251129,900,1,LTX-0008036,BKG-010362,8,149
8037,2929,20250529,900,1,LTX-0008037,BKG-008007,30,30
8038,2929,20250724,900,1,LTX-0008038,BKG-002560,22,52
8039,2929,20250817,900,1,LTX-0008039,BKG-004598,24,76
8040,4687,20250704,900,1,LTX-0008040,BKG-002561,44,44
8041,4687,20250704,1800,2,LTX-0008041,BKG-002561,-30,14
8042,4687,20251019,900,1,LTX-0008042,BKG-008925,38,52
8043,1745,20250206,900,1,LTX-0008043,BKG-012253,10,10
8044,1745,20250707,900,1,LTX-0008044,BKG-007877,70,80
8045,1745,20250812,900,1,LTX-0008045,BKG-002562,34,114
8046,4847,20250105,900,1,LTX-0008046,BKG-004805,50,50
8047,4847,20250526,900,1,LTX-0008047,BKG-002564,47,97
8048,4005,20250405,900,1,LTX-0008048,BKG-008410,68,68
8049,4005,20250523,900,1,LTX-0008049,BKG-006228,26,94
8050,4005,20250525,900,1,LTX-0008050,BKG-003073,31,125
8051,4005,20250825,900,1,LTX-0008051,BKG-011718,21,146
8052,4005,20250924,900,1,LTX-0008052,BKG-002567,55,201
8053,2206,20250219,900,1,LTX-0008053,BKG-002572,40,40
8054,2206,20250412,900,1,LTX-0008054,BKG-005478,64,104
8055,2206,20250717,900,1,LTX-0008055,BKG-006427,44,148
8056,2206,20250717,1800,2,LTX-0008056,BKG-006427,-20,128
8057,1090,20250530,900,1,LTX-0008057,BKG-003085,46,46
8058,1090,20251002,900,1,LTX-0008058,BKG-002573,24,70
8059,1090,20251208,900,1,LTX-0008059,BKG-006588,43,113
8060,4148,20250621,900,1,LTX-0008060,BKG-011595,77,77
8061,4148,20250728,900,1,LTX-0008061,BKG-012293,34,111
8062,4148,20250728,1800,2,LTX-0008062,BKG-012293,-30,81
8063,4148,20251216,900,1,LTX-0008063,BKG-002574,54,135
8064,1499,20250110,900,1,LTX-0008064,BKG-002576,44,44
8065,1500,20251114,900,1,LTX-0008065,BKG-008957,81,125
8066,3735,20250317,900,1,LTX-0008066,BKG-002577,39,39
8067,3735,20250404,900,1,LTX-0008067,BKG-003936,13,52
8068,3735,20250404,1800,2,LTX-0008068,BKG-003936,-30,22
8069,3735,20250721,900,1,LTX-0008069,BKG-004548,34,56
8070,4154,20250123,900,1,LTX-0008070,BKG-006367,44,44
8071,4154,20250131,900,1,LTX-0008071,BKG-009908,12,56
8072,4154,20250519,900,1,LTX-0008072,BKG-011381,56,112
8073,4154,20250702,900,1,LTX-0008073,BKG-002579,47,159
8074,4925,20250506,900,1,LTX-0008074,BKG-003946,29,29
8075,4925,20250528,900,1,LTX-0008075,BKG-009818,33,62
8076,4925,20250629,900,1,LTX-0008076,BKG-009881,39,101
8077,4925,20250918,900,1,LTX-0008077,BKG-002582,20,121
8078,4925,20251207,900,1,LTX-0008078,BKG-005903,34,155
8079,2218,20250418,900,1,LTX-0008079,BKG-002583,19,19
8080,2218,20250514,900,1,LTX-0008080,BKG-011642,59,78
8081,2219,20251215,900,1,LTX-0008081,BKG-007473,37,115
8082,3329,20250204,900,1,LTX-0008082,BKG-012078,49,49
8083,3329,20250220,900,1,LTX-0008083,BKG-002584,16,65
8084,3329,20250307,900,1,LTX-0008084,BKG-005636,14,79
8085,3329,20251117,900,1,LTX-0008085,BKG-002871,17,96
8086,2496,20250729,900,1,LTX-0008086,BKG-009631,24,24
8087,2496,20250930,900,1,LTX-0008087,BKG-002585,20,44
8088,2496,20251126,900,1,LTX-0008088,BKG-006373,14,58
8089,2496,20251130,900,1,LTX-0008089,BKG-008683,44,102
8090,2346,20250321,900,1,LTX-0008090,BKG-003567,69,69
8091,2346,20250321,1800,2,LTX-0008091,BKG-003567,-10,59
8092,2346,20250619,900,1,LTX-0008092,BKG-002587,10,69
8093,2346,20250702,900,1,LTX-0008093,BKG-009914,50,119
8094,2346,20250709,900,1,LTX-0008094,BKG-011093,24,143
8095,2346,20250709,1800,2,LTX-0008095,BKG-011093,-10,133
8096,2346,20250711,900,1,LTX-0008096,BKG-003830,57,190
8097,3659,20250210,900,1,LTX-0008097,BKG-002589,39,39
8098,275,20250129,900,1,LTX-0008098,BKG-004491,22,22
8099,275,20251015,900,1,LTX-0008099,BKG-002591,53,75
8100,275,20251122,900,1,LTX-0008100,BKG-002680,87,162
8101,3208,20250326,900,1,LTX-0008101,BKG-010504,46,46
8102,3208,20250602,900,1,LTX-0008102,BKG-002596,90,136
8103,3208,20250602,900,1,LTX-0008103,BKG-010069,76,212
8104,3208,20250608,900,1,LTX-0008104,BKG-011146,41,253
8105,3208,20250608,1800,2,LTX-0008105,BKG-011146,-30,223
8106,3208,20250918,900,1,LTX-0008106,BKG-010761,24,247
8107,2144,20241212,900,1,LTX-0008107,BKG-003480,51,51
8108,2144,20241227,900,1,LTX-0008108,BKG-011357,59,110
8109,2144,20250204,900,1,LTX-0008109,BKG-002598,42,152
8110,2144,20250207,900,1,LTX-0008110,BKG-008508,28,180
8111,2144,20250316,900,1,LTX-0008111,BKG-008570,17,197
8112,2144,20250416,900,1,LTX-0008112,BKG-010228,55,252
8113,2184,20250212,900,1,LTX-0008113,BKG-003712,28,28
8114,2184,20250517,900,1,LTX-0008114,BKG-005254,57,85
8115,2185,20250923,900,1,LTX-0008115,BKG-007825,54,139
8116,2185,20251203,900,1,LTX-0008116,BKG-002607,100,239
8117,2185,20251203,1800,2,LTX-0008117,BKG-002607,-20,219
8118,2185,20251221,900,1,LTX-0008118,BKG-002600,72,291
8119,3771,20250211,900,1,LTX-0008119,BKG-009355,16,16
8120,3771,20250607,900,1,LTX-0008120,BKG-002603,53,69
8121,3771,20250712,900,1,LTX-0008121,BKG-005005,26,95
8122,3771,20251118,900,1,LTX-0008122,BKG-007985,29,124
8123,940,20250927,900,1,LTX-0008123,BKG-009782,92,92
8124,940,20251009,900,1,LTX-0008124,BKG-012261,50,142
8125,940,20251114,900,1,LTX-0008125,BKG-002613,27,169
8126,2861,20250520,900,1,LTX-0008126,BKG-002614,59,59
8127,2861,20250710,900,1,LTX-0008127,BKG-011755,78,137
8128,2505,20250211,900,1,LTX-0008128,BKG-002615,40,40
8129,2505,20250212,900,1,LTX-0008129,BKG-008112,43,83
8130,2506,20250409,900,1,LTX-0008130,BKG-007194,40,123
8131,4445,20241223,900,1,LTX-0008131,BKG-002616,94,94
8132,4445,20250122,900,1,LTX-0008132,BKG-010283,40,134
8133,2230,20241226,900,1,LTX-0008133,BKG-004942,29,29
8134,2230,20250530,900,1,LTX-0008134,BKG-002617,8,37
8135,2230,20250530,1800,2,LTX-0008135,BKG-002617,-10,27
8136,2230,20251104,900,1,LTX-0008136,BKG-007521,42,69
8137,2230,20251105,900,1,LTX-0008137,BKG-010552,62,131
8138,2457,20250409,900,1,LTX-0008138,BKG-002620,17,17
8139,3214,20250403,900,1,LTX-0008139,BKG-012299,8,8
8140,3214,20250618,900,1,LTX-0008140,BKG-002622,64,72
8141,3214,20250811,900,1,LTX-0008141,BKG-005792,34,106
8142,498,20251211,900,1,LTX-0008142,BKG-002623,82,82
8143,498,20251218,900,1,LTX-0008143,BKG-005938,36,118
8144,4368,20250603,900,1,LTX-0008144,BKG-009897,56,56
8145,4368,20250625,900,1,LTX-0008145,BKG-008289,66,122
8146,4368,20250625,1800,2,LTX-0008146,BKG-008289,-20,102
8147,4368,20250805,900,1,LTX-0008147,BKG-009525,21,123
8148,4368,20251128,900,1,LTX-0008148,BKG-002625,74,197
8149,4368,20251207,900,1,LTX-0008149,BKG-008831,25,222
8150,4368,20251207,1800,2,LTX-0008150,BKG-008831,-10,212
8151,1911,20250518,900,1,LTX-0008151,BKG-007821,50,50
8152,1911,20250613,900,1,LTX-0008152,BKG-002626,32,82
8153,1911,20250704,900,1,LTX-0008153,BKG-008974,47,129
8154,1911,20250704,1800,2,LTX-0008154,BKG-008974,-20,109
8155,2879,20241225,900,1,LTX-0008155,BKG-008164,77,77
8156,2880,20250906,900,1,LTX-0008156,BKG-002629,58,135
8157,2880,20251011,900,1,LTX-0008157,BKG-009913,57,192
8158,2880,20251218,900,1,LTX-0008158,BKG-008009,80,272
8159,2880,20251218,1800,2,LTX-0008159,BKG-008009,-20,252
8160,1357,20250521,900,1,LTX-0008160,BKG-011695,77,77
8161,1357,20250608,900,1,LTX-0008161,BKG-006253,53,130
8162,1357,20250617,900,1,LTX-0008162,BKG-004183,26,156
8163,1357,20251207,900,1,LTX-0008163,BKG-002631,52,208
8164,1603,20250609,900,1,LTX-0008164,BKG-002633,72,72
8165,1603,20250610,900,1,LTX-0008165,BKG-003145,7,79
8166,1603,20250625,900,1,LTX-0008166,BKG-006617,48,127
8167,1277,20250209,900,1,LTX-0008167,BKG-004092,82,82
8168,1277,20250504,900,1,LTX-0008168,BKG-008106,28,110
8169,1277,20250603,900,1,LTX-0008169,BKG-004116,32,142
8170,1277,20250605,900,1,LTX-0008170,BKG-002634,36,178
8171,1277,20250609,900,1,LTX-0008171,BKG-005439,62,240
8172,1277,20250716,900,1,LTX-0008172,BKG-009477,97,337
8173,1277,20250716,1800,2,LTX-0008173,BKG-009477,-30,307
8174,1277,20250731,900,1,LTX-0008174,BKG-006061,63,370
8175,2958,20250104,900,1,LTX-0008175,BKG-009830,43,43
8176,2958,20250530,900,1,LTX-0008176,BKG-005692,23,66
8177,2958,20250530,1800,2,LTX-0008177,BKG-005692,-20,46
8178,2958,20250608,900,1,LTX-0008178,BKG-002635,41,87
8179,2958,20250611,900,1,LTX-0008179,BKG-003335,42,129
8180,2958,20250825,900,1,LTX-0008180,BKG-006785,29,158
8181,3965,20241229,900,1,LTX-0008181,BKG-011295,58,58
8182,3966,20251121,900,1,LTX-0008182,BKG-002638,64,122
8183,1763,20250603,900,1,LTX-0008183,BKG-002639,60,60
8184,1763,20250603,1800,2,LTX-0008184,BKG-002639,-20,40
8185,1763,20250701,900,1,LTX-0008185,BKG-006279,62,102
8186,1763,20250819,900,1,LTX-0008186,BKG-012064,29,131
8187,2579,20250117,900,1,LTX-0008187,BKG-002640,28,28
8188,2579,20250629,900,1,LTX-0008188,BKG-004250,62,90
8189,2579,20251011,900,1,LTX-0008189,BKG-004833,41,131
8190,3682,20250425,900,1,LTX-0008190,BKG-004896,30,30
8191,3682,20251119,900,1,LTX-0008191,BKG-002641,84,114
8192,3167,20241226,900,1,LTX-0008192,BKG-002643,37,37
8193,3167,20250609,900,1,LTX-0008193,BKG-012195,16,53
8194,3167,20250716,900,1,LTX-0008194,BKG-010666,28,81
8195,3167,20250719,900,1,LTX-0008195,BKG-004291,25,106
8196,2080,20250512,900,1,LTX-0008196,BKG-002645,71,71
8197,2080,20250529,900,1,LTX-0008197,BKG-005474,71,142
8198,2080,20250714,900,1,LTX-0008198,BKG-003139,46,188
8199,2080,20251112,900,1,LTX-0008199,BKG-004873,37,225
8200,3242,20250415,900,1,LTX-0008200,BKG-006360,63,63
8201,3242,20250620,900,1,LTX-0008201,BKG-003865,81,144
8202,3242,20250706,900,1,LTX-0008202,BKG-002647,59,203
8203,1864,20250118,900,1,LTX-0008203,BKG-007127,36,36
8204,1864,20250118,1800,2,LTX-0008204,BKG-007127,-10,26
8205,1864,20250619,900,1,LTX-0008205,BKG-011302,78,104
8206,1864,20250705,900,1,LTX-0008206,BKG-002648,47,151
8207,1864,20250706,900,1,LTX-0008207,BKG-005829,10,161
8208,1900,20250106,900,1,LTX-0008208,BKG-002649,36,36
8209,1900,20250316,900,1,LTX-0008209,BKG-011849,36,72
8210,1900,20250705,900,1,LTX-0008210,BKG-004315,39,111
8211,431,20241224,900,1,LTX-0008211,BKG-005117,62,62
8212,431,20241224,1800,2,LTX-0008212,BKG-005117,-20,42
8213,432,20250611,900,1,LTX-0008213,BKG-006976,31,73
8214,432,20251018,900,1,LTX-0008214,BKG-002651,25,98
8215,1028,20250315,900,1,LTX-0008215,BKG-004709,37,37
8216,1028,20250315,1800,2,LTX-0008216,BKG-004709,-30,7
8217,1028,20250519,900,1,LTX-0008217,BKG-002655,41,48
8218,1028,20250609,900,1,LTX-0008218,BKG-009568,34,82
8219,2241,20250319,900,1,LTX-0008219,BKG-004794,76,76
8220,2241,20250319,1800,2,LTX-0008220,BKG-004794,-20,56
8221,2241,20250521,900,1,LTX-0008221,BKG-006817,60,116
8222,2241,20250521,1800,2,LTX-0008222,BKG-006817,-20,96
8223,2241,20251101,900,1,LTX-0008223,BKG-002656,47,143
8224,2336,20250303,900,1,LTX-0008224,BKG-009865,34,34
8225,2336,20250505,900,1,LTX-0008225,BKG-003006,32,66
8226,2336,20250907,900,1,LTX-0008226,BKG-002657,66,132
8227,2147,20250224,900,1,LTX-0008227,BKG-011290,56,56
8228,2147,20250327,900,1,LTX-0008228,BKG-004206,36,92
8229,2147,20250523,900,1,LTX-0008229,BKG-002660,58,150
8230,2147,20250625,900,1,LTX-0008230,BKG-003203,49,199
8231,2147,20250810,900,1,LTX-0008231,BKG-011193,29,228
8232,2147,20251113,900,1,LTX-0008232,BKG-010911,18,246
8233,2391,20250107,900,1,LTX-0008233,BKG-002663,28,28
8234,3679,20250401,900,1,LTX-0008234,BKG-005265,49,49
8235,3679,20250907,900,1,LTX-0008235,BKG-002664,37,86
8236,3679,20251129,900,1,LTX-0008236,BKG-007283,42,128
8237,58,20250523,900,1,LTX-0008237,BKG-002665,27,27
8238,58,20250703,900,1,LTX-0008238,BKG-004450,37,64
8239,58,20250703,1800,2,LTX-0008239,BKG-004450,-20,44
8240,58,20250712,900,1,LTX-0008240,BKG-007049,56,100
8241,58,20251120,900,1,LTX-0008241,BKG-009681,9,109
8242,2198,20250106,900,1,LTX-0008242,BKG-006065,34,34
8243,2198,20250110,900,1,LTX-0008243,BKG-004492,54,88
8244,2198,20250324,900,1,LTX-0008244,BKG-004345,42,130
8245,2198,20250518,900,1,LTX-0008245,BKG-002666,30,160
8246,2198,20251128,900,1,LTX-0008246,BKG-003000,64,224
8247,4441,20250129,900,1,LTX-0008247,BKG-002667,16,16
8248,4441,20250602,900,1,LTX-0008248,BKG-006520,57,73
8249,4441,20250705,900,1,LTX-0008249,BKG-002787,70,143
8250,4441,20250705,1800,2,LTX-0008250,BKG-002787,-30,113
8251,4441,20250813,900,1,LTX-0008251,BKG-010641,35,148
8252,4442,20251121,900,1,LTX-0008252,BKG-003701,46,194
8253,1939,20250721,900,1,LTX-0008253,BKG-002668,12,12
8254,1939,20250913,900,1,LTX-0008254,BKG-005131,56,68
8255,1939,20250919,900,1,LTX-0008255,BKG-007687,24,92
8256,255,20250216,900,1,LTX-0008256,BKG-005352,42,42
8257,255,20250609,900,1,LTX-0008257,BKG-002669,15,57
8258,2113,20250206,900,1,LTX-0008258,BKG-005832,66,66
8259,2113,20250628,900,1,LTX-0008259,BKG-002670,112,178
8260,2113,20250707,900,1,LTX-0008260,BKG-008433,33,211
8261,2113,20251118,900,1,LTX-0008261,BKG-008513,48,259
8262,2113,20251118,1800,2,LTX-0008262,BKG-008513,-10,249
8263,3015,20250215,900,1,LTX-0008263,BKG-010938,22,22
8264,3015,20250423,900,1,LTX-0008264,BKG-002671,30,52
8265,3015,20250914,900,1,LTX-0008265,BKG-010466,38,90
8266,3015,20251004,900,1,LTX-0008266,BKG-004978,63,153
8267,3015,20251004,1800,2,LTX-0008267,BKG-004978,-10,143
8268,3536,20250516,900,1,LTX-0008268,BKG-012162,29,29
8269,3536,20250522,900,1,LTX-0008269,BKG-005058,77,106
8270,3536,20250701,900,1,LTX-0008270,BKG-007945,21,127
8271,3536,20250825,900,1,LTX-0008271,BKG-002672,50,177
8272,3536,20251129,900,1,LTX-0008272,BKG-007956,49,226
8273,3848,20250117,900,1,LTX-0008273,BKG-010250,42,42
8274,3848,20251016,900,1,LTX-0008274,BKG-002673,18,60
8275,2834,20250612,900,1,LTX-0008275,BKG-008175,62,62
8276,2835,20251119,900,1,LTX-0008276,BKG-002674,6,68
8277,2835,20251122,900,1,LTX-0008277,BKG-010716,7,75
8278,2835,20251122,1800,2,LTX-0008278,BKG-010716,-10,65
8279,4033,20250530,900,1,LTX-0008279,BKG-008385,34,34
8280,4033,20250530,1800,2,LTX-0008280,BKG-008385,-30,4
8281,4033,20250623,900,1,LTX-0008281,BKG-002675,72,76
8282,4033,20250623,1800,2,LTX-0008282,BKG-002675,-20,56
8283,4033,20250627,900,1,LTX-0008283,BKG-010843,39,95
8284,4033,20250806,900,1,LTX-0008284,BKG-006772,28,123
8285,1013,20250106,900,1,LTX-0008285,BKG-003890,47,47
8286,1013,20250121,900,1,LTX-0008286,BKG-002676,36,83
8287,1013,20251216,900,1,LTX-0008287,BKG-006582,32,115
8288,4564,20241217,900,1,LTX-0008288,BKG-006845,56,56
8289,4564,20241217,1800,2,LTX-0008289,BKG-006845,-20,36
8290,4564,20250306,900,1,LTX-0008290,BKG-009847,60,96
8291,4564,20250602,900,1,LTX-0008291,BKG-005624,9,105
8292,4564,20251014,900,1,LTX-0008292,BKG-002677,64,169
8293,4613,20250526,900,1,LTX-0008293,BKG-002678,35,35
8294,4613,20250618,900,1,LTX-0008294,BKG-005405,60,95
8295,4613,20250621,900,1,LTX-0008295,BKG-007302,50,145
8296,4513,20250418,900,1,LTX-0008296,BKG-011416,34,34
8297,4513,20250421,900,1,LTX-0008297,BKG-002679,18,52
8298,4513,20250815,900,1,LTX-0008298,BKG-008343,72,124
8299,3488,20241224,900,1,LTX-0008299,BKG-012387,25,25
8300,3488,20250616,900,1,LTX-0008300,BKG-004764,36,61
8301,3489,20251006,900,1,LTX-0008301,BKG-002683,29,90
8302,3489,20251006,1800,2,LTX-0008302,BKG-002683,-10,80
8303,3489,20251114,900,1,LTX-0008303,BKG-008960,71,151
8304,3489,20251210,900,1,LTX-0008304,BKG-006524,25,176
8305,3839,20241223,900,1,LTX-0008305,BKG-002685,94,94
8306,3839,20250301,900,1,LTX-0008306,BKG-011028,54,148
8307,3934,20250307,900,1,LTX-0008307,BKG-007010,10,10
8308,3934,20250807,900,1,LTX-0008308,BKG-002686,49,59
8309,1296,20251210,900,1,LTX-0008309,BKG-002688,56,56
8310,73,20250124,900,1,LTX-0008310,BKG-005992,19,19
8311,73,20250320,900,1,LTX-0008311,BKG-006381,25,44
8312,74,20250708,900,1,LTX-0008312,BKG-006281,26,70
8313,74,20250801,900,1,LTX-0008313,BKG-002689,85,155
8314,74,20250918,900,1,LTX-0008314,BKG-012306,66,221
8315,2338,20250523,900,1,LTX-0008315,BKG-002691,40,40
8316,2338,20250625,900,1,LTX-0008316,BKG-012497,36,76
8317,1767,20250720,900,1,LTX-0008317,BKG-002693,47,47
8318,4888,20250109,900,1,LTX-0008318,BKG-011717,15,15
8319,4888,20250413,900,1,LTX-0008319,BKG-009042,36,51
8320,4888,20250418,900,1,LTX-0008320,BKG-009783,32,83
8321,4888,20250914,900,1,LTX-0008321,BKG-002700,68,151
8322,4784,20250515,900,1,LTX-0008322,BKG-002701,46,46
8323,271,20250514,900,1,LTX-0008323,BKG-012083,29,29
8324,271,20250515,900,1,LTX-0008324,BKG-003076,57,86
8325,272,20251105,900,1,LTX-0008325,BKG-002703,9,95
8326,272,20251127,900,1,LTX-0008326,BKG-005310,16,111
8327,272,20251127,1800,2,LTX-0008327,BKG-005310,-10,101
8328,1441,20241213,900,1,LTX-0008328,BKG-011671,37,37
8329,1441,20250714,900,1,LTX-0008329,BKG-002704,44,81
8330,1442,20251202,900,1,LTX-0008330,BKG-002977,74,155
8331,3860,20250422,900,1,LTX-0008331,BKG-002706,48,48
8332,3860,20251213,900,1,LTX-0008332,BKG-009224,90,138
8333,1094,20250413,900,1,LTX-0008333,BKG-004726,20,20
8334,1095,20251025,900,1,LTX-0008334,BKG-002707,62,82
8335,1095,20251207,900,1,LTX-0008335,BKG-008339,30,112
8336,2797,20250512,900,1,LTX-0008336,BKG-008600,65,65
8337,2797,20250517,900,1,LTX-0008337,BKG-002708,76,141
8338,2797,20250819,900,1,LTX-0008338,BKG-011737,48,189
8339,2797,20250819,1800,2,LTX-0008339,BKG-011737,-20,169
8340,2798,20250911,900,1,LTX-0008340,BKG-008314,77,246
8341,2798,20251120,900,1,LTX-0008341,BKG-008955,15,261
8342,86,20250219,900,1,LTX-0008342,BKG-005907,84,84
8343,86,20250928,900,1,LTX-0008343,BKG-002710,8,92
8344,86,20251002,900,1,LTX-0008344,BKG-003815,50,142
8345,4265,20250227,900,1,LTX-0008345,BKG-002713,7,7
8346,4265,20251209,900,1,LTX-0008346,BKG-007749,96,103
8347,2255,20250609,900,1,LTX-0008347,BKG-002717,36,36
8348,2255,20250925,900,1,LTX-0008348,BKG-011397,10,46
8349,4235,20250505,900,1,LTX-0008349,BKG-011121,8,8
8350,4235,20250604,900,1,LTX-0008350,BKG-002718,60,68
8351,4200,20250106,900,1,LTX-0008351,BKG-002720,43,43
8352,3762,20250707,900,1,LTX-0008352,BKG-005235,76,76
8353,3762,20251204,900,1,LTX-0008353,BKG-002721,32,108
8354,3882,20250107,900,1,LTX-0008354,BKG-008002,29,29
8355,3882,20250206,900,1,LTX-0008355,BKG-008098,31,60
8356,3882,20250528,900,1,LTX-0008356,BKG-010772,88,148
8357,3882,20250529,900,1,LTX-0008357,BKG-002722,36,184
8358,3882,20250531,900,1,LTX-0008358,BKG-004401,34,218
8359,1284,20241220,900,1,LTX-0008359,BKG-002723,25,25
8360,1285,20250607,900,1,LTX-0008360,BKG-006039,21,46
8361,3676,20250223,900,1,LTX-0008361,BKG-005847,40,40
8362,3676,20250409,900,1,LTX-0008362,BKG-006003,39,79
8363,3676,20251015,900,1,LTX-0008363,BKG-003855,8,87
8364,3676,20251108,900,1,LTX-0008364,BKG-002724,20,107
8365,1374,20250608,900,1,LTX-0008365,BKG-004399,36,36
8366,1374,20250918,900,1,LTX-0008366,BKG-002725,14,50
8367,2762,20250204,900,1,LTX-0008367,BKG-003629,57,57
8368,2762,20250326,900,1,LTX-0008368,BKG-002727,21,78
8369,2762,20251214,900,1,LTX-0008369,BKG-012359,84,162
8370,3904,20250118,900,1,LTX-0008370,BKG-007530,25,25
8371,3904,20250627,900,1,LTX-0008371,BKG-008566,79,104
8372,3904,20251011,900,1,LTX-0008372,BKG-006718,37,141
8373,3904,20251217,900,1,LTX-0008373,BKG-002728,17,158
8374,3138,20250609,900,1,LTX-0008374,BKG-006298,57,57
8375,3138,20250612,900,1,LTX-0008375,BKG-002730,41,98
8376,3138,20250831,900,1,LTX-0008376,BKG-004973,45,143
8377,176,20250418,900,1,LTX-0008377,BKG-004306,25,25
8378,176,20251218,900,1,LTX-0008378,BKG-002731,58,83
8379,2924,20250413,900,1,LTX-0008379,BKG-002732,53,53
8380,2924,20250511,900,1,LTX-0008380,BKG-012022,36,89
8381,2924,20250526,900,1,LTX-0008381,BKG-005498,20,109
8382,2924,20251129,900,1,LTX-0008382,BKG-003049,82,191
8383,2924,20251130,900,1,LTX-0008383,BKG-010226,60,251
8384,4157,20250314,900,1,LTX-0008384,BKG-002734,52,52
8385,4157,20250705,900,1,LTX-0008385,BKG-004485,20,72
8386,4157,20250924,900,1,LTX-0008386,BKG-006848,20,92
8387,4157,20251129,900,1,LTX-0008387,BKG-004966,50,142
8388,4157,20251129,1800,2,LTX-0008388,BKG-004966,-20,122
8389,331,20250317,900,1,LTX-0008389,BKG-003666,50,50
8390,331,20250805,900,1,LTX-0008390,BKG-002735,63,113
8391,331,20251203,900,1,LTX-0008391,BKG-003365,59,172
8392,4709,20250123,900,1,LTX-0008392,BKG-002738,42,42
8393,4709,20250702,900,1,LTX-0008393,BKG-003555,65,107
8394,2672,20250413,900,1,LTX-0008394,BKG-005248,49,49
8395,2672,20250611,900,1,LTX-0008395,BKG-010661,43,92
8396,2672,20250629,900,1,LTX-0008396,BKG-002739,30,122
8397,870,20250703,900,1,LTX-0008397,BKG-008505,72,72
8398,870,20250803,900,1,LTX-0008398,BKG-002740,51,123
8399,3936,20250527,900,1,LTX-0008399,BKG-002742,60,60
8400,4407,20250106,900,1,LTX-0008400,BKG-011603,39,39
8401,4407,20250213,900,1,LTX-0008401,BKG-011124,57,96
8402,4407,20250708,900,1,LTX-0008402,BKG-002743,43,139
8403,4407,20250709,900,1,LTX-0008403,BKG-008337,65,204
8404,4407,20251117,900,1,LTX-0008404,BKG-010724,30,234
8405,3179,20250611,900,1,LTX-0008405,BKG-004460,38,38
8406,3179,20250622,900,1,LTX-0008406,BKG-008476,47,85
8407,3179,20250916,900,1,LTX-0008407,BKG-002744,55,140
8408,516,20250516,900,1,LTX-0008408,BKG-011189,31,31
8409,516,20250612,900,1,LTX-0008409,BKG-005813,38,69
8410,516,20250612,900,1,LTX-0008410,BKG-006343,43,112
8411,516,20250617,900,1,LTX-0008411,BKG-002745,40,152
8412,516,20251029,900,1,LTX-0008412,BKG-006118,40,192
8413,516,20251122,900,1,LTX-0008413,BKG-010473,45,237
8414,1021,20250531,900,1,LTX-0008414,BKG-006046,40,40
8415,1021,20250802,900,1,LTX-0008415,BKG-002747,24,64
8416,2055,20250110,900,1,LTX-0008416,BKG-010459,40,40
8417,2055,20250417,900,1,LTX-0008417,BKG-006779,60,100
8418,2055,20250531,900,1,LTX-0008418,BKG-003359,55,155
8419,2055,20250716,900,1,LTX-0008419,BKG-002750,71,226
8420,2055,20251006,900,1,LTX-0008420,BKG-003710,37,263
8421,2055,20251006,1800,2,LTX-0008421,BKG-003710,-20,243
8422,2055,20251205,900,1,LTX-0008422,BKG-004610,17,260
8423,2055,20251205,1800,2,LTX-0008423,BKG-004610,-20,240
8424,3374,20250514,900,1,LTX-0008424,BKG-003401,34,34
8425,3374,20250518,900,1,LTX-0008425,BKG-002752,30,64
8426,3375,20251209,900,1,LTX-0008426,BKG-008206,45,109
8427,1775,20250412,900,1,LTX-0008427,BKG-012417,18,18
8428,1775,20250428,900,1,LTX-0008428,BKG-012129,41,59
8429,1775,20250614,900,1,LTX-0008429,BKG-006458,55,114
8430,1775,20250615,900,1,LTX-0008430,BKG-002755,41,155
8431,1775,20250823,900,1,LTX-0008431,BKG-003891,60,215
8432,1776,20251014,900,1,LTX-0008432,BKG-007455,76,291
8433,3287,20250120,900,1,LTX-0008433,BKG-009595,29,29
8434,3287,20251002,900,1,LTX-0008434,BKG-002756,19,48
8435,3287,20251103,900,1,LTX-0008435,BKG-012448,50,98
8436,4343,20250224,900,1,LTX-0008436,BKG-006073,73,73
8437,4343,20251022,900,1,LTX-0008437,BKG-002757,12,85
8438,3699,20250519,900,1,LTX-0008438,BKG-002759,24,24
8439,3699,20250524,900,1,LTX-0008439,BKG-008983,12,36
8440,3699,20251130,900,1,LTX-0008440,BKG-008859,60,96
8441,3699,20251220,900,1,LTX-0008441,BKG-005673,25,121
8442,3699,20251220,1800,2,LTX-0008442,BKG-005673,-20,101
8443,3134,20250319,900,1,LTX-0008443,BKG-006411,18,18
8444,3134,20251115,900,1,LTX-0008444,BKG-002760,78,96
8445,3846,20241223,900,1,LTX-0008445,BKG-004529,40,40
8446,3846,20250412,900,1,LTX-0008446,BKG-011034,36,76
8447,3847,20250712,900,1,LTX-0008447,BKG-003575,54,130
8448,3847,20251005,900,1,LTX-0008448,BKG-009107,44,174
8449,3847,20251201,900,1,LTX-0008449,BKG-002761,30,204
8450,2400,20250614,900,1,LTX-0008450,BKG-005779,72,72
8451,2400,20250620,900,1,LTX-0008451,BKG-008461,66,138
8452,2400,20250707,900,1,LTX-0008452,BKG-006259,17,155
8453,2400,20251214,900,1,LTX-0008453,BKG-002763,104,259
8454,2400,20251219,900,1,LTX-0008454,BKG-004503,26,285
8455,2431,20250521,900,1,LTX-0008455,BKG-003610,100,100
8456,2431,20250629,900,1,LTX-0008456,BKG-004647,51,151
8457,2431,20250816,900,1,LTX-0008457,BKG-010110,19,170
8458,2431,20250917,900,1,LTX-0008458,BKG-007596,54,224
8459,2431,20251111,900,1,LTX-0008459,BKG-006113,80,304
8460,2431,20251125,900,1,LTX-0008460,BKG-002824,38,342
8461,2431,20251207,900,1,LTX-0008461,BKG-002764,50,392
8462,2431,20251207,1800,2,LTX-0008462,BKG-002764,-10,382
8463,3206,20250320,900,1,LTX-0008463,BKG-004264,59,59
8464,3206,20250906,900,1,LTX-0008464,BKG-004334,29,88
8465,3206,20251202,900,1,LTX-0008465,BKG-003770,73,161
8466,3206,20251211,900,1,LTX-0008466,BKG-002765,51,212
8467,4834,20250501,900,1,LTX-0008467,BKG-002766,62,62
8468,4834,20250707,900,1,LTX-0008468,BKG-004465,57,119
8469,4107,20250426,900,1,LTX-0008469,BKG-010561,58,58
8470,4107,20250501,900,1,LTX-0008470,BKG-005275,29,87
8471,4107,20251003,900,1,LTX-0008471,BKG-006631,34,121
8472,4107,20251202,900,1,LTX-0008472,BKG-002769,41,162
8473,1132,20250415,900,1,LTX-0008473,BKG-004353,50,50
8474,1132,20250518,900,1,LTX-0008474,BKG-008807,69,119
8475,1132,20250604,900,1,LTX-0008475,BKG-004894,8,127
8476,1132,20250628,900,1,LTX-0008476,BKG-002770,35,162
8477,4179,20241227,900,1,LTX-0008477,BKG-010852,73,73
8478,4179,20250513,900,1,LTX-0008478,BKG-002773,60,133
8479,4179,20250608,900,1,LTX-0008479,BKG-005389,51,184
8480,1109,20241225,900,1,LTX-0008480,BKG-010175,16,16
8481,1109,20250524,900,1,LTX-0008481,BKG-008466,33,49
8482,1109,20250528,900,1,LTX-0008482,BKG-002775,18,67
8483,3399,20250129,900,1,LTX-0008483,BKG-002776,37,37
8484,3399,20250517,900,1,LTX-0008484,BKG-010878,77,114
8485,3399,20250525,900,1,LTX-0008485,BKG-010727,32,146
8486,3400,20250917,900,1,LTX-0008486,BKG-007578,46,192
8487,3400,20251126,900,1,LTX-0008487,BKG-004415,82,274
8488,990,20250414,900,1,LTX-0008488,BKG-002778,14,14
8489,990,20250908,900,1,LTX-0008489,BKG-006464,22,36
8490,1914,20250407,900,1,LTX-0008490,BKG-002779,66,66
8491,1914,20250407,1800,2,LTX-0008491,BKG-002779,-20,46
8492,1914,20250729,900,1,LTX-0008492,BKG-011528,68,114
8493,1914,20250729,1800,2,LTX-0008493,BKG-011528,-10,104
8494,1914,20251107,900,1,LTX-0008494,BKG-003794,22,126
8495,2893,20250420,900,1,LTX-0008495,BKG-002780,51,51
8496,2893,20250630,900,1,LTX-0008496,BKG-011163,50,101
8497,1898,20250409,900,1,LTX-0008497,BKG-008193,50,50
8498,1898,20250524,900,1,LTX-0008498,BKG-002782,26,76
8499,1898,20250621,900,1,LTX-0008499,BKG-006498,44,120
8500,1898,20250806,900,1,LTX-0008500,BKG-004526,38,158
8501,1899,20251021,900,1,LTX-0008501,BKG-005881,59,217
8502,3515,20250115,900,1,LTX-0008502,BKG-004186,68,68
8503,3515,20250204,900,1,LTX-0008503,BKG-003995,7,75
8504,3515,20250620,900,1,LTX-0008504,BKG-009271,95,170
8505,3515,20250822,900,1,LTX-0008505,BKG-012133,78,248
8506,3515,20251101,900,1,LTX-0008506,BKG-002783,42,290
8507,1472,20250830,900,1,LTX-0008507,BKG-002784,16,16
8508,1373,20250422,900,1,LTX-0008508,BKG-008517,38,38
8509,1373,20250422,1800,2,LTX-0008509,BKG-008517,-30,8
8510,1373,20250530,900,1,LTX-0008510,BKG-002785,53,61
8511,1373,20250606,900,1,LTX-0008511,BKG-007300,43,104
8512,1373,20250620,900,1,LTX-0008512,BKG-011780,27,131
8513,1373,20251221,900,1,LTX-0008513,BKG-005925,63,194
8514,4652,20250615,900,1,LTX-0008514,BKG-002793,60,60
8515,4652,20250702,900,1,LTX-0008515,BKG-008059,34,94
8516,4652,20251110,900,1,LTX-0008516,BKG-005267,17,111
8517,4652,20251110,1800,2,LTX-0008517,BKG-005267,-20,91
8518,1173,20250616,900,1,LTX-0008518,BKG-004711,84,84
8519,1173,20250923,900,1,LTX-0008519,BKG-009903,27,111
8520,1173,20250923,1800,2,LTX-0008520,BKG-009903,-20,91
8521,1173,20251213,900,1,LTX-0008521,BKG-002794,68,159
8522,3162,20250526,900,1,LTX-0008522,BKG-006356,48,48
8523,3163,20250818,900,1,LTX-0008523,BKG-002795,14,62
8524,3163,20250919,900,1,LTX-0008524,BKG-008528,30,92
8525,474,20251124,900,1,LTX-0008525,BKG-002796,11,11
8526,1805,20250514,900,1,LTX-0008526,BKG-005916,45,45
8527,1805,20250520,900,1,LTX-0008527,BKG-010347,50,95
8528,1805,20250924,900,1,LTX-0008528,BKG-005901,55,150
8529,1805,20251011,900,1,LTX-0008529,BKG-002797,30,180
8530,1805,20251205,900,1,LTX-0008530,BKG-006590,30,210
8531,3767,20250331,900,1,LTX-0008531,BKG-009734,45,45
8532,3767,20250521,900,1,LTX-0008532,BKG-006761,39,84
8533,3767,20250617,900,1,LTX-0008533,BKG-002799,44,128
8534,3767,20250617,1800,2,LTX-0008534,BKG-002799,-20,108
8535,3767,20250804,900,1,LTX-0008535,BKG-008815,59,167
8536,3767,20250918,900,1,LTX-0008536,BKG-008237,34,201
8537,3767,20250930,900,1,LTX-0008537,BKG-005030,70,271
8538,3767,20251129,900,1,LTX-0008538,BKG-004029,46,317
8539,2611,20250220,900,1,LTX-0008539,BKG-002801,36,36
8540,3417,20251014,900,1,LTX-0008540,BKG-008172,53,53
8541,3417,20251020,900,1,LTX-0008541,BKG-002802,38,91
8542,4428,20241229,900,1,LTX-0008542,BKG-009143,57,57
8543,4428,20250117,900,1,LTX-0008543,BKG-002803,52,109
8544,4428,20250307,900,1,LTX-0008544,BKG-004162,68,177
8545,2839,20250227,900,1,LTX-0008545,BKG-002805,20,20
8546,2840,20250821,900,1,LTX-0008546,BKG-006089,56,76
8547,4236,20250206,900,1,LTX-0008547,BKG-006392,41,41
8548,4237,20250617,900,1,LTX-0008548,BKG-002806,29,70
8549,4237,20251213,900,1,LTX-0008549,BKG-010753,43,113
8550,2455,20250113,900,1,LTX-0008550,BKG-007117,44,44
8551,2455,20250116,900,1,LTX-0008551,BKG-004367,44,88
8552,2455,20250226,900,1,LTX-0008552,BKG-009577,50,138
8553,2455,20250405,900,1,LTX-0008553,BKG-010197,64,202
8554,2456,20250709,900,1,LTX-0008554,BKG-003592,70,272
8555,2456,20251206,900,1,LTX-0008555,BKG-002807,29,301
8556,2712,20250919,900,1,LTX-0008556,BKG-002809,31,31
8557,1195,20250425,900,1,LTX-0008557,BKG-009206,33,33
8558,1195,20250620,900,1,LTX-0008558,BKG-008753,47,80
8559,1195,20250620,1800,2,LTX-0008559,BKG-008753,-30,50
8560,1195,20251205,900,1,LTX-0008560,BKG-002811,18,68
8561,3665,20250125,900,1,LTX-0008561,BKG-011630,15,15
8562,3665,20250511,900,1,LTX-0008562,BKG-003655,52,67
8563,3666,20251122,900,1,LTX-0008563,BKG-002818,106,173
8564,3666,20251122,1800,2,LTX-0008564,BKG-002818,-20,153
8565,1298,20250321,900,1,LTX-0008565,BKG-002820,34,34
8566,1298,20250601,900,1,LTX-0008566,BKG-007950,56,90
8567,1298,20250826,900,1,LTX-0008567,BKG-011126,47,137
8568,1298,20251126,900,1,LTX-0008568,BKG-012242,34,171
8569,3581,20250702,900,1,LTX-0008569,BKG-005309,35,35
8570,3581,20250704,900,1,LTX-0008570,BKG-002821,48,83
8571,3581,20250704,1800,2,LTX-0008571,BKG-002821,-20,63
8572,3581,20250709,900,1,LTX-0008572,BKG-008998,100,163
8573,2996,20250406,900,1,LTX-0008573,BKG-003632,52,52
8574,2996,20250408,900,1,LTX-0008574,BKG-007069,41,93
8575,2996,20250408,1800,2,LTX-0008575,BKG-007069,-30,63
8576,2996,20250607,900,1,LTX-0008576,BKG-009973,81,144
8577,2997,20251205,900,1,LTX-0008577,BKG-002823,46,190
8578,4370,20250426,900,1,LTX-0008578,BKG-011472,15,15
8579,4370,20250605,900,1,LTX-0008579,BKG-007668,44,59
8580,4370,20250831,900,1,LTX-0008580,BKG-002825,24,83
8581,4370,20251209,900,1,LTX-0008581,BKG-011421,58,141
8582,1769,20250507,900,1,LTX-0008582,BKG-007386,29,29
8583,1769,20250507,900,1,LTX-0008583,BKG-008576,61,90
8584,1769,20250524,900,1,LTX-0008584,BKG-002826,25,115
8585,1769,20250705,900,1,LTX-0008585,BKG-009582,50,165
8586,1769,20250715,900,1,LTX-0008586,BKG-011575,32,197
8587,3774,20250530,900,1,LTX-0008587,BKG-006158,67,67
8588,3774,20250605,900,1,LTX-0008588,BKG-007972,44,111
8589,3774,20250717,900,1,LTX-0008589,BKG-011384,49,160
8590,3774,20250717,1800,2,LTX-0008590,BKG-011384,-20,140
8591,3774,20250805,900,1,LTX-0008591,BKG-002830,52,192
8592,1612,20250118,900,1,LTX-0008592,BKG-002909,33,33
8593,1612,20250226,900,1,LTX-0008593,BKG-007330,39,72
8594,1612,20250226,1800,2,LTX-0008594,BKG-007330,-20,52
8595,1612,20250329,900,1,LTX-0008595,BKG-002831,70,122
8596,1612,20250508,900,1,LTX-0008596,BKG-006602,31,153
8597,2810,20250125,900,1,LTX-0008597,BKG-009461,62,62
8598,2810,20250901,900,1,LTX-0008598,BKG-002833,22,84
8599,916,20241230,900,1,LTX-0008599,BKG-005363,51,51
8600,916,20250619,900,1,LTX-0008600,BKG-002834,71,122
8601,4137,20250109,900,1,LTX-0008601,BKG-003489,16,16
8602,4137,20250407,900,1,LTX-0008602,BKG-005436,13,29
8603,4137,20250524,900,1,LTX-0008603,BKG-004884,17,46
8604,4137,20250604,900,1,LTX-0008604,BKG-010244,22,68
8605,4137,20250702,900,1,LTX-0008605,BKG-002835,64,132
8606,4137,20251007,900,1,LTX-0008606,BKG-009115,14,146
8607,4137,20251213,900,1,LTX-0008607,BKG-007058,50,196
8608,443,20250527,900,1,LTX-0008608,BKG-006410,43,43
8609,443,20251123,900,1,LTX-0008609,BKG-002837,56,99
8610,1497,20250206,900,1,LTX-0008610,BKG-007958,10,10
8611,1497,20250421,900,1,LTX-0008611,BKG-011491,64,74
8612,1497,20250617,900,1,LTX-0008612,BKG-012495,30,104
8613,1497,20250629,900,1,LTX-0008613,BKG-002839,23,127
8614,1866,20250206,900,1,LTX-0008614,BKG-003789,25,25
8615,1866,20250206,1800,2,LTX-0008615,BKG-003789,-20,5
8616,1866,20250627,900,1,LTX-0008616,BKG-002840,53,58
8617,1866,20250714,900,1,LTX-0008617,BKG-004449,46,104
8618,2484,20250514,900,1,LTX-0008618,BKG-002841,20,20
8619,2484,20250514,1800,2,LTX-0008619,BKG-002841,-20,0
8620,2484,20250703,900,1,LTX-0008620,BKG-010648,20,20
8621,2484,20250814,900,1,LTX-0008621,BKG-005727,19,39
8622,2116,20250217,900,1,LTX-0008622,BKG-002843,49,49
8623,2116,20250222,900,1,LTX-0008623,BKG-006242,51,100
8624,2116,20250406,900,1,LTX-0008624,BKG-004768,26,126
8625,2116,20250527,900,1,LTX-0008625,BKG-002993,21,147
8626,2116,20250703,900,1,LTX-0008626,BKG-010315,41,188
8627,2116,20250806,900,1,LTX-0008627,BKG-005682,78,266
8628,445,20250215,900,1,LTX-0008628,BKG-002906,46,46
8629,445,20250528,900,1,LTX-0008629,BKG-002844,13,59
8630,445,20250624,900,1,LTX-0008630,BKG-006499,42,101
8631,4830,20250529,900,1,LTX-0008631,BKG-010523,42,42
8632,4830,20250602,900,1,LTX-0008632,BKG-005135,38,80
8633,4830,20250623,900,1,LTX-0008633,BKG-002845,45,125
8634,3973,20250627,900,1,LTX-0008634,BKG-011212,54,54
8635,3973,20250628,900,1,LTX-0008635,BKG-002846,53,107
8636,3973,20251214,900,1,LTX-0008636,BKG-005644,42,149
8637,2624,20250515,900,1,LTX-0008637,BKG-005272,25,25
8638,2624,20251115,900,1,LTX-0008638,BKG-002853,79,104
8639,2624,20251127,900,1,LTX-0008639,BKG-011165,61,165
8640,1229,20250302,900,1,LTX-0008640,BKG-002854,27,27
8641,1229,20250908,900,1,LTX-0008641,BKG-012222,37,64
8642,1625,20250328,900,1,LTX-0008642,BKG-008809,69,69
8643,1625,20250906,900,1,LTX-0008643,BKG-003416,19,88
8644,1625,20251124,900,1,LTX-0008644,BKG-002858,74,162
8645,1625,20251124,1800,2,LTX-0008645,BKG-002858,-20,142
8646,1104,20250209,900,1,LTX-0008646,BKG-002860,47,47
8647,1104,20250209,1800,2,LTX-0008647,BKG-002860,-20,27
8648,1104,20250518,900,1,LTX-0008648,BKG-008662,56,83
8649,1104,20250602,900,1,LTX-0008649,BKG-004748,54,137
8650,1104,20251213,900,1,LTX-0008650,BKG-008938,85,222
8651,4247,20250425,900,1,LTX-0008651,BKG-002862,60,60
8652,4247,20250506,900,1,LTX-0008652,BKG-003364,55,115
8653,4247,20250605,900,1,LTX-0008653,BKG-008996,53,168
8654,4247,20250619,900,1,LTX-0008654,BKG-006894,67,235
8655,4247,20250623,900,1,LTX-0008655,BKG-006106,44,279
8656,4247,20250704,900,1,LTX-0008656,BKG-009791,122,401
8657,4247,20250903,900,1,LTX-0008657,BKG-003511,8,409
8658,4247,20250903,1800,2,LTX-0008658,BKG-003511,-20,389
8659,3291,20241230,900,1,LTX-0008659,BKG-004651,55,55
8660,3291,20250418,900,1,LTX-0008660,BKG-002863,24,79
8661,3291,20250514,900,1,LTX-0008661,BKG-008676,24,103
8662,2584,20250529,900,1,LTX-0008662,BKG-010979,54,54
8663,2584,20250622,900,1,LTX-0008663,BKG-002867,10,64
8664,2584,20251003,900,1,LTX-0008664,BKG-006507,45,109
8665,2238,20250317,900,1,LTX-0008665,BKG-003616,55,55
8666,2238,20250705,900,1,LTX-0008666,BKG-002869,45,100
8667,4280,20250425,900,1,LTX-0008667,BKG-010195,47,47
8668,4280,20250425,1800,2,LTX-0008668,BKG-010195,-20,27
8669,4280,20250430,900,1,LTX-0008669,BKG-002873,40,67
8670,4280,20250702,900,1,LTX-0008670,BKG-010636,11,78
8671,605,20241225,900,1,LTX-0008671,BKG-009437,10,10
8672,605,20250117,900,1,LTX-0008672,BKG-003280,24,34
8673,605,20250422,900,1,LTX-0008673,BKG-002874,40,74
8674,606,20250621,900,1,LTX-0008674,BKG-008547,76,150
8675,606,20251101,900,1,LTX-0008675,BKG-003198,47,197
8676,606,20251130,900,1,LTX-0008676,BKG-007287,48,245
8677,4812,20250125,900,1,LTX-0008677,BKG-002880,29,29
8678,4812,20250323,900,1,LTX-0008678,BKG-010681,32,61
8679,4812,20251117,900,1,LTX-0008679,BKG-003682,51,112
8680,3588,20250602,900,1,LTX-0008680,BKG-002881,21,21
8681,3588,20250830,900,1,LTX-0008681,BKG-006529,24,45
8682,1760,20250216,900,1,LTX-0008682,BKG-007055,29,29
8683,1760,20250611,900,1,LTX-0008683,BKG-005454,41,70
8684,1760,20250612,900,1,LTX-0008684,BKG-005760,10,80
8685,1760,20250829,900,1,LTX-0008685,BKG-008501,55,135
8686,1760,20251123,900,1,LTX-0008686,BKG-002882,39,174
8687,3466,20250123,900,1,LTX-0008687,BKG-004729,55,55
8688,3466,20250226,900,1,LTX-0008688,BKG-004671,52,107
8689,3466,20250812,900,1,LTX-0008689,BKG-002883,30,137
8690,3467,20251123,900,1,LTX-0008690,BKG-002910,44,181
8691,4512,20250212,900,1,LTX-0008691,BKG-006190,48,48
8692,4512,20250212,1800,2,LTX-0008692,BKG-006190,-30,18
8693,4512,20250711,900,1,LTX-0008693,BKG-002884,112,130
8694,4512,20251109,900,1,LTX-0008694,BKG-004689,48,178
8695,4512,20251109,1800,2,LTX-0008695,BKG-004689,-10,168
8696,4512,20251215,900,1,LTX-0008696,BKG-011388,20,188
8697,4512,20251215,1800,2,LTX-0008697,BKG-011388,-10,178
8698,2702,20250116,900,1,LTX-0008698,BKG-002886,22,22
8699,2702,20250402,900,1,LTX-0008699,BKG-003172,17,39
8700,1434,20250224,900,1,LTX-0008700,BKG-004619,22,22
8701,1434,20250620,900,1,LTX-0008701,BKG-002887,41,63
8702,1434,20250708,900,1,LTX-0008702,BKG-005565,68,131
8703,1434,20250829,900,1,LTX-0008703,BKG-011143,56,187
8704,1434,20250829,1800,2,LTX-0008704,BKG-011143,-10,177
8705,1434,20250912,900,1,LTX-0008705,BKG-004437,46,223
8706,1850,20250713,900,1,LTX-0008706,BKG-006902,57,57
8707,1850,20251119,900,1,LTX-0008707,BKG-002888,39,96
8708,122,20250414,900,1,LTX-0008708,BKG-002890,49,49
8709,122,20250414,1800,2,LTX-0008709,BKG-002890,-20,29
8710,215,20241209,900,1,LTX-0008710,BKG-005122,29,29
8711,215,20250324,900,1,LTX-0008711,BKG-002894,62,91
8712,215,20250519,900,1,LTX-0008712,BKG-012340,33,124
8713,215,20250619,900,1,LTX-0008713,BKG-011775,23,147
8714,215,20250924,900,1,LTX-0008714,BKG-004154,46,193
8715,2731,20250311,900,1,LTX-0008715,BKG-010376,76,76
8716,2731,20250311,1800,2,LTX-0008716,BKG-010376,-20,56
8717,2731,20250628,900,1,LTX-0008717,BKG-008017,39,95
8718,2731,20250712,900,1,LTX-0008718,BKG-007314,45,140
8719,2731,20250922,900,1,LTX-0008719,BKG-002896,36,176
8720,4344,20250130,900,1,LTX-0008720,BKG-007458,77,77
8721,4344,20250707,900,1,LTX-0008721,BKG-002899,21,98
8722,4344,20250717,900,1,LTX-0008722,BKG-004900,21,119
8723,1415,20250524,900,1,LTX-0008723,BKG-002900,47,47
8724,1415,20251011,900,1,LTX-0008724,BKG-004793,71,118
8725,1415,20251128,900,1,LTX-0008725,BKG-010711,20,138
8726,1157,20250728,900,1,LTX-0008726,BKG-003336,60,60
8727,1157,20251017,900,1,LTX-0008727,BKG-002902,69,129
8728,1157,20251205,900,1,LTX-0008728,BKG-003374,18,147
8729,3500,20250202,900,1,LTX-0008729,BKG-005347,27,27
8730,3500,20250207,900,1,LTX-0008730,BKG-004697,70,97
8731,3500,20250324,900,1,LTX-0008731,BKG-005064,26,123
8732,3500,20250524,900,1,LTX-0008732,BKG-009836,84,207
8733,3500,20250531,900,1,LTX-0008733,BKG-008334,18,225
8734,3500,20250622,900,1,LTX-0008734,BKG-004296,63,288
8735,3500,20250903,900,1,LTX-0008735,BKG-002904,63,351
8736,3500,20251201,900,1,LTX-0008736,BKG-010396,21,372
8737,250,20250428,900,1,LTX-0008737,BKG-007017,37,37
8738,250,20250614,900,1,LTX-0008738,BKG-009393,54,91
8739,250,20250728,900,1,LTX-0008739,BKG-008076,22,113
8740,250,20250728,900,1,LTX-0008740,BKG-012205,57,170
8741,250,20250728,1800,2,LTX-0008741,BKG-012205,-20,150
8742,250,20251109,900,1,LTX-0008742,BKG-002907,73,223
8743,250,20251122,900,1,LTX-0008743,BKG-006307,20,243
8744,1170,20241229,900,1,LTX-0008744,BKG-008681,14,14
8745,1170,20250517,900,1,LTX-0008745,BKG-011128,32,46
8746,1170,20250519,900,1,LTX-0008746,BKG-004854,20,66
8747,1171,20251119,900,1,LTX-0008747,BKG-002911,26,92
8748,2659,20250615,900,1,LTX-0008748,BKG-009097,11,11
8749,2659,20250826,900,1,LTX-0008749,BKG-002913,36,47
8750,2660,20251211,900,1,LTX-0008750,BKG-006949,68,115
8751,3199,20250418,900,1,LTX-0008751,BKG-006185,6,6
8752,3199,20250522,900,1,LTX-0008752,BKG-008677,71,77
8753,3199,20250529,900,1,LTX-0008753,BKG-002915,22,99
8754,3199,20250529,1800,2,LTX-0008754,BKG-002915,-20,79
8755,3199,20250603,900,1,LTX-0008755,BKG-011882,41,120
8756,3199,20250624,900,1,LTX-0008756,BKG-010601,34,154
8757,3674,20241229,900,1,LTX-0008757,BKG-007649,74,74
8758,3674,20250607,900,1,LTX-0008758,BKG-002917,60,134
8759,3674,20250613,900,1,LTX-0008759,BKG-006092,17,151
8760,3674,20250729,900,1,LTX-0008760,BKG-011547,60,211
8761,3674,20250903,900,1,LTX-0008761,BKG-008504,20,231
8762,3674,20250911,900,1,LTX-0008762,BKG-010219,31,262
8763,3674,20251101,900,1,LTX-0008763,BKG-008113,15,277
8764,3674,20251124,900,1,LTX-0008764,BKG-008264,54,331
8765,3814,20250314,900,1,LTX-0008765,BKG-008637,52,52
8766,3814,20250614,900,1,LTX-0008766,BKG-002922,47,99
8767,3814,20251108,900,1,LTX-0008767,BKG-006441,49,148
8768,4569,20250316,900,1,LTX-0008768,BKG-003235,18,18
8769,4569,20250511,900,1,LTX-0008769,BKG-005353,60,78
8770,4569,20250620,900,1,LTX-0008770,BKG-008820,100,178
8771,4569,20251023,900,1,LTX-0008771,BKG-002923,36,214
8772,4569,20251207,900,1,LTX-0008772,BKG-010725,56,270
8773,3204,20250330,900,1,LTX-0008773,BKG-011785,41,41
8774,3204,20250503,900,1,LTX-0008774,BKG-008321,24,65
8775,3204,20250626,900,1,LTX-0008775,BKG-002924,79,144
8776,4454,20250815,900,1,LTX-0008776,BKG-002925,6,6
8777,4454,20251010,900,1,LTX-0008777,BKG-003836,63,69
8778,4122,20250525,900,1,LTX-0008778,BKG-008023,20,20
8779,4122,20250525,900,1,LTX-0008779,BKG-008871,58,78
8780,4122,20250525,1800,2,LTX-0008780,BKG-008023,-10,68
8781,4122,20250721,900,1,LTX-0008781,BKG-002927,63,131
8782,4211,20250323,900,1,LTX-0008782,BKG-003501,12,12
8783,4211,20250515,900,1,LTX-0008783,BKG-002928,87,99
8784,4211,20250515,1800,2,LTX-0008784,BKG-002928,-20,79
8785,1675,20250625,900,1,LTX-0008785,BKG-002929,68,68
8786,1675,20251026,900,1,LTX-0008786,BKG-004336,62,130
8787,2751,20250525,900,1,LTX-0008787,BKG-011870,51,51
8788,2751,20250701,900,1,LTX-0008788,BKG-002931,69,120
8789,565,20250913,900,1,LTX-0008789,BKG-002933,52,52
8790,565,20250913,1800,2,LTX-0008790,BKG-002933,-30,22
8791,1381,20250613,900,1,LTX-0008791,BKG-002935,45,45
8792,1381,20250613,1800,2,LTX-0008792,BKG-002935,-20,25
8793,7,20250114,900,1,LTX-0008793,BKG-002936,36,36
8794,7,20250204,900,1,LTX-0008794,BKG-010193,29,65
8795,7,20251122,900,1,LTX-0008795,BKG-003611,76,141
8796,7,20251218,900,1,LTX-0008796,BKG-012159,39,180
8797,3950,20250606,900,1,LTX-0008797,BKG-005123,69,69
8798,3950,20250614,900,1,LTX-0008798,BKG-009384,87,156
8799,3950,20250621,900,1,LTX-0008799,BKG-011320,56,212
8800,3950,20250626,900,1,LTX-0008800,BKG-002939,38,250
8801,3950,20250920,900,1,LTX-0008801,BKG-010704,43,293
8802,3357,20250719,900,1,LTX-0008802,BKG-002940,48,48
8803,3495,20250422,900,1,LTX-0008803,BKG-005302,7,7
8804,3495,20251204,900,1,LTX-0008804,BKG-002942,35,42
8805,4416,20250713,900,1,LTX-0008805,BKG-002944,28,28
8806,4042,20241227,900,1,LTX-0008806,BKG-003148,26,26
8807,4042,20250118,900,1,LTX-0008807,BKG-002945,11,37
8808,4042,20250326,900,1,LTX-0008808,BKG-003378,42,79
8809,4042,20250326,1800,2,LTX-0008809,BKG-003378,-20,59
8810,569,20250710,900,1,LTX-0008810,BKG-002947,22,22
8811,569,20250716,900,1,LTX-0008811,BKG-005442,68,90
8812,1341,20250311,900,1,LTX-0008812,BKG-004722,29,29
8813,1341,20250519,900,1,LTX-0008813,BKG-010912,84,113
8814,1341,20250920,900,1,LTX-0008814,BKG-006971,37,150
8815,1341,20250928,900,1,LTX-0008815,BKG-004452,45,195
8816,1341,20251211,900,1,LTX-0008816,BKG-002949,55,250
8817,269,20250213,900,1,LTX-0008817,BKG-010377,36,36
8818,269,20250213,1800,2,LTX-0008818,BKG-010377,-10,26
8819,269,20250901,900,1,LTX-0008819,BKG-011604,36,62
8820,269,20251116,900,1,LTX-0008820,BKG-002950,30,92
8821,1613,20250703,900,1,LTX-0008821,BKG-009901,44,44
8822,1613,20250804,900,1,LTX-0008822,BKG-002953,29,73
8823,1613,20251127,900,1,LTX-0008823,BKG-012206,81,154
8824,1613,20251215,900,1,LTX-0008824,BKG-004565,72,226
8825,4226,20250209,900,1,LTX-0008825,BKG-003569,39,39
8826,4227,20250704,900,1,LTX-0008826,BKG-006778,61,100
8827,4227,20250825,900,1,LTX-0008827,BKG-003363,53,153
8828,4227,20251122,900,1,LTX-0008828,BKG-002955,53,206
8829,4227,20251214,900,1,LTX-0008829,BKG-008096,43,249
8830,553,20250117,900,1,LTX-0008830,BKG-009694,31,31
8831,553,20250117,1800,2,LTX-0008831,BKG-009694,-10,21
8832,553,20250525,900,1,LTX-0008832,BKG-005550,43,64
8833,553,20250602,900,1,LTX-0008833,BKG-007051,36,100
8834,553,20250815,900,1,LTX-0008834,BKG-002957,32,132
8835,1863,20250430,900,1,LTX-0008835,BKG-006301,67,67
8836,1863,20250704,900,1,LTX-0008836,BKG-002961,24,91
8837,1562,20250417,900,1,LTX-0008837,BKG-006823,57,57
8838,1562,20250910,900,1,LTX-0008838,BKG-006515,38,95
8839,1562,20251023,900,1,LTX-0008839,BKG-002962,16,111
8840,1562,20251116,900,1,LTX-0008840,BKG-003599,52,163
8841,2961,20250217,900,1,LTX-0008841,BKG-002964,28,28
8842,2961,20250505,900,1,LTX-0008842,BKG-006197,28,56
8843,2961,20251122,900,1,LTX-0008843,BKG-004074,37,93
8844,1544,20250304,900,1,LTX-0008844,BKG-009169,29,29
8845,1544,20250502,900,1,LTX-0008845,BKG-011085,28,57
8846,1544,20250613,900,1,LTX-0008846,BKG-002967,28,85
8847,1544,20250630,900,1,LTX-0008847,BKG-009202,50,135
8848,1544,20250829,900,1,LTX-0008848,BKG-007281,27,162
8849,1544,20251202,900,1,LTX-0008849,BKG-011818,39,201
8850,1544,20251206,900,1,LTX-0008850,BKG-005082,36,237
8851,3753,20250126,900,1,LTX-0008851,BKG-007523,28,28
8852,3753,20250603,900,1,LTX-0008852,BKG-004066,62,90
8853,3753,20250606,900,1,LTX-0008853,BKG-004831,22,112
8854,3753,20250621,900,1,LTX-0008854,BKG-004522,30,142
8855,3753,20250627,900,1,LTX-0008855,BKG-002968,50,192
8856,3753,20250627,1800,2,LTX-0008856,BKG-002968,-10,182
8857,3753,20251217,900,1,LTX-0008857,BKG-009290,22,204
8858,3753,20251217,1800,2,LTX-0008858,BKG-009290,-30,174
8859,4670,20250304,900,1,LTX-0008859,BKG-007025,23,23
8860,4670,20250523,900,1,LTX-0008860,BKG-002970,9,32
8861,4670,20250523,1800,2,LTX-0008861,BKG-002970,-10,22
8862,4670,20251030,900,1,LTX-0008862,BKG-012466,56,78
8863,523,20250529,900,1,LTX-0008863,BKG-002971,60,60
8864,523,20250608,900,1,LTX-0008864,BKG-011615,70,130
8865,523,20251201,900,1,LTX-0008865,BKG-006748,58,188
8866,4786,20250601,900,1,LTX-0008866,BKG-002972,41,41
8867,1188,20250907,900,1,LTX-0008867,BKG-002975,47,47
8868,697,20250323,900,1,LTX-0008868,BKG-002979,17,17
8869,697,20250409,900,1,LTX-0008869,BKG-012029,10,27
8870,697,20250409,1800,2,LTX-0008870,BKG-012029,-20,7
8871,697,20250628,900,1,LTX-0008871,BKG-003263,32,39
8872,4542,20241231,900,1,LTX-0008872,BKG-004795,72,72
8873,4542,20250414,900,1,LTX-0008873,BKG-004466,34,106
8874,4542,20250414,1800,2,LTX-0008874,BKG-004466,-30,76
8875,4543,20251028,900,1,LTX-0008875,BKG-003648,66,142
8876,4543,20251206,900,1,LTX-0008876,BKG-002982,86,228
8877,1909,20250505,900,1,LTX-0008877,BKG-002984,49,49
8878,1909,20251130,900,1,LTX-0008878,BKG-005419,66,115
8879,4636,20250509,900,1,LTX-0008879,BKG-002990,48,48
8880,4636,20251126,900,1,LTX-0008880,BKG-008912,30,78
8881,3608,20250403,900,1,LTX-0008881,BKG-007402,40,40
8882,3608,20250517,900,1,LTX-0008882,BKG-002992,96,136
8883,3608,20250517,1800,2,LTX-0008883,BKG-002992,-20,116
8884,3608,20250609,900,1,LTX-0008884,BKG-012279,41,157
8885,2088,20250224,900,1,LTX-0008885,BKG-003546,24,24
8886,2088,20250802,900,1,LTX-0008886,BKG-004638,25,49
8887,2088,20250922,900,1,LTX-0008887,BKG-002996,50,99
8888,1556,20250408,900,1,LTX-0008888,BKG-003001,10,10
8889,1556,20250613,900,1,LTX-0008889,BKG-006544,71,81
8890,1556,20251124,900,1,LTX-0008890,BKG-012255,30,111
8891,859,20250215,900,1,LTX-0008891,BKG-003003,50,50
8892,859,20250602,900,1,LTX-0008892,BKG-009120,55,105
8893,859,20250702,900,1,LTX-0008893,BKG-005626,82,187
8894,859,20251127,900,1,LTX-0008894,BKG-009889,38,225
8895,265,20250310,900,1,LTX-0008895,BKG-003005,36,36
8896,265,20250519,900,1,LTX-0008896,BKG-006040,29,65
8897,265,20250620,900,1,LTX-0008897,BKG-003010,33,98
8898,266,20250627,900,1,LTX-0008898,BKG-012357,60,158
8899,266,20250801,900,1,LTX-0008899,BKG-007301,41,199
8900,4775,20250407,900,1,LTX-0008900,BKG-003007,32,32
8901,4775,20250407,1800,2,LTX-0008901,BKG-003007,-10,22
8902,4775,20250425,900,1,LTX-0008902,BKG-010804,21,43
8903,4775,20250920,900,1,LTX-0008903,BKG-010252,54,97
8904,4775,20251129,900,1,LTX-0008904,BKG-007892,112,209
8905,3688,20250128,900,1,LTX-0008905,BKG-008639,64,64
8906,3688,20250207,900,1,LTX-0008906,BKG-005923,29,93
8907,3688,20250605,900,1,LTX-0008907,BKG-010280,60,153
8908,3689,20251123,900,1,LTX-0008908,BKG-003008,60,213
8909,3412,20250615,900,1,LTX-0008909,BKG-003009,54,54
8910,3412,20250718,900,1,LTX-0008910,BKG-004537,26,80
8911,3412,20250814,900,1,LTX-0008911,BKG-008881,31,111
8912,4879,20250322,900,1,LTX-0008912,BKG-007674,68,68
8913,4879,20250428,900,1,LTX-0008913,BKG-008814,41,109
8914,4879,20250428,1800,2,LTX-0008914,BKG-008814,-20,89
8915,4879,20250618,900,1,LTX-0008915,BKG-011520,72,161
8916,4879,20250625,900,1,LTX-0008916,BKG-010404,22,183
8917,4879,20250701,900,1,LTX-0008917,BKG-007156,20,203
8918,4879,20250713,900,1,LTX-0008918,BKG-003021,66,269
8919,4879,20250915,900,1,LTX-0008919,BKG-005596,46,315
8920,2268,20250102,900,1,LTX-0008920,BKG-005313,38,38
8921,2268,20250116,900,1,LTX-0008921,BKG-006712,19,57
8922,2268,20250203,900,1,LTX-0008922,BKG-003023,29,86
8923,2269,20250912,900,1,LTX-0008923,BKG-011048,22,108
8924,4034,20250126,900,1,LTX-0008924,BKG-008302,19,19
8925,4034,20250214,900,1,LTX-0008925,BKG-003026,40,59
8926,4034,20250620,900,1,LTX-0008926,BKG-010558,22,81
8927,3150,20250212,900,1,LTX-0008927,BKG-008825,27,27
8928,3150,20250610,900,1,LTX-0008928,BKG-003933,50,77
8929,3150,20250715,900,1,LTX-0008929,BKG-003027,59,136
8930,3150,20251125,900,1,LTX-0008930,BKG-007210,12,148
8931,1356,20241212,900,1,LTX-0008931,BKG-004514,31,31
8932,1356,20250204,900,1,LTX-0008932,BKG-003031,51,82
8933,1356,20250620,900,1,LTX-0008933,BKG-010085,31,113
8934,1356,20251126,900,1,LTX-0008934,BKG-007811,86,199
8935,4303,20250119,900,1,LTX-0008935,BKG-005314,59,59
8936,4303,20250205,900,1,LTX-0008936,BKG-007616,19,78
8937,4303,20250522,900,1,LTX-0008937,BKG-007709,10,88
8938,4303,20250716,900,1,LTX-0008938,BKG-011375,48,136
8939,4303,20251205,900,1,LTX-0008939,BKG-003034,84,220
8940,1419,20250404,900,1,LTX-0008940,BKG-003036,14,14
8941,1419,20250629,900,1,LTX-0008941,BKG-004766,42,56
8942,1419,20250717,900,1,LTX-0008942,BKG-012051,97,153
8943,1419,20251003,900,1,LTX-0008943,BKG-004849,94,247
8944,3891,20250924,900,1,LTX-0008944,BKG-003039,35,35
8945,3891,20250924,1800,2,LTX-0008945,BKG-003039,-30,5
8946,3702,20241229,900,1,LTX-0008946,BKG-012034,17,17
8947,3702,20250610,900,1,LTX-0008947,BKG-003041,30,47
8948,3702,20250610,1800,2,LTX-0008948,BKG-003041,-10,37
8949,3033,20250113,900,1,LTX-0008949,BKG-009357,36,36
8950,3033,20250707,900,1,LTX-0008950,BKG-003042,55,91
8951,1894,20250707,900,1,LTX-0008951,BKG-003043,86,86
8952,1894,20250826,900,1,LTX-0008952,BKG-010249,32,118
8953,3881,20250520,900,1,LTX-0008953,BKG-008408,18,18
8954,3881,20250612,900,1,LTX-0008954,BKG-003044,55,73
8955,3881,20251106,900,1,LTX-0008955,BKG-011566,40,113
8956,48,20250526,900,1,LTX-0008956,BKG-003048,21,21
8957,48,20250628,900,1,LTX-0008957,BKG-004552,58,79
8958,48,20251009,900,1,LTX-0008958,BKG-004964,30,109
8959,682,20250702,900,1,LTX-0008959,BKG-003051,54,54
8960,682,20251201,900,1,LTX-0008960,BKG-003251,41,95
8961,419,20250608,900,1,LTX-0008961,BKG-008622,35,35
8962,419,20250705,900,1,LTX-0008962,BKG-007738,53,88
8963,419,20251012,900,1,LTX-0008963,BKG-003054,63,151
8964,786,20250516,900,1,LTX-0008964,BKG-005156,78,78
8965,786,20250516,1800,2,LTX-0008965,BKG-005156,-20,58
8966,786,20251111,900,1,LTX-0008966,BKG-003055,41,99
8967,2330,20250308,900,1,LTX-0008967,BKG-009321,16,16
8968,2330,20250319,900,1,LTX-0008968,BKG-003056,6,22
8969,2330,20250412,900,1,LTX-0008969,BKG-006127,39,61
8970,2331,20250530,900,1,LTX-0008970,BKG-010455,105,166
8971,2331,20250718,900,1,LTX-0008971,BKG-004412,46,212
8972,2331,20251011,900,1,LTX-0008972,BKG-005372,39,251
8973,2331,20251210,900,1,LTX-0008973,BKG-003234,100,351
8974,4521,20250905,900,1,LTX-0008974,BKG-003057,17,17
8975,806,20241211,900,1,LTX-0008975,BKG-003059,28,28
8976,807,20250511,900,1,LTX-0008976,BKG-006025,53,81
8977,807,20250617,900,1,LTX-0008977,BKG-011783,54,135
8978,807,20251002,900,1,LTX-0008978,BKG-006167,19,154
8979,807,20251221,900,1,LTX-0008979,BKG-012413,51,205
8980,294,20250421,900,1,LTX-0008980,BKG-003060,67,67
8981,294,20250424,900,1,LTX-0008981,BKG-006192,64,131
8982,294,20250718,900,1,LTX-0008982,BKG-008678,34,165
8983,294,20250808,900,1,LTX-0008983,BKG-008615,50,215
8984,294,20251109,900,1,LTX-0008984,BKG-003173,38,253
8985,294,20251214,900,1,LTX-0008985,BKG-011770,23,276
8986,2476,20250405,900,1,LTX-0008986,BKG-003066,26,26
8987,2476,20251021,900,1,LTX-0008987,BKG-005427,45,71
8988,4443,20250326,900,1,LTX-0008988,BKG-003070,59,59
8989,4444,20250711,900,1,LTX-0008989,BKG-008689,42,101
8990,4067,20250126,900,1,LTX-0008990,BKG-012388,13,13
8991,4067,20250827,900,1,LTX-0008991,BKG-003072,46,59
8992,2787,20241216,900,1,LTX-0008992,BKG-003077,36,36
8993,2787,20250209,900,1,LTX-0008993,BKG-005018,61,97
8994,2787,20250725,900,1,LTX-0008994,BKG-006615,40,137
8995,2787,20250819,900,1,LTX-0008995,BKG-011062,40,177
8996,4866,20250515,900,1,LTX-0008996,BKG-011885,53,53
8997,4866,20250616,900,1,LTX-0008997,BKG-011363,10,63
8998,4866,20250815,900,1,LTX-0008998,BKG-012498,68,131
8999,4866,20250915,900,1,LTX-0008999,BKG-010140,18,149
9000,4866,20250925,900,1,LTX-0009000,BKG-012120,8,157
9001,4866,20250925,1800,2,LTX-0009001,BKG-012120,-30,127
9002,4866,20250927,900,1,LTX-0009002,BKG-011881,45,172
9003,4866,20251129,900,1,LTX-0009003,BKG-003079,49,221
9004,3145,20251113,900,1,LTX-0009004,BKG-009976,34,34
9005,3145,20251113,1800,2,LTX-0009005,BKG-009976,-10,24
9006,3145,20251127,900,1,LTX-0009006,BKG-003083,37,61
9007,1210,20250717,900,1,LTX-0009007,BKG-003084,28,28
9008,1210,20250809,900,1,LTX-0009008,BKG-007592,42,70
9009,1210,20250906,900,1,LTX-0009009,BKG-003268,10,80
9010,1210,20251007,900,1,LTX-0009010,BKG-007583,61,141
9011,1210,20251126,900,1,LTX-0009011,BKG-010441,63,204
9012,2897,20250428,900,1,LTX-0009012,BKG-012452,16,16
9013,2898,20250701,900,1,LTX-0009013,BKG-004622,44,60
9014,2898,20251205,900,1,LTX-0009014,BKG-003087,75,135
9015,300,20241214,900,1,LTX-0009015,BKG-010522,56,56
9016,300,20250127,900,1,LTX-0009016,BKG-003593,55,111
9017,300,20250405,900,1,LTX-0009017,BKG-005154,48,159
9018,300,20250829,900,1,LTX-0009018,BKG-003088,57,216
9019,300,20250906,900,1,LTX-0009019,BKG-006053,24,240
9020,1252,20241230,900,1,LTX-0009020,BKG-006870,37,37
9021,1252,20250426,900,1,LTX-0009021,BKG-009655,54,91
9022,1252,20250719,900,1,LTX-0009022,BKG-010458,37,128
9023,1252,20251014,900,1,LTX-0009023,BKG-003089,59,187
9024,1252,20251208,900,1,LTX-0009024,BKG-003314,21,208
9025,295,20250104,900,1,LTX-0009025,BKG-010428,88,88
9026,295,20250302,900,1,LTX-0009026,BKG-010851,55,143
9027,296,20251202,900,1,LTX-0009027,BKG-003091,51,194
9028,397,20241222,900,1,LTX-0009028,BKG-010946,27,27
9029,398,20250724,900,1,LTX-0009029,BKG-011492,80,107
9030,398,20250803,900,1,LTX-0009030,BKG-003094,38,145
9031,398,20250912,900,1,LTX-0009031,BKG-004054,53,198
9032,1072,20250330,900,1,LTX-0009032,BKG-003097,42,42
9033,4367,20250528,900,1,LTX-0009033,BKG-003098,29,29
9034,4367,20250621,900,1,LTX-0009034,BKG-004436,23,52
9035,4367,20250621,1800,2,LTX-0009035,BKG-004436,-30,22
9036,4367,20250622,900,1,LTX-0009036,BKG-012315,17,39
9037,3675,20250207,900,1,LTX-0009037,BKG-007467,62,62
9038,3675,20250523,900,1,LTX-0009038,BKG-008714,20,82
9039,3675,20250604,900,1,LTX-0009039,BKG-003099,91,173
9040,1339,20250523,900,1,LTX-0009040,BKG-008293,17,17
9041,1339,20250623,900,1,LTX-0009041,BKG-003100,35,52
9042,1339,20251127,900,1,LTX-0009042,BKG-006554,39,91
9043,1014,20250519,900,1,LTX-0009043,BKG-003101,76,76
9044,1014,20250612,900,1,LTX-0009044,BKG-004611,19,95
9045,1014,20250625,900,1,LTX-0009045,BKG-004797,22,117
9046,412,20250217,900,1,LTX-0009046,BKG-008391,58,58
9047,412,20250316,900,1,LTX-0009047,BKG-010006,46,104
9048,412,20250510,900,1,LTX-0009048,BKG-003102,51,155
9049,2510,20250115,900,1,LTX-0009049,BKG-011767,84,84
9050,2510,20250217,900,1,LTX-0009050,BKG-004576,41,125
9051,2510,20250604,900,1,LTX-0009051,BKG-008046,53,178
9052,2510,20250604,900,1,LTX-0009052,BKG-011349,13,191
9053,2510,20250612,900,1,LTX-0009053,BKG-007241,58,249
9054,2511,20251108,900,1,LTX-0009054,BKG-003105,63,312
9055,2511,20251210,900,1,LTX-0009055,BKG-012027,29,341
9056,2511,20251216,900,1,LTX-0009056,BKG-004952,25,366
9057,4697,20250524,900,1,LTX-0009057,BKG-007149,22,22
9058,4697,20250525,900,1,LTX-0009058,BKG-003107,34,56
9059,4697,20251110,900,1,LTX-0009059,BKG-003748,8,64
9060,4697,20251123,900,1,LTX-0009060,BKG-009569,35,99
9061,613,20250320,900,1,LTX-0009061,BKG-011576,42,42
9062,613,20250520,900,1,LTX-0009062,BKG-003108,29,71
9063,613,20250530,900,1,LTX-0009063,BKG-003474,74,145
9064,613,20250530,1800,2,LTX-0009064,BKG-003474,-30,115
9065,444,20250607,900,1,LTX-0009065,BKG-008533,62,62
9066,444,20251005,900,1,LTX-0009066,BKG-003109,80,142
9067,444,20251005,1800,2,LTX-0009067,BKG-003109,-30,112
9068,3284,20250309,900,1,LTX-0009068,BKG-003812,29,29
9069,3284,20250526,900,1,LTX-0009069,BKG-003113,47,76
9070,4126,20250123,900,1,LTX-0009070,BKG-010679,44,44
9071,4126,20250125,900,1,LTX-0009071,BKG-011834,34,78
9072,4126,20250607,900,1,LTX-0009072,BKG-005862,45,123
9073,4126,20250607,1800,2,LTX-0009073,BKG-005862,-10,113
9074,4126,20250626,900,1,LTX-0009074,BKG-003114,58,171
9075,4127,20251013,900,1,LTX-0009075,BKG-006246,25,196
9076,4127,20251013,1800,2,LTX-0009076,BKG-006246,-10,186
9077,4127,20251018,900,1,LTX-0009077,BKG-009843,65,251
9078,4127,20251126,900,1,LTX-0009078,BKG-005213,86,337
9079,4127,20251221,900,1,LTX-0009079,BKG-008975,33,370
9080,3231,20241217,900,1,LTX-0009080,BKG-003115,31,31
9081,3231,20250331,900,1,LTX-0009081,BKG-007414,46,77
9082,3231,20250331,1800,2,LTX-0009082,BKG-007414,-10,67
9083,3231,20251216,900,1,LTX-0009083,BKG-008850,71,138
9084,3231,20251216,1800,2,LTX-0009084,BKG-008850,-10,128
9085,1774,20250828,900,1,LTX-0009085,BKG-003116,56,56
9086,1774,20250919,900,1,LTX-0009086,BKG-003424,50,106
9087,1774,20251212,900,1,LTX-0009087,BKG-010570,31,137
9088,1774,20251218,900,1,LTX-0009088,BKG-004146,44,181
9089,4502,20250503,900,1,LTX-0009089,BKG-007946,32,32
9090,4502,20250814,900,1,LTX-0009090,BKG-006549,19,51
9091,4502,20251110,900,1,LTX-0009091,BKG-003117,9,60
9092,4502,20251112,900,1,LTX-0009092,BKG-007406,46,106
9093,893,20250103,900,1,LTX-0009093,BKG-008496,29,29
9094,894,20250620,900,1,LTX-0009094,BKG-003120,11,40
9095,894,20250630,900,1,LTX-0009095,BKG-006276,63,103
9096,894,20250630,1800,2,LTX-0009096,BKG-006276,-30,73
9097,894,20251129,900,1,LTX-0009097,BKG-012109,19,92
9098,894,20251221,900,1,LTX-0009098,BKG-007858,19,111
9099,1696,20250307,900,1,LTX-0009099,BKG-007781,38,38
9100,1696,20250530,900,1,LTX-0009100,BKG-005150,12,50
9101,1696,20250702,900,1,LTX-0009101,BKG-012081,23,73
9102,1696,20250731,900,1,LTX-0009102,BKG-003122,43,116
9103,4146,20250421,900,1,LTX-0009103,BKG-003125,10,10
9104,4146,20250514,900,1,LTX-0009104,BKG-007716,43,53
9105,4146,20251206,900,1,LTX-0009105,BKG-006867,41,94
9106,2665,20250114,900,1,LTX-0009106,BKG-008057,45,45
9107,2665,20250603,900,1,LTX-0009107,BKG-003130,33,78
9108,1228,20250604,900,1,LTX-0009108,BKG-007257,35,35
9109,1228,20250617,900,1,LTX-0009109,BKG-003137,27,62
9110,1228,20250628,900,1,LTX-0009110,BKG-009922,36,98
9111,1228,20250711,900,1,LTX-0009111,BKG-006836,14,112
9112,4478,20241221,900,1,LTX-0009112,BKG-003140,18,18
9113,4478,20250630,900,1,LTX-0009113,BKG-005857,27,45
9114,4478,20251214,900,1,LTX-0009114,BKG-008543,9,54
9115,4843,20250315,900,1,LTX-0009115,BKG-005900,66,66
9116,4843,20250612,900,1,LTX-0009116,BKG-012231,31,97
9117,4843,20251128,900,1,LTX-0009117,BKG-003142,10,107
9118,3787,20250318,900,1,LTX-0009118,BKG-009422,88,88
9119,3787,20250727,900,1,LTX-0009119,BKG-003146,38,126
9120,3787,20250727,1800,2,LTX-0009120,BKG-003146,-10,116
9121,3787,20250826,900,1,LTX-0009121,BKG-011896,16,132
9122,2315,20250316,900,1,LTX-0009122,BKG-012329,22,22
9123,2315,20250527,900,1,LTX-0009123,BKG-005071,41,63
9124,2315,20250720,900,1,LTX-0009124,BKG-007310,11,74
9125,2315,20251007,900,1,LTX-0009125,BKG-009698,36,110
9126,2315,20251118,900,1,LTX-0009126,BKG-003151,30,140
9127,2315,20251118,1800,2,LTX-0009127,BKG-003151,-10,130
9128,227,20250421,900,1,LTX-0009128,BKG-005768,28,28
9129,227,20250526,900,1,LTX-0009129,BKG-003152,60,88
9130,227,20250601,900,1,LTX-0009130,BKG-004536,79,167
9131,227,20250831,900,1,LTX-0009131,BKG-004532,62,229
9132,85,20250514,900,1,LTX-0009132,BKG-007184,49,49
9133,85,20250722,900,1,LTX-0009133,BKG-012430,6,55
9134,85,20251123,900,1,LTX-0009134,BKG-003153,50,105
9135,2318,20250508,900,1,LTX-0009135,BKG-005812,53,53
9136,2318,20250621,900,1,LTX-0009136,BKG-003155,31,84
9137,2318,20250621,1800,2,LTX-0009137,BKG-003155,-10,74
9138,2318,20250626,900,1,LTX-0009138,BKG-005396,44,118
9139,3098,20250109,900,1,LTX-0009139,BKG-010538,45,45
9140,3098,20250227,900,1,LTX-0009140,BKG-003156,32,77
9141,3098,20251123,900,1,LTX-0009141,BKG-004566,30,107
9142,3098,20251204,900,1,LTX-0009142,BKG-004902,75,182
9143,4331,20250618,900,1,LTX-0009143,BKG-003157,53,53
9144,4331,20250714,900,1,LTX-0009144,BKG-008056,35,88
9145,4331,20251123,900,1,LTX-0009145,BKG-007024,46,134
9146,1178,20250821,900,1,LTX-0009146,BKG-003159,49,49
9147,1178,20250925,900,1,LTX-0009147,BKG-005394,52,101
9148,3658,20250701,900,1,LTX-0009148,BKG-003163,17,17
9149,3658,20250710,900,1,LTX-0009149,BKG-012041,49,66
9150,4654,20250514,900,1,LTX-0009150,BKG-003897,42,42
9151,4654,20250526,900,1,LTX-0009151,BKG-003167,10,52
9152,1955,20250525,900,1,LTX-0009152,BKG-003186,86,86
9153,1955,20251127,900,1,LTX-0009153,BKG-003168,72,158
9154,1955,20251205,900,1,LTX-0009154,BKG-006123,68,226
9155,4548,20250606,900,1,LTX-0009155,BKG-003169,54,54
9156,999,20250127,900,1,LTX-0009156,BKG-003419,29,29
9157,1000,20250610,900,1,LTX-0009157,BKG-006997,37,66
9158,1000,20250618,900,1,LTX-0009158,BKG-003170,68,134
9159,1000,20251220,900,1,LTX-0009159,BKG-012189,36,170
9160,2126,20250531,900,1,LTX-0009160,BKG-011796,41,41
9161,2126,20250621,900,1,LTX-0009161,BKG-003171,20,61
9162,2126,20250621,1800,2,LTX-0009162,BKG-003171,-20,41
9163,2126,20251001,900,1,LTX-0009163,BKG-005255,63,104
9164,2126,20251001,1800,2,LTX-0009164,BKG-005255,-30,74
9165,3308,20250612,900,1,LTX-0009165,BKG-008192,31,31
9166,3308,20250622,900,1,LTX-0009166,BKG-003175,45,76
9167,3308,20250918,900,1,LTX-0009167,BKG-010977,71,147
9168,3255,20250718,900,1,LTX-0009168,BKG-003176,53,53
9169,3256,20251213,900,1,LTX-0009169,BKG-006324,53,106
9170,3256,20251213,1800,2,LTX-0009170,BKG-006324,-10,96
9171,1223,20250528,900,1,LTX-0009171,BKG-005000,37,37
9172,1224,20251018,900,1,LTX-0009172,BKG-003178,27,64
9173,1224,20251018,1800,2,LTX-0009173,BKG-003178,-30,34
9174,3781,20250115,900,1,LTX-0009174,BKG-010334,71,71
9175,3781,20250404,900,1,LTX-0009175,BKG-011064,60,131
9176,3782,20251124,900,1,LTX-0009176,BKG-003182,52,183
9177,3782,20251210,900,1,LTX-0009177,BKG-011318,30,213
9178,3782,20251215,900,1,LTX-0009178,BKG-004444,54,267
9179,4011,20250530,900,1,LTX-0009179,BKG-003184,41,41
9180,4011,20250610,900,1,LTX-0009180,BKG-007197,68,109
9181,4011,20250709,900,1,LTX-0009181,BKG-012108,48,157
9182,4011,20251117,900,1,LTX-0009182,BKG-010465,60,217
9183,4011,20251122,900,1,LTX-0009183,BKG-008413,79,296
9184,4615,20250531,900,1,LTX-0009184,BKG-006475,100,100
9185,4615,20250701,900,1,LTX-0009185,BKG-003189,38,138
9186,4615,20250802,900,1,LTX-0009186,BKG-004215,9,147
9187,4615,20250802,1800,2,LTX-0009187,BKG-004215,-20,127
9188,3528,20250513,900,1,LTX-0009188,BKG-006711,59,59
9189,3528,20250530,900,1,LTX-0009189,BKG-003191,19,78
9190,3528,20250530,1800,2,LTX-0009190,BKG-003191,-30,48
9191,4269,20250210,900,1,LTX-0009191,BKG-011341,55,55
9192,4269,20250323,900,1,LTX-0009192,BKG-011466,76,131
9193,4269,20250922,900,1,LTX-0009193,BKG-003193,27,158
9194,4269,20251212,900,1,LTX-0009194,BKG-011813,44,202
9195,4269,20251212,1800,2,LTX-0009195,BKG-011813,-10,192
9196,3902,20250104,900,1,LTX-0009196,BKG-008540,47,47
9197,3902,20250118,900,1,LTX-0009197,BKG-003553,46,93
9198,3902,20250429,900,1,LTX-0009198,BKG-011551,8,101
9199,3902,20250611,900,1,LTX-0009199,BKG-004237,28,129
9200,3902,20250707,900,1,LTX-0009200,BKG-003201,35,164
9201,3902,20250707,1800,2,LTX-0009201,BKG-003201,-10,154
9202,3902,20251012,900,1,LTX-0009202,BKG-008737,29,183
9203,3902,20251017,900,1,LTX-0009203,BKG-009387,36,219
9204,2871,20250512,900,1,LTX-0009204,BKG-009001,30,30
9205,2871,20250614,900,1,LTX-0009205,BKG-003204,75,105
9206,2871,20250831,900,1,LTX-0009206,BKG-009289,56,161
9207,4250,20250118,900,1,LTX-0009207,BKG-011855,33,33
9208,4250,20250427,900,1,LTX-0009208,BKG-011371,40,73
9209,4250,20250924,900,1,LTX-0009209,BKG-007331,43,116
9210,4250,20251002,900,1,LTX-0009210,BKG-003353,29,145
9211,4250,20251105,900,1,LTX-0009211,BKG-003205,54,199
9212,2727,20241218,900,1,LTX-0009212,BKG-008105,65,65
9213,2727,20251026,900,1,LTX-0009213,BKG-003210,69,134
9214,1736,20241210,900,1,LTX-0009214,BKG-004845,38,38
9215,1736,20241231,900,1,LTX-0009215,BKG-003211,35,73
9216,3952,20250206,900,1,LTX-0009216,BKG-003216,74,74
9217,3952,20250528,900,1,LTX-0009217,BKG-008775,76,150
9218,3952,20250626,900,1,LTX-0009218,BKG-008358,20,170
9219,3952,20251130,900,1,LTX-0009219,BKG-003509,12,182
9220,1725,20250116,900,1,LTX-0009220,BKG-012106,16,16
9221,1725,20250606,900,1,LTX-0009221,BKG-006990,45,61
9222,1726,20250630,900,1,LTX-0009222,BKG-003220,25,86
9223,3758,20241225,900,1,LTX-0009223,BKG-007544,44,44
9224,3758,20250502,900,1,LTX-0009224,BKG-011546,24,68
9225,3758,20250817,900,1,LTX-0009225,BKG-003221,58,126
9226,2651,20250406,900,1,LTX-0009226,BKG-003565,74,74
9227,2651,20250628,900,1,LTX-0009227,BKG-003222,35,109
9228,2651,20250628,1800,2,LTX-0009228,BKG-003222,-20,89
9229,2651,20250709,900,1,LTX-0009229,BKG-005928,24,113
9230,2651,20250810,900,1,LTX-0009230,BKG-010104,55,168
9231,4060,20250207,900,1,LTX-0009231,BKG-005009,48,48
9232,4060,20250207,1800,2,LTX-0009232,BKG-005009,-30,18
9233,4060,20250315,900,1,LTX-0009233,BKG-003224,22,40
9234,1263,20250623,900,1,LTX-0009234,BKG-011609,65,65
9235,1264,20250726,900,1,LTX-0009235,BKG-011269,20,85
9236,1264,20250804,900,1,LTX-0009236,BKG-004947,25,110
9237,1264,20250820,900,1,LTX-0009237,BKG-003225,40,150
9238,1264,20251219,900,1,LTX-0009238,BKG-007860,64,214
9239,963,20250608,900,1,LTX-0009239,BKG-003230,34,34
9240,963,20251118,900,1,LTX-0009240,BKG-003247,76,110
9241,963,20251125,900,1,LTX-0009241,BKG-007830,39,149
9242,2667,20250418,900,1,LTX-0009242,BKG-010012,9,9
9243,2667,20250529,900,1,LTX-0009243,BKG-003231,31,40
9244,2667,20250906,900,1,LTX-0009244,BKG-011178,73,113
9245,2667,20250907,900,1,LTX-0009245,BKG-006490,67,180
9246,2667,20251011,900,1,LTX-0009246,BKG-004189,17,197
9247,839,20250219,900,1,LTX-0009247,BKG-007747,75,75
9248,839,20250620,900,1,LTX-0009248,BKG-006747,62,137
9249,839,20250620,1800,2,LTX-0009249,BKG-006747,-20,117
9250,839,20250922,900,1,LTX-0009250,BKG-003233,42,159
9251,3638,20250527,900,1,LTX-0009251,BKG-011071,20,20
9252,3639,20250605,900,1,LTX-0009252,BKG-008138,51,71
9253,3639,20250614,900,1,LTX-0009253,BKG-003237,39,110
9254,3639,20251213,900,1,LTX-0009254,BKG-005688,81,191
9255,4056,20250517,900,1,LTX-0009255,BKG-011907,42,42
9256,4056,20250519,900,1,LTX-0009256,BKG-003699,31,73
9257,4056,20250520,900,1,LTX-0009257,BKG-008828,35,108
9258,4056,20250525,900,1,LTX-0009258,BKG-008282,84,192
9259,4056,20250808,900,1,LTX-0009259,BKG-011956,18,210
9260,4057,20251201,900,1,LTX-0009260,BKG-003239,50,260
9261,1845,20250612,900,1,LTX-0009261,BKG-003241,29,29
9262,3611,20250413,900,1,LTX-0009262,BKG-005620,20,20
9263,3611,20250426,900,1,LTX-0009263,BKG-009654,25,45
9264,3611,20251221,900,1,LTX-0009264,BKG-003246,47,92
9265,726,20250410,900,1,LTX-0009265,BKG-008055,45,45
9266,726,20250508,900,1,LTX-0009266,BKG-006962,56,101
9267,726,20250623,900,1,LTX-0009267,BKG-003250,56,157
9268,726,20251030,900,1,LTX-0009268,BKG-008142,23,180
9269,2885,20241225,900,1,LTX-0009269,BKG-003252,10,10
9270,2885,20250104,900,1,LTX-0009270,BKG-007032,34,44
9271,2885,20250427,900,1,LTX-0009271,BKG-006912,25,69
9272,2885,20250507,900,1,LTX-0009272,BKG-009663,29,98
9273,2885,20250507,1800,2,LTX-0009273,BKG-009663,-10,88
9274,2885,20250601,900,1,LTX-0009274,BKG-010797,68,156
9275,2885,20250706,900,1,LTX-0009275,BKG-012444,62,218
9276,2885,20250715,900,1,LTX-0009276,BKG-011339,16,234
9277,4272,20250226,900,1,LTX-0009277,BKG-003253,28,28
9278,4272,20250611,900,1,LTX-0009278,BKG-009792,61,89
9279,4272,20250808,900,1,LTX-0009279,BKG-010829,61,150
9280,3317,20250327,900,1,LTX-0009280,BKG-009180,6,6
9281,3317,20250615,900,1,LTX-0009281,BKG-011931,31,37
9282,3317,20250925,900,1,LTX-0009282,BKG-003254,36,73
9283,3317,20250925,1800,2,LTX-0009283,BKG-003254,-30,43
9284,3480,20250113,900,1,LTX-0009284,BKG-003255,22,22
9285,4130,20250605,900,1,LTX-0009285,BKG-011998,61,61
9286,4130,20250618,900,1,LTX-0009286,BKG-007108,31,92
9287,4130,20250618,1800,2,LTX-0009287,BKG-007108,-20,72
9288,4130,20250722,900,1,LTX-0009288,BKG-010383,73,145
9289,4130,20250722,1800,2,LTX-0009289,BKG-010383,-30,115
9290,4130,20250904,900,1,LTX-0009290,BKG-003257,25,140
9291,3734,20251029,900,1,LTX-0009291,BKG-003262,41,41
9292,1747,20250109,900,1,LTX-0009292,BKG-010574,13,13
9293,1747,20250622,900,1,LTX-0009293,BKG-003930,39,52
9294,1748,20251020,900,1,LTX-0009294,BKG-003264,88,140
9295,3876,20250604,900,1,LTX-0009295,BKG-005529,85,85
9296,3876,20250618,900,1,LTX-0009296,BKG-003266,33,118
9297,2192,20250113,900,1,LTX-0009297,BKG-007633,46,46
9298,2192,20250202,900,1,LTX-0009298,BKG-011704,53,99
9299,2192,20250319,900,1,LTX-0009299,BKG-003267,60,159
9300,2192,20250531,900,1,LTX-0009300,BKG-010564,44,203
9301,2192,20251015,900,1,LTX-0009301,BKG-006966,35,238
9302,413,20250504,900,1,LTX-0009302,BKG-004817,6,6
9303,413,20250729,900,1,LTX-0009303,BKG-003269,14,20
9304,413,20251019,900,1,LTX-0009304,BKG-010276,58,78
9305,4133,20250130,900,1,LTX-0009305,BKG-009069,36,36
9306,4133,20250523,900,1,LTX-0009306,BKG-003270,27,63
9307,4133,20250523,1800,2,LTX-0009307,BKG-003270,-20,43
9308,2153,20250112,900,1,LTX-0009308,BKG-008019,28,28
9309,2153,20250128,900,1,LTX-0009309,BKG-011696,70,98
9310,2153,20251122,900,1,LTX-0009310,BKG-003273,30,128
9311,2153,20251122,900,1,LTX-0009311,BKG-004613,30,158
9312,2153,20251202,900,1,LTX-0009312,BKG-003352,53,211
9313,1950,20250214,900,1,LTX-0009313,BKG-007862,66,66
9314,1950,20250318,900,1,LTX-0009314,BKG-003275,40,106
9315,1950,20251108,900,1,LTX-0009315,BKG-011144,38,144
9316,4434,20250526,900,1,LTX-0009316,BKG-003277,40,40
9317,4434,20250530,900,1,LTX-0009317,BKG-012180,45,85
9318,4434,20250811,900,1,LTX-0009318,BKG-005959,31,116
9319,4434,20250924,900,1,LTX-0009319,BKG-005683,54,170
9320,46,20250609,900,1,LTX-0009320,BKG-003279,74,74
9321,46,20250614,900,1,LTX-0009321,BKG-009608,77,151
9322,46,20250621,900,1,LTX-0009322,BKG-006052,18,169
9323,46,20250814,900,1,LTX-0009323,BKG-005538,21,190
9324,46,20250920,900,1,LTX-0009324,BKG-009766,42,232
9325,46,20251125,900,1,LTX-0009325,BKG-003531,60,292
9326,46,20251130,900,1,LTX-0009326,BKG-006816,76,368
9327,46,20251212,900,1,LTX-0009327,BKG-004088,84,452
9328,2629,20250610,900,1,LTX-0009328,BKG-003283,62,62
9329,2630,20251211,900,1,LTX-0009329,BKG-010806,27,89
9330,4186,20250423,900,1,LTX-0009330,BKG-010372,39,39
9331,4186,20250604,900,1,LTX-0009331,BKG-010605,73,112
9332,4186,20250604,1800,2,LTX-0009332,BKG-010605,-20,92
9333,4186,20250609,900,1,LTX-0009333,BKG-003284,36,128
9334,4186,20250730,900,1,LTX-0009334,BKG-012386,24,152
9335,4186,20251123,900,1,LTX-0009335,BKG-007234,20,172
9336,4186,20251123,1800,2,LTX-0009336,BKG-007234,-10,162
9337,2542,20241215,900,1,LTX-0009337,BKG-007074,28,28
9338,2542,20250320,900,1,LTX-0009338,BKG-003287,90,118
9339,2542,20250320,1800,2,LTX-0009339,BKG-003287,-10,108
9340,2542,20250619,900,1,LTX-0009340,BKG-008044,72,180
9341,913,20250311,900,1,LTX-0009341,BKG-003289,42,42
9342,913,20250526,900,1,LTX-0009342,BKG-010191,26,68
9343,913,20250909,900,1,LTX-0009343,BKG-010399,61,129
9344,2384,20250730,900,1,LTX-0009344,BKG-007848,29,29
9345,2384,20251003,900,1,LTX-0009345,BKG-003290,41,70
9346,2384,20251113,900,1,LTX-0009346,BKG-012156,59,129
9347,4334,20250523,900,1,LTX-0009347,BKG-012024,62,62
9348,4334,20250630,900,1,LTX-0009348,BKG-007967,46,108
9349,4334,20251029,900,1,LTX-0009349,BKG-003291,8,116
9350,4334,20251120,900,1,LTX-0009350,BKG-012217,10,126
9351,3524,20250404,900,1,LTX-0009351,BKG-011720,52,52
9352,3524,20250509,900,1,LTX-0009352,BKG-005077,78,130
9353,3524,20250524,900,1,LTX-0009353,BKG-008064,75,205
9354,3524,20250626,900,1,LTX-0009354,BKG-010677,44,249
9355,3524,20251220,900,1,LTX-0009355,BKG-003292,58,307
9356,4663,20250607,900,1,LTX-0009356,BKG-009864,41,41
9357,4663,20250618,900,1,LTX-0009357,BKG-003299,40,81
9358,4663,20250626,900,1,LTX-0009358,BKG-009137,45,126
9359,4663,20251202,900,1,LTX-0009359,BKG-005678,75,201
9360,1205,20250523,900,1,LTX-0009360,BKG-007264,80,80
9361,1205,20250709,900,1,LTX-0009361,BKG-006766,80,160
9362,1206,20251123,900,1,LTX-0009362,BKG-003303,78,238
9363,1206,20251123,1800,2,LTX-0009363,BKG-003303,-30,208
9364,3956,20250511,900,1,LTX-0009364,BKG-008658,32,32
9365,3956,20250619,900,1,LTX-0009365,BKG-011287,52,84
9366,3956,20250911,900,1,LTX-0009366,BKG-006108,48,132
9367,3956,20251026,900,1,LTX-0009367,BKG-003305,27,159
9368,1065,20250326,900,1,LTX-0009368,BKG-004547,14,14
9369,1065,20250608,900,1,LTX-0009369,BKG-006447,9,23
9370,1065,20250608,900,1,LTX-0009370,BKG-009454,116,139
9371,1065,20250630,900,1,LTX-0009371,BKG-007650,19,158
9372,1066,20251002,900,1,LTX-0009372,BKG-003306,60,218
9373,4019,20250821,900,1,LTX-0009373,BKG-006736,31,31
9374,4019,20250912,900,1,LTX-0009374,BKG-003309,24,55
9375,4019,20250912,1800,2,LTX-0009375,BKG-003309,-20,35
9376,1398,20250528,900,1,LTX-0009376,BKG-007456,68,68
9377,1398,20250914,900,1,LTX-0009377,BKG-003313,21,89
9378,1954,20250202,900,1,LTX-0009378,BKG-004001,25,25
9379,1954,20250207,900,1,LTX-0009379,BKG-003477,70,95
9380,1954,20250207,1800,2,LTX-0009380,BKG-003477,-10,85
9381,1954,20250526,900,1,LTX-0009381,BKG-005464,89,174
9382,1954,20251104,900,1,LTX-0009382,BKG-003316,38,212
9383,1954,20251104,1800,2,LTX-0009383,BKG-003316,-10,202
9384,1954,20251119,900,1,LTX-0009384,BKG-011196,41,243
9385,3606,20250605,900,1,LTX-0009385,BKG-005737,52,52
9386,3606,20250727,900,1,LTX-0009386,BKG-009597,52,104
9387,3606,20251112,900,1,LTX-0009387,BKG-003318,68,172
9388,953,20250206,900,1,LTX-0009388,BKG-010962,54,54
9389,953,20250503,900,1,LTX-0009389,BKG-009334,11,65
9390,953,20250503,1800,2,LTX-0009390,BKG-009334,-10,55
9391,953,20250820,900,1,LTX-0009391,BKG-003319,50,105
9392,796,20241225,900,1,LTX-0009392,BKG-007369,17,17
9393,796,20250524,900,1,LTX-0009393,BKG-007701,38,55
9394,796,20250601,900,1,LTX-0009394,BKG-003321,72,127
9395,796,20251212,900,1,LTX-0009395,BKG-005327,26,153
9396,1498,20241216,900,1,LTX-0009396,BKG-003323,14,14
9397,1498,20250220,900,1,LTX-0009397,BKG-004126,58,72
9398,1498,20250623,900,1,LTX-0009398,BKG-011478,76,148
9399,1498,20250623,1800,2,LTX-0009399,BKG-011478,-30,118
9400,1498,20250624,900,1,LTX-0009400,BKG-003481,81,199
9401,1498,20250831,900,1,LTX-0009401,BKG-009649,47,246
9402,1498,20250914,900,1,LTX-0009402,BKG-011441,64,310
9403,1498,20251120,900,1,LTX-0009403,BKG-011916,14,324
9404,1498,20251210,900,1,LTX-0009404,BKG-012456,21,345
9405,3824,20250512,900,1,LTX-0009405,BKG-008985,58,58
9406,3824,20250909,900,1,LTX-0009406,BKG-007589,41,99
9407,3824,20251208,900,1,LTX-0009407,BKG-003325,17,116
9408,2713,20250309,900,1,LTX-0009408,BKG-003326,21,21
9409,2714,20250516,900,1,LTX-0009409,BKG-008550,73,94
9410,2714,20250524,900,1,LTX-0009410,BKG-009825,79,173
9411,2767,20250422,900,1,LTX-0009411,BKG-011018,26,26
9412,2767,20250805,900,1,LTX-0009412,BKG-009244,28,54
9413,2767,20250911,900,1,LTX-0009413,BKG-007708,22,76
9414,2767,20251202,900,1,LTX-0009414,BKG-003328,32,108
9415,2767,20251205,900,1,LTX-0009415,BKG-006444,19,127
9416,334,20250602,900,1,LTX-0009416,BKG-003329,93,93
9417,334,20250716,900,1,LTX-0009417,BKG-005655,52,145
9418,334,20251004,900,1,LTX-0009418,BKG-012307,7,152
9419,334,20251027,900,1,LTX-0009419,BKG-003984,40,192
9420,2423,20250201,900,1,LTX-0009420,BKG-003330,66,66
9421,2423,20250201,1800,2,LTX-0009421,BKG-003330,-10,56
9422,4031,20250113,900,1,LTX-0009422,BKG-008184,40,40
9423,4032,20250531,900,1,LTX-0009423,BKG-003331,98,138
9424,4032,20250915,900,1,LTX-0009424,BKG-004946,51,189
9425,2816,20250608,900,1,LTX-0009425,BKG-006370,98,98
9426,2816,20250617,900,1,LTX-0009426,BKG-003332,42,140
9427,2816,20250618,900,1,LTX-0009427,BKG-003536,46,186
9428,934,20250801,900,1,LTX-0009428,BKG-003333,42,42
9429,1605,20250502,900,1,LTX-0009429,BKG-003334,38,38
9430,1606,20250527,900,1,LTX-0009430,BKG-003539,35,73
9431,1606,20250807,900,1,LTX-0009431,BKG-007974,16,89
9432,1606,20250807,1800,2,LTX-0009432,BKG-007974,-10,79
9433,4223,20250124,900,1,LTX-0009433,BKG-009231,25,25
9434,4223,20250525,900,1,LTX-0009434,BKG-003713,76,101
9435,4223,20250526,900,1,LTX-0009435,BKG-003339,74,175
9436,4223,20250630,900,1,LTX-0009436,BKG-012422,92,267
9437,3906,20250510,900,1,LTX-0009437,BKG-003342,25,25
9438,3906,20250625,900,1,LTX-0009438,BKG-006184,50,75
9439,3987,20250126,900,1,LTX-0009439,BKG-005728,19,19
9440,3987,20250315,900,1,LTX-0009440,BKG-003354,16,35
9441,3987,20250315,1800,2,LTX-0009441,BKG-003354,-10,25
9442,2795,20250517,900,1,LTX-0009442,BKG-003357,15,15
9443,4188,20241221,900,1,LTX-0009443,BKG-005924,30,30
9444,4188,20250323,900,1,LTX-0009444,BKG-003358,62,92
9445,4640,20250817,900,1,LTX-0009445,BKG-012059,78,78
9446,4640,20250826,900,1,LTX-0009446,BKG-008263,44,122
9447,4640,20251211,900,1,LTX-0009447,BKG-003360,43,165
9448,3292,20250302,900,1,LTX-0009448,BKG-003367,28,28
9449,3292,20250605,900,1,LTX-0009449,BKG-006669,73,101
9450,2024,20250205,900,1,LTX-0009450,BKG-007112,36,36
9451,2024,20250205,1800,2,LTX-0009451,BKG-007112,-30,6
9452,2024,20251205,900,1,LTX-0009452,BKG-003368,39,45
9453,2024,20251205,1800,2,LTX-0009453,BKG-003368,-30,15
9454,4742,20250207,900,1,LTX-0009454,BKG-003471,33,33
9455,4742,20250221,900,1,LTX-0009455,BKG-008667,37,70
9456,4742,20251106,900,1,LTX-0009456,BKG-003371,26,96
9457,4742,20251120,900,1,LTX-0009457,BKG-008402,44,140
9458,4742,20251201,900,1,LTX-0009458,BKG-010547,30,170
9459,178,20250326,900,1,LTX-0009459,BKG-003373,14,14
9460,178,20250328,900,1,LTX-0009460,BKG-008668,14,28
9461,178,20250525,900,1,LTX-0009461,BKG-011962,50,78
9462,178,20250525,1800,2,LTX-0009462,BKG-011962,-10,68
9463,178,20250608,900,1,LTX-0009463,BKG-005386,43,111
9464,239,20241214,900,1,LTX-0009464,BKG-009704,34,34
9465,239,20250319,900,1,LTX-0009465,BKG-003375,39,73
9466,240,20251207,900,1,LTX-0009466,BKG-010571,73,146
9467,2260,20250103,900,1,LTX-0009467,BKG-008971,22,22
9468,2260,20250718,900,1,LTX-0009468,BKG-003381,39,61
9469,1346,20250116,900,1,LTX-0009469,BKG-003385,38,38
9470,1346,20250630,900,1,LTX-0009470,BKG-007522,20,58
9471,1346,20250909,900,1,LTX-0009471,BKG-010186,16,74
9472,1346,20251027,900,1,LTX-0009472,BKG-004275,15,89
9473,3000,20250223,900,1,LTX-0009473,BKG-003393,56,56
9474,3000,20250606,900,1,LTX-0009474,BKG-009785,58,114
9475,193,20250527,900,1,LTX-0009475,BKG-003394,102,102
9476,193,20250527,1800,2,LTX-0009476,BKG-003394,-20,82
9477,4039,20250128,900,1,LTX-0009477,BKG-011904,49,49
9478,4039,20250207,900,1,LTX-0009478,BKG-011171,30,79
9479,4039,20250701,900,1,LTX-0009479,BKG-004365,48,127
9480,4039,20251024,900,1,LTX-0009480,BKG-003395,30,157
9481,4039,20251024,1800,2,LTX-0009481,BKG-003395,-20,137
9482,1600,20250327,900,1,LTX-0009482,BKG-003396,70,70
9483,1367,20250604,900,1,LTX-0009483,BKG-006903,41,41
9484,1367,20250615,900,1,LTX-0009484,BKG-003397,43,84
9485,1367,20250625,900,1,LTX-0009485,BKG-008950,46,130
9486,1367,20250728,900,1,LTX-0009486,BKG-009179,46,176
9487,1367,20250728,1800,2,LTX-0009487,BKG-009179,-20,156
9488,2319,20250408,900,1,LTX-0009488,BKG-003398,43,43
9489,2319,20250919,900,1,LTX-0009489,BKG-006090,57,100
9490,2319,20251127,900,1,LTX-0009490,BKG-008958,114,214
9491,3302,20250608,900,1,LTX-0009491,BKG-008818,8,8
9492,3302,20250617,900,1,LTX-0009492,BKG-010449,32,40
9493,3302,20250703,900,1,LTX-0009493,BKG-003402,56,96
9494,3302,20250703,1800,2,LTX-0009494,BKG-003402,-20,76
9495,3302,20250917,900,1,LTX-0009495,BKG-004976,25,101
9496,3302,20250917,1800,2,LTX-0009496,BKG-004976,-20,81
9497,1142,20250401,900,1,LTX-0009497,BKG-009856,29,29
9498,1142,20250404,900,1,LTX-0009498,BKG-007461,69,98
9499,1142,20250611,900,1,LTX-0009499,BKG-003403,32,130
9500,3450,20250219,900,1,LTX-0009500,BKG-009270,64,64
9501,3450,20250421,900,1,LTX-0009501,BKG-003405,10,74
9502,3450,20250510,900,1,LTX-0009502,BKG-006830,43,117
9503,3450,20250619,900,1,LTX-0009503,BKG-003756,85,202
9504,3450,20250629,900,1,LTX-0009504,BKG-010176,39,241
9505,3450,20251214,900,1,LTX-0009505,BKG-004572,25,266
9506,88,20250821,900,1,LTX-0009506,BKG-007041,14,14
9507,88,20250905,900,1,LTX-0009507,BKG-003411,10,24
9508,88,20251014,900,1,LTX-0009508,BKG-006393,34,58
9509,3819,20250602,900,1,LTX-0009509,BKG-004521,39,39
9510,3819,20250604,900,1,LTX-0009510,BKG-009292,57,96
9511,3819,20251007,900,1,LTX-0009511,BKG-003413,42,138
9512,2539,20250301,900,1,LTX-0009512,BKG-012379,55,55
9513,2539,20250329,900,1,LTX-0009513,BKG-011552,38,93
9514,2540,20250618,900,1,LTX-0009514,BKG-005090,43,136
9515,2540,20251110,900,1,LTX-0009515,BKG-003414,24,160
9516,2540,20251110,1800,2,LTX-0009516,BKG-003414,-10,150
9517,2540,20251206,900,1,LTX-0009517,BKG-010937,72,222
9518,3422,20250626,900,1,LTX-0009518,BKG-008999,9,9
9519,3422,20250806,900,1,LTX-0009519,BKG-007095,36,45
9520,3422,20251109,900,1,LTX-0009520,BKG-010506,38,83
9521,3422,20251109,1800,2,LTX-0009521,BKG-010506,-20,63
9522,3422,20251219,900,1,LTX-0009522,BKG-003417,31,94
9523,4693,20241218,900,1,LTX-0009523,BKG-003418,36,36
9524,4693,20250325,900,1,LTX-0009524,BKG-010740,8,44
9525,4693,20250515,900,1,LTX-0009525,BKG-004740,71,115
9526,4693,20250515,1800,2,LTX-0009526,BKG-004740,-20,95
9527,4693,20250625,900,1,LTX-0009527,BKG-007151,66,161
9528,4693,20250625,1800,2,LTX-0009528,BKG-007151,-30,131
9529,4693,20251113,900,1,LTX-0009529,BKG-006548,93,224
9530,3057,20241209,900,1,LTX-0009530,BKG-011088,30,30
9531,3057,20250101,900,1,LTX-0009531,BKG-012150,36,66
9532,3057,20250201,900,1,LTX-0009532,BKG-003420,39,105
9533,3057,20250201,1800,2,LTX-0009533,BKG-003420,-30,75
9534,3057,20250512,900,1,LTX-0009534,BKG-010397,46,121
9535,3057,20250517,900,1,LTX-0009535,BKG-009187,40,161
9536,3057,20251129,900,1,LTX-0009536,BKG-008911,47,208
9537,3057,20251219,900,1,LTX-0009537,BKG-007022,70,278
9538,1903,20250126,900,1,LTX-0009538,BKG-009103,47,47
9539,1903,20250210,900,1,LTX-0009539,BKG-003421,44,91
9540,1903,20250210,1800,2,LTX-0009540,BKG-003421,-10,81
9541,1903,20250605,900,1,LTX-0009541,BKG-005702,48,129
9542,1903,20250616,900,1,LTX-0009542,BKG-005397,20,149
9543,2098,20250615,900,1,LTX-0009543,BKG-003422,44,44
9544,2098,20250710,900,1,LTX-0009544,BKG-011108,21,65
9545,3444,20251213,900,1,LTX-0009545,BKG-003423,40,40
9546,233,20250531,900,1,LTX-0009546,BKG-009559,55,55
9547,233,20250620,900,1,LTX-0009547,BKG-009230,68,123
9548,233,20251202,900,1,LTX-0009548,BKG-003427,61,184
9549,2968,20250705,900,1,LTX-0009549,BKG-009593,62,62
9550,2968,20251017,900,1,LTX-0009550,BKG-005988,17,79
9551,2968,20251129,900,1,LTX-0009551,BKG-003428,42,121
9552,977,20251114,900,1,LTX-0009552,BKG-011533,27,27
9553,977,20251122,900,1,LTX-0009553,BKG-003429,38,65
9554,977,20251203,900,1,LTX-0009554,BKG-011321,21,86
9555,3069,20250720,900,1,LTX-0009555,BKG-003430,22,22
9556,3070,20251105,900,1,LTX-0009556,BKG-009743,59,81
9557,3070,20251125,900,1,LTX-0009557,BKG-006904,16,97
9558,3070,20251125,1800,2,LTX-0009558,BKG-006904,-30,67
9559,4222,20250624,900,1,LTX-0009559,BKG-003431,39,39
9560,4222,20251111,900,1,LTX-0009560,BKG-003981,38,77
9561,2700,20250627,900,1,LTX-0009561,BKG-003433,31,31
9562,2700,20250803,900,1,LTX-0009562,BKG-006896,46,77
9563,2700,20251112,900,1,LTX-0009563,BKG-008799,60,137
9564,2700,20251112,1800,2,LTX-0009564,BKG-008799,-30,107
9565,2700,20251205,900,1,LTX-0009565,BKG-004971,25,132
9566,4378,20250918,900,1,LTX-0009566,BKG-003437,15,15
9567,2011,20250623,900,1,LTX-0009567,BKG-003438,43,43
9568,2071,20250327,900,1,LTX-0009568,BKG-005600,16,16
9569,2072,20250515,900,1,LTX-0009569,BKG-003443,45,61
9570,2072,20251004,900,1,LTX-0009570,BKG-011350,53,114
9571,1624,20250928,900,1,LTX-0009571,BKG-003444,22,22
9572,4482,20241229,900,1,LTX-0009572,BKG-007875,80,80
9573,4482,20250402,900,1,LTX-0009573,BKG-008311,76,156
9574,4482,20250609,900,1,LTX-0009574,BKG-003447,79,235
9575,1591,20250130,900,1,LTX-0009575,BKG-003449,27,27
9576,1591,20250511,900,1,LTX-0009576,BKG-011011,51,78
9577,1591,20250609,900,1,LTX-0009577,BKG-009382,71,149
9578,1591,20250727,900,1,LTX-0009578,BKG-005873,60,209
9579,1591,20251204,900,1,LTX-0009579,BKG-004177,72,281
9580,1591,20251204,1800,2,LTX-0009580,BKG-004177,-10,271
9581,3273,20250424,900,1,LTX-0009581,BKG-003451,24,24
9582,3273,20250424,1800,2,LTX-0009582,BKG-003451,-10,14
9583,630,20250710,900,1,LTX-0009583,BKG-003454,10,10
9584,630,20251118,900,1,LTX-0009584,BKG-005403,66,76
9585,3591,20250318,900,1,LTX-0009585,BKG-003455,53,53
9586,3591,20250622,900,1,LTX-0009586,BKG-008653,55,108
9587,3591,20250622,1800,2,LTX-0009587,BKG-008653,-10,98
9588,3591,20251109,900,1,LTX-0009588,BKG-012137,72,170
9589,1935,20250327,900,1,LTX-0009589,BKG-003456,70,70
9590,1935,20250620,900,1,LTX-0009590,BKG-005648,65,135
9591,1935,20251004,900,1,LTX-0009591,BKG-003914,60,195
9592,1935,20251207,900,1,LTX-0009592,BKG-009680,37,232
9593,185,20250416,900,1,LTX-0009593,BKG-003457,32,32
9594,4405,20250502,900,1,LTX-0009594,BKG-003463,32,32
9595,4405,20251126,900,1,LTX-0009595,BKG-008211,28,60
9596,1164,20250127,900,1,LTX-0009596,BKG-003464,13,13
9597,1164,20250523,900,1,LTX-0009597,BKG-004759,58,71
9598,3082,20250714,900,1,LTX-0009598,BKG-003466,58,58
9599,3082,20250714,900,1,LTX-0009599,BKG-004168,52,110
9600,3082,20250714,1800,2,LTX-0009600,BKG-004168,-20,90
9601,3082,20250722,900,1,LTX-0009601,BKG-009652,44,134
9602,3082,20251016,900,1,LTX-0009602,BKG-005725,7,141
9603,3082,20251206,900,1,LTX-0009603,BKG-010587,17,158
9604,1689,20250510,900,1,LTX-0009604,BKG-011125,16,16
9605,1689,20250701,900,1,LTX-0009605,BKG-008553,79,95
9606,1689,20251011,900,1,LTX-0009606,BKG-003467,14,109
9607,1926,20250429,900,1,LTX-0009607,BKG-003473,43,43
9608,1926,20250519,900,1,LTX-0009608,BKG-007700,23,66
9609,1927,20250702,900,1,LTX-0009609,BKG-011687,45,111
9610,1927,20251009,900,1,LTX-0009610,BKG-004783,48,159
9611,3442,20250207,900,1,LTX-0009611,BKG-011567,44,44
9612,3442,20250207,1800,2,LTX-0009612,BKG-011567,-20,24
9613,3442,20250306,900,1,LTX-0009613,BKG-006200,16,40
9614,3442,20250510,900,1,LTX-0009614,BKG-003475,39,79
9615,3442,20250520,900,1,LTX-0009615,BKG-008326,76,155
9616,3442,20250706,900,1,LTX-0009616,BKG-011795,41,196
9617,3442,20250706,1800,2,LTX-0009617,BKG-011795,-30,166
9618,3442,20250711,900,1,LTX-0009618,BKG-007981,36,202
9619,3442,20250711,1800,2,LTX-0009619,BKG-007981,-10,192
9620,3443,20250810,900,1,LTX-0009620,BKG-008134,54,246
9621,3443,20251213,900,1,LTX-0009621,BKG-003739,100,346
9622,3443,20251213,1800,2,LTX-0009622,BKG-003739,-30,316
9623,3443,20251218,900,1,LTX-0009623,BKG-011971,46,362
9624,1259,20250206,900,1,LTX-0009624,BKG-003476,36,36
9625,1260,20250601,900,1,LTX-0009625,BKG-009453,65,101
9626,1260,20251105,900,1,LTX-0009626,BKG-011286,10,111
9627,1260,20251216,900,1,LTX-0009627,BKG-008390,38,149
9628,4208,20250218,900,1,LTX-0009628,BKG-009164,42,42
9629,4208,20250410,900,1,LTX-0009629,BKG-003482,62,104
9630,4208,20250428,900,1,LTX-0009630,BKG-006121,36,140
9631,4208,20250516,900,1,LTX-0009631,BKG-006306,36,176
9632,4208,20250527,900,1,LTX-0009632,BKG-004263,92,268
9633,4208,20250920,900,1,LTX-0009633,BKG-011398,16,284
9634,286,20251012,900,1,LTX-0009634,BKG-005616,29,29
9635,286,20251019,900,1,LTX-0009635,BKG-003485,68,97
9636,286,20251124,900,1,LTX-0009636,BKG-009359,34,131
9637,2658,20250101,900,1,LTX-0009637,BKG-010763,56,56
9638,2658,20250408,900,1,LTX-0009638,BKG-003486,39,95
9639,2658,20250515,900,1,LTX-0009639,BKG-011047,27,122
9640,2658,20250702,900,1,LTX-0009640,BKG-008470,42,164
9641,2658,20250706,900,1,LTX-0009641,BKG-006918,107,271
9642,2658,20251206,900,1,LTX-0009642,BKG-006348,74,345
9643,422,20251007,900,1,LTX-0009643,BKG-003490,20,20
9644,4639,20250227,900,1,LTX-0009644,BKG-003493,40,40
9645,4639,20250227,1800,2,LTX-0009645,BKG-003493,-20,20
9646,4639,20250413,900,1,LTX-0009646,BKG-004245,20,40
9647,4639,20251111,900,1,LTX-0009647,BKG-008463,19,59
9648,3008,20250103,900,1,LTX-0009648,BKG-006029,38,38
9649,3008,20250924,900,1,LTX-0009649,BKG-010997,54,92
9650,3008,20250924,1800,2,LTX-0009650,BKG-010997,-10,82
9651,3008,20251221,900,1,LTX-0009651,BKG-003494,62,144
9652,1139,20250204,900,1,LTX-0009652,BKG-003496,42,42
9653,1139,20250310,900,1,LTX-0009653,BKG-006893,23,65
9654,1548,20241212,900,1,LTX-0009654,BKG-003498,18,18
9655,1549,20250608,900,1,LTX-0009655,BKG-005358,50,68
9656,1549,20250608,1800,2,LTX-0009656,BKG-005358,-10,58
9657,1549,20251130,900,1,LTX-0009657,BKG-009020,64,122
9658,674,20250617,900,1,LTX-0009658,BKG-003499,44,44
9659,4645,20250117,900,1,LTX-0009659,BKG-005162,30,30
9660,4645,20250221,900,1,LTX-0009660,BKG-003505,68,98
9661,4645,20250505,900,1,LTX-0009661,BKG-009060,42,140
9662,4645,20250505,1800,2,LTX-0009662,BKG-009060,-20,120
9663,4645,20250715,900,1,LTX-0009663,BKG-006469,38,158
9664,923,20250802,900,1,LTX-0009664,BKG-003506,45,45
9665,923,20250802,1800,2,LTX-0009665,BKG-003506,-30,15
9666,923,20251207,900,1,LTX-0009666,BKG-004867,42,57
9667,4145,20250220,900,1,LTX-0009667,BKG-005568,40,40
9668,4145,20250507,900,1,LTX-0009668,BKG-003508,40,80
9669,4145,20250513,900,1,LTX-0009669,BKG-011446,20,100
9670,4145,20251127,900,1,LTX-0009670,BKG-008722,70,170
9671,4748,20241220,900,1,LTX-0009671,BKG-003512,40,40
9672,4748,20251220,900,1,LTX-0009672,BKG-008583,94,134
9673,3654,20250115,900,1,LTX-0009673,BKG-003518,27,27
9674,3654,20250626,900,1,LTX-0009674,BKG-009082,12,39
9675,3654,20250706,900,1,LTX-0009675,BKG-011469,50,89
9676,3654,20250817,900,1,LTX-0009676,BKG-008933,37,126
9677,3654,20250915,900,1,LTX-0009677,BKG-005261,73,199
9678,3654,20250915,1800,2,LTX-0009678,BKG-005261,-30,169
9679,1787,20250615,900,1,LTX-0009679,BKG-012393,30,30
9680,1787,20251205,900,1,LTX-0009680,BKG-003520,50,80
9681,3053,20250425,900,1,LTX-0009681,BKG-003522,47,47
9682,3053,20250425,1800,2,LTX-0009682,BKG-003522,-10,37
9683,3053,20250619,900,1,LTX-0009683,BKG-003542,42,79
9684,3053,20250727,900,1,LTX-0009684,BKG-009236,48,127
9685,3053,20250727,1800,2,LTX-0009685,BKG-009236,-10,117
9686,4556,20250602,900,1,LTX-0009686,BKG-004554,22,22
9687,4556,20250622,900,1,LTX-0009687,BKG-003523,20,42
9688,3802,20250128,900,1,LTX-0009688,BKG-005806,60,60
9689,3802,20250315,900,1,LTX-0009689,BKG-010526,36,96
9690,3802,20250316,900,1,LTX-0009690,BKG-003526,42,138
9691,3802,20250321,900,1,LTX-0009691,BKG-010741,6,144
9692,3802,20250524,900,1,LTX-0009692,BKG-011815,41,185
9693,3802,20250614,900,1,LTX-0009693,BKG-010693,40,225
9694,258,20241229,900,1,LTX-0009694,BKG-008703,22,22
9695,258,20250126,900,1,LTX-0009695,BKG-003527,25,47
9696,1961,20250605,900,1,LTX-0009696,BKG-009812,46,46
9697,1961,20250610,900,1,LTX-0009697,BKG-009877,92,138
9698,1961,20250611,900,1,LTX-0009698,BKG-011650,23,161
9699,1961,20251112,900,1,LTX-0009699,BKG-003528,16,177
9700,3547,20250211,900,1,LTX-0009700,BKG-005211,28,28
9701,3547,20250514,900,1,LTX-0009701,BKG-009185,19,47
9702,3547,20250608,900,1,LTX-0009702,BKG-008110,9,56
9703,3547,20251027,900,1,LTX-0009703,BKG-003530,80,136
9704,3547,20251112,900,1,LTX-0009704,BKG-004607,57,193
9705,4149,20250116,900,1,LTX-0009705,BKG-003533,33,33
9706,4149,20250116,1800,2,LTX-0009706,BKG-003533,-30,3
9707,4149,20250213,900,1,LTX-0009707,BKG-003591,50,53
9708,4149,20251129,900,1,LTX-0009708,BKG-005764,46,99
9709,1093,20250124,900,1,LTX-0009709,BKG-004865,66,66
9710,1093,20250707,900,1,LTX-0009710,BKG-006758,79,145
9711,1093,20250727,900,1,LTX-0009711,BKG-003534,26,171
9712,3799,20250612,900,1,LTX-0009712,BKG-010896,31,31
9713,3799,20250629,900,1,LTX-0009713,BKG-005216,44,75
9714,3799,20250629,1800,2,LTX-0009714,BKG-005216,-10,65
9715,3799,20250712,900,1,LTX-0009715,BKG-005880,40,105
9716,3799,20250901,900,1,LTX-0009716,BKG-009150,67,172
9717,3799,20251108,900,1,LTX-0009717,BKG-003538,28,200
9718,2623,20250110,900,1,LTX-0009718,BKG-005411,53,53
9719,2623,20250521,900,1,LTX-0009719,BKG-003540,70,123
9720,2623,20250521,1800,2,LTX-0009720,BKG-003540,-30,93
9721,4941,20250701,900,1,LTX-0009721,BKG-003541,12,12
9722,1080,20250206,900,1,LTX-0009722,BKG-003716,56,56
9723,1081,20251204,900,1,LTX-0009723,BKG-003544,20,76
9724,1081,20251208,900,1,LTX-0009724,BKG-010420,50,126
9725,3424,20241212,900,1,LTX-0009725,BKG-004730,32,32
9726,3424,20250201,900,1,LTX-0009726,BKG-003545,25,57
9727,3424,20250527,900,1,LTX-0009727,BKG-006460,54,111
9728,3424,20250729,900,1,LTX-0009728,BKG-009740,30,141
9729,4010,20250524,900,1,LTX-0009729,BKG-008363,29,29
9730,4010,20250531,900,1,LTX-0009730,BKG-006521,105,134
9731,4010,20251004,900,1,LTX-0009731,BKG-003547,10,144
9732,4010,20251218,900,1,LTX-0009732,BKG-011611,24,168
9733,4017,20241222,900,1,LTX-0009733,BKG-003549,28,28
9734,4017,20250620,900,1,LTX-0009734,BKG-012418,40,68
9735,4017,20250630,900,1,LTX-0009735,BKG-008792,32,100
9736,4017,20251117,900,1,LTX-0009736,BKG-007647,39,139
9737,4017,20251210,900,1,LTX-0009737,BKG-004254,100,239
9738,915,20250205,900,1,LTX-0009738,BKG-003918,84,84
9739,915,20250504,900,1,LTX-0009739,BKG-009697,62,146
9740,915,20250604,900,1,LTX-0009740,BKG-003550,48,194
9741,915,20251004,900,1,LTX-0009741,BKG-007696,56,250
9742,915,20251004,1800,2,LTX-0009742,BKG-007696,-30,220
9743,915,20251116,900,1,LTX-0009743,BKG-004176,69,289
9744,1940,20250116,900,1,LTX-0009744,BKG-004591,25,25
9745,1940,20250709,900,1,LTX-0009745,BKG-005780,27,52
9746,1940,20250712,900,1,LTX-0009746,BKG-006085,45,97
9747,1940,20251025,900,1,LTX-0009747,BKG-003551,23,120
9748,1940,20251025,1800,2,LTX-0009748,BKG-003551,-20,100
9749,2027,20250127,900,1,LTX-0009749,BKG-003557,56,56
9750,2027,20251017,900,1,LTX-0009750,BKG-009307,92,148
9751,2027,20251203,900,1,LTX-0009751,BKG-005940,12,160
9752,4256,20250306,900,1,LTX-0009752,BKG-003558,37,37
9753,4256,20250306,1800,2,LTX-0009753,BKG-003558,-20,17
9754,4256,20250312,900,1,LTX-0009754,BKG-005759,28,45
9755,4257,20250704,900,1,LTX-0009755,BKG-010596,37,82
9756,4286,20250131,900,1,LTX-0009756,BKG-006459,6,6
9757,4286,20250406,900,1,LTX-0009757,BKG-010930,54,60
9758,4286,20250621,900,1,LTX-0009758,BKG-012234,40,100
9759,4286,20250720,900,1,LTX-0009759,BKG-003559,89,189
9760,644,20250414,900,1,LTX-0009760,BKG-010675,24,24
9761,644,20250510,900,1,LTX-0009761,BKG-005486,59,83
9762,644,20250820,900,1,LTX-0009762,BKG-003563,60,143
9763,644,20251109,900,1,LTX-0009763,BKG-005508,19,162
9764,644,20251219,900,1,LTX-0009764,BKG-010084,50,212
9765,129,20250304,900,1,LTX-0009765,BKG-003571,67,67
9766,129,20250621,900,1,LTX-0009766,BKG-005336,52,119
9767,1179,20250106,900,1,LTX-0009767,BKG-009116,68,68
9768,1179,20250514,900,1,LTX-0009768,BKG-003572,43,111
9769,835,20250110,900,1,LTX-0009769,BKG-010633,57,57
9770,835,20250617,900,1,LTX-0009770,BKG-003573,75,132
9771,835,20251219,900,1,LTX-0009771,BKG-006857,80,212
9772,1068,20250224,900,1,LTX-0009772,BKG-003577,20,20
9773,1068,20250413,900,1,LTX-0009773,BKG-006538,37,57
9774,1068,20250623,900,1,LTX-0009774,BKG-005920,44,101
9775,1068,20250702,900,1,LTX-0009775,BKG-004062,119,220
9776,1068,20251017,900,1,LTX-0009776,BKG-011285,59,279
9777,2273,20250114,900,1,LTX-0009777,BKG-003579,14,14
9778,2273,20250525,900,1,LTX-0009778,BKG-011987,26,40
9779,2273,20250605,900,1,LTX-0009779,BKG-012014,7,47
9780,2273,20250620,900,1,LTX-0009780,BKG-010963,41,88
9781,2273,20250626,900,1,LTX-0009781,BKG-003920,41,129
9782,2273,20251108,900,1,LTX-0009782,BKG-004840,79,208
9783,4817,20250511,900,1,LTX-0009783,BKG-003580,35,35
9784,4817,20250511,1800,2,LTX-0009784,BKG-003580,-20,15
9785,3708,20250421,900,1,LTX-0009785,BKG-003582,30,30
9786,3708,20250421,1800,2,LTX-0009786,BKG-003582,-30,0
9787,3708,20250427,900,1,LTX-0009787,BKG-010031,17,17
9788,3709,20251001,900,1,LTX-0009788,BKG-011234,28,45
9789,4175,20250206,900,1,LTX-0009789,BKG-004897,54,54
9790,4175,20250206,1800,2,LTX-0009790,BKG-004897,-10,44
9791,4175,20250404,900,1,LTX-0009791,BKG-003685,22,66
9792,4175,20250518,900,1,LTX-0009792,BKG-003584,43,109
9793,4175,20250518,1800,2,LTX-0009793,BKG-003584,-30,79
9794,4175,20250527,900,1,LTX-0009794,BKG-005319,54,133
9795,4175,20250711,900,1,LTX-0009795,BKG-011305,69,202
9796,4175,20251122,900,1,LTX-0009796,BKG-003688,44,246
9797,11,20250225,900,1,LTX-0009797,BKG-003585,40,40
9798,11,20250809,900,1,LTX-0009798,BKG-011942,18,58
9799,11,20250819,900,1,LTX-0009799,BKG-010754,14,72
9800,11,20251205,900,1,LTX-0009800,BKG-006890,73,145
9801,1869,20241229,900,1,LTX-0009801,BKG-009347,40,40
9802,1869,20250124,900,1,LTX-0009802,BKG-010610,29,69
9803,1869,20250605,900,1,LTX-0009803,BKG-003594,66,135
9804,2041,20250625,900,1,LTX-0009804,BKG-003595,9,9
9805,4091,20250618,900,1,LTX-0009805,BKG-003596,11,11
9806,4091,20250703,900,1,LTX-0009806,BKG-010364,75,86
9807,4091,20251123,900,1,LTX-0009807,BKG-009508,41,127
9808,4091,20251218,900,1,LTX-0009808,BKG-004361,49,176
9809,2402,20250605,900,1,LTX-0009809,BKG-003600,31,31
9810,1973,20250422,900,1,LTX-0009810,BKG-005067,10,10
9811,1973,20250922,900,1,LTX-0009811,BKG-003601,16,26
9812,1973,20250922,1800,2,LTX-0009812,BKG-003601,-10,16
9813,2057,20250601,900,1,LTX-0009813,BKG-010483,77,77
9814,2057,20250607,900,1,LTX-0009814,BKG-003602,106,183
9815,2058,20250902,900,1,LTX-0009815,BKG-011176,25,208
9816,2058,20251005,900,1,LTX-0009816,BKG-007512,41,249
9817,2058,20251114,900,1,LTX-0009817,BKG-006496,13,262
9818,3215,20250313,900,1,LTX-0009818,BKG-011530,53,53
9819,3215,20250313,1800,2,LTX-0009819,BKG-011530,-30,23
9820,3215,20250608,900,1,LTX-0009820,BKG-010361,23,46
9821,3215,20250724,900,1,LTX-0009821,BKG-007913,54,100
9822,3215,20250806,900,1,LTX-0009822,BKG-003604,58,158
9823,3215,20250816,900,1,LTX-0009823,BKG-003693,34,192
9824,78,20250702,900,1,LTX-0009824,BKG-010739,98,98
9825,78,20250826,900,1,LTX-0009825,BKG-003606,9,107
9826,78,20251208,900,1,LTX-0009826,BKG-011865,35,142
9827,1978,20250102,900,1,LTX-0009827,BKG-003608,20,20
9828,1978,20250102,1800,2,LTX-0009828,BKG-003608,-10,10
9829,1978,20250227,900,1,LTX-0009829,BKG-008107,53,63
9830,1978,20251119,900,1,LTX-0009830,BKG-004888,22,85
9831,3649,20251007,900,1,LTX-0009831,BKG-007786,54,54
9832,3649,20251106,900,1,LTX-0009832,BKG-003609,53,107
9833,2379,20250128,900,1,LTX-0009833,BKG-009731,39,39
9834,2379,20250620,900,1,LTX-0009834,BKG-003612,14,53
9835,2379,20250708,900,1,LTX-0009835,BKG-004067,56,109
9836,3623,20250531,900,1,LTX-0009836,BKG-003615,36,36
9837,3623,20250829,900,1,LTX-0009837,BKG-008292,7,43
9838,3623,20251105,900,1,LTX-0009838,BKG-011337,37,80
9839,3623,20251124,900,1,LTX-0009839,BKG-007823,22,102
9840,3623,20251207,900,1,LTX-0009840,BKG-003766,20,122
9841,1504,20250310,900,1,LTX-0009841,BKG-007710,48,48
9842,1504,20250527,900,1,LTX-0009842,BKG-003618,75,123
9843,1504,20250527,1800,2,LTX-0009843,BKG-003618,-10,113
9844,1504,20250602,900,1,LTX-0009844,BKG-011816,37,150
9845,1504,20251117,900,1,LTX-0009845,BKG-004068,33,183
9846,2191,20250625,900,1,LTX-0009846,BKG-003619,100,100
9847,2191,20250716,900,1,LTX-0009847,BKG-010531,57,157
9848,2191,20251125,900,1,LTX-0009848,BKG-009778,74,231
9849,3990,20250923,900,1,LTX-0009849,BKG-004032,28,28
9850,3990,20251104,900,1,LTX-0009850,BKG-003620,50,78
9851,3990,20251104,1800,2,LTX-0009851,BKG-003620,-10,68
9852,3864,20241209,900,1,LTX-0009852,BKG-007963,13,13
9853,3864,20250201,900,1,LTX-0009853,BKG-010351,54,67
9854,3864,20250201,1800,2,LTX-0009854,BKG-010351,-30,37
9855,3865,20250928,900,1,LTX-0009855,BKG-003625,36,73
9856,447,20251102,900,1,LTX-0009856,BKG-003626,34,34
9857,1808,20250610,900,1,LTX-0009857,BKG-003628,70,70
9858,1809,20250705,900,1,LTX-0009858,BKG-007439,87,157
9859,1809,20250717,900,1,LTX-0009859,BKG-008804,52,209
9860,1809,20250717,1800,2,LTX-0009860,BKG-008804,-20,189
9861,3703,20250322,900,1,LTX-0009861,BKG-004669,69,69
9862,3703,20250530,900,1,LTX-0009862,BKG-003631,65,134
9863,3703,20250923,900,1,LTX-0009863,BKG-004846,55,189
9864,1873,20250210,900,1,LTX-0009864,BKG-003636,46,46
9865,1873,20250418,900,1,LTX-0009865,BKG-009925,60,106
9866,1873,20250521,900,1,LTX-0009866,BKG-007539,7,113
9867,4768,20250502,900,1,LTX-0009867,BKG-008039,29,29
9868,4768,20250717,900,1,LTX-0009868,BKG-011768,68,97
9869,4768,20250925,900,1,LTX-0009869,BKG-003637,59,156
9870,1738,20250225,900,1,LTX-0009870,BKG-008083,54,54
9871,1739,20250626,900,1,LTX-0009871,BKG-003638,38,92
9872,1739,20250626,1800,2,LTX-0009872,BKG-003638,-10,82
9873,1739,20250914,900,1,LTX-0009873,BKG-003862,22,104
9874,2063,20250413,900,1,LTX-0009874,BKG-003642,68,68
9875,2063,20251203,900,1,LTX-0009875,BKG-010386,39,107
9876,150,20250117,900,1,LTX-0009876,BKG-006034,63,63
9877,150,20250524,900,1,LTX-0009877,BKG-012199,14,77
9878,150,20251124,900,1,LTX-0009878,BKG-005824,19,96
9879,150,20251216,900,1,LTX-0009879,BKG-003643,28,124
9880,3491,20250110,900,1,LTX-0009880,BKG-009651,38,38
9881,3491,20250219,900,1,LTX-0009881,BKG-009354,31,69
9882,3491,20250304,900,1,LTX-0009882,BKG-006104,32,101
9883,3491,20251128,900,1,LTX-0009883,BKG-003644,46,147
9884,2418,20250106,900,1,LTX-0009884,BKG-010154,33,33
9885,2418,20250627,900,1,LTX-0009885,BKG-007029,18,51
9886,2418,20250708,900,1,LTX-0009886,BKG-005661,39,90
9887,2418,20250810,900,1,LTX-0009887,BKG-007586,31,121
9888,2418,20251203,900,1,LTX-0009888,BKG-003646,20,141
9889,4466,20250628,900,1,LTX-0009889,BKG-003649,26,26
9890,3642,20250210,900,1,LTX-0009890,BKG-009177,40,40
9891,3642,20250705,900,1,LTX-0009891,BKG-003651,15,55
9892,3642,20251212,900,1,LTX-0009892,BKG-004648,32,87
9893,137,20250108,900,1,LTX-0009893,BKG-007303,71,71
9894,137,20250423,900,1,LTX-0009894,BKG-006386,50,121
9895,137,20250509,900,1,LTX-0009895,BKG-010588,10,131
9896,137,20250621,900,1,LTX-0009896,BKG-003654,55,186
9897,2747,20250126,900,1,LTX-0009897,BKG-011932,78,78
9898,2747,20250526,900,1,LTX-0009898,BKG-003658,34,112
9899,2747,20251129,900,1,LTX-0009899,BKG-011168,109,221
9900,3177,20250117,900,1,LTX-0009900,BKG-003659,58,58
9901,3177,20250405,900,1,LTX-0009901,BKG-006494,49,107
9902,3177,20250624,900,1,LTX-0009902,BKG-010948,61,168
9903,3177,20250706,900,1,LTX-0009903,BKG-008932,83,251
9904,2676,20250113,900,1,LTX-0009904,BKG-007181,42,42
9905,2676,20250228,900,1,LTX-0009905,BKG-006208,6,48
9906,2676,20251109,900,1,LTX-0009906,BKG-007652,45,93
9907,2676,20251206,900,1,LTX-0009907,BKG-003661,37,130
9908,4437,20250802,900,1,LTX-0009908,BKG-003662,69,69
9909,4437,20250922,900,1,LTX-0009909,BKG-008271,54,123
9910,4437,20251019,900,1,LTX-0009910,BKG-006071,17,140
9911,4437,20251019,1800,2,LTX-0009911,BKG-006071,-20,120
9912,362,20250605,900,1,LTX-0009912,BKG-003663,35,35
9913,362,20251202,900,1,LTX-0009913,BKG-005417,44,79
9914,2048,20250224,900,1,LTX-0009914,BKG-003664,21,21
9915,2048,20250320,900,1,LTX-0009915,BKG-009032,34,55
9916,15,20250223,900,1,LTX-0009916,BKG-008018,39,39
9917,15,20250325,900,1,LTX-0009917,BKG-003668,39,78
9918,3065,20250123,900,1,LTX-0009918,BKG-003670,19,19
9919,3065,20250516,900,1,LTX-0009919,BKG-010594,68,87
9920,3065,20250613,900,1,LTX-0009920,BKG-010715,67,154
9921,3065,20251218,900,1,LTX-0009921,BKG-008901,70,224
9922,3065,20251218,1800,2,LTX-0009922,BKG-008901,-20,204
9923,1796,20250526,900,1,LTX-0009923,BKG-009669,52,52
9924,1796,20250615,900,1,LTX-0009924,BKG-007733,11,63
9925,1796,20251118,900,1,LTX-0009925,BKG-003671,39,102
9926,1796,20251202,900,1,LTX-0009926,BKG-009297,23,125
9927,1796,20251210,900,1,LTX-0009927,BKG-009416,45,170
9928,4455,20250219,900,1,LTX-0009928,BKG-003672,44,44
9929,4455,20250219,1800,2,LTX-0009929,BKG-003672,-10,34
9930,4455,20250304,900,1,LTX-0009930,BKG-005958,39,73
9931,4455,20250412,900,1,LTX-0009931,BKG-005747,54,127
9932,4455,20250705,900,1,LTX-0009932,BKG-004735,43,170
9933,4456,20251119,900,1,LTX-0009933,BKG-007787,17,187
9934,4936,20250525,900,1,LTX-0009934,BKG-010920,53,53
9935,4936,20251005,900,1,LTX-0009935,BKG-003673,9,62
9936,4936,20251009,900,1,LTX-0009936,BKG-010216,34,96
9937,4936,20251102,900,1,LTX-0009937,BKG-009723,106,202
9938,4818,20250718,900,1,LTX-0009938,BKG-003674,97,97
9939,1982,20250416,900,1,LTX-0009939,BKG-003678,35,35
9940,198,20250310,900,1,LTX-0009940,BKG-003683,20,20
9941,198,20250312,900,1,LTX-0009941,BKG-004294,27,47
9942,3224,20250112,900,1,LTX-0009942,BKG-010299,64,64
9943,3224,20250614,900,1,LTX-0009943,BKG-003689,30,94
9944,3225,20250707,900,1,LTX-0009944,BKG-012251,30,124
9945,3350,20250515,900,1,LTX-0009945,BKG-003690,70,70
9946,2096,20250718,900,1,LTX-0009946,BKG-003694,79,79
9947,2096,20250827,900,1,LTX-0009947,BKG-008764,38,117
9948,1324,20250309,900,1,LTX-0009948,BKG-011499,12,12
9949,1324,20250309,1800,2,LTX-0009949,BKG-011499,-10,2
9950,1324,20250625,900,1,LTX-0009950,BKG-006897,12,14
9951,1324,20250704,900,1,LTX-0009951,BKG-011940,29,43
9952,1324,20250717,900,1,LTX-0009952,BKG-009086,22,65
9953,1324,20250724,900,1,LTX-0009953,BKG-003700,6,71
9954,1324,20250724,1800,2,LTX-0009954,BKG-003700,-30,41
9955,1324,20250731,900,1,LTX-0009955,BKG-011238,54,95
9956,1324,20250905,900,1,LTX-0009956,BKG-004835,25,120
9957,3094,20250715,900,1,LTX-0009957,BKG-003703,29,29
9958,3094,20250814,900,1,LTX-0009958,BKG-012324,19,48
9959,3094,20250831,900,1,LTX-0009959,BKG-006409,33,81
9960,3094,20250831,1800,2,LTX-0009960,BKG-006409,-30,51
9961,3094,20251015,900,1,LTX-0009961,BKG-006419,46,97
9962,2012,20250108,900,1,LTX-0009962,BKG-011751,74,74
9963,2012,20250217,900,1,LTX-0009963,BKG-008847,74,148
9964,2012,20250609,900,1,LTX-0009964,BKG-003705,27,175
9965,2216,20250415,900,1,LTX-0009965,BKG-008182,69,69
9966,2216,20250616,900,1,LTX-0009966,BKG-003706,43,112
9967,2216,20251001,900,1,LTX-0009967,BKG-009040,37,149
9968,2216,20251128,900,1,LTX-0009968,BKG-012296,33,182
9969,2216,20251128,1800,2,LTX-0009969,BKG-012296,-10,172
9970,2470,20250206,900,1,LTX-0009970,BKG-003707,22,22
9971,2470,20250206,1800,2,LTX-0009971,BKG-003707,-10,12
9972,2470,20250322,900,1,LTX-0009972,BKG-009548,62,74
9973,2470,20250806,900,1,LTX-0009973,BKG-006879,28,102
9974,2470,20250906,900,1,LTX-0009974,BKG-009423,18,120
9975,2470,20250906,1800,2,LTX-0009975,BKG-009423,-10,110
9976,98,20250104,900,1,LTX-0009976,BKG-003708,32,32
9977,98,20250606,900,1,LTX-0009977,BKG-005329,61,93
9978,4623,20250614,900,1,LTX-0009978,BKG-007325,33,33
9979,4623,20250708,900,1,LTX-0009979,BKG-003709,22,55
9980,2395,20250517,900,1,LTX-0009980,BKG-011009,31,31
9981,2395,20250526,900,1,LTX-0009981,BKG-009196,49,80
9982,2395,20250612,900,1,LTX-0009982,BKG-011250,34,114
9983,2395,20250618,900,1,LTX-0009983,BKG-007852,99,213
9984,2395,20250619,900,1,LTX-0009984,BKG-003718,36,249
9985,2395,20251109,900,1,LTX-0009985,BKG-007085,87,336
9986,2395,20251204,900,1,LTX-0009986,BKG-012248,18,354
9987,4266,20250610,900,1,LTX-0009987,BKG-011132,36,36
9988,4266,20250821,900,1,LTX-0009988,BKG-006541,37,73
9989,4266,20251214,900,1,LTX-0009989,BKG-010900,12,85
9990,4266,20251214,1800,2,LTX-0009990,BKG-010900,-30,55
9991,4266,20251217,900,1,LTX-0009991,BKG-003719,30,85
9992,3083,20250205,900,1,LTX-0009992,BKG-003722,35,35
9993,3084,20250802,900,1,LTX-0009993,BKG-007436,13,48
9994,3084,20251003,900,1,LTX-0009994,BKG-012263,46,94
9995,3084,20251017,900,1,LTX-0009995,BKG-012358,47,141
9996,3084,20251126,900,1,LTX-0009996,BKG-004601,37,178
9997,4589,20251017,900,1,LTX-0009997,BKG-003863,45,45
9998,4589,20251218,900,1,LTX-0009998,BKG-003729,41,86
9999,1293,20250614,900,1,LTX-0009999,BKG-008916,7,7
10000,1293,20251010,900,1,LTX-0010000,BKG-003731,21,28
10001,853,20250124,900,1,LTX-0010001,BKG-011046,23,23
10002,853,20250205,900,1,LTX-0010002,BKG-006937,7,30
10003,853,20250213,900,1,LTX-0010003,BKG-004430,47,77
10004,854,20250528,900,1,LTX-0010004,BKG-005083,55,132
10005,854,20250528,1800,2,LTX-0010005,BKG-005083,-20,112
10006,854,20250531,900,1,LTX-0010006,BKG-010773,76,188
10007,854,20250615,900,1,LTX-0010007,BKG-004017,43,231
10008,854,20251101,900,1,LTX-0010008,BKG-003733,80,311
10009,4921,20241219,900,1,LTX-0010009,BKG-003734,30,30
10010,4921,20250311,900,1,LTX-0010010,BKG-009168,19,49
10011,4921,20250527,900,1,LTX-0010011,BKG-010284,59,108
10012,4921,20250527,1800,2,LTX-0010012,BKG-010284,-10,98
10013,4921,20250621,900,1,LTX-0010013,BKG-010388,72,170
10014,4921,20250721,900,1,LTX-0010014,BKG-005912,61,231
10015,4797,20250716,900,1,LTX-0010015,BKG-011827,93,93
10016,4797,20250905,900,1,LTX-0010016,BKG-003736,17,110
10017,499,20250601,900,1,LTX-0010017,BKG-003737,34,34
10018,499,20250601,900,1,LTX-0010018,BKG-010142,50,84
10019,499,20250704,900,1,LTX-0010019,BKG-006311,41,125
10020,500,20251118,900,1,LTX-0010020,BKG-009371,17,142
10021,4724,20241229,900,1,LTX-0010021,BKG-009855,17,17
10022,4724,20250410,900,1,LTX-0010022,BKG-011938,64,81
10023,4724,20250419,900,1,LTX-0010023,BKG-010973,83,164
10024,4724,20250527,900,1,LTX-0010024,BKG-011432,20,184
10025,4724,20250701,900,1,LTX-0010025,BKG-011605,50,234
10026,4725,20250913,900,1,LTX-0010026,BKG-003915,56,290
10027,4725,20251207,900,1,LTX-0010027,BKG-003742,26,316
10028,1697,20250604,900,1,LTX-0010028,BKG-003747,52,52
10029,1697,20250907,900,1,LTX-0010029,BKG-007437,18,70
10030,4474,20241219,900,1,LTX-0010030,BKG-003749,18,18
10031,4474,20250114,900,1,LTX-0010031,BKG-011806,9,27
10032,4474,20250611,900,1,LTX-0010032,BKG-011529,48,75
10033,1326,20250227,900,1,LTX-0010033,BKG-003752,22,22
10034,1327,20250612,900,1,LTX-0010034,BKG-011396,48,70
10035,1327,20250629,900,1,LTX-0010035,BKG-012269,58,128
10036,2899,20250426,900,1,LTX-0010036,BKG-009612,30,30
10037,2899,20250504,900,1,LTX-0010037,BKG-003755,93,123
10038,2899,20250510,900,1,LTX-0010038,BKG-007757,46,169
10039,2899,20250510,1800,2,LTX-0010039,BKG-007757,-10,159
10040,2899,20250911,900,1,LTX-0010040,BKG-010913,37,196
10041,342,20241214,900,1,LTX-0010041,BKG-003757,44,44
10042,342,20241214,1800,2,LTX-0010042,BKG-003757,-10,34
10043,342,20251007,900,1,LTX-0010043,BKG-008129,30,64
10044,2836,20250530,900,1,LTX-0010044,BKG-003760,68,68
10045,2836,20250730,900,1,LTX-0010045,BKG-004140,6,74
10046,3404,20251205,900,1,LTX-0010046,BKG-003761,47,47
10047,3404,20251212,900,1,LTX-0010047,BKG-012207,23,70
10048,3404,20251220,900,1,LTX-0010048,BKG-009964,17,87
10049,1528,20250228,900,1,LTX-0010049,BKG-003765,56,56
10050,1528,20250228,1800,2,LTX-0010050,BKG-003765,-20,36
10051,1528,20250314,900,1,LTX-0010051,BKG-007689,50,86
10052,1528,20250829,900,1,LTX-0010052,BKG-008120,53,139
10053,877,20250228,900,1,LTX-0010053,BKG-011544,83,83
10054,878,20251208,900,1,LTX-0010054,BKG-003767,51,134
10055,262,20250713,900,1,LTX-0010055,BKG-003771,27,27
10056,262,20251012,900,1,LTX-0010056,BKG-006513,73,100
10057,3300,20250411,900,1,LTX-0010057,BKG-007794,40,40
10058,3300,20250509,900,1,LTX-0010058,BKG-009210,47,87
10059,3300,20250710,900,1,LTX-0010059,BKG-003775,38,125
10060,3300,20251011,900,1,LTX-0010060,BKG-010705,6,131
10061,4801,20250921,900,1,LTX-0010061,BKG-003776,28,28
10062,4801,20250921,1800,2,LTX-0010062,BKG-003776,-20,8
10063,4070,20250623,900,1,LTX-0010063,BKG-006506,70,70
10064,4070,20250627,900,1,LTX-0010064,BKG-003777,41,111
10065,4070,20251202,900,1,LTX-0010065,BKG-011246,16,127
10066,3725,20250419,900,1,LTX-0010066,BKG-005888,46,46
10067,3725,20250802,900,1,LTX-0010067,BKG-007826,54,100
10068,3725,20251102,900,1,LTX-0010068,BKG-003779,70,170
10069,3725,20251219,900,1,LTX-0010069,BKG-012082,83,253
10070,752,20250908,900,1,LTX-0010070,BKG-012044,8,8
10071,752,20250910,900,1,LTX-0010071,BKG-003780,48,56
10072,4629,20250129,900,1,LTX-0010072,BKG-005581,31,31
10073,4629,20250528,900,1,LTX-0010073,BKG-003781,51,82
10074,4630,20250901,900,1,LTX-0010074,BKG-007349,57,139
10075,4383,20250719,900,1,LTX-0010075,BKG-003782,36,36
10076,4915,20250602,900,1,LTX-0010076,BKG-004249,20,20
10077,4915,20250704,900,1,LTX-0010077,BKG-008721,30,50
10078,4915,20250723,900,1,LTX-0010078,BKG-003996,22,72
10079,4915,20250730,900,1,LTX-0010079,BKG-003784,50,122
10080,4915,20251204,900,1,LTX-0010080,BKG-005088,18,140
10081,3935,20241221,900,1,LTX-0010081,BKG-009946,18,18
10082,3935,20250629,900,1,LTX-0010082,BKG-009968,54,72
10083,3935,20250629,1800,2,LTX-0010083,BKG-009968,-30,42
10084,3935,20251006,900,1,LTX-0010084,BKG-010236,41,83
10085,3935,20251030,900,1,LTX-0010085,BKG-003787,22,105
10086,1733,20250413,900,1,LTX-0010086,BKG-006271,59,59
10087,1733,20251012,900,1,LTX-0010087,BKG-003788,38,97
10088,1657,20250221,900,1,LTX-0010088,BKG-005691,45,45
10089,1657,20251107,900,1,LTX-0010089,BKG-007704,16,61
10090,1657,20251117,900,1,LTX-0010090,BKG-003790,79,140
10091,1657,20251124,900,1,LTX-0010091,BKG-011497,78,218
10092,4790,20250416,900,1,LTX-0010092,BKG-012312,26,26
10093,4790,20250622,900,1,LTX-0010093,BKG-003792,11,37
10094,4790,20250624,900,1,LTX-0010094,BKG-008355,22,59
10095,4790,20251007,900,1,LTX-0010095,BKG-005137,60,119
10096,1638,20250525,900,1,LTX-0010096,BKG-008253,51,51
10097,1638,20250529,900,1,LTX-0010097,BKG-003796,56,107
10098,1638,20251122,900,1,LTX-0010098,BKG-010365,29,136
10099,1943,20250630,900,1,LTX-0010099,BKG-005910,44,44
10100,1943,20250630,1800,2,LTX-0010100,BKG-005910,-10,34
10101,1943,20251009,900,1,LTX-0010101,BKG-003798,55,89
10102,1943,20251031,900,1,LTX-0010102,BKG-008053,46,135
10103,378,20250425,900,1,LTX-0010103,BKG-011160,58,58
10104,378,20250710,900,1,LTX-0010104,BKG-003801,50,108
10105,175,20250711,900,1,LTX-0010105,BKG-003808,43,43
10106,175,20251122,900,1,LTX-0010106,BKG-007528,33,76
10107,175,20251122,1800,2,LTX-0010107,BKG-007528,-30,46
10108,600,20241219,900,1,LTX-0010108,BKG-004575,25,25
10109,600,20250426,900,1,LTX-0010109,BKG-003809,19,44
10110,600,20250823,900,1,LTX-0010110,BKG-011300,25,69
10111,707,20250625,900,1,LTX-0010111,BKG-009360,39,39
10112,707,20250828,900,1,LTX-0010112,BKG-009132,48,87
10113,707,20251206,900,1,LTX-0010113,BKG-003811,96,183
10114,2076,20250624,900,1,LTX-0010114,BKG-003814,89,89
10115,2076,20250624,1800,2,LTX-0010115,BKG-003814,-20,69
10116,2076,20250712,900,1,LTX-0010116,BKG-010429,23,92
10117,4065,20250815,900,1,LTX-0010117,BKG-003817,49,49
10118,4065,20251004,900,1,LTX-0010118,BKG-008536,33,82
10119,3394,20250331,900,1,LTX-0010119,BKG-006374,43,43
10120,3394,20250411,900,1,LTX-0010120,BKG-010349,41,84
10121,3394,20250515,900,1,LTX-0010121,BKG-004170,50,134
10122,3394,20250515,1800,2,LTX-0010122,BKG-004170,-10,124
10123,3394,20250525,900,1,LTX-0010123,BKG-004544,61,185
10124,3394,20250613,900,1,LTX-0010124,BKG-003818,72,257
10125,3394,20251129,900,1,LTX-0010125,BKG-010585,66,323
10126,1827,20250412,900,1,LTX-0010126,BKG-003819,54,54
10127,1827,20250623,900,1,LTX-0010127,BKG-007552,45,99
10128,1827,20250629,900,1,LTX-0010128,BKG-004827,45,144
10129,1827,20250721,900,1,LTX-0010129,BKG-007047,74,218
10130,3958,20250330,900,1,LTX-0010130,BKG-003822,40,40
10131,3958,20250619,900,1,LTX-0010131,BKG-005527,46,86
10132,3959,20250923,900,1,LTX-0010132,BKG-007936,44,130
10133,3959,20251118,900,1,LTX-0010133,BKG-005893,80,210
10134,4209,20250604,900,1,LTX-0010134,BKG-003825,56,56
10135,3822,20250608,900,1,LTX-0010135,BKG-004037,7,7
10136,3822,20251013,900,1,LTX-0010136,BKG-003828,67,74
10137,1371,20250427,900,1,LTX-0010137,BKG-003831,40,40
10138,1371,20251201,900,1,LTX-0010138,BKG-005917,48,88
10139,4703,20251118,900,1,LTX-0010139,BKG-003832,37,37
10140,3888,20250807,900,1,LTX-0010140,BKG-003839,36,36
10141,3888,20251104,900,1,LTX-0010141,BKG-011924,34,70
10142,3888,20251118,900,1,LTX-0010142,BKG-007061,28,98
10143,2480,20250909,900,1,LTX-0010143,BKG-003843,21,21
10144,2275,20250224,900,1,LTX-0010144,BKG-003845,64,64
10145,813,20250714,900,1,LTX-0010145,BKG-003848,14,14
10146,1355,20250619,900,1,LTX-0010146,BKG-003851,86,86
10147,2448,20250220,900,1,LTX-0010147,BKG-006027,38,38
10148,2448,20250526,900,1,LTX-0010148,BKG-007152,53,91
10149,2448,20250617,900,1,LTX-0010149,BKG-009162,74,165
10150,2448,20251216,900,1,LTX-0010150,BKG-003852,29,194
10151,3490,20250318,900,1,LTX-0010151,BKG-009268,59,59
10152,3490,20250511,900,1,LTX-0010152,BKG-003853,20,79
10153,3490,20250517,900,1,LTX-0010153,BKG-010423,23,102
10154,3490,20250614,900,1,LTX-0010154,BKG-012468,80,182
10155,3490,20250617,900,1,LTX-0010155,BKG-010043,81,263
10156,3490,20251027,900,1,LTX-0010156,BKG-005518,52,315
10157,594,20250521,900,1,LTX-0010157,BKG-004628,15,15
10158,594,20250602,900,1,LTX-0010158,BKG-003859,22,37
10159,1692,20250315,900,1,LTX-0010159,BKG-005819,25,25
10160,1692,20250617,900,1,LTX-0010160,BKG-003860,23,48
10161,4012,20250312,900,1,LTX-0010161,BKG-006345,69,69
10162,4012,20250321,900,1,LTX-0010162,BKG-003867,23,92
10163,4012,20250618,900,1,LTX-0010163,BKG-010929,30,122
10164,4918,20250116,900,1,LTX-0010164,BKG-010486,44,44
10165,4918,20250116,1800,2,LTX-0010165,BKG-010486,-30,14
10166,4918,20250624,900,1,LTX-0010166,BKG-009725,30,44
10167,4918,20250718,900,1,LTX-0010167,BKG-009467,88,132
10168,4918,20250918,900,1,LTX-0010168,BKG-003869,56,188
10169,3557,20250511,900,1,LTX-0010169,BKG-003871,47,47
10170,3557,20250511,1800,2,LTX-0010170,BKG-003871,-10,37
10171,3557,20250705,900,1,LTX-0010171,BKG-006666,52,89
10172,3557,20251206,900,1,LTX-0010172,BKG-010327,40,129
10173,3557,20251208,900,1,LTX-0010173,BKG-009540,36,165
10174,3282,20250306,900,1,LTX-0010174,BKG-005497,28,28
10175,3282,20250327,900,1,LTX-0010175,BKG-012272,69,97
10176,3282,20250327,1800,2,LTX-0010176,BKG-012272,-30,67
10177,3283,20250608,900,1,LTX-0010177,BKG-003872,47,114
10178,3283,20250608,1800,2,LTX-0010178,BKG-003872,-20,94
10179,3283,20250623,900,1,LTX-0010179,BKG-009686,8,102
10180,3283,20251124,900,1,LTX-0010180,BKG-005885,35,137
10181,1531,20250103,900,1,LTX-0010181,BKG-005802,71,71
10182,1531,20250103,1800,2,LTX-0010182,BKG-005802,-10,61
10183,1532,20250703,900,1,LTX-0010183,BKG-003874,24,85
10184,1532,20250805,900,1,LTX-0010184,BKG-005868,55,140
10185,1558,20250524,900,1,LTX-0010185,BKG-003880,23,23
10186,1558,20250612,900,1,LTX-0010186,BKG-011571,54,77
10187,1558,20250619,900,1,LTX-0010187,BKG-004035,68,145
10188,1558,20251118,900,1,LTX-0010188,BKG-005103,33,178
10189,2859,20250106,900,1,LTX-0010189,BKG-003885,55,55
10190,2859,20250611,900,1,LTX-0010190,BKG-007394,59,114
10191,2859,20250611,1800,2,LTX-0010191,BKG-007394,-20,94
10192,2859,20250622,900,1,LTX-0010192,BKG-005282,57,151
10193,2316,20250715,900,1,LTX-0010193,BKG-006581,76,76
10194,2317,20251108,900,1,LTX-0010194,BKG-003887,29,105
10195,2317,20251108,1800,2,LTX-0010195,BKG-003887,-10,95
10196,890,20250310,900,1,LTX-0010196,BKG-003888,27,27
10197,890,20250312,900,1,LTX-0010197,BKG-005373,22,49
10198,890,20250312,1800,2,LTX-0010198,BKG-005373,-30,19
10199,890,20251018,900,1,LTX-0010199,BKG-011873,76,95
10200,2766,20250308,900,1,LTX-0010200,BKG-004476,56,56
10201,2766,20250601,900,1,LTX-0010201,BKG-009226,49,105
10202,2766,20250620,900,1,LTX-0010202,BKG-003889,39,144
10203,2766,20250701,900,1,LTX-0010203,BKG-004046,98,242
10204,3122,20251130,900,1,LTX-0010204,BKG-003892,43,43
10205,568,20250405,900,1,LTX-0010205,BKG-003895,10,10
10206,568,20250719,900,1,LTX-0010206,BKG-010697,84,94
10207,568,20250801,900,1,LTX-0010207,BKG-003921,26,120
10208,568,20250818,900,1,LTX-0010208,BKG-009861,14,134
10209,522,20250615,900,1,LTX-0010209,BKG-011031,50,50
10210,522,20250918,900,1,LTX-0010210,BKG-003898,28,78
10211,522,20251205,900,1,LTX-0010211,BKG-007432,53,131
10212,1781,20250512,900,1,LTX-0010212,BKG-003900,39,39
10213,1781,20250625,900,1,LTX-0010213,BKG-010203,22,61
10214,1781,20251205,900,1,LTX-0010214,BKG-009711,54,115
10215,4781,20250401,900,1,LTX-0010215,BKG-003902,29,29
10216,1883,20250214,900,1,LTX-0010216,BKG-003903,61,61
10217,1883,20250627,900,1,LTX-0010217,BKG-006650,56,117
10218,1884,20250823,900,1,LTX-0010218,BKG-005028,51,168
10219,1884,20250913,900,1,LTX-0010219,BKG-007761,7,175
10220,1884,20251105,900,1,LTX-0010220,BKG-009549,10,185
10221,1884,20251202,900,1,LTX-0010221,BKG-009730,49,234
10222,1884,20251205,900,1,LTX-0010222,BKG-006810,31,265
10223,1884,20251205,1800,2,LTX-0010223,BKG-006810,-10,255
10224,510,20250515,900,1,LTX-0010224,BKG-003905,83,83
10225,510,20250607,900,1,LTX-0010225,BKG-008285,82,165
10226,510,20250607,1800,2,LTX-0010226,BKG-008285,-30,135
10227,1551,20241225,900,1,LTX-0010227,BKG-003908,37,37
10228,1551,20241225,1800,2,LTX-0010228,BKG-003908,-30,7
10229,1551,20250423,900,1,LTX-0010229,BKG-012187,45,52
10230,1551,20250627,900,1,LTX-0010230,BKG-008280,55,107
10231,1551,20251020,900,1,LTX-0010231,BKG-006936,69,176
10232,3434,20250321,900,1,LTX-0010232,BKG-003909,33,33
10233,3434,20250321,1800,2,LTX-0010233,BKG-003909,-20,13
10234,4125,20250601,900,1,LTX-0010234,BKG-003911,77,77
10235,4125,20250617,900,1,LTX-0010235,BKG-005516,17,94
10236,4027,20250109,900,1,LTX-0010236,BKG-009178,14,14
10237,4027,20250202,900,1,LTX-0010237,BKG-006683,31,45
10238,4027,20250707,900,1,LTX-0010238,BKG-009657,45,90
10239,4027,20250707,1800,2,LTX-0010239,BKG-009657,-30,60
10240,4027,20250818,900,1,LTX-0010240,BKG-003912,23,83
10241,541,20250101,900,1,LTX-0010241,BKG-008049,36,36
10242,541,20250618,900,1,LTX-0010242,BKG-009322,61,97
10243,541,20251104,900,1,LTX-0010243,BKG-003926,32,129
10244,52,20241226,900,1,LTX-0010244,BKG-008767,59,59
10245,52,20250717,900,1,LTX-0010245,BKG-009076,11,70
10246,52,20250717,1800,2,LTX-0010246,BKG-009076,-20,50
10247,53,20251020,900,1,LTX-0010247,BKG-003928,53,103
10248,53,20251020,1800,2,LTX-0010248,BKG-003928,-30,73
10249,53,20251130,900,1,LTX-0010249,BKG-007901,25,98
10250,4722,20241226,900,1,LTX-0010250,BKG-004155,37,37
10251,4723,20250504,900,1,LTX-0010251,BKG-003931,45,82
10252,4723,20250602,900,1,LTX-0010252,BKG-011854,58,140
10253,478,20250110,900,1,LTX-0010253,BKG-011561,23,23
10254,478,20250223,900,1,LTX-0010254,BKG-011103,22,45
10255,478,20250508,900,1,LTX-0010255,BKG-009975,43,88
10256,478,20250902,900,1,LTX-0010256,BKG-005458,36,124
10257,478,20250902,1800,2,LTX-0010257,BKG-005458,-30,94
10258,478,20251128,900,1,LTX-0010258,BKG-003935,22,116
10259,478,20251217,900,1,LTX-0010259,BKG-004377,37,153
10260,1702,20250418,900,1,LTX-0010260,BKG-003937,70,70
10261,1702,20250706,900,1,LTX-0010261,BKG-009718,112,182
10262,4297,20250101,900,1,LTX-0010262,BKG-011836,28,28
10263,4297,20250216,900,1,LTX-0010263,BKG-012301,63,91
10264,4297,20250617,900,1,LTX-0010264,BKG-012376,7,98
10265,4297,20250626,900,1,LTX-0010265,BKG-005080,31,129
10266,4298,20250927,900,1,LTX-0010266,BKG-003939,25,154
10267,2842,20250720,900,1,LTX-0010267,BKG-003941,20,20
10268,4562,20250201,900,1,LTX-0010268,BKG-003942,42,42
10269,947,20250512,900,1,LTX-0010269,BKG-005190,9,9
10270,947,20250723,900,1,LTX-0010270,BKG-007856,27,36
10271,947,20250926,900,1,LTX-0010271,BKG-003945,39,75
10272,947,20251203,900,1,LTX-0010272,BKG-011301,95,170
10273,3918,20250107,900,1,LTX-0010273,BKG-009988,90,90
10274,3918,20250305,900,1,LTX-0010274,BKG-011975,40,130
10275,3918,20250607,900,1,LTX-0010275,BKG-003950,77,207
10276,3918,20250818,900,1,LTX-0010276,BKG-009184,18,225
10277,3918,20251105,900,1,LTX-0010277,BKG-011277,27,252
10278,1440,20251215,900,1,LTX-0010278,BKG-003951,60,60
10279,4869,20250625,900,1,LTX-0010279,BKG-008572,10,10
10280,4869,20250803,900,1,LTX-0010280,BKG-003955,42,52
10281,3815,20241221,900,1,LTX-0010281,BKG-007837,54,54
10282,3815,20250531,900,1,LTX-0010282,BKG-010573,38,92
10283,3815,20250603,900,1,LTX-0010283,BKG-010179,29,121
10284,3815,20250904,900,1,LTX-0010284,BKG-003956,52,173
10285,3815,20251112,900,1,LTX-0010285,BKG-008750,53,226
10286,3815,20251112,1800,2,LTX-0010286,BKG-008750,-30,196
10287,3117,20250106,900,1,LTX-0010287,BKG-012068,38,38
10288,3117,20250226,900,1,LTX-0010288,BKG-006340,14,52
10289,3117,20250609,900,1,LTX-0010289,BKG-003958,44,96
10290,3117,20251013,900,1,LTX-0010290,BKG-004621,49,145
10291,3117,20251028,900,1,LTX-0010291,BKG-005797,27,172
10292,3667,20250714,900,1,LTX-0010292,BKG-003959,39,39
10293,3667,20251125,900,1,LTX-0010293,BKG-010864,51,90
10294,955,20251128,900,1,LTX-0010294,BKG-003961,36,36
10295,2287,20250606,900,1,LTX-0010295,BKG-009687,76,76
10296,2287,20251122,900,1,LTX-0010296,BKG-003965,81,157
10297,2287,20251216,900,1,LTX-0010297,BKG-010783,58,215
10298,2301,20250429,900,1,LTX-0010298,BKG-011087,25,25
10299,2301,20250516,900,1,LTX-0010299,BKG-003968,7,32
10300,2301,20250703,900,1,LTX-0010300,BKG-009879,31,63
10301,2301,20251206,900,1,LTX-0010301,BKG-008803,20,83
10302,2987,20250110,900,1,LTX-0010302,BKG-004191,16,16
10303,2987,20250705,900,1,LTX-0010303,BKG-007706,84,100
10304,2987,20250712,900,1,LTX-0010304,BKG-003969,42,142
10305,2987,20250816,900,1,LTX-0010305,BKG-007068,74,216
10306,2987,20250920,900,1,LTX-0010306,BKG-008848,61,277
10307,2987,20251103,900,1,LTX-0010307,BKG-009722,31,308
10308,2987,20251103,1800,2,LTX-0010308,BKG-009722,-30,278
10309,138,20251128,900,1,LTX-0010309,BKG-003971,64,64
10310,4679,20250628,900,1,LTX-0010310,BKG-003973,36,36
10311,4679,20251107,900,1,LTX-0010311,BKG-007562,66,102
10312,4064,20250716,900,1,LTX-0010312,BKG-003974,60,60
10313,4064,20250731,900,1,LTX-0010313,BKG-009253,43,103
10314,4064,20250731,1800,2,LTX-0010314,BKG-009253,-30,73
10315,2646,20250102,900,1,LTX-0010315,BKG-010516,84,84
10316,2646,20250626,900,1,LTX-0010316,BKG-003975,54,138
10317,973,20250207,900,1,LTX-0010317,BKG-006098,63,63
10318,973,20250317,900,1,LTX-0010318,BKG-003976,24,87
10319,973,20250317,1800,2,LTX-0010319,BKG-003976,-30,57
10320,1291,20250509,900,1,LTX-0010320,BKG-012028,32,32
10321,1291,20250911,900,1,LTX-0010321,BKG-003977,36,68
10322,1291,20250919,900,1,LTX-0010322,BKG-006796,16,84
10323,1860,20250110,900,1,LTX-0010323,BKG-008673,42,42
10324,1860,20250221,900,1,LTX-0010324,BKG-007949,34,76
10325,1860,20250613,900,1,LTX-0010325,BKG-003978,29,105
10326,1860,20250630,900,1,LTX-0010326,BKG-010603,32,137
10327,1860,20250728,900,1,LTX-0010327,BKG-007999,38,175
10328,2369,20250609,900,1,LTX-0010328,BKG-004069,42,42
10329,2370,20251103,900,1,LTX-0010329,BKG-003979,52,94
10330,2370,20251130,900,1,LTX-0010330,BKG-006533,32,126
10331,610,20250613,900,1,LTX-0010331,BKG-007514,55,55
10332,610,20250711,900,1,LTX-0010332,BKG-003982,9,64
10333,610,20250905,900,1,LTX-0010333,BKG-006268,49,113
10334,610,20251028,900,1,LTX-0010334,BKG-006280,36,149
10335,1269,20250111,900,1,LTX-0010335,BKG-008763,62,62
10336,1269,20250320,900,1,LTX-0010336,BKG-003988,42,104
10337,1269,20250907,900,1,LTX-0010337,BKG-009949,38,142
10338,1269,20251110,900,1,LTX-0010338,BKG-009527,48,190
10339,1269,20251210,900,1,LTX-0010339,BKG-006012,34,224
10340,2259,20250213,900,1,LTX-0010340,BKG-004677,47,47
10341,2259,20250504,900,1,LTX-0010341,BKG-003991,96,143
10342,2259,20250512,900,1,LTX-0010342,BKG-007836,52,195
10343,2259,20250613,900,1,LTX-0010343,BKG-009337,45,240
10344,2259,20250620,900,1,LTX-0010344,BKG-007290,17,257
10345,3979,20250226,900,1,LTX-0010345,BKG-007251,49,49
10346,3979,20251204,900,1,LTX-0010346,BKG-003994,30,79
10347,1314,20241222,900,1,LTX-0010347,BKG-005295,8,8
10348,1315,20251003,900,1,LTX-0010348,BKG-003997,26,34
10349,1485,20241225,900,1,LTX-0010349,BKG-010392,29,29
10350,1485,20251109,900,1,LTX-0010350,BKG-003998,15,44
10351,1485,20251129,900,1,LTX-0010351,BKG-004538,64,108
10352,3772,20250228,900,1,LTX-0010352,BKG-006868,13,13
10353,3772,20250624,900,1,LTX-0010353,BKG-004004,50,63
10354,3772,20250811,900,1,LTX-0010354,BKG-010090,44,107
10355,2725,20250624,900,1,LTX-0010355,BKG-009920,10,10
10356,2725,20250829,900,1,LTX-0010356,BKG-004009,76,86
10357,1607,20250716,900,1,LTX-0010357,BKG-004010,25,25
10358,1555,20250608,900,1,LTX-0010358,BKG-004011,44,44
10359,1555,20250608,1800,2,LTX-0010359,BKG-004011,-10,34
10360,1555,20250616,900,1,LTX-0010360,BKG-010303,64,98
10361,710,20250123,900,1,LTX-0010361,BKG-004018,18,18
10362,4449,20250420,900,1,LTX-0010362,BKG-004019,50,50
10363,4449,20250515,900,1,LTX-0010363,BKG-008734,49,99
10364,4055,20250717,900,1,LTX-0010364,BKG-006235,55,55
10365,4055,20250828,900,1,LTX-0010365,BKG-004021,36,91
10366,4055,20251115,900,1,LTX-0010366,BKG-004321,79,170
10367,466,20250616,900,1,LTX-0010367,BKG-007202,21,21
10368,466,20250617,900,1,LTX-0010368,BKG-007444,65,86
10369,466,20250618,900,1,LTX-0010369,BKG-004022,26,112
10370,466,20250630,900,1,LTX-0010370,BKG-004653,54,166
10371,466,20250731,900,1,LTX-0010371,BKG-010803,56,222
10372,1130,20250619,900,1,LTX-0010372,BKG-008947,51,51
10373,1130,20250922,900,1,LTX-0010373,BKG-004023,8,59
10374,1130,20250922,1800,2,LTX-0010374,BKG-004023,-10,49
10375,1130,20251031,900,1,LTX-0010375,BKG-007435,33,82
10376,1130,20251204,900,1,LTX-0010376,BKG-004717,20,102
10377,2305,20250523,900,1,LTX-0010377,BKG-007182,29,29
10378,2305,20250608,900,1,LTX-0010378,BKG-004025,10,39
10379,2305,20250608,1800,2,LTX-0010379,BKG-004025,-10,29
10380,49,20250324,900,1,LTX-0010380,BKG-010040,33,33
10381,49,20250405,900,1,LTX-0010381,BKG-004026,54,87
10382,49,20250519,900,1,LTX-0010382,BKG-009943,24,111
10383,2760,20250529,900,1,LTX-0010383,BKG-004030,63,63
10384,2760,20250820,900,1,LTX-0010384,BKG-009301,41,104
10385,519,20250626,900,1,LTX-0010385,BKG-011732,36,36
10386,519,20250626,1800,2,LTX-0010386,BKG-011732,-20,16
10387,519,20250811,900,1,LTX-0010387,BKG-004031,20,36
10388,519,20250811,1800,2,LTX-0010388,BKG-004031,-20,16
10389,3013,20250104,900,1,LTX-0010389,BKG-012402,22,22
10390,3013,20250513,900,1,LTX-0010390,BKG-005331,60,82
10391,3014,20250708,900,1,LTX-0010391,BKG-010281,30,112
10392,3014,20251204,900,1,LTX-0010392,BKG-004033,87,199
10393,866,20250209,900,1,LTX-0010393,BKG-011488,27,27
10394,866,20250528,900,1,LTX-0010394,BKG-004034,84,111
10395,866,20250528,1800,2,LTX-0010395,BKG-004034,-20,91
10396,866,20250711,900,1,LTX-0010396,BKG-010802,102,193
10397,866,20251203,900,1,LTX-0010397,BKG-004506,17,210
10398,2596,20250424,900,1,LTX-0010398,BKG-004319,18,18
10399,2596,20251115,900,1,LTX-0010399,BKG-011848,46,64
10400,2596,20251128,900,1,LTX-0010400,BKG-010477,18,82
10401,2596,20251210,900,1,LTX-0010401,BKG-004039,28,110
10402,219,20250206,900,1,LTX-0010402,BKG-004043,42,42
10403,219,20250206,1800,2,LTX-0010403,BKG-004043,-10,32
10404,357,20250514,900,1,LTX-0010404,BKG-010719,40,40
10405,357,20250525,900,1,LTX-0010405,BKG-004047,61,101
10406,357,20250916,900,1,LTX-0010406,BKG-004763,32,133
10407,4901,20251101,900,1,LTX-0010407,BKG-004048,49,49
10408,3765,20250216,900,1,LTX-0010408,BKG-008495,26,26
10409,3765,20250216,1800,2,LTX-0010409,BKG-008495,-20,6
10410,3765,20251125,900,1,LTX-0010410,BKG-004049,36,42
10411,4337,20250103,900,1,LTX-0010411,BKG-008682,23,23
10412,4337,20250820,900,1,LTX-0010412,BKG-004050,54,77
10413,4337,20251022,900,1,LTX-0010413,BKG-011051,18,95
10414,373,20250310,900,1,LTX-0010414,BKG-004051,59,59
10415,373,20250523,900,1,LTX-0010415,BKG-006519,76,135
10416,373,20250626,900,1,LTX-0010416,BKG-012490,66,201
10417,373,20250626,1800,2,LTX-0010417,BKG-012490,-10,191
10418,373,20250812,900,1,LTX-0010418,BKG-006568,52,243
10419,67,20250920,900,1,LTX-0010419,BKG-004055,40,40
10420,68,20251004,900,1,LTX-0010420,BKG-008773,45,85
10421,4044,20251016,900,1,LTX-0010421,BKG-005181,69,69
10422,4044,20251121,900,1,LTX-0010422,BKG-004056,42,111
10423,279,20250111,900,1,LTX-0010423,BKG-007524,48,48
10424,279,20251125,900,1,LTX-0010424,BKG-004057,42,90
10425,1765,20250304,900,1,LTX-0010425,BKG-007934,79,79
10426,1765,20250304,1800,2,LTX-0010426,BKG-007934,-20,59
10427,1765,20250617,900,1,LTX-0010427,BKG-010183,65,124
10428,1765,20250908,900,1,LTX-0010428,BKG-004059,36,160
10429,1765,20251030,900,1,LTX-0010429,BKG-012282,16,176
10430,3790,20250324,900,1,LTX-0010430,BKG-008845,58,58
10431,3790,20250403,900,1,LTX-0010431,BKG-007317,63,121
10432,3791,20251113,900,1,LTX-0010432,BKG-004814,30,151
10433,3791,20251130,900,1,LTX-0010433,BKG-004063,28,179
10434,3791,20251205,900,1,LTX-0010434,BKG-004127,76,255
10435,71,20250905,900,1,LTX-0010435,BKG-004070,9,9
10436,3510,20250718,900,1,LTX-0010436,BKG-009670,16,16
10437,3510,20250801,900,1,LTX-0010437,BKG-004071,40,56
10438,3510,20250904,900,1,LTX-0010438,BKG-007045,30,86
10439,3510,20251126,900,1,LTX-0010439,BKG-012023,46,132
10440,1406,20250519,900,1,LTX-0010440,BKG-005112,26,26
10441,1406,20250629,900,1,LTX-0010441,BKG-004086,61,87
10442,1406,20250629,1800,2,LTX-0010442,BKG-004086,-10,77
10443,1406,20251112,900,1,LTX-0010443,BKG-010680,67,144
10444,1406,20251119,900,1,LTX-0010444,BKG-008904,39,183
10445,1406,20251119,1800,2,LTX-0010445,BKG-008904,-30,153
10446,1406,20251201,900,1,LTX-0010446,BKG-010847,43,196
10447,3716,20241223,900,1,LTX-0010447,BKG-011252,42,42
10448,3716,20250215,900,1,LTX-0010448,BKG-009981,39,81
10449,3716,20250402,900,1,LTX-0010449,BKG-008660,27,108
10450,3716,20250707,900,1,LTX-0010450,BKG-004089,93,201
10451,3717,20250928,900,1,LTX-0010451,BKG-011333,13,214
10452,3289,20250510,900,1,LTX-0010452,BKG-004094,51,51
10453,3289,20250510,1800,2,LTX-0010453,BKG-004094,-10,41
10454,3289,20250630,900,1,LTX-0010454,BKG-012135,35,76
10455,3290,20251113,900,1,LTX-0010455,BKG-010543,18,94
10456,2532,20250618,900,1,LTX-0010456,BKG-004095,37,37
10457,2104,20250424,900,1,LTX-0010457,BKG-004105,60,60
10458,2104,20251202,900,1,LTX-0010458,BKG-007874,36,96
10459,603,20250523,900,1,LTX-0010459,BKG-004106,68,68
10460,603,20250614,900,1,LTX-0010460,BKG-010793,44,112
10461,604,20250817,900,1,LTX-0010461,BKG-006134,72,184
10462,604,20251113,900,1,LTX-0010462,BKG-009962,58,242
10463,604,20251117,900,1,LTX-0010463,BKG-007469,22,264
10464,604,20251117,1800,2,LTX-0010464,BKG-007469,-20,244
10465,4372,20251124,900,1,LTX-0010465,BKG-004107,12,12
10466,4372,20251129,900,1,LTX-0010466,BKG-010646,65,77
10467,4372,20251129,1800,2,LTX-0010467,BKG-010646,-20,57
10468,4074,20250515,900,1,LTX-0010468,BKG-004108,79,79
10469,3032,20250127,900,1,LTX-0010469,BKG-008032,39,39
10470,3032,20250610,900,1,LTX-0010470,BKG-007028,54,93
10471,3032,20250704,900,1,LTX-0010471,BKG-010606,62,155
10472,3032,20250712,900,1,LTX-0010472,BKG-006708,24,179
10473,3032,20251204,900,1,LTX-0010473,BKG-004120,12,191
10474,3032,20251213,900,1,LTX-0010474,BKG-004109,46,237
10475,4594,20250502,900,1,LTX-0010475,BKG-008014,52,52
10476,4594,20250731,900,1,LTX-0010476,BKG-012020,14,66
10477,4594,20250802,900,1,LTX-0010477,BKG-006821,30,96
10478,4594,20250918,900,1,LTX-0010478,BKG-004110,25,121
10479,4594,20250918,1800,2,LTX-0010479,BKG-004110,-30,91
10480,4594,20250925,900,1,LTX-0010480,BKG-005878,32,123
10481,4594,20251118,900,1,LTX-0010481,BKG-009773,33,156
10482,4594,20251118,1800,2,LTX-0010482,BKG-009773,-10,146
10483,658,20250621,900,1,LTX-0010483,BKG-004112,97,97
10484,658,20250621,1800,2,LTX-0010484,BKG-004112,-30,67
10485,659,20251206,900,1,LTX-0010485,BKG-004691,73,140
10486,2841,20241213,900,1,LTX-0010486,BKG-004113,80,80
10487,3102,20250206,900,1,LTX-0010487,BKG-007593,63,63
10488,3102,20250220,900,1,LTX-0010488,BKG-004114,19,82
10489,3102,20250523,900,1,LTX-0010489,BKG-007344,7,89
10490,3102,20250523,1800,2,LTX-0010490,BKG-007344,-30,59
10491,3102,20250620,900,1,LTX-0010491,BKG-005950,35,94
10492,3102,20250621,900,1,LTX-0010492,BKG-011002,95,189
10493,3102,20250701,900,1,LTX-0010493,BKG-011851,11,200
10494,3102,20251116,900,1,LTX-0010494,BKG-006992,49,249
10495,3102,20251116,1800,2,LTX-0010495,BKG-006992,-10,239
10496,1222,20250210,900,1,LTX-0010496,BKG-011434,46,46
10497,1222,20250419,900,1,LTX-0010497,BKG-004402,34,80
10498,1222,20250618,900,1,LTX-0010498,BKG-011591,65,145
10499,1222,20251210,900,1,LTX-0010499,BKG-004115,58,203
10500,1222,20251217,900,1,LTX-0010500,BKG-009665,42,245
10501,625,20250219,900,1,LTX-0010501,BKG-010824,49,49
10502,625,20250524,900,1,LTX-0010502,BKG-004117,9,58
10503,625,20250524,1800,2,LTX-0010503,BKG-004117,-30,28
10504,625,20251127,900,1,LTX-0010504,BKG-010478,18,46
10505,4159,20250607,900,1,LTX-0010505,BKG-006426,79,79
10506,4159,20250615,900,1,LTX-0010506,BKG-004655,75,154
10507,4159,20251014,900,1,LTX-0010507,BKG-004119,28,182
10508,3778,20250408,900,1,LTX-0010508,BKG-004121,28,28
10509,3779,20250620,900,1,LTX-0010509,BKG-004596,41,69
10510,3779,20250910,900,1,LTX-0010510,BKG-004755,18,87
10511,361,20250611,900,1,LTX-0010511,BKG-004123,32,32
10512,361,20250611,1800,2,LTX-0010512,BKG-004123,-10,22
10513,361,20251125,900,1,LTX-0010513,BKG-007778,25,47
10514,4891,20250102,900,1,LTX-0010514,BKG-006299,29,29
10515,4891,20250208,900,1,LTX-0010515,BKG-009043,26,55
10516,4891,20250525,900,1,LTX-0010516,BKG-006941,26,81
10517,4891,20250725,900,1,LTX-0010517,BKG-004984,52,133
10518,4891,20250904,900,1,LTX-0010518,BKG-009808,68,201
10519,4891,20251021,900,1,LTX-0010519,BKG-004125,40,241
10520,2471,20250920,900,1,LTX-0010520,BKG-004128,22,22
10521,1009,20250217,900,1,LTX-0010521,BKG-004131,76,76
10522,1009,20250529,900,1,LTX-0010522,BKG-006693,27,103
10523,1009,20250529,1800,2,LTX-0010523,BKG-006693,-20,83
10524,4609,20241229,900,1,LTX-0010524,BKG-007927,36,36
10525,4609,20241229,1800,2,LTX-0010525,BKG-007927,-10,26
10526,4609,20250506,900,1,LTX-0010526,BKG-012125,47,73
10527,4609,20250601,900,1,LTX-0010527,BKG-004134,14,87
10528,4609,20250601,1800,2,LTX-0010528,BKG-004134,-30,57
10529,4609,20250719,900,1,LTX-0010529,BKG-004282,48,105
10530,1455,20250525,900,1,LTX-0010530,BKG-009671,59,59
10531,1455,20250527,900,1,LTX-0010531,BKG-010749,51,110
10532,1455,20250527,1800,2,LTX-0010532,BKG-010749,-20,90
10533,1455,20250606,900,1,LTX-0010533,BKG-011449,38,128
10534,1455,20250613,900,1,LTX-0010534,BKG-005279,33,161
10535,1455,20250625,900,1,LTX-0010535,BKG-007180,23,184
10536,1455,20251120,900,1,LTX-0010536,BKG-004139,58,242
10537,1455,20251127,900,1,LTX-0010537,BKG-006608,78,320
10538,1455,20251207,900,1,LTX-0010538,BKG-010750,26,346
10539,1645,20250422,900,1,LTX-0010539,BKG-004143,42,42
10540,3386,20250404,900,1,LTX-0010540,BKG-004909,20,20
10541,3387,20250720,900,1,LTX-0010541,BKG-007348,63,83
10542,3387,20251203,900,1,LTX-0010542,BKG-004144,74,157
10543,159,20250705,900,1,LTX-0010543,BKG-004151,89,89
10544,4592,20250419,900,1,LTX-0010544,BKG-008893,21,21
10545,4592,20250711,900,1,LTX-0010545,BKG-009772,29,50
10546,4592,20251128,900,1,LTX-0010546,BKG-004152,39,89
10547,4592,20251128,1800,2,LTX-0010547,BKG-004152,-20,69
10548,2774,20250522,900,1,LTX-0010548,BKG-004160,12,12
10549,1694,20250219,900,1,LTX-0010549,BKG-010436,52,52
10550,1694,20250414,900,1,LTX-0010550,BKG-004164,40,92
10551,1694,20250517,900,1,LTX-0010551,BKG-010742,75,167
10552,1694,20251027,900,1,LTX-0010552,BKG-011204,26,193
10553,3842,20250514,900,1,LTX-0010553,BKG-004166,8,8
10554,3740,20250708,900,1,LTX-0010554,BKG-004172,45,45
10555,3694,20250504,900,1,LTX-0010555,BKG-006103,39,39
10556,3694,20250612,900,1,LTX-0010556,BKG-004184,29,68
10557,3694,20250705,900,1,LTX-0010557,BKG-009873,32,100
10558,3694,20250909,900,1,LTX-0010558,BKG-005528,34,134
10559,3694,20251122,900,1,LTX-0010559,BKG-005225,22,156
10560,1991,20250201,900,1,LTX-0010560,BKG-012396,21,21
10561,1992,20250523,900,1,LTX-0010561,BKG-006722,40,61
10562,1992,20250523,1800,2,LTX-0010562,BKG-006722,-20,41
10563,1992,20250624,900,1,LTX-0010563,BKG-004185,58,99
10564,1992,20250915,900,1,LTX-0010564,BKG-005785,28,127
10565,1279,20250408,900,1,LTX-0010565,BKG-007026,68,68
10566,1279,20250510,900,1,LTX-0010566,BKG-009291,56,124
10567,1279,20250601,900,1,LTX-0010567,BKG-005304,42,166
10568,1279,20250620,900,1,LTX-0010568,BKG-004190,28,194
10569,1279,20250707,900,1,LTX-0010569,BKG-007120,41,235
10570,1279,20250707,1800,2,LTX-0010570,BKG-007120,-30,205
10571,1279,20250717,900,1,LTX-0010571,BKG-011949,22,227
10572,1279,20251109,900,1,LTX-0010572,BKG-008686,31,258
10573,4726,20250320,900,1,LTX-0010573,BKG-004192,44,44
10574,4726,20251120,900,1,LTX-0010574,BKG-010821,44,88
10575,508,20250625,900,1,LTX-0010575,BKG-007791,56,56
10576,508,20250814,900,1,LTX-0010576,BKG-004193,76,132
10577,145,20250821,900,1,LTX-0010577,BKG-004194,48,48
10578,3152,20250502,900,1,LTX-0010578,BKG-008265,51,51
10579,3152,20250706,900,1,LTX-0010579,BKG-005296,90,141
10580,3152,20250823,900,1,LTX-0010580,BKG-004197,16,157
10581,3152,20251205,900,1,LTX-0010581,BKG-004800,23,180
10582,637,20250902,900,1,LTX-0010582,BKG-004199,62,62
10583,637,20250914,900,1,LTX-0010583,BKG-012424,26,88
10584,2805,20241229,900,1,LTX-0010584,BKG-008826,16,16
10585,2805,20250329,900,1,LTX-0010585,BKG-010402,82,98
10586,2805,20250901,900,1,LTX-0010586,BKG-006424,76,174
10587,2805,20250901,1800,2,LTX-0010587,BKG-006424,-20,154
10588,2805,20251126,900,1,LTX-0010588,BKG-004200,33,187
10589,2805,20251126,1800,2,LTX-0010589,BKG-004200,-30,157
10590,2904,20250829,900,1,LTX-0010590,BKG-004204,52,52
10591,2904,20251129,900,1,LTX-0010591,BKG-004303,50,102
10592,3884,20250605,900,1,LTX-0010592,BKG-006067,46,46
10593,3884,20250627,900,1,LTX-0010593,BKG-010984,76,122
10594,3884,20250627,900,1,LTX-0010594,BKG-012070,77,199
10595,3884,20251130,900,1,LTX-0010595,BKG-004207,19,218
10596,1865,20250114,900,1,LTX-0010596,BKG-012052,47,47
10597,1865,20250520,900,1,LTX-0010597,BKG-004213,12,59
10598,1865,20250529,900,1,LTX-0010598,BKG-008241,79,138
10599,1865,20250821,900,1,LTX-0010599,BKG-009576,40,178
10600,750,20250125,900,1,LTX-0010600,BKG-004214,42,42
10601,750,20250217,900,1,LTX-0010601,BKG-011157,77,119
10602,751,20250521,900,1,LTX-0010602,BKG-011373,15,134
10603,751,20251126,900,1,LTX-0010603,BKG-005782,30,164
10604,4087,20250607,900,1,LTX-0010604,BKG-010480,60,60
10605,4087,20250725,900,1,LTX-0010605,BKG-011688,23,83
10606,4087,20251015,900,1,LTX-0010606,BKG-008146,29,112
10607,4087,20251110,900,1,LTX-0010607,BKG-004216,60,172
10608,4087,20251110,1800,2,LTX-0010608,BKG-004216,-20,152
10609,4087,20251126,900,1,LTX-0010609,BKG-006543,68,220
10610,1491,20250606,900,1,LTX-0010610,BKG-004218,49,49
10611,1491,20250624,900,1,LTX-0010611,BKG-006760,33,82
10612,1557,20250520,900,1,LTX-0010612,BKG-010544,52,52
10613,1557,20250531,900,1,LTX-0010613,BKG-005943,71,123
10614,1557,20250905,900,1,LTX-0010614,BKG-004222,35,158
10615,1221,20250315,900,1,LTX-0010615,BKG-004224,41,41
10616,1221,20250315,1800,2,LTX-0010616,BKG-004224,-10,31
10617,1221,20250623,900,1,LTX-0010617,BKG-009147,9,40
10618,4519,20250130,900,1,LTX-0010618,BKG-004226,50,50
10619,4519,20250708,900,1,LTX-0010619,BKG-006247,85,135
10620,4239,20250612,900,1,LTX-0010620,BKG-010061,53,53
10621,4240,20250805,900,1,LTX-0010621,BKG-004229,48,101
10622,4240,20250805,1800,2,LTX-0010622,BKG-004229,-30,71
10623,4240,20251114,900,1,LTX-0010623,BKG-010748,44,115
10624,1074,20250305,900,1,LTX-0010624,BKG-008373,69,69
10625,1074,20250426,900,1,LTX-0010625,BKG-004232,49,118
10626,2608,20250523,900,1,LTX-0010626,BKG-007418,74,74
10627,2608,20250613,900,1,LTX-0010627,BKG-004235,40,114
10628,2609,20251019,900,1,LTX-0010628,BKG-008751,62,176
10629,2567,20250126,900,1,LTX-0010629,BKG-006168,34,34
10630,2567,20250807,900,1,LTX-0010630,BKG-010345,54,88
10631,2567,20251005,900,1,LTX-0010631,BKG-004236,21,109
10632,2567,20251112,900,1,LTX-0010632,BKG-006928,45,154
10633,4422,20250410,900,1,LTX-0010633,BKG-005074,45,45
10634,4422,20250410,1800,2,LTX-0010634,BKG-005074,-20,25
10635,4422,20250425,900,1,LTX-0010635,BKG-004240,50,75
10636,4422,20250425,1800,2,LTX-0010636,BKG-004240,-20,55
10637,3223,20250615,900,1,LTX-0010637,BKG-007099,40,40
10638,3223,20250721,900,1,LTX-0010638,BKG-004698,29,69
10639,3223,20250823,900,1,LTX-0010639,BKG-004247,44,113
10640,3223,20250916,900,1,LTX-0010640,BKG-009912,41,154
10641,4358,20250612,900,1,LTX-0010641,BKG-004251,85,85
10642,4358,20250918,900,1,LTX-0010642,BKG-005196,22,107
10643,4358,20250918,1800,2,LTX-0010643,BKG-005196,-10,97
10644,4358,20251109,900,1,LTX-0010644,BKG-004541,42,139
10645,1017,20241214,900,1,LTX-0010645,BKG-006859,14,14
10646,1017,20250505,900,1,LTX-0010646,BKG-004252,27,41
10647,1017,20250602,900,1,LTX-0010647,BKG-005323,36,77
10648,1017,20251127,900,1,LTX-0010648,BKG-005001,29,106
10649,1017,20251207,900,1,LTX-0010649,BKG-007416,65,171
10650,1017,20251207,1800,2,LTX-0010650,BKG-007416,-10,161
10651,4859,20250519,900,1,LTX-0010651,BKG-004255,36,36
10652,4859,20251202,900,1,LTX-0010652,BKG-009480,109,145
10653,969,20250521,900,1,LTX-0010653,BKG-008507,37,37
10654,969,20250603,900,1,LTX-0010654,BKG-004257,18,55
10655,969,20250720,900,1,LTX-0010655,BKG-005934,63,118
10656,654,20250131,900,1,LTX-0010656,BKG-007623,10,10
10657,654,20250211,900,1,LTX-0010657,BKG-007847,40,50
10658,654,20250409,900,1,LTX-0010658,BKG-004262,51,101
10659,654,20250612,900,1,LTX-0010659,BKG-004659,25,126
10660,654,20250701,900,1,LTX-0010660,BKG-004517,55,181
10661,654,20251220,900,1,LTX-0010661,BKG-004471,18,199
10662,1075,20250425,900,1,LTX-0010662,BKG-012009,34,34
10663,1075,20250523,900,1,LTX-0010663,BKG-004265,53,87
10664,1075,20251201,900,1,LTX-0010664,BKG-009452,72,159
10665,204,20250819,900,1,LTX-0010665,BKG-004266,46,46
10666,204,20251027,900,1,LTX-0010666,BKG-008465,55,101
10667,2382,20250414,900,1,LTX-0010667,BKG-007457,28,28
10668,2382,20250612,900,1,LTX-0010668,BKG-004267,47,75
10669,2382,20250621,900,1,LTX-0010669,BKG-012045,39,114
10670,2382,20250621,1800,2,LTX-0010670,BKG-012045,-20,94
10671,2382,20250627,900,1,LTX-0010671,BKG-012371,39,133
10672,2382,20251209,900,1,LTX-0010672,BKG-004898,89,222
10673,4294,20250517,900,1,LTX-0010673,BKG-004270,98,98
10674,4294,20250708,900,1,LTX-0010674,BKG-006876,46,144
10675,4852,20250314,900,1,LTX-0010675,BKG-004271,54,54
10676,4852,20250429,900,1,LTX-0010676,BKG-006439,42,96
10677,4852,20250513,900,1,LTX-0010677,BKG-008977,13,109
10678,4852,20250519,900,1,LTX-0010678,BKG-008349,86,195
10679,4285,20250617,900,1,LTX-0010679,BKG-004274,17,17
10680,4898,20250611,900,1,LTX-0010680,BKG-009840,20,20
10681,4898,20251123,900,1,LTX-0010681,BKG-004276,47,67
10682,4187,20250610,900,1,LTX-0010682,BKG-012158,9,9
10683,4187,20250731,900,1,LTX-0010683,BKG-004278,30,39
10684,4187,20251118,900,1,LTX-0010684,BKG-007218,54,93
10685,2061,20250525,900,1,LTX-0010685,BKG-004279,48,48
10686,2061,20250525,900,1,LTX-0010686,BKG-006946,60,108
10687,2061,20251202,900,1,LTX-0010687,BKG-009431,50,158
10688,2061,20251205,900,1,LTX-0010688,BKG-005408,9,167
10689,1582,20250103,900,1,LTX-0010689,BKG-008377,70,70
10690,1582,20250207,900,1,LTX-0010690,BKG-009793,50,120
10691,1582,20250405,900,1,LTX-0010691,BKG-010021,51,171
10692,1582,20251126,900,1,LTX-0010692,BKG-004281,37,208
10693,2573,20250512,900,1,LTX-0010693,BKG-007805,86,86
10694,2573,20251115,900,1,LTX-0010694,BKG-008026,50,136
10695,2573,20251129,900,1,LTX-0010695,BKG-004284,37,173
10696,2573,20251221,900,1,LTX-0010696,BKG-005007,84,257
10697,3669,20241213,900,1,LTX-0010697,BKG-004286,9,9
10698,3669,20250308,900,1,LTX-0010698,BKG-010412,30,39
10699,664,20250623,900,1,LTX-0010699,BKG-012414,45,45
10700,664,20250623,1800,2,LTX-0010700,BKG-012414,-30,15
10701,664,20251030,900,1,LTX-0010701,BKG-004290,34,49
10702,664,20251108,900,1,LTX-0010702,BKG-009787,65,114
10703,664,20251108,1800,2,LTX-0010703,BKG-009787,-20,94
10704,664,20251112,900,1,LTX-0010704,BKG-010698,41,135
10705,1636,20250116,900,1,LTX-0010705,BKG-010808,64,64
10706,1637,20251114,900,1,LTX-0010706,BKG-004292,45,109
10707,1637,20251217,900,1,LTX-0010707,BKG-004309,47,156
10708,1647,20250622,900,1,LTX-0010708,BKG-004301,25,25
10709,1647,20250830,900,1,LTX-0010709,BKG-004481,7,32
10710,1151,20250205,900,1,LTX-0010710,BKG-004302,48,48
10711,2518,20250217,900,1,LTX-0010711,BKG-012353,50,50
10712,2518,20250223,900,1,LTX-0010712,BKG-006780,41,91
10713,2518,20250616,900,1,LTX-0010713,BKG-009696,43,134
10714,2518,20250616,1800,2,LTX-0010714,BKG-009696,-20,114
10715,2518,20250723,900,1,LTX-0010715,BKG-010825,29,143
10716,2518,20250923,900,1,LTX-0010716,BKG-011190,38,181
10717,2518,20251126,900,1,LTX-0010717,BKG-009167,37,218
10718,2518,20251130,900,1,LTX-0010718,BKG-004304,16,234
10719,2518,20251204,900,1,LTX-0010719,BKG-006254,38,272
10720,4656,20250430,900,1,LTX-0010720,BKG-007886,72,72
10721,4656,20250618,900,1,LTX-0010721,BKG-011550,9,81
10722,4656,20250618,1800,2,LTX-0010722,BKG-011550,-10,71
10723,4657,20251014,900,1,LTX-0010723,BKG-004305,60,131
10724,1041,20250704,900,1,LTX-0010724,BKG-004311,92,92
10725,1041,20251023,900,1,LTX-0010725,BKG-012294,20,112
10726,1041,20251115,900,1,LTX-0010726,BKG-011445,51,163
10727,2046,20241216,900,1,LTX-0010727,BKG-008970,54,54
10728,2046,20250429,900,1,LTX-0010728,BKG-010493,45,99
10729,2046,20250513,900,1,LTX-0010729,BKG-009324,36,135
10730,2046,20250515,900,1,LTX-0010730,BKG-008006,24,159
10731,2046,20250515,1800,2,LTX-0010731,BKG-008006,-20,139
10732,2047,20250919,900,1,LTX-0010732,BKG-011969,53,192
10733,2047,20251109,900,1,LTX-0010733,BKG-004312,39,231
10734,4720,20250313,900,1,LTX-0010734,BKG-007299,89,89
10735,4720,20250313,1800,2,LTX-0010735,BKG-007299,-30,59
10736,4720,20250417,900,1,LTX-0010736,BKG-004313,21,80
10737,4720,20251110,900,1,LTX-0010737,BKG-004686,40,120
10738,4720,20251214,900,1,LTX-0010738,BKG-006516,68,188
10739,2876,20250104,900,1,LTX-0010739,BKG-007150,73,73
10740,2876,20250504,900,1,LTX-0010740,BKG-004314,40,113
10741,2876,20250703,900,1,LTX-0010741,BKG-008829,22,135
10742,3496,20250329,900,1,LTX-0010742,BKG-010385,42,42
10743,3496,20250527,900,1,LTX-0010743,BKG-004316,19,61
10744,12,20250519,900,1,LTX-0010744,BKG-011454,25,25
10745,12,20251028,900,1,LTX-0010745,BKG-004317,37,62
10746,2210,20250621,900,1,LTX-0010746,BKG-008356,25,25
10747,2210,20251113,900,1,LTX-0010747,BKG-004318,37,62
10748,560,20251118,900,1,LTX-0010748,BKG-004468,25,25
10749,560,20251219,900,1,LTX-0010749,BKG-004320,25,50
10750,248,20250202,900,1,LTX-0010750,BKG-004323,40,40
10751,249,20250407,900,1,LTX-0010751,BKG-010045,28,68
10752,2183,20250501,900,1,LTX-0010752,BKG-004324,36,36
10753,4479,20250519,900,1,LTX-0010753,BKG-010326,48,48
10754,4479,20251111,900,1,LTX-0010754,BKG-006653,17,65
10755,4479,20251205,900,1,LTX-0010755,BKG-004325,30,95
10756,427,20241229,900,1,LTX-0010756,BKG-005775,38,38
10757,427,20250120,900,1,LTX-0010757,BKG-004329,50,88
10758,427,20250526,900,1,LTX-0010758,BKG-011763,78,166
10759,427,20250606,900,1,LTX-0010759,BKG-006212,59,225
10760,427,20250624,900,1,LTX-0010760,BKG-010001,76,301
10761,427,20250627,900,1,LTX-0010761,BKG-008776,45,346
10762,427,20250627,1800,2,LTX-0010762,BKG-008776,-30,316
10763,427,20251113,900,1,LTX-0010763,BKG-005594,10,326
10764,716,20250613,900,1,LTX-0010764,BKG-010903,47,47
10765,716,20250630,900,1,LTX-0010765,BKG-004330,21,68
10766,716,20251212,900,1,LTX-0010766,BKG-005689,30,98
10767,976,20250419,900,1,LTX-0010767,BKG-004405,47,47
10768,976,20250608,900,1,LTX-0010768,BKG-004333,29,76
10769,976,20250608,1800,2,LTX-0010769,BKG-004333,-20,56
10770,976,20250706,900,1,LTX-0010770,BKG-007191,65,121
10771,976,20251206,900,1,LTX-0010771,BKG-009491,45,166
10772,2138,20250320,900,1,LTX-0010772,BKG-004335,27,27
10773,2138,20250630,900,1,LTX-0010773,BKG-012147,11,38
10774,2138,20250630,1800,2,LTX-0010774,BKG-012147,-20,18
10775,2036,20250415,900,1,LTX-0010775,BKG-004337,28,28
10776,2036,20250415,1800,2,LTX-0010776,BKG-004337,-20,8
10777,2037,20251123,900,1,LTX-0010777,BKG-005519,32,40
10778,2037,20251127,900,1,LTX-0010778,BKG-012193,32,72
10779,2037,20251127,1800,2,LTX-0010779,BKG-012193,-30,42
10780,2959,20250602,900,1,LTX-0010780,BKG-004339,66,66
10781,2959,20250709,900,1,LTX-0010781,BKG-008436,38,104
10782,4576,20250322,900,1,LTX-0010782,BKG-009335,52,52
10783,4576,20250322,1800,2,LTX-0010783,BKG-009335,-30,22
10784,4577,20250717,900,1,LTX-0010784,BKG-004342,37,59
10785,4577,20250717,1800,2,LTX-0010785,BKG-004342,-10,49
10786,1128,20250602,900,1,LTX-0010786,BKG-004343,39,39
10787,1128,20250612,900,1,LTX-0010787,BKG-009188,25,64
10788,1128,20251129,900,1,LTX-0010788,BKG-010842,104,168
10789,985,20250623,900,1,LTX-0010789,BKG-004356,71,71
10790,985,20251114,900,1,LTX-0010790,BKG-011828,16,87
10791,512,20250211,900,1,LTX-0010791,BKG-006910,8,8
10792,512,20250314,900,1,LTX-0010792,BKG-008842,62,70
10793,512,20250616,900,1,LTX-0010793,BKG-005422,35,105
10794,512,20250627,900,1,LTX-0010794,BKG-004358,29,134
10795,512,20250706,900,1,LTX-0010795,BKG-008895,20,154
10796,512,20250724,900,1,LTX-0010796,BKG-005503,9,163
10797,512,20251123,900,1,LTX-0010797,BKG-005155,29,192
10798,310,20250526,900,1,LTX-0010798,BKG-004359,38,38
10799,310,20250702,900,1,LTX-0010799,BKG-009349,40,78
10800,310,20250827,900,1,LTX-0010800,BKG-011481,8,86
10801,1515,20250305,900,1,LTX-0010801,BKG-004364,32,32
10802,1515,20250305,1800,2,LTX-0010802,BKG-004364,-10,22
10803,1515,20250906,900,1,LTX-0010803,BKG-009016,63,85
10804,1762,20250405,900,1,LTX-0010804,BKG-008982,47,47
10805,1762,20250611,900,1,LTX-0010805,BKG-004370,12,59
10806,1762,20251212,900,1,LTX-0010806,BKG-009259,68,127
10807,2022,20250719,900,1,LTX-0010807,BKG-007635,60,60
10808,2022,20251102,900,1,LTX-0010808,BKG-004371,45,105
10809,2022,20251220,900,1,LTX-0010809,BKG-009430,12,117
10810,2957,20250220,900,1,LTX-0010810,BKG-004374,16,16
10811,2957,20250321,900,1,LTX-0010811,BKG-011431,60,76
10812,2957,20250321,1800,2,LTX-0010812,BKG-011431,-30,46
10813,2957,20251130,900,1,LTX-0010813,BKG-007244,84,130
10814,2812,20250520,900,1,LTX-0010814,BKG-004375,50,50
10815,2812,20250625,900,1,LTX-0010815,BKG-012050,11,61
10816,2013,20250726,900,1,LTX-0010816,BKG-004376,59,59
10817,2013,20250927,900,1,LTX-0010817,BKG-004853,50,109
10818,2013,20251116,900,1,LTX-0010818,BKG-005587,25,134
10819,1630,20250213,900,1,LTX-0010819,BKG-006605,44,44
10820,1630,20250320,900,1,LTX-0010820,BKG-005593,60,104
10821,1630,20250505,900,1,LTX-0010821,BKG-010668,52,156
10822,1630,20250611,900,1,LTX-0010822,BKG-011272,31,187
10823,1630,20250716,900,1,LTX-0010823,BKG-004378,8,195
10824,1630,20251104,900,1,LTX-0010824,BKG-012060,25,220
10825,705,20250319,900,1,LTX-0010825,BKG-008082,60,60
10826,705,20250818,900,1,LTX-0010826,BKG-004386,41,101
10827,705,20250818,1800,2,LTX-0010827,BKG-004386,-10,91
10828,706,20251204,900,1,LTX-0010828,BKG-010869,22,113
10829,2494,20250421,900,1,LTX-0010829,BKG-008906,38,38
10830,2494,20250518,900,1,LTX-0010830,BKG-004387,40,78
10831,2494,20250526,900,1,LTX-0010831,BKG-007990,27,105
10832,2848,20250224,900,1,LTX-0010832,BKG-004391,84,84
10833,2848,20250502,900,1,LTX-0010833,BKG-010520,66,150
10834,2848,20250816,900,1,LTX-0010834,BKG-005206,19,169
10835,3319,20250317,900,1,LTX-0010835,BKG-009124,34,34
10836,3319,20250516,900,1,LTX-0010836,BKG-008015,34,68
10837,3319,20250531,900,1,LTX-0010837,BKG-004393,77,145
10838,901,20250105,900,1,LTX-0010838,BKG-010604,25,25
10839,901,20250528,900,1,LTX-0010839,BKG-004394,44,69
10840,901,20250612,900,1,LTX-0010840,BKG-011565,30,99
10841,179,20250414,900,1,LTX-0010841,BKG-005695,44,44
10842,179,20251008,900,1,LTX-0010842,BKG-006999,23,67
10843,179,20251104,900,1,LTX-0010843,BKG-004397,55,122
10844,2051,20250621,900,1,LTX-0010844,BKG-005060,38,38
10845,2051,20250701,900,1,LTX-0010845,BKG-006834,44,82
10846,2052,20251108,900,1,LTX-0010846,BKG-004403,41,123
10847,4759,20241217,900,1,LTX-0010847,BKG-004627,16,16
10848,4759,20250627,900,1,LTX-0010848,BKG-010462,30,46
10849,4759,20251118,900,1,LTX-0010849,BKG-004404,18,64
10850,4759,20251118,900,1,LTX-0010850,BKG-008091,51,115
10851,4759,20251118,1800,2,LTX-0010851,BKG-008091,-30,85
10852,4759,20251213,900,1,LTX-0010852,BKG-004778,72,157
10853,4759,20251213,1800,2,LTX-0010853,BKG-004778,-10,147
10854,4816,20241224,900,1,LTX-0010854,BKG-010955,47,47
10855,4816,20250530,900,1,LTX-0010855,BKG-006825,65,112
10856,4816,20250721,900,1,LTX-0010856,BKG-008588,13,125
10857,4816,20250826,900,1,LTX-0010857,BKG-004407,25,150
10858,905,20250524,900,1,LTX-0010858,BKG-005831,65,65
10859,905,20250611,900,1,LTX-0010859,BKG-009980,50,115
10860,905,20250617,900,1,LTX-0010860,BKG-011875,55,170
10861,905,20250720,900,1,LTX-0010861,BKG-005504,11,181
10862,905,20250815,900,1,LTX-0010862,BKG-004410,18,199
10863,595,20250610,900,1,LTX-0010863,BKG-004411,65,65
10864,4310,20250730,900,1,LTX-0010864,BKG-011990,57,57
10865,4310,20250812,900,1,LTX-0010865,BKG-004414,48,105
10866,4310,20251214,900,1,LTX-0010866,BKG-005344,23,128
10867,70,20250403,900,1,LTX-0010867,BKG-004419,34,34
10868,70,20250403,1800,2,LTX-0010868,BKG-004419,-30,4
10869,70,20250522,900,1,LTX-0010869,BKG-004477,34,38
10870,70,20250711,900,1,LTX-0010870,BKG-007411,28,66
10871,97,20250107,900,1,LTX-0010871,BKG-009721,41,41
10872,97,20250429,900,1,LTX-0010872,BKG-008824,30,71
10873,97,20251003,900,1,LTX-0010873,BKG-008080,44,115
10874,97,20251204,900,1,LTX-0010874,BKG-004420,49,164
10875,3088,20241227,900,1,LTX-0010875,BKG-006202,22,22
10876,3088,20250416,900,1,LTX-0010876,BKG-008544,43,65
10877,3088,20250528,900,1,LTX-0010877,BKG-004422,28,93
10878,3088,20250630,900,1,LTX-0010878,BKG-005716,72,165
10879,3088,20251121,900,1,LTX-0010879,BKG-004882,18,183
10880,3088,20251126,900,1,LTX-0010880,BKG-007769,51,234
10881,3684,20251203,900,1,LTX-0010881,BKG-007351,48,48
10882,3684,20251219,900,1,LTX-0010882,BKG-004423,22,70
10883,4287,20250711,900,1,LTX-0010883,BKG-004561,48,48
10884,4287,20250721,900,1,LTX-0010884,BKG-004424,69,117
10885,4051,20241230,900,1,LTX-0010885,BKG-004425,16,16
10886,4051,20250127,900,1,LTX-0010886,BKG-011646,8,24
10887,4051,20250520,900,1,LTX-0010887,BKG-012170,50,74
10888,4051,20250914,900,1,LTX-0010888,BKG-006405,36,110
10889,4051,20250914,1800,2,LTX-0010889,BKG-006405,-10,100
10890,1067,20250809,900,1,LTX-0010890,BKG-004426,36,36
10891,1067,20251114,900,1,LTX-0010891,BKG-010576,33,69
10892,935,20250117,900,1,LTX-0010892,BKG-004718,49,49
10893,935,20250416,900,1,LTX-0010893,BKG-004427,68,117
10894,935,20250514,900,1,LTX-0010894,BKG-011601,89,206
10895,1714,20250107,900,1,LTX-0010895,BKG-009520,42,42
10896,1714,20250705,900,1,LTX-0010896,BKG-007995,75,117
10897,1714,20250922,900,1,LTX-0010897,BKG-012443,52,169
10898,1714,20251213,900,1,LTX-0010898,BKG-004428,9,178
10899,746,20250622,900,1,LTX-0010899,BKG-008979,66,66
10900,746,20250622,1800,2,LTX-0010900,BKG-008979,-10,56
10901,746,20250623,900,1,LTX-0010901,BKG-007306,22,78
10902,746,20250716,900,1,LTX-0010902,BKG-006448,26,104
10903,746,20250811,900,1,LTX-0010903,BKG-004435,15,119
10904,746,20251011,900,1,LTX-0010904,BKG-010513,29,148
10905,746,20251117,900,1,LTX-0010905,BKG-008331,36,184
10906,2613,20250221,900,1,LTX-0010906,BKG-008197,8,8
10907,2614,20250628,900,1,LTX-0010907,BKG-004438,10,18
10908,2614,20250628,1800,2,LTX-0010908,BKG-004438,-10,8
10909,539,20251115,900,1,LTX-0010909,BKG-004445,22,22
10910,3073,20250514,900,1,LTX-0010910,BKG-004446,37,37
10911,2863,20241231,900,1,LTX-0010911,BKG-004447,42,42
10912,4605,20250907,900,1,LTX-0010912,BKG-004451,62,62
10913,4605,20250907,1800,2,LTX-0010913,BKG-004451,-20,42
10914,4092,20250527,900,1,LTX-0010914,BKG-004454,76,76
10915,1783,20250225,900,1,LTX-0010915,BKG-004455,64,64
10916,1783,20250225,1800,2,LTX-0010916,BKG-004455,-20,44
10917,1783,20251009,900,1,LTX-0010917,BKG-011485,16,60
10918,781,20250319,900,1,LTX-0010918,BKG-004641,44,44
10919,781,20250608,900,1,LTX-0010919,BKG-007881,20,64
10920,781,20250920,900,1,LTX-0010920,BKG-004462,73,137
10921,781,20251130,900,1,LTX-0010921,BKG-007373,41,178
10922,709,20250525,900,1,LTX-0010922,BKG-004463,63,63
10923,709,20251123,900,1,LTX-0010923,BKG-009161,60,123
10924,4618,20250616,900,1,LTX-0010924,BKG-004467,68,68
10925,4618,20250929,900,1,LTX-0010925,BKG-011840,25,93
10926,2742,20250615,900,1,LTX-0010926,BKG-004472,54,54
10927,2743,20250804,900,1,LTX-0010927,BKG-012338,69,123
10928,2743,20250804,1800,2,LTX-0010928,BKG-012338,-20,103
10929,1641,20250515,900,1,LTX-0010929,BKG-004474,25,25
10930,1641,20250924,900,1,LTX-0010930,BKG-011922,29,54
10931,136,20250624,900,1,LTX-0010931,BKG-007288,79,79
10932,136,20250723,900,1,LTX-0010932,BKG-006598,65,144
10933,136,20250802,900,1,LTX-0010933,BKG-004478,42,186
10934,1536,20251112,900,1,LTX-0010934,BKG-004483,41,41
10935,4711,20250208,900,1,LTX-0010935,BKG-004490,34,34
10936,4711,20250208,1800,2,LTX-0010936,BKG-004490,-30,4
10937,4711,20250621,900,1,LTX-0010937,BKG-006751,52,56
10938,4711,20250728,900,1,LTX-0010938,BKG-010225,38,94
10939,4711,20251208,900,1,LTX-0010939,BKG-006991,50,144
10940,505,20250530,900,1,LTX-0010940,BKG-004494,13,13
10941,505,20250701,900,1,LTX-0010941,BKG-009907,51,64
10942,505,20251114,900,1,LTX-0010942,BKG-007666,36,100
10943,3748,20250601,900,1,LTX-0010943,BKG-004499,69,69
10944,3748,20250622,900,1,LTX-0010944,BKG-006979,54,123
10945,3749,20251019,900,1,LTX-0010945,BKG-009049,49,172
10946,3749,20251019,1800,2,LTX-0010946,BKG-009049,-30,142
10947,1050,20250506,900,1,LTX-0010947,BKG-004500,22,22
10948,1177,20241210,900,1,LTX-0010948,BKG-006972,17,17
10949,1177,20250604,900,1,LTX-0010949,BKG-010485,15,32
10950,1177,20250616,900,1,LTX-0010950,BKG-009399,63,95
10951,1177,20250903,900,1,LTX-0010951,BKG-004516,68,163
10952,3856,20250324,900,1,LTX-0010952,BKG-009982,26,26
10953,3856,20250601,900,1,LTX-0010953,BKG-004519,52,78
10954,3856,20250618,900,1,LTX-0010954,BKG-008796,46,124
10955,2523,20251102,900,1,LTX-0010955,BKG-008942,58,58
10956,2523,20251118,900,1,LTX-0010956,BKG-004523,45,103
10957,2523,20251119,900,1,LTX-0010957,BKG-006105,36,139
10958,3107,20241223,900,1,LTX-0010958,BKG-011810,55,55
10959,3107,20250401,900,1,LTX-0010959,BKG-010931,36,91
10960,3107,20250713,900,1,LTX-0010960,BKG-004531,47,138
10961,3107,20250801,900,1,LTX-0010961,BKG-010758,72,210
10962,3107,20250801,1800,2,LTX-0010962,BKG-010758,-20,190
10963,738,20250706,900,1,LTX-0010963,BKG-011158,41,41
10964,738,20251219,900,1,LTX-0010964,BKG-004533,63,104
10965,3520,20250401,900,1,LTX-0010965,BKG-004539,62,62
10966,3520,20251114,900,1,LTX-0010966,BKG-005694,41,103
10967,3520,20251203,900,1,LTX-0010967,BKG-004534,39,142
10968,2272,20250210,900,1,LTX-0010968,BKG-007656,76,76
10969,2272,20250221,900,1,LTX-0010969,BKG-011503,54,130
10970,2272,20250614,900,1,LTX-0010970,BKG-005749,67,197
10971,2272,20250813,900,1,LTX-0010971,BKG-004549,50,247
10972,2272,20251122,900,1,LTX-0010972,BKG-012077,60,307
10973,2272,20251218,900,1,LTX-0010973,BKG-007018,62,369
10974,4600,20250228,900,1,LTX-0010974,BKG-004556,43,43
10975,4600,20250815,900,1,LTX-0010975,BKG-007052,73,116
10976,4142,20250131,900,1,LTX-0010976,BKG-011665,36,36
10977,4142,20250823,900,1,LTX-0010977,BKG-004558,11,47
10978,4142,20250826,900,1,LTX-0010978,BKG-005855,44,91
10979,4142,20250907,900,1,LTX-0010979,BKG-011211,54,145
10980,4263,20250606,900,1,LTX-0010980,BKG-004560,19,19
10981,384,20250426,900,1,LTX-0010981,BKG-010494,16,16
10982,384,20250506,900,1,LTX-0010982,BKG-011798,28,44
10983,384,20250622,900,1,LTX-0010983,BKG-004569,10,54
10984,384,20250622,1800,2,LTX-0010984,BKG-004569,-10,44
10985,384,20250817,900,1,LTX-0010985,BKG-010468,41,85
10986,267,20250616,900,1,LTX-0010986,BKG-004570,46,46
10987,267,20250704,900,1,LTX-0010987,BKG-006286,124,170
10988,267,20250810,900,1,LTX-0010988,BKG-007835,66,236
10989,267,20251013,900,1,LTX-0010989,BKG-006628,30,266
10990,2365,20250201,900,1,LTX-0010990,BKG-011777,66,66
10991,2365,20250509,900,1,LTX-0010991,BKG-004579,20,86
10992,2365,20250713,900,1,LTX-0010992,BKG-005368,53,139
10993,2365,20250909,900,1,LTX-0010993,BKG-006070,54,193
10994,4833,20251126,900,1,LTX-0010994,BKG-004581,64,64
10995,4551,20250117,900,1,LTX-0010995,BKG-004646,33,33
10996,4551,20250627,900,1,LTX-0010996,BKG-005121,25,58
10997,4551,20251021,900,1,LTX-0010997,BKG-004586,12,70
10998,1700,20250105,900,1,LTX-0010998,BKG-007353,41,41
10999,1700,20250209,900,1,LTX-0010999,BKG-004593,70,111
11000,1700,20251203,900,1,LTX-0011000,BKG-008562,43,154
11001,4648,20241215,900,1,LTX-0011001,BKG-004600,36,36
11002,4648,20250706,900,1,LTX-0011002,BKG-004907,82,118
11003,4648,20250706,1800,2,LTX-0011003,BKG-004907,-20,98
11004,4646,20250607,900,1,LTX-0011004,BKG-010551,44,44
11005,4646,20250704,900,1,LTX-0011005,BKG-012505,48,92
11006,4647,20251108,900,1,LTX-0011006,BKG-004605,37,129
11007,4647,20251112,900,1,LTX-0011007,BKG-009441,10,139
11008,4647,20251130,900,1,LTX-0011008,BKG-009299,41,180
11009,1728,20250102,900,1,LTX-0011009,BKG-009243,47,47
11010,1728,20250102,1800,2,LTX-0011010,BKG-009243,-10,37
11011,1728,20250616,900,1,LTX-0011011,BKG-004606,132,169
11012,1728,20250616,1800,2,LTX-0011012,BKG-004606,-20,149
11013,1728,20250917,900,1,LTX-0011013,BKG-007944,29,178
11014,1729,20251212,900,1,LTX-0011014,BKG-012479,19,197
11015,1383,20250305,900,1,LTX-0011015,BKG-004608,6,6
11016,1383,20251114,900,1,LTX-0011016,BKG-010087,20,26
11017,3853,20250223,900,1,LTX-0011017,BKG-004609,58,58
11018,3853,20251014,900,1,LTX-0011018,BKG-007671,70,128
11019,3853,20251014,1800,2,LTX-0011019,BKG-007671,-30,98
11020,4815,20250328,900,1,LTX-0011020,BKG-004615,38,38
11021,4815,20250701,900,1,LTX-0011021,BKG-007046,35,73
11022,4815,20250717,900,1,LTX-0011022,BKG-009228,45,118
11023,4815,20251209,900,1,LTX-0011023,BKG-005492,57,175
11024,3044,20250504,900,1,LTX-0011024,BKG-004617,28,28
11025,3044,20251211,900,1,LTX-0011025,BKG-011304,70,98
11026,3044,20251211,1800,2,LTX-0011026,BKG-011304,-30,68
11027,3578,20250611,900,1,LTX-0011027,BKG-009260,68,68
11028,3578,20250801,900,1,LTX-0011028,BKG-011343,61,129
11029,3579,20251130,900,1,LTX-0011029,BKG-004618,39,168
11030,2075,20251121,900,1,LTX-0011030,BKG-004623,33,33
11031,2075,20251212,900,1,LTX-0011031,BKG-009101,70,103
11032,1977,20250702,900,1,LTX-0011032,BKG-004634,23,23
11033,1977,20251201,900,1,LTX-0011033,BKG-006096,58,81
11034,1977,20251204,900,1,LTX-0011034,BKG-008956,56,137
11035,3376,20250330,900,1,LTX-0011035,BKG-012086,44,44
11036,3376,20250515,900,1,LTX-0011036,BKG-004636,31,75
11037,3376,20250520,900,1,LTX-0011037,BKG-009863,10,85
11038,3376,20250709,900,1,LTX-0011038,BKG-007872,48,133
11039,3376,20251117,900,1,LTX-0011039,BKG-011329,35,168
11040,4769,20250210,900,1,LTX-0011040,BKG-006616,29,29
11041,4769,20250526,900,1,LTX-0011041,BKG-005555,79,108
11042,4769,20250605,900,1,LTX-0011042,BKG-008675,12,120
11043,4769,20250724,900,1,LTX-0011043,BKG-004643,41,161
11044,4769,20251113,900,1,LTX-0011044,BKG-005974,52,213
11045,3303,20250520,900,1,LTX-0011045,BKG-010241,60,60
11046,3303,20250615,900,1,LTX-0011046,BKG-004644,27,87
11047,3303,20250702,900,1,LTX-0011047,BKG-006153,9,96
11048,3303,20251201,900,1,LTX-0011048,BKG-011981,46,142
11049,4706,20250320,900,1,LTX-0011049,BKG-005165,27,27
11050,4706,20250618,900,1,LTX-0011050,BKG-005140,25,52
11051,4706,20250717,900,1,LTX-0011051,BKG-004645,42,94
11052,3420,20250525,900,1,LTX-0011052,BKG-010608,79,79
11053,3420,20251119,900,1,LTX-0011053,BKG-004656,52,131
11054,2866,20250928,900,1,LTX-0011054,BKG-005930,36,36
11055,2866,20251101,900,1,LTX-0011055,BKG-009479,54,90
11056,2866,20251121,900,1,LTX-0011056,BKG-004657,39,129
11057,4421,20250330,900,1,LTX-0011057,BKG-004658,51,51
11058,4421,20250330,1800,2,LTX-0011058,BKG-004658,-20,31
11059,4421,20250528,900,1,LTX-0011059,BKG-007362,55,86
11060,4421,20251108,900,1,LTX-0011060,BKG-008541,81,167
11061,3245,20250302,900,1,LTX-0011061,BKG-004660,14,14
11062,3245,20250623,900,1,LTX-0011062,BKG-007075,72,86
11063,3245,20250914,900,1,LTX-0011063,BKG-005911,63,149
11064,3245,20251122,900,1,LTX-0011064,BKG-007720,41,190
11065,3141,20250701,900,1,LTX-0011065,BKG-011555,70,70
11066,3142,20250923,900,1,LTX-0011066,BKG-004661,54,124
11067,3142,20250923,1800,2,LTX-0011067,BKG-004661,-30,94
11068,351,20251004,900,1,LTX-0011068,BKG-004663,42,42
11069,1426,20250928,900,1,LTX-0011069,BKG-009551,26,26
11070,1427,20251029,900,1,LTX-0011070,BKG-004670,62,88
11071,1347,20250121,900,1,LTX-0011071,BKG-009061,29,29
11072,1347,20250316,900,1,LTX-0011072,BKG-004672,26,55
11073,1347,20250921,900,1,LTX-0011073,BKG-008711,48,103
11074,1347,20251206,900,1,LTX-0011074,BKG-005676,43,146
11075,4760,20250509,900,1,LTX-0011075,BKG-004676,63,63
11076,1319,20250520,900,1,LTX-0011076,BKG-004678,30,30
11077,1320,20250628,900,1,LTX-0011077,BKG-011486,35,65
11078,1320,20251024,900,1,LTX-0011078,BKG-005701,40,105
11079,1320,20251207,900,1,LTX-0011079,BKG-009215,40,145
11080,1320,20251207,1800,2,LTX-0011080,BKG-009215,-10,135
11081,2528,20250603,900,1,LTX-0011081,BKG-004682,41,41
11082,2528,20250614,900,1,LTX-0011082,BKG-005382,22,63
11083,2705,20250611,900,1,LTX-0011083,BKG-005070,11,11
11084,2705,20250704,900,1,LTX-0011084,BKG-011632,16,27
11085,2705,20250901,900,1,LTX-0011085,BKG-010214,68,95
11086,2705,20251116,900,1,LTX-0011086,BKG-011293,13,108
11087,2705,20251122,900,1,LTX-0011087,BKG-004683,60,168
11088,2705,20251219,900,1,LTX-0011088,BKG-009194,28,196
11089,1417,20250703,900,1,LTX-0011089,BKG-004685,106,106
11090,143,20250602,900,1,LTX-0011090,BKG-004693,72,72
11091,143,20250721,900,1,LTX-0011091,BKG-009541,60,132
11092,1,20250320,900,1,LTX-0011092,BKG-007254,35,35
11093,1,20250717,900,1,LTX-0011093,BKG-004699,22,57
11094,1,20250717,900,1,LTX-0011094,BKG-004895,26,83
11095,3025,20250512,900,1,LTX-0011095,BKG-010016,40,40
11096,3025,20250627,900,1,LTX-0011096,BKG-004700,68,108
11097,2186,20250126,900,1,LTX-0011097,BKG-010730,9,9
11098,2186,20251217,900,1,LTX-0011098,BKG-004702,30,39
11099,2222,20250603,900,1,LTX-0011099,BKG-004703,17,17
11100,2223,20251210,900,1,LTX-0011100,BKG-009113,72,89
11101,2223,20251216,900,1,LTX-0011101,BKG-006489,16,105
11102,1833,20250123,900,1,LTX-0011102,BKG-005471,60,60
11103,1833,20250613,900,1,LTX-0011103,BKG-004704,44,104
11104,4767,20250730,900,1,LTX-0011104,BKG-004706,54,54
11105,1789,20241229,900,1,LTX-0011105,BKG-004707,16,16
11106,1789,20250317,900,1,LTX-0011106,BKG-009777,79,95
11107,1789,20250317,1800,2,LTX-0011107,BKG-009777,-20,75
11108,1789,20250620,900,1,LTX-0011108,BKG-011645,44,119
11109,2291,20250209,900,1,LTX-0011109,BKG-011270,36,36
11110,2291,20250624,900,1,LTX-0011110,BKG-004712,43,79
11111,2291,20250624,1800,2,LTX-0011111,BKG-004712,-30,49
11112,246,20250413,900,1,LTX-0011112,BKG-009733,70,70
11113,247,20251115,900,1,LTX-0011113,BKG-004715,42,112
11114,951,20250219,900,1,LTX-0011114,BKG-009030,62,62
11115,951,20250403,900,1,LTX-0011115,BKG-004716,53,115
11116,951,20250416,900,1,LTX-0011116,BKG-006556,50,165
11117,951,20250802,900,1,LTX-0011117,BKG-004899,6,171
11118,4253,20250412,900,1,LTX-0011118,BKG-005860,16,16
11119,4253,20250625,900,1,LTX-0011119,BKG-004720,59,75
11120,4878,20250510,900,1,LTX-0011120,BKG-008830,53,53
11121,4878,20251015,900,1,LTX-0011121,BKG-004721,69,122
11122,388,20250607,900,1,LTX-0011122,BKG-004724,21,21
11123,388,20250607,1800,2,LTX-0011123,BKG-004724,-20,1
11124,388,20250627,900,1,LTX-0011124,BKG-010243,50,51
11125,388,20251220,900,1,LTX-0011125,BKG-010067,55,106
11126,4385,20250326,900,1,LTX-0011126,BKG-004725,34,34
11127,4385,20250412,900,1,LTX-0011127,BKG-008779,22,56
11128,4386,20250605,900,1,LTX-0011128,BKG-005605,72,128
11129,394,20250525,900,1,LTX-0011129,BKG-004727,69,69
11130,1363,20250303,900,1,LTX-0011130,BKG-004731,52,52
11131,3909,20250105,900,1,LTX-0011131,BKG-004732,8,8
11132,3909,20250704,900,1,LTX-0011132,BKG-004881,87,95
11133,3909,20250721,900,1,LTX-0011133,BKG-008458,85,180
11134,3909,20251128,900,1,LTX-0011134,BKG-009134,23,203
11135,4565,20250628,900,1,LTX-0011135,BKG-004738,12,12
11136,3464,20250701,900,1,LTX-0011136,BKG-004739,32,32
11137,723,20250202,900,1,LTX-0011137,BKG-008791,78,78
11138,723,20250406,900,1,LTX-0011138,BKG-009027,57,135
11139,723,20250811,900,1,LTX-0011139,BKG-011597,50,185
11140,723,20251220,900,1,LTX-0011140,BKG-004749,44,229
11141,1172,20250606,900,1,LTX-0011141,BKG-005019,62,62
11142,1172,20251021,900,1,LTX-0011142,BKG-008594,22,84
11143,1172,20251030,900,1,LTX-0011143,BKG-004752,25,109
11144,1172,20251101,900,1,LTX-0011144,BKG-009200,38,147
11145,1172,20251101,1800,2,LTX-0011145,BKG-009200,-20,127
11146,1172,20251113,900,1,LTX-0011146,BKG-007466,28,155
11147,3371,20250220,900,1,LTX-0011147,BKG-006759,44,44
11148,3371,20250629,900,1,LTX-0011148,BKG-004753,47,91
11149,3371,20251202,900,1,LTX-0011149,BKG-011336,42,133
11150,3939,20250403,900,1,LTX-0011150,BKG-004754,47,47
11151,1193,20241223,900,1,LTX-0011151,BKG-008936,25,25
11152,1193,20241231,900,1,LTX-0011152,BKG-010689,23,48
11153,1193,20241231,1800,2,LTX-0011153,BKG-010689,-20,28
11154,1193,20250523,900,1,LTX-0011154,BKG-012149,44,72
11155,1193,20250712,900,1,LTX-0011155,BKG-011753,56,128
11156,1193,20250806,900,1,LTX-0011156,BKG-004756,20,148
11157,4518,20250127,900,1,LTX-0011157,BKG-007834,68,68
11158,4518,20250202,900,1,LTX-0011158,BKG-004758,10,78
11159,4518,20250607,900,1,LTX-0011159,BKG-007545,72,150
11160,4518,20251124,900,1,LTX-0011160,BKG-011172,120,270
11161,92,20250107,900,1,LTX-0011161,BKG-010616,62,62
11162,92,20251118,900,1,LTX-0011162,BKG-004771,67,129
11163,3898,20250110,900,1,LTX-0011163,BKG-010348,62,62
11164,3898,20250515,900,1,LTX-0011164,BKG-004773,27,89
11165,4700,20250523,900,1,LTX-0011165,BKG-004781,26,26
11166,4700,20251001,900,1,LTX-0011166,BKG-005679,38,64
11167,4871,20250523,900,1,LTX-0011167,BKG-010961,42,42
11168,4871,20250712,900,1,LTX-0011168,BKG-009340,89,131
11169,4871,20250713,900,1,LTX-0011169,BKG-004787,36,167
11170,4110,20250211,900,1,LTX-0011170,BKG-008135,68,68
11171,4110,20250404,900,1,LTX-0011171,BKG-011545,10,78
11172,4110,20250622,900,1,LTX-0011172,BKG-005823,33,111
11173,4111,20250718,900,1,LTX-0011173,BKG-004788,47,158
11174,3315,20250420,900,1,LTX-0011174,BKG-004790,45,45
11175,3315,20250420,1800,2,LTX-0011175,BKG-004790,-30,15
11176,3315,20250620,900,1,LTX-0011176,BKG-010720,31,46
11177,3315,20250716,900,1,LTX-0011177,BKG-007695,28,74
11178,1190,20251028,900,1,LTX-0011178,BKG-004792,43,43
11179,1190,20251028,1800,2,LTX-0011179,BKG-004792,-30,13
11180,1190,20251118,900,1,LTX-0011180,BKG-009614,16,29
11181,1010,20241230,900,1,LTX-0011181,BKG-006578,34,34
11182,1010,20241230,1800,2,LTX-0011182,BKG-006578,-10,24
11183,1010,20250903,900,1,LTX-0011183,BKG-009515,56,80
11184,1010,20251128,900,1,LTX-0011184,BKG-004796,45,125
11185,1010,20251128,1800,2,LTX-0011185,BKG-004796,-20,105
11186,472,20250904,900,1,LTX-0011186,BKG-009660,47,47
11187,472,20251101,900,1,LTX-0011187,BKG-004801,27,74
11188,793,20250206,900,1,LTX-0011188,BKG-005933,57,57
11189,793,20251129,900,1,LTX-0011189,BKG-004804,21,78
11190,846,20250602,900,1,LTX-0011190,BKG-006670,75,75
11191,846,20250903,900,1,LTX-0011191,BKG-011510,22,97
11192,846,20251109,900,1,LTX-0011192,BKG-004809,38,135
11193,846,20251115,900,1,LTX-0011193,BKG-006642,69,204
11194,3137,20250521,900,1,LTX-0011194,BKG-004816,34,34
11195,1510,20250601,900,1,LTX-0011195,BKG-010954,11,11
11196,1510,20250609,900,1,LTX-0011196,BKG-004819,39,50
11197,1510,20250609,1800,2,LTX-0011197,BKG-004819,-10,40
11198,1510,20250711,900,1,LTX-0011198,BKG-010495,77,117
11199,2493,20250202,900,1,LTX-0011199,BKG-010850,26,26
11200,2493,20250427,900,1,LTX-0011200,BKG-005330,66,92
11201,2493,20250516,900,1,LTX-0011201,BKG-009235,74,166
11202,2493,20250624,900,1,LTX-0011202,BKG-007496,42,208
11203,2493,20250724,900,1,LTX-0011203,BKG-004820,24,232
11204,2493,20251124,900,1,LTX-0011204,BKG-010075,48,280
11205,2493,20251124,1800,2,LTX-0011205,BKG-010075,-10,270
11206,448,20250323,900,1,LTX-0011206,BKG-006376,14,14
11207,448,20250520,900,1,LTX-0011207,BKG-004825,45,59
11208,448,20250520,1800,2,LTX-0011208,BKG-004825,-20,39
11209,868,20250210,900,1,LTX-0011209,BKG-009302,17,17
11210,868,20250311,900,1,LTX-0011210,BKG-004828,74,91
11211,868,20250615,900,1,LTX-0011211,BKG-010944,17,108
11212,4061,20250531,900,1,LTX-0011212,BKG-004832,12,12
11213,4178,20250607,900,1,LTX-0011213,BKG-011255,123,123
11214,4178,20250620,900,1,LTX-0011214,BKG-009071,8,131
11215,4178,20250620,1800,2,LTX-0011215,BKG-009071,-20,111
11216,4178,20250805,900,1,LTX-0011216,BKG-004839,74,185
11217,3563,20250616,900,1,LTX-0011217,BKG-007113,63,63
11218,3563,20250925,900,1,LTX-0011218,BKG-004843,50,113
11219,3563,20251130,900,1,LTX-0011219,BKG-010259,48,161
11220,1772,20250517,900,1,LTX-0011220,BKG-004847,28,28
11221,2688,20250507,900,1,LTX-0011221,BKG-004848,9,9
11222,2688,20251113,900,1,LTX-0011222,BKG-010091,82,91
11223,2688,20251128,900,1,LTX-0011223,BKG-010282,81,172
11224,4014,20250821,900,1,LTX-0011224,BKG-004852,28,28
11225,4014,20251002,900,1,LTX-0011225,BKG-006075,45,73
11226,3796,20250527,900,1,LTX-0011226,BKG-011061,24,24
11227,3796,20250528,900,1,LTX-0011227,BKG-010066,53,77
11228,3796,20250611,900,1,LTX-0011228,BKG-005721,72,149
11229,3796,20250715,900,1,LTX-0011229,BKG-012305,48,197
11230,3796,20251124,900,1,LTX-0011230,BKG-004856,48,245
11231,1669,20250902,900,1,LTX-0011231,BKG-004857,25,25
11232,471,20250624,900,1,LTX-0011232,BKG-012096,37,37
11233,471,20250712,900,1,LTX-0011233,BKG-008727,27,64
11234,471,20251109,900,1,LTX-0011234,BKG-004858,31,95
11235,2619,20250126,900,1,LTX-0011235,BKG-010346,44,44
11236,2619,20250126,1800,2,LTX-0011236,BKG-010346,-30,14
11237,2619,20250619,900,1,LTX-0011237,BKG-004860,76,90
11238,759,20250312,900,1,LTX-0011238,BKG-009868,32,32
11239,759,20250621,900,1,LTX-0011239,BKG-004861,34,66
11240,759,20250621,1800,2,LTX-0011240,BKG-004861,-20,46
11241,759,20250702,900,1,LTX-0011241,BKG-007342,50,96
11242,741,20250121,900,1,LTX-0011242,BKG-008552,77,77
11243,741,20250307,900,1,LTX-0011243,BKG-007702,97,174
11244,741,20250719,900,1,LTX-0011244,BKG-010238,58,232
11245,741,20251218,900,1,LTX-0011245,BKG-004868,92,324
11246,741,20251218,1800,2,LTX-0011246,BKG-004868,-20,304
11247,2311,20250126,900,1,LTX-0011247,BKG-004869,9,9
11248,2425,20250220,900,1,LTX-0011248,BKG-010535,32,32
11249,2425,20250220,1800,2,LTX-0011249,BKG-010535,-10,22
11250,2425,20251006,900,1,LTX-0011250,BKG-004877,25,47
11251,2425,20251021,900,1,LTX-0011251,BKG-012481,27,74
11252,1615,20250307,900,1,LTX-0011252,BKG-005072,48,48
11253,1615,20250726,900,1,LTX-0011253,BKG-011999,72,120
11254,1615,20251011,900,1,LTX-0011254,BKG-004879,36,156
11255,1615,20251112,900,1,LTX-0011255,BKG-007014,45,201
11256,3446,20250110,900,1,LTX-0011256,BKG-011493,24,24
11257,3446,20250130,900,1,LTX-0011257,BKG-005537,80,104
11258,3446,20250325,900,1,LTX-0011258,BKG-010063,16,120
11259,3446,20250520,900,1,LTX-0011259,BKG-012018,6,126
11260,3446,20250520,1800,2,LTX-0011260,BKG-012018,-30,96
11261,3446,20250530,900,1,LTX-0011261,BKG-004880,36,132
11262,2313,20250425,900,1,LTX-0011262,BKG-004887,34,34
11263,2313,20251120,900,1,LTX-0011263,BKG-006657,10,44
11264,566,20250819,900,1,LTX-0011264,BKG-004891,40,40
11265,2445,20250118,900,1,LTX-0011265,BKG-004905,66,66
11266,2257,20241227,900,1,LTX-0011266,BKG-011312,67,67
11267,2257,20250330,900,1,LTX-0011267,BKG-005229,57,124
11268,2257,20250722,900,1,LTX-0011268,BKG-004906,48,172
11269,1204,20250430,900,1,LTX-0011269,BKG-004908,17,17
11270,1204,20250526,900,1,LTX-0011270,BKG-008244,29,46
11271,1204,20251129,900,1,LTX-0011271,BKG-006970,25,71
11272,1204,20251129,1800,2,LTX-0011272,BKG-006970,-10,61
11273,369,20241213,900,1,LTX-0011273,BKG-009338,36,36
11274,369,20250630,900,1,LTX-0011274,BKG-004910,25,61
11275,369,20250630,1800,2,LTX-0011275,BKG-004910,-10,51
11276,2053,20250119,900,1,LTX-0011276,BKG-006136,69,69
11277,2053,20250212,900,1,LTX-0011277,BKG-005286,22,91
11278,2053,20250612,900,1,LTX-0011278,BKG-011943,43,134
11279,2053,20250612,1800,2,LTX-0011279,BKG-011943,-10,124
11280,2053,20250916,900,1,LTX-0011280,BKG-010097,11,135
11281,2053,20251201,900,1,LTX-0011281,BKG-004914,47,182
11282,4214,20250627,900,1,LTX-0011282,BKG-004917,12,12
11283,4214,20251125,900,1,LTX-0011283,BKG-007137,50,62
11284,1353,20250222,900,1,LTX-0011284,BKG-009622,10,10
11285,1353,20250604,900,1,LTX-0011285,BKG-009683,19,29
11286,1353,20250815,900,1,LTX-0011286,BKG-004920,68,97
11287,1353,20250815,1800,2,LTX-0011287,BKG-004920,-30,67
11288,1353,20251019,900,1,LTX-0011288,BKG-005830,32,99
11289,1998,20250207,900,1,LTX-0011289,BKG-005995,57,57
11290,1998,20250313,900,1,LTX-0011290,BKG-004921,71,128
11291,1998,20250617,900,1,LTX-0011291,BKG-006725,8,136
11292,2151,20250711,900,1,LTX-0011292,BKG-005619,10,10
11293,2151,20250830,900,1,LTX-0011293,BKG-004923,26,36
11294,3512,20250506,900,1,LTX-0011294,BKG-012426,12,12
11295,3513,20250708,900,1,LTX-0011295,BKG-004924,53,65
11296,3513,20251205,900,1,LTX-0011296,BKG-005715,49,114
11297,482,20250618,900,1,LTX-0011297,BKG-004927,47,47
11298,482,20251114,900,1,LTX-0011298,BKG-009352,35,82
11299,482,20251114,1800,2,LTX-0011299,BKG-009352,-30,52
11300,482,20251209,900,1,LTX-0011300,BKG-008123,45,97
11301,2732,20250528,900,1,LTX-0011301,BKG-004928,20,20
11302,2732,20250610,900,1,LTX-0011302,BKG-008725,11,31
11303,2732,20251218,900,1,LTX-0011303,BKG-009617,28,59
11304,1062,20250225,900,1,LTX-0011304,BKG-004930,18,18
11305,1062,20250622,900,1,LTX-0011305,BKG-008404,63,81
11306,1062,20250714,900,1,LTX-0011306,BKG-004975,22,103
11307,2955,20250217,900,1,LTX-0011307,BKG-005266,74,74
11308,2955,20250217,1800,2,LTX-0011308,BKG-005266,-30,44
11309,2955,20250603,900,1,LTX-0011309,BKG-011712,44,88
11310,2955,20250608,900,1,LTX-0011310,BKG-008989,31,119
11311,2955,20251015,900,1,LTX-0011311,BKG-011303,21,140
11312,2955,20251015,1800,2,LTX-0011312,BKG-011303,-20,120
11313,2955,20251210,900,1,LTX-0011313,BKG-004933,41,161
11314,909,20241227,900,1,LTX-0011314,BKG-008070,36,36
11315,909,20250201,900,1,LTX-0011315,BKG-006640,81,117
11316,909,20250615,900,1,LTX-0011316,BKG-004935,54,171
11317,1225,20250319,900,1,LTX-0011317,BKG-010118,49,49
11318,1225,20250613,900,1,LTX-0011318,BKG-012337,70,119
11319,1225,20250613,1800,2,LTX-0011319,BKG-012337,-30,89
11320,1226,20250929,900,1,LTX-0011320,BKG-004938,18,107
11321,1226,20250929,1800,2,LTX-0011321,BKG-004938,-30,77
11322,944,20250515,900,1,LTX-0011322,BKG-010623,45,45
11323,944,20250515,1800,2,LTX-0011323,BKG-010623,-30,15
11324,944,20250716,900,1,LTX-0011324,BKG-004940,60,75
11325,283,20250220,900,1,LTX-0011325,BKG-004941,66,66
11326,283,20250405,900,1,LTX-0011326,BKG-008400,29,95
11327,283,20250518,900,1,LTX-0011327,BKG-011050,58,153
11328,283,20251103,900,1,LTX-0011328,BKG-006442,28,181
11329,283,20251119,900,1,LTX-0011329,BKG-007136,47,228
11330,2737,20250205,900,1,LTX-0011330,BKG-009641,16,16
11331,2737,20250701,900,1,LTX-0011331,BKG-004943,20,36
11332,95,20250215,900,1,LTX-0011332,BKG-008860,65,65
11333,95,20251204,900,1,LTX-0011333,BKG-004944,46,111
11334,4396,20250506,900,1,LTX-0011334,BKG-009642,25,25
11335,4396,20250509,900,1,LTX-0011335,BKG-011963,58,83
11336,4396,20251129,900,1,LTX-0011336,BKG-004953,14,97
11337,4459,20250827,900,1,LTX-0011337,BKG-004955,20,20
11338,4795,20250223,900,1,LTX-0011338,BKG-004956,50,50
11339,4795,20250326,900,1,LTX-0011339,BKG-012121,42,92
11340,4795,20250326,1800,2,LTX-0011340,BKG-012121,-30,62
11341,4795,20250607,900,1,LTX-0011341,BKG-011593,19,81
11342,910,20241227,900,1,LTX-0011342,BKG-007048,31,31
11343,910,20250704,900,1,LTX-0011343,BKG-004960,47,78
11344,911,20251116,900,1,LTX-0011344,BKG-008630,60,138
11345,911,20251201,900,1,LTX-0011345,BKG-007739,15,153
11346,1929,20251025,900,1,LTX-0011346,BKG-004961,33,33
11347,325,20250525,900,1,LTX-0011347,BKG-008160,36,36
11348,325,20250630,900,1,LTX-0011348,BKG-005617,67,103
11349,325,20251206,900,1,LTX-0011349,BKG-004963,100,203
11350,2822,20250521,900,1,LTX-0011350,BKG-010831,25,25
11351,2822,20250805,900,1,LTX-0011351,BKG-010301,42,67
11352,2822,20250818,900,1,LTX-0011352,BKG-004965,42,109
11353,2822,20251116,900,1,LTX-0011353,BKG-008357,32,141
11354,3200,20241215,900,1,LTX-0011354,BKG-009738,35,35
11355,3200,20241215,1800,2,LTX-0011355,BKG-009738,-10,25
11356,3200,20250627,900,1,LTX-0011356,BKG-006446,38,63
11357,3200,20250702,900,1,LTX-0011357,BKG-004967,38,101
11358,3200,20251120,900,1,LTX-0011358,BKG-011741,10,111
11359,2271,20250511,900,1,LTX-0011359,BKG-004970,67,67
11360,2271,20250511,1800,2,LTX-0011360,BKG-004970,-30,37
11361,817,20250705,900,1,LTX-0011361,BKG-004977,72,72
11362,1316,20250220,900,1,LTX-0011362,BKG-004986,32,32
11363,1316,20250423,900,1,LTX-0011363,BKG-005630,45,77
11364,1316,20250531,900,1,LTX-0011364,BKG-012215,74,151
11365,1317,20250827,900,1,LTX-0011365,BKG-006175,21,172
11366,1463,20241226,900,1,LTX-0011366,BKG-004987,63,63
11367,1463,20250108,900,1,LTX-0011367,BKG-009852,25,88
11368,1463,20250108,1800,2,LTX-0011368,BKG-009852,-10,78
11369,1463,20250302,900,1,LTX-0011369,BKG-006178,44,122
11370,1671,20250813,900,1,LTX-0011370,BKG-007493,34,34
11371,1671,20251209,900,1,LTX-0011371,BKG-004988,59,93
11372,1671,20251214,900,1,LTX-0011372,BKG-005496,17,110
11373,2279,20241222,900,1,LTX-0011373,BKG-006633,51,51
11374,2279,20250614,900,1,LTX-0011374,BKG-007568,72,123
11375,2279,20250619,900,1,LTX-0011375,BKG-004994,26,149
11376,2279,20251113,900,1,LTX-0011376,BKG-009911,66,215
11377,284,20250130,900,1,LTX-0011377,BKG-009209,15,15
11378,284,20250619,900,1,LTX-0011378,BKG-011098,65,80
11379,284,20250712,900,1,LTX-0011379,BKG-004997,35,115
11380,146,20250525,900,1,LTX-0011380,BKG-007104,11,11
11381,146,20250717,900,1,LTX-0011381,BKG-004998,30,41
11382,146,20250719,900,1,LTX-0011382,BKG-011531,25,66
11383,919,20250129,900,1,LTX-0011383,BKG-010918,54,54
11384,919,20250512,900,1,LTX-0011384,BKG-006481,87,141
11385,919,20250617,900,1,LTX-0011385,BKG-006685,11,152
11386,919,20251126,900,1,LTX-0011386,BKG-004999,67,219
11387,2324,20250110,900,1,LTX-0011387,BKG-012138,28,28
11388,2324,20250617,900,1,LTX-0011388,BKG-005002,8,36
11389,2324,20250622,900,1,LTX-0011389,BKG-009415,31,67
11390,2324,20251021,900,1,LTX-0011390,BKG-008761,57,124
11391,2324,20251021,1800,2,LTX-0011391,BKG-008761,-30,94
11392,1397,20250802,900,1,LTX-0011392,BKG-005003,44,44
11393,1397,20251021,900,1,LTX-0011393,BKG-009887,18,62
11394,2115,20250526,900,1,LTX-0011394,BKG-005004,39,39
11395,2115,20250526,1800,2,LTX-0011395,BKG-005004,-10,29
11396,4115,20250110,900,1,LTX-0011396,BKG-005814,30,30
11397,4115,20250529,900,1,LTX-0011397,BKG-005011,25,55
11398,4115,20250619,900,1,LTX-0011398,BKG-006497,17,72
11399,4115,20250817,900,1,LTX-0011399,BKG-011978,23,95
11400,4115,20251207,900,1,LTX-0011400,BKG-005051,40,135
11401,3285,20250527,900,1,LTX-0011401,BKG-005015,32,32
11402,3285,20250527,1800,2,LTX-0011402,BKG-005015,-30,2
11403,3285,20251107,900,1,LTX-0011403,BKG-011210,58,60
11404,2244,20250615,900,1,LTX-0011404,BKG-005021,60,60
11405,2244,20250802,900,1,LTX-0011405,BKG-010982,25,85
11406,2244,20251126,900,1,LTX-0011406,BKG-010775,54,139
11407,2244,20251210,900,1,LTX-0011407,BKG-007382,28,167
11408,2592,20250709,900,1,LTX-0011408,BKG-005955,39,39
11409,2592,20250713,900,1,LTX-0011409,BKG-005035,29,68
11410,1412,20250414,900,1,LTX-0011410,BKG-005037,31,31
11411,3358,20250403,900,1,LTX-0011411,BKG-012403,40,40
11412,3358,20250403,1800,2,LTX-0011412,BKG-012403,-10,30
11413,3358,20250620,900,1,LTX-0011413,BKG-005039,45,75
11414,3358,20250620,1800,2,LTX-0011414,BKG-005039,-30,45
11415,3358,20250725,900,1,LTX-0011415,BKG-011261,60,105
11416,4261,20241223,900,1,LTX-0011416,BKG-005040,6,6
11417,837,20250106,900,1,LTX-0011417,BKG-007795,27,27
11418,837,20250719,900,1,LTX-0011418,BKG-008133,44,71
11419,837,20251127,900,1,LTX-0011419,BKG-005043,81,152
11420,837,20251128,900,1,LTX-0011420,BKG-009166,81,233
11421,837,20251128,1800,2,LTX-0011421,BKG-009166,-10,223
11422,4354,20250118,900,1,LTX-0011422,BKG-007154,22,22
11423,4354,20250620,900,1,LTX-0011423,BKG-012123,64,86
11424,4354,20250921,900,1,LTX-0011424,BKG-005044,51,137
11425,164,20250602,900,1,LTX-0011425,BKG-009280,65,65
11426,164,20250603,900,1,LTX-0011426,BKG-010444,111,176
11427,164,20250605,900,1,LTX-0011427,BKG-005046,39,215
11428,164,20251206,900,1,LTX-0011428,BKG-009267,41,256
11429,330,20250703,900,1,LTX-0011429,BKG-005047,37,37
11430,139,20250510,900,1,LTX-0011430,BKG-012506,36,36
11431,139,20250513,900,1,LTX-0011431,BKG-005048,63,99
11432,2352,20250425,900,1,LTX-0011432,BKG-006050,40,40
11433,2352,20250604,900,1,LTX-0011433,BKG-005049,76,116
11434,2352,20251003,900,1,LTX-0011434,BKG-009039,29,145
11435,2352,20251107,900,1,LTX-0011435,BKG-009532,22,167
11436,640,20250314,900,1,LTX-0011436,BKG-005573,33,33
11437,640,20250403,900,1,LTX-0011437,BKG-008236,21,54
11438,640,20250707,900,1,LTX-0011438,BKG-010639,19,73
11439,640,20250903,900,1,LTX-0011439,BKG-005052,35,108
11440,4268,20250224,900,1,LTX-0011440,BKG-006621,82,82
11441,4268,20250611,900,1,LTX-0011441,BKG-009218,43,125
11442,4268,20250816,900,1,LTX-0011442,BKG-011345,56,181
11443,4268,20251007,900,1,LTX-0011443,BKG-005053,58,239
11444,4268,20251217,900,1,LTX-0011444,BKG-010211,22,261
11445,2587,20251005,900,1,LTX-0011445,BKG-005056,35,35
11446,2587,20251024,900,1,LTX-0011446,BKG-006938,43,78
11447,2122,20250511,900,1,LTX-0011447,BKG-008312,43,43
11448,2122,20250627,900,1,LTX-0011448,BKG-011386,20,63
11449,2122,20250628,900,1,LTX-0011449,BKG-008232,65,128
11450,2122,20250710,900,1,LTX-0011450,BKG-008692,50,178
11451,2122,20251025,900,1,LTX-0011451,BKG-005680,40,218
11452,2122,20251119,900,1,LTX-0011452,BKG-005061,40,258
11453,4699,20250119,900,1,LTX-0011453,BKG-008687,50,50
11454,4699,20250520,900,1,LTX-0011454,BKG-005073,46,96
11455,1823,20250204,900,1,LTX-0011455,BKG-005085,38,38
11456,1823,20250223,900,1,LTX-0011456,BKG-006035,44,82
11457,1823,20250617,900,1,LTX-0011457,BKG-010892,36,118
11458,1823,20250630,900,1,LTX-0011458,BKG-005635,39,157
11459,1823,20250825,900,1,LTX-0011459,BKG-008313,57,214
11460,1823,20251122,900,1,LTX-0011460,BKG-007289,49,263
11461,4173,20250719,900,1,LTX-0011461,BKG-011033,42,42
11462,4173,20251119,900,1,LTX-0011462,BKG-005089,56,98
11463,4071,20250618,900,1,LTX-0011463,BKG-009176,58,58
11464,4071,20250618,1800,2,LTX-0011464,BKG-009176,-10,48
11465,4072,20251007,900,1,LTX-0011465,BKG-010566,44,92
11466,4072,20251007,1800,2,LTX-0011466,BKG-010566,-30,62
11467,4072,20251027,900,1,LTX-0011467,BKG-005092,16,78
11468,4095,20250501,900,1,LTX-0011468,BKG-005094,63,63
11469,4095,20251120,900,1,LTX-0011469,BKG-006720,39,102
11470,4095,20251125,900,1,LTX-0011470,BKG-005858,32,134
11471,798,20250521,900,1,LTX-0011471,BKG-007736,11,11
11472,798,20250630,900,1,LTX-0011472,BKG-005095,54,65
11473,798,20250717,900,1,LTX-0011473,BKG-005232,58,123
11474,2466,20250801,900,1,LTX-0011474,BKG-005097,54,54
11475,2466,20250915,900,1,LTX-0011475,BKG-006233,52,106
11476,2466,20251214,900,1,LTX-0011476,BKG-010229,33,139
11477,2682,20250807,900,1,LTX-0011477,BKG-010329,38,38
11478,2682,20251109,900,1,LTX-0011478,BKG-007743,50,88
11479,2682,20251109,900,1,LTX-0011479,BKG-010810,30,118
11480,2682,20251129,900,1,LTX-0011480,BKG-005098,43,161
11481,352,20251108,900,1,LTX-0011481,BKG-005109,81,81
11482,993,20250210,900,1,LTX-0011482,BKG-009102,32,32
11483,993,20250903,900,1,LTX-0011483,BKG-005116,39,71
11484,993,20250903,1800,2,LTX-0011484,BKG-005116,-20,51
11485,993,20251016,900,1,LTX-0011485,BKG-009565,10,61
11486,993,20251016,1800,2,LTX-0011486,BKG-009565,-10,51
11487,1244,20250408,900,1,LTX-0011487,BKG-005118,20,20
11488,1244,20251018,900,1,LTX-0011488,BKG-010627,49,69
11489,112,20250321,900,1,LTX-0011489,BKG-005132,50,50
11490,112,20250814,900,1,LTX-0011490,BKG-011197,88,138
11491,112,20250905,900,1,LTX-0011491,BKG-006883,73,211
11492,112,20251014,900,1,LTX-0011492,BKG-009471,62,273
11493,2635,20241220,900,1,LTX-0011493,BKG-005136,60,60
11494,2635,20250403,900,1,LTX-0011494,BKG-008811,60,120
11495,2635,20250403,1800,2,LTX-0011495,BKG-008811,-30,90
11496,2635,20250825,900,1,LTX-0011496,BKG-008864,31,121
11497,2635,20251113,900,1,LTX-0011497,BKG-007961,44,165
11498,2635,20251128,900,1,LTX-0011498,BKG-012451,50,215
11499,2635,20251128,1800,2,LTX-0011499,BKG-012451,-20,195
11500,1098,20250509,900,1,LTX-0011500,BKG-011049,40,40
11501,1098,20251027,900,1,LTX-0011501,BKG-005141,27,67
11502,1098,20251205,900,1,LTX-0011502,BKG-006072,13,80
11503,2264,20250124,900,1,LTX-0011503,BKG-005876,73,73
11504,2264,20250124,1800,2,LTX-0011504,BKG-005876,-20,53
11505,2264,20250131,900,1,LTX-0011505,BKG-008909,13,66
11506,2264,20251124,900,1,LTX-0011506,BKG-005143,49,115
11507,2264,20251124,1800,2,LTX-0011507,BKG-005143,-10,105
11508,904,20250601,900,1,LTX-0011508,BKG-005147,20,20
11509,904,20250830,900,1,LTX-0011509,BKG-011399,57,77
11510,3559,20250610,900,1,LTX-0011510,BKG-005149,51,51
11511,3559,20250610,1800,2,LTX-0011511,BKG-005149,-20,31
11512,3559,20250707,900,1,LTX-0011512,BKG-008350,77,108
11513,3559,20250718,900,1,LTX-0011513,BKG-010898,73,181
11514,760,20250220,900,1,LTX-0011514,BKG-006700,15,15
11515,760,20250317,900,1,LTX-0011515,BKG-010408,38,53
11516,760,20250420,900,1,LTX-0011516,BKG-005584,62,115
11517,760,20250604,900,1,LTX-0011517,BKG-005158,62,177
11518,2228,20250604,900,1,LTX-0011518,BKG-011920,13,13
11519,2228,20250612,900,1,LTX-0011519,BKG-005159,32,45
11520,530,20250615,900,1,LTX-0011520,BKG-005160,62,62
11521,2044,20250212,900,1,LTX-0011521,BKG-005161,40,40
11522,2044,20250318,900,1,LTX-0011522,BKG-012311,54,94
11523,815,20250719,900,1,LTX-0011523,BKG-005169,21,21
11524,988,20250226,900,1,LTX-0011524,BKG-005174,8,8
11525,988,20250712,900,1,LTX-0011525,BKG-009127,48,56
11526,988,20251115,900,1,LTX-0011526,BKG-008760,50,106
11527,1632,20251009,900,1,LTX-0011527,BKG-005182,36,36
11528,1632,20251009,1800,2,LTX-0011528,BKG-005182,-20,16
11529,556,20250123,900,1,LTX-0011529,BKG-005183,38,38
11530,652,20241220,900,1,LTX-0011530,BKG-005184,18,18
11531,652,20241227,900,1,LTX-0011531,BKG-007279,55,73
11532,653,20250614,900,1,LTX-0011532,BKG-010527,8,81
11533,653,20251021,900,1,LTX-0011533,BKG-005810,57,138
11534,653,20251129,900,1,LTX-0011534,BKG-009644,9,147
11535,653,20251207,900,1,LTX-0011535,BKG-012244,78,225
11536,717,20250105,900,1,LTX-0011536,BKG-005220,27,27
11537,718,20250706,900,1,LTX-0011537,BKG-005185,37,64
11538,2943,20250519,900,1,LTX-0011538,BKG-007030,76,76
11539,2943,20250614,900,1,LTX-0011539,BKG-005187,70,146
11540,2943,20250715,900,1,LTX-0011540,BKG-008819,44,190
11541,4897,20251110,900,1,LTX-0011541,BKG-005191,65,65
11542,1289,20250113,900,1,LTX-0011542,BKG-008868,14,14
11543,1289,20250406,900,1,LTX-0011543,BKG-011450,42,56
11544,1289,20250519,900,1,LTX-0011544,BKG-005773,12,68
11545,1289,20250522,900,1,LTX-0011545,BKG-009395,44,112
11546,1289,20250602,900,1,LTX-0011546,BKG-005192,26,138
11547,1289,20250701,900,1,LTX-0011547,BKG-008838,78,216
11548,1289,20250823,900,1,LTX-0011548,BKG-012436,30,246
11549,575,20241225,900,1,LTX-0011549,BKG-008882,37,37
11550,575,20250206,900,1,LTX-0011550,BKG-011826,54,91
11551,575,20250609,900,1,LTX-0011551,BKG-005194,9,100
11552,575,20250623,900,1,LTX-0011552,BKG-006500,19,119
11553,576,20251031,900,1,LTX-0011553,BKG-006099,22,141
11554,576,20251031,1800,2,LTX-0011554,BKG-006099,-20,121
11555,576,20251125,900,1,LTX-0011555,BKG-011660,20,141
11556,1489,20250108,900,1,LTX-0011556,BKG-005195,28,28
11557,1489,20250108,1800,2,LTX-0011557,BKG-005195,-20,8
11558,1489,20250503,900,1,LTX-0011558,BKG-007648,28,36
11559,1489,20251117,900,1,LTX-0011559,BKG-011460,46,82
11560,4664,20250128,900,1,LTX-0011560,BKG-009275,37,37
11561,4664,20250128,1800,2,LTX-0011561,BKG-009275,-30,7
11562,4664,20250401,900,1,LTX-0011562,BKG-006587,25,32
11563,4664,20250717,900,1,LTX-0011563,BKG-011825,47,79
11564,4664,20250720,900,1,LTX-0011564,BKG-011200,20,99
11565,4664,20251003,900,1,LTX-0011565,BKG-005201,36,135
11566,794,20250402,900,1,LTX-0011566,BKG-011658,40,40
11567,794,20250817,900,1,LTX-0011567,BKG-005202,25,65
11568,335,20250111,900,1,LTX-0011568,BKG-010272,58,58
11569,335,20250210,900,1,LTX-0011569,BKG-006114,41,99
11570,335,20250304,900,1,LTX-0011570,BKG-005554,77,176
11571,335,20250701,900,1,LTX-0011571,BKG-006801,47,223
11572,335,20250806,900,1,LTX-0011572,BKG-005204,47,270
11573,2865,20250206,900,1,LTX-0011573,BKG-012508,16,16
11574,2865,20250206,1800,2,LTX-0011574,BKG-012508,-10,6
11575,2865,20250706,900,1,LTX-0011575,BKG-005207,17,23
11576,2730,20250920,900,1,LTX-0011576,BKG-005208,28,28
11577,1454,20250930,900,1,LTX-0011577,BKG-006164,19,19
11578,1454,20251008,900,1,LTX-0011578,BKG-005210,48,67
11579,2171,20250422,900,1,LTX-0011579,BKG-005215,38,38
11580,2171,20250422,1800,2,LTX-0011580,BKG-005215,-30,8
11581,2171,20250925,900,1,LTX-0011581,BKG-010123,17,25
11582,69,20250405,900,1,LTX-0011582,BKG-006832,61,61
11583,69,20250509,900,1,LTX-0011583,BKG-005795,17,78
11584,69,20250618,900,1,LTX-0011584,BKG-005218,69,147
11585,69,20250618,1800,2,LTX-0011585,BKG-005218,-10,137
11586,69,20250913,900,1,LTX-0011586,BKG-006097,9,146
11587,69,20250913,1800,2,LTX-0011587,BKG-006097,-10,136
11588,3526,20250119,900,1,LTX-0011588,BKG-011636,35,35
11589,3526,20250119,1800,2,LTX-0011589,BKG-011636,-10,25
11590,3526,20250217,900,1,LTX-0011590,BKG-009562,38,63
11591,3526,20250305,900,1,LTX-0011591,BKG-005219,68,131
11592,3526,20250531,900,1,LTX-0011592,BKG-010005,32,163
11593,3526,20251115,900,1,LTX-0011593,BKG-006417,33,196
11594,4863,20250611,900,1,LTX-0011594,BKG-005221,39,39
11595,619,20250316,900,1,LTX-0011595,BKG-010592,52,52
11596,619,20250610,900,1,LTX-0011596,BKG-006749,76,128
11597,619,20251203,900,1,LTX-0011597,BKG-005224,30,158
11598,2093,20241229,900,1,LTX-0011598,BKG-008619,42,42
11599,2093,20250417,900,1,LTX-0011599,BKG-010007,76,118
11600,2093,20250530,900,1,LTX-0011600,BKG-005228,50,168
11601,2093,20250530,1800,2,LTX-0011601,BKG-005228,-20,148
11602,2093,20251204,900,1,LTX-0011602,BKG-007760,75,223
11603,4625,20250925,900,1,LTX-0011603,BKG-006566,82,82
11604,4625,20250925,1800,2,LTX-0011604,BKG-006566,-10,72
11605,4625,20251010,900,1,LTX-0011605,BKG-012140,34,106
11606,4625,20251010,1800,2,LTX-0011606,BKG-012140,-10,96
11607,4625,20251211,900,1,LTX-0011607,BKG-005237,71,167
11608,1340,20250104,900,1,LTX-0011608,BKG-006165,39,39
11609,1340,20250214,900,1,LTX-0011609,BKG-005239,32,71
11610,1340,20250826,900,1,LTX-0011610,BKG-005501,25,96
11611,1340,20251210,900,1,LTX-0011611,BKG-005969,114,210
11612,3545,20250516,900,1,LTX-0011612,BKG-009191,71,71
11613,3545,20251216,900,1,LTX-0011613,BKG-005240,63,134
11614,1361,20250515,900,1,LTX-0011614,BKG-005241,72,72
11615,1362,20251012,900,1,LTX-0011615,BKG-011691,32,104
11616,1362,20251012,1800,2,LTX-0011616,BKG-011691,-10,94
11617,1362,20251220,900,1,LTX-0011617,BKG-005276,36,130
11618,1084,20250524,900,1,LTX-0011618,BKG-012281,30,30
11619,1084,20250603,900,1,LTX-0011619,BKG-005247,37,67
11620,1084,20250603,1800,2,LTX-0011620,BKG-005247,-20,47
11621,692,20250503,900,1,LTX-0011621,BKG-005249,53,53
11622,692,20250503,1800,2,LTX-0011622,BKG-005249,-10,43
11623,692,20250520,900,1,LTX-0011623,BKG-009675,70,113
11624,693,20250619,900,1,LTX-0011624,BKG-008246,53,166
11625,693,20251112,900,1,LTX-0011625,BKG-009198,14,180
11626,693,20251116,900,1,LTX-0011626,BKG-010002,54,234
11627,1160,20250128,900,1,LTX-0011627,BKG-007723,13,13
11628,1160,20250430,900,1,LTX-0011628,BKG-010581,24,37
11629,1160,20250511,900,1,LTX-0011629,BKG-005253,57,94
11630,1160,20250716,900,1,LTX-0011630,BKG-006387,47,141
11631,1160,20250804,900,1,LTX-0011631,BKG-006694,33,174
11632,1212,20250514,900,1,LTX-0011632,BKG-006440,33,33
11633,1212,20250618,900,1,LTX-0011633,BKG-005258,67,100
11634,1212,20251210,900,1,LTX-0011634,BKG-005874,19,119
11635,3890,20250310,900,1,LTX-0011635,BKG-005259,27,27
11636,3890,20250407,900,1,LTX-0011636,BKG-006244,42,69
11637,3890,20250611,900,1,LTX-0011637,BKG-007597,18,87
11638,3890,20250611,1800,2,LTX-0011638,BKG-007597,-10,77
11639,3890,20250923,900,1,LTX-0011639,BKG-009277,77,154
11640,533,20250101,900,1,LTX-0011640,BKG-008665,47,47
11641,533,20250101,1800,2,LTX-0011641,BKG-008665,-20,27
11642,534,20250512,900,1,LTX-0011642,BKG-009638,53,80
11643,534,20250709,900,1,LTX-0011643,BKG-005262,53,133
11644,534,20250709,900,1,LTX-0011644,BKG-008695,48,181
11645,534,20250926,900,1,LTX-0011645,BKG-009159,32,213
11646,1804,20250626,900,1,LTX-0011646,BKG-005269,17,17
11647,2398,20250417,900,1,LTX-0011647,BKG-005274,22,22
11648,618,20250531,900,1,LTX-0011648,BKG-010622,9,9
11649,618,20250805,900,1,LTX-0011649,BKG-005277,53,62
11650,535,20251011,900,1,LTX-0011650,BKG-005278,46,46
11651,2293,20250502,900,1,LTX-0011651,BKG-005280,26,26
11652,2293,20250526,900,1,LTX-0011652,BKG-008642,37,63
11653,2293,20250526,1800,2,LTX-0011653,BKG-008642,-10,53
11654,2293,20250607,900,1,LTX-0011654,BKG-008319,50,103
11655,2293,20250611,900,1,LTX-0011655,BKG-007379,66,169
11656,2293,20250628,900,1,LTX-0011656,BKG-007183,58,227
11657,887,20250203,900,1,LTX-0011657,BKG-010434,36,36
11658,887,20250203,1800,2,LTX-0011658,BKG-010434,-10,26
11659,887,20250214,900,1,LTX-0011659,BKG-005283,78,104
11660,887,20250214,1800,2,LTX-0011660,BKG-005283,-30,74
11661,887,20250707,900,1,LTX-0011661,BKG-007908,30,104
11662,25,20250620,900,1,LTX-0011662,BKG-012204,33,33
11663,25,20251123,900,1,LTX-0011663,BKG-007268,56,89
11664,25,20251124,900,1,LTX-0011664,BKG-005288,73,162
11665,1843,20250531,900,1,LTX-0011665,BKG-005535,92,92
11666,1843,20250712,900,1,LTX-0011666,BKG-005290,65,157
11667,1724,20251125,900,1,LTX-0011667,BKG-005292,58,58
11668,4825,20250106,900,1,LTX-0011668,BKG-005748,30,30
11669,4825,20250507,900,1,LTX-0011669,BKG-005293,33,63
11670,4825,20250613,900,1,LTX-0011670,BKG-008609,79,142
11671,849,20250327,900,1,LTX-0011671,BKG-008980,41,41
11672,849,20250810,900,1,LTX-0011672,BKG-005303,16,57
11673,849,20250810,1800,2,LTX-0011673,BKG-005303,-10,47
11674,2799,20250312,900,1,LTX-0011674,BKG-005307,26,26
11675,2799,20250806,900,1,LTX-0011675,BKG-007640,8,34
11676,3326,20241211,900,1,LTX-0011676,BKG-008736,63,63
11677,3326,20241211,1800,2,LTX-0011677,BKG-008736,-30,33
11678,3326,20250401,900,1,LTX-0011678,BKG-005669,36,69
11679,3326,20250515,900,1,LTX-0011679,BKG-010632,88,157
11680,3326,20250623,900,1,LTX-0011680,BKG-008853,20,177
11681,3326,20250702,900,1,LTX-0011681,BKG-010872,31,208
11682,3326,20250706,900,1,LTX-0011682,BKG-010130,41,249
11683,3326,20250919,900,1,LTX-0011683,BKG-005311,40,289
11684,3326,20251204,900,1,LTX-0011684,BKG-006593,95,384
11685,1880,20250621,900,1,LTX-0011685,BKG-005312,33,33
11686,1880,20250621,1800,2,LTX-0011686,BKG-005312,-10,23
11687,1299,20250209,900,1,LTX-0011687,BKG-005315,50,50
11688,4904,20250319,900,1,LTX-0011688,BKG-005316,54,54
11689,4904,20250411,900,1,LTX-0011689,BKG-011727,63,117
11690,4904,20250411,1800,2,LTX-0011690,BKG-011727,-10,107
11691,4905,20250928,900,1,LTX-0011691,BKG-007595,24,131
11692,1202,20250213,900,1,LTX-0011692,BKG-009611,24,24
11693,1202,20250221,900,1,LTX-0011693,BKG-010223,38,62
11694,1202,20250409,900,1,LTX-0011694,BKG-011957,35,97
11695,1203,20251126,900,1,LTX-0011695,BKG-011628,35,132
11696,1203,20251130,900,1,LTX-0011696,BKG-005317,26,158
11697,371,20250524,900,1,LTX-0011697,BKG-009363,36,36
11698,371,20250524,1800,2,LTX-0011698,BKG-009363,-20,16
11699,371,20250605,900,1,LTX-0011699,BKG-005325,34,50
11700,4481,20250413,900,1,LTX-0011700,BKG-005333,57,57
11701,851,20251011,900,1,LTX-0011701,BKG-010580,80,80
11702,851,20251209,900,1,LTX-0011702,BKG-005339,57,137
11703,708,20250531,900,1,LTX-0011703,BKG-011436,76,76
11704,708,20250627,900,1,LTX-0011704,BKG-005882,52,128
11705,708,20250710,900,1,LTX-0011705,BKG-005341,70,198
11706,876,20250706,900,1,LTX-0011706,BKG-005945,53,53
11707,876,20250810,900,1,LTX-0011707,BKG-006875,57,110
11708,876,20250828,900,1,LTX-0011708,BKG-005342,68,178
11709,876,20251120,900,1,LTX-0011709,BKG-011014,37,215
11710,799,20250619,900,1,LTX-0011710,BKG-008713,29,29
11711,799,20250619,1800,2,LTX-0011711,BKG-008713,-20,9
11712,799,20251203,900,1,LTX-0011712,BKG-005346,35,44
11713,396,20250609,900,1,LTX-0011713,BKG-011725,61,61
11714,396,20250705,900,1,LTX-0011714,BKG-005350,20,81
11715,396,20250705,1800,2,LTX-0011715,BKG-005350,-30,51
11716,396,20251208,900,1,LTX-0011716,BKG-009632,62,113
11717,14,20250804,900,1,LTX-0011717,BKG-007511,48,48
11718,14,20251005,900,1,LTX-0011718,BKG-005351,59,107
11719,14,20251005,1800,2,LTX-0011719,BKG-005351,-20,87
11720,3539,20251125,900,1,LTX-0011720,BKG-005354,60,60
11721,60,20250414,900,1,LTX-0011721,BKG-005360,53,53
11722,60,20250414,1800,2,LTX-0011722,BKG-005360,-20,33
11723,60,20250527,900,1,LTX-0011723,BKG-009375,44,77
11724,60,20250530,900,1,LTX-0011724,BKG-009288,61,138
11725,60,20250613,900,1,LTX-0011725,BKG-005794,38,176
11726,60,20250923,900,1,LTX-0011726,BKG-006309,56,232
11727,2563,20250323,900,1,LTX-0011727,BKG-005369,68,68
11728,2563,20250703,900,1,LTX-0011728,BKG-011266,58,126
11729,2563,20250714,900,1,LTX-0011729,BKG-012496,45,171
11730,1236,20250223,900,1,LTX-0011730,BKG-011461,39,39
11731,1236,20250709,900,1,LTX-0011731,BKG-005375,36,75
11732,1236,20250825,900,1,LTX-0011732,BKG-006435,54,129
11733,1236,20251116,900,1,LTX-0011733,BKG-011893,106,235
11734,2564,20250507,900,1,LTX-0011734,BKG-007534,46,46
11735,2564,20250909,900,1,LTX-0011735,BKG-005384,10,56
11736,2565,20251210,900,1,LTX-0011736,BKG-006525,33,89
11737,2004,20250507,900,1,LTX-0011737,BKG-005385,72,72
11738,2004,20250507,1800,2,LTX-0011738,BKG-005385,-10,62
11739,3029,20250427,900,1,LTX-0011739,BKG-010612,30,30
11740,3029,20250823,900,1,LTX-0011740,BKG-005542,34,64
11741,3029,20251105,900,1,LTX-0011741,BKG-005390,46,110
11742,3433,20250417,900,1,LTX-0011742,BKG-008487,49,49
11743,3433,20250622,900,1,LTX-0011743,BKG-005393,21,70
11744,3433,20250622,1800,2,LTX-0011744,BKG-005393,-30,40
11745,2513,20251001,900,1,LTX-0011745,BKG-010158,57,57
11746,2513,20251001,1800,2,LTX-0011746,BKG-010158,-10,47
11747,2513,20251103,900,1,LTX-0011747,BKG-005395,62,109
11748,3683,20250526,900,1,LTX-0011748,BKG-012171,32,32
11749,3683,20250809,900,1,LTX-0011749,BKG-005406,21,53
11750,3683,20250809,1800,2,LTX-0011750,BKG-005406,-20,33
11751,3683,20251128,900,1,LTX-0011751,BKG-012308,70,103
11752,4763,20251019,900,1,LTX-0011752,BKG-010794,64,64
11753,4763,20251124,900,1,LTX-0011753,BKG-009712,41,105
11754,4763,20251207,900,1,LTX-0011754,BKG-008259,37,142
11755,4763,20251217,900,1,LTX-0011755,BKG-005416,38,180
11756,895,20251004,900,1,LTX-0011756,BKG-005418,49,49
11757,2322,20241228,900,1,LTX-0011757,BKG-005420,76,76
11758,2322,20250627,900,1,LTX-0011758,BKG-009625,43,119
11759,2322,20251109,900,1,LTX-0011759,BKG-010036,88,207
11760,3651,20241219,900,1,LTX-0011760,BKG-007263,69,69
11761,3651,20250302,900,1,LTX-0011761,BKG-007428,30,99
11762,3652,20250315,900,1,LTX-0011762,BKG-005423,58,157
11763,3652,20250315,1800,2,LTX-0011763,BKG-005423,-20,137
11764,417,20250225,900,1,LTX-0011764,BKG-005425,82,82
11765,417,20250527,900,1,LTX-0011765,BKG-007106,58,140
11766,417,20250602,900,1,LTX-0011766,BKG-006699,45,185
11767,417,20250602,1800,2,LTX-0011767,BKG-006699,-30,155
11768,417,20250624,900,1,LTX-0011768,BKG-010194,41,196
11769,417,20251126,900,1,LTX-0011769,BKG-006975,61,257
11770,417,20251126,1800,2,LTX-0011770,BKG-006975,-10,247
11771,2156,20250818,900,1,LTX-0011771,BKG-012220,24,24
11772,2156,20251004,900,1,LTX-0011772,BKG-005426,41,65
11773,2203,20250728,900,1,LTX-0011773,BKG-005429,15,15
11774,2203,20251125,900,1,LTX-0011774,BKG-006100,47,62
11775,3151,20250207,900,1,LTX-0011775,BKG-006066,70,70
11776,3151,20250517,900,1,LTX-0011776,BKG-007374,10,80
11777,3151,20250712,900,1,LTX-0011777,BKG-010311,92,172
11778,3151,20251101,900,1,LTX-0011778,BKG-010550,41,213
11779,3151,20251211,900,1,LTX-0011779,BKG-005430,73,286
11780,3151,20251211,1800,2,LTX-0011780,BKG-005430,-10,276
11781,2015,20250301,900,1,LTX-0011781,BKG-005431,18,18
11782,2015,20250623,900,1,LTX-0011782,BKG-009222,33,51
11783,2015,20251005,900,1,LTX-0011783,BKG-011013,23,74
11784,2015,20251021,900,1,LTX-0011784,BKG-011115,65,139
11785,2679,20250603,900,1,LTX-0011785,BKG-009390,105,105
11786,2679,20250925,900,1,LTX-0011786,BKG-005434,33,138
11787,2679,20250925,1800,2,LTX-0011787,BKG-005434,-20,118
11788,1087,20250412,900,1,LTX-0011788,BKG-005438,28,28
11789,390,20250228,900,1,LTX-0011789,BKG-005445,64,64
11790,390,20250701,900,1,LTX-0011790,BKG-006199,21,85
11791,1366,20250624,900,1,LTX-0011791,BKG-005451,107,107
11792,1401,20250307,900,1,LTX-0011792,BKG-005452,71,71
11793,1401,20250310,900,1,LTX-0011793,BKG-009824,24,95
11794,3978,20241223,900,1,LTX-0011794,BKG-006431,8,8
11795,3978,20250207,900,1,LTX-0011795,BKG-005453,26,34
11796,3978,20250906,900,1,LTX-0011796,BKG-006864,55,89
11797,3978,20250906,1800,2,LTX-0011797,BKG-006864,-10,79
11798,3978,20251121,900,1,LTX-0011798,BKG-009121,33,112
11799,3978,20251207,900,1,LTX-0011799,BKG-012317,67,179
11800,4940,20250307,900,1,LTX-0011800,BKG-007894,56,56
11801,4940,20250417,900,1,LTX-0011801,BKG-012276,32,88
11802,4940,20250601,900,1,LTX-0011802,BKG-005457,36,124
11803,4940,20251025,900,1,LTX-0011803,BKG-008781,18,142
11804,4765,20250621,900,1,LTX-0011804,BKG-005469,72,72
11805,4765,20250702,900,1,LTX-0011805,BKG-009586,44,116
11806,3742,20250601,900,1,LTX-0011806,BKG-006806,52,52
11807,3742,20250601,1800,2,LTX-0011807,BKG-006806,-30,22
11808,3742,20250912,900,1,LTX-0011808,BKG-005472,28,50
11809,3742,20250913,900,1,LTX-0011809,BKG-009319,53,103
11810,3742,20251202,900,1,LTX-0011810,BKG-010463,33,136
11811,2300,20250416,900,1,LTX-0011811,BKG-009729,41,41
11812,2300,20250822,900,1,LTX-0011812,BKG-005477,28,69
11813,2300,20250928,900,1,LTX-0011813,BKG-007533,59,128
11814,2300,20251026,900,1,LTX-0011814,BKG-006163,53,181
11815,4401,20241223,900,1,LTX-0011815,BKG-008406,22,22
11816,4401,20250101,900,1,LTX-0011816,BKG-008823,16,38
11817,4401,20250509,900,1,LTX-0011817,BKG-005479,29,67
11818,961,20250515,900,1,LTX-0011818,BKG-008216,82,82
11819,961,20250623,900,1,LTX-0011819,BKG-008179,41,123
11820,961,20250630,900,1,LTX-0011820,BKG-010242,73,196
11821,962,20251114,900,1,LTX-0011821,BKG-005480,38,234
11822,962,20251114,1800,2,LTX-0011822,BKG-005480,-20,214
11823,802,20250712,900,1,LTX-0011823,BKG-005483,62,62
11824,802,20250913,900,1,LTX-0011824,BKG-005723,16,78
11825,2874,20250120,900,1,LTX-0011825,BKG-005484,65,65
11826,2874,20250120,1800,2,LTX-0011826,BKG-005484,-10,55
11827,238,20250624,900,1,LTX-0011827,BKG-012203,38,38
11828,238,20250625,900,1,LTX-0011828,BKG-011455,45,83
11829,238,20250627,900,1,LTX-0011829,BKG-005556,30,113
11830,238,20250927,900,1,LTX-0011830,BKG-005488,33,146
11831,3143,20250109,900,1,LTX-0011831,BKG-008726,28,28
11832,3143,20250330,900,1,LTX-0011832,BKG-009193,6,34
11833,3143,20250512,900,1,LTX-0011833,BKG-005495,86,120
11834,3143,20250512,1800,2,LTX-0011834,BKG-005495,-30,90
11835,4582,20250206,900,1,LTX-0011835,BKG-009871,57,57
11836,4582,20250530,900,1,LTX-0011836,BKG-010257,23,80
11837,4582,20250613,900,1,LTX-0011837,BKG-005707,46,126
11838,4582,20250613,1800,2,LTX-0011838,BKG-005707,-10,116
11839,4582,20251129,900,1,LTX-0011839,BKG-005499,68,184
11840,4582,20251213,900,1,LTX-0011840,BKG-010518,48,232
11841,3203,20250316,900,1,LTX-0011841,BKG-005502,79,79
11842,3203,20250422,900,1,LTX-0011842,BKG-009156,34,113
11843,3203,20250422,1800,2,LTX-0011843,BKG-009156,-20,93
11844,3203,20250531,900,1,LTX-0011844,BKG-010863,60,153
11845,3203,20250531,1800,2,LTX-0011845,BKG-010863,-10,143
11846,3203,20251212,900,1,LTX-0011846,BKG-007443,33,176
11847,4793,20241226,900,1,LTX-0011847,BKG-006451,28,28
11848,4793,20250611,900,1,LTX-0011848,BKG-008498,60,88
11849,4793,20250613,900,1,LTX-0011849,BKG-005505,76,164
11850,4793,20250613,1800,2,LTX-0011850,BKG-005505,-30,134
11851,4746,20250124,900,1,LTX-0011851,BKG-008798,69,69
11852,4746,20250704,900,1,LTX-0011852,BKG-005506,36,105
11853,4746,20251122,900,1,LTX-0011853,BKG-005843,18,123
11854,4746,20251126,900,1,LTX-0011854,BKG-009570,65,188
11855,3085,20250213,900,1,LTX-0011855,BKG-005510,38,38
11856,3086,20250701,900,1,LTX-0011856,BKG-010686,70,108
11857,3086,20251206,900,1,LTX-0011857,BKG-011483,52,160
11858,3985,20250609,900,1,LTX-0011858,BKG-005520,44,44
11859,4197,20250129,900,1,LTX-0011859,BKG-005521,29,29
11860,4197,20250628,900,1,LTX-0011860,BKG-005839,58,87
11861,4197,20250720,900,1,LTX-0011861,BKG-005929,79,166
11862,3241,20250418,900,1,LTX-0011862,BKG-012277,26,26
11863,3241,20250615,900,1,LTX-0011863,BKG-005526,7,33
11864,3241,20251121,900,1,LTX-0011864,BKG-009087,33,66
11865,3241,20251211,900,1,LTX-0011865,BKG-011895,68,134
11866,2881,20250529,900,1,LTX-0011866,BKG-006926,84,84
11867,2881,20250808,900,1,LTX-0011867,BKG-005530,20,104
11868,2881,20250808,1800,2,LTX-0011868,BKG-005530,-10,94
11869,2765,20250128,900,1,LTX-0011869,BKG-005531,52,52
11870,2765,20250828,900,1,LTX-0011870,BKG-012181,9,61
11871,4854,20250823,900,1,LTX-0011871,BKG-005532,24,24
11872,3800,20250407,900,1,LTX-0011872,BKG-005541,48,48
11873,3800,20250602,900,1,LTX-0011873,BKG-011754,45,93
11874,4789,20250413,900,1,LTX-0011874,BKG-005546,84,84
11875,4789,20250601,900,1,LTX-0011875,BKG-011451,26,110
11876,4789,20250827,900,1,LTX-0011876,BKG-012003,14,124
11877,4789,20250827,1800,2,LTX-0011877,BKG-012003,-30,94
11878,929,20250503,900,1,LTX-0011878,BKG-006361,10,10
11879,929,20250625,900,1,LTX-0011879,BKG-005547,81,91
11880,929,20250706,900,1,LTX-0011880,BKG-005756,52,143
11881,170,20241218,900,1,LTX-0011881,BKG-007626,26,26
11882,170,20250224,900,1,LTX-0011882,BKG-005548,6,32
11883,170,20250612,900,1,LTX-0011883,BKG-007782,75,107
11884,4105,20250306,900,1,LTX-0011884,BKG-008749,34,34
11885,4105,20250306,1800,2,LTX-0011885,BKG-008749,-20,14
11886,4105,20250323,900,1,LTX-0011886,BKG-008731,14,28
11887,4105,20250612,900,1,LTX-0011887,BKG-005549,65,93
11888,4105,20251125,900,1,LTX-0011888,BKG-009111,16,109
11889,121,20250228,900,1,LTX-0011889,BKG-009987,79,79
11890,121,20250228,1800,2,LTX-0011890,BKG-009987,-30,49
11891,121,20250401,900,1,LTX-0011891,BKG-005552,34,83
11892,121,20250512,900,1,LTX-0011892,BKG-009064,48,131
11893,121,20250518,900,1,LTX-0011893,BKG-007598,20,151
11894,121,20250522,900,1,LTX-0011894,BKG-009013,70,221
11895,121,20251125,900,1,LTX-0011895,BKG-009025,52,273
11896,788,20250509,900,1,LTX-0011896,BKG-005558,36,36
11897,788,20250509,1800,2,LTX-0011897,BKG-005558,-20,16
11898,788,20251109,900,1,LTX-0011898,BKG-006358,47,63
11899,2588,20250103,900,1,LTX-0011899,BKG-007880,10,10
11900,2588,20250601,900,1,LTX-0011900,BKG-005564,51,61
11901,2588,20251123,900,1,LTX-0011901,BKG-012360,67,128
11902,4183,20250127,900,1,LTX-0011902,BKG-011020,28,28
11903,4183,20250218,900,1,LTX-0011903,BKG-005895,60,88
11904,4183,20250506,900,1,LTX-0011904,BKG-005566,40,128
11905,4183,20250531,900,1,LTX-0011905,BKG-011383,53,181
11906,4183,20250611,900,1,LTX-0011906,BKG-009278,10,191
11907,4183,20250627,900,1,LTX-0011907,BKG-011419,51,242
11908,4465,20250223,900,1,LTX-0011908,BKG-006020,20,20
11909,4465,20250915,900,1,LTX-0011909,BKG-005574,31,51
11910,4465,20250928,900,1,LTX-0011910,BKG-007292,21,72
11911,4465,20250928,1800,2,LTX-0011911,BKG-007292,-10,62
11912,3604,20250314,900,1,LTX-0011912,BKG-005962,60,60
11913,3604,20250409,900,1,LTX-0011913,BKG-009672,54,114
11914,3604,20250529,900,1,LTX-0011914,BKG-005575,112,226
11915,4229,20250318,900,1,LTX-0011915,BKG-009408,50,50
11916,4229,20250416,900,1,LTX-0011916,BKG-007768,34,84
11917,4229,20250623,900,1,LTX-0011917,BKG-006850,48,132
11918,4229,20250623,900,1,LTX-0011918,BKG-007143,96,228
11919,4229,20250715,900,1,LTX-0011919,BKG-005576,47,275
11920,3529,20250418,900,1,LTX-0011920,BKG-011465,61,61
11921,3529,20250509,900,1,LTX-0011921,BKG-005582,67,128
11922,3529,20250511,900,1,LTX-0011922,BKG-007038,79,207
11923,3529,20250726,900,1,LTX-0011923,BKG-008262,16,223
11924,3529,20250726,1800,2,LTX-0011924,BKG-008262,-30,193
11925,3529,20251219,900,1,LTX-0011925,BKG-007742,97,290
11926,2450,20251129,900,1,LTX-0011926,BKG-005583,54,54
11927,2450,20251129,1800,2,LTX-0011927,BKG-005583,-10,44
11928,810,20250204,900,1,LTX-0011928,BKG-008959,24,24
11929,810,20250204,1800,2,LTX-0011929,BKG-008959,-20,4
11930,810,20250606,900,1,LTX-0011930,BKG-011622,48,52
11931,810,20250606,1800,2,LTX-0011931,BKG-011622,-20,32
11932,810,20251029,900,1,LTX-0011932,BKG-010517,38,70
11933,810,20251214,900,1,LTX-0011933,BKG-005585,80,150
11934,906,20250216,900,1,LTX-0011934,BKG-011203,26,26
11935,906,20250418,900,1,LTX-0011935,BKG-005589,24,50
11936,906,20251206,900,1,LTX-0011936,BKG-009851,37,87
11937,2574,20250602,900,1,LTX-0011937,BKG-005590,68,68
11938,2574,20250806,900,1,LTX-0011938,BKG-008972,36,104
11939,1633,20250109,900,1,LTX-0011939,BKG-010762,64,64
11940,1634,20250318,900,1,LTX-0011940,BKG-005592,51,115
11941,2733,20250109,900,1,LTX-0011941,BKG-005607,16,16
11942,1116,20250103,900,1,LTX-0011942,BKG-008086,52,52
11943,1116,20250103,1800,2,LTX-0011943,BKG-008086,-10,42
11944,1116,20250310,900,1,LTX-0011944,BKG-011838,30,72
11945,1116,20250310,1800,2,LTX-0011945,BKG-011838,-30,42
11946,1117,20251029,900,1,LTX-0011946,BKG-007324,45,87
11947,1117,20251029,1800,2,LTX-0011947,BKG-007324,-20,67
11948,1117,20251206,900,1,LTX-0011948,BKG-005614,39,106
11949,2385,20250620,900,1,LTX-0011949,BKG-008162,84,84
11950,2385,20250627,900,1,LTX-0011950,BKG-006565,41,125
11951,2385,20250820,900,1,LTX-0011951,BKG-005615,42,167
11952,2386,20251106,900,1,LTX-0011952,BKG-006351,22,189
11953,2366,20250104,900,1,LTX-0011953,BKG-008579,53,53
11954,2366,20250104,1800,2,LTX-0011954,BKG-008579,-30,23
11955,2366,20250606,900,1,LTX-0011955,BKG-007998,72,95
11956,2366,20250704,900,1,LTX-0011956,BKG-007667,25,120
11957,2366,20250719,900,1,LTX-0011957,BKG-011537,70,190
11958,2366,20250728,900,1,LTX-0011958,BKG-005851,50,240
11959,2366,20250815,900,1,LTX-0011959,BKG-005622,18,258
11960,2367,20251006,900,1,LTX-0011960,BKG-009059,53,311
11961,1495,20250603,900,1,LTX-0011961,BKG-007315,70,70
11962,1496,20250930,900,1,LTX-0011962,BKG-005629,16,86
11963,2778,20250203,900,1,LTX-0011963,BKG-009456,42,42
11964,2778,20250430,900,1,LTX-0011964,BKG-005631,59,101
11965,2778,20250430,1800,2,LTX-0011965,BKG-005631,-10,91
11966,2778,20250510,900,1,LTX-0011966,BKG-007909,40,131
11967,2778,20250526,900,1,LTX-0011967,BKG-009832,35,166
11968,2778,20250606,900,1,LTX-0011968,BKG-006710,42,208
11969,375,20250517,900,1,LTX-0011969,BKG-005632,38,38
11970,375,20250517,1800,2,LTX-0011970,BKG-005632,-30,8
11971,375,20251208,900,1,LTX-0011971,BKG-006769,16,24
11972,4108,20251125,900,1,LTX-0011972,BKG-005637,32,32
11973,3594,20250120,900,1,LTX-0011973,BKG-008520,73,73
11974,3594,20250614,900,1,LTX-0011974,BKG-005638,41,114
11975,3594,20251027,900,1,LTX-0011975,BKG-009232,34,148
11976,3594,20251215,900,1,LTX-0011976,BKG-008641,45,193
11977,2489,20250518,900,1,LTX-0011977,BKG-011790,15,15
11978,2489,20250531,900,1,LTX-0011978,BKG-005645,36,51
11979,2489,20250531,1800,2,LTX-0011979,BKG-005645,-20,31
11980,2489,20251101,900,1,LTX-0011980,BKG-007746,40,71
11981,2489,20251221,900,1,LTX-0011981,BKG-006865,6,77
11982,423,20250728,900,1,LTX-0011982,BKG-005647,18,18
11983,423,20251206,900,1,LTX-0011983,BKG-006144,108,126
11984,423,20251220,900,1,LTX-0011984,BKG-009774,89,215
11985,26,20241213,900,1,LTX-0011985,BKG-006032,18,18
11986,26,20250111,900,1,LTX-0011986,BKG-005649,16,34
11987,26,20250629,900,1,LTX-0011987,BKG-011877,75,109
11988,26,20251012,900,1,LTX-0011988,BKG-011812,44,153
11989,2175,20250602,900,1,LTX-0011989,BKG-006330,44,44
11990,2175,20250604,900,1,LTX-0011990,BKG-007734,41,85
11991,2175,20251001,900,1,LTX-0011991,BKG-011044,69,154
11992,2175,20251015,900,1,LTX-0011992,BKG-005650,51,205
11993,2175,20251015,1800,2,LTX-0011993,BKG-005650,-10,195
11994,2831,20250215,900,1,LTX-0011994,BKG-011771,61,61
11995,2831,20250612,900,1,LTX-0011995,BKG-007309,41,102
11996,2831,20251126,900,1,LTX-0011996,BKG-005651,65,167
11997,3149,20250628,900,1,LTX-0011997,BKG-007420,55,55
11998,3149,20250726,900,1,LTX-0011998,BKG-005657,22,77
11999,3518,20241216,900,1,LTX-0011999,BKG-005663,77,77
12000,3518,20250620,900,1,LTX-0012000,BKG-007663,48,125
12001,3518,20250621,900,1,LTX-0012001,BKG-007222,48,173
12002,3347,20250602,900,1,LTX-0012002,BKG-005668,76,76
12003,3347,20250602,1800,2,LTX-0012003,BKG-005668,-20,56
12004,3347,20250607,900,1,LTX-0012004,BKG-007192,20,76
12005,1414,20250706,900,1,LTX-0012005,BKG-005670,62,62
12006,3807,20250329,900,1,LTX-0012006,BKG-007931,34,34
12007,3807,20250329,1800,2,LTX-0012007,BKG-007931,-30,4
12008,3808,20250615,900,1,LTX-0012008,BKG-005696,34,38
12009,3808,20251219,900,1,LTX-0012009,BKG-006862,43,81
12010,2173,20250513,900,1,LTX-0012010,BKG-008884,24,24
12011,2173,20250701,900,1,LTX-0012011,BKG-012004,87,111
12012,2173,20251025,900,1,LTX-0012012,BKG-010887,36,147
12013,2173,20251025,1800,2,LTX-0012013,BKG-010887,-20,127
12014,2173,20251127,900,1,LTX-0012014,BKG-010983,64,191
12015,2173,20251205,900,1,LTX-0012015,BKG-005698,21,212
12016,2942,20251205,900,1,LTX-0012016,BKG-005703,43,43
12017,2942,20251218,900,1,LTX-0012017,BKG-010579,44,87
12018,3854,20250501,900,1,LTX-0012018,BKG-010667,52,52
12019,3854,20250501,1800,2,LTX-0012019,BKG-010667,-30,22
12020,3854,20250616,900,1,LTX-0012020,BKG-009365,78,100
12021,3854,20250616,1800,2,LTX-0012021,BKG-009365,-30,70
12022,3854,20251118,900,1,LTX-0012022,BKG-005704,43,113
12023,3792,20250603,900,1,LTX-0012023,BKG-005705,31,31
12024,3615,20250622,900,1,LTX-0012024,BKG-005713,53,53
12025,3615,20250725,900,1,LTX-0012025,BKG-006855,41,94
12026,3615,20250725,1800,2,LTX-0012026,BKG-006855,-10,84
12027,2971,20250710,900,1,LTX-0012027,BKG-005718,11,11
12028,2971,20251115,900,1,LTX-0012028,BKG-010651,105,116
12029,2971,20251115,1800,2,LTX-0012029,BKG-010651,-20,96
12030,4388,20251017,900,1,LTX-0012030,BKG-005729,58,58
12031,4388,20251017,1800,2,LTX-0012031,BKG-005729,-30,28
12032,1019,20250402,900,1,LTX-0012032,BKG-007903,36,36
12033,1019,20250909,900,1,LTX-0012033,BKG-005732,64,100
12034,1019,20251117,900,1,LTX-0012034,BKG-011404,38,138
12035,1019,20251216,900,1,LTX-0012035,BKG-009848,76,214
12036,1019,20251216,1800,2,LTX-0012036,BKG-009848,-30,184
12037,4233,20250616,900,1,LTX-0012037,BKG-005734,68,68
12038,4233,20251023,900,1,LTX-0012038,BKG-009203,18,86
12039,4088,20250625,900,1,LTX-0012039,BKG-012447,27,27
12040,4088,20250825,900,1,LTX-0012040,BKG-005735,39,66
12041,3314,20251016,900,1,LTX-0012041,BKG-010156,23,23
12042,3314,20251209,900,1,LTX-0012042,BKG-005736,57,80
12043,3314,20251212,900,1,LTX-0012043,BKG-010417,49,129
12044,1525,20251108,900,1,LTX-0012044,BKG-005741,63,63
12045,1525,20251111,900,1,LTX-0012045,BKG-008214,40,103
12046,1312,20250203,900,1,LTX-0012046,BKG-011311,69,69
12047,1312,20250618,900,1,LTX-0012047,BKG-005742,16,85
12048,1312,20250919,900,1,LTX-0012048,BKG-011498,43,128
12049,1312,20250925,900,1,LTX-0012049,BKG-007846,73,201
12050,1312,20251020,900,1,LTX-0012050,BKG-006036,60,261
12051,3325,20250612,900,1,LTX-0012051,BKG-008464,20,20
12052,3325,20250713,900,1,LTX-0012052,BKG-007639,78,98
12053,3325,20250713,1800,2,LTX-0012053,BKG-007639,-10,88
12054,3325,20250828,900,1,LTX-0012054,BKG-005744,50,138
12055,3325,20251207,900,1,LTX-0012055,BKG-009607,72,210
12056,3473,20250418,900,1,LTX-0012056,BKG-009765,16,16
12057,3473,20250613,900,1,LTX-0012057,BKG-007425,22,38
12058,3473,20250620,900,1,LTX-0012058,BKG-007372,53,91
12059,3473,20250620,1800,2,LTX-0012059,BKG-007372,-20,71
12060,3473,20250714,900,1,LTX-0012060,BKG-011681,60,131
12061,3473,20250714,1800,2,LTX-0012061,BKG-011681,-20,111
12062,3473,20250908,900,1,LTX-0012062,BKG-009053,16,127
12063,3473,20251212,900,1,LTX-0012063,BKG-005751,60,187
12064,770,20250203,900,1,LTX-0012064,BKG-007827,32,32
12065,770,20250629,900,1,LTX-0012065,BKG-005755,44,76
12066,1913,20250421,900,1,LTX-0012066,BKG-006560,28,28
12067,1913,20250421,1800,2,LTX-0012067,BKG-006560,-20,8
12068,1913,20251204,900,1,LTX-0012068,BKG-005762,45,53
12069,245,20250616,900,1,LTX-0012069,BKG-010951,33,33
12070,245,20250818,900,1,LTX-0012070,BKG-005766,62,95
12071,245,20251011,900,1,LTX-0012071,BKG-007148,26,121
12072,4264,20250623,900,1,LTX-0012072,BKG-009800,36,36
12073,4264,20251213,900,1,LTX-0012073,BKG-005777,20,56
12074,1514,20250103,900,1,LTX-0012074,BKG-006240,29,29
12075,1514,20250412,900,1,LTX-0012075,BKG-008700,34,63
12076,1514,20250412,1800,2,LTX-0012076,BKG-008700,-10,53
12077,1514,20250517,900,1,LTX-0012077,BKG-005786,60,113
12078,3605,20250719,900,1,LTX-0012078,BKG-011029,7,7
12079,3605,20250907,900,1,LTX-0012079,BKG-005788,19,26
12080,3605,20251201,900,1,LTX-0012080,BKG-012111,94,120
12081,3244,20250416,900,1,LTX-0012081,BKG-007711,44,44
12082,3244,20250426,900,1,LTX-0012082,BKG-005790,10,54
12083,3244,20250706,900,1,LTX-0012083,BKG-010688,23,77
12084,1214,20250225,900,1,LTX-0012084,BKG-005791,31,31
12085,1214,20250529,900,1,LTX-0012085,BKG-006995,96,127
12086,1214,20251126,900,1,LTX-0012086,BKG-009309,84,211
12087,3930,20250406,900,1,LTX-0012087,BKG-007105,37,37
12088,3930,20250728,900,1,LTX-0012088,BKG-006596,30,67
12089,3930,20251214,900,1,LTX-0012089,BKG-006943,59,126
12090,3930,20251217,900,1,LTX-0012090,BKG-005796,65,191
12091,2726,20250519,900,1,LTX-0012091,BKG-005800,61,61
12092,2726,20250519,1800,2,LTX-0012092,BKG-005800,-10,51
12093,2726,20251109,900,1,LTX-0012093,BKG-009428,22,73
12094,3816,20250701,900,1,LTX-0012094,BKG-005804,119,119
12095,3816,20251014,900,1,LTX-0012095,BKG-007478,11,130
12096,3816,20251122,900,1,LTX-0012096,BKG-008747,67,197
12097,3816,20251125,900,1,LTX-0012097,BKG-008684,11,208
12098,1834,20250615,900,1,LTX-0012098,BKG-007399,46,46
12099,1834,20250709,900,1,LTX-0012099,BKG-005807,77,123
12100,1834,20250709,1800,2,LTX-0012100,BKG-005807,-20,103
12101,3240,20250512,900,1,LTX-0012101,BKG-005808,87,87
12102,3240,20250512,1800,2,LTX-0012102,BKG-005808,-30,57
12103,3240,20250627,900,1,LTX-0012103,BKG-011766,42,99
12104,1752,20250524,900,1,LTX-0012104,BKG-012363,33,33
12105,1752,20250616,900,1,LTX-0012105,BKG-005815,99,132
12106,1752,20250715,900,1,LTX-0012106,BKG-006920,10,142
12107,322,20250313,900,1,LTX-0012107,BKG-008407,30,30
12108,322,20250915,900,1,LTX-0012108,BKG-012309,33,63
12109,322,20251127,900,1,LTX-0012109,BKG-007774,51,114
12110,322,20251221,900,1,LTX-0012110,BKG-005816,32,146
12111,775,20250411,900,1,LTX-0012111,BKG-011019,30,30
12112,775,20250624,900,1,LTX-0012112,BKG-011075,19,49
12113,775,20251125,900,1,LTX-0012113,BKG-005818,30,79
12114,4739,20241224,900,1,LTX-0012114,BKG-011706,18,18
12115,4739,20250625,900,1,LTX-0012115,BKG-009109,38,56
12116,4740,20251202,900,1,LTX-0012116,BKG-005821,25,81
12117,1652,20250209,900,1,LTX-0012117,BKG-006863,85,85
12118,1652,20250525,900,1,LTX-0012118,BKG-005828,33,118
12119,1652,20250701,900,1,LTX-0012119,BKG-008774,25,143
12120,288,20241223,900,1,LTX-0012120,BKG-012361,47,47
12121,288,20250409,900,1,LTX-0012121,BKG-005833,40,87
12122,288,20250523,900,1,LTX-0012122,BKG-011402,54,141
12123,952,20250208,900,1,LTX-0012123,BKG-005834,69,69
12124,952,20251115,900,1,LTX-0012124,BKG-012099,68,137
12125,3431,20250521,900,1,LTX-0012125,BKG-005836,29,29
12126,3432,20250711,900,1,LTX-0012126,BKG-008735,60,89
12127,3432,20251214,900,1,LTX-0012127,BKG-010017,83,172
12128,4531,20250509,900,1,LTX-0012128,BKG-007567,36,36
12129,4531,20250615,900,1,LTX-0012129,BKG-005840,25,61
12130,4531,20250630,900,1,LTX-0012130,BKG-008472,47,108
12131,4531,20250729,900,1,LTX-0012131,BKG-011224,9,117
12132,4431,20250602,900,1,LTX-0012132,BKG-005841,35,35
12133,4431,20250719,900,1,LTX-0012133,BKG-006483,25,60
12134,1209,20250125,900,1,LTX-0012134,BKG-009606,36,36
12135,1209,20250603,900,1,LTX-0012135,BKG-005842,84,120
12136,1467,20250528,900,1,LTX-0012136,BKG-005848,48,48
12137,1467,20251213,900,1,LTX-0012137,BKG-007536,48,96
12138,1063,20250319,900,1,LTX-0012138,BKG-007412,18,18
12139,1063,20250618,900,1,LTX-0012139,BKG-005859,44,62
12140,1063,20250618,1800,2,LTX-0012140,BKG-005859,-10,52
12141,2846,20250515,900,1,LTX-0012141,BKG-005863,63,63
12142,1105,20250727,900,1,LTX-0012142,BKG-005864,41,41
12143,1105,20250727,1800,2,LTX-0012143,BKG-005864,-30,11
12144,1105,20251023,900,1,LTX-0012144,BKG-007471,34,45
12145,367,20250630,900,1,LTX-0012145,BKG-005877,19,19
12146,3555,20250329,900,1,LTX-0012146,BKG-008035,22,22
12147,3555,20250404,900,1,LTX-0012147,BKG-007576,62,84
12148,3555,20250404,1800,2,LTX-0012148,BKG-007576,-10,74
12149,3555,20250530,900,1,LTX-0012149,BKG-005879,31,105
12150,3555,20250821,900,1,LTX-0012150,BKG-009564,55,160
12151,3555,20250915,900,1,LTX-0012151,BKG-007408,55,215
12152,4549,20250105,900,1,LTX-0012152,BKG-005884,6,6
12153,4550,20250501,900,1,LTX-0012153,BKG-008723,28,34
12154,4550,20250627,900,1,LTX-0012154,BKG-008787,21,55
12155,4550,20251206,900,1,LTX-0012155,BKG-008907,74,129
12156,4550,20251206,1800,2,LTX-0012156,BKG-008907,-30,99
12157,1185,20250206,900,1,LTX-0012157,BKG-011906,14,14
12158,1185,20250512,900,1,LTX-0012158,BKG-008488,32,46
12159,1185,20250519,900,1,LTX-0012159,BKG-005887,56,102
12160,1459,20250221,900,1,LTX-0012160,BKG-007563,30,30
12161,1460,20250730,900,1,LTX-0012161,BKG-005890,48,78
12162,1460,20251129,900,1,LTX-0012162,BKG-010447,17,95
12163,3211,20241227,900,1,LTX-0012163,BKG-005892,8,8
12164,3211,20250119,900,1,LTX-0012164,BKG-011911,63,71
12165,3211,20250320,900,1,LTX-0012165,BKG-007665,39,110
12166,3211,20250609,900,1,LTX-0012166,BKG-012328,22,132
12167,3211,20250618,900,1,LTX-0012167,BKG-010309,45,177
12168,3212,20251029,900,1,LTX-0012168,BKG-010117,17,194
12169,3212,20251116,900,1,LTX-0012169,BKG-009108,60,254
12170,3538,20250208,900,1,LTX-0012170,BKG-007277,46,46
12171,3538,20250216,900,1,LTX-0012171,BKG-009714,49,95
12172,3538,20250329,900,1,LTX-0012172,BKG-008204,66,161
12173,3538,20251013,900,1,LTX-0012173,BKG-005894,45,206
12174,3538,20251111,900,1,LTX-0012174,BKG-007809,71,277
12175,2278,20250701,900,1,LTX-0012175,BKG-005899,22,22
12176,2278,20251024,900,1,LTX-0012176,BKG-007392,29,51
12177,599,20250110,900,1,LTX-0012177,BKG-008597,42,42
12178,599,20250505,900,1,LTX-0012178,BKG-011734,18,60
12179,599,20250605,900,1,LTX-0012179,BKG-010277,73,133
12180,599,20250619,900,1,LTX-0012180,BKG-011802,30,163
12181,599,20250915,900,1,LTX-0012181,BKG-005902,50,213
12182,599,20250915,1800,2,LTX-0012182,BKG-005902,-30,183
12183,518,20250621,900,1,LTX-0012183,BKG-007205,23,23
12184,518,20250715,900,1,LTX-0012184,BKG-005905,33,56
12185,518,20250717,900,1,LTX-0012185,BKG-006006,13,69
12186,3947,20250525,900,1,LTX-0012186,BKG-005909,29,29
12187,3947,20250615,900,1,LTX-0012187,BKG-008322,41,70
12188,2283,20250320,900,1,LTX-0012188,BKG-005913,26,26
12189,2283,20250529,900,1,LTX-0012189,BKG-006088,71,97
12190,2284,20251111,900,1,LTX-0012190,BKG-006604,55,152
12191,2284,20251209,900,1,LTX-0012191,BKG-008966,64,216
12192,2757,20250624,900,1,LTX-0012192,BKG-010333,36,36
12193,2757,20251125,900,1,LTX-0012193,BKG-005919,46,82
12194,2757,20251125,1800,2,LTX-0012194,BKG-005919,-20,62
12195,2877,20250403,900,1,LTX-0012195,BKG-009223,43,43
12196,2877,20250403,1800,2,LTX-0012196,BKG-009223,-30,13
12197,2878,20250702,900,1,LTX-0012197,BKG-005931,73,86
12198,803,20250216,900,1,LTX-0012198,BKG-005936,27,27
12199,803,20250316,900,1,LTX-0012199,BKG-010765,24,51
12200,803,20250613,900,1,LTX-0012200,BKG-006765,30,81
12201,803,20251010,900,1,LTX-0012201,BKG-007688,19,100
12202,803,20251127,900,1,LTX-0012202,BKG-008898,22,122
12203,3885,20250112,900,1,LTX-0012203,BKG-006397,36,36
12204,3885,20250112,1800,2,LTX-0012204,BKG-006397,-20,16
12205,3885,20250529,900,1,LTX-0012205,BKG-005937,41,57
12206,3885,20251002,900,1,LTX-0012206,BKG-007569,24,81
12207,3885,20251111,900,1,LTX-0012207,BKG-010232,20,101
12208,3885,20251130,900,1,LTX-0012208,BKG-007637,76,177
12209,3885,20251130,1800,2,LTX-0012209,BKG-007637,-20,157
12210,1895,20250211,900,1,LTX-0012210,BKG-012364,87,87
12211,1895,20250418,900,1,LTX-0012211,BKG-005942,33,120
12212,1895,20250506,900,1,LTX-0012212,BKG-010374,31,151
12213,306,20250625,900,1,LTX-0012213,BKG-005944,35,35
12214,306,20250720,900,1,LTX-0012214,BKG-011041,44,79
12215,3962,20250902,900,1,LTX-0012215,BKG-005952,20,20
12216,3962,20251201,900,1,LTX-0012216,BKG-007488,8,28
12217,3544,20250619,900,1,LTX-0012217,BKG-010020,18,18
12218,3544,20250727,900,1,LTX-0012218,BKG-005953,24,42
12219,1888,20250628,900,1,LTX-0012219,BKG-011535,54,54
12220,1888,20251123,900,1,LTX-0012220,BKG-005954,40,94
12221,1540,20250106,900,1,LTX-0012221,BKG-011888,47,47
12222,1540,20250114,900,1,LTX-0012222,BKG-010419,33,80
12223,1540,20250507,900,1,LTX-0012223,BKG-009799,25,105
12224,1540,20250603,900,1,LTX-0012224,BKG-008084,43,148
12225,1540,20250605,900,1,LTX-0012225,BKG-010131,34,182
12226,1540,20250903,900,1,LTX-0012226,BKG-005960,18,200
12227,1540,20251112,900,1,LTX-0012227,BKG-007670,57,257
12228,1540,20251112,1800,2,LTX-0012228,BKG-007670,-10,247
12229,538,20250528,900,1,LTX-0012229,BKG-005961,79,79
12230,1410,20250101,900,1,LTX-0012230,BKG-007223,48,48
12231,1410,20250606,900,1,LTX-0012231,BKG-005963,37,85
12232,3804,20250712,900,1,LTX-0012232,BKG-005972,39,39
12233,524,20250213,900,1,LTX-0012233,BKG-006211,45,45
12234,524,20250213,1800,2,LTX-0012234,BKG-006211,-20,25
12235,524,20250525,900,1,LTX-0012235,BKG-009100,30,55
12236,524,20250702,900,1,LTX-0012236,BKG-006577,60,115
12237,524,20250702,1800,2,LTX-0012237,BKG-006577,-30,85
12238,524,20251026,900,1,LTX-0012238,BKG-005975,69,154
12239,2745,20250217,900,1,LTX-0012239,BKG-006057,101,101
12240,2745,20250429,900,1,LTX-0012240,BKG-011198,30,131
12241,2745,20250620,900,1,LTX-0012241,BKG-011939,35,166
12242,2746,20250819,900,1,LTX-0012242,BKG-005978,32,198
12243,2746,20251215,900,1,LTX-0012243,BKG-010678,37,235
12244,3932,20250212,900,1,LTX-0012244,BKG-005979,42,42
12245,3932,20250212,1800,2,LTX-0012245,BKG-005979,-30,12
12246,3933,20251116,900,1,LTX-0012246,BKG-008157,55,67
12247,528,20250629,900,1,LTX-0012247,BKG-005980,58,58
12248,4143,20250529,900,1,LTX-0012248,BKG-005982,79,79
12249,4143,20250529,1800,2,LTX-0012249,BKG-005982,-10,69
12250,4143,20250531,900,1,LTX-0012250,BKG-009366,43,112
12251,1755,20250415,900,1,LTX-0012251,BKG-007561,32,32
12252,1755,20250415,1800,2,LTX-0012252,BKG-007561,-20,12
12253,1755,20251210,900,1,LTX-0012253,BKG-005984,30,42
12254,504,20250609,900,1,LTX-0012254,BKG-005985,12,12
12255,3840,20250208,900,1,LTX-0012255,BKG-007103,48,48
12256,3841,20250530,900,1,LTX-0012256,BKG-005987,92,140
12257,3841,20250702,900,1,LTX-0012257,BKG-008754,60,200
12258,3841,20250713,900,1,LTX-0012258,BKG-009438,39,239
12259,884,20250224,900,1,LTX-0012259,BKG-006908,26,26
12260,884,20250618,900,1,LTX-0012260,BKG-005990,71,97
12261,884,20250626,900,1,LTX-0012261,BKG-007175,21,118
12262,884,20250626,1800,2,LTX-0012262,BKG-007175,-30,88
12263,884,20250627,900,1,LTX-0012263,BKG-006838,44,132
12264,884,20251110,900,1,LTX-0012264,BKG-011722,62,194
12265,1450,20250518,900,1,LTX-0012265,BKG-006004,56,56
12266,1450,20250628,900,1,LTX-0012266,BKG-012268,10,66
12267,1450,20250924,900,1,LTX-0012267,BKG-011871,39,105
12268,144,20250121,900,1,LTX-0012268,BKG-007403,19,19
12269,144,20250617,900,1,LTX-0012269,BKG-012476,62,81
12270,144,20250628,900,1,LTX-0012270,BKG-006007,53,134
12271,2970,20250611,900,1,LTX-0012271,BKG-006008,22,22
12272,2970,20251118,900,1,LTX-0012272,BKG-009716,46,68
12273,2970,20251118,1800,2,LTX-0012273,BKG-009716,-20,48
12274,3066,20250610,900,1,LTX-0012274,BKG-006009,67,67
12275,3066,20251114,900,1,LTX-0012275,BKG-007065,53,120
12276,3066,20251114,900,1,LTX-0012276,BKG-011522,49,169
12277,1422,20250507,900,1,LTX-0012277,BKG-006011,40,40
12278,1422,20250627,900,1,LTX-0012278,BKG-007225,56,96
12279,2605,20250426,900,1,LTX-0012279,BKG-006015,16,16
12280,353,20250715,900,1,LTX-0012280,BKG-009402,60,60
12281,353,20250715,1800,2,LTX-0012281,BKG-009402,-20,40
12282,353,20250917,900,1,LTX-0012282,BKG-006017,42,82
12283,353,20251124,900,1,LTX-0012283,BKG-012406,79,161
12284,4917,20251006,900,1,LTX-0012284,BKG-006022,42,42
12285,4917,20251024,900,1,LTX-0012285,BKG-012494,18,60
12286,4917,20251119,900,1,LTX-0012286,BKG-006658,24,84
12287,3741,20250513,900,1,LTX-0012287,BKG-008951,71,71
12288,3741,20251207,900,1,LTX-0012288,BKG-006026,78,149
12289,3741,20251207,1800,2,LTX-0012289,BKG-006026,-30,119
12290,2433,20250525,900,1,LTX-0012290,BKG-006031,35,35
12291,2433,20250630,900,1,LTX-0012291,BKG-007312,50,85
12292,2433,20250830,900,1,LTX-0012292,BKG-007526,13,98
12293,2433,20250830,1800,2,LTX-0012293,BKG-007526,-20,78
12294,2433,20251125,900,1,LTX-0012294,BKG-007450,67,145
12295,3530,20250702,900,1,LTX-0012295,BKG-006038,59,59
12296,3530,20250711,900,1,LTX-0012296,BKG-008568,44,103
12297,3698,20250627,900,1,LTX-0012297,BKG-006041,48,48
12298,3698,20250802,900,1,LTX-0012298,BKG-008144,32,80
12299,3698,20250802,1800,2,LTX-0012299,BKG-008144,-20,60
12300,1941,20250211,900,1,LTX-0012300,BKG-011635,32,32
12301,1941,20250211,1800,2,LTX-0012301,BKG-011635,-10,22
12302,1941,20250615,900,1,LTX-0012302,BKG-009566,38,60
12303,1941,20250623,900,1,LTX-0012303,BKG-006042,41,101
12304,1941,20250918,900,1,LTX-0012304,BKG-012201,37,138
12305,1941,20250918,1800,2,LTX-0012305,BKG-012201,-20,118
12306,1941,20251201,900,1,LTX-0012306,BKG-008762,78,196
12307,1802,20250621,900,1,LTX-0012307,BKG-010536,61,61
12308,1802,20250627,900,1,LTX-0012308,BKG-006044,70,131
12309,1802,20250707,900,1,LTX-0012309,BKG-007282,32,163
12310,1803,20251003,900,1,LTX-0012310,BKG-006562,73,236
12311,4205,20251202,900,1,LTX-0012311,BKG-006047,43,43
12312,4205,20251202,1800,2,LTX-0012312,BKG-006047,-30,13
12313,1039,20250509,900,1,LTX-0012313,BKG-011394,57,57
12314,1039,20250509,1800,2,LTX-0012314,BKG-011394,-20,37
12315,1039,20250706,900,1,LTX-0012315,BKG-006055,9,46
12316,2962,20250106,900,1,LTX-0012316,BKG-008247,55,55
12317,2962,20250426,900,1,LTX-0012317,BKG-010978,42,97
12318,2962,20250517,900,1,LTX-0012318,BKG-006576,16,113
12319,2962,20251108,900,1,LTX-0012319,BKG-007144,28,141
12320,2962,20251109,900,1,LTX-0012320,BKG-006079,81,222
12321,2159,20241228,900,1,LTX-0012321,BKG-006080,78,78
12322,2159,20250516,900,1,LTX-0012322,BKG-010101,51,129
12323,2056,20250219,900,1,LTX-0012323,BKG-006101,23,23
12324,2056,20251027,900,1,LTX-0012324,BKG-012435,14,37
12325,3573,20250623,900,1,LTX-0012325,BKG-012183,39,39
12326,3573,20250705,900,1,LTX-0012326,BKG-006107,9,48
12327,3573,20250825,900,1,LTX-0012327,BKG-010545,42,90
12328,4075,20250514,900,1,LTX-0012328,BKG-006802,91,91
12329,4075,20250820,900,1,LTX-0012329,BKG-006112,28,119
12330,2304,20250909,900,1,LTX-0012330,BKG-006124,25,25
12331,2304,20251203,900,1,LTX-0012331,BKG-009199,74,99
12332,2309,20250628,900,1,LTX-0012332,BKG-006126,63,63
12333,1448,20250524,900,1,LTX-0012333,BKG-006128,45,45
12334,1448,20250618,900,1,LTX-0012334,BKG-012154,44,89
12335,3074,20250729,900,1,LTX-0012335,BKG-006137,99,99
12336,3074,20251025,900,1,LTX-0012336,BKG-006428,32,131
12337,1437,20250823,900,1,LTX-0012337,BKG-006143,38,38
12338,1437,20251110,900,1,LTX-0012338,BKG-008119,35,73
12339,986,20250606,900,1,LTX-0012339,BKG-006149,65,65
12340,986,20250629,900,1,LTX-0012340,BKG-008802,32,97
12341,986,20250820,900,1,LTX-0012341,BKG-007899,38,135
12342,986,20251113,900,1,LTX-0012342,BKG-010732,48,183
12343,4626,20250705,900,1,LTX-0012343,BKG-006152,28,28
12344,2016,20250611,900,1,LTX-0012344,BKG-010950,35,35
12345,2016,20250829,900,1,LTX-0012345,BKG-006155,40,75
12346,2016,20250909,900,1,LTX-0012346,BKG-008378,28,103
12347,3527,20250512,900,1,LTX-0012347,BKG-008372,77,77
12348,3527,20250630,900,1,LTX-0012348,BKG-008701,51,128
12349,3527,20250714,900,1,LTX-0012349,BKG-006161,48,176
12350,3527,20250819,900,1,LTX-0012350,BKG-012169,48,224
12351,3527,20251207,900,1,LTX-0012351,BKG-007170,65,289
12352,555,20251125,900,1,LTX-0012352,BKG-009708,34,34
12353,555,20251203,900,1,LTX-0012353,BKG-006169,18,52
12354,3453,20250311,900,1,LTX-0012354,BKG-006601,28,28
12355,3453,20251123,900,1,LTX-0012355,BKG-006173,18,46
12356,3453,20251201,900,1,LTX-0012356,BKG-010331,37,83
12357,4123,20250116,900,1,LTX-0012357,BKG-006176,30,30
12358,4326,20250114,900,1,LTX-0012358,BKG-012383,26,26
12359,4326,20250925,900,1,LTX-0012359,BKG-006180,41,67
12360,2086,20250418,900,1,LTX-0012360,BKG-006317,33,33
12361,2086,20250429,900,1,LTX-0012361,BKG-006189,61,94
12362,937,20250521,900,1,LTX-0012362,BKG-010966,25,25
12363,937,20250603,900,1,LTX-0012363,BKG-006194,31,56
12364,937,20250626,900,1,LTX-0012364,BKG-008467,78,134
12365,937,20250626,1800,2,LTX-0012365,BKG-008467,-10,124
12366,2349,20250211,900,1,LTX-0012366,BKG-006906,15,15
12367,2349,20250615,900,1,LTX-0012367,BKG-009073,21,36
12368,2349,20250615,1800,2,LTX-0012368,BKG-009073,-30,6
12369,2349,20250911,900,1,LTX-0012369,BKG-006195,9,15
12370,1682,20250328,900,1,LTX-0012370,BKG-006204,48,48
12371,3016,20250311,900,1,LTX-0012371,BKG-010569,36,36
12372,3016,20250625,900,1,LTX-0012372,BKG-006205,48,84
12373,3016,20250628,900,1,LTX-0012373,BKG-007209,74,158
12374,3016,20250810,900,1,LTX-0012374,BKG-006625,61,219
12375,4554,20250103,900,1,LTX-0012375,BKG-009429,32,32
12376,4554,20250521,900,1,LTX-0012376,BKG-006207,106,138
12377,348,20241224,900,1,LTX-0012377,BKG-009388,37,37
12378,348,20250129,900,1,LTX-0012378,BKG-009516,66,103
12379,348,20250408,900,1,LTX-0012379,BKG-010964,38,141
12380,348,20250719,900,1,LTX-0012380,BKG-009624,56,197
12381,348,20250922,900,1,LTX-0012381,BKG-012410,47,244
12382,348,20250929,900,1,LTX-0012382,BKG-006210,10,254
12383,348,20251202,900,1,LTX-0012383,BKG-012464,36,290
12384,858,20250814,900,1,LTX-0012384,BKG-006215,78,78
12385,3994,20250703,900,1,LTX-0012385,BKG-006216,68,68
12386,3994,20250703,1800,2,LTX-0012386,BKG-006216,-20,48
12387,754,20241230,900,1,LTX-0012387,BKG-011439,42,42
12388,754,20250613,900,1,LTX-0012388,BKG-008890,48,90
12389,754,20251014,900,1,LTX-0012389,BKG-006221,26,116
12390,1073,20250606,900,1,LTX-0012390,BKG-008161,17,17
12391,1073,20250619,900,1,LTX-0012391,BKG-006223,10,27
12392,1684,20250105,900,1,LTX-0012392,BKG-007160,50,50
12393,1684,20250315,900,1,LTX-0012393,BKG-008067,8,58
12394,1684,20250910,900,1,LTX-0012394,BKG-006226,8,66
12395,1782,20250207,900,1,LTX-0012395,BKG-006328,33,33
12396,1782,20250207,1800,2,LTX-0012396,BKG-006328,-30,3
12397,1782,20250728,900,1,LTX-0012397,BKG-006229,44,47
12398,1782,20251215,900,1,LTX-0012398,BKG-010094,61,108
12399,3436,20241227,900,1,LTX-0012399,BKG-006234,43,43
12400,3436,20250703,900,1,LTX-0012400,BKG-009055,60,103
12401,3436,20250913,900,1,LTX-0012401,BKG-011471,51,154
12402,3436,20251126,900,1,LTX-0012402,BKG-011738,73,227
12403,2220,20250224,900,1,LTX-0012403,BKG-010582,18,18
12404,2220,20250410,900,1,LTX-0012404,BKG-006241,20,38
12405,2220,20250410,1800,2,LTX-0012405,BKG-006241,-30,8
12406,2220,20251127,900,1,LTX-0012406,BKG-008221,7,15
12407,3447,20241217,900,1,LTX-0012407,BKG-011447,24,24
12408,3447,20250203,900,1,LTX-0012408,BKG-006243,13,37
12409,3447,20251125,900,1,LTX-0012409,BKG-008092,30,67
12410,3266,20250617,900,1,LTX-0012410,BKG-006260,26,26
12411,3266,20251129,900,1,LTX-0012411,BKG-008896,59,85
12412,3537,20250812,900,1,LTX-0012412,BKG-006261,36,36
12413,735,20250413,900,1,LTX-0012413,BKG-006264,46,46
12414,735,20250413,1800,2,LTX-0012414,BKG-006264,-20,26
12415,736,20251203,900,1,LTX-0012415,BKG-010134,32,58
12416,2988,20250502,900,1,LTX-0012416,BKG-006274,59,59
12417,2988,20250502,1800,2,LTX-0012417,BKG-006274,-30,29
12418,2988,20250804,900,1,LTX-0012418,BKG-009831,62,91
12419,328,20250314,900,1,LTX-0012419,BKG-006283,38,38
12420,328,20250619,900,1,LTX-0012420,BKG-008030,62,100
12421,328,20251122,900,1,LTX-0012421,BKG-010942,35,135
12422,1217,20250529,900,1,LTX-0012422,BKG-011170,31,31
12423,1217,20250726,900,1,LTX-0012423,BKG-010290,23,54
12424,1217,20251211,900,1,LTX-0012424,BKG-006285,10,64
12425,1201,20250311,900,1,LTX-0012425,BKG-009328,67,67
12426,1201,20250519,900,1,LTX-0012426,BKG-007474,36,103
12427,1201,20250905,900,1,LTX-0012427,BKG-006290,29,132
12428,1201,20250930,900,1,LTX-0012428,BKG-010584,53,185
12429,4634,20250413,900,1,LTX-0012429,BKG-008717,26,26
12430,4634,20250531,900,1,LTX-0012430,BKG-006293,28,54
12431,2085,20250524,900,1,LTX-0012431,BKG-006295,8,8
12432,2085,20250925,900,1,LTX-0012432,BKG-007237,55,63
12433,4403,20250523,900,1,LTX-0012433,BKG-006296,18,18
12434,4403,20250625,900,1,LTX-0012434,BKG-009304,69,87
12435,3877,20250607,900,1,LTX-0012435,BKG-007114,87,87
12436,3877,20250621,900,1,LTX-0012436,BKG-006310,75,162
12437,61,20250706,900,1,LTX-0012437,BKG-011456,58,58
12438,62,20250718,900,1,LTX-0012438,BKG-006313,98,156
12439,62,20251115,900,1,LTX-0012439,BKG-010169,18,174
12440,62,20251211,900,1,LTX-0012440,BKG-008605,51,225
12441,3158,20250303,900,1,LTX-0012441,BKG-006315,20,20
12442,2685,20250121,900,1,LTX-0012442,BKG-006322,10,10
12443,2916,20250705,900,1,LTX-0012443,BKG-006436,45,45
12444,2916,20251116,900,1,LTX-0012444,BKG-006326,39,84
12445,2643,20250726,900,1,LTX-0012445,BKG-006332,14,14
12446,2644,20251208,900,1,LTX-0012446,BKG-007039,19,33
12447,4082,20250325,900,1,LTX-0012447,BKG-010487,39,39
12448,4083,20251117,900,1,LTX-0012448,BKG-006334,50,89
12449,2239,20250314,900,1,LTX-0012449,BKG-006342,6,6
12450,2240,20250607,900,1,LTX-0012450,BKG-008438,51,57
12451,2240,20250705,900,1,LTX-0012451,BKG-011654,48,105
12452,2240,20250915,900,1,LTX-0012452,BKG-009056,62,167
12453,939,20250104,900,1,LTX-0012453,BKG-008392,36,36
12454,939,20250521,900,1,LTX-0012454,BKG-006347,60,96
12455,939,20251020,900,1,LTX-0012455,BKG-010548,10,106
12456,3548,20250120,900,1,LTX-0012456,BKG-006350,11,11
12457,3548,20251108,900,1,LTX-0012457,BKG-008387,30,41
12458,119,20251118,900,1,LTX-0012458,BKG-008299,54,54
12459,119,20251129,900,1,LTX-0012459,BKG-006353,76,130
12460,838,20250904,900,1,LTX-0012460,BKG-006354,31,31
12461,1756,20250107,900,1,LTX-0012461,BKG-006364,11,11
12462,1756,20250107,1800,2,LTX-0012462,BKG-006364,-10,1
12463,1756,20250812,900,1,LTX-0012463,BKG-011185,44,45
12464,1756,20251208,900,1,LTX-0012464,BKG-008190,34,79
12465,2647,20250125,900,1,LTX-0012465,BKG-006365,43,43
12466,2647,20250205,900,1,LTX-0012466,BKG-010836,38,81
12467,2647,20250205,1800,2,LTX-0012467,BKG-010836,-30,51
12468,2647,20251112,900,1,LTX-0012468,BKG-009932,58,109
12469,2647,20251112,1800,2,LTX-0012469,BKG-009932,-20,89
12470,2759,20250515,900,1,LTX-0012470,BKG-007873,59,59
12471,2759,20250613,900,1,LTX-0012471,BKG-006368,57,116
12472,2759,20250627,900,1,LTX-0012472,BKG-010976,41,157
12473,3423,20250531,900,1,LTX-0012473,BKG-011342,40,40
12474,3423,20251201,900,1,LTX-0012474,BKG-006371,25,65
12475,3829,20250529,900,1,LTX-0012475,BKG-006389,45,45
12476,3829,20250529,1800,2,LTX-0012476,BKG-006389,-10,35
12477,3829,20250814,900,1,LTX-0012477,BKG-012013,29,64
12478,3829,20250815,900,1,LTX-0012478,BKG-006372,51,115
12479,3829,20250815,1800,2,LTX-0012479,BKG-006372,-10,105
12480,2189,20250709,900,1,LTX-0012480,BKG-006377,24,24
12481,1847,20250604,900,1,LTX-0012481,BKG-011674,45,45
12482,1847,20251214,900,1,LTX-0012482,BKG-006379,63,108
12483,4030,20250901,900,1,LTX-0012483,BKG-009175,34,34
12484,4030,20250901,1800,2,LTX-0012484,BKG-009175,-30,4
12485,4030,20251217,900,1,LTX-0012485,BKG-006380,76,80
12486,3218,20250529,900,1,LTX-0012486,BKG-008348,25,25
12487,3218,20250702,900,1,LTX-0012487,BKG-007173,50,75
12488,3218,20250706,900,1,LTX-0012488,BKG-006388,11,86
12489,3218,20250706,1800,2,LTX-0012489,BKG-006388,-10,76
12490,4926,20250316,900,1,LTX-0012490,BKG-006609,37,37
12491,4926,20250316,1800,2,LTX-0012491,BKG-006609,-20,17
12492,4926,20250615,900,1,LTX-0012492,BKG-009117,40,57
12493,4926,20251020,900,1,LTX-0012493,BKG-006390,53,110
12494,3940,20250204,900,1,LTX-0012494,BKG-011129,15,15
12495,3940,20250330,900,1,LTX-0012495,BKG-006391,15,30
12496,3940,20251009,900,1,LTX-0012496,BKG-010932,46,76
12497,3941,20251124,900,1,LTX-0012497,BKG-010074,57,133
12498,3941,20251218,900,1,LTX-0012498,BKG-007252,94,227
12499,4744,20250110,900,1,LTX-0012499,BKG-011638,29,29
12500,4744,20250420,900,1,LTX-0012500,BKG-006398,7,36
12501,4745,20251129,900,1,LTX-0012501,BKG-011382,39,75
12502,3482,20250522,900,1,LTX-0012502,BKG-006400,30,30
12503,3482,20250606,900,1,LTX-0012503,BKG-011707,70,100
12504,3788,20250205,900,1,LTX-0012504,BKG-012397,54,54
12505,3788,20250609,900,1,LTX-0012505,BKG-006401,22,76
12506,3788,20251123,900,1,LTX-0012506,BKG-011569,80,156
12507,671,20250515,900,1,LTX-0012507,BKG-010568,65,65
12508,671,20250704,900,1,LTX-0012508,BKG-006423,17,82
12509,671,20251125,900,1,LTX-0012509,BKG-010300,48,130
12510,4260,20250713,900,1,LTX-0012510,BKG-006425,62,62
12511,4872,20250611,900,1,LTX-0012511,BKG-006438,53,53
12512,4872,20250922,900,1,LTX-0012512,BKG-008380,50,103
12513,4872,20251130,900,1,LTX-0012513,BKG-010530,36,139
12514,4872,20251130,1800,2,LTX-0012514,BKG-010530,-10,129
12515,3040,20250604,900,1,LTX-0012515,BKG-011084,94,94
12516,3040,20251110,900,1,LTX-0012516,BKG-006443,22,116
12517,187,20250524,900,1,LTX-0012517,BKG-012374,27,27
12518,187,20250716,900,1,LTX-0012518,BKG-011425,37,64
12519,187,20251102,900,1,LTX-0012519,BKG-006449,39,103
12520,1321,20251027,900,1,LTX-0012520,BKG-007475,44,44
12521,1321,20251203,900,1,LTX-0012521,BKG-006455,48,92
12522,4045,20250127,900,1,LTX-0012522,BKG-010959,63,63
12523,4045,20251204,900,1,LTX-0012523,BKG-006468,59,122
12524,3711,20250607,900,1,LTX-0012524,BKG-010706,20,20
12525,3711,20251006,900,1,LTX-0012525,BKG-006480,31,51
12526,679,20251203,900,1,LTX-0012526,BKG-006485,10,10
12527,572,20241218,900,1,LTX-0012527,BKG-011280,77,77
12528,572,20250610,900,1,LTX-0012528,BKG-008867,22,99
12529,572,20250808,900,1,LTX-0012529,BKG-006501,31,130
12530,1934,20250414,900,1,LTX-0012530,BKG-006508,34,34
12531,1934,20250414,1800,2,LTX-0012531,BKG-006508,-30,4
12532,1934,20250428,900,1,LTX-0012532,BKG-008993,42,46
12533,1934,20250815,900,1,LTX-0012533,BKG-011574,53,99
12534,1511,20250408,900,1,LTX-0012534,BKG-006511,45,45
12535,1511,20250603,900,1,LTX-0012535,BKG-007318,54,99
12536,1511,20251201,900,1,LTX-0012536,BKG-012049,27,126
12537,773,20250609,900,1,LTX-0012537,BKG-011222,42,42
12538,773,20250712,900,1,LTX-0012538,BKG-006518,68,110
12539,773,20250712,1800,2,LTX-0012539,BKG-006518,-30,80
12540,773,20251210,900,1,LTX-0012540,BKG-011091,12,92
12541,3827,20250912,900,1,LTX-0012541,BKG-006523,37,37
12542,3827,20250912,1800,2,LTX-0012542,BKG-006523,-20,17
12543,3827,20251203,900,1,LTX-0012543,BKG-007529,55,72
12544,1288,20250330,900,1,LTX-0012544,BKG-006526,18,18
12545,1288,20251006,900,1,LTX-0012545,BKG-008669,28,46
12546,3174,20250312,900,1,LTX-0012546,BKG-006589,69,69
12547,3175,20250721,900,1,LTX-0012547,BKG-006528,14,83
12548,3175,20250909,900,1,LTX-0012548,BKG-008342,48,131
12549,3175,20251018,900,1,LTX-0012549,BKG-009775,25,156
12550,3459,20241221,900,1,LTX-0012550,BKG-011229,19,19
12551,3459,20251018,900,1,LTX-0012551,BKG-006534,44,63
12552,130,20251107,900,1,LTX-0012552,BKG-008462,73,73
12553,130,20251107,1800,2,LTX-0012553,BKG-008462,-30,43
12554,130,20251216,900,1,LTX-0012554,BKG-006535,52,95
12555,4931,20250303,900,1,LTX-0012555,BKG-012127,29,29
12556,4931,20251102,900,1,LTX-0012556,BKG-006536,73,102
12557,4931,20251102,1800,2,LTX-0012557,BKG-006536,-30,72
12558,2598,20250105,900,1,LTX-0012558,BKG-006545,27,27
12559,2598,20250408,900,1,LTX-0012559,BKG-008539,36,63
12560,2598,20250616,900,1,LTX-0012560,BKG-012085,40,103
12561,2905,20250717,900,1,LTX-0012561,BKG-006551,62,62
12562,2905,20251104,900,1,LTX-0012562,BKG-011429,38,100
12563,1150,20250324,900,1,LTX-0012563,BKG-008981,31,31
12564,1150,20250324,1800,2,LTX-0012564,BKG-008981,-20,11
12565,1150,20250606,900,1,LTX-0012565,BKG-006553,58,69
12566,965,20250113,900,1,LTX-0012566,BKG-006555,77,77
12567,966,20250623,900,1,LTX-0012567,BKG-009131,11,88
12568,966,20250701,900,1,LTX-0012568,BKG-009810,22,110
12569,966,20250911,900,1,LTX-0012569,BKG-008593,18,128
12570,2099,20250709,900,1,LTX-0012570,BKG-012039,32,32
12571,2100,20251005,900,1,LTX-0012571,BKG-006558,31,63
12572,4048,20250109,900,1,LTX-0012572,BKG-008201,33,33
12573,4049,20250517,900,1,LTX-0012573,BKG-009038,29,62
12574,4049,20250709,900,1,LTX-0012574,BKG-006569,85,147
12575,4049,20250803,900,1,LTX-0012575,BKG-007840,64,211
12576,4049,20251202,900,1,LTX-0012576,BKG-006726,77,288
12577,4049,20251202,1800,2,LTX-0012577,BKG-006726,-30,258
12578,3041,20251126,900,1,LTX-0012578,BKG-006571,37,37
12579,1335,20250125,900,1,LTX-0012579,BKG-006572,62,62
12580,1335,20250604,900,1,LTX-0012580,BKG-007800,20,82
12581,1335,20251207,900,1,LTX-0012581,BKG-011858,12,94
12582,2966,20250211,900,1,LTX-0012582,BKG-012316,19,19
12583,2966,20250507,900,1,LTX-0012583,BKG-006575,54,73
12584,2966,20250507,1800,2,LTX-0012584,BKG-006575,-20,53
12585,2966,20250714,900,1,LTX-0012585,BKG-010917,86,139
12586,135,20250522,900,1,LTX-0012586,BKG-006580,25,25
12587,135,20250714,900,1,LTX-0012587,BKG-006961,60,85
12588,2117,20250530,900,1,LTX-0012588,BKG-006592,12,12
12589,2117,20250729,900,1,LTX-0012589,BKG-010207,14,26
12590,2117,20251205,900,1,LTX-0012590,BKG-008800,17,43
12591,131,20251204,900,1,LTX-0012591,BKG-006594,69,69
12592,4081,20250321,900,1,LTX-0012592,BKG-009801,38,38
12593,4081,20250601,900,1,LTX-0012593,BKG-006595,89,127
12594,4081,20250605,900,1,LTX-0012594,BKG-012031,85,212
12595,4081,20250605,1800,2,LTX-0012595,BKG-012031,-20,192
12596,4911,20250125,900,1,LTX-0012596,BKG-010059,53,53
12597,4911,20250125,1800,2,LTX-0012597,BKG-010059,-30,23
12598,4911,20250327,900,1,LTX-0012598,BKG-006597,47,70
12599,4911,20250327,1800,2,LTX-0012599,BKG-006597,-10,60
12600,2545,20250425,900,1,LTX-0012600,BKG-006603,37,37
12601,2545,20250502,900,1,LTX-0012601,BKG-011959,30,67
12602,2545,20251205,900,1,LTX-0012602,BKG-010135,7,74
12603,1902,20241210,900,1,LTX-0012603,BKG-006618,60,60
12604,1902,20250630,900,1,LTX-0012604,BKG-011509,26,86
12605,1902,20250718,900,1,LTX-0012605,BKG-011792,36,122
12606,2008,20250517,900,1,LTX-0012606,BKG-008243,53,53
12607,2008,20250602,900,1,LTX-0012607,BKG-006619,63,116
12608,2009,20251023,900,1,LTX-0012608,BKG-006983,51,167
12609,1564,20250628,900,1,LTX-0012609,BKG-011925,9,9
12610,1564,20251202,900,1,LTX-0012610,BKG-006630,55,64
12611,158,20250211,900,1,LTX-0012611,BKG-007119,52,52
12612,158,20251016,900,1,LTX-0012612,BKG-006634,21,73
12613,158,20251125,900,1,LTX-0012613,BKG-009149,17,90
12614,158,20251125,1800,2,LTX-0012614,BKG-009149,-20,70
12615,4499,20250109,900,1,LTX-0012615,BKG-006635,24,24
12616,4500,20250606,900,1,LTX-0012616,BKG-008203,32,56
12617,3752,20250704,900,1,LTX-0012617,BKG-010691,71,71
12618,3752,20251205,900,1,LTX-0012618,BKG-006636,48,119
12619,742,20250313,900,1,LTX-0012619,BKG-006639,66,66
12620,742,20250823,900,1,LTX-0012620,BKG-012432,36,102
12621,742,20251127,900,1,LTX-0012621,BKG-009494,20,122
12622,4050,20250209,900,1,LTX-0012622,BKG-010600,21,21
12623,4050,20250707,900,1,LTX-0012623,BKG-006641,31,52
12624,4050,20250802,900,1,LTX-0012624,BKG-010371,44,96
12625,4050,20251109,900,1,LTX-0012625,BKG-010778,56,152
12626,3460,20250425,900,1,LTX-0012626,BKG-006648,9,9
12627,3460,20250527,900,1,LTX-0012627,BKG-011411,32,41
12628,4910,20250618,900,1,LTX-0012628,BKG-009537,39,39
12629,4910,20251117,900,1,LTX-0012629,BKG-006651,39,78
12630,4590,20250406,900,1,LTX-0012630,BKG-006656,31,31
12631,4590,20250620,900,1,LTX-0012631,BKG-008418,46,77
12632,4591,20251205,900,1,LTX-0012632,BKG-010360,26,103
12633,4591,20251205,1800,2,LTX-0012633,BKG-010360,-10,93
12634,869,20250605,900,1,LTX-0012634,BKG-006660,10,10
12635,1859,20250715,900,1,LTX-0012635,BKG-010488,61,61
12636,1859,20250715,1800,2,LTX-0012636,BKG-010488,-10,51
12637,1859,20250725,900,1,LTX-0012637,BKG-006662,68,119
12638,2706,20250325,900,1,LTX-0012638,BKG-007155,38,38
12639,2706,20250625,900,1,LTX-0012639,BKG-006667,67,105
12640,2575,20250616,900,1,LTX-0012640,BKG-006674,54,54
12641,2575,20250616,1800,2,LTX-0012641,BKG-006674,-20,34
12642,2576,20251129,900,1,LTX-0012642,BKG-012304,65,99
12643,1723,20250827,900,1,LTX-0012643,BKG-011173,70,70
12644,1723,20251126,900,1,LTX-0012644,BKG-006678,33,103
12645,4792,20251024,900,1,LTX-0012645,BKG-006680,63,63
12646,232,20250530,900,1,LTX-0012646,BKG-007559,49,49
12647,232,20250530,1800,2,LTX-0012647,BKG-007559,-30,19
12648,232,20250615,900,1,LTX-0012648,BKG-006681,70,89
12649,232,20251112,900,1,LTX-0012649,BKG-011313,37,126
12650,1590,20250623,900,1,LTX-0012650,BKG-009796,58,58
12651,1590,20250623,1800,2,LTX-0012651,BKG-009796,-30,28
12652,1590,20250908,900,1,LTX-0012652,BKG-006698,45,73
12653,1595,20250222,900,1,LTX-0012653,BKG-006704,89,89
12654,4073,20250729,900,1,LTX-0012654,BKG-007253,50,50
12655,4073,20251212,900,1,LTX-0012655,BKG-006705,75,125
12656,2638,20250406,900,1,LTX-0012656,BKG-011844,36,36
12657,2638,20250414,900,1,LTX-0012657,BKG-009798,10,46
12658,2638,20250617,900,1,LTX-0012658,BKG-006706,11,57
12659,2638,20251023,900,1,LTX-0012659,BKG-007404,45,102
12660,1648,20250612,900,1,LTX-0012660,BKG-006709,22,22
12661,2254,20251124,900,1,LTX-0012661,BKG-006713,26,26
12662,2254,20251124,1800,2,LTX-0012662,BKG-006713,-20,6
12663,1928,20251026,900,1,LTX-0012663,BKG-006714,36,36
12664,3951,20250617,900,1,LTX-0012664,BKG-009592,30,30
12665,3951,20251006,900,1,LTX-0012665,BKG-006716,26,56
12666,2490,20250703,900,1,LTX-0012666,BKG-009263,45,45
12667,2490,20251102,900,1,LTX-0012667,BKG-011391,65,110
12668,2490,20251114,900,1,LTX-0012668,BKG-006727,30,140
12669,2490,20251216,900,1,LTX-0012669,BKG-012267,39,179
12670,936,20250223,900,1,LTX-0012670,BKG-007387,59,59
12671,936,20250519,900,1,LTX-0012671,BKG-006729,33,92
12672,936,20251207,900,1,LTX-0012672,BKG-010467,17,109
12673,4076,20250228,900,1,LTX-0012673,BKG-009333,78,78
12674,4076,20250707,900,1,LTX-0012674,BKG-006993,32,110
12675,4076,20251109,900,1,LTX-0012675,BKG-006734,28,138
12676,611,20250918,900,1,LTX-0012676,BKG-007764,59,59
12677,611,20251027,900,1,LTX-0012677,BKG-009378,33,92
12678,611,20251206,900,1,LTX-0012678,BKG-006738,67,159
12679,4889,20250528,900,1,LTX-0012679,BKG-009630,52,52
12680,4889,20250719,900,1,LTX-0012680,BKG-011164,59,111
12681,4889,20250826,900,1,LTX-0012681,BKG-006742,24,135
12682,4889,20251216,900,1,LTX-0012682,BKG-010650,30,165
12683,3875,20250113,900,1,LTX-0012683,BKG-009909,35,35
12684,3875,20250608,900,1,LTX-0012684,BKG-006752,58,93
12685,225,20250925,900,1,LTX-0012685,BKG-011153,29,29
12686,225,20251129,900,1,LTX-0012686,BKG-006755,46,75
12687,225,20251129,1800,2,LTX-0012687,BKG-006755,-20,55
12688,2681,20250520,900,1,LTX-0012688,BKG-009264,8,8
12689,2681,20250621,900,1,LTX-0012689,BKG-006763,41,49
12690,2681,20250621,1800,2,LTX-0012690,BKG-006763,-20,29
12691,2102,20250610,900,1,LTX-0012691,BKG-007753,30,30
12692,2102,20250918,900,1,LTX-0012692,BKG-011705,18,48
12693,2103,20251112,900,1,LTX-0012693,BKG-006783,71,119
12694,4313,20250116,900,1,LTX-0012694,BKG-011656,42,42
12695,4313,20250502,900,1,LTX-0012695,BKG-008549,30,72
12696,4313,20250518,900,1,LTX-0012696,BKG-006787,7,79
12697,623,20250612,900,1,LTX-0012697,BKG-011508,54,54
12698,623,20251123,900,1,LTX-0012698,BKG-006790,60,114
12699,23,20250225,900,1,LTX-0012699,BKG-012057,42,42
12700,23,20250225,1800,2,LTX-0012700,BKG-012057,-20,22
12701,23,20250523,900,1,LTX-0012701,BKG-006798,53,75
12702,23,20250523,1800,2,LTX-0012702,BKG-006798,-30,45
12703,23,20251210,900,1,LTX-0012703,BKG-009283,54,99
12704,2986,20250610,900,1,LTX-0012704,BKG-006805,29,29
12705,2986,20250704,900,1,LTX-0012705,BKG-009017,57,86
12706,4221,20250329,900,1,LTX-0012706,BKG-009247,45,45
12707,4221,20250919,900,1,LTX-0012707,BKG-006809,58,103
12708,3953,20250206,900,1,LTX-0012708,BKG-006811,56,56
12709,3953,20250717,900,1,LTX-0012709,BKG-009709,46,102
12710,1483,20250515,900,1,LTX-0012710,BKG-006814,26,26
12711,1483,20251109,900,1,LTX-0012711,BKG-008688,52,78
12712,1483,20251129,900,1,LTX-0012712,BKG-012256,67,145
12713,1483,20251219,900,1,LTX-0012713,BKG-008888,81,226
12714,1979,20250218,900,1,LTX-0012714,BKG-010182,23,23
12715,1979,20250310,900,1,LTX-0012715,BKG-007575,25,48
12716,1979,20250526,900,1,LTX-0012716,BKG-009106,27,75
12717,1979,20250809,900,1,LTX-0012717,BKG-006818,30,105
12718,2161,20250830,900,1,LTX-0012718,BKG-006820,9,9
12719,2161,20251106,900,1,LTX-0012719,BKG-010736,65,74
12720,4204,20250511,900,1,LTX-0012720,BKG-010991,34,34
12721,4204,20250528,900,1,LTX-0012721,BKG-012030,28,62
12722,4204,20250621,900,1,LTX-0012722,BKG-006835,36,98
12723,4827,20250319,900,1,LTX-0012723,BKG-010363,36,36
12724,4827,20250523,900,1,LTX-0012724,BKG-006840,51,87
12725,4827,20250704,900,1,LTX-0012725,BKG-011332,59,146
12726,4827,20250704,1800,2,LTX-0012726,BKG-011332,-20,126
12727,4827,20250804,900,1,LTX-0012727,BKG-009629,53,179
12728,4678,20250212,900,1,LTX-0012728,BKG-012367,47,47
12729,4678,20251020,900,1,LTX-0012729,BKG-006842,50,97
12730,4678,20251124,900,1,LTX-0012730,BKG-008173,29,126
12731,4391,20250128,900,1,LTX-0012731,BKG-009172,39,39
12732,4391,20250425,900,1,LTX-0012732,BKG-006846,57,96
12733,1382,20250523,900,1,LTX-0012733,BKG-006882,23,23
12734,1839,20250223,900,1,LTX-0012734,BKG-009084,46,46
12735,1839,20250603,900,1,LTX-0012735,BKG-009754,9,55
12736,1839,20250716,900,1,LTX-0012736,BKG-006891,57,112
12737,2928,20250217,900,1,LTX-0012737,BKG-007777,36,36
12738,2928,20250531,900,1,LTX-0012738,BKG-007829,77,113
12739,2928,20250531,1800,2,LTX-0012739,BKG-007829,-10,103
12740,2928,20250604,900,1,LTX-0012740,BKG-008004,67,170
12741,2928,20250927,900,1,LTX-0012741,BKG-010947,36,206
12742,2928,20251011,900,1,LTX-0012742,BKG-006900,84,290
12743,783,20250501,900,1,LTX-0012743,BKG-010100,45,45
12744,783,20251203,900,1,LTX-0012744,BKG-006905,80,125
12745,3687,20251125,900,1,LTX-0012745,BKG-006919,46,46
12746,3361,20250514,900,1,LTX-0012746,BKG-006922,77,77
12747,3362,20250720,900,1,LTX-0012747,BKG-008626,68,145
12748,3362,20250916,900,1,LTX-0012748,BKG-011423,71,216
12749,3362,20251209,900,1,LTX-0012749,BKG-010631,71,287
12750,372,20250301,900,1,LTX-0012750,BKG-006929,54,54
12751,372,20250929,900,1,LTX-0012751,BKG-010354,105,159
12752,4702,20250904,900,1,LTX-0012752,BKG-006932,46,46
12753,3481,20251110,900,1,LTX-0012753,BKG-006933,61,61
12754,3103,20250225,900,1,LTX-0012754,BKG-006944,37,37
12755,3103,20250225,1800,2,LTX-0012755,BKG-006944,-10,27
12756,4230,20241222,900,1,LTX-0012756,BKG-010652,28,28
12757,4230,20250621,900,1,LTX-0012757,BKG-006948,33,61
12758,4230,20251117,900,1,LTX-0012758,BKG-007142,25,86
12759,3087,20250720,900,1,LTX-0012759,BKG-006958,16,16
12760,3087,20251101,900,1,LTX-0012760,BKG-010295,26,42
12761,3087,20251202,900,1,LTX-0012761,BKG-008899,41,83
12762,4509,20241229,900,1,LTX-0012762,BKG-006964,15,15
12763,4509,20250203,900,1,LTX-0012763,BKG-008502,38,53
12764,4509,20250615,900,1,LTX-0012764,BKG-007758,17,70
12765,4509,20250920,900,1,LTX-0012765,BKG-010124,50,120
12766,4509,20251123,900,1,LTX-0012766,BKG-007831,62,182
12767,3534,20251004,900,1,LTX-0012767,BKG-007585,63,63
12768,3534,20251011,900,1,LTX-0012768,BKG-006965,20,83
12769,3534,20251126,900,1,LTX-0012769,BKG-008618,37,120
12770,3534,20251215,900,1,LTX-0012770,BKG-012225,63,183
12771,169,20250509,900,1,LTX-0012771,BKG-006974,70,70
12772,169,20250617,900,1,LTX-0012772,BKG-010820,18,88
12773,3541,20250514,900,1,LTX-0012773,BKG-009034,42,42
12774,3541,20250607,900,1,LTX-0012774,BKG-010174,62,104
12775,3541,20250827,900,1,LTX-0012775,BKG-012163,57,161
12776,3541,20251027,900,1,LTX-0012776,BKG-006984,42,203
12777,3541,20251110,900,1,LTX-0012777,BKG-008636,26,229
12778,3541,20251116,900,1,LTX-0012778,BKG-008140,22,251
12779,4735,20250316,900,1,LTX-0012779,BKG-008003,76,76
12780,4735,20250706,900,1,LTX-0012780,BKG-006987,22,98
12781,4735,20250720,900,1,LTX-0012781,BKG-012271,56,154
12782,2209,20250304,900,1,LTX-0012782,BKG-006998,23,23
12783,3507,20250526,900,1,LTX-0012783,BKG-007000,18,18
12784,3507,20250526,1800,2,LTX-0012784,BKG-007000,-10,8
12785,3507,20250608,900,1,LTX-0012785,BKG-008020,28,36
12786,3507,20250810,900,1,LTX-0012786,BKG-011950,42,78
12787,1433,20250601,900,1,LTX-0012787,BKG-008474,78,78
12788,1433,20251031,900,1,LTX-0012788,BKG-007001,36,114
12789,3305,20250512,900,1,LTX-0012789,BKG-007006,31,31
12790,3306,20250623,900,1,LTX-0012790,BKG-008012,9,40
12791,3306,20250806,900,1,LTX-0012791,BKG-009574,82,122
12792,3306,20251115,900,1,LTX-0012792,BKG-007793,50,172
12793,4704,20250226,900,1,LTX-0012793,BKG-009484,31,31
12794,4704,20250516,900,1,LTX-0012794,BKG-012227,96,127
12795,4704,20250701,900,1,LTX-0012795,BKG-007883,83,210
12796,4704,20251124,900,1,LTX-0012796,BKG-007009,12,222
12797,4704,20251124,1800,2,LTX-0012797,BKG-007009,-20,202
12798,1119,20250511,900,1,LTX-0012798,BKG-007012,72,72
12799,1119,20250511,900,1,LTX-0012799,BKG-011903,62,134
12800,377,20250212,900,1,LTX-0012800,BKG-011130,60,60
12801,377,20251202,900,1,LTX-0012801,BKG-007016,72,132
12802,377,20251205,900,1,LTX-0012802,BKG-007948,32,164
12803,2224,20250109,900,1,LTX-0012803,BKG-007042,34,34
12804,2224,20250818,900,1,LTX-0012804,BKG-007019,36,70
12805,2224,20250818,1800,2,LTX-0012805,BKG-007019,-30,40
12806,2224,20250914,900,1,LTX-0012806,BKG-010192,14,54
12807,1271,20241226,900,1,LTX-0012807,BKG-009896,20,20
12808,1272,20250627,900,1,LTX-0012808,BKG-007651,67,87
12809,1272,20250830,900,1,LTX-0012809,BKG-008428,28,115
12810,1272,20250830,1800,2,LTX-0012810,BKG-008428,-30,85
12811,1272,20251124,900,1,LTX-0012811,BKG-007023,29,114
12812,1272,20251125,900,1,LTX-0012812,BKG-008365,76,190
12813,1280,20250421,900,1,LTX-0012813,BKG-010874,23,23
12814,1280,20250505,900,1,LTX-0012814,BKG-007027,55,78
12815,1280,20250530,900,1,LTX-0012815,BKG-010791,71,149
12816,1281,20251115,900,1,LTX-0012816,BKG-007693,65,214
12817,1281,20251128,900,1,LTX-0012817,BKG-009615,48,262
12818,441,20250404,900,1,LTX-0012818,BKG-007031,15,15
12819,441,20251129,900,1,LTX-0012819,BKG-008290,22,37
12820,441,20251203,900,1,LTX-0012820,BKG-011909,73,110
12821,1389,20250527,900,1,LTX-0012821,BKG-008995,83,83
12822,1389,20250527,1800,2,LTX-0012822,BKG-008995,-10,73
12823,1389,20250608,900,1,LTX-0012823,BKG-007033,58,131
12824,1389,20250923,900,1,LTX-0012824,BKG-011136,23,154
12825,1389,20250923,1800,2,LTX-0012825,BKG-011136,-10,144
12826,1389,20251012,900,1,LTX-0012826,BKG-007854,10,154
12827,1389,20251125,900,1,LTX-0012827,BKG-010039,72,226
12828,1135,20250603,900,1,LTX-0012828,BKG-009931,47,47
12829,1135,20250610,900,1,LTX-0012829,BKG-010846,30,77
12830,1135,20250622,900,1,LTX-0012830,BKG-007035,42,119
12831,1136,20251123,900,1,LTX-0012831,BKG-011559,53,172
12832,1136,20251123,1800,2,LTX-0012832,BKG-011559,-30,142
12833,4329,20250428,900,1,LTX-0012833,BKG-007036,25,25
12834,4329,20250720,900,1,LTX-0012834,BKG-008212,47,72
12835,1677,20241210,900,1,LTX-0012835,BKG-012110,50,50
12836,1677,20250501,900,1,LTX-0012836,BKG-007037,43,93
12837,1677,20250516,900,1,LTX-0012837,BKG-010210,44,137
12838,3202,20250626,900,1,LTX-0012838,BKG-007043,25,25
12839,3202,20250626,1800,2,LTX-0012839,BKG-007043,-20,5
12840,2123,20250604,900,1,LTX-0012840,BKG-007050,58,58
12841,2123,20250728,900,1,LTX-0012841,BKG-012015,30,88
12842,2123,20250803,900,1,LTX-0012842,BKG-010557,41,129
12843,4144,20250522,900,1,LTX-0012843,BKG-007056,26,26
12844,4144,20250625,900,1,LTX-0012844,BKG-012069,32,58
12845,4144,20251125,900,1,LTX-0012845,BKG-010373,60,118
12846,2106,20251109,900,1,LTX-0012846,BKG-007070,48,48
12847,4895,20250429,900,1,LTX-0012847,BKG-007080,96,96
12848,4895,20250618,900,1,LTX-0012848,BKG-008632,18,114
12849,4896,20251016,900,1,LTX-0012849,BKG-009755,42,156
12850,729,20250613,900,1,LTX-0012850,BKG-007084,56,56
12851,3342,20250204,900,1,LTX-0012851,BKG-007086,8,8
12852,3342,20250315,900,1,LTX-0012852,BKG-007518,44,52
12853,3343,20250514,900,1,LTX-0012853,BKG-012179,32,84
12854,3343,20250720,900,1,LTX-0012854,BKG-009835,51,135
12855,1425,20250901,900,1,LTX-0012855,BKG-007091,11,11
12856,1425,20251022,900,1,LTX-0012856,BKG-007525,37,48
12857,4212,20250209,900,1,LTX-0012857,BKG-008744,34,34
12858,4212,20250220,900,1,LTX-0012858,BKG-007340,28,62
12859,4212,20250318,900,1,LTX-0012859,BKG-007093,65,127
12860,420,20250323,900,1,LTX-0012860,BKG-008627,34,34
12861,420,20250529,900,1,LTX-0012861,BKG-008460,90,124
12862,420,20250529,1800,2,LTX-0012862,BKG-008460,-20,104
12863,420,20251125,900,1,LTX-0012863,BKG-007101,71,175
12864,3746,20250823,900,1,LTX-0012864,BKG-007109,15,15
12865,487,20250613,900,1,LTX-0012865,BKG-007111,32,32
12866,631,20250121,900,1,LTX-0012866,BKG-007124,21,21
12867,631,20250530,900,1,LTX-0012867,BKG-010692,83,104
12868,631,20250530,1800,2,LTX-0012868,BKG-010692,-10,94
12869,631,20250622,900,1,LTX-0012869,BKG-011479,70,164
12870,631,20250622,1800,2,LTX-0012870,BKG-011479,-20,144
12871,631,20250703,900,1,LTX-0012871,BKG-009099,51,195
12872,832,20251206,900,1,LTX-0012872,BKG-007126,64,64
12873,832,20251206,1800,2,LTX-0012873,BKG-007126,-20,44
12874,1313,20250702,900,1,LTX-0012874,BKG-007128,37,37
12875,2038,20250611,900,1,LTX-0012875,BKG-011338,36,36
12876,2038,20250712,900,1,LTX-0012876,BKG-007132,31,67
12877,3929,20250703,900,1,LTX-0012877,BKG-007134,22,22
12878,4893,20241219,900,1,LTX-0012878,BKG-007140,69,69
12879,4894,20250626,900,1,LTX-0012879,BKG-010414,35,104
12880,3336,20250601,900,1,LTX-0012880,BKG-007141,61,61
12881,3336,20250625,900,1,LTX-0012881,BKG-009305,18,79
12882,3336,20250806,900,1,LTX-0012882,BKG-011874,44,123
12883,1516,20250607,900,1,LTX-0012883,BKG-007145,70,70
12884,1516,20250711,900,1,LTX-0012884,BKG-010201,16,86
12885,1516,20251108,900,1,LTX-0012885,BKG-012433,63,149
12886,1516,20251129,900,1,LTX-0012886,BKG-012202,33,182
12887,852,20250620,900,1,LTX-0012887,BKG-007153,36,36
12888,3106,20250628,900,1,LTX-0012888,BKG-007158,61,61
12889,3861,20250102,900,1,LTX-0012889,BKG-007516,64,64
12890,3862,20250501,900,1,LTX-0012890,BKG-007159,45,109
12891,2193,20250417,900,1,LTX-0012891,BKG-007463,37,37
12892,2193,20250604,900,1,LTX-0012892,BKG-007355,36,73
12893,2193,20250606,900,1,LTX-0012893,BKG-007162,76,149
12894,2193,20250704,900,1,LTX-0012894,BKG-010092,57,206
12895,2194,20250919,900,1,LTX-0012895,BKG-011731,77,283
12896,3837,20250214,900,1,LTX-0012896,BKG-007163,47,47
12897,4526,20250207,900,1,LTX-0012897,BKG-009602,15,15
12898,4526,20250226,900,1,LTX-0012898,BKG-007167,72,87
12899,4526,20250425,900,1,LTX-0012899,BKG-007869,43,130
12900,3566,20250521,900,1,LTX-0012900,BKG-007168,24,24
12901,3566,20250814,900,1,LTX-0012901,BKG-009414,29,53
12902,3566,20251007,900,1,LTX-0012902,BKG-012019,39,92
12903,3566,20251007,1800,2,LTX-0012903,BKG-012019,-20,72
12904,467,20241230,900,1,LTX-0012904,BKG-007171,56,56
12905,3030,20241230,900,1,LTX-0012905,BKG-009473,25,25
12906,3030,20250701,900,1,LTX-0012906,BKG-007172,35,60
12907,3030,20250921,900,1,LTX-0012907,BKG-011507,41,101
12908,490,20250617,900,1,LTX-0012908,BKG-011385,9,9
12909,490,20251015,900,1,LTX-0012909,BKG-007174,40,49
12910,490,20251206,900,1,LTX-0012910,BKG-010215,9,58
12911,1948,20250206,900,1,LTX-0012911,BKG-007188,66,66
12912,2337,20250604,900,1,LTX-0012912,BKG-012384,28,28
12913,2337,20250627,900,1,LTX-0012913,BKG-007195,68,96
12914,1687,20250315,900,1,LTX-0012914,BKG-009110,44,44
12915,1687,20250504,900,1,LTX-0012915,BKG-011159,57,101
12916,1687,20250523,900,1,LTX-0012916,BKG-009207,40,141
12917,1687,20250529,900,1,LTX-0012917,BKG-007201,100,241
12918,1687,20250923,900,1,LTX-0012918,BKG-007966,46,287
12919,1008,20250325,900,1,LTX-0012919,BKG-007203,60,60
12920,1008,20251126,900,1,LTX-0012920,BKG-010823,38,98
12921,27,20250530,900,1,LTX-0012921,BKG-007206,20,20
12922,27,20250806,900,1,LTX-0012922,BKG-009214,40,60
12923,27,20251212,900,1,LTX-0012923,BKG-010234,49,109
12924,2270,20250412,900,1,LTX-0012924,BKG-007208,22,22
12925,2270,20250508,900,1,LTX-0012925,BKG-009727,37,59
12926,297,20251014,900,1,LTX-0012926,BKG-007211,29,29
12927,4821,20250616,900,1,LTX-0012927,BKG-011653,79,79
12928,4821,20250620,900,1,LTX-0012928,BKG-007220,122,201
12929,4821,20250829,900,1,LTX-0012929,BKG-012216,48,249
12930,4301,20250217,900,1,LTX-0012930,BKG-010993,42,42
12931,4301,20250217,1800,2,LTX-0012931,BKG-010993,-10,32
12932,4301,20250521,900,1,LTX-0012932,BKG-007224,64,96
12933,4302,20250715,900,1,LTX-0012933,BKG-009505,60,156
12934,4302,20250720,900,1,LTX-0012934,BKG-011374,99,255
12935,3058,20250708,900,1,LTX-0012935,BKG-007238,38,38
12936,3058,20250708,1800,2,LTX-0012936,BKG-007238,-10,28
12937,3058,20251208,900,1,LTX-0012937,BKG-011879,81,109
12938,2935,20250404,900,1,LTX-0012938,BKG-007239,28,28
12939,2935,20250516,900,1,LTX-0012939,BKG-010512,26,54
12940,2935,20250613,900,1,LTX-0012940,BKG-009407,19,73
12941,2935,20250613,1800,2,LTX-0012941,BKG-009407,-10,63
12942,1103,20250126,900,1,LTX-0012942,BKG-007246,40,40
12943,1103,20250126,1800,2,LTX-0012943,BKG-007246,-20,20
12944,3550,20250312,900,1,LTX-0012944,BKG-008978,17,17
12945,3550,20250803,900,1,LTX-0012945,BKG-007256,35,52
12946,1576,20250403,900,1,LTX-0012946,BKG-007260,93,93
12947,1576,20250427,900,1,LTX-0012947,BKG-009070,64,157
12948,1576,20250826,900,1,LTX-0012948,BKG-010891,55,212
12949,3895,20250411,900,1,LTX-0012949,BKG-009899,16,16
12950,3895,20250523,900,1,LTX-0012950,BKG-007261,43,59
12951,2661,20250204,900,1,LTX-0012951,BKG-012042,36,36
12952,2661,20250404,900,1,LTX-0012952,BKG-007265,32,68
12953,2661,20250527,900,1,LTX-0012953,BKG-009745,81,149
12954,2661,20250710,900,1,LTX-0012954,BKG-008931,24,173
12955,2661,20250710,1800,2,LTX-0012955,BKG-008931,-20,153
12956,2661,20251124,900,1,LTX-0012956,BKG-007609,43,196
12957,954,20250427,900,1,LTX-0012957,BKG-007269,50,50
12958,4406,20250824,900,1,LTX-0012958,BKG-007280,25,25
12959,4406,20250831,900,1,LTX-0012959,BKG-008623,36,61
12960,4406,20251007,900,1,LTX-0012960,BKG-009173,8,69
12961,3900,20250131,900,1,LTX-0012961,BKG-010058,14,14
12962,3900,20250217,900,1,LTX-0012962,BKG-007572,30,44
12963,3900,20250420,900,1,LTX-0012963,BKG-010291,39,83
12964,3900,20250422,900,1,LTX-0012964,BKG-007487,30,113
12965,3901,20251219,900,1,LTX-0012965,BKG-007284,72,185
12966,2718,20250614,900,1,LTX-0012966,BKG-007285,44,44
12967,99,20250215,900,1,LTX-0012967,BKG-007286,49,49
12968,99,20250512,900,1,LTX-0012968,BKG-011589,53,102
12969,99,20250811,900,1,LTX-0012969,BKG-008592,33,135
12970,1794,20250416,900,1,LTX-0012970,BKG-007295,25,25
12971,1794,20250605,900,1,LTX-0012971,BKG-007352,25,50
12972,1794,20250619,900,1,LTX-0012972,BKG-011226,54,104
12973,1794,20250810,900,1,LTX-0012973,BKG-009850,42,146
12974,4532,20250215,900,1,LTX-0012974,BKG-007297,16,16
12975,4585,20250601,900,1,LTX-0012975,BKG-007308,57,57
12976,4585,20251205,900,1,LTX-0012976,BKG-007503,33,90
12977,4320,20250518,900,1,LTX-0012977,BKG-007322,38,38
12978,4320,20250626,900,1,LTX-0012978,BKG-011116,15,53
12979,1125,20250628,900,1,LTX-0012979,BKG-012161,10,10
12980,1125,20250803,900,1,LTX-0012980,BKG-011325,69,79
12981,1125,20251026,900,1,LTX-0012981,BKG-007326,62,141
12982,1125,20251118,900,1,LTX-0012982,BKG-012446,47,188
12983,3867,20250604,900,1,LTX-0012983,BKG-007327,35,35
12984,1821,20250303,900,1,LTX-0012984,BKG-007328,31,31
12985,1821,20251027,900,1,LTX-0012985,BKG-009664,34,65
12986,1821,20251123,900,1,LTX-0012986,BKG-008066,72,137
12987,2837,20250107,900,1,LTX-0012987,BKG-008580,16,16
12988,2837,20250703,900,1,LTX-0012988,BKG-007329,56,72
12989,4570,20250705,900,1,LTX-0012989,BKG-007334,93,93
12990,4570,20251205,900,1,LTX-0012990,BKG-008514,63,156
12991,4020,20250607,900,1,LTX-0012991,BKG-007335,34,34
12992,1810,20250529,900,1,LTX-0012992,BKG-008279,65,65
12993,1810,20250704,900,1,LTX-0012993,BKG-007336,20,85
12994,657,20250425,900,1,LTX-0012994,BKG-009599,50,50
12995,657,20250425,1800,2,LTX-0012995,BKG-009599,-20,30
12996,657,20250912,900,1,LTX-0012996,BKG-007339,46,76
12997,2180,20250530,900,1,LTX-0012997,BKG-007346,47,47
12998,2181,20250614,900,1,LTX-0012998,BKG-011534,9,56
12999,4357,20250307,900,1,LTX-0012999,BKG-007358,40,40
13000,4357,20250427,900,1,LTX-0013000,BKG-012062,86,126
13001,4357,20250523,900,1,LTX-0013001,BKG-008897,64,190
13002,3062,20250707,900,1,LTX-0013002,BKG-007887,41,41
13003,3062,20251010,900,1,LTX-0013003,BKG-007371,34,75
13004,2976,20250206,900,1,LTX-0013004,BKG-007375,69,69
13005,2976,20250217,900,1,LTX-0013005,BKG-010553,24,93
13006,2977,20251011,900,1,LTX-0013006,BKG-008962,28,121
13007,2977,20251011,1800,2,LTX-0013007,BKG-008962,-10,111
13008,426,20250826,900,1,LTX-0013008,BKG-007377,36,36
13009,426,20250826,1800,2,LTX-0013009,BKG-007377,-20,16
13010,142,20250928,900,1,LTX-0013010,BKG-007380,26,26
13011,4732,20250213,900,1,LTX-0013011,BKG-011351,8,8
13012,4732,20250307,900,1,LTX-0013012,BKG-007447,32,40
13013,4732,20250307,1800,2,LTX-0013013,BKG-007447,-30,10
13014,4732,20250310,900,1,LTX-0013014,BKG-008176,34,44
13015,4732,20250913,900,1,LTX-0013015,BKG-007381,57,101
13016,3546,20250420,900,1,LTX-0013016,BKG-007388,25,25
13017,1740,20250509,900,1,LTX-0013017,BKG-007389,32,32
13018,1740,20250513,900,1,LTX-0013018,BKG-008645,21,53
13019,1740,20250606,900,1,LTX-0013019,BKG-010510,62,115
13020,1740,20251221,900,1,LTX-0013020,BKG-009503,80,195
13021,1740,20251221,900,1,LTX-0013021,BKG-009543,71,266
13022,2809,20250317,900,1,LTX-0013022,BKG-009885,34,34
13023,2809,20250406,900,1,LTX-0013023,BKG-007393,43,77
13024,2809,20250511,900,1,LTX-0013024,BKG-009763,26,103
13025,2809,20250616,900,1,LTX-0013025,BKG-012053,10,113
13026,2809,20250616,1800,2,LTX-0013026,BKG-012053,-10,103
13027,1159,20251028,900,1,LTX-0013027,BKG-010745,60,60
13028,1159,20251126,900,1,LTX-0013028,BKG-007400,37,97
13029,1379,20250607,900,1,LTX-0013029,BKG-007976,63,63
13030,1379,20251211,900,1,LTX-0013030,BKG-007401,76,139
13031,2825,20250410,900,1,LTX-0013031,BKG-011694,20,20
13032,2826,20251026,900,1,LTX-0013032,BKG-010880,40,60
13033,2826,20251109,900,1,LTX-0013033,BKG-007407,46,106
13034,3777,20250206,900,1,LTX-0013034,BKG-008746,60,60
13035,3777,20250403,900,1,LTX-0013035,BKG-009844,44,104
13036,3777,20250617,900,1,LTX-0013036,BKG-007421,67,171
13037,3777,20250617,1800,2,LTX-0013037,BKG-007421,-30,141
13038,3777,20250824,900,1,LTX-0013038,BKG-010450,32,173
13039,2465,20251011,900,1,LTX-0013039,BKG-007423,38,38
13040,4026,20250403,900,1,LTX-0013040,BKG-008208,41,41
13041,4026,20250403,1800,2,LTX-0013041,BKG-008208,-20,21
13042,4026,20250511,900,1,LTX-0013042,BKG-007438,8,29
13043,4026,20250628,900,1,LTX-0013043,BKG-009875,62,91
13044,4026,20250921,900,1,LTX-0013044,BKG-007968,41,132
13045,767,20250630,900,1,LTX-0013045,BKG-007448,34,34
13046,767,20251108,900,1,LTX-0013046,BKG-008085,45,79
13047,767,20251206,900,1,LTX-0013047,BKG-010460,43,122
13048,4447,20250827,900,1,LTX-0013048,BKG-007451,42,42
13049,573,20250703,900,1,LTX-0013049,BKG-007452,54,54
13050,819,20250708,900,1,LTX-0013050,BKG-007453,75,75
13051,942,20250526,900,1,LTX-0013051,BKG-007454,50,50
13052,2207,20250323,900,1,LTX-0013052,BKG-007462,47,47
13053,3006,20250503,900,1,LTX-0013053,BKG-008693,22,22
13054,3006,20250702,900,1,LTX-0013054,BKG-007468,43,65
13055,3006,20251014,900,1,LTX-0013055,BKG-007502,56,121
13056,3006,20251014,1800,2,LTX-0013056,BKG-007502,-20,101
13057,2065,20250824,900,1,LTX-0013057,BKG-007480,77,77
13058,4537,20250314,900,1,LTX-0013058,BKG-011623,36,36
13059,4537,20250923,900,1,LTX-0013059,BKG-007481,68,104
13060,4537,20251117,900,1,LTX-0013060,BKG-009320,44,148
13061,3369,20250221,900,1,LTX-0013061,BKG-007492,54,54
13062,3369,20250620,900,1,LTX-0013062,BKG-009023,107,161
13063,3485,20250105,900,1,LTX-0013063,BKG-007500,30,30
13064,3485,20250105,1800,2,LTX-0013064,BKG-007500,-30,0
13065,3485,20250224,900,1,LTX-0013065,BKG-011887,31,31
13066,3485,20250326,900,1,LTX-0013066,BKG-010415,33,64
13067,3485,20250326,1800,2,LTX-0013067,BKG-010415,-10,54
13068,194,20250706,900,1,LTX-0013068,BKG-007501,46,46
13069,194,20251109,900,1,LTX-0013069,BKG-012302,46,92
13070,359,20250717,900,1,LTX-0013070,BKG-007505,56,56
13071,404,20250406,900,1,LTX-0013071,BKG-011797,20,20
13072,404,20251001,900,1,LTX-0013072,BKG-007508,54,74
13073,3135,20250322,900,1,LTX-0013073,BKG-011379,60,60
13074,3135,20250322,1800,2,LTX-0013074,BKG-011379,-30,30
13075,3135,20250428,900,1,LTX-0013075,BKG-007509,58,88
13076,3135,20250501,900,1,LTX-0013076,BKG-009991,35,123
13077,782,20251020,900,1,LTX-0013077,BKG-009571,86,86
13078,782,20251203,900,1,LTX-0013078,BKG-007515,75,161
13079,391,20250201,900,1,LTX-0013079,BKG-007517,8,8
13080,941,20250223,900,1,LTX-0013080,BKG-007519,16,16
13081,941,20250422,900,1,LTX-0013081,BKG-010353,33,49
13082,941,20251006,900,1,LTX-0013082,BKG-012280,50,99
13083,941,20251111,900,1,LTX-0013083,BKG-010051,11,110
13084,430,20250414,900,1,LTX-0013084,BKG-008457,33,33
13085,430,20250414,1800,2,LTX-0013085,BKG-008457,-20,13
13086,430,20250613,900,1,LTX-0013086,BKG-007527,68,81
13087,430,20250927,900,1,LTX-0013087,BKG-010717,57,138
13088,4182,20250208,900,1,LTX-0013088,BKG-011733,27,27
13089,4182,20251105,900,1,LTX-0013089,BKG-007540,73,100
13090,4182,20251105,1800,2,LTX-0013090,BKG-007540,-30,70
13091,4182,20251204,900,1,LTX-0013091,BKG-008207,56,126
13092,964,20250206,900,1,LTX-0013092,BKG-007541,32,32
13093,964,20250312,900,1,LTX-0013093,BKG-011752,22,54
13094,964,20250831,900,1,LTX-0013094,BKG-012475,6,60
13095,1393,20250306,900,1,LTX-0013095,BKG-012368,26,26
13096,1393,20250306,1800,2,LTX-0013096,BKG-012368,-20,6
13097,1393,20250525,900,1,LTX-0013097,BKG-007542,68,74
13098,2556,20250513,900,1,LTX-0013098,BKG-007547,28,28
13099,460,20250607,900,1,LTX-0013099,BKG-007548,41,41
13100,460,20250820,900,1,LTX-0013100,BKG-012351,39,80
13101,2498,20250218,900,1,LTX-0013101,BKG-011243,21,21
13102,2498,20250225,900,1,LTX-0013102,BKG-007550,29,50
13103,2498,20250514,900,1,LTX-0013103,BKG-010662,61,111
13104,103,20250313,900,1,LTX-0013104,BKG-007554,59,59
13105,103,20250913,900,1,LTX-0013105,BKG-008699,46,105
13106,103,20250913,1800,2,LTX-0013106,BKG-008699,-20,85
13107,2,20250124,900,1,LTX-0013107,BKG-007584,8,8
13108,2,20250630,900,1,LTX-0013108,BKG-008483,70,78
13109,2,20250706,900,1,LTX-0013109,BKG-009805,53,131
13110,2,20251114,900,1,LTX-0013110,BKG-008666,38,169
13111,2165,20250617,900,1,LTX-0013111,BKG-007590,15,15
13112,1443,20241219,900,1,LTX-0013112,BKG-007594,18,18
13113,1443,20250113,900,1,LTX-0013113,BKG-008554,13,31
13114,1443,20250917,900,1,LTX-0013114,BKG-008879,36,67
13115,1443,20250917,1800,2,LTX-0013115,BKG-008879,-10,57
13116,1443,20251206,900,1,LTX-0013116,BKG-009157,54,111
13117,2468,20250118,900,1,LTX-0013117,BKG-007600,45,45
13118,253,20250613,900,1,LTX-0013118,BKG-007612,67,67
13119,1717,20250520,900,1,LTX-0013119,BKG-007615,29,29
13120,1717,20250521,900,1,LTX-0013120,BKG-010167,21,50
13121,4228,20250914,900,1,LTX-0013121,BKG-007627,25,25
13122,3805,20250507,900,1,LTX-0013122,BKG-007630,46,46
13123,2323,20250314,900,1,LTX-0013123,BKG-009892,56,56
13124,2323,20250621,900,1,LTX-0013124,BKG-007632,61,117
13125,2323,20250621,1800,2,LTX-0013125,BKG-007632,-30,87
13126,2708,20250125,900,1,LTX-0013126,BKG-011664,69,69
13127,2708,20250515,900,1,LTX-0013127,BKG-007641,32,101
13128,2708,20250515,1800,2,LTX-0013128,BKG-007641,-20,81
13129,2708,20250609,900,1,LTX-0013129,BKG-009052,11,92
13130,2708,20250618,900,1,LTX-0013130,BKG-011629,12,104
13131,2709,20251103,900,1,LTX-0013131,BKG-012486,18,122
13132,1047,20251215,900,1,LTX-0013132,BKG-007646,53,53
13133,289,20250523,900,1,LTX-0013133,BKG-010474,36,36
13134,289,20250702,900,1,LTX-0013134,BKG-007672,41,77
13135,4068,20250606,900,1,LTX-0013135,BKG-009063,18,18
13136,4068,20251016,900,1,LTX-0013136,BKG-007685,26,44
13137,4557,20250126,900,1,LTX-0013137,BKG-007692,14,14
13138,4557,20250202,900,1,LTX-0013138,BKG-008276,88,102
13139,540,20250320,900,1,LTX-0013139,BKG-010780,58,58
13140,540,20250516,900,1,LTX-0013140,BKG-007697,56,114
13141,540,20250628,900,1,LTX-0013141,BKG-009557,72,186
13142,3120,20251203,900,1,LTX-0013142,BKG-007698,33,33
13143,3254,20250613,900,1,LTX-0013143,BKG-011624,22,22
13144,3254,20250616,900,1,LTX-0013144,BKG-011180,65,87
13145,3254,20250616,1800,2,LTX-0013145,BKG-011180,-20,67
13146,3254,20250730,900,1,LTX-0013146,BKG-007705,18,85
13147,4417,20250516,900,1,LTX-0013147,BKG-012278,20,20
13148,4417,20250527,900,1,LTX-0013148,BKG-007707,42,62
13149,4417,20250704,900,1,LTX-0013149,BKG-010509,22,84
13150,2187,20250605,900,1,LTX-0013150,BKG-007712,65,65
13151,22,20250607,900,1,LTX-0013151,BKG-007713,44,44
13152,2354,20241226,900,1,LTX-0013152,BKG-011708,26,26
13153,2354,20250603,900,1,LTX-0013153,BKG-007997,36,62
13154,2354,20250615,900,1,LTX-0013154,BKG-009585,51,113
13155,2354,20250615,1800,2,LTX-0013155,BKG-009585,-20,93
13156,2354,20250820,900,1,LTX-0013156,BKG-007715,80,173
13157,4180,20250411,900,1,LTX-0013157,BKG-010989,27,27
13158,4180,20250411,1800,2,LTX-0013158,BKG-010989,-20,7
13159,4180,20251106,900,1,LTX-0013159,BKG-007717,52,59
13160,4180,20251106,1800,2,LTX-0013160,BKG-007717,-30,29
13161,2790,20250117,900,1,LTX-0013161,BKG-007719,9,9
13162,2790,20250816,900,1,LTX-0013162,BKG-007780,47,56
13163,1137,20241212,900,1,LTX-0013163,BKG-009846,60,60
13164,1137,20250514,900,1,LTX-0013164,BKG-007725,64,124
13165,1137,20250529,900,1,LTX-0013165,BKG-009258,72,196
13166,1138,20251210,900,1,LTX-0013166,BKG-010041,38,234
13167,2290,20250721,900,1,LTX-0013167,BKG-007728,39,39
13168,2290,20251214,900,1,LTX-0013168,BKG-011227,75,114
13169,2290,20251214,1800,2,LTX-0013169,BKG-011227,-10,104
13170,2965,20250825,900,1,LTX-0013170,BKG-011513,19,19
13171,2965,20251002,900,1,LTX-0013171,BKG-007729,37,56
13172,3237,20251201,900,1,LTX-0013172,BKG-007730,91,91
13173,3067,20250628,900,1,LTX-0013173,BKG-007814,48,48
13174,3067,20251012,900,1,LTX-0013174,BKG-007740,51,99
13175,3691,20250513,900,1,LTX-0013175,BKG-007750,57,57
13176,3691,20250609,900,1,LTX-0013176,BKG-009075,54,111
13177,4498,20251006,900,1,LTX-0013177,BKG-007751,48,48
13178,3680,20250215,900,1,LTX-0013178,BKG-011228,79,79
13179,3680,20251203,900,1,LTX-0013179,BKG-007759,7,86
13180,1867,20250321,900,1,LTX-0013180,BKG-008654,51,51
13181,1867,20250520,900,1,LTX-0013181,BKG-007767,55,106
13182,1502,20250519,900,1,LTX-0013182,BKG-007771,38,38
13183,1502,20250519,1800,2,LTX-0013183,BKG-007771,-10,28
13184,948,20250122,900,1,LTX-0013184,BKG-007785,45,45
13185,1882,20250125,900,1,LTX-0013185,BKG-011239,14,14
13186,1882,20250129,900,1,LTX-0013186,BKG-009478,56,70
13187,1882,20250426,900,1,LTX-0013187,BKG-010988,24,94
13188,1882,20251125,900,1,LTX-0013188,BKG-007788,58,152
13189,4254,20241218,900,1,LTX-0013189,BKG-010746,25,25
13190,4254,20250331,900,1,LTX-0013190,BKG-007796,37,62
13191,4254,20250423,900,1,LTX-0013191,BKG-011993,29,91
13192,4254,20250609,900,1,LTX-0013192,BKG-011055,42,133
13193,4255,20250625,900,1,LTX-0013193,BKG-011023,37,170
13194,4255,20250713,900,1,LTX-0013194,BKG-010141,38,208
13195,3370,20251007,900,1,LTX-0013195,BKG-007798,44,44
13196,3370,20251026,900,1,LTX-0013196,BKG-009620,19,63
13197,3296,20251006,900,1,LTX-0013197,BKG-007801,42,42
13198,930,20250613,900,1,LTX-0013198,BKG-007803,44,44
13199,3355,20250609,900,1,LTX-0013199,BKG-007817,82,82
13200,3355,20250716,900,1,LTX-0013200,BKG-011892,48,130
13201,1007,20250614,900,1,LTX-0013201,BKG-007820,25,25
13202,2519,20250510,900,1,LTX-0013202,BKG-007833,48,48
13203,2519,20250514,900,1,LTX-0013203,BKG-010375,84,132
13204,3115,20250314,900,1,LTX-0013204,BKG-007839,39,39
13205,4231,20250621,900,1,LTX-0013205,BKG-007841,65,65
13206,3332,20250622,900,1,LTX-0013206,BKG-007844,57,57
13207,2377,20241231,900,1,LTX-0013207,BKG-009786,32,32
13208,2377,20250612,900,1,LTX-0013208,BKG-011464,25,57
13209,2377,20250715,900,1,LTX-0013209,BKG-007851,89,146
13210,2377,20250715,1800,2,LTX-0013210,BKG-007851,-10,136
13211,2377,20251108,900,1,LTX-0013211,BKG-009530,88,224
13212,3574,20250701,900,1,LTX-0013212,BKG-007853,68,68
13213,3441,20250510,900,1,LTX-0013213,BKG-007855,68,68
13214,3441,20250513,900,1,LTX-0013214,BKG-010181,72,140
13215,3441,20251026,900,1,LTX-0013215,BKG-010366,22,162
13216,4497,20250116,900,1,LTX-0013216,BKG-007857,50,50
13217,4497,20250607,900,1,LTX-0013217,BKG-010687,100,150
13218,4497,20250607,1800,2,LTX-0013218,BKG-010687,-10,140
13219,3413,20250910,900,1,LTX-0013219,BKG-007859,60,60
13220,1246,20251027,900,1,LTX-0013220,BKG-007866,25,25
13221,4461,20250405,900,1,LTX-0013221,BKG-009746,41,41
13222,4461,20250630,900,1,LTX-0013222,BKG-007876,39,80
13223,4461,20250831,900,1,LTX-0013223,BKG-010317,51,131
13224,3641,20250316,900,1,LTX-0013224,BKG-007885,72,72
13225,924,20250605,900,1,LTX-0013225,BKG-007893,22,22
13226,4773,20250713,900,1,LTX-0013226,BKG-009526,12,12
13227,4773,20250826,900,1,LTX-0013227,BKG-007900,61,73
13228,4608,20250313,900,1,LTX-0013228,BKG-007904,36,36
13229,4608,20250609,900,1,LTX-0013229,BKG-008624,33,69
13230,492,20250101,900,1,LTX-0013230,BKG-007920,13,13
13231,3038,20250226,900,1,LTX-0013231,BKG-012221,55,55
13232,3038,20250719,900,1,LTX-0013232,BKG-007922,43,98
13233,3038,20250724,900,1,LTX-0013233,BKG-011890,17,115
13234,3038,20250724,1800,2,LTX-0013234,BKG-011890,-30,85
13235,2485,20241216,900,1,LTX-0013235,BKG-011930,18,18
13236,2485,20250621,900,1,LTX-0013236,BKG-007923,56,74
13237,1187,20250725,900,1,LTX-0013237,BKG-007924,38,38
13238,1187,20250817,900,1,LTX-0013238,BKG-009633,23,61
13239,1158,20250625,900,1,LTX-0013239,BKG-010114,73,73
13240,1158,20251212,900,1,LTX-0013240,BKG-007957,84,157
13241,1158,20251216,900,1,LTX-0013241,BKG-011021,51,208
13242,1158,20251216,1800,2,LTX-0013242,BKG-011021,-20,188
13243,4503,20250522,900,1,LTX-0013243,BKG-007960,34,34
13244,2514,20250716,900,1,LTX-0013244,BKG-007962,37,37
13245,2514,20250908,900,1,LTX-0013245,BKG-009051,10,47
13246,926,20251018,900,1,LTX-0013246,BKG-007965,55,55
13247,486,20250815,900,1,LTX-0013247,BKG-007971,8,8
13248,3592,20251025,900,1,LTX-0013248,BKG-007978,34,34
13249,2397,20250613,900,1,LTX-0013249,BKG-007986,89,89
13250,2397,20250715,900,1,LTX-0013250,BKG-009091,65,154
13251,2397,20251215,900,1,LTX-0013251,BKG-009974,60,214
13252,4828,20250707,900,1,LTX-0013252,BKG-011369,51,51
13253,4828,20251118,900,1,LTX-0013253,BKG-007993,59,110
13254,3454,20250120,900,1,LTX-0013254,BKG-008025,43,43
13255,3454,20250905,900,1,LTX-0013255,BKG-011426,12,55
13256,4717,20250602,900,1,LTX-0013256,BKG-008031,28,28
13257,4040,20250922,900,1,LTX-0013257,BKG-008034,26,26
13258,725,20250511,900,1,LTX-0013258,BKG-008037,55,55
13259,1127,20251129,900,1,LTX-0013259,BKG-008041,25,25
13260,1127,20251219,900,1,LTX-0013260,BKG-011730,23,48
13261,3714,20250223,900,1,LTX-0013261,BKG-008043,37,37
13262,4886,20250119,900,1,LTX-0013262,BKG-009700,56,56
13263,4886,20250405,900,1,LTX-0013263,BKG-008054,69,125
13264,4522,20250104,900,1,LTX-0013264,BKG-008062,22,22
13265,4522,20250223,900,1,LTX-0013265,BKG-012349,73,95
13266,4522,20250518,900,1,LTX-0013266,BKG-010151,44,139
13267,4522,20251205,900,1,LTX-0013267,BKG-012492,20,159
13268,32,20250325,900,1,LTX-0013268,BKG-008063,42,42
13269,1152,20251110,900,1,LTX-0013269,BKG-008073,57,57
13270,3631,20250518,900,1,LTX-0013270,BKG-011652,61,61
13271,3631,20250619,900,1,LTX-0013271,BKG-008851,94,155
13272,3631,20250623,900,1,LTX-0013272,BKG-008074,48,203
13273,712,20250201,900,1,LTX-0013273,BKG-011526,44,44
13274,712,20250711,900,1,LTX-0013274,BKG-008075,12,56
13275,3628,20251105,900,1,LTX-0013275,BKG-008078,8,8
13276,3049,20251018,900,1,LTX-0013276,BKG-008088,30,30
13277,3511,20251209,900,1,LTX-0013277,BKG-008095,25,25
13278,3511,20251209,1800,2,LTX-0013278,BKG-008095,-20,5
13279,4507,20250714,900,1,LTX-0013279,BKG-008099,16,16
13280,1003,20251115,900,1,LTX-0013280,BKG-008100,19,19
13281,3428,20250609,900,1,LTX-0013281,BKG-009158,11,11
13282,3428,20251114,900,1,LTX-0013282,BKG-012198,67,78
13283,3428,20251208,900,1,LTX-0013283,BKG-008102,66,144
13284,3976,20250119,900,1,LTX-0013284,BKG-011794,28,28
13285,3976,20250705,900,1,LTX-0013285,BKG-008316,50,78
13286,3977,20251104,900,1,LTX-0013286,BKG-008104,25,103
13287,3977,20251122,900,1,LTX-0013287,BKG-008843,43,146
13288,16,20250329,900,1,LTX-0013288,BKG-008108,60,60
13289,1123,20250519,900,1,LTX-0013289,BKG-009021,60,60
13290,1123,20250725,900,1,LTX-0013290,BKG-011183,40,100
13291,1123,20250803,900,1,LTX-0013291,BKG-008111,23,123
13292,1123,20251208,900,1,LTX-0013292,BKG-011821,12,135
13293,1659,20251003,900,1,LTX-0013293,BKG-011613,14,14
13294,1659,20251202,900,1,LTX-0013294,BKG-008117,78,92
13295,157,20250204,900,1,LTX-0013295,BKG-011344,23,23
13296,157,20250411,900,1,LTX-0013296,BKG-008139,44,67
13297,157,20250411,1800,2,LTX-0013297,BKG-008139,-20,47
13298,1056,20250623,900,1,LTX-0013298,BKG-008153,54,54
13299,3429,20250609,900,1,LTX-0013299,BKG-010654,36,36
13300,3429,20250625,900,1,LTX-0013300,BKG-008158,70,106
13301,3430,20251127,900,1,LTX-0013301,BKG-008757,60,166
13302,971,20250525,900,1,LTX-0013302,BKG-008612,49,49
13303,971,20250829,900,1,LTX-0013303,BKG-010157,16,65
13304,971,20251117,900,1,LTX-0013304,BKG-008165,10,75
13305,1568,20250520,900,1,LTX-0013305,BKG-008180,31,31
13306,1568,20251031,900,1,LTX-0013306,BKG-010325,36,67
13307,1951,20250613,900,1,LTX-0013307,BKG-008185,73,73
13308,1662,20250605,900,1,LTX-0013308,BKG-008194,44,44
13309,1662,20250605,1800,2,LTX-0013309,BKG-008194,-20,24
13310,1523,20241230,900,1,LTX-0013310,BKG-011258,23,23
13311,1523,20250602,900,1,LTX-0013311,BKG-010382,59,82
13312,1523,20250602,1800,2,LTX-0013312,BKG-010382,-10,72
13313,1523,20250607,900,1,LTX-0013313,BKG-012378,61,133
13314,1523,20250610,900,1,LTX-0013314,BKG-010264,52,185
13315,1523,20250610,1800,2,LTX-0013315,BKG-010264,-10,175
13316,1523,20250704,900,1,LTX-0013316,BKG-008217,75,250
13317,1523,20250830,900,1,LTX-0013317,BKG-011201,44,294
13318,1523,20251026,900,1,LTX-0013318,BKG-012493,28,322
13319,1475,20250423,900,1,LTX-0013319,BKG-008987,37,37
13320,1475,20250817,900,1,LTX-0013320,BKG-008223,18,55
13321,1475,20250818,900,1,LTX-0013321,BKG-009736,10,65
13322,3367,20250528,900,1,LTX-0013322,BKG-008224,43,43
13323,3793,20250624,900,1,LTX-0013323,BKG-008226,41,41
13324,3793,20251102,900,1,LTX-0013324,BKG-011179,62,103
13325,727,20250606,900,1,LTX-0013325,BKG-008251,45,45
13326,727,20250606,1800,2,LTX-0013326,BKG-008251,-30,15
13327,728,20251113,900,1,LTX-0013327,BKG-011030,38,53
13328,1161,20250104,900,1,LTX-0013328,BKG-010792,31,31
13329,1161,20250415,900,1,LTX-0013329,BKG-010389,59,90
13330,1161,20250613,900,1,LTX-0013330,BKG-010416,50,140
13331,1161,20250809,900,1,LTX-0013331,BKG-009018,44,184
13332,1161,20250810,900,1,LTX-0013332,BKG-008260,56,240
13333,2622,20250110,900,1,LTX-0013333,BKG-011435,48,48
13334,2622,20250527,900,1,LTX-0013334,BKG-008277,74,122
13335,2622,20250616,900,1,LTX-0013335,BKG-008266,48,170
13336,2886,20250112,900,1,LTX-0013336,BKG-010368,63,63
13337,2886,20250112,1800,2,LTX-0013337,BKG-010368,-20,43
13338,2886,20250415,900,1,LTX-0013338,BKG-009761,21,64
13339,2886,20250519,900,1,LTX-0013339,BKG-008270,12,76
13340,4524,20250306,900,1,LTX-0013340,BKG-009554,40,40
13341,4524,20250306,1800,2,LTX-0013341,BKG-009554,-30,10
13342,4524,20250727,900,1,LTX-0013342,BKG-008272,52,62
13343,4672,20250622,900,1,LTX-0013343,BKG-009951,58,58
13344,4672,20250816,900,1,LTX-0013344,BKG-008287,6,64
13345,4560,20250917,900,1,LTX-0013345,BKG-008296,46,46
13346,4361,20250526,900,1,LTX-0013346,BKG-008307,48,48
13347,3998,20250321,900,1,LTX-0013347,BKG-011723,59,59
13348,3998,20250629,900,1,LTX-0013348,BKG-008309,30,89
13349,3998,20250630,900,1,LTX-0013349,BKG-010258,47,136
13350,3998,20250630,1800,2,LTX-0013350,BKG-010258,-10,126
13351,3998,20251124,900,1,LTX-0013351,BKG-011174,72,198
13352,730,20250628,900,1,LTX-0013352,BKG-008318,38,38
13353,3672,20250317,900,1,LTX-0013353,BKG-010208,40,40
13354,3672,20250701,900,1,LTX-0013354,BKG-008323,102,142
13355,3521,20251017,900,1,LTX-0013355,BKG-008333,40,40
13356,855,20250704,900,1,LTX-0013356,BKG-008340,61,61
13357,2975,20250116,900,1,LTX-0013357,BKG-010702,72,72
13358,2975,20250320,900,1,LTX-0013358,BKG-011532,40,112
13359,2975,20250409,900,1,LTX-0013359,BKG-010865,23,135
13360,2975,20250612,900,1,LTX-0013360,BKG-008341,52,187
13361,3756,20250611,900,1,LTX-0013361,BKG-008354,10,10
13362,3756,20250616,900,1,LTX-0013362,BKG-010540,21,31
13363,694,20250131,900,1,LTX-0013363,BKG-008364,55,55
13364,4156,20250417,900,1,LTX-0013364,BKG-011521,37,37
13365,4156,20250610,900,1,LTX-0013365,BKG-010771,33,70
13366,4156,20250621,900,1,LTX-0013366,BKG-008376,15,85
13367,4156,20250629,900,1,LTX-0013367,BKG-008840,18,103
13368,4483,20250226,900,1,LTX-0013368,BKG-008389,89,89
13369,4483,20251121,900,1,LTX-0013369,BKG-009828,49,138
13370,4483,20251203,900,1,LTX-0013370,BKG-012168,57,195
13371,2237,20251207,900,1,LTX-0013371,BKG-008409,69,69
13372,1567,20250603,900,1,LTX-0013372,BKG-009804,82,82
13373,1567,20250603,1800,2,LTX-0013373,BKG-009804,-20,62
13374,1567,20250701,900,1,LTX-0013374,BKG-008411,37,99
13375,1567,20250701,1800,2,LTX-0013375,BKG-008411,-30,69
13376,1567,20250917,900,1,LTX-0013376,BKG-010405,39,108
13377,1567,20250917,1800,2,LTX-0013377,BKG-010405,-10,98
13378,1567,20250927,900,1,LTX-0013378,BKG-009862,50,148
13379,1567,20251123,900,1,LTX-0013379,BKG-012172,53,201
13380,917,20250613,900,1,LTX-0013380,BKG-008412,74,74
13381,1916,20250315,900,1,LTX-0013381,BKG-009274,50,50
13382,1916,20251123,900,1,LTX-0013382,BKG-008419,53,103
13383,2090,20250605,900,1,LTX-0013383,BKG-008801,30,30
13384,2090,20250920,900,1,LTX-0013384,BKG-008421,51,81
13385,2262,20250104,900,1,LTX-0013385,BKG-008422,35,35
13386,2262,20250711,900,1,LTX-0013386,BKG-009217,15,50
13387,3071,20250422,900,1,LTX-0013387,BKG-008427,44,44
13388,1476,20251117,900,1,LTX-0013388,BKG-008434,29,29
13389,4680,20250118,900,1,LTX-0013389,BKG-009221,42,42
13390,4681,20250620,900,1,LTX-0013390,BKG-008447,58,100
13391,4681,20250802,900,1,LTX-0013391,BKG-009104,61,161
13392,4016,20250717,900,1,LTX-0013392,BKG-008452,57,57
13393,4016,20250717,1800,2,LTX-0013393,BKG-008452,-30,27
13394,2901,20241230,900,1,LTX-0013394,BKG-008453,66,66
13395,2901,20250228,900,1,LTX-0013395,BKG-009789,70,136
13396,2901,20250510,900,1,LTX-0013396,BKG-012467,70,206
13397,1114,20250419,900,1,LTX-0013397,BKG-008454,22,22
13398,1114,20250628,900,1,LTX-0013398,BKG-012491,76,98
13399,3852,20250214,900,1,LTX-0013399,BKG-010298,45,45
13400,3852,20250614,900,1,LTX-0013400,BKG-008459,22,67
13401,3828,20251124,900,1,LTX-0013401,BKG-008477,31,31
13402,584,20251026,900,1,LTX-0013402,BKG-012132,17,17
13403,584,20251124,900,1,LTX-0013403,BKG-008482,25,42
13404,4238,20250617,900,1,LTX-0013404,BKG-008724,73,73
13405,4238,20250816,900,1,LTX-0013405,BKG-012420,38,111
13406,4238,20250816,1800,2,LTX-0013406,BKG-012420,-10,101
13407,4238,20251101,900,1,LTX-0013407,BKG-008485,21,122
13408,2458,20250526,900,1,LTX-0013408,BKG-008489,22,22
13409,2459,20251114,900,1,LTX-0013409,BKG-012240,40,62
13410,2077,20250422,900,1,LTX-0013410,BKG-008491,43,43
13411,2078,20251209,900,1,LTX-0013411,BKG-011032,74,117
13412,4530,20250610,900,1,LTX-0013412,BKG-008493,7,7
13413,4452,20250623,900,1,LTX-0013413,BKG-008500,35,35
13414,1435,20250406,900,1,LTX-0013414,BKG-008503,66,66
13415,1435,20250406,1800,2,LTX-0013415,BKG-008503,-20,46
13416,1435,20251130,900,1,LTX-0013416,BKG-011213,50,96
13417,1449,20251114,900,1,LTX-0013417,BKG-011946,110,110
13418,1449,20251123,900,1,LTX-0013418,BKG-008510,46,156
13419,2541,20250508,900,1,LTX-0013419,BKG-008511,78,78
13420,532,20250606,900,1,LTX-0013420,BKG-011651,44,44
13421,532,20250606,1800,2,LTX-0013421,BKG-011651,-20,24
13422,532,20250905,900,1,LTX-0013422,BKG-008516,49,73
13423,3034,20251105,900,1,LTX-0013423,BKG-008521,8,8
13424,4480,20250208,900,1,LTX-0013424,BKG-008522,48,48
13425,4480,20250214,900,1,LTX-0013425,BKG-008858,85,133
13426,4480,20250321,900,1,LTX-0013426,BKG-012061,34,167
13427,4480,20250603,900,1,LTX-0013427,BKG-011094,51,218
13428,4480,20250804,900,1,LTX-0013428,BKG-011119,17,235
13429,4359,20250611,900,1,LTX-0013429,BKG-008530,21,21
13430,4359,20250707,900,1,LTX-0013430,BKG-008560,18,39
13431,2120,20250204,900,1,LTX-0013431,BKG-011413,102,102
13432,2121,20250518,900,1,LTX-0013432,BKG-009784,28,130
13433,2121,20250627,900,1,LTX-0013433,BKG-008534,40,170
13434,1626,20250328,900,1,LTX-0013434,BKG-010861,90,90
13435,1626,20251112,900,1,LTX-0013435,BKG-008538,46,136
13436,1517,20241212,900,1,LTX-0013436,BKG-008558,28,28
13437,4446,20250212,900,1,LTX-0013437,BKG-011809,70,70
13438,4446,20250212,1800,2,LTX-0013438,BKG-011809,-20,50
13439,4446,20251111,900,1,LTX-0013439,BKG-008571,63,113
13440,4446,20251203,900,1,LTX-0013440,BKG-011251,39,152
13441,4392,20250411,900,1,LTX-0013441,BKG-008584,45,45
13442,54,20250707,900,1,LTX-0013442,BKG-008927,9,9
13443,54,20250901,900,1,LTX-0013443,BKG-008585,33,42
13444,3118,20250207,900,1,LTX-0013444,BKG-012005,14,14
13445,3118,20250803,900,1,LTX-0013445,BKG-008589,10,24
13446,318,20250615,900,1,LTX-0013446,BKG-009588,70,70
13447,318,20250707,900,1,LTX-0013447,BKG-008599,39,109
13448,318,20251007,900,1,LTX-0013448,BKG-011968,27,136
13449,1744,20250523,900,1,LTX-0013449,BKG-008601,44,44
13450,1744,20250523,1800,2,LTX-0013450,BKG-008601,-30,14
13451,3874,20250215,900,1,LTX-0013451,BKG-008913,36,36
13452,3874,20250301,900,1,LTX-0013452,BKG-008608,44,80
13453,4603,20250620,900,1,LTX-0013453,BKG-008614,32,32
13454,1750,20250610,900,1,LTX-0013454,BKG-009601,17,17
13455,1751,20250703,900,1,LTX-0013455,BKG-008617,27,44
13456,4258,20250203,900,1,LTX-0013456,BKG-009189,57,57
13457,4258,20250510,900,1,LTX-0013457,BKG-008634,54,111
13458,4258,20250707,900,1,LTX-0013458,BKG-010096,32,143
13459,1573,20250104,900,1,LTX-0013459,BKG-012126,42,42
13460,1573,20250319,900,1,LTX-0013460,BKG-008638,49,91
13461,483,20251022,900,1,LTX-0013461,BKG-008647,45,45
13462,4468,20250319,900,1,LTX-0013462,BKG-012038,47,47
13463,4468,20251129,900,1,LTX-0013463,BKG-008670,25,72
13464,182,20250104,900,1,LTX-0013464,BKG-008674,8,8
13465,1043,20250531,900,1,LTX-0013465,BKG-008680,13,13
13466,4887,20251121,900,1,LTX-0013466,BKG-008685,51,51
13467,1456,20250521,900,1,LTX-0013467,BKG-009978,21,21
13468,1456,20251213,900,1,LTX-0013468,BKG-008690,52,73
13469,4140,20250514,900,1,LTX-0013469,BKG-008702,32,32
13470,4141,20251122,900,1,LTX-0013470,BKG-011617,28,60
13471,4419,20250117,900,1,LTX-0013471,BKG-008708,30,30
13472,3522,20241231,900,1,LTX-0013472,BKG-010981,21,21
13473,3522,20250819,900,1,LTX-0013473,BKG-010664,9,30
13474,3523,20251114,900,1,LTX-0013474,BKG-008710,46,76
13475,2789,20250528,900,1,LTX-0013475,BKG-008728,25,25
13476,3191,20250123,900,1,LTX-0013476,BKG-008729,56,56
13477,685,20250414,900,1,LTX-0013477,BKG-008733,60,60
13478,685,20250529,900,1,LTX-0013478,BKG-010856,77,137
13479,685,20251011,900,1,LTX-0013479,BKG-011670,26,163
13480,685,20251011,1800,2,LTX-0013480,BKG-011670,-20,143
13481,2927,20250102,900,1,LTX-0013481,BKG-008739,48,48
13482,2927,20250909,900,1,LTX-0013482,BKG-010738,34,82
13483,2927,20250909,1800,2,LTX-0013483,BKG-010738,-30,52
13484,2927,20250919,900,1,LTX-0013484,BKG-010024,25,77
13485,190,20250407,900,1,LTX-0013485,BKG-008745,6,6
13486,190,20250620,900,1,LTX-0013486,BKG-012392,54,60
13487,3721,20250610,900,1,LTX-0013487,BKG-008748,72,72
13488,4168,20250919,900,1,LTX-0013488,BKG-008752,32,32
13489,2869,20250514,900,1,LTX-0013489,BKG-012326,59,59
13490,2869,20250603,900,1,LTX-0013490,BKG-008755,33,92
13491,2869,20250728,900,1,LTX-0013491,BKG-012155,6,98
13492,2869,20250827,900,1,LTX-0013492,BKG-011282,28,126
13493,2855,20250414,900,1,LTX-0013493,BKG-008765,11,11
13494,2925,20250609,900,1,LTX-0013494,BKG-008769,81,81
13495,2925,20250623,900,1,LTX-0013495,BKG-011918,8,89
13496,2925,20250623,1800,2,LTX-0013496,BKG-011918,-30,59
13497,2925,20250624,900,1,LTX-0013497,BKG-009211,38,97
13498,2925,20250624,900,1,LTX-0013498,BKG-011980,25,122
13499,1938,20250625,900,1,LTX-0013499,BKG-008778,63,63
13500,347,20241223,900,1,LTX-0013500,BKG-008780,36,36
13501,347,20251103,900,1,LTX-0013501,BKG-011933,45,81
13502,1654,20250117,900,1,LTX-0013502,BKG-011012,47,47
13503,1654,20250117,1800,2,LTX-0013503,BKG-011012,-10,37
13504,1654,20250429,900,1,LTX-0013504,BKG-008783,26,63
13505,1654,20250815,900,1,LTX-0013505,BKG-010269,62,125
13506,1654,20250815,1800,2,LTX-0013506,BKG-010269,-30,95
13507,1654,20251009,900,1,LTX-0013507,BKG-009993,68,163
13508,1654,20251202,900,1,LTX-0013508,BKG-010048,15,178
13509,1654,20251202,1800,2,LTX-0013509,BKG-010048,-10,168
13510,1704,20250619,900,1,LTX-0013510,BKG-008793,54,54
13511,1704,20251216,900,1,LTX-0013511,BKG-009689,26,80
13512,2755,20250514,900,1,LTX-0013512,BKG-010760,27,27
13513,2755,20250608,900,1,LTX-0013513,BKG-008794,8,35
13514,2755,20251002,900,1,LTX-0013514,BKG-009556,44,79
13515,3478,20250128,900,1,LTX-0013515,BKG-008813,46,46
13516,3478,20251023,900,1,LTX-0013516,BKG-008923,54,100
13517,1124,20250604,900,1,LTX-0013517,BKG-008821,20,20
13518,1124,20250604,1800,2,LTX-0013518,BKG-008821,-20,0
13519,1124,20251129,900,1,LTX-0013519,BKG-009011,9,9
13520,2769,20250909,900,1,LTX-0013520,BKG-008827,56,56
13521,2847,20250829,900,1,LTX-0013521,BKG-008832,32,32
13522,4116,20250424,900,1,LTX-0013522,BKG-008833,42,42
13523,2221,20250211,900,1,LTX-0013523,BKG-008841,52,52
13524,2221,20250612,900,1,LTX-0013524,BKG-011697,57,109
13525,2023,20250311,900,1,LTX-0013525,BKG-009493,51,51
13526,2023,20250311,1800,2,LTX-0013526,BKG-009493,-20,31
13527,2023,20250603,900,1,LTX-0013527,BKG-008855,74,105
13528,2023,20250724,900,1,LTX-0013528,BKG-011527,87,192
13529,1354,20250704,900,1,LTX-0013529,BKG-010987,67,67
13530,1354,20250903,900,1,LTX-0013530,BKG-009450,40,107
13531,1354,20251031,900,1,LTX-0013531,BKG-008869,65,172
13532,3635,20250726,900,1,LTX-0013532,BKG-008886,61,61
13533,3635,20250731,900,1,LTX-0013533,BKG-011284,11,72
13534,3304,20250529,900,1,LTX-0013534,BKG-009790,37,37
13535,3304,20250702,900,1,LTX-0013535,BKG-008889,28,65
13536,3304,20251108,900,1,LTX-0013536,BKG-010555,30,95
13537,1167,20250102,900,1,LTX-0013537,BKG-012186,10,10
13538,1167,20250118,900,1,LTX-0013538,BKG-010398,50,60
13539,1167,20250704,900,1,LTX-0013539,BKG-008922,44,104
13540,1851,20250523,900,1,LTX-0013540,BKG-008945,72,72
13541,1851,20251116,900,1,LTX-0013541,BKG-009819,46,118
13542,4635,20250521,900,1,LTX-0013542,BKG-009616,71,71
13543,4635,20250622,900,1,LTX-0013543,BKG-008949,72,143
13544,4635,20250831,900,1,LTX-0013544,BKG-010916,44,187
13545,4635,20251109,900,1,LTX-0013545,BKG-011010,12,199
13546,567,20250826,900,1,LTX-0013546,BKG-008953,45,45
13547,567,20250904,900,1,LTX-0013547,BKG-010367,38,83
13548,4563,20250120,900,1,LTX-0013548,BKG-008954,40,40
13549,3879,20250701,900,1,LTX-0013549,BKG-010614,31,31
13550,3879,20250723,900,1,LTX-0013550,BKG-008969,34,65
13551,3879,20251017,900,1,LTX-0013551,BKG-009780,50,115
13552,1777,20250612,900,1,LTX-0013552,BKG-008976,10,10
13553,1777,20250612,1800,2,LTX-0013553,BKG-008976,-10,0
13554,1194,20251123,900,1,LTX-0013554,BKG-008988,40,40
13555,2250,20251130,900,1,LTX-0013555,BKG-008992,77,77
13556,4448,20250314,900,1,LTX-0013556,BKG-011659,37,37
13557,4448,20250618,900,1,LTX-0013557,BKG-008994,29,66
13558,1162,20250815,900,1,LTX-0013558,BKG-009004,6,6
13559,1162,20251212,900,1,LTX-0013559,BKG-010907,76,82
13560,1409,20250523,900,1,LTX-0013560,BKG-011442,47,47
13561,1409,20250527,900,1,LTX-0013561,BKG-009019,42,89
13562,1328,20250310,900,1,LTX-0013562,BKG-009022,81,81
13563,2029,20250629,900,1,LTX-0013563,BKG-011699,30,30
13564,2029,20251121,900,1,LTX-0013564,BKG-010609,64,94
13565,2029,20251203,900,1,LTX-0013565,BKG-009028,45,139
13566,3026,20250331,900,1,LTX-0013566,BKG-009035,46,46
13567,1481,20250514,900,1,LTX-0013567,BKG-009036,21,21
13568,1481,20250705,900,1,LTX-0013568,BKG-012117,66,87
13569,3535,20250205,900,1,LTX-0013569,BKG-009047,14,14
13570,3535,20250205,900,1,LTX-0013570,BKG-009858,41,55
13571,3535,20250629,900,1,LTX-0013571,BKG-012252,22,77
13572,3535,20250629,1800,2,LTX-0013572,BKG-012252,-10,67
13573,1737,20250701,900,1,LTX-0013573,BKG-010438,48,48
13574,1737,20251204,900,1,LTX-0013574,BKG-009078,43,91
13575,56,20250702,900,1,LTX-0013575,BKG-011058,64,64
13576,56,20250910,900,1,LTX-0013576,BKG-009080,19,83
13577,56,20250910,1800,2,LTX-0013577,BKG-009080,-20,63
13578,885,20250620,900,1,LTX-0013578,BKG-009090,51,51
13579,3257,20250319,900,1,LTX-0013579,BKG-011142,57,57
13580,3257,20250530,900,1,LTX-0013580,BKG-011808,45,102
13581,3257,20250530,1800,2,LTX-0013581,BKG-011808,-10,92
13582,3257,20250612,900,1,LTX-0013582,BKG-009095,35,127
13583,2549,20250201,900,1,LTX-0013583,BKG-011678,52,52
13584,2549,20250707,900,1,LTX-0013584,BKG-009096,51,103
13585,383,20250615,900,1,LTX-0013585,BKG-009123,86,86
13586,2991,20250602,900,1,LTX-0013586,BKG-011134,43,43
13587,2991,20250615,900,1,LTX-0013587,BKG-012439,32,75
13588,2991,20250630,900,1,LTX-0013588,BKG-009133,63,138
13589,2992,20250929,900,1,LTX-0013589,BKG-010262,73,211
13590,3164,20241227,900,1,LTX-0013590,BKG-009135,14,14
13591,453,20250425,900,1,LTX-0013591,BKG-009139,45,45
13592,453,20250425,1800,2,LTX-0013592,BKG-009139,-20,25
13593,453,20250828,900,1,LTX-0013593,BKG-009358,10,35
13594,1295,20250205,900,1,LTX-0013594,BKG-009528,33,33
13595,1295,20250205,1800,2,LTX-0013595,BKG-009528,-10,23
13596,1295,20250521,900,1,LTX-0013596,BKG-009144,69,92
13597,1295,20250611,900,1,LTX-0013597,BKG-012409,58,150
13598,2502,20250306,900,1,LTX-0013598,BKG-009154,40,40
13599,3493,20250111,900,1,LTX-0013599,BKG-009163,96,96
13600,3493,20250720,900,1,LTX-0013600,BKG-012487,56,152
13601,3493,20250720,1800,2,LTX-0013601,BKG-012487,-30,122
13602,3845,20250516,900,1,LTX-0013602,BKG-010172,78,78
13603,3845,20250602,900,1,LTX-0013603,BKG-009165,74,152
13604,3871,20250920,900,1,LTX-0013604,BKG-009183,9,9
13605,3583,20250602,900,1,LTX-0013605,BKG-009208,29,29
13606,2531,20250812,900,1,LTX-0013606,BKG-009246,31,31
13607,4660,20250312,900,1,LTX-0013607,BKG-009249,31,31
13608,4782,20250718,900,1,LTX-0013608,BKG-009281,58,58
13609,4783,20251010,900,1,LTX-0013609,BKG-010185,57,115
13610,1908,20250616,900,1,LTX-0013610,BKG-012313,20,20
13611,1908,20250808,900,1,LTX-0013611,BKG-009296,38,58
13612,2372,20250210,900,1,LTX-0013612,BKG-011668,42,42
13613,2373,20250830,900,1,LTX-0013613,BKG-009300,34,76
13614,1126,20251031,900,1,LTX-0013614,BKG-009330,32,32
13615,1126,20251130,900,1,LTX-0013615,BKG-011057,54,86
13616,863,20251026,900,1,LTX-0013616,BKG-009331,62,62
13617,2989,20251202,900,1,LTX-0013617,BKG-009345,81,81
13618,2850,20250622,900,1,LTX-0013618,BKG-010999,48,48
13619,2850,20251212,900,1,LTX-0013619,BKG-009351,67,115
13620,3349,20241222,900,1,LTX-0013620,BKG-009364,28,28
13621,3349,20251128,900,1,LTX-0013621,BKG-010427,47,75
13622,2690,20250425,900,1,LTX-0013622,BKG-009368,76,76
13623,843,20250110,900,1,LTX-0013623,BKG-010136,47,47
13624,843,20250316,900,1,LTX-0013624,BKG-009372,58,105
13625,660,20250216,900,1,LTX-0013625,BKG-010013,30,30
13626,660,20250216,1800,2,LTX-0013626,BKG-010013,-20,10
13627,660,20250412,900,1,LTX-0013627,BKG-009376,54,64
13628,2371,20250730,900,1,LTX-0013628,BKG-012098,27,27
13629,2371,20251105,900,1,LTX-0013629,BKG-009386,58,85
13630,4675,20251126,900,1,LTX-0013630,BKG-009394,59,59
13631,2310,20250405,900,1,LTX-0013631,BKG-009397,50,50
13632,2310,20250731,900,1,LTX-0013632,BKG-010125,60,110
13633,2021,20250309,900,1,LTX-0013633,BKG-009872,70,70
13634,2021,20250705,900,1,LTX-0013634,BKG-009398,32,102
13635,4000,20251118,900,1,LTX-0013635,BKG-009400,51,51
13636,4000,20251211,900,1,LTX-0013636,BKG-010733,39,90
13637,2615,20250512,900,1,LTX-0013637,BKG-011090,34,34
13638,2615,20250620,900,1,LTX-0013638,BKG-009421,115,149
13639,1976,20250622,900,1,LTX-0013639,BKG-010757,37,37
13640,1976,20250622,1800,2,LTX-0013640,BKG-010757,-10,27
13641,1976,20250731,900,1,LTX-0013641,BKG-009424,16,43
13642,1976,20250731,1800,2,LTX-0013642,BKG-009424,-20,23
13643,4934,20250428,900,1,LTX-0013643,BKG-012157,49,49
13644,4934,20250517,900,1,LTX-0013644,BKG-009426,35,84
13645,4934,20251207,900,1,LTX-0013645,BKG-009869,74,158
13646,571,20250526,900,1,LTX-0013646,BKG-009445,44,44
13647,571,20250716,900,1,LTX-0013647,BKG-009954,33,77
13648,3514,20250711,900,1,LTX-0013648,BKG-009446,60,60
13649,3868,20241220,900,1,LTX-0013649,BKG-009904,88,88
13650,3868,20241231,900,1,LTX-0013650,BKG-009466,42,130
13651,1368,20250625,900,1,LTX-0013651,BKG-010814,22,22
13652,1368,20250629,900,1,LTX-0013652,BKG-009469,95,117
13653,4912,20250601,900,1,LTX-0013653,BKG-009474,36,36
13654,4080,20250622,900,1,LTX-0013654,BKG-009482,18,18
13655,2247,20250719,900,1,LTX-0013655,BKG-009496,48,48
13656,2749,20250517,900,1,LTX-0013656,BKG-009510,24,24
13657,3751,20250117,900,1,LTX-0013657,BKG-009513,39,39
13658,4667,20250426,900,1,LTX-0013658,BKG-009521,45,45
13659,1688,20250309,900,1,LTX-0013659,BKG-009522,39,39
13660,1688,20251118,900,1,LTX-0013660,BKG-011556,100,139
13661,2720,20250408,900,1,LTX-0013661,BKG-009533,25,25
13662,2515,20250509,900,1,LTX-0013662,BKG-011309,100,100
13663,2515,20250616,900,1,LTX-0013663,BKG-009542,33,133
13664,2515,20250713,900,1,LTX-0013664,BKG-011859,36,169
13665,2515,20250713,1800,2,LTX-0013665,BKG-011859,-10,159
13666,1490,20250615,900,1,LTX-0013666,BKG-011917,84,84
13667,1490,20250615,1800,2,LTX-0013667,BKG-011917,-10,74
13668,1490,20251129,900,1,LTX-0013668,BKG-009550,27,101
13669,3345,20250609,900,1,LTX-0013669,BKG-009580,62,62
13670,3372,20250624,900,1,LTX-0013670,BKG-009594,21,21
13671,4225,20251201,900,1,LTX-0013671,BKG-009600,60,60
13672,3766,20250226,900,1,LTX-0013672,BKG-012488,47,47
13673,3766,20250609,900,1,LTX-0013673,BKG-009628,47,94
13674,3766,20250609,1800,2,LTX-0013674,BKG-009628,-20,74
13675,3766,20250610,900,1,LTX-0013675,BKG-010358,53,127
13676,3766,20250610,1800,2,LTX-0013676,BKG-010358,-10,117
13677,3766,20250915,900,1,LTX-0013677,BKG-011487,40,157
13678,4021,20250616,900,1,LTX-0013678,BKG-009679,85,85
13679,4021,20250830,900,1,LTX-0013679,BKG-012026,10,95
13680,561,20250106,900,1,LTX-0013680,BKG-009690,30,30
13681,561,20250106,1800,2,LTX-0013681,BKG-009690,-20,10
13682,1995,20250520,900,1,LTX-0013682,BKG-009703,35,35
13683,1175,20251122,900,1,LTX-0013683,BKG-009706,30,30
13684,1175,20251122,1800,2,LTX-0013684,BKG-009706,-10,20
13685,3599,20250215,900,1,LTX-0013685,BKG-010401,50,50
13686,3599,20251207,900,1,LTX-0013686,BKG-009713,21,71
13687,2339,20250207,900,1,LTX-0013687,BKG-009715,40,40
13688,857,20250122,900,1,LTX-0013688,BKG-009717,42,42
13689,4342,20251004,900,1,LTX-0013689,BKG-009728,16,16
13690,4342,20251004,1800,2,LTX-0013690,BKG-009728,-10,6
13691,646,20250612,900,1,LTX-0013691,BKG-009737,32,32
13692,44,20251204,900,1,LTX-0013692,BKG-009750,7,7
13693,3100,20250726,900,1,LTX-0013693,BKG-009756,22,22
13694,3100,20250808,900,1,LTX-0013694,BKG-011523,49,71
13695,3101,20251206,900,1,LTX-0013695,BKG-011319,61,132
13696,2894,20251202,900,1,LTX-0013696,BKG-009762,49,49
13697,1089,20250603,900,1,LTX-0013697,BKG-009764,11,11
13698,1089,20250724,900,1,LTX-0013698,BKG-011294,30,41
13699,1089,20250724,1800,2,LTX-0013699,BKG-011294,-10,31
13700,2721,20250319,900,1,LTX-0013700,BKG-010137,25,25
13701,2721,20250620,900,1,LTX-0013701,BKG-010640,43,68
13702,2721,20251123,900,1,LTX-0013702,BKG-009768,12,80
13703,2721,20251123,900,1,LTX-0013703,BKG-009842,16,96
13704,2721,20251123,1800,2,LTX-0013704,BKG-009842,-20,76
13705,3643,20250622,900,1,LTX-0013705,BKG-009813,58,58
13706,3643,20251204,900,1,LTX-0013706,BKG-010199,30,88
13707,3601,20250816,900,1,LTX-0013707,BKG-009822,78,78
13708,4438,20251220,900,1,LTX-0013708,BKG-009894,33,33
13709,3980,20250519,900,1,LTX-0013709,BKG-009900,46,46
13710,3980,20250626,900,1,LTX-0013710,BKG-009986,95,141
13711,918,20250106,900,1,LTX-0013711,BKG-009915,49,49
13712,918,20250203,900,1,LTX-0013712,BKG-011765,42,91
13713,918,20251127,900,1,LTX-0013713,BKG-011327,37,128
13714,1380,20250609,900,1,LTX-0013714,BKG-010714,46,46
13715,1380,20250610,900,1,LTX-0013715,BKG-009927,37,83
13716,1325,20250614,900,1,LTX-0013716,BKG-009929,41,41
13717,4520,20250924,900,1,LTX-0013717,BKG-009950,67,67
13718,2134,20241214,900,1,LTX-0013718,BKG-009955,24,24
13719,3776,20250809,900,1,LTX-0013719,BKG-009956,35,35
13720,2814,20241225,900,1,LTX-0013720,BKG-012249,7,7
13721,2815,20250723,900,1,LTX-0013721,BKG-009960,7,14
13722,3403,20250316,900,1,LTX-0013722,BKG-012146,38,38
13723,3403,20250611,900,1,LTX-0013723,BKG-009963,10,48
13724,102,20250515,900,1,LTX-0013724,BKG-009983,27,27
13725,2495,20250509,900,1,LTX-0013725,BKG-012345,59,59
13726,2495,20250528,900,1,LTX-0013726,BKG-011637,37,96
13727,2495,20251128,900,1,LTX-0013727,BKG-009985,41,137
13728,6,20250824,900,1,LTX-0013728,BKG-009992,34,34
13729,4169,20250530,900,1,LTX-0013729,BKG-009995,68,68
13730,4170,20251214,900,1,LTX-0013730,BKG-011710,39,107
13731,3969,20250309,900,1,LTX-0013731,BKG-009996,26,26
13732,3969,20251213,900,1,LTX-0013732,BKG-012219,52,78
13733,2597,20250413,900,1,LTX-0013733,BKG-010008,9,9
13734,2597,20250523,900,1,LTX-0013734,BKG-012335,70,79
13735,2736,20250701,900,1,LTX-0013735,BKG-010014,22,22
13736,33,20250826,900,1,LTX-0013736,BKG-010801,50,50
13737,33,20251203,900,1,LTX-0013737,BKG-010030,84,134
13738,4731,20250619,900,1,LTX-0013738,BKG-010032,55,55
13739,3813,20250820,900,1,LTX-0013739,BKG-010037,44,44
13740,1753,20251031,900,1,LTX-0013740,BKG-010077,64,64
13741,1985,20251017,900,1,LTX-0013741,BKG-010078,18,18
13742,1681,20250212,900,1,LTX-0013742,BKG-010106,58,58
13743,470,20251006,900,1,LTX-0013743,BKG-010139,19,19
13744,1311,20250224,900,1,LTX-0013744,BKG-010144,29,29
13745,1311,20251018,900,1,LTX-0013745,BKG-010246,44,73
13746,4632,20250816,900,1,LTX-0013746,BKG-010145,14,14
13747,2580,20250831,900,1,LTX-0013747,BKG-010184,46,46
13748,3078,20250608,900,1,LTX-0013748,BKG-010187,7,7
13749,3571,20250729,900,1,LTX-0013749,BKG-010222,21,21
13750,2307,20241224,900,1,LTX-0013750,BKG-010230,38,38
13751,4727,20250629,900,1,LTX-0013751,BKG-011634,20,20
13752,4727,20250629,1800,2,LTX-0013752,BKG-011634,-20,0
13753,4727,20250702,900,1,LTX-0013753,BKG-010245,30,30
13754,4727,20250710,900,1,LTX-0013754,BKG-010782,51,81
13755,4132,20250605,900,1,LTX-0013755,BKG-010279,65,65
13756,2857,20250615,900,1,LTX-0013756,BKG-010285,28,28
13757,2857,20250708,900,1,LTX-0013757,BKG-011596,55,83
13758,3801,20250524,900,1,LTX-0013758,BKG-010296,52,52
13759,3448,20251206,900,1,LTX-0013759,BKG-010308,17,17
13760,214,20250220,900,1,LTX-0013760,BKG-010318,29,29
13761,214,20250903,900,1,LTX-0013761,BKG-010660,83,112
13762,3917,20250325,900,1,LTX-0013762,BKG-010336,15,15
13763,3917,20250610,900,1,LTX-0013763,BKG-010437,49,64
13764,1944,20250610,900,1,LTX-0013764,BKG-010340,39,39
13765,1944,20250626,900,1,LTX-0013765,BKG-011025,50,89
13766,1599,20251125,900,1,LTX-0013766,BKG-010341,54,54
13767,2753,20250623,900,1,LTX-0013767,BKG-010344,44,44
13768,2753,20250626,900,1,LTX-0013768,BKG-010945,47,91
13769,2753,20251128,900,1,LTX-0013769,BKG-012284,57,148
13770,1055,20250906,900,1,LTX-0013770,BKG-010357,28,28
13771,3503,20250719,900,1,LTX-0013771,BKG-010381,62,62
13772,3503,20250719,900,1,LTX-0013772,BKG-011693,31,93
13773,621,20251127,900,1,LTX-0013773,BKG-010395,46,46
13774,617,20250611,900,1,LTX-0013774,BKG-011590,87,87
13775,617,20251211,900,1,LTX-0013775,BKG-010411,10,97
13776,1329,20250115,900,1,LTX-0013776,BKG-010421,42,42
13777,1329,20250117,900,1,LTX-0013777,BKG-010464,63,105
13778,2097,20241214,900,1,LTX-0013778,BKG-010451,52,52
13779,2097,20250106,900,1,LTX-0013779,BKG-011356,36,88
13780,2097,20250424,900,1,LTX-0013780,BKG-010593,55,143
13781,4153,20250526,900,1,LTX-0013781,BKG-012236,54,54
13782,4153,20250602,900,1,LTX-0013782,BKG-010479,46,100
13783,4153,20251128,900,1,LTX-0013783,BKG-012084,70,170
13784,2617,20250909,900,1,LTX-0013784,BKG-010519,67,67
13785,1721,20250120,900,1,LTX-0013785,BKG-010539,36,36
13786,4903,20250531,900,1,LTX-0013786,BKG-010541,30,30
13787,3596,20250727,900,1,LTX-0013787,BKG-010586,38,38
13788,3750,20250806,900,1,LTX-0013788,BKG-010602,45,45
13789,2249,20250111,900,1,LTX-0013789,BKG-010615,30,30
13790,4410,20250412,900,1,LTX-0013790,BKG-010620,40,40
13791,4410,20250412,1800,2,LTX-0013791,BKG-010620,-30,10
13792,3558,20250408,900,1,LTX-0013792,BKG-012489,85,85
13793,3558,20250423,900,1,LTX-0013793,BKG-011289,36,121
13794,3558,20250617,900,1,LTX-0013794,BKG-010630,73,194
13795,4430,20251212,900,1,LTX-0013795,BKG-010882,79,79
13796,4430,20251219,900,1,LTX-0013796,BKG-010649,50,129
13797,488,20250304,900,1,LTX-0013797,BKG-010655,71,71
13798,2070,20250103,900,1,LTX-0013798,BKG-010656,34,34
13799,2070,20250330,900,1,LTX-0013799,BKG-011983,27,61
13800,3126,20251211,900,1,LTX-0013800,BKG-010657,15,15
13801,3126,20251220,900,1,LTX-0013801,BKG-011052,121,136
13802,8,20250804,900,1,LTX-0013802,BKG-012427,49,49
13803,8,20251213,900,1,LTX-0013803,BKG-010659,32,81
13804,3278,20241222,900,1,LTX-0013804,BKG-010671,69,69
13805,206,20250711,900,1,LTX-0013805,BKG-010672,73,73
13806,1628,20250504,900,1,LTX-0013806,BKG-010684,61,61
13807,1628,20250612,900,1,LTX-0013807,BKG-012428,36,97
13808,1628,20250813,900,1,LTX-0013808,BKG-011823,34,131
13809,1572,20250508,900,1,LTX-0013809,BKG-010685,27,27
13810,2388,20250630,900,1,LTX-0013810,BKG-012173,67,67
13811,2388,20251113,900,1,LTX-0013811,BKG-010722,13,80
13812,1110,20250723,900,1,LTX-0013812,BKG-010735,69,69
13813,4553,20250720,900,1,LTX-0013813,BKG-010737,38,38
13814,4224,20250404,900,1,LTX-0013814,BKG-011362,12,12
13815,4224,20250404,1800,2,LTX-0013815,BKG-011362,-10,2
13816,4224,20250601,900,1,LTX-0013816,BKG-010759,23,25
13817,4599,20250310,900,1,LTX-0013817,BKG-010766,61,61
13818,2908,20250127,900,1,LTX-0013818,BKG-011225,66,66
13819,2908,20250815,900,1,LTX-0013819,BKG-010788,19,85
13820,4425,20250622,900,1,LTX-0013820,BKG-010798,65,65
13821,831,20251025,900,1,LTX-0013821,BKG-010799,40,40
13822,831,20251122,900,1,LTX-0013822,BKG-011666,37,77
13823,1438,20250521,900,1,LTX-0013823,BKG-011779,45,45
13824,1438,20250714,900,1,LTX-0013824,BKG-010809,50,95
13825,3630,20250626,900,1,LTX-0013825,BKG-010815,48,48
13826,231,20250104,900,1,LTX-0013826,BKG-010816,51,51
13827,231,20250104,1800,2,LTX-0013827,BKG-010816,-20,31
13828,677,20250509,900,1,LTX-0013828,BKG-010818,45,45
13829,4475,20250521,900,1,LTX-0013829,BKG-010834,25,25
13830,1018,20251119,900,1,LTX-0013830,BKG-010857,25,25
13831,4581,20250324,900,1,LTX-0013831,BKG-010862,36,36
13832,4218,20250626,900,1,LTX-0013832,BKG-010866,70,70
13833,4218,20250626,1800,2,LTX-0013833,BKG-010866,-30,40
13834,3139,20251106,900,1,LTX-0013834,BKG-011739,51,51
13835,3139,20251106,1800,2,LTX-0013835,BKG-011739,-20,31
13836,3139,20251215,900,1,LTX-0013836,BKG-010870,90,121
13837,1719,20251028,900,1,LTX-0013837,BKG-010889,38,38
13838,1719,20251028,1800,2,LTX-0013838,BKG-010889,-30,8
13839,273,20250614,900,1,LTX-0013839,BKG-010934,10,10
13840,3178,20250608,900,1,LTX-0013840,BKG-010958,58,58
13841,311,20241230,900,1,LTX-0013841,BKG-011921,50,50
13842,311,20250520,900,1,LTX-0013842,BKG-011147,35,85
13843,311,20250520,1800,2,LTX-0013843,BKG-011147,-30,55
13844,311,20250521,900,1,LTX-0013844,BKG-010960,55,110
13845,311,20250728,900,1,LTX-0013845,BKG-012395,28,138
13846,311,20250728,1800,2,LTX-0013846,BKG-012395,-20,118
13847,4381,20251127,900,1,LTX-0013847,BKG-010967,41,41
13848,2197,20250616,900,1,LTX-0013848,BKG-012437,36,36
13849,2197,20250616,1800,2,LTX-0013849,BKG-012437,-30,6
13850,2197,20250627,900,1,LTX-0013850,BKG-011004,29,35
13851,2197,20250630,900,1,LTX-0013851,BKG-011517,75,110
13852,1058,20250610,900,1,LTX-0013852,BKG-011007,65,65
13853,1058,20250610,1800,2,LTX-0013853,BKG-011007,-20,45
13854,2845,20250611,900,1,LTX-0013854,BKG-011015,12,12
13855,2845,20251108,900,1,LTX-0013855,BKG-011655,39,51
13856,2940,20250104,900,1,LTX-0013856,BKG-011056,20,20
13857,3650,20250513,900,1,LTX-0013857,BKG-011231,32,32
13858,3650,20250712,900,1,LTX-0013858,BKG-011069,82,114
13859,1855,20251031,900,1,LTX-0013859,BKG-011077,32,32
13860,2335,20251024,900,1,LTX-0013860,BKG-011086,16,16
13861,2245,20250717,900,1,LTX-0013861,BKG-011101,39,39
13862,1115,20251123,900,1,LTX-0013862,BKG-011113,38,38
13863,1115,20251123,1800,2,LTX-0013863,BKG-011113,-30,8
13864,4349,20241228,900,1,LTX-0013864,BKG-011133,31,31
13865,4349,20250517,900,1,LTX-0013865,BKG-011187,32,63
13866,4856,20250320,900,1,LTX-0013866,BKG-011864,10,10
13867,4856,20250524,900,1,LTX-0013867,BKG-011138,7,17
13868,120,20250702,900,1,LTX-0013868,BKG-011247,41,41
13869,120,20251006,900,1,LTX-0013869,BKG-011148,34,75
13870,3461,20250301,900,1,LTX-0013870,BKG-011205,8,8
13871,1360,20251202,900,1,LTX-0013871,BKG-011206,34,34
13872,1082,20250716,900,1,LTX-0013872,BKG-011214,42,42
13873,1964,20250425,900,1,LTX-0013873,BKG-011216,77,77
13874,1854,20250705,900,1,LTX-0013874,BKG-011263,49,49
13875,1854,20250706,900,1,LTX-0013875,BKG-011515,68,117
13876,4274,20250531,900,1,LTX-0013876,BKG-011964,41,41
13877,4274,20250820,900,1,LTX-0013877,BKG-011307,80,121
13878,165,20251219,900,1,LTX-0013878,BKG-011330,48,48
13879,406,20251126,900,1,LTX-0013879,BKG-011331,94,94
13880,2569,20250919,900,1,LTX-0013880,BKG-011355,17,17
13881,4408,20250404,900,1,LTX-0013881,BKG-011376,17,17
13882,4408,20250909,900,1,LTX-0013882,BKG-011548,19,36
13883,1660,20251109,900,1,LTX-0013883,BKG-011392,106,106
13884,4248,20250316,900,1,LTX-0013884,BKG-011494,29,29
13885,1770,20250515,900,1,LTX-0013885,BKG-011506,16,16
13886,4471,20250616,900,1,LTX-0013886,BKG-011558,48,48
13887,1232,20250718,900,1,LTX-0013887,BKG-011562,10,10
13888,2246,20250912,900,1,LTX-0013888,BKG-012229,29,29
13889,2246,20251019,900,1,LTX-0013889,BKG-011745,29,58
13890,2246,20251029,900,1,LTX-0013890,BKG-011760,40,98
13891,2246,20251206,900,1,LTX-0013891,BKG-011563,32,130
13892,847,20250109,900,1,LTX-0013892,BKG-011577,42,42
13893,2375,20251218,900,1,LTX-0013893,BKG-011578,27,27
13894,4730,20250601,900,1,LTX-0013894,BKG-011616,24,24
13895,128,20250518,900,1,LTX-0013895,BKG-012011,99,99
13896,128,20250926,900,1,LTX-0013896,BKG-011619,7,106
13897,1972,20250707,900,1,LTX-0013897,BKG-011631,79,79
13898,3921,20250420,900,1,LTX-0013898,BKG-011667,47,47
13899,592,20250528,900,1,LTX-0013899,BKG-011673,32,32
13900,3598,20250706,900,1,LTX-0013900,BKG-011799,75,75
13901,4547,20251208,900,1,LTX-0013901,BKG-011803,96,96
13902,2654,20250609,900,1,LTX-0013902,BKG-011868,28,28
13903,2921,20250208,900,1,LTX-0013903,BKG-011908,45,45
13904,2895,20250213,900,1,LTX-0013904,BKG-011913,29,29
13905,4317,20251129,900,1,LTX-0013905,BKG-011966,47,47
13906,1166,20250823,900,1,LTX-0013906,BKG-011995,27,27
13907,1166,20251202,900,1,LTX-0013907,BKG-012247,25,52
13908,4757,20250115,900,1,LTX-0013908,BKG-012046,52,52
13909,3265,20250715,900,1,LTX-0013909,BKG-012048,66,66
13910,3479,20250509,900,1,LTX-0013910,BKG-012073,54,54
13911,3479,20250723,900,1,LTX-0013911,BKG-012434,117,171
13912,465,20250605,900,1,LTX-0013912,BKG-012091,74,74
13913,2967,20250816,900,1,LTX-0013913,BKG-012214,8,8
13914,1631,20250114,900,1,LTX-0013914,BKG-012257,47,47
13915,841,20250515,900,1,LTX-0013915,BKG-012275,57,57
13916,811,20241228,900,1,LTX-0013916,BKG-012288,70,70
13917,4002,20251130,900,1,LTX-0013917,BKG-012290,46,46
13918,3616,20250629,900,1,LTX-0013918,BKG-012474,59,59
13919,3616,20250629,1800,2,LTX-0013919,BKG-012474,-20,39
13920,3617,20251215,900,1,LTX-0013920,BKG-012298,43,82
13921,1033,20250309,900,1,LTX-0013921,BKG-012321,36,36
13922,4171,20251217,900,1,LTX-0013922,BKG-012323,100,100
13923,1709,20250214,900,1,LTX-0013923,BKG-012330,46,46
13924,882,20250822,900,1,LTX-0013924,BKG-012332,26,26
13925,2913,20250929,900,1,LTX-0013925,BKG-012343,42,42
13926,1015,20251012,900,1,LTX-0013926,BKG-012372,44,44
13927,400,20250323,900,1,LTX-0013927,BKG-012382,16,16
13928,3999,20250730,900,1,LTX-0013928,BKG-012400,41,41
